campaign,case,RANGO,iteration,CTIP_pF,objective_pct
N,nom,1,0,11.80319,0.032446073784190385
N,nom,1,0,11.80519,0.017252537570888286
N,nom,1,0,11.80719,0.028420715010642476
A,c000,1,0,11.82634,0.020114451024576988
A,c000,1,0,11.82834,0.005196443103017675
A,c000,1,0,11.83034,0.017000699824216228
A,c001,1,0,11.81779,0.039492472982416954
A,c001,1,0,11.81979,0.024353429842856864
A,c001,1,0,11.82179,0.036363298438668895
A,c002,1,0,11.81444,0.1183262545008906
A,c002,1,0,11.81644,0.10774570169983762
A,c002,1,0,11.81844,0.122986411658197
A,c003,1,0,11.81546,0.030029870834511946
A,c003,1,0,11.81746,0.019382914277294012
A,c003,1,0,11.81946,0.034605336562838616
A,c004,1,0,11.76631,0.02599548408155113
A,c004,1,0,11.76831,0.0107146529969978
A,c004,1,0,11.77031,0.022758805650299807
A,c005,1,0,11.83024,0.1131540972303785
A,c005,1,0,11.83224,0.10382499850423065
A,c005,1,0,11.83424,0.11889787499626928
A,c006,1,0,11.84286,0.10601505135748135
A,c006,1,0,11.84486,0.09536766307030353
A,c006,1,0,11.84686,0.11056974148250256
A,c007,1,0,11.7428,0.13735466560439433
A,c007,1,0,11.7448,0.12642842895269862
A,c007,1,0,11.7468,0.14158359895843692
A,c008,1,0,11.7792,0.052873546770873144
A,c008,1,0,11.7812,0.042007918145667435
A,c008,1,0,11.7832,0.05728254535004639
A,c009,1,0,11.72235,0.11635434551815924
A,c009,1,0,11.72435,0.10612713442431754
A,c009,1,0,11.72635,0.12148738624344435
A,c010,1,0,11.81949,0.10757716558410611
A,c010,1,0,11.82149,0.09712093665609094
A,c010,1,0,11.82349,0.11235117782759318
A,c011,1,0,11.8153,0.0817078881767154
A,c011,1,0,11.8173,0.07087298196162747
A,c011,1,0,11.8193,0.08603452441770988
A,c012,1,0,11.75554,0.13379789216994528
A,c012,1,0,11.75754,0.12292935592661648
A,c012,1,0,11.75954,0.13816997148268356
A,c013,1,0,11.77204,0.020653121793591616
A,c013,1,0,11.77404,0.0117014715859398
A,c013,1,0,11.77604,0.02579007944783451
A,c014,1,0,11.76154,0.06084267689839065
A,c014,1,0,11.76354,0.04562807016558842
A,c014,1,0,11.76554,0.058145394316597904
A,c015,1,0,11.76419,0.07434555422609866
A,c015,1,0,11.76619,0.06383146410689615
A,c015,1,0,11.76819,0.07912335005779596
A,c016,1,0,11.78597,0.09004408159120192
A,c016,1,0,11.78797,0.07927092144523952
A,c016,1,0,11.78997,0.09443594759176854
A,c017,1,0,11.80606,0.07316513967344283
A,c017,1,0,11.80806,0.06312465345914142
A,c017,1,0,11.81006,0.07832412237098701
A,c018,1,0,11.82759,0.03462896376355946
A,c018,1,0,11.82959,0.019505082311695357
A,c018,1,0,11.83159,0.030825429494460644
A,c019,1,0,11.82927,0.017929920561497288
A,c019,1,0,11.83127,0.006663987384111209
A,c019,1,0,11.83327,0.02186528730003589
A,c020,1,0,11.75736,0.10315891430853945
A,c020,1,0,11.75936,0.09227398835878776
A,c020,1,0,11.76136,0.10754321399253736
A,c021,1,0,11.73802,0.030658746573543127
A,c021,1,0,11.74002,0.015462088605647809
A,c021,1,0,11.74202,0.029170441246057655
A,c022,1,0,11.85145,0.08044912221789689
A,c022,1,0,11.85345,0.06540252791231024
A,c022,1,0,11.85545,0.0777882011940451
A,c023,1,0,11.77198,0.017893733450477265
A,c023,1,0,11.77398,0.0026188350287674415
A,c023,1,0,11.77598,0.01478710438021624
A,c024,1,0,11.78149,0.052771476659475756
A,c024,1,0,11.78349,0.04283344590243741
A,c024,1,0,11.78549,0.05810476752046882
A,c025,1,0,11.84192,0.0608054983460573
A,c025,1,0,11.84392,0.04570162417036011
A,c025,1,0,11.84592,0.056797520695622716
A,c026,1,0,11.79827,0.0671639046599899
A,c026,1,0,11.80027,0.056468624275752034
A,c026,1,0,11.80227,0.07170250663707041
A,c027,1,0,11.78049,0.08174300541085901
A,c027,1,0,11.78249,0.06650079542511136
A,c027,1,0,11.78449,0.07807490485227185
A,c028,1,0,11.79128,0.05917544028820226
A,c028,1,0,11.79328,0.04413777365988968
A,c028,1,0,11.79528,0.056543533485764214
A,c029,1,0,11.7458,0.10018445354182262
A,c029,1,0,11.7478,0.08921709121842354
A,c029,1,0,11.7498,0.1045110413061039
A,c030,1,0,11.77929,0.09880538864518672
A,c030,1,0,11.78129,0.08794472691942458
A,c030,1,0,11.78329,0.10308495494112359
A,c031,1,0,11.75431,0.10907251488975153
A,c031,1,0,11.75631,0.09813686601138925
A,c031,1,0,11.75831,0.11330724144090484
A,c032,1,0,11.79432,0.018227344917555392
A,c032,1,0,11.79632,0.009290691910470519
A,c032,1,0,11.79832,0.023482825427181594
A,c033,1,0,11.79411,0.1574724675038256
A,c033,1,0,11.79611,0.14661153291462367
A,c033,1,0,11.79811,0.16169018824742576
A,c034,1,0,11.73778,0.017315758717834317
A,c034,1,0,11.73978,0.005694857641481827
A,c034,1,0,11.74178,0.020548928482075957
A,c035,1,0,11.84464,0.09687449328348004
A,c035,1,0,11.84664,0.08664290741786268
A,c035,1,0,11.84864,0.10156163969997242
A,c036,1,0,11.8242,0.028252759031449463
A,c036,1,0,11.8262,0.01335689860197398
A,c036,1,0,11.8282,0.025654032297287674
A,c037,1,0,11.7865,0.051289012061623174
A,c037,1,0,11.7885,0.04143853150533266
A,c037,1,0,11.7905,0.05670190601880776
A,c038,1,0,11.81829,0.09994945120702131
A,c038,1,0,11.82029,0.08929135943193807
A,c038,1,0,11.82229,0.10433552092752404
A,c039,1,0,11.77171,0.13425830390738322
A,c039,1,0,11.77371,0.12336228089512365
A,c039,1,0,11.77571,0.13862695889181603
A,c040,1,0,11.8285,0.08102884514832426
A,c040,1,0,11.8305,0.06583669231197324
A,c040,1,0,11.8325,0.07696318828588339
A,c041,1,0,11.85912,0.03578576034252872
A,c041,1,0,11.86112,0.020625432288188507
A,c041,1,0,11.86312,0.03388716957321389
A,c042,1,0,11.83695,0.021109182102588223
A,c042,1,0,11.83895,0.006072797898689096
A,c042,1,0,11.84095,0.017687253089662718
A,c043,1,0,11.81085,0.04103321134481635
A,c043,1,0,11.81285,0.02581208849649649
A,c043,1,0,11.81485,0.03836149564767871
A,c044,1,0,11.78906,0.022807965387143535
A,c044,1,0,11.79106,0.011697745563847757
A,c044,1,0,11.79306,0.02695321160622585
A,c045,1,0,11.75483,0.07972974014035389
A,c045,1,0,11.75683,0.06912181436111288
A,c045,1,0,11.75883,0.08443041552612214
A,c046,1,0,11.77396,0.07785282866085072
A,c046,1,0,11.77596,0.06756984927532333
A,c046,1,0,11.77796,0.0825064692442644
A,c047,1,0,11.81131,0.03342073203031764
A,c047,1,0,11.81331,0.02241214144139027
A,c047,1,0,11.81531,0.03764176962676735
A,c048,1,0,11.75425,0.02592234487731433
A,c048,1,0,11.75625,0.016115067199173487
A,c048,1,0,11.75825,0.031416580907134575
A,c049,1,0,11.79831,0.05658492737992468
A,c049,1,0,11.80031,0.04153603060328975
A,c049,1,0,11.80231,0.053665128474289656
A,c050,1,0,11.76894,0.06291365238523595
A,c050,1,0,11.77094,0.0523133397017534
A,c050,1,0,11.77294,0.06748700511149619
A,c051,1,0,11.83898,0.03237308319895555
A,c051,1,0,11.84098,0.017187529394449234
A,c051,1,0,11.84298,0.03042845933210827
A,c052,1,0,11.82499,0.05933220934929432
A,c052,1,0,11.82699,0.049504770108566326
A,c052,1,0,11.82899,0.06459339504549612
A,c053,1,0,11.82369,0.10482391949136864
A,c053,1,0,11.82569,0.0946112437833965
A,c053,1,0,11.82769,0.10983753802082859
A,c054,1,0,11.77619,0.0593703276912238
A,c054,1,0,11.77819,0.048427299067100374
A,c054,1,0,11.78019,0.06342041789766598
A,c055,1,0,11.80114,0.05739165088729485
A,c055,1,0,11.80314,0.042296206075007975
A,c055,1,0,11.80514,0.053436403638659105
A,c056,1,0,11.79286,0.08810160607168148
A,c056,1,0,11.79486,0.0773196525050876
A,c056,1,0,11.79686,0.09258145597700179
A,c057,1,0,11.77384,0.11122803566307243
A,c057,1,0,11.77584,0.10063965099485733
A,c057,1,0,11.77784,0.11592974061012035
A,c058,1,0,11.77363,0.06259149797957715
A,c058,1,0,11.77563,0.04756569519636473
A,c058,1,0,11.77763,0.0585951378028286
A,c059,1,0,11.79662,0.06604526864913023
A,c059,1,0,11.79862,0.055363373059908974
A,c059,1,0,11.80062,0.07061784542777638
A,c060,1,0,11.764,0.07730458350103787
A,c060,1,0,11.766,0.06637501781893962
A,c060,1,0,11.768,0.08167247834113477
A,c061,1,0,11.83452,0.06069156630075942
A,c061,1,0,11.83652,0.04560127135765181
A,c061,1,0,11.83852,0.05891949743371988
A,c062,1,0,11.72284,0.12962032404045093
A,c062,1,0,11.72484,0.11894811671099395
A,c062,1,0,11.72684,0.13403748844808278
A,c063,1,0,11.79157,0.06981107330629242
A,c063,1,0,11.79357,0.05930795555803172
A,c063,1,0,11.79557,0.07441147626250214
A,c064,1,0,11.80695,0.09540364539515693
A,c064,1,0,11.80895,0.08519235975903426
A,c064,1,0,11.81095,0.10019056303828748
A,c065,1,0,11.82944,0.048609828922795376
A,c065,1,0,11.83144,0.03895670622282152
A,c065,1,0,11.83344,0.0541648194242109
A,c066,1,0,11.7622,0.03620353885326063
A,c066,1,0,11.7642,0.027105310878363292
A,c066,1,0,11.7662,0.041710411419036475
A,c067,1,0,11.82129,0.06815563962628145
A,c067,1,0,11.82329,0.05295242234815874
A,c067,1,0,11.82529,0.0656825325133235
A,c068,1,0,11.81653,0.09354158097562473
A,c068,1,0,11.81853,0.08266041311030647
A,c068,1,0,11.82053,0.09783222197154083
A,c069,1,0,11.78403,0.03919100477286506
A,c069,1,0,11.78603,0.029113515424271635
A,c069,1,0,11.78803,0.0440770717470611
A,c070,1,0,11.78478,0.08517764094137012
A,c070,1,0,11.78678,0.07547782074269287
A,c070,1,0,11.78878,0.09075076517678932
A,c071,1,0,11.79657,0.04122155950084465
A,c071,1,0,11.79857,0.030630960276152912
A,c071,1,0,11.80057,0.04564026495047939
A,c072,1,0,11.81033,0.03787811188642269
A,c072,1,0,11.81233,0.02280467872126981
A,c072,1,0,11.81433,0.03626749421074523
A,c073,1,0,11.75286,0.09023581562906799
A,c073,1,0,11.75486,0.07958939023327681
A,c073,1,0,11.75686,0.09490308235814858
A,c074,1,0,11.79547,0.045424509374890266
A,c074,1,0,11.79747,0.030243397306535892
A,c074,1,0,11.79947,0.04277835129172414
A,c075,1,0,11.81328,0.031036337018676224
A,c075,1,0,11.81528,0.015816411004966682
A,c075,1,0,11.81728,0.0279874090199519
A,c076,1,0,11.81058,0.04042483199664215
A,c076,1,0,11.81258,0.02520146170288075
A,c076,1,0,11.81458,0.03799484637000621
A,c077,1,0,11.79195,0.03709695457110726
A,c077,1,0,11.79395,0.021869174474934097
A,c077,1,0,11.79595,0.0347042605034046
A,c078,1,0,11.78521,0.017620455254350367
A,c078,1,0,11.78721,0.0023806682375021406
A,c078,1,0,11.78921,0.014818642585842952
A,c079,1,0,11.74932,0.03743316993199113
A,c079,1,0,11.75132,0.022132206073168938
A,c079,1,0,11.75332,0.03409720492284206
A,c080,1,0,11.76821,0.1357712737074734
A,c080,1,0,11.77021,0.12500495542597448
A,c080,1,0,11.77221,0.14030655266060243
A,c081,1,0,11.82719,0.11766998507647007
A,c081,1,0,11.82919,0.10689329576662968
A,c081,1,0,11.83119,0.12193409640846395
A,c082,1,0,11.78939,0.06377898406168829
A,c082,1,0,11.79139,0.05290381662624356
A,c082,1,0,11.79339,0.06793746663095862
A,c083,1,0,11.81801,0.08039187785756169
A,c083,1,0,11.82001,0.06537406743461525
A,c083,1,0,11.82201,0.07801109145442602
A,c084,1,0,11.79605,0.023167841865029883
A,c084,1,0,11.79805,0.008061726096204204
A,c084,1,0,11.80005,0.021629931145916406
A,c085,1,0,11.8093,0.08021422174884406
A,c085,1,0,11.8113,0.07014844497201173
A,c085,1,0,11.8133,0.08520084260039516
A,c086,1,0,11.79129,0.04465146435917871
A,c086,1,0,11.79329,0.029405193296136268
A,c086,1,0,11.79529,0.040402785497386705
A,c087,1,0,11.78848,0.09090177642729608
A,c087,1,0,11.79048,0.07999551395322849
A,c087,1,0,11.79248,0.0951689091864877
A,c088,1,0,11.80056,0.12035715503452407
A,c088,1,0,11.80256,0.10971448151342675
A,c088,1,0,11.80456,0.12497126808994334
A,c089,1,0,11.75408,0.09762068015927149
A,c089,1,0,11.75608,0.08729256176590622
A,c089,1,0,11.75808,0.1023772015111703
A,c090,1,0,11.77144,0.030725812020873423
A,c090,1,0,11.77344,0.019654873331112613
A,c090,1,0,11.77544,0.03493380966144105
A,c091,1,0,11.80478,0.06390074892047416
A,c091,1,0,11.80678,0.05292194192542095
A,c091,1,0,11.80878,0.06798148203477677
A,c092,1,0,11.8631,0.04219261039222661
A,c092,1,0,11.8651,0.027471829902376826
A,c092,1,0,11.8671,0.03952463065651174
A,c093,1,0,11.74148,0.055619291856063006
A,c093,1,0,11.74348,0.046368465888068665
A,c093,1,0,11.74548,0.06131736724779128
A,c094,1,0,11.78393,0.12346090924369194
A,c094,1,0,11.78593,0.11285709453141105
A,c094,1,0,11.78793,0.12813811547581944
A,c095,1,0,11.77691,0.04811384596725955
A,c095,1,0,11.77891,0.03284883607111238
A,c095,1,0,11.78091,0.04397066649483446
A,c096,1,0,11.8326,0.05900292133503578
A,c096,1,0,11.8346,0.04381337745731236
A,c096,1,0,11.8366,0.05592960922216507
A,c097,1,0,11.81048,0.03642314439292973
A,c097,1,0,11.81248,0.021425918429134116
A,c097,1,0,11.81448,0.033293497057054484
A,c098,1,0,11.83215,0.04326164647192776
A,c098,1,0,11.83415,0.028176238675334513
A,c098,1,0,11.83615,0.04169725839147189
A,c099,1,0,11.78221,0.09695212271119061
A,c099,1,0,11.78421,0.08603672230204701
A,c099,1,0,11.78621,0.10113088989913278
A,c100,1,0,11.85798,0.018685647314848477
A,c100,1,0,11.85998,0.003808058231093744
A,c100,1,0,11.86198,0.01760481216003651
A,c101,1,0,11.85298,0.04250806973928622
A,c101,1,0,11.85498,0.027524969265395924
A,c101,1,0,11.85698,0.040557404634560645
A,c102,1,0,11.8369,0.01711323178304856
A,c102,1,0,11.8389,0.00814240491876812
A,c102,1,0,11.8409,0.021986772763139758
A,c103,1,0,11.80394,0.12746752572955025
A,c103,1,0,11.80594,0.11685785280548304
A,c103,1,0,11.80794,0.13210123104868712
A,c104,1,0,11.76825,0.07700339116202982
A,c104,1,0,11.77025,0.061786721245643876
A,c104,1,0,11.77225,0.07430479359253558
A,c105,1,0,11.73808,0.10474037249510595
A,c105,1,0,11.74008,0.09427313629712636
A,c105,1,0,11.74208,0.10961112655591697
A,c106,1,0,11.81271,0.10691394045233114
A,c106,1,0,11.81471,0.09604724368057731
A,c106,1,0,11.81671,0.11101148420137684
A,c107,1,0,11.77312,0.08593830059042434
A,c107,1,0,11.77512,0.07516356252131659
A,c107,1,0,11.77712,0.09044995387338658
A,c108,1,0,11.79908,0.07012648266558023
A,c108,1,0,11.80108,0.06004102738425228
A,c108,1,0,11.80308,0.07529199748810485
A,c109,1,0,11.75605,0.06719127064305584
A,c109,1,0,11.75805,0.05213030594459725
A,c109,1,0,11.76005,0.06357471399569553
A,c110,1,0,11.81267,0.06804010685026507
A,c110,1,0,11.81467,0.057549725007562835
A,c110,1,0,11.81667,0.07278119583995991
A,c111,1,0,11.76245,0.03898344769468129
A,c111,1,0,11.76445,0.030257547967435308
A,c111,1,0,11.76645,0.044402261362664945
A,c112,1,0,11.80651,0.04451432483663444
A,c112,1,0,11.80851,0.029333268636553746
A,c112,1,0,11.81051,0.04159512468501756
A,c113,1,0,11.77716,0.12739816219603542
A,c113,1,0,11.77916,0.11669183186713332
A,c113,1,0,11.78116,0.13198013598033637
A,c114,1,0,11.75246,0.07007748981070543
A,c114,1,0,11.75446,0.05974036878957266
A,c114,1,0,11.75646,0.07505226285651578
A,c115,1,0,11.78891,0.04703845095687384
A,c115,1,0,11.79091,0.036378967969477025
A,c115,1,0,11.79291,0.05163993875443623
A,c116,1,0,11.80923,0.05493503508916018
A,c116,1,0,11.81123,0.03982806743166897
A,c116,1,0,11.81323,0.0516837038611748
A,c117,1,0,11.7912,0.06428768136495244
A,c117,1,0,11.7932,0.05473366817642792
A,c117,1,0,11.7952,0.06999501955859277
A,c118,1,0,11.8384,0.08037862689258626
A,c118,1,0,11.8404,0.06519864590039513
A,c118,1,0,11.8424,0.07715228676301485
A,c119,1,0,11.76102,0.027346682141573316
A,c119,1,0,11.76302,0.01691706474183041
A,c119,1,0,11.76502,0.03209545524278755
A,c120,1,0,11.73673,0.10015847279505148
A,c120,1,0,11.73873,0.08950967940549347
A,c120,1,0,11.74073,0.10478941561348686
A,c121,1,0,11.79344,0.0844313930264789
A,c121,1,0,11.79544,0.07379594315467104
A,c121,1,0,11.79744,0.08905785636417592
A,c122,1,0,11.78967,0.1102674358586626
A,c122,1,0,11.79167,0.09941906931344904
A,c122,1,0,11.79367,0.11448842152910482
A,c123,1,0,11.78439,0.021348529470729845
A,c123,1,0,11.78639,0.006183728988749934
A,c123,1,0,11.78839,0.019120097733884223
A,c124,1,0,11.7203,0.0890412663015583
A,c124,1,0,11.7223,0.07852996012337904
A,c124,1,0,11.7243,0.09388798740582648
A,c125,1,0,11.78135,0.049509200816364556
A,c125,1,0,11.78335,0.03862097267214605
A,c125,1,0,11.78535,0.05388998530457174
A,c126,1,0,11.83705,0.07218390624425888
A,c126,1,0,11.83905,0.061848498972808946
A,c126,1,0,11.84105,0.07705096886112285
A,c127,1,0,11.78824,0.028933082144740014
A,c127,1,0,11.79024,0.013856873316021697
A,c127,1,0,11.79224,0.027696494996412264
A,c128,1,0,11.86343,0.03729036310626352
A,c128,1,0,11.86543,0.02225768033471541
A,c128,1,0,11.86743,0.03566008467580664
A,c129,1,0,11.79231,0.03057077118111308
A,c129,1,0,11.79431,0.020984398370523405
A,c129,1,0,11.79631,0.03623679300459822
A,c130,1,0,11.73299,0.12064356545787842
A,c130,1,0,11.73499,0.10970374362203773
A,c130,1,0,11.73699,0.1249617889269254
A,c131,1,0,11.76497,0.043097285155807546
A,c131,1,0,11.76697,0.02781738669566879
A,c131,1,0,11.76897,0.0409519158725584
A,c132,1,0,11.80285,0.014619677423519082
A,c132,1,0,11.80485,0.00202278461815098
A,c132,1,0,11.80685,0.017028216877568173
A,c133,1,0,11.81363,0.05260461225353321
A,c133,1,0,11.81563,0.041896990797832434
A,c133,1,0,11.81763,0.057092032771643014
A,c134,1,0,11.74831,0.11652675675000491
A,c134,1,0,11.75031,0.10556974304199508
A,c134,1,0,11.75231,0.12069208478075623
A,c135,1,0,11.77555,0.07103240175416417
A,c135,1,0,11.77755,0.060196210741650914
A,c135,1,0,11.77955,0.0754781285039054
A,c136,1,0,11.76214,0.07481471494196679
A,c136,1,0,11.76414,0.059763878308017465
A,c136,1,0,11.76614,0.07094288695571548
A,c137,1,0,11.84866,0.06590240458092095
A,c137,1,0,11.85066,0.050756442230686885
A,c137,1,0,11.85266,0.061882512703737014
A,c138,1,0,11.74518,0.09855956636071553
A,c138,1,0,11.74718,0.08794567432539069
A,c138,1,0,11.74918,0.10327404112556396
A,c139,1,0,11.84632,0.08238544009169424
A,c139,1,0,11.84832,0.07200591632739663
A,c139,1,0,11.85032,0.08712107921141034
A,c140,1,0,11.8382,0.030490977829896206
A,c140,1,0,11.8402,0.01967605670058232
A,c140,1,0,11.8422,0.034791204867238586
A,c141,1,0,11.80412,0.06512727923001062
A,c141,1,0,11.80612,0.054401917056861385
A,c141,1,0,11.80812,0.06946956490962355
A,c142,1,0,11.83794,0.043409953120210475
A,c142,1,0,11.83994,0.028222216318113492
A,c142,1,0,11.84194,0.0391910324316137
A,c143,1,0,11.79787,0.0605895023007498
A,c143,1,0,11.79987,0.050108055359774355
A,c143,1,0,11.80187,0.06535940541963797
A,c144,1,0,11.80688,0.055132772231071596
A,c144,1,0,11.80888,0.044283897680724715
A,c144,1,0,11.81088,0.059521714570844916
A,c145,1,0,11.77792,0.03248080694087637
A,c145,1,0,11.77992,0.02371938017472997
A,c145,1,0,11.78192,0.03808654937226643
A,c146,1,0,11.80189,0.07850417217690721
A,c146,1,0,11.80389,0.06870571068704591
A,c146,1,0,11.80589,0.08384857984510842
A,c147,1,0,11.78515,0.061693002783189295
A,c147,1,0,11.78715,0.05137504962135768
A,c147,1,0,11.78915,0.06664226097524291
A,c148,1,0,11.80487,0.06743390001895787
A,c148,1,0,11.80687,0.05220785970705004
A,c148,1,0,11.80887,0.06317103405769406
A,c149,1,0,11.79577,0.03931313430995528
A,c149,1,0,11.79777,0.024073224083096458
A,c149,1,0,11.79977,0.03710895127061281
A,c150,1,0,11.74028,0.1219730584114082
A,c150,1,0,11.74228,0.11113848882739849
A,c150,1,0,11.74428,0.12625010504693845
A,c151,1,0,11.81317,0.04698635217526364
A,c151,1,0,11.81517,0.03177046036710682
A,c151,1,0,11.81717,0.0435296303346194
A,c152,1,0,11.8314,0.07390001009547073
A,c152,1,0,11.8334,0.06301577495697132
A,c152,1,0,11.8354,0.07811411642625639
A,c153,1,0,11.81646,0.02747053204650046
A,c153,1,0,11.81846,0.01680199467220571
A,c153,1,0,11.82046,0.03202263506582203
A,c154,1,0,11.73789,0.1468253025367134
A,c154,1,0,11.73989,0.13593749525357712
A,c154,1,0,11.74189,0.15128222593046167
A,c155,1,0,11.83025,0.033838637467924294
A,c155,1,0,11.83225,0.018640734716550474
A,c155,1,0,11.83425,0.03145138630177489
A,c156,1,0,11.74592,0.06469533552492927
A,c156,1,0,11.74792,0.0540926140727262
A,c156,1,0,11.74992,0.06941142454042608
A,c157,1,0,11.78266,0.02901787393545889
A,c157,1,0,11.78466,0.013761057322190616
A,c157,1,0,11.78666,0.02662318377202939
A,c158,1,0,11.81438,0.10993149391119596
A,c158,1,0,11.81638,0.09918723052049266
A,c158,1,0,11.81838,0.11424863843609191
A,c159,1,0,11.75484,0.05164338294800863
A,c159,1,0,11.75684,0.03635253937477841
A,c159,1,0,11.75884,0.04729577482353063
A,c160,1,0,11.82328,0.03002512647987951
A,c160,1,0,11.82528,0.019972856806729382
A,c160,1,0,11.82728,0.035160851982143436
A,c161,1,0,11.78648,0.11959131887507107
A,c161,1,0,11.78848,0.10928996846181346
A,c161,1,0,11.79048,0.12456541017831889
A,c162,1,0,11.7773,0.10647511060393061
A,c162,1,0,11.7793,0.0955401532028965
A,c162,1,0,11.7813,0.11046231979032116
A,c163,1,0,11.83228,0.044563552912303586
A,c163,1,0,11.83428,0.033696519188777974
A,c163,1,0,11.83628,0.048742401082329904
A,c164,1,0,11.76277,0.12731670495339406
A,c164,1,0,11.76477,0.11647197593726487
A,c164,1,0,11.76677,0.13169250495648502
A,c165,1,0,11.77538,0.04869030535415077
A,c165,1,0,11.77738,0.0398044434425788
A,c165,1,0,11.77938,0.0541979497445169
A,c166,1,0,11.80808,0.14873049689563536
A,c166,1,0,11.81008,0.13793087583658692
A,c166,1,0,11.81208,0.1531834829145443
A,c167,1,0,11.77831,0.07914605836837371
A,c167,1,0,11.78031,0.06822472289311542
A,c167,1,0,11.78231,0.08322190582832781
A,c168,1,0,11.77365,0.08410719347408628
A,c168,1,0,11.77565,0.07413952477113873
A,c168,1,0,11.77765,0.0893793046389418
A,c169,1,0,11.86168,0.03321754874446883
A,c169,1,0,11.86368,0.02210686133278036
A,c169,1,0,11.86568,0.03592993079812844
A,c170,1,0,11.70084,0.10961706663740892
A,c170,1,0,11.70284,0.10002272662248293
A,c170,1,0,11.70484,0.1154097858480461
A,c171,1,0,11.80472,0.08566790655369166
A,c171,1,0,11.80672,0.07517215784278876
A,c171,1,0,11.80872,0.0904207571751968
A,c172,1,0,11.81999,0.07958872008335718
A,c172,1,0,11.82199,0.06905635981738582
A,c172,1,0,11.82399,0.08428141810653235
A,c173,1,0,11.83969,0.08368950165661142
A,c173,1,0,11.84169,0.06856541691698496
A,c173,1,0,11.84369,0.08036132687370683
A,c174,1,0,11.75291,0.12567889813723487
A,c174,1,0,11.75491,0.1149234151954549
A,c174,1,0,11.75691,0.13024312427412743
A,c175,1,0,11.76172,0.08826709667361014
A,c175,1,0,11.76372,0.07778137427762616
A,c175,1,0,11.76572,0.09293068632731402
A,c176,1,0,11.7626,0.07173496739285794
A,c176,1,0,11.7646,0.05677392969501714
A,c176,1,0,11.7666,0.06897905120052843
A,c177,1,0,11.75228,0.15180051093397265
A,c177,1,0,11.75428,0.14135558520083746
A,c177,1,0,11.75628,0.15660087987493626
A,c178,1,0,11.7799,0.05193381100498634
A,c178,1,0,11.7819,0.0410581368407255
A,c178,1,0,11.7839,0.056332396221222325
A,c179,1,0,11.7863,0.024168494051387393
A,c179,1,0,11.7883,0.01309523370283681
A,c179,1,0,11.7903,0.028259771986870914
A,c180,1,0,11.81355,0.03500349031465778
A,c180,1,0,11.81555,0.020040642429981465
A,c180,1,0,11.81755,0.031469949720334414
A,c181,1,0,11.73536,0.04417045929043075
A,c181,1,0,11.73736,0.034146743749551636
A,c181,1,0,11.73936,0.04790124298179184
A,c182,1,0,11.80911,0.06771150519701101
A,c182,1,0,11.81111,0.0568993093187221
A,c182,1,0,11.81311,0.07213483391213836
A,c183,1,0,11.77344,0.10832759638006449
A,c183,1,0,11.77544,0.09801681932772303
A,c183,1,0,11.77744,0.1132974555307827
A,c184,1,0,11.72952,0.1315092856954453
A,c184,1,0,11.73152,0.12122945466854063
A,c184,1,0,11.73352,0.13658218126361485
A,c185,1,0,11.76038,0.057281957128027736
A,c185,1,0,11.76238,0.04820551932038526
A,c185,1,0,11.76438,0.06318182267362425
A,c186,1,0,11.7793,0.114767834874162
A,c186,1,0,11.7813,0.10441156405142746
A,c186,1,0,11.7833,0.11951482907569899
A,c187,1,0,11.75996,0.126187523313476
A,c187,1,0,11.76196,0.11534014990241814
A,c187,1,0,11.76396,0.13065257964611848
A,c188,1,0,11.76433,0.11375198436690404
A,c188,1,0,11.76633,0.1029675629578791
A,c188,1,0,11.76833,0.11816297846189551
A,c189,1,0,11.78627,0.05916385520570959
A,c189,1,0,11.78827,0.04391355961509851
A,c189,1,0,11.79027,0.055091419324873596
A,c190,1,0,11.80283,0.07204818066956319
A,c190,1,0,11.80483,0.06136569056620692
A,c190,1,0,11.80683,0.076610987084203
A,c191,1,0,11.79934,0.08773656829301385
A,c191,1,0,11.80134,0.0771194357763522
A,c191,1,0,11.80334,0.09227523404346936
A,c192,1,0,11.80058,0.032231223319695766
A,c192,1,0,11.80258,0.016994598954462512
A,c192,1,0,11.80458,0.028297320998707912
A,c193,1,0,11.82958,0.019163174054893085
A,c193,1,0,11.83158,0.008308655385208634
A,c193,1,0,11.83358,0.023511982293835797
A,c194,1,0,11.75641,0.14270045669225453
A,c194,1,0,11.75841,0.13234299848771577
A,c194,1,0,11.76041,0.1473000572099721
A,c195,1,0,11.81961,0.06391985175389732
A,c195,1,0,11.82161,0.053021291016033666
A,c195,1,0,11.82361,0.06806177389239611
A,c196,1,0,11.7816,0.01844296663056687
A,c196,1,0,11.7836,0.0035399192359093293
A,c196,1,0,11.7856,0.01583170673631578
A,c197,1,0,11.80293,0.03832359273946731
A,c197,1,0,11.80493,0.027402964084926894
A,c197,1,0,11.80693,0.042605394169527445
A,c198,1,0,11.80874,0.03838951573935229
A,c198,1,0,11.81074,0.02867185748634431
A,c198,1,0,11.81274,0.04372125103604351
A,c199,1,0,11.78832,0.05868898876985529
A,c199,1,0,11.79032,0.04778437600479994
A,c199,1,0,11.79232,0.06298500483600494
A,c000,2,0,11.82711,0.02457059605748747
A,c000,2,0,11.82911,0.00954243124185916
A,c000,2,0,11.83111,0.02095981685959565
A,c001,2,0,11.82054,0.054306602004591
A,c001,2,0,11.82254,0.039322637329062694
A,c001,2,0,11.82454,0.05089378344501365
A,c002,2,0,11.8149,0.11571799291433199
A,c002,2,0,11.8169,0.10499143193549319
A,c002,2,0,11.8189,0.1200880601498269
A,c003,2,0,11.81414,0.03752382219776409
A,c003,2,0,11.81614,0.026772304558465392
A,c003,2,0,11.81814,0.04199775028009265
A,c004,2,0,11.76419,0.014190535407512776
A,c004,2,0,11.76619,0.0026704012719886115
A,c004,2,0,11.76819,0.016994600502966792
A,c005,2,0,11.83445,0.09095662874552878
A,c005,2,0,11.83645,0.08181605062856076
A,c005,2,0,11.83845,0.09694954618025775
A,c006,2,0,11.84136,0.11442457037515107
A,c006,2,0,11.84336,0.10373283623846043
A,c006,2,0,11.84536,0.11893833529141982
A,c007,2,0,11.74349,0.13344042179936275
A,c007,2,0,11.74549,0.12251252481107215
A,c007,2,0,11.74749,0.13765716369606013
A,c008,2,0,11.78067,0.04461121273264139
A,c008,2,0,11.78267,0.03372076668118043
A,c008,2,0,11.78467,0.04899200049008
A,c009,2,0,11.72162,0.12050357344413004
A,c009,2,0,11.72362,0.11042645074368516
A,c009,2,0,11.72562,0.12578843040557322
A,c010,2,0,11.81921,0.10913435811993363
A,c010,2,0,11.82121,0.09858517375956358
A,c010,2,0,11.82321,0.11366237520225068
A,c011,2,0,11.82198,0.04392660232780701
A,c011,2,0,11.82398,0.03309996458503028
A,c011,2,0,11.82598,0.04805078511334191
A,c012,2,0,11.75554,0.13379724074180513
A,c012,2,0,11.75754,0.12292839991825016
A,c012,2,0,11.75954,0.13811812964486017
A,c013,2,0,11.77123,0.02529646979114463
A,c013,2,0,11.77323,0.016344793422476876
A,c013,2,0,11.77523,0.031084124150492134
A,c014,2,0,11.75614,0.035128403008303735
A,c014,2,0,11.75814,0.019984422352360674
A,c014,2,0,11.76014,0.03335983066960506
A,c015,2,0,11.76502,0.06967386506168069
A,c015,2,0,11.76702,0.05917622457389825
A,c015,2,0,11.76902,0.07431900132532593
A,c016,2,0,11.78597,0.09004399922030394
A,c016,2,0,11.78797,0.07927080829656206
A,c016,2,0,11.78997,0.094430838362386
A,c017,2,0,11.80678,0.06918625022880692
A,c017,2,0,11.80878,0.059178334930578655
A,c017,2,0,11.81078,0.07434135539558813
A,c018,2,0,11.82526,0.021565357042601905
A,c018,2,0,11.82726,0.00637996789512779
A,c018,2,0,11.82926,0.01843465885353859
A,c019,2,0,11.8267,0.032135380305601285
A,c019,2,0,11.8287,0.02115866873628455
A,c019,2,0,11.8307,0.03636586149405964
A,c020,2,0,11.75457,0.11893587445226468
A,c020,2,0,11.75657,0.10829044161526828
A,c020,2,0,11.75857,0.12360959410005351
A,c021,2,0,11.73471,0.032523229882534595
A,c021,2,0,11.73671,0.023176943916949622
A,c021,2,0,11.73871,0.038197664415355624
A,c022,2,0,11.84502,0.049447662547051956
A,c022,2,0,11.84702,0.034270829879238164
A,c022,2,0,11.84902,0.04717738968344568
A,c023,2,0,11.77263,0.021421534009300996
A,c023,2,0,11.77463,0.006148116259425835
A,c023,2,0,11.77663,0.017791148093677666
A,c024,2,0,11.78288,0.04504209495531795
A,c024,2,0,11.78488,0.03507215173871453
A,c024,2,0,11.78688,0.05006960484163583
A,c025,2,0,11.84334,0.06884221890943137
A,c025,2,0,11.84534,0.05368954982377351
A,c025,2,0,11.84734,0.06473832993576396
A,c026,2,0,11.79869,0.0648024133153988
A,c026,2,0,11.80069,0.054106538041766045
A,c026,2,0,11.80269,0.06908534953917991
A,c027,2,0,11.77885,0.07245789462574816
A,c027,2,0,11.78085,0.05728928612904084
A,c027,2,0,11.78285,0.06896083823536156
A,c028,2,0,11.78631,0.037329357496309605
A,c028,2,0,11.78831,0.022076890763675402
A,c028,2,0,11.79031,0.0352463688998201
A,c029,2,0,11.75055,0.07318820834817855
A,c029,2,0,11.75255,0.062192147369743406
A,c029,2,0,11.75455,0.0773952040039201
A,c030,2,0,11.78045,0.09226853833896459
A,c030,2,0,11.78245,0.08140300314906979
A,c030,2,0,11.78445,0.0965168840491499
A,c031,2,0,11.75875,0.08390134587988639
A,c031,2,0,11.76075,0.07294415763831906
A,c031,2,0,11.76275,0.08819498301203445
A,c032,2,0,11.79928,0.04065795803974978
A,c032,2,0,11.80128,0.025420136285322394
A,c032,2,0,11.80328,0.03794175480176186
A,c033,2,0,11.79544,0.14993125041667027
A,c033,2,0,11.79744,0.1391347208505354
A,c033,2,0,11.79944,0.15440381690227473
A,c034,2,0,11.74007,0.02266536457640385
A,c034,2,0,11.74207,0.007347327436508893
A,c034,2,0,11.74407,0.01897607181472961
A,c035,2,0,11.8479,0.07882563149115004
A,c035,2,0,11.8499,0.06868155559898587
A,c035,2,0,11.8519,0.08367830626425227
A,c036,2,0,11.82242,0.019926927809109502
A,c036,2,0,11.82442,0.0047175746644315935
A,c036,2,0,11.82642,0.017968140162717933
A,c037,2,0,11.78978,0.033074616171624334
A,c037,2,0,11.79178,0.023542156095680895
A,c037,2,0,11.79378,0.03879806031601179
A,c038,2,0,11.82524,0.06098757413477063
A,c038,2,0,11.82724,0.05055949536026455
A,c038,2,0,11.82924,0.06577356098202551
A,c039,2,0,11.77685,0.10520092622311578
A,c039,2,0,11.77885,0.09447421158633905
A,c039,2,0,11.78085,0.1097609393725529
A,c040,2,0,11.82429,0.05690285733029934
A,c040,2,0,11.82629,0.04189502056253606
A,c040,2,0,11.82829,0.053353794905131445
A,c041,2,0,11.86135,0.043892439597395395
A,c041,2,0,11.86335,0.028736516621270847
A,c041,2,0,11.86535,0.041568896724712256
A,c042,2,0,11.84074,0.04280930319528629
A,c042,2,0,11.84274,0.027627521116995308
A,c042,2,0,11.84474,0.0385100979712402
A,c043,2,0,11.80617,0.02004847261782336
A,c043,2,0,11.80817,0.011033034219395036
A,c043,2,0,11.81017,0.025160865632433884
A,c044,2,0,11.78929,0.02156056289057299
A,c044,2,0,11.79129,0.01029724641939367
A,c044,2,0,11.79329,0.025521410625617684
A,c045,2,0,11.75735,0.06531444535341746
A,c045,2,0,11.75935,0.054587520745211913
A,c045,2,0,11.76135,0.06971894199186632
A,c046,2,0,11.77701,0.060691605675866844
A,c046,2,0,11.77901,0.05058858656864133
A,c046,2,0,11.78101,0.06561882969622758
A,c047,2,0,11.8156,0.017061383672450216
A,c047,2,0,11.8176,0.0018411069818510173
A,c047,2,0,11.8196,0.01461518073018125
A,c048,2,0,11.75249,0.035832971390121975
A,c048,2,0,11.75449,0.025593705315582294
A,c048,2,0,11.75649,0.04070232962527653
A,c049,2,0,11.79722,0.05071505430946318
A,c049,2,0,11.79922,0.0356954162167667
A,c049,2,0,11.80122,0.04797663120226026
A,c050,2,0,11.77221,0.04454130432621162
A,c050,2,0,11.77421,0.03410931011945403
A,c050,2,0,11.77621,0.049392693886537976
A,c051,2,0,11.83589,0.023233257979520392
A,c051,2,0,11.83789,0.014285668638486779
A,c051,2,0,11.83989,0.028519810415073333
A,c052,2,0,11.82384,0.06564805209942336
A,c052,2,0,11.82584,0.055770480852800154
A,c052,2,0,11.82784,0.0709907603599817
A,c053,2,0,11.82312,0.10798680598680524
A,c053,2,0,11.82512,0.09763131039220933
A,c053,2,0,11.82712,0.11260514263643662
A,c054,2,0,11.77701,0.0547487449743805
A,c054,2,0,11.77901,0.043901554187024544
A,c054,2,0,11.78101,0.059176578708668076
A,c055,2,0,11.802,0.062097368286968255
A,c055,2,0,11.804,0.04714637083346011
A,c055,2,0,11.806,0.05825534976461048
A,c056,2,0,11.79915,0.052655158334345545
A,c056,2,0,11.80115,0.04182861963236499
A,c056,2,0,11.80315,0.057075929802880426
A,c057,2,0,11.77464,0.10666633299442374
A,c057,2,0,11.77664,0.09586771894380529
A,c057,2,0,11.77864,0.11105570316185498
A,c058,2,0,11.76898,0.03615799455699066
A,c058,2,0,11.77098,0.02114580069586638
A,c058,2,0,11.77298,0.03234090096687755
A,c059,2,0,11.79765,0.06021837302786179
A,c059,2,0,11.79965,0.04938534065575355
A,c059,2,0,11.80165,0.0643494214743134
A,c060,2,0,11.76164,0.09066748720112602
A,c060,2,0,11.76364,0.07983957379845996
A,c060,2,0,11.76564,0.09514252052753973
A,c061,2,0,11.83017,0.046825596295772785
A,c061,2,0,11.83217,0.031628707897013025
A,c061,2,0,11.83417,0.0452020230538603
A,c062,2,0,11.72707,0.10548276472252448
A,c062,2,0,11.72907,0.09488298650642803
A,c062,2,0,11.73107,0.11005568411519151
A,c063,2,0,11.79533,0.048671968279492536
A,c063,2,0,11.79733,0.0382926244598025
A,c063,2,0,11.79933,0.05340133872114608
A,c064,2,0,11.804,0.11202380095421674
A,c064,2,0,11.806,0.1018504963690471
A,c064,2,0,11.808,0.11710119954087553
A,c065,2,0,11.83189,0.03526880316496867
A,c065,2,0,11.83389,0.025859647140896433
A,c065,2,0,11.83589,0.04092535920934898
A,c066,2,0,11.75799,0.059141441290175414
A,c066,2,0,11.75999,0.04967588363151887
A,c066,2,0,11.76199,0.06497937667780043
A,c067,2,0,11.81909,0.0592786260253097
A,c067,2,0,11.82109,0.04411987823914897
A,c067,2,0,11.82309,0.057289859572534206
A,c068,2,0,11.81893,0.07999308758186331
A,c068,2,0,11.82093,0.06910034220706782
A,c068,2,0,11.82293,0.08414365938955072
A,c069,2,0,11.78682,0.023720206952736703
A,c069,2,0,11.78882,0.014139154823208072
A,c069,2,0,11.79082,0.02939548736285484
A,c070,2,0,11.78407,0.08907493138369015
A,c070,2,0,11.78607,0.0792132935838873
A,c070,2,0,11.78807,0.09448783535203087
A,c071,2,0,11.7967,0.04049154257280314
A,c071,2,0,11.7987,0.03009037998476912
A,c071,2,0,11.8007,0.0453400943493794
A,c072,2,0,11.80964,0.035708548008743006
A,c072,2,0,11.81164,0.020485248686198703
A,c072,2,0,11.81364,0.03363199700610097
A,c073,2,0,11.75292,0.08989464965097978
A,c073,2,0,11.75492,0.07923861680069506
A,c073,2,0,11.75692,0.09443719266373554
A,c074,2,0,11.79922,0.06529701979522967
A,c074,2,0,11.80122,0.05028187795760217
A,c074,2,0,11.80322,0.06230997071884715
A,c075,2,0,11.81144,0.02241414748470352
A,c075,2,0,11.81344,0.007256808149547135
A,c075,2,0,11.81544,0.02055355460221281
A,c076,2,0,11.81279,0.050861666439357814
A,c076,2,0,11.81479,0.03584228158030459
A,c076,2,0,11.81679,0.048416359758107014
A,c077,2,0,11.78582,0.029956152886535498
A,c077,2,0,11.78782,0.020446878932409977
A,c077,2,0,11.78982,0.035621358654226325
A,c078,2,0,11.78789,0.032770217635190044
A,c078,2,0,11.78989,0.017517554607911927
A,c078,2,0,11.79189,0.0286706277975621
A,c079,2,0,11.74632,0.022147275773101115
A,c079,2,0,11.74832,0.006896948711328841
A,c079,2,0,11.75032,0.02025823784195814
A,c080,2,0,11.76529,0.1523364848035248
A,c080,2,0,11.76729,0.14146116897621996
A,c080,2,0,11.76929,0.15676952163428437
A,c081,2,0,11.82957,0.10431837189953613
A,c081,2,0,11.83157,0.09380189049624361
A,c081,2,0,11.83357,0.1090182840350743
A,c082,2,0,11.78907,0.06558500447388627
A,c082,2,0,11.79107,0.054713635777047014
A,c082,2,0,11.79307,0.06994396363054753
A,c083,2,0,11.82205,0.10153123993804138
A,c083,2,0,11.82405,0.08633623812524892
A,c083,2,0,11.82605,0.0985438258370243
A,c084,2,0,11.79833,0.0323635394105112
A,c084,2,0,11.80033,0.017301832026412313
A,c084,2,0,11.80233,0.0300465452444019
A,c085,2,0,11.80554,0.1010167713113716
A,c085,2,0,11.80754,0.0908421912595962
A,c085,2,0,11.80954,0.10608021329693502
A,c086,2,0,11.79084,0.0420157246307946
A,c086,2,0,11.79284,0.026773502503155255
A,c086,2,0,11.79484,0.03788229730255186
A,c087,2,0,11.78236,0.12545558078625024
A,c087,2,0,11.78436,0.11483809653872214
A,c087,2,0,11.78636,0.13012241473034344
A,c088,2,0,11.79514,0.1509891778602252
A,c088,2,0,11.79714,0.14020172117663207
A,c088,2,0,11.79914,0.15518982083604732
A,c089,2,0,11.7554,0.09025970547925528
A,c089,2,0,11.7574,0.08005883954607826
A,c089,2,0,11.7594,0.09536966369294413
A,c090,2,0,11.77716,0.028244964505969004
A,c090,2,0,11.77916,0.012978779160796141
A,c090,2,0,11.78116,0.02412297179475348
A,c091,2,0,11.80897,0.04023392374663643
A,c091,2,0,11.81097,0.029168620876608983
A,c091,2,0,11.81297,0.04426923445486868
A,c092,2,0,11.86787,0.06917800721577659
A,c092,2,0,11.86987,0.054036204702671425
A,c092,2,0,11.87187,0.06534768270203434
A,c093,2,0,11.74423,0.040694687213408305
A,c093,2,0,11.74623,0.03173270332210069
A,c093,2,0,11.74823,0.04620658785988994
A,c094,2,0,11.78534,0.11545470249762364
A,c094,2,0,11.78734,0.1048272561087356
A,c094,2,0,11.78934,0.12001147243698722
A,c095,2,0,11.77997,0.06533072711364267
A,c095,2,0,11.78197,0.050080738017736576
A,c095,2,0,11.78397,0.06112103365572011
A,c096,2,0,11.8364,0.0795800341881071
A,c096,2,0,11.8384,0.06461806785930309
A,c096,2,0,11.8404,0.07640060223846595
A,c097,2,0,11.81539,0.06393287903278384
A,c097,2,0,11.81739,0.048976218587874355
A,c097,2,0,11.81939,0.06031559591665988
A,c098,2,0,11.82957,0.03336125356773457
A,c098,2,0,11.83157,0.02146591080687977
A,c098,2,0,11.83357,0.035131164658839684
A,c099,2,0,11.78352,0.08955061983448406
A,c099,2,0,11.78552,0.07862860970964301
A,c099,2,0,11.78752,0.09386285194434067
A,c100,2,0,11.86203,0.03766345953413882
A,c100,2,0,11.86403,0.02272659606576393
A,c100,2,0,11.86603,0.034734700479298726
A,c101,2,0,11.85209,0.03913039305574152
A,c101,2,0,11.85409,0.02401746507989436
A,c101,2,0,11.85609,0.03719863122348154
A,c102,2,0,11.83431,0.031521564358683564
A,c102,2,0,11.83631,0.022093938878285337
A,c102,2,0,11.83831,0.03729148958880015
A,c103,2,0,11.80418,0.12612706331662973
A,c103,2,0,11.80618,0.11556725864084037
A,c103,2,0,11.80818,0.1308208463074978
A,c104,2,0,11.76745,0.07277498704021404
A,c104,2,0,11.76945,0.057692704629594346
A,c104,2,0,11.77145,0.07028490397716627
A,c105,2,0,11.73763,0.10729907140726812
A,c105,2,0,11.73963,0.09668119060202472
A,c105,2,0,11.74163,0.11180673976060869
A,c106,2,0,11.8136,0.10190558149089193
A,c106,2,0,11.8156,0.09116035565260015
A,c106,2,0,11.8176,0.1063984561128032
A,c107,2,0,11.77097,0.0980731466062617
A,c107,2,0,11.77297,0.08718051560254741
A,c107,2,0,11.77497,0.10245757041549404
A,c108,2,0,11.80283,0.049316145785858606
A,c108,2,0,11.80483,0.03940736699555785
A,c108,2,0,11.80683,0.0545554327312468
A,c109,2,0,11.75284,0.049064435210092884
A,c109,2,0,11.75484,0.03389491861450891
A,c109,2,0,11.75684,0.04557082686190637
A,c110,2,0,11.81279,0.06736272235934755
A,c110,2,0,11.81479,0.05679904030887842
A,c110,2,0,11.81679,0.07185379692188489
A,c111,2,0,11.76308,0.035353539354328736
A,c111,2,0,11.76508,0.02671507179635296
A,c111,2,0,11.76708,0.040567430685237056
A,c112,2,0,11.80655,0.044620096608394375
A,c112,2,0,11.80855,0.02954454349207269
A,c112,2,0,11.81055,0.04180065710300889
A,c113,2,0,11.78034,0.1093749498680099
A,c113,2,0,11.78234,0.09844455647340218
A,c113,2,0,11.78434,0.11369061375520592
A,c114,2,0,11.74998,0.08422709004111348
A,c114,2,0,11.75198,0.07357860113390809
A,c114,2,0,11.75398,0.08877968041449111
A,c115,2,0,11.78317,0.07960731019058329
A,c115,2,0,11.78517,0.06885600149360292
A,c115,2,0,11.78717,0.08413023002027799
A,c116,2,0,11.81004,0.059147545385908024
A,c116,2,0,11.81204,0.04416023726512506
A,c116,2,0,11.81404,0.05591285663953509
A,c117,2,0,11.78637,0.09060009237724818
A,c117,2,0,11.78837,0.08074840772150559
A,c117,2,0,11.79037,0.09583509273935567
A,c118,2,0,11.83642,0.07032236429716926
A,c118,2,0,11.83842,0.05520835758063036
A,c118,2,0,11.84042,0.06745606162196581
A,c119,2,0,11.76203,0.02163568573062827
A,c119,2,0,11.76403,0.011347193260788707
A,c119,2,0,11.76603,0.02655220840214473
A,c120,2,0,11.73382,0.11676089077938777
A,c120,2,0,11.73582,0.1060642359017134
A,c120,2,0,11.73782,0.12115026742299131
A,c121,2,0,11.79595,0.07029154474363328
A,c121,2,0,11.79795,0.059641265700163724
A,c121,2,0,11.79995,0.07463385912310595
A,c122,2,0,11.78794,0.12008907579054472
A,c122,2,0,11.78994,0.10931695214794047
A,c122,2,0,11.79194,0.12459073824106728
A,c123,2,0,11.77943,0.03380669847051152
A,c123,2,0,11.78143,0.023336109300134782
A,c123,2,0,11.78343,0.0386075372575652
A,c124,2,0,11.72067,0.08691557615861896
A,c124,2,0,11.72267,0.07616191433099288
A,c124,2,0,11.72467,0.09148487754383479
A,c125,2,0,11.77794,0.06878789745797002
A,c125,2,0,11.77994,0.057998938632479555
A,c125,2,0,11.78194,0.0732758464043106
A,c126,2,0,11.84101,0.05003322495015064
A,c126,2,0,11.84301,0.03979736059279735
A,c126,2,0,11.84501,0.054990805255355546
A,c127,2,0,11.78788,0.02439126164691881
A,c127,2,0,11.78988,0.0156568627625492
A,c127,2,0,11.79188,0.029572715257188745
A,c128,2,0,11.86015,0.028847614868868172
A,c128,2,0,11.86215,0.020090033297479038
A,c128,2,0,11.86415,0.03406891983144242
A,c129,2,0,11.79396,0.021478960900831033
A,c129,2,0,11.79596,0.012173691144846798
A,c129,2,0,11.79796,0.026858304042367182
A,c130,2,0,11.73597,0.10374226664529676
A,c130,2,0,11.73797,0.09302090121245928
A,c130,2,0,11.73997,0.10836153572115184
A,c131,2,0,11.76899,0.060450738396266336
A,c131,2,0,11.77099,0.04521249500829433
A,c131,2,0,11.77299,0.05780049886612982
A,c132,2,0,11.80041,0.027058546222093763
A,c132,2,0,11.80241,0.015943660389972723
A,c132,2,0,11.80441,0.03118467323599288
A,c133,2,0,11.8176,0.030270447489262508
A,c133,2,0,11.8196,0.019660768393097522
A,c133,2,0,11.8216,0.03488109480103082
A,c134,2,0,11.7552,0.0773069999247675
A,c134,2,0,11.7572,0.06632822389093654
A,c134,2,0,11.7592,0.08145492915597034
A,c135,2,0,11.7788,0.052535656602359614
A,c135,2,0,11.7808,0.04165219221163523
A,c135,2,0,11.7828,0.0568931911926142
A,c136,2,0,11.75491,0.033680631262511515
A,c136,2,0,11.75691,0.01856049702564558
A,c136,2,0,11.75891,0.03020221827576618
A,c137,2,0,11.84997,0.0734663649156188
A,c137,2,0,11.85197,0.05830287667877181
A,c137,2,0,11.85397,0.06928479475325341
A,c138,2,0,11.7449,0.10016310783212919
A,c138,2,0,11.7469,0.08967795082780036
A,c138,2,0,11.7489,0.10500699103158535
A,c139,2,0,11.843,0.10086643836809839
A,c139,2,0,11.845,0.09043700308249011
A,c139,2,0,11.847,0.10552965049001432
A,c140,2,0,11.8402,0.01939684649112911
A,c140,2,0,11.8422,0.008509486607924563
A,c140,2,0,11.8442,0.02367738119817335
A,c141,2,0,11.80009,0.08773955626293975
A,c141,2,0,11.80209,0.07701088072375903
A,c141,2,0,11.80409,0.0920451845283347
A,c142,2,0,11.83757,0.041100022886664526
A,c142,2,0,11.83957,0.02603220026375077
A,c142,2,0,11.84157,0.0371465043233294
A,c143,2,0,11.80405,0.02587731081745042
A,c143,2,0,11.80605,0.01565439753949095
A,c143,2,0,11.80805,0.030880817842688646
A,c144,2,0,11.80885,0.04405386705975126
A,c144,2,0,11.81085,0.03307317200367465
A,c144,2,0,11.81285,0.048062116770295475
A,c145,2,0,11.78417,0.047891376857944916
A,c145,2,0,11.78617,0.03295862644646455
A,c145,2,0,11.78817,0.04612346220273721
A,c146,2,0,11.80498,0.0616416880956255
A,c146,2,0,11.80698,0.052082329676095385
A,c146,2,0,11.80898,0.0672464720711753
A,c147,2,0,11.78507,0.06213960141616406
A,c147,2,0,11.78707,0.051782685226465085
A,c147,2,0,11.78907,0.06705007445360278
A,c148,2,0,11.80429,0.06418067818687183
A,c148,2,0,11.80629,0.04895330680992569
A,c148,2,0,11.80829,0.05988867005395361
A,c149,2,0,11.79412,0.032456017313780706
A,c149,2,0,11.79612,0.017212684992519905
A,c149,2,0,11.79812,0.030562160321684753
A,c150,2,0,11.74053,0.12057098371880266
A,c150,2,0,11.74253,0.10993003797466952
A,c150,2,0,11.74453,0.12526737742436428
A,c151,2,0,11.81536,0.05879180817096967
A,c151,2,0,11.81736,0.04367745439494143
A,c151,2,0,11.81936,0.055399225164959924
A,c152,2,0,11.83088,0.07683122260011793
A,c152,2,0,11.83288,0.06611140035969769
A,c152,2,0,11.83488,0.08132145178189783
A,c153,2,0,11.81785,0.01960493507475834
A,c153,2,0,11.81985,0.008872376007363273
A,c153,2,0,11.82185,0.023691048934651286
A,c154,2,0,11.7379,0.14676746881770875
A,c154,2,0,11.7399,0.13582321559281954
A,c154,2,0,11.7419,0.15116406905873614
A,c155,2,0,11.83037,0.034422698289415764
A,c155,2,0,11.83237,0.01922505631671367
A,c155,2,0,11.83437,0.03198317204648644
A,c156,2,0,11.74371,0.077194221251121
A,c156,2,0,11.74571,0.06656341252427635
A,c156,2,0,11.74771,0.08188735099331652
A,c157,2,0,11.7812,0.023143601388509877
A,c157,2,0,11.7832,0.007880183516311338
A,c157,2,0,11.7852,0.021230316609013415
A,c158,2,0,11.81809,0.08916060563417758
A,c158,2,0,11.82009,0.07840848252897334
A,c158,2,0,11.82209,0.09347902429736998
A,c159,2,0,11.75629,0.059803375079733344
A,c159,2,0,11.75829,0.044515886185290565
A,c159,2,0,11.76029,0.05550611003748296
A,c160,2,0,11.82014,0.047517453041218814
A,c160,2,0,11.82214,0.037299428456769736
A,c160,2,0,11.82414,0.052518990957842376
A,c161,2,0,11.78454,0.13055656734042612
A,c161,2,0,11.78654,0.12015825225281496
A,c161,2,0,11.78854,0.1353742917693152
A,c162,2,0,11.78011,0.0905030784619788
A,c162,2,0,11.78211,0.07959862682088852
A,c162,2,0,11.78411,0.09487603054074413
A,c163,2,0,11.83227,0.04462009698933916
A,c163,2,0,11.83427,0.03375338910983521
A,c163,2,0,11.83627,0.04881795239695161
A,c164,2,0,11.76532,0.11292425542520086
A,c164,2,0,11.76732,0.10217519329804091
A,c164,2,0,11.76932,0.11747723209528275
A,c165,2,0,11.77555,0.047743194493150384
A,c165,2,0,11.77755,0.03903500600116511
A,c165,2,0,11.77955,0.05340012612976043
A,c166,2,0,11.8067,0.15653066072605049
A,c166,2,0,11.8087,0.14589887782168326
A,c166,2,0,11.8107,0.16115468943873706
A,c167,2,0,11.78032,0.06781010050175117
A,c167,2,0,11.78232,0.056905601386675525
A,c167,2,0,11.78432,0.07218030575973185
A,c168,2,0,11.77779,0.061267280625441234
A,c168,2,0,11.77979,0.051598956516266385
A,c168,2,0,11.78179,0.06674269664140314
A,c169,2,0,11.86144,0.032164663401594316
A,c169,2,0,11.86344,0.02350575301517876
A,c169,2,0,11.86544,0.03741075229922292
A,c170,2,0,11.70665,0.07825764595473479
A,c170,2,0,11.70865,0.06893761702757249
A,c170,2,0,11.71065,0.08384431387462535
A,c171,2,0,11.80753,0.06991857030480636
A,c171,2,0,11.80953,0.05925255910481147
A,c171,2,0,11.81153,0.0743914457979327
A,c172,2,0,11.82655,0.04247980773044418
A,c172,2,0,11.82855,0.03224195919317354
A,c172,2,0,11.83055,0.04728243567563771
A,c173,2,0,11.83644,0.06589272711769316
A,c173,2,0,11.83844,0.05070710126877988
A,c173,2,0,11.84044,0.06272713524930552
A,c174,2,0,11.75945,0.08847007192825518
A,c174,2,0,11.76145,0.07761821601955665
A,c174,2,0,11.76345,0.09274473518613685
A,c175,2,0,11.76046,0.09533273730993244
A,c175,2,0,11.76246,0.0848279688894336
A,c175,2,0,11.76446,0.09987247693846743
A,c176,2,0,11.76441,0.08191940584196516
A,c176,2,0,11.76641,0.06668023720251869
A,c176,2,0,11.76841,0.07873412782301853
A,c177,2,0,11.75337,0.14562083523279334
A,c177,2,0,11.75537,0.13539921123327195
A,c177,2,0,11.75737,0.15072225046399065
A,c178,2,0,11.77848,0.05993630196323259
A,c178,2,0,11.78048,0.04898496097983266
A,c178,2,0,11.78248,0.0641191268745431
A,c179,2,0,11.78266,0.04473124928860579
A,c179,2,0,11.78466,0.03375898650182399
A,c179,2,0,11.78666,0.04900095880646785
A,c180,2,0,11.80812,0.021386006104814365
A,c180,2,0,11.81012,0.010752450291793171
A,c180,2,0,11.81212,0.025812787930109618
A,c181,2,0,11.73564,0.04853792353027366
A,c181,2,0,11.73764,0.03328082374419091
A,c181,2,0,11.73964,0.04714185108001294
A,c182,2,0,11.80851,0.07110442401333751
A,c182,2,0,11.81051,0.06017679127277882
A,c182,2,0,11.81251,0.07536668987908589
A,c183,2,0,11.7745,0.1024366666172322
A,c183,2,0,11.7765,0.09234310626726766
A,c183,2,0,11.7785,0.10763313702406387
A,c184,2,0,11.73131,0.12134163422834146
A,c184,2,0,11.73331,0.11098941717434516
A,c184,2,0,11.73531,0.12627600865504238
A,c185,2,0,11.76014,0.05857767598047969
A,c185,2,0,11.76214,0.04942272953201
A,c185,2,0,11.76414,0.06444158188034975
A,c186,2,0,11.78016,0.10998620031156339
A,c186,2,0,11.78216,0.09975269003504532
A,c186,2,0,11.78416,0.11503496707013426
A,c187,2,0,11.76474,0.09912618349696518
A,c187,2,0,11.76674,0.08819451925654952
A,c187,2,0,11.76874,0.1032968793114676
A,c188,2,0,11.75898,0.1440110271443944
A,c188,2,0,11.76098,0.13321445278886168
A,c188,2,0,11.76298,0.14841597577446858
A,c189,2,0,11.78554,0.05511935490140049
A,c189,2,0,11.78754,0.03986738756806177
A,c189,2,0,11.78954,0.05103644839666225
A,c190,2,0,11.79973,0.08943073849317335
A,c190,2,0,11.80173,0.07869552103077171
A,c190,2,0,11.80373,0.09379734646184967
A,c191,2,0,11.79447,0.11500295494858452
A,c191,2,0,11.79647,0.10436464943479382
A,c191,2,0,11.79847,0.11952286834513284
A,c192,2,0,11.79702,0.014554580655186871
A,c192,2,0,11.79902,0.0036411030276247832
A,c192,2,0,11.80102,0.01880471066835752
A,c193,2,0,11.83323,0.027674575718539023
A,c193,2,0,11.83523,0.01258501318139751
A,c193,2,0,11.83723,0.024273441781079215
A,c194,2,0,11.7553,0.14900516664221078
A,c194,2,0,11.7573,0.13862190918079922
A,c194,2,0,11.7593,0.15390455466788394
A,c195,2,0,11.81743,0.07619817234765745
A,c195,2,0,11.81943,0.06532114865382084
A,c195,2,0,11.82143,0.08054798040006028
A,c196,2,0,11.78447,0.034761900269019236
A,c196,2,0,11.78647,0.019800878923726842
A,c196,2,0,11.78847,0.031012377505689363
A,c197,2,0,11.80099,0.04930050773818689
A,c197,2,0,11.80299,0.038456943322015345
A,c197,2,0,11.80499,0.053702312280877136
A,c198,2,0,11.80845,0.03998218825229347
A,c198,2,0,11.81045,0.030231139669399516
A,c198,2,0,11.81245,0.045365541043252446
A,c199,2,0,11.78518,0.07649435786852676
A,c199,2,0,11.78718,0.06559569786615085
A,c199,2,0,11.78918,0.0806848745152312
A,c000,3,0,11.82592,0.01783306052324948
A,c000,3,0,11.82792,0.0028296279369952864
A,c000,3,0,11.82992,0.015151184377755197
A,c001,3,0,11.81953,0.04877607072774379
A,c001,3,0,11.82153,0.03377147197709222
A,c001,3,0,11.82353,0.04546758154135789
A,c002,3,0,11.81293,0.12685591270611846
A,c002,3,0,11.81493,0.11611658155913918
A,c002,3,0,11.81693,0.1308882842561366
A,c003,3,0,11.81097,0.055523104565598634
A,c003,3,0,11.81297,0.04467680420019948
A,c003,3,0,11.81497,0.05967652153905137
A,c004,3,0,11.76225,0.02381345147730396
A,c004,3,0,11.76425,0.013255188008826356
A,c004,3,0,11.76625,0.028545055314164694
A,c005,3,0,11.83062,0.11115939113133558
A,c005,3,0,11.83262,0.10208367335492072
A,c005,3,0,11.83462,0.11730066992015617
A,c006,3,0,11.84078,0.11767792285908434
A,c006,3,0,11.84278,0.10710119673765546
A,c006,3,0,11.84478,0.12230803924442159
A,c007,3,0,11.74515,0.12402391273377147
A,c007,3,0,11.74715,0.11309159630676802
A,c007,3,0,11.74915,0.1282508502011362
A,c008,3,0,11.7767,0.06694345912000545
A,c008,3,0,11.7787,0.05622938997207298
A,c008,3,0,11.7807,0.07150981002236625
A,c009,3,0,11.72306,0.11232159186530755
A,c009,3,0,11.72506,0.10198536881773755
A,c009,3,0,11.72706,0.11729933013157282
A,c010,3,0,11.81424,0.13686079790132766
A,c010,3,0,11.81624,0.12628862212461472
A,c010,3,0,11.81824,0.14141233381883983
A,c011,3,0,11.81489,0.08402329803192503
A,c011,3,0,11.81689,0.07318676392383541
A,c011,3,0,11.81889,0.08813069134248931
A,c012,3,0,11.75555,0.13374075949918246
A,c012,3,0,11.75755,0.12287200949504601
A,c012,3,0,11.75955,0.1380702912031695
A,c013,3,0,11.77097,0.026725256088887643
A,c013,3,0,11.77297,0.017519853722957716
A,c013,3,0,11.77497,0.03236875087268284
A,c014,3,0,11.7554,0.032334507622030176
A,c014,3,0,11.7574,0.017038790959975608
A,c014,3,0,11.7594,0.030500739773661828
A,c015,3,0,11.76704,0.05831422482272356
A,c015,3,0,11.76904,0.047871061316376
A,c015,3,0,11.77104,0.06298245705466768
A,c016,3,0,11.79049,0.06454892548328324
A,c016,3,0,11.79249,0.05378454257613929
A,c016,3,0,11.79449,0.06888309695546774
A,c017,3,0,11.80852,0.059592486143229324
A,c017,3,0,11.81052,0.0496796866840657
A,c017,3,0,11.81252,0.06485947939024475
A,c018,3,0,11.83054,0.05127524248204186
A,c018,3,0,11.83254,0.036191081529631464
A,c018,3,0,11.83454,0.04730511300222635
A,c019,3,0,11.82823,0.02360511595838698
A,c019,3,0,11.83023,0.01251304121467526
A,c019,3,0,11.83223,0.027716722921933473
A,c020,3,0,11.75535,0.11452430205582323
A,c020,3,0,11.75735,0.10373683325272341
A,c020,3,0,11.75935,0.11905415408414965
A,c021,3,0,11.73487,0.03164181998833609
A,c021,3,0,11.73687,0.022399427106527075
A,c021,3,0,11.73887,0.03736277561620388
A,c022,3,0,11.84714,0.059168148497811
A,c022,3,0,11.84914,0.04399582041890769
A,c022,3,0,11.85114,0.05665711274609533
A,c023,3,0,11.77113,0.014698229703790396
A,c023,3,0,11.77313,0.002517682872981839
A,c023,3,0,11.77513,0.017794079949532315
A,c024,3,0,11.78634,0.0260103217916084
A,c024,3,0,11.78834,0.016525680161347155
A,c024,3,0,11.79034,0.03167536742791016
A,c025,3,0,11.8361,0.028468864288712665
A,c025,3,0,11.8381,0.013279647272396285
A,c025,3,0,11.8401,0.024904429381131143
A,c026,3,0,11.79682,0.07530396687592582
A,c026,3,0,11.79882,0.06469445366141446
A,c026,3,0,11.80082,0.07994912234194748
A,c027,3,0,11.77489,0.05043146154005718
A,c027,3,0,11.77689,0.035373381696536116
A,c027,3,0,11.77889,0.04744492698375154
A,c028,3,0,11.79031,0.054426373085815265
A,c028,3,0,11.79231,0.03946896795689388
A,c028,3,0,11.79431,0.0520169806032894
A,c029,3,0,11.74657,0.09581005745228659
A,c029,3,0,11.74857,0.08497572972629411
A,c029,3,0,11.75057,0.10030023008521885
A,c030,3,0,11.77575,0.11875395178829576
A,c030,3,0,11.77775,0.10790519320366385
A,c030,3,0,11.77975,0.12316354032624952
A,c031,3,0,11.75867,0.08435638142174125
A,c031,3,0,11.76067,0.07347732932741048
A,c031,3,0,11.76267,0.08878182279087472
A,c032,3,0,11.79619,0.02725286281552665
A,c032,3,0,11.79819,0.01220005733608083
A,c032,3,0,11.80019,0.025583355669960797
A,c033,3,0,11.79858,0.13211190587203164
A,c033,3,0,11.80058,0.1212557372866383
A,c033,3,0,11.80258,0.1364709881533333
A,c034,3,0,11.7379,0.01668856553025149
A,c034,3,0,11.7399,0.005020438257723875
A,c034,3,0,11.7419,0.020123307957273052
A,c035,3,0,11.84848,0.07561950801765902
A,c035,3,0,11.85048,0.06549546224737192
A,c035,3,0,11.85248,0.08055110443121317
A,c036,3,0,11.82657,0.041637533421755364
A,c036,3,0,11.82857,0.026437438086738985
A,c036,3,0,11.83057,0.03811345850296966
A,c037,3,0,11.78954,0.03438325854189732
A,c037,3,0,11.79154,0.02468546984766114
A,c037,3,0,11.79354,0.03982799035857202
A,c038,3,0,11.81953,0.09300017057367559
A,c038,3,0,11.82153,0.08234773031397596
A,c038,3,0,11.82353,0.09748898298937075
A,c039,3,0,11.77387,0.12204423947484067
A,c039,3,0,11.77587,0.11114052391693316
A,c039,3,0,11.77787,0.12620799581717332
A,c040,3,0,11.82201,0.04413212529733607
A,c040,3,0,11.82401,0.029091097248922768
A,c040,3,0,11.82601,0.04077839391727426
A,c041,3,0,11.86331,0.051452095972199685
A,c041,3,0,11.86531,0.03652602766359567
A,c041,3,0,11.86731,0.04935145689032669
A,c042,3,0,11.84223,0.050978401854570476
A,c042,3,0,11.84423,0.03589037153188391
A,c042,3,0,11.84623,0.04687791851066729
A,c043,3,0,11.80608,0.020589223274787714
A,c043,3,0,11.80808,0.011545166888468737
A,c043,3,0,11.81008,0.025834969692820176
A,c044,3,0,11.78687,0.03494613602069
A,c044,3,0,11.78887,0.023929723301694867
A,c044,3,0,11.79087,0.03907215262259335
A,c045,3,0,11.7603,0.04845919106224649
A,c045,3,0,11.7623,0.03793056496336586
A,c045,3,0,11.7643,0.05322644804400383
A,c046,3,0,11.773,0.08329080591699888
A,c046,3,0,11.775,0.0730322425402353
A,c046,3,0,11.777,0.08832017669032015
A,c047,3,0,11.81077,0.036439343036214
A,c047,3,0,11.81277,0.025434184118489505
A,c047,3,0,11.81477,0.04045838311478677
A,c048,3,0,11.75604,0.01578255473871939
A,c048,3,0,11.75804,0.006392189771555823
A,c048,3,0,11.76004,0.02060890466019853
A,c049,3,0,11.80273,0.08131412542338137
A,c049,3,0,11.80473,0.06609090243154056
A,c049,3,0,11.80673,0.07766572417509097
A,c050,3,0,11.76533,0.08319815385501121
A,c050,3,0,11.76733,0.0725611448005359
A,c050,3,0,11.76933,0.0878212466704837
A,c051,3,0,11.83505,0.02793249629570492
A,c051,3,0,11.83705,0.018805643053935114
A,c051,3,0,11.83905,0.03334329193445692
A,c052,3,0,11.82395,0.06504142041292103
A,c052,3,0,11.82595,0.05515115711961957
A,c052,3,0,11.82795,0.0703277036855859
A,c053,3,0,11.82474,0.09896692465226493
A,c053,3,0,11.82674,0.08863922446786703
A,c053,3,0,11.82874,0.10359216619677972
A,c054,3,0,11.77587,0.06117815491686094
A,c054,3,0,11.77787,0.050274128144368796
A,c054,3,0,11.77987,0.0655517769183127
A,c055,3,0,11.80403,0.0736702983197701
A,c055,3,0,11.80603,0.05860566384390878
A,c055,3,0,11.80803,0.06965668863430598
A,c056,3,0,11.79904,0.05327277748585777
A,c056,3,0,11.80104,0.042307675792402175
A,c056,3,0,11.80304,0.05743280990446114
A,c057,3,0,11.77662,0.0953908672819005
A,c057,3,0,11.77862,0.08460830201148344
A,c057,3,0,11.78062,0.09979774141660523
A,c058,3,0,11.76857,0.03410262707307
A,c058,3,0,11.77057,0.018824396159303442
A,c058,3,0,11.77257,0.030043515639421637
A,c059,3,0,11.79257,0.08892906550746778
A,c059,3,0,11.79457,0.07809640959466416
A,c059,3,0,11.79657,0.09326294403595232
A,c060,3,0,11.76356,0.0797929276910985
A,c060,3,0,11.76556,0.06884217991729562
A,c060,3,0,11.76756,0.0839248257781827
A,c061,3,0,11.83171,0.051440625484171665
A,c061,3,0,11.83371,0.03624664066392693
A,c061,3,0,11.83571,0.04977350612972414
A,c062,3,0,11.72616,0.11068332060096676
A,c062,3,0,11.72816,0.1002222720758807
A,c062,3,0,11.73016,0.11557563889302151
A,c063,3,0,11.79384,0.05704423357617363
A,c063,3,0,11.79584,0.04660340229076737
A,c063,3,0,11.79784,0.06161832224981237
A,c064,3,0,11.80496,0.1066104532203486
A,c064,3,0,11.80696,0.09639247589217148
A,c064,3,0,11.80896,0.11164096284146734
A,c065,3,0,11.82961,0.047665689105887414
A,c065,3,0,11.83161,0.03794080341830756
A,c065,3,0,11.83361,0.05298271183254007
A,c066,3,0,11.75816,0.058195974059662946
A,c066,3,0,11.76016,0.04858696218332464
A,c066,3,0,11.76216,0.06361800136869031
A,c067,3,0,11.82181,0.06987392457150066
A,c067,3,0,11.82381,0.054944780577707165
A,c067,3,0,11.82581,0.06785969205086574
A,c068,3,0,11.81704,0.09066093548047865
A,c068,3,0,11.81904,0.07977694488649643
A,c068,3,0,11.82104,0.09480683036172212
A,c069,3,0,11.78589,0.02885453409736759
A,c069,3,0,11.78789,0.019018534396953377
A,c069,3,0,11.78989,0.03423501828729557
A,c070,3,0,11.7824,0.09826970813651814
A,c070,3,0,11.7844,0.08842427751696667
A,c070,3,0,11.7864,0.10370264277966909
A,c071,3,0,11.79691,0.039289293192014026
A,c071,3,0,11.79891,0.028719375793353423
A,c071,3,0,11.80091,0.04384170040295228
A,c072,3,0,11.81726,0.06985885208156312
A,c072,3,0,11.81926,0.05465169529738479
A,c072,3,0,11.82126,0.0670307330983755
A,c073,3,0,11.75311,0.08882890987860856
A,c073,3,0,11.75511,0.0783579810392837
A,c073,3,0,11.75711,0.09367112139810745
A,c074,3,0,11.79654,0.05102702175911135
A,c074,3,0,11.79854,0.035809534369884564
A,c074,3,0,11.80054,0.048165038729983234
A,c075,3,0,11.81023,0.015938525231727712
A,c075,3,0,11.81223,0.004620999797086241
A,c075,3,0,11.81423,0.018468100053372124
A,c076,3,0,11.81453,0.059794709922880156
A,c076,3,0,11.81653,0.044846426172261485
A,c076,3,0,11.81853,0.05718576437975362
A,c077,3,0,11.78721,0.02224267976454459
A,c077,3,0,11.78921,0.013032716034062983
A,c077,3,0,11.79121,0.027295576847999936
A,c078,3,0,11.78681,0.02646492589383045
A,c078,3,0,11.78881,0.01140883711197135
A,c078,3,0,11.79081,0.022737036307000424
A,c079,3,0,11.7506,0.04429877743642918
A,c079,3,0,11.7526,0.029048381122924245
A,c079,3,0,11.7546,0.04092517568577416
A,c080,3,0,11.76599,0.14836461705595697
A,c080,3,0,11.76799,0.1374791640082782
A,c080,3,0,11.76999,0.15274793928571184
A,c081,3,0,11.82466,0.1318678540594689
A,c081,3,0,11.82666,0.1210951230308145
A,c081,3,0,11.82866,0.13612072436304823
A,c082,3,0,11.79129,0.0530728811317992
A,c082,3,0,11.79329,0.042185307133403245
A,c082,3,0,11.79529,0.05740132466946963
A,c083,3,0,11.81974,0.08915406197536005
A,c083,3,0,11.82174,0.0741696820401704
A,c083,3,0,11.82374,0.08667533750202519
A,c084,3,0,11.80036,0.042471194519618345
A,c084,3,0,11.80236,0.027237323741989006
A,c084,3,0,11.80436,0.039392544627747474
A,c085,3,0,11.80652,0.09559730290450108
A,c085,3,0,11.80852,0.0856012946602719
A,c085,3,0,11.81052,0.10084753356023968
A,c086,3,0,11.78519,0.016663002255646635
A,c086,3,0,11.78719,0.005180276473573964
A,c086,3,0,11.78919,0.02021615848475064
A,c087,3,0,11.78276,0.12319604313218017
A,c087,3,0,11.78476,0.11247028115434761
A,c087,3,0,11.78676,0.12775365843082148
A,c088,3,0,11.79756,0.13731576137930981
A,c088,3,0,11.79956,0.12654968883957476
A,c088,3,0,11.80156,0.14181337428897942
A,c089,3,0,11.7556,0.08913701181150245
A,c089,3,0,11.7576,0.07884416330315573
A,c089,3,0,11.7596,0.09405165257118733
A,c090,3,0,11.77569,0.019596275944174426
A,c090,3,0,11.77769,0.0044897635990500985
A,c090,3,0,11.77969,0.01639990220538621
A,c091,3,0,11.80352,0.07102930356455713
A,c091,3,0,11.80552,0.0600644809339885
A,c091,3,0,11.80752,0.07516907614789453
A,c092,3,0,11.8634,0.04435740364143623
A,c092,3,0,11.8654,0.02920546679291973
A,c092,3,0,11.8674,0.04105652630538047
A,c093,3,0,11.74291,0.04794088355055818
A,c093,3,0,11.74491,0.03898701102102019
A,c093,3,0,11.74691,0.05393176835184205
A,c094,3,0,11.78877,0.09599877463713874
A,c094,3,0,11.79077,0.0855329797057413
A,c094,3,0,11.79277,0.10080282743212855
A,c095,3,0,11.77677,0.04757769254658774
A,c095,3,0,11.77877,0.03231239853367937
A,c095,3,0,11.78077,0.04318764029791266
A,c096,3,0,11.82912,0.04091524656416027
A,c096,3,0,11.83112,0.02580231606909246
A,c096,3,0,11.83312,0.03847941679298126
A,c097,3,0,11.81622,0.06851045555250329
A,c097,3,0,11.81822,0.05366741136171232
A,c097,3,0,11.82022,0.06496939135694929
A,c098,3,0,11.83494,0.05294531501931257
A,c098,3,0,11.83694,0.037903659905897745
A,c098,3,0,11.83894,0.05112440826377534
A,c099,3,0,11.78358,0.08920990662003102
A,c099,3,0,11.78558,0.07828656076143775
A,c099,3,0,11.78758,0.09337837429557247
A,c100,3,0,11.86326,0.04454050049305795
A,c100,3,0,11.86526,0.029431073925774525
A,c100,3,0,11.86726,0.04120251492858989
A,c101,3,0,11.84991,0.03137555821884063
A,c101,3,0,11.85191,0.016416855589337042
A,c101,3,0,11.85391,0.02997873909962865
A,c102,3,0,11.83632,0.020503840442607276
A,c102,3,0,11.83832,0.01141790421288506
A,c102,3,0,11.84032,0.025952914056148985
A,c103,3,0,11.80183,0.13926171140301635
A,c103,3,0,11.80383,0.12864575561593214
A,c103,3,0,11.80583,0.14389305893875196
A,c104,3,0,11.76549,0.06294906593916133
A,c104,3,0,11.76749,0.047902991215223144
A,c104,3,0,11.76949,0.06069477858894105
A,c105,3,0,11.73661,0.11312066532375444
A,c105,3,0,11.73861,0.10248294952336759
A,c105,3,0,11.74061,0.11753138622127883
A,c106,3,0,11.81262,0.10742604183787798
A,c106,3,0,11.81462,0.09668374090910514
A,c106,3,0,11.81662,0.11192409382619627
A,c107,3,0,11.77336,0.08457851014377682
A,c107,3,0,11.77536,0.07367028076753873
A,c107,3,0,11.77736,0.08864152625275748
A,c108,3,0,11.80143,0.05706518900265
A,c108,3,0,11.80343,0.04705457449207962
A,c108,3,0,11.80543,0.062179517616490154
A,c109,3,0,11.75308,0.050742033699364
A,c109,3,0,11.75508,0.03544618116600973
A,c109,3,0,11.75708,0.0468956092954885
A,c110,3,0,11.81756,0.040635812290529996
A,c110,3,0,11.81956,0.030187774399394057
A,c110,3,0,11.82156,0.0451738032767619
A,c111,3,0,11.7606,0.04924463501226313
A,c111,3,0,11.7626,0.04030564637222472
A,c111,3,0,11.7646,0.05457376527800842
A,c112,3,0,11.81114,0.06920923905175778
A,c112,3,0,11.81314,0.05399275751330197
A,c112,3,0,11.81514,0.065613862661001
A,c113,3,0,11.77726,0.1268328363658201
A,c113,3,0,11.77926,0.1162220666888504
A,c113,3,0,11.78126,0.13151015431949376
A,c114,3,0,11.75208,0.07223514274788367
A,c114,3,0,11.75408,0.06164489191749204
A,c114,3,0,11.75608,0.07680555232890793
A,c115,3,0,11.78486,0.07001441590106236
A,c115,3,0,11.78686,0.059185447124912346
A,c115,3,0,11.78886,0.07424609474525536
A,c116,3,0,11.80444,0.031191017389676355
A,c116,3,0,11.80644,0.016084189916048604
A,c116,3,0,11.80844,0.029016601861835353
A,c117,3,0,11.78912,0.07557538583698059
A,c117,3,0,11.79112,0.06585021331990352
A,c117,3,0,11.79312,0.08089207940434424
A,c118,3,0,11.83149,0.04764437052368097
A,c118,3,0,11.83349,0.03255667850493519
A,c118,3,0,11.83549,0.04546603398052618
A,c119,3,0,11.76138,0.02530739372768857
A,c119,3,0,11.76338,0.014916140223829396
A,c119,3,0,11.76538,0.029952315511042646
A,c120,3,0,11.7348,0.11117477646538884
A,c120,3,0,11.7368,0.10053531075928349
A,c120,3,0,11.7388,0.11587725509758866
A,c121,3,0,11.79156,0.09501111768277719
A,c121,3,0,11.79356,0.0843273476318406
A,c121,3,0,11.79556,0.09937349731891044
A,c122,3,0,11.7915,0.09988434704727558
A,c122,3,0,11.7935,0.08904055886485562
A,c122,3,0,11.7955,0.1042648908755284
A,c123,3,0,11.78231,0.017564720324862823
A,c123,3,0,11.78431,0.007462674744318559
A,c123,3,0,11.78631,0.02272751316897691
A,c124,3,0,11.72162,0.08147811232951854
A,c124,3,0,11.72362,0.07083426656158322
A,c124,3,0,11.72562,0.08618918217755728
A,c125,3,0,11.78045,0.054593142972254344
A,c125,3,0,11.78245,0.04360615417020358
A,c125,3,0,11.78445,0.058844858512424686
A,c126,3,0,11.84311,0.03829206096382347
A,c126,3,0,11.84511,0.02812301803690303
A,c126,3,0,11.84711,0.043311682152077445
A,c127,3,0,11.78691,0.030021591873324312
A,c127,3,0,11.78891,0.021130103776728745
A,c127,3,0,11.79091,0.035561359295415505
A,c128,3,0,11.86055,0.0265278108413217
A,c128,3,0,11.86255,0.01784572767776624
A,c128,3,0,11.86455,0.03161530845564872
A,c129,3,0,11.79098,0.0378949961245154
A,c129,3,0,11.79298,0.028124587360085714
A,c129,3,0,11.79498,0.04337999126706631
A,c130,3,0,11.73545,0.10669003529716227
A,c130,3,0,11.73745,0.09580106880810857
A,c130,3,0,11.73945,0.11114288789703293
A,c131,3,0,11.76765,0.05451930911964602
A,c131,3,0,11.76965,0.03924503723811401
A,c131,3,0,11.77165,0.05181681110284819
A,c132,3,0,11.79756,0.04303265098215933
A,c132,3,0,11.79956,0.031988766666747236
A,c132,3,0,11.80156,0.04705245870683203
A,c133,3,0,11.81957,0.019195638575696457
A,c133,3,0,11.82157,0.008667381589713872
A,c133,3,0,11.82357,0.02353974775694435
A,c134,3,0,11.75306,0.08948840516437696
A,c134,3,0,11.75506,0.07851818015367415
A,c134,3,0,11.75706,0.09362354121128662
A,c135,3,0,11.77567,0.07034704281622779
A,c135,3,0,11.77767,0.059453844098082305
A,c135,3,0,11.77967,0.07462705884220153
A,c136,3,0,11.76112,0.0690327377332087
A,c136,3,0,11.76312,0.053941529373520924
A,c136,3,0,11.76512,0.06514390427417277
A,c137,3,0,11.84997,0.07355751688648782
A,c137,3,0,11.85197,0.058394042637270584
A,c137,3,0,11.85397,0.06928519560484021
A,c138,3,0,11.73944,0.13136991149486923
A,c138,3,0,11.74144,0.12067781300501566
A,c138,3,0,11.74344,0.13601956064190607
A,c139,3,0,11.84525,0.08834266160864182
A,c139,3,0,11.84725,0.07794495605694977
A,c139,3,0,11.84925,0.09310700756759945
A,c140,3,0,11.83454,0.05094723676070391
A,c140,3,0,11.83654,0.04023119988721137
A,c140,3,0,11.83854,0.055432841073804334
A,c141,3,0,11.80524,0.05884074739024187
A,c141,3,0,11.80724,0.04811576549144708
A,c141,3,0,11.80924,0.0630605142214206
A,c142,3,0,11.8396,0.052693005996251076
A,c142,3,0,11.8416,0.03750905799522016
A,c142,3,0,11.8436,0.048412340709035676
A,c143,3,0,11.80398,0.02626511116309723
A,c143,3,0,11.80598,0.016029322983828902
A,c143,3,0,11.80798,0.03106459676459267
A,c144,3,0,11.80605,0.05980380818401664
A,c144,3,0,11.80805,0.04887855184670475
A,c144,3,0,11.81005,0.06411045172546481
A,c145,3,0,11.77874,0.0277078981590498
A,c145,3,0,11.78074,0.018993725113400868
A,c145,3,0,11.78274,0.03282212109050239
A,c146,3,0,11.80057,0.08577886792017096
A,c146,3,0,11.80257,0.0758987180693412
A,c146,3,0,11.80457,0.09101688825332012
A,c147,3,0,11.78779,0.04692432828169811
A,c147,3,0,11.78979,0.036640286167974156
A,c147,3,0,11.79179,0.051762984171050394
A,c148,3,0,11.80602,0.07383163563302533
A,c148,3,0,11.80802,0.05868367018586116
A,c148,3,0,11.81002,0.0696819311708034
A,c149,3,0,11.79389,0.031168856745180686
A,c149,3,0,11.79589,0.016310323249106796
A,c149,3,0,11.79789,0.029833182384395744
A,c150,3,0,11.74103,0.11775053413858777
A,c150,3,0,11.74303,0.10691444937543482
A,c150,3,0,11.74503,0.12214060105540292
A,c151,3,0,11.81732,0.07000682928297183
A,c151,3,0,11.81932,0.05480040790053376
A,c151,3,0,11.82132,0.06623086712690153
A,c152,3,0,11.82957,0.0842068710483749
A,c152,3,0,11.83157,0.07333552681744046
A,c152,3,0,11.83357,0.0885393214711927
A,c153,3,0,11.81815,0.017913014045024527
A,c153,3,0,11.82015,0.007219752525509263
A,c153,3,0,11.82215,0.022267701704447255
A,c154,3,0,11.74258,0.12011680039554234
A,c154,3,0,11.74458,0.10916567866182346
A,c154,3,0,11.74658,0.12433525183987297
A,c155,3,0,11.83068,0.03565763148757288
A,c155,3,0,11.83268,0.02066584650544288
A,c155,3,0,11.83468,0.03342476717826777
A,c156,3,0,11.74141,0.09020033609272263
A,c156,3,0,11.74341,0.07957169916822153
A,c156,3,0,11.74541,0.09490098121268119
A,c157,3,0,11.77864,0.023299484469363873
A,c157,3,0,11.78064,0.013661550958271563
A,c157,3,0,11.78264,0.028653199162787864
A,c158,3,0,11.81666,0.09716718280019097
A,c158,3,0,11.81866,0.0864184979897479
A,c158,3,0,11.82066,0.1015003372272228
A,c159,3,0,11.75669,0.06184658404003409
A,c159,3,0,11.75869,0.04668437290823121
A,c159,3,0,11.76069,0.05777265837220698
A,c160,3,0,11.81989,0.048899477705113534
A,c160,3,0,11.82189,0.03858597352786728
A,c160,3,0,11.82389,0.053439795352094484
A,c161,3,0,11.79122,0.09288512032340378
A,c161,3,0,11.79322,0.0827848790454044
A,c161,3,0,11.79522,0.098049422767902
A,c162,3,0,11.78365,0.07037282558860908
A,c162,3,0,11.78565,0.0594236306501832
A,c162,3,0,11.78765,0.07463895258178085
A,c163,3,0,11.83224,0.04478891929923609
A,c163,3,0,11.83424,0.03392192202162743
A,c163,3,0,11.83624,0.04895365741487463
A,c164,3,0,11.76837,0.09569735380633904
A,c164,3,0,11.77037,0.08483779599822439
A,c164,3,0,11.77237,0.09972163212598757
A,c165,3,0,11.77391,0.056856923839932204
A,c165,3,0,11.77591,0.04780837056791269
A,c165,3,0,11.77791,0.062260327264642805
A,c166,3,0,11.8064,0.1582201878541958
A,c166,3,0,11.8084,0.14738260315893734
A,c166,3,0,11.8104,0.16250004022117265
A,c167,3,0,11.77752,0.0836056869828167
A,c167,3,0,11.77952,0.07269189448951928
A,c167,3,0,11.78152,0.08788671086789107
A,c168,3,0,11.77108,0.09845874781163738
A,c168,3,0,11.77308,0.08849796489835776
A,c168,3,0,11.77508,0.10379319303459901
A,c169,3,0,11.86289,0.04015146753664512
A,c169,3,0,11.86489,0.02501491572378893
A,c169,3,0,11.86689,0.03867536665395469
A,c170,3,0,11.70032,0.11245378346465237
A,c170,3,0,11.70232,0.10280184313817188
A,c170,3,0,11.70432,0.11819009260943444
A,c171,3,0,11.80405,0.0894183321238556
A,c171,3,0,11.80605,0.07874117017357744
A,c171,3,0,11.80805,0.09398678232618202
A,c172,3,0,11.82325,0.061129966140954534
A,c172,3,0,11.82525,0.050868494003856415
A,c172,3,0,11.82725,0.06608609922760453
A,c173,3,0,11.84014,0.08625070288691702
A,c173,3,0,11.84214,0.07107346722765334
A,c173,3,0,11.84414,0.08283619889759215
A,c174,3,0,11.75658,0.10479938499686524
A,c174,3,0,11.75858,0.09393822813745636
A,c174,3,0,11.76058,0.10910472400330257
A,c175,3,0,11.75747,0.11210964720122156
A,c175,3,0,11.75947,0.1015714495907034
A,c175,3,0,11.76147,0.11674825117362264
A,c176,3,0,11.76047,0.060624430818771766
A,c176,3,0,11.76247,0.04534204967997674
A,c176,3,0,11.76447,0.057768661205078335
A,c177,3,0,11.75592,0.13115296277906666
A,c177,3,0,11.75792,0.1207914865492692
A,c177,3,0,11.75992,0.13607660179786205
A,c178,3,0,11.77514,0.07878150924063153
A,c178,3,0,11.77714,0.06798606335419112
A,c178,3,0,11.77914,0.08327133053646107
A,c179,3,0,11.78481,0.03256205538643807
A,c179,3,0,11.78681,0.021608375532145438
A,c179,3,0,11.78881,0.03687217130924974
A,c180,3,0,11.80983,0.015137772448094139
A,c180,3,0,11.81183,0.0015938931580756807
A,c180,3,0,11.81383,0.015966233375268042
A,c181,3,0,11.73487,0.04548626734170193
A,c181,3,0,11.73687,0.036962251345650156
A,c181,3,0,11.73887,0.05062237196510896
A,c182,3,0,11.81487,0.035164554609083125
A,c182,3,0,11.81687,0.024293456106160998
A,c182,3,0,11.81887,0.03951572527966458
A,c183,3,0,11.77698,0.08863522339213498
A,c183,3,0,11.77898,0.07839829258451446
A,c183,3,0,11.78098,0.0935182064692779
A,c184,3,0,11.7275,0.14298798630077503
A,c184,3,0,11.7295,0.13253784168884786
A,c184,3,0,11.7315,0.14780187704935885
A,c185,3,0,11.76459,0.03643700976201194
A,c185,3,0,11.76659,0.02490497607394621
A,c185,3,0,11.76859,0.038831560010073284
A,c186,3,0,11.77928,0.11487950519497704
A,c186,3,0,11.78128,0.10452298981739089
A,c186,3,0,11.78328,0.11963590807730842
A,c187,3,0,11.76105,0.12001865354168471
A,c187,3,0,11.76305,0.10924719741507498
A,c187,3,0,11.76505,0.12455711125600856
A,c188,3,0,11.76128,0.1310064808904092
A,c188,3,0,11.76328,0.12023648872817466
A,c188,3,0,11.76528,0.13554925547124128
A,c189,3,0,11.7838,0.0453358793205847
A,c189,3,0,11.7858,0.03007990431294003
A,c189,3,0,11.7878,0.04145892546261775
A,c190,3,0,11.80267,0.07294093850525107
A,c190,3,0,11.80467,0.06220367308325482
A,c190,3,0,11.80667,0.0771882056796755
A,c191,3,0,11.79736,0.09882216383704359
A,c191,3,0,11.79936,0.08819434771561645
A,c191,3,0,11.80136,0.10327806664305642
A,c192,3,0,11.80366,0.04950851404844339
A,c192,3,0,11.80566,0.03427896099417988
A,c192,3,0,11.80766,0.045371547080079754
A,c193,3,0,11.83118,0.01678802824242585
A,c193,3,0,11.83318,0.0017677711138981082
A,c193,3,0,11.83518,0.015426143167337992
A,c194,3,0,11.75585,0.14588038238846446
A,c194,3,0,11.75785,0.13550966451954785
A,c194,3,0,11.75985,0.15062957639783797
A,c195,3,0,11.82285,0.04569327939306014
A,c195,3,0,11.82485,0.03491970198827057
A,c195,3,0,11.82685,0.05013411658663769
A,c196,3,0,11.78368,0.03042706826428273
A,c196,3,0,11.78568,0.015323979332541688
A,c196,3,0,11.78768,0.02662067252271827
A,c197,3,0,11.7963,0.07585329926574265
A,c197,3,0,11.7983,0.06496146515126988
A,c197,3,0,11.8003,0.0799705801817942
A,c198,3,0,11.81069,0.027776965710328394
A,c198,3,0,11.81269,0.018366880138482124
A,c198,3,0,11.81469,0.0335011061547615
A,c199,3,0,11.78543,0.07508025725703371
A,c199,3,0,11.78743,0.06427877411650092
A,c199,3,0,11.78943,0.07954919123714145
B_initial,c000,1,0,11.78902,0.04057551378419395
B_initial,c000,1,0,11.79102,0.025474868216837677
B_initial,c000,1,0,11.79302,0.038004400405779355
B,c000,1,0,11.63032,0.03859973982923553
B,c000,1,0,11.63232,0.02314339844654329
B,c000,1,0,11.63432,0.035910105523900906
B_initial,c001,1,0,11.87502,0.02060194754104133
B_initial,c001,1,0,11.87702,0.010677342926048047
B_initial,c001,1,0,11.87902,0.02565543441585137
B,c001,1,0,11.81552,0.02248570348951991
B,c001,1,0,11.81752,0.012469110195215986
B,c001,1,0,11.81952,0.02769096665766886
B_initial,c002,1,0,11.86828,0.09926381169725589
B_initial,c002,1,0,11.87028,0.08870833166328153
B_initial,c002,1,0,11.87228,0.10377606044955655
B,c002,1,0,12.13802,0.09173268705044148
B,c002,1,0,12.14002,0.08140745650622162
B,c002,1,0,12.14202,0.09607336558467586
B_initial,c003,1,0,11.78055,0.10103861905065446
B_initial,c003,1,0,11.78255,0.09112082747992706
B_initial,c003,1,0,11.78455,0.10635741641928573
B,c003,1,0,12.04794,0.09333631850688148
B,c003,1,0,12.04994,0.08364942057379145
B,c003,1,0,12.05194,0.0984950718933402
B_initial,c004,1,0,11.71528,0.09448044878935631
B_initial,c004,1,0,11.71728,0.083743591482848
B_initial,c004,1,0,11.71928,0.09910915786519876
B,c004,1,0,11.4586,0.10058061465817068
B,c004,1,0,11.4606,0.0895442218748766
B,c004,1,0,11.4626,0.10515020048900571
B_initial,c005,1,0,12.01386,0.05220858260833459
B_initial,c005,1,0,12.01586,0.042075184324628416
B_initial,c005,1,0,12.01786,0.05700691667428368
B,c005,1,0,12.28585,0.0449265391192763
B,c005,1,0,12.28785,0.035227135568101545
B,c005,1,0,12.28985,0.04987075669759965
B_initial,c006,1,0,11.62628,0.18508152623441526
B_initial,c006,1,0,11.62828,0.17507960727237545
B_initial,c006,1,0,11.63028,0.1905794804962306
B,c006,1,0,11.56861,0.18704536814464234
B,c006,1,0,11.57061,0.17690468021388747
B,c006,1,0,11.57261,0.19236959941319126
B_initial,c007,1,0,11.65546,0.031563818353196806
B_initial,c007,1,0,11.65746,0.020514598478565356
B_initial,c007,1,0,11.65946,0.03594715179555523
B,c007,1,0,11.49623,0.0360268115124102
B,c007,1,0,11.49823,0.02508849491217001
B,c007,1,0,11.50023,0.0407353785771093
B_initial,c008,1,0,11.89754,0.1566084848340235
B_initial,c008,1,0,11.89954,0.1415812763072612
B_initial,c008,1,0,11.90154,0.1539004122535332
B,c008,1,0,11.94823,0.15740874327093424
B,c008,1,0,11.95023,0.14238003604090016
B,c008,1,0,11.95223,0.15458047148143653
B_initial,c009,1,0,11.70221,0.10829603598567691
B_initial,c009,1,0,11.70421,0.09765884417345402
B_initial,c009,1,0,11.70621,0.11278245611244944
B,c009,1,0,11.75308,0.10754959101741837
B,c009,1,0,11.75508,0.09694674257444204
B,c009,1,0,11.75708,0.1122099934541083
B_initial,c010,1,0,11.79997,0.025882408641241497
B_initial,c010,1,0,11.80197,0.01680128355758174
B_initial,c010,1,0,11.80397,0.031160929869365753
B,c010,1,0,11.96194,0.022867436464950562
B,c010,1,0,11.96394,0.014042067361292541
B,c010,1,0,11.96594,0.02785763839022887
B_initial,c011,1,0,11.75813,0.13671619553411718
B_initial,c011,1,0,11.76013,0.12664323590928164
B_initial,c011,1,0,11.76213,0.1418525293941837
B,c011,1,0,11.91721,0.13124901274391756
B,c011,1,0,11.91921,0.12130295211031694
B,c011,1,0,11.92121,0.13611395295013856
B_initial,c012,1,0,11.93036,0.1409616561704747
B_initial,c012,1,0,11.93236,0.13102769112077606
B_initial,c012,1,0,11.93436,0.14612470338354394
B,c012,1,0,11.87104,0.14204039300502008
B,c012,1,0,11.87304,0.13192888454892826
B,c012,1,0,11.87504,0.14696403668926789
B_initial,c013,1,0,11.80357,0.07607729807561982
B_initial,c013,1,0,11.80557,0.06106855749705458
B_initial,c013,1,0,11.80757,0.07237906755236352
B,c013,1,0,11.54383,0.07086114913049932
B,c013,1,0,11.54583,0.0552943415810394
B,c013,1,0,11.54783,0.06674823181400805
B_initial,c014,1,0,11.62894,0.45674396310141985
B_initial,c014,1,0,11.63094,0.4462840829948919
B_initial,c014,1,0,11.63294,0.46178976284624557
B,c014,1,0,11.89437,0.4497630448469438
B,c014,1,0,11.89637,0.43948652432697
B,c014,1,0,11.89837,0.45457049088936446
B_initial,c015,1,0,11.7382,0.14450918545455332
B_initial,c015,1,0,11.7402,0.13394232872869669
B_initial,c015,1,0,11.7422,0.14928717041634337
B,c015,1,0,11.78976,0.14325035751157153
B,c015,1,0,11.79176,0.13268576763524076
B,c015,1,0,11.79376,0.1479123930839695
B_initial,c016,1,0,11.97322,0.0648039599055687
B_initial,c016,1,0,11.97522,0.05507970385649536
B_initial,c016,1,0,11.97722,0.07004562503867275
B,c016,1,0,11.81957,0.06682532452332887
B,c016,1,0,11.82157,0.056995666464578765
B,c016,1,0,11.82357,0.07203579940408891
B_initial,c017,1,0,11.91379,0.06850551203762649
B_initial,c017,1,0,11.91579,0.05863707695230116
B_initial,c017,1,0,11.91779,0.0735802235274711
B,c017,1,0,11.75542,0.07148596902552662
B,c017,1,0,11.75742,0.061616953964558616
B,c017,1,0,11.75942,0.07692533601741404
B_initial,c018,1,0,11.77294,0.07856031724185987
B_initial,c018,1,0,11.77494,0.06330398267849227
B_initial,c018,1,0,11.77694,0.07682559440380096
B,c018,1,0,11.93273,0.08236640402391134
B,c018,1,0,11.93473,0.06730567215373502
B,c018,1,0,11.93673,0.08047586269781148
B_initial,c019,1,0,11.74283,0.024695800708839644
B_initial,c019,1,0,11.74483,0.014613261496098276
B_initial,c019,1,0,11.74683,0.02980155664005352
B,c019,1,0,11.68372,0.026023653768317025
B,c019,1,0,11.68572,0.015890491078532257
B,c019,1,0,11.68772,0.031284340413555045
B_initial,c020,1,0,11.88279,0.05109404443042582
B_initial,c020,1,0,11.88479,0.03596423029023738
B_initial,c020,1,0,11.88679,0.049263874517574316
B,c020,1,0,11.82507,0.049385199227500114
B,c020,1,0,11.82707,0.03450863186932217
B,c020,1,0,11.82907,0.048107009160421134
B_initial,c021,1,0,11.71289,0.11071399538522289
B_initial,c021,1,0,11.71489,0.10118532998713291
B_initial,c021,1,0,11.71689,0.11651242265333699
B,c021,1,0,11.55907,0.11367278228400007
B,c021,1,0,11.56107,0.10404606787083326
B,c021,1,0,11.56307,0.1195589953745782
B_initial,c022,1,0,11.89751,0.06768184257233167
B_initial,c022,1,0,11.89951,0.05693858208722213
B_initial,c022,1,0,11.90151,0.07206346881657431
B,c022,1,0,11.64016,0.07434307451579363
B,c022,1,0,11.64216,0.06334362288671201
B,c022,1,0,11.64416,0.07855974907222432
B_initial,c023,1,0,11.79866,0.17907443789410837
B_initial,c023,1,0,11.80066,0.1692679827543675
B_initial,c023,1,0,11.80266,0.184541784819626
B,c023,1,0,11.84885,0.17748747292775885
B,c023,1,0,11.85085,0.16763668148238237
B,c023,1,0,11.85285,0.18273441848312846
B_initial,c024,1,0,11.81541,0.055649628176397285
B_initial,c024,1,0,11.81741,0.04722381256938071
B_initial,c024,1,0,11.81941,0.06104223769767078
B,c024,1,0,11.97703,0.054731476187319536
B,c024,1,0,11.97903,0.046407323285419924
B,c024,1,0,11.98103,0.060076713755629674
B_initial,c025,1,0,11.65414,0.09918622450403257
B_initial,c025,1,0,11.65614,0.08838772689780516
B_initial,c025,1,0,11.65814,0.10383333366385307
B,c025,1,0,11.91813,0.09277316992284766
B,c025,1,0,11.92013,0.08197166306824855
B,c025,1,0,11.92213,0.09680612154699036
B_initial,c026,1,0,11.85519,0.0964532227667517
B_initial,c026,1,0,11.85719,0.08143589667542994
B_initial,c026,1,0,11.85919,0.09335328547323524
B,c026,1,0,11.79617,0.09458859731218594
B,c026,1,0,11.79817,0.07965074571814423
B,c026,1,0,11.80017,0.09164005825088731
B_initial,c027,1,0,11.88955,0.047047107635786206
B_initial,c027,1,0,11.89155,0.03862737150363383
B_initial,c027,1,0,11.89355,0.05217693826997868
B,c027,1,0,11.94099,0.04667748526369249
B,c027,1,0,11.94299,0.03835685427608809
B,c027,1,0,11.94499,0.05206121148915154
B_initial,c028,1,0,11.71382,0.10853992176199206
B_initial,c028,1,0,11.71582,0.09772307690324047
B_initial,c028,1,0,11.71782,0.11298351418566359
B,c028,1,0,11.76397,0.1073883049739409
B,c028,1,0,11.76597,0.0968279334054233
B,c028,1,0,11.76797,0.11213216984909458
B_initial,c029,1,0,11.76695,0.1235243969915553
B_initial,c029,1,0,11.76895,0.11287080675799933
B_initial,c029,1,0,11.77095,0.12817411115297483
B,c029,1,0,11.70766,0.12497890405184818
B,c029,1,0,11.70966,0.11419947439690405
B,c029,1,0,11.71166,0.1293967553190491
B_initial,c030,1,0,11.78283,0.020948920384573803
B_initial,c030,1,0,11.78483,0.005710330079475244
B_initial,c030,1,0,11.78683,0.01884494136560746
B,c030,1,0,11.94102,0.022885340981163
B,c030,1,0,11.94302,0.007955582704212505
B,c030,1,0,11.94502,0.020595857641530185
B_initial,c031,1,0,11.78656,0.04198507805560766
B_initial,c031,1,0,11.78856,0.03292687809118086
B_initial,c031,1,0,11.79056,0.0474421152279979
B,c031,1,0,11.83732,0.04075847411748623
B,c031,1,0,11.83932,0.031748356632749525
B,c031,1,0,11.84132,0.04619995872643222
B_initial,c032,1,0,11.75836,0.16761584903183846
B_initial,c032,1,0,11.76036,0.15748895483073072
B_initial,c032,1,0,11.76236,0.17281104901306013
B,c032,1,0,11.91689,0.16268980649208245
B,c032,1,0,11.91889,0.15249408711015539
B,c032,1,0,11.92089,0.16730783333410057
B_initial,c033,1,0,11.99637,0.037838716358882016
B_initial,c033,1,0,11.99837,0.027066858137038324
B_initial,c033,1,0,12.00037,0.04205591883349408
B,c033,1,0,11.83672,0.042378097749341405
B,c033,1,0,11.83872,0.03149254127678747
B,c033,1,0,11.84072,0.04657270155908159
B_initial,c034,1,0,11.74526,0.12733245501905255
B_initial,c034,1,0,11.74726,0.11709397624960532
B_initial,c034,1,0,11.74926,0.13242610051900325
B,c034,1,0,11.90237,0.12234392098816012
B,c034,1,0,11.90437,0.1121288686912073
B,c034,1,0,11.90637,0.12723799547292505
B_initial,c035,1,0,11.81463,0.04996784870493089
B_initial,c035,1,0,11.81663,0.04108417706435087
B_initial,c035,1,0,11.81863,0.05564134457172892
B,c035,1,0,11.86444,0.04933481301144074
B,c035,1,0,11.86644,0.04059495172615819
B,c035,1,0,11.86844,0.055165343694717435
B_initial,c036,1,0,11.73804,0.022861262090291136
B_initial,c036,1,0,11.74004,0.007542541729463112
B_initial,c036,1,0,11.74204,0.019103454490728932
B,c036,1,0,11.78899,0.02345350912579621
B,c036,1,0,11.79099,0.00845640614786872
B,c036,1,0,11.79299,0.020052741826340745
B_initial,c037,1,0,11.67898,0.015360286829957135
B_initial,c037,1,0,11.68098,0.006048959394228496
B_initial,c037,1,0,11.68298,0.02047322286420508
B,c037,1,0,11.62002,0.016367629552577347
B,c037,1,0,11.62202,0.006877918935682185
B,c037,1,0,11.62402,0.021373932322265487
B_initial,c038,1,0,11.76657,0.028536832497022446
B_initial,c038,1,0,11.76857,0.013360104055569283
B_initial,c038,1,0,11.77057,0.0262524527452899
B,c038,1,0,11.43362,0.02390787152111129
B,c038,1,0,11.43562,0.008341992895912772
B,c038,1,0,11.43762,0.022128879730717754
B_initial,c039,1,0,11.65075,0.018401986462404905
B_initial,c039,1,0,11.65275,0.007339402230626952
B_initial,c039,1,0,11.65475,0.022283495116279455
B,c039,1,0,11.80841,0.013353026895854343
B,c039,1,0,11.81041,0.002553112245163713
B,c039,1,0,11.81241,0.017777416901034994
B_initial,c040,1,0,11.59343,0.4628434096532029
B_initial,c040,1,0,11.59543,0.4527060495433921
B_initial,c040,1,0,11.59743,0.46829926379179804
B,c040,1,0,11.43888,0.4672727560997942
B,c040,1,0,11.44088,0.4569484556911522
B,c040,1,0,11.44288,0.47275293717227257
B_initial,c041,1,0,11.92163,0.6745597403135921
B_initial,c041,1,0,11.92363,0.659601013738454
B_initial,c041,1,0,11.92563,0.6708665877882458
B,c041,1,0,11.58418,0.6659505167949652
B,c041,1,0,11.58618,0.6506720272593819
B,c041,1,0,11.58818,0.6622015109483185
B_initial,c042,1,0,11.64986,0.031335564839168516
B_initial,c042,1,0,11.65186,0.015901876140209856
B_initial,c042,1,0,11.65386,0.028379025200818708
B,c042,1,0,11.5916,0.03020303151838154
B,c042,1,0,11.5936,0.01476711900081002
B,c042,1,0,11.5956,0.027564019999712
B_initial,c043,1,0,11.81889,0.11041054403959528
B_initial,c043,1,0,11.82089,0.09959399355275243
B_initial,c043,1,0,11.82289,0.11482693077599504
B,c043,1,0,11.87053,0.10928869132087997
B,c043,1,0,11.87253,0.0984916170228717
B,c043,1,0,11.87453,0.11354713765667081
B_initial,c044,1,0,11.94722,0.099018210152026
B_initial,c044,1,0,11.94922,0.08867480705807082
B_initial,c044,1,0,11.95122,0.10364021619550769
B,c044,1,0,12.21723,0.09193877721186358
B,c044,1,0,12.21923,0.08183424025710502
B,c044,1,0,12.22123,0.09633065373797235
B_initial,c045,1,0,11.91186,0.0655482365176373
B_initial,c045,1,0,11.91386,0.05046017114952612
B_initial,c045,1,0,11.91586,0.06126238892508691
B,c045,1,0,11.75298,0.06093020989833489
B,c045,1,0,11.75498,0.04565019717191227
B,c045,1,0,11.75698,0.05673035730263894
B_initial,c046,1,0,11.82496,0.11189927135867854
B_initial,c046,1,0,11.82696,0.10231794380521322
B_initial,c046,1,0,11.82896,0.11730562934237841
B,c046,1,0,11.76677,0.11347880743833998
B,c046,1,0,11.76877,0.10385282013307619
B,c046,1,0,11.77077,0.11881167598616506
B_initial,c047,1,0,11.98363,0.028468360908190885
B_initial,c047,1,0,11.98563,0.013465211169804018
B_initial,c047,1,0,11.98763,0.02632052129327694
B,c047,1,0,12.0346,0.02978781673960053
B,c047,1,0,12.0366,0.014939148819825403
B,c047,1,0,12.0386,0.02772125301738366
B_initial,c048,1,0,11.77034,0.08879024506081602
B_initial,c048,1,0,11.77234,0.07935523546700637
B_initial,c048,1,0,11.77434,0.09464622456778134
B,c048,1,0,11.93061,0.08339658775852586
B,c048,1,0,11.93261,0.07409068671115789
B,c048,1,0,11.93461,0.08917554271929103
B_initial,c049,1,0,11.87211,0.14866491262530496
B_initial,c049,1,0,11.87411,0.13807795674775403
B_initial,c049,1,0,11.87611,0.1532502285886492
B,c049,1,0,11.92367,0.14767333151187395
B,c049,1,0,11.92567,0.1369207190515959
B,c049,1,0,11.92767,0.15179286213496157
B_initial,c050,1,0,11.66047,0.02514528333935821
B_initial,c050,1,0,11.66247,0.009774895090977568
B_initial,c050,1,0,11.66447,0.02250021901873764
B,c050,1,0,11.3996,0.01951884756059389
B,c050,1,0,11.4016,0.0037552153969448348
B,c050,1,0,11.4036,0.01781745084921213
B_initial,c051,1,0,11.7621,0.092151022460409
B_initial,c051,1,0,11.7641,0.07715506531934219
B_initial,c051,1,0,11.7661,0.09052906990938589
B,c051,1,0,11.70365,0.09157851074102777
B,c051,1,0,11.70565,0.07622557665167246
B,c051,1,0,11.70765,0.08949975425917636
B_initial,c052,1,0,11.71413,0.05136923217777606
B_initial,c052,1,0,11.71613,0.04184723000281018
B_initial,c052,1,0,11.71813,0.057015349782780035
B,c052,1,0,11.76427,0.049915263474197606
B,c052,1,0,11.76627,0.04045488945007614
B,c052,1,0,11.76827,0.05542330061764508
B_initial,c053,1,0,11.97187,0.14860023405971143
B_initial,c053,1,0,11.97387,0.13802050611404795
B_initial,c053,1,0,11.97587,0.15290083542671468
B,c053,1,0,12.23663,0.1427744300575319
B,c053,1,0,12.23863,0.13254812782225678
B,c053,1,0,12.24063,0.14726681085656557
B_initial,c054,1,0,11.8309,0.14478609097514858
B_initial,c054,1,0,11.8329,0.13446302982788613
B_initial,c054,1,0,11.8349,0.1496872348576933
B,c054,1,0,11.99023,0.14223767194235834
B,c054,1,0,11.99223,0.13200974398736162
B,c054,1,0,11.99423,0.14688082053138307
B_initial,c055,1,0,11.78955,0.02100829008256527
B_initial,c055,1,0,11.79155,0.007734017213053794
B_initial,c055,1,0,11.79355,0.021516036603650403
B,c055,1,0,12.05462,0.02653697582231318
B,c055,1,0,12.05662,0.011619844264620085
B,c055,1,0,12.05862,0.02467175293807026
B_initial,c056,1,0,11.74467,0.07553760127643445
B_initial,c056,1,0,11.74667,0.060236343620555376
B_initial,c056,1,0,11.74867,0.07220582714979248
B,c056,1,0,11.79523,0.076446741440721
B,c056,1,0,11.79723,0.061239433551729325
B,c056,1,0,11.79923,0.07315533384106879
B_initial,c057,1,0,11.85541,0.03720790960488313
B_initial,c057,1,0,11.85741,0.02228670886571496
B_initial,c057,1,0,11.85941,0.03413072538222409
B,c057,1,0,11.90544,0.039156055569805316
B,c057,1,0,11.90744,0.02405647927423092
B,c057,1,0,11.90944,0.03571025347270881
B_initial,c058,1,0,11.99463,0.9347967699751518
B_initial,c058,1,0,11.99663,0.9199667236682758
B_initial,c058,1,0,11.99863,0.930819292787291
B,c058,1,0,12.15634,0.9390966550638905
B,c058,1,0,12.15834,0.924674330585174
B,c058,1,0,12.16034,0.9355969980721672
B_initial,c059,1,0,11.75103,0.15199974545976133
B_initial,c059,1,0,11.75303,0.14114416659902407
B_initial,c059,1,0,11.75503,0.1564731127869409
B,c059,1,0,11.80108,0.15103652368045228
B,c059,1,0,11.80308,0.1401765190567395
B,c059,1,0,11.80508,0.15543734017893576
B_initial,c060,1,0,11.85938,0.0752789031921971
B_initial,c060,1,0,11.86138,0.06553106619820437
B_initial,c060,1,0,11.86338,0.0805583321631054
B,c060,1,0,11.70475,0.07864289272930204
B,c060,1,0,11.70675,0.06878848051863122
B,c060,1,0,11.70875,0.08391420626643292
B_initial,c061,1,0,11.78582,0.19416806245529108
B_initial,c061,1,0,11.78782,0.1845329383615603
B_initial,c061,1,0,11.78982,0.19982470041505485
B,c061,1,0,12.26608,0.18021123360170122
B,c061,1,0,12.26808,0.1708692069172634
B,c061,1,0,12.27008,0.18546953557234605
B_initial,c062,1,0,11.83477,0.03220692186948999
B_initial,c062,1,0,11.83677,0.01720427587667099
B_initial,c062,1,0,11.83877,0.03100465872081544
B,c062,1,0,11.77609,0.03014221737014114
B,c062,1,0,11.77809,0.016706454834478017
B,c062,1,0,11.78009,0.030528318380911176
B_initial,c063,1,0,11.94972,0.04574182851163283
B_initial,c063,1,0,11.95172,0.03069663882741917
B_initial,c063,1,0,11.95372,0.044173609098265135
B,c063,1,0,11.89224,0.04518017238682838
B,c063,1,0,11.89424,0.030187482668437876
B,c063,1,0,11.89624,0.04378796001943418
B_initial,c064,1,0,11.70644,0.05892265087651253
B_initial,c064,1,0,11.70844,0.04896763589805265
B_initial,c064,1,0,11.71044,0.06433631643425339
B,c064,1,0,11.86828,0.05431864907411703
B,c064,1,0,11.87028,0.04437320661959846
B,c064,1,0,11.87228,0.0595317194548749
B_initial,c065,1,0,11.96975,0.07695045959679118
B_initial,c065,1,0,11.97175,0.06726351366043702
B_initial,c065,1,0,11.97375,0.0822295034736123
B,c065,1,0,11.81317,0.08086417162513311
B,c065,1,0,11.81517,0.07104935956141302
B,c065,1,0,11.81717,0.08607344170760664
B_initial,c066,1,0,11.86935,0.0787859361214864
B_initial,c066,1,0,11.87135,0.0638301626461537
B_initial,c066,1,0,11.87335,0.07664113924557978
B,c066,1,0,12.13586,0.08211414169430979
B,c066,1,0,12.13786,0.06735036309470382
B,c066,1,0,12.13986,0.07986747198466858
B_initial,c067,1,0,11.76259,0.0519184601505586
B_initial,c067,1,0,11.76459,0.036636642025849535
B_initial,c067,1,0,11.76659,0.04837332487498335
B,c067,1,0,11.92418,0.05726984470162896
B,c067,1,0,11.92618,0.04235956994087171
B,c067,1,0,11.92818,0.05395426400219384
B_initial,c068,1,0,11.96718,0.20602751427747804
B_initial,c068,1,0,11.96918,0.19103480144468976
B_initial,c068,1,0,11.97118,0.20228760907710383
B,c068,1,0,11.90755,0.20476740882500555
B,c068,1,0,11.90955,0.18982235349197904
B,c068,1,0,11.91155,0.20124344706697075
B_initial,c069,1,0,11.70951,0.022999587145907118
B_initial,c069,1,0,11.71151,0.012366456824775399
B_initial,c069,1,0,11.71351,0.027724492808089033
B,c069,1,0,11.86731,0.01943752190784194
B,c069,1,0,11.86931,0.008921715338768312
B,c069,1,0,11.87131,0.02407514840478412
B_initial,c070,1,0,11.70417,0.10727257453945269
B_initial,c070,1,0,11.70617,0.09642996017796658
B_initial,c070,1,0,11.70817,0.11155886660914453
B,c070,1,0,11.54646,0.11245347863735669
B,c070,1,0,11.54846,0.10151005131755833
B,c070,1,0,11.55046,0.1170470373760378
B_initial,c071,1,0,11.73479,0.10796084587261193
B_initial,c071,1,0,11.73679,0.09746044737492561
B_initial,c071,1,0,11.73879,0.11277002513256687
B,c071,1,0,11.67689,0.10979219804401541
B,c071,1,0,11.67889,0.09924608556004104
B,c071,1,0,11.68089,0.11444445463361823
B_initial,c072,1,0,11.65116,0.1190015151767899
B_initial,c072,1,0,11.65316,0.10883971869264529
B_initial,c072,1,0,11.65516,0.12420144301102266
B,c072,1,0,11.49263,0.12197340328438062
B,c072,1,0,11.49463,0.11171454618991584
B,c072,1,0,11.49663,0.12714433448392623
B_initial,c073,1,0,11.68796,0.10861116493319303
B_initial,c073,1,0,11.68996,0.09837516399544301
B_initial,c073,1,0,11.69196,0.11377767143863057
B,c073,1,0,11.73787,0.10772833421411798
B,c073,1,0,11.73987,0.09749993174016842
B,c073,1,0,11.74187,0.11276210870371826
B_initial,c074,1,0,11.5671,0.5850764702622454
B_initial,c074,1,0,11.5691,0.5745127785089422
B_initial,c074,1,0,11.5711,0.589932549419641
B,c074,1,0,11.41334,0.5887802222422245
B,c074,1,0,11.41534,0.5781124049023252
B,c074,1,0,11.41734,0.5939704363555947
B_initial,c075,1,0,11.80403,0.06687860714029857
B_initial,c075,1,0,11.80603,0.05165499712703198
B_initial,c075,1,0,11.80803,0.06246818936980431
B,c075,1,0,11.64799,0.06262960785921207
B,c075,1,0,11.64999,0.04740662441518254
B,c075,1,0,11.65199,0.05861680847193926
B_initial,c076,1,0,11.63652,0.0365424227428022
B_initial,c076,1,0,11.63852,0.021092899563906663
B_initial,c076,1,0,11.64052,0.03332857876950998
B,c076,1,0,11.68692,0.037650376648639454
B,c076,1,0,11.68892,0.022397965209695548
B,c076,1,0,11.69092,0.03467401461258524
B_initial,c077,1,0,11.85348,0.11760317516367845
B_initial,c077,1,0,11.85548,0.10244830628868574
B_initial,c077,1,0,11.85748,0.11536981644728392
B,c077,1,0,12.01404,0.1198954338899691
B,c077,1,0,12.01604,0.10519780595698423
B,c077,1,0,12.01804,0.1180149697692569
B_initial,c078,1,0,11.77589,0.12459021818679673
B_initial,c078,1,0,11.77789,0.11421582805741355
B_initial,c078,1,0,11.77989,0.12950701028650735
B,c078,1,0,11.71847,0.12678455130912655
B,c078,1,0,11.72047,0.11633763317882889
B,c078,1,0,11.72247,0.1315465009411933
B_initial,c079,1,0,11.94495,0.1292316150414564
B_initial,c079,1,0,11.94695,0.11852438802855587
B_initial,c079,1,0,11.94895,0.1334194580767367
B,c079,1,0,11.88595,0.13084319585468027
B,c079,1,0,11.88795,0.12016195104623235
B,c079,1,0,11.88995,0.13531305105919475
B_initial,c080,1,0,11.63796,0.06511449083186273
B_initial,c080,1,0,11.63996,0.05586392408690465
B_initial,c080,1,0,11.64196,0.07120168089613572
B,c080,1,0,11.57913,0.06701706593310756
B,c080,1,0,11.58113,0.05757529655529599
B,c080,1,0,11.58313,0.07272820406617471
B_initial,c081,1,0,11.6075,0.08999521913892863
B_initial,c081,1,0,11.6095,0.08011423646209252
B_initial,c081,1,0,11.6115,0.09548986756211426
B,c081,1,0,11.8743,0.08360768874717234
B,c081,1,0,11.8763,0.07394167559889543
B,c081,1,0,11.8783,0.08904271103436319
B_initial,c082,1,0,11.76473,0.11211908421602575
B_initial,c082,1,0,11.76673,0.10233818916489983
B_initial,c082,1,0,11.76873,0.11747034074185941
B,c082,1,0,11.92508,0.10999878579038241
B,c082,1,0,11.92708,0.1003892645762329
B,c082,1,0,11.92908,0.11548744009948254
B_initial,c083,1,0,11.88488,0.09528444653468213
B_initial,c083,1,0,11.88688,0.08466521507142437
B_initial,c083,1,0,11.88888,0.0998112050185733
B,c083,1,0,11.82718,0.0967533630077651
B,c083,1,0,11.82918,0.08602441832600638
B,c083,1,0,11.83118,0.10124446261084843
B_initial,c084,1,0,11.71748,0.12335319306873521
B_initial,c084,1,0,11.71948,0.11272940714198994
B_initial,c084,1,0,11.72148,0.1280951893158499
B,c084,1,0,11.56347,0.12861159793712976
B,c084,1,0,11.56547,0.11781631141837537
B,c084,1,0,11.56747,0.1330320733014685
B_initial,c085,1,0,11.88224,0.020392397278908236
B_initial,c085,1,0,11.88424,0.010361589153987123
B_initial,c085,1,0,11.88624,0.025394583414033504
B,c085,1,0,12.03995,0.015214357385282252
B,c085,1,0,12.04195,0.005600559584327985
B,c085,1,0,12.04395,0.019962450749106155
B_initial,c086,1,0,11.74553,0.1168632876818194
B_initial,c086,1,0,11.74753,0.10644613089209813
B_initial,c086,1,0,11.74953,0.12170709994453881
B,c086,1,0,11.90439,0.1145268432666988
B,c086,1,0,11.90639,0.10428595891962779
B,c086,1,0,11.90839,0.11941027661774666
B_initial,c087,1,0,11.79259,0.02827193406489659
B_initial,c087,1,0,11.79459,0.013025070687804802
B_initial,c087,1,0,11.79659,0.026360907424368935
B,c087,1,0,11.95014,0.03079398916008828
B,c087,1,0,11.95214,0.015759387720900887
B,c087,1,0,11.95414,0.029024370665999697
B_initial,c088,1,0,11.67082,0.06809181548117237
B_initial,c088,1,0,11.67282,0.05283834756632463
B_initial,c088,1,0,11.67482,0.06451230831015937
B,c088,1,0,11.51455,0.0642730377151113
B,c088,1,0,11.51655,0.04866401796919623
B,c088,1,0,11.51855,0.06035054055132783
B_initial,c089,1,0,11.88532,0.02127500975823069
B_initial,c089,1,0,11.88732,0.012073797587975048
B_initial,c089,1,0,11.88932,0.026634505141766286
B,c089,1,0,12.15045,0.01776600944622801
B,c089,1,0,12.15245,0.009189147746789724
B,c089,1,0,12.15445,0.02298129259391195
B_initial,c090,1,0,11.68229,0.08414902024361708
B_initial,c090,1,0,11.68429,0.0753922468370136
B_initial,c090,1,0,11.68629,0.0896870122200913
B,c090,1,0,11.73286,0.08327275762055711
B,c090,1,0,11.73486,0.07465236335967794
B,c090,1,0,11.73686,0.08887455029113216
B_initial,c091,1,0,11.76105,0.6583510065418806
B_initial,c091,1,0,11.76305,0.6480653062445987
B_initial,c091,1,0,11.76505,0.6634710352748237
B,c091,1,0,11.50511,0.6644724393655247
B,c091,1,0,11.50711,0.6540450995165261
B,c091,1,0,11.50911,0.6697943800307427
B_initial,c092,1,0,11.67836,0.058969969450119494
B_initial,c092,1,0,11.68036,0.048379877693970556
B_initial,c092,1,0,11.68236,0.0637858043198409
B,c092,1,0,11.94642,0.0518072488027229
B,c092,1,0,11.94842,0.04133333484354532
B,c092,1,0,11.95042,0.05636260516594014
B_initial,c093,1,0,11.77113,0.11852523357246046
B_initial,c093,1,0,11.77313,0.10816901823661353
B_initial,c093,1,0,11.77513,0.1234038961009558
B,c093,1,0,11.93162,0.11452663789660131
B,c093,1,0,11.93362,0.10430167808325384
B,c093,1,0,11.93562,0.11911207409808817
B_initial,c094,1,0,11.89577,0.06900369323763254
B_initial,c094,1,0,11.89777,0.05896888530254901
B_initial,c094,1,0,11.89977,0.07403882159512706
B,c094,1,0,11.94576,0.06755692577819306
B,c094,1,0,11.94776,0.05756964440970231
B,c094,1,0,11.94976,0.07261902201314967
B_initial,c095,1,0,11.73237,0.13403827968972845
B_initial,c095,1,0,11.73437,0.12382520771939189
B_initial,c095,1,0,11.73637,0.13917653582173997
B,c095,1,0,11.67387,0.13519621730332876
B,c095,1,0,11.67587,0.1248351913047901
B,c095,1,0,11.67787,0.14009692976669957
B_initial,c096,1,0,11.6673,0.06166630859552959
B_initial,c096,1,0,11.6693,0.0511223556955844
B_initial,c096,1,0,11.6713,0.06654365388411916
B,c096,1,0,11.71859,0.060224277083418175
B,c096,1,0,11.72059,0.049602606244528176
B,c096,1,0,11.72259,0.06494553556695541
B_initial,c097,1,0,11.94665,0.027991955615316255
B_initial,c097,1,0,11.94865,0.01311139777622238
B_initial,c097,1,0,11.95065,0.02653717286285469
B,c097,1,0,12.10515,0.031712133448160096
B,c097,1,0,12.10715,0.017088156472078744
B,c097,1,0,12.10915,0.030125900038989635
B_initial,c098,1,0,11.79661,0.04386979997599973
B_initial,c098,1,0,11.79861,0.035337083674372806
B_initial,c098,1,0,11.80061,0.04918541266097124
B,c098,1,0,11.64077,0.04505441941630179
B,c098,1,0,11.64277,0.036432972382644126
B,c098,1,0,11.64477,0.05060631653548804
B_initial,c099,1,0,11.72056,0.12035899500688858
B_initial,c099,1,0,11.72256,0.1094906884254396
B_initial,c099,1,0,11.72456,0.12485429428072026
B,c099,1,0,11.66234,0.12198419639577421
B,c099,1,0,11.66434,0.11107902700810125
B,c099,1,0,11.66634,0.12647985360203798
B_initial,c100,1,0,11.81398,0.046212239168813125
B_initial,c100,1,0,11.81598,0.031024703952148517
B_initial,c100,1,0,11.81798,0.04372765751752418
B,c100,1,0,11.8641,0.04772835249123634
B,c100,1,0,11.8661,0.032728001150765566
B,c100,1,0,11.8681,0.045327429866575314
B_initial,c101,1,0,11.68226,0.046079760302762195
B_initial,c101,1,0,11.68426,0.03758101759420707
B_initial,c101,1,0,11.68626,0.051568880477065086
B,c101,1,0,11.62492,0.04661264264526704
B,c101,1,0,11.62692,0.03813548242801331
B,c101,1,0,11.62892,0.05225072816104204
B_initial,c102,1,0,11.66782,0.11665173056770323
B_initial,c102,1,0,11.66982,0.10650418319705074
B_initial,c102,1,0,11.67182,0.1219367032184373
B,c102,1,0,11.82518,0.1125788163990952
B,c102,1,0,11.82718,0.1024240457450527
B,c102,1,0,11.82918,0.11753389853088157
B_initial,c103,1,0,11.81371,0.12268792005979975
B_initial,c103,1,0,11.81571,0.11184954693913328
B_initial,c103,1,0,11.81771,0.12708973048548097
B,c103,1,0,11.9712,0.11862733833868926
B,c103,1,0,11.9732,0.10785327367475796
B,c103,1,0,11.9752,0.12280214157200296
B_initial,c104,1,0,11.6867,0.05261642822205894
B_initial,c104,1,0,11.6887,0.037421334237314585
B_initial,c104,1,0,11.6907,0.050154273555555115
B,c104,1,0,11.73748,0.054070009972404735
B,c104,1,0,11.73948,0.03875808292393054
B,c104,1,0,11.74148,0.05134420004454009
B_initial,c105,1,0,11.83103,0.16605380049040475
B_initial,c105,1,0,11.83303,0.15571515352711876
B_initial,c105,1,0,11.83503,0.17094332127784173
B,c105,1,0,11.99304,0.16415867413317675
B,c105,1,0,11.99504,0.15390782053055418
B,c105,1,0,11.99704,0.1689301548468034
B_initial,c106,1,0,11.63431,0.12485117285149805
B_initial,c106,1,0,11.63631,0.11411289706528195
B_initial,c106,1,0,11.63831,0.12958790452346086
B,c106,1,0,11.79719,0.12143509780736408
B,c106,1,0,11.79919,0.11062709763033579
B,c106,1,0,11.80119,0.1258880484136735
B_initial,c107,1,0,11.66297,0.041557235162667315
B_initial,c107,1,0,11.66497,0.0325463289691545
B_initial,c107,1,0,11.66697,0.04720392911710338
B,c107,1,0,11.71288,0.04098513760703839
B,c107,1,0,11.71488,0.03201144178542013
B,c107,1,0,11.71688,0.046697182016588866
B_initial,c108,1,0,11.81086,0.06434260108052665
B_initial,c108,1,0,11.81286,0.055491677787375855
B_initial,c108,1,0,11.81486,0.06982510577828133
B,c108,1,0,11.86212,0.06331613141093625
B,c108,1,0,11.86412,0.0546551581763422
B,c108,1,0,11.86612,0.06893132001416638
B_initial,c109,1,0,11.60255,0.030696615094564998
B_initial,c109,1,0,11.60455,0.015342860508549237
B_initial,c109,1,0,11.60655,0.027929145174174927
B,c109,1,0,11.76286,0.03459554465249672
B,c109,1,0,11.76486,0.019344790970981147
B,c109,1,0,11.76686,0.031529163407664734
B_initial,c110,1,0,11.72933,0.08612989026162744
B_initial,c110,1,0,11.73133,0.07086947243275671
B_initial,c110,1,0,11.73333,0.08376003897967885
B,c110,1,0,11.77933,0.0873989807050463
B,c110,1,0,11.78133,0.07214379618933361
B,c110,1,0,11.78333,0.0848878815895759
B_initial,c111,1,0,11.75218,0.07491451735873822
B_initial,c111,1,0,11.75418,0.05991166271193726
B_initial,c111,1,0,11.75618,0.07211088890579069
B,c111,1,0,11.80309,0.0763996539486281
B,c111,1,0,11.80509,0.06149522179120172
B,c111,1,0,11.80709,0.0736223039063922
B_initial,c112,1,0,11.72847,0.04794238874478548
B_initial,c112,1,0,11.73047,0.03698328378490034
B_initial,c112,1,0,11.73247,0.052321208627432086
B,c112,1,0,11.89139,0.044978242678435476
B,c112,1,0,11.89339,0.034056491872944794
B,c112,1,0,11.89539,0.049139561420064745
B_initial,c113,1,0,11.81159,0.03244413834580866
B_initial,c113,1,0,11.81359,0.017279847889514418
B_initial,c113,1,0,11.81559,0.03093962833461064
B,c113,1,0,11.97474,0.034723155100796786
B,c113,1,0,11.97674,0.019882342873398857
B,c113,1,0,11.97874,0.0332625987472123
B_initial,c114,1,0,11.8083,0.11673889553835737
B_initial,c114,1,0,11.8103,0.10685528196855237
B_initial,c114,1,0,11.8123,0.12210354428574538
B,c114,1,0,11.75069,0.1179558064124994
B,c114,1,0,11.75269,0.10798279276636633
B,c114,1,0,11.75469,0.12330593716272994
B_initial,c115,1,0,11.76396,0.11552037939508947
B_initial,c115,1,0,11.76596,0.10477442814810678
B_initial,c115,1,0,11.76796,0.12000300385638459
B,c115,1,0,12.03374,0.10766442276389841
B,c115,1,0,12.03574,0.0971275000418174
B,c115,1,0,12.03774,0.11189551895841399
B_initial,c116,1,0,11.77766,0.09444420044597227
B_initial,c116,1,0,11.77966,0.08433529500251453
B_initial,c116,1,0,11.78166,0.09961759722590721
B,c116,1,0,11.62145,0.09706760157616708
B,c116,1,0,11.62345,0.08668882080297795
B,c116,1,0,11.62545,0.1018725319941804
B_initial,c117,1,0,11.75779,0.3579889311325628
B_initial,c117,1,0,11.75979,0.34316453823017906
B_initial,c117,1,0,11.76179,0.3547457316990851
B,c117,1,0,11.69864,0.35705423232215205
B,c117,1,0,11.70064,0.34174444742524035
B,c117,1,0,11.70264,0.353334650376975
B_initial,c118,1,0,11.96711,0.05409449308706146
B_initial,c118,1,0,11.96911,0.04552193581343123
B_initial,c118,1,0,11.97111,0.05955421290846823
B,c118,1,0,12.1264,0.05307783456303094
B,c118,1,0,12.1284,0.04461959371358547
B,c118,1,0,12.1304,0.05822178880328103
B_initial,c119,1,0,11.98209,0.07055628195323344
B_initial,c119,1,0,11.98409,0.06191134688618439
B_initial,c119,1,0,11.98609,0.07591027531092331
B,c119,1,0,11.92309,0.07107278769889053
B,c119,1,0,11.92509,0.06239395946371065
B,c119,1,0,11.92709,0.07642183901769728
B_initial,c120,1,0,11.81168,0.10730388250002626
B_initial,c120,1,0,11.81368,0.09646302248938883
B_initial,c120,1,0,11.81568,0.11170601323089145
B,c120,1,0,11.47878,0.11392140972025565
B,c120,1,0,11.48078,0.10285069788655188
B,c120,1,0,11.48278,0.11831197712709533
B_initial,c121,1,0,11.61879,0.11716716515598086
B_initial,c121,1,0,11.62079,0.1017066506012477
B_initial,c121,1,0,11.62279,0.11447189932401473
B,c121,1,0,11.36799,0.11357040908800858
B,c121,1,0,11.36999,0.09776847420959775
B,c121,1,0,11.37199,0.11093027370565846
B_initial,c122,1,0,11.7254,0.11030919788773678
B_initial,c122,1,0,11.7274,0.09987593308966124
B_initial,c122,1,0,11.7294,0.11505275527622585
B,c122,1,0,11.88285,0.10497082875483872
B,c122,1,0,11.88485,0.09465672667214696
B,c122,1,0,11.88685,0.10960199214958474
B_initial,c123,1,0,11.7455,0.07099928938254954
B_initial,c123,1,0,11.7475,0.061527255549673254
B_initial,c123,1,0,11.7495,0.07667595222736202
B,c123,1,0,12.01587,0.06308527623409273
B,c123,1,0,12.01787,0.053998119653990775
B,c123,1,0,12.01987,0.06889501634390172
B_initial,c124,1,0,11.60205,0.09480368321895237
B_initial,c124,1,0,11.60405,0.08506045907452743
B_initial,c124,1,0,11.60605,0.10031169984026014
B,c124,1,0,11.34282,0.1022289345850656
B,c124,1,0,11.34482,0.09230539912417488
B,c124,1,0,11.34682,0.1078995643471958
B_initial,c125,1,0,11.80194,0.03416285369765303
B_initial,c125,1,0,11.80394,0.018929654610208926
B_initial,c125,1,0,11.80594,0.03222736705193199
B,c125,1,0,11.85282,0.035153062570464806
B,c125,1,0,11.85482,0.01998537914978927
B,c125,1,0,11.85682,0.03306667033152858
B_initial,c126,1,0,11.94135,0.039952804711749314
B_initial,c126,1,0,11.94335,0.030261732378314074
B_initial,c126,1,0,11.94535,0.04509271959058564
B,c126,1,0,11.60864,0.047320334819636205
B,c126,1,0,11.61064,0.037321856299588556
B,c126,1,0,11.61264,0.0525755363472757
B_initial,c127,1,0,11.80892,0.2718063590702951
B_initial,c127,1,0,11.81092,0.2566653794063018
B_initial,c127,1,0,11.81292,0.2685396274527193
B,c127,1,0,11.96968,0.27461584146475393
B,c127,1,0,11.97168,0.259828143201819
B,c127,1,0,11.97368,0.2715639960707055
B_initial,c128,1,0,11.80876,0.06634651753204067
B_initial,c128,1,0,11.81076,0.0511293360161567
B_initial,c128,1,0,11.81276,0.06245366073409569
B,c128,1,0,11.54857,0.060316409803056546
B,c128,1,0,11.55057,0.04497501718807719
B,c128,1,0,11.55257,0.05667342135163436
B_initial,c129,1,0,11.76661,0.09296647292662792
B_initial,c129,1,0,11.76861,0.08336126246138047
B_initial,c129,1,0,11.77061,0.09847392634964033
B,c129,1,0,11.5091,0.0967897395245651
B,c129,1,0,11.5111,0.08703358679540579
B,c129,1,0,11.5131,0.10267355208548323
B_initial,c130,1,0,11.96505,0.02987449956692933
B_initial,c130,1,0,11.96705,0.01914857473076419
B_initial,c130,1,0,11.96905,0.034181056797567375
B,c130,1,0,12.12534,0.026776916968751514
B,c130,1,0,12.12734,0.01646337624022456
B,c130,1,0,12.12934,0.03129686759328366
B_initial,c131,1,0,11.85423,0.03951437460296149
B_initial,c131,1,0,11.85623,0.02434673108412253
B_initial,c131,1,0,11.85823,0.037447804273243644
B,c131,1,0,11.69857,0.03743161482305211
B,c131,1,0,11.70057,0.022282147589653904
B,c131,1,0,11.70257,0.03587073225954406
B_initial,c132,1,0,11.99508,0.02442104452123669
B_initial,c132,1,0,11.99708,0.014968596005866896
B_initial,c132,1,0,11.99908,0.02964120094943996
B,c132,1,0,12.04689,0.02297132438001192
B,c132,1,0,12.04889,0.013748061131974076
B,c132,1,0,12.05089,0.02854267652906802
B_initial,c133,1,0,11.65354,0.03610907818917048
B_initial,c133,1,0,11.65554,0.02716958777347042
B_initial,c133,1,0,11.65754,0.04158381842140171
B,c133,1,0,11.39292,0.041496342194553816
B,c133,1,0,11.39492,0.032488619209344434
B,c133,1,0,11.39692,0.047476503312988166
B_initial,c134,1,0,11.83479,0.4367596861573231
B_initial,c134,1,0,11.83679,0.42664737929906155
B_initial,c134,1,0,11.83879,0.4419182488447295
B,c134,1,0,12.10078,0.4294221580625766
B,c134,1,0,12.10278,0.4192431727156265
B,c134,1,0,12.10478,0.4341303378640959
B_initial,c135,1,0,11.85776,0.14149337299524728
B_initial,c135,1,0,11.85976,0.13064269094278058
B_initial,c135,1,0,11.86176,0.14583227607934895
B,c135,1,0,12.02017,0.13856402015762664
B,c135,1,0,12.02217,0.12784169908762355
B,c135,1,0,12.02417,0.14282575212201828
B_initial,c136,1,0,11.87398,0.046216669359048716
B_initial,c136,1,0,11.87598,0.03722957813322504
B_initial,c136,1,0,11.87798,0.05159591698573341
B,c136,1,0,11.62391,0.05289119545071779
B,c136,1,0,11.62591,0.04391324920575482
B,c136,1,0,11.62791,0.05894600629069953
B_initial,c137,1,0,11.62503,0.07346921518887878
B_initial,c137,1,0,11.62703,0.06271101648241889
B_initial,c137,1,0,11.62903,0.07819057860135768
B,c137,1,0,11.78553,0.07054078438639647
B,c137,1,0,11.78753,0.059715444843772655
B,c137,1,0,11.78953,0.07488403442309398
B_initial,c138,1,0,11.8594,0.04905825985712949
B_initial,c138,1,0,11.8614,0.03394844675861048
B_initial,c138,1,0,11.8634,0.0451306851528927
B,c138,1,0,11.70057,0.04510846496374609
B,c138,1,0,11.70257,0.029762969170943402
B,c138,1,0,11.70457,0.04114746260761511
B_initial,c139,1,0,11.79436,0.07995004590910698
B_initial,c139,1,0,11.79636,0.07037907305684736
B_initial,c139,1,0,11.79836,0.08537677573640029
B,c139,1,0,11.73641,0.08178973850243429
B,c139,1,0,11.73841,0.07222855714151329
B,c139,1,0,11.74041,0.08756190652024985
B_initial,c140,1,0,11.63648,0.039147777352936244
B_initial,c140,1,0,11.63848,0.03059460654313951
B_initial,c140,1,0,11.64048,0.044654184945031566
B,c140,1,0,11.477,0.04087274558680572
B,c140,1,0,11.479,0.03241508476486506
B,c140,1,0,11.481,0.0468069289205561
B_initial,c141,1,0,11.80738,0.06320519806068642
B_initial,c141,1,0,11.80938,0.04813987110490265
B_initial,c141,1,0,11.81138,0.0613230539494814
B,c141,1,0,11.74821,0.061572018790538544
B,c141,1,0,11.75021,0.04640154862970051
B,c141,1,0,11.75221,0.05967965758097452
B_initial,c142,1,0,11.75768,0.10830434186677527
B_initial,c142,1,0,11.75968,0.0930278938913383
B_initial,c142,1,0,11.76168,0.10412624921497776
B,c142,1,0,11.80944,0.10970208325034721
B,c142,1,0,11.81144,0.09449278036672483
B,c142,1,0,11.81344,0.10576757398646915
B_initial,c143,1,0,11.75395,0.08639943474295365
B_initial,c143,1,0,11.75595,0.07544828880460755
B_initial,c143,1,0,11.75795,0.0906361302241215
B,c143,1,0,11.69577,0.08768534396967974
B,c143,1,0,11.69777,0.0768707646749229
B,c143,1,0,11.69977,0.09226070597927209
B_initial,c144,1,0,11.77684,0.06145781035407128
B_initial,c144,1,0,11.77884,0.05200680776895986
B_initial,c144,1,0,11.78084,0.06722659661754557
B,c144,1,0,12.04285,0.05542830728877922
B,c144,1,0,12.04485,0.04626873966419669
B,c144,1,0,12.04685,0.061129186388230144
B_initial,c145,1,0,11.70961,0.5077554723180194
B_initial,c145,1,0,11.71161,0.49733260086141745
B_initial,c145,1,0,11.71361,0.5127780645654932
B,c145,1,0,11.45719,0.5154125150817945
B,c145,1,0,11.45919,0.5047674285962589
B,c145,1,0,11.46119,0.5204285075126759
B_initial,c146,1,0,11.84006,0.10787653923927888
B_initial,c146,1,0,11.84206,0.09780503177956218
B_initial,c146,1,0,11.84406,0.11278630402526814
B,c146,1,0,11.99812,0.10227850530996074
B,c146,1,0,12.00012,0.09234560575764073
B,c146,1,0,12.00212,0.10719508548579054
B_initial,c147,1,0,11.75338,0.03327859581453226
B_initial,c147,1,0,11.75538,0.02379369170767904
B_initial,c147,1,0,11.75738,0.0390981572978278
B,c147,1,0,11.59523,0.039453127575371644
B,c147,1,0,11.59723,0.029717608348752766
B,c147,1,0,11.59923,0.04518096138468995
B_initial,c148,1,0,11.9172,0.1308071115524705
B_initial,c148,1,0,11.9192,0.12066177722451178
B_initial,c148,1,0,11.9212,0.13548928492377213
B,c148,1,0,12.07525,0.12676443420985667
B,c148,1,0,12.07725,0.1167476964975714
B,c148,1,0,12.07925,0.1316531600719825
B_initial,c149,1,0,11.64762,0.4411864392184093
B_initial,c149,1,0,11.64962,0.4309567559891971
B_initial,c149,1,0,11.65162,0.4463789671842496
B,c149,1,0,11.49335,0.4459486410885051
B,c149,1,0,11.49535,0.4356175371699023
B,c149,1,0,11.49735,0.4510269091658499
B_initial,c150,1,0,11.72919,0.07608789459246987
B_initial,c150,1,0,11.73119,0.06524059588128012
B_initial,c150,1,0,11.73319,0.08051965395000979
B,c150,1,0,11.57285,0.07956801472367492
B,c150,1,0,11.57485,0.06862048563055732
B,c150,1,0,11.57685,0.08406138788617909
B_initial,c151,1,0,11.87665,0.115928923407306
B_initial,c151,1,0,11.87865,0.10534140612665072
B_initial,c151,1,0,11.88065,0.12050084621274332
B,c151,1,0,12.038,0.11195113044370167
B,c151,1,0,12.04,0.10141307928886586
B,c151,1,0,12.042,0.11631294406253175
B_initial,c152,1,0,11.87734,0.02580510997421321
B_initial,c152,1,0,11.87934,0.010667928906183644
B_initial,c152,1,0,11.88134,0.021943051813027723
B,c152,1,0,12.36553,0.03966712184976421
B,c152,1,0,12.36753,0.025129456645745857
B,c152,1,0,12.36953,0.036067778882328067
B_initial,c153,1,0,11.7517,0.06269183735411148
B_initial,c153,1,0,11.7537,0.05373236732627739
B_initial,c153,1,0,11.7557,0.06849096238060139
B,c153,1,0,11.91103,0.05914675494049184
B,c153,1,0,11.91303,0.050351031098118046
B,c153,1,0,11.91503,0.06481827834214583
B_initial,c154,1,0,11.74228,0.06373669532401563
B_initial,c154,1,0,11.74428,0.04843114438182417
B_initial,c154,1,0,11.74628,0.06008631632777668
B,c154,1,0,11.79285,0.06462674667515073
B,c154,1,0,11.79485,0.04954292460837524
B,c154,1,0,11.79685,0.06114334982544374
B_initial,c155,1,0,11.67326,0.07908259228774268
B_initial,c155,1,0,11.67526,0.06963147921410992
B_initial,c155,1,0,11.67726,0.08504974179431554
B,c155,1,0,11.83165,0.07423166229906081
B,c155,1,0,11.83365,0.06477864309138408
B,c155,1,0,11.83565,0.07978741451356973
B_initial,c156,1,0,11.88198,0.06014319627296357
B_initial,c156,1,0,11.88398,0.049477844863611745
B_initial,c156,1,0,11.88598,0.06443726311852406
B,c156,1,0,11.8238,0.06111032873797098
B,c156,1,0,11.8258,0.05054549187638521
B,c156,1,0,11.8278,0.06576364515339005
B_initial,c157,1,0,11.96968,0.016466692936583815
B_initial,c157,1,0,11.97168,0.006887907840600201
B_initial,c157,1,0,11.97368,0.021571974305834813
B,c157,1,0,11.91014,0.018383178183926343
B,c157,1,0,11.91214,0.008652930987486915
B,c157,1,0,11.91414,0.023750872534426717
B_initial,c158,1,0,11.60989,0.02246567682858359
B_initial,c158,1,0,11.61189,0.01133506900205285
B_initial,c158,1,0,11.61389,0.026773683752040006
B,c158,1,0,11.66066,0.021121443282234868
B,c158,1,0,11.66266,0.010088739687196797
B,c158,1,0,11.66466,0.025511363385104947
B_initial,c159,1,0,11.92213,0.5584578694442306
B_initial,c159,1,0,11.92413,0.5434705099971817
B_initial,c159,1,0,11.92613,0.5543157062324515
B,c159,1,0,11.86286,0.5569514451544829
B,c159,1,0,11.86486,0.5418917703810736
B,c159,1,0,11.86686,0.5530079594176858
B_initial,c160,1,0,11.7748,0.08280327245504678
B_initial,c160,1,0,11.7768,0.07216856773649229
B_initial,c160,1,0,11.7788,0.08739435350822389
B,c160,1,0,11.93191,0.07951755069315627
B,c160,1,0,11.93391,0.06907887507122645
B,c160,1,0,11.93591,0.08416274005332346
B_initial,c161,1,0,11.94671,0.07066806884836589
B_initial,c161,1,0,11.94871,0.06111490424766574
B_initial,c161,1,0,11.95071,0.07617729296646013
B,c161,1,0,12.22076,0.06340383230478999
B,c161,1,0,12.22276,0.05415416611400484
B,c161,1,0,12.22476,0.06887752344478108
B_initial,c162,1,0,11.73471,0.11226815151332672
B_initial,c162,1,0,11.73671,0.09715990579679251
B_initial,c162,1,0,11.73871,0.1099704966132508
B,c162,1,0,11.78637,0.11412408794201266
B,c162,1,0,11.78837,0.0988830556884061
B,c162,1,0,11.79037,0.11153642767007328
B_initial,c163,1,0,11.64867,0.04645476971592261
B_initial,c163,1,0,11.65067,0.03718936099229362
B_initial,c163,1,0,11.65267,0.05212472523554661
B,c163,1,0,11.49339,0.04869757048497403
B,c163,1,0,11.49539,0.03948261900286837
B,c163,1,0,11.49739,0.05500628893664994
B_initial,c164,1,0,11.80833,0.14153833875481253
B_initial,c164,1,0,11.81033,0.13109278004938463
B_initial,c164,1,0,11.81233,0.14634538541582182
B,c164,1,0,11.96852,0.13833337311252583
B,c164,1,0,11.97052,0.12795060841017022
B,c164,1,0,11.97252,0.14275331644182085
B_initial,c165,1,0,11.76442,0.14304415516580293
B_initial,c165,1,0,11.76642,0.13339966351394728
B_initial,c165,1,0,11.76842,0.1484008993688256
B,c165,1,0,11.81586,0.14148444262221027
B,c165,1,0,11.81786,0.13187880409145397
B,c165,1,0,11.81986,0.14698008101158225
B_initial,c166,1,0,11.71294,0.13467771512931548
B_initial,c166,1,0,11.71494,0.12386772996877404
B_initial,c166,1,0,11.71694,0.13924355631402902
B,c166,1,0,11.98123,0.12853843343303595
B,c166,1,0,11.98323,0.1178100835187687
B,c166,1,0,11.98523,0.13260810098726353
B_initial,c167,1,0,11.94422,0.06892272537020773
B_initial,c167,1,0,11.94622,0.05917262292624266
B_initial,c167,1,0,11.94822,0.07400058744693414
B,c167,1,0,12.10595,0.06578856579517128
B,c167,1,0,12.10795,0.05619887751577864
B,c167,1,0,12.10995,0.07101855078877245
B_initial,c168,1,0,11.71331,0.1867606750241972
B_initial,c168,1,0,11.71531,0.17719062145557357
B_initial,c168,1,0,11.71731,0.19246706494986923
B,c168,1,0,11.98181,0.17833296795431117
B,c168,1,0,11.98381,0.16895173495873922
B,c168,1,0,11.98581,0.18364635399880122
B_initial,c169,1,0,11.55529,0.7297752369124176
B_initial,c169,1,0,11.55729,0.7190046835374094
B_initial,c169,1,0,11.55929,0.7345875030209986
B,c169,1,0,11.49625,0.7311370172939939
B,c169,1,0,11.49825,0.7203247015564386
B,c169,1,0,11.50025,0.7360958306891044
B_initial,c170,1,0,11.96887,0.03788047928145266
B_initial,c170,1,0,11.97087,0.028063581090450204
B_initial,c170,1,0,11.97287,0.042916531689782475
B,c170,1,0,11.80897,0.04313276176139082
B,c170,1,0,11.81097,0.03328448734857829
B,c170,1,0,11.81297,0.04851644104202543
B_initial,c171,1,0,11.79925,0.020937588314429743
B_initial,c171,1,0,11.80125,0.0056957066291993185
B_initial,c171,1,0,11.80325,0.01785527563343689
B,c171,1,0,12.07197,0.026025135299899638
B,c171,1,0,12.07397,0.011128204244850216
B,c171,1,0,12.07597,0.022685347047966743
B_initial,c172,1,0,11.87217,0.052778402164673256
B_initial,c172,1,0,11.87417,0.03784432038900044
B_initial,c172,1,0,11.87617,0.048797440062336744
B,c172,1,0,11.71467,0.04887039698412461
B,c172,1,0,11.71667,0.033699010912516314
B,c172,1,0,11.71867,0.04482709245218239
B_initial,c173,1,0,11.98413,0.030648112401983136
B_initial,c173,1,0,11.98613,0.015773985424441354
B_initial,c173,1,0,11.98813,0.028873031512880544
B,c173,1,0,11.92489,0.0297521259532626
B,c173,1,0,11.92689,0.014839161415834584
B,c173,1,0,11.92889,0.028055347449300553
B_initial,c174,1,0,11.70575,0.02265776877854853
B_initial,c174,1,0,11.70775,0.012924763832149386
B_initial,c174,1,0,11.70975,0.02828540226712558
B,c174,1,0,11.97729,0.015397237714922655
B,c174,1,0,11.97929,0.0065575328839186505
B,c174,1,0,11.98129,0.02060004290974896
B_initial,c175,1,0,11.68235,0.02047558870182174
B_initial,c175,1,0,11.68435,0.010549736932848044
B_initial,c175,1,0,11.68635,0.025915114247993472
B,c175,1,0,11.84304,0.017526468868522414
B,c175,1,0,11.84504,0.007857553428256954
B,c175,1,0,11.84704,0.022907630151654236
B_initial,c176,1,0,11.94459,0.08831147816997106
B_initial,c176,1,0,11.94659,0.07773210591561223
B_initial,c176,1,0,11.94859,0.09257666628588673
B,c176,1,0,11.8873,0.08891579718059045
B,c176,1,0,11.8893,0.07832395776963931
B,c176,1,0,11.8913,0.0934665653261793
B_initial,c177,1,0,11.83897,0.04545625501334005
B_initial,c177,1,0,11.84097,0.03474214278074331
B_initial,c177,1,0,11.84297,0.049896311380916436
B,c177,1,0,11.89066,0.04377269314577222
B,c177,1,0,11.89266,0.03334763979897021
B,c177,1,0,11.89466,0.04847827463998017
B_initial,c178,1,0,11.9601,0.08407107480054371
B_initial,c178,1,0,11.9621,0.06904567465603574
B_initial,c178,1,0,11.9641,0.08211565661627322
B,c178,1,0,12.0106,0.08461461709946913
B,c178,1,0,12.0126,0.0696524458244515
B,c178,1,0,12.0146,0.08283614021257131
B_initial,c179,1,0,11.91369,0.10735560910052089
B_initial,c179,1,0,11.91569,0.09252351864449636
B_initial,c179,1,0,11.91769,0.10556688420661497
B,c179,1,0,12.07539,0.109763529879602
B,c179,1,0,12.07739,0.09488493131214464
B,c179,1,0,12.07939,0.1076563618144199
B_initial,c180,1,0,11.79587,0.04970558916677728
B_initial,c180,1,0,11.79787,0.04093749946183536
B_initial,c180,1,0,11.79987,0.05534393842039745
B,c180,1,0,12.06246,0.04490083848370325
B,c180,1,0,12.06446,0.036256705927079386
B,c180,1,0,12.06646,0.05000241351571653
B_initial,c181,1,0,11.93007,0.038804669313193554
B_initial,c181,1,0,11.93207,0.02901509582713772
B_initial,c181,1,0,11.93407,0.04400646544797394
B,c181,1,0,11.66982,0.04809341157224215
B,c181,1,0,11.67182,0.03797545210465639
B,c181,1,0,11.67382,0.053138679923535014
B_initial,c182,1,0,11.89479,0.10286795907424594
B_initial,c182,1,0,11.89679,0.0878495755972847
B_initial,c182,1,0,11.89879,0.10049306724913133
B,c182,1,0,11.83598,0.10090308462389685
B,c182,1,0,11.83798,0.08580192548396116
B,c182,1,0,11.83998,0.09852531174428793
B_initial,c183,1,0,11.76857,0.03483975916165493
B_initial,c183,1,0,11.77057,0.019650635998064395
B_initial,c183,1,0,11.77257,0.031005764575989615
B,c183,1,0,11.92671,0.038489000556760064
B,c183,1,0,11.92871,0.023416336956469667
B,c183,1,0,11.93071,0.03448184147393885
B_initial,c184,1,0,11.7526,0.11586086655954421
B_initial,c184,1,0,11.7546,0.10568801838518804
B_initial,c184,1,0,11.7566,0.12076293786227334
B,c184,1,0,12.0171,0.10714099489421322
B,c184,1,0,12.0191,0.09721377389793086
B,c184,1,0,12.0211,0.11219637010602798
B_initial,c185,1,0,11.86417,0.05263864313901668
B_initial,c185,1,0,11.86617,0.037672958478065885
B_initial,c185,1,0,11.86817,0.05143224272860804
B,c185,1,0,11.91594,0.05378796547524473
B,c185,1,0,11.91794,0.03870172142474872
B,c185,1,0,11.91994,0.05228871160895419
B_initial,c186,1,0,11.71903,0.043967153829795776
B_initial,c186,1,0,11.72103,0.03390872677060976
B_initial,c186,1,0,11.72303,0.04910903593224806
B,c186,1,0,11.76913,0.04215164352195085
B,c186,1,0,11.77113,0.03219074082322075
B,c186,1,0,11.77313,0.04747520342552274
B_initial,c187,1,0,11.70806,0.07022121780941883
B_initial,c187,1,0,11.71006,0.054964588128276905
B_initial,c187,1,0,11.71206,0.0681779489068239
B,c187,1,0,11.86796,0.07199760370081042
B,c187,1,0,11.86996,0.056852853529772464
B,c187,1,0,11.87196,0.06986756579059064
B_initial,c188,1,0,11.90497,0.08208637594891405
B_initial,c188,1,0,11.90697,0.06707356819960086
B_initial,c188,1,0,11.90897,0.07942342060135535
B,c188,1,0,11.84757,0.08020242556910422
B,c188,1,0,11.84957,0.06537921852286147
B,c188,1,0,11.85157,0.07780900024122876
B_initial,c189,1,0,11.84047,0.08512736649268543
B_initial,c189,1,0,11.84247,0.07495837190758102
B_initial,c189,1,0,11.84447,0.08993826690105343
B,c189,1,0,11.58434,0.0897534490120956
B,c189,1,0,11.58634,0.0795019865119124
B,c189,1,0,11.58834,0.09503943922399449
B_initial,c190,1,0,11.83371,0.025891334279420187
B_initial,c190,1,0,11.83571,0.010922162903931222
B_initial,c190,1,0,11.83771,0.022558266011886104
B,c190,1,0,11.88463,0.02767978754532619
B,c190,1,0,11.88663,0.012658744648776957
B,c190,1,0,11.88863,0.02414171376787367
B_initial,c191,1,0,11.91253,0.05672150983693666
B_initial,c191,1,0,11.91453,0.046412736523205794
B_initial,c191,1,0,11.91653,0.06132225811362557
B,c191,1,0,11.96391,0.05540609495288634
B,c191,1,0,11.96591,0.04521288877294241
B,c191,1,0,11.96791,0.0602522963552764
B_initial,c192,1,0,11.78797,0.07624960237695332
B_initial,c192,1,0,11.78997,0.06100811718422546
B_initial,c192,1,0,11.79197,0.0726429793753881
B,c192,1,0,11.7294,0.07467531493746377
B,c192,1,0,11.7314,0.05937730065038928
B,c192,1,0,11.7334,0.07107642480046558
B_initial,c193,1,0,11.66474,0.01802368649748967
B_initial,c193,1,0,11.66674,0.002759501690719798
B_initial,c193,1,0,11.66874,0.016828072139458757
B,c193,1,0,11.60689,0.016560362696452172
B,c193,1,0,11.60889,0.003118103518690384
B,c193,1,0,11.61089,0.017325848127014598
B_initial,c194,1,0,11.70332,0.08987128287623303
B_initial,c194,1,0,11.70532,0.07915856292147537
B_initial,c194,1,0,11.70732,0.09453824999472628
B,c194,1,0,11.97194,0.08253935888889659
B,c194,1,0,11.97394,0.07180630238127238
B,c194,1,0,11.97594,0.08662602016071963
B_initial,c195,1,0,11.7539,0.1099623108592686
B_initial,c195,1,0,11.7559,0.09467968120495197
B_initial,c195,1,0,11.7579,0.10724967790144803
B,c195,1,0,11.69424,0.10879013546811905
B,c195,1,0,11.69624,0.09342939787640137
B,c195,1,0,11.69824,0.10603853837569617
B_initial,c196,1,0,11.81958,0.01985317196262702
B_initial,c196,1,0,11.82158,0.010026159066072005
B_initial,c196,1,0,11.82358,0.025242644428759703
B,c196,1,0,11.76027,0.021447125187196065
B,c196,1,0,11.76227,0.011490101685459286
B,c196,1,0,11.76427,0.026519889254933433
B_initial,c197,1,0,11.62093,0.1217967694238056
B_initial,c197,1,0,11.62293,0.1109801693582486
B_initial,c197,1,0,11.62493,0.12647392661480064
B,c197,1,0,11.46159,0.12628678082160377
B,c197,1,0,11.46359,0.1152686912336931
B,c197,1,0,11.46559,0.13077180720210202
B_initial,c198,1,0,11.58941,0.15748212087475585
B_initial,c198,1,0,11.59141,0.1471972552983083
B_initial,c198,1,0,11.59341,0.16274236365282232
B,c198,1,0,11.53158,0.15915158178685246
B,c198,1,0,11.53358,0.1487788133053027
B,c198,1,0,11.53558,0.1644020852492593
B_initial,c199,1,0,11.87312,0.03574240132090536
B_initial,c199,1,0,11.87512,0.02060062993972415
B_initial,c199,1,0,11.87712,0.034025096637874085
B,c199,1,0,11.9251,0.03660450428817894
B,c199,1,0,11.9271,0.021842656989928353
B,c199,1,0,11.9291,0.03536715824928085
