campaign,case,DTRIM_pF,FRT1,FRT2,FRB,FRS1,FRS2,FRBIAS,FREQ,FCT1,FCT2F,FCB,FCS,FCEQ,FCAC,FCOFF,FCSEL,FCIN,FCJO,FCX1,FCBNC,FCSW
A,c000,-0.03187103622465644,0.9990563289912014,1.000843520969226,0.9996776768701413,0.9928681102159181,0.999955766542024,1.0004916778366044,1.002405241934539,1.0006440372163599,0.9820350310260978,1.0065750671851859,0.9950696757347712,1.0117032581937804,1.0133918276996694,1.1026596877786239,1.0655461916622164,1.0023270831356992,1.0699313915526765,1.012234419334336,0.9981997834798734,0.892433012437558
A,c001,-0.06341260971965842,0.9996657032375903,0.9995040357736323,1.0000178906006771,1.0038173618535027,0.9907759884476681,0.9990376744210673,0.9906323607063565,0.9876029432074449,1.0072212132292668,0.992943905171726,1.0080186387177072,1.01277331480079,0.9801069874009851,0.8859443329480976,0.9250958286496993,0.9626873260824855,1.0641346876225515,1.0986304734770336,1.003409050700094,0.9249337859411592
A,c002,0.08728838152523477,0.9992403175312058,1.000680163555516,0.9990768174461604,0.9915752434004702,1.004972894218127,0.998483759911128,0.9961552108779744,1.0125764810322437,0.9812437125808406,1.0077135524826435,0.9895870607820074,1.0149185054155463,1.0226311927297762,1.1225447746861672,1.0296939574180635,1.0553513840455324,1.098605017101567,1.0593760646785455,1.0001935623889213,1.0976606665457624
A,c003,-0.021516833467940866,1.0000585449536308,1.0001777130726148,0.9995189474626528,0.9918740453082124,0.9903368595200536,0.9965091918482569,1.0025111200250818,0.9999279997353553,0.9966664478915208,0.9873659905022639,0.9977747389299159,0.9996380853962706,0.9761036075774231,0.9683285966654729,1.006890104820496,1.0972590671911755,1.0811395650716282,1.0375424967495355,1.066370935027127,1.1346307777703792
A,c004,-0.05770547569399789,1.0009836662739449,1.0007590688922232,1.0003233437276429,1.009519531823363,1.0028314678864814,1.0031413239081064,0.9970351032566411,0.9895212275393577,1.0144273197219669,0.9873794377813326,0.9913976725784969,1.0170325422700957,1.0486874441176197,0.8578498515298624,1.0465798776789528,1.0870871461845044,0.809456447791115,0.9414597167829762,0.9019995236121446,0.9267286986997968
A,c005,0.08921069330790823,1.0004562578866834,0.9994592261172572,1.0008251334872094,0.9916216033176158,0.9961322653633198,1.0003966123929684,1.0093526136471054,0.9855920913752619,1.0120592841798683,1.0173483592291663,1.0188049688049228,1.0018419776504532,0.9948910228019581,0.8880779397314882,0.9998410627001525,1.0374417168473529,0.9980882889616121,1.0499216867205161,1.0112923881036853,1.0890271273965635
A,c006,0.060689145309728104,0.9990187986730006,0.9992243758201059,1.0002539205527772,0.9973040644494333,1.0035217565145158,0.9997135202161251,1.002620995264811,0.9937795441791253,1.0160126578698758,1.0087525535133084,1.0198588844649528,1.0075399228511204,0.9919181871192894,1.1572421380000093,0.9121298833294815,1.0341591342823642,1.0910995022018046,1.09020025947516,1.0770283010481119,0.9551309624545254
A,c007,0.09447540456953049,0.9998739458645246,0.9997550154120317,1.0002290671807548,1.0071007472933056,0.9987369106240785,1.0098263138624481,0.9924991074282056,0.9958808820315151,1.0018102038546184,0.9931925650636093,0.9839592226159836,0.9849344377677816,1.0292066434174352,1.005432639194231,0.9134860636475046,0.9254887684865186,1.018691005276191,0.9982305081361811,1.0052846410200929,0.9320205965875593
A,c008,0.020513503677774672,1.0003232685359154,1.0004685310732333,0.9992729427502941,0.9955639453804124,1.0097720018104428,0.9964959348386817,0.9903241103774798,0.9910423142405146,1.0039146521201918,1.0082994324773717,1.0161573957275325,0.9854727024268102,0.9988043671360792,1.145806809929374,1.0860425653087677,0.9541903015387128,0.9790760488580194,1.0159021334768228,0.9945000518853585,1.072500572230004
A,c009,0.06965815464085864,0.9990093152170613,1.0004430325002527,1.0008730186763257,1.0098298892625528,0.9964067934369039,1.007036508051397,0.9969735833499307,1.0150922471823691,1.0181704812830839,0.9866627317165304,1.019915515373248,0.9821779633205913,0.9528837749361834,1.0542968622011024,1.0677613301297244,1.0887622893024402,1.0676921664298682,0.971929944846717,0.9630959892453846,1.1110373266826818
A,c010,0.09476853878538533,1.0004953296295556,0.9996531496915626,0.9995512503997944,1.0010652121923584,1.0015044852111177,0.9963575883179442,1.0085931183449244,1.005679694130062,1.0192804149056218,1.018653548485248,1.0154765113029744,0.9841068614007263,1.0266324986477098,0.9926537788065445,1.0690305941500693,0.9481993298787403,1.1070833201110846,0.9834208367730957,1.0786990495265716,0.8656498286640804
A,c011,0.01848178540969854,0.9990258138921438,0.9990752574953229,0.9993794129053183,1.0037434995375782,0.9935807858725606,1.0012177257796897,1.0094512816597132,1.0138701185084498,1.0173468685435132,1.0030647467940657,0.9883355756051976,1.0016198671557779,1.0410365826498622,0.9947286590182141,0.9714875576542041,0.991221099875205,1.0976620893470797,1.0180200766811245,1.0522099542984502,0.9286827151442429
A,c012,0.08251821815909824,0.9996369023419375,1.0006125448439518,1.0009450472373955,0.9953448466062009,0.9995098983742023,1.0087950841827082,1.0084760029769442,1.0031033080634795,1.0000103183370637,0.9903649250834929,1.0155820822934705,0.9909953482745415,0.985438531370338,0.8299671741520116,0.9618502090145831,1.0277639389575464,0.8573109168382461,1.074822739736228,0.9113971520806549,0.9533010289160696
A,c013,-0.035537685316249665,1.0004460614084232,0.9996670400158872,0.9996796964880025,1.0033044234969446,0.9933006814820552,0.9955846910661553,0.9979875754769609,0.9964911149632644,1.0162963827950267,1.0104891901133823,0.9871989574386383,0.9939035512939424,0.964418408572463,0.8932156413220342,1.0017760861360525,0.914657109063697,1.105243861733959,0.9209318360324075,0.9650222728284676,0.911732210167512
A,c014,-0.05993551373251602,0.9996480971715699,0.9998854890001095,1.0005370975790324,0.9916618527119966,0.9957187975583112,0.9958667827879634,0.9969717665213398,1.0173276530050301,1.0076851151078223,0.9845486288538764,0.9947806555223607,0.989118672758734,1.0267446532875888,0.952682078301138,1.026399102250825,0.9782840867658487,1.1010855963250288,1.0265279081161272,0.9564350403206455,0.9365250702448309
A,c015,0.02293304252637267,0.9998615268806024,1.0003016207648276,0.9996381866325278,0.9966520586513674,0.995326244753512,1.0053445195369557,1.0039003335052794,0.984002660356732,1.0022747806434897,0.9964339795845388,1.0024280758869362,0.9928928602407919,1.0145388462415803,0.9586859385333707,0.9784886194495055,1.0201533945410577,0.913203211782951,0.9538285332681373,0.980413626310126,0.8349958188953706
A,c016,0.039432764896234374,0.9995961531396094,1.000496790615258,1.0009683107594618,1.0015857992906911,1.009197731949224,1.0028419196283678,1.0060272706124622,0.982622726311214,0.980001022264647,0.9889477348321039,1.0061264254632811,0.9849148262663775,0.9803269871870033,0.9746111497344079,1.025871513423992,1.009666227179039,0.8743188807982757,1.067805233227205,1.021190242821536,0.9140467302312114
A,c017,0.04113354378401585,1.0002083756267444,1.0002763733489028,1.0009821164416497,0.9957132954764136,0.9926992142839899,1.0065400954884758,1.0006836447147598,1.0042743678123482,1.001992641730886,1.0088565501656124,0.9986520511286764,0.9982358112604458,1.0409925201503283,0.8185991667103447,0.9413725813874456,0.9907829279203444,1.095672886949884,0.9940266086569541,1.01789599051281,1.0510071796724674
A,c018,-0.0704945719845914,0.9990879696764254,1.0001839429771646,1.0001463782922277,1.00089171372551,1.0018643400496832,0.9941515453990271,1.004079327352855,1.012528754403223,1.0140015127847306,1.001264595685899,0.9878881437309964,0.9956366861698239,0.9995437238955523,0.9692269200593817,1.0020656833468433,0.9872300950700799,1.1309872235197178,1.0695906523501555,1.0328036538879604,0.9396695391445364
A,c019,-0.03293587547819768,0.9994505305677828,1.0007773647505396,1.0001359109532661,0.9963519081687322,1.002122508070757,1.0048521413575215,1.0091430138226771,1.0007692864456186,0.9933243778720078,1.0033165681701983,1.014942814698213,0.9983677192483031,1.0089119225218803,1.0874171714870824,0.9766530927114281,0.9605292932879628,1.0855649810362935,0.990412563590918,1.0555868422529062,1.1747846655568273
A,c020,0.07298766370595577,0.9990796961529698,0.9993212753024194,1.0005395245957962,1.0087820738934905,0.9952285337362292,0.9986735028948118,0.9974195375322439,1.0053920575241768,0.9925412668968967,0.9915361869200696,1.0099564684829274,1.017950088938717,1.014925221666718,0.8297789133419744,0.9403195553047666,1.0749342816220884,1.144045931035038,0.9534111453505086,0.9462199648097959,1.1255191621824387
A,c021,-0.02501150066402269,0.999453933473347,1.0008031276997806,1.0001807102460927,0.9981469173303515,1.0016674107286876,0.993136360779855,0.9972905916402559,0.9952360154293914,1.0085263166070653,0.9855255749966033,0.986425457076009,0.9989841773397229,1.001917973098998,1.1891364133571116,1.0474551065370474,0.9275169315060449,1.060528365667257,0.9057972791551433,0.9400796118423473,0.8985539487957853
A,c022,-0.08178200519302692,1.0006335139207363,1.0005496677937153,0.9992005212489944,0.9976712990086108,1.0020689362251107,1.002561807656019,0.9913119522142462,1.0133471846274467,0.9853144452170505,0.9988122361012333,1.0143817811597509,1.0146904687724438,0.9653269704452628,1.1687818586465362,0.9849337352934783,0.9568237730210719,0.8938612067212119,1.0158535261534472,1.0891329303897177,0.8930080317560688
A,c023,-0.056434290223392795,0.9994432733191074,1.000291962503991,0.9990555156243925,0.9910623801363945,1.0036093691561296,1.007936574510585,1.0060555039361059,1.011626224031174,0.9816772887572925,1.0030133280771523,1.0144067566739825,0.9933494091284071,1.0190350015304321,0.9163689921651602,0.9772802962488921,1.0161566902256396,0.8786671210008232,0.9546315911908358,0.942458391128998,0.860766491197194
A,c024,-0.005585929827432959,1.0001953123621203,1.000367031263653,1.0001007270504862,0.990782828970853,0.993108166292849,0.9990421657861025,0.99498057539194,0.9992874651474318,1.0038562164921723,1.0013209704726154,0.9895939404372177,0.9876417640760834,0.955714968513657,0.8091203587429162,0.9615302346355092,0.9673936141509671,1.0985529883073841,1.0416231889776817,0.9880704501303313,1.0196273490177117
A,c025,-0.08973840921667212,1.000044802694579,1.0008419501728292,0.9995319204083601,0.9946814367815854,1.0038945767590262,0.9998815278821387,1.0086804843579233,0.9914040489571286,0.9837462216090601,0.9954610949446936,0.9911707163842384,1.0115145390527118,0.9656390121567058,0.9399527596506616,0.9725982947349111,1.0671590629235874,0.9944367980855906,1.001151482379824,1.0364002126854994,0.8505451584969186
A,c026,0.023835465711599224,0.9997351914961872,0.9995788904872097,1.0003616214296511,1.0083553191180716,1.003411006857637,0.998164469482418,1.0051811823712151,0.996932693787917,0.9811907427716801,1.0100311681409768,0.9960855419106612,0.9996066211250897,0.98613673526769,1.0473212250551898,1.0009865298129164,0.9217965671343112,1.031718980984989,1.0138119135349164,0.9725784676199462,1.102024152338528
A,c027,-0.09284736284250637,1.0009611757931671,1.0007080293830288,1.0001853970703798,1.0099875067918593,1.0082373750342057,1.0035381068106115,1.000959689622981,1.009566615036295,0.9958440749142053,1.0085074821214781,1.0058407235771265,0.9826030786087114,1.014142960131143,1.1924615004068027,0.9693002934283432,0.9508996177545027,1.062938524312153,0.9087030338982162,0.9703856893829657,1.0107723311772239
A,c028,-0.06257114239580921,1.0008857011970609,0.9995174521287179,1.0007511928598838,0.99088853822918,0.9962998155983356,0.9964699967982213,1.007719874498225,0.9896667719819908,0.9874878936580685,1.0016017591701698,0.982716642479713,0.9898149331679448,1.0391443794878026,0.8400173186506656,1.034522716969471,0.9062941678705156,1.1411458591782506,0.9764658909883386,0.9657930090105944,1.099649500806458
A,c029,0.030902951664306566,0.9991168735001789,0.9991208845718718,1.0002714592068727,0.9903781135625497,0.9988783790049224,0.9921651362734658,1.003969986442346,1.0077360807446276,1.0123432371206764,0.9847438156891276,0.989861333760328,0.9950865952831317,0.9690120486330487,0.8107179553214228,1.025921325952935,1.055011147091431,1.145115050566703,1.073320377541498,0.9156128747271429,1.1260196245526068
A,c030,0.07192550163209285,0.9999964517543257,0.9996249317273256,0.9991104761398253,0.9957453428500946,1.0054806970724326,1.0046071793180393,0.9947467144305826,1.0047566818403817,1.003097057926388,1.018345392907394,0.9864288569649344,0.9856222165032359,0.9577634659961736,1.1984395399840673,1.0897522708430458,1.0226386203567082,0.8934036932467021,0.9472878853212776,1.0298099207724987,1.1040360573250347
A,c031,0.05794218120971281,0.9999274978291481,1.000740185487239,1.0005662990254025,0.9990786090494963,0.9933194422628102,1.0096932705812829,1.0072980971775642,0.9816844869411607,0.9915689622420176,0.9917855066172537,0.9977377089935,0.9990521472830768,0.9601808043914044,1.1336385773648658,1.0332230104819866,1.0051322725795016,0.9240949750860331,0.9725444294300216,0.9291010358094557,0.9608649649190566
A,c032,-0.058854594511376715,1.0001195531659965,0.9994364034040324,0.9999215969319581,0.9945042063090157,0.997585047846978,1.000050056614591,0.9924882751376677,1.007446145946243,1.0134266673639094,1.0171834317737494,0.9933654682566131,1.0067248616912006,1.049694882438877,0.888114007546515,1.0566090540064854,1.0259915655068552,1.0140116286922212,0.959586032260532,0.9612626862478277,0.821529933768963
A,c033,0.09712050790988744,1.0007919616301855,0.9998400102978617,0.9992307987730022,1.0042533197614956,1.0002424042476359,1.0093546330232328,1.004507033103201,0.9824055772578673,1.0033645169435255,0.9893262945445171,0.9945762095212544,0.9977968367735178,0.998223987090144,1.1620387777109005,0.9982103498978462,1.0608352962046135,1.0350272595849024,1.0323558849173473,1.062797804176733,0.8588482673217811
A,c034,-0.05053535716198259,0.9990497270657427,1.0002191674193053,1.0006229143106475,0.9993214171358777,1.0076514383604327,1.0078500961312369,0.9909774653088649,1.0016493725187792,1.0059606734343316,0.9963198397564893,0.9911068989740563,0.9928547866740329,0.9965780175795651,0.9344770798652865,1.0467562614287955,0.9632798128877542,1.1480716170691099,0.9874885174301998,0.9003206875851181,1.04514088751176
A,c035,0.0529588139378937,0.9996636586011063,0.9992044723286043,0.9990528705340235,1.0014523698970363,1.001611063265422,0.9982620376924591,1.007822396159971,1.0122883738096922,1.0089946624337638,1.0148426959608305,0.9879740507100209,1.0055746012217086,0.9562824799627996,0.8040515125797886,0.9428637446562551,1.0013327099911646,0.9552191840737184,1.0894186245159583,1.0442010205594057,0.8245141850275304
A,c036,-0.07166275133980096,0.9994691803637705,1.000783803152851,0.9998694872605727,0.997624830448883,0.9953751713684279,0.9921082319666733,1.005023349043049,1.0028767865693264,0.9958636381851781,0.9860860557533546,0.987089334098346,1.0189171393157732,1.0171608566634447,0.9601059897973375,0.9983527767108524,1.0902808665221775,0.8941453342745527,0.9493666242395106,1.0631550498778262,1.132477587327789
A,c037,0.00022821393339331197,0.9994658127594601,1.0003236775226896,0.9993461359897573,1.0008071426584002,0.9984113563724292,0.9942185213238451,1.0063472629879135,1.0098795282624595,1.0081083482407462,1.002070966930914,0.9804984470893312,0.9868795356426374,0.970760956875394,1.1707674605091694,1.0707790285678782,0.9121291599789274,1.0330414555620264,1.0224103048512014,0.9903630259315889,1.18161861156131
A,c038,0.04337523398961557,1.0000098353537248,1.0007041182854177,1.0002794882348607,0.9947781612733069,0.9952042929617657,0.992212545635194,1.0088200550512954,1.0077716321250685,1.01862378916022,1.0026579584256714,1.0032042502627392,1.0194627637523432,1.04473877619283,0.8356855708975754,1.0467631793342647,0.9483559704564505,1.037117878526356,1.0807054666093572,0.9313908102871257,1.16692055828858
A,c039,0.0792466721163683,0.9991277007896507,1.0006902504896045,0.9999135155713659,0.9982166840864239,0.9995258916761315,1.0026541791088672,0.9977520799255365,0.9997971170020025,1.0134444318846016,0.9934296335216344,0.9956111247034243,0.9966692428340191,0.9644083538407062,0.9515988281646552,1.0296380306829576,1.0945786200674106,0.9255764460742174,1.0460711632547381,0.9940003201932377,1.1786704576122564
A,c040,-0.09657377774968845,0.9998480314898572,0.9999915215480799,0.9999871220305385,0.997162942115151,0.996128833891028,0.9915451486345596,0.9958539901033299,1.0181327568103806,0.9892635086398482,0.9998835292243339,1.010389515704786,1.0067267310141101,0.9563863636403643,0.967810576470082,1.015992346311002,0.9984977689658389,1.1629618592475746,1.0139152098774937,1.0345788625515455,1.1461680190734922
A,c041,-0.07736799894125493,1.0004359752938066,1.0008083425501437,1.000545787889214,0.9986352354750601,0.9995327658772793,1.0021211108257724,0.9983365823241755,0.980303950611089,0.9853169908207666,1.0100997669163359,0.9899337885003489,1.0150481902370847,0.9551507132717422,1.0058297748748455,0.9729299772548126,1.0969221412669643,1.126295912118571,1.0837101235769147,1.0207113430683978,1.1542209436351332
A,c042,-0.06517449021263494,1.0005040382136254,0.9995690298981349,0.9991464141192905,0.9932503256216157,0.9909869118439601,1.0029542660739874,1.0043473519812023,1.0066827299526593,1.009927737318276,0.9985301485168343,1.002981378164421,1.0157610096345018,0.9847931855755879,0.9032270918592004,1.0978425595566008,0.9140142060891208,0.8637672185657433,0.9535561231408002,1.077052484124649,0.8938171933497345
A,c043,-0.05386276890867501,1.0004753202724124,0.9992257191127177,1.000430746673477,0.9907283287564316,0.9964293094485215,1.0042068742058063,1.0040217646893443,1.0128891971708969,1.0081345401566875,1.0029807585428754,0.9869251627973991,0.980553896647646,0.9850537676156695,1.1654606227077011,1.065213940723542,1.0372664009494696,1.0033295474603097,1.0558556079428583,1.0328478341645753,0.8083664734040792
A,c044,-0.020682341216372663,0.9994287815812657,1.0000660870090143,0.9998027420642338,1.0068947132726285,1.00362653310931,1.0058548152475884,1.002812534424322,1.0081399029379967,0.9806424578900964,1.0150946578242792,0.9908541566754311,0.9870274664359595,1.0422225955364042,1.0645564679516688,0.975766109284114,1.0149260332588523,0.9247474239924194,1.0596010371735916,0.9234718887825998,0.9328703224934547
A,c045,0.02829191638854922,0.9996241266122707,1.0008785994852143,0.9997089078131602,1.0014815886314086,0.9944006086514683,0.9986529427971583,1.0085529221114482,0.9904262093303674,0.9863875901468883,0.9803687963363145,1.0058045769620234,0.9807826004970306,1.0167059346444776,1.0351577381059793,1.0350113160289003,0.9331596196416108,0.8811536954245032,1.071099593058781,0.95740790695409,0.8011669684875767
A,c046,0.04262818433476345,1.0004757058913711,1.0001096524999118,0.9990843563967956,1.0054822923777058,0.998622177007671,1.0009730642915524,0.9935560590440842,1.0042445962470103,0.9875117717349008,0.9947011448402152,0.9979292727381709,1.0059685410223014,1.0263987262975918,1.144660290816402,0.9152791198105815,0.9291625896123161,0.8148582221676994,1.0605938111241366,0.9389058863270627,0.8366783405422898
A,c047,-0.032367296680822416,1.0004765000401148,0.9996751902250484,1.000083045731266,1.007338256255545,1.0081360530235441,1.0062061760584855,0.9930862850745151,1.0069777917685054,1.0113576518917158,1.0037665634376207,1.0140749671034872,1.0069496984421535,1.026716478969879,0.941092263395217,1.0065697023584468,0.9490188798710035,1.0324357409350948,1.016543671310939,1.0182330578170555,1.1199187423673704
A,c048,-0.02271436456826663,1.0007557051530303,1.0005912087781281,0.9997997635179385,1.0088470316428164,0.9976150022631326,1.0019622660391931,0.9938896175907801,1.015013096830191,0.9956577182497703,1.0002878891274263,0.9906856636813942,0.9859380530686827,1.0122953026935093,1.0332543793625941,0.9768364872265514,1.0545266259422656,1.058295544191278,1.0012801083997216,0.920048294880052,1.1438111144611234
A,c049,-0.08548368542998375,1.0008359708604784,0.9996341004734792,1.000156532071752,1.0077503991631933,1.0028067171570934,1.0029916860587393,1.0069239850317855,0.9977350308566625,0.9973385389770943,0.9949204197718435,1.0199264535837642,1.004189044477544,0.9892463040168694,1.1917305686435755,1.0554659555312136,0.9758622920201139,1.1851617639287084,0.9444068617167793,0.9831044646535363,1.0761457500568368
A,c050,0.023575889668623742,0.9994569914903381,0.999285139020322,0.999377857776734,1.008933669397866,1.0010170923022579,0.9983254539654889,0.9923502340978452,0.9862189446752063,1.0088606668099724,1.0107321386511523,0.9853144036486153,1.0145862119268267,0.974904488182889,1.1293761933934638,1.0499053598849988,0.9635828632022952,0.9037277336294751,0.9141769174346214,0.9502650380818498,1.0182153200865165
A,c051,-0.04798694612750703,1.000073543899218,1.0005005764712558,1.0002931641041968,0.9905062880972745,0.9966130598481439,1.0044091477615364,1.0073402819957347,0.9922066600281008,0.9902378276967552,1.009232943820853,0.9942657853343402,1.0132921299022581,0.9861766935360642,0.9245504301846712,0.9847877794860671,1.042353407192979,0.8903855890027964,1.029258337824749,0.9826362153381336,1.1012592816992324
A,c052,0.029701040029908143,0.9997382860893201,0.9996919100414453,1.0008371235580646,0.9921887197475385,1.0035045630015504,0.9991283879133522,0.9912784752609457,0.9939678032481074,1.016798789879978,1.0107322500243963,1.0081846482349237,0.9925476833548098,0.9854346298666627,0.9346829008081143,1.0472434554815944,0.9048306775066243,1.1263878167209742,1.0841311480487978,1.069853260218819,0.9198933796770705
A,c053,0.0596183550032969,1.0004727179541886,1.0004913414204324,1.0002224408155003,1.003185165906593,1.000532754434834,1.0007194760660492,0.9927689284470005,0.9960357095904216,1.018519248324494,1.0038645240737687,1.0172951780530244,1.0159604708430336,1.0125631078964812,0.8747007143886094,0.905704061956301,1.0908434875595707,1.1687088327224167,0.9961484309651302,1.0644732462343718,1.074291606034818
A,c054,0.005582730090435681,1.0006134209065873,1.000694414229076,1.0001590960348439,0.9912797310223627,1.0053594870376628,1.0036950621920973,1.0070408155031405,0.9968355557281247,0.9820857224891554,0.996866663102895,0.984626918402608,0.9888695896919535,0.9651928158669938,0.9645875160191668,0.9186412852696866,1.0680846338366004,0.866290830038853,0.9629496818934904,0.9853866802683449,1.0480547174885824
A,c055,-0.09697555087984909,0.9998410523450102,1.0001739012285267,0.9992841314330254,1.0032145625320719,0.9902003491899884,0.9977263638590428,0.99378436893155,0.9936398876524419,1.00223952362026,0.9943831926788416,1.0056985138187315,0.9914997757246472,1.032984473058528,0.9102983699800392,1.0577180065555076,1.0476374771146766,0.8235289139987679,1.041898840258986,1.0259969827238913,1.1569448783891654
A,c056,0.015368231661507775,0.9997036087933179,1.0003154753511705,0.9998965182169826,0.9945178125795222,0.9928439208582525,1.0023634868301836,1.0042982204199231,1.0130525743509804,1.0165679395415497,0.9993134308797528,0.9890037852589316,1.0127165141759855,1.0457395635574847,0.8643098277827956,1.0942472894908728,1.0678303502765358,1.0027031027200146,0.9198975967338515,1.0133942390686745,1.1938550931853034
A,c057,0.06524100496278806,1.0005997152102142,1.0006366341120636,0.9995808906315813,0.9950421680475022,1.003874600319313,0.9922887311485535,1.001691549305478,1.000914793595008,1.0020966240696434,0.9900353695842331,1.0039561289314407,0.9931544557572938,0.9969966357286492,1.0213521011353928,0.9687478440138194,0.939230500435024,1.0749078909697907,0.9157531426931431,1.0682664204098886,1.082608347591801
A,c058,-0.07563196569082814,1.0003522336588626,0.9997149590280002,1.000207787471995,0.9965788787024847,0.9904552882930197,0.9965187715541546,0.991858300097618,0.9993594772025706,1.007911040705979,0.9866668949069284,0.9831708897948149,1.010709674468921,0.9903638253338611,0.8321656357979008,0.9210382064128039,0.9144785629374896,1.0782107877038758,1.0302298599482855,0.9153357679993104,1.062537674752283
A,c059,0.04033585205714421,0.9991903813705474,1.000506878464821,1.0001418480750675,1.0034334877626794,0.9936384523902372,1.0035702748763264,0.9953459681207855,1.0050383796101705,1.002779603723737,1.0112368829286793,1.004282250869536,1.0198399486721301,0.962448985083746,1.1763454844035166,1.0419264985352754,0.9405876291812523,1.0363342670072329,0.9761333984595443,0.9468609386092458,0.8961027081600114
A,c060,0.028469890077208876,1.0009586721060675,0.999614222587015,0.9994369887482816,0.9975358583276633,0.9952123142571538,0.9964947943647066,1.0003635750545687,0.9914407174509096,0.99379241869565,0.9964896009463649,0.9805701483953151,0.9843262158623997,1.0042460441974146,1.0697078160549003,1.0453509540899901,1.082832101942467,1.0101034834436406,1.041753061702591,0.9578985648169497,1.1970088260906417
A,c061,-0.05666902883679048,0.9999912805456459,0.999994649274592,0.9998810872666233,1.003351970026472,1.007797851773765,1.0012280479016142,0.9985503418554467,0.9801873904611532,1.0098107456554128,1.0062680261330919,0.985737220342703,1.0006038385325295,0.9897267426172872,0.8306700487896709,0.9413929257066045,0.9877991411068733,0.9688574292187777,1.0566284157383676,1.0463853251391408,1.1602153882329624
A,c062,0.07411337099600665,1.0002491652123005,1.000041814664486,0.9996666261735824,0.9956336310349166,0.9915212904855368,1.0097206324741523,0.998001304746843,1.0091657336122233,0.990681585262951,0.9946427283300242,0.987655238163879,0.9819807801825513,1.0476817312639426,1.0777901254531979,0.9693284551622218,0.9316894464277317,1.1759611234559881,0.9609976975933592,0.9440156492809798,1.1836183364816608
A,c063,0.007856859622537751,1.0005119053472031,1.000688584003569,1.0004135419484494,1.0065285771471095,0.9988325066348308,0.9902034877823761,1.0033908574238815,0.9885725081186744,0.9900220060324642,0.9866450706893,1.0043409679728652,0.9928409384367587,1.0235562210115752,0.8098812353703286,1.0692712477334956,0.9596569183086443,1.0799184649616993,1.0800828657185306,0.9953971366766857,0.9938346048649805
A,c064,0.054657903885456716,1.0003643713018378,1.000919552697712,1.0002881110380621,1.0067426166880384,0.9955304102788715,0.9909693161585842,1.0056930006783489,1.0168252283658672,0.9926592000934151,0.9958156805376792,1.003652166300473,1.008691718687272,0.9540783214232443,1.0920714813303645,1.099283285850607,0.9214005410601935,0.8307775857352857,0.9876644717680628,1.0230767856488796,0.9826304275116813
A,c065,-0.0067430882811496395,0.9997701340411339,0.999084486542451,1.0000983541820039,0.9938837970280017,1.004020181745515,0.9995095070350032,1.0070757291557089,1.0191186420604128,1.0060199231186457,1.0068778853327984,0.9950029116227126,1.0050917515605649,1.0178400253957673,1.1739064378618997,1.093072893512624,0.9200975060651894,0.825187246910196,1.0638845458668285,1.0189152206465624,1.0984377692466136
A,c066,-0.0034644149820109577,1.0005035669509297,0.9993757129493333,1.0003133150025907,1.0097589035328005,0.9915526227005587,0.9963124321034301,0.9954796280182213,1.0069383395736886,1.008535997228895,0.9860949499952569,1.003283850105383,0.9899328763596789,0.950615229852116,1.139119194206899,1.04274989547439,1.0750040802091707,1.0425486739959706,1.0830209000575433,0.9458809885448414,0.8766983162972173
A,c067,-0.06277592272763194,0.9999583742436119,1.0009105229752924,0.9990728160679395,1.0061321813453667,0.9907993404558578,0.9926254584244806,0.9989042346585782,0.9896086045234723,0.9944772373242107,1.0112208575894488,1.0014350526597855,1.0135412076237105,0.9612279710746292,0.8115400444578307,0.9580654793982707,0.96839735142726,0.8069546782764357,0.9641938721646651,0.9837122346935073,1.0728477560143608
A,c068,0.046053503805395385,0.9992310634395699,0.9993841371748013,1.0000672980331227,0.9906253275924733,0.994093786833201,0.9963322865094296,0.9950906264336024,1.0177421301434066,1.0062819020402265,0.9999113258313077,0.9807909484849708,1.0038970494067216,1.0476630710021773,0.8821483786409757,1.0988168889933192,0.9281842902968296,0.8032431366115644,1.0423354875466695,1.0905440718729214,1.1518815041466808
A,c069,-0.0261772795931762,1.0005963108523297,1.0004205629390273,0.9990384065610555,1.003930492261372,1.0016986159196932,1.0092875945945596,1.0098861629271187,0.9918623076887256,1.0073215435397465,0.9928308594316506,0.9894634350577078,0.9846323387905022,1.0093659028154578,0.807291694095152,1.0125520289248888,1.0918296143694002,1.0259461309031583,1.0345663863794767,0.9773777186118499,0.9750270793509725
A,c070,0.05390664368384862,0.9997238400138969,1.00032652389992,0.9992258195281176,1.0073854452219764,0.9903081994314407,1.0089755511304341,0.9972062336289103,1.0077993984247018,0.998038712057545,1.018211823750568,1.0153167843331543,1.0058415938607124,1.0166389782541085,0.8304541156970427,1.0864479165028358,0.9114833469956889,1.1007862566072264,0.9416604696849062,0.959313833224378,1.133069312245184
A,c071,0.0040083092172028545,0.9993225032850274,0.9993636231508729,1.0006338503585366,1.0016106953413304,1.0097850777306159,1.0086059791874245,1.0004822816949952,1.009349407827121,1.0002455941120156,0.9888841927407903,1.0170279397958228,1.0072552968460784,1.0015700729650674,0.9406664299538583,0.9951909217488667,0.9092412219330149,0.9461204295963191,1.0792214346977136,0.9843387106839566,0.8383167994099502
A,c072,-0.07442791977035926,0.9990719470063697,1.0006352665265443,1.000070610107342,0.9967241469780196,1.0061698207048817,1.0025013221230463,1.0086473151345632,1.0040017894786404,0.9986482974833675,0.9844422122757696,0.9826100070807542,1.011920943893107,1.0159419834312235,1.1294331312019914,1.0330523301646517,1.0440923959389288,0.9580951010524881,0.9448363843149938,1.0558435923869478,1.073185357045357
A,c073,0.07274578912441129,1.0007537134278548,0.999288203986673,0.9991562675576438,0.9918485274305894,1.0054746171951081,1.0090543215904393,1.0066630403812864,0.9837731940478256,1.0001873384653408,0.9904521007938095,0.9881125906920256,0.9942314718594591,0.9556216101643434,0.9057670779304381,1.0694342729534096,0.9568306023257648,1.11817598157857,1.0219260087859663,0.9202817988151237,0.9525638953801887
A,c074,-0.08005808041837666,0.999552704651892,0.9997169481220683,1.0005023236148856,1.00602823954716,1.0079250586609723,1.0055382234565455,1.0002869643152696,0.9929872264151218,0.9889862387769135,0.9860453835825377,1.0111893363844522,0.9801606556300331,1.0133888731223986,1.1570033983654047,0.9975338559614031,0.9813275286072108,0.841424135517634,1.0015139532481057,1.0996979827728137,0.8559725047774085
A,c075,-0.06742133951942395,1.0004520387460636,0.9991283819920155,1.0003385857222566,1.0056539698261626,0.9971550233701,1.005779453048749,1.002180990675026,0.9905397593966424,1.0153113475027047,1.0135188262922292,0.9981322732239486,0.994417646932367,1.0229670572161935,1.0888000130142004,0.9873039721102466,1.0149620830165873,1.1529105579631607,1.0089238967741858,0.9939604027087116,1.0768181692511414
A,c076,-0.07146720952146082,0.999090963503315,1.0002780378649252,0.9995595878844512,0.9998259115036333,0.9930358898676669,0.9952224439342603,0.9933749478475677,1.0093998119735688,0.9850403788092827,0.9887223068619814,1.0182619982974679,0.9939143098815497,1.0324483667251512,1.0537027271260928,1.0850091371515158,0.9611595418903399,1.1127479290255857,1.092378572679845,1.057666578466779,1.0187157722186857
A,c077,-0.04394976075963315,0.999459944373308,1.0001378237052079,0.999344397007524,1.00795883193431,1.0011451424977713,0.9957879186851174,1.0039466661129075,0.9819286764779546,1.001890514862777,0.9865311985811781,1.0199424986321903,1.0007653412378972,1.0387781339353424,0.8078021445742066,0.9514332560102001,0.9812147988065757,1.180388555134929,0.9388927840653714,1.0468116732462995,0.9554728473717754
A,c078,-0.052021821731757095,1.0002484283188613,1.0001592105117691,0.9991095689320627,0.9937267140267168,1.002646795003969,0.9984864817148801,0.9956946014340537,1.0143429951757084,1.0071213888117465,1.0112734134486827,0.997259811554043,0.9987401928069292,0.9802923659278059,0.9463728709967756,0.9992043904226684,0.9457818667910822,0.8026996321471858,1.0044753161999083,0.929554724187316,1.0259414134572482
A,c079,-0.051001728266216254,0.9991783022127195,1.0009058694083575,1.0001427981813302,1.0065507616082914,0.9982416522829619,1.0009667316418152,1.0032032954007084,0.9980862612033932,1.0126991775493686,0.9992158576573401,1.0119938765359835,0.982394629167153,0.9661403104810672,1.1759476601460586,0.9613300544690568,0.9061851364064004,1.0920541877006607,0.9077306561352584,0.9494461377201721,1.1120578597187332
A,c080,0.09964996901821149,1.000947909656247,0.9992857561325951,0.9991578179123274,1.0012994499852461,0.9966722781893527,1.0024593941197943,1.0078152385145864,1.0169527314568894,0.9924293895919456,0.9950089241607377,1.0140317429394852,0.9876038722894496,0.9572039320432909,0.8421769827823561,0.9166353835221793,1.0088531270584014,0.9425945727255233,1.0000798639431907,1.0039870196383738,0.9923604581547044
A,c081,0.09051968727330775,1.000639314617883,1.0007323500749805,0.9991801878575787,0.9998409926194142,1.0057850310019967,1.0041516845085443,1.0045069400065887,0.9840872154463617,0.9862512108705603,1.0021405101267205,1.0181076614774682,1.0087034335383662,1.0465516324128807,1.1011294012009452,0.9702445573849937,0.9265123789345692,0.9345010464391257,1.0206263942868625,1.0568915465277995,1.0023080694242137
A,c082,-0.0036552525769406596,1.0007311039685587,1.0004706602872762,1.0007079004367943,1.007644335029351,1.0026540129148873,0.9909262934735679,0.9969582217047156,1.0116507978241043,1.0191135344996436,1.0161899791305677,1.0038570275832719,1.0049976828243674,1.035465065332729,1.1292240068575503,1.0057220107632077,1.0782698857827686,0.8018279667558802,0.9150140125691543,0.9668613630560986,1.0548136245412219
A,c083,-0.09153176697767351,1.000421591210815,1.00055750812275,0.9990231132143635,0.9978014900283222,1.003608654378028,1.0009548641082584,1.0049470242360972,1.017888393452586,0.9894050083122755,0.993146805454266,1.0046647098215258,0.9955744796380611,0.9809710288296756,1.0939692226477853,0.9881647348168606,0.9052802860625564,0.8488402214894591,0.9930260657484872,1.0499749311156894,0.8693918144826781
A,c084,-0.05728134364861495,1.0007037266864616,0.9995394142412714,1.0008527668684042,0.9939449917642769,1.0098912953950194,1.005262120062727,1.0038447109970372,1.0105152889555316,0.9855617283891991,1.015762378610911,1.0042652164338428,1.0005032653259662,1.0128253216668317,0.868652758271366,1.0166953823019478,1.0491004343142745,0.8436516947748609,1.007691615607691,0.904589105299918,0.8522960966481774
A,c085,0.05844635735190937,1.0004341572868696,1.000069836325991,1.0005070988135296,0.9976708439612739,1.0000878730328222,0.9947855069375777,0.9983822357706252,0.99506528637156,1.0094602334179297,1.0173833142676738,1.0008910043286245,1.0081942351663935,0.9523546202726575,0.9962991551275306,0.9410166234379419,1.0139912742648796,0.9128694292274974,1.0240634892610625,0.9572597817211471,1.1869973484800476
A,c086,-0.06461064587229222,0.9990672168427861,0.9993577122693688,0.9997360791413057,0.9974769500243633,1.0075289584812288,0.9930733412070374,1.0043510372931947,1.0001024428715133,1.0187936557992396,1.000101519071734,0.9965577999297781,1.01694907844045,1.0318928809742065,0.9736826079481763,1.0966911446510907,1.066436544211073,0.9227893293751401,0.928314624926579,0.9524834909927014,0.9989822306861518
A,c087,0.06233689091268291,0.99994463992416,0.9992509359226027,0.9999754238820634,0.9960073537958263,0.9986407335111612,1.0078135646014181,0.9932290881422454,1.0190898586957808,0.9837826091111224,1.0014239713012125,1.0094765553742269,0.9906594133073301,0.957878579354159,0.8524534657501772,1.0242388795530928,1.050110162341972,0.9326546528131711,1.0806667483649008,1.0152613518843925,1.0134368811540613
A,c088,0.09705854298889277,1.000712838154573,1.0001451105495947,0.9997905275011151,1.0085599085301231,1.004744652374971,0.9957000088160597,1.006123527716527,1.0124156499225136,0.9859413273135096,1.0106541181285509,0.993616346975821,1.0024094286198033,0.9510390689592151,1.1169687756218631,1.0493244758045106,1.0051776457146182,0.813484820009157,1.0097292105636084,0.9755614333253795,0.9910145332685022
A,c089,0.07880580654398081,1.0000523039033824,1.0006704601066647,1.0005989111758182,0.9977048899660135,1.0001851079123865,1.0093245355804068,1.0011631864331783,0.9812084872167227,0.9835816985315532,1.0071922937257702,1.0081008565034297,0.9810540774189036,0.9912919802609211,1.0541274312312594,1.0163489079204215,0.9339903455443153,0.8913155899962683,0.9635801282607978,0.9575348063275111,1.0824791911773817
A,c090,-0.03964824302676922,1.0008822175070435,1.0006574641011114,0.9993356878192428,1.0039552749393366,1.008150563906289,1.0051384352811437,0.9982510441110405,0.9956579024079475,1.015036543625008,0.9967639054814244,1.0008414690535379,0.9806145843455282,1.0108223700844425,0.9778010536070778,1.0304832006118654,0.9320009877016084,0.9600957118480329,1.0814504174519508,0.9371925140096086,0.9693628504573966
A,c091,-0.006857792403524354,1.0004840267514747,0.999430480586404,1.0000919347746697,1.007515300762151,0.9919282887982173,1.0090685254147937,1.0075942081948148,1.000423096779432,1.0108044985051128,0.9841884719426632,0.9992100219698606,1.0096519817546883,0.986958760156475,0.8495665135212798,1.0190880515703808,1.0856107092314258,1.1652973161260292,0.9761296985262848,1.0527779375169772,1.0380061396153062
A,c092,-0.0747632719131801,1.0006476806040607,0.9998522851226175,0.999433938754588,1.0067106918495776,0.9978596265648918,0.9920029803915056,1.0070216500209532,1.0010884771120956,1.0120133842056862,1.0016516513555933,0.9911438175445639,1.004980738585731,0.9898150550664084,1.1756919045028096,1.0981032953101242,0.9322598950896929,0.9136058855347713,1.0422917530110918,1.09787477456645,1.0792970284959205
A,c093,0.011450825211105811,1.0000305775299076,0.9999790288333471,1.0004446282393427,1.0099503222077963,0.9913221208371749,0.9998988280613392,0.9913257072935214,0.9810015769085422,0.989553402208004,1.0086355303967098,0.9900268108344176,0.9894982894906312,1.0071547727938819,0.9375790025369612,0.9973350964336832,0.9720626198238568,0.9383322781387898,0.9220008928489907,0.9348857537150821,1.0302041978002183
A,c094,0.05775492138267638,1.0006512771873077,0.9999392531585743,1.0007425759925037,1.0032535398416218,1.0018865800997279,1.009007166821596,0.9934194772726849,1.0148096152501547,1.0036242278235579,1.0022889734120297,0.9819448226498222,1.0008612920698956,0.9624491459248322,1.0966898287314408,0.9515617570413412,1.094175900521486,1.0136035600656308,0.9889519558511288,1.0202308170990575,0.8056729901069561
A,c095,-0.08801835685388282,0.9991144597926681,1.000407429992575,1.000203719113892,1.0003789040447306,0.995670265870374,0.9980158396235812,0.9939390250639756,1.0160974542560897,0.9881405184187388,1.0049354608893655,1.0030788091541556,0.9811215753327955,0.9764689758435479,0.8248221757076022,0.935870840796542,0.9974258021950159,0.8395045822371532,1.0399529608055933,0.9619117713996571,1.0927272014333964
A,c096,-0.08438805828666174,0.9998736632859574,0.9996661135593943,1.0005391983621614,1.000520660739021,1.0076565252825613,0.9994539588067083,1.0062845033923737,1.0161814181499524,1.009297756420495,1.0005783627327371,0.996294759626596,1.0048916226954479,1.0458319963336113,1.0863701299967734,0.9567037985427209,0.9387545253476747,0.8310431619210777,0.9329045062380229,1.087773515516262,1.1011380545317289
A,c097,-0.0963361971297889,1.0001729434766435,0.9996715882556978,0.9998470859539061,0.9957999340107019,0.9991286583220123,0.9935337552200041,0.9925046355055618,1.0088438188825806,0.9925429748662425,1.006864670711056,0.9962302993511317,0.9994399314120676,0.991957606951543,1.1279719458059223,1.0361959452234966,1.0606899172617243,0.9734397960533924,1.064843002299324,0.9837412628914115,1.173560891984636
A,c098,-0.05513591348525304,0.9992554265647794,1.000032879755468,1.0007723249810765,0.9977402660494573,0.9968909718014516,0.9921681951006878,1.0078739694334453,0.9812172868184059,1.0137013230579126,1.0001928964075282,0.9936019536792728,0.9859695386564705,1.0435116868250165,0.8363112916393668,1.0141864897683297,1.0600880881870933,0.9827886530688745,1.0907922225393296,1.0670528722543926,1.0547764966554891
A,c099,0.06705940833952506,0.9992892273223395,0.9996075742092876,0.9997684770632302,0.9906937639109248,1.003452942554102,0.9970493356553092,1.0073684087357988,1.0001893901822072,0.9834108716753731,0.9947237103594265,1.0152596155347855,1.0088942166279196,1.0411407348655097,0.9471992517779148,1.0028012994213127,1.0157015903878859,0.8500226040915851,0.9823287350461516,0.982530147999226,0.9470275085139747
A,c100,-0.05147246791630418,1.0000796781668828,0.9992290716069329,1.0009860238733483,0.9949183367310408,0.9985647387269546,1.0074008043972345,1.0079267922416402,1.0156104544260165,1.009641793610331,1.0123345145490508,0.9986048030960649,1.0017246654516867,1.0308857463737908,1.1499198757983353,1.0518594771918097,0.9098000940782184,0.8740869474889577,1.0323163033727434,1.0843886974920427,1.0930659044230966
A,c101,-0.07628810635285513,0.9998953010703545,0.9999092002293951,0.9992514716888664,1.0097223658410144,1.005137278697234,0.9955911632759334,1.0042324928308095,0.9869201082748438,0.9978605056879366,1.0087366035561611,1.0047870942856396,0.9903657583933552,1.0434128542602914,0.9290426264594707,0.9170273729549564,1.0870415274589307,1.0145283764780657,1.0852530772898124,1.0881824185527715,1.1811189101971395
A,c102,-0.03221514904700769,0.9999834810270933,1.0006467176912426,0.9994284974622997,0.9913852722579287,0.9986226574809004,1.0061614614968861,1.0083088242676863,0.9953932696675175,1.0109121622497295,1.0154466481276092,0.9945605653519428,1.0051579642312634,1.004331063449265,0.9965996017714054,1.071130101100187,1.0567666987099198,0.8095151595233371,1.0159222163675297,0.9955908166214983,1.073510412772099
A,c103,0.08250954288097864,1.0007712122734862,1.0000448614089539,1.0002525859611058,1.0096552012633166,0.9920233599025597,0.9926089197109439,1.004078679161502,0.9855386759881212,0.9806467626373312,1.0135680519335373,0.9923145913646688,1.0064086568554806,1.0399292746628221,1.1601724231226236,1.0832222320074918,1.0815183840959774,0.8064582777103865,1.077842628627476,0.9264188101563504,0.8662924484607594
A,c104,-0.09333125910425262,1.000400632610643,0.9993044015816297,1.0002532198886274,1.0036998539229685,0.9948544502526919,0.9915779084756712,0.9974945543631341,1.0117762396668821,0.9980948440593604,0.9971544106083398,0.9807691140115992,0.9950895554621983,1.0277839667619868,1.1827974818978306,0.9214678498160029,1.0376825928848907,0.8588833418293813,0.9723093943906416,0.9392938138856848,0.9573274800015874
A,c105,0.06169980444172274,0.9999535935415788,0.9994466500983678,0.999250571846745,0.9908454418382577,0.9972796488103015,0.9935447951427641,0.9939452594986838,1.0111275030462417,0.9989398210108065,0.9879711420734856,1.0174115970512088,1.0061162569115136,1.030145544817404,0.9846501142529095,1.0557582065221311,1.0069371694433482,0.9674676487863827,1.0138718292919087,0.9088234747549093,0.9876843373159758
A,c106,0.05224228948621576,1.0001166842194633,1.0007215955729065,0.9992916130947566,1.0043967746871734,0.9991560011071928,1.0085216106401902,0.9958191013472757,1.011604509925768,0.982259688636971,1.0052115006526414,1.0106538191024947,0.9990723963578059,0.95480022713237,0.9629552732520285,1.0471681991365402,0.903154199952109,1.1399112730018082,1.0318564008196147,1.0578753895398627,1.0142168604987731
A,c107,0.04488076457683385,1.0001081787614616,1.0000552779803367,0.9995469165564788,1.0071209031374369,1.0056942980110182,0.9971533571240919,1.00734792802882,0.9841410559584709,0.9943310719702003,0.9995009827743204,1.0171346145334914,1.001439922446415,0.9879591075551607,1.1371272029284587,1.0126784500158859,1.0368337899129634,1.0912309885563238,0.9812081435756019,0.9400467472830183,1.1741216223672304
A,c108,0.012742161945771754,0.9995221992381499,1.0001964720758436,1.0006827866111503,1.0017770907624057,0.9962592492803614,0.997507092342526,1.0036572144144005,0.9823961812889573,0.9901056764908788,0.9873551974389325,1.0149918589363771,1.0036539030795883,0.9617701881933522,0.8227980768981048,0.9424269170121407,1.0239298293739565,1.1095167008979294,0.9950680596294703,1.0534375171973485,0.8089347015651626
A,c109,-0.07468745222240025,0.9994815649542367,0.9993913179785706,0.9994864685159066,0.9914766909323645,0.9955439161785504,1.0001985003925622,0.994622459999358,1.017786189475562,0.9919432161421589,0.9864173574468957,1.0065035967509637,1.0027781950745787,1.0419998612596102,0.8190543294394218,1.093107489943128,0.9767344545193829,1.0052214695142756,0.9180867764095437,0.9693361737698256,0.8642997557300269
A,c110,0.01520559667344032,1.0000086613708419,1.000953037902459,0.9990601837114,0.9921893522005066,1.0098226788788187,0.9982311432342869,1.0077637573464595,1.0126668347222934,0.980377651884025,1.0097256409559232,1.0127858775170167,0.996548306160197,1.0306786169286504,0.8328611340788883,1.004170539066979,0.9196284967073918,1.0008903257361486,1.0190499830736988,0.9968665365563233,1.1203934312865371
A,c111,-0.007682111718713275,0.999771985130414,1.0004515393835152,0.9999206301824999,1.0097958514758565,1.0069162645264025,0.9960654835794401,0.9952803932085338,0.9905662464145918,1.0034753298105776,1.0085442477514535,1.0102814815650232,0.9919394513054582,1.0331323375033465,0.8005820449632519,0.9039794756025941,1.0487102341869474,0.9609529080469897,0.9901607229646748,0.9191691756488376,1.1583685470103247
A,c112,-0.09585165619218866,1.000167385905741,0.9992157708822226,0.9999922812685978,1.0043606151181825,0.9985346706453772,1.0002940374102975,0.999040696843179,0.9868618078733091,0.9800841973917731,0.9969155991328847,0.9953754708029418,0.9849039550525618,1.0492525701747428,0.8918535336724915,1.0398832657750365,1.0486216247487943,0.8775953269896124,1.0527587739269126,1.046000710455333,1.0709519341898428
A,c113,0.075767329781218,0.9998733356360184,1.0001772809043448,0.999230151206826,0.9908198355609341,1.0050822320016513,1.0050250394863147,1.0096137293794503,0.9933566787751473,0.988306143293241,0.9875018336226653,0.9876408311232603,0.9992752625716246,1.021597077986489,0.9545143934878217,1.0025396339240462,0.957273771105597,1.1170518541634713,1.0626255790076549,0.9688181812180074,1.0377687599115593
A,c114,0.013756620199337807,0.9996353975094929,0.9996695316425702,1.0009231815685837,0.9957818960518615,1.0093575811293587,1.0048197120058018,1.0019566685389818,1.0054272952994028,0.9938604210250307,0.9820490408318093,0.9955971977231217,0.998051756450264,1.0343080901593493,0.967015740826345,1.006603275315371,1.0861675733364127,0.997847815494717,1.0185221486271436,0.946006853759522,1.0140644048493315
A,c115,0.024318657865169513,1.0001329601146118,0.9997144104156035,0.9997372753276667,0.9996930601669396,0.9915683057126872,1.0082526934085079,0.995005164468338,1.0027611199421747,0.9851791727705365,1.001030879262627,0.9800473160900834,0.9963154874084857,1.0079070570829927,1.086703853914351,0.9085875701304624,0.9143027035294767,1.152523136461648,0.9445740225329142,1.054339793168008,1.049137302801948
A,c116,-0.08171544088129688,0.9995083788372068,0.9990498021406838,1.0007013362912645,1.0011815770308974,0.991162206500756,1.0041045731093432,0.99489924935042,1.0035919861923008,1.002171678418706,1.0161012840470773,0.9927966046428498,0.9849105623575743,1.0252980277587667,0.9442314329616225,0.9268032162888563,1.0396000954686853,0.9385304148475844,1.0444356182855923,1.009094287779528,1.1035474454597516
A,c117,0.04788346568717722,1.000306935847471,1.0003105621373876,1.0007793554992066,0.9916935561618725,0.9912725905817876,1.0087883314205417,0.9917842083190821,0.9943930302310829,0.9865471658436278,1.0142671096015081,0.9823611571820504,0.99935149578801,1.01908687935367,0.9085553224921432,1.0609874492168738,0.9508166657171839,0.8441325126118977,1.039230422415988,0.9481136685695337,0.8944419986058717
A,c118,-0.09377989769574085,0.9990960654979667,0.9992614780615319,0.9994622393293224,1.0061862250716376,1.00738144611071,1.005183933534298,1.0009698099500566,1.0054008561340786,0.99463974760039,1.0198165177905276,0.9888158364669075,1.0023228760922573,0.9506517133862042,0.8534028912964166,1.0537309857044845,0.9612977936212663,0.8084180130279695,1.0282457649114645,1.0105866141773783,1.0386848569793397
A,c119,-0.016884383940352785,1.000862498897173,1.000414027620163,1.0009625417482253,0.997471439465225,0.9933853069066414,1.0038457238047371,0.99261635753093,0.9805346230194345,0.9826394890912636,0.9813937268213451,1.0054361944548378,0.9829261631707524,1.0405455927265288,0.875281998786259,1.0687517148539496,1.0699327367047122,1.042840418209136,1.0681095983842255,0.9748605146294164,0.8091183214248129
A,c120,0.061116120633823295,1.0003040122916451,1.0006587485382985,1.0001083045575978,0.9950856514815948,0.9997199120071745,0.9929014902849779,0.9961276014578475,1.0131412662036068,0.9926761688315995,0.992612932632435,0.9877662528639691,0.9889818182384226,1.0213983617214,0.9964198183494345,0.9988265357211858,0.9452031229875416,1.1239439753715035,0.9615048260484541,0.9482273935044435,0.8605483196328692
A,c121,0.04127542861932451,0.9997108845157138,0.999200068686033,0.9996645111525341,1.0002937006721622,0.9970240127959358,0.9982782124736329,0.9989602596944342,0.9932151016257718,0.9867709491845292,0.9915658556945977,1.0083476616659868,0.9927934694976319,1.0034853824274157,0.8462267790738103,0.9404699493843058,0.9651576860920927,0.8698998281951669,1.0113415146687472,1.0885057782669363,1.0494162046866458
A,c122,0.059090547939315424,1.0002954859292734,1.0003616221092575,0.9990703231572178,1.005515915478644,0.9979182654869893,1.0075472895095525,1.0021490412995828,1.0053552152907772,0.9954924520343381,0.9947931267494228,1.0141129232751764,1.011241141564252,0.9608151672679136,0.9937617902179188,0.9666854837376384,1.053734215635906,1.1255441440412197,1.0325529129083464,0.9653610162750688,0.9454213155279961
A,c123,-0.04097730166337721,0.9993847842089357,1.000397233186224,1.0001069928983684,1.0095631156473874,0.9973172236794514,1.007187979208874,0.9922253659615077,0.9974803443753059,0.9864999813624038,0.9938867244012687,0.9830301011037886,0.9848520799346608,1.0144103810899066,0.8527969575057511,0.9308166052270007,1.031080044501989,1.0363329264952164,0.9705580214494732,1.0739648649496587,0.851873289747406
A,c124,0.025195794157701956,0.9992933830203854,1.000034857794569,0.999207150677112,1.0042183584170454,0.9966443089569322,1.009879940562958,0.9967963492234813,0.99453028109819,1.0009872147802954,0.9825634965779978,1.0153428999640643,0.9923470479222959,0.983623730768972,1.0465936330335572,1.0524881137106596,1.083370154614521,1.0280424899982106,1.0068526529122808,0.9074475406404071,1.0442221832109626
A,c125,0.020463069489093558,1.000833068646044,0.9995901800846941,1.0006126514083236,1.002984930996231,1.007029091672272,0.9984620143544303,1.0067459553971156,0.9822704996567789,1.0110822371327501,0.9956988604911284,0.9930191134621458,0.9808739465185367,0.974764214639912,1.162758360305787,0.9093635752311778,0.9696493367208552,1.0860933925831557,1.0507899130553857,0.9818732286115428,1.1970923579757131
A,c126,0.0123241006966857,0.9999741736570421,0.9995500196423357,0.9998074201448596,1.0045458359816553,0.999694985449486,0.9961319931104264,1.0037762759447122,0.981546307213162,1.0106899452111824,1.0029022744202563,1.0168582388881344,1.0033371942381368,0.99681978682184,1.0653067446858384,1.0684922515674073,0.9439351776318825,0.8941316356228568,1.0564556770286946,1.0802991052470032,0.9697087928768761
A,c127,-0.050281887152082975,0.9992716490747385,0.9995049408339826,1.000691838617841,0.993374203062038,0.9913307152258186,1.000182682073006,1.0057379888155413,0.9825055536300228,0.9978715618469151,0.9998163921613149,1.0198928166127503,0.9910573534659137,0.9952229965287938,0.8831603075924329,1.041222375833567,1.0038122835155874,0.8234498084090331,0.9434243409586125,1.034462042297959,0.9378231092522513
A,c128,-0.03862911921338355,1.0005452484287014,1.0000006431752753,0.9994416579404802,1.0002966887696443,1.000619151505113,1.007794189874979,1.0014565946122103,0.9815336915443906,1.0092584098612858,1.0166924196940734,0.9887220970574366,1.0038263251249595,1.0108496363849304,1.0340578831652332,1.0406107534300302,0.9115992158358465,0.9239580969031159,1.0311065145701306,1.0893761867161047,0.9358666576252905
A,c129,-0.019503694066497615,1.0002359317153047,0.9992259851210055,0.9994444494767585,0.9923396252775529,0.9971891185133488,0.9994346306452055,1.006640292683753,0.9849550382395466,1.004838075362859,0.9948310453816276,1.0107793370459415,0.983554584967805,1.0455610887271432,0.878186818623708,1.0444599570672293,0.9730907195050115,1.0068758346868305,0.9954772107075001,1.0525611226140201,0.8909397347350901
A,c130,0.0866867848497769,1.0004332583537527,0.9993268998347058,1.0009847726620689,1.0046715033397664,1.0029497706120887,1.0075147601684276,0.9910122488491407,0.9887918069251376,1.0077776720096452,0.9879076853204023,0.9994888097492177,1.011218326563986,0.9938033195472903,0.9798429273512614,0.9247406853876242,1.0158527710580467,0.9673784611403813,0.9293699563852542,0.9389221854697325,0.8163412071034599
A,c131,-0.08989390686650578,1.00069485206592,0.9994475844796569,1.000395896965996,0.9906483817000178,1.0019426942173213,1.00644804116787,1.0045927530084668,0.9955555511177274,0.9902332942766542,1.0114042924799278,0.9959719058920842,0.9897690456581096,1.0187241832444436,0.8626835509358172,1.0902198383810198,1.0803052924929035,0.8829140380873811,0.9287188097677184,0.9093192516332571,1.0605954654849072
A,c132,-0.03017842944329943,1.0001782196577242,1.0002852447573987,0.9990825516732242,1.0032456636804314,1.0056103894765074,0.9921117027592925,1.0022685635145756,0.9833300622790172,1.0136039105569445,0.9902227570627634,0.9977154521390168,0.9846515325738182,1.0065344657728919,1.049244985100182,1.0297427024784143,1.03715003759896,0.8768030934044692,1.0551846532144522,1.0501919823341372,0.9535869081095295
A,c133,-0.008613222628871584,0.9990866918108192,0.9995486262068062,0.9994306168389303,1.0036980975109417,0.9925544551797557,1.0086677180064199,1.0050288143039772,0.9928769117968749,1.0105348731257322,0.9966300277286634,0.9846825509189034,0.9853652797539917,0.9588990888916165,0.9342267645133444,0.9143066972072483,0.9508368443495385,0.9580095235098318,1.0560059632742231,1.0956766514764285,0.8398413951827541
A,c134,0.06089185532441502,0.9994681349364068,0.9999478942749225,1.0008733984034088,1.0046764016186285,0.9939307086498007,0.992593509768494,0.991225243560338,0.9871141054147181,0.9977120813371309,0.9814745121609653,1.0129849421599026,1.0047861921592771,1.0310576221873442,0.9984236596792312,0.9847211232126722,0.9321092076568853,0.8055550952294492,0.9916260755748478,0.9924672099685043,1.19682244675787
A,c135,0.01727323258993045,0.9993710042101294,0.999118185869599,1.000904466227876,0.9972008163654721,0.9930505955925907,0.9922531926296231,1.0060703414387795,1.0015049535757472,0.9883352008791644,0.9857016791206716,1.0001766859931793,1.0099134461361319,0.9671337778671332,0.9522719865791165,1.0508544584217128,1.0837137083331043,1.1015396492584257,1.063305564197811,0.9283549503696561,1.0559261188059164
A,c136,-0.0851659031134757,1.0005344016523956,0.9996998770116723,1.000029513019206,0.9931572388807746,1.0070425203099744,0.9912414936301955,1.000976511810964,0.9912194875036124,0.9815915139933619,0.987591188843974,0.9891050653822409,0.9914715753135437,0.9926886300375931,1.0423516465052698,1.0511311627263606,0.9907207853458238,0.9530162671955468,0.9995990730935944,0.922903723169956,0.90564484086425
A,c137,-0.09029796214592108,1.0002450954735222,1.0003530496842916,1.000183977763235,0.9985025562053435,1.0016719672877328,1.0083451648120603,1.009342873673827,1.0144930343379943,0.9833405824997301,0.9887000984577183,1.0109282529424186,0.9980432374547717,0.9944107473730783,0.8204247881537524,0.9395662268215178,1.0387972843074404,0.9746677569353732,1.0379112445171375,1.0989925339152942,1.1653883381737198
A,c138,0.06354331406898134,0.9997933200612373,0.9992927073968806,1.0000601132754476,0.9949117219050265,1.0068668725156509,0.9990356729106019,0.9901203487764041,0.9805250951301021,1.0192687958018127,0.9826537929450829,1.011072609925364,0.9924511877198381,1.0459927474650745,1.1998162311253973,1.0613507154391457,1.048953225820345,1.1196998651264392,0.9718702818419712,1.033624533011055,1.0996659401857882
A,c139,0.047475617866742814,1.0002740249089057,1.0009566926081324,0.9998272512815416,1.0083441057909872,0.9955654123705298,0.9948245956142171,1.0023755049251901,0.9811900080965007,1.0108993062577887,1.013641713472897,1.0036680136806857,1.0196781606067524,1.0102186036498164,1.1607767266018905,1.0642728056514712,0.9949790948337529,0.9391271710822219,0.9622616541215601,1.0614769547885934,0.934608554601694
A,c140,-0.014832117496175148,1.0008499350591866,1.0009875152673198,0.999329889818031,0.9909947276532337,0.9921594859026813,0.9965107907164931,0.9944255899870116,1.014416989170704,0.9853391942318137,1.0144298670985137,1.0170716164555051,0.9977410096051819,0.9564613255684701,0.923790509969795,1.073770030764345,0.9260455729038096,0.8788792919521144,1.082193792353219,1.0241728434786859,0.9310363039287064
A,c141,0.028256310830375803,1.0001496488662407,1.0007188696676985,1.0005745064678766,0.9960678555124236,1.0047362587333672,0.9901259860721775,1.00986239461828,1.018659149352413,0.9891306501224877,1.0094298927790024,0.99683100556874,1.0170083022847636,0.9675961615616756,0.8287833199371031,0.9662962661413317,1.0053975708519172,0.9974897289266756,0.9315693617618666,0.9453084630021633,0.9153890625003439
A,c142,-0.09016031376061116,0.9991325606533621,0.9999861373318698,1.0007085764379917,0.9979759127975242,1.0023957496283922,0.9968217421113839,0.9919817475204885,0.9996804506263394,1.018957405530825,1.0185672936621888,1.006126926403069,1.014010523979762,1.029529407347661,1.1613808753143562,1.0089616730492654,0.9396487931367574,1.157394774872228,0.9587563630598976,1.0487194633022632,0.9901978908423927
A,c143,-0.008668633707751838,1.000427519783714,0.999229042816363,0.9992552442289735,0.9927800992499191,1.0066896283805846,0.9906878671567364,0.9997096463864628,1.005214174084971,1.016605931203478,1.0002509876292212,0.9931212909326029,1.0172851970420447,1.0369905020145533,0.8003100050542921,1.0016518814087576,0.9866789039582324,1.0348870732392876,0.9673170615856579,0.9901703120461319,0.8179100520293567
A,c144,0.001702473143868427,0.999468441425607,1.0007252996118088,1.0001294619204504,0.9937953310310497,0.9927245576968992,0.9947102077301485,1.0028778616726872,1.0162957723819932,1.0052458007281313,1.0078827608841305,0.9861501161202085,1.0138825360716184,1.0353350204180718,0.9635305737891549,0.9637132144025748,0.9887167167980457,1.1301827593982576,0.9184791742290662,1.0084957631250828,0.9654123566393533
A,c145,-0.0436780885113347,1.000622288270886,1.0006131587484488,1.0000843194624451,0.9981783817955349,0.9910910017627778,0.9937554592008236,0.9982278007660141,0.9805643675037068,1.018965210327726,1.001725081538675,1.0088721130063942,1.0139774418354806,0.9753013625306279,0.878739891632996,1.05183936538027,0.9827108695418719,0.919453060856441,0.938012614438416,0.9202163240017429,1.1971461062531734
A,c146,0.04120955821282149,1.0007911325699792,0.9991586077785374,1.0004370655005437,0.9973679131939205,0.9943030962636897,1.0003958251227543,0.999350321163116,1.0021935180326529,0.98731156407666,0.9858722197674669,1.0049782048414737,1.0131817903218123,0.9901247331052121,1.18903585502557,0.9036108365824324,0.9741588917654448,0.9648302968854664,1.0939958111956767,0.9907371636238904,0.9292365698383241
A,c147,-0.001489872443411852,1.000123261080416,0.999643593212675,0.9991237007525942,0.9925521742965578,0.9949662384705402,1.0074402298738407,1.0050932924353642,0.9856613912914423,1.0197881952218046,1.013823744549987,0.9810551871003279,1.0045470487433938,1.0490933522142039,1.121486823726706,0.984263324695637,1.035836499205813,0.8855818330546839,0.9351468165547322,0.951290025079619,0.8390078995890241
A,c148,-0.09643354743109787,0.9992265824845443,0.9999929884385107,0.9993569438411771,1.0014592332804964,0.9914781218041856,1.0067601030529054,0.9917687535016141,0.9955779947062324,1.0185116332181134,0.9951629075198076,1.0052136449554434,0.998127089574648,0.9524811144134524,1.0339983171290255,0.9500753682124856,1.0890406166320488,0.95392794524594,1.0943105541908151,0.9905587589203326,0.8236014445040641
A,c149,-0.03322783157822502,1.0003445115234055,1.0008008511150228,1.000088714593182,0.997588315865986,1.0018839764948764,0.9945459252792135,1.0040469601958228,1.016868468142912,1.0164341242669104,0.9838937019887932,1.0071752735029442,0.9992437780186632,0.9587427700165964,0.932220445750357,1.0415394183735316,0.9333444483375509,0.9850938814153865,1.0723870883420248,0.9652071456622163,0.8411158113310541
A,c150,0.06823438996039219,1.0003055559185783,0.9990892353676041,0.9993183943771345,0.99369979697682,0.9943536150467022,1.0074326115974102,0.9958281026572848,0.9945000342737818,1.0005923889186181,1.0146453885924631,0.987064052795056,0.9812287271856819,0.9763364670285621,1.1675758415109436,0.9936538289232302,1.0383090438042553,1.0162515116871287,0.9216165333687462,0.9691851766416287,0.9349294408706277
A,c151,-0.08398874706471685,1.0004227582537402,1.0003928021888608,1.0006792721872795,1.0081898464226915,0.9995974288087215,0.9969301838368954,1.0049226606186588,1.0187944987759618,0.9853938814974442,0.9970714252264588,1.0003037467046105,1.0170470341376738,1.0006208779311911,0.9639050771583414,1.0246344293713872,0.9016655834401505,0.9085710399836785,0.9095264623110005,1.0054817923235542,1.1899827658473736
A,c152,0.02463181922500475,0.999795749240166,1.0006329358023622,0.9991389155560256,1.007783985514601,0.9904566056612205,0.9987190887493245,1.0072206066344271,0.9801651248440363,0.9985864013759457,0.9911156369237707,0.9992769300297433,1.0049320666471222,1.0458842386988627,1.0652583611632562,1.0579451890798617,1.0063691924828686,0.8574602439941066,1.0451128890665575,1.0852336350601417,1.1842291447232904
A,c153,-0.023247178353417747,0.9991582638574045,1.0009487425303705,0.9998160712054224,1.007126367754187,0.9912202820752005,1.0066623192898356,1.0024952313853404,1.0180549491313533,0.9836296293925356,0.9928555008733595,0.9843906507507746,0.9932625601628908,1.0430121674457584,0.8468697460409773,1.0143266128615123,0.9469468100200805,1.1500582208455743,1.0441086781793982,1.069113051295831,0.8240599605996466
A,c154,0.08834976809214498,1.0001663016891993,1.0004474093403204,1.000163847011706,0.9912609500642713,0.9988658362989588,1.0052327848873914,0.9947576265953251,0.986920571952522,0.9800376028422225,0.9822360397532283,0.9994568668340928,1.0077948185366707,0.97678230112517,1.012565953249246,1.078600468586497,1.013401336736557,0.9427520671351974,0.9119306942839267,0.9876422287286255,1.124340745506514
A,c155,-0.0815311126661771,0.9991591183202068,1.0005258949664722,1.000064398734201,1.003255040087999,0.9913941070248233,1.0016619216291918,1.0005866997255743,1.0024351307545232,1.0002806582720516,0.9938027644270038,0.9843898825811587,1.0079788620784957,0.9548133533317533,1.137200460139994,1.0633685110975217,1.0192888591604823,0.8139617925723688,1.0539315041462805,1.047495370285299,0.9899216548592366
A,c156,0.025069001640231126,1.0005776602407679,1.000208078634515,0.9991446013306814,1.0078528580572683,1.0024811482339522,1.0035535889607206,0.9991605572698415,0.9818687077284275,1.0141047735159447,0.9878431888946487,0.9821520142002534,1.015210493411733,0.9740737399981826,0.9196821090930991,0.9299285741176735,1.0771097267598793,1.089180867391824,0.919542838741229,0.9047074868780414,0.9808137985776756
A,c157,-0.0391934210638812,0.9999777749410746,1.0006799924336418,0.9999669480949802,0.9905490689416809,1.0028865765338701,0.9961192474072782,0.9933515348149939,0.9939607534097318,0.9964669579228433,1.0139968840408884,0.9942571588208292,0.9982275910018633,1.046343246512494,1.0312462981587538,0.9817356643316996,0.949070034578512,1.158232759475382,0.9896461073487564,0.9207715767389686,0.8465220231274467
A,c158,0.057597798465260225,0.9992048920651279,1.0001490878497403,1.000701966862369,1.0045182466679385,1.005231398865378,1.0005710857172327,1.0048976779348144,1.0084341329949225,0.990051924897869,1.015973467969666,1.0136713651215457,1.0055789491506073,1.021588625989163,1.0474234465903325,1.0371980122109556,1.0458701403410022,1.1896918239025642,0.9347166652962184,1.0489183966687425,0.9215516901042597
A,c159,-0.09653969829767435,1.0009389691161295,0.9997501304716755,1.0009202108339899,1.0011532313519291,1.0098829144708679,0.9992666783184403,1.003444369186634,1.0182577380298408,0.9837469636121713,0.9963457430042111,0.9869700841028152,0.9914115736217299,1.0245836036083433,0.8422639289125661,1.0563489722323331,1.097673806435921,1.1497148411322433,0.9358625052886633,0.9012452089863323,1.1639647797093182
A,c160,-0.004465996833709657,0.9996619129252164,1.0002453025603526,0.9998128898798759,1.0005820746237686,1.0007241759966778,1.0060526707035795,1.0036424913551962,1.019145155929278,0.9914218403000357,1.0182671246351318,1.005371002722337,0.9897403072863303,1.016755165635858,0.8448534132029466,1.0903071045039439,0.9387336365295286,0.8169745897452314,1.071230606093066,0.9938580416183054,0.8122715414322411
A,c161,0.07176143648676878,0.9994527035010994,1.000074666187997,0.9992845065767162,1.0068179151579622,1.0006104984719937,0.9904549214121877,1.009028400713063,1.0175399864562706,1.0152082293173357,0.9978810884881724,0.9894007026018669,1.0059778853887036,0.957525571196201,1.1138704261036252,1.053688975651163,0.9663159744464431,1.0136875373161673,1.0844648894446787,0.9297171534322184,1.0019242211101897
A,c162,0.04046181281466424,1.000515978006779,1.0009616783423665,0.9995214260278323,1.0031906464281444,0.9932115299491265,1.001123318379953,1.0061766744103515,1.002886384616585,0.9871045602057192,0.9817110448229246,1.0036237197028606,1.0071803893371336,0.9955123764841454,0.8306761924456407,0.930607632795646,1.03210477899287,0.8512377784497881,0.9978398561060842,0.984279582367065,1.092590858352052
A,c163,0.014783673327202235,0.9990035191675467,1.0002085661825324,0.9999772694793468,0.9905590502166328,0.9939482663640877,0.9918502287886124,0.9953721545978358,0.9973754959551215,0.9999703112332002,1.0053945521675953,0.9903229336367593,0.9899001851038839,1.040768227805024,1.1798684654154163,0.9697718437040965,1.0216841263098198,1.1115292902698177,1.0976925757094684,1.0939902353233628,1.1487131870630707
A,c164,0.06683757373976076,1.0006323504372028,0.9991049638510487,0.9990887454870375,1.0039472300291268,0.9942928795186861,1.007332761344308,1.004974489370163,1.0046516967160206,0.9867603474727863,0.9946432399439974,0.9929754057236103,0.9800732067147719,0.9534835703379809,0.8237686038385506,1.007255515175042,1.0358624195214496,1.0643559692620752,1.0872771092288005,0.969713896463185,0.8235035567316246
A,c165,0.01106840784807546,0.9999457132295211,0.9992320478404684,0.9995158840167214,1.0002198818374288,0.9912534654250847,0.9988795454183272,0.9991534854565391,1.0188851390253484,0.9806895969330218,0.9892067868907854,0.9804204034639253,0.9896549356482488,1.0260623209623316,1.1645448005384074,1.095967719086305,1.0307117455101575,1.0229093422307471,1.003538967064433,1.0352941966275897,1.17375887673751
A,c166,0.09487178321727915,1.0009974523026597,0.9992124654465774,1.0000988279957095,1.0051360517072943,1.0083062840162191,0.9901739913135338,1.0060889400099031,0.9983323830968093,1.016369368403159,0.9995163079266286,0.9916537606336914,1.0160247019009672,0.9959444262980092,1.1031641427257668,1.0335327296088699,1.071753230760918,1.0017617375132208,1.0147196262391083,1.0086087589661303,1.1536421631941216
A,c167,0.040859557585846196,1.0003892332712552,0.99942620396249,0.9999012245408337,1.0055773823015621,0.9928359150405515,0.9932096933843377,1.0024423102901527,0.9935629224051996,1.0052553492819292,1.002655310443216,0.996372841219603,1.0047993200147116,1.0119636233516474,1.0927760169434877,1.000538695207664,0.9693275791977711,1.0364926252596995,0.9436853785294619,0.9765879001313253,1.1388216485128186
A,c168,0.04268099771048889,0.9991364618456923,0.9990879658912658,0.9996705758172576,0.9901118659878638,1.0051632185688009,0.9929686488384597,0.9909195249765899,1.015705972588418,1.0099292947862195,0.9869808250141704,1.002007668219962,1.0040194534556675,0.9990439034548685,1.05930904322213,1.0282005828556737,0.9281327360919532,1.1379652629915578,1.0592832509332295,1.0141369904433355,0.8926735479680564
A,c169,-0.05189078463694159,1.0005155205354033,1.0005091788753007,0.9997598081031817,1.0092658443548002,0.9982284497139391,0.9906768638268055,0.9967774750813164,1.0193052211097828,1.0185099451998019,0.9972242968963473,1.005451937652465,1.014076243385463,1.0339612122488642,1.1838239224548166,1.002343582518315,1.0577113948086678,1.1614413685882696,1.089470952226208,1.0959761323121804,1.1443059159968771
A,c170,0.05588633572093313,0.9992326224236834,0.9990560071874044,1.0002737542637945,0.9926203975584056,0.99694067407828,1.008414065521418,1.004121891740987,1.0134672123308368,0.9937629737761131,0.9818700655456691,0.9897980331079603,0.9846141624040948,0.9858704568928447,1.1765913372101342,1.0713977082996324,0.993889245867277,0.9008364841026096,0.9017275116782322,0.9490939262895609,0.8442223311666102
A,c171,0.03305671634145391,0.9992349944719833,0.9991774483591552,1.0006522857475488,1.0075818172582596,1.0085080581665893,0.9929551944453708,0.9942078753583451,1.0030514597684719,0.9877096460737265,1.0141624833652918,1.0156516285329535,1.0008630204683118,1.0273947032313493,1.0291799860812656,0.9059206614854706,0.9383938090791064,0.8066033318194045,1.0178294587105507,1.030525781164565,1.1467881764328802
A,c172,0.019547731476285676,0.9997329741958749,1.0002105071241036,1.0009349350483128,0.99391225402614,1.00879593227837,0.9953864928446593,1.005995365203515,1.0023965861351611,0.9965241904236513,0.9970808785288837,1.0016840309603146,1.010815745161785,0.9860815175406099,1.148764917688501,0.9175471594479592,0.9474865489443176,0.8679999283125749,0.9739671318892722,1.066425838580728,1.0670006215538357
A,c173,-0.0886247245544692,1.0001144508985722,0.9994093877248929,0.9990112853415026,0.9978607453198035,0.9992064170018232,0.9915562206956531,0.9914822753332726,1.0100087525910404,1.0120917732387034,0.993482536838081,0.9831532915268135,1.012293282083401,1.0122058180440465,1.062562714541815,1.0604339286757376,0.9068772072640943,1.1169802326224854,1.0588745323243038,1.0701231827791062,1.060672695043238
A,c174,0.06296441504970751,1.0006395614185437,1.000446503046126,1.0009001392956531,0.9982155866596029,0.9913822371336053,1.0024698605395752,1.0039273842425351,1.0015146864796227,0.9969173237640439,0.9929849399230991,0.9898106642504795,0.9948878211791272,0.9698547838363346,1.0381110149836765,1.0724723229731357,1.05804983958556,1.1394511999207957,1.0142606718262441,0.9188569853819523,0.9866922954541267
A,c175,0.05810047691840542,0.9991264822502455,1.0009739773231414,1.0009028378843237,1.0040261307496532,1.0073255674936643,1.0025035028497586,1.008885858146283,0.9964908586737344,0.9965779733004677,1.0031690125647543,1.0122380821324097,0.9887086584086217,1.0230068511555006,0.9185271987276015,1.0808296500840782,1.0075391326354506,0.9424733624584156,1.0189517482885813,0.9049557124891437,1.0822803823289167
A,c176,-0.08500970460381381,0.9990441565615373,0.9995005480549448,1.000132714339722,0.9954917286238226,1.000761324860012,1.00221290922047,0.9992802169794324,0.9930623843005709,1.0044038275105192,0.9824559127013647,1.0151540097651492,1.0028855270850403,1.0407775261166146,1.1577545170855184,1.0691481007898707,0.9883888319623275,1.0566277295267552,1.0294162866087917,0.9174538537359312,0.8331407461562264
A,c177,0.09812166047994106,1.000723804859248,0.9993191378533229,0.999640912686691,1.0077019054551102,1.0057368317487227,1.0088115929787502,1.0072845997474018,1.0169029773568727,1.0026369714492616,0.9899298918861583,0.9821835429709314,1.0148560730674459,0.9746431215538135,1.0460489538150934,0.9335370060417666,0.9871065317514753,1.1643958452041512,0.9035758584141371,0.9577108473260193,0.9814417584168307
A,c178,0.022868325039663157,0.9994866751116533,0.9999954530595104,1.0003985139471694,0.9924358948667305,1.0056456799934903,1.0000744337412406,0.9918435138648053,1.0061525085239196,0.9962991244255958,1.006889257154813,0.9873744909200087,0.9999893420277671,1.0254852688061753,1.055873344739922,0.9671821349223524,1.031957483209656,1.1113706851633254,1.051280680216887,0.9369276588910349,1.0378464493895934
A,c179,-0.005249008619731099,0.9991141122842652,1.0005374365641795,1.0004397710855197,1.0041087710870165,1.0063299421179304,0.9952394944845485,0.9946544881934262,0.9888358558345769,1.0106303427014682,0.9908487954009877,0.9835300191304687,1.0124912456893502,0.9719368058209334,1.0918127824685078,1.0099326418245502,0.9375546362951912,0.9446198650905571,1.0408631609760393,0.9523090018375282,1.1398132975043107
A,c180,-0.05687420887972514,0.9998581933096529,0.9991343796908847,1.000684947275791,0.9968176005841025,0.9943127793868035,1.0032374911661663,0.9902823561850816,1.0118411837689858,0.9853380587314539,1.0142108315936809,1.0155575299892603,0.9817117842203613,0.972467143899597,0.9573150253903419,0.9398223656527241,1.0327241509027134,1.167766159366281,1.0322157660004718,1.0651214052508584,0.8171806526892137
A,c181,-0.010708825860111765,0.9990036273456382,0.9990181153635372,0.9990882570512531,0.9988346842564773,1.007625302278982,1.0031323054336296,1.0009965973236454,0.9816838417848749,0.9814394974232347,1.0117179727925065,0.9837947603078354,0.9803056304867044,0.9959743366327392,0.8461435377012778,1.0423612242667915,1.0686097274776694,1.118103998024588,0.9378569651992461,0.91620616107403,1.0768471915177216
A,c182,0.009212556272863964,1.00076904299055,1.000318229794666,1.000853747724585,0.994177680134454,0.9976352134793147,0.9912697928617404,1.0098242485594693,0.9929924739899257,0.9984834860742189,0.9910288965207988,0.9991352814493556,1.0041415538629954,0.9692068543667368,1.0219653525404493,0.9243343598933287,0.9517127273299624,0.9266855497832915,1.052745295393836,0.9907453446881147,0.8027834240266823
A,c183,0.0682938994939182,0.9996971801411426,0.9997782609475064,1.0007943064836289,1.0016336676013284,0.9944286190558023,0.9964512231770171,0.9951434927401098,0.998815799596059,1.0029244350653324,1.0184306890211678,1.013804979374028,0.9810481817384563,1.008541970810711,1.0057091766792507,1.0361190703558334,1.0006341683681448,0.9885553123426434,0.9189850301682474,1.0462273916141278,0.9286492607972352
A,c184,0.0877896010845429,1.0006504685008484,0.9992979221695983,0.9997546958924193,0.9987551822211639,1.0074681693063419,1.0017190277150088,0.9998134489086736,1.0131682999793374,1.0044321544928896,0.9857340982331013,1.0166770379793297,0.9924383413088931,0.9694428159094,1.0350712608760544,1.0445644179208986,0.9146463562652262,1.1866442545326739,1.006307732713739,0.9285717790391472,1.0292015453983794
A,c185,-0.014737019527783682,0.9996255107168394,1.0009879229864276,0.999252279385779,1.0094782828471562,0.9936981042430508,1.0052689347972597,0.9925162371139616,1.0141292835211246,0.9993255488007137,0.9880440227171692,1.0196760142605668,0.9885633402347132,1.0102658460041274,1.161954007333239,1.0083381955979247,1.0596817427177285,1.1734491276304047,0.9004908202666749,1.0719971872497056,1.0885873021514627
A,c186,0.06540050932580249,0.9993675440762498,1.0002078991158698,0.9991299298093748,0.9984520680224336,0.9969936253821298,0.9998742229166097,1.007056475279368,1.001359164092949,0.9823359094361551,1.0168363105974487,1.0026311831681314,1.00125125727835,0.9925064032049066,0.9559466159761081,1.0080963054719763,1.0912313512634841,0.838145883776799,0.9972533967262667,0.9156716738453313,1.1709209497442166
A,c187,0.08270162906682013,1.0009154096699693,1.000020294993267,1.0005040235632112,1.0027410722969972,0.9955567960334183,1.0097859208699016,0.9920832775198744,1.0052384376598325,1.012602478907931,0.9938595870460796,0.9969513600650095,0.992974107920645,0.9743370804091025,0.9012528162993303,1.0250855420630647,0.9947335580483021,1.1849437901458764,0.9643929405288275,1.0214476434234148,0.868866765115056
A,c188,0.08189299597880131,0.9991856558693983,0.9992737271102671,1.0006104513274774,1.0091457696189456,0.999580729872823,0.9922131254050952,0.996140135272198,1.0166030620738993,0.9858571896391137,1.0185681923803116,0.985683652381678,0.9914309516512122,1.0486661037299367,1.186852507999354,0.96746901050622,1.0845558476670352,1.0180151035255331,0.9263334549936578,0.9912486219477862,0.8815840794475317
A,c189,-0.08318308031882388,1.0002864644824594,0.9990517127472283,0.9993153299069943,1.0008632341731043,0.9904985292535655,0.9998358812390061,0.9992488546830273,0.9815306729766425,0.998091619256489,0.9825054489256135,0.9857262941008915,0.9838546239910176,1.01235434772383,0.8619699178769111,1.0674641372211449,0.9992117602357564,1.1529471078326836,1.074874476472909,1.018586259081148,1.0835503654018652
A,c190,0.029651110696127192,1.0003952858601115,1.0009354273221585,1.0008593988023138,0.9974981951178753,0.999658233633122,1.0066694592077334,1.0033239122063404,1.002596967295897,1.0116567633920432,1.0115109812746612,0.9994872489365433,0.9907862528894082,0.9798403894906765,1.0257001159331813,1.0568031023642066,1.0360938972784866,1.0545214976033666,0.9486173521526677,1.0305538476581049,0.8324539530367717
A,c191,0.06224947299610367,1.0008829820472593,0.9990575383035549,0.9994507885918814,1.0063794996792494,1.0089829433283821,0.9921360981492885,1.0079386447443408,0.9977178558263422,0.9866439999121163,1.0145301469660466,1.0006505374467545,0.9865747635504518,1.03140871200371,1.0487812367215574,0.9586035271092465,1.042447758537131,1.1730855039440653,0.9086604669294879,1.0673326449605138,1.1246144904946986
A,c192,-0.06095137408739888,1.000563944889026,1.0001404641421627,1.0000182849404398,0.9964045137913431,0.9961728329129858,1.0078985175242188,0.9927907306517086,0.9843085200886705,0.9905953628880021,0.9855133681945619,1.01905297795211,1.0077795265140834,0.9606187764561435,0.9187348276274767,0.967830419101328,0.9588639937396625,1.0690024341641415,1.0249320937398667,1.0162609967279763,1.1164074687883776
A,c193,-0.0566450773275212,1.0005926117245503,0.9996502230478738,1.000308900239583,0.9956318967361998,1.0077705931494811,1.0096639861102534,0.9952206445663269,1.0031774689132817,0.9895068338963965,1.0068043277728438,0.9972363953085299,0.9891525529109624,0.9954920899293302,1.1291598903065856,1.0152510624547237,1.06739693076914,0.9071805960883652,1.098764189093487,1.0527634637462624,1.1688912519872139
A,c194,0.09450860585476684,0.9992239667853681,0.9998142580825318,0.9991776334128266,0.9960844090518689,1.0077144060858108,0.9996026043298469,0.9920093376013244,1.0149282092166636,1.0172373116293092,0.9837763074947196,1.0094217069356382,1.0166700196803644,1.0125807459797833,1.0306134579426067,1.0301103201276751,1.0189474878557516,0.8539746777490029,0.96709218342856,1.0075031610094034,1.0425327586049233
A,c195,0.011907668891591075,1.000407819061959,1.000800056906293,1.0006894771404875,1.0070006824231095,0.9910273728492367,0.9909885032336203,1.0060876234384022,0.9866102654131015,1.0142416630851305,0.9921378725123466,0.996878554996508,1.0071985987404939,1.035279081802381,1.0202672449208676,1.0797210075848651,1.0130772630541154,0.9597355716255148,1.0451604012205549,1.019565120606881,0.9261989632063719
A,c196,-0.05782676907942977,1.0003882438018203,1.000477068255878,0.9993317808145881,0.996019130083936,1.0087731808888205,1.001303153295531,0.9977820708767156,0.9893827183131843,1.0074878269985246,0.9893656096063795,1.0156366081098576,1.0061640573964152,0.9808977357203333,0.9473018952180043,1.0717651449409398,0.9160770431126743,0.8468102124119057,1.0589321675006458,0.9193829868926642,1.1318283124728041
A,c197,-0.00048801218991716133,1.0008614756531744,0.9990954989295036,1.0007776762530207,0.9921507766700186,0.9991338965284453,0.993973512720397,0.9975915688053226,1.0148301206750447,0.9949608835030241,0.9959391300273509,0.9945005487154026,0.9919963402027464,0.9847873099122533,0.8894703636655427,1.0055078551318295,1.0787718949197966,0.9726946978437978,1.0131320634257386,1.0612441125056125,1.1101313554049808
A,c198,-0.001427709746153319,1.0003883071425785,0.9995081244630558,0.9996200906666424,1.0002934758171287,0.991023365077813,0.9970628572417602,1.008568926531586,1.0038321450281225,1.0191922168183778,1.0119242656569447,0.9983499588644675,1.0006411407115554,0.9821962810056933,0.8579738673426603,1.0275844319866385,0.9118052899470173,1.053280068256466,0.9560540462781131,0.9997522740167502,0.9924180021072307
A,c199,0.015944992614040435,0.9990022355659708,0.9999952653929293,0.9990756596367789,1.0018659956579041,0.9906270867136467,0.9909512016385249,0.9992360323483447,1.0029637951328076,0.9919130121169911,0.9967139739117891,0.9870418271629242,0.993931369459327,0.9668497214255628,1.0111621355683211,0.9411427000395802,0.9064839174738576,0.9624196194144734,1.029582969143364,1.026561583072929,1.1178273811714121
B,c000,-0.07063868875111012,1.000228127998812,1.0004099754755578,0.9991846473021396,1.0053235393029445,1.00732301153215,1.0058191860827728,1.005901175878363,1.0155798254629484,1.0011176646530873,0.9973405116976306,1.0195904221298637,1.0106236990306283,0.9834010650295962,0.5699732045149483,1.262403352456456,0.7065940867149474,0.7327121307047764,1.1038075532817,0.8367077689710936,1.0728072720808628
B,c001,-0.023219938312238536,1.0007896454572092,1.0003336299952712,0.9993624227785111,0.9971092276411574,0.9938284843064622,0.9965321089877323,0.9923803270450273,0.9902426001644078,0.9933058487029879,1.0081764677810994,1.0197417774994757,1.0171097016436692,0.9545849008226722,1.3216900695765048,0.8171812784164646,0.8563376296269725,0.9855786205698933,1.291136943141057,0.9702022791287992,1.1484102700383227
B,c002,0.03642794843248445,0.9994718101464148,1.000456234861287,1.0004694979776565,0.9978361350665131,0.9943768938767038,0.9913883584313695,0.9961972972532808,1.0178208953088475,0.9979444404032048,1.018395744477434,0.9871567171159565,1.0039132695054898,1.033748797101817,1.2435330367241026,1.1452269396742134,1.199888909054263,1.0505765149311432,1.1136719103150448,1.108048473216849,1.0982583489939288
B,c003,0.06424314654673177,1.0005822527378798,0.9999904751873472,0.9991146409518525,1.0090821704534723,0.99308875802262,1.0045992190180757,0.993223425927269,1.009604080952495,0.9928639100848241,0.9946003860006174,1.0047732872777597,0.9939748401660141,0.9759519084218654,1.2482283724558763,1.3550401771284848,1.153707711998004,1.1854439869335827,0.846311942570799,1.144792035363947,1.0062992336389103
B,c004,0.09459763887140801,0.9997044671227965,0.9994632424669526,0.9992847794267747,1.0026778617422214,1.0010626494903365,1.001557376048884,0.9955782502774607,0.9847805565254683,1.0143786079301291,0.9838985034723098,1.0197600471226258,1.0059858416864575,0.9875523767018116,0.8737672559461852,0.8114816656998485,0.7344150925630836,0.9119676817743426,0.924748626586883,0.9113367846970241,0.8078321011592189
B,c005,-0.0012391294087071014,1.0005952524195423,1.000598591037908,1.000993006007481,1.0068236874693326,0.9981294780399378,0.9952953959373118,0.9939118028252432,1.0198845836941444,0.9964891729692865,1.0141864620266852,1.0122575677174863,1.0118639236219344,0.9834268180690849,1.1900250958351326,0.9765433322291688,1.2611018592457561,1.2869808802031641,1.4667568736568288,1.2635059568701887,1.1310243537333302
B,c006,0.04709862112494137,0.9994243827322753,0.9995813804701507,1.0008389543608451,0.9982404465082209,0.9991981526944015,1.0017783909604845,0.9963303831647374,1.0060786076885972,1.0181371663589223,0.9921343105822793,0.9938303220662494,0.9869540422374322,1.0388165889318608,1.3837317063655048,1.0701475738486663,0.7553170071227511,0.9088409729015162,0.8079445725198711,0.800847114503724,0.9965160915540957
B,c007,-0.030139767185771674,0.9992761757639721,0.9999084051289053,1.000856070529639,0.9995901817982633,0.9983154001190365,1.0056659432774593,0.9980167587240213,0.990181148286974,1.0186659535140121,0.9927545455551056,1.0102354110062515,1.0143220070674555,1.0268009460768517,1.0778202899482117,0.6849586556848399,0.8532490930202893,1.1847815261216752,0.8382425434764006,0.677848693883125,1.1175738270530298
B,c008,0.024730207749801128,0.9995542587635786,0.9994753082385568,0.9992515059611856,1.0057675071282242,1.003252386667938,1.0071933849340278,0.9901781957472576,1.0024880769132984,1.0104368315522017,1.010948056203796,0.9903762982141849,0.9986383712439851,1.0083791516868315,0.5594818683010118,1.2123748332337834,0.9249710544135028,1.2572080941135397,0.9777952887507285,1.2641538770761491,0.884767842940749
B,c009,0.03761714417842893,0.999912754672748,0.999937673643147,1.0007318136182357,0.9939734978861952,0.9995778979631671,0.9976953124594411,0.9986986180658554,1.0127718215232044,1.0145519942032768,0.981667499020987,1.0186459993871837,1.0030304423569374,0.9797940440538413,0.5172085677476331,0.8543289576388455,1.253786041466316,0.9325779435971858,0.8010438601908865,0.9432379084387261,1.0444365707815455
B,c010,-0.050522758892755065,0.9995025065535809,1.0002787851737551,1.000761402112134,0.994878792787284,0.9959540492866434,1.0075734063170443,0.9917156520669983,0.9881090357107762,0.9815812212345894,0.9995900607236716,1.0146112571527681,1.0150183943892956,1.0309194553444272,1.4314949261522196,1.0053139117825634,1.2485827153873092,0.7245191546326947,1.113034853795567,0.9116348879892074,1.072879192781485
B,c011,0.09795070776903933,1.0002410788085734,0.9997970012993312,0.9992607093016117,1.005919092913547,0.9946059810061665,0.9905360559222874,1.0049417712658146,0.9833619715660431,1.0036145150228666,0.9916330631249715,1.0067071095337352,0.9931411287782246,0.9851253406839724,1.4967860988354056,1.2277457493945407,0.8259117895366394,1.297308488626157,0.7874831038205096,1.1215736769536353,1.1465042820641766
B,c012,0.08761762921485186,1.0003416582306293,1.000266632655095,1.0006339831329467,0.9913146964848739,0.99222388444966,1.0034562183220397,0.9932206667281329,1.0053819141518938,0.9879338265813629,1.0073491489815682,0.9886303307910771,1.0176120347512878,1.0189123628135883,0.7343935479129612,0.6620578010479128,1.1202011015192728,1.1049316519551333,1.200969008691211,1.2591610240242197,1.1309511473008842
B,c013,-0.07122897388983823,1.0005131809368648,0.9992697602211393,1.0009769058769789,0.9957994821727071,0.9906274067633495,0.9932370703828781,1.0040681907702251,0.9995695094247457,1.0039231164248237,0.997653492352245,1.0036341943250617,1.0158559040902215,1.0275234140443543,0.7961477239892042,0.7607857123253406,0.6468081205285872,1.2492851601432315,1.1929763411956578,0.798055824665034,1.1322165655448715
B,c014,0.09962091442310991,1.0000790220823845,1.0001050444886546,1.000479065258638,0.9999219645269828,1.0028400925502161,1.007220046632154,1.0004876826438855,1.0060541538726309,1.0021217036827255,0.982528961419584,0.9988955099629317,0.9913348895751514,0.9843308881997355,1.4304335981259826,1.3339085971828388,1.0146734458257014,1.263491180748312,0.9453642963112446,0.8460863139780254,0.9577451895728433
B,c015,0.09048754298595674,1.000640048479261,0.9991531898830256,1.0001618555018188,0.9926032709056503,1.002125670887522,0.9904404874821959,0.9941891745999405,0.9822780138839393,0.9983042488724978,1.0083086484197463,0.9910976911217251,1.017729898035505,0.9960302111475762,1.1104102894309515,0.9568387860988703,1.193732338471642,0.8429622060094392,1.1230944904863576,0.7365712266613501,0.9806523846900149
B,c016,0.06228634556429313,1.0002109795938565,0.9990991404553933,1.0006021116623847,0.9958814870571128,0.9926220804633296,0.9983742680116403,1.0032147490337362,1.0176270794236453,1.0076983644877182,0.9974017280554268,1.0119790155287016,0.981501227606571,0.9659320571190398,0.5092637497511798,0.8532574553038668,0.7937638769466959,1.0376897751923164,1.4936430623007617,1.2999851949140453,1.071269219152258
B,c017,0.07505886300322942,1.0008077480231068,1.0001281003667355,1.0002912900425724,0.9951152868469093,0.9935487931640392,1.0065947823590449,0.992763524781706,0.9993683542159878,0.9854969746705555,1.0056919395698904,1.01263151002626,1.0113675517562062,1.0320124349712037,0.792687529524884,1.098482167111186,0.6307458408329476,1.0707385469367814,1.3533888105990852,1.098205074508423,1.19112451975173
B,c018,-0.0895326224575523,1.0006942293438843,1.000583676611549,1.0005529833604718,1.0019345760943765,1.0081781221623956,1.00406222501264,0.9904755203949464,1.0173123166776474,1.0147583455641518,0.9896455478502385,1.0156417200842507,0.9976298044421835,0.99991281278355,1.2773597563657126,1.275264632266048,0.9613347577328961,1.0719767432416247,1.2848383131653573,0.7911918366233676,0.8037796417775529
B,c019,-0.015149157043464825,0.9991326491468118,0.9992161097384751,1.0009421884082166,0.9908170035693961,1.0088499839950258,0.9901034661236615,1.0058917898489208,1.0151252824606223,0.9843121978620814,1.0165121308942722,0.9887086143815548,1.0111099536761783,1.006489198433921,0.8932265717509683,1.0101604166058857,0.8686592014210814,0.9720101922007858,0.8836053874663364,0.8163903378471354,0.8240430292791089
B,c020,-0.05497878828011363,0.9996533928046482,0.9994375892563471,0.999146510254565,0.998299414614147,1.0026751400767315,1.009246873663316,0.9950764583550068,1.0081538917004125,1.0147571703877007,1.0039523391758678,0.9866099228886889,0.9858208617923163,0.9880782208778346,1.3910692082211709,0.8449399153058176,0.9491498435890469,0.7739594503199788,1.1065254270499238,1.2574094312600796,0.8408635056727025
B,c021,0.09928368539517027,0.9992694035169422,1.0002458704636186,0.9990299085609513,0.9978032425316915,1.0035084805318062,1.0016585412123873,0.9933836782603106,0.9907536652475329,0.9872638981432514,1.0122694014468707,0.9966231408692723,0.9826864103490026,1.013052320192181,0.7812661930254385,0.618130078472689,0.8702402044086796,0.8307776421309485,1.0869699849041305,0.7929751504631856,0.937190529235441
B,c022,0.060761594100647076,0.999945929895358,1.0001049080535667,0.999434664335379,0.991567627944122,1.0037788958512983,0.9913380621862374,0.9973066368964548,1.0081936174204658,0.9807176537591936,1.0112110014708693,0.997515783782718,1.0087067409903154,1.0109338070473077,1.0043072323899134,0.5395758488909257,0.770898792553187,0.7463655058879204,1.3737956793652806,1.0293145468605303,0.9732776919833233
B,c023,0.09311227571093769,0.9990522329501701,0.9996039671465298,1.000224030468666,1.0088702335236226,1.0003885747041372,0.9929822878718261,0.9916883141504296,1.0033917845709046,1.0051787521628577,0.9933909503318163,0.9828088620863913,0.9906569581965973,0.9701189151503613,1.4582256693166282,0.6620080833910497,1.1230036385188882,1.0708151544596622,1.1471196907896266,1.0991340564321068,1.105483920967463
B,c024,-0.02672597541265742,0.9992888626551039,0.9990489680554968,1.0005772908766755,0.9945720166923282,1.008272518447042,1.0019609060495187,0.9982387082274049,0.9853363752257527,1.0109714100608223,0.999303486128714,0.982661857603673,1.014604261058765,1.0113638445862358,0.6178881544752243,1.2888714265241534,1.1055037687067828,0.7648194255783015,0.8709135474156542,1.1316048517792292,1.1200857762275949
B,c025,0.026957062396800707,1.0000913897042643,1.000673448977744,1.0000761864386989,1.0065361819350531,0.9957462311452755,1.0005491871442116,1.0001812398933754,0.9925263254423238,0.9900661147129126,0.9938885920645358,0.9819109566469353,0.9812501054401868,1.0351048661321496,1.0284338290024873,1.117747331658728,1.3941180362541359,0.879452946708301,0.7160322258365902,0.8621583193636972,1.193565181046385
B,c026,-0.07806420335269385,0.9992851525097542,1.0008412344835165,1.000401851480665,0.9981840808755746,1.0046306144140305,0.9946729592535856,0.9924887335576684,0.9946515194475621,1.01150707754005,0.9837904238065943,0.9809297854805861,1.0075265567494383,1.0225006185532004,1.1600969611236613,1.1128676537586841,0.6310217757901285,1.1788904527707231,0.8191815237903884,1.3056055445469419,1.1347160885141478
B,c027,0.0025399452904433933,1.0006755919073163,1.000325884394865,1.0007047715143824,0.9917850492627949,1.0072130219458884,1.005518819275229,0.9917119286141095,0.9851009642080197,0.989139609084362,0.995546880038155,1.0030657472205406,1.0167277719791008,1.0021405992834738,0.6120050359710553,0.5708733394186258,1.364939969671896,1.2534058556500565,1.4464252948983478,0.9646065626184206,0.9054778256504964
B,c028,0.07370000559285933,1.0009147912558423,0.9990272832718509,1.0008005310490071,1.0025452536853776,1.0093498327697144,1.0014861989633659,0.9936303204512246,0.9980111807883305,0.9961630405255618,0.991966556153251,0.986912364268621,0.989337974633548,0.9748330693446883,0.8402377792158017,1.2199133821850912,0.8484878282495352,1.2401636021256461,1.1834833642073725,0.7572724348584376,1.0445075362827185
B,c029,0.09647657540942794,0.9991452671219981,1.0006957121422297,1.0002787563443478,1.003907008435385,1.0036963049438083,1.0087671052080065,0.9942069764667618,1.0168696095711802,0.9996917020392496,0.9892673292725521,1.0197809486879825,1.0150572447808366,0.9806535647826331,0.9111556563099344,0.7705234057411373,0.9435465254380874,1.1173743878652826,0.8319230115761296,1.0799133109537158,1.0386270374769482
B,c030,-0.04674005963337833,0.9996915947851917,0.9998904359037026,1.0009550334867157,0.9996040589799204,0.9992701585513748,0.990019436381917,1.004767827517012,1.0136300329099277,0.9979899210776167,0.9844852488876792,0.9910719098969253,0.9888766398842804,1.012267441427595,0.5939973674721492,1.34319342616373,0.9472491773218135,1.1982677692067392,0.9010626672628392,1.08665469246715,0.8966497353747599
B,c031,-0.020404973085434874,0.999785784810166,0.9999757802230264,1.0005478883763392,0.9958117799819479,1.0021708074950686,0.992297767691268,0.9975479568168277,0.9824916165787667,0.9851754568155319,0.9899193219616954,1.0186831547206916,0.9992257199983359,0.9760225402088711,1.4696213713993656,1.1905859366578238,0.9463280344502603,0.9603063640045517,0.6663562239551957,1.2439518753199743,0.8170463024498
B,c032,0.0751994954282165,1.000057684550248,1.0000265269713202,0.9994878798613139,1.004617786343576,0.9947739469049338,0.990678704587968,0.998958672407237,1.0056928660053492,1.0110110691837395,1.0136130798430352,0.9847417866339858,0.992476182017735,0.995888279599137,1.4698112505214982,0.5273692586545918,1.3935316364480854,0.7711024750002258,1.2043688180778136,0.8106951936210878,0.828456966589303
B,c033,0.013290673523577018,1.0005519249981956,0.999091514916837,0.9994335854076478,1.0082637855282208,1.0012308942026897,1.0096547379969663,0.9968205717780354,0.9955420318589052,1.004557641373222,1.001606213293753,0.9962068670604537,1.018558816352513,0.969982572724413,1.1135460688188838,0.534316821629218,0.98467376287302,0.9820078853316122,1.4574435508617194,1.2596178992811007,0.8236353103181037
B,c034,0.09705489112712792,0.9997604128032944,1.000454674168126,1.0004575094009884,1.0090283008979366,0.99498128110568,1.0002481274646564,0.9940289508945629,0.9913327427194595,0.9839484458716572,0.9970701716718441,0.9951115515403434,0.9833314916170768,1.0080684607024983,1.4045677295190522,1.426824291441903,0.9017576933864131,1.068290640307604,1.3063608096616193,0.7814071492129129,1.0034627745993367
B,c035,0.005287277867539575,0.9992913265640724,1.0009425459332804,0.9990014198254136,0.994979396563163,0.998302711823385,0.9914331450138693,1.003148984563585,1.0080043821824722,1.0043907049289726,1.0189611389404998,0.9874120107915135,0.9824662823170905,1.0244768718891486,0.7282641835332935,0.7147554574794414,1.175752529644827,0.9841503487166856,1.3458098503644718,0.8218241719054364,1.1655163739871959
B,c036,-0.06497090712326976,1.0003969178285699,1.00036526399341,0.9996559345185345,1.0051002316069344,1.0056560873104983,0.9921655964411099,0.9972994074657221,1.019791747144153,1.0022283825973584,0.9843274398646851,1.0053251016684819,1.0028822156012984,0.9516084428527358,0.6621626426503741,1.1908848932778078,1.0118471539063834,1.1094047882949634,1.0734489177770405,0.8040364627327296,0.9373669632745361
B,c037,-0.04284861155867541,1.000167936537869,0.9994127995027554,0.9994871702583353,0.9903468710794706,0.993555632293791,0.9952228379964297,0.9992941655792588,1.0055063364825894,0.9970235451401726,0.9852373874155106,1.0039742487057892,1.009598037518084,1.0049587971622596,0.9562998566319881,0.7208271541581098,0.9203727198882031,1.2998193307732016,0.9490405856094705,0.7057614531441202,0.8346350928323651
B,c038,-0.024379565129689598,0.9990836949173489,0.9993218648062265,0.9997294463016775,1.0034630443200783,1.0087042162503346,0.9947119268117429,0.9991210303473333,1.0083490642024482,1.0096795346715293,0.9885802852217592,0.9814475922983684,1.0020754656688762,0.9754788095336522,0.5923528253285734,0.6699482246745811,0.6821784944825718,0.8821002207578476,0.590482026484557,1.2313695189594378,0.9671158721288701
B,c039,-0.08001746107161851,1.0008881628521045,1.0004318265577918,1.0004026713631946,1.0053900444857093,1.0028859494556575,1.0027774277634263,1.000295248849185,0.9839327156303435,0.9855878256866673,0.9961930117091369,1.0091854713433723,0.9826055018080361,1.007113010272195,1.2077907391591833,0.655307021291885,1.3462074991245077,1.1540689591898494,0.731929393440702,0.7803215154058312,1.1127898271530907
B,c040,-0.025231744808314763,0.9998091214090844,1.0003175718088686,0.9997270727131771,0.9942595974068349,0.9911214317053723,0.9917753071477757,1.0012553463634708,1.0196297359366226,0.9883451570068955,0.9803673623355521,1.0057045322071432,0.9881959731886075,0.9696978342395424,1.3946944897232967,0.535707406815312,0.8399813698337819,1.1073137490517049,0.520867478762883,1.052892579272793,1.1371638332881933
B,c041,-0.017589465723959807,0.9995548907371266,0.9999372312757909,0.999305358659936,0.9978232336419726,0.9904807679669859,1.0023011738720278,1.0023305529447792,0.9851377090850034,1.0019619563266515,1.0140439066129396,1.0178488717648775,1.0075357285008322,1.026444959938887,0.5372086635642975,0.7743282526450068,0.6660011021519788,0.8290358174469329,1.3671960885328422,0.7206276072139866,0.849243285443958
B,c042,-0.03497819594766993,0.9995452888883937,1.0003395236800072,0.9996883268915063,0.9955811769973094,0.991535433586485,1.0097581453424893,0.9972336652271268,0.995355401228912,1.0083408934144158,0.9845929947904739,0.981860922310869,0.9964932733442421,1.0230382762257195,0.7127491022135729,1.0400469984002276,0.9242644330015686,0.9756689545279232,0.8145330881575155,0.744664317472487,0.8627552276139082
B,c043,0.08331632111392392,0.9991165667210168,1.000980808842768,1.0000409233315601,1.0057184445614473,0.9920586993211604,1.000678642376888,0.9975912961522571,1.0007256628636323,1.0071925877469086,0.9822049307858679,1.0175107859417105,1.0179523332785703,1.0357279777486976,0.9376346536939716,1.2908154025418845,0.7817339490708212,1.2065805066451265,0.956001334343023,1.1458943607056822,0.9650654559724998
B,c044,0.05164463150663695,0.9993131054201786,1.0003661477160462,1.000556789352268,0.9932904280854514,1.0090891844716208,0.9988471750518171,0.9905377129017556,0.9975428347686027,0.9925998446867047,0.9862017792686134,1.007779898760913,1.006075422010891,0.982641956223733,1.167731602698737,1.4612231230515809,1.1100357131062686,0.8671007005507031,1.3760071057862222,1.3037498979628448,1.0459745145501178
B,c045,-0.07807729743072,0.9998489879114716,1.0002425117991365,1.000691218041842,1.0062431008341521,0.994673631439299,1.0094438132624575,0.9978863394345229,0.992382725656918,1.0156201361628683,1.0013981814183623,1.0121899536463619,1.0110813752792713,1.0003626045406562,1.1262107140685311,0.5489730517141653,0.8734318877085481,0.9246168142607483,1.125116340884222,1.1939091744590034,0.9759166643126838
B,c046,0.06542463184365141,0.9995342820835857,0.9996478799724768,0.9996081952365976,0.9908333086059102,1.001881138938605,1.0085373437139367,0.9912326310037697,1.0183385611447966,0.9895484982373413,0.9821758576053304,1.0099557570349655,0.9970365314690908,0.9637477379497186,1.1242071204925899,0.5688264124173001,1.0616587547852157,0.935250037481153,1.2682193045747403,1.077648064924443,0.9822056428288566
B,c047,-0.05920505041980637,1.0006467464558038,1.0002375210566612,0.9997214214981831,0.9970331966083876,0.9968765994092857,0.9959368676385351,1.0040403261802027,0.9956770546816218,1.011169302117257,1.0163674618537306,1.0127299089525246,1.0007776890231892,1.0053517240819654,1.4191032175372897,0.811025943638651,0.949844991602721,1.274548223281737,1.4589458709043561,1.1633118608595265,0.9275319342750148
B,c048,0.022706503595896432,1.000828991127542,0.9996107781263613,0.999528686673904,0.9928732998871046,1.0055045009186405,1.0091981935855832,1.0052809893926273,1.0166102657689988,1.0112753126924179,1.017403416960905,0.996838324262942,0.9996743278172359,1.0238987959122998,1.4637375081285275,1.110095738049003,1.0536190689941962,0.8507024636116013,0.6950040512188307,1.0703609178271751,1.0752550502062803
B,c049,0.094931787647458,1.000955989876338,1.0003171206352155,0.9994517859234892,1.008834479060979,0.9923010204486694,1.0048323549469198,0.9903447425283202,1.005072371011667,0.9936651281619282,1.0066419754132006,1.008013100629237,1.0188819209306423,0.9510436391667159,1.0371452357441475,0.542906782031304,1.320508846224966,1.1887047591633229,1.462257122187733,0.9154085995599555,0.9932328740348295
B,c050,-0.05299252962253431,0.999525734698832,0.9995010874895245,1.0003950056749504,0.996593761113896,0.9919441111494919,1.0009105464796766,1.0030682021924509,1.0027565573189154,1.0033848974239017,0.989359093399657,0.9993291677517465,1.019098105475591,0.9840164750126466,0.972832697819158,0.6873895221068096,0.787120776609549,0.7882282819777888,0.6189443648818334,0.8073973365132399,1.0842492890193571
B,c051,-0.08021018460218302,0.9997863772729869,0.9999004138457689,1.0003991265196275,0.9941224465544343,0.9940461535734197,0.9983555123420307,1.0041845265399956,0.9852308017638063,1.0134631438196338,1.012231098383861,0.9930784554776889,0.9981916702072654,1.035898979851438,0.7095605275370505,0.523684327538087,1.1505682914777629,0.9555701502375125,0.8868602260138806,0.9104498101012166,1.0160700912697034
B,c052,-0.018746508772964396,0.9996578138216525,1.000395981460841,1.0002588462520052,0.9958441042496868,0.9914586758513226,1.0003087308337146,0.9928214970053888,0.9910077031543759,0.9831734068432622,0.9802710254510884,0.9829481461858299,0.9876171678732254,0.9553226533754994,1.236065899861488,0.8129881273462787,1.193021847297696,0.7190368700992184,1.2171710969619955,0.7611997343281994,1.0294704442123086
B,c053,0.09806707131697931,0.9991849087940414,1.0002479494220036,1.0004441760587781,1.00446883835744,0.9939072549143587,0.9962625638274025,1.0051079798865707,1.0099153933791483,0.982486234547717,1.0174841304308113,0.9847406604224528,0.9865887333716423,1.038374365596624,1.0334300937137024,1.4731643076580936,1.0497654691721392,0.9272078648538091,1.4310513753443428,1.2766922431847036,0.975349829431879
B,c054,0.09301686037045079,1.0009757770681935,0.99924714819779,1.0002179104223967,1.0023400541174357,0.9923375013566988,1.0040556851693294,0.9962315069508685,1.0158466217478184,1.0147899103045916,1.013764468432786,0.9964575514500847,0.998882830387481,0.9653794387827382,0.7625132954782625,1.0611690750247784,1.1205448294797726,1.1828227240731244,1.011341815923199,1.118784426149897,0.8352531119118647
B,c055,-0.025193418140388252,0.9990185418240574,1.0000359605898237,1.0006593274811355,1.0054529487120043,1.0064771256889402,1.0020337129544366,0.9998999752383425,1.0112879109556585,1.0078961882493154,0.9893658810713817,0.9968116445503965,0.9859551281686239,1.0387146459922145,1.0439732909053658,1.4772786238763567,0.9672200901809975,1.2766907018182243,1.4260585678159652,0.7861325214288402,0.9984389907612807
B,c056,-0.09197493551704101,1.0005671670396061,1.0004642314146752,1.0000562517591338,1.0098706684198526,0.9910420258462309,1.0046216100596008,0.9913983746218807,0.9929543388279514,0.9988840376436956,0.9948732611622055,1.0077662543844728,0.9949009883166995,0.9873417366159851,0.741655075739267,1.2715749939550962,0.711823809381873,1.1808692338757307,1.016318512849804,0.8457341759793512,1.1419675404555008
B,c057,-0.05855865257434898,0.9998295876618115,1.0003030282696426,1.0008799967752848,0.9919450772833439,0.9953494050650696,1.0033694087446414,1.0066026577671527,0.9856607225908884,0.9806514674388895,1.017952534499214,0.9908264995981796,0.9819244791220609,1.0372252546586824,1.4965075726739103,1.288290986099905,0.8021798200562834,0.9108717859795243,0.9422032870620873,1.1656742982769703,0.9525615924925868
B,c058,-0.0033892021046408594,0.9999510976995232,1.0004730128456985,1.0004326040719735,1.0046243738938465,0.9969320621648934,1.0095575304620903,1.0071896562219314,0.9894879627426034,0.9895072662728209,1.0124186746270925,1.0186674006839596,0.996781878290335,1.0259424903609011,0.5116085142920989,1.0488228112514673,1.2896352621770124,1.0573647313609018,0.9303176569054646,1.0754935354849238,1.0823742510370078
B,c059,0.0935594496616442,0.9990449224486849,1.000798111712233,0.999750196725133,0.9958976696823244,1.0083175146975696,0.9929881121953442,0.9968497311297667,1.0080063323057868,1.0061525680261492,0.9919302362094902,1.0185100465461159,0.9872448284441813,1.030658269094633,0.831848175520064,0.5041643436327583,1.3014055438454855,1.1524910052966613,0.9515027542034983,1.043550098068799,1.1677146778243217
B,c060,0.06617217593548072,1.0008968210397158,1.000708047328979,0.9995730243005566,0.9908735384842706,1.0065333878160865,1.0044082987083718,0.9957580044592897,0.9999149673508875,0.9903817953017622,1.0129841835301792,0.9884744112221747,0.9856871117031258,1.0046955444193462,0.8177461326704674,0.6387592939907786,0.9508982402354996,0.9188641154884962,0.9198116540924154,1.268687381416647,0.8598416634601332
B,c061,0.08361626062418603,0.9995436764727466,0.9992222543609205,1.000747086667934,0.9942844947965029,1.0010065039665628,1.0031680321787981,1.0018022944347758,1.0146962037946883,1.0008056496149977,0.9929977700565669,1.0106352064882307,0.9877247599171921,0.9980802072596088,1.4631834414684415,1.2125146770318582,1.3483823529437737,1.132618667895567,1.07809069528594,1.07631166303966,1.0445901214301374
B,c062,0.0015370292639320382,1.0000737171704173,0.9993159918114422,1.0003151004451343,1.0012870665932434,1.0090083026974297,0.9966234595431804,0.9948133980390426,0.9842128111543577,0.9990943640269683,0.9865816397499435,1.0196008117183866,1.0023256958857616,1.0356655112124082,1.352568248413375,0.9822515680069375,0.7447043266671866,1.1785500841779015,0.8805824886626568,1.2591612227278137,1.0981396015256628
B,c063,0.005814900113951027,0.9995084310472498,0.999488284533577,1.0007861301361265,1.0077586105114782,1.0048641452711369,1.000120780985737,1.0012950415322983,1.0013170883707994,1.0106473958446398,0.9944438867131532,1.003344779870753,0.9848598520450907,1.0245368593028656,0.5029135640872322,1.2684534181855076,0.7621353226183368,0.8618057373415702,1.3791548195021153,1.2907481845619282,0.9234292527785724
B,c064,0.006864547021971215,1.0009045731141146,0.9992923260585449,1.0008400315977661,1.0004676057787052,1.0022866064766134,1.0088144150268852,1.0079838730946529,0.9910947940084261,1.0062182165692657,0.981252850288057,0.9842088614557928,1.0103946143239337,1.0495285687821065,1.1608288857785998,1.0223072442884402,1.214857904642676,1.1212444925603287,0.7943649272237715,0.8751099491910949,0.8213487905478136
B,c065,0.06438776755096112,0.999581675890915,1.0004722675170468,1.0001181175951015,1.009396484400044,1.0041065607354294,1.0044278367113249,0.9991366283590987,0.9809102770685442,1.0095416298377375,1.012158703539014,0.9925763556105031,0.9990191980144222,1.0082237927335975,1.0142973963050286,0.6898460680565721,0.7721614114199709,0.9076517813307285,1.3571649572825284,1.2825793758267066,1.1320908014965885
B,c066,-0.06166831588715241,0.9994177317569537,1.0001746959988909,1.0002165377357428,0.9970039624255753,1.0031005306570588,0.9961183458541609,0.9914439846761006,1.0116756866519692,1.0018581886864746,1.0109197546536022,1.015856676246446,0.9918026399205171,0.972202570901454,0.5997522424877466,1.39070765346314,1.292159277299384,0.7225034401441586,1.0669407053832844,1.1613382079394752,0.9522882469224672
B,c067,-0.04977085896368072,0.9998273583574733,1.0006300925278067,0.9994008803721756,1.008642210150351,1.0018760358297738,1.0016829013229303,0.9968263570395555,0.992849487783752,1.0070578221771957,1.0161657161126716,0.9853902248141666,1.0076997137479777,1.0189255127336123,1.4305416516315326,1.3356792716218013,0.8843838350316504,0.8964919922184867,0.8317195516402807,0.9027351426879396,1.1654855027164917
B,c068,-0.047648367936851344,1.0005148956945837,0.9993376212315037,1.0008973291547356,0.9945544232829159,0.99877246262432,1.0022721111507198,1.007242545889639,1.0121950066112608,0.9898310020097194,1.0193654369231389,1.0030765447927925,1.0173288601270272,1.0053949899241685,0.6742742731106262,1.0916669063812328,0.9969721956493662,0.8232436993271254,1.074445866930899,1.200132923984369,0.9301284504539141
B,c069,-0.008479240904632479,1.0007874554245906,0.9995134776640975,1.0004369717017427,0.9904276276978058,1.0087354953004357,0.9971163230639049,1.0053041217793681,1.0071051702700415,0.9819001810170164,1.0041671683157112,1.0064654575051362,0.9853907017041488,1.0070009078884663,0.8894799730501718,1.4333307466986547,0.7970861600057023,1.2040981161715836,0.8959262338384398,0.8112464859421564,1.078169638602137
B,c070,0.06590560795963948,0.9993437774539244,0.9998820733228392,0.9998986767810975,0.9901019023710965,1.0065873190537817,1.0050474708374604,1.0006159907270766,0.9900835818190955,0.983369041924184,1.010839906269538,1.0033695901540107,1.0045180024074805,0.9857929879225727,1.3393073401029716,0.5189580011607718,0.9584350400806133,0.8979920701936273,0.7422326393971004,0.8935387943155261,0.8108248781756955
B,c071,0.08123873143841062,0.9991944201414199,1.0005418578231249,1.0009706907332625,0.9931945271977103,0.9999800492967089,0.995763630930786,1.0057728261668593,1.0066966209759016,0.9849295494809349,1.0080143437134892,1.0087829340130472,0.9897174870418729,0.9989864957708103,1.2877263791121876,1.0861327175767967,0.6446512269225656,1.2895521973026762,1.2108844775297631,0.7097627879530818,1.0663135916939137
B,c072,0.09537266982365097,1.0008851104613574,1.000905456083169,0.9993372784817878,0.9932432627868193,1.0000950894874279,0.9923567286873287,0.9914168483870435,0.9828477591612447,0.9879492055851871,0.9850440046993124,0.9974358456194191,1.0113223120703319,1.046368420620936,0.6719498275303606,0.5149333057791179,0.9519629762960662,1.1130479390428374,0.5671686208434413,0.9220282880428923,0.8734098055809302
B,c073,0.08466143308689242,1.0001868668902172,0.9990337025286198,1.0007118613944408,1.0065099671009055,0.9957543655504705,1.008968298991499,1.007172040130402,1.0054014896298125,0.9988211994367768,1.0026937546385046,0.9845400703334046,0.9830309132019224,1.0071475154096743,0.7301309575919427,1.4519294861470142,0.885746773323717,0.8046535914948647,0.5693749998505607,1.0292527361738002,0.9931415641028977
B,c074,-0.08268167034624244,0.9998388041460393,1.0003965956517946,1.000911338549418,1.0092617971229305,0.9932858775255233,1.0061388918676106,1.005605241517167,1.0167799010187513,1.0187537633968522,0.9882153806654431,1.0174782362947334,0.9856618193750011,0.9572373932174876,1.4064131347873279,0.7856093276347116,0.7056074642924104,1.1595310185336176,0.9678720918076277,0.7028199614402627,0.9485706119048984
B,c075,-0.08091329012362335,1.0005572408062626,1.000480041510654,1.0003273606188878,1.0055003603763844,0.9945779911923581,1.0093549283296601,1.0053924380523955,0.9968493080252826,0.9987233595983457,0.9878825045060667,0.9802374086135157,0.9917904928385335,1.0267615045002316,0.9321186315239538,0.9414913901885182,0.6278622359461149,1.287759545959046,0.7651469081468838,1.181038562532069,1.1926495794485643
B,c076,-0.048519112155302496,0.9995578978246364,0.9994617314912929,0.9997259064674527,0.9950797627471542,0.9942772157100878,1.000562044847299,1.0062316009204244,0.9804330042679551,0.9835583402011987,1.0019354419034805,0.9926713891508385,0.9894980986517997,1.02266581628875,1.0528638967439892,1.4907799510340694,0.7595053589256648,0.9621683184203844,0.6370350805520248,0.7597157697417083,0.8652030438866092
B,c077,0.08115384445388096,0.9996374123108211,0.9998830767786359,0.999966483274143,0.9910326833626447,1.0028588534881222,0.997046619764347,1.0011480115069746,0.9861320031135907,1.006798728455942,1.0184449817237258,0.9938127800535826,1.0043052326500692,1.0440618610640147,0.7723815269948172,0.6879658365459973,1.3965906890793496,0.9808954835912365,1.3975761550670713,0.7976427750946622,0.9621286481111639
B,c078,0.07535247572221335,1.0003019233369899,1.0006377353794482,1.0003488116223387,1.005577791904138,1.0086494018169683,0.990915606684165,0.9948887326376714,0.9850069257948978,1.0193246775097289,1.0045440757914297,0.9892848728947936,0.98075780318154,1.0158454628334483,1.4899967864508576,0.5889833113871722,0.9897286797279579,0.9904356599579532,0.8172236012726052,1.168001675409534,1.1654038519070002
B,c079,0.07446301969287059,1.000161029097102,1.0008306727513596,1.000919757390912,0.99395829658813,1.0030473792380634,1.0083367815001236,0.9922466975921892,0.988338240218044,1.0046458088890489,1.0008846987841227,1.0150823567375329,1.0109703738935558,0.958988400081009,1.2532908973204362,0.6131666478753185,1.0008167770425422,0.8454289930717771,1.4335902545161314,1.1889144169487391,1.10764974714966
B,c080,0.034590138632149214,1.0007029233329914,1.0003077550123116,0.9995957656376275,1.0063467862626396,1.0027949522797865,1.0004295015651095,0.9905584914468815,1.0109161350475466,1.0124482431185822,0.9944269305048634,1.0032419458974935,1.0050691142815482,1.0135378113036346,1.2425501934420626,0.989326795251377,0.8396281182944296,0.7010274514283299,0.7691077152844061,0.7219418215109921,0.9033177125052358
B,c081,0.026996418410723033,0.9992767609534582,1.0001212242133557,1.0002460552760921,0.9998103659061776,1.0081777577823057,1.0006188862904792,0.998142529838703,0.9886083686375043,0.9906696749265893,1.0181114381455596,1.0079543116503544,0.9917464305676359,1.034830117308514,1.0305780906138766,1.3327828462011118,1.3693483290868351,0.7254234871891658,0.5751859258746566,0.7124433231972387,0.9489291106038096
B,c082,0.09845738844549168,1.0000671875322409,1.0009581964117777,1.000010357124483,1.0023194863553817,1.0015055891419917,1.0050996073244562,0.9917939701188163,1.006481925988697,1.000417443864184,1.0011899669241715,1.00916741708611,1.005436918924543,1.0200180115224475,0.6009134376899917,1.450721058118499,1.1153929773786813,0.9001579370790825,1.1583564912563797,0.8311261864840166,0.9271037111014977
B,c083,0.05766406244182454,1.000594614869939,0.9992230865385171,1.0009993634880592,1.008246281008678,1.0083460196488905,1.0059415826941465,0.9983767907780172,0.9823451584300156,1.0195341357590333,0.9924523388447787,1.0117488596421407,0.9873525918053159,0.972195036699269,0.994087573371762,0.7316449437321959,0.9855265597903419,0.7902871188620892,1.0870805148600753,1.3213756443679237,0.9100663080566642
B,c084,0.09023293753400552,1.0007541233138102,1.0000374206605525,1.000401045458763,1.0019027843230568,0.9905335260048008,0.9940458276249093,1.0022509064897258,0.9948954722835582,1.012804056740056,1.0115452277450072,1.009416432221152,0.9802325754721566,1.0014604996895793,1.3615052329460426,0.8858432890491642,0.6303383057292352,0.8701716836665033,0.9833481079697763,0.8380466188347714,1.197014897589918
B,c085,-0.029804412250575063,1.0008333762891193,1.0000862404422985,1.0003365433507154,0.9997059844664594,0.9926996290019574,1.005090466348171,0.9964457921386783,0.9931266586605632,0.9877927822944559,1.0148406326403376,1.016373758485091,0.9838909522192253,1.043100468033,1.3834532210304407,1.1298617556268773,1.136396017243288,0.7481385847366169,0.8991242152347132,1.3169979881226206,0.971437075082407
B,c086,0.043465804277056735,1.000805941592107,1.0004298413967558,1.0001301936980433,0.9950745353319649,1.0043045877768917,0.994051635850526,0.9963176453880461,1.017419609383952,0.9805375335976322,1.001103133852548,1.0016119090787463,0.9948326056575353,0.9579090238676313,0.6214843533593913,0.9956680093113718,1.2572248619943904,0.7820511371337975,0.8645342189538084,0.9875258564249612,0.8901381603775588
B,c087,-0.0311022120569541,0.9995963501057294,1.0000268622114317,1.0008858074178628,1.007953889390619,1.0050977346499423,1.003695906818332,1.004713134468182,1.0120749398228068,1.0128811124860515,0.9809701383140267,1.0187889838439317,0.9837479598392377,1.0493855541781016,0.9557305095852964,1.4906783979507359,0.8202533247637098,1.1205730055308116,1.2983339774659544,0.8900767860238665,1.007366965885056
B,c088,-0.06410462792922617,1.0001088915706258,1.0001355376895786,1.00080785883654,0.9914395346386948,0.9932186673848338,0.9911681404708578,0.9931642556338456,1.0051947406506676,1.0125976775624732,0.985423671762505,0.992852347328494,0.994007314917769,1.0314017401332298,0.950949933627446,0.9074931168932647,0.7431135031952694,0.8497831806680975,0.6800163484617123,0.8911313068250979,1.057706078302776
B,c089,-0.07679777310719478,1.0006754962959674,1.0006561722377183,0.99936999419426,0.9923766851733357,0.9977552231938333,0.9994195971728025,0.9914895880535403,0.9835866981859472,1.0059138113675739,0.9987167527297982,1.0126132212532086,0.9877945500972648,0.9821392101422748,0.9484439612084918,1.200610822326321,1.3590285687384867,0.9473155849979605,1.3352831477205886,1.0951796219401542,1.0981887881540915
B,c090,-0.04975367624310008,0.9999226424763861,0.999289081676899,0.9999003569823798,0.9978940596316181,0.9950954986018499,1.006566664192196,1.006857480944146,1.0174367557489905,0.9889118164965985,0.9848122771308889,0.9955014133201886,0.9965687979409815,0.9713903803851576,1.3499769512484445,0.9292449770762866,0.9029184104271915,0.9894014548479906,0.6037262371894446,1.0037180739401015,1.029716194799821
B,c091,0.03508863126302414,0.9999540816976247,0.9991938081190824,0.9996013397997415,1.0071585382404005,1.0052738669401684,1.002985171586112,1.0088884232386761,1.0168274842750116,1.0041816685560108,0.9874703777805636,1.0050183782040867,1.0103044834853236,0.9884160658644723,1.4530925681855744,0.5784720427007648,0.6583602750428957,0.8184264316334358,1.4196828039483813,0.9665294343205506,0.8513682197865751
B,c092,0.003065641530260649,0.9998264248482868,1.0005400353663905,1.0006386195647174,0.994822557335553,0.9926466908993982,1.0007201328977386,1.0031401555716455,1.0131706270454865,1.0191918101158972,1.004091001624386,0.9953975193256247,0.9949583454993212,1.0455556347059427,1.0920900774239892,1.4145616538296581,0.9968967531824511,1.0984815190229056,0.5464360054538255,0.937199714432792,1.152514682753435
B,c093,0.07107181795771442,0.9997450961123125,0.9990343375411087,0.999006515947134,0.9908677088363136,0.9952390296038539,1.0006315607288743,1.0057157979120515,0.980490568467077,0.9866122037877058,1.0171481037221501,1.0035726925833084,1.0047087505950858,0.9692049203305628,1.1689609964067795,0.6533858860409485,1.3808152533642797,0.8378797877069256,1.2249798346944831,0.7471657955914166,1.1305446625525986
B,c094,-0.008335835055197374,0.9995927702340286,1.0002903084118744,0.9998455010707085,1.0035453944442547,1.0083233734765498,1.007691501285768,1.0043033716687708,1.0070138349633522,0.98845821284483,0.9976687772932853,1.0070336885331161,0.9836968249020762,0.963089285286707,1.1930806685323918,0.8589001495836986,1.118928652627333,0.897623048252551,1.286713491368567,1.1844807719418808,0.9071092818866309
B,c095,0.08849426812774216,0.9991230560761399,0.999354775125214,1.000321615456091,0.9905012220139666,0.9921578319413203,0.9997211234873837,0.9948092436358821,1.0166138435716205,0.9984021723885632,1.0181746363513726,1.017128770837414,1.0034090369080317,1.0329205513521211,0.7932257577183542,1.0440507958717444,0.9696114675722651,0.7796193554265947,1.1433696932268005,0.7319425197544307,0.9522071172418767
B,c096,0.028514533615253718,1.0009310916992638,0.999046130374136,0.9996644182404532,1.0044241062831853,0.9919460154737864,1.0066366891389333,1.003497877056399,1.0153189356082468,1.008598263709398,1.0148240979026344,0.9814483551358949,1.0089224295614136,1.044956223207382,1.164554879235846,1.0295530882220834,1.0613594599759122,0.8297615233345998,0.6992001916331841,0.7320063994105359,1.0043019698052826
B,c097,-0.05660038904675897,1.0002083658842846,0.999605219156633,1.000971401229072,0.9953382734648616,1.005287971045804,0.9970314569354581,1.0028594566385174,1.0099817187263924,1.0183126047307482,1.014646849747636,0.9958004261135588,0.9893333108896907,1.005876620285655,1.3505195265088168,1.2154902026324232,1.0085215408601802,1.2964949452923133,1.4693361938402,1.1057064136197141,0.863022362883557
B,c098,-0.00043135100824975847,1.0009832952625226,1.0001613899194242,1.0007250409949424,0.9930353115386981,0.991644500033326,1.0085549082176095,0.9950263682526419,0.9977088272233913,0.9970459543904999,1.0111297232235599,0.9907817239248664,0.9968994146855318,1.0304897696446031,0.670368828832858,0.7974018487146818,0.8183297939917092,0.8392863130807623,1.4640960596036752,0.6803484921335496,0.9231959864490871
B,c099,0.07928411213234887,0.9995474460444397,0.999706978799822,1.0008075366914748,1.0057676844215047,0.9926251954739639,0.9958635451203355,0.9927419201189975,0.9868265864561854,0.9908906661074932,0.9992791955284667,0.9980468045391582,0.9961964160944717,1.0144163500430514,1.08045263197193,0.6398310022290928,0.9961427822960254,1.2320073778042553,0.5508181249236969,1.1638385774624365,1.036999043021699
B,c100,-0.06426607997497835,0.9994637498167405,0.9994566824393273,1.0002626721760615,1.0059812086629205,0.9968525955854,0.9913974969332818,1.0049333582797193,0.9951215107732889,0.9894346504861462,1.0141707445152088,1.0043486638561947,0.9839576660770118,0.9904190204902491,1.479602721534355,0.8160525502389337,1.1579192765245798,0.8366588862304498,1.1958764254857703,0.9057238420126846,0.810731371841112
B,c101,-0.01636272279011608,1.0008210976042968,0.9999706388569809,0.9992062760908891,1.0061660052328179,0.9955867067878509,1.0065071058658133,0.9902025632590278,0.9863709563675904,1.0076627787786268,1.0026704083938542,1.0199577042915078,0.9827942980862144,0.9898341168802678,0.6571354833458808,0.9032769409228243,0.837178629424177,1.2991004096861918,0.5818668075859678,1.0157943819009754,1.179306949697419
B,c102,0.06574597154998693,0.9991120420428136,0.999817164501955,0.9994414484117163,1.0018529863617185,1.0074124874615449,0.9927365649093014,0.9975923473784644,1.017115747857368,0.9964186945495707,0.9960177813852243,1.0096701045481016,0.9850317507793893,0.9999688986673186,1.1453925181391966,0.5244889927885404,1.3350440817504892,1.1158719577679321,1.040733991479301,0.7238285081797715,1.005873362236909
B,c103,0.07813616022420708,1.000639263717134,1.0004826156138644,1.0007716578674322,1.005024279420924,1.0049975971876477,1.0024343748350553,1.004611090688133,0.9858390070210937,1.0042601183581268,0.9906482799923827,1.017157048696752,0.983686792675866,0.9564559837083526,1.0940162769408888,1.2528834864998981,0.9925337304487618,1.1197888680851538,0.8444113377390235,1.253207324809651,1.024425383581654
B,c104,-0.037320667968480756,1.000662040260979,1.000608685189951,0.9997982076921289,1.0031126587452068,1.005087818118436,1.0000710903568728,1.008349177925944,1.0072938270667615,0.9934286271980052,0.9947909358983485,1.0073653975353618,0.9955700828421528,1.0075847268904867,1.1397129080514579,1.4811235082196261,0.7798468978647554,0.9113524578682279,0.5739366264272255,0.9121292089671278,1.0292273867336417
B,c105,0.09428781825615393,0.9994222350284062,1.0002001519417634,0.9991847157411317,1.0007541217549298,1.0019225882727916,0.99620225096091,0.9974592959872248,1.000070290525302,1.003148528433591,0.9801471153475834,0.988991856801651,1.0166591141021502,0.9810014005266587,0.5508002969630582,1.2771091788284172,1.3057968154469481,0.7190517067005409,0.8482594189337451,1.3011658762071612,0.8809627607782892
B,c106,0.04700262265109209,1.0009881639582823,0.9998588274162425,0.9993255681523976,0.9988222680796067,1.0056738525437174,0.9999561123500171,1.0099099130649667,0.9915938120405992,0.9894946950645788,0.9901327298807598,1.0186575680369998,1.0177869706433096,1.0043382491936146,0.9152728779958845,1.0700261826560307,1.2843881202429381,0.7493974677716653,0.7100618580071668,0.6780446345834037,0.954189334166197
B,c107,0.025631867089550592,0.9991846473520243,1.0006484777296492,1.0008231736092754,0.9936219865219522,0.9967782486781633,1.0030424854286135,0.9914528139358199,0.9964332592611392,0.9902742561151726,0.9851847493724001,0.9979896552345736,0.9845939534106654,1.029680791016591,0.5336151310684057,1.3308759965724084,0.790194291077002,1.017954120299856,0.7021226386603062,0.9341718840804736,1.169891074346682
B,c108,-0.009201964769215865,0.9998110774182641,0.9995482963454224,1.0006068207384915,0.996761998675611,1.0015309064567066,0.9947987501510399,0.99443075187909,1.0073630981352644,1.0023417439038107,0.9967261377888538,1.0137815777390227,1.011766734457767,0.995711408281763,1.4493466820184302,0.649548251799993,1.1541347681816987,0.8590046454506768,1.2512618420666533,0.8981577250280919,0.9394330196345062
B,c109,-0.08098023239753382,0.9993184859492917,0.9991007305550095,1.0000298487845876,1.0051368391838755,0.994054832925204,0.9979645242745978,0.9951476054619645,1.0018169681371927,0.986089668135688,0.985423378926559,0.9866123569865398,1.0017245083548492,0.9622598036742781,0.9946065151559638,1.340459333679096,1.0072378881482145,1.0492677058058806,0.5668218620118864,0.7646260881215257,1.190514011013701
B,c110,-0.07136153777134763,0.9994474371940684,1.0005695136921153,1.0002606152173001,1.0083165727592114,1.0088599788034933,1.0067205760143882,0.9928350850988193,1.0199305590107344,0.9882619384839846,0.9855602726493433,1.0091754215250797,0.983213149562976,1.0378311481428066,1.0699209098184137,1.3029830804189517,0.7812483575996665,1.1915097570542357,1.099311395324885,0.8321323951426022,1.0936203074136215
B,c111,-0.07802595003473892,1.0005712299182492,0.9994431633670785,1.000740176872896,0.9947558956649593,0.9945262622146656,1.0089672112542691,1.005179651164677,1.0155362629582638,0.991236901948612,1.0102447646634989,1.0120220278506262,0.9981335810684723,1.019899497162628,1.2458376875628498,1.1360024061220197,0.9863059811638308,0.8496798255281266,0.5919727937279989,1.0452673184622694,0.8841022757030724
B,c112,-0.017293018860585804,1.0005415454866842,0.9991406778493731,0.9992269970246965,1.0050231665529192,0.9942627338474338,1.0055283152931025,1.0087532456553576,1.004924813511211,1.017265123390843,0.9820844825259484,0.9912861067424781,1.018517046952369,1.0420819951894207,0.7215320159260303,0.9509751332153239,1.2563342867810217,0.9925782820167072,0.7368696741128292,0.9498698243279198,1.162972023073191
B,c113,-0.0616011798989935,0.999598787322065,0.9992326461236735,1.0002272341180323,0.9954835007114315,1.006832984500289,1.0018723616939513,1.009500296760043,0.9998753910535543,0.9843544501726128,1.0144505447332504,0.9824605373760105,1.0186321709348054,0.9683681421900713,0.8581267758965089,0.9395556026248193,1.3020783675136878,0.9505235516724329,0.7000901567453222,1.098922779860206,0.9028596031088625
B,c114,0.07546587479575356,0.9991022617716299,1.0005281048291998,1.0003301149099624,0.994558578171203,1.0026351380839025,1.0062629079819048,0.999531502757637,0.9983086062593726,1.0006274769127024,1.016478871715807,1.0136949183492747,0.9865572180357951,1.0132038378225918,0.8863100429248792,0.679157146796813,1.0828568898949331,0.8083999456089925,1.0803158493492662,1.0262366088771242,0.9002053896042254
B,c115,0.04826485105542841,0.999687271184195,1.0004990322184653,0.9999172373484455,0.9902740363210171,0.9926825846251929,0.9975805590504893,0.9982518706252286,0.9966488035569868,0.9864527815779214,1.0003995935554635,0.9823002900045138,1.0028951814121623,0.9860139026744097,1.2382443367635088,1.2711916710662479,1.233057808260269,1.2930391699817008,0.6810233972746007,1.1421545776518467,1.0699566993373213
B,c116,0.0892443272096379,1.0006559807189708,1.0002528187743016,1.0005000366972192,0.9909420771187587,1.0058648408203519,0.9993065981484125,1.0026223294787893,1.0147929788991539,0.9918285580866406,0.9980732074628709,0.9991429681072351,0.9962320846815338,1.0192513739393194,0.5855705152493321,0.8283002313152809,0.8774436724520086,0.9302216031083996,0.9311796527963526,1.0229381607432986,0.962616331859462
B,c117,0.09867273821854095,1.0005467427398833,0.9991868793518512,0.9991881162958024,1.0064628056182066,1.0012137188763404,0.9924983163405879,1.0063940893131103,0.9960590080654084,1.0003737064948206,1.0119303971356948,0.9922787199157651,1.0056422493591435,1.0257624589279521,0.5668952453305454,0.8540442059696151,1.101730915234314,0.7271052179318482,0.7194995025297987,0.8101784570529412,1.0628202447956596
B,c118,0.032107713137169536,1.000198579046462,0.9999116492252418,1.0004350320738336,0.9935771551715521,0.9908756688227032,0.9975923740766994,1.0039505724868392,0.9979740449321082,0.9991634137419411,1.0135278190161092,0.9856846914600718,0.9991548353061167,1.032206223423213,0.7158257121033513,1.3005273119478167,1.1594627453784283,0.8270738365221519,1.3939701025986257,1.2015528919007528,1.0149723885392528
B,c119,0.04706214516371138,1.000610587888023,1.0002572220388386,1.0000047037959907,1.002981972647186,0.9920315334112296,0.9922168693538956,1.0050454568167404,0.9833295756991731,1.00482631801269,1.0022689481573597,1.0098755897515195,1.0116316861009635,1.016487393292075,0.6637144868999966,1.0001988655544691,0.8244666161046452,1.2600161378170216,1.4338463873828584,1.2190192607961055,0.9402452675749389
B,c120,0.09388234243696175,1.0001423272417975,0.9990520057868377,1.0004034443084,1.008870023528359,0.9960723460659475,0.991671345899691,0.9919226547699588,1.0076030585918063,1.0111196726214713,0.9834928007663852,1.0063847180119778,1.0041993773019633,1.0069433558367018,0.6822868448349955,0.6023271194230831,0.6254828740839737,0.9052161301777288,0.7636000710197265,1.3327206953193724,0.9311451399104476
B,c121,-0.06170149942758166,0.9998653285972621,0.9998591395567319,0.9995734645164686,1.0059056640397384,1.0092987982257988,0.9952291740125652,0.9955436823777066,1.0030236705828597,1.016797118285913,1.013235803427678,0.9958719766427591,0.9806830675669009,1.0191451130427567,0.5527032014297791,0.5119118053704357,0.705072465180116,1.2548665542214752,0.6689835410281816,0.6892645608887943,0.9410025590020918
B,c122,0.0914398944213956,1.000921445345914,1.0004756514641633,1.0007697094966503,1.0096022291331739,1.0077067733282705,0.9962481395775259,0.9915051380302817,0.9828272737571763,0.9806293254107568,0.9900262100600554,0.9937709923231172,0.9830433251385328,0.9856969628893764,1.3543450931051582,1.2666353612675376,0.8596201277035894,1.1877169859454417,0.5207809890383632,1.2443041492474471,0.9516629549765857
B,c123,0.01514498086671516,0.9992574699672433,0.9992158463026669,1.0005940062507963,0.9949810710942563,0.9966312368900933,1.0060887385216892,0.9964213997365396,1.0118240625016932,0.9804593985188406,0.9991078866096542,0.9898816353828339,1.0060427606500022,1.0040500194891784,1.3415747514153242,1.3416331761033353,1.2628965612749368,1.2519908102032473,1.2047548603035847,0.7423503461167216,1.199262572073251
B,c124,0.09777381199505422,0.9991517222592038,1.0003414601730982,0.9994019048553959,1.0045260057908378,0.9915936706996045,1.0069970132015236,1.0026539921931146,1.0173108076993285,0.9961549689902258,0.9821106443221268,0.9967292729652865,1.0140777940253003,1.022327887288427,1.064950326220298,0.8250687524706354,0.6191958937427443,0.8799598005583363,0.5708233719583509,0.7573408035373652,1.004514992932736
B,c125,-0.0655064295329369,1.00043371721022,1.0006793396555538,1.0003357760255933,0.9989313905876018,0.9932569015664536,1.0013394253589623,1.0022753794581682,0.9909638461820675,0.995465398180385,1.0170719677816342,1.0134692088378436,0.9995162569937558,1.0147001691967374,0.9966676456795451,1.119655175573348,0.9060368461023836,0.9513712183127776,0.9470090563663869,0.9547767190007654,1.124903660179256
B,c126,-0.0077060842422400355,0.999897779939688,0.9997453674297883,1.0003049661796546,0.9933137577763597,1.005923607383626,1.000988470638511,1.00507335982045,0.995126463032708,0.9949131225505112,1.003473426049759,0.9889114625450552,1.002760208492186,1.0231667082109528,0.8406064652200399,0.5028433135284895,0.7469170331409851,0.8704131035667355,1.4912146258115295,1.0942506164432553,0.8653940388850568
B,c127,0.027914004182924612,0.9992595293127527,1.0005760012141054,0.9993872436280078,1.002499714222831,1.0060957304325138,0.9905579158181105,0.9968246123183016,0.9973526768944055,1.0087114536313775,1.0148906619855087,1.0053630530700919,1.0016990930163068,0.9759996517085939,0.6025064411763407,1.103806676576629,1.094802426195225,1.1507693088300976,0.6639420782503548,1.0784088403136085,0.8618760697028364
B,c128,-0.08793492467645572,1.00097054541296,1.0006927982622666,1.0004157287814772,0.9925396727997587,0.9907365348611797,1.0051371495233028,1.0065325166355836,1.018906795897597,0.981954462563546,0.9929420150328776,0.9874139788277912,1.0163205815900744,1.0227988241694128,0.8478078883483418,0.5357807398801002,0.7811345084919585,1.0657837784325856,0.9826327837739884,0.9414007906726135,0.846417186738709
B,c129,0.09040967417795293,0.9990996555822662,0.9991742163284005,1.000501990874409,1.0077725625148624,0.9999882092350793,1.0031100617197304,1.0080094390125325,0.9997475798893486,1.01650053582075,0.9989656227948397,0.9884492407544557,1.0109349712773557,0.9690727208390917,0.6140733152033606,0.8110281362427814,0.7380294690916405,0.897723999105149,1.3383248105975307,0.69126006617745,1.0707482940182558
B,c130,-0.003832707669754326,1.0001170361942868,1.0008783232563678,0.9998005931329188,0.9992402231730695,1.0097894872278212,1.0000512484075088,0.9966195897655282,1.0068679448480244,1.0091299732805041,0.9904534916152616,1.000289091404324,1.0035295887296456,0.9797303174463301,0.7620457425289848,1.3961801190574803,0.9261106150807191,1.0399675933889907,1.434691029327578,1.2381609118550765,1.0885885161174764
B,c131,0.03410662798801595,1.0003223258040628,0.9998442316877613,1.000045946498,0.9914620551903727,0.9901792435808351,1.0043676227433795,0.9904854646955635,1.0189168165664781,0.9859644996593847,1.0170897012747635,1.0051034510318073,0.9927904832088364,0.9524238333594409,0.6446231401309532,0.7762933376001804,0.7915946812784698,1.2987261413857234,1.037201915810816,1.136148515420972,1.06083025838639
B,c132,0.005122117042627078,1.0004639209694746,1.0007682192629328,0.9997999876029257,1.0081825748283781,1.0008564513387332,1.0074756433155205,0.9970104828352532,1.0176945419632997,0.9985278031060033,1.0060271368808398,1.0196802979731565,1.0194923347484037,1.0415858255952257,1.098356133649938,1.3068815928716435,0.7402527447333043,1.159035820277406,1.426456643460139,1.2200943125908186,0.8256089400339199
B,c133,0.021929802782144264,1.0008847086415245,1.000602528363952,1.0004329050914205,1.0055090416892138,0.9918805255201083,0.994890447964698,1.0089701362471084,1.0019797516218631,1.0117747202185492,0.9902707762463527,0.9846848291059577,1.0192532120997138,0.9736369699484968,1.2395620026247625,0.6082841639729176,0.7464986791316005,0.7382396934644276,0.5405158079405795,0.8013277287299849,1.180177721689345
B,c134,-0.0967170219981513,1.000711166558069,1.000893501525319,1.000151049911084,0.9974284924134355,0.9998221532947147,1.0062842143017912,0.995366552484721,0.997588932119688,1.006202996747241,0.9845917215971922,0.9958776974713721,0.9934382028862295,1.0454360382105086,1.488151309587355,1.276161735761212,1.2849583982273858,0.7219631190741677,1.1864938301259877,1.2821732906915162,1.0231125825706817
B,c135,0.0776404452368106,0.9999529091736631,0.9998844169698646,0.9994305540865622,1.0083653571353843,1.0012332668098973,0.9937046941029106,0.9949298573343547,1.0082862481568493,1.0182703543346197,0.9840618042675816,1.0002262221277727,1.0193777848475098,0.9883877147360423,0.8298873646599562,0.704108151841219,1.387545610082602,1.1594921395329791,1.4407215875084178,0.9621951057638504,1.1621014881059692
B,c136,0.01831971107541612,0.9994960767039985,0.9995872935060955,1.000959784260765,0.9959014468535181,0.992628036761385,0.9987413270511605,0.9948714624487505,0.9947511017557206,1.0176185363426642,1.0036651845072204,0.9941505040843058,0.98037204656411,0.989211485528545,1.496157154543423,0.5519244313422305,0.6752298395878599,0.7868116131591529,1.2166171130563785,1.1953728013462674,0.8416988009571627
B,c137,0.03913869346914875,0.9992807725848174,0.999661796029192,1.0009927316170513,1.0065674692354463,1.0081898341597249,1.0021993656652353,1.0060552869795434,1.0055688527269848,0.9948167588131537,0.985429337915461,0.9889166445041438,1.0038193859808842,1.0121233775975167,0.7333264863985984,1.4664519232687945,0.896711403125471,0.9527159916892554,0.5653899486711041,0.8173096814216939,1.161204449508785
B,c138,-0.048214374496206316,1.0004938209222878,0.9995002619753806,1.0000669506012256,0.9955353762406505,1.0017021118343055,1.0061113024618948,1.0056802605833575,1.0063093491589123,0.9967238466748211,0.9970263052141168,1.0121990675922332,1.0099755561842065,0.9802365744569254,0.9694586534886878,0.8303317665008526,0.8258077052487107,1.0546759259418927,0.8583373287032512,1.2129201601300879,0.9857726682160106
B,c139,0.037500683919701516,1.00025079113551,1.0009312112979407,1.00010905444016,0.9977648634326588,0.9957348592431029,0.9982635044175232,1.0041955628015313,1.0154133045534322,1.0032036182057695,1.014946747711859,1.0054678801466326,0.9891428422337357,0.9654283122054228,1.4185895699339452,0.9447837045986933,0.8424960039624664,1.0238281223126566,0.9100147931720658,1.037224190380745,0.9566558065061084
B,c140,0.03483915831884196,1.0006452601523015,1.0004816076442449,1.000839225735369,0.9997237988022788,0.9902571410476332,0.9986298651379801,0.9936158741180567,0.9988541693968243,0.9930742025238856,1.0187621624717533,0.997957375986408,1.0183790642078314,1.0102427644741154,0.7716611981204133,1.2430617811947589,0.6188524567587376,1.046477911821437,0.5470383651579142,0.6973185087938086,0.9584014404864879
B,c141,-0.04369390829710005,0.9995607112357789,1.0000390720623324,1.0006392107079045,0.9900200596617277,1.004840808378518,1.0024163507492228,1.0090185222356258,1.0026761874308192,1.0125113816458953,1.0041162760500315,1.0035211148002376,1.0090931466441833,0.989929520360544,1.4326816468745345,0.7235609461228181,0.9440399364910315,0.930335435459283,1.3831907578441252,0.6945648859744766,0.9560997940695475
B,c142,-0.09750759588279573,1.0008862154158351,1.0009406748236251,0.9993427920146714,1.0056600369340463,1.00185464194692,0.9985092256776826,1.0003098855951027,0.9843119789953941,0.988076843341921,0.9870763113955383,1.0127006736502346,1.0153528562629708,0.955438060686424,1.160625702815936,1.265227178230499,0.6772716503336107,1.2163262277729971,1.0362932941797969,0.7719311017663555,1.1787890012655624
B,c143,0.07514998734372064,1.000127846915657,0.9993031036696556,1.000692991980113,1.0098071802879445,1.0090540172337148,0.9915454974105157,0.9939956857454664,0.987548306015697,1.017596212690485,0.9853165297160625,0.996714121332244,0.9968539307193233,0.9864748974293187,0.9404466268456018,1.199418112110461,0.7318436880180037,0.9209267074355987,1.0212023623987743,0.9799014012084382,0.8123114605095244
B,c144,-0.008918444157484662,0.9999671626895089,0.9992302345483711,1.000908551564216,0.9961462340150475,1.0082560384644235,0.9933476037900262,1.0050543904083318,0.9808888488740685,1.0009325987765392,1.0146517578060565,1.003248045542177,0.989167282585116,0.9653631480956429,1.0568308706051925,0.8487222532117616,1.384637657109558,1.1870459613372417,1.2176398051704147,0.786023412966848,0.9099734462133561
B,c145,0.06156149327739435,1.0002937277476027,1.0004578879911226,1.0006355824925286,0.9938168480804861,0.998779156351286,1.0005268007611703,1.005256134152435,1.0102758368083822,1.01896956604869,0.9979798762095783,0.9955328405555488,0.9914415954300295,1.0172099486569581,1.4873515923854264,0.6465831397423547,0.6645412487348212,0.9464770446535342,0.60150700230566,1.2754298194097267,0.9423239107899607
B,c146,0.03222952672806173,1.0008865450678037,0.9992965358366019,0.9993166262612962,0.9991875913398149,0.9974418541663586,0.9929563581030254,0.9960548974864782,0.9840851698565691,1.0015776964816892,0.9975092547543749,0.9916034089260982,0.9874817669249251,1.0467579621960308,1.4842993414944012,0.7814042864149595,1.250291359676667,0.999080591405622,0.9217172838897034,1.2910743572479602,1.0104276404658894
B,c147,-0.0015917587195373867,0.999025239159776,0.9991088058215714,0.9998910641418162,1.0027431714836494,1.0005238924089594,0.9904756499108804,0.9972218996351113,0.9896212358679728,0.9875305738278491,1.0097873355045117,0.988536202458513,1.0059155999690432,1.0073551804525025,1.4669220985299356,0.508649564285543,0.8619090032922547,0.9519256430067773,0.5044435106516977,1.1868467582861477,0.8003283996935181
B,c148,0.08166438922037164,1.0009942719339895,1.000490848884502,0.9991213969369875,1.0070234627650618,0.9900856247060296,0.9905549880397719,1.0014111953171032,1.004822349465442,1.0056325776666555,0.9810350008221974,0.999596720015112,0.9888414255592503,0.9565015292369825,1.1112112836069628,1.2622114172798948,1.1548843277059284,0.7886530935080339,1.4097366895452792,1.2306444171249977,1.0523444967920297
B,c149,-0.008585645617300422,1.00004702669774,0.9993239270320188,0.9992640211281901,0.9940769199964979,1.0059500087891793,1.0090913679496094,0.9935362602391729,1.0097219725505646,0.9856998054174765,0.9817922090712041,1.0020272997927042,0.9874454528947072,0.9631596764568081,1.458780131256474,0.8971403889918637,0.716509214210981,0.8069690561480017,0.7351545306580042,1.1008812721446295,0.9708674927274652
B,c150,0.046947970910755144,0.9994392432647309,0.9991055841860688,0.9997906982028921,0.9941564842610957,1.0008469495165886,1.007870951544356,0.9905181505773377,1.013077258509496,0.9888336147365469,0.9842038244103585,0.9830205301083137,0.9987574657842626,0.9510244373078106,0.816165456550249,0.5812410900760409,0.8809539590730742,0.8612566928688984,0.9539433382985123,0.9740849652468031,0.9759197147427892
B,c151,0.08413492007075038,1.00074476767292,1.0008235163362749,1.000146161144958,1.0065843111615884,1.0055966660404878,1.0043050003025276,0.9956503685043021,0.9901961497192305,0.9949079423962865,1.0115517976465933,1.0176272523109968,1.0103804140790014,1.0386044306519937,1.1423176520219003,1.4329096333507139,1.0006719434977684,0.8955936247152612,1.4956918276827365,0.8741837571894955,0.8091316990659128
B,c152,-0.0837577771696757,1.000782663381433,1.0008723292832753,1.0007699694533665,0.9936292588739806,1.0047987021238651,0.99205634662921,1.004677569544193,0.9859817775798645,0.9982175648739863,1.0087700409449911,1.003866021748261,1.0009383597340025,0.978479130958787,1.315496388709611,1.4987526462093985,1.273852031745515,1.0286243318845751,1.254245672845876,0.9741767168089188,0.9996456482497804
B,c153,3.383605612046481e-05,1.000447363660445,1.0005978174339631,1.0001369898353731,0.9958144904226003,0.9986481488948619,1.0073930763645254,0.9947161654773288,1.006100385986409,1.0084714203011818,0.9914516461684738,0.9882607924003547,0.9965529328554498,1.020521583308977,1.3373676094615494,0.8324375069881679,1.14431053798481,1.1675846990759289,0.7332210454268787,1.103548057333909,1.1828356371885564
B,c154,-0.09494667352658065,0.9997445640313004,1.000580312072824,1.0004183557655262,1.005543018510175,0.9974169378027266,1.0054644299834523,1.0010024867800347,0.9929765732088538,1.0190908367443552,0.9853802789108002,1.002421628357452,0.9933497948689365,1.003243742363733,0.734512919218009,1.2278450576874351,0.9059134157257868,1.2100067962161924,0.5835986337533029,1.1380076946473705,0.8024375025753268
B,c155,0.009787679161469318,0.9990455794513078,0.9998701338964325,1.0000721440660878,1.009513878762357,0.9995288242558735,0.9938679433780073,0.9995152566816251,1.008552950486911,1.0124991657722355,0.99894381376863,1.0024177014639633,0.9898720803209776,1.0061552274086236,1.3503423960639016,0.8614803767588456,1.245983217701557,0.8585670479580305,0.9207887439050237,0.7631343485895454,0.9114481566706778
B,c156,0.0285796475820016,1.0004193853381615,1.0004572909559717,0.9990632811206825,1.0046120654099808,1.008034944588115,0.9996376851774421,0.9927173304637511,1.0171623255184294,0.9832298672450333,1.0025958189888664,0.9883149223401997,0.9972545679542418,0.9805924089042125,0.7325050777366033,0.875598733689128,0.90431619225269,0.8565300236229945,1.1887333218861744,1.169139754604088,1.0625235680307756
B,c157,-0.05184001402155761,1.0008258503529857,0.9994412163671539,0.9992394751607129,1.0090935443453368,1.0026005886189193,0.9975994056178016,1.0054152269292729,0.9909478504967476,0.996797590809858,1.0167535779128183,0.9848943222518083,1.017132494935103,1.0198656043986032,1.413580696840844,0.7245983843323832,1.1040965540739358,0.7874477716863945,1.2115975764099614,1.2399367296754171,0.9271967649479083
B,c158,-0.03919364306794413,1.0004977376963258,0.9993412264143228,0.9991837503625594,1.0049919201195388,0.9909035225853107,1.0033275218768285,0.9990632235268865,0.9989514880075968,0.9924777940895253,0.9892513103389966,1.0177049605406845,0.9976474390711583,1.0490034771419068,0.9522801246219049,0.6186911899837824,1.2957928361510438,0.8293315668460196,0.5059231224737748,0.8124952615788021,0.8221932952782285
B,c159,-0.030572342910463846,0.9992085743117378,1.000889928499903,0.9991749752955102,1.003499732201662,0.997542179427521,0.9931895261681576,1.0013852022419636,1.0077934637213022,0.9885103271642115,1.0148612718485925,0.9810602693300112,1.0061437410487515,0.987041507113448,0.5206298052877304,1.3346756004033344,0.7441878183622382,0.8875193061149265,0.7557805749004166,1.1668982758257846,0.8419546736455263
B,c160,-0.013445931258994556,1.0005157391344746,0.9991271472962611,1.0001047948531845,1.0067679751699492,1.0084989205517982,0.9985524202069643,0.9990455296702487,0.9892765500939468,0.9866353781532207,0.987979316800091,0.9976164327425762,0.9835757129299418,1.0198378187763013,0.8496330310823265,0.9044052921388425,1.303438544444606,1.208538563219996,1.131917570900094,0.9788365507181446,0.807307403338031
B,c161,-0.01613424385513769,0.9996646409438148,0.9993771499217882,1.0003556509807294,0.9973418874844024,1.0018134024119485,0.9995118968764403,1.0089277426773564,0.9963912938416676,1.007043330932263,0.9813255623994931,0.9977174136369118,1.019307685500995,1.0180343281761686,1.2159234392628937,1.280699948939465,1.3455306272570264,1.298089286486628,1.4628558913457523,1.14444395545414,0.9660601776548758
B,c162,-0.07752288112607741,1.000490626109239,1.0006093560619025,1.0002830858808665,1.0050353198173783,1.0011598368920083,1.0005785627518744,0.9902223659171062,1.0048574669835377,0.9857620346333774,1.003225110587276,0.9926167299095948,1.01385458541508,1.0097313308763969,1.4496021593291122,1.4504165395379713,0.6643677820247913,0.8560670616806817,0.7006895899528529,0.928348203431271,0.8141218173627668
B,c163,0.016299000531899324,1.000374126158569,0.9995264759539338,0.999663326342292,0.9930317479171596,1.0076408731784336,1.0021635919789653,1.0009991838745371,0.999585556497587,1.0041199925346387,0.994097174263436,1.0042630548692093,0.9905045538689673,0.9975669517842705,0.5832617797242631,0.5513857649193313,0.8999318361119181,1.0594544553903706,0.8071852863525504,0.7489332172457078,1.103026772533824
B,c164,0.06439146843219115,0.9993007254900285,1.0006958948429816,0.9995431663475165,1.0056950408474516,0.9984694650118136,0.9999115842134723,0.9980284602331652,0.9937171590984444,0.9835560826289392,0.9997463576977668,1.0157888031253275,1.002598451804878,0.9678618814608827,0.8857453624549956,1.2033786471439298,1.2644401304001058,0.7078568566429427,0.6412695829978177,1.324973099901892,1.1312488014421993
B,c165,0.06933186975848404,1.0005566771598375,0.9991171026584916,1.000284334115374,0.9990567646519876,0.9954504112782467,0.9956748833183009,1.0044235407651005,1.0128162401176104,0.9942906867552251,0.9838526265660339,1.0036681174010835,1.0123278483301046,0.9559728322688297,1.270981638324015,0.7809082586330599,1.2355365915887484,0.8924899597362892,0.8816706016279378,1.047208543794324,0.9753667177482837
B,c166,0.06244330233282919,0.9991484562675971,0.9995746810837244,1.0004275796480966,1.0026808809010386,1.007786955547984,0.9986060115281131,1.0007913152253702,0.99011401758718,1.0190846656497066,0.9921505127899534,1.0004726053615431,0.9995029885655091,1.0428959458823346,1.041960463016128,1.0620889173638939,1.3465350732815295,0.7912381981681307,1.0904563754858652,0.7822059648949016,1.1365602254957181
B,c167,0.042905968586323395,1.0001543928664558,0.9993850466857525,1.0007605996671272,0.997752738388128,1.0078947614588696,0.9978978147051575,0.9907798642234956,0.9818691575111906,0.9898341159058981,0.9938643985873472,0.990555073577737,1.014454843451965,0.9507238649435237,0.8569148387504041,1.3940847622526717,1.0496690495389456,0.836369394879908,1.4769169791253813,1.159107910075634,0.8451791086504731
B,c168,-0.04586656544036634,0.9998627223556472,1.0003685561591977,0.9992076370370102,1.0098175503475404,0.9958678639384254,1.00012748560676,0.9959220430754856,1.019889688857246,0.9993412524932791,0.9946681877584186,1.003635927908464,0.9980737929776693,1.0075069132986527,1.4492689915561017,1.3341232317336762,1.0450214907976771,1.156716990659091,0.5824703280640973,1.1457888164086183,1.0949607883316577
B,c169,-0.04501475727011142,0.9993755861599882,0.9993462471521127,0.9997950118872176,1.003096502473211,0.9958718498265129,1.0008806319706163,1.0040675213873291,0.991455997701105,1.0167704504348036,0.9807500403679594,1.0059590633545066,1.0189862326731598,0.9523367875469012,1.491803634482685,0.547457798285012,1.0100593060030667,1.0014352179833361,0.9651780167451732,0.6840613782878493,0.938946575380283
B,c170,0.0075321477484348726,0.9999467109531796,1.000605252094714,0.9999027030533897,1.0089341274655879,1.0082874713200791,1.000894505963346,1.0087480911518805,0.9964833117185143,0.9982266264438339,1.008322599040971,0.9941779210427759,1.0173072341958065,0.982123267401825,1.3409149162327725,0.6133189078462893,0.8636811338978461,1.1341326280361543,1.18998739790332,1.2770710439510466,1.145941758556766
B,c171,-0.07222612744093063,0.9992684028220096,0.9991787627253854,0.9992293697755867,0.9937938920564162,1.0015972467955399,1.001477736066186,0.9948589463640598,1.005913298460192,0.984636211690834,0.9969295812890775,0.9856405366004042,1.0167256748866065,1.0301360649931115,0.8701084165693621,1.2909864587801385,1.3569373929390878,0.9161236984242711,1.4623706562924539,0.6807804603793024,0.954916924607412
B,c172,-0.050909988212882,0.9999109326855571,1.0003916283658894,1.0001619903959655,0.995704063514681,0.9927817408077098,0.9976598218389271,1.0060569688198906,1.0170468358318538,1.015517709010837,1.016789213454577,0.9960124133443625,1.0010323759233604,1.0452280745759273,0.9520742851140812,0.8712353654759613,0.8044871822406835,0.9899891912060024,0.6815777109508209,1.3194465812802365,0.941632479778741
B,c173,-0.07294501607980249,1.0007100461870528,0.9993902853190966,0.999099450776199,0.9954475493208719,1.0026234909984906,1.0028423477757986,0.9959275167517062,1.0025254024026686,0.9843077137006878,1.0077448710138748,1.0020105654717528,1.0139214686814806,1.036398099269141,0.7949896607850665,0.9463454846191044,0.8958371939890859,1.1898704614592344,1.3431958297498054,1.2678321284552876,0.9234613888693336
B,c174,-0.059114424687755567,0.9995529832633884,1.0009910682664767,0.9999633356222528,1.0016822623185873,1.004263949911971,1.0007244513931752,1.0085463300436572,0.9841890586395702,1.0094703651318686,1.003948684528785,0.9824513285240349,1.008025434359767,0.9560900595792037,1.4271770613041395,1.4254642286921535,1.2222649976273412,1.1477448906403442,0.8119159108852804,0.7613729004603749,1.1895997664417914
B,c175,-0.04181433757606996,0.999588304507959,0.9998402611089683,0.9990622853986072,1.0056855098533428,1.0004618132347876,1.003355010141842,0.9950290103085713,1.0123712618286198,0.9920223821747864,0.997592773677793,1.0091816874130919,1.0054779282885464,1.016515438708251,0.7021933042258018,1.2573567707151856,1.0272904250849502,1.0397595036408354,0.825992575699433,0.7795968568364966,1.123689822652762
B,c176,0.06794052193706729,0.999128178117821,1.0001434066383983,1.0002247556010806,0.9998782679960468,0.9991601159105361,0.9936425667176838,0.9940161738850148,1.0188332501467035,1.0169023764361835,0.9832831414792889,0.9889506471786541,0.9840897895687917,1.017620753982883,0.5026445771074916,1.4256260543304953,0.6635325084146689,0.8877800601920308,1.4597793950862812,1.3216672579764266,1.1056595188894258
B,c177,-0.007371107978970448,0.9990582638266623,1.0004695777661352,1.0004461929764816,0.9969289353980786,1.0047820435321775,1.0039837660931303,0.9921138649661724,0.9891136475970518,1.019253980911014,1.0001677084760712,0.9930450162269046,1.0186487087930445,0.9813668007287332,1.2436738034419275,1.0323731473874425,0.9379058773242759,0.9252598797539101,1.3770661764657541,0.8588868690494071,1.163305074944668
B,c178,0.07076591580003128,0.9990982623402972,0.9999810642116804,1.00028344408883,1.0010587334451522,1.0004349224421802,1.0053535130210864,1.0080788438324693,0.9837581786039902,1.008762096209741,1.0111687575493387,0.9808577856038605,0.9944029910596965,1.032714854634603,0.7068131734228248,1.1379327065109497,0.9539273275324618,0.7610414236990926,1.2164847012265514,1.312466143224215,0.9652478664559081
B,c179,-0.0035269477628689094,0.9993205054105367,0.9997947216434007,1.0000476225254376,1.000958220488365,0.994751919500303,0.9968400078717499,0.9983733393240446,0.9847082366030069,1.003499689050588,1.007751875649975,1.0071364451513007,1.011340148254112,0.9952169679023962,0.6849241834450254,1.029954426744974,1.2465795662086845,1.0391199695502085,0.9710554527508253,1.2911929889117228,0.8556233650561952
B,c180,-0.005833484581455009,1.000565663149378,0.9991798688402432,1.0008420671663159,0.9999273605370028,0.9971421119248851,0.9948975610073143,0.9917694091082541,0.999321711784482,1.0061062147688846,0.9964331539171917,0.9904701550734748,0.9933880214154801,1.0389849996857223,1.4581140624108277,1.0910598635496382,1.2753267666361592,1.0501430223481354,0.9031535140394332,1.1331931666510728,1.1809577431559206
B,c181,-0.008794146748985682,0.9996990912405337,1.0001447325717887,0.9993802139848227,0.9929065956667417,1.0033468333672044,1.0051727356960998,0.9977021025590191,0.9920311535821711,0.9920314669877135,1.010163231217218,0.9850816744948114,1.0185216446813632,0.9639269399773828,1.398685462043137,0.7751023545360817,0.6350402046641884,0.7365532697775242,1.3190061658634913,1.1222289850613416,1.0260149735328399
B,c182,-0.08531674707473719,1.0001446520339312,0.9996126301573278,0.9992013396866388,0.9923763144486931,1.0089234231192177,1.0093671617592108,1.003023837103156,0.987413923487348,1.002487369195224,0.9959187457363496,1.0123419224157773,1.001540861071566,0.9601143249627905,1.49269324368176,1.1129627119968009,0.7314856629759421,0.7162464456114258,0.9687283455526505,1.2843264439622475,1.1536421312888394
B,c183,-0.06268340446704741,1.0006505497552423,0.9991688117708113,1.000296568228737,0.999680006751011,0.9943457905643448,0.991887217914686,1.009973969470234,1.0179199264456236,0.9950732401698198,1.0054278157264673,1.008735466859054,0.9869756028982712,0.9653652031362879,0.9587281186794202,1.2099166749803911,1.0761916971416041,1.2602434040708652,1.021881503595523,0.8685598237267462,0.804343945337844
B,c184,0.07623020632339927,0.9995526952851567,1.0003062516319086,1.0001714986019805,1.0002068741889913,1.0056603148395542,0.9984616643386857,0.9941980455584276,1.0019542917615964,0.9821050710403098,1.0071513482897483,0.9907474493647374,0.9838202446719742,0.9768299250499702,1.446071872810533,1.4050645490345561,1.233128401076181,0.8565039909519906,1.1391083221066292,0.8709171275319936,0.8880300097790753
B,c185,-0.04163750337530803,0.9999853204190062,1.000321711458562,0.9998747804092943,0.9970916209611932,0.99017503254421,1.0089719158665882,1.0008755391451827,1.0117974589548708,1.000299783079207,0.9816519985212461,1.0042331658835837,1.0186720029125396,1.0427361371556707,1.211465225630192,1.4023998174373906,0.938038623318324,0.7188674032180443,1.4599933605545234,0.9042063893609954,0.9171589139026809
B,c186,0.004701247994241584,1.0008429317004583,1.0008269428873893,1.0005968503305904,0.9904006809712228,0.994331388712316,1.002236375355592,0.9961495803980235,0.9976689916559465,1.009253354349842,1.0099579603345157,0.9831755062769258,0.9835381047837292,1.0098419022306793,1.3587784561271201,0.8303970592577962,0.9334846021507326,1.1747941503584942,0.6557098861164685,1.013100681810735,0.9706818791387944
B,c187,-0.08083268904172243,1.0002471274803322,0.9990774737537841,0.9999545114954441,1.002064063068664,0.99570817104833,1.0070847753922958,0.994368642059504,0.9910938473321046,1.0017596540903964,0.9863499140298765,1.0196568757639861,0.9999810548896503,1.0463254222672116,0.5192363285542381,1.0812038513432893,1.0783297953351976,1.2833427586935702,0.7238859345383725,0.9665428948603204,0.9583884118565569
B,c188,-0.09756867523129438,0.9993713436814105,0.9998272199910685,1.0003130113634688,0.9917456468096739,0.9939615616872707,0.9995678716200908,1.0050401120025907,1.0115473843364613,0.9999586545688456,1.009560990678047,0.9808965530295938,0.9802577408508844,0.9972407325320638,1.328303944557629,0.5221550668301965,0.993357738622217,0.8549421642102317,1.4767882102621521,1.0104028144849293,0.8255162910516761
B,c189,0.07038386536157717,1.0001968613245555,1.0005163623430604,1.0008799877506929,0.9967930451983948,1.0038663351715176,1.0078706698644058,0.9945323477532777,1.0192198175178926,1.0030770565592755,1.0145773692379045,0.99187061503625,1.0050415922929563,1.007398349428886,0.7238942569384397,0.7073052945160802,0.7710477632241174,0.9859151866037021,1.2572930028126794,0.9368968444622946,0.9153374562467127
B,c190,-0.08519148224117962,1.000406830106588,0.9991145631964631,1.0001768462426626,0.991370419640412,0.9923818577078585,1.0074095364202766,1.0068231902040943,0.9824617372704815,1.005643595387245,1.014316404549156,1.002551024529508,0.9990968573586237,0.9843869177165997,1.3978038084935234,0.7210919774363687,1.1634090523730505,0.7443861998951993,0.6114342949834921,1.2863521175129211,0.8693255304997338
B,c191,0.04466427633512163,0.999671001222539,1.0005210818289514,1.000281468874648,1.0034738164301336,0.999360115589691,0.9933455478127159,0.9938357979494448,1.0033823987474022,1.0105608321065624,1.0151549595087868,0.9905840700377855,1.0128505441781934,0.9901169181075815,0.9865774030171667,1.426395480446452,0.7821377769325312,1.16474739166051,1.286529606824951,1.0938867485770214,1.1690630864350624
B,c192,-0.09216004050887001,1.000777767627053,0.999065165935492,1.0008461412042355,1.004161818604548,1.0008985717374377,0.9988426894812227,1.0045829587601813,0.9985299418978605,0.9893660749795016,0.9887016775097767,0.9956021574315855,1.0004037552368612,0.962203517393065,1.0810573702567625,0.5998640988895376,0.9346223595475456,1.275585486790067,1.3745331386612514,0.7146512690328535,1.1730802197847965
B,c193,-0.04625085750996547,1.0007058236261896,0.9993540552665282,0.9995024902716078,0.9909230238057949,0.991266589282664,0.9997002576814656,0.9965463566904581,1.0183027580991202,1.00298184468904,0.995409878830799,0.9972542047131453,0.9906845538321343,1.010741197891853,0.6095152352991973,1.4110209818407853,0.6926423853180796,0.7096759892312332,0.746436447071508,0.8241034164176906,0.8655692399733641
B,c194,0.039510338769617265,0.9992884378641339,0.9991734875672903,1.0002262926582781,0.997822719413764,1.0089810340885446,1.009568745472409,1.0058340159341492,0.996262895693488,0.9882977786731801,1.0125243191889326,1.0164786370759065,0.998673790099673,0.9748287373200265,1.2243032193054364,1.213860815410295,1.1785139052529048,1.0280770880922763,0.9754625884533719,0.721904661421896,0.9892853972959149
B,c195,-0.09100419928806601,0.9998118286768808,0.9994263772002023,0.9993392315109547,0.990746069067228,0.9961768545537114,1.0017260047170764,1.0075507911717967,0.9817491060896194,1.0133283294055766,1.0158913061122539,1.0086575377484652,1.0173407447356841,0.9823157964740973,0.8686676650344289,1.1492142396634666,0.7940167757028653,1.1287105873907024,0.6001857541570998,0.9620741424859252,1.1823938301369756
B,c196,0.0010209964229161983,1.0000834678380721,0.9990761360208646,1.000112068062692,0.9907617434697905,0.9975964017055454,1.001589765486954,0.9991837622311696,0.98932923134364,0.9860407308602442,0.9944777195491656,0.9993539824549166,1.013325074419594,1.0236468395244251,0.8907276258569061,0.8981566733996421,0.8601452940024481,0.9926891675709146,0.6538394617429568,1.281689280198313,0.9545609357581946
B,c197,0.07346290382113521,0.9996020071478143,1.000784596968664,0.9998891505694942,0.998846863881102,0.9912939380531933,0.9929301845327673,1.0001335672224814,1.0088921012226435,1.0148149798944972,1.0032804868004783,1.0032315429705925,1.0147481312311624,1.0312442005782816,1.0718535709598065,0.7796458688209863,0.9011287524000149,0.8731403392638553,0.507063250597366,0.779982097447201,0.8357119207792544
B,c198,0.09329787240179832,0.9993035828814121,0.9993405604802289,1.0001130174982886,1.009540340031158,1.0083356851742333,0.9922189479528168,0.9920887378478639,1.0086647410479341,1.0075113035027412,0.9857442081111712,0.9907092615767299,0.9909157064,1.027261381557418,1.1596553292485754,0.5887112706509949,1.0764046775896658,1.052463754329818,0.8227783906143745,0.6940450171433478,0.8938755165653218
B,c199,-0.04055859017937864,0.999443712859216,1.0009534639337148,0.9992436721152635,1.007670361752412,1.0079585000479023,0.9984058556608294,1.0078652647312791,1.0073609677042086,0.990071407327366,1.002775737820961,1.0035135984139334,1.0197020307624116,0.9794015452790183,1.3153714894287352,0.861131961523226,0.9990164336868828,1.2781498765804025,1.2000400170102177,0.9876027093861542,0.8653401151282023
