test,scale_V_div,ix,POS,tap,CPL,corner,polarity,mux_model,id,gdc,s3dc,g2m,s32m,source_gain_2m,source_gain_dc,bnc_gain_dc,bnc_loss_2m_db,bnc_peak_db,bnc_peak_Hz,bnc_minus3_Hz,s3_gain_dc,s3_loss_2m_db,s3_peak_db,s3_peak_Hz,s3_minus3_Hz,ideal_gain,gain_error_pct,u101p_idle,u101n_idle,u103ap_idle,u103an_idle,u103bp_idle,u103bn_idle,output_peak,points,u101_differential_peak_V,u101_plus_min_V,u101_plus_max_V,u101_plus_rail_excess_V,u101_minus_min_V,u101_minus_max_V,u101_minus_rail_excess_V,u103a_differential_peak_V,u103a_plus_min_V,u103a_plus_max_V,u103a_plus_rail_excess_V,u103a_minus_min_V,u103a_minus_max_V,u103a_minus_rail_excess_V,u103b_differential_peak_V,u103b_plus_min_V,u103b_plus_max_V,u103b_plus_rail_excess_V,u103b_minus_min_V,u103b_minus_max_V,u103b_minus_rail_excess_V,u101_plus_current_peak_A,u101_minus_current_peak_A,u103a_plus_current_peak_A,u103a_minus_current_peak_A,u103b_plus_current_peak_A,u103b_minus_current_peak_A,overshoot_pct,step_initial_V,step_final_V,inoise_density_100k,noise_315m_uV,noise_315m_pct_div,noise_10m_uV,noise_10m_pct_div,noise_trace,noise_points,vpp,bnc_amp,u101p_signal,u101n_signal,u103ap_signal,u103an_signal,u103bp_signal,u103bn_signal,thd_pct,output_pp_V,max_dvdt_V_us,model_SR_V_us,slew_fraction,harmonic1_V,harmonic2_V,harmonic3_V,harmonic4_V,harmonic5_V,harmonic6_V,harmonic7_V,harmonic8_V,harmonic9_V,final_V,terminal_V,terminal_error_V,recovery_0p1_s,recovery_0p5_s,pulse_requested_V,pulse_BNC_plateau_V,pulse_BNC_peak_V,pulse_end_s,observation_after_end_s,max_step_pulse_and_5us_s,transition,skew,order,codes_observed,event1_final_V,event1_recovery_s,event1_glitch_div,bo_saturation_flag,oa_saturation_flag,out_saturation_flag,event2_final_V,event2_recovery_s,event2_glitch_div,settlement_s,glitch_div,transition_peak_div,saturation_4V_flag,stage,gain_dc,loss_2m_db,peak_db,peak_Hz,minus3_Hz,ideal,native_converged,stall_time_s,collapsed_step_s,tap0,tap1,tap2,tap3,tap4,tap5,level,control,ron,off_gain
E11,0.005,0,1,0,AC,nomi,zero,SWI1,e11_s00_pos1_tap0_cplac_ronnomi_zero,49.4737880893917,50.06142666693901,49.34601569080116,49.952730994546535,49.335639837424765,49.471312844319286,49.47378808962299,0.022458649084740157,0.0001270560000660198,741.3102413009458,,50.06142666722691,0.01887704323227005,4.108181584320392e-09,263.02679918954664,28458709.69532071,50.043955782668625,-1.1393337799309178,,,,,,,,,,,,,,,,,,,,,,,,,,,,,,,,,,,,,,,,,,,,,,,,,,,,,,,,,,,,,,,,,,,,,,,,,,,,,,,,,,,,,,,,,,,,,,,,,,,,,,,,,,,,,,,,,,,
E11,0.005,0,1,0,DC,nomi,zero,SWI1,e11_s00_pos1_tap0_cpldc_ronnomi_zero,49.566632701462574,50.061323840397684,49.427993539561236,49.952730992246124,49.41759089040239,49.564152689515204,49.56663270154675,0.02432590685313691,1.7283477666134454e-05,11.091748152624165,25732520.371830072,50.06132384022391,0.018859201699349043,1.784629657970336e-05,266.0725059798895,28458815.28427667,50.043955782668625,-0.9538076550039243,,,,,,,,,,,,,,,,,,,,,,,,,,,,,,,,,,,,,,,,,,,,,,,,,,,,,,,,,,,,,,,,,,,,,,,,,,,,,,,,,,,,,,,,,,,,,,,,,,,,,,,,,,,,,,,,,,,
E11,0.005,0,1,0,DC,slow,zero,SWI1,e11_s00_pos1_tap0_cpldc_ronslow_zero,49.56653237265415,50.06122251027508,49.42740175799318,49.952132936833166,49.41699955368572,49.56405236590777,49.56653237291948,0.024412264411413413,1.7283477635276034e-05,11.091748152624165,25666500.384890843,50.06122251028427,0.018945557846514933,1.784629502713933e-05,266.0725059798895,28364617.172868967,50.043955782668625,-0.9540081360124741,,,,,,,,,,,,,,,,,,,,,,,,,,,,,,,,,,,,,,,,,,,,,,,,,,,,,,,,,,,,,,,,,,,,,,,,,,,,,,,,,,,,,,,,,,,,,,,,,,,,,,,,,,,,,,,,,,,
E11,0.01,1,1,1,DC,nomi,zero,SWI1,e11_s01_pos1_tap1_cpldc_ronnomi_zero,24.77524613668379,25.022511162786557,24.696917291807186,24.959104567967163,24.691721943670352,24.77400653447866,24.77524613671014,0.027501051661825652,1.7282293709657224e-05,11.091748152624165,23557671.90570627,25.022511162683827,0.02203439221292677,1.7845039772369733e-05,254.09727055493863,25486271.982827574,25.014453993000743,-0.956278543427469,,,,,,,,,,,,,,,,,,,,,,,,,,,,,,,,,,,,,,,,,,,,,,,,,,,,,,,,,,,,,,,,,,,,,,,,,,,,,,,,,,,,,,,,,,,,,,,,,,,,,,,,,,,,,,,,,,,
E11,0.02,2,1,2,DC,nomi,zero,SWI1,e11_s02_pos1_tap2_cpldc_ronnomi_zero,12.405088133538639,12.528894953485066,12.367556798909979,12.498853172305985,12.364954799086727,12.404467458553032,12.405088133514127,0.026315443924608935,1.728199830395485e-05,11.091748152624165,24247886.018929157,12.528894953539792,0.020848794489462794,1.7844759118937775e-05,260.01595631653555,26389468.25994323,12.524782759278697,-0.9556622902373024,,,,,,,,,,,,,,,,,,,,,,,,,,,,,,,,,,,,,,,,,,,,,,,,,,,,,,,,,,,,,,,,,,,,,,,,,,,,,,,,,,,,,,,,,,,,,,,,,,,,,,,,,,,,,,,,,,,
E11,0.05,3,1,3,DC,nomi,zero,SWI1,e11_s03_pos1_tap3_cpldc_ronnomi_zero,4.953141141353057,5.002575103254001,4.938907552749238,4.991339948261741,4.937868273581627,4.952893316385494,4.953141141362804,0.024993061672956222,1.7281915254310017e-05,11.091748152624165,25147440.23599162,5.002575103237987,0.019526415125925827,1.78446971860978e-05,263.02679918954664,27610960.259628065,5.000884425711197,-0.9546968152859048,,,,,,,,,,,,,,,,,,,,,,,,,,,,,,,,,,,,,,,,,,,,,,,,,,,,,,,,,,,,,,,,,,,,,,,,,,,,,,,,,,,,,,,,,,,,,,,,,,,,,,,,,,,,,,,,,,,
E11,0.1,4,1,4,DC,nomi,zero,SWI1,e11_s04_pos1_tap4_cpldc_ronnomi_zero,2.4740970449426256,2.4987893392862257,2.467092120864985,2.4932832467043773,2.4665729388932616,2.4739732562137573,2.474097044942268,0.024624348129856033,1.7281903439393404e-05,11.091748152624165,25427483.255723137,2.498789339287333,0.019157702010004708,1.784469154286506e-05,263.02679918954664,28002245.731491238,2.4979342467444097,-0.9542765920763863,,,,,,,,,,,,,,,,,,,,,,,,,,,,,,,,,,,,,,,,,,,,,,,,,,,,,,,,,,,,,,,,,,,,,,,,,,,,,,,,,,,,,,,,,,,,,,,,,,,,,,,,,,,,,,,,,,,
E11,0.2,5,1,5,DC,nomi,zero,SWI1,e11_s05_pos1_tap5_cpldc_ronnomi_zero,1.2370513724364125,1.2493975480517927,1.2335698706461447,1.2466656863238736,1.2333102641314855,1.2369894779293282,1.237051372436179,0.024476774270019652,1.7281900492414528e-05,11.091748152624165,25543241.43085815,1.2493975480522903,0.01901012825859336,1.784469110120399e-05,263.02679918954664,28167098.11673764,1.2489671233722048,-0.9540484063226162,,,,,,,,,,,,,,,,,,,,,,,,,,,,,,,,,,,,,,,,,,,,,,,,,,,,,,,,,,,,,,,,,,,,,,,,,,,,,,,,,,,,,,,,,,,,,,,,,,,,,,,,,,,,,,,,,,,
E11,0.2,5,1,5,DC,slow,zero,SWI1,e11_s05_pos1_tap5_cpldc_ronslow_zero,1.2370488685103342,1.249395019137155,1.2335498274198795,1.2466454303148524,1.2332902335484883,1.236986974129474,1.2370488685110432,0.024600267230458144,1.7281900488557225e-05,11.091748152624165,25446088.87341581,1.2493950191371663,0.019133621218169698,1.784468896425871e-05,263.02679918954664,28028640.433786973,1.2489671233722048,-0.9542488859900833,,,,,,,,,,,,,,,,,,,,,,,,,,,,,,,,,,,,,,,,,,,,,,,,,,,,,,,,,,,,,,,,,,,,,,,,,,,,,,,,,,,,,,,,,,,,,,,,,,,,,,,,,,,,,,,,,,,
E11,0.5,6,100,0,AC,nomi,zero,SWI1,e11_s06_pos100_tap0_cplac_ronnomi_zero,0.49516717793954257,50.06142666693901,0.4937431634954464,49.95273104975629,0.4936603994497158,0.495142402610712,0.4951671779397198,0.025012311187144313,0.00018793403592821007,1995.262314968967,,50.06142666722603,0.018877043231876504,4.107921215904546e-09,263.02679918954664,28458709.695319597,0.5007867347672896,-1.1221457034362503,,,,,,,,,,,,,,,,,,,,,,,,,,,,,,,,,,,,,,,,,,,,,,,,,,,,,,,,,,,,,,,,,,,,,,,,,,,,,,,,,,,,,,,,,,,,,,,,,,,,,,,,,,,,,,,,,,,
E11,0.5,6,100,0,DC,nomi,zero,SWI1,e11_s06_pos100_tap0_cpldc_ronnomi_zero,0.49601032564849373,50.061323840397684,0.4945632772433153,49.952731048031005,0.49448037577724546,0.49598550814685627,0.49601032564833647,0.025374257125418347,1.7791426829722113e-05,35.48133892335828,25727854.242126018,50.06132384029557,0.018859201705987767,1.784629657777471e-05,266.0725059798895,28458815.28094988,0.5007867347672896,-0.9537810783212364,,,,,,,,,,,,,,,,,,,,,,,,,,,,,,,,,,,,,,,,,,,,,,,,,,,,,,,,,,,,,,,,,,,,,,,,,,,,,,,,,,,,,,,,,,,,,,,,,,,,,,,,,,,,,,,,,,,
E11,1.0,7,100,1,DC,nomi,zero,SWI1,e11_s07_pos100_tap1_cpldc_ronnomi_zero,0.24792440467604737,25.022511162786557,0.24711074596169938,24.959104600437964,0.24706934759198074,0.24791199996490482,0.2479244046749721,0.028549402657079483,1.7790224493270254e-05,35.48133892335828,23553438.61935895,25.022511162692545,0.02203439221631465,1.7845039776227037e-05,254.09727055493863,25486271.980929382,0.2503180762037158,-0.9562519675149983,,,,,,,,,,,,,,,,,,,,,,,,,,,,,,,,,,,,,,,,,,,,,,,,,,,,,,,,,,,,,,,,,,,,,,,,,,,,,,,,,,,,,,,,,,,,,,,,,,,,,,,,,,,,,,,,,,,
E11,2.0,8,100,2,DC,nomi,zero,SWI1,e11_s08_pos100_tap2_cpldc_ronnomi_zero,0.12413697419830037,12.528894953485066,0.12374646397952944,12.49885318784701,0.12372572969732405,0.12413076309916948,0.12413697419878099,0.027363795100944516,1.7789925066347856e-05,35.48133892335828,24243485.58667137,12.528894953540831,0.020848794490544015,1.7844759118937775e-05,260.01595631653555,26389468.259211756,0.12533471752169212,-0.9556357141857652,,,,,,,,,,,,,,,,,,,,,,,,,,,,,,,,,,,,,,,,,,,,,,,,,,,,,,,,,,,,,,,,,,,,,,,,,,,,,,,,,,,,,,,,,,,,,,,,,,,,,,,,,,,,,,,,,,,
E11,5.0,9,100,3,DC,nomi,zero,SWI1,e11_s09_pos100_tap3_cpldc_ronnomi_zero,0.04956578683301688,5.002575103254001,0.04941738740130094,4.991339954180628,0.04940910542828824,0.049563306846175555,0.04956578683283005,0.026041412899893947,1.7789841164244143e-05,35.48133892335828,25142924.25128441,5.002575103238042,0.019526415126136384,1.78446971860978e-05,263.02679918954664,27610960.259449042,0.05004353759276212,-0.9546702389824135,,,,,,,,,,,,,,,,,,,,,,,,,,,,,,,,,,,,,,,,,,,,,,,,,,,,,,,,,,,,,,,,,,,,,,,,,,,,,,,,,,,,,,,,,,,,,,,,,,,,,,,,,,,,,,,,,,,
E11,10.0,10,100,4,DC,nomi,zero,SWI1,e11_s10_pos100_tap4_cpldc_ronnomi_zero,0.0247581409924487,2.4987893392862257,0.024685063606652322,2.493283249566264,0.024680926187514957,0.024756902237586913,0.024758140992445346,0.02567269936394344,1.7789829279896785e-05,35.48133892335828,25422909.930024743,2.498789339287337,0.01915770201006736,1.784469154479371e-05,263.02679918954664,28002245.73142896,0.02499667173640475,-0.95425001566114,,,,,,,,,,,,,,,,,,,,,,,,,,,,,,,,,,,,,,,,,,,,,,,,,,,,,,,,,,,,,,,,,,,,,,,,,,,,,,,,,,,,,,,,,,,,,,,,,,,,,,,,,,,,,,,,,,,
E11,20.0,11,100,5,DC,nomi,zero,SWI1,e11_s11_pos100_tap5_cpldc_ronnomi_zero,0.012379099015625956,1.2493975480517927,0.012342770041654313,1.2466656877347508,0.012340701187197507,0.012378479636796056,0.01237909901565222,0.025525125505889912,1.7789826334846735e-05,35.48133892335828,25538610.51456396,1.2493975480522903,0.019010128258616924,1.7844691099275335e-05,263.02679918954664,28167098.116713926,0.012498335868202376,-0.9540218298462633,,,,,,,,,,,,,,,,,,,,,,,,,,,,,,,,,,,,,,,,,,,,,,,,,,,,,,,,,,,,,,,,,,,,,,,,,,,,,,,,,,,,,,,,,,,,,,,,,,,,,,,,,,,,,,,,,,,
E11b,0.005,0,1,0,DC,nomi,positive,SWI1,e11b_s00_pos1_tap0_cpldc_ronnomi_positive,,,,,,,,,,,,,,,,,,,0.00190007547455,-0.00190000001,0.00103569450518,-0.00103539304302,0.00103818217499,-0.00103291033699,0.251523115634,30077,0.0019065523887661087,-1.997260367136695e-07,0.004954130679548068,-4.995045869320452,7.530304462767682e-05,0.005030413173239938,-4.99496958682676,0.0021384738150083005,7.530287006220806e-05,0.005030079552228019,-4.9949699204477715,7.506627672813642e-05,0.005008785525928115,-4.994991214474072,0.013758569335196343,0.00037654477423185276,0.025125435824049615,-4.97487456417595,0.00037411671436352284,0.024961279813501446,-4.9750387201864985,2.545387532152757e-06,2.2926901631032195e-06,1.6517592176958382e-06,1.32221529139211e-06,6.785656221771694e-06,4.139464261989717e-06,8.408937078690881e-05,0.0037697987525387067,0.2515229073004108,,,,,,,,,,,,,,,,,,,,,,,,,,,,,,,,,,,,,,,,,,,,,,,,,,,,,,,,,,,,,,,,,,,,,,,,,,,,,
E11b,0.01,1,1,1,DC,nomi,positive,SWI1,e11b_s01_pos1_tap1_cpldc_ronnomi_positive,,,,,,,,,,,,,,,,,,,0.00190007547891,-0.00190000001,0.00103561911009,-0.00103546842589,0.00103686193772,-0.00103422683844,0.249556950039,30071,0.0037955956776253522,-1.9972603671055256e-07,0.009903087645491162,-4.990096912354509,7.530304461132891e-05,0.009975710930488256,-4.9900242890695115,0.0017422386654026621,3.763972620798852e-05,0.004984973338842372,-4.995015026661157,3.75214663287685e-05,0.004969311077043823,-4.995030688922956,0.012185943972253229,0.00018821383826965238,0.024926880631614686,-4.9750731193683855,0.0001870001858592162,0.024766156556069112,-4.975233843443931,5.086110788335265e-06,4.318043978823331e-06,1.2748061599548137e-06,1.0853556778181816e-06,5.521841487113682e-06,3.6816585201367714e-06,8.421984787822374e-05,0.0018843132111215385,0.24955674144957238,,,,,,,,,,,,,,,,,,,,,,,,,,,,,,,,,,,,,,,,,,,,,,,,,,,,,,,,,,,,,,,,,,,,,,,,,,,,,
E11b,0.02,2,1,2,DC,nomi,positive,SWI1,e11b_s02_pos1_tap2_cpldc_ronnomi_positive,,,,,,,,,,,,,,,,,,,0.0019000754825,-0.00190000001,0.00103558148923,-0.0010355060437,0.00103620360113,-0.00103488424269,0.248965275091,30078,0.0076419781381884475,-1.9972603675907575e-07,0.019806176720551613,-4.980193823279448,7.53030445974872e-05,0.019875193010921586,-4.980124806989078,0.0018199828646848532,1.8845699973996798e-05,0.004973210679068914,-4.9950267893209315,1.8786488857786926e-05,0.00495752934076118,-4.9950424706592385,0.012565671068296971,9.423611392348613e-05,0.02486778150722312,-4.975132218492777,9.362845463441569e-05,0.024707438438177673,-4.975292561561822,1.0167118712653852e-05,8.608520732179988e-06,1.3500808355931147e-06,1.133436435902121e-06,5.782082826726676e-06,3.794473516052163e-06,8.415347987335633e-05,0.0009434500462868781,0.24896506637232507,,,,,,,,,,,,,,,,,,,,,,,,,,,,,,,,,,,,,,,,,,,,,,,,,,,,,,,,,,,,,,,,,,,,,,,,,,,,,
E11b,0.05,3,1,3,DC,nomi,positive,SWI1,e11b_s03_pos1_tap3_cpldc_ronnomi_positive,,,,,,,,,,,,,,,,,,,0.00190007548512,-0.00190000001,0.00103555882702,-0.00103552870506,0.00103580717065,-0.00103528041099,0.247953937706,30086,0.019201648483207184,-1.997260367057025e-07,0.04951537065678891,-4.950484629343211,7.53030445878537e-05,0.04957394070674666,-4.950426059293253,0.0019524909302531522,7.524228584204771e-06,0.004953595967544158,-4.995046404032456,7.500588285689407e-06,0.00493761968938739,-4.995062380310612,0.013081157673080223,3.7624182865358805e-05,0.024767914625438314,-4.975232085374562,3.7381572221948434e-05,0.024607072810131015,-4.975392927189869,2.5431501569819374e-05,2.1485662358270352e-05,1.4716193147475087e-06,1.2130943746847848e-06,6.189028317041441e-06,3.95006413408184e-06,8.40905343107404e-05,0.00037667657958019796,0.24795372951726796,,,,,,,,,,,,,,,,,,,,,,,,,,,,,,,,,,,,,,,,,,,,,,,,,,,,,,,,,,,,,,,,,,,,,,,,,,,,,
E11b,0.1,4,1,4,DC,nomi,positive,SWI1,e11b_s04_pos1_tap4_cpldc_ronnomi_positive,,,,,,,,,,,,,,,,,,,0.00190007548606,-0.00190000001,0.00103555128864,-0.00103553624331,0.00103567532527,-0.00103541221905,0.247518126079,30089,0.0384657858784143,-1.9972603670373543e-07,0.09903057137348886,-4.900969428626511,7.530304458454797e-05,0.09907146091023764,-4.900928539089763,0.002000143063099676,3.758206076132566e-06,0.0049450149302915775,-4.995054985069708,3.7463982060563737e-06,0.004928997227248105,-4.995071002772752,0.01325974056136748,1.879254877382956e-05,0.02472468999133059,-4.975275310008669,1.8671369468322603e-05,0.024563822646260957,-4.975436177353739,5.088375747992001e-05,4.294661573541912e-05,1.5202803351985034e-06,1.2413718642787798e-06,6.346700966576699e-06,3.998463182298315e-06,8.418305489707979e-05,0.00018814263738421981,0.24751791786957905,,,,,,,,,,,,,,,,,,,,,,,,,,,,,,,,,,,,,,,,,,,,,,,,,,,,,,,,,,,,,,,,,,,,,,,,,,,,,
E11b,0.2,5,1,5,DC,nomi,positive,SWI1,e11b_s05_pos1_tap5_cpldc_ronnomi_positive,,,,,,,,,,,,,,,,,,,0.00190007548654,-0.00190000001,0.00103554752743,-0.0010355400045,0.00103560954635,-0.00103547798866,0.247424608182,30100,0.0770387340507449,-1.997260367404147e-07,0.19806039065081518,-4.801939609349184,7.530304458183754e-05,0.19806673726800486,-4.801933262731995,0.002022137511438732,1.8791684102591522e-06,0.00494315595294847,-4.995056844047052,1.8732642698328894e-06,0.004927136903098717,-4.995072863096901,0.013334761187391988,9.39660127430371e-06,0.02471534297643227,-4.975284657023567,9.33600951369268e-06,0.024554541883286506,-4.975445458116713,0.00010168689939183064,8.598318833384112e-05,1.5435641999608765e-06,1.253756623313346e-06,6.417552796372052e-06,4.018683055029092e-06,8.427372344126124e-05,9.407459134319569e-05,0.24742439974712094,,,,,,,,,,,,,,,,,,,,,,,,,,,,,,,,,,,,,,,,,,,,,,,,,,,,,,,,,,,,,,,,,,,,,,,,,,,,,
E11b,0.5,6,100,0,DC,nomi,positive,SWI1,e11b_s06_pos100_tap0_cpldc_ronnomi_positive,,,,,,,,,,,,,,,,,,,0.00190007565094,-0.00190000001,0.00103569485744,-0.00103539269084,0.00103818834617,-0.00103290418911,0.251761920877,30085,0.0019207988359994455,-2.375849711469815e-08,0.004957759733876077,-4.995042240266124,7.547901127693563e-05,0.005034869287829999,-4.99496513071217,0.002156103646929737,7.547883549463467e-05,0.005034499795635974,-4.994965500204364,7.524168929651613e-05,0.005013217634361522,-4.994986782365639,0.01388710112726923,0.0003774246724876166,0.025147123159903258,-4.974852876840097,0.0003749909388037858,0.02498497893750065,-4.975015021062499,2.538051340760673e-06,2.3117671887490647e-06,1.666780518821817e-06,1.3351829323975317e-06,6.842881823300663e-06,4.179757911596816e-06,0.00017253573006708713,0.0037786079024050684,0.2517614930180058,,,,,,,,,,,,,,,,,,,,,,,,,,,,,,,,,,,,,,,,,,,,,,,,,,,,,,,,,,,,,,,,,,,,,,,,,,,,,
E11b,1.0,7,100,1,DC,nomi,positive,SWI1,e11b_s07_pos100_tap1_cpldc_ronnomi_positive,,,,,,,,,,,,,,,,,,,0.00190007565529,-0.00190000001,0.00103561928616,-0.00103546824985,0.00103686501939,-0.00103422376258,0.249791273673,30079,0.0038256161181828632,-2.375849732162765e-08,0.009909328151803686,-4.990090671848196,7.547901125929936e-05,0.009982626482901925,-4.990017373517098,0.001758224483400994,3.772768027415679e-05,0.004989654086895485,-4.995010345913104,3.7609144052941666e-05,0.004973977092748192,-4.995026022907251,0.012272747400307524,0.0001886536441357844,0.024950286157627215,-4.975049713842373,0.0001874371557413021,0.024789410923002575,-4.9752105890769975,5.074715519394669e-06,4.358746715908603e-06,1.288547142816133e-06,1.0961835114404237e-06,5.580648060388399e-06,3.71713406347741e-06,0.00017246572747615422,0.001888716351781051,0.24979084612687993,,,,,,,,,,,,,,,,,,,,,,,,,,,,,,,,,,,,,,,,,,,,,,,,,,,,,,,,,,,,,,,,,,,,,,,,,,,,,
E11b,2.0,8,100,2,DC,nomi,positive,SWI1,e11b_s08_pos100_tap2_cpldc_ronnomi_positive,,,,,,,,,,,,,,,,,,,0.00190007565888,-0.00190000001,0.00103558157739,-0.00103550595555,0.00103620514342,-0.00103488270187,0.249197724785,30085,0.007701329978699686,-2.375849712271911e-08,0.019819404819980162,-4.98018059518002,7.547901124702561e-05,0.019889773952474536,-4.980110226047525,0.0018392943815652247,1.8889739009525485e-05,0.004977797784721188,-4.995022202215279,1.8830389527506493e-05,0.0049621580416844835,-4.9950378419583155,0.012677222965752011,9.445632689379193e-05,0.024890999856197832,-4.975109000143802,9.384724761347055e-05,0.02473050683428211,-4.975269493165718,1.0146486239231525e-05,8.674778476011375e-06,1.3632486372164435e-06,1.143277936797143e-06,5.833748602392722e-06,3.8288410809364614e-06,0.00017228810936347746,0.0009456547205711911,0.24919729707677155,,,,,,,,,,,,,,,,,,,,,,,,,,,,,,,,,,,,,,,,,,,,,,,,,,,,,,,,,,,,,,,,,,,,,,,,,,,,,
E11b,5.0,9,100,3,DC,nomi,positive,SWI1,e11b_s09_pos100_tap3_cpldc_ronnomi_positive,,,,,,,,,,,,,,,,,,,0.00190007566149,-0.00190000001,0.00103555886222,-0.00103552866986,0.00103580778628,-0.00103527979559,0.248184651889,30091,0.01933921112042819,-2.375849712590599e-08,0.04955038635425016,-4.95044961364575,7.547901123726412e-05,0.04961121632797092,-4.950388783672029,0.0019668243314545403,7.541812623672008e-06,0.004957561374431679,-4.9950424386255685,7.518117078038817e-06,0.004941985212039881,-4.99505801478796,0.013203428280390818,3.771211016700996e-05,0.024789809629080273,-4.97521019037092,3.74689325451947e-05,0.024629968973288077,-4.975370031026712,2.5375537811305256e-05,2.1662344207805254e-05,1.4835050632353923e-06,1.2212775898800717e-06,6.243304139804806e-06,3.985473491137358e-06,0.0001724791903497138,0.00037755686860485273,0.2481842244736839,,,,,,,,,,,,,,,,,,,,,,,,,,,,,,,,,,,,,,,,,,,,,,,,,,,,,,,,,,,,,,,,,,,,,,,,,,,,,
E11b,10.0,10,100,4,DC,nomi,positive,SWI1,e11b_s10_pos100_tap4_cpldc_ronnomi_positive,,,,,,,,,,,,,,,,,,,0.00190007566243,-0.00190000001,0.00103555130623,-0.00103553622573,0.00103567563275,-0.00103541191163,0.247748174842,30091,0.03877785343850551,-2.3758497100056878e-08,0.09910229509810456,-4.900897704901896,7.547901123387315e-05,0.09914695338383835,-4.900853046616161,0.0020183125768677883,3.766989314682657e-06,0.004948842625053407,-4.995051157374947,3.755153848640974e-06,0.004933293856051966,-4.995066706143948,0.013375457566915976,1.8836468515194367e-05,0.024746212359780945,-4.975253787640219,1.8715006003624077e-05,0.024586652772879865,-4.9754133472271205,5.073656183585804e-05,4.331770142815229e-05,1.5321941475026194e-06,1.2530569096873185e-06,6.3936057741873925e-06,4.034527904121314e-06,0.00017255340952480576,0.00018858234229456096,0.24774774767051713,,,,,,,,,,,,,,,,,,,,,,,,,,,,,,,,,,,,,,,,,,,,,,,,,,,,,,,,,,,,,,,,,,,,,,,,,,,,,
E11b,20.0,11,100,5,DC,nomi,positive,SWI1,e11b_s11_pos100_tap5_cpldc_ronnomi_positive,,,,,,,,,,,,,,,,,,,0.00190007566292,-0.00190000001,0.00103554753622,-0.00103553999571,0.00103560970008,-0.00103547783495,0.247654456065,30101,0.07758274298275522,-2.3758497107237226e-08,0.19819615549413347,-4.801803844505867,7.547901123203864e-05,0.19821842567136366,-4.801781574328636,0.0020408976370312657,1.8835600396780184e-06,0.004946970566694577,-4.995053029433305,1.8776421012317816e-06,0.004931427679479338,-4.995068572320521,0.01345596035516623,9.418561195701269e-06,0.024736851311572335,-4.975263148688428,9.357827831729368e-06,0.024577352074553586,-4.975422647925447,0.00010145173362549511,8.663426945269576e-05,1.556818454104566e-06,1.266919137548437e-06,6.468602140916209e-06,4.056148106212531e-06,0.00017260005291833393,9.42944443061019e-05,0.24765402877714304,,,,,,,,,,,,,,,,,,,,,,,,,,,,,,,,,,,,,,,,,,,,,,,,,,,,,,,,,,,,,,,,,,,,,,,,,,,,,
E12,0.005,0,1,0,DC,nomi,zero,SWI1,e12_s00_pos1_tap0_cpldc_ronnomi_zero,,,,,,,,,,,,,,,,,,,,,,,,,,,,,,,,,,,,,,,,,,,,,,,,,,,,,,,,,1.81806049651e-08,32.216909315093915,0.6443381863018783,57.47297053689171,1.149459410737834,v(inoise),1401,,,,,,,,,,,,,,,,,,,,,,,,,,,,,,,,,,,,,,,,,,,,,,,,,,,,,,,,,,,,,,,,,,,,,,
E12,0.01,1,1,1,DC,nomi,zero,SWI1,e12_s01_pos1_tap1_cpldc_ronnomi_zero,,,,,,,,,,,,,,,,,,,,,,,,,,,,,,,,,,,,,,,,,,,,,,,,,,,,,,,,,3.44234566484e-08,60.99625880490123,0.6099625880490124,109.22032154090671,1.092203215409067,v(inoise),1401,,,,,,,,,,,,,,,,,,,,,,,,,,,,,,,,,,,,,,,,,,,,,,,,,,,,,,,,,,,,,,,,,,,,,,
E12,0.02,2,1,2,DC,nomi,zero,SWI1,e12_s02_pos1_tap2_cpldc_ronnomi_zero,,,,,,,,,,,,,,,,,,,,,,,,,,,,,,,,,,,,,,,,,,,,,,,,,,,,,,,,,6.74916326125e-08,119.56528225496973,0.5978264112748486,213.9686327463404,1.069843163731702,v(inoise),1401,,,,,,,,,,,,,,,,,,,,,,,,,,,,,,,,,,,,,,,,,,,,,,,,,,,,,,,,,,,,,,,,,,,,,,
E12,0.05,3,1,3,DC,nomi,zero,SWI1,e12_s03_pos1_tap3_cpldc_ronnomi_zero,,,,,,,,,,,,,,,,,,,,,,,,,,,,,,,,,,,,,,,,,,,,,,,,,,,,,,,,,1.6772735459e-07,297.08882914248863,0.5941776582849773,531.1128630493644,1.0622257260987285,v(inoise),1401,,,,,,,,,,,,,,,,,,,,,,,,,,,,,,,,,,,,,,,,,,,,,,,,,,,,,,,,,,,,,,,,,,,,,,
E12,0.1,4,1,4,DC,nomi,zero,SWI1,e12_s04_pos1_tap4_cpldc_ronnomi_zero,,,,,,,,,,,,,,,,,,,,,,,,,,,,,,,,,,,,,,,,,,,,,,,,,,,,,,,,,3.35125551616e-07,593.5676161808965,0.5935676161808965,1060.810274021354,1.0608102740213539,v(inoise),1401,,,,,,,,,,,,,,,,,,,,,,,,,,,,,,,,,,,,,,,,,,,,,,,,,,,,,,,,,,,,,,,,,,,,,,
E12,0.2,5,1,5,DC,nomi,zero,SWI1,e12_s05_pos1_tap5_cpldc_ronnomi_zero,,,,,,,,,,,,,,,,,,,,,,,,,,,,,,,,,,,,,,,,,,,,,,,,,,,,,,,,,6.69663736737e-07,1186.0729070626091,0.5930364535313045,2119.4551905245867,1.0597275952622933,v(inoise),1401,,,,,,,,,,,,,,,,,,,,,,,,,,,,,,,,,,,,,,,,,,,,,,,,,,,,,,,,,,,,,,,,,,,,,,
E12,0.5,6,100,0,DC,nomi,zero,SWI1,e12_s06_pos100_tap0_cpldc_ronnomi_zero,,,,,,,,,,,,,,,,,,,,,,,,,,,,,,,,,,,,,,,,,,,,,,,,,,,,,,,,,1.8224658137e-06,3216.024547987918,0.6432049095975836,5734.95966173841,1.146991932347682,v(inoise),1401,,,,,,,,,,,,,,,,,,,,,,,,,,,,,,,,,,,,,,,,,,,,,,,,,,,,,,,,,,,,,,,,,,,,,,
E12,1.0,7,100,1,DC,nomi,zero,SWI1,e12_s07_pos100_tap1_cpldc_ronnomi_zero,,,,,,,,,,,,,,,,,,,,,,,,,,,,,,,,,,,,,,,,,,,,,,,,,,,,,,,,,3.44323430943e-06,6093.944229277408,0.6093944229277408,10908.18468425825,1.090818468425825,v(inoise),1401,,,,,,,,,,,,,,,,,,,,,,,,,,,,,,,,,,,,,,,,,,,,,,,,,,,,,,,,,,,,,,,,,,,,,,
E12,2.0,8,100,2,DC,nomi,zero,SWI1,e12_s08_pos100_tap2_cpldc_ronnomi_zero,,,,,,,,,,,,,,,,,,,,,,,,,,,,,,,,,,,,,,,,,,,,,,,,,,,,,,,,,6.74671778943e-06,11948.22087319177,0.5974110436595885,21375.07828226415,1.0687539141132074,v(inoise),1401,,,,,,,,,,,,,,,,,,,,,,,,,,,,,,,,,,,,,,,,,,,,,,,,,,,,,,,,,,,,,,,,,,,,,,
E12,5.0,9,100,3,DC,nomi,zero,SWI1,e12_s09_pos100_tap3_cpldc_ronnomi_zero,,,,,,,,,,,,,,,,,,,,,,,,,,,,,,,,,,,,,,,,,,,,,,,,,,,,,,,,,1.67635900496e-05,29690.314135992805,0.5938062827198561,53061.15359957935,1.061223071991587,v(inoise),1401,,,,,,,,,,,,,,,,,,,,,,,,,,,,,,,,,,,,,,,,,,,,,,,,,,,,,,,,,,,,,,,,,,,,,,
E12,10.0,10,100,4,DC,nomi,zero,SWI1,e12_s10_pos100_tap4_cpldc_ronnomi_zero,,,,,,,,,,,,,,,,,,,,,,,,,,,,,,,,,,,,,,,,,,,,,,,,,,,,,,,,,3.34933945418e-05,59320.26209015846,0.5932026209015846,105982.04891358547,1.0598204891358547,v(inoise),1401,,,,,,,,,,,,,,,,,,,,,,,,,,,,,,,,,,,,,,,,,,,,,,,,,,,,,,,,,,,,,,,,,,,,,,
E12,20.0,11,100,5,DC,nomi,zero,SWI1,e12_s11_pos100_tap5_cpldc_ronnomi_zero,,,,,,,,,,,,,,,,,,,,,,,,,,,,,,,,,,,,,,,,,,,,,,,,,,,,,,,,,6.69276416213e-05,118534.65728754204,0.5926732864377102,211748.34819997114,1.0587417409998556,v(inoise),1401,,,,,,,,,,,,,,,,,,,,,,,,,,,,,,,,,,,,,,,,,,,,,,,,,,,,,,,,,,,,,,,,,,,,,,
E13,0.005,0,1,0,DC,nomi,bipolar,SWI1,e13_s00_pos1_tap0_cpldc_ronnomi_bipolar_vpp2,,,,,,,,,,,,,,,,,,,0.0019051706977,-0.00190322694391,0.00103601382473,-0.00103565117286,0.00112422986237,-0.00111810468731,1.00376656701,40026,0.0006801556206763175,-0.020019114975556116,0.020018721320624745,-4.979980885024444,-0.019941782781779407,0.020092394672099313,-4.9799076053279006,0.0007913384390731142,-0.019941330679167476,0.02009194286817182,-4.979908057131828,-0.019873144641082623,0.020023282735232885,-4.979976717264767,0.008108719479953376,-0.09968960952132166,0.10044272695043838,-4.899557273049561,-0.09886208648995604,0.09961034796349372,-4.900389652036506,6.29003366355783e-07,6.28921908353429e-07,5.030914014431938e-07,5.013683222717519e-07,2.515024189814062e-06,2.4942168830650912e-06,,,,,,,,,,,2,0.020235709227869596,0.00190404627462,-0.00190397080721,0.00103598325266,-0.00103568177913,0.00112382537363,-0.00111855329804,0.00696637201181924,1.9999933690801928,12.566484040863001,430.0,0.02922438149037907,0.9999966845400964,1.7221996129568878e-07,6.964281595999683e-05,4.147048040081625e-08,1.6870491506314365e-06,7.2679334215949085e-09,4.820812143196072e-08,3.552032107833977e-09,1.4238551494074574e-09,,,,,,,,,,,,,,,,,,,,,,,,,,,,,,,,,,,,,,,,,,,,,,,,
E13,0.005,0,1,0,DC,nomi,bipolar,SWI1,e13_s00_pos1_tap0_cpldc_ronnomi_bipolar_vpp4,,,,,,,,,,,,,,,,,,,0.00191029296186,-0.00190648091508,0.00103691019841,-0.00103648633472,0.00135308419359,-0.00134609754035,2.00375416764,40031,0.001284803597208685,-0.04003793123907387,0.040037543381383794,-4.959962068760926,-0.039958743273629735,0.0401093609733308,-4.9598906390266695,0.001582457745574372,-0.039958038331578995,0.04010865584204949,-4.959891344157951,-0.039821203222764584,0.03997134660712613,-4.9600286533928735,0.016228136857846163,-0.19975570170653184,0.20050884121522025,-4.79949115878478,-0.19809836145676413,0.19884665816141758,-4.8011533418385826,1.2580022667763703e-06,1.2578401682748106e-06,1.0061745047997745e-06,1.002731696784877e-06,5.03001201196657e-06,4.988606373891819e-06,,,,,,,,,,,4,0.04047141845573919,0.00190805468522,-0.00190797921495,0.0010368490773,-0.0010365475924,0.00135231456519,-0.00134704221358,0.023150609182341058,3.999980621296251,25.133831826262423,430.0,0.05845077168898238,1.9999903106481256,2.643822533466196e-07,0.0004615174928537888,4.934592285446999e-07,3.697002352918282e-05,8.369020178672484e-08,3.5471354912948183e-06,3.4747454212072086e-09,3.5152288879942674e-07,,,,,,,,,,,,,,,,,,,,,,,,,,,,,,,,,,,,,,,,,,,,,,,,
E13,0.5,6,100,0,DC,nomi,bipolar,SWI1,e13_s06_pos100_tap0_cpldc_ronnomi_bipolar_vpp2,,,,,,,,,,,,,,,,,,,0.00190517069843,-0.00190322741147,0.00103601379348,-0.00103565120405,0.0011242290678,-0.00111810556688,1.00377872394,40033,0.00068015477925313,-0.020018917297064898,0.02001893959866689,-4.979981060401333,-0.01994156082026753,0.02009258866461287,-4.979907411335387,0.0007913405616814077,-0.019941135830188476,0.02009216380696786,-4.979907836193032,-0.019872934664018096,0.02002348742707895,-4.979976512572921,0.008108739157629436,-0.0996884325472283,0.10044363001308776,-4.899556369986913,-0.09886137794991016,0.09961170642311486,-4.900388293576885,6.290031060261001e-07,6.28920577885199e-07,5.030918901111469e-07,5.013695578843303e-07,2.515027927954184e-06,2.4942202540522752e-06,,,,,,,,,,,2,2.022324947533372,0.0019040463731,-0.00190397071444,0.00103598363436,-0.00103568139753,0.00112383206085,-0.00111854663678,0.006966258115298515,1.9999933919783404,12.566462632208506,430.0,0.02922433170281048,0.9999966959891702,1.8021014629441417e-07,6.964169543975166e-05,4.4010079783153094e-08,1.685442365932805e-06,8.344873804209508e-09,4.678516276156456e-08,3.7639149287005716e-09,3.366186658825821e-10,,,,,,,,,,,,,,,,,,,,,,,,,,,,,,,,,,,,,,,,,,,,,,,,
E13,0.5,6,100,0,DC,nomi,bipolar,SWI1,e13_s06_pos100_tap0_cpldc_ronnomi_bipolar_vpp4,,,,,,,,,,,,,,,,,,,0.00191029285918,-0.0019064819224,0.00103690978408,-0.00103648674871,0.00135307649374,-0.00134610552999,2.00376267584,40038,0.0012848066404196204,-0.040037689321735584,0.040037781446443634,-4.959962218553557,-0.03995866673431782,0.04010976441335932,-4.9598902355866406,0.0015824597895844937,-0.03995789843115507,0.04010899625679185,-4.959891003743208,-0.03982109001307922,0.03997171100592454,-4.960028288994075,0.016228091132394512,-0.19975513926109786,0.20051067994306243,-4.799489320056938,-0.19809739725639433,0.19884807900607593,-4.801151920993924,1.2579992083547503e-06,1.2578434193522794e-06,1.0061727622750683e-06,1.0027323042668971e-06,5.030006771353835e-06,4.988612608648052e-06,,,,,,,,,,,4,4.044649895066744,0.00190805480469,-0.0019079791283,0.00103684948845,-0.00103654718139,0.00135232176959,-0.00134703503996,0.023150716535413292,3.99998066638628,25.13376167414388,430.0,0.05845060854452065,1.99999033319314,2.4900640408632177e-07,0.00046151993460851045,4.995610510172572e-07,3.696681572445885e-05,8.619377122896943e-08,3.544247982288563e-06,6.10801659055044e-09,3.4903081848243015e-07,,,,,,,,,,,,,,,,,,,,,,,,,,,,,,,,,,,,,,,,,,,,,,,,
E14,0.005,0,1,0,DC,nomi,negative,SWI1,e14_s00_pos1_tap0_cpldc_ronnomi_negative,,,,,,,,,,,,,,,,,,,0.00190007547465,-0.00190000001,0.00103569450537,-0.00103539304283,0.00103818217843,-0.00103291033356,3.8378161971,67955,0.04594391885743393,-0.1980960470241333,0.00013310038329576032,-4.8019039529758665,-0.19799298439372937,0.00017447537944341142,-4.802007015606271,0.05913802116220035,-0.19798642961497018,0.0001689869930725457,-4.8020135703850295,-0.19727324315960038,8.007721659847195e-05,-4.8027267568404,0.6087052171351606,-0.9895716438716309,0.00042030643413934135,-4.010428356128369,-0.38086677319416223,0.0003741172013791253,-4.619133226805838,4.9554307061838704e-05,5.090373903561714e-05,3.917128983750957e-05,3.652307056843413e-05,0.00018449483125199933,8.004285234251265e-05,,,,,,,,,,,,,,,,,,,,,,,,,,,,,,,,,0.0037698036599659287,0.003769681084631247,-1.2257533468177512e-07,3.4750000000021987e-08,2.6750000000021386e-08,-0.2,-0.2,0.2,1.1020000000000001e-05,0.00098898,5.000000000010964e-10,,,,,,,,,,,,,,,,,,,,,,,,,,,,,,,,,,,,,
E14,0.005,0,1,0,DC,nomi,positive,SWI1,e14_s00_pos1_tap0_cpldc_ronnomi_positive,,,,,,,,,,,,,,,,,,,0.00190007547465,-0.00190000001,0.00103569450537,-0.00103539304283,0.00103818217843,-0.00103291033356,3.83782494529,67938,0.045960122756030106,-0.0001335048362693158,0.19809561097412035,-4.8019043890258795,-2.5241427717537726e-05,0.19814371840629943,-4.8018562815937,0.05913218061523165,-1.9681916151699985e-05,0.19813712959049448,-4.801862870409505,6.948652107869e-05,0.19742342409206404,-4.802576575907936,0.6094576248429786,0.00032962288262026405,0.990325068237004,-4.009674931762996,0.0003741172013790569,0.38086764152065616,-4.619132358479344,4.955421068546392e-05,5.090524370822674e-05,3.918137309704007e-05,3.65300237808454e-05,0.0001844790328360934,8.003651113292683e-05,,,,,,,,,,,,,,,,,,,,,,,,,,,,,,,,,0.0037698036599659287,0.003769926235300006,1.2257533407722399e-07,3.425000000002089e-08,2.6750000000021386e-08,0.2,0.2,0.2,1.1020000000000001e-05,0.00098898,5.000000000010964e-10,,,,,,,,,,,,,,,,,,,,,,,,,,,,,,,,,,,,,
E14,0.01,1,1,1,DC,nomi,negative,SWI1,e14_s01_pos1_tap1_cpldc_ronnomi_negative,,,,,,,,,,,,,,,,,,,0.00190007547901,-0.00190000001,0.00103561911019,-0.00103546842579,0.00103686193944,-0.00103422683672,3.83781397962,67952,0.09303868065804619,-0.39622420194072594,0.00028167285609118325,-4.603775798059274,-0.3959005054586688,0.000122421749389549,-4.604099494541331,0.05437708581219766,-0.19785892801684965,3.763977520570754e-05,-4.802141071983151,-0.19723740517690025,3.752151517254146e-05,-4.8027625948231,0.6085086433719538,-0.9893752228990665,0.00018821408327804074,-4.010624777100934,-0.38086657952800335,0.0001870004292877228,-4.6191334204719965,9.934839114281052e-05,0.00010241347402476127,3.6390158245287204e-05,3.363099169616383e-05,0.00016995116898808318,7.912040588303363e-05,,,,,,,,,,,,,,,,,,,,,,,,,,,,,,,,,0.0018843156640361628,0.0018841930521011692,-1.2261193499353215e-07,3.700000000002184e-08,2.9250000000021785e-08,-0.4,-0.4,0.4,1.1020000000000001e-05,0.00098898,5.000000000010964e-10,,,,,,,,,,,,,,,,,,,,,,,,,,,,,,,,,,,,,
E14,0.01,1,1,1,DC,nomi,positive,SWI1,e14_s01_pos1_tap1_cpldc_ronnomi_positive,,,,,,,,,,,,,,,,,,,0.00190007547901,-0.00190000001,0.00103561911019,-0.00103546842579,0.00103686193944,-0.00103422683672,3.83781836321,67923,0.09312587559121843,-0.0002838882359958701,0.396223795831943,-4.6037762041680566,2.7257752928507383e-05,0.39605106166264786,-4.603948938337352,0.05437007676189687,3.7639775205697936e-05,0.19793419942201404,-4.802065800577986,3.7521515172532545e-05,0.19731244023307684,-4.802687559766923,0.608884596508889,0.00018821408327799574,0.9897516110660816,-4.010248388933919,0.0001870004292876824,0.3808670145580817,-4.619132985441919,9.934735370602166e-05,0.00010240922355643934,3.6392254585813314e-05,3.3628403808712993e-05,0.00016995496630089652,7.911746596583574e-05,,,,,,,,,,,,,,,,,,,,,,,,,,,,,,,,,0.0018843156640361628,0.0018844382759706526,1.2261193448981182e-07,3.675000000002129e-08,2.9250000000021785e-08,0.4,0.4,0.4,1.1020000000000001e-05,0.00098898,5.000000000010964e-10,,,,,,,,,,,,,,,,,,,,,,,,,,,,,,,,,,,,,
E14,0.02,2,1,2,DC,nomi,negative,SWI1,e14_s02_pos1_tap2_cpldc_ronnomi_negative,,,,,,,,,,,,,,,,,,,0.0019000754826,-0.00190000001,0.00103558148928,-0.00103550604365,0.00103620360199,-0.00103488424184,3.83783123226,67984,0.186118110148294,-0.7925069306366538,0.0006223567589635504,-4.2074930693633465,-0.7918684153450767,0.0001622409809106329,-4.208131584654923,0.05586402542686518,-0.19815967648223715,2.10533199014675e-05,-4.801840323517763,-0.19753395725070083,1.8786513314108063e-05,-4.802466042749299,0.6099944851400194,-0.9908627768282998,9.423623660041267e-05,-4.009137223171701,-0.3808682916891803,9.362857652027657e-05,-4.61913170831082,0.00019874337442723876,0.00020451912366931287,3.732195124882233e-05,3.451912577751402e-05,0.0001744756574407482,7.934899443597095e-05,,,,,,,,,,,,,,,,,,,,,,,,,,,,,,,,,0.0009434512744733589,0.000943328189938637,-1.2308453472187255e-07,3.600000000002134e-08,2.8750000000022383e-08,-0.8,-0.8,0.8,1.1020000000000001e-05,0.00098898,5.000000000010964e-10,,,,,,,,,,,,,,,,,,,,,,,,,,,,,,,,,,,,,
E14,0.02,2,1,2,DC,nomi,positive,SWI1,e14_s02_pos1_tap2_cpldc_ronnomi_positive,,,,,,,,,,,,,,,,,,,0.0019000754826,-0.00190000001,0.00103558148928,-0.00103550604365,0.00103620360199,-0.00103488424184,3.83783340396,67961,0.1862852040298929,-0.0006226852228892673,0.7925065450026524,-4.207493454997348,-1.2984997648489941e-05,0.792019004764732,-4.207980995235268,0.05585108202546185,1.647160021098392e-05,0.19819730482229828,-4.8018026951777015,1.8786513314103127e-05,0.19757152220925842,-4.802428477790742,0.6101827016212865,9.423623660038862e-05,0.9910512088301988,-4.008948791169801,9.36285765202582e-05,0.38086850720981186,-4.6191314927901885,0.0001987494670156248,0.000204542092590047,3.733087859409347e-05,3.4524412497618206e-05,0.00017446186380755667,7.93464982022561e-05,,,,,,,,,,,,,,,,,,,,,,,,,,,,,,,,,0.0009434512744733589,0.0009435743590074054,1.2308453404652302e-07,3.600000000002134e-08,2.8750000000022383e-08,0.8,0.8,0.8,1.1020000000000001e-05,0.00098898,5.000000000010964e-10,,,,,,,,,,,,,,,,,,,,,,,,,,,,,,,,,,,,,
E14,0.05,3,1,3,DC,nomi,negative,SWI1,e14_s03_pos1_tap3_cpldc_ronnomi_negative,,,,,,,,,,,,,,,,,,,0.00190007548521,-0.00190000001,0.00103555882704,-0.00103552870504,0.00103580717099,-0.00103528041064,3.83781137416,67996,0.4654659133027794,-1.9812773227009353,0.0015992871700139836,-3.0187226772990647,-1.9797449640289815,0.0002826835697607769,-3.0202550359710187,0.057647891471966806,-0.19782605045421175,2.2007688450839107e-05,-4.8021739495457885,-0.19719259066836098,1.0661590675855931e-05,-4.802807409331639,0.608286566955768,-0.9891528448095054,5.5784806456675386e-05,-4.010847155190494,-0.38086631731690995,3.7381620888901585e-05,-4.61913368268309,0.0004968794629295326,0.0005110599375982364,3.836733210307891e-05,3.560463772555884e-05,0.00017989332446650266,7.976007689147865e-05,,,,,,,,,,,,,,,,,,,,,,,,,,,,,,,,,0.00037667706997422803,0.0003765520256025774,-1.2504437165063035e-07,3.500000000002084e-08,2.7750000000021884e-08,-2.0,-2.0,2.0,1.1020000000000001e-05,0.00098898,5.000000000010964e-10,,,,,,,,,,,,,,,,,,,,,,,,,,,,,,,,,,,,,
E14,0.05,3,1,3,DC,nomi,positive,SWI1,e14_s03_pos1_tap3_cpldc_ronnomi_positive,,,,,,,,,,,,,,,,,,,0.00190007548521,-0.00190000001,0.00103555882704,-0.00103552870504,0.00103580717099,-0.00103528041064,3.83781225184,67977,0.46561706975770106,-0.0015996005311732855,1.981276963025082,-3.018723036974918,-0.0001322691232887176,1.9798955685202388,-3.020104431479761,0.05763553574581701,-6.9947045982256674e-06,0.19784106520662187,-4.802158934793378,4.304379096263296e-06,0.19720757427668567,-4.8027924257233146,0.6083616228329319,1.9395987790333412e-05,0.9892279875728826,-4.010772012427117,3.738162088889615e-05,0.3808664044311882,-4.619133595568812,0.0004968794980903532,0.0005110602160544181,3.837482819448842e-05,3.5602464684542766e-05,0.00017991891138801705,7.975659573438866e-05,,,,,,,,,,,,,,,,,,,,,,,,,,,,,,,,,0.00037667706997422803,0.00037680211434426363,1.250443700356028e-07,3.500000000002084e-08,2.7750000000021884e-08,2.0,2.0,2.0,1.1020000000000001e-05,0.00098898,5.000000000010964e-10,,,,,,,,,,,,,,,,,,,,,,,,,,,,,,,,,,,,,
E14,0.1,4,1,4,DC,nomi,negative,SWI1,e14_s04_pos1_tap4_cpldc_ronnomi_negative,,,,,,,,,,,,,,,,,,,0.00190007548616,-0.00190000001,0.00103555128865,-0.0010355362433,0.00103567532544,-0.00103541221888,3.83787983357,68092,1.4796900505538464,-4.029896646161405,0.07073450910400587,-0.9701033538385948,-4.04884318381131,0.08960222455718177,-0.9511568161886901,0.0371309743477381,-0.20151903445114777,0.003897814669720737,-4.798480965548852,-0.19832346307587473,0.001333596694620327,-4.801676536924125,0.614589195458606,-0.9954529139022973,0.00731505517049131,-4.004547086097703,-0.380872173496518,1.86713937775243e-05,-4.619127826503482,0.001041288750784265,0.0006848787776725374,2.3947615423038597e-05,2.322086670049246e-05,0.00011649584096644877,7.498854192109862e-05,,,,,,,,,,,,,,,,,,,,,,,,,,,,,,,,,0.00018814288233634402,0.0001880086230827929,-1.3425925355113133e-07,3.775000000002179e-08,2.9976935115695814e-08,-4.0,-4.0,4.0,1.1020000000000001e-05,0.00098898,5.000000000010964e-10,,,,,,,,,,,,,,,,,,,,,,,,,,,,,,,,,,,,,
E14,0.1,4,1,4,DC,nomi,positive,SWI1,e14_s04_pos1_tap4_cpldc_ronnomi_positive,,,,,,,,,,,,,,,,,,,0.00190007548616,-0.00190000001,0.00103555128865,-0.0010355362433,0.00103567532544,-0.00103541221888,3.83788049479,68077,1.4798064316240287,-0.07073507924770993,4.029907805394314,-0.9700921946056864,-0.0894557636726748,4.049011453707339,-0.9509885462926606,0.03712521306329078,-0.0038897685017117265,0.20152490601883388,-4.798475093981166,-0.0013259274384889326,0.19833625598433308,-4.801663744015667,0.6146581736824765,-0.007275586366775674,0.9955220766853051,-4.0044779233146945,1.8671393777493168e-05,0.38087224740298115,-4.619127752597019,0.0010412892624073558,0.0006848772215766116,2.394954630903697e-05,2.321730257524368e-05,0.00011647799585814724,7.498281732669799e-05,,,,,,,,,,,,,,,,,,,,,,,,,,,,,,,,,0.00018814288233634402,0.0001882771415897864,1.3425925344238586e-07,3.775000000002179e-08,3.0000000000021736e-08,4.0,4.0,4.0,1.1020000000000001e-05,0.00098898,5.000000000010964e-10,,,,,,,,,,,,,,,,,,,,,,,,,,,,,,,,,,,,,
E14,0.2,5,1,5,DC,nomi,negative,SWI1,e14_s05_pos1_tap5_cpldc_ronnomi_negative,,,,,,,,,,,,,,,,,,,0.00190007548664,-0.00190000001,0.00103554752743,-0.00103554000449,0.00103560954644,-0.00103547798858,3.81742726432,68237,4.340558458940918,-5.919680477978639,2.3626231073403505,0.9196804779786394,-5.09890880938345,2.378541237303501,0.09890880938344981,0.018545938485724056,-0.1266484435535251,0.05915360800158507,-4.873351556446475,-0.1243133580671604,0.057300123937342864,-4.875686641932839,0.24500762619454447,-0.6238123038328134,0.28790273181708453,-4.376187696167187,-0.37884079242729185,0.2786566666589098,-4.621159207572708,0.0021856180221387516,0.0006972204290328771,1.237596667750631e-05,1.1630385835413063e-05,5.83546112149699e-05,5.3979969692891826e-05,,,,,,,,,,,,,,,,,,,,,,,,,,,,,,,,,9.407471381952845e-05,0.0006845356721282884,0.0005904609583087599,0.0005512167499999999,0.00036331675,-8.0,-8.0,8.0,1.1020000000000001e-05,0.00098898,5.000000000010964e-10,,,,,,,,,,,,,,,,,,,,,,,,,,,,,,,,,,,,,
E14,0.2,5,1,5,DC,nomi,positive,SWI1,e14_s05_pos1_tap5_cpldc_ronnomi_positive,,,,,,,,,,,,,,,,,,,0.00190007548664,-0.00190000001,0.00103554752743,-0.00103554000449,0.00103560954644,-0.00103547798858,3.81731500903,68160,4.3620268351198845,-2.362652230830247,5.91901175726857,0.9190117572685699,-2.3786551885015856,5.0821351401453505,0.0821351401453505,0.018541908679490515,-0.0591526797898849,0.12632779076182737,-4.873672209238173,-0.057303050520601376,0.1241456491748484,-4.8758543508251515,0.24420938819163934,-0.2879192522434913,0.6230134842776983,-4.376986515722302,-0.2786373502946834,0.37882920383108626,-4.621170796168914,0.002186270237194746,0.000697220421484096,1.2315932717547659e-05,1.1629254521423182e-05,5.834875261148198e-05,5.398429180548633e-05,,,,,,,,,,,,,,,,,,,,,,,,,,,,,,,,,9.407471381952845e-05,-0.0004963853389095461,-0.0005904600527290745,0.0005512167499999999,0.00036331675,8.0,8.0,8.0,1.1020000000000001e-05,0.00098898,5.000000000010964e-10,,,,,,,,,,,,,,,,,,,,,,,,,,,,,,,,,,,,,
E14,0.5,6,100,0,DC,nomi,negative,SWI1,e14_s06_pos100_tap0_cpldc_ronnomi_negative,,,,,,,,,,,,,,,,,,,0.00190007565094,-0.00190000001,0.00103569485744,-0.00103539269084,0.00103818834618,-0.00103290418911,3.83782481204,67971,0.045971534833512184,-0.19820949799547277,8.714372351416856e-05,-4.801790502004527,-0.1981070656746382,0.00012775208971113852,-4.801892934325362,0.05916967556852841,-0.1981004685951185,0.00012221508442618355,-4.801899531404882,-0.19742321372930327,7.524173962605397e-05,-4.802576786270697,0.6094396215110847,-0.9903072760372893,0.0003774249249488279,-4.0096927239627105,-0.38086765453424065,0.0003749911896370383,-4.61913234546576,4.958284165053333e-05,5.093559055555086e-05,3.9194896139137856e-05,3.65462840143609e-05,0.00018460712804244933,8.00506754520143e-05,,,,,,,,,,,,,,,,,,,,,,,,,,,,,,,,,0.0037786079028963495,0.0037786104298804892,2.5269841397342063e-09,3.4750000000021987e-08,2.7000000000021934e-08,-20.0,-20.0,20.0,1.1020000000000001e-05,0.00098898,5.000000000010964e-10,,,,,,,,,,,,,,,,,,,,,,,,,,,,,,,,,,,,,
E14,0.5,6,100,0,DC,nomi,positive,SWI1,e14_s06_pos100_tap0_cpldc_ronnomi_positive,,,,,,,,,,,,,,,,,,,0.00190007565094,-0.00190000001,0.00103569485744,-0.00103539269084,0.00103818834618,-0.00103290418911,3.83783352914,67950,0.04598768745854865,-8.71657057573147e-05,0.19820941608928003,-4.80179058391072,2.1468894662129498e-05,0.19825758511762223,-4.801742414882378,0.059165395014700695,2.7038228676179115e-05,0.19825097104396985,-4.8017490289560305,7.524163898650689e-05,0.19757368925483787,-4.802426310745162,0.6101935663784976,0.00037742442012431507,0.9910620859949013,-4.008937914005099,0.0003749906880679154,0.38086851962440627,-4.619131480375594,4.958275090295254e-05,5.093713094476461e-05,3.9205082384680344e-05,3.654454786854179e-05,0.00018460856374237264,8.003411250769415e-05,,,,,,,,,,,,,,,,,,,,,,,,,,,,,,,,,0.0037786079028963495,0.003778605375911826,-2.5269845235417754e-09,3.4750000000021987e-08,2.6750000000021386e-08,20.0,20.0,20.0,1.1020000000000001e-05,0.00098898,5.000000000010964e-10,,,,,,,,,,,,,,,,,,,,,,,,,,,,,,,,,,,,,
E14,1.0,7,100,1,DC,nomi,negative,SWI1,e14_s07_pos100_tap1_cpldc_ronnomi_negative,,,,,,,,,,,,,,,,,,,0.00190007565529,-0.00190000001,0.00103561928616,-0.00103546824985,0.0010368650194,-0.00103422376258,3.83782325868,67949,0.09310430495765173,-0.39645140161357983,0.00019552766181828553,-4.60354859838642,-0.3961687942949101,7.547911222111474e-05,-4.60383120570509,0.05441141515104164,-0.19801852076227397,3.772773073757385e-05,-4.8019814792377264,-0.1973964888706025,3.760919435779872e-05,-4.802603511129398,0.6093057191419163,-0.9901732195115034,0.00018865389647321722,-4.009826780488496,-0.38086750037858313,0.000187437406451531,-4.619132499621417,9.940549537127677e-05,0.00010247180399205677,3.641243137429359e-05,3.36470125314598e-05,0.00017006533954421038,7.913329403789754e-05,,,,,,,,,,,,,,,,,,,,,,,,,,,,,,,,,0.0018887163520266322,0.001888718878016496,2.525989863891992e-09,3.7250000000022386e-08,2.9250000000021785e-08,-40.0,-40.0,40.0,1.1020000000000001e-05,0.00098898,5.000000000010964e-10,,,,,,,,,,,,,,,,,,,,,,,,,,,,,,,,,,,,,
E14,1.0,7,100,1,DC,nomi,positive,SWI1,e14_s07_pos100_tap1_cpldc_ronnomi_positive,,,,,,,,,,,,,,,,,,,0.00190007565529,-0.00190000001,0.00103561928616,-0.00103546824985,0.0010368650194,-0.00103422376258,3.83782762622,67926,0.0931846922155413,-0.00019538494854094953,0.3964513633593208,-4.603548636640679,7.547891031989286e-05,0.3963197523174886,-4.603680247682512,0.05440160992912538,3.77276298205438e-05,0.19809396795480905,-4.801906032045191,3.760909375785337e-05,0.19747169916422488,-4.8025283008357755,0.6096825528882837,0.0001886533918473533,0.9905504866951073,-4.009449513304893,0.000187436905079776,0.38086793381580486,-4.6191320661841955,9.940551720838085e-05,0.00010247213367902026,3.6415969062962554e-05,3.364575428882644e-05,0.00017005648783934645,7.91304438280021e-05,,,,,,,,,,,,,,,,,,,,,,,,,,,,,,,,,0.0018887163520266322,0.001888713826036586,-2.5259900462547974e-09,3.7250000000022386e-08,2.9250000000021785e-08,40.0,40.0,40.0,1.1020000000000001e-05,0.00098898,5.000000000010964e-10,,,,,,,,,,,,,,,,,,,,,,,,,,,,,,,,,,,,,
E14,2.0,8,100,2,DC,nomi,negative,SWI1,e14_s08_pos100_tap2_cpldc_ronnomi_negative,,,,,,,,,,,,,,,,,,,0.00190007565888,-0.00190000001,0.00103558157739,-0.00103550595555,0.00103620514342,-0.00103488270187,3.7922904859,67953,0.0931502372183409,-0.3964820896886309,0.00022859754106203803,-4.6035179103113695,-0.396168794295311,7.547911220595743e-05,-4.603831205704689,0.02776926459658767,-0.09914885237078863,1.888976427637564e-05,-4.900851147629211,-0.09883734958495345,1.88304147149691e-05,-4.9011626504150465,0.23262394506914857,-0.4957843840459437,9.445645323824617e-05,-4.504215615954056,-0.37622520367590995,9.384737314319403e-05,-4.62377479632409,9.942620805118299e-05,0.0001023122544758278,1.8672917326618197e-05,1.735220169303676e-05,8.770287302582562e-05,5.797127679541712e-05,,,,,,,,,,,,,,,,,,,,,,,,,,,,,,,,,0.0009456547206941291,0.0009456559854483723,1.2647542431756809e-09,3.375000000002149e-08,2.6000000000021435e-08,-40,-40.0,40.0,1.1020000000000001e-05,0.00098898,5.000000000010964e-10,,,,,,,,,,,,,,,,,,,,,,,,,,,,,,,,,,,,,
E14,2.0,8,100,2,DC,nomi,positive,SWI1,e14_s08_pos100_tap2_cpldc_ronnomi_positive,,,,,,,,,,,,,,,,,,,0.00190007565888,-0.00190000001,0.00103558157739,-0.00103550595555,0.00103620514342,-0.00103488270187,3.79233017683,67928,0.09322206786072393,-0.00022864287116265458,0.39648212156182494,-4.603517878438175,7.547891030815326e-05,0.39631975231788924,-4.603680247682111,0.027768997754955144,1.8889713747574317e-05,0.09918662980122174,-4.900813370198779,1.8830364344931e-05,0.09887500834203623,-4.901124991657964,0.23260591402659575,9.445620057385449e-05,0.4959732865583871,-4.504026713441613,9.384712210812332e-05,0.37623074460166717,-4.623769255398333,9.942675705040856e-05,0.00010231450846712002,1.867445483748719e-05,1.7353093516724988e-05,8.770774416070047e-05,5.796856142188403e-05,,,,,,,,,,,,,,,,,,,,,,,,,,,,,,,,,0.0009456547206941291,0.0009456534559398379,-1.264754291205837e-09,3.375000000002149e-08,2.6000000000021435e-08,40,40.0,40.0,1.1020000000000001e-05,0.00098898,5.000000000010964e-10,,,,,,,,,,,,,,,,,,,,,,,,,,,,,,,,,,,,,
E14,5.0,9,100,3,DC,nomi,negative,SWI1,e14_s09_pos100_tap3_cpldc_ronnomi_negative,,,,,,,,,,,,,,,,,,,0.00190007566149,-0.00190000001,0.00103555886222,-0.00103552866986,0.00103580778628,-0.00103527979559,1.98191562437,67974,0.09318585488996411,-0.39649201734900774,0.000229628348900503,-4.603507982650992,-0.39616879429444884,7.547911219567055e-05,-4.603831205705551,0.01144032705204364,-0.03958845479203878,7.541822712248614e-06,-4.960411545207961,-0.03946407145529848,7.518127134917523e-06,-4.960535928544702,0.09075747106702642,-0.1979582662041311,3.771216061396719e-05,-4.8020417337958685,-0.19668629662514214,3.74689826668453e-05,-4.803313703374858,9.942822591514434e-05,0.00010225314642784561,7.676697504202016e-06,7.1704331412297855e-06,3.623815796269768e-05,2.6753253388041485e-05,,,,,,,,,,,,,,,,,,,,,,,,,,,,,,,,,0.0003775568686539531,0.00037755737364646304,5.049925099398153e-10,2.7750000000021884e-08,2.000000000002183e-08,-40,-40.0,40.0,1.1020000000000001e-05,0.00098898,5.000000000010964e-10,,,,,,,,,,,,,,,,,,,,,,,,,,,,,,,,,,,,,
E14,5.0,9,100,3,DC,nomi,positive,SWI1,e14_s09_pos100_tap3_cpldc_ronnomi_positive,,,,,,,,,,,,,,,,,,,0.00190007566149,-0.00190000001,0.00103555886222,-0.00103552866986,0.00103580778628,-0.00103527979559,1.98267076748,67956,0.09322544871484321,-0.00022714105709500872,0.3964919648674836,-4.603508035132516,7.547891029882997e-05,0.39631975231697947,-4.6036802476830205,0.011440330666424366,7.541802537051449e-06,0.03960353809095758,-4.960396461909043,7.5181070231114965e-06,0.03947910736551026,-4.96052089263449,0.09075631923823274,3.7712059729841814e-05,0.19803368879954622,-4.801966311200454,3.7468882433277174e-05,0.19676123740454798,-4.803238762595452,9.942822311373804e-05,0.00010225315433236293,7.676919827957018e-06,7.170554402061067e-06,3.623884386233722e-05,2.6752928430241166e-05,,,,,,,,,,,,,,,,,,,,,,,,,,,,,,,,,0.0003775568686539531,0.00037755636366142316,-5.049925299433454e-10,2.7750000000021884e-08,2.000000000002183e-08,40,40.0,40.0,1.1020000000000001e-05,0.00098898,5.000000000010964e-10,,,,,,,,,,,,,,,,,,,,,,,,,,,,,,,,,,,,,
E14,10.0,10,100,4,DC,nomi,negative,SWI1,e14_s10_pos100_tap4_cpldc_ronnomi_negative,,,,,,,,,,,,,,,,,,,0.00190007566243,-0.00190000001,0.00103555130623,-0.00103553622573,0.00103567563275,-0.00103541191163,0.989951925419,67974,0.09319259790854742,-0.396493731664944,0.00022873782772947577,-4.603506268335056,-0.39616879429447044,7.547911219205637e-05,-4.6038312057055295,0.005770589406964314,-0.0197744577761079,3.7669943539305545e-06,-4.980225542223892,-0.01971232781975985,3.755158872055027e-06,-4.98028767218024,0.0454507945917576,-0.09888027499718965,1.8836493713464707e-05,-4.90111972500281,-0.0982433236187751,1.8715031039404384e-05,-4.901756676381225,9.943085470988998e-05,0.00010225551300079797,3.864841851590512e-06,3.619115046189733e-06,1.8287407743811428e-05,1.3691025628158123e-05,,,,,,,,,,,,,,,,,,,,,,,,,,,,,,,,,0.0001885823423190995,0.00018858259456299564,2.522438961535551e-10,2.4000000000022132e-08,1.600000000002153e-08,-40,-40.0,40.0,1.1020000000000001e-05,0.00098898,5.000000000010964e-10,,,,,,,,,,,,,,,,,,,,,,,,,,,,,,,,,,,,,
E14,10.0,10,100,4,DC,nomi,positive,SWI1,e14_s10_pos100_tap4_cpldc_ronnomi_positive,,,,,,,,,,,,,,,,,,,0.00190007566243,-0.00190000001,0.00103555130623,-0.00103553622573,0.00103567563275,-0.00103541191163,0.990329093373,67951,0.09323446088269834,-0.00022891438269680432,0.3964936797190054,-4.603506320280995,7.547891029535258e-05,0.39631975231699373,-4.603680247683006,0.005770721172361869,3.766984276413852e-06,0.01978199167335497,-4.980218008326645,3.75514882620222e-06,0.019719838046518338,-4.980280161953481,0.045451131424397447,1.8836443321815615e-05,0.09891794752851814,-4.901082052471482,1.8714980972708664e-05,0.09828075395528593,-4.901719246044714,9.94308510549492e-05,0.00010225551322976239,3.864887256976598e-06,3.6191279821578576e-06,1.8287476946778888e-05,1.3691088393897172e-05,,,,,,,,,,,,,,,,,,,,,,,,,,,,,,,,,0.0001885823423190995,0.00018858209007518076,-2.5224391873206534e-10,2.4000000000022132e-08,1.600000000002153e-08,40,40.0,40.0,1.1020000000000001e-05,0.00098898,5.000000000010964e-10,,,,,,,,,,,,,,,,,,,,,,,,,,,,,,,,,,,,,
E14,20.0,11,100,5,DC,nomi,negative,SWI1,e14_s11_pos100_tap5_cpldc_ronnomi_negative,,,,,,,,,,,,,,,,,,,0.00190007566292,-0.00190000001,0.00103554753622,-0.00103553999571,0.00103560970008,-0.00103547783495,0.494974633365,67970,0.09319620994859398,-0.3964941819282972,0.0002291386893379986,-4.603505818071703,-0.39616879429447777,7.547911219021701e-05,-4.603831205705522,0.002897217666038486,-0.009887251677116113,1.8835625593082741e-06,-4.9901127483228835,-0.009856186576251855,1.8776446129463847e-06,-4.990143813423749,0.022771930283452275,-0.049440251199705694,9.418573794863239e-06,-4.950559748800294,-0.04912152989619886,9.357840349648048e-06,-4.9508784701038016,9.943262474340903e-05,0.00010226077937988427,1.9379706633335386e-06,1.817274489899448e-06,9.184074852618164e-06,6.894120551560952e-06,,,,,,,,,,,,,,,,,,,,,,,,,,,,,,,,,9.429444431837252e-05,9.429457044058857e-05,1.26122216050897e-10,2.025000000002238e-08,1.2250000000021779e-08,-40,-40.0,40.0,1.1020000000000001e-05,0.00098898,5.000000000010964e-10,,,,,,,,,,,,,,,,,,,,,,,,,,,,,,,,,,,,,
E14,20.0,11,100,5,DC,nomi,positive,SWI1,e14_s11_pos100_tap5_cpldc_ronnomi_positive,,,,,,,,,,,,,,,,,,,0.00190007566292,-0.00190000001,0.00103554753622,-0.00103553999571,0.00103560970008,-0.00103547783495,0.495163222226,67947,0.09324001375868357,-0.000229050213317569,0.3964941267579418,-4.603505873242058,7.547891029354727e-05,0.3963197523169997,-4.603680247683,0.002897434651734908,1.8835575205390947e-06,0.009891018776866824,-4.990108981223133,1.8776395900091722e-06,0.009859941840228368,-4.9901400581597715,0.02277254700308799,9.418548598984349e-06,0.04945908822063292,-4.950540911779367,9.35781531624631e-06,0.049140245549239576,-4.95085975445076,9.943261951503315e-05,0.00010226077259936541,1.937974036745581e-06,1.817278318185025e-06,9.184034773558621e-06,6.894258580830757e-06,,,,,,,,,,,,,,,,,,,,,,,,,,,,,,,,,9.429444431837252e-05,9.429431819613901e-05,-1.2612223350655198e-10,2.025000000002238e-08,1.2250000000021779e-08,40,40.0,40.0,1.1020000000000001e-05,0.00098898,5.000000000010964e-10,,,,,,,,,,,,,,,,,,,,,,,,,,,,,,,,,,,,,
E15,0.005,0,1,0,DC,nomi,positive,fallback100,e15_s00_pos1_tap0_cpldc_ronfallback100_originnomi_positive_transitionautozero_skew0ns_order012,,,,,,,,,,,,,,,,,,,0.00191001173408,-0.00190000001002,0.00105567884283,-0.00101569519697,0.00142844638582,-0.000729228631927,0.499998332676,90227,0.0015605379994892143,0.009634543585172994,0.010117227628219339,-4.9898827723717805,0.008079608323946332,0.011277673278975602,-4.988722326721025,0.004665980860109815,3.845080739979278e-12,0.01001649764300521,-4.989983502356995,3.8329988251960205e-12,0.009958871352885921,-4.990041128647114,0.028953767595753466,1.922695793718233e-11,0.04996186340333838,-4.950038136596661,1.9102978143442137e-11,0.04962008462625091,-4.950379915373749,2.736701487596306e-07,2.4840208449743617e-05,6.638638771744275e-06,2.889678842218195e-06,1.4812952227690793e-05,8.69051328573167e-06,,,,,,,,,,,,0.010011877018376506,,,,,,,,,,,,,,,,,,,,,,,,,,,,,,,,autozero,0ns,012,0>6>0,1.924917534045821e-10,5.202809533860528e-08,1.0544950147614281e-19,False,False,False,0.4999983230039029,5.254743408755847e-08,3.6698200034379624e-11,5.254743408755847e-08,3.6698200034379624e-11,1.9999932920978452,False,,,,,,,,,,,,,,,,,,,,
E15,0.005,0,1,0,DC,nomi,positive,fallback100,e15_s00_pos1_tap0_cpldc_ronfallback100_originnomi_positive_transitionautozero_skew10ns_order012,,,,,,,,,,,,,,,,,,,0.00191001173408,-0.00190000001002,0.00105567884283,-0.00101569519697,0.00142844638582,-0.000729228631927,0.499998332676,90265,0.0015605709066112607,0.009634547260501992,0.010117190517965422,-4.989882809482035,0.008079682712259477,0.011276934689288207,-4.988723065310712,0.0046664936280569865,3.845080736300228e-12,0.010016483665605543,-4.989983516334394,3.8329988251960205e-12,0.00995884430017383,-4.990041155699826,0.028956919555615405,1.9226957937182282e-11,0.04996241685962778,-4.9500375831403725,1.9102978143867434e-11,0.04962008462625091,-4.950379915373749,2.7365666010596984e-07,2.7038833919559553e-05,6.640375202946452e-06,2.888869366339596e-06,1.4814881316872204e-05,8.69048743500159e-06,,,,,,,,,,,,0.010011877018376506,,,,,,,,,,,,,,,,,,,,,,,,,,,,,,,,autozero,10ns,012,0>2>6>4>0,1.924917534082611e-10,7.207838477062386e-08,1.0793983210781027e-19,False,False,False,0.49999832300390273,7.247366864207843e-08,3.664424319538284e-11,7.247366864207843e-08,3.664424319538284e-11,1.9999932920978447,False,,,,,,,,,,,,,,,,,,,,
E15,0.005,0,1,0,DC,nomi,positive,fallback100,e15_s00_pos1_tap0_cpldc_ronfallback100_originnomi_positive_transitionautozero_skew10ns_order021,,,,,,,,,,,,,,,,,,,0.00191001173408,-0.00190000001002,0.00105567884283,-0.00101569519697,0.00142844638582,-0.000729228631927,0.499998332676,90265,0.0015605709066112607,0.009634547260501992,0.010117190517965422,-4.989882809482035,0.008079682712259477,0.011276934689288207,-4.988723065310712,0.0046664936280569865,3.845080736300228e-12,0.010016483665605543,-4.989983516334394,3.8329988251960205e-12,0.00995884430017383,-4.990041155699826,0.028956919555615405,1.9226957937182282e-11,0.04996241685962778,-4.9500375831403725,1.9102978143867434e-11,0.04962008462625091,-4.950379915373749,2.7365666010596984e-07,2.7038833919559553e-05,6.640375202946452e-06,2.888869366339596e-06,1.4814881316872204e-05,8.69048743500159e-06,,,,,,,,,,,,0.010011877018376506,,,,,,,,,,,,,,,,,,,,,,,,,,,,,,,,autozero,10ns,021,0>4>6>2>0,1.924917534082611e-10,7.207838477062386e-08,1.0793983210781027e-19,False,False,False,0.49999832300390273,7.247366864207843e-08,3.664424319538284e-11,7.247366864207843e-08,3.664424319538284e-11,1.9999932920978447,False,,,,,,,,,,,,,,,,,,,,
E15,0.005,0,1,0,DC,nomi,positive,fallback100,e15_s00_pos1_tap0_cpldc_ronfallback100_originnomi_positive_transitionautozero_skew10ns_order102,,,,,,,,,,,,,,,,,,,0.00191001173408,-0.00190000001002,0.00105567884283,-0.00101569519697,0.00142844638582,-0.000729228631927,0.499998332676,90265,0.0015605709045651995,0.009634547260852932,0.010117190516815056,-4.989882809483185,0.008079682714722727,0.011276934670602453,-4.988723065329397,0.004666493632635702,3.84508073984463e-12,0.010016483665690837,-4.989983516334309,3.8329988251960205e-12,0.00995884430032029,-4.9900411556996795,0.028956919583685313,1.922695793718255e-11,0.049962416857995996,-4.950037583142004,1.9102978143867437e-11,0.04962008462625091,-4.950379915373749,2.736566597545181e-07,2.703883388565368e-05,6.640375194473073e-06,2.888869344066692e-06,1.4814881336427684e-05,8.690487422855e-06,,,,,,,,,,,,0.010011877018376506,,,,,,,,,,,,,,,,,,,,,,,,,,,,,,,,autozero,10ns,102,0>2>6>4>0,1.924917534040534e-10,7.207842400622844e-08,1.034443122737377e-19,False,False,False,0.4999983230039027,7.247366892946315e-08,3.664379910617299e-11,7.247366892946315e-08,3.664379910617299e-11,1.9999932920978452,False,,,,,,,,,,,,,,,,,,,,
E15,0.005,0,1,0,DC,nomi,positive,fallback100,e15_s00_pos1_tap0_cpldc_ronfallback100_originnomi_positive_transitionautozero_skew10ns_order120,,,,,,,,,,,,,,,,,,,0.00191001173408,-0.00190000001002,0.00105567884283,-0.00101569519697,0.00142844638582,-0.000729228631927,0.499998332676,90265,0.001560570906624868,0.009634547260501182,0.010117190517955545,-4.989882809482045,0.008079682712272444,0.011276934689108668,-4.988723065310891,0.004666493628163499,3.845080736301039e-12,0.010016483665606616,-4.9899835163343935,3.8329988251960205e-12,0.009958844300175301,-4.990041155699824,0.02895691955627789,1.9226957937182608e-11,0.0499624168596103,-4.950037583140389,1.9102978143867434e-11,0.04962008462625091,-4.950379915373749,2.736566601046534e-07,2.7038833919332196e-05,6.640375202944978e-06,2.888869366145992e-06,1.4814881317262622e-05,8.690487434988302e-06,,,,,,,,,,,,0.010011877018376506,,,,,,,,,,,,,,,,,,,,,,,,,,,,,,,,autozero,10ns,120,0>2>6>4>0,1.9249175341229424e-10,6.207838477062396e-08,6.344278842886241e-20,False,False,False,0.4999983230039028,6.247366864509904e-08,3.667244286020832e-11,6.247366864509904e-08,3.667244286020832e-11,1.9999932920978452,False,,,,,,,,,,,,,,,,,,,,
E15,0.005,0,1,0,DC,nomi,positive,fallback100,e15_s00_pos1_tap0_cpldc_ronfallback100_originnomi_positive_transitionautozero_skew10ns_order201,,,,,,,,,,,,,,,,,,,0.00191001173408,-0.00190000001002,0.00105567884283,-0.00101569519697,0.00142844638582,-0.000729228631927,0.499998332676,90265,0.0015605709045651995,0.009634547260852932,0.010117190516815056,-4.989882809483185,0.008079682714722727,0.011276934670602453,-4.988723065329397,0.004666493632635702,3.84508073984463e-12,0.010016483665690837,-4.989983516334309,3.8329988251960205e-12,0.00995884430032029,-4.9900411556996795,0.028956919583685313,1.922695793718255e-11,0.049962416857995996,-4.950037583142004,1.9102978143867437e-11,0.04962008462625091,-4.950379915373749,2.736566597545181e-07,2.703883388565368e-05,6.640375194473073e-06,2.888869344066692e-06,1.4814881336427684e-05,8.690487422855e-06,,,,,,,,,,,,0.010011877018376506,,,,,,,,,,,,,,,,,,,,,,,,,,,,,,,,autozero,10ns,201,0>4>6>2>0,1.924917534040534e-10,7.207842400622844e-08,1.034443122737377e-19,False,False,False,0.4999983230039027,7.247366892946315e-08,3.664379910617299e-11,7.247366892946315e-08,3.664379910617299e-11,1.9999932920978452,False,,,,,,,,,,,,,,,,,,,,
E15,0.005,0,1,0,DC,nomi,positive,fallback100,e15_s00_pos1_tap0_cpldc_ronfallback100_originnomi_positive_transitionautozero_skew10ns_order210,,,,,,,,,,,,,,,,,,,0.00191001173408,-0.00190000001002,0.00105567884283,-0.00101569519697,0.00142844638582,-0.000729228631927,0.499998332676,90265,0.001560570906624868,0.009634547260501182,0.010117190517955545,-4.989882809482045,0.008079682712272444,0.011276934689108668,-4.988723065310891,0.004666493628163499,3.845080736301039e-12,0.010016483665606616,-4.9899835163343935,3.8329988251960205e-12,0.009958844300175301,-4.990041155699824,0.02895691955627789,1.9226957937182608e-11,0.0499624168596103,-4.950037583140389,1.9102978143867434e-11,0.04962008462625091,-4.950379915373749,2.736566601046534e-07,2.7038833919332196e-05,6.640375202944978e-06,2.888869366145992e-06,1.4814881317262622e-05,8.690487434988302e-06,,,,,,,,,,,,0.010011877018376506,,,,,,,,,,,,,,,,,,,,,,,,,,,,,,,,autozero,10ns,210,0>4>6>2>0,1.9249175341229424e-10,6.207838477062396e-08,6.344278842886241e-20,False,False,False,0.4999983230039028,6.247366864509904e-08,3.667244286020832e-11,6.247366864509904e-08,3.667244286020832e-11,1.9999932920978452,False,,,,,,,,,,,,,,,,,,,,
E15,0.005,0,1,0,DC,slow,positive,fallback100,e15_s00_pos1_tap0_cpldc_ronfallback100_originslow_positive_transitionautozero_skew0ns_order012,,,,,,,,,,,,,,,,,,,0.00191001173408,-0.00190000001002,0.00105567884283,-0.00101569519697,0.00142844638582,-0.000729228631927,0.499998332676,90227,0.0015605379994892143,0.009634543585172994,0.010117227628219339,-4.9898827723717805,0.008079608323946332,0.011277673278975602,-4.988722326721025,0.004665980860109815,3.845080739979278e-12,0.01001649764300521,-4.989983502356995,3.8329988251960205e-12,0.009958871352885921,-4.990041128647114,0.028953767595753466,1.922695793718233e-11,0.04996186340333838,-4.950038136596661,1.9102978143442137e-11,0.04962008462625091,-4.950379915373749,2.736701487596306e-07,2.4840208449743617e-05,6.638638771744275e-06,2.889678842218195e-06,1.4812952227690793e-05,8.69051328573167e-06,,,,,,,,,,,,0.010011877018376506,,,,,,,,,,,,,,,,,,,,,,,,,,,,,,,,autozero,0ns,012,0>6>0,1.924917534045821e-10,5.202809533860528e-08,1.0544950147614281e-19,False,False,False,0.4999983230039029,5.254743408755847e-08,3.6698200034379624e-11,5.254743408755847e-08,3.6698200034379624e-11,1.9999932920978452,False,,,,,,,,,,,,,,,,,,,,
E15,0.005,0,1,0,DC,slow,positive,fallback100,e15_s00_pos1_tap0_cpldc_ronfallback100_originslow_positive_transitionautozero_skew10ns_order012,,,,,,,,,,,,,,,,,,,0.00191001173408,-0.00190000001002,0.00105567884283,-0.00101569519697,0.00142844638582,-0.000729228631927,0.499998332676,90265,0.0015605709066112607,0.009634547260501992,0.010117190517965422,-4.989882809482035,0.008079682712259477,0.011276934689288207,-4.988723065310712,0.0046664936280569865,3.845080736300228e-12,0.010016483665605543,-4.989983516334394,3.8329988251960205e-12,0.00995884430017383,-4.990041155699826,0.028956919555615405,1.9226957937182282e-11,0.04996241685962778,-4.9500375831403725,1.9102978143867434e-11,0.04962008462625091,-4.950379915373749,2.7365666010596984e-07,2.7038833919559553e-05,6.640375202946452e-06,2.888869366339596e-06,1.4814881316872204e-05,8.69048743500159e-06,,,,,,,,,,,,0.010011877018376506,,,,,,,,,,,,,,,,,,,,,,,,,,,,,,,,autozero,10ns,012,0>2>6>4>0,1.924917534082611e-10,7.207838477062386e-08,1.0793983210781027e-19,False,False,False,0.49999832300390273,7.247366864207843e-08,3.664424319538284e-11,7.247366864207843e-08,3.664424319538284e-11,1.9999932920978447,False,,,,,,,,,,,,,,,,,,,,
E15,0.005,0,1,0,DC,slow,positive,fallback100,e15_s00_pos1_tap0_cpldc_ronfallback100_originslow_positive_transitionautozero_skew10ns_order021,,,,,,,,,,,,,,,,,,,0.00191001173408,-0.00190000001002,0.00105567884283,-0.00101569519697,0.00142844638582,-0.000729228631927,0.499998332676,90265,0.0015605709066112607,0.009634547260501992,0.010117190517965422,-4.989882809482035,0.008079682712259477,0.011276934689288207,-4.988723065310712,0.0046664936280569865,3.845080736300228e-12,0.010016483665605543,-4.989983516334394,3.8329988251960205e-12,0.00995884430017383,-4.990041155699826,0.028956919555615405,1.9226957937182282e-11,0.04996241685962778,-4.9500375831403725,1.9102978143867434e-11,0.04962008462625091,-4.950379915373749,2.7365666010596984e-07,2.7038833919559553e-05,6.640375202946452e-06,2.888869366339596e-06,1.4814881316872204e-05,8.69048743500159e-06,,,,,,,,,,,,0.010011877018376506,,,,,,,,,,,,,,,,,,,,,,,,,,,,,,,,autozero,10ns,021,0>4>6>2>0,1.924917534082611e-10,7.207838477062386e-08,1.0793983210781027e-19,False,False,False,0.49999832300390273,7.247366864207843e-08,3.664424319538284e-11,7.247366864207843e-08,3.664424319538284e-11,1.9999932920978447,False,,,,,,,,,,,,,,,,,,,,
E15,0.005,0,1,0,DC,slow,positive,fallback100,e15_s00_pos1_tap0_cpldc_ronfallback100_originslow_positive_transitionautozero_skew10ns_order102,,,,,,,,,,,,,,,,,,,0.00191001173408,-0.00190000001002,0.00105567884283,-0.00101569519697,0.00142844638582,-0.000729228631927,0.499998332676,90265,0.0015605709045651995,0.009634547260852932,0.010117190516815056,-4.989882809483185,0.008079682714722727,0.011276934670602453,-4.988723065329397,0.004666493632635702,3.84508073984463e-12,0.010016483665690837,-4.989983516334309,3.8329988251960205e-12,0.00995884430032029,-4.9900411556996795,0.028956919583685313,1.922695793718255e-11,0.049962416857995996,-4.950037583142004,1.9102978143867437e-11,0.04962008462625091,-4.950379915373749,2.736566597545181e-07,2.703883388565368e-05,6.640375194473073e-06,2.888869344066692e-06,1.4814881336427684e-05,8.690487422855e-06,,,,,,,,,,,,0.010011877018376506,,,,,,,,,,,,,,,,,,,,,,,,,,,,,,,,autozero,10ns,102,0>2>6>4>0,1.924917534040534e-10,7.207842400622844e-08,1.034443122737377e-19,False,False,False,0.4999983230039027,7.247366892946315e-08,3.664379910617299e-11,7.247366892946315e-08,3.664379910617299e-11,1.9999932920978452,False,,,,,,,,,,,,,,,,,,,,
E15,0.005,0,1,0,DC,slow,positive,fallback100,e15_s00_pos1_tap0_cpldc_ronfallback100_originslow_positive_transitionautozero_skew10ns_order120,,,,,,,,,,,,,,,,,,,0.00191001173408,-0.00190000001002,0.00105567884283,-0.00101569519697,0.00142844638582,-0.000729228631927,0.499998332676,90265,0.001560570906624868,0.009634547260501182,0.010117190517955545,-4.989882809482045,0.008079682712272444,0.011276934689108668,-4.988723065310891,0.004666493628163499,3.845080736301039e-12,0.010016483665606616,-4.9899835163343935,3.8329988251960205e-12,0.009958844300175301,-4.990041155699824,0.02895691955627789,1.9226957937182608e-11,0.0499624168596103,-4.950037583140389,1.9102978143867434e-11,0.04962008462625091,-4.950379915373749,2.736566601046534e-07,2.7038833919332196e-05,6.640375202944978e-06,2.888869366145992e-06,1.4814881317262622e-05,8.690487434988302e-06,,,,,,,,,,,,0.010011877018376506,,,,,,,,,,,,,,,,,,,,,,,,,,,,,,,,autozero,10ns,120,0>2>6>4>0,1.9249175341229424e-10,6.207838477062396e-08,6.344278842886241e-20,False,False,False,0.4999983230039028,6.247366864509904e-08,3.667244286020832e-11,6.247366864509904e-08,3.667244286020832e-11,1.9999932920978452,False,,,,,,,,,,,,,,,,,,,,
E15,0.005,0,1,0,DC,slow,positive,fallback100,e15_s00_pos1_tap0_cpldc_ronfallback100_originslow_positive_transitionautozero_skew10ns_order201,,,,,,,,,,,,,,,,,,,0.00191001173408,-0.00190000001002,0.00105567884283,-0.00101569519697,0.00142844638582,-0.000729228631927,0.499998332676,90265,0.0015605709045651995,0.009634547260852932,0.010117190516815056,-4.989882809483185,0.008079682714722727,0.011276934670602453,-4.988723065329397,0.004666493632635702,3.84508073984463e-12,0.010016483665690837,-4.989983516334309,3.8329988251960205e-12,0.00995884430032029,-4.9900411556996795,0.028956919583685313,1.922695793718255e-11,0.049962416857995996,-4.950037583142004,1.9102978143867437e-11,0.04962008462625091,-4.950379915373749,2.736566597545181e-07,2.703883388565368e-05,6.640375194473073e-06,2.888869344066692e-06,1.4814881336427684e-05,8.690487422855e-06,,,,,,,,,,,,0.010011877018376506,,,,,,,,,,,,,,,,,,,,,,,,,,,,,,,,autozero,10ns,201,0>4>6>2>0,1.924917534040534e-10,7.207842400622844e-08,1.034443122737377e-19,False,False,False,0.4999983230039027,7.247366892946315e-08,3.664379910617299e-11,7.247366892946315e-08,3.664379910617299e-11,1.9999932920978452,False,,,,,,,,,,,,,,,,,,,,
E15,0.005,0,1,0,DC,slow,positive,fallback100,e15_s00_pos1_tap0_cpldc_ronfallback100_originslow_positive_transitionautozero_skew10ns_order210,,,,,,,,,,,,,,,,,,,0.00191001173408,-0.00190000001002,0.00105567884283,-0.00101569519697,0.00142844638582,-0.000729228631927,0.499998332676,90265,0.001560570906624868,0.009634547260501182,0.010117190517955545,-4.989882809482045,0.008079682712272444,0.011276934689108668,-4.988723065310891,0.004666493628163499,3.845080736301039e-12,0.010016483665606616,-4.9899835163343935,3.8329988251960205e-12,0.009958844300175301,-4.990041155699824,0.02895691955627789,1.9226957937182608e-11,0.0499624168596103,-4.950037583140389,1.9102978143867434e-11,0.04962008462625091,-4.950379915373749,2.736566601046534e-07,2.7038833919332196e-05,6.640375202944978e-06,2.888869366145992e-06,1.4814881317262622e-05,8.690487434988302e-06,,,,,,,,,,,,0.010011877018376506,,,,,,,,,,,,,,,,,,,,,,,,,,,,,,,,autozero,10ns,210,0>4>6>2>0,1.9249175341229424e-10,6.207838477062396e-08,6.344278842886241e-20,False,False,False,0.4999983230039028,6.247366864509904e-08,3.667244286020832e-11,6.247366864509904e-08,3.667244286020832e-11,1.9999932920978452,False,,,,,,,,,,,,,,,,,,,,
E15,0.005,0,1,5,DC,nomi,positive,fallback100,e15_s00_pos1_tap5_cpldc_ronfallback100_originnomi_positive_transition5to0_skew0ns_order012,,,,,,,,,,,,,,,,,,,0.00191001073586,-0.00190000001002,0.0010360427973,-0.00103504491307,0.00104429633034,-0.00102684576818,0.499998323209,60132,0.0015200029562896008,0.009641574610480605,0.010113085228782267,-4.989886914771218,0.008126946231400567,0.011246477848648944,-4.9887535221513515,0.0045552048097343605,0.00024924750593017093,0.010015941098792109,-4.989984058901208,0.00024846695212717954,0.009958912238485782,-4.990041087761514,0.02825554867864835,0.0012463486890556654,0.04996288995776821,-4.950037110042231,0.0012383362471188653,0.04962008376180055,-4.9503799162382,2.667767511751336e-07,2.4191178253264375e-05,6.4524354522260025e-06,2.8161851003479327e-06,1.4458539164710265e-05,8.4763181537122e-06,,,,,,,,,,,,0.010011877018376506,,,,,,,,,,,,,,,,,,,,,,,,,,,,,,,,5to0,0ns,012,5>0,0.49999832319818976,5.2163579114106586e-08,1.980838079881919e-06,False,False,False,,,,5.2163579114106586e-08,1.980838079881919e-06,1.999993292834558,False,,,,,,,,,,,,,,,,,,,,
E15,0.005,0,1,5,DC,nomi,positive,fallback100,e15_s00_pos1_tap5_cpldc_ronfallback100_originnomi_positive_transition5to0_skew10ns_order012,,,,,,,,,,,,,,,,,,,0.00191001073586,-0.00190000001002,0.0010360427973,-0.00103504491307,0.00104429633034,-0.00102684576818,0.499998323209,60153,0.0015200395140861044,0.009641473198179708,0.010113421826105392,-4.989886578173895,0.008127811609060225,0.011252819155352894,-4.988747180844647,0.004550201646243418,0.0002492309027388453,0.010015946336292292,-4.989984053663708,0.000248450401054627,0.009958891679231436,-4.990041108320769,0.028226639466250196,0.0012462656602014862,0.04996303716514612,-4.9500369628348535,0.0012382544583885663,0.04962008376179901,-4.950379916238201,2.6677276275695736e-07,2.630732776173284e-05,6.4743664652317855e-06,2.822403992442686e-06,1.4439821965359785e-05,8.47687928590749e-06,,,,,,,,,,,,0.010011877018376506,,,,,,,,,,,,,,,,,,,,,,,,,,,,,,,,5to0,10ns,012,5>4>0,0.49999832319818954,7.241183217846399e-08,5.280574213679945e-06,False,False,False,,,,7.241183217846399e-08,5.280574213679945e-06,1.9999932928344961,False,,,,,,,,,,,,,,,,,,,,
E15,0.005,0,1,5,DC,nomi,positive,fallback100,e15_s00_pos1_tap5_cpldc_ronfallback100_originnomi_positive_transition5to0_skew10ns_order021,,,,,,,,,,,,,,,,,,,0.00191001073586,-0.00190000001002,0.0010360427973,-0.00103504491307,0.00104429633034,-0.00102684576818,0.499998323209,60153,0.0015200381711420671,0.009641473427781317,0.010113421688684383,-4.9898865783113155,0.008127813205010458,0.011252817966218529,-4.988747182033782,0.004550198448464066,0.0002492391351802642,0.010015946332487213,-4.989984053667513,0.00024845860771466674,0.00995889169317168,-4.990041108306828,0.02822661910194382,0.0012463068260801559,0.049963037114365415,-4.950036962885634,0.0012382952851943466,0.04962008376179977,-4.9503799162382,2.667725344626667e-07,2.6307303629847546e-05,6.474360981748901e-06,2.8224013904845507e-06,1.4439812137904592e-05,8.476872278758873e-06,,,,,,,,,,,,0.010011877018376506,,,,,,,,,,,,,,,,,,,,,,,,,,,,,,,,5to0,10ns,021,5>4>0,0.49999832319818965,6.241184629268928e-08,3.6346552226285134e-06,False,False,False,,,,6.241184629268928e-08,3.6346552226285134e-06,1.999993292834527,False,,,,,,,,,,,,,,,,,,,,
E15,0.005,0,1,5,DC,nomi,positive,fallback100,e15_s00_pos1_tap5_cpldc_ronfallback100_originnomi_positive_transition5to0_skew10ns_order102,,,,,,,,,,,,,,,,,,,0.00191001073586,-0.00190000001002,0.0010360427973,-0.00103504491307,0.00104429633034,-0.00102684576818,0.499998323209,60153,0.00152003817113097,0.009641473427779195,0.010113421688676379,-4.9898865783113235,0.008127813204959759,0.01125281796628889,-4.988747182033711,0.004550198448220731,0.00024923913518026293,0.01001594633248226,-4.989984053667518,0.0002484586077146662,0.009958891693167701,-4.990041108306833,0.028226619100660943,0.0012463068260801528,0.049963037114377475,-4.950036962885623,0.0012382952851943383,0.04962008376179898,-4.950379916238201,2.6677253446952045e-07,2.6307303623418227e-05,6.474360981754527e-06,2.8224013905816262e-06,1.443981213698746e-05,8.47687227872549e-06,,,,,,,,,,,,0.010011877018376506,,,,,,,,,,,,,,,,,,,,,,,,,,,,,,,,5to0,10ns,102,5>4>0,0.49999832319818965,7.24118462887742e-08,3.634655222906069e-06,False,False,False,,,,7.24118462887742e-08,3.634655222906069e-06,1.9999932928344952,False,,,,,,,,,,,,,,,,,,,,
E15,0.005,0,1,5,DC,nomi,positive,fallback100,e15_s00_pos1_tap5_cpldc_ronfallback100_originnomi_positive_transition5to0_skew10ns_order120,,,,,,,,,,,,,,,,,,,0.00191001073586,-0.00190000001002,0.0010360427973,-0.00103504491307,0.00104429633034,-0.00102684576818,0.499998323209,60153,0.00152003817113097,0.009641473427779195,0.010113421688676379,-4.9898865783113235,0.008127813204959759,0.01125281796628889,-4.988747182033711,0.004550198448220731,0.00024923913518026293,0.01001594633248226,-4.989984053667518,0.0002484586077146662,0.009958891693167701,-4.990041108306833,0.028226619100660943,0.0012463068260801528,0.049963037114377475,-4.950036962885623,0.0012382952851943383,0.04962008376179898,-4.950379916238201,2.6677253446952045e-07,2.6307303623418227e-05,6.474360981754527e-06,2.8224013905816262e-06,1.443981213698746e-05,8.47687227872549e-06,,,,,,,,,,,,0.010011877018376506,,,,,,,,,,,,,,,,,,,,,,,,,,,,,,,,5to0,10ns,120,5>1>0,0.49999832319818965,7.24118462887742e-08,3.634655222906069e-06,False,False,False,,,,7.24118462887742e-08,3.634655222906069e-06,1.9999932928344952,False,,,,,,,,,,,,,,,,,,,,
E15,0.005,0,1,5,DC,nomi,positive,fallback100,e15_s00_pos1_tap5_cpldc_ronfallback100_originnomi_positive_transition5to0_skew10ns_order201,,,,,,,,,,,,,,,,,,,0.00191001073586,-0.00190000001002,0.0010360427973,-0.00103504491307,0.00104429633034,-0.00102684576818,0.499998323209,60153,0.0015200381711420671,0.009641473427781317,0.010113421688684383,-4.9898865783113155,0.008127813205010458,0.011252817966218529,-4.988747182033782,0.004550198448464066,0.0002492391351802642,0.010015946332487213,-4.989984053667513,0.00024845860771466674,0.00995889169317168,-4.990041108306828,0.02822661910194382,0.0012463068260801559,0.049963037114365415,-4.950036962885634,0.0012382952851943466,0.04962008376179977,-4.9503799162382,2.667725344626667e-07,2.6307303629847546e-05,6.474360981748901e-06,2.8224013904845507e-06,1.4439812137904592e-05,8.476872278758873e-06,,,,,,,,,,,,0.010011877018376506,,,,,,,,,,,,,,,,,,,,,,,,,,,,,,,,5to0,10ns,201,5>1>0,0.49999832319818965,6.241184629268928e-08,3.6346552226285134e-06,False,False,False,,,,6.241184629268928e-08,3.6346552226285134e-06,1.999993292834527,False,,,,,,,,,,,,,,,,,,,,
E15,0.005,0,1,5,DC,nomi,positive,fallback100,e15_s00_pos1_tap5_cpldc_ronfallback100_originnomi_positive_transition5to0_skew10ns_order210,,,,,,,,,,,,,,,,,,,0.00191001073586,-0.00190000001002,0.0010360427973,-0.00103504491307,0.00104429633034,-0.00102684576818,0.499998323209,60153,0.0015200395140861044,0.009641473198179708,0.010113421826105392,-4.989886578173895,0.008127811609060225,0.011252819155352894,-4.988747180844647,0.004550201646243418,0.0002492309027388453,0.010015946336292292,-4.989984053663708,0.000248450401054627,0.009958891679231436,-4.990041108320769,0.028226639466250196,0.0012462656602014862,0.04996303716514612,-4.9500369628348535,0.0012382544583885663,0.04962008376179901,-4.950379916238201,2.6677276275695736e-07,2.630732776173284e-05,6.4743664652317855e-06,2.822403992442686e-06,1.4439821965359785e-05,8.47687928590749e-06,,,,,,,,,,,,0.010011877018376506,,,,,,,,,,,,,,,,,,,,,,,,,,,,,,,,5to0,10ns,210,5>1>0,0.49999832319818954,7.241183217846399e-08,5.280574213679945e-06,False,False,False,,,,7.241183217846399e-08,5.280574213679945e-06,1.9999932928344961,False,,,,,,,,,,,,,,,,,,,,
E15,0.005,0,1,5,DC,slow,positive,fallback100,e15_s00_pos1_tap5_cpldc_ronfallback100_originslow_positive_transition5to0_skew0ns_order012,,,,,,,,,,,,,,,,,,,0.00191001073586,-0.00190000001002,0.0010360427973,-0.00103504491307,0.00104429633034,-0.00102684576818,0.499998323209,60132,0.0015200029562896008,0.009641574610480605,0.010113085228782267,-4.989886914771218,0.008126946231400567,0.011246477848648944,-4.9887535221513515,0.0045552048097343605,0.00024924750593017093,0.010015941098792109,-4.989984058901208,0.00024846695212717954,0.009958912238485782,-4.990041087761514,0.02825554867864835,0.0012463486890556654,0.04996288995776821,-4.950037110042231,0.0012383362471188653,0.04962008376180055,-4.9503799162382,2.667767511751336e-07,2.4191178253264375e-05,6.4524354522260025e-06,2.8161851003479327e-06,1.4458539164710265e-05,8.4763181537122e-06,,,,,,,,,,,,0.010011877018376506,,,,,,,,,,,,,,,,,,,,,,,,,,,,,,,,5to0,0ns,012,5>0,0.49999832319818976,5.2163579114106586e-08,1.980838079881919e-06,False,False,False,,,,5.2163579114106586e-08,1.980838079881919e-06,1.999993292834558,False,,,,,,,,,,,,,,,,,,,,
E15,0.005,0,1,5,DC,slow,positive,fallback100,e15_s00_pos1_tap5_cpldc_ronfallback100_originslow_positive_transition5to0_skew10ns_order012,,,,,,,,,,,,,,,,,,,0.00191001073586,-0.00190000001002,0.0010360427973,-0.00103504491307,0.00104429633034,-0.00102684576818,0.499998323209,60153,0.0015200395140861044,0.009641473198179708,0.010113421826105392,-4.989886578173895,0.008127811609060225,0.011252819155352894,-4.988747180844647,0.004550201646243418,0.0002492309027388453,0.010015946336292292,-4.989984053663708,0.000248450401054627,0.009958891679231436,-4.990041108320769,0.028226639466250196,0.0012462656602014862,0.04996303716514612,-4.9500369628348535,0.0012382544583885663,0.04962008376179901,-4.950379916238201,2.6677276275695736e-07,2.630732776173284e-05,6.4743664652317855e-06,2.822403992442686e-06,1.4439821965359785e-05,8.47687928590749e-06,,,,,,,,,,,,0.010011877018376506,,,,,,,,,,,,,,,,,,,,,,,,,,,,,,,,5to0,10ns,012,5>4>0,0.49999832319818954,7.241183217846399e-08,5.280574213679945e-06,False,False,False,,,,7.241183217846399e-08,5.280574213679945e-06,1.9999932928344961,False,,,,,,,,,,,,,,,,,,,,
E15,0.005,0,1,5,DC,slow,positive,fallback100,e15_s00_pos1_tap5_cpldc_ronfallback100_originslow_positive_transition5to0_skew10ns_order021,,,,,,,,,,,,,,,,,,,0.00191001073586,-0.00190000001002,0.0010360427973,-0.00103504491307,0.00104429633034,-0.00102684576818,0.499998323209,60153,0.0015200381711420671,0.009641473427781317,0.010113421688684383,-4.9898865783113155,0.008127813205010458,0.011252817966218529,-4.988747182033782,0.004550198448464066,0.0002492391351802642,0.010015946332487213,-4.989984053667513,0.00024845860771466674,0.00995889169317168,-4.990041108306828,0.02822661910194382,0.0012463068260801559,0.049963037114365415,-4.950036962885634,0.0012382952851943466,0.04962008376179977,-4.9503799162382,2.667725344626667e-07,2.6307303629847546e-05,6.474360981748901e-06,2.8224013904845507e-06,1.4439812137904592e-05,8.476872278758873e-06,,,,,,,,,,,,0.010011877018376506,,,,,,,,,,,,,,,,,,,,,,,,,,,,,,,,5to0,10ns,021,5>4>0,0.49999832319818965,6.241184629268928e-08,3.6346552226285134e-06,False,False,False,,,,6.241184629268928e-08,3.6346552226285134e-06,1.999993292834527,False,,,,,,,,,,,,,,,,,,,,
E15,0.005,0,1,5,DC,slow,positive,fallback100,e15_s00_pos1_tap5_cpldc_ronfallback100_originslow_positive_transition5to0_skew10ns_order102,,,,,,,,,,,,,,,,,,,0.00191001073586,-0.00190000001002,0.0010360427973,-0.00103504491307,0.00104429633034,-0.00102684576818,0.499998323209,60153,0.00152003817113097,0.009641473427779195,0.010113421688676379,-4.9898865783113235,0.008127813204959759,0.01125281796628889,-4.988747182033711,0.004550198448220731,0.00024923913518026293,0.01001594633248226,-4.989984053667518,0.0002484586077146662,0.009958891693167701,-4.990041108306833,0.028226619100660943,0.0012463068260801528,0.049963037114377475,-4.950036962885623,0.0012382952851943383,0.04962008376179898,-4.950379916238201,2.6677253446952045e-07,2.6307303623418227e-05,6.474360981754527e-06,2.8224013905816262e-06,1.443981213698746e-05,8.47687227872549e-06,,,,,,,,,,,,0.010011877018376506,,,,,,,,,,,,,,,,,,,,,,,,,,,,,,,,5to0,10ns,102,5>4>0,0.49999832319818965,7.24118462887742e-08,3.634655222906069e-06,False,False,False,,,,7.24118462887742e-08,3.634655222906069e-06,1.9999932928344952,False,,,,,,,,,,,,,,,,,,,,
E15,0.005,0,1,5,DC,slow,positive,fallback100,e15_s00_pos1_tap5_cpldc_ronfallback100_originslow_positive_transition5to0_skew10ns_order120,,,,,,,,,,,,,,,,,,,0.00191001073586,-0.00190000001002,0.0010360427973,-0.00103504491307,0.00104429633034,-0.00102684576818,0.499998323209,60153,0.00152003817113097,0.009641473427779195,0.010113421688676379,-4.9898865783113235,0.008127813204959759,0.01125281796628889,-4.988747182033711,0.004550198448220731,0.00024923913518026293,0.01001594633248226,-4.989984053667518,0.0002484586077146662,0.009958891693167701,-4.990041108306833,0.028226619100660943,0.0012463068260801528,0.049963037114377475,-4.950036962885623,0.0012382952851943383,0.04962008376179898,-4.950379916238201,2.6677253446952045e-07,2.6307303623418227e-05,6.474360981754527e-06,2.8224013905816262e-06,1.443981213698746e-05,8.47687227872549e-06,,,,,,,,,,,,0.010011877018376506,,,,,,,,,,,,,,,,,,,,,,,,,,,,,,,,5to0,10ns,120,5>1>0,0.49999832319818965,7.24118462887742e-08,3.634655222906069e-06,False,False,False,,,,7.24118462887742e-08,3.634655222906069e-06,1.9999932928344952,False,,,,,,,,,,,,,,,,,,,,
E15,0.005,0,1,5,DC,slow,positive,fallback100,e15_s00_pos1_tap5_cpldc_ronfallback100_originslow_positive_transition5to0_skew10ns_order201,,,,,,,,,,,,,,,,,,,0.00191001073586,-0.00190000001002,0.0010360427973,-0.00103504491307,0.00104429633034,-0.00102684576818,0.499998323209,60153,0.0015200381711420671,0.009641473427781317,0.010113421688684383,-4.9898865783113155,0.008127813205010458,0.011252817966218529,-4.988747182033782,0.004550198448464066,0.0002492391351802642,0.010015946332487213,-4.989984053667513,0.00024845860771466674,0.00995889169317168,-4.990041108306828,0.02822661910194382,0.0012463068260801559,0.049963037114365415,-4.950036962885634,0.0012382952851943466,0.04962008376179977,-4.9503799162382,2.667725344626667e-07,2.6307303629847546e-05,6.474360981748901e-06,2.8224013904845507e-06,1.4439812137904592e-05,8.476872278758873e-06,,,,,,,,,,,,0.010011877018376506,,,,,,,,,,,,,,,,,,,,,,,,,,,,,,,,5to0,10ns,201,5>1>0,0.49999832319818965,6.241184629268928e-08,3.6346552226285134e-06,False,False,False,,,,6.241184629268928e-08,3.6346552226285134e-06,1.999993292834527,False,,,,,,,,,,,,,,,,,,,,
E15,0.005,0,1,5,DC,slow,positive,fallback100,e15_s00_pos1_tap5_cpldc_ronfallback100_originslow_positive_transition5to0_skew10ns_order210,,,,,,,,,,,,,,,,,,,0.00191001073586,-0.00190000001002,0.0010360427973,-0.00103504491307,0.00104429633034,-0.00102684576818,0.499998323209,60153,0.0015200395140861044,0.009641473198179708,0.010113421826105392,-4.989886578173895,0.008127811609060225,0.011252819155352894,-4.988747180844647,0.004550201646243418,0.0002492309027388453,0.010015946336292292,-4.989984053663708,0.000248450401054627,0.009958891679231436,-4.990041108320769,0.028226639466250196,0.0012462656602014862,0.04996303716514612,-4.9500369628348535,0.0012382544583885663,0.04962008376179901,-4.950379916238201,2.6677276275695736e-07,2.630732776173284e-05,6.4743664652317855e-06,2.822403992442686e-06,1.4439821965359785e-05,8.47687928590749e-06,,,,,,,,,,,,0.010011877018376506,,,,,,,,,,,,,,,,,,,,,,,,,,,,,,,,5to0,10ns,210,5>1>0,0.49999832319818954,7.241183217846399e-08,5.280574213679945e-06,False,False,False,,,,7.241183217846399e-08,5.280574213679945e-06,1.9999932928344961,False,,,,,,,,,,,,,,,,,,,,
E15,0.01,1,1,0,DC,nomi,positive,fallback100,e15_s01_pos1_tap0_cpldc_ronfallback100_originnomi_positive_transition0to1_skew0ns_order012,,,,,,,,,,,,,,,,,,,0.00192002999864,-0.00190000001004,0.00107611375662,-0.000996120419829,0.00190262143334,-0.000503723266125,1.00032742598,60113,0.00032581159346414465,0.019872450198152362,0.0199459457281303,-4.98005405427187,0.019784927086543422,0.020270720432983166,-4.9797292795670165,0.002088602166597793,0.009987599228911813,0.019981705043891025,-4.980018294956109,0.009956219307793692,0.019918924860679685,-4.980081075139321,0.014237909056467712,0.04994203142688785,0.09991659892457011,-4.90008340107543,0.04962008166567742,0.09927299425240867,-4.900727005747592,3.8639039459725645e-08,1.2102817248272474e-06,6.5270101709076955e-06,1.3374167583537243e-06,6.826164091347782e-06,4.531723349062362e-06,,,,,,,,,,,,0.020106383926864528,,,,,,,,,,,,,,,,,,,,,,,,,,,,,,,,0to1,0ns,012,0>1,0.4999983020873289,7.325402043230557e-08,1.3609113835855169e-12,False,False,False,,,,7.325402043230557e-08,1.3609113835855169e-12,4.0013097037966325,False,,,,,,,,,,,,,,,,,,,,
E15,0.01,1,1,0,DC,nomi,positive,fallback100,e15_s01_pos1_tap0_cpldc_ronfallback100_originnomi_positive_transition0to1_skew10ns_order012,,,,,,,,,,,,,,,,,,,0.00192002999864,-0.00190000001004,0.00107611375662,-0.000996120419829,0.00190262143334,-0.000503723266125,1.00032742598,60113,0.00032581159346414465,0.019872450198152362,0.0199459457281303,-4.98005405427187,0.019784927086543422,0.020270720432983166,-4.9797292795670165,0.002088602166597793,0.009987599228911813,0.019981705043891025,-4.980018294956109,0.009956219307793692,0.019918924860679685,-4.980081075139321,0.014237909056467712,0.04994203142688785,0.09991659892457011,-4.90008340107543,0.04962008166567742,0.09927299425240867,-4.900727005747592,3.8639039459725645e-08,1.2102817248272474e-06,6.5270101709076955e-06,1.3374167583537243e-06,6.826164091347782e-06,4.531723349062362e-06,,,,,,,,,,,,0.020106383926864528,,,,,,,,,,,,,,,,,,,,,,,,,,,,,,,,0to1,10ns,012,0>1,0.4999983020873289,7.325402043230557e-08,1.3609113835855169e-12,False,False,False,,,,7.325402043230557e-08,1.3609113835855169e-12,4.0013097037966325,False,,,,,,,,,,,,,,,,,,,,
E15,0.01,1,1,0,DC,nomi,positive,fallback100,e15_s01_pos1_tap0_cpldc_ronfallback100_originnomi_positive_transition0to1_skew10ns_order021,,,,,,,,,,,,,,,,,,,0.00192002999864,-0.00190000001004,0.00107611375662,-0.000996120419829,0.00190262143334,-0.000503723266125,1.00032742598,60113,0.00032581159346414465,0.019872450198152362,0.0199459457281303,-4.98005405427187,0.019784927086543422,0.020270720432983166,-4.9797292795670165,0.002088602166597793,0.009987599228911813,0.019981705043891025,-4.980018294956109,0.009956219307793692,0.019918924860679685,-4.980081075139321,0.014237909056467712,0.04994203142688785,0.09991659892457011,-4.90008340107543,0.04962008166567742,0.09927299425240867,-4.900727005747592,3.8639039459725645e-08,1.2102817248272474e-06,6.5270101709076955e-06,1.3374167583537243e-06,6.826164091347782e-06,4.531723349062362e-06,,,,,,,,,,,,0.020106383926864528,,,,,,,,,,,,,,,,,,,,,,,,,,,,,,,,0to1,10ns,021,0>1,0.4999983020873289,7.325402043230557e-08,1.3609113835855169e-12,False,False,False,,,,7.325402043230557e-08,1.3609113835855169e-12,4.0013097037966325,False,,,,,,,,,,,,,,,,,,,,
E15,0.01,1,1,0,DC,nomi,positive,fallback100,e15_s01_pos1_tap0_cpldc_ronfallback100_originnomi_positive_transition0to1_skew10ns_order102,,,,,,,,,,,,,,,,,,,0.00192002999864,-0.00190000001004,0.00107611375662,-0.000996120419829,0.00190262143334,-0.000503723266125,1.00032742598,60113,0.0003258115934638185,0.019872450198151828,0.019945945728129987,-4.98005405427187,0.019784927086543617,0.020270720432980862,-4.979729279567019,0.002088602166597193,0.009987599228911829,0.019981705043891025,-4.980018294956109,0.009956219307793692,0.019918924860679685,-4.980081075139321,0.014237909056471751,0.04994203142688786,0.09991659892457011,-4.90008340107543,0.04962008166567742,0.09927299425240867,-4.900727005747592,3.8639039459723084e-08,1.2102817242812432e-06,6.527010170907499e-06,1.3374167583539532e-06,6.826164091350287e-06,4.53172334906438e-06,,,,,,,,,,,,0.020106383926864528,,,,,,,,,,,,,,,,,,,,,,,,,,,,,,,,0to1,10ns,102,0>1,0.4999983020873289,8.325402043216826e-08,1.3609113835855169e-12,False,False,False,,,,8.325402043216826e-08,1.3609113835855169e-12,4.001309703796632,False,,,,,,,,,,,,,,,,,,,,
E15,0.01,1,1,0,DC,nomi,positive,fallback100,e15_s01_pos1_tap0_cpldc_ronfallback100_originnomi_positive_transition0to1_skew10ns_order120,,,,,,,,,,,,,,,,,,,0.00192002999864,-0.00190000001004,0.00107611375662,-0.000996120419829,0.00190262143334,-0.000503723266125,1.00032742598,60113,0.0003258115934637873,0.01987245019815187,0.019945945728129612,-4.9800540542718705,0.019784927086544644,0.020270720432981316,-4.979729279567018,0.0020886021665980463,0.009987599228911822,0.019981705043891025,-4.980018294956109,0.009956219307793694,0.019918924860679685,-4.980081075139321,0.01423790905646638,0.04994203142688786,0.09991659892457011,-4.90008340107543,0.049620081665677426,0.09927299425240867,-4.900727005747592,3.863903945965895e-08,1.2102817252377263e-06,6.52701017090745e-06,1.3374167583534164e-06,6.826164091340012e-06,4.531723349061728e-06,,,,,,,,,,,,0.020106383926864528,,,,,,,,,,,,,,,,,,,,,,,,,,,,,,,,0to1,10ns,120,0>1,0.4999983020873289,9.325402043234435e-08,1.3606893389805919e-12,False,False,False,,,,9.325402043234435e-08,1.3606893389805919e-12,4.001309703796632,False,,,,,,,,,,,,,,,,,,,,
E15,0.01,1,1,0,DC,nomi,positive,fallback100,e15_s01_pos1_tap0_cpldc_ronfallback100_originnomi_positive_transition0to1_skew10ns_order201,,,,,,,,,,,,,,,,,,,0.00192002999864,-0.00190000001004,0.00107611375662,-0.000996120419829,0.00190262143334,-0.000503723266125,1.00032742598,60113,0.0003258115934638185,0.019872450198151828,0.019945945728129987,-4.98005405427187,0.019784927086543617,0.020270720432980862,-4.979729279567019,0.002088602166597193,0.009987599228911829,0.019981705043891025,-4.980018294956109,0.009956219307793692,0.019918924860679685,-4.980081075139321,0.014237909056471751,0.04994203142688786,0.09991659892457011,-4.90008340107543,0.04962008166567742,0.09927299425240867,-4.900727005747592,3.8639039459723084e-08,1.2102817242812432e-06,6.527010170907499e-06,1.3374167583539532e-06,6.826164091350287e-06,4.53172334906438e-06,,,,,,,,,,,,0.020106383926864528,,,,,,,,,,,,,,,,,,,,,,,,,,,,,,,,0to1,10ns,201,0>1,0.4999983020873289,8.325402043216826e-08,1.3609113835855169e-12,False,False,False,,,,8.325402043216826e-08,1.3609113835855169e-12,4.001309703796632,False,,,,,,,,,,,,,,,,,,,,
E15,0.01,1,1,0,DC,nomi,positive,fallback100,e15_s01_pos1_tap0_cpldc_ronfallback100_originnomi_positive_transition0to1_skew10ns_order210,,,,,,,,,,,,,,,,,,,0.00192002999864,-0.00190000001004,0.00107611375662,-0.000996120419829,0.00190262143334,-0.000503723266125,1.00032742598,60113,0.0003258115934637873,0.01987245019815187,0.019945945728129612,-4.9800540542718705,0.019784927086544644,0.020270720432981316,-4.979729279567018,0.0020886021665980463,0.009987599228911822,0.019981705043891025,-4.980018294956109,0.009956219307793694,0.019918924860679685,-4.980081075139321,0.01423790905646638,0.04994203142688786,0.09991659892457011,-4.90008340107543,0.049620081665677426,0.09927299425240867,-4.900727005747592,3.863903945965895e-08,1.2102817252377263e-06,6.52701017090745e-06,1.3374167583534164e-06,6.826164091340012e-06,4.531723349061728e-06,,,,,,,,,,,,0.020106383926864528,,,,,,,,,,,,,,,,,,,,,,,,,,,,,,,,0to1,10ns,210,0>1,0.4999983020873289,9.325402043234435e-08,1.3606893389805919e-12,False,False,False,,,,9.325402043234435e-08,1.3606893389805919e-12,4.001309703796632,False,,,,,,,,,,,,,,,,,,,,
E15,0.01,1,1,0,DC,slow,positive,fallback100,e15_s01_pos1_tap0_cpldc_ronfallback100_originslow_positive_transition0to1_skew0ns_order012,,,,,,,,,,,,,,,,,,,0.00192002999864,-0.00190000001004,0.00107611375662,-0.000996120419829,0.00190262143334,-0.000503723266125,1.00032742598,60113,0.00032581159346414465,0.019872450198152362,0.0199459457281303,-4.98005405427187,0.019784927086543422,0.020270720432983166,-4.9797292795670165,0.002088602166597793,0.009987599228911813,0.019981705043891025,-4.980018294956109,0.009956219307793692,0.019918924860679685,-4.980081075139321,0.014237909056467712,0.04994203142688785,0.09991659892457011,-4.90008340107543,0.04962008166567742,0.09927299425240867,-4.900727005747592,3.8639039459725645e-08,1.2102817248272474e-06,6.5270101709076955e-06,1.3374167583537243e-06,6.826164091347782e-06,4.531723349062362e-06,,,,,,,,,,,,0.020106383926864528,,,,,,,,,,,,,,,,,,,,,,,,,,,,,,,,0to1,0ns,012,0>1,0.4999983020873289,7.325402043230557e-08,1.3609113835855169e-12,False,False,False,,,,7.325402043230557e-08,1.3609113835855169e-12,4.0013097037966325,False,,,,,,,,,,,,,,,,,,,,
E15,0.01,1,1,0,DC,slow,positive,fallback100,e15_s01_pos1_tap0_cpldc_ronfallback100_originslow_positive_transition0to1_skew10ns_order012,,,,,,,,,,,,,,,,,,,0.00192002999864,-0.00190000001004,0.00107611375662,-0.000996120419829,0.00190262143334,-0.000503723266125,1.00032742598,60113,0.00032581159346414465,0.019872450198152362,0.0199459457281303,-4.98005405427187,0.019784927086543422,0.020270720432983166,-4.9797292795670165,0.002088602166597793,0.009987599228911813,0.019981705043891025,-4.980018294956109,0.009956219307793692,0.019918924860679685,-4.980081075139321,0.014237909056467712,0.04994203142688785,0.09991659892457011,-4.90008340107543,0.04962008166567742,0.09927299425240867,-4.900727005747592,3.8639039459725645e-08,1.2102817248272474e-06,6.5270101709076955e-06,1.3374167583537243e-06,6.826164091347782e-06,4.531723349062362e-06,,,,,,,,,,,,0.020106383926864528,,,,,,,,,,,,,,,,,,,,,,,,,,,,,,,,0to1,10ns,012,0>1,0.4999983020873289,7.325402043230557e-08,1.3609113835855169e-12,False,False,False,,,,7.325402043230557e-08,1.3609113835855169e-12,4.0013097037966325,False,,,,,,,,,,,,,,,,,,,,
E15,0.01,1,1,0,DC,slow,positive,fallback100,e15_s01_pos1_tap0_cpldc_ronfallback100_originslow_positive_transition0to1_skew10ns_order021,,,,,,,,,,,,,,,,,,,0.00192002999864,-0.00190000001004,0.00107611375662,-0.000996120419829,0.00190262143334,-0.000503723266125,1.00032742598,60113,0.00032581159346414465,0.019872450198152362,0.0199459457281303,-4.98005405427187,0.019784927086543422,0.020270720432983166,-4.9797292795670165,0.002088602166597793,0.009987599228911813,0.019981705043891025,-4.980018294956109,0.009956219307793692,0.019918924860679685,-4.980081075139321,0.014237909056467712,0.04994203142688785,0.09991659892457011,-4.90008340107543,0.04962008166567742,0.09927299425240867,-4.900727005747592,3.8639039459725645e-08,1.2102817248272474e-06,6.5270101709076955e-06,1.3374167583537243e-06,6.826164091347782e-06,4.531723349062362e-06,,,,,,,,,,,,0.020106383926864528,,,,,,,,,,,,,,,,,,,,,,,,,,,,,,,,0to1,10ns,021,0>1,0.4999983020873289,7.325402043230557e-08,1.3609113835855169e-12,False,False,False,,,,7.325402043230557e-08,1.3609113835855169e-12,4.0013097037966325,False,,,,,,,,,,,,,,,,,,,,
E15,0.01,1,1,0,DC,slow,positive,fallback100,e15_s01_pos1_tap0_cpldc_ronfallback100_originslow_positive_transition0to1_skew10ns_order102,,,,,,,,,,,,,,,,,,,0.00192002999864,-0.00190000001004,0.00107611375662,-0.000996120419829,0.00190262143334,-0.000503723266125,1.00032742598,60113,0.0003258115934638185,0.019872450198151828,0.019945945728129987,-4.98005405427187,0.019784927086543617,0.020270720432980862,-4.979729279567019,0.002088602166597193,0.009987599228911829,0.019981705043891025,-4.980018294956109,0.009956219307793692,0.019918924860679685,-4.980081075139321,0.014237909056471751,0.04994203142688786,0.09991659892457011,-4.90008340107543,0.04962008166567742,0.09927299425240867,-4.900727005747592,3.8639039459723084e-08,1.2102817242812432e-06,6.527010170907499e-06,1.3374167583539532e-06,6.826164091350287e-06,4.53172334906438e-06,,,,,,,,,,,,0.020106383926864528,,,,,,,,,,,,,,,,,,,,,,,,,,,,,,,,0to1,10ns,102,0>1,0.4999983020873289,8.325402043216826e-08,1.3609113835855169e-12,False,False,False,,,,8.325402043216826e-08,1.3609113835855169e-12,4.001309703796632,False,,,,,,,,,,,,,,,,,,,,
E15,0.01,1,1,0,DC,slow,positive,fallback100,e15_s01_pos1_tap0_cpldc_ronfallback100_originslow_positive_transition0to1_skew10ns_order120,,,,,,,,,,,,,,,,,,,0.00192002999864,-0.00190000001004,0.00107611375662,-0.000996120419829,0.00190262143334,-0.000503723266125,1.00032742598,60113,0.0003258115934637873,0.01987245019815187,0.019945945728129612,-4.9800540542718705,0.019784927086544644,0.020270720432981316,-4.979729279567018,0.0020886021665980463,0.009987599228911822,0.019981705043891025,-4.980018294956109,0.009956219307793694,0.019918924860679685,-4.980081075139321,0.01423790905646638,0.04994203142688786,0.09991659892457011,-4.90008340107543,0.049620081665677426,0.09927299425240867,-4.900727005747592,3.863903945965895e-08,1.2102817252377263e-06,6.52701017090745e-06,1.3374167583534164e-06,6.826164091340012e-06,4.531723349061728e-06,,,,,,,,,,,,0.020106383926864528,,,,,,,,,,,,,,,,,,,,,,,,,,,,,,,,0to1,10ns,120,0>1,0.4999983020873289,9.325402043234435e-08,1.3606893389805919e-12,False,False,False,,,,9.325402043234435e-08,1.3606893389805919e-12,4.001309703796632,False,,,,,,,,,,,,,,,,,,,,
E15,0.01,1,1,0,DC,slow,positive,fallback100,e15_s01_pos1_tap0_cpldc_ronfallback100_originslow_positive_transition0to1_skew10ns_order201,,,,,,,,,,,,,,,,,,,0.00192002999864,-0.00190000001004,0.00107611375662,-0.000996120419829,0.00190262143334,-0.000503723266125,1.00032742598,60113,0.0003258115934638185,0.019872450198151828,0.019945945728129987,-4.98005405427187,0.019784927086543617,0.020270720432980862,-4.979729279567019,0.002088602166597193,0.009987599228911829,0.019981705043891025,-4.980018294956109,0.009956219307793692,0.019918924860679685,-4.980081075139321,0.014237909056471751,0.04994203142688786,0.09991659892457011,-4.90008340107543,0.04962008166567742,0.09927299425240867,-4.900727005747592,3.8639039459723084e-08,1.2102817242812432e-06,6.527010170907499e-06,1.3374167583539532e-06,6.826164091350287e-06,4.53172334906438e-06,,,,,,,,,,,,0.020106383926864528,,,,,,,,,,,,,,,,,,,,,,,,,,,,,,,,0to1,10ns,201,0>1,0.4999983020873289,8.325402043216826e-08,1.3609113835855169e-12,False,False,False,,,,8.325402043216826e-08,1.3609113835855169e-12,4.001309703796632,False,,,,,,,,,,,,,,,,,,,,
E15,0.01,1,1,0,DC,slow,positive,fallback100,e15_s01_pos1_tap0_cpldc_ronfallback100_originslow_positive_transition0to1_skew10ns_order210,,,,,,,,,,,,,,,,,,,0.00192002999864,-0.00190000001004,0.00107611375662,-0.000996120419829,0.00190262143334,-0.000503723266125,1.00032742598,60113,0.0003258115934637873,0.01987245019815187,0.019945945728129612,-4.9800540542718705,0.019784927086544644,0.020270720432981316,-4.979729279567018,0.0020886021665980463,0.009987599228911822,0.019981705043891025,-4.980018294956109,0.009956219307793694,0.019918924860679685,-4.980081075139321,0.01423790905646638,0.04994203142688786,0.09991659892457011,-4.90008340107543,0.049620081665677426,0.09927299425240867,-4.900727005747592,3.863903945965895e-08,1.2102817252377263e-06,6.52701017090745e-06,1.3374167583534164e-06,6.826164091340012e-06,4.531723349061728e-06,,,,,,,,,,,,0.020106383926864528,,,,,,,,,,,,,,,,,,,,,,,,,,,,,,,,0to1,10ns,210,0>1,0.4999983020873289,9.325402043234435e-08,1.3606893389805919e-12,False,False,False,,,,9.325402043234435e-08,1.3606893389805919e-12,4.001309703796632,False,,,,,,,,,,,,,,,,,,,,
E15,0.02,2,1,1,DC,nomi,positive,fallback100,e15_s02_pos1_tap1_cpldc_ronfallback100_originnomi_positive_transition1to2_skew0ns_order012,,,,,,,,,,,,,,,,,,,0.00194000061603,-0.00190000001008,0.00107604237897,-0.000996187822906,0.00190085142018,-0.000504380238003,0.998593874452,60115,0.00018214313646859603,0.03981552202732552,0.03984776913901838,-4.960152230860982,0.039806558861306386,0.040029068346126885,-4.959970931653873,0.002423277064470323,0.009987600272295628,0.019947077513793744,-4.980052922486206,0.009956220347899303,0.019884406125767244,-4.980115593874233,0.01593267800871523,0.04994203664422845,0.0997434472803045,-4.9002565527196955,0.04962008684940301,0.09910095573192945,-4.900899044268071,1.6306246353793158e-08,3.308768628845944e-07,6.505627595128057e-06,1.5406321978737762e-06,7.884367499432782e-06,5.042785240389591e-06,,,,,,,,,,,,0.04023200122223768,,,,,,,,,,,,,,,,,,,,,,,,,,,,,,,,1to2,0ns,012,1>2,0.49999835432130846,6.784724640287352e-08,1.3882228699912957e-12,False,False,False,,,,6.784724640287352e-08,1.3882228699912957e-12,3.994375497704,False,,,,,,,,,,,,,,,,,,,,
E15,0.02,2,1,1,DC,nomi,positive,fallback100,e15_s02_pos1_tap1_cpldc_ronfallback100_originnomi_positive_transition1to2_skew10ns_order012,,,,,,,,,,,,,,,,,,,0.00194000061603,-0.00190000001008,0.00107604237897,-0.000996187822906,0.00190085142018,-0.000504380238003,0.998593874452,60137,0.00018214978860232184,0.03981552215338222,0.03984776867280525,-4.960152231327195,0.03980655855932022,0.04002908357956092,-4.959970916420439,0.0024231363258166716,0.009987600272295625,0.019947077513793744,-4.980052922486206,0.009956220347899305,0.019884406125767244,-4.980115593874233,0.015931644083136437,0.04994203664422846,0.0997434472803045,-4.9002565527196955,0.04962008684940301,0.09910095573192945,-4.900899044268071,1.6306186199615272e-08,3.3106039012422393e-07,6.570007597757745e-06,1.540549833227915e-06,7.884047276958762e-06,5.042464807954068e-06,,,,,,,,,,,,0.04023200122223768,,,,,,,,,,,,,,,,,,,,,,,,,,,,,,,,1to2,10ns,012,1>0>2,0.49999835432130846,7.786190766564054e-08,1.3882228699912957e-12,False,False,False,,,,7.786190766564054e-08,1.3882228699912957e-12,3.994375497704,False,,,,,,,,,,,,,,,,,,,,
E15,0.02,2,1,1,DC,nomi,positive,fallback100,e15_s02_pos1_tap1_cpldc_ronfallback100_originnomi_positive_transition1to2_skew10ns_order021,,,,,,,,,,,,,,,,,,,0.00194000061603,-0.00190000001008,0.00107604237897,-0.000996187822906,0.00190085142018,-0.000504380238003,0.998593874452,60137,0.00018214267932436384,0.03981552327669756,0.039847767653650924,-4.960152232346349,0.03980656515356733,0.040029075464617876,-4.959970924535382,0.002422973387853196,0.009987600272295618,0.019947077513793744,-4.980052922486206,0.009956220347899303,0.019884406125767244,-4.980115593874233,0.01593057012133517,0.049942036644228444,0.0997434472803045,-4.9002565527196955,0.04962008684940302,0.09910095573192945,-4.900899044268071,1.6305095568209742e-08,3.3103888798843156e-07,6.569568416889042e-06,1.5404472636692858e-06,7.883524891662316e-06,5.042131938929878e-06,,,,,,,,,,,,0.04023200122223768,,,,,,,,,,,,,,,,,,,,,,,,,,,,,,,,1to2,10ns,021,1>0>2,0.49999835432130846,8.786189666137973e-08,1.3875567361765206e-12,False,False,False,,,,8.786189666137973e-08,1.3875567361765206e-12,3.994375497704,False,,,,,,,,,,,,,,,,,,,,
E15,0.02,2,1,1,DC,nomi,positive,fallback100,e15_s02_pos1_tap1_cpldc_ronfallback100_originnomi_positive_transition1to2_skew10ns_order102,,,,,,,,,,,,,,,,,,,0.00194000061603,-0.00190000001008,0.00107604237897,-0.000996187822906,0.00190085142018,-0.000504380238003,0.998593874452,60137,0.00018214978860232184,0.03981552215338222,0.03984776867280525,-4.960152231327195,0.03980655855932022,0.04002908357956092,-4.959970916420439,0.0024231363258166716,0.009987600272295625,0.019947077513793744,-4.980052922486206,0.009956220347899305,0.019884406125767244,-4.980115593874233,0.015931644083136437,0.04994203664422846,0.0997434472803045,-4.9002565527196955,0.04962008684940301,0.09910095573192945,-4.900899044268071,1.6306186199615272e-08,3.3106039012422393e-07,6.570007597757745e-06,1.540549833227915e-06,7.884047276958762e-06,5.042464807954068e-06,,,,,,,,,,,,0.04023200122223768,,,,,,,,,,,,,,,,,,,,,,,,,,,,,,,,1to2,10ns,102,1>3>2,0.49999835432130846,7.786190766564054e-08,1.3882228699912957e-12,False,False,False,,,,7.786190766564054e-08,1.3882228699912957e-12,3.994375497704,False,,,,,,,,,,,,,,,,,,,,
E15,0.02,2,1,1,DC,nomi,positive,fallback100,e15_s02_pos1_tap1_cpldc_ronfallback100_originnomi_positive_transition1to2_skew10ns_order120,,,,,,,,,,,,,,,,,,,0.00194000061603,-0.00190000001008,0.00107604237897,-0.000996187822906,0.00190085142018,-0.000504380238003,0.998593874452,60137,0.00018214267932436384,0.03981552327669756,0.039847767653650924,-4.960152232346349,0.03980656515356733,0.040029075464617876,-4.959970924535382,0.002422973387853196,0.009987600272295618,0.019947077513793744,-4.980052922486206,0.009956220347899303,0.019884406125767244,-4.980115593874233,0.01593057012133517,0.049942036644228444,0.0997434472803045,-4.9002565527196955,0.04962008684940302,0.09910095573192945,-4.900899044268071,1.6305095568209742e-08,3.3103888798843156e-07,6.569568416889042e-06,1.5404472636692858e-06,7.883524891662316e-06,5.042131938929878e-06,,,,,,,,,,,,0.04023200122223768,,,,,,,,,,,,,,,,,,,,,,,,,,,,,,,,1to2,10ns,120,1>3>2,0.49999835432130846,8.786189666137973e-08,1.3875567361765206e-12,False,False,False,,,,8.786189666137973e-08,1.3875567361765206e-12,3.994375497704,False,,,,,,,,,,,,,,,,,,,,
E15,0.02,2,1,1,DC,nomi,positive,fallback100,e15_s02_pos1_tap1_cpldc_ronfallback100_originnomi_positive_transition1to2_skew10ns_order201,,,,,,,,,,,,,,,,,,,0.00194000061603,-0.00190000001008,0.00107604237897,-0.000996187822906,0.00190085142018,-0.000504380238003,0.998593874452,60137,0.00018214978860191938,0.039815522153381466,0.039847768672804706,-4.9601522313271955,0.039806558559319166,0.04002908357955968,-4.95997091642044,0.002423136325816592,0.009987600272295612,0.019947077513793744,-4.980052922486206,0.009956220347899298,0.019884406125767244,-4.980115593874233,0.015931644083136243,0.04994203664422841,0.0997434472803045,-4.9002565527196955,0.04962008684940302,0.09910095573192945,-4.900899044268071,1.6306186199736252e-08,3.3106038995205263e-07,6.570007597757858e-06,1.5405498332278664e-06,7.88404727695852e-06,5.04246480795401e-06,,,,,,,,,,,,0.04023200122223768,,,,,,,,,,,,,,,,,,,,,,,,,,,,,,,,1to2,10ns,201,1>0>2,0.49999835432130846,8.786190766564045e-08,1.3877787807814457e-12,False,False,False,,,,8.786190766564045e-08,1.3877787807814457e-12,3.994375497703997,False,,,,,,,,,,,,,,,,,,,,
E15,0.02,2,1,1,DC,nomi,positive,fallback100,e15_s02_pos1_tap1_cpldc_ronfallback100_originnomi_positive_transition1to2_skew10ns_order210,,,,,,,,,,,,,,,,,,,0.00194000061603,-0.00190000001008,0.00107604237897,-0.000996187822906,0.00190085142018,-0.000504380238003,0.998593874452,60137,0.00018214978860191938,0.039815522153381466,0.039847768672804706,-4.9601522313271955,0.039806558559319166,0.04002908357955968,-4.95997091642044,0.002423136325816592,0.009987600272295612,0.019947077513793744,-4.980052922486206,0.009956220347899298,0.019884406125767244,-4.980115593874233,0.015931644083136243,0.04994203664422841,0.0997434472803045,-4.9002565527196955,0.04962008684940302,0.09910095573192945,-4.900899044268071,1.6306186199736252e-08,3.3106038995205263e-07,6.570007597757858e-06,1.5405498332278664e-06,7.88404727695852e-06,5.04246480795401e-06,,,,,,,,,,,,0.04023200122223768,,,,,,,,,,,,,,,,,,,,,,,,,,,,,,,,1to2,10ns,210,1>3>2,0.49999835432130846,8.786190766564045e-08,1.3877787807814457e-12,False,False,False,,,,8.786190766564045e-08,1.3877787807814457e-12,3.994375497703997,False,,,,,,,,,,,,,,,,,,,,
E15,0.02,2,1,1,DC,slow,positive,fallback100,e15_s02_pos1_tap1_cpldc_ronfallback100_originslow_positive_transition1to2_skew0ns_order012,,,,,,,,,,,,,,,,,,,0.00194000061603,-0.00190000001008,0.00107604237897,-0.000996187822906,0.00190085142018,-0.000504380238003,0.998593874452,60115,0.00018214313646859603,0.03981552202732552,0.03984776913901838,-4.960152230860982,0.039806558861306386,0.040029068346126885,-4.959970931653873,0.002423277064470323,0.009987600272295628,0.019947077513793744,-4.980052922486206,0.009956220347899303,0.019884406125767244,-4.980115593874233,0.01593267800871523,0.04994203664422845,0.0997434472803045,-4.9002565527196955,0.04962008684940301,0.09910095573192945,-4.900899044268071,1.6306246353793158e-08,3.308768628845944e-07,6.505627595128057e-06,1.5406321978737762e-06,7.884367499432782e-06,5.042785240389591e-06,,,,,,,,,,,,0.04023200122223768,,,,,,,,,,,,,,,,,,,,,,,,,,,,,,,,1to2,0ns,012,1>2,0.49999835432130846,6.784724640287352e-08,1.3882228699912957e-12,False,False,False,,,,6.784724640287352e-08,1.3882228699912957e-12,3.994375497704,False,,,,,,,,,,,,,,,,,,,,
E15,0.02,2,1,1,DC,slow,positive,fallback100,e15_s02_pos1_tap1_cpldc_ronfallback100_originslow_positive_transition1to2_skew10ns_order012,,,,,,,,,,,,,,,,,,,0.00194000061603,-0.00190000001008,0.00107604237897,-0.000996187822906,0.00190085142018,-0.000504380238003,0.998593874452,60137,0.00018214978860232184,0.03981552215338222,0.03984776867280525,-4.960152231327195,0.03980655855932022,0.04002908357956092,-4.959970916420439,0.0024231363258166716,0.009987600272295625,0.019947077513793744,-4.980052922486206,0.009956220347899305,0.019884406125767244,-4.980115593874233,0.015931644083136437,0.04994203664422846,0.0997434472803045,-4.9002565527196955,0.04962008684940301,0.09910095573192945,-4.900899044268071,1.6306186199615272e-08,3.3106039012422393e-07,6.570007597757745e-06,1.540549833227915e-06,7.884047276958762e-06,5.042464807954068e-06,,,,,,,,,,,,0.04023200122223768,,,,,,,,,,,,,,,,,,,,,,,,,,,,,,,,1to2,10ns,012,1>0>2,0.49999835432130846,7.786190766564054e-08,1.3882228699912957e-12,False,False,False,,,,7.786190766564054e-08,1.3882228699912957e-12,3.994375497704,False,,,,,,,,,,,,,,,,,,,,
E15,0.02,2,1,1,DC,slow,positive,fallback100,e15_s02_pos1_tap1_cpldc_ronfallback100_originslow_positive_transition1to2_skew10ns_order021,,,,,,,,,,,,,,,,,,,0.00194000061603,-0.00190000001008,0.00107604237897,-0.000996187822906,0.00190085142018,-0.000504380238003,0.998593874452,60137,0.00018214267932436384,0.03981552327669756,0.039847767653650924,-4.960152232346349,0.03980656515356733,0.040029075464617876,-4.959970924535382,0.002422973387853196,0.009987600272295618,0.019947077513793744,-4.980052922486206,0.009956220347899303,0.019884406125767244,-4.980115593874233,0.01593057012133517,0.049942036644228444,0.0997434472803045,-4.9002565527196955,0.04962008684940302,0.09910095573192945,-4.900899044268071,1.6305095568209742e-08,3.3103888798843156e-07,6.569568416889042e-06,1.5404472636692858e-06,7.883524891662316e-06,5.042131938929878e-06,,,,,,,,,,,,0.04023200122223768,,,,,,,,,,,,,,,,,,,,,,,,,,,,,,,,1to2,10ns,021,1>0>2,0.49999835432130846,8.786189666137973e-08,1.3875567361765206e-12,False,False,False,,,,8.786189666137973e-08,1.3875567361765206e-12,3.994375497704,False,,,,,,,,,,,,,,,,,,,,
E15,0.02,2,1,1,DC,slow,positive,fallback100,e15_s02_pos1_tap1_cpldc_ronfallback100_originslow_positive_transition1to2_skew10ns_order102,,,,,,,,,,,,,,,,,,,0.00194000061603,-0.00190000001008,0.00107604237897,-0.000996187822906,0.00190085142018,-0.000504380238003,0.998593874452,60137,0.00018214978860232184,0.03981552215338222,0.03984776867280525,-4.960152231327195,0.03980655855932022,0.04002908357956092,-4.959970916420439,0.0024231363258166716,0.009987600272295625,0.019947077513793744,-4.980052922486206,0.009956220347899305,0.019884406125767244,-4.980115593874233,0.015931644083136437,0.04994203664422846,0.0997434472803045,-4.9002565527196955,0.04962008684940301,0.09910095573192945,-4.900899044268071,1.6306186199615272e-08,3.3106039012422393e-07,6.570007597757745e-06,1.540549833227915e-06,7.884047276958762e-06,5.042464807954068e-06,,,,,,,,,,,,0.04023200122223768,,,,,,,,,,,,,,,,,,,,,,,,,,,,,,,,1to2,10ns,102,1>3>2,0.49999835432130846,7.786190766564054e-08,1.3882228699912957e-12,False,False,False,,,,7.786190766564054e-08,1.3882228699912957e-12,3.994375497704,False,,,,,,,,,,,,,,,,,,,,
E15,0.02,2,1,1,DC,slow,positive,fallback100,e15_s02_pos1_tap1_cpldc_ronfallback100_originslow_positive_transition1to2_skew10ns_order120,,,,,,,,,,,,,,,,,,,0.00194000061603,-0.00190000001008,0.00107604237897,-0.000996187822906,0.00190085142018,-0.000504380238003,0.998593874452,60137,0.00018214267932436384,0.03981552327669756,0.039847767653650924,-4.960152232346349,0.03980656515356733,0.040029075464617876,-4.959970924535382,0.002422973387853196,0.009987600272295618,0.019947077513793744,-4.980052922486206,0.009956220347899303,0.019884406125767244,-4.980115593874233,0.01593057012133517,0.049942036644228444,0.0997434472803045,-4.9002565527196955,0.04962008684940302,0.09910095573192945,-4.900899044268071,1.6305095568209742e-08,3.3103888798843156e-07,6.569568416889042e-06,1.5404472636692858e-06,7.883524891662316e-06,5.042131938929878e-06,,,,,,,,,,,,0.04023200122223768,,,,,,,,,,,,,,,,,,,,,,,,,,,,,,,,1to2,10ns,120,1>3>2,0.49999835432130846,8.786189666137973e-08,1.3875567361765206e-12,False,False,False,,,,8.786189666137973e-08,1.3875567361765206e-12,3.994375497704,False,,,,,,,,,,,,,,,,,,,,
E15,0.02,2,1,1,DC,slow,positive,fallback100,e15_s02_pos1_tap1_cpldc_ronfallback100_originslow_positive_transition1to2_skew10ns_order201,,,,,,,,,,,,,,,,,,,0.00194000061603,-0.00190000001008,0.00107604237897,-0.000996187822906,0.00190085142018,-0.000504380238003,0.998593874452,60137,0.00018214978860191938,0.039815522153381466,0.039847768672804706,-4.9601522313271955,0.039806558559319166,0.04002908357955968,-4.95997091642044,0.002423136325816592,0.009987600272295612,0.019947077513793744,-4.980052922486206,0.009956220347899298,0.019884406125767244,-4.980115593874233,0.015931644083136243,0.04994203664422841,0.0997434472803045,-4.9002565527196955,0.04962008684940302,0.09910095573192945,-4.900899044268071,1.6306186199736252e-08,3.3106038995205263e-07,6.570007597757858e-06,1.5405498332278664e-06,7.88404727695852e-06,5.04246480795401e-06,,,,,,,,,,,,0.04023200122223768,,,,,,,,,,,,,,,,,,,,,,,,,,,,,,,,1to2,10ns,201,1>0>2,0.49999835432130846,8.786190766564045e-08,1.3877787807814457e-12,False,False,False,,,,8.786190766564045e-08,1.3877787807814457e-12,3.994375497703997,False,,,,,,,,,,,,,,,,,,,,
E15,0.02,2,1,1,DC,slow,positive,fallback100,e15_s02_pos1_tap1_cpldc_ronfallback100_originslow_positive_transition1to2_skew10ns_order210,,,,,,,,,,,,,,,,,,,0.00194000061603,-0.00190000001008,0.00107604237897,-0.000996187822906,0.00190085142018,-0.000504380238003,0.998593874452,60137,0.00018214978860191938,0.039815522153381466,0.039847768672804706,-4.9601522313271955,0.039806558559319166,0.04002908357955968,-4.95997091642044,0.002423136325816592,0.009987600272295612,0.019947077513793744,-4.980052922486206,0.009956220347899298,0.019884406125767244,-4.980115593874233,0.015931644083136243,0.04994203664422841,0.0997434472803045,-4.9002565527196955,0.04962008684940302,0.09910095573192945,-4.900899044268071,1.6306186199736252e-08,3.3106038995205263e-07,6.570007597757858e-06,1.5405498332278664e-06,7.88404727695852e-06,5.04246480795401e-06,,,,,,,,,,,,0.04023200122223768,,,,,,,,,,,,,,,,,,,,,,,,,,,,,,,,1to2,10ns,210,1>3>2,0.49999835432130846,8.786190766564045e-08,1.3877787807814457e-12,False,False,False,,,,8.786190766564045e-08,1.3877787807814457e-12,3.994375497703997,False,,,,,,,,,,,,,,,,,,,,
E15,0.2,5,1,0,DC,nomi,positive,fallback100,e15_s05_pos1_tap0_cpldc_ronfallback100_originnomi_positive_transition0to5_skew0ns_order012,,,,,,,,,,,,,,,,,,,0.00230115423713,-0.0019000000108,0.00205363559777,-0.000451551806136,0.00539063342251,-6.42870484821e-05,3.83934890665,60120,0.0006615783256589958,0.40001299800687473,0.4001983193414138,-4.599801680658587,0.39950604626408603,0.40085557228727436,-4.599144427712726,0.16295695459959042,0.009987600225431867,0.400186857986734,-4.599813142013266,0.009956220301182754,0.39893051871290486,-4.601069481287095,1.620082102549447,0.049942036409890596,2.001101009005358,-2.998898990994642,0.049620086616574584,0.3810189064559111,-4.618981093544089,1.017981789717246e-07,1.6455163272428852e-06,0.00025944684774055547,9.085546874373432e-05,0.0004633913672959973,4.7956319597121174e-05,,,,,,,,,,,,0.4041311056626607,,,,,,,,,,,,,,,,,,,,,,,,,,,,,,,,0to5,0ns,012,0>5,0.4999983519748744,7.10451524468295e-08,6.17284001691587e-14,False,False,True,,,,7.10451524468295e-08,6.17284001691587e-14,15.357395626599562,True,,,,,,,,,,,,,,,,,,,,
E15,0.2,5,1,0,DC,nomi,positive,fallback100,e15_s05_pos1_tap0_cpldc_ronfallback100_originnomi_positive_transition0to5_skew10ns_order012,,,,,,,,,,,,,,,,,,,0.00230115423713,-0.0019000000108,0.00205363559777,-0.000451551806136,0.00539063342251,-6.42870484821e-05,3.83934890665,60143,0.0006615475543274574,0.40001296509363726,0.4001983484130796,-4.599801651586921,0.3995061659091628,0.4008555867269729,-4.599144413273027,0.16294102926761245,0.00998760022543187,0.400186857986734,-4.599813142013266,0.009956220301182756,0.39893051871290486,-4.601069481287095,1.620082102549447,0.04994203640989061,2.001101009005358,-2.998898990994642,0.049620086616574584,0.3810189064559111,-4.618981093544089,1.018235381413444e-07,1.6452799044101851e-06,0.0002599946084284057,9.085173313985819e-05,0.0004633166932344706,4.795556428990979e-05,,,,,,,,,,,,0.4041311056626607,,,,,,,,,,,,,,,,,,,,,,,,,,,,,,,,0to5,10ns,012,0>1>5,0.4999983519748744,9.106045981732802e-08,6.150635556423367e-14,False,False,True,,,,9.106045981732802e-08,6.150635556423367e-14,15.357395626599562,True,,,,,,,,,,,,,,,,,,,,
E15,0.2,5,1,0,DC,nomi,positive,fallback100,e15_s05_pos1_tap0_cpldc_ronfallback100_originnomi_positive_transition0to5_skew10ns_order021,,,,,,,,,,,,,,,,,,,0.00230115423713,-0.0019000000108,0.00205363559777,-0.000451551806136,0.00539063342251,-6.42870484821e-05,3.83934890665,60143,0.0006615675273887178,0.4000129618727518,0.4001983510292133,-4.599801648970787,0.3995061421708867,0.40085560984136426,-4.599144390158636,0.16294692924137785,0.009987600225431869,0.400186857986734,-4.599813142013266,0.009956220301182758,0.39893051871290486,-4.601069481287095,1.620082102549447,0.04994203640989061,2.001101009005358,-2.998898990994642,0.0496200866165746,0.3810189064559111,-4.618981093544089,1.0182673022267544e-07,1.6453359712662041e-06,0.00026000343158838653,9.085426496592624e-05,0.0004633299185698662,4.7955636519564735e-05,,,,,,,,,,,,0.4041311056626607,,,,,,,,,,,,,,,,,,,,,,,,,,,,,,,,0to5,10ns,021,0>1>5,0.49999835197487447,8.106047481656045e-08,6.128431095930864e-14,False,False,True,,,,8.106047481656045e-08,6.128431095930864e-14,15.357395626599562,True,,,,,,,,,,,,,,,,,,,,
E15,0.2,5,1,0,DC,nomi,positive,fallback100,e15_s05_pos1_tap0_cpldc_ronfallback100_originnomi_positive_transition0to5_skew10ns_order102,,,,,,,,,,,,,,,,,,,0.00230115423713,-0.0019000000108,0.00205363559777,-0.000451551806136,0.00539063342251,-6.42870484821e-05,3.83934890665,60143,0.0006615675273810018,0.40001296187275204,0.4001983510292114,-4.5998016489707885,0.3995061421708903,0.4008556098413553,-4.599144390158645,0.16294692924137785,0.009987600225431862,0.400186857986734,-4.599813142013266,0.009956220301182756,0.39893051871290486,-4.601069481287095,1.620082102549447,0.0499420364098906,2.001101009005358,-2.998898990994642,0.049620086616574584,0.3810189064559111,-4.618981093544089,1.0182673022249814e-07,1.645335971273143e-06,0.00026000343158840084,9.085426496592624e-05,0.0004633299185698662,4.795563651956473e-05,,,,,,,,,,,,0.4041311056626607,,,,,,,,,,,,,,,,,,,,,,,,,,,,,,,,0to5,10ns,102,0>1>5,0.49999835197487447,9.106047481656035e-08,6.17284001691587e-14,False,False,True,,,,9.106047481656035e-08,6.17284001691587e-14,15.357395626599562,True,,,,,,,,,,,,,,,,,,,,
E15,0.2,5,1,0,DC,nomi,positive,fallback100,e15_s05_pos1_tap0_cpldc_ronfallback100_originnomi_positive_transition0to5_skew10ns_order120,,,,,,,,,,,,,,,,,,,0.00230115423713,-0.0019000000108,0.00205363559777,-0.000451551806136,0.00539063342251,-6.42870484821e-05,3.83934890665,60143,0.0006615675273810018,0.40001296187275204,0.4001983510292114,-4.5998016489707885,0.3995061421708903,0.4008556098413553,-4.599144390158645,0.16294692924137785,0.009987600225431862,0.400186857986734,-4.599813142013266,0.009956220301182756,0.39893051871290486,-4.601069481287095,1.620082102549447,0.0499420364098906,2.001101009005358,-2.998898990994642,0.049620086616574584,0.3810189064559111,-4.618981093544089,1.0182673022249814e-07,1.645335971273143e-06,0.00026000343158840084,9.085426496592624e-05,0.0004633299185698662,4.795563651956473e-05,,,,,,,,,,,,0.4041311056626607,,,,,,,,,,,,,,,,,,,,,,,,,,,,,,,,0to5,10ns,120,0>4>5,0.49999835197487447,9.106047481656035e-08,6.17284001691587e-14,False,False,True,,,,9.106047481656035e-08,6.17284001691587e-14,15.357395626599562,True,,,,,,,,,,,,,,,,,,,,
E15,0.2,5,1,0,DC,nomi,positive,fallback100,e15_s05_pos1_tap0_cpldc_ronfallback100_originnomi_positive_transition0to5_skew10ns_order201,,,,,,,,,,,,,,,,,,,0.00230115423713,-0.0019000000108,0.00205363559777,-0.000451551806136,0.00539063342251,-6.42870484821e-05,3.83934890665,60143,0.0006615675273887178,0.4000129618727518,0.4001983510292133,-4.599801648970787,0.3995061421708867,0.40085560984136426,-4.599144390158636,0.16294692924137785,0.009987600225431869,0.400186857986734,-4.599813142013266,0.009956220301182758,0.39893051871290486,-4.601069481287095,1.620082102549447,0.04994203640989061,2.001101009005358,-2.998898990994642,0.0496200866165746,0.3810189064559111,-4.618981093544089,1.0182673022267544e-07,1.6453359712662041e-06,0.00026000343158838653,9.085426496592624e-05,0.0004633299185698662,4.7955636519564735e-05,,,,,,,,,,,,0.4041311056626607,,,,,,,,,,,,,,,,,,,,,,,,,,,,,,,,0to5,10ns,201,0>4>5,0.49999835197487447,8.106047481656045e-08,6.128431095930864e-14,False,False,True,,,,8.106047481656045e-08,6.128431095930864e-14,15.357395626599562,True,,,,,,,,,,,,,,,,,,,,
E15,0.2,5,1,0,DC,nomi,positive,fallback100,e15_s05_pos1_tap0_cpldc_ronfallback100_originnomi_positive_transition0to5_skew10ns_order210,,,,,,,,,,,,,,,,,,,0.00230115423713,-0.0019000000108,0.00205363559777,-0.000451551806136,0.00539063342251,-6.42870484821e-05,3.83934890665,60143,0.0006615475543274574,0.40001296509363726,0.4001983484130796,-4.599801651586921,0.3995061659091628,0.4008555867269729,-4.599144413273027,0.16294102926761245,0.00998760022543187,0.400186857986734,-4.599813142013266,0.009956220301182756,0.39893051871290486,-4.601069481287095,1.620082102549447,0.04994203640989061,2.001101009005358,-2.998898990994642,0.049620086616574584,0.3810189064559111,-4.618981093544089,1.018235381413444e-07,1.6452799044101851e-06,0.0002599946084284057,9.085173313985819e-05,0.0004633166932344706,4.795556428990979e-05,,,,,,,,,,,,0.4041311056626607,,,,,,,,,,,,,,,,,,,,,,,,,,,,,,,,0to5,10ns,210,0>4>5,0.4999983519748744,9.106045981732802e-08,6.150635556423367e-14,False,False,True,,,,9.106045981732802e-08,6.150635556423367e-14,15.357395626599562,True,,,,,,,,,,,,,,,,,,,,
E15,0.2,5,1,0,DC,slow,positive,fallback100,e15_s05_pos1_tap0_cpldc_ronfallback100_originslow_positive_transition0to5_skew0ns_order012,,,,,,,,,,,,,,,,,,,0.00230115423713,-0.0019000000108,0.00205363559777,-0.000451551806136,0.00539063342251,-6.42870484821e-05,3.83934890665,60120,0.0006615783256589958,0.40001299800687473,0.4001983193414138,-4.599801680658587,0.39950604626408603,0.40085557228727436,-4.599144427712726,0.16295695459959042,0.009987600225431867,0.400186857986734,-4.599813142013266,0.009956220301182754,0.39893051871290486,-4.601069481287095,1.620082102549447,0.049942036409890596,2.001101009005358,-2.998898990994642,0.049620086616574584,0.3810189064559111,-4.618981093544089,1.017981789717246e-07,1.6455163272428852e-06,0.00025944684774055547,9.085546874373432e-05,0.0004633913672959973,4.7956319597121174e-05,,,,,,,,,,,,0.4041311056626607,,,,,,,,,,,,,,,,,,,,,,,,,,,,,,,,0to5,0ns,012,0>5,0.4999983519748744,7.10451524468295e-08,6.17284001691587e-14,False,False,True,,,,7.10451524468295e-08,6.17284001691587e-14,15.357395626599562,True,,,,,,,,,,,,,,,,,,,,
E15,0.2,5,1,0,DC,slow,positive,fallback100,e15_s05_pos1_tap0_cpldc_ronfallback100_originslow_positive_transition0to5_skew10ns_order012,,,,,,,,,,,,,,,,,,,0.00230115423713,-0.0019000000108,0.00205363559777,-0.000451551806136,0.00539063342251,-6.42870484821e-05,3.83934890665,60143,0.0006615475543274574,0.40001296509363726,0.4001983484130796,-4.599801651586921,0.3995061659091628,0.4008555867269729,-4.599144413273027,0.16294102926761245,0.00998760022543187,0.400186857986734,-4.599813142013266,0.009956220301182756,0.39893051871290486,-4.601069481287095,1.620082102549447,0.04994203640989061,2.001101009005358,-2.998898990994642,0.049620086616574584,0.3810189064559111,-4.618981093544089,1.018235381413444e-07,1.6452799044101851e-06,0.0002599946084284057,9.085173313985819e-05,0.0004633166932344706,4.795556428990979e-05,,,,,,,,,,,,0.4041311056626607,,,,,,,,,,,,,,,,,,,,,,,,,,,,,,,,0to5,10ns,012,0>1>5,0.4999983519748744,9.106045981732802e-08,6.150635556423367e-14,False,False,True,,,,9.106045981732802e-08,6.150635556423367e-14,15.357395626599562,True,,,,,,,,,,,,,,,,,,,,
E15,0.2,5,1,0,DC,slow,positive,fallback100,e15_s05_pos1_tap0_cpldc_ronfallback100_originslow_positive_transition0to5_skew10ns_order021,,,,,,,,,,,,,,,,,,,0.00230115423713,-0.0019000000108,0.00205363559777,-0.000451551806136,0.00539063342251,-6.42870484821e-05,3.83934890665,60143,0.0006615675273887178,0.4000129618727518,0.4001983510292133,-4.599801648970787,0.3995061421708867,0.40085560984136426,-4.599144390158636,0.16294692924137785,0.009987600225431869,0.400186857986734,-4.599813142013266,0.009956220301182758,0.39893051871290486,-4.601069481287095,1.620082102549447,0.04994203640989061,2.001101009005358,-2.998898990994642,0.0496200866165746,0.3810189064559111,-4.618981093544089,1.0182673022267544e-07,1.6453359712662041e-06,0.00026000343158838653,9.085426496592624e-05,0.0004633299185698662,4.7955636519564735e-05,,,,,,,,,,,,0.4041311056626607,,,,,,,,,,,,,,,,,,,,,,,,,,,,,,,,0to5,10ns,021,0>1>5,0.49999835197487447,8.106047481656045e-08,6.128431095930864e-14,False,False,True,,,,8.106047481656045e-08,6.128431095930864e-14,15.357395626599562,True,,,,,,,,,,,,,,,,,,,,
E15,0.2,5,1,0,DC,slow,positive,fallback100,e15_s05_pos1_tap0_cpldc_ronfallback100_originslow_positive_transition0to5_skew10ns_order102,,,,,,,,,,,,,,,,,,,0.00230115423713,-0.0019000000108,0.00205363559777,-0.000451551806136,0.00539063342251,-6.42870484821e-05,3.83934890665,60143,0.0006615675273810018,0.40001296187275204,0.4001983510292114,-4.5998016489707885,0.3995061421708903,0.4008556098413553,-4.599144390158645,0.16294692924137785,0.009987600225431862,0.400186857986734,-4.599813142013266,0.009956220301182756,0.39893051871290486,-4.601069481287095,1.620082102549447,0.0499420364098906,2.001101009005358,-2.998898990994642,0.049620086616574584,0.3810189064559111,-4.618981093544089,1.0182673022249814e-07,1.645335971273143e-06,0.00026000343158840084,9.085426496592624e-05,0.0004633299185698662,4.795563651956473e-05,,,,,,,,,,,,0.4041311056626607,,,,,,,,,,,,,,,,,,,,,,,,,,,,,,,,0to5,10ns,102,0>1>5,0.49999835197487447,9.106047481656035e-08,6.17284001691587e-14,False,False,True,,,,9.106047481656035e-08,6.17284001691587e-14,15.357395626599562,True,,,,,,,,,,,,,,,,,,,,
E15,0.2,5,1,0,DC,slow,positive,fallback100,e15_s05_pos1_tap0_cpldc_ronfallback100_originslow_positive_transition0to5_skew10ns_order120,,,,,,,,,,,,,,,,,,,0.00230115423713,-0.0019000000108,0.00205363559777,-0.000451551806136,0.00539063342251,-6.42870484821e-05,3.83934890665,60143,0.0006615675273810018,0.40001296187275204,0.4001983510292114,-4.5998016489707885,0.3995061421708903,0.4008556098413553,-4.599144390158645,0.16294692924137785,0.009987600225431862,0.400186857986734,-4.599813142013266,0.009956220301182756,0.39893051871290486,-4.601069481287095,1.620082102549447,0.0499420364098906,2.001101009005358,-2.998898990994642,0.049620086616574584,0.3810189064559111,-4.618981093544089,1.0182673022249814e-07,1.645335971273143e-06,0.00026000343158840084,9.085426496592624e-05,0.0004633299185698662,4.795563651956473e-05,,,,,,,,,,,,0.4041311056626607,,,,,,,,,,,,,,,,,,,,,,,,,,,,,,,,0to5,10ns,120,0>4>5,0.49999835197487447,9.106047481656035e-08,6.17284001691587e-14,False,False,True,,,,9.106047481656035e-08,6.17284001691587e-14,15.357395626599562,True,,,,,,,,,,,,,,,,,,,,
E15,0.2,5,1,0,DC,slow,positive,fallback100,e15_s05_pos1_tap0_cpldc_ronfallback100_originslow_positive_transition0to5_skew10ns_order201,,,,,,,,,,,,,,,,,,,0.00230115423713,-0.0019000000108,0.00205363559777,-0.000451551806136,0.00539063342251,-6.42870484821e-05,3.83934890665,60143,0.0006615675273887178,0.4000129618727518,0.4001983510292133,-4.599801648970787,0.3995061421708867,0.40085560984136426,-4.599144390158636,0.16294692924137785,0.009987600225431869,0.400186857986734,-4.599813142013266,0.009956220301182758,0.39893051871290486,-4.601069481287095,1.620082102549447,0.04994203640989061,2.001101009005358,-2.998898990994642,0.0496200866165746,0.3810189064559111,-4.618981093544089,1.0182673022267544e-07,1.6453359712662041e-06,0.00026000343158838653,9.085426496592624e-05,0.0004633299185698662,4.7955636519564735e-05,,,,,,,,,,,,0.4041311056626607,,,,,,,,,,,,,,,,,,,,,,,,,,,,,,,,0to5,10ns,201,0>4>5,0.49999835197487447,8.106047481656045e-08,6.128431095930864e-14,False,False,True,,,,8.106047481656045e-08,6.128431095930864e-14,15.357395626599562,True,,,,,,,,,,,,,,,,,,,,
E15,0.2,5,1,0,DC,slow,positive,fallback100,e15_s05_pos1_tap0_cpldc_ronfallback100_originslow_positive_transition0to5_skew10ns_order210,,,,,,,,,,,,,,,,,,,0.00230115423713,-0.0019000000108,0.00205363559777,-0.000451551806136,0.00539063342251,-6.42870484821e-05,3.83934890665,60143,0.0006615475543274574,0.40001296509363726,0.4001983484130796,-4.599801651586921,0.3995061659091628,0.4008555867269729,-4.599144413273027,0.16294102926761245,0.00998760022543187,0.400186857986734,-4.599813142013266,0.009956220301182756,0.39893051871290486,-4.601069481287095,1.620082102549447,0.04994203640989061,2.001101009005358,-2.998898990994642,0.049620086616574584,0.3810189064559111,-4.618981093544089,1.018235381413444e-07,1.6452799044101851e-06,0.0002599946084284057,9.085173313985819e-05,0.0004633166932344706,4.795556428990979e-05,,,,,,,,,,,,0.4041311056626607,,,,,,,,,,,,,,,,,,,,,,,,,,,,,,,,0to5,10ns,210,0>4>5,0.4999983519748744,9.106045981732802e-08,6.150635556423367e-14,False,False,True,,,,9.106045981732802e-08,6.150635556423367e-14,15.357395626599562,True,,,,,,,,,,,,,,,,,,,,
E15,0.2,5,1,4,DC,nomi,positive,fallback100,e15_s05_pos1_tap4_cpldc_ronfallback100_originnomi_positive_transition4to5_skew0ns_order012,,,,,,,,,,,,,,,,,,,0.00230111431482,-0.0019000000108,0.0010761002125,-0.000996133209247,0.00190228551261,-0.000503847863972,0.999999476516,60119,8.85266958065567e-05,0.40011468113235144,0.4001194471990235,-4.599880552800976,0.40017352655109323,0.40020783205373284,-4.599792167946267,0.004039591630003324,0.009987600228774533,0.01997515428420285,-4.980024845715797,0.009956220304514917,0.01991239468262416,-4.980087605317376,0.02422523345970609,0.049942036426605274,0.09988384247881596,-4.900116157521184,0.0496200866331821,0.09924044838404117,-4.900759551615959,2.6284578043129255e-09,4.1282520409080536e-08,6.5807994250016006e-06,2.52616886589633e-06,1.2998679541249551e-05,7.508889987851385e-06,,,,,,,,,,,,0.4041311056626607,,,,,,,,,,,,,,,,,,,,,,,,,,,,,,,,4to5,0ns,012,4>5,0.4999983521445223,5.3836389022022e-08,9.268807943385582e-12,False,False,False,,,,5.3836389022022e-08,9.268807943385582e-12,3.999997906065087,False,,,,,,,,,,,,,,,,,,,,
E15,0.2,5,1,4,DC,nomi,positive,fallback100,e15_s05_pos1_tap4_cpldc_ronfallback100_originnomi_positive_transition4to5_skew10ns_order012,,,,,,,,,,,,,,,,,,,0.00230111431482,-0.0019000000108,0.0010761002125,-0.000996133209247,0.00190228551261,-0.000503847863972,0.999999476516,60119,8.85266958065567e-05,0.40011468113235144,0.4001194471990235,-4.599880552800976,0.40017352655109323,0.40020783205373284,-4.599792167946267,0.004039591630003324,0.009987600228774533,0.01997515428420285,-4.980024845715797,0.009956220304514917,0.01991239468262416,-4.980087605317376,0.02422523345970609,0.049942036426605274,0.09988384247881596,-4.900116157521184,0.0496200866331821,0.09924044838404117,-4.900759551615959,2.6284578043129255e-09,4.1282520409080536e-08,6.5807994250016006e-06,2.52616886589633e-06,1.2998679541249551e-05,7.508889987851385e-06,,,,,,,,,,,,0.4041311056626607,,,,,,,,,,,,,,,,,,,,,,,,,,,,,,,,4to5,10ns,012,4>5,0.4999983521445223,5.3836389022022e-08,9.268807943385582e-12,False,False,False,,,,5.3836389022022e-08,9.268807943385582e-12,3.999997906065087,False,,,,,,,,,,,,,,,,,,,,
E15,0.2,5,1,4,DC,nomi,positive,fallback100,e15_s05_pos1_tap4_cpldc_ronfallback100_originnomi_positive_transition4to5_skew10ns_order021,,,,,,,,,,,,,,,,,,,0.00230111431482,-0.0019000000108,0.0010761002125,-0.000996133209247,0.00190228551261,-0.000503847863972,0.999999476516,60119,8.85266958065567e-05,0.40011468113235144,0.4001194471990235,-4.599880552800976,0.40017352655109323,0.40020783205373284,-4.599792167946267,0.004039591630003324,0.009987600228774533,0.01997515428420285,-4.980024845715797,0.009956220304514917,0.01991239468262416,-4.980087605317376,0.02422523345970609,0.049942036426605274,0.09988384247881596,-4.900116157521184,0.0496200866331821,0.09924044838404117,-4.900759551615959,2.6284578043129255e-09,4.1282520409080536e-08,6.5807994250016006e-06,2.52616886589633e-06,1.2998679541249551e-05,7.508889987851385e-06,,,,,,,,,,,,0.4041311056626607,,,,,,,,,,,,,,,,,,,,,,,,,,,,,,,,4to5,10ns,021,4>5,0.4999983521445223,5.3836389022022e-08,9.268807943385582e-12,False,False,False,,,,5.3836389022022e-08,9.268807943385582e-12,3.999997906065087,False,,,,,,,,,,,,,,,,,,,,
E15,0.2,5,1,4,DC,nomi,positive,fallback100,e15_s05_pos1_tap4_cpldc_ronfallback100_originnomi_positive_transition4to5_skew10ns_order102,,,,,,,,,,,,,,,,,,,0.00230111431482,-0.0019000000108,0.0010761002125,-0.000996133209247,0.00190228551261,-0.000503847863972,0.999999476516,60119,8.852669581066452e-05,0.4001146811323533,0.40011944719902764,-4.599880552800973,0.4001735265510929,0.40020783205374005,-4.59979216794626,0.004039591630003418,0.009987600228774566,0.01997515428420294,-4.980024845715797,0.009956220304514951,0.019912394682624214,-4.980087605317376,0.024225233459706216,0.04994203642660545,0.09988384247881624,-4.900116157521183,0.0496200866331823,0.0992404483840414,-4.900759551615959,2.6284578037959707e-09,4.1282520478469475e-08,6.580799425001516e-06,2.5261688658963884e-06,1.2998679541249812e-05,7.508889987851453e-06,,,,,,,,,,,,0.4041311056626607,,,,,,,,,,,,,,,,,,,,,,,,,,,,,,,,4to5,10ns,102,4>5,0.4999983521445223,6.38363890220236e-08,9.260592293003356e-12,False,False,False,,,,6.38363890220236e-08,9.260592293003356e-12,3.9999979060650963,False,,,,,,,,,,,,,,,,,,,,
E15,0.2,5,1,4,DC,nomi,positive,fallback100,e15_s05_pos1_tap4_cpldc_ronfallback100_originnomi_positive_transition4to5_skew10ns_order120,,,,,,,,,,,,,,,,,,,0.00230111431482,-0.0019000000108,0.0010761002125,-0.000996133209247,0.00190228551261,-0.000503847863972,0.999999476516,60119,8.85266958055575e-05,0.4001146811323541,0.4001194471990279,-4.599880552800972,0.400173526551097,0.400207832053735,-4.599792167946265,0.004039591630003359,0.0099876002287746,0.019975154284202958,-4.980024845715797,0.009956220304514983,0.01991239468262427,-4.980087605317376,0.024225233459706133,0.04994203642660561,0.0998838424788165,-4.900116157521183,0.049620086633182445,0.09924044838404168,-4.900759551615958,2.6284578043324337e-09,4.128252035703883e-08,6.58079942500163e-06,2.526168865896355e-06,1.2998679541249641e-05,7.508889987851409e-06,,,,,,,,,,,,0.4041311056626607,,,,,,,,,,,,,,,,,,,,,,,,,,,,,,,,4to5,10ns,120,4>5,0.4999983521445223,7.38363890220218e-08,9.254819133275305e-12,False,False,False,,,,7.38363890220218e-08,9.254819133275305e-12,3.9999979060651074,False,,,,,,,,,,,,,,,,,,,,
E15,0.2,5,1,4,DC,nomi,positive,fallback100,e15_s05_pos1_tap4_cpldc_ronfallback100_originnomi_positive_transition4to5_skew10ns_order201,,,,,,,,,,,,,,,,,,,0.00230111431482,-0.0019000000108,0.0010761002125,-0.000996133209247,0.00190228551261,-0.000503847863972,0.999999476516,60119,8.852669581066452e-05,0.4001146811323533,0.40011944719902764,-4.599880552800973,0.4001735265510929,0.40020783205374005,-4.59979216794626,0.004039591630003418,0.009987600228774566,0.01997515428420294,-4.980024845715797,0.009956220304514951,0.019912394682624214,-4.980087605317376,0.024225233459706216,0.04994203642660545,0.09988384247881624,-4.900116157521183,0.0496200866331823,0.0992404483840414,-4.900759551615959,2.6284578037959707e-09,4.1282520478469475e-08,6.580799425001516e-06,2.5261688658963884e-06,1.2998679541249812e-05,7.508889987851453e-06,,,,,,,,,,,,0.4041311056626607,,,,,,,,,,,,,,,,,,,,,,,,,,,,,,,,4to5,10ns,201,4>5,0.4999983521445223,6.38363890220236e-08,9.260592293003356e-12,False,False,False,,,,6.38363890220236e-08,9.260592293003356e-12,3.9999979060650963,False,,,,,,,,,,,,,,,,,,,,
E15,0.2,5,1,4,DC,nomi,positive,fallback100,e15_s05_pos1_tap4_cpldc_ronfallback100_originnomi_positive_transition4to5_skew10ns_order210,,,,,,,,,,,,,,,,,,,0.00230111431482,-0.0019000000108,0.0010761002125,-0.000996133209247,0.00190228551261,-0.000503847863972,0.999999476516,60119,8.85266958055575e-05,0.4001146811323541,0.4001194471990279,-4.599880552800972,0.400173526551097,0.400207832053735,-4.599792167946265,0.004039591630003359,0.0099876002287746,0.019975154284202958,-4.980024845715797,0.009956220304514983,0.01991239468262427,-4.980087605317376,0.024225233459706133,0.04994203642660561,0.0998838424788165,-4.900116157521183,0.049620086633182445,0.09924044838404168,-4.900759551615958,2.6284578043324337e-09,4.128252035703883e-08,6.58079942500163e-06,2.526168865896355e-06,1.2998679541249641e-05,7.508889987851409e-06,,,,,,,,,,,,0.4041311056626607,,,,,,,,,,,,,,,,,,,,,,,,,,,,,,,,4to5,10ns,210,4>5,0.4999983521445223,7.38363890220218e-08,9.254819133275305e-12,False,False,False,,,,7.38363890220218e-08,9.254819133275305e-12,3.9999979060651074,False,,,,,,,,,,,,,,,,,,,,
E15,0.2,5,1,4,DC,slow,positive,fallback100,e15_s05_pos1_tap4_cpldc_ronfallback100_originslow_positive_transition4to5_skew0ns_order012,,,,,,,,,,,,,,,,,,,0.00230111431482,-0.0019000000108,0.0010761002125,-0.000996133209247,0.00190228551261,-0.000503847863972,0.999999476516,60119,8.85266958065567e-05,0.40011468113235144,0.4001194471990235,-4.599880552800976,0.40017352655109323,0.40020783205373284,-4.599792167946267,0.004039591630003324,0.009987600228774533,0.01997515428420285,-4.980024845715797,0.009956220304514917,0.01991239468262416,-4.980087605317376,0.02422523345970609,0.049942036426605274,0.09988384247881596,-4.900116157521184,0.0496200866331821,0.09924044838404117,-4.900759551615959,2.6284578043129255e-09,4.1282520409080536e-08,6.5807994250016006e-06,2.52616886589633e-06,1.2998679541249551e-05,7.508889987851385e-06,,,,,,,,,,,,0.4041311056626607,,,,,,,,,,,,,,,,,,,,,,,,,,,,,,,,4to5,0ns,012,4>5,0.4999983521445223,5.3836389022022e-08,9.268807943385582e-12,False,False,False,,,,5.3836389022022e-08,9.268807943385582e-12,3.999997906065087,False,,,,,,,,,,,,,,,,,,,,
E15,0.2,5,1,4,DC,slow,positive,fallback100,e15_s05_pos1_tap4_cpldc_ronfallback100_originslow_positive_transition4to5_skew10ns_order012,,,,,,,,,,,,,,,,,,,0.00230111431482,-0.0019000000108,0.0010761002125,-0.000996133209247,0.00190228551261,-0.000503847863972,0.999999476516,60119,8.85266958065567e-05,0.40011468113235144,0.4001194471990235,-4.599880552800976,0.40017352655109323,0.40020783205373284,-4.599792167946267,0.004039591630003324,0.009987600228774533,0.01997515428420285,-4.980024845715797,0.009956220304514917,0.01991239468262416,-4.980087605317376,0.02422523345970609,0.049942036426605274,0.09988384247881596,-4.900116157521184,0.0496200866331821,0.09924044838404117,-4.900759551615959,2.6284578043129255e-09,4.1282520409080536e-08,6.5807994250016006e-06,2.52616886589633e-06,1.2998679541249551e-05,7.508889987851385e-06,,,,,,,,,,,,0.4041311056626607,,,,,,,,,,,,,,,,,,,,,,,,,,,,,,,,4to5,10ns,012,4>5,0.4999983521445223,5.3836389022022e-08,9.268807943385582e-12,False,False,False,,,,5.3836389022022e-08,9.268807943385582e-12,3.999997906065087,False,,,,,,,,,,,,,,,,,,,,
E15,0.2,5,1,4,DC,slow,positive,fallback100,e15_s05_pos1_tap4_cpldc_ronfallback100_originslow_positive_transition4to5_skew10ns_order021,,,,,,,,,,,,,,,,,,,0.00230111431482,-0.0019000000108,0.0010761002125,-0.000996133209247,0.00190228551261,-0.000503847863972,0.999999476516,60119,8.85266958065567e-05,0.40011468113235144,0.4001194471990235,-4.599880552800976,0.40017352655109323,0.40020783205373284,-4.599792167946267,0.004039591630003324,0.009987600228774533,0.01997515428420285,-4.980024845715797,0.009956220304514917,0.01991239468262416,-4.980087605317376,0.02422523345970609,0.049942036426605274,0.09988384247881596,-4.900116157521184,0.0496200866331821,0.09924044838404117,-4.900759551615959,2.6284578043129255e-09,4.1282520409080536e-08,6.5807994250016006e-06,2.52616886589633e-06,1.2998679541249551e-05,7.508889987851385e-06,,,,,,,,,,,,0.4041311056626607,,,,,,,,,,,,,,,,,,,,,,,,,,,,,,,,4to5,10ns,021,4>5,0.4999983521445223,5.3836389022022e-08,9.268807943385582e-12,False,False,False,,,,5.3836389022022e-08,9.268807943385582e-12,3.999997906065087,False,,,,,,,,,,,,,,,,,,,,
E15,0.2,5,1,4,DC,slow,positive,fallback100,e15_s05_pos1_tap4_cpldc_ronfallback100_originslow_positive_transition4to5_skew10ns_order102,,,,,,,,,,,,,,,,,,,0.00230111431482,-0.0019000000108,0.0010761002125,-0.000996133209247,0.00190228551261,-0.000503847863972,0.999999476516,60119,8.852669581066452e-05,0.4001146811323533,0.40011944719902764,-4.599880552800973,0.4001735265510929,0.40020783205374005,-4.59979216794626,0.004039591630003418,0.009987600228774566,0.01997515428420294,-4.980024845715797,0.009956220304514951,0.019912394682624214,-4.980087605317376,0.024225233459706216,0.04994203642660545,0.09988384247881624,-4.900116157521183,0.0496200866331823,0.0992404483840414,-4.900759551615959,2.6284578037959707e-09,4.1282520478469475e-08,6.580799425001516e-06,2.5261688658963884e-06,1.2998679541249812e-05,7.508889987851453e-06,,,,,,,,,,,,0.4041311056626607,,,,,,,,,,,,,,,,,,,,,,,,,,,,,,,,4to5,10ns,102,4>5,0.4999983521445223,6.38363890220236e-08,9.260592293003356e-12,False,False,False,,,,6.38363890220236e-08,9.260592293003356e-12,3.9999979060650963,False,,,,,,,,,,,,,,,,,,,,
E15,0.2,5,1,4,DC,slow,positive,fallback100,e15_s05_pos1_tap4_cpldc_ronfallback100_originslow_positive_transition4to5_skew10ns_order120,,,,,,,,,,,,,,,,,,,0.00230111431482,-0.0019000000108,0.0010761002125,-0.000996133209247,0.00190228551261,-0.000503847863972,0.999999476516,60119,8.85266958055575e-05,0.4001146811323541,0.4001194471990279,-4.599880552800972,0.400173526551097,0.400207832053735,-4.599792167946265,0.004039591630003359,0.0099876002287746,0.019975154284202958,-4.980024845715797,0.009956220304514983,0.01991239468262427,-4.980087605317376,0.024225233459706133,0.04994203642660561,0.0998838424788165,-4.900116157521183,0.049620086633182445,0.09924044838404168,-4.900759551615958,2.6284578043324337e-09,4.128252035703883e-08,6.58079942500163e-06,2.526168865896355e-06,1.2998679541249641e-05,7.508889987851409e-06,,,,,,,,,,,,0.4041311056626607,,,,,,,,,,,,,,,,,,,,,,,,,,,,,,,,4to5,10ns,120,4>5,0.4999983521445223,7.38363890220218e-08,9.254819133275305e-12,False,False,False,,,,7.38363890220218e-08,9.254819133275305e-12,3.9999979060651074,False,,,,,,,,,,,,,,,,,,,,
E15,0.2,5,1,4,DC,slow,positive,fallback100,e15_s05_pos1_tap4_cpldc_ronfallback100_originslow_positive_transition4to5_skew10ns_order201,,,,,,,,,,,,,,,,,,,0.00230111431482,-0.0019000000108,0.0010761002125,-0.000996133209247,0.00190228551261,-0.000503847863972,0.999999476516,60119,8.852669581066452e-05,0.4001146811323533,0.40011944719902764,-4.599880552800973,0.4001735265510929,0.40020783205374005,-4.59979216794626,0.004039591630003418,0.009987600228774566,0.01997515428420294,-4.980024845715797,0.009956220304514951,0.019912394682624214,-4.980087605317376,0.024225233459706216,0.04994203642660545,0.09988384247881624,-4.900116157521183,0.0496200866331823,0.0992404483840414,-4.900759551615959,2.6284578037959707e-09,4.1282520478469475e-08,6.580799425001516e-06,2.5261688658963884e-06,1.2998679541249812e-05,7.508889987851453e-06,,,,,,,,,,,,0.4041311056626607,,,,,,,,,,,,,,,,,,,,,,,,,,,,,,,,4to5,10ns,201,4>5,0.4999983521445223,6.38363890220236e-08,9.260592293003356e-12,False,False,False,,,,6.38363890220236e-08,9.260592293003356e-12,3.9999979060650963,False,,,,,,,,,,,,,,,,,,,,
E15,0.2,5,1,4,DC,slow,positive,fallback100,e15_s05_pos1_tap4_cpldc_ronfallback100_originslow_positive_transition4to5_skew10ns_order210,,,,,,,,,,,,,,,,,,,0.00230111431482,-0.0019000000108,0.0010761002125,-0.000996133209247,0.00190228551261,-0.000503847863972,0.999999476516,60119,8.85266958055575e-05,0.4001146811323541,0.4001194471990279,-4.599880552800972,0.400173526551097,0.400207832053735,-4.599792167946265,0.004039591630003359,0.0099876002287746,0.019975154284202958,-4.980024845715797,0.009956220304514983,0.01991239468262427,-4.980087605317376,0.024225233459706133,0.04994203642660561,0.0998838424788165,-4.900116157521183,0.049620086633182445,0.09924044838404168,-4.900759551615958,2.6284578043324337e-09,4.128252035703883e-08,6.58079942500163e-06,2.526168865896355e-06,1.2998679541249641e-05,7.508889987851409e-06,,,,,,,,,,,,0.4041311056626607,,,,,,,,,,,,,,,,,,,,,,,,,,,,,,,,4to5,10ns,210,4>5,0.4999983521445223,7.38363890220218e-08,9.254819133275305e-12,False,False,False,,,,7.38363890220218e-08,9.254819133275305e-12,3.9999979060651074,False,,,,,,,,,,,,,,,,,,,,
E15,0.5,6,100,0,DC,nomi,positive,fallback100,e15_s06_pos100_tap0_cpldc_ronfallback100_originnomi_positive_transitionautozero_skew0ns_order012,,,,,,,,,,,,,,,,,,,0.00191001173408,-0.00190000001002,0.00105567884282,-0.00101569519698,0.00142844638564,-0.000729228632034,0.499998332474,90227,0.001560958018506562,0.009634822163252482,0.010118139456092813,-4.989881860543907,0.00807962027103953,0.0112791022585181,-4.988720897741482,0.004666228233270776,3.845080731462073e-12,0.010017965655004065,-4.989982034344996,3.8329988251960205e-12,0.009959677173926961,-4.990040322826073,0.028956330601860605,1.922695793718255e-11,0.04996617340356796,-4.950033826596432,1.9102978137948304e-11,0.04962008460620381,-4.950379915393796,2.7727419844570067e-07,2.4840208369220627e-05,6.638638769119108e-06,2.88986950621176e-06,1.4813743151268197e-05,8.691235190487274e-06,,,,,,,,,,,,1.0004755863767472,,,,,,,,,,,,,,,,,,,,,,,,,,,,,,,,autozero,0ns,012,0>6>0,1.9249175317202146e-10,5.2028095338432485e-08,4.440892098500626e-16,False,False,False,0.4999983228236099,5.250534149471608e-08,2.204902926905561e-12,5.250534149471608e-08,2.204902926905561e-12,1.9999932913077836,False,,,,,,,,,,,,,,,,,,,,
E15,0.5,6,100,0,DC,nomi,positive,fallback100,e15_s06_pos100_tap0_cpldc_ronfallback100_originnomi_positive_transitionautozero_skew10ns_order012,,,,,,,,,,,,,,,,,,,0.00191001173408,-0.00190000001002,0.00105567884282,-0.00101569519698,0.00142844638564,-0.000729228632034,0.499998332474,90264,0.0015609925808289515,0.009634827097063767,0.01011807884651713,-4.989881921153483,0.008079694846617115,0.011278366424109627,-4.98872163357589,0.004666744899204883,3.845080475435356e-12,0.010017951938843797,-4.989982048061156,3.8329988251960205e-12,0.009959672905309335,-4.9900403270946905,0.02895949094839234,1.922695793718235e-11,0.04996607849225259,-4.950033921507748,1.9102978111269038e-11,0.04962008460620381,-4.950379915393796,2.772689895837462e-07,2.703883385010372e-05,6.640375199998337e-06,2.88905843192121e-06,1.481568800445847e-05,8.691207394729801e-06,,,,,,,,,,,,1.0004755863767472,,,,,,,,,,,,,,,,,,,,,,,,,,,,,,,,autozero,10ns,012,0>2>6>4>0,1.9249175317047062e-10,7.20783847711541e-08,6.182203141614132e-19,False,False,False,0.49999832282360973,7.254646497888774e-08,2.19824158875781e-12,7.254646497888774e-08,2.19824158875781e-12,1.9999932913077818,False,,,,,,,,,,,,,,,,,,,,
E15,0.5,6,100,0,DC,nomi,positive,fallback100,e15_s06_pos100_tap0_cpldc_ronfallback100_originnomi_positive_transitionautozero_skew10ns_order021,,,,,,,,,,,,,,,,,,,0.00191001173408,-0.00190000001002,0.00105567884282,-0.00101569519698,0.00142844638564,-0.000729228632034,0.499998332474,90264,0.0015609925808289515,0.009634827097063767,0.01011807884651713,-4.989881921153483,0.008079694846617115,0.011278366424109627,-4.98872163357589,0.004666744899204883,3.845080475435356e-12,0.010017951938843797,-4.989982048061156,3.8329988251960205e-12,0.009959672905309335,-4.9900403270946905,0.02895949094839234,1.922695793718235e-11,0.04996607849225259,-4.950033921507748,1.9102978111269038e-11,0.04962008460620381,-4.950379915393796,2.772689895837462e-07,2.703883385010372e-05,6.640375199998337e-06,2.88905843192121e-06,1.481568800445847e-05,8.691207394729801e-06,,,,,,,,,,,,1.0004755863767472,,,,,,,,,,,,,,,,,,,,,,,,,,,,,,,,autozero,10ns,021,0>4>6>2>0,1.9249175317047062e-10,7.20783847711541e-08,6.182203141614132e-19,False,False,False,0.49999832282360973,7.254646497888774e-08,2.19824158875781e-12,7.254646497888774e-08,2.19824158875781e-12,1.9999932913077818,False,,,,,,,,,,,,,,,,,,,,
E15,0.5,6,100,0,DC,nomi,positive,fallback100,e15_s06_pos100_tap0_cpldc_ronfallback100_originnomi_positive_transitionautozero_skew10ns_order102,,,,,,,,,,,,,,,,,,,0.00191001173408,-0.00190000001002,0.00105567884282,-0.00101569519698,0.00142844638564,-0.000729228632034,0.499998332474,90264,0.0015609925787334021,0.009634827097417534,0.010118078844910443,-4.9898819211550896,0.008079694849032926,0.011278366406170371,-4.98872163359383,0.004666744903448372,3.845080738700322e-12,0.010017951938419131,-4.989982048061581,3.8329988251960205e-12,0.009959672905150797,-4.9900403270948495,0.028959490974063473,1.9226957937182505e-11,0.049966078499815506,-4.950033921500184,1.9102977680517115e-11,0.04962008460620381,-4.950379915393796,2.772689892302474e-07,2.7038833818998555e-05,6.6403751915237004e-06,2.889058410361524e-06,1.4815688022810868e-05,8.691207382599432e-06,,,,,,,,,,,,1.0004755863767472,,,,,,,,,,,,,,,,,,,,,,,,,,,,,,,,autozero,10ns,102,0>2>6>4>0,1.924917531666982e-10,7.207842400675868e-08,4.440892098500626e-16,False,False,False,0.4999983228236099,7.254646564505544e-08,2.19824158875781e-12,7.254646564505544e-08,2.19824158875781e-12,1.9999932913077836,False,,,,,,,,,,,,,,,,,,,,
E15,0.5,6,100,0,DC,nomi,positive,fallback100,e15_s06_pos100_tap0_cpldc_ronfallback100_originnomi_positive_transitionautozero_skew10ns_order120,,,,,,,,,,,,,,,,,,,0.00191001173408,-0.00190000001002,0.00105567884282,-0.00101569519698,0.00142844638564,-0.000729228632034,0.499998332474,90264,0.0015609925808387874,0.009634827097063134,0.01011807884650643,-4.9898819211534935,0.008079694846625778,0.01127836642398601,-4.988721633576014,0.004666744899278795,3.845080735156809e-12,0.010017951938840534,-4.98998204806116,3.8329988251960205e-12,0.009959672905307937,-4.990040327094692,0.02895949094884879,1.92269579371824e-11,0.04996607849230855,-4.950033921507692,1.910297814375937e-11,0.04962008460620381,-4.950379915393796,2.7726898958435065e-07,2.7038833854404587e-05,6.640375199997549e-06,2.8890584317875806e-06,1.481568800472959e-05,8.691207394720367e-06,,,,,,,,,,,,1.0004755863767472,,,,,,,,,,,,,,,,,,,,,,,,,,,,,,,,autozero,10ns,120,0>2>6>4>0,1.9249175316637045e-10,6.20783847711542e-08,4.440892098500626e-16,False,False,False,0.4999983228236098,6.254646498390736e-08,2.2013502132267604e-12,6.254646498390736e-08,2.2013502132267604e-12,1.9999932913077836,False,,,,,,,,,,,,,,,,,,,,
E15,0.5,6,100,0,DC,nomi,positive,fallback100,e15_s06_pos100_tap0_cpldc_ronfallback100_originnomi_positive_transitionautozero_skew10ns_order201,,,,,,,,,,,,,,,,,,,0.00191001173408,-0.00190000001002,0.00105567884282,-0.00101569519698,0.00142844638564,-0.000729228632034,0.499998332474,90264,0.0015609925787334021,0.009634827097417534,0.010118078844910443,-4.9898819211550896,0.008079694849032926,0.011278366406170371,-4.98872163359383,0.004666744903448372,3.845080738700322e-12,0.010017951938419131,-4.989982048061581,3.8329988251960205e-12,0.009959672905150797,-4.9900403270948495,0.028959490974063473,1.9226957937182505e-11,0.049966078499815506,-4.950033921500184,1.9102977680517115e-11,0.04962008460620381,-4.950379915393796,2.772689892302474e-07,2.7038833818998555e-05,6.6403751915237004e-06,2.889058410361524e-06,1.4815688022810868e-05,8.691207382599432e-06,,,,,,,,,,,,1.0004755863767472,,,,,,,,,,,,,,,,,,,,,,,,,,,,,,,,autozero,10ns,201,0>4>6>2>0,1.924917531666982e-10,7.207842400675868e-08,4.440892098500626e-16,False,False,False,0.4999983228236099,7.254646564505544e-08,2.19824158875781e-12,7.254646564505544e-08,2.19824158875781e-12,1.9999932913077836,False,,,,,,,,,,,,,,,,,,,,
E15,0.5,6,100,0,DC,nomi,positive,fallback100,e15_s06_pos100_tap0_cpldc_ronfallback100_originnomi_positive_transitionautozero_skew10ns_order210,,,,,,,,,,,,,,,,,,,0.00191001173408,-0.00190000001002,0.00105567884282,-0.00101569519698,0.00142844638564,-0.000729228632034,0.499998332474,90264,0.0015609925808387874,0.009634827097063134,0.01011807884650643,-4.9898819211534935,0.008079694846625778,0.01127836642398601,-4.988721633576014,0.004666744899278795,3.845080735156809e-12,0.010017951938840534,-4.98998204806116,3.8329988251960205e-12,0.009959672905307937,-4.990040327094692,0.02895949094884879,1.92269579371824e-11,0.04996607849230855,-4.950033921507692,1.910297814375937e-11,0.04962008460620381,-4.950379915393796,2.7726898958435065e-07,2.7038833854404587e-05,6.640375199997549e-06,2.8890584317875806e-06,1.481568800472959e-05,8.691207394720367e-06,,,,,,,,,,,,1.0004755863767472,,,,,,,,,,,,,,,,,,,,,,,,,,,,,,,,autozero,10ns,210,0>4>6>2>0,1.9249175316637045e-10,6.20783847711542e-08,4.440892098500626e-16,False,False,False,0.4999983228236098,6.254646498390736e-08,2.2013502132267604e-12,6.254646498390736e-08,2.2013502132267604e-12,1.9999932913077836,False,,,,,,,,,,,,,,,,,,,,
E15,0.5,6,100,0,DC,slow,positive,fallback100,e15_s06_pos100_tap0_cpldc_ronfallback100_originslow_positive_transitionautozero_skew0ns_order012,,,,,,,,,,,,,,,,,,,0.00191001173408,-0.00190000001002,0.00105567884282,-0.00101569519698,0.00142844638564,-0.000729228632034,0.499998332474,90227,0.001560958018506562,0.009634822163252482,0.010118139456092813,-4.989881860543907,0.00807962027103953,0.0112791022585181,-4.988720897741482,0.004666228233270776,3.845080731462073e-12,0.010017965655004065,-4.989982034344996,3.8329988251960205e-12,0.009959677173926961,-4.990040322826073,0.028956330601860605,1.922695793718255e-11,0.04996617340356796,-4.950033826596432,1.9102978137948304e-11,0.04962008460620381,-4.950379915393796,2.7727419844570067e-07,2.4840208369220627e-05,6.638638769119108e-06,2.88986950621176e-06,1.4813743151268197e-05,8.691235190487274e-06,,,,,,,,,,,,1.0004755863767472,,,,,,,,,,,,,,,,,,,,,,,,,,,,,,,,autozero,0ns,012,0>6>0,1.9249175317202146e-10,5.2028095338432485e-08,4.440892098500626e-16,False,False,False,0.4999983228236099,5.250534149471608e-08,2.204902926905561e-12,5.250534149471608e-08,2.204902926905561e-12,1.9999932913077836,False,,,,,,,,,,,,,,,,,,,,
E15,0.5,6,100,0,DC,slow,positive,fallback100,e15_s06_pos100_tap0_cpldc_ronfallback100_originslow_positive_transitionautozero_skew10ns_order012,,,,,,,,,,,,,,,,,,,0.00191001173408,-0.00190000001002,0.00105567884282,-0.00101569519698,0.00142844638564,-0.000729228632034,0.499998332474,90264,0.0015609925808289515,0.009634827097063767,0.01011807884651713,-4.989881921153483,0.008079694846617115,0.011278366424109627,-4.98872163357589,0.004666744899204883,3.845080475435356e-12,0.010017951938843797,-4.989982048061156,3.8329988251960205e-12,0.009959672905309335,-4.9900403270946905,0.02895949094839234,1.922695793718235e-11,0.04996607849225259,-4.950033921507748,1.9102978111269038e-11,0.04962008460620381,-4.950379915393796,2.772689895837462e-07,2.703883385010372e-05,6.640375199998337e-06,2.88905843192121e-06,1.481568800445847e-05,8.691207394729801e-06,,,,,,,,,,,,1.0004755863767472,,,,,,,,,,,,,,,,,,,,,,,,,,,,,,,,autozero,10ns,012,0>2>6>4>0,1.9249175317047062e-10,7.20783847711541e-08,6.182203141614132e-19,False,False,False,0.49999832282360973,7.254646497888774e-08,2.19824158875781e-12,7.254646497888774e-08,2.19824158875781e-12,1.9999932913077818,False,,,,,,,,,,,,,,,,,,,,
E15,0.5,6,100,0,DC,slow,positive,fallback100,e15_s06_pos100_tap0_cpldc_ronfallback100_originslow_positive_transitionautozero_skew10ns_order021,,,,,,,,,,,,,,,,,,,0.00191001173408,-0.00190000001002,0.00105567884282,-0.00101569519698,0.00142844638564,-0.000729228632034,0.499998332474,90264,0.0015609925808289515,0.009634827097063767,0.01011807884651713,-4.989881921153483,0.008079694846617115,0.011278366424109627,-4.98872163357589,0.004666744899204883,3.845080475435356e-12,0.010017951938843797,-4.989982048061156,3.8329988251960205e-12,0.009959672905309335,-4.9900403270946905,0.02895949094839234,1.922695793718235e-11,0.04996607849225259,-4.950033921507748,1.9102978111269038e-11,0.04962008460620381,-4.950379915393796,2.772689895837462e-07,2.703883385010372e-05,6.640375199998337e-06,2.88905843192121e-06,1.481568800445847e-05,8.691207394729801e-06,,,,,,,,,,,,1.0004755863767472,,,,,,,,,,,,,,,,,,,,,,,,,,,,,,,,autozero,10ns,021,0>4>6>2>0,1.9249175317047062e-10,7.20783847711541e-08,6.182203141614132e-19,False,False,False,0.49999832282360973,7.254646497888774e-08,2.19824158875781e-12,7.254646497888774e-08,2.19824158875781e-12,1.9999932913077818,False,,,,,,,,,,,,,,,,,,,,
E15,0.5,6,100,0,DC,slow,positive,fallback100,e15_s06_pos100_tap0_cpldc_ronfallback100_originslow_positive_transitionautozero_skew10ns_order102,,,,,,,,,,,,,,,,,,,0.00191001173408,-0.00190000001002,0.00105567884282,-0.00101569519698,0.00142844638564,-0.000729228632034,0.499998332474,90264,0.0015609925787334021,0.009634827097417534,0.010118078844910443,-4.9898819211550896,0.008079694849032926,0.011278366406170371,-4.98872163359383,0.004666744903448372,3.845080738700322e-12,0.010017951938419131,-4.989982048061581,3.8329988251960205e-12,0.009959672905150797,-4.9900403270948495,0.028959490974063473,1.9226957937182505e-11,0.049966078499815506,-4.950033921500184,1.9102977680517115e-11,0.04962008460620381,-4.950379915393796,2.772689892302474e-07,2.7038833818998555e-05,6.6403751915237004e-06,2.889058410361524e-06,1.4815688022810868e-05,8.691207382599432e-06,,,,,,,,,,,,1.0004755863767472,,,,,,,,,,,,,,,,,,,,,,,,,,,,,,,,autozero,10ns,102,0>2>6>4>0,1.924917531666982e-10,7.207842400675868e-08,4.440892098500626e-16,False,False,False,0.4999983228236099,7.254646564505544e-08,2.19824158875781e-12,7.254646564505544e-08,2.19824158875781e-12,1.9999932913077836,False,,,,,,,,,,,,,,,,,,,,
E15,0.5,6,100,0,DC,slow,positive,fallback100,e15_s06_pos100_tap0_cpldc_ronfallback100_originslow_positive_transitionautozero_skew10ns_order120,,,,,,,,,,,,,,,,,,,0.00191001173408,-0.00190000001002,0.00105567884282,-0.00101569519698,0.00142844638564,-0.000729228632034,0.499998332474,90264,0.0015609925808387874,0.009634827097063134,0.01011807884650643,-4.9898819211534935,0.008079694846625778,0.01127836642398601,-4.988721633576014,0.004666744899278795,3.845080735156809e-12,0.010017951938840534,-4.98998204806116,3.8329988251960205e-12,0.009959672905307937,-4.990040327094692,0.02895949094884879,1.92269579371824e-11,0.04996607849230855,-4.950033921507692,1.910297814375937e-11,0.04962008460620381,-4.950379915393796,2.7726898958435065e-07,2.7038833854404587e-05,6.640375199997549e-06,2.8890584317875806e-06,1.481568800472959e-05,8.691207394720367e-06,,,,,,,,,,,,1.0004755863767472,,,,,,,,,,,,,,,,,,,,,,,,,,,,,,,,autozero,10ns,120,0>2>6>4>0,1.9249175316637045e-10,6.20783847711542e-08,4.440892098500626e-16,False,False,False,0.4999983228236098,6.254646498390736e-08,2.2013502132267604e-12,6.254646498390736e-08,2.2013502132267604e-12,1.9999932913077836,False,,,,,,,,,,,,,,,,,,,,
E15,0.5,6,100,0,DC,slow,positive,fallback100,e15_s06_pos100_tap0_cpldc_ronfallback100_originslow_positive_transitionautozero_skew10ns_order201,,,,,,,,,,,,,,,,,,,0.00191001173408,-0.00190000001002,0.00105567884282,-0.00101569519698,0.00142844638564,-0.000729228632034,0.499998332474,90264,0.0015609925787334021,0.009634827097417534,0.010118078844910443,-4.9898819211550896,0.008079694849032926,0.011278366406170371,-4.98872163359383,0.004666744903448372,3.845080738700322e-12,0.010017951938419131,-4.989982048061581,3.8329988251960205e-12,0.009959672905150797,-4.9900403270948495,0.028959490974063473,1.9226957937182505e-11,0.049966078499815506,-4.950033921500184,1.9102977680517115e-11,0.04962008460620381,-4.950379915393796,2.772689892302474e-07,2.7038833818998555e-05,6.6403751915237004e-06,2.889058410361524e-06,1.4815688022810868e-05,8.691207382599432e-06,,,,,,,,,,,,1.0004755863767472,,,,,,,,,,,,,,,,,,,,,,,,,,,,,,,,autozero,10ns,201,0>4>6>2>0,1.924917531666982e-10,7.207842400675868e-08,4.440892098500626e-16,False,False,False,0.4999983228236099,7.254646564505544e-08,2.19824158875781e-12,7.254646564505544e-08,2.19824158875781e-12,1.9999932913077836,False,,,,,,,,,,,,,,,,,,,,
E15,0.5,6,100,0,DC,slow,positive,fallback100,e15_s06_pos100_tap0_cpldc_ronfallback100_originslow_positive_transitionautozero_skew10ns_order210,,,,,,,,,,,,,,,,,,,0.00191001173408,-0.00190000001002,0.00105567884282,-0.00101569519698,0.00142844638564,-0.000729228632034,0.499998332474,90264,0.0015609925808387874,0.009634827097063134,0.01011807884650643,-4.9898819211534935,0.008079694846625778,0.01127836642398601,-4.988721633576014,0.004666744899278795,3.845080735156809e-12,0.010017951938840534,-4.98998204806116,3.8329988251960205e-12,0.009959672905307937,-4.990040327094692,0.02895949094884879,1.92269579371824e-11,0.04996607849230855,-4.950033921507692,1.910297814375937e-11,0.04962008460620381,-4.950379915393796,2.7726898958435065e-07,2.7038833854404587e-05,6.640375199997549e-06,2.8890584317875806e-06,1.481568800472959e-05,8.691207394720367e-06,,,,,,,,,,,,1.0004755863767472,,,,,,,,,,,,,,,,,,,,,,,,,,,,,,,,autozero,10ns,210,0>4>6>2>0,1.9249175316637045e-10,6.20783847711542e-08,4.440892098500626e-16,False,False,False,0.4999983228236098,6.254646498390736e-08,2.2013502132267604e-12,6.254646498390736e-08,2.2013502132267604e-12,1.9999932913077836,False,,,,,,,,,,,,,,,,,,,,
E15,0.5,6,100,5,DC,nomi,positive,fallback100,e15_s06_pos100_tap5_cpldc_ronfallback100_originnomi_positive_transition5to0_skew0ns_order012,,,,,,,,,,,,,,,,,,,0.00191001073586,-0.00190000001002,0.0010360427973,-0.00103504491307,0.00104429633034,-0.00102684576819,0.499998323011,60132,0.0015204462772443108,0.009641871871083622,0.010113886815322845,-4.989886113184677,0.008126957302911972,0.011247963868348625,-4.988752036131651,0.0045554393720164356,0.0002492475058317067,0.010017372942346227,-4.989982627057654,0.0002484669520290245,0.009959698156368903,-4.9900403018436315,0.028257933764447983,0.0012463486885633045,0.04996706796880143,-4.950032932031198,0.0012383362466296436,0.04962008374219639,-4.950379916257804,2.702231062437023e-07,2.419117817713338e-05,6.452435445698765e-06,2.8163972663415485e-06,1.4459294604294015e-05,8.477037649939387e-06,,,,,,,,,,,,1.0004755863767472,,,,,,,,,,,,,,,,,,,,,,,,,,,,,,,,5to0,0ns,012,5>0,0.4999983230089451,5.262130086258183e-08,1.9808380792643576e-06,False,False,False,,,,5.262130086258183e-08,1.9808380792643576e-06,1.9999932920443908,False,,,,,,,,,,,,,,,,,,,,
E15,0.5,6,100,5,DC,nomi,positive,fallback100,e15_s06_pos100_tap5_cpldc_ronfallback100_originnomi_positive_transition5to0_skew10ns_order012,,,,,,,,,,,,,,,,,,,0.00191001073586,-0.00190000001002,0.0010360427973,-0.00103504491307,0.00104429633034,-0.00102684576819,0.499998323011,60153,0.0015204622602263962,0.009641754289717266,0.01011444014676068,-4.9898855598532394,0.008127823885106897,0.011254194114078037,-4.988745805885922,0.004550350962071067,0.00024923090264039155,0.01001737739878883,-4.989982622601211,0.0002484504009564834,0.009959681897646636,-4.990040318102353,0.028228765810305905,0.001246265659709173,0.049967260543833276,-4.950032739456167,0.001238254457902484,0.04962008374219586,-4.950379916257804,2.703439188465283e-07,2.6307327701222702e-05,6.4743664622141646e-06,2.8226114824751844e-06,1.4440278004744505e-05,8.477585816423359e-06,,,,,,,,,,,,1.0004755863767472,,,,,,,,,,,,,,,,,,,,,,,,,,,,,,,,5to0,10ns,012,5>4>0,0.49999832300894503,7.237418643786913e-08,5.280574274395267e-06,False,False,False,,,,7.237418643786913e-08,5.280574274395267e-06,1.9999932920443693,False,,,,,,,,,,,,,,,,,,,,
E15,0.5,6,100,5,DC,nomi,positive,fallback100,e15_s06_pos100_tap5_cpldc_ronfallback100_originnomi_positive_transition5to0_skew10ns_order021,,,,,,,,,,,,,,,,,,,0.00191001073586,-0.00190000001002,0.0010360427973,-0.00103504491307,0.00104429633034,-0.00102684576819,0.499998323011,60153,0.0015204609173537342,0.009641754519377412,0.010114439993962773,-4.989885560006037,0.0081278254811266,0.011254192931843049,-4.988745807068157,0.00455034777012553,0.0002492391350818069,0.0100173773935926,-4.989982622606408,0.000248458607616518,0.009959681910369033,-4.990040318089631,0.028228745527029385,0.001246306825587827,0.049967260487934435,-4.950032739512065,0.0012382952847082962,0.04962008374219612,-4.950379916257804,2.703436892539775e-07,2.6307303560341513e-05,6.474360978738798e-06,2.822608883952591e-06,1.444026819781128e-05,8.477578808160955e-06,,,,,,,,,,,,1.0004755863767472,,,,,,,,,,,,,,,,,,,,,,,,,,,,,,,,5to0,10ns,021,5>4>0,0.49999832300894503,6.237420004947693e-08,3.6346552828372958e-06,False,False,False,,,,6.237420004947693e-08,3.6346552828372958e-06,1.9999932920443797,False,,,,,,,,,,,,,,,,,,,,
E15,0.5,6,100,5,DC,nomi,positive,fallback100,e15_s06_pos100_tap5_cpldc_ronfallback100_originnomi_positive_transition5to0_skew10ns_order102,,,,,,,,,,,,,,,,,,,0.00191001073586,-0.00190000001002,0.0010360427973,-0.00103504491307,0.00104429633034,-0.00102684576819,0.499998323011,60153,0.0015204609173536353,0.009641754519377236,0.010114439993962757,-4.989885560006037,0.008127825481126337,0.011254192931843371,-4.988745807068157,0.004550347770123871,0.00024923913508180593,0.010017377393591985,-4.989982622606408,0.0002484586076165172,0.009959681910368383,-4.9900403180896316,0.028228745527022946,0.0012463068255878231,0.04996726048793263,-4.950032739512068,0.0012382952847082922,0.04962008374219584,-4.950379916257804,2.7034368925409936e-07,2.6307303569707773e-05,6.474360978732356e-06,2.822608883953242e-06,1.4440268197804816e-05,8.477578808161373e-06,,,,,,,,,,,,1.0004755863767472,,,,,,,,,,,,,,,,,,,,,,,,,,,,,,,,5to0,10ns,102,5>4>0,0.49999832300894503,7.237420004929218e-08,3.6346552829968903e-06,False,False,False,,,,7.237420004929218e-08,3.6346552829968903e-06,1.9999932920443684,False,,,,,,,,,,,,,,,,,,,,
E15,0.5,6,100,5,DC,nomi,positive,fallback100,e15_s06_pos100_tap5_cpldc_ronfallback100_originnomi_positive_transition5to0_skew10ns_order120,,,,,,,,,,,,,,,,,,,0.00191001073586,-0.00190000001002,0.0010360427973,-0.00103504491307,0.00104429633034,-0.00102684576819,0.499998323011,60153,0.0015204609173536353,0.009641754519377236,0.010114439993962757,-4.989885560006037,0.008127825481126337,0.011254192931843371,-4.988745807068157,0.004550347770123871,0.00024923913508180593,0.010017377393591985,-4.989982622606408,0.0002484586076165172,0.009959681910368383,-4.9900403180896316,0.028228745527022946,0.0012463068255878231,0.04996726048793263,-4.950032739512068,0.0012382952847082922,0.04962008374219584,-4.950379916257804,2.7034368925409936e-07,2.6307303569707773e-05,6.474360978732356e-06,2.822608883953242e-06,1.4440268197804816e-05,8.477578808161373e-06,,,,,,,,,,,,1.0004755863767472,,,,,,,,,,,,,,,,,,,,,,,,,,,,,,,,5to0,10ns,120,5>1>0,0.49999832300894503,7.237420004929218e-08,3.6346552829968903e-06,False,False,False,,,,7.237420004929218e-08,3.6346552829968903e-06,1.9999932920443684,False,,,,,,,,,,,,,,,,,,,,
E15,0.5,6,100,5,DC,nomi,positive,fallback100,e15_s06_pos100_tap5_cpldc_ronfallback100_originnomi_positive_transition5to0_skew10ns_order201,,,,,,,,,,,,,,,,,,,0.00191001073586,-0.00190000001002,0.0010360427973,-0.00103504491307,0.00104429633034,-0.00102684576819,0.499998323011,60153,0.0015204609173537342,0.009641754519377412,0.010114439993962773,-4.989885560006037,0.0081278254811266,0.011254192931843049,-4.988745807068157,0.00455034777012553,0.0002492391350818069,0.0100173773935926,-4.989982622606408,0.000248458607616518,0.009959681910369033,-4.990040318089631,0.028228745527029385,0.001246306825587827,0.049967260487934435,-4.950032739512065,0.0012382952847082962,0.04962008374219612,-4.950379916257804,2.703436892539775e-07,2.6307303560341513e-05,6.474360978738798e-06,2.822608883952591e-06,1.444026819781128e-05,8.477578808160955e-06,,,,,,,,,,,,1.0004755863767472,,,,,,,,,,,,,,,,,,,,,,,,,,,,,,,,5to0,10ns,201,5>1>0,0.49999832300894503,6.237420004947693e-08,3.6346552828372958e-06,False,False,False,,,,6.237420004947693e-08,3.6346552828372958e-06,1.9999932920443797,False,,,,,,,,,,,,,,,,,,,,
E15,0.5,6,100,5,DC,nomi,positive,fallback100,e15_s06_pos100_tap5_cpldc_ronfallback100_originnomi_positive_transition5to0_skew10ns_order210,,,,,,,,,,,,,,,,,,,0.00191001073586,-0.00190000001002,0.0010360427973,-0.00103504491307,0.00104429633034,-0.00102684576819,0.499998323011,60153,0.0015204622602263962,0.009641754289717266,0.01011444014676068,-4.9898855598532394,0.008127823885106897,0.011254194114078037,-4.988745805885922,0.004550350962071067,0.00024923090264039155,0.01001737739878883,-4.989982622601211,0.0002484504009564834,0.009959681897646636,-4.990040318102353,0.028228765810305905,0.001246265659709173,0.049967260543833276,-4.950032739456167,0.001238254457902484,0.04962008374219586,-4.950379916257804,2.703439188465283e-07,2.6307327701222702e-05,6.4743664622141646e-06,2.8226114824751844e-06,1.4440278004744505e-05,8.477585816423359e-06,,,,,,,,,,,,1.0004755863767472,,,,,,,,,,,,,,,,,,,,,,,,,,,,,,,,5to0,10ns,210,5>1>0,0.49999832300894503,7.237418643786913e-08,5.280574274395267e-06,False,False,False,,,,7.237418643786913e-08,5.280574274395267e-06,1.9999932920443693,False,,,,,,,,,,,,,,,,,,,,
E15,0.5,6,100,5,DC,slow,positive,fallback100,e15_s06_pos100_tap5_cpldc_ronfallback100_originslow_positive_transition5to0_skew0ns_order012,,,,,,,,,,,,,,,,,,,0.00191001073586,-0.00190000001002,0.0010360427973,-0.00103504491307,0.00104429633034,-0.00102684576819,0.499998323011,60132,0.0015204462772443108,0.009641871871083622,0.010113886815322845,-4.989886113184677,0.008126957302911972,0.011247963868348625,-4.988752036131651,0.0045554393720164356,0.0002492475058317067,0.010017372942346227,-4.989982627057654,0.0002484669520290245,0.009959698156368903,-4.9900403018436315,0.028257933764447983,0.0012463486885633045,0.04996706796880143,-4.950032932031198,0.0012383362466296436,0.04962008374219639,-4.950379916257804,2.702231062437023e-07,2.419117817713338e-05,6.452435445698765e-06,2.8163972663415485e-06,1.4459294604294015e-05,8.477037649939387e-06,,,,,,,,,,,,1.0004755863767472,,,,,,,,,,,,,,,,,,,,,,,,,,,,,,,,5to0,0ns,012,5>0,0.4999983230089451,5.262130086258183e-08,1.9808380792643576e-06,False,False,False,,,,5.262130086258183e-08,1.9808380792643576e-06,1.9999932920443908,False,,,,,,,,,,,,,,,,,,,,
E15,0.5,6,100,5,DC,slow,positive,fallback100,e15_s06_pos100_tap5_cpldc_ronfallback100_originslow_positive_transition5to0_skew10ns_order012,,,,,,,,,,,,,,,,,,,0.00191001073586,-0.00190000001002,0.0010360427973,-0.00103504491307,0.00104429633034,-0.00102684576819,0.499998323011,60153,0.0015204622602263962,0.009641754289717266,0.01011444014676068,-4.9898855598532394,0.008127823885106897,0.011254194114078037,-4.988745805885922,0.004550350962071067,0.00024923090264039155,0.01001737739878883,-4.989982622601211,0.0002484504009564834,0.009959681897646636,-4.990040318102353,0.028228765810305905,0.001246265659709173,0.049967260543833276,-4.950032739456167,0.001238254457902484,0.04962008374219586,-4.950379916257804,2.703439188465283e-07,2.6307327701222702e-05,6.4743664622141646e-06,2.8226114824751844e-06,1.4440278004744505e-05,8.477585816423359e-06,,,,,,,,,,,,1.0004755863767472,,,,,,,,,,,,,,,,,,,,,,,,,,,,,,,,5to0,10ns,012,5>4>0,0.49999832300894503,7.237418643786913e-08,5.280574274395267e-06,False,False,False,,,,7.237418643786913e-08,5.280574274395267e-06,1.9999932920443693,False,,,,,,,,,,,,,,,,,,,,
E15,0.5,6,100,5,DC,slow,positive,fallback100,e15_s06_pos100_tap5_cpldc_ronfallback100_originslow_positive_transition5to0_skew10ns_order021,,,,,,,,,,,,,,,,,,,0.00191001073586,-0.00190000001002,0.0010360427973,-0.00103504491307,0.00104429633034,-0.00102684576819,0.499998323011,60153,0.0015204609173537342,0.009641754519377412,0.010114439993962773,-4.989885560006037,0.0081278254811266,0.011254192931843049,-4.988745807068157,0.00455034777012553,0.0002492391350818069,0.0100173773935926,-4.989982622606408,0.000248458607616518,0.009959681910369033,-4.990040318089631,0.028228745527029385,0.001246306825587827,0.049967260487934435,-4.950032739512065,0.0012382952847082962,0.04962008374219612,-4.950379916257804,2.703436892539775e-07,2.6307303560341513e-05,6.474360978738798e-06,2.822608883952591e-06,1.444026819781128e-05,8.477578808160955e-06,,,,,,,,,,,,1.0004755863767472,,,,,,,,,,,,,,,,,,,,,,,,,,,,,,,,5to0,10ns,021,5>4>0,0.49999832300894503,6.237420004947693e-08,3.6346552828372958e-06,False,False,False,,,,6.237420004947693e-08,3.6346552828372958e-06,1.9999932920443797,False,,,,,,,,,,,,,,,,,,,,
E15,0.5,6,100,5,DC,slow,positive,fallback100,e15_s06_pos100_tap5_cpldc_ronfallback100_originslow_positive_transition5to0_skew10ns_order102,,,,,,,,,,,,,,,,,,,0.00191001073586,-0.00190000001002,0.0010360427973,-0.00103504491307,0.00104429633034,-0.00102684576819,0.499998323011,60153,0.0015204609173536353,0.009641754519377236,0.010114439993962757,-4.989885560006037,0.008127825481126337,0.011254192931843371,-4.988745807068157,0.004550347770123871,0.00024923913508180593,0.010017377393591985,-4.989982622606408,0.0002484586076165172,0.009959681910368383,-4.9900403180896316,0.028228745527022946,0.0012463068255878231,0.04996726048793263,-4.950032739512068,0.0012382952847082922,0.04962008374219584,-4.950379916257804,2.7034368925409936e-07,2.6307303569707773e-05,6.474360978732356e-06,2.822608883953242e-06,1.4440268197804816e-05,8.477578808161373e-06,,,,,,,,,,,,1.0004755863767472,,,,,,,,,,,,,,,,,,,,,,,,,,,,,,,,5to0,10ns,102,5>4>0,0.49999832300894503,7.237420004929218e-08,3.6346552829968903e-06,False,False,False,,,,7.237420004929218e-08,3.6346552829968903e-06,1.9999932920443684,False,,,,,,,,,,,,,,,,,,,,
E15,0.5,6,100,5,DC,slow,positive,fallback100,e15_s06_pos100_tap5_cpldc_ronfallback100_originslow_positive_transition5to0_skew10ns_order120,,,,,,,,,,,,,,,,,,,0.00191001073586,-0.00190000001002,0.0010360427973,-0.00103504491307,0.00104429633034,-0.00102684576819,0.499998323011,60153,0.0015204609173536353,0.009641754519377236,0.010114439993962757,-4.989885560006037,0.008127825481126337,0.011254192931843371,-4.988745807068157,0.004550347770123871,0.00024923913508180593,0.010017377393591985,-4.989982622606408,0.0002484586076165172,0.009959681910368383,-4.9900403180896316,0.028228745527022946,0.0012463068255878231,0.04996726048793263,-4.950032739512068,0.0012382952847082922,0.04962008374219584,-4.950379916257804,2.7034368925409936e-07,2.6307303569707773e-05,6.474360978732356e-06,2.822608883953242e-06,1.4440268197804816e-05,8.477578808161373e-06,,,,,,,,,,,,1.0004755863767472,,,,,,,,,,,,,,,,,,,,,,,,,,,,,,,,5to0,10ns,120,5>1>0,0.49999832300894503,7.237420004929218e-08,3.6346552829968903e-06,False,False,False,,,,7.237420004929218e-08,3.6346552829968903e-06,1.9999932920443684,False,,,,,,,,,,,,,,,,,,,,
E15,0.5,6,100,5,DC,slow,positive,fallback100,e15_s06_pos100_tap5_cpldc_ronfallback100_originslow_positive_transition5to0_skew10ns_order201,,,,,,,,,,,,,,,,,,,0.00191001073586,-0.00190000001002,0.0010360427973,-0.00103504491307,0.00104429633034,-0.00102684576819,0.499998323011,60153,0.0015204609173537342,0.009641754519377412,0.010114439993962773,-4.989885560006037,0.0081278254811266,0.011254192931843049,-4.988745807068157,0.00455034777012553,0.0002492391350818069,0.0100173773935926,-4.989982622606408,0.000248458607616518,0.009959681910369033,-4.990040318089631,0.028228745527029385,0.001246306825587827,0.049967260487934435,-4.950032739512065,0.0012382952847082962,0.04962008374219612,-4.950379916257804,2.703436892539775e-07,2.6307303560341513e-05,6.474360978738798e-06,2.822608883952591e-06,1.444026819781128e-05,8.477578808160955e-06,,,,,,,,,,,,1.0004755863767472,,,,,,,,,,,,,,,,,,,,,,,,,,,,,,,,5to0,10ns,201,5>1>0,0.49999832300894503,6.237420004947693e-08,3.6346552828372958e-06,False,False,False,,,,6.237420004947693e-08,3.6346552828372958e-06,1.9999932920443797,False,,,,,,,,,,,,,,,,,,,,
E15,0.5,6,100,5,DC,slow,positive,fallback100,e15_s06_pos100_tap5_cpldc_ronfallback100_originslow_positive_transition5to0_skew10ns_order210,,,,,,,,,,,,,,,,,,,0.00191001073586,-0.00190000001002,0.0010360427973,-0.00103504491307,0.00104429633034,-0.00102684576819,0.499998323011,60153,0.0015204622602263962,0.009641754289717266,0.01011444014676068,-4.9898855598532394,0.008127823885106897,0.011254194114078037,-4.988745805885922,0.004550350962071067,0.00024923090264039155,0.01001737739878883,-4.989982622601211,0.0002484504009564834,0.009959681897646636,-4.990040318102353,0.028228765810305905,0.001246265659709173,0.049967260543833276,-4.950032739456167,0.001238254457902484,0.04962008374219586,-4.950379916257804,2.703439188465283e-07,2.6307327701222702e-05,6.4743664622141646e-06,2.8226114824751844e-06,1.4440278004744505e-05,8.477585816423359e-06,,,,,,,,,,,,1.0004755863767472,,,,,,,,,,,,,,,,,,,,,,,,,,,,,,,,5to0,10ns,210,5>1>0,0.49999832300894503,7.237418643786913e-08,5.280574274395267e-06,False,False,False,,,,7.237418643786913e-08,5.280574274395267e-06,1.9999932920443693,False,,,,,,,,,,,,,,,,,,,,
E15,1.0,7,100,0,DC,nomi,positive,fallback100,e15_s07_pos100_tap0_cpldc_ronfallback100_originnomi_positive_transition0to1_skew0ns_order012,,,,,,,,,,,,,,,,,,,0.00192002999863,-0.00190000001004,0.0010761137566,-0.000996120419845,0.00190262143291,-0.000503723266286,1.00032742555,60113,0.0003259472369087635,0.01987226527761183,0.019945856822668823,-4.980054143177331,0.019784668740667814,0.02027071645284798,-4.979729283547152,0.0020886036830222755,0.009987599224925753,0.019981705035399467,-4.980018294964601,0.009956219303820119,0.019918924852214696,-4.980081075147785,0.014237988850603997,0.04994203140695579,0.09991659888210838,-4.900083401117891,0.049620081645873386,0.09927299421021817,-4.900727005789782,3.9322585290834736e-08,1.2102939671140758e-06,6.5270101728190135e-06,1.3374182886942855e-06,6.826166238709229e-06,4.531741407989443e-06,,,,,,,,,,,,2.0092261920307735,,,,,,,,,,,,,,,,,,,,,,,,,,,,,,,,0to1,0ns,012,0>1,0.49999830188747346,7.325457148665374e-08,1.6120438317557273e-13,False,False,False,,,,7.325457148665374e-08,1.6120438317557273e-13,4.001309702131147,False,,,,,,,,,,,,,,,,,,,,
E15,1.0,7,100,0,DC,nomi,positive,fallback100,e15_s07_pos100_tap0_cpldc_ronfallback100_originnomi_positive_transition0to1_skew10ns_order012,,,,,,,,,,,,,,,,,,,0.00192002999863,-0.00190000001004,0.0010761137566,-0.000996120419845,0.00190262143291,-0.000503723266286,1.00032742555,60113,0.0003259472369087635,0.01987226527761183,0.019945856822668823,-4.980054143177331,0.019784668740667814,0.02027071645284798,-4.979729283547152,0.0020886036830222755,0.009987599224925753,0.019981705035399467,-4.980018294964601,0.009956219303820119,0.019918924852214696,-4.980081075147785,0.014237988850603997,0.04994203140695579,0.09991659888210838,-4.900083401117891,0.049620081645873386,0.09927299421021817,-4.900727005789782,3.9322585290834736e-08,1.2102939671140758e-06,6.5270101728190135e-06,1.3374182886942855e-06,6.826166238709229e-06,4.531741407989443e-06,,,,,,,,,,,,2.0092261920307735,,,,,,,,,,,,,,,,,,,,,,,,,,,,,,,,0to1,10ns,012,0>1,0.49999830188747346,7.325457148665374e-08,1.6120438317557273e-13,False,False,False,,,,7.325457148665374e-08,1.6120438317557273e-13,4.001309702131147,False,,,,,,,,,,,,,,,,,,,,
E15,1.0,7,100,0,DC,nomi,positive,fallback100,e15_s07_pos100_tap0_cpldc_ronfallback100_originnomi_positive_transition0to1_skew10ns_order021,,,,,,,,,,,,,,,,,,,0.00192002999863,-0.00190000001004,0.0010761137566,-0.000996120419845,0.00190262143291,-0.000503723266286,1.00032742555,60113,0.0003259472369087635,0.01987226527761183,0.019945856822668823,-4.980054143177331,0.019784668740667814,0.02027071645284798,-4.979729283547152,0.0020886036830222755,0.009987599224925753,0.019981705035399467,-4.980018294964601,0.009956219303820119,0.019918924852214696,-4.980081075147785,0.014237988850603997,0.04994203140695579,0.09991659888210838,-4.900083401117891,0.049620081645873386,0.09927299421021817,-4.900727005789782,3.9322585290834736e-08,1.2102939671140758e-06,6.5270101728190135e-06,1.3374182886942855e-06,6.826166238709229e-06,4.531741407989443e-06,,,,,,,,,,,,2.0092261920307735,,,,,,,,,,,,,,,,,,,,,,,,,,,,,,,,0to1,10ns,021,0>1,0.49999830188747346,7.325457148665374e-08,1.6120438317557273e-13,False,False,False,,,,7.325457148665374e-08,1.6120438317557273e-13,4.001309702131147,False,,,,,,,,,,,,,,,,,,,,
E15,1.0,7,100,0,DC,nomi,positive,fallback100,e15_s07_pos100_tap0_cpldc_ronfallback100_originnomi_positive_transition0to1_skew10ns_order102,,,,,,,,,,,,,,,,,,,0.00192002999863,-0.00190000001004,0.0010761137566,-0.000996120419845,0.00190262143291,-0.000503723266286,1.00032742555,60113,0.0003259472369080488,0.019872265277611236,0.01994585682266871,-4.980054143177331,0.01978466874066783,0.020270716452847993,-4.979729283547152,0.0020886036830208288,0.009987599224925748,0.019981705035399467,-4.980018294964601,0.009956219303820119,0.019918924852214696,-4.980081075147785,0.014237988850606065,0.049942031406955786,0.09991659888210838,-4.900083401117891,0.049620081645873386,0.09927299421021817,-4.900727005789782,3.9322585290828753e-08,1.2102939674564668e-06,6.5270101728188644e-06,1.3374182886944973e-06,6.826166238716553e-06,4.5317414079903155e-06,,,,,,,,,,,,2.0092261920307735,,,,,,,,,,,,,,,,,,,,,,,,,,,,,,,,0to1,10ns,102,0>1,0.49999830188747346,8.32545714866096e-08,1.6120438317557273e-13,False,False,False,,,,8.32545714866096e-08,1.6120438317557273e-13,4.001309702131147,False,,,,,,,,,,,,,,,,,,,,
E15,1.0,7,100,0,DC,nomi,positive,fallback100,e15_s07_pos100_tap0_cpldc_ronfallback100_originnomi_positive_transition0to1_skew10ns_order120,,,,,,,,,,,,,,,,,,,0.00192002999863,-0.00190000001004,0.0010761137566,-0.000996120419845,0.00190262143291,-0.000503723266286,1.00032742555,60113,0.0003259472369075457,0.01987226527761146,0.01994585682266859,-4.980054143177331,0.01978466874066768,0.020270716452846525,-4.979729283547154,0.002088603683022737,0.009987599224925746,0.019981705035399467,-4.980018294964601,0.009956219303820115,0.019918924852214696,-4.980081075147785,0.014237988850600874,0.04994203140695577,0.09991659888210838,-4.900083401117891,0.04962008164587338,0.09927299421021817,-4.900727005789782,3.932258529081823e-08,1.2102939677886664e-06,6.5270101728189585e-06,1.3374182886941363e-06,6.826166238706944e-06,4.531741407987923e-06,,,,,,,,,,,,2.0092261920307735,,,,,,,,,,,,,,,,,,,,,,,,,,,,,,,,0to1,10ns,120,0>1,0.4999983018874734,9.32545714867518e-08,1.6142642778049776e-13,False,False,False,,,,9.32545714867518e-08,1.6142642778049776e-13,4.001309702131147,False,,,,,,,,,,,,,,,,,,,,
E15,1.0,7,100,0,DC,nomi,positive,fallback100,e15_s07_pos100_tap0_cpldc_ronfallback100_originnomi_positive_transition0to1_skew10ns_order201,,,,,,,,,,,,,,,,,,,0.00192002999863,-0.00190000001004,0.0010761137566,-0.000996120419845,0.00190262143291,-0.000503723266286,1.00032742555,60113,0.0003259472369080488,0.019872265277611236,0.01994585682266871,-4.980054143177331,0.01978466874066783,0.020270716452847993,-4.979729283547152,0.0020886036830208288,0.009987599224925748,0.019981705035399467,-4.980018294964601,0.009956219303820119,0.019918924852214696,-4.980081075147785,0.014237988850606065,0.049942031406955786,0.09991659888210838,-4.900083401117891,0.049620081645873386,0.09927299421021817,-4.900727005789782,3.9322585290828753e-08,1.2102939674564668e-06,6.5270101728188644e-06,1.3374182886944973e-06,6.826166238716553e-06,4.5317414079903155e-06,,,,,,,,,,,,2.0092261920307735,,,,,,,,,,,,,,,,,,,,,,,,,,,,,,,,0to1,10ns,201,0>1,0.49999830188747346,8.32545714866096e-08,1.6120438317557273e-13,False,False,False,,,,8.32545714866096e-08,1.6120438317557273e-13,4.001309702131147,False,,,,,,,,,,,,,,,,,,,,
E15,1.0,7,100,0,DC,nomi,positive,fallback100,e15_s07_pos100_tap0_cpldc_ronfallback100_originnomi_positive_transition0to1_skew10ns_order210,,,,,,,,,,,,,,,,,,,0.00192002999863,-0.00190000001004,0.0010761137566,-0.000996120419845,0.00190262143291,-0.000503723266286,1.00032742555,60113,0.0003259472369075457,0.01987226527761146,0.01994585682266859,-4.980054143177331,0.01978466874066768,0.020270716452846525,-4.979729283547154,0.002088603683022737,0.009987599224925746,0.019981705035399467,-4.980018294964601,0.009956219303820115,0.019918924852214696,-4.980081075147785,0.014237988850600874,0.04994203140695577,0.09991659888210838,-4.900083401117891,0.04962008164587338,0.09927299421021817,-4.900727005789782,3.932258529081823e-08,1.2102939677886664e-06,6.5270101728189585e-06,1.3374182886941363e-06,6.826166238706944e-06,4.531741407987923e-06,,,,,,,,,,,,2.0092261920307735,,,,,,,,,,,,,,,,,,,,,,,,,,,,,,,,0to1,10ns,210,0>1,0.4999983018874734,9.32545714867518e-08,1.6142642778049776e-13,False,False,False,,,,9.32545714867518e-08,1.6142642778049776e-13,4.001309702131147,False,,,,,,,,,,,,,,,,,,,,
E15,1.0,7,100,0,DC,slow,positive,fallback100,e15_s07_pos100_tap0_cpldc_ronfallback100_originslow_positive_transition0to1_skew0ns_order012,,,,,,,,,,,,,,,,,,,0.00192002999863,-0.00190000001004,0.0010761137566,-0.000996120419845,0.00190262143291,-0.000503723266286,1.00032742555,60113,0.0003259472369087635,0.01987226527761183,0.019945856822668823,-4.980054143177331,0.019784668740667814,0.02027071645284798,-4.979729283547152,0.0020886036830222755,0.009987599224925753,0.019981705035399467,-4.980018294964601,0.009956219303820119,0.019918924852214696,-4.980081075147785,0.014237988850603997,0.04994203140695579,0.09991659888210838,-4.900083401117891,0.049620081645873386,0.09927299421021817,-4.900727005789782,3.9322585290834736e-08,1.2102939671140758e-06,6.5270101728190135e-06,1.3374182886942855e-06,6.826166238709229e-06,4.531741407989443e-06,,,,,,,,,,,,2.0092261920307735,,,,,,,,,,,,,,,,,,,,,,,,,,,,,,,,0to1,0ns,012,0>1,0.49999830188747346,7.325457148665374e-08,1.6120438317557273e-13,False,False,False,,,,7.325457148665374e-08,1.6120438317557273e-13,4.001309702131147,False,,,,,,,,,,,,,,,,,,,,
E15,1.0,7,100,0,DC,slow,positive,fallback100,e15_s07_pos100_tap0_cpldc_ronfallback100_originslow_positive_transition0to1_skew10ns_order012,,,,,,,,,,,,,,,,,,,0.00192002999863,-0.00190000001004,0.0010761137566,-0.000996120419845,0.00190262143291,-0.000503723266286,1.00032742555,60113,0.0003259472369087635,0.01987226527761183,0.019945856822668823,-4.980054143177331,0.019784668740667814,0.02027071645284798,-4.979729283547152,0.0020886036830222755,0.009987599224925753,0.019981705035399467,-4.980018294964601,0.009956219303820119,0.019918924852214696,-4.980081075147785,0.014237988850603997,0.04994203140695579,0.09991659888210838,-4.900083401117891,0.049620081645873386,0.09927299421021817,-4.900727005789782,3.9322585290834736e-08,1.2102939671140758e-06,6.5270101728190135e-06,1.3374182886942855e-06,6.826166238709229e-06,4.531741407989443e-06,,,,,,,,,,,,2.0092261920307735,,,,,,,,,,,,,,,,,,,,,,,,,,,,,,,,0to1,10ns,012,0>1,0.49999830188747346,7.325457148665374e-08,1.6120438317557273e-13,False,False,False,,,,7.325457148665374e-08,1.6120438317557273e-13,4.001309702131147,False,,,,,,,,,,,,,,,,,,,,
E15,1.0,7,100,0,DC,slow,positive,fallback100,e15_s07_pos100_tap0_cpldc_ronfallback100_originslow_positive_transition0to1_skew10ns_order021,,,,,,,,,,,,,,,,,,,0.00192002999863,-0.00190000001004,0.0010761137566,-0.000996120419845,0.00190262143291,-0.000503723266286,1.00032742555,60113,0.0003259472369087635,0.01987226527761183,0.019945856822668823,-4.980054143177331,0.019784668740667814,0.02027071645284798,-4.979729283547152,0.0020886036830222755,0.009987599224925753,0.019981705035399467,-4.980018294964601,0.009956219303820119,0.019918924852214696,-4.980081075147785,0.014237988850603997,0.04994203140695579,0.09991659888210838,-4.900083401117891,0.049620081645873386,0.09927299421021817,-4.900727005789782,3.9322585290834736e-08,1.2102939671140758e-06,6.5270101728190135e-06,1.3374182886942855e-06,6.826166238709229e-06,4.531741407989443e-06,,,,,,,,,,,,2.0092261920307735,,,,,,,,,,,,,,,,,,,,,,,,,,,,,,,,0to1,10ns,021,0>1,0.49999830188747346,7.325457148665374e-08,1.6120438317557273e-13,False,False,False,,,,7.325457148665374e-08,1.6120438317557273e-13,4.001309702131147,False,,,,,,,,,,,,,,,,,,,,
E15,1.0,7,100,0,DC,slow,positive,fallback100,e15_s07_pos100_tap0_cpldc_ronfallback100_originslow_positive_transition0to1_skew10ns_order102,,,,,,,,,,,,,,,,,,,0.00192002999863,-0.00190000001004,0.0010761137566,-0.000996120419845,0.00190262143291,-0.000503723266286,1.00032742555,60113,0.0003259472369080488,0.019872265277611236,0.01994585682266871,-4.980054143177331,0.01978466874066783,0.020270716452847993,-4.979729283547152,0.0020886036830208288,0.009987599224925748,0.019981705035399467,-4.980018294964601,0.009956219303820119,0.019918924852214696,-4.980081075147785,0.014237988850606065,0.049942031406955786,0.09991659888210838,-4.900083401117891,0.049620081645873386,0.09927299421021817,-4.900727005789782,3.9322585290828753e-08,1.2102939674564668e-06,6.5270101728188644e-06,1.3374182886944973e-06,6.826166238716553e-06,4.5317414079903155e-06,,,,,,,,,,,,2.0092261920307735,,,,,,,,,,,,,,,,,,,,,,,,,,,,,,,,0to1,10ns,102,0>1,0.49999830188747346,8.32545714866096e-08,1.6120438317557273e-13,False,False,False,,,,8.32545714866096e-08,1.6120438317557273e-13,4.001309702131147,False,,,,,,,,,,,,,,,,,,,,
E15,1.0,7,100,0,DC,slow,positive,fallback100,e15_s07_pos100_tap0_cpldc_ronfallback100_originslow_positive_transition0to1_skew10ns_order120,,,,,,,,,,,,,,,,,,,0.00192002999863,-0.00190000001004,0.0010761137566,-0.000996120419845,0.00190262143291,-0.000503723266286,1.00032742555,60113,0.0003259472369075457,0.01987226527761146,0.01994585682266859,-4.980054143177331,0.01978466874066768,0.020270716452846525,-4.979729283547154,0.002088603683022737,0.009987599224925746,0.019981705035399467,-4.980018294964601,0.009956219303820115,0.019918924852214696,-4.980081075147785,0.014237988850600874,0.04994203140695577,0.09991659888210838,-4.900083401117891,0.04962008164587338,0.09927299421021817,-4.900727005789782,3.932258529081823e-08,1.2102939677886664e-06,6.5270101728189585e-06,1.3374182886941363e-06,6.826166238706944e-06,4.531741407987923e-06,,,,,,,,,,,,2.0092261920307735,,,,,,,,,,,,,,,,,,,,,,,,,,,,,,,,0to1,10ns,120,0>1,0.4999983018874734,9.32545714867518e-08,1.6142642778049776e-13,False,False,False,,,,9.32545714867518e-08,1.6142642778049776e-13,4.001309702131147,False,,,,,,,,,,,,,,,,,,,,
E15,1.0,7,100,0,DC,slow,positive,fallback100,e15_s07_pos100_tap0_cpldc_ronfallback100_originslow_positive_transition0to1_skew10ns_order201,,,,,,,,,,,,,,,,,,,0.00192002999863,-0.00190000001004,0.0010761137566,-0.000996120419845,0.00190262143291,-0.000503723266286,1.00032742555,60113,0.0003259472369080488,0.019872265277611236,0.01994585682266871,-4.980054143177331,0.01978466874066783,0.020270716452847993,-4.979729283547152,0.0020886036830208288,0.009987599224925748,0.019981705035399467,-4.980018294964601,0.009956219303820119,0.019918924852214696,-4.980081075147785,0.014237988850606065,0.049942031406955786,0.09991659888210838,-4.900083401117891,0.049620081645873386,0.09927299421021817,-4.900727005789782,3.9322585290828753e-08,1.2102939674564668e-06,6.5270101728188644e-06,1.3374182886944973e-06,6.826166238716553e-06,4.5317414079903155e-06,,,,,,,,,,,,2.0092261920307735,,,,,,,,,,,,,,,,,,,,,,,,,,,,,,,,0to1,10ns,201,0>1,0.49999830188747346,8.32545714866096e-08,1.6120438317557273e-13,False,False,False,,,,8.32545714866096e-08,1.6120438317557273e-13,4.001309702131147,False,,,,,,,,,,,,,,,,,,,,
E15,1.0,7,100,0,DC,slow,positive,fallback100,e15_s07_pos100_tap0_cpldc_ronfallback100_originslow_positive_transition0to1_skew10ns_order210,,,,,,,,,,,,,,,,,,,0.00192002999863,-0.00190000001004,0.0010761137566,-0.000996120419845,0.00190262143291,-0.000503723266286,1.00032742555,60113,0.0003259472369075457,0.01987226527761146,0.01994585682266859,-4.980054143177331,0.01978466874066768,0.020270716452846525,-4.979729283547154,0.002088603683022737,0.009987599224925746,0.019981705035399467,-4.980018294964601,0.009956219303820115,0.019918924852214696,-4.980081075147785,0.014237988850600874,0.04994203140695577,0.09991659888210838,-4.900083401117891,0.04962008164587338,0.09927299421021817,-4.900727005789782,3.932258529081823e-08,1.2102939677886664e-06,6.5270101728189585e-06,1.3374182886941363e-06,6.826166238706944e-06,4.531741407987923e-06,,,,,,,,,,,,2.0092261920307735,,,,,,,,,,,,,,,,,,,,,,,,,,,,,,,,0to1,10ns,210,0>1,0.4999983018874734,9.32545714867518e-08,1.6142642778049776e-13,False,False,False,,,,9.32545714867518e-08,1.6142642778049776e-13,4.001309702131147,False,,,,,,,,,,,,,,,,,,,,
E15,2.0,8,100,1,DC,nomi,positive,fallback100,e15_s08_pos100_tap1_cpldc_ronfallback100_originnomi_positive_transition1to2_skew0ns_order012,,,,,,,,,,,,,,,,,,,0.00194000061601,-0.00190000001008,0.00107604237895,-0.000996187822923,0.00190085141973,-0.00050438023817,0.998593874014,60115,0.00018223034178866532,0.03981543108809373,0.03984771692644871,-4.960152283073551,0.03980640856471117,0.040029064326138834,-4.959970935673861,0.002423277129757373,0.009987600268170091,0.0199470775050333,-4.980052922494966,0.009956220343786697,0.019884406117034334,-4.9801155938829655,0.015932700046270856,0.04994203662359897,0.09974344723649878,-4.900256552763501,0.04962008682890607,0.09910095568840532,-4.900899044311594,1.6820988186462658e-08,3.3088634684725476e-07,6.5056275933428405e-06,1.540632283063698e-06,7.88436789025054e-06,5.042791987331185e-06,,,,,,,,,,,,4.020392147921693,,,,,,,,,,,,,,,,,,,,,,,,,,,,,,,,1to2,0ns,012,1>2,0.49999835411446497,6.784724570879609e-08,1.6475709685437323e-13,False,False,False,,,,6.784724570879609e-08,1.6475709685437323e-13,3.9943754959845283,False,,,,,,,,,,,,,,,,,,,,
E15,2.0,8,100,1,DC,nomi,positive,fallback100,e15_s08_pos100_tap1_cpldc_ronfallback100_originnomi_positive_transition1to2_skew10ns_order012,,,,,,,,,,,,,,,,,,,0.00194000061601,-0.00190000001008,0.00107604237895,-0.000996187822923,0.00190085141973,-0.00050438023817,0.998593874014,60137,0.00018223684731526885,0.039815431187763504,0.039847716564380485,-4.96015228343562,0.03980640827612678,0.04002907957013273,-4.959970920429868,0.002423136390709603,0.00998760026817009,0.0199470775050333,-4.980052922494966,0.009956220343786695,0.019884406117034334,-4.9801155938829655,0.015931666117339455,0.049942036623598966,0.09974344723649878,-4.900256552763501,0.04962008682890606,0.09910095568840532,-4.900899044311594,1.6820890780793327e-08,3.3106992255419083e-07,6.5700075950639505e-06,1.5405499182169384e-06,7.884047666438069e-06,5.042471553955883e-06,,,,,,,,,,,,4.020392147921693,,,,,,,,,,,,,,,,,,,,,,,,,,,,,,,,1to2,10ns,012,1>0>2,0.49999835411446497,7.786190697141573e-08,1.6497914145929826e-13,False,False,False,,,,7.786190697141573e-08,1.6497914145929826e-13,3.9943754959845283,False,,,,,,,,,,,,,,,,,,,,
E15,2.0,8,100,1,DC,nomi,positive,fallback100,e15_s08_pos100_tap1_cpldc_ronfallback100_originnomi_positive_transition1to2_skew10ns_order021,,,,,,,,,,,,,,,,,,,0.00194000061601,-0.00190000001008,0.00107604237895,-0.000996187822923,0.00190085141973,-0.00050438023817,0.998593874014,60137,0.00018222973288297556,0.03981543231489598,0.03984771554795602,-4.960152284452044,0.03980641488041123,0.04002907145552768,-4.959970928544473,0.0024229734527102947,0.009987600268170095,0.0199470775050333,-4.980052922494966,0.009956220343786699,0.019884406117034334,-4.9801155938829655,0.015930592153917678,0.04994203662359898,0.09974344723649878,-4.900256552763501,0.04962008682890607,0.09910095568840532,-4.900899044311594,1.681976370518794e-08,3.310484195681671e-07,6.569568414063613e-06,1.5404473486329404e-06,7.88352528102239e-06,5.042138684445484e-06,,,,,,,,,,,,4.020392147921693,,,,,,,,,,,,,,,,,,,,,,,,,,,,,,,,1to2,10ns,021,1>0>2,0.49999835411446486,8.786189596716507e-08,1.6431300764452317e-13,False,False,False,,,,8.786189596716507e-08,1.6431300764452317e-13,3.9943754959845283,False,,,,,,,,,,,,,,,,,,,,
E15,2.0,8,100,1,DC,nomi,positive,fallback100,e15_s08_pos100_tap1_cpldc_ronfallback100_originnomi_positive_transition1to2_skew10ns_order102,,,,,,,,,,,,,,,,,,,0.00194000061601,-0.00190000001008,0.00107604237895,-0.000996187822923,0.00190085141973,-0.00050438023817,0.998593874014,60137,0.00018223684731526885,0.039815431187763504,0.039847716564380485,-4.96015228343562,0.03980640827612678,0.04002907957013273,-4.959970920429868,0.002423136390709603,0.00998760026817009,0.0199470775050333,-4.980052922494966,0.009956220343786695,0.019884406117034334,-4.9801155938829655,0.015931666117339455,0.049942036623598966,0.09974344723649878,-4.900256552763501,0.04962008682890606,0.09910095568840532,-4.900899044311594,1.6820890780793327e-08,3.3106992255419083e-07,6.5700075950639505e-06,1.5405499182169384e-06,7.884047666438069e-06,5.042471553955883e-06,,,,,,,,,,,,4.020392147921693,,,,,,,,,,,,,,,,,,,,,,,,,,,,,,,,1to2,10ns,102,1>3>2,0.49999835411446497,7.786190697141573e-08,1.6497914145929826e-13,False,False,False,,,,7.786190697141573e-08,1.6497914145929826e-13,3.9943754959845283,False,,,,,,,,,,,,,,,,,,,,
E15,2.0,8,100,1,DC,nomi,positive,fallback100,e15_s08_pos100_tap1_cpldc_ronfallback100_originnomi_positive_transition1to2_skew10ns_order120,,,,,,,,,,,,,,,,,,,0.00194000061601,-0.00190000001008,0.00107604237895,-0.000996187822923,0.00190085141973,-0.00050438023817,0.998593874014,60137,0.00018222973288297556,0.03981543231489598,0.03984771554795602,-4.960152284452044,0.03980641488041123,0.04002907145552768,-4.959970928544473,0.0024229734527102947,0.009987600268170095,0.0199470775050333,-4.980052922494966,0.009956220343786699,0.019884406117034334,-4.9801155938829655,0.015930592153917678,0.04994203662359898,0.09974344723649878,-4.900256552763501,0.04962008682890607,0.09910095568840532,-4.900899044311594,1.681976370518794e-08,3.310484195681671e-07,6.569568414063613e-06,1.5404473486329404e-06,7.88352528102239e-06,5.042138684445484e-06,,,,,,,,,,,,4.020392147921693,,,,,,,,,,,,,,,,,,,,,,,,,,,,,,,,1to2,10ns,120,1>3>2,0.49999835411446486,8.786189596716507e-08,1.6431300764452317e-13,False,False,False,,,,8.786189596716507e-08,1.6431300764452317e-13,3.9943754959845283,False,,,,,,,,,,,,,,,,,,,,
E15,2.0,8,100,1,DC,nomi,positive,fallback100,e15_s08_pos100_tap1_cpldc_ronfallback100_originnomi_positive_transition1to2_skew10ns_order201,,,,,,,,,,,,,,,,,,,0.00194000061601,-0.00190000001008,0.00107604237895,-0.000996187822923,0.00190085141973,-0.00050438023817,0.998593874014,60137,0.00018223684731519946,0.039815431187763206,0.03984771656438014,-4.96015228343562,0.03980640827612621,0.04002907957013239,-4.959970920429868,0.002423136390709558,0.009987600268170093,0.0199470775050333,-4.980052922494966,0.009956220343786699,0.019884406117034334,-4.9801155938829655,0.015931666117339344,0.04994203662359898,0.09974344723649878,-4.900256552763501,0.049620086828906076,0.09910095568840532,-4.900899044311594,1.6820890780870436e-08,3.310699224182319e-07,6.570007595063819e-06,1.5405499182169109e-06,7.884047666437948e-06,5.042471553955846e-06,,,,,,,,,,,,4.020392147921693,,,,,,,,,,,,,,,,,,,,,,,,,,,,,,,,1to2,10ns,201,1>0>2,0.49999835411446497,8.786190697141563e-08,1.645350522494482e-13,False,False,False,,,,8.786190697141563e-08,1.645350522494482e-13,3.9943754959845275,False,,,,,,,,,,,,,,,,,,,,
E15,2.0,8,100,1,DC,nomi,positive,fallback100,e15_s08_pos100_tap1_cpldc_ronfallback100_originnomi_positive_transition1to2_skew10ns_order210,,,,,,,,,,,,,,,,,,,0.00194000061601,-0.00190000001008,0.00107604237895,-0.000996187822923,0.00190085141973,-0.00050438023817,0.998593874014,60137,0.00018223684731519946,0.039815431187763206,0.03984771656438014,-4.96015228343562,0.03980640827612621,0.04002907957013239,-4.959970920429868,0.002423136390709558,0.009987600268170093,0.0199470775050333,-4.980052922494966,0.009956220343786699,0.019884406117034334,-4.9801155938829655,0.015931666117339344,0.04994203662359898,0.09974344723649878,-4.900256552763501,0.049620086828906076,0.09910095568840532,-4.900899044311594,1.6820890780870436e-08,3.310699224182319e-07,6.570007595063819e-06,1.5405499182169109e-06,7.884047666437948e-06,5.042471553955846e-06,,,,,,,,,,,,4.020392147921693,,,,,,,,,,,,,,,,,,,,,,,,,,,,,,,,1to2,10ns,210,1>3>2,0.49999835411446497,8.786190697141563e-08,1.645350522494482e-13,False,False,False,,,,8.786190697141563e-08,1.645350522494482e-13,3.9943754959845275,False,,,,,,,,,,,,,,,,,,,,
E15,2.0,8,100,1,DC,slow,positive,fallback100,e15_s08_pos100_tap1_cpldc_ronfallback100_originslow_positive_transition1to2_skew0ns_order012,,,,,,,,,,,,,,,,,,,0.00194000061601,-0.00190000001008,0.00107604237895,-0.000996187822923,0.00190085141973,-0.00050438023817,0.998593874014,60115,0.00018223034178866532,0.03981543108809373,0.03984771692644871,-4.960152283073551,0.03980640856471117,0.040029064326138834,-4.959970935673861,0.002423277129757373,0.009987600268170091,0.0199470775050333,-4.980052922494966,0.009956220343786697,0.019884406117034334,-4.9801155938829655,0.015932700046270856,0.04994203662359897,0.09974344723649878,-4.900256552763501,0.04962008682890607,0.09910095568840532,-4.900899044311594,1.6820988186462658e-08,3.3088634684725476e-07,6.5056275933428405e-06,1.540632283063698e-06,7.88436789025054e-06,5.042791987331185e-06,,,,,,,,,,,,4.020392147921693,,,,,,,,,,,,,,,,,,,,,,,,,,,,,,,,1to2,0ns,012,1>2,0.49999835411446497,6.784724570879609e-08,1.6475709685437323e-13,False,False,False,,,,6.784724570879609e-08,1.6475709685437323e-13,3.9943754959845283,False,,,,,,,,,,,,,,,,,,,,
E15,2.0,8,100,1,DC,slow,positive,fallback100,e15_s08_pos100_tap1_cpldc_ronfallback100_originslow_positive_transition1to2_skew10ns_order012,,,,,,,,,,,,,,,,,,,0.00194000061601,-0.00190000001008,0.00107604237895,-0.000996187822923,0.00190085141973,-0.00050438023817,0.998593874014,60137,0.00018223684731526885,0.039815431187763504,0.039847716564380485,-4.96015228343562,0.03980640827612678,0.04002907957013273,-4.959970920429868,0.002423136390709603,0.00998760026817009,0.0199470775050333,-4.980052922494966,0.009956220343786695,0.019884406117034334,-4.9801155938829655,0.015931666117339455,0.049942036623598966,0.09974344723649878,-4.900256552763501,0.04962008682890606,0.09910095568840532,-4.900899044311594,1.6820890780793327e-08,3.3106992255419083e-07,6.5700075950639505e-06,1.5405499182169384e-06,7.884047666438069e-06,5.042471553955883e-06,,,,,,,,,,,,4.020392147921693,,,,,,,,,,,,,,,,,,,,,,,,,,,,,,,,1to2,10ns,012,1>0>2,0.49999835411446497,7.786190697141573e-08,1.6497914145929826e-13,False,False,False,,,,7.786190697141573e-08,1.6497914145929826e-13,3.9943754959845283,False,,,,,,,,,,,,,,,,,,,,
E15,2.0,8,100,1,DC,slow,positive,fallback100,e15_s08_pos100_tap1_cpldc_ronfallback100_originslow_positive_transition1to2_skew10ns_order021,,,,,,,,,,,,,,,,,,,0.00194000061601,-0.00190000001008,0.00107604237895,-0.000996187822923,0.00190085141973,-0.00050438023817,0.998593874014,60137,0.00018222973288297556,0.03981543231489598,0.03984771554795602,-4.960152284452044,0.03980641488041123,0.04002907145552768,-4.959970928544473,0.0024229734527102947,0.009987600268170095,0.0199470775050333,-4.980052922494966,0.009956220343786699,0.019884406117034334,-4.9801155938829655,0.015930592153917678,0.04994203662359898,0.09974344723649878,-4.900256552763501,0.04962008682890607,0.09910095568840532,-4.900899044311594,1.681976370518794e-08,3.310484195681671e-07,6.569568414063613e-06,1.5404473486329404e-06,7.88352528102239e-06,5.042138684445484e-06,,,,,,,,,,,,4.020392147921693,,,,,,,,,,,,,,,,,,,,,,,,,,,,,,,,1to2,10ns,021,1>0>2,0.49999835411446486,8.786189596716507e-08,1.6431300764452317e-13,False,False,False,,,,8.786189596716507e-08,1.6431300764452317e-13,3.9943754959845283,False,,,,,,,,,,,,,,,,,,,,
E15,2.0,8,100,1,DC,slow,positive,fallback100,e15_s08_pos100_tap1_cpldc_ronfallback100_originslow_positive_transition1to2_skew10ns_order102,,,,,,,,,,,,,,,,,,,0.00194000061601,-0.00190000001008,0.00107604237895,-0.000996187822923,0.00190085141973,-0.00050438023817,0.998593874014,60137,0.00018223684731526885,0.039815431187763504,0.039847716564380485,-4.96015228343562,0.03980640827612678,0.04002907957013273,-4.959970920429868,0.002423136390709603,0.00998760026817009,0.0199470775050333,-4.980052922494966,0.009956220343786695,0.019884406117034334,-4.9801155938829655,0.015931666117339455,0.049942036623598966,0.09974344723649878,-4.900256552763501,0.04962008682890606,0.09910095568840532,-4.900899044311594,1.6820890780793327e-08,3.3106992255419083e-07,6.5700075950639505e-06,1.5405499182169384e-06,7.884047666438069e-06,5.042471553955883e-06,,,,,,,,,,,,4.020392147921693,,,,,,,,,,,,,,,,,,,,,,,,,,,,,,,,1to2,10ns,102,1>3>2,0.49999835411446497,7.786190697141573e-08,1.6497914145929826e-13,False,False,False,,,,7.786190697141573e-08,1.6497914145929826e-13,3.9943754959845283,False,,,,,,,,,,,,,,,,,,,,
E15,2.0,8,100,1,DC,slow,positive,fallback100,e15_s08_pos100_tap1_cpldc_ronfallback100_originslow_positive_transition1to2_skew10ns_order120,,,,,,,,,,,,,,,,,,,0.00194000061601,-0.00190000001008,0.00107604237895,-0.000996187822923,0.00190085141973,-0.00050438023817,0.998593874014,60137,0.00018222973288297556,0.03981543231489598,0.03984771554795602,-4.960152284452044,0.03980641488041123,0.04002907145552768,-4.959970928544473,0.0024229734527102947,0.009987600268170095,0.0199470775050333,-4.980052922494966,0.009956220343786699,0.019884406117034334,-4.9801155938829655,0.015930592153917678,0.04994203662359898,0.09974344723649878,-4.900256552763501,0.04962008682890607,0.09910095568840532,-4.900899044311594,1.681976370518794e-08,3.310484195681671e-07,6.569568414063613e-06,1.5404473486329404e-06,7.88352528102239e-06,5.042138684445484e-06,,,,,,,,,,,,4.020392147921693,,,,,,,,,,,,,,,,,,,,,,,,,,,,,,,,1to2,10ns,120,1>3>2,0.49999835411446486,8.786189596716507e-08,1.6431300764452317e-13,False,False,False,,,,8.786189596716507e-08,1.6431300764452317e-13,3.9943754959845283,False,,,,,,,,,,,,,,,,,,,,
E15,2.0,8,100,1,DC,slow,positive,fallback100,e15_s08_pos100_tap1_cpldc_ronfallback100_originslow_positive_transition1to2_skew10ns_order201,,,,,,,,,,,,,,,,,,,0.00194000061601,-0.00190000001008,0.00107604237895,-0.000996187822923,0.00190085141973,-0.00050438023817,0.998593874014,60137,0.00018223684731519946,0.039815431187763206,0.03984771656438014,-4.96015228343562,0.03980640827612621,0.04002907957013239,-4.959970920429868,0.002423136390709558,0.009987600268170093,0.0199470775050333,-4.980052922494966,0.009956220343786699,0.019884406117034334,-4.9801155938829655,0.015931666117339344,0.04994203662359898,0.09974344723649878,-4.900256552763501,0.049620086828906076,0.09910095568840532,-4.900899044311594,1.6820890780870436e-08,3.310699224182319e-07,6.570007595063819e-06,1.5405499182169109e-06,7.884047666437948e-06,5.042471553955846e-06,,,,,,,,,,,,4.020392147921693,,,,,,,,,,,,,,,,,,,,,,,,,,,,,,,,1to2,10ns,201,1>0>2,0.49999835411446497,8.786190697141563e-08,1.645350522494482e-13,False,False,False,,,,8.786190697141563e-08,1.645350522494482e-13,3.9943754959845275,False,,,,,,,,,,,,,,,,,,,,
E15,2.0,8,100,1,DC,slow,positive,fallback100,e15_s08_pos100_tap1_cpldc_ronfallback100_originslow_positive_transition1to2_skew10ns_order210,,,,,,,,,,,,,,,,,,,0.00194000061601,-0.00190000001008,0.00107604237895,-0.000996187822923,0.00190085141973,-0.00050438023817,0.998593874014,60137,0.00018223684731519946,0.039815431187763206,0.03984771656438014,-4.96015228343562,0.03980640827612621,0.04002907957013239,-4.959970920429868,0.002423136390709558,0.009987600268170093,0.0199470775050333,-4.980052922494966,0.009956220343786699,0.019884406117034334,-4.9801155938829655,0.015931666117339344,0.04994203662359898,0.09974344723649878,-4.900256552763501,0.049620086828906076,0.09910095568840532,-4.900899044311594,1.6820890780870436e-08,3.310699224182319e-07,6.570007595063819e-06,1.5405499182169109e-06,7.884047666437948e-06,5.042471553955846e-06,,,,,,,,,,,,4.020392147921693,,,,,,,,,,,,,,,,,,,,,,,,,,,,,,,,1to2,10ns,210,1>3>2,0.49999835411446497,8.786190697141563e-08,1.645350522494482e-13,False,False,False,,,,8.786190697141563e-08,1.645350522494482e-13,3.9943754959845275,False,,,,,,,,,,,,,,,,,,,,
E15,20.0,11,100,0,DC,nomi,positive,fallback100,e15_s11_pos100_tap0_cpldc_ronfallback100_originnomi_positive_transition0to5_skew0ns_order012,,,,,,,,,,,,,,,,,,,0.00230115423702,-0.0019000000108,0.00205363559746,-0.000451551806236,0.00539063342251,-6.42870484821e-05,3.83934890665,60120,0.0006621534244377059,0.40001251685205064,0.40019792728258213,-4.599802072717418,0.3995051541822769,0.4008555350592906,-4.599144464940709,0.16295695458527493,0.009987600222883317,0.4001868578846132,-4.599813142115387,0.009956220298642212,0.3989305186111044,-4.601069481388896,1.6200821020387997,0.049942036397146825,2.0011010084947105,-2.9988989915052895,0.04962008660391291,0.3810189064559108,-4.61898109354409,1.0487659791650647e-07,1.646349214335513e-06,0.0002594468476810491,9.085546873619487e-05,0.0004633913672799487,4.795631592150513e-05,,,,,,,,,,,,40.38506506644667,,,,,,,,,,,,,,,,,,,,,,,,,,,,,,,,0to5,0ns,012,0>5,0.499998351847292,7.104515296729906e-08,7.505107646466058e-14,False,False,True,,,,7.104515296729906e-08,7.505107646466058e-14,15.357395626599551,True,,,,,,,,,,,,,,,,,,,,
E15,20.0,11,100,0,DC,nomi,positive,fallback100,e15_s11_pos100_tap0_cpldc_ronfallback100_originnomi_positive_transition0to5_skew10ns_order012,,,,,,,,,,,,,,,,,,,0.00230115423702,-0.0019000000108,0.00205363559746,-0.000451551806236,0.00539063342251,-6.42870484821e-05,3.83934890665,60143,0.0006621215871398523,0.40001248742583545,0.400197953507919,-4.599802046492081,0.3995052738669581,0.40085554960687714,-4.599144450393123,0.16294102925067383,0.009987600222883317,0.4001868578846132,-4.599813142115387,0.009956220298642213,0.3989305186111044,-4.601069481388896,1.6200821020387997,0.049942036397146825,2.0011010084947105,-2.9988989915052895,0.04962008660391291,0.3810189064559108,-4.61898109354409,1.0490568487559934e-07,1.6461143233954811e-06,0.00025999460836208417,9.08517331319543e-05,0.00046331669321310434,4.79555606030606e-05,,,,,,,,,,,,40.38506506644667,,,,,,,,,,,,,,,,,,,,,,,,,,,,,,,,0to5,10ns,012,0>1>5,0.4999983518472921,9.106046034335412e-08,7.549516567451064e-14,False,False,True,,,,9.106046034335412e-08,7.549516567451064e-14,15.357395626599551,True,,,,,,,,,,,,,,,,,,,,
E15,20.0,11,100,0,DC,nomi,positive,fallback100,e15_s11_pos100_tap0_cpldc_ronfallback100_originnomi_positive_transition0to5_skew10ns_order021,,,,,,,,,,,,,,,,,,,0.00230115423702,-0.0019000000108,0.00205363559746,-0.000451551806236,0.00539063342251,-6.42870484821e-05,3.83934890665,60143,0.000662141574641395,0.4000124841617888,0.40019795612678666,-4.599802043873213,0.39950525009624205,0.4008555727275461,-4.599144427272454,0.1629469292246779,0.00998760022288332,0.4001868578846132,-4.599813142115387,0.009956220298642213,0.3989305186111044,-4.601069481388896,1.6200821020387997,0.04994203639714683,2.0011010084947105,-2.9988989915052895,0.049620086603912913,0.3810189064559108,-4.61898109354409,1.0490895183055346e-07,1.646170407234443e-06,0.0002600034315225976,9.085426495803462e-05,0.00046332991854918106,4.795563283269694e-05,,,,,,,,,,,,40.38506506644667,,,,,,,,,,,,,,,,,,,,,,,,,,,,,,,,0to5,10ns,021,0>1>5,0.499998351847292,8.106047534227653e-08,7.505107646466058e-14,False,False,True,,,,8.106047534227653e-08,7.505107646466058e-14,15.357395626599551,True,,,,,,,,,,,,,,,,,,,,
E15,20.0,11,100,0,DC,nomi,positive,fallback100,e15_s11_pos100_tap0_cpldc_ronfallback100_originnomi_positive_transition0to5_skew10ns_order102,,,,,,,,,,,,,,,,,,,0.00230115423702,-0.0019000000108,0.00205363559746,-0.000451551806236,0.00539063342251,-6.42870484821e-05,3.83934890665,60143,0.0006621415746403958,0.4000124841617892,0.40019795612678594,-4.599802043873214,0.3995052500962384,0.40085557272754424,-4.5991444272724555,0.16294692922467788,0.009987600222883313,0.40018685788461295,-4.599813142115387,0.00995622029864221,0.39893051861110423,-4.601069481388896,1.6200821020387988,0.04994203639714681,2.0011010084947096,-2.9988989915052904,0.04962008660391291,0.3810189064559108,-4.61898109354409,1.0490895183016258e-07,1.6461704072309735e-06,0.0002600034315226006,9.085426495803459e-05,0.00046332991854918095,4.795563283269695e-05,,,,,,,,,,,,40.38506506644667,,,,,,,,,,,,,,,,,,,,,,,,,,,,,,,,0to5,10ns,102,0>1>5,0.499998351847292,9.106047534227643e-08,7.527312106958561e-14,False,False,True,,,,9.106047534227643e-08,7.527312106958561e-14,15.357395626599551,True,,,,,,,,,,,,,,,,,,,,
E15,20.0,11,100,0,DC,nomi,positive,fallback100,e15_s11_pos100_tap0_cpldc_ronfallback100_originnomi_positive_transition0to5_skew10ns_order120,,,,,,,,,,,,,,,,,,,0.00230115423702,-0.0019000000108,0.00205363559746,-0.000451551806236,0.00539063342251,-6.42870484821e-05,3.83934890665,60143,0.0006621415746403958,0.4000124841617892,0.40019795612678594,-4.599802043873214,0.3995052500962384,0.40085557272754424,-4.5991444272724555,0.16294692922467788,0.009987600222883313,0.40018685788461295,-4.599813142115387,0.00995622029864221,0.39893051861110423,-4.601069481388896,1.6200821020387988,0.04994203639714681,2.0011010084947096,-2.9988989915052904,0.04962008660391291,0.3810189064559108,-4.61898109354409,1.0490895183016258e-07,1.6461704072309735e-06,0.0002600034315226006,9.085426495803459e-05,0.00046332991854918095,4.795563283269695e-05,,,,,,,,,,,,40.38506506644667,,,,,,,,,,,,,,,,,,,,,,,,,,,,,,,,0to5,10ns,120,0>4>5,0.499998351847292,9.106047534227643e-08,7.527312106958561e-14,False,False,True,,,,9.106047534227643e-08,7.527312106958561e-14,15.357395626599551,True,,,,,,,,,,,,,,,,,,,,
E15,20.0,11,100,0,DC,nomi,positive,fallback100,e15_s11_pos100_tap0_cpldc_ronfallback100_originnomi_positive_transition0to5_skew10ns_order201,,,,,,,,,,,,,,,,,,,0.00230115423702,-0.0019000000108,0.00205363559746,-0.000451551806236,0.00539063342251,-6.42870484821e-05,3.83934890665,60143,0.000662141574641395,0.4000124841617888,0.40019795612678666,-4.599802043873213,0.39950525009624205,0.4008555727275461,-4.599144427272454,0.1629469292246779,0.00998760022288332,0.4001868578846132,-4.599813142115387,0.009956220298642213,0.3989305186111044,-4.601069481388896,1.6200821020387997,0.04994203639714683,2.0011010084947105,-2.9988989915052895,0.049620086603912913,0.3810189064559108,-4.61898109354409,1.0490895183055346e-07,1.646170407234443e-06,0.0002600034315225976,9.085426495803462e-05,0.00046332991854918106,4.795563283269694e-05,,,,,,,,,,,,40.38506506644667,,,,,,,,,,,,,,,,,,,,,,,,,,,,,,,,0to5,10ns,201,0>4>5,0.499998351847292,8.106047534227653e-08,7.505107646466058e-14,False,False,True,,,,8.106047534227653e-08,7.505107646466058e-14,15.357395626599551,True,,,,,,,,,,,,,,,,,,,,
E15,20.0,11,100,0,DC,nomi,positive,fallback100,e15_s11_pos100_tap0_cpldc_ronfallback100_originnomi_positive_transition0to5_skew10ns_order210,,,,,,,,,,,,,,,,,,,0.00230115423702,-0.0019000000108,0.00205363559746,-0.000451551806236,0.00539063342251,-6.42870484821e-05,3.83934890665,60143,0.0006621215871398523,0.40001248742583545,0.400197953507919,-4.599802046492081,0.3995052738669581,0.40085554960687714,-4.599144450393123,0.16294102925067383,0.009987600222883317,0.4001868578846132,-4.599813142115387,0.009956220298642213,0.3989305186111044,-4.601069481388896,1.6200821020387997,0.049942036397146825,2.0011010084947105,-2.9988989915052895,0.04962008660391291,0.3810189064559108,-4.61898109354409,1.0490568487559934e-07,1.6461143233954811e-06,0.00025999460836208417,9.08517331319543e-05,0.00046331669321310434,4.79555606030606e-05,,,,,,,,,,,,40.38506506644667,,,,,,,,,,,,,,,,,,,,,,,,,,,,,,,,0to5,10ns,210,0>4>5,0.4999983518472921,9.106046034335412e-08,7.549516567451064e-14,False,False,True,,,,9.106046034335412e-08,7.549516567451064e-14,15.357395626599551,True,,,,,,,,,,,,,,,,,,,,
E15,20.0,11,100,0,DC,slow,positive,fallback100,e15_s11_pos100_tap0_cpldc_ronfallback100_originslow_positive_transition0to5_skew0ns_order012,,,,,,,,,,,,,,,,,,,0.00230115423702,-0.0019000000108,0.00205363559746,-0.000451551806236,0.00539063342251,-6.42870484821e-05,3.83934890665,60120,0.0006621534244377059,0.40001251685205064,0.40019792728258213,-4.599802072717418,0.3995051541822769,0.4008555350592906,-4.599144464940709,0.16295695458527493,0.009987600222883317,0.4001868578846132,-4.599813142115387,0.009956220298642212,0.3989305186111044,-4.601069481388896,1.6200821020387997,0.049942036397146825,2.0011010084947105,-2.9988989915052895,0.04962008660391291,0.3810189064559108,-4.61898109354409,1.0487659791650647e-07,1.646349214335513e-06,0.0002594468476810491,9.085546873619487e-05,0.0004633913672799487,4.795631592150513e-05,,,,,,,,,,,,40.38506506644667,,,,,,,,,,,,,,,,,,,,,,,,,,,,,,,,0to5,0ns,012,0>5,0.499998351847292,7.104515296729906e-08,7.505107646466058e-14,False,False,True,,,,7.104515296729906e-08,7.505107646466058e-14,15.357395626599551,True,,,,,,,,,,,,,,,,,,,,
E15,20.0,11,100,0,DC,slow,positive,fallback100,e15_s11_pos100_tap0_cpldc_ronfallback100_originslow_positive_transition0to5_skew10ns_order012,,,,,,,,,,,,,,,,,,,0.00230115423702,-0.0019000000108,0.00205363559746,-0.000451551806236,0.00539063342251,-6.42870484821e-05,3.83934890665,60143,0.0006621215871398523,0.40001248742583545,0.400197953507919,-4.599802046492081,0.3995052738669581,0.40085554960687714,-4.599144450393123,0.16294102925067383,0.009987600222883317,0.4001868578846132,-4.599813142115387,0.009956220298642213,0.3989305186111044,-4.601069481388896,1.6200821020387997,0.049942036397146825,2.0011010084947105,-2.9988989915052895,0.04962008660391291,0.3810189064559108,-4.61898109354409,1.0490568487559934e-07,1.6461143233954811e-06,0.00025999460836208417,9.08517331319543e-05,0.00046331669321310434,4.79555606030606e-05,,,,,,,,,,,,40.38506506644667,,,,,,,,,,,,,,,,,,,,,,,,,,,,,,,,0to5,10ns,012,0>1>5,0.4999983518472921,9.106046034335412e-08,7.549516567451064e-14,False,False,True,,,,9.106046034335412e-08,7.549516567451064e-14,15.357395626599551,True,,,,,,,,,,,,,,,,,,,,
E15,20.0,11,100,0,DC,slow,positive,fallback100,e15_s11_pos100_tap0_cpldc_ronfallback100_originslow_positive_transition0to5_skew10ns_order021,,,,,,,,,,,,,,,,,,,0.00230115423702,-0.0019000000108,0.00205363559746,-0.000451551806236,0.00539063342251,-6.42870484821e-05,3.83934890665,60143,0.000662141574641395,0.4000124841617888,0.40019795612678666,-4.599802043873213,0.39950525009624205,0.4008555727275461,-4.599144427272454,0.1629469292246779,0.00998760022288332,0.4001868578846132,-4.599813142115387,0.009956220298642213,0.3989305186111044,-4.601069481388896,1.6200821020387997,0.04994203639714683,2.0011010084947105,-2.9988989915052895,0.049620086603912913,0.3810189064559108,-4.61898109354409,1.0490895183055346e-07,1.646170407234443e-06,0.0002600034315225976,9.085426495803462e-05,0.00046332991854918106,4.795563283269694e-05,,,,,,,,,,,,40.38506506644667,,,,,,,,,,,,,,,,,,,,,,,,,,,,,,,,0to5,10ns,021,0>1>5,0.499998351847292,8.106047534227653e-08,7.505107646466058e-14,False,False,True,,,,8.106047534227653e-08,7.505107646466058e-14,15.357395626599551,True,,,,,,,,,,,,,,,,,,,,
E15,20.0,11,100,0,DC,slow,positive,fallback100,e15_s11_pos100_tap0_cpldc_ronfallback100_originslow_positive_transition0to5_skew10ns_order102,,,,,,,,,,,,,,,,,,,0.00230115423702,-0.0019000000108,0.00205363559746,-0.000451551806236,0.00539063342251,-6.42870484821e-05,3.83934890665,60143,0.0006621415746403958,0.4000124841617892,0.40019795612678594,-4.599802043873214,0.3995052500962384,0.40085557272754424,-4.5991444272724555,0.16294692922467788,0.009987600222883313,0.40018685788461295,-4.599813142115387,0.00995622029864221,0.39893051861110423,-4.601069481388896,1.6200821020387988,0.04994203639714681,2.0011010084947096,-2.9988989915052904,0.04962008660391291,0.3810189064559108,-4.61898109354409,1.0490895183016258e-07,1.6461704072309735e-06,0.0002600034315226006,9.085426495803459e-05,0.00046332991854918095,4.795563283269695e-05,,,,,,,,,,,,40.38506506644667,,,,,,,,,,,,,,,,,,,,,,,,,,,,,,,,0to5,10ns,102,0>1>5,0.499998351847292,9.106047534227643e-08,7.527312106958561e-14,False,False,True,,,,9.106047534227643e-08,7.527312106958561e-14,15.357395626599551,True,,,,,,,,,,,,,,,,,,,,
E15,20.0,11,100,0,DC,slow,positive,fallback100,e15_s11_pos100_tap0_cpldc_ronfallback100_originslow_positive_transition0to5_skew10ns_order120,,,,,,,,,,,,,,,,,,,0.00230115423702,-0.0019000000108,0.00205363559746,-0.000451551806236,0.00539063342251,-6.42870484821e-05,3.83934890665,60143,0.0006621415746403958,0.4000124841617892,0.40019795612678594,-4.599802043873214,0.3995052500962384,0.40085557272754424,-4.5991444272724555,0.16294692922467788,0.009987600222883313,0.40018685788461295,-4.599813142115387,0.00995622029864221,0.39893051861110423,-4.601069481388896,1.6200821020387988,0.04994203639714681,2.0011010084947096,-2.9988989915052904,0.04962008660391291,0.3810189064559108,-4.61898109354409,1.0490895183016258e-07,1.6461704072309735e-06,0.0002600034315226006,9.085426495803459e-05,0.00046332991854918095,4.795563283269695e-05,,,,,,,,,,,,40.38506506644667,,,,,,,,,,,,,,,,,,,,,,,,,,,,,,,,0to5,10ns,120,0>4>5,0.499998351847292,9.106047534227643e-08,7.527312106958561e-14,False,False,True,,,,9.106047534227643e-08,7.527312106958561e-14,15.357395626599551,True,,,,,,,,,,,,,,,,,,,,
E15,20.0,11,100,0,DC,slow,positive,fallback100,e15_s11_pos100_tap0_cpldc_ronfallback100_originslow_positive_transition0to5_skew10ns_order201,,,,,,,,,,,,,,,,,,,0.00230115423702,-0.0019000000108,0.00205363559746,-0.000451551806236,0.00539063342251,-6.42870484821e-05,3.83934890665,60143,0.000662141574641395,0.4000124841617888,0.40019795612678666,-4.599802043873213,0.39950525009624205,0.4008555727275461,-4.599144427272454,0.1629469292246779,0.00998760022288332,0.4001868578846132,-4.599813142115387,0.009956220298642213,0.3989305186111044,-4.601069481388896,1.6200821020387997,0.04994203639714683,2.0011010084947105,-2.9988989915052895,0.049620086603912913,0.3810189064559108,-4.61898109354409,1.0490895183055346e-07,1.646170407234443e-06,0.0002600034315225976,9.085426495803462e-05,0.00046332991854918106,4.795563283269694e-05,,,,,,,,,,,,40.38506506644667,,,,,,,,,,,,,,,,,,,,,,,,,,,,,,,,0to5,10ns,201,0>4>5,0.499998351847292,8.106047534227653e-08,7.505107646466058e-14,False,False,True,,,,8.106047534227653e-08,7.505107646466058e-14,15.357395626599551,True,,,,,,,,,,,,,,,,,,,,
E15,20.0,11,100,0,DC,slow,positive,fallback100,e15_s11_pos100_tap0_cpldc_ronfallback100_originslow_positive_transition0to5_skew10ns_order210,,,,,,,,,,,,,,,,,,,0.00230115423702,-0.0019000000108,0.00205363559746,-0.000451551806236,0.00539063342251,-6.42870484821e-05,3.83934890665,60143,0.0006621215871398523,0.40001248742583545,0.400197953507919,-4.599802046492081,0.3995052738669581,0.40085554960687714,-4.599144450393123,0.16294102925067383,0.009987600222883317,0.4001868578846132,-4.599813142115387,0.009956220298642213,0.3989305186111044,-4.601069481388896,1.6200821020387997,0.049942036397146825,2.0011010084947105,-2.9988989915052895,0.04962008660391291,0.3810189064559108,-4.61898109354409,1.0490568487559934e-07,1.6461143233954811e-06,0.00025999460836208417,9.08517331319543e-05,0.00046331669321310434,4.79555606030606e-05,,,,,,,,,,,,40.38506506644667,,,,,,,,,,,,,,,,,,,,,,,,,,,,,,,,0to5,10ns,210,0>4>5,0.4999983518472921,9.106046034335412e-08,7.549516567451064e-14,False,False,True,,,,9.106046034335412e-08,7.549516567451064e-14,15.357395626599551,True,,,,,,,,,,,,,,,,,,,,
E15,20.0,11,100,4,DC,nomi,positive,fallback100,e15_s11_pos100_tap4_cpldc_ronfallback100_originnomi_positive_transition4to5_skew0ns_order012,,,,,,,,,,,,,,,,,,,0.00230111431473,-0.0019000000108,0.00107610021249,-0.000996133209256,0.00190228551238,-0.000503847864056,0.999999476294,60119,8.85421531039432e-05,0.4001146726186394,0.4001194347713142,-4.599880565228686,0.40017350348879893,0.4002078309610687,-4.599792169038931,0.0040395916293187156,0.009987600226555373,0.019975154279765366,-4.9800248457202345,0.009956220302302728,0.019912394678200596,-4.980087605321799,0.02422523360676819,0.049942036415508574,0.09988384245662665,-4.900116157543374,0.049620086622156515,0.09924044836199437,-4.900759551638005,2.7115336922282047e-09,4.12997573501217e-08,6.580799423535402e-06,2.5261688656576754e-06,1.2998679539798936e-05,7.508890023436732e-06,,,,,,,,,,,,40.38506506644667,,,,,,,,,,,,,,,,,,,,,,,,,,,,,,,,4to5,0ns,012,4>5,0.49999835203156817,5.3836389005996134e-08,1.850519737445211e-12,False,False,False,,,,5.3836389005996134e-08,1.850519737445211e-12,3.9999979051764663,False,,,,,,,,,,,,,,,,,,,,
E15,20.0,11,100,4,DC,nomi,positive,fallback100,e15_s11_pos100_tap4_cpldc_ronfallback100_originnomi_positive_transition4to5_skew10ns_order012,,,,,,,,,,,,,,,,,,,0.00230111431473,-0.0019000000108,0.00107610021249,-0.000996133209256,0.00190228551238,-0.000503847864056,0.999999476294,60119,8.85421531039432e-05,0.4001146726186394,0.4001194347713142,-4.599880565228686,0.40017350348879893,0.4002078309610687,-4.599792169038931,0.0040395916293187156,0.009987600226555373,0.019975154279765366,-4.9800248457202345,0.009956220302302728,0.019912394678200596,-4.980087605321799,0.02422523360676819,0.049942036415508574,0.09988384245662665,-4.900116157543374,0.049620086622156515,0.09924044836199437,-4.900759551638005,2.7115336922282047e-09,4.12997573501217e-08,6.580799423535402e-06,2.5261688656576754e-06,1.2998679539798936e-05,7.508890023436732e-06,,,,,,,,,,,,40.38506506644667,,,,,,,,,,,,,,,,,,,,,,,,,,,,,,,,4to5,10ns,012,4>5,0.49999835203156817,5.3836389005996134e-08,1.850519737445211e-12,False,False,False,,,,5.3836389005996134e-08,1.850519737445211e-12,3.9999979051764663,False,,,,,,,,,,,,,,,,,,,,
E15,20.0,11,100,4,DC,nomi,positive,fallback100,e15_s11_pos100_tap4_cpldc_ronfallback100_originnomi_positive_transition4to5_skew10ns_order021,,,,,,,,,,,,,,,,,,,0.00230111431473,-0.0019000000108,0.00107610021249,-0.000996133209256,0.00190228551238,-0.000503847864056,0.999999476294,60119,8.85421531039432e-05,0.4001146726186394,0.4001194347713142,-4.599880565228686,0.40017350348879893,0.4002078309610687,-4.599792169038931,0.0040395916293187156,0.009987600226555373,0.019975154279765366,-4.9800248457202345,0.009956220302302728,0.019912394678200596,-4.980087605321799,0.02422523360676819,0.049942036415508574,0.09988384245662665,-4.900116157543374,0.049620086622156515,0.09924044836199437,-4.900759551638005,2.7115336922282047e-09,4.12997573501217e-08,6.580799423535402e-06,2.5261688656576754e-06,1.2998679539798936e-05,7.508890023436732e-06,,,,,,,,,,,,40.38506506644667,,,,,,,,,,,,,,,,,,,,,,,,,,,,,,,,4to5,10ns,021,4>5,0.49999835203156817,5.3836389005996134e-08,1.850519737445211e-12,False,False,False,,,,5.3836389005996134e-08,1.850519737445211e-12,3.9999979051764663,False,,,,,,,,,,,,,,,,,,,,
E15,20.0,11,100,4,DC,nomi,positive,fallback100,e15_s11_pos100_tap4_cpldc_ronfallback100_originnomi_positive_transition4to5_skew10ns_order102,,,,,,,,,,,,,,,,,,,0.00230111431473,-0.0019000000108,0.00107610021249,-0.000996133209256,0.00190228551238,-0.000503847864056,0.999999476294,60119,8.854215311421276e-05,0.4001146726186412,0.40011943477131573,-4.599880565228684,0.40017350348880426,0.4002078309610815,-4.599792169038919,0.0040395916293187745,0.009987600226555392,0.019975154279765397,-4.9800248457202345,0.009956220302302747,0.019912394678200624,-4.980087605321799,0.024225233606768246,0.049942036415508664,0.09988384245662679,-4.900116157543374,0.04962008662215656,0.0992404483619945,-4.900759551638005,2.711533690924621e-09,4.129975743338843e-08,6.580799423535268e-06,2.526168865657714e-06,1.2998679539799077e-05,7.508890023436766e-06,,,,,,,,,,,,40.38506506644667,,,,,,,,,,,,,,,,,,,,,,,,,,,,,,,,4to5,10ns,102,4>5,0.4999983520315681,6.383638900599604e-08,1.8485213360008856e-12,False,False,False,,,,6.383638900599604e-08,1.8485213360008856e-12,3.999997905176471,False,,,,,,,,,,,,,,,,,,,,
E15,20.0,11,100,4,DC,nomi,positive,fallback100,e15_s11_pos100_tap4_cpldc_ronfallback100_originnomi_positive_transition4to5_skew10ns_order120,,,,,,,,,,,,,,,,,,,0.00230111431473,-0.0019000000108,0.00107610021249,-0.000996133209256,0.00190228551238,-0.000503847864056,0.999999476294,60119,8.85421531109376e-05,0.40011467261864003,0.40011943477131673,-4.599880565228683,0.4001735034888029,0.4002078309610777,-4.599792169038922,0.004039591629318787,0.00998760022655539,0.019975154279765317,-4.9800248457202345,0.009956220302302745,0.019912394678200582,-4.980087605321799,0.024225233606768357,0.04994203641550866,0.09988384245662657,-4.900116157543374,0.04962008662215662,0.09924044836199447,-4.900759551638005,2.711533692520537e-09,4.129975736399949e-08,6.580799423535373e-06,2.5261688656577195e-06,1.2998679539799124e-05,7.508890023436799e-06,,,,,,,,,,,,40.38506506644667,,,,,,,,,,,,,,,,,,,,,,,,,,,,,,,,4to5,10ns,120,4>5,0.4999983520315681,7.383638900599594e-08,1.8463008899516353e-12,False,False,False,,,,7.383638900599594e-08,1.8463008899516353e-12,3.99999790517647,False,,,,,,,,,,,,,,,,,,,,
E15,20.0,11,100,4,DC,nomi,positive,fallback100,e15_s11_pos100_tap4_cpldc_ronfallback100_originnomi_positive_transition4to5_skew10ns_order201,,,,,,,,,,,,,,,,,,,0.00230111431473,-0.0019000000108,0.00107610021249,-0.000996133209256,0.00190228551238,-0.000503847864056,0.999999476294,60119,8.854215311421276e-05,0.4001146726186412,0.40011943477131573,-4.599880565228684,0.40017350348880426,0.4002078309610815,-4.599792169038919,0.0040395916293187745,0.009987600226555392,0.019975154279765397,-4.9800248457202345,0.009956220302302747,0.019912394678200624,-4.980087605321799,0.024225233606768246,0.049942036415508664,0.09988384245662679,-4.900116157543374,0.04962008662215656,0.0992404483619945,-4.900759551638005,2.711533690924621e-09,4.129975743338843e-08,6.580799423535268e-06,2.526168865657714e-06,1.2998679539799077e-05,7.508890023436766e-06,,,,,,,,,,,,40.38506506644667,,,,,,,,,,,,,,,,,,,,,,,,,,,,,,,,4to5,10ns,201,4>5,0.4999983520315681,6.383638900599604e-08,1.8485213360008856e-12,False,False,False,,,,6.383638900599604e-08,1.8485213360008856e-12,3.999997905176471,False,,,,,,,,,,,,,,,,,,,,
E15,20.0,11,100,4,DC,nomi,positive,fallback100,e15_s11_pos100_tap4_cpldc_ronfallback100_originnomi_positive_transition4to5_skew10ns_order210,,,,,,,,,,,,,,,,,,,0.00230111431473,-0.0019000000108,0.00107610021249,-0.000996133209256,0.00190228551238,-0.000503847864056,0.999999476294,60119,8.85421531109376e-05,0.40011467261864003,0.40011943477131673,-4.599880565228683,0.4001735034888029,0.4002078309610777,-4.599792169038922,0.004039591629318787,0.00998760022655539,0.019975154279765317,-4.9800248457202345,0.009956220302302745,0.019912394678200582,-4.980087605321799,0.024225233606768357,0.04994203641550866,0.09988384245662657,-4.900116157543374,0.04962008662215662,0.09924044836199447,-4.900759551638005,2.711533692520537e-09,4.129975736399949e-08,6.580799423535373e-06,2.5261688656577195e-06,1.2998679539799124e-05,7.508890023436799e-06,,,,,,,,,,,,40.38506506644667,,,,,,,,,,,,,,,,,,,,,,,,,,,,,,,,4to5,10ns,210,4>5,0.4999983520315681,7.383638900599594e-08,1.8463008899516353e-12,False,False,False,,,,7.383638900599594e-08,1.8463008899516353e-12,3.99999790517647,False,,,,,,,,,,,,,,,,,,,,
E15,20.0,11,100,4,DC,slow,positive,fallback100,e15_s11_pos100_tap4_cpldc_ronfallback100_originslow_positive_transition4to5_skew0ns_order012,,,,,,,,,,,,,,,,,,,0.00230111431473,-0.0019000000108,0.00107610021249,-0.000996133209256,0.00190228551238,-0.000503847864056,0.999999476294,60119,8.85421531039432e-05,0.4001146726186394,0.4001194347713142,-4.599880565228686,0.40017350348879893,0.4002078309610687,-4.599792169038931,0.0040395916293187156,0.009987600226555373,0.019975154279765366,-4.9800248457202345,0.009956220302302728,0.019912394678200596,-4.980087605321799,0.02422523360676819,0.049942036415508574,0.09988384245662665,-4.900116157543374,0.049620086622156515,0.09924044836199437,-4.900759551638005,2.7115336922282047e-09,4.12997573501217e-08,6.580799423535402e-06,2.5261688656576754e-06,1.2998679539798936e-05,7.508890023436732e-06,,,,,,,,,,,,40.38506506644667,,,,,,,,,,,,,,,,,,,,,,,,,,,,,,,,4to5,0ns,012,4>5,0.49999835203156817,5.3836389005996134e-08,1.850519737445211e-12,False,False,False,,,,5.3836389005996134e-08,1.850519737445211e-12,3.9999979051764663,False,,,,,,,,,,,,,,,,,,,,
E15,20.0,11,100,4,DC,slow,positive,fallback100,e15_s11_pos100_tap4_cpldc_ronfallback100_originslow_positive_transition4to5_skew10ns_order012,,,,,,,,,,,,,,,,,,,0.00230111431473,-0.0019000000108,0.00107610021249,-0.000996133209256,0.00190228551238,-0.000503847864056,0.999999476294,60119,8.85421531039432e-05,0.4001146726186394,0.4001194347713142,-4.599880565228686,0.40017350348879893,0.4002078309610687,-4.599792169038931,0.0040395916293187156,0.009987600226555373,0.019975154279765366,-4.9800248457202345,0.009956220302302728,0.019912394678200596,-4.980087605321799,0.02422523360676819,0.049942036415508574,0.09988384245662665,-4.900116157543374,0.049620086622156515,0.09924044836199437,-4.900759551638005,2.7115336922282047e-09,4.12997573501217e-08,6.580799423535402e-06,2.5261688656576754e-06,1.2998679539798936e-05,7.508890023436732e-06,,,,,,,,,,,,40.38506506644667,,,,,,,,,,,,,,,,,,,,,,,,,,,,,,,,4to5,10ns,012,4>5,0.49999835203156817,5.3836389005996134e-08,1.850519737445211e-12,False,False,False,,,,5.3836389005996134e-08,1.850519737445211e-12,3.9999979051764663,False,,,,,,,,,,,,,,,,,,,,
E15,20.0,11,100,4,DC,slow,positive,fallback100,e15_s11_pos100_tap4_cpldc_ronfallback100_originslow_positive_transition4to5_skew10ns_order021,,,,,,,,,,,,,,,,,,,0.00230111431473,-0.0019000000108,0.00107610021249,-0.000996133209256,0.00190228551238,-0.000503847864056,0.999999476294,60119,8.85421531039432e-05,0.4001146726186394,0.4001194347713142,-4.599880565228686,0.40017350348879893,0.4002078309610687,-4.599792169038931,0.0040395916293187156,0.009987600226555373,0.019975154279765366,-4.9800248457202345,0.009956220302302728,0.019912394678200596,-4.980087605321799,0.02422523360676819,0.049942036415508574,0.09988384245662665,-4.900116157543374,0.049620086622156515,0.09924044836199437,-4.900759551638005,2.7115336922282047e-09,4.12997573501217e-08,6.580799423535402e-06,2.5261688656576754e-06,1.2998679539798936e-05,7.508890023436732e-06,,,,,,,,,,,,40.38506506644667,,,,,,,,,,,,,,,,,,,,,,,,,,,,,,,,4to5,10ns,021,4>5,0.49999835203156817,5.3836389005996134e-08,1.850519737445211e-12,False,False,False,,,,5.3836389005996134e-08,1.850519737445211e-12,3.9999979051764663,False,,,,,,,,,,,,,,,,,,,,
E15,20.0,11,100,4,DC,slow,positive,fallback100,e15_s11_pos100_tap4_cpldc_ronfallback100_originslow_positive_transition4to5_skew10ns_order102,,,,,,,,,,,,,,,,,,,0.00230111431473,-0.0019000000108,0.00107610021249,-0.000996133209256,0.00190228551238,-0.000503847864056,0.999999476294,60119,8.854215311421276e-05,0.4001146726186412,0.40011943477131573,-4.599880565228684,0.40017350348880426,0.4002078309610815,-4.599792169038919,0.0040395916293187745,0.009987600226555392,0.019975154279765397,-4.9800248457202345,0.009956220302302747,0.019912394678200624,-4.980087605321799,0.024225233606768246,0.049942036415508664,0.09988384245662679,-4.900116157543374,0.04962008662215656,0.0992404483619945,-4.900759551638005,2.711533690924621e-09,4.129975743338843e-08,6.580799423535268e-06,2.526168865657714e-06,1.2998679539799077e-05,7.508890023436766e-06,,,,,,,,,,,,40.38506506644667,,,,,,,,,,,,,,,,,,,,,,,,,,,,,,,,4to5,10ns,102,4>5,0.4999983520315681,6.383638900599604e-08,1.8485213360008856e-12,False,False,False,,,,6.383638900599604e-08,1.8485213360008856e-12,3.999997905176471,False,,,,,,,,,,,,,,,,,,,,
E15,20.0,11,100,4,DC,slow,positive,fallback100,e15_s11_pos100_tap4_cpldc_ronfallback100_originslow_positive_transition4to5_skew10ns_order120,,,,,,,,,,,,,,,,,,,0.00230111431473,-0.0019000000108,0.00107610021249,-0.000996133209256,0.00190228551238,-0.000503847864056,0.999999476294,60119,8.85421531109376e-05,0.40011467261864003,0.40011943477131673,-4.599880565228683,0.4001735034888029,0.4002078309610777,-4.599792169038922,0.004039591629318787,0.00998760022655539,0.019975154279765317,-4.9800248457202345,0.009956220302302745,0.019912394678200582,-4.980087605321799,0.024225233606768357,0.04994203641550866,0.09988384245662657,-4.900116157543374,0.04962008662215662,0.09924044836199447,-4.900759551638005,2.711533692520537e-09,4.129975736399949e-08,6.580799423535373e-06,2.5261688656577195e-06,1.2998679539799124e-05,7.508890023436799e-06,,,,,,,,,,,,40.38506506644667,,,,,,,,,,,,,,,,,,,,,,,,,,,,,,,,4to5,10ns,120,4>5,0.4999983520315681,7.383638900599594e-08,1.8463008899516353e-12,False,False,False,,,,7.383638900599594e-08,1.8463008899516353e-12,3.99999790517647,False,,,,,,,,,,,,,,,,,,,,
E15,20.0,11,100,4,DC,slow,positive,fallback100,e15_s11_pos100_tap4_cpldc_ronfallback100_originslow_positive_transition4to5_skew10ns_order201,,,,,,,,,,,,,,,,,,,0.00230111431473,-0.0019000000108,0.00107610021249,-0.000996133209256,0.00190228551238,-0.000503847864056,0.999999476294,60119,8.854215311421276e-05,0.4001146726186412,0.40011943477131573,-4.599880565228684,0.40017350348880426,0.4002078309610815,-4.599792169038919,0.0040395916293187745,0.009987600226555392,0.019975154279765397,-4.9800248457202345,0.009956220302302747,0.019912394678200624,-4.980087605321799,0.024225233606768246,0.049942036415508664,0.09988384245662679,-4.900116157543374,0.04962008662215656,0.0992404483619945,-4.900759551638005,2.711533690924621e-09,4.129975743338843e-08,6.580799423535268e-06,2.526168865657714e-06,1.2998679539799077e-05,7.508890023436766e-06,,,,,,,,,,,,40.38506506644667,,,,,,,,,,,,,,,,,,,,,,,,,,,,,,,,4to5,10ns,201,4>5,0.4999983520315681,6.383638900599604e-08,1.8485213360008856e-12,False,False,False,,,,6.383638900599604e-08,1.8485213360008856e-12,3.999997905176471,False,,,,,,,,,,,,,,,,,,,,
E15,20.0,11,100,4,DC,slow,positive,fallback100,e15_s11_pos100_tap4_cpldc_ronfallback100_originslow_positive_transition4to5_skew10ns_order210,,,,,,,,,,,,,,,,,,,0.00230111431473,-0.0019000000108,0.00107610021249,-0.000996133209256,0.00190228551238,-0.000503847864056,0.999999476294,60119,8.85421531109376e-05,0.40011467261864003,0.40011943477131673,-4.599880565228683,0.4001735034888029,0.4002078309610777,-4.599792169038922,0.004039591629318787,0.00998760022655539,0.019975154279765317,-4.9800248457202345,0.009956220302302745,0.019912394678200582,-4.980087605321799,0.024225233606768357,0.04994203641550866,0.09988384245662657,-4.900116157543374,0.04962008662215662,0.09924044836199447,-4.900759551638005,2.711533692520537e-09,4.129975736399949e-08,6.580799423535373e-06,2.5261688656577195e-06,1.2998679539799124e-05,7.508890023436799e-06,,,,,,,,,,,,40.38506506644667,,,,,,,,,,,,,,,,,,,,,,,,,,,,,,,,4to5,10ns,210,4>5,0.4999983520315681,7.383638900599594e-08,1.8463008899516353e-12,False,False,False,,,,7.383638900599594e-08,1.8463008899516353e-12,3.99999790517647,False,,,,,,,,,,,,,,,,,,,,
ISOAMP,0.005,0,1,0,DC,nomi,zero,SWI1,isoamp_s00_pos1_tap0_cpldc_ronnomi_zero_stagea,,,,,,,,,,,,,,,,,,,,,,,,,,,,,,,,,,,,,,,,,,,,,,,,,,,,,,,,,,,,,,,,,,,,,,,,,,,,,,,,,,,,,,,,,,,,,,,,,,,,,,,,,,,,,,,,,,a,4.999745221851348,0.0011771818326452926,1.928654933106574e-15,1.2232071190499327,85200534.21975593,5.016064257028113,,,,,,,,,,,,,
ISOAMP,0.005,0,1,0,DC,nomi,zero,SWI1,isoamp_s00_pos1_tap0_cpldc_ronnomi_zero_stageb,,,,,,,,,,,,,,,,,,,,,,,,,,,,,,,,,,,,,,,,,,,,,,,,,,,,,,,,,,,,,,,,,,,,,,,,,,,,,,,,,,,,,,,,,,,,,,,,,,,,,,,,,,,,,,,,,,b,10.011555092849296,0.015794136645117317,0.0,1.0,32481166.55054551,10.076305220883533,,,,,,,,,,,,,
ISOCTRL,0.005,0,1,0,DC,nomi,zero,SWI1,isoctrl_s00_pos1_tap0_cpldc_ronnomi_zero,,,,,,,,,,,,,,,,,,,,,,,,,,,,,,,,,,,,,,,,,,,,,,,,,,,,,,,,,,,,,,,,,,,,,,,,,,,,,,,,,,,,,,,,,,,,,,,,,,,,,,,,,,,,,,,,,,,,,,,,,False,1.0151585158976798e-06,7.254225211928691e-16,,,,,,,,,,
ISOCTRL,0.005,0,1,0,DC,slow,zero,SWI1,isoctrl_s00_pos1_tap0_cpldc_ronslow_zero,,,,,,,,,,,,,,,,,,,,,,,,,,,,,,,,,,,,,,,,,,,,,,,,,,,,,,,,,,,,,,,,,,,,,,,,,,,,,,,,,,,,,,,,,,,,,,,,,,,,,,,,,,,,,,,,,,,,,,,,,False,1.0158188724994948e-06,4.259709633500563e-16,,,,,,,,,,
ISOLAD,0.005,0,1,0,DC,nomi,zero,SWI1,isolad_s00_pos1_tap0_cpldc_ronnomi_zero,,,,,,,,,,,,,,,,,,,,,,,,,,,,,,,,,,,,,,,,,,,,,,,,,,,,,,,,,,,,,,,,,,,,,,,,,,,,,,,,,,,,,,,,,,,,,,,,,,,,,,,,,,,,,,,,,,,,,,,,,,,,1.0,0.499849654205,0.250275633958,0.0999298386288,0.0499148040493,0.0249574020247,,,,
ISOSW,0.005,0,1,0,DC,nomi,zero,SWI1,isosw_s00_pos1_tap0_cpldc_ronnomi_zero_level0_control0,,,,,,,,,,,,,,,,,,,,,,,,,,,,,,,,,,,,,,,,,,,,,,,,,,,,,,,,,,,,,,,,,,,,,,,,,,,,,,,,,,,,,,,,,,,,,,,,,,,,,,,,,,,,,,,,,,,,,,,,,,,,,,,,,,0,0,69.1320757766,
ISOSW,0.005,0,1,0,DC,nomi,zero,SWI1,isosw_s00_pos1_tap0_cpldc_ronnomi_zero_level1_control5,,,,,,,,,,,,,,,,,,,,,,,,,,,,,,,,,,,,,,,,,,,,,,,,,,,,,,,,,,,,,,,,,,,,,,,,,,,,,,,,,,,,,,,,,,,,,,,,,,,,,,,,,,,,,,,,,,,,,,,,,,,,,,,,,,1,5,,1.99999999574e-09
ISOSW,0.005,0,1,0,DC,nomi,zero,SWI1,isosw_s00_pos1_tap0_cpldc_ronnomi_zero_level2_control0,,,,,,,,,,,,,,,,,,,,,,,,,,,,,,,,,,,,,,,,,,,,,,,,,,,,,,,,,,,,,,,,,,,,,,,,,,,,,,,,,,,,,,,,,,,,,,,,,,,,,,,,,,,,,,,,,,,,,,,,,,,,,,,,,,2,0,75.0356713488,
ISOSW,0.005,0,1,0,DC,nomi,zero,SWI1,isosw_s00_pos1_tap0_cpldc_ronnomi_zero_levelneg2_control0,,,,,,,,,,,,,,,,,,,,,,,,,,,,,,,,,,,,,,,,,,,,,,,,,,,,,,,,,,,,,,,,,,,,,,,,,,,,,,,,,,,,,,,,,,,,,,,,,,,,,,,,,,,,,,,,,,,,,,,,,,,,,,,,,,-2,0,71.6629126354,
