test,scale_V_div,ix,POS,tap,CPL,corner,polarity,mux_model,id,vmid,cf,scope,vdac_V,vin_V,esd,supply,center,adc_min_V,adc_max_V,adc_below_zero_V,adc_above_vdda_V,ip1_min_V,ip1_max_V,ip1_current_peak_A,ip1_rail_excess_V,im1_min_V,im1_max_V,im1_current_peak_A,im1_rail_excess_V,diff1_peak_V,vm1_min_V,vm1_max_V,o1_min_V,o1_max_V,adc1_min_V,adc1_max_V,iq1_min_A,iq1_max_A,iq1_mean_A,diode1_dp_peak_A,diode1_dn_peak_A,vref_current_min_A,vref_current_max_A,dac_current_peak_A,linear_gain,linear_intercept_V,linear_points,linear_nonlinearity_pct_fs,full_equation_error_V,full_nonlinearity_pct_fs,center_V,ideal_center_V,linear_equation_error_V,adc_min,adc_max,diff_peak,ip_peak,im_peak,points,sweep_min_V,sweep_max_V,step_max_V,ip1_at_neg3p9_V,im1_at_neg3p9_V,adc1_at_neg3p9_V,vm1_at_neg3p9_V,diff_at_neg3p9_V,ip1_at_zero_V,im1_at_zero_V,adc1_at_zero_V,vm1_at_zero_V,diff_at_zero_V,ip1_at_pos3p9_V,im1_at_pos3p9_V,adc1_at_pos3p9_V,vm1_at_pos3p9_V,diff_at_pos3p9_V,ip2_min_V,ip2_max_V,ip2_current_peak_A,ip2_rail_excess_V,im2_min_V,im2_max_V,im2_current_peak_A,im2_rail_excess_V,diff2_peak_V,vm2_min_V,vm2_max_V,o2_min_V,o2_max_V,adc2_min_V,adc2_max_V,iq2_min_A,iq2_max_A,iq2_mean_A,ip3_min_V,ip3_max_V,ip3_current_peak_A,ip3_rail_excess_V,im3_min_V,im3_max_V,im3_current_peak_A,im3_rail_excess_V,diff3_peak_V,vm3_min_V,vm3_max_V,o3_min_V,o3_max_V,adc3_min_V,adc3_max_V,iq3_min_A,iq3_max_A,iq3_mean_A,buffer_iq_min_A,buffer_iq_max_A,buffer_output_current_peak_A,buffer_diff_peak_V,buffer_ip_current_peak_A,buffer_ip_rail_excess_V,buffer_im_current_peak_A,buffer_im_rail_excess_V,diode2_dp_peak_A,diode2_dn_peak_A,diode3_dp_peak_A,diode3_dn_peak_A,gain_1hz,gain_2m,amp_gain_dc,amp_loss_2m_db,amp_peak_db,amp_peak_Hz,amp_minus3_Hz,adc_gain_dc,adc_loss_2m_db,adc_peak_db,adc_peak_Hz,adc_minus3_Hz,signed_gain_real,source_gain_2m,amplitude_V,recovery_s,initial_V,terminal_error_V,pulse_end_s,observation_after_end_s,vmid_during_shift_V,vmid_after_shift_V,bnc_peak_V,step_max_s,vm1_shift_neg_V,vm1_shift_pos_V,vm2_shift_neg_V,vm2_shift_pos_V,vm3_shift_neg_V,vm3_shift_pos_V,adc2_shift_neg_V,adc2_shift_pos_V,adc3_shift_neg_V,adc3_shift_pos_V,crosstalk_peak_div,offset_div,bnc_amp,thd_pct,fundamental_pp_V,actual_pp_V,mean_adc_V,harmonic1_V,harmonic2_V,harmonic3_V,harmonic4_V,harmonic5_V,harmonic6_V,harmonic7_V,harmonic8_V,harmonic9_V,onoise_100k,noise_adc_uV,noise_pct_div,noise_trace,excess_vdda,last_time_s,adc_excess_at_s,vdda_at_excess_V,adc_at_excess_V,ref_V,gain_dc,loss_2m_db,peak_db,peak_Hz,minus3_Hz
F0,NA,0,NA,NA,DC,nomi,both,SWI1,f0_m1_c1_iso_sna_visw1p25_d0p2_both_vdd3p3_e1,M1,C1,iso,0.2,0.0,1,3p3,2.53743646577,1.2874397444260808,3.2839464930164413,0.0,0.0,0.867166961544969,0.86966945763396,3.251736897997232e-06,-1.5671669615449688,0.7189353921513979,0.8696879764341353,4.776472826437753e-06,-1.4189353921513979,0.14823156939357107,0.867166961544969,0.86966945763396,1.2874397444260808,3.2839464930164413,1.2874397444260808,3.2839464930164413,0.0010040421900662539,0.0010042569200089753,0.0010041632932577945,3.8294497239042826e-13,1.4896423938121074e-13,0.00016303305423660401,0.0001632833038455031,8.308783826726243e-05,-0.9999973770769649,2.537436465772219,37,3.126388037344441e-12,0.5000606008576378,20.13946776407936,2.537436465772217,2.534007093874079,0.0034326505520017037,,,,,,,,,,,,,,,,,,,,,,,,,,,,,,,,,,,,,,,,,,,,,,,,,,,,,,,,,,,,,,,,,,,,,,,,,,,,,,,,,,,,,,,,,,,,,,,,,,,,,,,,,,,,,,,,,,,,,,,,,,,,,,,,,,,,,,,,,
F0,NA,0,NA,NA,DC,nomi,both,SWI1,f0_m1_c1_iso_sna_visw1p25_d0p725_both_vdd3p3_e1,M1,C1,iso,0.725,0.0,1,3p3,1.88607340998,0.6360766886377327,3.1360701313302406,0.0,0.0,0.8696694335340173,0.8696694661255587,3.2517393707897663e-06,-1.5696694335340173,0.8696865246305197,0.869688487975684,3.2814735090252558e-06,-1.5696865246305196,1.9021850125255924e-05,0.8696694335340173,0.8696694661255587,0.6360766886377327,3.1360701313302406,0.6360766886377327,3.1360701313302406,0.0010040004172422023,0.001004227056962175,0.0010041033649620945,1.9564428202500926e-17,1.9569849213363355e-17,0.00016303305338744413,0.00016303305664659828,1.7951425307156817e-05,-0.9999973770770147,1.8860734099840042,50,7.158718062783009e-12,0.0034343590316434636,7.158718062783009e-12,1.8860734099840433,1.8826423296060892,0.0034343590316434636,,,,,,,,,,,,,,,,,,,,,,,,,,,,,,,,,,,,,,,,,,,,,,,,,,,,,,,,,,,,,,,,,,,,,,,,,,,,,,,,,,,,,,,,,,,,,,,,,,,,,,,,,,,,,,,,,,,,,,,,,,,,,,,,,,,,,,,,,
F0,NA,0,NA,NA,DC,nomi,both,SWI1,f0_m1_c1_iso_sna_visw1p25_d1p25_both_vdd3p3_e1,M1,C1,iso,1.25,0.0,1,3p3,1.2347103542,0.024856837523469157,2.4847070755419995,0.0,0.0,0.8696694420255949,0.869868997019196,3.3098434104718776e-06,-1.569669442025595,0.8696870361720487,0.8817084096202804,3.2814684360470714e-06,-1.5696870361720485,0.011839412601084454,0.8696694420255949,0.869868997019196,0.024856837523469157,2.4847070755419995,0.024856837523469157,2.4847070755419995,0.0010040004172449316,0.0010041619192975046,0.0010040531532211781,1.2110782212151894e-14,1.2269634093453607e-14,0.0001630131002980804,0.00016303305579744052,4.71852312441627e-05,-0.9999973770770093,1.2347103541956583,46,7.331912854624534e-12,0.04357927218536998,1.6057281869629016,1.234710354195689,1.2312775653380992,0.0034354117805187045,,,,,,,,,,,,,,,,,,,,,,,,,,,,,,,,,,,,,,,,,,,,,,,,,,,,,,,,,,,,,,,,,,,,,,,,,,,,,,,,,,,,,,,,,,,,,,,,,,,,,,,,,,,,,,,,,,,,,,,,,,,,,,,,,,,,,,,,,
F0,NA,0,NA,NA,DC,nomi,both,SWI1,f0_m1_c1_iso_sna_visw1p25_d1p775_both_vdd3p3_e1,M1,C1,iso,1.775,0.0,1,3p3,0.583347298407,0.01146809074939829,1.8333440197536452,0.0,0.0,0.8696694505171929,0.8730399131433904,4.233229012130557e-06,-1.5696694505171929,0.869687547713598,1.072726920663762,3.2814633630868586e-06,-1.569687547713598,0.1996870075203716,0.8696694505171929,0.8730399131433904,0.01146809074939829,1.8333440197536452,0.01146809074939829,1.8333440197536452,0.0010040004172476612,0.0010040967816328345,0.0010040195801273707,2.004216671097625e-13,1.943455010637585e-12,0.00016269600868566096,0.00016303305494828072,0.00011232164420426821,-0.9999973770769677,0.5833472984072863,33,5.977440764581843e-12,0.6815552896792891,27.12470054753286,0.5833472984073348,0.5799128010701091,0.0034354153602678406,,,,,,,,,,,,,,,,,,,,,,,,,,,,,,,,,,,,,,,,,,,,,,,,,,,,,,,,,,,,,,,,,,,,,,,,,,,,,,,,,,,,,,,,,,,,,,,,,,,,,,,,,,,,,,,,,,,,,,,,,,,,,,,,,,,,,,,,,
F0,NA,0,NA,NA,DC,nomi,both,SWI1,f0_m1_c1_iso_sna_visw1p25_d2p3_both_vdd3p3_e1,M1,C1,iso,2.3,0.0,1,3p3,0.0209625467622,0.008637988296187291,1.181980963965291,0.0,0.0,0.8696694590087909,0.8762729329547859,5.174699215176628e-06,-1.5696694590087907,0.8696880592551474,1.2668981672304893,3.281458290126646e-06,-1.5696880592551472,0.3906252342757034,0.8696694590087909,0.8762729329547859,0.008637988296187291,1.181980963965291,0.008637988296187291,1.181980963965291,0.0010040004172503908,0.0010040316439681644,0.001004002645543333,3.913601918665438e-13,2.946113039626035e-09,0.0001623727067045214,0.00016303305409912092,0.00017745805716437373,-0.9999973770770243,-0.06801575738105425,20,5.853095785823825e-12,1.330089951494068,53.06601868094087,0.020962546762226673,-0.07145196319788072,0.003435418939789353,,,,,,,,,,,,,,,,,,,,,,,,,,,,,,,,,,,,,,,,,,,,,,,,,,,,,,,,,,,,,,,,,,,,,,,,,,,,,,,,,,,,,,,,,,,,,,,,,,,,,,,,,,,,,,,,,,,,,,,,,,,,,,,,,,,,,,,,,
F1,NA,0,NA,NA,DC,nomi,both,SWI1,f1_m1_c1_iso_sna_visw5_d0p2_both_vdd3p3_e0,M1,C1,iso,0.2,0.0,0,3p3,,0.0062719743198296875,3.291250708262074,0.0,0.0,0.8485647774067357,0.8819402054273396,6.8250349637258875e-06,-1.5485647774067357,-0.4016775789398352,1.6088892301589104,1.5889589709745364e-05,-0.29832242106016477,1.250242356346571,0.8485647774067357,0.8819402054273396,0.0062719743198296875,3.291250708262074,0.0062719743198296875,3.291250708262074,0.0010040004171794727,0.0010043697117465891,0.001004159484775596,,,0.00016180597945726603,0.00016514352225932642,0.00017480015262517494,,,,,,,,,,0.00627197431983,3.29125070826,1.25024235635,6.82503496373e-06,1.58895897097e-05,1001,-5.0,5.0,0.010000000000001563,0.8540287918317335,-0.07252027073826146,3.2905916077782065,0.8540287918317335,-0.926549062569995,0.8696694413380641,0.8696869947614265,2.53743646577146,0.8696694413380641,1.7553423362404175e-05,0.876484016344004,1.2802033278133473,0.008505506617518649,0.876484016344004,0.4037193114693435,,,,,,,,,,,,,,,,,,,,,,,,,,,,,,,,,,,,,,,,,,,,,,,,,,,,,,,,,,,,,,,,,,,,,,,,,,,,,,,,,,,,,,,,,,,,,,,,,,,,,,,,,,,,,,,,,
F1,NA,0,NA,NA,DC,nomi,both,SWI1,f1_m1_c1_iso_sna_visw5_d0p2_both_vdd3p3_e1,M1,C1,iso,0.2,0.0,1,3p3,,0.006918334455123211,3.289344168711776,0.0,0.0,0.5367477774545172,0.9410254113091577,9.369658411851542e-05,-1.236747777454517,-0.12163935900111804,1.5559014138421858,0.00010685102487503902,-0.578360640998882,0.6583871364556352,0.5367477774545172,0.9410254113091577,0.006918334455123211,3.289344168711776,0.006918334455123211,3.289344168711776,0.0010040004171794727,0.0010043414983244207,0.0010041563819178758,9.532090105656958e-05,1.8061673487426874e-05,0.00015589745886908422,0.00019632522225454828,0.00016822598186627615,,,,,,,,,,0.00691833445512,3.28934416871,0.658387136456,9.36965841185e-05,0.000106851024875,1001,-5.0,5.0,0.010000000000001563,0.70266549056579,0.06333798496177549,3.2893146176271744,0.70266549056579,-0.6393275056040145,0.869669441338179,0.8696869947615398,2.537436465772217,0.869669441338179,1.755342336073884e-05,0.8765000423254167,1.2801889970552858,0.008505818158873787,0.8765000423254167,0.4036889547298692,,,,,,,,,,,,,,,,,,,,,,,,,,,,,,,,,,,,,,,,,,,,,,,,,,,,,,,,,,,,,,,,,,,,,,,,,,,,,,,,,,,,,,,,,,,,,,,,,,,,,,,,,,,,,,,,,
F1,NA,0,NA,NA,DC,nomi,both,SWI1,f1_m1_c1_iso_sna_visw5_d1p25_both_vdd3p3_e0,M1,C1,iso,1.25,0.0,0,3p3,,0.00484593423390343,3.290421567915402,0.0,0.0,0.8550355659529525,0.8884080272243097,8.708494351882811e-06,-1.5550355659529524,-0.011871261798727014,1.9985168275675627,1.2023880948611609e-05,-0.688128738201273,1.1101088003432529,0.8550355659529525,0.8884080272243097,0.004845934233903431,3.290421567915402,0.00484593423390343,3.290421567915402,0.001004000417184932,0.0010043306481979288,0.0010041139459781483,,,0.00016115919727756903,0.00016449644340470475,0.00015655970990058647,,,,,,,,,,0.0048459342339,3.29042156792,1.11010880034,8.70849435188e-06,1.20238809486e-05,1001,-5.0,5.0,0.010000000000001563,0.8604959432166565,0.31706694042547057,3.2890306830954246,0.8604959432166565,-0.5434290027911859,0.8696694583212531,0.8696880178445182,1.2347103541946431,0.8696694583212531,1.8559523265126998e-05,0.8829464413202454,1.6695058157245304,0.005993644772561286,0.8829464413202454,0.7865593744042851,,,,,,,,,,,,,,,,,,,,,,,,,,,,,,,,,,,,,,,,,,,,,,,,,,,,,,,,,,,,,,,,,,,,,,,,,,,,,,,,,,,,,,,,,,,,,,,,,,,,,,,,,,,,,,,,,
F1,NA,0,NA,NA,DC,nomi,both,SWI1,f1_m1_c1_iso_sna_visw5_d1p25_both_vdd3p3_e1,M1,C1,iso,1.25,0.0,1,3p3,,0.00682021259908178,3.289344168767669,0.0,0.0,0.732219033840716,1.1300182968685273,7.906651360022381e-05,-1.432219033840716,0.09834838023799584,1.7816366844282019,7.83948050337131e-05,-0.7983483802379958,0.6516183875596746,0.732219033840716,1.1300182968685273,0.00682021259908178,3.289344168767669,0.00682021259908178,3.289344168767669,0.001004000417184932,0.0010043195173308759,0.0010041134015914234,3.754400037807463e-05,7.385852148911128e-05,0.00013699817031314728,0.00017677809661592839,0.00014288481634764318,,,,,,,,,,0.00682021259908,3.28934416877,0.65161838756,7.90665136002e-05,7.83948050337e-05,1001,-5.0,5.0,0.010000000000001563,0.8575330480787846,0.31972206869555203,3.288991668495905,0.8575330480787846,-0.5378109793832326,0.869669458321375,0.8696880178446412,1.2347103541955917,0.869669458321375,1.855952326623722e-05,0.9684083308884425,1.5928479227971208,0.006877954622591315,0.9684083308884425,0.6244395919086783,,,,,,,,,,,,,,,,,,,,,,,,,,,,,,,,,,,,,,,,,,,,,,,,,,,,,,,,,,,,,,,,,,,,,,,,,,,,,,,,,,,,,,,,,,,,,,,,,,,,,,,,,,,,,,,,,
F1,NA,0,NA,NA,DC,nomi,both,SWI1,f1_m1_c1_iso_sna_visw5_d2p3_both_vdd3p3_e0,M1,C1,iso,2.3,0.0,0,3p3,,0.004207359189615453,3.288638923598069,0.0,0.0,0.8615016153327721,0.894880136651879,1.0593202317555731e-05,-1.561501615332772,0.37764956355318213,2.388402715829218,1.1779633014152215e-05,-1.077649563553182,1.4935225791773388,0.8615016153327721,0.894880136651879,0.004207359189615453,3.288638923598069,0.004207359189615453,3.288638923598069,0.0010040004171903909,0.0010042915178474201,0.0010040734945452774,,,0.0001605119863348121,0.0001638498384667228,0.00023850501692888553,,,,,,,,,,0.00420735918962,3.2886389236,1.49352257918,1.05932023176e-05,1.17796330142e-05,1001,-5.0,5.0,0.010000000000001563,0.866947398325839,0.7057085933476561,3.2843117217477844,0.866947398325839,-0.16123880497818288,0.8701117213964514,0.8963303566134709,0.02096263447082804,0.8701117213964514,0.026218635217019504,0.8894148332901458,2.059167760880531,0.00468232151814662,0.8894148332901458,1.169752927590385,,,,,,,,,,,,,,,,,,,,,,,,,,,,,,,,,,,,,,,,,,,,,,,,,,,,,,,,,,,,,,,,,,,,,,,,,,,,,,,,,,,,,,,,,,,,,,,,,,,,,,,,,,,,,,,,,
F1,NA,0,NA,NA,DC,nomi,both,SWI1,f1_m1_c1_iso_sna_visw5_d2p3_both_vdd3p3_e1,M1,C1,iso,2.3,0.0,1,3p3,,0.006820212714943657,3.288633624593449,0.0,0.0,0.8611480763879917,1.3300999804781302,0.0001373312180239179,-1.5611480763879917,0.3779661834891228,1.9974312713352769,0.00013873889070608307,-1.0779661834891228,0.6673312908571467,0.8611480763879917,1.3300999804781302,0.006820212714943657,3.288633624593449,0.006820212714943657,3.288633624593449,0.0010040004171903909,0.0010042914856538407,0.0010040734942426753,1.0807016752786271e-07,0.00013304506976464733,0.00011699000195218699,0.00016388519236120081,0.00023846573405842143,,,,,,,,,,0.00682021271494,3.28863362459,0.667331290857,0.000137331218024,0.000138738890706,1001,-5.0,5.0,0.010000000000001563,0.866947395992581,0.7057085954109825,3.284311721626331,0.866947395992581,-0.16123880058159845,0.8701117215740892,0.8963303564716346,0.020962634530141317,0.8701117215740892,0.02621863489754539,1.160820702278233,1.8155179886267503,0.006821924046524657,1.160820702278233,0.6546972863485172,,,,,,,,,,,,,,,,,,,,,,,,,,,,,,,,,,,,,,,,,,,,,,,,,,,,,,,,,,,,,,,,,,,,,,,,,,,,,,,,,,,,,,,,,,,,,,,,,,,,,,,,,,,,,,,,,
F1,NA,0,NA,NA,DC,nomi,both,SWI1,f1_m2_c1_iso_sna_visw5_d0p2_both_vdd3p3_e0,M2,C1,iso,0.2,0.0,0,3p3,,0.0062076786408283595,3.2913133342965644,0.0,0.0,0.8695335116912554,0.8700347661478328,6.943102170614298e-06,-1.5695335116912554,-0.40134499466819884,1.6086917959220126,1.599110750417293e-05,-0.2986550053318011,1.270878506359454,0.8695335116912554,0.8700347661478328,0.0062076786408283595,3.2913133342965644,0.0062076786408283595,3.2913133342965644,0.0010040004171782812,0.0010043696847512138,0.0010041594900841245,,,0.0001630330536906171,0.000163033053691453,0.00017477565706228442,,,,,,,,,,0.00620767864083,3.2913133343,1.27087850636,6.94310217061e-06,1.59911075042e-05,1001,-5.0,5.0,0.010000000000001563,0.8696155756083173,-0.07226763622391029,3.2906562435477222,0.8696155756083173,-0.9418832118322276,0.8698505214191904,0.8698680743832471,2.538032343516095,0.8698505214191904,1.7552964056699594e-05,0.8699528196953242,1.280085471844161,0.0084383455639904,0.8699528196953242,0.4101326521488369,0.8698505213517544,0.8698505218551974,3.2508317807331027e-06,-1.5698505213517544,0.8698690804157575,0.8698690809191995,3.2805533903400427e-06,-1.5698690804157573,1.855906400349827e-05,0.8698505213517544,0.8698505218551974,1.2353061758310395,1.2353061774877132,1.2353061758310395,1.2353061774877132,0.0010040369584943113,0.0010040369584944267,0.001004036958494374,0.8698505213517544,0.8698505218551974,3.2508317807331027e-06,-1.5698505213517544,0.8698690804157575,0.8698690809191995,3.2805533903400427e-06,-1.5698690804157573,1.8559064004053383e-05,0.8698505213517544,0.8698505218551974,1.2353061758310395,1.2353061774877132,1.2353061758310395,1.2353061774877132,0.0010040369584943113,0.0010040369584944267,0.001004036958494374,0.0010040004171749778,0.0010040004171749778,1.344476572704321e-05,1.884225563519859e-05,3.2517384879353316e-06,-1.5696694630854697,3.2814558546603867e-06,-1.5696883048458958,,,,,,,,,,,,,,,,,,,,,,,,,,,,,,,,,,,,,,,,,,,,,,,,,,,,,,,,,,,,,,,,,,,,,
F1,NA,0,NA,NA,DC,nomi,both,SWI1,f1_m2_c1_iso_sna_visw5_d0p2_both_vdd3p3_e1,M2,C1,iso,0.2,0.0,1,3p3,,0.0067735290115211386,3.289731138704223,0.0,0.0,0.8599466143403556,0.8717584916895158,0.00019522406562174927,-1.5599466143403555,0.18215401016982272,1.5038640949304274,0.0002052435455047107,-0.8821540101698226,0.6777926041705329,0.8599466143403556,0.8717584916895158,0.0067735290115211386,3.289731138704223,0.0067735290115211386,3.289731138704223,0.0010040004171782812,0.0010043111766256598,0.0010041531401247421,0.00019513536111818354,3.508493834458844e-05,0.00016303305368772913,0.00016303305370742738,0.00016176973882511505,,,,,,,,,,0.00677352901152,3.2897311387,0.677792604171,0.000195224065622,0.000205243545505,1001,-5.0,5.0,0.010000000000001563,0.8650233559620103,0.2071581229108412,3.2896479476465808,0.8650233559620103,-0.6578652330511691,0.8698505214193247,0.8698680743833813,2.538032343516745,0.8698505214193247,1.755296405658857e-05,0.8699531287428481,1.2800667030462884,0.008438531913809387,0.8699531287428481,0.4101135743034404,0.8698505117231444,0.8698505235865813,3.2508318289198787e-06,-1.5698505117231445,0.8698690707871704,0.8698690826505764,3.2805534384424064e-06,-1.5698690707871703,1.85590640260358e-05,0.8698505117231444,0.8698505235865813,1.2353061441467046,1.2353061831855527,1.2353061441467046,1.2353061831855527,0.0010040369584921056,0.0010040369584948233,0.0010040369584941454,0.8698505117231444,0.8698505235865813,3.250831828919882e-06,-1.5698505117231445,0.8698690707871712,0.8698690826505773,3.2805534384423717e-06,-1.5698690707871712,1.8559064026923977e-05,0.8698505117231444,0.8698505235865813,1.235306144146708,1.2353061831855527,1.235306144146708,1.2353061831855527,0.0010040369584921056,0.0010040369584948233,0.0010040369584941454,0.0010040004171749778,0.0010041858550040412,0.00018872240196391238,1.884395856954768e-05,3.251738496338244e-06,-1.5696694629257264,3.281455950125689e-06,-1.5696882952148812,1.9087379246607307e-17,1.909822126833216e-17,1.9087379246607307e-17,1.909822126833216e-17,,,,,,,,,,,,,,,,,,,,,,,,,,,,,,,,,,,,,,,,,,,,,,,,,,,,,,,,,,,,,,,,,
F1,NA,0,NA,NA,DC,nomi,both,SWI1,f1_m2_c1_iso_sna_visw5_d1p25_both_vdd3p3_e0,M2,C1,iso,1.25,0.0,0,3p3,,0.004783980523627327,3.2904866726818174,0.0,0.0,0.8696306963349245,0.8701319062238314,8.889795125177912e-06,-1.5696306963349245,-0.011633328915682915,1.9982247447396495,1.2094477256909617e-05,-0.688366671084317,1.1280928385158182,0.8696306963349245,0.8701319062238314,0.004783980523627327,3.2904866726818174,0.004783980523627327,3.2904866726818174,0.0010040004171837404,0.0010043306309152583,0.001004113954184937,,,0.00016303305369045446,0.0001630330536912903,0.00015653018969177205,,,,,,,,,,0.00478398052363,3.29048667268,1.12809283852,8.88979512518e-06,1.20944772569e-05,1001,-5.0,5.0,0.010000000000001563,0.8697127057354616,0.3172254175589423,3.2890992687936484,0.8697127057354616,-0.5524872881765193,0.8698505216701563,0.8698690807341581,1.2353061768787987,0.8698505216701563,1.8559064001832937e-05,0.870049878787914,1.669293676164513,0.005929779250155519,0.870049878787914,0.7992437973765991,0.8698505214493717,0.8698505219527712,3.2508317802450152e-06,-1.5698505214493716,0.8698690805133749,0.8698690810167736,3.280553389851956e-06,-1.5698690805133748,1.8559064003720316e-05,0.8698505214493717,0.8698505219527712,1.2353061761522683,1.2353061778088001,1.2353061761522683,1.2353061778088001,0.0010040369584943336,0.001004036958494449,0.001004036958494389,0.8698505214493717,0.8698505219527712,3.250831780245017e-06,-1.5698505214493716,0.8698690805133739,0.8698690810167726,3.280553389851956e-06,-1.569869080513374,1.8559064003276227e-05,0.8698505214493717,0.8698505219527712,1.2353061761522652,1.235306177808797,1.2353061761522652,1.235306177808797,0.0010040369584943336,0.001004036958494449,0.001004036958494389,0.0010040004171749778,0.0010040004171749778,1.539145868063112e-05,1.884235160720671e-05,3.251738488408895e-06,-1.5696694630870969,3.2814558536889415e-06,-1.5696883049435375,,,,,,,,,,,,,,,,,,,,,,,,,,,,,,,,,,,,,,,,,,,,,,,,,,,,,,,,,,,,,,,,,,,,,
F1,NA,0,NA,NA,DC,nomi,both,SWI1,f1_m2_c1_iso_sna_visw5_d1p25_both_vdd3p3_e1,M2,C1,iso,1.25,0.0,1,3p3,,0.006559917540615532,3.28962257943355,0.0,0.0,0.8659262039624626,0.8775284167355952,0.00015711630977444582,-1.5659262039624626,0.2137609038085349,1.5482106501418589,0.00015401502175731594,-0.9137609038085348,0.6706822334062637,0.8659262039624626,0.8775284167355952,0.006559917540615532,3.28962257943355,0.006559917540615532,3.28962257943355,0.0010040004171837404,0.0010043080050800243,0.0010041128791575015,7.540226472343135e-05,0.0001505505490965524,0.00016303305367810684,0.00016303305369745543,0.00012856564468876738,,,,,,,,,,0.00655991754062,3.28962257943,0.670682233406,0.000157116309774,0.000154015021757,1001,-5.0,5.0,0.010000000000001563,0.8696456690741985,0.32130133065802735,3.2890743157627984,0.8696456690741985,-0.5483443384161711,0.8698505216702843,0.8698690807342861,1.2353061768794602,0.8698505216702843,1.8559064001832937e-05,0.8725897109217515,1.5148201746472474,0.006715508942623065,0.8725897109217515,0.6422304637254959,0.8698505177288386,0.8698505293816923,3.250831798891331e-06,-1.5698505177288387,0.8698690767928494,0.8698690884456732,3.280553408413992e-06,-1.5698690767928494,1.8559064010825743e-05,0.8698505177288386,0.8698505293816923,1.2353061639095588,1.2353062022554457,1.2353061639095588,1.2353062022554457,0.0010040369584934815,0.0010040369584961508,0.0010040369584944945,0.8698505177288386,0.8698505293816923,3.250831798891336e-06,-1.5698505177288387,0.8698690767928503,0.8698690884456741,3.2805534084139577e-06,-1.5698690767928503,1.855906401171392e-05,0.8698505177288386,0.8698505293816923,1.235306163909562,1.2353062022554488,1.235306163909562,1.2353062022554488,0.0010040369584934815,0.0010040369584961508,0.0010040369584944945,0.0010040004171749778,0.0010040660236643993,0.00016361797325569667,1.8849658903419275e-05,3.2517385243644483e-06,-1.5696694630254457,3.281455890548346e-06,-1.569688301222074,1.9087379246607307e-17,1.909822126833216e-17,1.9087379246607307e-17,1.909822126833216e-17,,,,,,,,,,,,,,,,,,,,,,,,,,,,,,,,,,,,,,,,,,,,,,,,,,,,,,,,,,,,,,,,,
F1,NA,0,NA,NA,DC,nomi,both,SWI1,f1_m2_c1_iso_sna_visw5_d2p3_both_vdd3p3_e0,M2,C1,iso,2.3,0.0,0,3p3,,0.004192432387440826,3.288708436641865,0.0,0.0,0.8697278099453069,0.8702291151285484,1.0837867411635569e-05,-1.5697278099453067,0.3777934925033909,2.388033697688066,1.1899197916167607e-05,-1.0777934925033907,1.5178045825595177,0.8697278099453069,0.8702291151285484,0.004192432387440826,3.288708436641865,0.004192432387440826,3.288708436641865,0.0010040004171891993,0.001004291510404384,0.0010040735043793667,,,0.00016303305369029297,0.00016303305369112897,0.00023848715973903334,,,,,,,,,,0.00419243238744,3.28870843664,1.51780458256,1.08378674116e-05,1.18991979162e-05,1001,-5.0,5.0,0.010000000000001563,0.8698096005734696,0.705774958938946,3.284390318848192,0.8698096005734696,-0.16403464163452353,0.8698571162369253,0.8963133779545623,0.020918644209129002,0.8698571162369253,0.026456261717637042,0.8701470274167796,2.0588609221653065,0.00462065712593353,0.8701470274167796,1.1887138947485265,0.8698505215469036,0.869850522050392,3.2508317797573563e-06,-1.5698505215469036,0.869869080610907,0.8698690811143939,3.2805533893642942e-06,-1.569869080610907,1.855906400349827e-05,0.8698505215469036,0.869850522050392,1.235306176473217,1.2353061781300387,1.235306176473217,1.2353061781300387,0.001004036958494356,0.0010040369584944713,0.001004036958494404,0.8698505215469036,0.869850522050392,3.2508317797573563e-06,-1.5698505215469036,0.869869080610906,0.869869081114393,3.280553389364304e-06,-1.569869080610906,1.855906400294316e-05,0.8698505215469036,0.869850522050392,1.2353061764732136,1.2353061781300354,1.2353061764732136,1.2353061781300354,0.001004036958494356,0.0010040369584944713,0.001004036958494404,0.0010040004171749778,0.0010040004171749778,1.7339530966112513e-05,1.8842447637612558e-05,3.251738488879149e-06,-1.5696694630887102,3.2814558527244353e-06,-1.5696883050410937,,,,,,,,,,,,,,,,,,,,,,,,,,,,,,,,,,,,,,,,,,,,,,,,,,,,,,,,,,,,,,,,,,,,,
F1,NA,0,NA,NA,DC,nomi,both,SWI1,f1_m2_c1_iso_sna_visw5_d2p3_both_vdd3p3_e1,M2,C1,iso,2.3,0.0,1,3p3,,0.006475185167329722,3.2887052593457526,0.0,0.0,0.8697204759967883,0.8836548252014349,0.0002798899031832869,-1.5697204759967882,0.3782392698265716,1.57088140707785,0.00027693260098604557,-1.0782392698265715,0.6872265818764152,0.8697204759967883,0.8836548252014349,0.006475185167329722,3.2887052593457526,0.006475185167329722,3.2887052593457526,0.0010040004171891993,0.0010042914655089138,0.001004073503966102,1.4927450463614302e-07,0.00027327205280475663,0.00016303305366789005,0.00016303305369112786,0.00023843185237883724,,,,,,,,,,0.00647518516733,3.28870525935,0.687226581876,0.000279889903183,0.000276932600986,1001,-5.0,5.0,0.010000000000001563,0.8698096005360775,0.7057749612059786,3.284390318787505,0.8698096005360775,-0.16403463933009887,0.8698571162397469,0.8963133777995389,0.020918644238113324,0.8698571162397469,0.02645626155979197,0.8784712826721751,1.5523783433543077,0.006543038296040877,0.8784712826721751,0.6739070606821326,0.8698505215396716,0.8698505355348499,3.2508317798371096e-06,-1.5698505215396716,0.8698690806036727,0.8698690945988158,3.2805533893599862e-06,-1.5698690806036728,1.8559064001721914e-05,0.8698505215396716,0.8698505355348499,1.2353061764498159,1.235306222503558,1.2353061764498159,1.235306222503558,0.0010040369584943544,0.0010040369584975604,0.001004036958494862,0.8698505215396716,0.8698505355348499,3.2508317798371147e-06,-1.5698505215396716,0.8698690806036736,0.8698690945988167,3.280553389359952e-06,-1.5698690806036737,1.8559064002610093e-05,0.8698505215396716,0.8698505355348499,1.2353061764498192,1.2353062225035614,1.2353061764498192,1.2353062225035614,0.0010040369584943544,0.0010040369584975604,0.001004036958494862,0.0010040004171749778,0.0010040004171749778,0.00028639156660300615,1.8855711428344968e-05,3.251738554111499e-06,-1.5696694630887214,3.281455852752191e-06,-1.569688305033858,1.9087379246607307e-17,1.909822126833216e-17,1.9087379246607307e-17,1.909822126833216e-17,,,,,,,,,,,,,,,,,,,,,,,,,,,,,,,,,,,,,,,,,,,,,,,,,,,,,,,,,,,,,,,,,
F2,0.005,0,1,0,DC,nomi,both,SWI1,f2_m1_c0_chain_s0_viac1dc0_d1p25_both_vdd3p3_e1,M1,C0,chain,1.25,0.0,1,3p3,,,,,,,,,,,,,,,,,,,,,,,,,,,,,,,,,,,,,,,,,,,,,,,,,,,,,,,,,,,,,,,,,,,,,,,,,,,,,,,,,,,,,,,,,,,,,,,,,,,,,,,,,,,,,,49.56043022772854,46.33687721593825,49.56043022770837,-0.07821643739479167,1.1689810652981034,10471285.480509972,18420208.284043483,49.56043022770735,0.5841327759408872,1.7270072516897295e-05,10.964781961432001,5517386.604833969,-49.56043022766,46.32735551588489,,,,,,,,,,,,,,,,,,,,,,,,,,,,,,,,,,,,,,,,,,,,,,,,,,,
F2,0.5,6,100,0,DC,nomi,both,SWI1,f2_m1_c0_chain_s6_viac1dc0_d1p25_both_vdd3p3_e1,M1,C0,chain,1.25,0.0,1,3p3,,,,,,,,,,,,,,,,,,,,,,,,,,,,,,,,,,,,,,,,,,,,,,,,,,,,,,,,,,,,,,,,,,,,,,,,,,,,,,,,,,,,,,,,,,,,,,,,,,,,,,,,,,,,,,0.49594825785036395,0.4636343962502553,0.4959482578506207,-0.07716808723505778,1.1679500484264818,10471285.480509972,18419150.48849995,0.4959482578506104,0.5851811261006201,1.772129540369107e-05,24.831331052956163,5515919.775065041,-0.4959482578499336,0.46355898266638673,,,,,,,,,,,,,,,,,,,,,,,,,,,,,,,,,,,,,,,,,,,,,,,,,,,
F2,NA,0,NA,NA,DC,nomi,both,SWI1,f2_m1_c0_iso_sna_viac1dc0_d1p25_both_vdd3p3_e1,M1,C0,iso,1.25,0.0,1,3p3,,,,,,,,,,,,,,,,,,,,,,,,,,,,,,,,,,,,,,,,,,,,,,,,,,,,,,,,,,,,,,,,,,,,,,,,,,,,,,,,,,,,,,,,,,,,,,,,,,,,,,,,,,,,,,0.9999973770635903,0.9364848357824628,0.9999973770636107,-0.09239692660717734,1.50369680699552,11091748.152625049,19606006.474795558,0.9999973770635902,0.5699522867285017,0.0,1.0,5649671.985998263,-0.9999973770635533,,,,,,,,,,,,,,,,,,,,,,,,,,,,,,,,,,,,,,,,,,,,,,,,,,,,
F2,0.005,0,1,0,DC,nomi,both,SWI1,f2_m1_c1_chain_s0_viac1dc0_d1p25_both_vdd3p3_e1,M1,C1,chain,1.25,0.0,1,3p3,,,,,,,,,,,,,,,,,,,,,,,,,,,,,,,,,,,,,,,,,,,,,,,,,,,,,,,,,,,,,,,,,,,,,,,,,,,,,,,,,,,,,,,,,,,,,,,,,,,,,,,,,,,,,,49.56043022772854,45.41875356281477,49.56043022770813,0.09560206859445644,1.7270088669350243e-05,10.964781961432001,10266650.48640307,49.56043022770711,0.7579512819301352,1.727006734425505e-05,10.964781961432001,4363196.68322186,-49.56043022766396,45.40951153378077,,,,,,,,,,,,,,,,,,,,,,,,,,,,,,,,,,,,,,,,,,,,,,,,,,,
F2,0.5,6,100,0,DC,nomi,both,SWI1,f2_m1_c1_chain_s6_viac1dc0_d1p25_both_vdd3p3_e1,M1,C1,chain,1.25,0.0,1,3p3,,,,,,,,,,,,,,,,,,,,,,,,,,,,,,,,,,,,,,,,,,,,,,,,,,,,,,,,,,,,,,,,,,,,,,,,,,,,,,,,,,,,,,,,,,,,,,,,,,,,,,,,,,,,,,0.49594825785036395,0.45444789702300337,0.4959482578506183,0.0966504187537404,1.7721378823632696e-05,24.831331052956163,10264920.709226215,0.49594825785060803,0.7589996320894168,1.7721268709232605e-05,24.831331052956163,4362250.579827297,-0.49594825784998164,0.4543748878818357,,,,,,,,,,,,,,,,,,,,,,,,,,,,,,,,,,,,,,,,,,,,,,,,,,,
F2,NA,0,NA,NA,DC,nomi,both,SWI1,f2_m1_c1_iso_sna_viac1dc0_d1p25_both_vdd3p3_e1,M1,C1,iso,1.25,0.0,1,3p3,,,,,,,,,,,,,,,,,,,,,,,,,,,,,,,,,,,,,,,,,,,,,,,,,,,,,,,,,,,,,,,,,,,,,,,,,,,,,,,,,,,,,,,,,,,,,,,,,,,,,,,,,,,,,,0.9999973770635816,0.9179290193131916,0.9999973770636023,0.0814283514514757,0.0,1.0,10822354.918378957,0.9999973770635816,0.7437775647871541,0.0,1.0,4415340.387445749,-0.9999973770635256,,,,,,,,,,,,,,,,,,,,,,,,,,,,,,,,,,,,,,,,,,,,,,,,,,,,
F2,0.005,0,1,0,DC,nomi,both,SWI1,f2_m2_c0_chain_s0_viac1dc0_d1p25_both_vdd3p3_e1,M2,C0,chain,1.25,0.0,1,3p3,,,,,,,,,,,,,,,,,,,,,,,,,,,,,,,,,,,,,,,,,,,,,,,,,,,,,,,,,,,,,,,,,,,,,,,,,,,,,,,,,,,,,,,,,,,,,,,,,,,,,,,,,,,,,,49.56043232463046,46.336877470938376,49.56043232442775,-0.07821611775368961,1.1689810844612243,10471285.480509972,18420208.936599396,49.56043232442672,0.5841330955819877,1.7275079432081484e-05,11.091748152624165,5517386.217809916,-49.560432324379356,46.327355770975494,,,,,,,,,,,,,,,,,,,,,,,,,,,,,,,,,,,,,,,,,,,,,,,,,,,
F2,0.5,6,100,0,DC,nomi,both,SWI1,f2_m2_c0_chain_s6_viac1dc0_d1p25_both_vdd3p3_e1,M2,C0,chain,1.25,0.0,1,3p3,,,,,,,,,,,,,,,,,,,,,,,,,,,,,,,,,,,,,,,,,,,,,,,,,,,,,,,,,,,,,,,,,,,,,,,,,,,,,,,,,,,,,,,,,,,,,,,,,,,,,,,,,,,,,,0.4959482788322227,0.46363439880331947,0.4959482788321584,-0.077167767597563,1.167950067593658,10471285.480509972,18419151.141032394,0.4959482788321482,0.5851814457381161,1.7743711032240928e-05,27.54228703338219,5515919.388097182,-0.4959482788314712,0.46355898521886296,,,,,,,,,,,,,,,,,,,,,,,,,,,,,,,,,,,,,,,,,,,,,,,,,,,
F2,0.005,0,1,0,DC,nomi,both,SWI1,f2_m2_c1_chain_s0_viac1dc0_d1p25_both_vdd3p3_e1,M2,C1,chain,1.25,0.0,1,3p3,,,,,,,,,,,,,,,,,,,,,,,,,,,,,,,,,,,,,,,,,,,,,,,,,,,,,,,,,,,,,,,,,,,,,,,,,,,,,,,,,,,,,,,,,,,,,,,,,,,,,,,,,,,,,,49.56043232463046,45.41875385511742,49.56043232441412,0.0956023801542353,1.7275101299127625e-05,11.091748152624165,10266650.417503418,49.5604323244131,0.7579515934899141,1.7275079470654507e-05,11.091748152624165,4363196.444008176,-49.56043232436994,45.40951182605285,,,,,,,,,,,,,,,,,,,,,,,,,,,,,,,,,,,,,,,,,,,,,,,,,,,
F2,0.5,6,100,0,DC,nomi,both,SWI1,f2_m2_c1_chain_s6_viac1dc0_d1p25_both_vdd3p3_e1,M2,C1,chain,1.25,0.0,1,3p3,,,,,,,,,,,,,,,,,,,,,,,,,,,,,,,,,,,,,,,,,,,,,,,,,,,,,,,,,,,,,,,,,,,,,,,,,,,,,,,,,,,,,,,,,,,,,,,,,,,,,,,,,,,,,,0.4959482788322227,0.4544478999482285,0.49594827883216075,0.09665073031235996,1.7743813744478223e-05,27.54228703338219,10264920.640225483,0.4959482788321504,0.7589999436480361,1.774367823360214e-05,27.54228703338219,4362250.340642989,-0.4959482788315239,0.4543748908063547,,,,,,,,,,,,,,,,,,,,,,,,,,,,,,,,,,,,,,,,,,,,,,,,,,,
F3,0.005,0,1,0,DC,nomi,pos,SWI1,f3_m1_c0_chain_s0_vi2_d0p2_pos_vdd3p3_e1,M1,C0,chain,0.2,0.0,1,3p3,,0.008412116747230596,2.5336441850603006,0.0,0.0,0.8696694413875595,0.8696897588813342,7.164492295697045e-05,-1.5696694413875596,0.42076722318032683,1.501531110558889,0.0001468071928148727,-1.1207672231803267,0.6318609341317336,0.8696694413876201,0.8696897588813342,0.00841211241704321,2.934416284532749,0.008412116747230596,2.5336441850603006,0.0010040004138923675,0.0010312560951372118,0.0010041718648415056,2.8484426191105905e-08,3.4756847421929535e-05,0.0001630310241118666,0.00016303305586123798,0.00016148028666983732,,,,,,,,,,0.00841211674723,2.53364418506,,,,,,,,,,,,,,,,,,,,,,,,,,,,,,,,,,,,,,,,,,,,,,,,,,,,,,,,,,,,,,,,,,,,,,,,,,,,,,,,,,,,,2,1.9048391733772317e-07,2.5336441850602895,-0.0017449981606083576,1.1020000000000001e-05,1.8979999999999998e-05,2.026281898626081e-05,1.9786273838584556e-05,2.0,1.0000000000021927e-09,,,,,,,,,,,,,,,,,,,,,,,,,,,,,,,,,,,,,,,,,
F3,0.005,0,1,0,DC,nomi,pos,SWI1,f3_m1_c0_chain_s0_vi2_d1p25_pos_vdd3p3_e1,M1,C0,chain,1.25,0.0,1,3p3,,0.006629331820501172,1.230918073456612,0.0,0.0,0.869669458370794,0.8701782596858274,7.165864816460754e-05,-1.569669458370794,0.6460064982594925,1.5130829048328633,0.0001468369516153277,-1.3460064982594924,0.6434124163632722,0.8696694583708161,0.8701782596858274,0.006629326126736784,1.4608937293491624,0.006629331820501172,1.230918073456612,0.0010040004164625167,0.001017312799178388,0.001004046405863243,4.747571693414221e-12,5.407972043611259e-05,0.00016298217403141725,0.00016303305416291838,7.493715902487685e-05,,,,,,,,,,0.0066293318205,1.23091807346,,,,,,,,,,,,,,,,,,,,,,,,,,,,,,,,,,,,,,,,,,,,,,,,,,,,,,,,,,,,,,,,,,,,,,,,,,,,,,,,,,,,,2,1.702603662606493e-07,1.2309180734565988,-0.00014710609364754212,1.1020000000000001e-05,1.8979999999999998e-05,0.0005072294850323456,0.0005053651059735431,2.0,1.0000000000021927e-09,,,,,,,,,,,,,,,,,,,,,,,,,,,,,,,,,,,,,,,,,
F3,0.005,0,1,0,DC,nomi,pos,SWI1,f3_m1_c0_chain_s0_vi2_d2p3_pos_vdd3p3_e1,M1,C0,chain,2.3,0.0,1,3p3,,0.0065297809973223694,0.020964155179519172,0.0,0.0,0.8701296171388099,0.8718273565590645,0.0001734531378516646,-1.57012961713881,0.8974084014834045,1.5451850158378,0.00017022422491338904,-1.5974084014834045,0.6734934328897755,0.870129617138825,0.8718273565590645,0.006529772600219523,0.020964166277147176,0.0065297809973223694,0.020964155179519172,0.0010040004188724262,0.0010040081961576832,0.0010040004222212726,6.742283977217294e-13,0.00016689330196621892,0.00016281726434409354,0.0001629870382861175,0.00017401880874895722,,,,,,,,,,0.00652978099732,0.0209641551795,,,,,,,,,,,,,,,,,,,,,,,,,,,,,,,,,,,,,,,,,,,,,,,,,,,,,,,,,,,,,,,,,,,,,,,,,,,,,,,,,,,,,2,0.0,0.02077013885124435,0.00019401632827482224,1.1020000000000001e-05,1.8979999999999998e-05,0.0016921690360472974,0.0016876077143280765,2.0,1.0000000000021927e-09,,,,,,,,,,,,,,,,,,,,,,,,,,,,,,,,,,,,,,,,,
F3,0.005,0,1,0,DC,nomi,pos,SWI1,f3_m1_c0_chain_s0_vi4p5_d0p2_pos_vdd3p3_e1,M1,C0,chain,0.2,0.0,1,3p3,,0.008411937780531066,2.5336441850603104,0.0,0.0,0.8696694413875595,0.8696897794900869,7.185077241844695e-05,-1.5696694413875596,0.4218948456930375,1.501557271703752,0.0001472488736593218,-1.1218948456930375,0.6318870922928245,0.8696694413876201,0.8696897794900869,0.008411933450461598,2.933200096855999,0.008411937780531066,2.5336441850603104,0.0010040004138927255,0.001031199790649774,0.0010041723433559977,2.7261364065396964e-08,3.479178217625317e-05,0.0001630310220509913,0.00016303305586123798,0.00016148353246944812,,,,,,,,,,0.00841193778053,2.53364418506,,,,,,,,,,,,,,,,,,,,,,,,,,,,,,,,,,,,,,,,,,,,,,,,,,,,,,,,,,,,,,,,,,,,,,,,,,,,,,,,,,,,,4.5,2.0460858550774864e-07,2.5336441850602895,-0.005237801387917518,1.1020000000000001e-05,1.8979999999999998e-05,2.0267557595765595e-05,1.980664486267436e-05,4.5,1.0000000000021927e-09,,,,,,,,,,,,,,,,,,,,,,,,,,,,,,,,,,,,,,,,,
F3,0.005,0,1,0,DC,nomi,pos,SWI1,f3_m1_c0_chain_s0_vi4p5_d1p25_pos_vdd3p3_e1,M1,C0,chain,1.25,0.0,1,3p3,,0.006629316147606255,1.2309180734566225,0.0,0.0,0.869669458370794,0.8701787598848708,7.182611310030396e-05,-1.569669458370794,0.6470318916677198,1.5130531206797888,0.00014719580013945594,-1.3470318916677197,0.643382606458,0.8696694583708161,0.8701787598848708,0.006629310453668741,1.4559293834863674,0.006629316147606255,1.2309180734566225,0.0010040004164629125,0.0010172600727457377,0.001004046365168966,4.569628649000318e-12,5.401830200115421e-05,0.0001629821240115129,0.00016303305416291838,7.480993899904221e-05,,,,,,,,,,0.00662931614761,1.23091807346,,,,,,,,,,,,,,,,,,,,,,,,,,,,,,,,,,,,,,,,,,,,,,,,,,,,,,,,,,,,,,,,,,,,,,,,,,,,,,,,,,,,,4.5,1.8291253681283836e-07,1.2309180734565988,-0.0036383395189507617,1.1020000000000001e-05,1.8979999999999998e-05,0.0005073251947975699,0.0005058630771443973,4.5,1.0000000000021927e-09,,,,,,,,,,,,,,,,,,,,,,,,,,,,,,,,,,,,,,,,,
F3,0.005,0,1,0,DC,nomi,pos,SWI1,f3_m1_c0_chain_s0_vi4p5_d2p3_pos_vdd3p3_e1,M1,C0,chain,2.3,0.0,1,3p3,,0.006529776050124472,0.020784084638220603,0.0,0.0,0.8701296171388099,0.8718289030864875,0.00017332965766492237,-1.57012961713881,0.8974084014834045,1.5451866289517,0.00017016972098826276,-1.5974084014834045,0.6734638952653444,0.870129617138825,0.8718289030864875,0.006529767652815398,0.02078412943688961,0.006529776050124472,0.020784084638220603,0.0010040004188727862,0.0010040068554935753,0.0010040004214173666,6.741988586335402e-13,0.00016671322679501373,0.00016281710969135124,0.0001629870382861175,0.00017401880874895722,,,,,,,,,,0.00652977605012,0.0207840846382,,,,,,,,,,,,,,,,,,,,,,,,,,,,,,,,,,,,,,,,,,,,,,,,,,,,,,,,,,,,,,,,,,,,,,,,,,,,,,,,,,,,,4.5,0.0,0.02077013885124435,1.3945786976252844e-05,1.1020000000000001e-05,1.8979999999999998e-05,0.00169237252327481,0.0016892486468337298,4.5,1.0000000000021927e-09,,,,,,,,,,,,,,,,,,,,,,,,,,,,,,,,,,,,,,,,,
F3,0.005,0,1,0,DC,nomi,neg,SWI1,f3_m1_c0_chain_s0_vin2_d0p2_neg_vdd3p3_e1,M1,C0,chain,0.2,0.0,1,3p3,,2.532429014616519,3.2897120737503003,0.0,0.0,0.868744339158743,0.8696694413876367,9.922246870952556e-05,-1.568744339158743,0.21019780528199886,1.0081536487683582,0.0001535024779087084,-0.9101978052819988,0.6594705156580595,0.868744339158743,0.8696694413876203,2.389473455987366,3.289712080509743,2.532429014616519,3.2897120737503003,0.0010040004123881572,0.00101226379787367,0.001004244604755296,9.927340278743037e-05,6.602054799663589e-13,0.00016303305586123798,0.0001631255660841257,0.00010026720208044146,,,,,,,,,,2.53242901462,3.28971207375,,,,,,,,,,,,,,,,,,,,,,,,,,,,,,,,,,,,,,,,,,,,,,,,,,,,,,,,,,,,,,,,,,,,,,,,,,,,,,,,,,,,,-2,1.590503985982786e-07,2.5336441850602895,-0.001215170443770397,1.1020000000000001e-05,1.8979999999999998e-05,-0.0009221736058806496,-0.0009193434163187186,2.0,1.0000000000021927e-09,,,,,,,,,,,,,,,,,,,,,,,,,,,,,,,,,,,,,,,,,
F3,0.005,0,1,0,DC,nomi,neg,SWI1,f3_m1_c0_chain_s0_vin2_d1p25_neg_vdd3p3_e1,M1,C0,chain,1.25,0.0,1,3p3,,1.2309180734565872,3.2891292737696323,0.0,0.0,0.8696347107383318,0.8696694583708293,6.522945226095089e-05,-1.5696347107383317,0.23759377733527037,1.2409862055632894,0.00015356070645295493,-0.9375937773352703,0.6320749451539338,0.8696347107383318,0.8696694583708163,0.8515366109631289,3.289129276199694,1.2309180734565872,3.2891292737696323,0.0010040004124016696,0.0010251766121027986,0.0010042180529380275,3.5043657530883965e-05,1.3915520670438816e-09,0.00016303305416291838,0.00016303652892616684,0.00012560871248942052,,,,,,,,,,1.23091807346,3.28912927377,,,,,,,,,,,,,,,,,,,,,,,,,,,,,,,,,,,,,,,,,,,,,,,,,,,,,,,,,,,,,,,,,,,,,,,,,,,,,,,,,,,,,-2,1.8507194128216944e-07,1.2309180734565988,0.0016981737123378249,1.1020000000000001e-05,1.8979999999999998e-05,-3.465168294913834e-05,-3.4015627617400845e-05,2.0,1.0000000000021927e-09,,,,,,,,,,,,,,,,,,,,,,,,,,,,,,,,,,,,,,,,,
F3,0.005,0,1,0,DC,nomi,neg,SWI1,f3_m1_c0_chain_s0_vin2_d2p3_neg_vdd3p3_e1,M1,C0,chain,2.3,0.0,1,3p3,,0.020770137054605706,3.2841385024003142,0.0,0.0,0.8701205527285826,0.870129617138878,6.656122626580441e-05,-1.5701205527285826,0.24205475518434444,1.4402859217037616,0.00015650383654969914,-0.9420547551843443,0.6280741181206817,0.8701205527285826,0.8701296171388283,0.020770137054600683,3.284138506066517,0.020770137054605706,3.2841385024003142,0.0010040004124174061,0.0010356498159719682,0.0010042226420172834,3.0048710024215008e-05,3.187824253753752e-06,0.00016298703828611716,0.00016298794472714175,0.00025532819414586294,,,,,,,,,,0.0207701370546,3.2841385024,,,,,,,,,,,,,,,,,,,,,,,,,,,,,,,,,,,,,,,,,,,,,,,,,,,,,,,,,,,,,,,,,,,,,,,,,,,,,,,,,,,,,-2,2.129821879832301e-07,0.02077013885124435,9.015820342247668e-05,1.1020000000000001e-05,1.8979999999999998e-05,-9.042028328964946e-06,-8.804006646712104e-06,2.0,1.0000000000021927e-09,,,,,,,,,,,,,,,,,,,,,,,,,,,,,,,,,,,,,,,,,
F3,0.005,0,1,0,DC,nomi,neg,SWI1,f3_m1_c0_chain_s0_vin4p5_d0p2_neg_vdd3p3_e1,M1,C0,chain,0.2,0.0,1,3p3,,2.5336441850602567,3.289712081567925,0.0,0.0,0.8687434660563859,0.8696694413876367,9.89705371750027e-05,-1.568743466056386,0.21029434394504903,1.0072871699831616,0.00015423964522432663,-0.910294343945049,0.659373937338092,0.8687434660563859,0.8696694413876203,2.394242148984038,3.289712088327652,2.5336441850602567,3.289712081567925,0.0010040004123890367,0.0010122676571135138,0.0010042565368065491,9.891474248944034e-05,6.601089005920865e-13,0.00016303305586123798,0.00016312565339436142,0.0001001596985090771,,,,,,,,,,2.53364418506,3.28971208157,,,,,,,,,,,,,,,,,,,,,,,,,,,,,,,,,,,,,,,,,,,,,,,,,,,,,,,,,,,,,,,,,,,,,,,,,,,,,,,,,,,,,-4.5,1.7084383168815878e-07,2.5336441850602895,0.002275291477001673,1.1020000000000001e-05,1.8979999999999998e-05,-0.0009223114561233148,-0.0009202136744291822,4.5,1.0000000000021927e-09,,,,,,,,,,,,,,,,,,,,,,,,,,,,,,,,,,,,,,,,,
F3,0.005,0,1,0,DC,nomi,neg,SWI1,f3_m1_c0_chain_s0_vin4p5_d1p25_neg_vdd3p3_e1,M1,C0,chain,1.25,0.0,1,3p3,,1.2309180734565688,3.289129380704352,0.0,0.0,0.8696346727211687,0.8696694583708293,6.553631676098348e-05,-1.5696346727211687,0.23757504394858764,1.2396732883358816,0.0001542314243491853,-0.9375750439485876,0.6320936814453184,0.8696346727211687,0.8696694583708163,0.8567573795919737,3.2891293831344686,1.2309180734565688,3.289129380704352,0.0010040004124001758,0.0010251840395847864,0.0010042379974457792,3.5068881296088065e-05,1.3222479107065018e-09,0.00016303305416291838,0.00016303653272788313,0.00012561103673094446,,,,,,,,,,1.23091807346,3.2891293807,,,,,,,,,,,,,,,,,,,,,,,,,,,,,,,,,,,,,,,,,,,,,,,,,,,,,,,,,,,,,,,,,,,,,,,,,,,,,,,,,,,,,-4.5,1.9866641607875928e-07,1.2309180734565988,0.005191380124483835,1.1020000000000001e-05,1.8979999999999998e-05,-3.4662508209493126e-05,-3.4053097240915875e-05,4.5,1.0000000000021927e-09,,,,,,,,,,,,,,,,,,,,,,,,,,,,,,,,,,,,,,,,,
F3,0.005,0,1,0,DC,nomi,neg,SWI1,f3_m1_c0_chain_s0_vin4p5_d2p3_neg_vdd3p3_e1,M1,C0,chain,2.3,0.0,1,3p3,,0.020770137054605706,3.284139050382446,0.0,0.0,0.8701205433935645,0.870129617138878,6.684893137176573e-05,-1.5701205433935645,0.24188224031564065,1.4403754494296233,0.00015713403768664739,-0.9418822403156406,0.6282466245264088,0.8701205433935645,0.8701296171388283,0.020770137054600683,3.284139054048374,0.020770137054605706,3.284139050382446,0.0010040004124167354,0.0010356549020736616,0.001004246871654699,3.0248791069324703e-05,3.1989391534854405e-06,0.00016298703828611716,0.00016298794566064356,0.0002553495979757269,,,,,,,,,,0.0207701370546,3.28413905038,,,,,,,,,,,,,,,,,,,,,,,,,,,,,,,,,,,,,,,,,,,,,,,,,,,,,,,,,,,,,,,,,,,,,,,,,,,,,,,,,,,,,-4.5,2.212043651906571e-07,0.02077013885124435,0.00027340039148978507,1.1020000000000001e-05,1.8979999999999998e-05,-9.044363370347419e-06,-8.91286187909568e-06,4.5,1.0000000000021927e-09,,,,,,,,,,,,,,,,,,,,,,,,,,,,,,,,,,,,,,,,,
F3,NA,0,NA,NA,DC,nomi,pos,SWI1,f3_m1_c0_iso_sna_vi3p9_d0p2_pos_vdd3p3_e1,M1,C0,iso,0.2,0.0,1,3p3,,0.008239716389743114,2.537504856629261,0.0,0.0,0.8696694413382312,0.8696906706919754,7.253730036005379e-05,-1.569669441338231,0.4072031504990937,1.5063299391619347,0.0001699859255573244,-1.1072031504990938,0.636659739568547,0.86966944133827,0.8696906706919754,0.008239712066048871,2.935621530899229,0.008239716389743114,2.537504856629261,0.0010040004138862585,0.0010315945528884473,0.0010041649294390191,4.829435107949376e-08,4.178011996984444e-05,0.00016303093293080245,0.000163033055866173,0.0001620756748339869,,,,,,,,,,0.00823971638974,2.53750485663,,,,,,,,,,,,,,,,,,,,,,,,,,,,,,,,,,,,,,,,,,,,,,,,,,,,,,,,,,,,,,,,,,,,,,,,,,,,,,,,,,,,,3.9,1.5658618815350163e-07,2.5374364657726165,6.802248231307928e-05,1.1020000000000001e-05,1.8979999999999998e-05,2.1229353705076726e-05,2.067103063829734e-05,,1.0000000000021927e-09,,,,,,,,,,,,,,,,,,,,,,,,,,,,,,,,,,,,,,,,,
F3,NA,0,NA,NA,DC,nomi,pos,SWI1,f3_m1_c0_iso_sna_vi3p9_d1p25_pos_vdd3p3_e1,M1,C0,iso,1.25,0.0,1,3p3,,0.0066144465604521035,1.2365388817671077,0.0,0.0,0.8696694583213991,0.8702258140083381,7.2441168132098e-05,-1.569669458321399,0.6435935804140589,1.5154770123748322,0.00015064867945045854,-1.3435935804140589,0.6458064948133266,0.8696694583214626,0.8702258140083381,0.0066144406850034395,1.4693471111396972,0.0066144465604521035,1.2365388817671077,0.0010040004164584768,0.0010174060579814781,0.0010040444640427267,5.204713233748076e-12,5.924205074013233e-05,0.0001629774185991662,0.00016303305416785375,7.523652848460807e-05,,,,,,,,,,0.00661444656045,1.23653888177,,,,,,,,,,,,,,,,,,,,,,,,,,,,,,,,,,,,,,,,,,,,,,,,,,,,,,,,,,,,,,,,,,,,,,,,,,,,,,,,,,,,,3.9,1.3601368527779e-07,1.234710354195903,0.001818612499897121,1.1020000000000001e-05,1.8979999999999998e-05,0.0005562782390465815,0.0005526485293277927,,1.0000000000021927e-09,,,,,,,,,,,,,,,,,,,,,,,,,,,,,,,,,,,,,,,,,
F3,NA,0,NA,NA,DC,nomi,pos,SWI1,f3_m1_c0_iso_sna_vi3p9_d2p3_pos_vdd3p3_e1,M1,C0,iso,2.3,0.0,1,3p3,,0.006524994090282112,0.02127537409085508,0.0,0.0,0.8701117215738526,0.8718598527684264,0.00017889360510170427,-1.5701117215738525,0.8963303564580812,1.5460979703550715,0.00017566458462822424,-1.5963303564580813,0.6743721210103208,0.8701117215738668,0.8718598527684264,0.006524985507363172,0.021275379648180756,0.006524994090282112,0.02127537409085508,0.0010040004188718037,0.001004010757566246,0.0010040004240290407,6.751070839514095e-13,0.000172334431159967,0.00016281401472315738,0.0001629888278426133,0.00017415256123348865,,,,,,,,,,0.00652499409028,0.0212753740909,,,,,,,,,,,,,,,,,,,,,,,,,,,,,,,,,,,,,,,,,,,,,,,,,,,,,,,,,,,,,,,,,,,,,,,,,,,,,,,,,,,,,3.9,0.0,0.020962636344882372,0.0003109585320935533,1.1020000000000001e-05,1.8979999999999998e-05,0.001747617524984424,0.0017376428018192058,,1.0000000000021927e-09,,,,,,,,,,,,,,,,,,,,,,,,,,,,,,,,,,,,,,,,,
F3,NA,0,NA,NA,DC,nomi,neg,SWI1,f3_m1_c0_iso_sna_vin3p9_d0p2_neg_vdd3p3_e1,M1,C0,iso,0.2,0.0,1,3p3,,2.534215974706811,3.289719424098767,0.0,0.0,0.8686900302227243,0.8696694413382772,0.00010509898527566452,-1.5686900302227242,0.20866259456843683,1.0078644240284476,0.00015508655525513766,-0.9086625945684368,0.6610056927763952,0.8686900302227243,0.8696694413382702,2.3912867178023087,3.2897194311518643,2.534215974706811,3.289719424098767,0.0010040004123874776,0.0010122310983242454,0.0010042422389214792,0.00010514537585497823,6.617406573877424e-13,0.000163033055866173,0.00016313099697772758,0.00010023131811767338,,,,,,,,,,2.53421597471,3.2897194241,,,,,,,,,,,,,,,,,,,,,,,,,,,,,,,,,,,,,,,,,,,,,,,,,,,,,,,,,,,,,,,,,,,,,,,,,,,,,,,,,,,,,-3.9,1.2508321111478827e-07,2.5374364657726165,-0.003202999751796831,1.1020000000000001e-05,1.8979999999999998e-05,-0.0009792176559421106,-0.0009733426230974507,,1.0000000000021927e-09,,,,,,,,,,,,,,,,,,,,,,,,,,,,,,,,,,,,,,,,,
F3,NA,0,NA,NA,DC,nomi,neg,SWI1,f3_m1_c0_iso_sna_vin3p9_d1p25_neg_vdd3p3_e1,M1,C0,iso,1.25,0.0,1,3p3,,1.2345735216337606,3.289231330909373,0.0,0.0,0.8696273072776162,0.8696694583214678,7.822706392235368e-05,-1.5696273072776161,0.23296016739914333,1.2476972995785482,0.0001617729861587906,-0.9329601673991432,0.6367085253377465,0.8696273072776162,0.8696694583214628,0.8466664804152153,3.2892313334330736,1.2345735216337606,3.289231330909373,0.0010040004123992388,0.0010251558083085293,0.0010042126195312212,4.18581926450539e-05,1.8073403322007263e-09,0.00016303305416785372,0.00016303726927223837,0.00012618360205965962,,,,,,,,,,1.23457352163,3.28923133091,,,,,,,,,,,,,,,,,,,,,,,,,,,,,,,,,,,,,,,,,,,,,,,,,,,,,,,,,,,,,,,,,,,,,,,,,,,,,,,,,,,,,-3.9,1.508820154507005e-07,1.234710354195903,-0.00013609443428852508,1.1020000000000001e-05,1.8979999999999998e-05,-4.215068011326206e-05,-4.13570484814052e-05,,1.0000000000021927e-09,,,,,,,,,,,,,,,,,,,,,,,,,,,,,,,,,,,,,,,,,
F3,NA,0,NA,NA,DC,nomi,neg,SWI1,f3_m1_c0_iso_sna_vin3p9_d2p3_neg_vdd3p3_e1,M1,C0,iso,2.3,0.0,1,3p3,,0.020960197777988295,3.2846641898930105,0.0,0.0,0.8701017340577619,0.8701117215738821,7.878611710410155e-05,-1.5701017340577619,0.2371799628792731,1.4645038036817082,0.00016262457825941284,-0.9371799628792731,0.6329309765240283,0.8701017340577619,0.8701117215738704,0.020960197736733115,3.2846641935143976,0.020960197777988295,3.2846641898930105,0.0010040004124163375,0.0010356936558193776,0.0010042227907259968,3.621440651229823e-05,8.172132559614746e-06,0.00016298882784261296,0.0001629898265942238,0.00025593300708693875,,,,,,,,,,0.020960197778,3.28466418989,,,,,,,,,,,,,,,,,,,,,,,,,,,,,,,,,,,,,,,,,,,,,,,,,,,,,,,,,,,,,,,,,,,,,,,,,,,,,,,,,,,,,-3.9,1.8158982565407622e-07,0.020962636344882372,-2.4255775931784906e-06,1.1020000000000001e-05,1.8979999999999998e-05,-9.987516106257921e-06,-9.621806771553665e-06,,1.0000000000021927e-09,,,,,,,,,,,,,,,,,,,,,,,,,,,,,,,,,,,,,,,,,
F3,0.005,0,1,0,DC,nomi,pos,SWI1,f3_m1_c1_chain_s0_vi2_d0p2_pos_vdd3p3_e1,M1,C1,chain,0.2,0.0,1,3p3,,0.008412114568710218,2.5336441904630607,0.0,0.0,0.8696694413875601,0.8696895365066141,4.9869101310218156e-05,-1.56966944138756,0.5703336319437567,1.3065818053729692,0.00011352874171930726,-1.2703336319437568,0.43691190702603644,0.8696694413876201,0.8696895365066141,0.008403489108489115,2.547765020123425,0.008412114568710218,2.5336441904630607,0.0010040004138828428,0.0010234940794858671,0.0010041580560440884,8.47120180914266e-11,1.7848672516471326e-08,0.0001630310463493386,0.00016303305586123798,0.00013729302796190683,,,,,,,,,,0.00841211456871,2.53364419046,,,,,,,,,,,,,,,,,,,,,,,,,,,,,,,,,,,,,,,,,,,,,,,,,,,,,,,,,,,,,,,,,,,,,,,,,,,,,,,,,,,,,2,2.0591919122369278e-07,2.5336441850603006,-0.001745799923091873,1.1020000000000001e-05,1.8979999999999998e-05,2.003980951015283e-05,1.956751835585635e-05,2.0,1.0000000000021927e-09,,,,,,,,,,,,,,,,,,,,,,,,,,,,,,,,,,,,,,,,,
F3,0.005,0,1,0,DC,nomi,pos,SWI1,f3_m1_c1_chain_s0_vi2_d1p25_pos_vdd3p3_e1,M1,C1,chain,1.25,0.0,1,3p3,,0.0066284838709296185,1.2309180788593728,0.0,0.0,0.8696694583707941,0.8701775408988198,5.7216214531696785e-05,-1.569669458370794,0.7210950885736129,1.5114209682368438,0.00010548129769280842,-1.4210950885736129,0.6417502838408747,0.8696694583708161,0.8701775408988198,0.006603863609366812,1.238544125485487,0.0066284838709296185,1.2309180788593728,0.0010040004164592689,0.0010134505445851798,0.0010040448553898895,6.424852457779379e-13,5.075749542385898e-05,0.00016298224591011803,0.00016303305416291838,6.562095675265347e-05,,,,,,,,,,0.00662848387093,1.23091807886,,,,,,,,,,,,,,,,,,,,,,,,,,,,,,,,,,,,,,,,,,,,,,,,,,,,,,,,,,,,,,,,,,,,,,,,,,,,,,,,,,,,,2,1.881637679164072e-07,1.2309180734566094,-0.00014952049720751148,1.1020000000000001e-05,1.8979999999999998e-05,0.0005064975211325207,0.000504655289039202,2.0,1.0000000000021927e-09,,,,,,,,,,,,,,,,,,,,,,,,,,,,,,,,,,,,,,,,,
F3,0.005,0,1,0,DC,nomi,pos,SWI1,f3_m1_c1_chain_s0_vi2_d2p3_pos_vdd3p3_e1,M1,C1,chain,2.3,0.0,1,3p3,,0.006529781935515881,0.020964091882775756,0.0,0.0,0.8701296171388105,0.8718269882134052,0.00017336001065737516,-1.5701296171388104,0.8974084014834087,1.5451846238465692,0.0001701574099392511,-1.5974084014834087,0.6734745665832669,0.870129617138825,0.8718269882134052,0.006517728191889327,0.02096410298081449,0.006529781935515881,0.020964091882775756,0.0010040004188724262,0.0010040004189013191,0.0010040004188822148,6.742095271829174e-13,0.0001667782630772723,0.00016281730117865948,0.0001629870382861175,0.00017401880874895668,,,,,,,,,,0.00652978193552,0.0209640918828,,,,,,,,,,,,,,,,,,,,,,,,,,,,,,,,,,,,,,,,,,,,,,,,,,,,,,,,,,,,,,,,,,,,,,,,,,,,,,,,,,,,,2,0.0,0.020770138849858042,0.00019395303291771387,1.1020000000000001e-05,1.8979999999999998e-05,0.0016917632004119776,0.0016872512565561104,2.0,1.0000000000021927e-09,,,,,,,,,,,,,,,,,,,,,,,,,,,,,,,,,,,,,,,,,
F3,0.005,0,1,0,DC,nomi,pos,SWI1,f3_m1_c1_chain_s0_vi4p5_d0p2_pos_vdd3p3_e1,M1,C1,chain,0.2,0.0,1,3p3,,0.008411935578894273,2.5336441972493526,0.0,0.0,0.8696694413875601,0.8696895549727325,4.9958238804492794e-05,-1.56966944138756,0.5711557295837427,1.3068893980003675,0.00011498379912583471,-1.2711557295837426,0.43721949880860567,0.8696694413876201,0.8696895549727325,0.008400576189491726,2.5438248970857393,0.008411935578894273,2.5336441972493526,0.0010040004138815962,0.00102345530405633,0.0010041579637266324,8.205300156775148e-11,1.8063634532508155e-08,0.00016303104450272676,0.00016303305586123798,0.00013733119081890414,,,,,,,,,,0.00841193557889,2.53364419725,,,,,,,,,,,,,,,,,,,,,,,,,,,,,,,,,,,,,,,,,,,,,,,,,,,,,,,,,,,,,,,,,,,,,,,,,,,,,,,,,,,,,4.5,2.1898273735612092e-07,2.5336441850603006,-0.005238819288288621,1.1020000000000001e-05,1.8979999999999998e-05,2.0042421236765584e-05,1.95856679576778e-05,4.5,1.0000000000021927e-09,,,,,,,,,,,,,,,,,,,,,,,,,,,,,,,,,,,,,,,,,
F3,0.005,0,1,0,DC,nomi,pos,SWI1,f3_m1_c1_chain_s0_vi4p5_d1p25_pos_vdd3p3_e1,M1,C1,chain,1.25,0.0,1,3p3,,0.0066282904362045285,1.2309180856456645,0.0,0.0,0.8696694583707941,0.8701780373560024,5.7178925319312235e-05,-1.569669458370794,0.7216990393417938,1.5114054459509658,0.00010643904227208678,-1.4216990393417936,0.6417347635835631,0.8696694583708161,0.8701780373560024,0.006602089459255578,1.2346173516325991,0.0066282904362045285,1.2309180856456645,0.0010040004164594582,0.0010134205612464346,0.0010040446549037666,6.424697308448496e-13,5.0727436829380554e-05,0.00016298219626439974,0.00016303305416291838,6.554602489555907e-05,,,,,,,,,,0.0066282904362,1.23091808565,,,,,,,,,,,,,,,,,,,,,,,,,,,,,,,,,,,,,,,,,,,,,,,,,,,,,,,,,,,,,,,,,,,,,,,,,,,,,,,,,,,,,4.5,2.016756408630883e-07,1.2309180734566094,-0.0036409754452060294,1.1020000000000001e-05,1.8979999999999998e-05,0.000506589705825955,0.0005051495388878058,4.5,1.0000000000021927e-09,,,,,,,,,,,,,,,,,,,,,,,,,,,,,,,,,,,,,,,,,
F3,0.005,0,1,0,DC,nomi,pos,SWI1,f3_m1_c1_chain_s0_vi4p5_d2p3_pos_vdd3p3_e1,M1,C1,chain,2.3,0.0,1,3p3,,0.006529776985818876,0.02078401972716663,0.0,0.0,0.8701296171388105,0.8718285326439825,0.00017328785762016352,-1.5701296171388104,0.8974084014834087,1.5451862356650932,0.00017012693756656634,-1.5974084014834087,0.6734570366904135,0.870129617138825,0.8718285326439825,0.0065168338011801765,0.020784064526218005,0.006529776985818876,0.02078401972716663,0.0010040004188727864,0.0010040004189013209,0.001004000418882511,6.741920010547992e-13,0.0001666714398244932,0.00016281714673560175,0.0001629870382861175,0.00017401880874895668,,,,,,,,,,0.00652977698582,0.0207840197272,,,,,,,,,,,,,,,,,,,,,,,,,,,,,,,,,,,,,,,,,,,,,,,,,,,,,,,,,,,,,,,,,,,,,,,,,,,,,,,,,,,,,4.5,0.0,0.020770138849858042,1.3880877308587725e-05,1.1020000000000001e-05,1.8979999999999998e-05,0.0016919651253175516,0.0016888903737740657,4.5,1.0000000000021927e-09,,,,,,,,,,,,,,,,,,,,,,,,,,,,,,,,,,,,,,,,,
F3,0.005,0,1,0,DC,nomi,neg,SWI1,f3_m1_c1_chain_s0_vin2_d0p2_neg_vdd3p3_e1,M1,C1,chain,0.2,0.0,1,3p3,,2.5324312875436052,3.2897341795351878,0.0,0.0,0.8687450165816447,0.8696694413876369,9.568956312966392e-05,-1.5687450165816448,0.21116516632823873,0.9611192221351951,0.00014666055374143894,-0.9111651663282387,0.6585029916397069,0.8687450165816447,0.8696694413876203,2.527665259517536,3.2898527944237803,2.5324312875436052,3.2897341795351878,0.0010040004123817003,0.0010122016023269992,0.0010042449537453692,9.57362232964187e-05,6.592379555659181e-13,0.00016303305586123798,0.00016312549834183554,9.443166527731947e-05,,,,,,,,,,2.53243128754,3.28973417954,,,,,,,,,,,,,,,,,,,,,,,,,,,,,,,,,,,,,,,,,,,,,,,,,,,,,,,,,,,,,,,,,,,,,,,,,,,,,,,,,,,,,-2,1.7603879538344663e-07,2.5336441850603006,-0.0012128975166953992,1.1020000000000001e-05,1.8979999999999998e-05,-0.0009214734080618125,-0.0009186757434525017,2.0,1.0000000000021927e-09,,,,,,,,,,,,,,,,,,,,,,,,,,,,,,,,,,,,,,,,,
F3,0.005,0,1,0,DC,nomi,neg,SWI1,f3_m1_c1_chain_s0_vin2_d1p25_neg_vdd3p3_e1,M1,C1,chain,1.25,0.0,1,3p3,,1.2309180677486222,3.289152811585376,0.0,0.0,0.8696351403776817,0.8696694583708302,5.269561105070153e-05,-1.5696351403776818,0.3116447493553217,1.1173001969960503,0.00010567840889699902,-1.0116447493553218,0.5580239967717406,0.8696351403776817,0.8696694583708163,1.219570736439608,3.2893232014950864,1.2309180677486222,3.289152811585376,0.0010040004123833184,0.0010243659681892824,0.00100420908846365,1.9882833758943707e-06,1.1535913793225134e-11,0.00016303305416291838,0.00016303648596223183,0.00011642124697824791,,,,,,,,,,1.23091806775,3.28915281159,,,,,,,,,,,,,,,,,,,,,,,,,,,,,,,,,,,,,,,,,,,,,,,,,,,,,,,,,,,,,,,,,,,,,,,,,,,,,,,,,,,,,-2,2.013457723033154e-07,1.2309180734566094,0.0016996536172095844,1.1020000000000001e-05,1.8979999999999998e-05,-3.422113512552283e-05,-3.3590756025825286e-05,2.0,1.0000000000021927e-09,,,,,,,,,,,,,,,,,,,,,,,,,,,,,,,,,,,,,,,,,
F3,0.005,0,1,0,DC,nomi,neg,SWI1,f3_m1_c1_chain_s0_vin2_d2p3_neg_vdd3p3_e1,M1,C1,chain,2.3,0.0,1,3p3,,0.020770134494956797,3.284138508098936,0.0,0.0,0.8701207472917866,0.8701296171388787,5.22059871244096e-05,-1.5701207472917864,0.4384435625529873,1.2513197745134779,0.00010817736757699664,-1.1384435625529872,0.4316855742075039,0.8701207472917866,0.8701296171388283,0.020770018249314643,3.28415668256187,0.020770134494956797,3.284138508098936,0.0010040004123979605,0.001032155621007907,0.00100417949353829,1.45634911649737e-08,2.041400690990739e-09,0.00016298703828611716,0.00016298792527082135,0.0002309623371522348,,,,,,,,,,0.020770134495,3.2841385081,,,,,,,,,,,,,,,,,,,,,,,,,,,,,,,,,,,,,,,,,,,,,,,,,,,,,,,,,,,,,,,,,,,,,,,,,,,,,,,,,,,,,-2,2.2017737179712174e-07,0.020770138849858042,9.018558860080308e-05,1.1020000000000001e-05,1.8979999999999998e-05,-8.847002864853515e-06,-8.650553349864865e-06,2.0,1.0000000000021927e-09,,,,,,,,,,,,,,,,,,,,,,,,,,,,,,,,,,,,,,,,,
F3,0.005,0,1,0,DC,nomi,neg,SWI1,f3_m1_c1_chain_s0_vin4p5_d0p2_neg_vdd3p3_e1,M1,C1,chain,0.2,0.0,1,3p3,,2.5336441719000167,3.2897349353120675,0.0,0.0,0.8687441468175213,0.8696694413876369,9.53289998031348e-05,-1.5687441468175214,0.21129067293166892,0.9606172446131953,0.00014608731672770408,-0.9112906729316689,0.6583774207040725,0.8687441468175213,0.8696694413876203,2.5315892520757,3.2898573860890314,2.5336441719000167,3.2897349353120675,0.001004000412381872,0.001012204649801787,0.0010042534766966345,9.528615070647399e-05,6.591123846255535e-13,0.00016303305586123798,0.00016312558531824786,9.436938518774134e-05,,,,,,,,,,2.5336441719,3.28973493531,,,,,,,,,,,,,,,,,,,,,,,,,,,,,,,,,,,,,,,,,,,,,,,,,,,,,,,,,,,,,,,,,,,,,,,,,,,,,,,,,,,,,-4.5,1.8933347477461514e-07,2.5336441850603006,0.0022777856467586233,1.1020000000000001e-05,1.8979999999999998e-05,-0.0009216084563693494,-0.0009195427167448811,4.5,1.0000000000021927e-09,,,,,,,,,,,,,,,,,,,,,,,,,,,,,,,,,,,,,,,,,
F3,0.005,0,1,0,DC,nomi,neg,SWI1,f3_m1_c1_chain_s0_vin4p5_d1p25_neg_vdd3p3_e1,M1,C1,chain,1.25,0.0,1,3p3,,1.2309180602963286,3.289153511883805,0.0,0.0,0.8696351047078469,0.8696694583708302,5.337855253495505e-05,-1.5696351047078467,0.3116309726441731,1.1164718216474532,0.00010717974294000887,-1.011630972644173,0.5580377760114965,0.8696351047078469,0.8696694583708163,1.2235095178455468,3.289328652825291,1.2309180602963286,3.289153511883805,0.0010040004123825143,0.0010243716468910614,0.0010042249547099866,1.9893491755818675e-06,1.1176928891958038e-11,0.00016303305416291838,0.00016303648952921532,0.00011642295624762118,,,,,,,,,,1.2309180603,3.28915351188,,,,,,,,,,,,,,,,,,,,,,,,,,,,,,,,,,,,,,,,,,,,,,,,,,,,,,,,,,,,,,,,,,,,,,,,,,,,,,,,,,,,,-4.5,2.1489627545308765e-07,1.2309180734566094,0.005193077652060563,1.1020000000000001e-05,1.8979999999999998e-05,-3.4229650223260855e-05,-3.3625895904942915e-05,4.5,1.0000000000021927e-09,,,,,,,,,,,,,,,,,,,,,,,,,,,,,,,,,,,,,,,,,
F3,0.005,0,1,0,DC,nomi,neg,SWI1,f3_m1_c1_chain_s0_vin4p5_d2p3_neg_vdd3p3_e1,M1,C1,chain,2.3,0.0,1,3p3,,0.020770128731577284,3.2841390561020156,0.0,0.0,0.8701207386529626,0.8701296171388787,5.3018338325827585e-05,-1.5701207386529625,0.4382438284298627,1.2511754209888264,0.00010862001308031355,-1.1382438284298626,0.4318853078768042,0.8701207386529626,0.8701296171388283,0.020769865154265627,3.2841637516677324,0.020770128731577284,3.2841390561020156,0.0010040004123979653,0.001032149446787854,0.0010042014503947687,1.4677144776490325e-08,2.029965921312299e-09,0.00016298703828611716,0.00016298792613470375,0.00023098711806081104,,,,,,,,,,0.0207701287316,3.2841390561,,,,,,,,,,,,,,,,,,,,,,,,,,,,,,,,,,,,,,,,,,,,,,,,,,,,,,,,,,,,,,,,,,,,,,,,,,,,,,,,,,,,,-4.5,2.2847365017489657e-07,0.020770138849858042,0.0002734327735867334,1.1020000000000001e-05,1.8979999999999998e-05,-8.848645176695591e-06,-8.75874034822477e-06,4.5,1.0000000000021927e-09,,,,,,,,,,,,,,,,,,,,,,,,,,,,,,,,,,,,,,,,,
F3,NA,0,NA,NA,DC,nomi,pos,SWI1,f3_m1_c1_iso_sna_vi3p9_d0p2_pos_vdd3p3_e1,M1,C1,iso,0.2,0.0,1,3p3,,0.00823801924560352,2.537503994141614,0.0,0.0,0.869669441338231,0.8696904051092499,6.0384388767431574e-05,-1.569669441338231,0.562759589913377,1.313728414440731,0.00014333029503216794,-1.262759589913377,0.4440585088694118,0.86966944133827,0.8696904051092499,0.008200067677240139,2.5539200475169808,0.00823801924560352,2.537503994141614,0.0010040004138784835,0.0010236307868733364,0.0010041515920155273,1.1366448199323642e-10,2.3572462729340438e-08,0.00016303095948907501,0.000163033055866173,0.00013817970402490458,,,,,,,,,,0.0082380192456,2.53750399414,,,,,,,,,,,,,,,,,,,,,,,,,,,,,,,,,,,,,,,,,,,,,,,,,,,,,,,,,,,,,,,,,,,,,,,,,,,,,,,,,,,,,3.9,1.7119389403098217e-07,2.537436465772629,6.716489597424768e-05,1.1020000000000001e-05,1.8979999999999998e-05,2.0963763776027378e-05,2.0410381217250695e-05,,1.0000000000021927e-09,,,,,,,,,,,,,,,,,,,,,,,,,,,,,,,,,,,,,,,,,
F3,NA,0,NA,NA,DC,nomi,pos,SWI1,f3_m1_c1_iso_sna_vi3p9_d1p25_pos_vdd3p3_e1,M1,C1,iso,1.25,0.0,1,3p3,,0.006612475934012314,1.236536395507786,0.0,0.0,0.8696694583213992,0.8702250556857888,6.229020677606112e-05,-1.5696694583213993,0.720147201942367,1.5139183130162341,0.00012531963274679478,-1.4201472019423669,0.6442476494919843,0.8696694583214626,0.8702250556857888,0.006576220006371303,1.2445528674353203,0.006612475934012314,1.236536395507786,0.0010040004164526817,0.0010135030422790368,0.0010040444275302522,6.449826133250735e-13,5.58286536381635e-05,0.00016297749443142112,0.00016303305416785375,6.573856055305619e-05,,,,,,,,,,0.00661247593401,1.23653639551,,,,,,,,,,,,,,,,,,,,,,,,,,,,,,,,,,,,,,,,,,,,,,,,,,,,,,,,,,,,,,,,,,,,,,,,,,,,,,,,,,,,,3.9,1.540342928743252e-07,1.2347103541959137,0.001816147956208436,1.1020000000000001e-05,1.8979999999999998e-05,0.0005555054706880558,0.0005518984542636218,,1.0000000000021927e-09,,,,,,,,,,,,,,,,,,,,,,,,,,,,,,,,,,,,,,,,,
F3,NA,0,NA,NA,DC,nomi,pos,SWI1,f3_m1_c1_iso_sna_vi3p9_d2p3_pos_vdd3p3_e1,M1,C1,iso,2.3,0.0,1,3p3,,0.006524987143255054,0.02127530610974326,0.0,0.0,0.8701117215738555,0.8718594790365287,0.00017880958163629668,-1.5701117215738556,0.8963303564580793,1.546097555763381,0.00017560191232119553,-1.5963303564580793,0.6743556783002739,0.8701117215738668,0.8718594790365287,0.006505508706757394,0.021275311625666097,0.006524987143255054,0.02127530610974326,0.001004000418871804,0.0010040004189013434,0.0010040004188816994,6.750906420254638e-13,0.00017223110266346677,0.00016281405209634712,0.0001629888278426133,0.00017415256123348886,,,,,,,,,,0.00652498714326,0.0212753061097,,,,,,,,,,,,,,,,,,,,,,,,,,,,,,,,,,,,,,,,,,,,,,,,,,,,,,,,,,,,,,,,,,,,,,,,,,,,,,,,,,,,,3.9,0.0,0.020962636343391756,0.00031089195574915407,1.1020000000000001e-05,1.8979999999999998e-05,0.0017472075419892041,0.0017372817906321503,,1.0000000000021927e-09,,,,,,,,,,,,,,,,,,,,,,,,,,,,,,,,,,,,,,,,,
F3,NA,0,NA,NA,DC,nomi,neg,SWI1,f3_m1_c1_iso_sna_vin3p9_d0p2_neg_vdd3p3_e1,M1,C1,iso,0.2,0.0,1,3p3,,2.534218238872939,3.2897453474856797,0.0,0.0,0.8686907208384524,0.8696694413382771,0.00010147059331855335,-1.5686907208384524,0.2096087292620847,0.9606692689438061,0.000149049876884858,-0.9096087292620847,0.6600595082529352,0.8686907208384524,0.8696694413382702,2.529302033084319,3.2898795764009066,2.534218238872939,3.2897453474856797,0.0010040004123827767,0.0010121686353823066,0.0010042423094319595,0.00010148797638296401,6.607944714413089e-13,0.000163033055866173,0.00016313092791615477,9.437583981933077e-05,,,,,,,,,,2.53421823887,3.28974534749,,,,,,,,,,,,,,,,,,,,,,,,,,,,,,,,,,,,,,,,,,,,,,,,,,,,,,,,,,,,,,,,,,,,,,,,,,,,,,,,,,,,,-3.9,1.4132544162689172e-07,2.537436465772629,-0.00320076347322118,1.1020000000000001e-05,1.8979999999999998e-05,-0.0009785025610372644,-0.0009726610467233332,,1.0000000000021927e-09,,,,,,,,,,,,,,,,,,,,,,,,,,,,,,,,,,,,,,,,,
F3,NA,0,NA,NA,DC,nomi,neg,SWI1,f3_m1_c1_iso_sna_vin3p9_d1p25_neg_vdd3p3_e1,M1,C1,iso,1.25,0.0,1,3p3,,1.2345752807004977,3.289259471924767,0.0,0.0,0.8696278448508877,0.8696694583214681,6.613456238735438e-05,-1.5696278448508876,0.29691752687525524,1.119996092293968,0.00013524925744612615,-0.9969175268752553,0.572751181587148,0.8696278448508877,0.8696694583214628,1.2211855649390804,3.289467406285936,1.2345752807004977,3.289259471924767,0.0010040004123833867,0.001024378709278292,0.0010042076119260081,3.525000330857641e-06,1.2791084630283528e-11,0.00016303305416785372,0.00016303721551491122,0.00011824844579711471,,,,,,,,,,1.2345752807,3.28925947192,,,,,,,,,,,,,,,,,,,,,,,,,,,,,,,,,,,,,,,,,,,,,,,,,,,,,,,,,,,,,,,,,,,,,,,,,,,,,,,,,,,,,-3.9,1.6748626017859881e-07,1.2347103541959137,-0.00013434542232637625,1.1020000000000001e-05,1.8979999999999998e-05,-4.161288455017953e-05,-4.082546636086093e-05,,1.0000000000021927e-09,,,,,,,,,,,,,,,,,,,,,,,,,,,,,,,,,,,,,,,,,
F3,NA,0,NA,NA,DC,nomi,neg,SWI1,f3_m1_c1_iso_sna_vin3p9_d2p3_neg_vdd3p3_e1,M1,C1,iso,2.3,0.0,1,3p3,,0.02096022632616091,3.2846684754337567,0.0,0.0,0.8701019681245673,0.8701117215739094,6.404577627172614e-05,-1.5701019681245674,0.43107413026628844,1.2688069826461374,0.0001302998727081628,-1.1310741302662883,0.4390371028645456,0.8701019681245673,0.8701117215738704,0.0209423122034024,3.284760583531524,0.02096022632616091,3.2846684754337567,0.0010040004123932677,0.001032415470250206,0.001004181832724882,1.938777959577774e-08,4.034607498733158e-09,0.00016298882784261296,0.00016298980318754327,0.00023187665877589468,,,,,,,,,,0.0209602263262,3.28466847543,,,,,,,,,,,,,,,,,,,,,,,,,,,,,,,,,,,,,,,,,,,,,,,,,,,,,,,,,,,,,,,,,,,,,,,,,,,,,,,,,,,,,-3.9,1.8867803332096517e-07,0.020962636343391756,-2.397188238353193e-06,1.1020000000000001e-05,1.8979999999999998e-05,-9.753449300875516e-06,-9.45732871904248e-06,,1.0000000000021927e-09,,,,,,,,,,,,,,,,,,,,,,,,,,,,,,,,,,,,,,,,,
F3,0.005,0,1,0,DC,nomi,pos,SWI1,f3_m2_c0_chain_s0_vi2_d0p2_pos_vdd3p3_e1,M2,C0,chain,0.2,0.0,1,3p3,,0.008413996900158404,2.5342400578669597,0.0,0.0,0.869850521420052,0.8698673753865291,7.164343149490549e-05,-1.569850521420052,0.42095348970944174,1.5017122485063288,0.00014680683656042955,-1.1209534897094418,0.6318610590828045,0.869850521420052,0.8698673753865291,0.008413992692922099,2.934741452371614,0.008413996900158404,2.5342400578669597,0.0010040004138911823,0.0010312576235135878,0.001004170804272795,2.847491618597443e-08,3.4757014192885514e-05,0.0001630330530960221,0.0001630330543683199,0.0001615027603605867,,,,,,,,,,0.00841399690016,2.53424005787,,,,,,,,,,,,,,,,,,,,,,,0.869850521670281,0.8698505217304828,3.2508396543562412e-06,-1.569850521670281,0.8698690807342755,0.8698690807944474,3.2805533888925617e-06,-1.5698690807342754,1.855906693948306e-05,0.869850521670281,0.8698505217304828,1.2353061768796147,1.2353061770777138,1.2353061768796167,1.2353061770773028,0.0010040369584942525,0.0010040369584945253,0.001004036958494395,0.8698505216702809,0.8698505217304833,3.2508396543562412e-06,-1.569850521670281,0.8698690807342755,0.8698690807944477,3.2805533888925642e-06,-1.5698690807342754,1.855906693948306e-05,0.8698505216702809,0.8698505217304833,1.2353061768796088,1.235306177077715,1.2353061768796167,1.235306177077304,0.0010040369584942525,0.0010040369584945253,0.001004036958494395,0.0010040004171749778,0.001004000417174978,1.0090239639070594e-05,1.885988019023621e-05,3.251740219425235e-06,-1.569669456316801,3.2814629070954116e-06,-1.5696882844817857,1.9087379246607307e-17,1.9092800257469732e-17,1.9087379246607307e-17,1.9092800257469732e-17,,,,,,,,,,,,,,,2,1.9031694832733648e-07,2.5342400578669464,-0.001771713422066501,1.1020000000000001e-05,1.8979999999999998e-05,1.681318486856931e-05,1.1660213281361465e-05,2.0,1.0000000000021927e-09,,,,,,,,,,,,,,,,,,,,,,,,,,,,,,,,,,,,,,,,,
F3,0.005,0,1,0,DC,nomi,pos,SWI1,f3_m2_c0_chain_s0_vi2_d1p25_pos_vdd3p3_e1,M2,C0,chain,1.25,0.0,1,3p3,,0.006629554251313701,1.2315138912031829,0.0,0.0,0.869850521671015,0.8702735050768289,7.165671333986268e-05,-1.569850521671015,0.646012944360526,1.5132417312608895,0.0001468356276860877,-1.346012944360526,0.6433902642512699,0.869850521671015,0.8702735050768289,0.0066295489802872835,1.461032778457344,0.006629554251313701,1.2315138912031829,0.0010040004164613263,0.0010173161993182922,0.0010040464016734887,4.763300002911044e-12,5.4034073108080046e-05,0.00016303305309588732,0.00016303305460238057,7.493635926048063e-05,,,,,,,,,,0.00662955425131,1.2315138912,,,,,,,,,,,,,,,,,,,,,,,0.8698505216702843,0.8698505231840862,3.2508396543562412e-06,-1.5698505216702843,0.8698690807342786,0.8698690822470162,3.2805533888941905e-06,-1.5698690807342786,1.8559068057033556e-05,0.8698505216702843,0.8698505231840862,1.2353061768796247,1.2353061818613578,1.2353061768796263,1.2353061818516524,0.0010040369584943842,0.0010040369584949304,0.0010040369584946504,0.8698505216702844,0.8698505231840867,3.2508396543562412e-06,-1.5698505216702845,0.8698690807342786,0.8698690822470168,3.2805533888941956e-06,-1.5698690807342786,1.8559068057033556e-05,0.8698505216702844,0.8698505231840867,1.2353061768796183,1.2353061818613595,1.2353061768796263,1.2353061818516542,0.0010040369584943842,0.0010040369584949304,0.0010040369584946504,0.0010040004171749778,0.001004000417174978,1.8229261576193114e-05,1.88598808646967e-05,3.251740219813813e-06,-1.5696694539761942,3.2814667040304e-06,-1.5696882788060265,1.9087379246607307e-17,1.9092800257469732e-17,1.9087379246607307e-17,1.9092800257469732e-17,,,,,,,,,,,,,,,2,1.706636751130996e-07,1.231513891203168,-0.0008253875587278525,1.1020000000000001e-05,1.8979999999999998e-05,0.0004218017249846273,0.0002990484452614073,2.0,1.0000000000021927e-09,,,,,,,,,,,,,,,,,,,,,,,,,,,,,,,,,,,,,,,,,
F3,0.005,0,1,0,DC,nomi,pos,SWI1,f3_m2_c0_chain_s0_vi2_d2p3_pos_vdd3p3_e1,M2,C0,chain,2.3,0.0,1,3p3,,0.00652953856191303,0.0208606145373248,0.0,0.0,0.8698573849175584,0.8712709868845756,0.00017353936552266802,-1.5698573849175583,0.8973907788474266,1.5446580283049018,0.00017030763451450975,-1.5973907788474264,0.6735073459770812,0.8698573849175584,0.8712709868845756,0.006529530973725854,0.02086084004821205,0.00652953856191303,0.0208606145373248,0.0010040004188726329,0.0010040076393720261,0.0010040004218726702,6.742423080356025e-13,0.0001669781859155831,0.00016303305249355343,0.00016303305544518383,0.00017402099518022,,,,,,,,,,0.00652953856191,0.0208606145373,,,,,,,,,,,,,,,,,,,,,,,0.8698505216771703,0.8698505267364544,3.250832378398627e-06,-1.56985052167717,0.8698690807411643,0.8698690857980269,3.280553388947292e-06,-1.5698690807411642,1.8559070751877904e-05,0.8698505216771703,0.8698505267364544,1.2353061769022835,1.235306193552875,1.235306176902285,1.2353061935240903,0.001004036958494386,0.001004036958496213,0.0010040369584952773,0.8698505216771703,0.8698505267364548,3.250832378398627e-06,-1.56985052167717,0.8698690807411643,0.8698690857980274,3.280553388947294e-06,-1.5698690807411642,1.8559070751877904e-05,0.8698505216771703,0.8698505267364548,1.235306176902276,1.2353061935528764,1.235306176902285,1.2353061935240914,0.001004036958494386,0.001004036958496213,0.0010040369584952773,0.0010040004171749778,0.001004000417174978,3.821988453414146e-05,1.8885758789277673e-05,3.251741973834413e-06,-1.5696694455481617,3.2814754521090506e-06,-1.5696882650952162,1.9087379246607307e-17,1.909822126833216e-17,1.9087379246607307e-17,1.909822126833216e-17,,,,,,,,,,,,,,,2,0.0,0.02072487728525973,7.55656131019404e-05,1.1020000000000001e-05,1.8979999999999998e-05,0.0014094381849376614,0.0010003601788461935,2.0,1.0000000000021927e-09,,,,,,,,,,,,,,,,,,,,,,,,,,,,,,,,,,,,,,,,,
F3,0.005,0,1,0,DC,nomi,pos,SWI1,f3_m2_c0_chain_s0_vi4p5_d0p2_pos_vdd3p3_e1,M2,C0,chain,0.2,0.0,1,3p3,,0.008413817837327555,2.53424005786697,0.0,0.0,0.869850521420052,0.8698673910388185,7.184999824971783e-05,-1.569850521420052,0.4219757941349699,1.5017397680462172,0.00014725006237067213,-1.1219757941349697,0.6318885759133905,0.869850521420052,0.8698673910388185,0.008413813630109115,2.93323714353004,0.008413817837327555,2.53424005786697,0.001004000413891537,0.0010312052786175885,0.0010041724620930234,2.7364194157120494e-08,3.479376444257535e-05,0.000163033053090538,0.00016303305437285361,0.00016150617469556043,,,,,,,,,,0.00841381783733,2.53424005787,,,,,,,,,,,,,,,,,,,,,,,0.869850521670281,0.8698505217305351,3.2508396543562412e-06,-1.569850521670281,0.8698690807342755,0.8698690807944988,3.2805533888962814e-06,-1.5698690807342754,1.855906695880094e-05,0.869850521670281,0.8698505217305351,1.2353061768796147,1.2353061770778855,1.2353061768796167,1.2353061770774714,0.0010040369584942523,0.0010040369584945258,0.001004036958494395,0.8698505216702809,0.8698505217305355,3.2508396543562412e-06,-1.569850521670281,0.8698690807342755,0.8698690807944991,3.280553388896286e-06,-1.5698690807342754,1.8559066958911963e-05,0.8698505216702809,0.8698505217305355,1.2353061768796088,1.2353061770778868,1.2353061768796167,1.2353061770774725,0.0010040369584942523,0.0010040369584945258,0.001004036958494395,0.0010040004171749778,0.001004000417174978,1.0090553099420768e-05,1.8859949327709735e-05,3.2517402353916304e-06,-1.569669456271464,3.281462914714317e-06,-1.5696882841061548,1.9087379246607307e-17,1.9092800257469732e-17,1.9087379246607307e-17,1.9092800257469732e-17,,,,,,,,,,,,,,,4.5,2.0450180181487829e-07,2.5342400578669464,-0.005264543710707503,1.1020000000000001e-05,1.8979999999999998e-05,1.6816843227740463e-05,1.1672889591474167e-05,4.5,1.0000000000021927e-09,,,,,,,,,,,,,,,,,,,,,,,,,,,,,,,,,,,,,,,,,
F3,0.005,0,1,0,DC,nomi,pos,SWI1,f3_m2_c0_chain_s0_vi4p5_d1p25_pos_vdd3p3_e1,M2,C0,chain,1.25,0.0,1,3p3,,0.006629538563156781,1.231513891203193,0.0,0.0,0.869850521671015,0.8702738887264494,7.182903043156941e-05,-1.569850521671015,0.6470689680971118,1.5132105009067667,0.00014720535446294367,-1.3470689680971117,0.6433590250372978,0.869850521671015,0.8702738887264494,0.006629533291898648,1.4563014077865817,0.006629538563156781,1.231513891203193,0.0010040004164617263,0.001017263630042298,0.0010040463715875675,4.579497501697172e-12,5.396976474142789e-05,0.00016303305309037363,0.0001630330546153594,7.480533894576776e-05,,,,,,,,,,0.00662953856316,1.2315138912,,,,,,,,,,,,,,,,,,,,,,,0.8698505216702843,0.8698505231853781,3.2508396543562412e-06,-1.5698505216702843,0.8698690807342786,0.8698690822482968,3.280553388895506e-06,-1.5698690807342786,1.855906806258467e-05,0.8698505216702843,0.8698505231853781,1.2353061768796247,1.235306181865587,1.2353061768796263,1.235306181855862,0.0010040369584943842,0.0010040369584949306,0.0010040369584946509,0.8698505216702844,0.8698505231853787,3.2508396543562412e-06,-1.5698505216702845,0.8698690807342786,0.8698690822482973,3.2805533888955043e-06,-1.5698690807342786,1.8559068062695694e-05,0.8698505216702844,0.8698505231853787,1.2353061768796183,1.2353061818655886,1.2353061768796263,1.2353061818558637,0.0010040369584943842,0.0010040369584949306,0.0010040369584946509,0.0010040004171749778,0.001004000417174978,1.8236942145117435e-05,1.885995751793601e-05,3.251740235870414e-06,-1.569669453846406,3.28146688526737e-06,-1.569688278403999,1.9087379246607307e-17,1.9092800257469732e-17,1.9087379246607307e-17,1.9092800257469732e-17,,,,,,,,,,,,,,,4.5,1.839188144265623e-07,1.231513891203168,-0.004317223777781987,1.1020000000000001e-05,1.8979999999999998e-05,0.0004218780247439158,0.0002993629491426786,4.5,1.0000000000021927e-09,,,,,,,,,,,,,,,,,,,,,,,,,,,,,,,,,,,,,,,,,
F3,0.005,0,1,0,DC,nomi,pos,SWI1,f3_m2_c0_chain_s0_vi4p5_d2p3_pos_vdd3p3_e1,M2,C0,chain,2.3,0.0,1,3p3,,0.006529533616114653,0.020724877285283334,0.0,0.0,0.8698573849175584,0.8712721679691676,0.00017341578877339003,-1.5698573849175583,0.8973907788474266,1.544659243431222,0.00017025316777934346,-1.5973907788474264,0.673477788316651,0.8698573849175584,0.8712721679691676,0.006529526027680101,0.02072487728611867,0.006529533616114653,0.020724877285283334,0.0010040004188729048,0.0010040063092888864,0.0010040004211003383,6.742127472633697e-13,0.00016679790259425297,0.0001630330525030318,0.0001630330554663493,0.00017402099518022,,,,,,,,,,0.00652953361611,0.0207248772853,,,,,,,,,,,,,,,,,,,,,,,0.8698505216771703,0.8698505267404145,3.250832378398627e-06,-1.56985052167717,0.8698690807411643,0.8698690858019661,3.2805533889492926e-06,-1.5698690807411642,1.8559070757206975e-05,0.8698505216771703,0.8698505267404145,1.2353061769022835,1.2353061935658693,1.235306176902285,1.2353061935370446,0.001004036958494386,0.0010040369584962139,0.0010040369584952786,0.8698505216771703,0.869850526740415,3.250832378398627e-06,-1.56985052167717,0.8698690807411643,0.8698690858019664,3.280553388949297e-06,-1.5698690807411642,1.8559070757095952e-05,0.8698505216771703,0.869850526740415,1.235306176902276,1.2353061935658707,1.235306176902285,1.2353061935370457,0.001004036958494386,0.0010040369584962139,0.0010040369584952786,0.0010040004171749778,0.001004000417174978,3.824354362201821e-05,1.888566583840845e-05,3.2517419462384313e-06,-1.569669445336507,3.281475729852157e-06,-1.569688264635174,1.9087379246607307e-17,1.909822126833216e-17,1.9087379246607307e-17,1.909822126833216e-17,,,,,,,,,,,,,,,4.5,0.0,0.02072487728525973,-9.892095495069725e-05,1.1020000000000001e-05,1.8979999999999998e-05,0.0014095969522303076,0.001001416584855419,4.5,1.0000000000021927e-09,,,,,,,,,,,,,,,,,,,,,,,,,,,,,,,,,,,,,,,,,
F3,0.005,0,1,0,DC,nomi,neg,SWI1,f3_m2_c0_chain_s0_vin2_d0p2_neg_vdd3p3_e1,M2,C0,chain,0.2,0.0,1,3p3,,2.533686147975425,3.289712392296232,0.0,0.0,0.8690802010622886,0.8698505214200525,9.929804911390505e-05,-1.5690802010622886,0.21036266369209153,1.008283556311321,0.00015350157442042486,-0.9103626636920915,0.6594868591370925,0.8690802010622886,0.8698505214200525,2.3907912770313517,3.2897123984314596,2.533686147975425,3.289712392296232,0.0010040004123879418,0.001012257537728702,0.0010042446743990239,9.933422086562467e-05,6.602218229588563e-13,0.00016303305245665787,0.00016303305428623944,0.00010028331964160309,,,,,,,,,,2.53368614798,3.2897123923,,,,,,,,,,,,,,,,,,,,,,,0.8698505189133197,0.8698505216702813,3.2508396543562412e-06,-1.5698505189133196,0.8698690779790957,0.8698690807342893,3.280553403138637e-06,-1.5698690779790958,1.8559069411838713e-05,0.8698505189133197,0.8698505216702813,1.2353061678065225,1.2353061768796676,1.2353061678232717,1.2353061768796594,0.0010040369584933882,0.0010040369584943848,0.0010040369584938993,0.8698505189133201,0.8698505216702813,3.2508396543562412e-06,-1.56985051891332,0.8698690779790962,0.8698690807342893,3.280553403138634e-06,-1.5698690779790963,1.8559069411949736e-05,0.8698505189133201,0.8698505216702813,1.2353061678065236,1.2353061768796676,1.2353061678232728,1.2353061768796594,0.0010040369584933882,0.0010040369584943848,0.0010040369584938993,0.0010040004171749778,0.0010040028176939396,9.752490323662229e-06,1.8864277082308867e-05,3.2517420812761973e-06,-1.5696694571376053,3.281463686069519e-06,-1.569688277706573,1.9087379246607307e-17,1.909822126833216e-17,1.9087379246607307e-17,1.909822126833216e-17,,,,,,,,,,,,,,,-2,1.5900721458621096e-07,2.5342400578669464,1.5690314354888102e-05,1.1020000000000001e-05,1.8979999999999998e-05,-0.0007681201728144682,-0.0005449441278323475,2.0,1.0000000000021927e-09,,,,,,,,,,,,,,,,,,,,,,,,,,,,,,,,,,,,,,,,,
F3,0.005,0,1,0,DC,nomi,neg,SWI1,f3_m2_c0_chain_s0_vin2_d1p25_neg_vdd3p3_e1,M2,C0,chain,1.25,0.0,1,3p3,,1.2315138912031447,3.2891305364538588,0.0,0.0,0.8698216344824378,0.8698505216710154,6.522826473798204e-05,-1.5698216344824378,0.23777485331309225,1.2410678223476697,0.00015355535044037742,-0.9377748533130922,0.6320749996952301,0.8698216344824378,0.8698505216710154,0.8522649195487637,3.2891305387930934,1.2315138912031447,3.2891305364538588,0.0010040004124016472,0.00102517103997112,0.0010042171744297553,3.504373090844168e-05,1.3858652270150492e-09,0.00016303305313641336,0.000163033054286167,0.00012558624648720937,,,,,,,,,,1.2315138912,3.28913053645,,,,,,,,,,,,,,,,,,,,,,,0.8698505215670784,0.8698505216702848,3.2508396543562412e-06,-1.5698505215670784,0.8698690806311536,0.869869080734293,3.2805533894349817e-06,-1.5698690806311535,1.8559066890411202e-05,0.8698505215670784,0.8698505216702848,1.2353061765399989,1.2353061768796794,1.235306176540773,1.235306176879671,0.001004036958494234,0.0010040369584945117,0.0010040369584943662,0.8698505215670789,0.8698505216702848,3.2508396543562412e-06,-1.5698505215670788,0.8698690806311542,0.8698690807342933,3.280553389434979e-06,-1.5698690806311542,1.855906689030018e-05,0.8698505215670789,0.8698505216702848,1.2353061765400006,1.2353061768796794,1.2353061765407745,1.235306176879671,0.001004036958494234,0.0010040369584945117,0.0010040369584943662,0.0010040004171749778,0.0010040004171749778,9.752495353104556e-06,1.885828179648552e-05,3.2517401017971006e-06,-1.56966945713833,3.2814620990612164e-06,-1.5696882819903455,1.9087379246607307e-17,1.909822126833216e-17,1.9087379246607307e-17,1.909822126833216e-17,,,,,,,,,,,,,,,-2,1.8508153710434808e-07,1.231513891203168,0.0017439216328378748,1.1020000000000001e-05,1.8979999999999998e-05,-2.8815204974330655e-05,-2.0100256403310368e-05,2.0,1.0000000000021927e-09,,,,,,,,,,,,,,,,,,,,,,,,,,,,,,,,,,,,,,,,,
F3,0.005,0,1,0,DC,nomi,neg,SWI1,f3_m2_c0_chain_s0_vin2_d2p3_neg_vdd3p3_e1,M2,C0,chain,2.3,0.0,1,3p3,,0.020724877285252012,3.284130128004143,0.0,0.0,0.8698498738294639,0.8698573849175587,6.654341464162883e-05,-1.569849873829464,0.24168193971568766,1.4400441040633887,0.00015646714737772927,-0.9416819397156876,0.6281747590450341,0.8698498738294639,0.8698573849175587,0.02072487728478296,3.284130131568834,0.020724877285252012,3.284130128004143,0.0010040004124199438,0.0010356496883648075,0.0010042245598260522,3.016527661564281e-05,3.1914110212882624e-06,0.00016303305300806794,0.0001630330543005716,0.00025537444916678807,,,,,,,,,,0.0207248772853,3.284130128,,,,,,,,,,,,,,,,,,,,,,,0.8698505216503678,0.8698505216771705,3.250832378398627e-06,-1.5698505216503678,0.8698690807143837,0.8698690807411766,3.2805533891657214e-06,-1.5698690807143838,1.855906691639042e-05,0.8698505216503678,0.8698505216771705,1.235306176814066,1.235306176902338,1.235306176814282,1.2353061769023297,0.0010040369584942439,0.0010040369584945101,0.0010040369584943811,0.8698505216503681,0.8698505216771705,3.250832378398627e-06,-1.569850521650368,0.8698690807143841,0.8698690807411766,3.280553389165722e-06,-1.569869080714384,1.855906691639042e-05,0.8698505216503681,0.8698505216771705,1.2353061768140672,1.235306176902338,1.2353061768142832,1.2353061769023297,0.0010040369584942439,0.0010040369584945101,0.0010040369584943811,0.0010040004171749778,0.0010040004171749778,9.890035225446178e-06,1.8858169692492766e-05,3.2517404755467302e-06,-1.569669456994284,3.2814622629023793e-06,-1.5696882814911262,1.9087379246607307e-17,1.9092800257469732e-17,1.9087379246607307e-17,1.9092800257469732e-17,,,,,,,,,,,,,,,-2,2.1346059452908954e-07,0.02072487728525973,8.994314436266623e-05,1.1020000000000001e-05,1.8979999999999998e-05,-7.494638332272707e-06,-5.18745833000267e-06,2.0,1.0000000000021927e-09,,,,,,,,,,,,,,,,,,,,,,,,,,,,,,,,,,,,,,,,,
F3,0.005,0,1,0,DC,nomi,neg,SWI1,f3_m2_c0_chain_s0_vin4p5_d0p2_neg_vdd3p3_e1,M2,C0,chain,0.2,0.0,1,3p3,,2.534240057866916,3.289712400111036,0.0,0.0,0.8690795327905684,0.8698505214200525,9.90161834995007e-05,-1.5690795327905684,0.21046309129702387,1.0074313533612629,0.00015423873571613454,-0.9104630912970239,0.6593863675725322,0.8690795327905684,0.8698505214200525,2.3955537504184905,3.2897124062465237,2.534240057866916,3.289712400111036,0.0010040004123875244,0.001012261443326517,0.0010042557957956198,9.896083425973755e-05,6.601213309699941e-13,0.00016303305244192166,0.00016303305429184842,0.00010017758726566536,,,,,,,,,,2.53424005787,3.28971240011,,,,,,,,,,,,,,,,,,,,,,,0.8698505189110768,0.8698505216702813,3.2508396543562412e-06,-1.5698505189110767,0.8698690779768683,0.869869080734288,3.280553403152386e-06,-1.5698690779768683,1.8559069412282803e-05,0.8698505189110768,0.8698505216702813,1.2353061677991584,1.2353061768796676,1.23530616781593,1.2353061768796594,0.0010040369584933878,0.0010040369584943848,0.0010040369584938987,0.8698505189110771,0.8698505216702813,3.2508396543562412e-06,-1.569850518911077,0.8698690779768687,0.869869080734288,3.2805534031523897e-06,-1.5698690779768687,1.8559069412393825e-05,0.8698505189110771,0.8698505216702813,1.2353061677991597,1.2353061768796676,1.2353061678159314,1.2353061768796594,0.0010040369584933878,0.0010040369584943848,0.0010040369584938987,0.0010040004171749778,0.0010040028310735335,9.752490323662229e-06,1.8864537405627324e-05,3.2517421241932587e-06,-1.5696694570815155,3.2814634292194222e-06,-1.5696882778569723,1.9087379246607307e-17,1.909822126833216e-17,1.9087379246607307e-17,1.909822126833216e-17,,,,,,,,,,,,,,,-4.5,1.7194607446538875e-07,2.5342400578669464,0.00350719899400298,1.1020000000000001e-05,1.8979999999999998e-05,-0.0007682290476149767,-0.0005454961088605659,4.5,1.0000000000021927e-09,,,,,,,,,,,,,,,,,,,,,,,,,,,,,,,,,,,,,,,,,
F3,0.005,0,1,0,DC,nomi,neg,SWI1,f3_m2_c0_chain_s0_vin4p5_d1p25_neg_vdd3p3_e1,M2,C0,chain,1.25,0.0,1,3p3,,1.2315138912031396,3.2891306432932743,0.0,0.0,0.8698216052768135,0.8698505216710154,6.55325013916297e-05,-1.5698216052768135,0.23776119214385502,1.2397474502543921,0.000154220018682524,-0.937761192143855,0.6320886574013969,0.8698216052768135,0.8698505216710154,0.8574805513380759,3.2891306456325506,1.2315138912031396,3.2891306432932743,0.0010040004123981854,0.0010251784179586055,0.0010042362822797449,3.5062116758935146e-05,1.3164619732221674e-09,0.00016303305312442498,0.00016303305429180676,0.00012558794142135792,,,,,,,,,,1.2315138912,3.28913064329,,,,,,,,,,,,,,,,,,,,,,,0.86985052156698,0.8698505216702848,3.2508396543562412e-06,-1.56985052156698,0.8698690806310555,0.8698690807342924,3.2805533894355395e-06,-1.5698690806310553,1.8559066901735477e-05,0.86985052156698,0.8698505216702848,1.2353061765396813,1.2353061768796794,1.2353061765404496,1.235306176879671,0.0010040369584942339,0.0010040369584945117,0.0010040369584943662,0.8698505215669805,0.8698505216702848,3.2508396543562412e-06,-1.5698505215669805,0.869869080631056,0.8698690807342925,3.280553389435537e-06,-1.5698690806310558,1.85590669018465e-05,0.8698505215669805,0.8698505216702848,1.2353061765396829,1.2353061768796794,1.2353061765404512,1.235306176879671,0.0010040369584942339,0.0010040369584945117,0.0010040369584943662,0.0010040004171749778,0.0010040004171749778,9.752495353104556e-06,1.8858539529764684e-05,3.2517401367066762e-06,-1.5696694570819325,3.2814621977669822e-06,-1.5696882818548494,1.9087379246607307e-17,1.909822126833216e-17,1.9087379246607307e-17,1.909822126833216e-17,,,,,,,,,,,,,,,-4.5,1.98689496814824e-07,1.231513891203168,0.0052371742286925205,1.1020000000000001e-05,1.8979999999999998e-05,-2.882384061686505e-05,-2.0123629172141833e-05,4.5,1.0000000000021927e-09,,,,,,,,,,,,,,,,,,,,,,,,,,,,,,,,,,,,,,,,,
F3,0.005,0,1,0,DC,nomi,neg,SWI1,f3_m2_c0_chain_s0_vin4p5_d2p3_neg_vdd3p3_e1,M2,C0,chain,2.3,0.0,1,3p3,,0.020724877285244265,3.284130677088839,0.0,0.0,0.8698498666202706,0.8698573849175587,6.685433213249325e-05,-1.5698498666202707,0.241668742915841,1.4402152725662654,0.00015715202127751125,-0.941668742915841,0.6281879608287768,0.8698498666202706,0.8698573849175587,0.020724877284081778,3.284130680653554,0.020724877285244265,3.284130677088839,0.0010040004124162358,0.0010356549588609839,0.001004245623986877,3.01806040358464e-05,3.212717822075593e-06,0.00016303305300481393,0.0001630330543060168,0.0002553760864868683,,,,,,,,,,0.0207248772852,3.28413067709,,,,,,,,,,,,,,,,,,,,,,,0.8698505216503436,0.8698505216771705,3.250832378398627e-06,-1.5698505216503436,0.8698690807143571,0.8698690807411775,3.280553389166898e-06,-1.5698690807143572,1.85590669202762e-05,0.8698505216503436,0.8698505216771705,1.2353061768139855,1.235306176902338,1.235306176814196,1.2353061769023297,0.0010040369584942436,0.0010040369584945106,0.001004036958494381,0.8698505216503439,0.8698505216771705,3.250832378398627e-06,-1.569850521650344,0.8698690807143575,0.8698690807411775,3.2805533891668915e-06,-1.5698690807143576,1.8559066920387224e-05,0.8698505216503439,0.8698505216771705,1.2353061768139868,1.235306176902338,1.235306176814197,1.2353061769023297,0.0010040369584942436,0.0010040369584945106,0.001004036958494381,0.0010040004171749778,0.0010040004171749778,9.890035225446178e-06,1.8858428651458148e-05,3.2517404850183217e-06,-1.5696694569398317,3.2814623533300447e-06,-1.5696882813401465,1.9087379246607307e-17,1.9092800257469732e-17,1.9087379246607307e-17,1.9092800257469732e-17,,,,,,,,,,,,,,,-4.5,2.207178979104633e-07,0.02072487728525973,0.00027151108346392186,1.1020000000000001e-05,1.8979999999999998e-05,-7.496573011245289e-06,-5.269778961092264e-06,4.5,1.0000000000021927e-09,,,,,,,,,,,,,,,,,,,,,,,,,,,,,,,,,,,,,,,,,
F3,NA,0,NA,NA,DC,nomi,pos,SWI1,f3_m2_c0_iso_sna_vi3p9_d0p2_pos_vdd3p3_e1,M2,C0,iso,0.2,0.0,1,3p3,,0.008241507997291437,2.538088368021593,0.0,0.0,0.8698505214193261,0.8698681335023252,7.253439058296784e-05,-1.5698505214193261,0.4073442100690452,1.506509971868108,0.00016997643859317316,-1.1073442100690452,0.636658761167393,0.8698505214193261,0.8698681335023252,0.008241503796673169,2.936405835128212,0.008241507997291437,2.538088368021593,0.0010040004138850774,0.0010316061016756798,0.0010041652899867796,4.836296300138863e-08,4.177855450399766e-05,0.00016303305305526424,0.0001630330543888033,0.00016209801139802828,,,,,,,,,,0.00824150799729,2.53808836802,,,,,,,,,,,,,,,,,,,,,,,0.8698505216702855,0.8698505217332019,3.250832378398627e-06,-1.5698505216702854,0.8698690807342802,0.869869080797153,3.280553388893976e-06,-1.56986908073428,1.855906725045653e-05,0.8698505216702855,0.8698505217332019,1.23530617687963,1.2353061770866773,1.2353061768796327,1.2353061770862,0.001004036958494245,0.0010040369584945323,0.0010040369584943954,0.869850521670285,0.8698505217332018,3.250832378398627e-06,-1.569850521670285,0.869869080734279,0.869869080797153,3.2805533888939784e-06,-1.569869080734279,1.8559067250345507e-05,0.869850521670285,0.8698505217332018,1.2353061768796247,1.2353061770866771,1.2353061768796263,1.2353061770861997,0.001004036958494245,0.0010040369584945323,0.0010040369584943954,0.0010040004171749778,0.001004000417174978,1.0105419634196968e-05,1.8860074787574455e-05,3.2517403381080485e-06,-1.569669456111967,3.2814635484365584e-06,-1.5696882798327847,1.9087379246607307e-17,1.9092800257469732e-17,1.9087379246607307e-17,1.9092800257469732e-17,,,,,,,,,,,,,,,3.9,1.5709597966553207e-07,2.5380323435168455,4.009450409991899e-05,1.1020000000000001e-05,1.8979999999999998e-05,1.761208299866368e-05,1.2176180668621583e-05,,1.0000000000021927e-09,,,,,,,,,,,,,,,,,,,,,,,,,,,,,,,,,,,,,,,,,
F3,NA,0,NA,NA,DC,nomi,pos,SWI1,f3_m2_c0_iso_sna_vi3p9_d1p25_pos_vdd3p3_e1,M2,C0,iso,1.25,0.0,1,3p3,,0.006614655813121822,1.2368138939918913,0.0,0.0,0.8698505216702793,0.8703131701473039,7.244030430531012e-05,-1.5698505216702792,0.6437074473110685,1.515631275702219,0.00015065759684301325,-1.3437074473110684,0.6457797602250572,0.8698505216702793,0.8703131701473039,0.006614650378010746,1.4696110119690233,0.006614655813121822,1.2368138939918913,0.0010040004164572963,0.0010174108085580283,0.0010040444611476881,5.199525689560461e-12,5.918182539975179e-05,0.00016303305309447704,0.0001630330547375716,7.52224010780312e-05,,,,,,,,,,0.00661465581312,1.23681389399,,,,,,,,,,,,,,,,,,,,,,,0.8698505216702791,0.8698505233263213,3.2508396543562412e-06,-1.5698505216702792,0.869869080734273,0.8698690823890827,3.280553388894967e-06,-1.569869080734273,1.8559068416745816e-05,0.8698505216702791,0.8698505233263213,1.2353061768796048,1.2353061823293194,1.235306176879607,1.2353061823185598,0.0010040369584943844,0.001004036958494983,0.0010040369584946747,0.8698505216702789,0.8698505233263223,3.2508396543562412e-06,-1.5698505216702787,0.8698690807342729,0.8698690823890837,3.2805533888949677e-06,-1.5698690807342728,1.8559068416745816e-05,0.8698505216702789,0.8698505233263223,1.2353061768796048,1.2353061823293228,1.235306176879607,1.2353061823185632,0.0010040369584943844,0.001004036958494983,0.0010040369584946747,0.0010040004171749778,0.001004000417174978,1.9024158923405997e-05,1.8860082171445747e-05,3.251740223921637e-06,-1.5696694526242838,3.28146867479423e-06,-1.5696882733908466,1.9087379246607307e-17,1.9092800257469732e-17,1.9087379246607307e-17,1.9092800257469732e-17,,,,,,,,,,,,,,,3.9,1.3690417072921744e-07,1.235306176879649,0.0010766013063991942,1.1020000000000001e-05,1.8979999999999998e-05,0.00046259870791942603,0.00032694881635886297,,1.0000000000021927e-09,,,,,,,,,,,,,,,,,,,,,,,,,,,,,,,,,,,,,,,,,
F3,NA,0,NA,NA,DC,nomi,pos,SWI1,f3_m2_c0_iso_sna_vi3p9_d2p3_pos_vdd3p3_e1,M2,C0,iso,2.3,0.0,1,3p3,,0.006524768901937892,0.021173451587889157,0.0,0.0,0.8698571162398891,0.8713129032993471,0.0001789771998141898,-1.569857116239889,0.8963133783961991,1.5455785001267959,0.00017574672715724426,-1.5963133783961991,0.6743848166826958,0.8698571162398891,0.8713129032993471,0.006524761145942997,0.021173724399999063,0.006524768901937892,0.021173451587889157,0.001004000418872007,0.0010040101765057088,0.0010040004236048067,6.751197799588493e-13,0.0001724142524371597,0.0001630330524364676,0.00016303305562128152,0.00017415466769277923,,,,,,,,,,0.00652476890194,0.0211734515879,,,,,,,,,,,,,,,,,,,,,,,0.8698505216769015,0.869850526887986,3.2508341973880306e-06,-1.5698505216769014,0.8698690807408963,0.8698690859492985,3.280553388969148e-06,-1.5698690807408964,1.8559071063739552e-05,0.8698505216769015,0.869850526887986,1.2353061769014033,1.235306194051348,1.235306176901405,1.2353061940213133,0.001004036958494386,0.0010040369584962707,0.0010040369584953018,0.8698505216769009,0.8698505268879848,3.2508396543562412e-06,-1.569850521676901,0.8698690807408952,0.8698690859492972,3.280553388969151e-06,-1.569869080740895,1.8559071063739552e-05,0.8698505216769009,0.8698505268879848,1.2353061769013967,1.2353061940513441,1.2353061769013987,1.2353061940213093,0.001004036958494386,0.0010040369584962707,0.0010040369584953018,0.0010040004171749778,0.001004000417174978,3.9059866864744015e-05,1.888745419409421e-05,3.2517421400764398e-06,-1.569669443787185,3.281477857358661e-06,-1.5696882591028722,1.9087379246607307e-17,1.909822126833216e-17,1.9087379246607307e-17,1.909822126833216e-17,,,,,,,,,,,,,,,3.9,0.0,0.020918646231430076,0.00018048854001680853,1.1020000000000001e-05,1.8979999999999998e-05,0.0014554623058156135,0.0010296112170257166,,1.0000000000021927e-09,,,,,,,,,,,,,,,,,,,,,,,,,,,,,,,,,,,,,,,,,
F3,NA,0,NA,NA,DC,nomi,neg,SWI1,f3_m2_c0_iso_sna_vin3p9_d0p2_neg_vdd3p3_e1,M2,C0,iso,0.2,0.0,1,3p3,,2.535371254518502,3.289719739019623,0.0,0.0,0.8690348397245552,0.8698505214193264,0.00010514377303882938,-1.569034839724555,0.20881821668199613,1.007999164946237,0.00015508568046204105,-0.908818216681996,0.6610312806972454,0.8690348397245552,0.8698505214193264,2.3926397115934446,3.2897197454184983,2.535371254518502,3.289719739019623,0.0010040004123875392,0.0010122247620449189,0.0010042425879691905,0.00010524602205379935,6.617662445590131e-13,0.00016303305231540394,0.00016303305428767904,0.00010024803535313114,,,,,,,,,,2.53537125452,3.28971973902,,,,,,,,,,,,,,,,,,,,,,,0.8698505187505055,0.869850521670286,3.250832378398627e-06,-1.5698505187505054,0.8698690778164957,0.8698690807342891,3.2805534040118855e-06,-1.5698690778164957,1.8559069754120472e-05,0.8698505187505055,0.869850521670286,1.2353061672709444,1.235306176879683,1.2353061672888532,1.2353061768796747,0.0010040369584933286,0.0010040369584943848,0.001004036958493872,0.869850518750506,0.8698505216702854,3.250832378398627e-06,-1.5698505187505059,0.8698690778164963,0.8698690807342887,3.2805534040118817e-06,-1.569869077816496,1.8559069754231494e-05,0.869850518750506,0.8698505216702854,1.2353061672709462,1.2353061768796816,1.2353061672888552,1.235306176879673,0.0010040369584933286,0.0010040369584943848,0.001004036958493872,0.0010040004171749778,0.0010040037267635953,9.752490309289162e-06,1.8868038658581554e-05,3.2517424926138373e-06,-1.5696694571232097,3.281464425700098e-06,-1.5696882756258437,1.9087379246607307e-17,1.909822126833216e-17,1.9087379246607307e-17,1.909822126833216e-17,,,,,,,,,,,,,,,-3.9,1.2510678652661534e-07,2.5380323435168455,-0.0018991378402364312,1.1020000000000001e-05,1.8979999999999998e-05,-0.0008155604813467887,-0.0005767416784754342,,1.0000000000021927e-09,,,,,,,,,,,,,,,,,,,,,,,,,,,,,,,,,,,,,,,,,
F3,NA,0,NA,NA,DC,nomi,neg,SWI1,f3_m2_c0_iso_sna_vin3p9_d1p25_neg_vdd3p3_e1,M2,C0,iso,1.25,0.0,1,3p3,,1.2351936066249354,3.289232486969653,0.0,0.0,0.8698154479365531,0.8698505216702797,7.822333005624849e-05,-1.569815447936553,0.2331409866342701,1.2477741321372586,0.00016176792334163817,-0.93314098663427,0.636708839111072,0.8698154479365531,0.8698505216702797,0.8473904158433175,3.28923248939246,1.2351936066249354,3.289232486969653,0.0010040004123992397,0.0010251502164667344,0.001004211963034322,4.185869536046798e-05,1.799533676986962e-09,0.00016303305303791584,0.000163033054287015,0.00012616116791138086,,,,,,,,,,1.23519360662,3.28923248697,,,,,,,,,,,,,,,,,,,,,,,0.8698505215449349,0.8698505216702795,3.2508396543562412e-06,-1.569850521544935,0.8698690806090442,0.8698690807342828,3.2805533895509477e-06,-1.569869080609044,1.8559067011425512e-05,0.8698505215449349,0.8698505216702795,1.2353061764672346,1.2353061768796623,1.2353061764681679,1.2353061768796536,0.0010040369584942246,0.0010040369584945132,0.0010040369584943623,0.869850521544936,0.8698505216702791,3.2508396543562412e-06,-1.5698505215449359,0.8698690806090453,0.8698690807342825,3.2805533895509426e-06,-1.5698690806090454,1.8559067011425512e-05,0.869850521544936,0.8698505216702791,1.235306176467238,1.235306176879661,1.2353061764681712,1.2353061768796525,0.0010040369584942246,0.0010040369584945132,0.0010040369584943623,0.0010040004171749778,0.001004000417174978,9.752495338140572e-06,1.8861626700727996e-05,3.2517403886301655e-06,-1.56966945712985,3.281462352004716e-06,-1.5696882819718438,1.9087379246607307e-17,1.909822126833216e-17,1.9087379246607307e-17,1.909822126833216e-17,,,,,,,,,,,,,,,-3.9,1.508902626103831e-07,1.235306176879649,-8.05216231667405e-05,1.1020000000000001e-05,1.8979999999999998e-05,-3.507365758681491e-05,-2.4453326008311294e-05,,1.0000000000021927e-09,,,,,,,,,,,,,,,,,,,,,,,,,,,,,,,,,,,,,,,,,
F3,NA,0,NA,NA,DC,nomi,neg,SWI1,f3_m2_c0_iso_sna_vin3p9_d2p3_neg_vdd3p3_e1,M2,C0,iso,2.3,0.0,1,3p3,,0.02091653016996848,3.284657297509193,0.0,0.0,0.8698488390873532,0.8698571162398891,7.881108939145065e-05,-1.5698488390873533,0.2369770480240239,1.4644148026218546,0.00016267540406714854,-0.9369770480240238,0.63287935705018,0.8698488390873532,0.8698571162398891,0.020916528744814544,3.2846573010316718,0.02091653016996848,3.284657297509193,0.001004000412416265,0.0010356938207589045,0.00100422311568593,3.614272922868016e-05,8.22428507214494e-06,0.00016303305297589769,0.00016303305434866406,0.0002559581826272923,,,,,,,,,,0.02091653017,3.28465729751,,,,,,,,,,,,,,,,,,,,,,,0.8698505216473569,0.8698505216769019,3.2508341973880306e-06,-1.5698505216473568,0.8698690807113838,0.8698690807409052,3.280553389182866e-06,-1.5698690807113838,1.8559067008872e-05,0.8698505216473569,0.8698505216769019,1.235306176804242,1.235306176901454,1.2353061768044673,1.235306176901446,0.0010040369584942376,0.001004036958494521,0.0010040369584943805,0.8698505216473562,0.8698505216769014,3.2508396543562412e-06,-1.5698505216473562,0.8698690807113831,0.8698690807409046,3.280553389182867e-06,-1.569869080711383,1.855906700898302e-05,0.8698505216473562,0.8698505216769014,1.23530617680424,1.2353061769014526,1.235306176804465,1.2353061769014442,0.0010040369584942376,0.001004036958494521,0.0010040369584943805,0.0010040004171749778,0.001004000417174978,9.88465090886441e-06,1.8861514803902857e-05,3.251740569228739e-06,-1.5696694565133593,3.2814637573735927e-06,-1.5696882814897948,1.9087379246607307e-17,1.9092800257469732e-17,1.9087379246607307e-17,1.9092800257469732e-17,,,,,,,,,,,,,,,-3.9,1.8217790243686594e-07,0.020918646231430076,-1.7300955900204085e-06,1.1020000000000001e-05,1.8979999999999998e-05,-8.277152535818288e-06,-5.655703734674944e-06,,1.0000000000021927e-09,,,,,,,,,,,,,,,,,,,,,,,,,,,,,,,,,,,,,,,,,
F3,0.005,0,1,0,DC,nomi,pos,SWI1,f3_m2_c1_chain_s0_vi2_d0p2_pos_vdd3p3_e1,M2,C1,chain,0.2,0.0,1,3p3,,0.008413994956856734,2.5342400632697206,0.0,0.0,0.8698505214200521,0.8698672065861588,4.986823105301852e-05,-1.5698505214200522,0.5703912465006361,1.3067627591234074,0.00011354023516559289,-1.270391246500636,0.4369118223506496,0.8698505214200521,0.8698672065861588,0.008405260839834174,2.548351723494319,0.008413994956856734,2.5342400632697206,0.0010040004138816535,0.0010234998257078543,0.0010041580348553669,8.51076892500243e-11,1.7848613694264238e-08,0.00016303305321545207,0.00016303305416069604,0.00013731547879943017,,,,,,,,,,0.00841399495686,2.53424006327,,,,,,,,,,,,,,,,,,,,,,,0.869850521670281,0.8698505217299217,3.250833287893329e-06,-1.569850521670281,0.8698690807342773,0.8698690807938856,3.280553418118226e-06,-1.5698690807342772,1.8559065950718434e-05,0.869850521670281,0.8698505217299217,1.235306176879614,1.2353061770757665,1.2353061768796167,1.2353061770753504,0.0010040369584943096,0.0010040369584944466,0.0010040369584943948,0.869850521670281,0.8698505217299213,3.250831838386148e-06,-1.569850521670281,0.8698690807342773,0.8698690807938851,3.2805534181147566e-06,-1.5698690807342772,1.8559065950829456e-05,0.869850521670281,0.8698505217299213,1.235306176879614,1.235306177075765,1.2353061768796167,1.2353061770753488,0.0010040369584943096,0.0010040369584944466,0.0010040369584943948,0.0010040004171749778,0.0010040004171749778,1.0086857019437708e-05,1.885429274428585e-05,3.2517398716339614e-06,-1.5696694583930397,3.2814616648668693e-06,-1.5696882877079505,1.9087379246607307e-17,1.9092800257469732e-17,1.9087379246607307e-17,1.9092800257469732e-17,,,,,,,,,,,,,,,2,2.0567041387659157e-07,2.5342400578669566,-0.0017721789735385407,1.1020000000000001e-05,1.8979999999999998e-05,1.664376417531699e-05,1.1542291678101613e-05,2.0,1.0000000000021927e-09,,,,,,,,,,,,,,,,,,,,,,,,,,,,,,,,,,,,,,,,,
F3,0.005,0,1,0,DC,nomi,pos,SWI1,f3_m2_c1_chain_s0_vi2_d1p25_pos_vdd3p3_e1,M2,C1,chain,1.25,0.0,1,3p3,,0.006628588791268279,1.231513896605944,0.0,0.0,0.8698505216710151,0.870272957883327,5.7163052773923084e-05,-1.569850521671015,0.7211494390707456,1.5115772790627686,0.00010574560559785161,-1.4211494390707455,0.641725671550903,0.8698505216710151,0.870272957883327,0.006603986239016527,1.2388573871154807,0.006628588791268279,1.231513896605944,0.0010040004164580771,0.001013453188996733,0.0010040448615066704,6.424606343886225e-13,5.070983609873782e-05,0.00016303305328026888,0.00016303305452107294,6.561421351479582e-05,,,,,,,,,,0.00662858879127,1.23151389661,,,,,,,,,,,,,,,,,,,,,,,0.8698505216702844,0.8698505231822574,3.250832378398627e-06,-1.5698505216702845,0.8698690807342805,0.8698690822452,3.280553424848953e-06,-1.5698690807342803,1.855906648040584e-05,0.8698505216702844,0.8698505231822574,1.235306176879622,1.2353061818524809,1.2353061768796263,1.2353061818433466,0.0010040369584943842,0.0010040369584949302,0.0010040369584946502,0.8698505216702844,0.8698505231822574,3.250832378398627e-06,-1.5698505216702845,0.8698690807342805,0.8698690822452,3.280553424848953e-06,-1.5698690807342803,1.855906648040584e-05,0.8698505216702844,0.8698505231822574,1.235306176879622,1.2353061818524809,1.2353061768796263,1.2353061818433466,0.0010040369584943842,0.0010040369584949302,0.0010040369584946502,0.0010040004171749778,0.001004000417174978,1.821832540625553e-05,1.885501491694086e-05,3.251739682882188e-06,-1.5696694547892704,3.281465731655442e-06,-1.5696882817938325,1.9087379246607307e-17,1.9092800257469732e-17,1.9087379246607307e-17,1.9092800257469732e-17,,,,,,,,,,,,,,,2,1.8826837095623645e-07,1.2315138912031787,-0.0008266028549899218,1.1020000000000001e-05,1.8979999999999998e-05,0.0004212452125678112,0.0002986663913417953,2.0,1.0000000000021927e-09,,,,,,,,,,,,,,,,,,,,,,,,,,,,,,,,,,,,,,,,,
F3,0.005,0,1,0,DC,nomi,pos,SWI1,f3_m2_c1_chain_s0_vi2_d2p3_pos_vdd3p3_e1,M2,C1,chain,2.3,0.0,1,3p3,,0.0065295394115820965,0.020860530805478093,0.0,0.0,0.8698573849175584,0.8712707024945537,0.00017344635418492516,-1.5698573849175583,0.8973907788474229,1.544657732477149,0.0001702411196606688,-1.5973907788474229,0.6734884824615789,0.8698573849175584,0.8712707024945537,0.006517257676546962,0.020860754703878794,0.0065295394115820965,0.020860530805478093,0.001004000418872633,0.00100400041890132,0.0010040004188823829,6.742234483388121e-13,0.00016686310910575574,0.0001630330524658447,0.0001630330553814327,0.00017402099518022045,,,,,,,,,,0.00652953941158,0.0208605308055,,,,,,,,,,,,,,,,,,,,,,,0.8698505216771703,0.8698505267354835,3.250831838386148e-06,-1.56985052167717,0.8698690807411662,0.8698690857963047,3.280553422836674e-06,-1.5698690807411662,1.855906770420468e-05,0.8698505216771703,0.8698505267354835,1.235306176902284,1.2353061935401783,1.235306176902285,1.2353061935157617,0.001004036958494386,0.001004036958496213,0.001004036958495277,0.8698505216771703,0.869850526735483,3.250832378398627e-06,-1.56985052167717,0.8698690807411662,0.8698690857963042,3.2805534228384087e-06,-1.5698690807411662,1.85590677043157e-05,0.8698505216771703,0.869850526735483,1.235306176902284,1.2353061935401768,1.235306176902285,1.2353061935157603,0.001004036958494386,0.001004036958496213,0.001004036958495277,0.0010040004171749778,0.001004000417174978,3.821422304960419e-05,1.888557730600482e-05,3.2517420545268088e-06,-1.5696694461856728,3.28147466242823e-06,-1.5696882673588068,1.9087379246607307e-17,1.909822126833216e-17,1.9087379246607307e-17,1.909822126833216e-17,,,,,,,,,,,,,,,2,0.0,0.0207248772852603,7.553360997008401e-05,1.1020000000000001e-05,1.8979999999999998e-05,0.0014091298016357667,0.00100017247401063,2.0,1.0000000000021927e-09,,,,,,,,,,,,,,,,,,,,,,,,,,,,,,,,,,,,,,,,,
F3,0.005,0,1,0,DC,nomi,pos,SWI1,f3_m2_c1_chain_s0_vi4p5_d0p2_pos_vdd3p3_e1,M2,C1,chain,0.2,0.0,1,3p3,,0.008413815873450742,2.5342400700560104,0.0,0.0,0.8698505214200521,0.8698672206385096,4.995723444078948e-05,-1.5698505214200522,0.5712731439989636,1.307071666113183,0.0001149842022586909,-1.2712731439989635,0.437220728586208,0.8698505214200521,0.8698672206385096,0.008402444196238455,2.5444125867486345,0.008413815873450742,2.5342400700560104,0.001004000413880404,0.0010234601537687795,0.0010041580348603139,8.224518438255251e-11,1.806449914404807e-08,0.00016303305320999163,0.00016303305416156955,0.00013735380472868272,,,,,,,,,,0.00841381587345,2.53424007006,,,,,,,,,,,,,,,,,,,,,,,0.869850521670281,0.8698505217299687,3.250833287893329e-06,-1.569850521670281,0.8698690807342773,0.8698690807939302,3.280553418118226e-06,-1.5698690807342772,1.855906596404111e-05,0.869850521670281,0.8698505217299687,1.235306176879614,1.2353061770759197,1.2353061768796167,1.2353061770754987,0.0010040369584943096,0.0010040369584944466,0.0010040369584943946,0.869850521670281,0.8698505217299682,3.250831838386148e-06,-1.569850521670281,0.8698690807342773,0.8698690807939298,3.2805534181147566e-06,-1.5698690807342772,1.855906596404111e-05,0.869850521670281,0.8698505217299682,1.235306176879614,1.235306177075918,1.2353061768796167,1.2353061770754972,0.0010040369584943096,0.0010040369584944466,0.0010040369584943946,0.0010040004171749778,0.0010040004171749778,1.0087138313588994e-05,1.8854343733609724e-05,3.251739887530967e-06,-1.5696694583843045,3.281461704578159e-06,-1.5696882874150158,1.9087379246607307e-17,1.9092800257469732e-17,1.9087379246607307e-17,1.9092800257469732e-17,,,,,,,,,,,,,,,4.5,2.1895324708302983e-07,2.5342400578669566,-0.005265221108867291,1.1020000000000001e-05,1.8979999999999998e-05,1.6645808593618305e-05,1.1553757847448942e-05,4.5,1.0000000000021927e-09,,,,,,,,,,,,,,,,,,,,,,,,,,,,,,,,,,,,,,,,,
F3,0.005,0,1,0,DC,nomi,pos,SWI1,f3_m2_c1_chain_s0_vi4p5_d1p25_pos_vdd3p3_e1,M2,C1,chain,1.25,0.0,1,3p3,,0.006628391597173305,1.2315139033922335,0.0,0.0,0.8698505216710151,0.8702733387142607,5.713145670016573e-05,-1.569850521671015,0.721758015148044,1.511559157614051,0.00010609150838809308,-1.421758015148044,0.6417075086358086,0.8698505216710151,0.8702733387142607,0.006602187683006361,1.2349313038540037,0.006628391597173305,1.2315139033922335,0.0010040004164582705,0.0010134229673163994,0.001004044655089944,6.424424685812225e-13,5.067469351034143e-05,0.00016303305327617084,0.00016303305453192383,6.553870779800942e-05,,,,,,,,,,0.00662839159717,1.23151390339,,,,,,,,,,,,,,,,,,,,,,,0.8698505216702844,0.8698505231835398,3.250832378398627e-06,-1.5698505216702845,0.8698690807342805,0.8698690822464765,3.280553424848953e-06,-1.5698690807342803,1.8559066488954556e-05,0.8698505216702844,0.8698505231835398,1.235306176879622,1.2353061818566953,1.2353061768796263,1.235306181847535,0.0010040369584943842,0.0010040369584949306,0.0010040369584946507,0.8698505216702844,0.8698505231835398,3.250832378398627e-06,-1.5698505216702845,0.8698690807342805,0.8698690822464765,3.280553424848953e-06,-1.5698690807342803,1.8559066488954556e-05,0.8698505216702844,0.8698505231835398,1.235306176879622,1.2353061818566953,1.2353061768796263,1.235306181847535,0.0010040369584943842,0.0010040369584949306,0.0010040369584946507,0.0010040004171749778,0.001004000417174978,1.8225954070798224e-05,1.8855009386475885e-05,3.2517396948240253e-06,-1.5696694546807617,3.2814658722166157e-06,-1.5696882814578768,1.9087379246607307e-17,1.9092800257469732e-17,1.9087379246607307e-17,1.9092800257469732e-17,,,,,,,,,,,,,,,4.5,2.0168421712258932e-07,1.2315138912031787,-0.004318654650427467,1.1020000000000001e-05,1.8979999999999998e-05,0.0004213188442250271,0.0002989788606022614,4.5,1.0000000000021927e-09,,,,,,,,,,,,,,,,,,,,,,,,,,,,,,,,,,,,,,,,,
F3,0.005,0,1,0,DC,nomi,pos,SWI1,f3_m2_c1_chain_s0_vi4p5_d2p3_pos_vdd3p3_e1,M2,C1,chain,2.3,0.0,1,3p3,,0.006529534463607733,0.020724886971286154,0.0,0.0,0.8698573849175584,0.8712718822998201,0.00017337411373175016,-1.5698573849175583,0.8973907788474229,1.5446589476380472,0.00017021050124733366,-1.5973907788474229,0.6734709542544275,0.8698573849175584,0.8712718822998201,0.0065163601518017636,0.020725140330411184,0.006529534463607733,0.020724886971286154,0.0010040004188729041,0.0010040004189013217,0.0010040004188826724,6.74205916789683e-13,0.0001667562450944916,0.0001630330524685745,0.0001630330553997229,0.00017402099518022045,,,,,,,,,,0.00652953446361,0.0207248869713,,,,,,,,,,,,,,,,,,,,,,,0.8698505216771703,0.8698505267394424,3.2508318099644384e-06,-1.56985052167717,0.8698690807411662,0.8698690858002437,3.280553422836674e-06,-1.5698690807411662,1.855906770853455e-05,0.8698505216771703,0.8698505267394424,1.235306176902284,1.2353061935531535,1.235306176902285,1.2353061935287117,0.001004036958494386,0.0010040369584962139,0.0010040369584952788,0.8698505216771703,0.869850526739442,3.250832378398627e-06,-1.56985052167717,0.8698690807411662,0.8698690858002432,3.2805534228384087e-06,-1.5698690807411662,1.855906770853455e-05,0.8698505216771703,0.869850526739442,1.235306176902284,1.235306193553152,1.235306176902285,1.2353061935287102,0.001004036958494386,0.0010040369584962139,0.0010040369584952788,0.0010040004171749778,0.001004000417174978,3.8237857158176706e-05,1.888545930939234e-05,3.251742046574837e-06,-1.569669446002771,3.281474932531614e-06,-1.569688266903452,1.9087379246607307e-17,1.909822126833216e-17,1.9087379246607307e-17,1.909822126833216e-17,,,,,,,,,,,,,,,4.5,0.0,0.0207248772852603,-9.895550308131051e-05,1.1020000000000001e-05,1.8979999999999998e-05,0.0014092873865017008,0.0010012278227577998,4.5,1.0000000000021927e-09,,,,,,,,,,,,,,,,,,,,,,,,,,,,,,,,,,,,,,,,,
F3,0.005,0,1,0,DC,nomi,neg,SWI1,f3_m2_c1_chain_s0_vin2_d0p2_neg_vdd3p3_e1,M2,C1,chain,0.2,0.0,1,3p3,,2.5336881946193848,3.289734822554908,0.0,0.0,0.8690807177602429,0.8698505214200525,9.574754809726915e-05,-1.5690807177602428,0.21133682573739074,0.9613311975740229,0.00014656864414585558,-0.9113368257373907,0.6585125217391107,0.8690807177602429,0.8698505214200525,2.528781708140553,3.2898533171672852,2.5336881946193848,3.289734822554908,0.0010040004123822168,0.0010121954425906226,0.0010042444552506489,9.57704647281301e-05,6.592474857030142e-13,0.00016303305252992354,0.0001630330543229651,9.445796495955618e-05,,,,,,,,,,2.53368819462,3.28973482255,,,,,,,,,,,,,,,,,,,,,,,0.8698505189150544,0.8698505216702813,3.250833287893329e-06,-1.5698505189150542,0.8698690779809131,0.8698690807342873,3.280553418118226e-06,-1.569869077980913,1.855906806880192e-05,0.8698505189150544,0.8698505216702813,1.2353061678174564,1.2353061768796665,1.2353061678325383,1.235306176879666,0.0010040369584933886,0.0010040369584943848,0.0010040369584938997,0.8698505189150539,0.8698505216702813,3.2508318099644384e-06,-1.5698505189150538,0.8698690779809126,0.8698690807342873,3.2805534181147566e-06,-1.5698690779809126,1.8559068068690898e-05,0.8698505189150539,0.8698505216702813,1.2353061678174548,1.2353061768796665,1.235306167832537,1.235306176879666,0.0010040369584933886,0.0010040369584943848,0.0010040369584938997,0.0010040004171749778,0.0010040028073880728,9.752490323662337e-06,1.8862208435832528e-05,3.251741867926023e-06,-1.5696694567703489,3.2814650966425662e-06,-1.56968827600438,1.9087379246607307e-17,1.909822126833216e-17,1.9087379246607307e-17,1.909822126833216e-17,,,,,,,,,,,,,,,-2,1.7719017065610187e-07,2.5342400578669566,1.6723726887768464e-05,1.1020000000000001e-05,1.8979999999999998e-05,-0.0007675879628011861,-0.0005445860867141494,2.0,1.0000000000021927e-09,,,,,,,,,,,,,,,,,,,,,,,,,,,,,,,,,,,,,,,,,
F3,0.005,0,1,0,DC,nomi,neg,SWI1,f3_m2_c1_chain_s0_vin2_d1p25_neg_vdd3p3_e1,M2,C1,chain,1.25,0.0,1,3p3,,1.2315138854951955,3.2891541157869986,0.0,0.0,0.8698219612719147,0.8698505216710154,5.26955064681367e-05,-1.5698219612719146,0.31168519548774054,1.117401370796291,0.00010567367595054715,-1.0116851954877406,0.5581646801266732,0.8698219612719147,0.8698505216710154,1.220193427111172,3.2893245006116314,1.2315138854951955,3.2891541157869986,0.0010040004123830005,0.0010243610764510273,0.0010042086160186618,1.99919186200944e-06,1.1498283239170375e-11,0.00016303305322130525,0.0001630330541408807,0.00011641622884767486,,,,,,,,,,1.2315138855,3.28915411579,,,,,,,,,,,,,,,,,,,,,,,0.869850521568167,0.8698505216702848,3.250832378398627e-06,-1.569850521568167,0.869869080632247,0.8698690807342913,3.280553424848953e-06,-1.5698690806322468,1.8559065514289763e-05,0.869850521568167,0.8698505216702848,1.2353061765437938,1.235306176879678,1.2353061765445614,1.2353061768796776,0.0010040369584943213,0.001004036958494455,0.0010040369584943664,0.869850521568167,0.8698505216702848,3.250832378398627e-06,-1.569850521568167,0.869869080632247,0.8698690807342913,3.280553424848953e-06,-1.5698690806322468,1.8559065514289763e-05,0.869850521568167,0.8698505216702848,1.2353061765437938,1.235306176879678,1.2353061765445614,1.2353061768796776,0.0010040369584943213,0.001004036958494455,0.0010040369584943664,0.0010040004171749778,0.0010040004171749778,9.75249535310459e-06,1.8855867254363723e-05,3.2517398545851016e-06,-1.5696694585911928,3.2814687338372783e-06,-1.5696882892932913,1.9087379246607307e-17,1.909822126833216e-17,1.9087379246607307e-17,1.909822126833216e-17,,,,,,,,,,,,,,,-2,2.0122031463538617e-07,1.2315138912031787,0.0017447517934370271,1.1020000000000001e-05,1.8979999999999998e-05,-2.8487533686782918e-05,-1.987053784047177e-05,2.0,1.0000000000021927e-09,,,,,,,,,,,,,,,,,,,,,,,,,,,,,,,,,,,,,,,,,
F3,0.005,0,1,0,DC,nomi,neg,SWI1,f3_m2_c1_chain_s0_vin2_d2p3_neg_vdd3p3_e1,M2,C1,chain,2.3,0.0,1,3p3,,0.02072487268864063,3.2841301330895183,0.0,0.0,0.8698500211850047,0.8698573849175587,5.220314760068234e-05,-1.5698500211850046,0.4382520142627299,1.2511227301961312,0.00010818225799339203,-1.13825201426273,0.4316049338927717,0.8698500211850047,0.8698573849175587,0.020724755795868455,3.284148112525036,0.02072487268864063,3.2841301330895183,0.001004000412398413,0.001032151923714542,0.001004179316294922,1.4517854527091364e-08,2.04726612212415e-09,0.0001630330532099453,0.00016303305412166728,0.00023098610244879278,,,,,,,,,,0.0207248726886,3.28413013309,,,,,,,,,,,,,,,,,,,,,,,0.8698505216508583,0.8698505216771705,3.250831838386148e-06,-1.5698505216508583,0.8698690807148775,0.8698690807411771,3.280553422836674e-06,-1.5698690807148774,1.8559065580903145e-05,0.8698505216508583,0.8698505216771705,1.235306176815746,1.2353061769023366,1.2353061768159617,1.2353061769023361,0.0010040369584943198,0.0010040369584944507,0.0010040369584943813,0.8698505216508579,0.8698505216771705,3.250832378398627e-06,-1.5698505216508578,0.869869080714877,0.8698690807411771,3.2805534228384087e-06,-1.569869080714877,1.8559065580903145e-05,0.8698505216508579,0.8698505216771705,1.2353061768157447,1.2353061769023366,1.23530617681596,1.2353061769023361,0.0010040369584943198,0.0010040369584944507,0.0010040369584943813,0.0010040004171749778,0.0010040004171749778,9.8900352254462e-06,1.8855054372934887e-05,3.2517398876697478e-06,-1.569669458783327,3.281463617006708e-06,-1.5696882887538703,1.9087379246607307e-17,1.9092800257469732e-17,1.9087379246607307e-17,1.9092800257469732e-17,,,,,,,,,,,,,,,-2,2.2012717413624897e-07,0.0207248772852603,8.995763021963157e-05,1.1020000000000001e-05,1.8979999999999998e-05,-7.346801275454062e-06,-5.109076179010685e-06,2.0,1.0000000000021927e-09,,,,,,,,,,,,,,,,,,,,,,,,,,,,,,,,,,,,,,,,,
F3,0.005,0,1,0,DC,nomi,neg,SWI1,f3_m2_c1_chain_s0_vin4p5_d0p2_neg_vdd3p3_e1,M2,C1,chain,0.2,0.0,1,3p3,,2.534240044706678,3.289735508256151,0.0,0.0,0.8690800519923004,0.8698505214200525,9.538020125554603e-05,-1.5690800519923003,0.21145784293564837,0.9608201134724963,0.0001465406683708411,-0.9114578429356484,0.6583914532083951,0.8690800519923004,0.8698505214200525,2.5327054964633526,3.289857946616915,2.534240044706678,3.289735508256151,0.0010040004123818087,0.0010121986543965855,0.001004252587523132,9.533634471624524e-05,6.591264169121709e-13,0.0001630330525169887,0.00016303305432384467,9.439455502140151e-05,,,,,,,,,,2.53424004471,3.28973550826,,,,,,,,,,,,,,,,,,,,,,,0.8698505189128181,0.8698505216702813,3.250833287893329e-06,-1.569850518912818,0.8698690779786844,0.8698690807342871,3.280553418118226e-06,-1.5698690779786844,1.855906806780272e-05,0.8698505189128181,0.8698505216702813,1.2353061678101136,1.2353061768796665,1.235306167825219,1.235306176879666,0.001004036958493388,0.0010040369584943848,0.0010040369584938989,0.8698505189128175,0.8698505216702813,3.250832378398627e-06,-1.5698505189128173,0.869869077978684,0.8698690807342871,3.2805534181147566e-06,-1.569869077978684,1.855906806780272e-05,0.8698505189128175,0.8698505216702813,1.235306167810112,1.2353061768796665,1.2353061678252175,1.235306176879666,0.001004036958493388,0.0010040369584943848,0.0010040369584938989,0.0010040004171749778,0.0010040028207218,9.752490323662337e-06,1.8862422224930064e-05,3.2517419055903396e-06,-1.5696694567615534,3.2814650600745954e-06,-1.569688276114729,1.9087379246607307e-17,1.909822126833216e-17,1.9087379246607307e-17,1.909822126833216e-17,,,,,,,,,,,,,,,-4.5,1.8933458569094132e-07,2.5342400578669566,0.0035084494139376865,1.1020000000000001e-05,1.8979999999999998e-05,-0.0007676947158244962,-0.0005451361840641544,4.5,1.0000000000021927e-09,,,,,,,,,,,,,,,,,,,,,,,,,,,,,,,,,,,,,,,,,
F3,0.005,0,1,0,DC,nomi,neg,SWI1,f3_m2_c1_chain_s0_vin4p5_d1p25_neg_vdd3p3_e1,M2,C1,chain,1.25,0.0,1,3p3,,1.2315138780429014,3.289154814684635,0.0,0.0,0.8698219337524957,0.8698505216710154,5.338081727579436e-05,-1.5698219337524957,0.31167374363617856,1.1165872496870366,0.0001071926155567351,-1.0116737436361785,0.558176132894429,0.8698219337524957,0.8698505216710154,1.2241296252908247,3.2893298975380305,1.2315138780429014,3.289154814684635,0.00100400041238185,0.0010243665676050186,0.0010042245735810784,2.00008252929935e-06,1.1146546142690172e-11,0.00016303305321795856,0.0001630330541440909,0.0001164176496729307,,,,,,,,,,1.23151387804,3.28915481468,,,,,,,,,,,,,,,,,,,,,,,0.8698505215680742,0.8698505216702848,3.250832378398627e-06,-1.5698505215680743,0.8698690806321525,0.8698690807342917,3.280553424848953e-06,-1.5698690806321525,1.8559065521062124e-05,0.8698505215680742,0.8698505216702848,1.2353061765434863,1.235306176879678,1.2353061765442546,1.2353061768796776,0.0010040369584943213,0.001004036958494455,0.0010040369584943664,0.8698505215680742,0.8698505216702848,3.250832378398627e-06,-1.5698505215680743,0.8698690806321525,0.8698690807342917,3.280553424848953e-06,-1.5698690806321525,1.8559065521062124e-05,0.8698505215680742,0.8698505216702848,1.2353061765434863,1.235306176879678,1.2353061765442546,1.2353061768796776,0.0010040369584943213,0.001004036958494455,0.0010040369584943664,0.0010040004171749778,0.0010040004171749778,9.75249535310459e-06,1.8856063167538295e-05,3.2517398643342675e-06,-1.569669458559091,3.281468790229669e-06,-1.5696882891877744,1.9087379246607307e-17,1.909822126833216e-17,1.9087379246607307e-17,1.909822126833216e-17,,,,,,,,,,,,,,,-4.5,2.1496495058912218e-07,1.2315138912031787,0.005238215633942778,1.1020000000000001e-05,1.8979999999999998e-05,-2.8494427029679414e-05,-1.9892664296916607e-05,4.5,1.0000000000021927e-09,,,,,,,,,,,,,,,,,,,,,,,,,,,,,,,,,,,,,,,,,
F3,0.005,0,1,0,DC,nomi,neg,SWI1,f3_m2_c1_chain_s0_vin4p5_d2p3_neg_vdd3p3_e1,M2,C1,chain,2.3,0.0,1,3p3,,0.020724866881938305,3.2841306821968224,0.0,0.0,0.8698500145795078,0.8698573849175587,5.3003354574698847e-05,-1.5698500145795078,0.438033935099035,1.2509836538386485,0.00010864233635217605,-1.138033935099035,0.4318230125904574,0.8698500145795078,0.8698573849175587,0.020724601392542903,3.284155043898829,0.020724866881938305,3.2841306821968224,0.0010040004123965888,0.0010321467768541694,0.0010042010087437576,1.464160229567202e-08,2.036216449207047e-09,0.00016303305320917357,0.00016303305413013279,0.00023101315941699313,,,,,,,,,,0.0207248668819,3.2841306822,,,,,,,,,,,,,,,,,,,,,,,0.8698505216508361,0.8698505216771705,3.250831923651276e-06,-1.569850521650836,0.8698690807148548,0.8698690807411763,3.280553422836674e-06,-1.5698690807148548,1.8559065585899148e-05,0.8698505216508361,0.8698505216771705,1.235306176815669,1.2353061769023366,1.2353061768158837,1.2353061769023361,0.0010040369584943198,0.0010040369584944507,0.0010040369584943811,0.8698505216508357,0.8698505216771705,3.250832378398627e-06,-1.5698505216508356,0.8698690807148544,0.8698690807411763,3.2805534228384087e-06,-1.5698690807148543,1.8559065585899148e-05,0.8698505216508357,0.8698505216771705,1.2353061768156675,1.2353061769023366,1.2353061768158822,1.2353061769023361,0.0010040369584943198,0.0010040369584944507,0.0010040369584943811,0.0010040004171749778,0.0010040004171749778,9.8900352254462e-06,1.8855254738547877e-05,3.2517398899179502e-06,-1.5696694586986721,3.2814636418201926e-06,-1.5696882886337375,1.9087379246607307e-17,1.9092800257469732e-17,1.9087379246607307e-17,1.9092800257469732e-17,,,,,,,,,,,,,,,-4.5,2.2835561763916222e-07,0.0207248772852603,0.00027152991382589295,1.1020000000000001e-05,1.8979999999999998e-05,-7.34811273261915e-06,-5.190978153213344e-06,4.5,1.0000000000021927e-09,,,,,,,,,,,,,,,,,,,,,,,,,,,,,,,,,,,,,,,,,
F3,NA,0,NA,NA,DC,nomi,pos,SWI1,f3_m2_c1_iso_sna_vi3p9_d0p2_pos_vdd3p3_e1,M2,C1,iso,0.2,0.0,1,3p3,,0.008239981226090601,2.5380877150573395,0.0,0.0,0.8698505214193256,0.8698679317487918,6.037434667738317e-05,-1.5698505214193257,0.562889433240227,1.3139092899633966,0.00014330500547186733,-1.262889433240227,0.44405834658039345,0.8698505214193256,0.8698679317487918,0.008202417234866024,2.554510127221035,0.008239981226090601,2.5380877150573395,0.0010040004138773004,0.001023634735004157,0.001004151639773649,1.1387536676967478e-10,2.3572313836831873e-08,0.00016303305312621549,0.0001630330542327664,0.00013820214515674896,,,,,,,,,,0.00823998122609,2.53808771506,,,,,,,,,,,,,,,,,,,,,,,0.8698505216702855,0.8698505217325296,3.250832378398627e-06,-1.5698505216702854,0.8698690807342819,0.8698690807964802,3.2805534432023276e-06,-1.5698690807342819,1.8559066176981887e-05,0.8698505216702855,0.8698505217325296,1.2353061768796287,1.2353061770843552,1.2353061768796327,1.2353061770838791,0.0010040369584943052,0.0010040369584944475,0.0010040369584943952,0.8698505216702854,0.8698505217325305,3.250832378398627e-06,-1.5698505216702854,0.8698690807342815,0.869869080796481,3.2805534240266943e-06,-1.5698690807342814,1.8559066176981887e-05,0.8698505216702854,0.8698505217325305,1.2353061768796285,1.2353061770843579,1.2353061768796296,1.2353061770838818,0.0010040369584943052,0.0010040369584944475,0.0010040369584943952,0.0010040004171749778,0.001004000417174978,1.0101377483945817e-05,1.885436071569213e-05,3.2517401314886026e-06,-1.5696694576723358,3.2814617927784395e-06,-1.569688283853218,1.9087379246607307e-17,1.9092800257469732e-17,1.9087379246607307e-17,1.9092800257469732e-17,,,,,,,,,,,,,,,3.9,1.7213047765321903e-07,2.5380323435168486,3.9636832557921053e-05,1.1020000000000001e-05,1.8979999999999998e-05,1.7410329465894492e-05,1.203566499641262e-05,,1.0000000000021927e-09,,,,,,,,,,,,,,,,,,,,,,,,,,,,,,,,,,,,,,,,,
F3,NA,0,NA,NA,DC,nomi,pos,SWI1,f3_m2_c1_iso_sna_vi3p9_d1p25_pos_vdd3p3_e1,M2,C1,iso,1.25,0.0,1,3p3,,0.006612714320307484,1.236811782091745,0.0,0.0,0.8698505216702854,0.8703125909689556,6.224042228086812e-05,-1.5698505216702854,0.7201987936246106,1.5140713089618316,0.00012532805016344451,-1.4201987936246105,0.6442196563200023,0.8698505216702854,0.8703125909689556,0.006577052506269721,1.244841089148598,0.006612714320307484,1.236811782091745,0.001004000416451499,0.0010135052861663706,0.001004044431041272,6.4495461922498e-13,5.576915067848269e-05,0.00016303305326132423,0.00016303305464301476,6.573215959992425e-05,,,,,,,,,,0.00661271432031,1.23681178209,,,,,,,,,,,,,,,,,,,,,,,0.8698505216702856,0.8698505233243846,3.250832378398627e-06,-1.5698505216702856,0.869869080734282,0.8698690823871807,3.2805534431884498e-06,-1.569869080734282,1.8559066728873752e-05,0.8698505216702856,0.8698505233243846,1.2353061768796287,1.2353061823198237,1.2353061768796327,1.2353061823096971,0.0010040369584943844,0.0010040369584949829,0.0010040369584946743,0.8698505216702858,0.8698505233243856,3.250832378398627e-06,-1.5698505216702858,0.8698690807342817,0.8698690823871819,3.280553424028429e-06,-1.5698690807342817,1.8559066728873752e-05,0.8698505216702858,0.8698505233243856,1.2353061768796285,1.235306182319827,1.2353061768796296,1.2353061823097005,0.0010040369584943844,0.0010040369584949829,0.0010040369584946743,0.0010040004171749778,0.001004000417174978,1.9012582293501977e-05,1.8856357116514566e-05,3.25173973805331e-06,-1.5696694535698523,3.28146747546193e-06,-1.5696882770982548,1.9087379246607307e-17,1.9092800257469732e-17,1.9087379246607307e-17,1.9092800257469732e-17,,,,,,,,,,,,,,,3.9,1.5504215860172462e-07,1.2353061768796731,0.001075403331134206,1.1020000000000001e-05,1.8979999999999998e-05,0.0004620111962999607,0.0003265435720016807,,1.0000000000021927e-09,,,,,,,,,,,,,,,,,,,,,,,,,,,,,,,,,,,,,,,,,
F3,NA,0,NA,NA,DC,nomi,pos,SWI1,f3_m2_c1_iso_sna_vi3p9_d2p3_pos_vdd3p3_e1,M2,C1,iso,2.3,0.0,1,3p3,,0.006524527765919466,0.02117335641493167,0.0,0.0,0.8698571162398957,0.8713126150780319,0.00017889013955363353,-1.5698571162398958,0.8963133783961951,1.545578185092339,0.0001756798984808317,-1.5963133783961951,0.6743682891272191,0.8698571162398957,0.8713126150780319,0.006505160906627959,0.021173627149261288,0.006524527765919466,0.02117335641493167,0.0010040004188720073,0.0010040004189013443,0.0010040004188818785,6.751032512967298e-13,0.00017231034583025772,0.00016303305241863232,0.00016303305554679265,0.00017415466769277974,,,,,,,,,,0.00652452776592,0.0211733564149,,,,,,,,,,,,,,,,,,,,,,,0.8698505216769082,0.8698505268869902,3.250832378398627e-06,-1.569850521676908,0.8698690807409042,0.8698690859476191,3.2805534268681713e-06,-1.5698690807409041,1.85590679153691e-05,0.8698505216769082,0.8698505268869902,1.235306176901419,1.235306194038265,1.2353061769014213,1.235306194012868,0.001004036958494386,0.0010040369584962707,0.0010040369584953018,0.8698505216769084,0.8698505268869892,3.250832378398627e-06,-1.5698505216769083,0.8698690807409054,0.8698690859476181,3.2805534164962596e-06,-1.5698690807409053,1.85590679153691e-05,0.8698505216769084,0.8698505268869892,1.2353061769014295,1.2353061940382613,1.2353061769014309,1.2353061940128645,0.001004036958494386,0.0010040369584962707,0.0010040369584953018,0.0010040004171749778,0.001004000417174978,3.9054145494394916e-05,1.8887182088644927e-05,3.2517421920071213e-06,-1.5696694445320736,3.281476841664188e-06,-1.569688261988627,1.9087379246607307e-17,1.909822126833216e-17,1.9087379246607307e-17,1.909822126833216e-17,,,,,,,,,,,,,,,3.9,0.0,0.020918646231431928,0.0001804556851895088,1.1020000000000001e-05,1.8979999999999998e-05,0.001455150789058779,0.0010294207205922001,,1.0000000000021927e-09,,,,,,,,,,,,,,,,,,,,,,,,,,,,,,,,,,,,,,,,,
F3,NA,0,NA,NA,DC,nomi,neg,SWI1,f3_m2_c1_iso_sna_vin3p9_d0p2_neg_vdd3p3_e1,M2,C1,iso,0.2,0.0,1,3p3,,2.5353734321747794,3.289745800582937,0.0,0.0,0.8690353678778646,0.869850521419326,0.00010155245374288135,-1.5690353678778646,0.20976210084969754,0.9608759341649482,0.00014913402739895543,-0.9097621008496974,0.6600873000154106,0.8690353678778646,0.869850521419326,2.5304473615520107,3.2898796581783967,2.5353734321747794,3.289745800582937,0.0010040004123827567,0.0010121625794297243,0.0010042422876748607,0.00010159363752515425,6.608222636087479e-13,0.00016303305240006937,0.00016303305436313873,9.440148066562633e-05,,,,,,,,,,2.53537343217,3.28974580058,,,,,,,,,,,,,,,,,,,,,,,0.8698505187522836,0.8698505216702859,3.250832378398627e-06,-1.5698505187522835,0.8698690778183192,0.869869080734289,3.2805534432023276e-06,-1.569869077818319,1.855906831416121e-05,0.8698505187522836,0.8698505216702859,1.235306167282319,1.2353061768796816,1.2353061672984125,1.2353061768796811,0.0010040369584933288,0.0010040369584943846,0.0010040369584938724,0.8698505187522846,0.8698505216702858,3.250832378398627e-06,-1.5698505187522844,0.8698690778183202,0.8698690807342898,3.2805534240266943e-06,-1.5698690778183202,1.855906831427223e-05,0.8698505187522846,0.8698505216702858,1.2353061672823225,1.2353061768796811,1.2353061672984158,1.2353061768796807,0.0010040369584933288,0.0010040369584943848,0.0010040369584938724,0.0010040004171749778,0.0010040037162255889,9.7524903092862e-06,1.8865311249394168e-05,3.251742246067993e-06,-1.5696694563686124,3.281465934132366e-06,-1.5696882741253613,1.9087379246607307e-17,1.909822126833216e-17,1.9087379246607307e-17,1.909822126833216e-17,,,,,,,,,,,,,,,-3.9,1.4234496508399417e-07,2.5380323435168486,-0.0018981710614291991,1.1020000000000001e-05,1.8979999999999998e-05,-0.000815017060217138,-0.0005763749434685161,,1.0000000000021927e-09,,,,,,,,,,,,,,,,,,,,,,,,,,,,,,,,,,,,,,,,,
F3,NA,0,NA,NA,DC,nomi,neg,SWI1,f3_m2_c1_iso_sna_vin3p9_d1p25_neg_vdd3p3_e1,M2,C1,iso,1.25,0.0,1,3p3,,1.2351949455431954,3.2892606848495167,0.0,0.0,0.8698158569630556,0.8698505216702856,6.61317310091114e-05,-1.5698158569630556,0.29697497304402715,1.1201090753932765,0.00013524618732093228,-0.9969749730440272,0.5728748669804855,0.8698158569630556,0.8698505216702856,1.2218082401363508,3.289468648405658,1.2351949455431954,3.2892606848495167,0.001004000412383366,0.0010243735712313457,0.0010042076231240326,3.541987336014383e-06,1.2754466059694546e-11,0.00016303305313909502,0.00016303305422125865,0.00011824131848088992,,,,,,,,,,1.23519494554,3.28926068485,,,,,,,,,,,,,,,,,,,,,,,0.8698505215463052,0.8698505216702861,3.250832378398627e-06,-1.569850521546305,0.8698690806104126,0.869869080734289,3.2805534431884498e-06,-1.5698690806104125,1.8559065536494224e-05,0.8698505215463052,0.8698505216702861,1.2353061764719835,1.2353061768796825,1.2353061764729076,1.2353061768796818,0.0010040369584943204,0.0010040369584944531,0.0010040369584943627,0.8698505215463066,0.869850521670286,3.250832378398627e-06,-1.5698505215463066,0.869869080610414,0.8698690807342898,3.280553424028429e-06,-1.569869080610414,1.85590655363832e-05,0.8698505215463066,0.869850521670286,1.235306176471988,1.235306176879682,1.235306176472912,1.2353061768796816,0.0010040369584943204,0.0010040369584944531,0.0010040369584943627,0.0010040004171749778,0.0010040004171749778,9.752495338532577e-06,1.8858528323728585e-05,3.251740093990848e-06,-1.5696694577874135,3.2814688837104478e-06,-1.5696882893314443,1.9087379246607307e-17,1.909822126833216e-17,1.9087379246607307e-17,1.909822126833216e-17,,,,,,,,,,,,,,,-3.9,1.6749047855612463e-07,1.2353061768796731,-7.958520598139174e-05,1.1020000000000001e-05,1.8979999999999998e-05,-3.4664450939914104e-05,-2.4165882727911203e-05,,1.0000000000021927e-09,,,,,,,,,,,,,,,,,,,,,,,,,,,,,,,,,,,,,,,,,
F3,NA,0,NA,NA,DC,nomi,neg,SWI1,f3_m2_c1_iso_sna_vin3p9_d2p3_neg_vdd3p3_e1,M2,C1,iso,2.3,0.0,1,3p3,,0.02091654970985878,3.284661789537866,0.0,0.0,0.8698490166310658,0.8698571162398958,6.398368013638134e-05,-1.569849016631066,0.4309119064411177,1.2686213747884385,0.00013015973023977988,-1.1309119064411177,0.43894476564535606,0.8698490166310658,0.8698571162398958,0.020898434233792323,3.284754039731613,0.02091654970985878,3.284661789537866,0.0010040004123931061,0.0010324120822823944,0.0010041806073518734,1.9318228492500466e-08,4.045203422220738e-09,0.00016303305315699487,0.00016303305423348842,0.0002318967858013501,,,,,,,,,,0.0209165497099,3.28466178954,,,,,,,,,,,,,,,,,,,,,,,0.8698505216479552,0.8698505216769088,3.250832378398627e-06,-1.5698505216479552,0.8698690807119831,0.869869080740911,3.2805534268681713e-06,-1.569869080711983,1.8559065601331248e-05,0.8698505216479552,0.8698505216769088,1.2353061768062703,1.2353061769014755,1.2353061768064966,1.2353061769014748,0.0010040369584943189,0.001004036958494456,0.0010040369584943807,0.8698505216479541,0.8698505216769089,3.250832378398627e-06,-1.569850521647954,0.869869080711982,0.8698690807409138,3.2805534164962596e-06,-1.569869080711982,1.8559065601331248e-05,0.8698505216479541,0.8698505216769089,1.2353061768062668,1.235306176901476,1.235306176806493,1.2353061769014753,0.0010040369584943189,0.001004036958494456,0.0010040369584943807,0.0010040004171749778,0.0010040004171749778,9.884650909289537e-06,1.8857675127659235e-05,3.251740041865875e-06,-1.5696694576651158,3.2814642273865102e-06,-1.5696882888080306,1.9087379246607307e-17,1.9092800257469732e-17,1.9087379246607307e-17,1.9092800257469732e-17,,,,,,,,,,,,,,,-3.9,1.8860820889870482e-07,0.020918646231431928,-1.7162448562070554e-06,1.1020000000000001e-05,1.8979999999999998e-05,-8.09960882985905e-06,-5.57435606873824e-06,,1.0000000000021927e-09,,,,,,,,,,,,,,,,,,,,,,,,,,,,,,,,,,,,,,,,,
F4,NA,0,NA,NA,DC,nomi,both,SWI1,f4_m2_c1_iso_sna_visw3p9_d0p2_both_vdd3p3_e0,M2,C1,iso,0.2,0.0,0,3p3,,0.0084383455639904,3.290656243977846,0.0,0.0,0.8696155756083519,0.8699528196953242,5.30089034061959e-06,-1.5696155756083519,-0.07226763609515693,1.280085471844161,1.2700744649293559e-05,-0.627732363904843,0.9418832117035089,0.8696155756083519,0.8699528196953242,0.0084383455639904,3.290656243977846,0.0084383455639904,3.290656243977846,0.0010040004171782812,0.001004336711303689,0.0010041545902447055,,,0.00016303305369075373,0.00016303305369131616,0.00013400564166801004,,,,,,,,,,0.00843834556399,3.29065624398,0.941883211704,5.30089034062e-06,1.27007446493e-05,781,-3.9,3.9,0.010000000000000675,0.8696155756083519,-0.07226763609515693,3.290656243977846,0.8696155756083519,-0.9418832117035089,0.8698505214191904,0.8698680743832471,2.538032343516095,0.8698505214191904,1.7552964056699594e-05,0.8699528196953242,1.280085471844161,0.0084383455639904,0.8699528196953242,0.41013265214883676,0.8698505214341768,0.8698505217728946,3.250831780320989e-06,-1.569850521434177,0.8698690804981792,0.8698690808368962,3.2805533899279375e-06,-1.5698690804981792,1.8559064003609294e-05,0.8698505214341768,0.8698505217728946,1.2353061761022643,1.2353061772168783,1.2353061761022643,1.2353061772168783,0.0010040369584943302,0.0010040369584944078,0.0010040369584943755,0.8698505214341768,0.8698505217728946,3.250831780320989e-06,-1.569850521434177,0.8698690804981792,0.8698690808368962,3.2805533899279375e-06,-1.5698690804981792,1.8559064003276227e-05,0.8698505214341768,0.8698505217728946,1.2353061761022643,1.2353061772168783,1.2353061761022643,1.2353061772168783,0.0010040369584943302,0.0010040369584944078,0.0010040369584943755,0.0010040004171749778,0.0010040004171749778,1.1802553897871481e-05,1.884217467851279e-05,3.251738487537407e-06,-1.5696694630868384,3.2814558538415972e-06,-1.5696883049283388,,,,,,,,,,,,,,,,,,,,,,,,,,,,,-0.00023494581083849386,0.00010229827613383868,-2.3597279685816375e-10,1.0274492368012034e-10,-2.3597279685816375e-10,1.0274492368012034e-10,-7.76515074463191e-10,3.38098882224358e-10,-7.765119658387221e-10,3.3810199084882697e-10,3.106060297852764e-09,,,,,,,,,,,,,,,,,,,,,,,,,,,,,,
F4,NA,0,NA,NA,DC,nomi,both,SWI1,f4_m2_c1_iso_sna_visw3p9_d0p2_both_vdd3p3_e1,M2,C1,iso,0.2,0.0,1,3p3,,0.008438531913809387,3.2896479477841543,0.0,0.0,0.8650233559613116,0.8699531287428481,9.348585879249776e-05,-1.5650233559613116,0.20715812299563352,1.2800667030462884,0.00010335493441073944,-0.9071581229956335,0.6578652329656781,0.8650233559613116,0.8699531287428481,0.008438531913809387,3.2896479477841543,0.008438531913809387,3.2896479477841543,0.0010040004171782812,0.0010043086678950181,0.001004152551522682,9.347140743811351e-05,6.2898518698355565e-09,0.00016303305369073988,0.00016303305369896106,0.00013400331303303826,,,,,,,,,,0.00843853191381,3.28964794778,0.657865232966,9.34858587925e-05,0.000103354934411,781,-3.9,3.9,0.010000000000000675,0.8650233559613116,0.20715812299563352,3.2896479477841543,0.8650233559613116,-0.6578652329656781,0.8698505214193247,0.8698680743833813,2.538032343516745,0.8698505214193247,1.755296405658857e-05,0.8699531287428481,1.2800667030462884,0.008438531913809387,0.8699531287428481,0.4101135743034403,0.8698505168220484,0.8698505217733391,3.250831803425295e-06,-1.5698505168220485,0.8698690758860619,0.8698690808373393,3.2805534129481864e-06,-1.5698690758860618,1.855906401349028e-05,0.8698505168220484,0.8698505217733391,1.2353061609255982,1.2353061772187404,1.2353061609255982,1.2353061772187404,0.0010040369584932737,0.001004036958494408,0.0010040369584942985,0.8698505168220484,0.8698505217733391,3.2508318034253017e-06,-1.5698505168220485,0.8698690758860628,0.8698690808373402,3.280553412948152e-06,-1.5698690758860627,1.8559064014378457e-05,0.8698505168220484,0.8698505217733391,1.2353061609256015,1.2353061772187437,1.2353061609256015,1.2353061772187437,0.0010040369584932737,0.001004036958494408,0.0010040369584942985,0.0010040004171749778,0.001004084116793244,8.698419518565004e-05,1.884217498226981e-05,3.251738487581356e-06,-1.5696694630103893,3.2814558995411525e-06,-1.5696883003150575,1.9087379246607307e-17,1.909822126833216e-17,1.9087379246607307e-17,1.909822126833216e-17,,,,,,,,,,,,,,,,,,,,,,,,,-0.004827165458013094,0.00010260732352340707,-4.848235701793158e-09,1.0305500897089814e-10,-4.848235701793158e-09,1.0305500897089814e-10,-1.595402165932569e-08,3.391205094516181e-10,-1.595402165932569e-08,3.391205094516181e-10,6.381608663730276e-08,,,,,,,,,,,,,,,,,,,,,,,,,,,,,,
F4,NA,0,NA,NA,DC,nomi,both,SWI1,f4_m2_c1_iso_sna_visw3p9_d1p25_both_vdd3p3_e0,M2,C1,iso,1.25,0.0,0,3p3,,0.005929779250155487,3.2890992700959885,0.0,0.0,0.869712705735551,0.8700498787879075,7.245960385010236e-06,-1.5697127057355509,0.3172254179487847,1.6692936761645127,8.80630024626043e-06,-1.0172254179487847,0.7992437973766052,0.869712705735551,0.8700498787879075,0.005929779250155487,3.2890992700959885,0.005929779250155487,3.2890992700959885,0.0010040004171837404,0.001004297606296212,0.0010041017309617986,,,0.00016303305369059189,0.00016303305369115418,0.00011572885633389766,,,,,,,,,,0.00592977925016,3.2890992701,0.799243797377,7.24596038501e-06,8.80630024626e-06,781,-3.9,3.9,0.010000000000000675,0.869712705735551,0.3172254179487847,3.2890992700959885,0.869712705735551,-0.5524872877867664,0.8698505216701498,0.8698690807341517,1.2353061768787774,0.8698505216701498,1.855906400194396e-05,0.8700498787879075,1.6692936761645127,0.005929779250155487,0.8700498787879075,0.7992437973766052,0.8698505215317308,0.8698505218703783,3.2508317798332166e-06,-1.5698505215317309,0.869869080595733,0.8698690809343803,3.2805533894401706e-06,-1.569869080595733,1.855906400349827e-05,0.8698505215317308,0.8698505218703783,1.2353061764232838,1.2353061775376688,1.2353061764232838,1.2353061775376688,0.0010040369584943525,0.0010040369584944301,0.0010040369584943885,0.8698505215317308,0.8698505218703783,3.2508317798332166e-06,-1.5698505215317309,0.869869080595733,0.8698690809343803,3.2805533894401706e-06,-1.569869080595733,1.855906400294316e-05,0.8698505215317308,0.8698505218703783,1.2353061764232838,1.2353061775376688,1.2353061764232838,1.2353061775376688,0.0010040369584943525,0.0010040369584944301,0.0010040369584943885,0.0010040004171749778,0.0010040004171749778,1.3747623941287335e-05,1.8842270567920316e-05,3.2517384880087393e-06,-1.5696694630884582,3.281455852877091e-06,-1.5696883050259172,,,,,,,,,,,,,,,,,,,,,,,,,,,,,-0.00013781593459871733,0.0001993571177577591,-1.3841894297428325e-10,2.0022850044654206e-10,-1.3841894297428325e-10,2.0022850044654206e-10,-4.554956412050615e-10,6.588893874948099e-10,-4.554956412050615e-10,6.588893874948099e-10,2.6355575499792394e-09,,,,,,,,,,,,,,,,,,,,,,,,,,,,,,
F4,NA,0,NA,NA,DC,nomi,both,SWI1,f4_m2_c1_iso_sna_visw3p9_d1p25_both_vdd3p3_e1,M2,C1,iso,1.25,0.0,1,3p3,,0.006715508942623065,3.289074319496143,0.0,0.0,0.8696456690142567,0.8725897109217514,5.814434880628769e-05,-1.5696456690142566,0.3213013354437059,1.5148201746472474,5.485141489229889e-05,-1.021301335443706,0.642230463725496,0.8696456690142567,0.8725897109217514,0.006715508942623065,3.289074319496143,0.006715508942623065,3.289074319496143,0.0010040004171837404,0.001004297196209336,0.0010041017258113395,1.3644693229502224e-06,5.1696153448322775e-05,0.00016303305368634295,0.0001630330536912526,0.00011522315937423002,,,,,,,,,,0.00671550894262,3.2890743195,0.642230463725,5.81443488063e-05,5.48514148923e-05,781,-3.9,3.9,0.010000000000000675,0.8696456690142567,0.3213013354437059,3.289074319496143,0.8696456690142567,-0.5483443335705507,0.8698505216702843,0.8698690807342861,1.2353061768794602,0.8698505216702843,1.8559064001832937e-05,0.8725897109217514,1.5148201746472474,0.006715508942623065,0.8725897109217514,0.642230463725496,0.869850521464538,0.869850524421429,3.250831780212796e-06,-1.569850521464538,0.8698690805285388,0.869869083485423,3.280553389735948e-06,-1.5698690805285387,1.8559064001832937e-05,0.869850521464538,0.869850524421429,1.2353061762025745,1.235306185932773,1.2353061762025745,1.235306185932773,0.001004036958494337,0.0010040369584950145,0.001004036958494415,0.869850521464538,0.869850524421429,3.250831780212796e-06,-1.569850521464538,0.8698690805285397,0.869869083485423,3.2805533897356267e-06,-1.5698690805285396,1.8559064002610093e-05,0.869850521464538,0.869850524421429,1.2353061762025779,1.2353061859327763,1.2353061762025779,1.2353061859327763,0.001004036958494337,0.0010040369584950145,0.001004036958494415,0.0010040004171749778,0.0010040004171749778,6.464601233714138e-05,1.884477976354937e-05,3.251738500376682e-06,-1.569669463087474,3.2814558535015914e-06,-1.5696883049587054,1.9087379246607307e-17,1.909822126833216e-17,1.9087379246607307e-17,1.909822126833216e-17,,,,,,,,,,,,,,,,,,,,,,,,,-0.00020485265602765423,0.0027391892514671,-2.0574630887892909e-10,2.751144645429804e-09,-2.0574630887892909e-10,2.751144645429804e-09,-6.770453087057149e-10,9.053153116056478e-09,-6.770453087057149e-10,9.053153116056478e-09,3.621261246422591e-08,,,,,,,,,,,,,,,,,,,,,,,,,,,,,,
F4,NA,0,NA,NA,DC,nomi,both,SWI1,f4_m2_c1_iso_sna_visw3p9_d2p3_both_vdd3p3_e0,M2,C1,iso,2.3,0.0,0,3p3,,0.0046206571259335295,3.2843903186989483,0.0,0.0,0.8698096005734574,0.8701470274167796,9.192824739806442e-06,-1.5698096005734574,0.7057749588942714,2.058860922165306,8.607881010077148e-06,-1.4057749588942714,1.1887138947485263,0.8698096005734574,0.8701470274167796,0.0046206571259335295,3.2843903186989483,0.0046206571259335295,3.2843903186989483,0.0010040004171891993,0.001004258280435968,0.0010040554073094073,,,0.00016303305369042988,0.00016303305369099258,0.00019779467011237322,,,,,,,,,,0.00462065712593,3.2843903187,1.18871389475,9.19282473981e-06,8.60788101008e-06,781,-3.9,3.9,0.010000000000000675,0.8698096005734574,0.7057749588942714,3.2843903186989483,0.8698096005734574,-0.1640346416791859,0.8698571162369253,0.8963133779545623,0.020918644209129002,0.8698571162369253,0.026456261717637042,0.8701470274167796,2.058860922165306,0.0046206571259335295,0.8701470274167796,1.1887138947485263,0.8698505216290536,0.869850521967948,3.250831779346637e-06,-1.5698505216290535,0.8698690806930565,0.8698690810319487,3.2805533889535853e-06,-1.5698690806930564,1.8559064002832137e-05,0.8698505216290536,0.869850521967948,1.2353061767435458,1.2353061778587364,1.2353061767435458,1.2353061778587364,0.0010040369584943748,0.0010040369584944525,0.0010040369584944013,0.8698505216290536,0.869850521967948,3.250831779346635e-06,-1.5698505216290535,0.8698690806930565,0.8698690810319496,3.2805533889535853e-06,-1.5698690806930564,1.8559064003165204e-05,0.8698505216290536,0.869850521967948,1.2353061767435458,1.2353061778587398,1.2353061767435458,1.2353061778587398,0.0010040369584943748,0.0010040369584944525,0.0010040369584944013,0.0010040004171749778,0.0010040004171749778,1.5694488295107794e-05,1.8842366541926836e-05,3.251738488480531e-06,-1.569669463090074,3.2814558519125847e-06,-1.5696883051232642,,,,,,,,,,,,,,,,,,,,,,,,,,,,,-4.7515663467945224e-05,0.0002899111798543297,-4.7721604445882804e-11,2.9117275257561914e-10,-4.7721604445882804e-11,2.9117275257561914e-10,-1.5703505162889542e-10,9.58155554897644e-10,-1.5703505162889542e-10,9.581588855667178e-10,3.832635542266871e-09,,,,,,,,,,,,,,,,,,,,,,,,,,,,,,
F4,NA,0,NA,NA,DC,nomi,both,SWI1,f4_m2_c1_iso_sna_visw3p9_d2p3_both_vdd3p3_e1,M2,C1,iso,2.3,0.0,1,3p3,,0.006543038296040879,3.2843903186382613,0.0,0.0,0.8698096005360645,0.8784712826721797,0.00017601139974075892,-1.5698096005360644,0.7057749611613077,1.5523783433543126,0.00017293566451813316,-1.4057749611613075,0.6739070606821329,0.8698096005360645,0.8784712826721797,0.006543038296040879,3.2843903186382613,0.006543038296040879,3.2843903186382613,0.0010040004171891993,0.001004258280435735,0.001004055407308858,6.746420208505327e-13,0.0001694342292566892,0.00016303305367653445,0.00016303305369097924,0.00019779466983110323,,,,,,,,,,0.00654303829604,3.28439031864,0.673907060682,0.000176011399741,0.000172935664518,781,-3.9,3.9,0.010000000000000675,0.8698096005360645,0.7057749611613077,3.2843903186382613,0.8698096005360645,-0.16403463937475682,0.8698571162397469,0.8963133777995399,0.02091864423811314,0.8698571162397469,0.02645626155979297,0.8784712826721797,1.5523783433543126,0.006543038296040879,0.8784712826721797,0.6739070606821329,0.8698505216291824,0.8698505303286832,3.2508317793895526e-06,-1.5698505216291823,0.8698690806931832,0.869869089392662,3.2805533889125318e-06,-1.5698690806931832,1.8559064001388847e-05,0.8698505216291824,0.8698505303286832,1.235306176744367,1.2353062053716972,1.235306176744367,1.2353062053716972,0.0010040369584943748,0.0010040369584963678,0.0010040369584946355,0.8698505216291824,0.8698505303286832,3.2508317793895577e-06,-1.5698505216291823,0.8698690806931841,0.8698690893926629,3.2805533889124975e-06,-1.569869080693184,1.8559064002277026e-05,0.8698505216291824,0.8698505303286832,1.23530617674437,1.2353062053716972,1.23530617674437,1.2353062053716972,0.0010040369584943748,0.0010040369584963678,0.0010040369584946355,0.0010040004171749778,0.0010040004171749778,0.00018251306321253994,1.88505904067382e-05,3.2517385289371815e-06,-1.5696694630902077,3.2814558518640125e-06,-1.5696883051233907,1.9087379246607307e-17,1.909822126833216e-17,1.9087379246607307e-17,1.909822126833216e-17,,,,,,,,,,,,,,,,,,,,,,,,,-4.751570368244362e-05,0.008614166432432735,-4.7726489427191154e-11,8.651774296986048e-09,-4.7726489427191154e-11,8.651774296986048e-09,-1.570543695095239e-10,2.847027591457163e-08,-1.570543695095239e-10,2.847027280594716e-08,1.1388110365828652e-07,,,,,,,,,,,,,,,,,,,,,,,,,,,,,,
F5,0.005,0,1,0,DC,nomi,both,SWI1,f5_m1_c0_chain_s0_visin0p0215855187257_d0p847_both_vdd3p3_e1,M1,C0,chain,0.847,0.0,1,3p3,,0.7282390971058375,2.7308971860344324,0.0,0.0,0.8696694041598291,0.8696695072553008,5.531362910815574e-06,-1.569669404159829,0.8253850926203133,0.9194937289881249,4.583101834362765e-06,-1.5253850926203132,0.04982422210989956,0.8696694041598291,0.8696695072553008,0.6515490734443649,2.8101483664770104,0.7282390971058375,2.7308971860344324,0.0010040004134909241,0.0010101019921235214,0.0010059568641702028,5.045349446390623e-14,5.419981954565833e-14,0.00016303304927446993,0.0001630330595840171,8.994259179668096e-06,,,,,,,,,,0.728239097106,2.73089718603,,,,,,,,,,,,,,,,,,,,,,,,,,,,,,,,,,,,,,,,,,,,,,,,,,,,,,,,,,,,,,,,,,,,,,,,,,,,,,,,,,,,,,,,,,,,,0.02158089236051653,,,,,,,,,,,,,2,0.021585518725693646,0.0071376753286948,1.999993097045291,1.9999624813557002,1.730917376178975,0.9999965485226455,1.5615217280617437e-05,6.962324468387388e-05,7.569099511065937e-07,1.6729736998681631e-06,2.9115103765301133e-08,4.385578543929875e-08,2.243970944877239e-09,1.0052285727948569e-09,,,,,,,,,,,,,,,
F5,0.005,0,1,0,DC,nomi,both,SWI1,f5_m1_c0_chain_s0_visin0p0215855187257_d1p25_both_vdd3p3_e1,M1,C0,chain,1.25,0.0,1,3p3,,0.22824164002885347,2.230895731888634,0.0,0.0,0.8696694106781387,0.8696695137727801,5.531910773015625e-06,-1.5696694106781388,0.8253853300457497,0.9194925471653309,4.5831019556872095e-06,-1.5253853300457496,0.049823033711651976,0.8696694106781387,0.8696695137727801,0.15154805682281913,2.3101546982674095,0.22824164002885347,2.230895731888634,0.001004000414482365,0.001010052014509957,0.0010059315765386426,5.04523018415165e-14,5.419839924081238e-14,0.000163033048622722,0.00016303305893218613,5.2681720837996314e-05,,,,,,,,,,0.228241640029,2.23089573189,,,,,,,,,,,,,,,,,,,,,,,,,,,,,,,,,,,,,,,,,,,,,,,,,,,,,,,,,,,,,,,,,,,,,,,,,,,,,,,,,,,,,,,,,,,,,0.021580966676514077,,,,,,,,,,,,,0,0.021585518725693646,0.007137674885286284,1.999993097059369,1.99995676073042,1.2309186876355342,0.9999965485296844,1.5615214376089263e-05,6.962324107961963e-05,7.569037565609136e-07,1.6729638251723918e-06,2.9117706842002583e-08,4.387767661242787e-08,2.2543250014259354e-09,9.967703706841264e-10,,,,,,,,,,,,,,,
F5,0.005,0,1,0,DC,nomi,both,SWI1,f5_m1_c0_chain_s0_visin0p0215855187257_d1p653_both_vdd3p3_e1,M1,C0,chain,1.653,0.0,1,3p3,,0.02507899925332105,1.7311008458364134,0.0,0.0,0.8696694648890342,0.86967150845949,5.531424652760464e-06,-1.5696694648890341,0.8191462773825011,0.9747534436567399,9.72629279885394e-06,-1.519146277382501,0.1050835126350157,0.8696694648891286,0.86967150845949,0.01698137883636149,1.810144048508864,0.02507899925332105,1.7311008458364134,0.0010040004154752307,0.0010098504706159976,0.0010056295948159299,1.0580617870563358e-13,1.4825651015008822e-13,0.000163032849154051,0.00016303305351108715,0.0001034557968508063,,,,,,,,,,0.0250789992533,1.73110084584,,,,,,,,,,,,,,,,,,,,,,,,,,,,,,,,,,,,,,,,,,,,,,,,,,,,,,,,,,,,,,,,,,,,,,,,,,,,,,,,,,,,,,,,,,,,,0.0215809667229754,,,,,,,,,,,,,-2,0.021585518725693646,10.16968822389276,1.773146126890875,1.7047755714373227,0.7961890501166936,0.8865730634454375,0.07752013874481228,0.042458437199558836,0.01644945718799562,0.0019871317628550244,0.004966487492490007,0.0039802521778220185,0.0010242184915179398,0.0009764966469221657,,,,,,,,,,,,,,,
F5,0.005,0,1,0,DC,nomi,both,SWI1,f5_m1_c1_chain_s0_visin0p0220218180338_d0p847_both_vdd3p3_e1,M1,C1,chain,0.847,0.0,1,3p3,,0.7278242068964906,2.7308952135190854,0.0,0.0,0.8696694041616675,0.8696694995404747,4.80989968143497e-06,-1.5696694041616674,0.82538466491371,0.9139870056310638,4.584235161284775e-06,-1.52538466491371,0.0443175095076509,0.8696694041616675,0.8696694995404747,0.6516867082317135,2.8101472142483948,0.7278242068964906,2.7308952135190854,0.0010040004134917774,0.0010101143600752796,0.0010059607247451996,4.7669165706767937e-14,4.770718325594614e-14,0.00016303305004595253,0.00016303305958383324,8.311042882265991e-06,,,,,,,,,,0.727824206896,2.73089521352,,,,,,,,,,,,,,,,,,,,,,,,,,,,,,,,,,,,,,,,,,,,,,,,,,,,,,,,,,,,,,,,,,,,,,,,,,,,,,,,,,,,,,,,,,,,,0.02201706705625865,,,,,,,,,,,,,2,0.02202181803378541,0.00631916834295948,1.9999926625341953,1.9999587263312844,1.7309174006355321,0.9999963312670976,1.4909955879943213e-05,6.139351728917433e-05,5.928317088849054e-07,1.156018626087882e-06,1.806976983199142e-08,2.5465759949316123e-08,1.2018616292651872e-09,6.247361834909615e-10,,,,,,,,,,,,,,,
F5,0.005,0,1,0,DC,nomi,both,SWI1,f5_m1_c1_chain_s0_visin0p0220218180338_d1p25_both_vdd3p3_e1,M1,C1,chain,1.25,0.0,1,3p3,,0.22782553660978863,2.230896536026474,0.0,0.0,0.8696694106799792,0.8696695060587879,4.809902730551485e-06,-1.5696694106799791,0.8253850582514574,0.9139873976276468,4.58423127016325e-06,-1.5253850582514574,0.044317894986032336,0.8696694106799792,0.8696695060587879,0.1516880343902922,2.310148511419858,0.22782553660978863,2.230896536026474,0.0010040004144861389,0.0010100643591112342,0.0010059354873375897,4.766871034185549e-14,4.770763319984772e-14,0.0001630330493941212,0.00016303305893200208,5.2681754559372524e-05,,,,,,,,,,0.22782553661,2.23089653603,,,,,,,,,,,,,,,,,,,,,,,,,,,,,,,,,,,,,,,,,,,,,,,,,,,,,,,,,,,,,,,,,,,,,,,,,,,,,,,,,,,,,,,,,,,,,0.02201706748692837,,,,,,,,,,,,,0,0.02202181803378541,0.0063191684957983624,1.9999926625343418,1.9999587480978056,1.2309187120870397,0.9999963312671709,1.4909962739878183e-05,6.139351718397635e-05,5.928319924038571e-07,1.1560186199994761e-06,1.806977811729343e-08,2.548924943935895e-08,1.2018621385791893e-09,6.22370988549618e-10,,,,,,,,,,,,,,,
F5,0.005,0,1,0,DC,nomi,both,SWI1,f5_m1_c1_chain_s0_visin0p0220218180338_d1p653_both_vdd3p3_e1,M1,C1,chain,1.653,0.0,1,3p3,,0.025883338391507752,1.7311305444972114,0.0,0.0,0.8696694648890347,0.8696715641047569,5.428307637389551e-06,-1.5696694648890346,0.8249104725387478,0.9793976680750308,9.513533225356502e-06,-1.524910472538748,0.1097277950013067,0.8696694648891286,0.8696715641047569,0.017067842969289294,1.810149116455069,0.025883338391507752,1.7311305444972114,0.001004000415473605,0.001009863230494292,0.0010056324137831074,1.1045249458975503e-13,1.6160035549300788e-13,0.00016303284358952432,0.00016303305351108715,0.00010274063616144566,,,,,,,,,,0.0258833383915,1.7311305445,,,,,,,,,,,,,,,,,,,,,,,,,,,,,,,,,,,,,,,,,,,,,,,,,,,,,,,,,,,,,,,,,,,,,,,,,,,,,,,,,,,,,,,,,,,,,0.02201717508769449,,,,,,,,,,,,,-2,0.02202181803378541,9.909848854309798,1.7691023047221879,1.7034974800953167,0.7979457075994596,0.8845511523610939,0.07649131545933527,0.03990925124771868,0.014704393629611984,0.0013189525365888788,0.0033049921369577083,0.0030915521791697207,0.0012954164046967405,0.000286321707748261,,,,,,,,,,,,,,,
F5,0.005,0,1,0,DC,nomi,both,SWI1,f5_m2_c0_chain_s0_visin0p0215855186068_d0p847_both_vdd3p3_e1,M2,C0,chain,0.847,0.0,1,3p3,,0.7288349480185556,2.731493016712179,0.0,0.0,0.8698504781956323,0.8698505719203423,5.530461773650686e-06,-1.5698504781956322,0.8255661666230087,0.9196747986730088,4.5821964634003395e-06,-1.5255661666230087,0.04982422709257972,0.8698504781956323,0.8698505719203423,0.652144936481044,2.8107442370741844,0.7288349480185556,2.731493016712179,0.001004000413489741,0.0010101020334793629,0.0010059568851346363,5.04534998849171e-14,5.419983038768006e-14,0.0001630330536766824,0.00016303305370216078,9.016724401117723e-06,,,,,,,,,,0.728834948019,2.73149301671,,,,,,,,,,,,,,,,,,,,,,,0.8698505216701109,0.8698505216705062,3.2508542062714696e-06,-1.5698505216701109,0.8698690807341118,0.8698690807345097,3.2805533887175846e-06,-1.5698690807341118,1.855906406378338e-05,0.8698505216701109,0.8698505216705062,1.235306176879078,1.2353061768804987,1.235306176879119,1.2353061768801776,0.0010040369584943811,0.0010040369584943924,0.0010040369584943844,0.869850521670112,0.8698505216705062,3.2508396543562412e-06,-1.569850521670112,0.869869080734113,0.8698690807345097,3.2805533887175837e-06,-1.569869080734113,1.855906406378338e-05,0.869850521670112,0.8698505216705062,1.2353061768790816,1.2353061768804987,1.2353061768791225,1.2353061768801776,0.0010040369584943811,0.0010040369584943924,0.0010040369584943844,0.0010040004171749778,0.0010040004171749778,9.75351260579895e-06,1.884264470519703e-05,3.251738528506953e-06,-1.569669462978392,3.281455977867387e-06,-1.5696883049878965,1.9087379246607307e-17,1.9092800257469732e-17,1.9087379246607307e-17,1.9092800257469732e-17,,,,,,,,,,,,,,,,,,,,,,,0.021580892790108917,,,,,,,,,,,,,2,0.021585518606838102,0.00713774252966129,1.9999930970395339,1.9999624658931499,1.7315132151693948,0.9999965485197669,1.561853070310702e-05,6.96231886710499e-05,7.570764214292433e-07,1.6729692871328497e-06,2.912226717727376e-08,4.3888053189715894e-08,2.2446888407398335e-09,9.843143947782345e-10,,,,,,,,,,,,,,,
F5,0.005,0,1,0,DC,nomi,both,SWI1,f5_m2_c0_chain_s0_visin0p0215855186068_d1p25_both_vdd3p3_e1,M2,C0,chain,1.25,0.0,1,3p3,,0.22883743315754443,2.231491579888528,0.0,0.0,0.8698504782917444,0.8698505720156786,5.53100609868018e-06,-1.5698504782917444,0.8255663961339931,0.9196735905964533,4.582196578303933e-06,-1.5255663961339931,0.049823018867939606,0.8698504782917444,0.8698505720156786,0.15214386075605046,2.3107505170968063,0.22883743315754443,2.231491579888528,0.001004000414481184,0.0010100520560645174,0.0010059315973764233,5.045228015747305e-14,5.419838297777979e-14,0.0001630330536766832,0.00016303305370216469,5.265925606278001e-05,,,,,,,,,,0.228837433158,2.23149157989,,,,,,,,,,,,,,,,,,,,,,,0.8698505216701128,0.8698505216705071,3.2508396543562412e-06,-1.5698505216701126,0.8698690807341136,0.8698690807345107,3.2805533887172615e-06,-1.5698690807341136,1.8559064063894404e-05,0.8698505216701128,0.8698505216705071,1.235306176879084,1.2353061768805018,1.235306176879125,1.235306176880181,0.0010040369584943811,0.0010040369584943924,0.0010040369584943844,0.8698505216701128,0.8698505216705071,3.2508396543562412e-06,-1.5698505216701126,0.8698690807341136,0.8698690807345107,3.2805533887172615e-06,-1.5698690807341136,1.8559064063894404e-05,0.8698505216701128,0.8698505216705071,1.235306176879084,1.2353061768805018,1.235306176879125,1.235306176880181,0.0010040369584943811,0.0010040369584943924,0.0010040369584943844,0.0010040004171749778,0.0010040004171749778,9.753514571076812e-06,1.884264485607634e-05,3.251738528506953e-06,-1.5696694629783532,3.2814566665803624e-06,-1.5696883049878845,1.9087379246607307e-17,1.9092800257469732e-17,1.9087379246607307e-17,1.9092800257469732e-17,,,,,,,,,,,,,,,,,,,,,,,0.021580966471964447,,,,,,,,,,,,,0,0.021585518606838102,0.00713774212501342,1.999993097052217,1.9999568222849655,1.231514505492972,0.9999965485261085,1.5618528443189962e-05,6.962318534067999e-05,7.570707471606957e-07,1.6729601604406594e-06,2.9124636222984114e-08,4.38380670986991e-08,2.254265517656765e-09,1.0252258076236873e-09,,,,,,,,,,,,,,,
F5,0.005,0,1,0,DC,nomi,both,SWI1,f5_m2_c0_chain_s0_visin0p0215855186068_d1p653_both_vdd3p3_e1,M2,C0,chain,1.653,0.0,1,3p3,,0.025109396917208593,1.7316945585621701,0.0,0.0,0.8698505217673367,0.8698520947723084,5.5305197186328314e-06,-1.5698505217673366,0.8193459754059681,0.9747616415232843,9.72133910131958e-06,-1.519345975405968,0.10491071742444869,0.8698505217673367,0.8698520947723084,0.016993532637585042,1.8107383726337847,0.025109396917208593,1.7316945585621701,0.0010040004154736792,0.0010098509871022245,0.0010056301384596623,1.056332972482199e-13,1.4778941417013802e-13,0.00016303305367612052,0.00016303305370216122,0.00010343102042109577,,,,,,,,,,0.0251093969172,1.73169455856,,,,,,,,,,,,,,,,,,,,,,,0.8698505216702691,0.8698505216756239,3.2508542062714696e-06,-1.569850521670269,0.8698690807342542,0.8698690807396334,3.280553388721342e-06,-1.5698690807342541,1.8559064132839254e-05,0.8698505216702691,0.8698505216756239,1.2353061768794555,1.235306176897284,1.2353061768796296,1.2353061768970728,0.001004036958494372,0.001004036958494394,0.0010040369584943852,0.8698505216702691,0.8698505216756249,3.2508396543562412e-06,-1.569850521670269,0.8698690807342542,0.8698690807396345,3.2805533887213425e-06,-1.5698690807342541,1.8559064132839254e-05,0.8698505216702691,0.8698505216756249,1.2353061768794558,1.2353061768972875,1.2353061768796296,1.2353061768970763,0.001004036958494372,0.001004036958494394,0.0010040369584943852,0.0010040004171749778,0.0010040004171749778,9.784024648410362e-06,1.884264472251651e-05,3.251738530144532e-06,-1.5696694629783878,3.281455960714441e-06,-1.5696883045504757,1.9087379246607307e-17,1.9092800257469732e-17,1.9087379246607307e-17,1.9092800257469732e-17,,,,,,,,,,,,,,,,,,,,,,,0.02158096764333307,,,,,,,,,,,,,-2,0.021585518606838102,10.150702782546274,1.773665134712028,1.7053376565570977,0.7966264000478255,0.886832567356014,0.07737502748084461,0.04241612733926589,0.016467846953346833,0.002001462030234712,0.004946512713288273,0.003982305411852139,0.0010360218493233808,0.0009667422864447933,,,,,,,,,,,,,,,
F5,0.005,0,1,0,DC,nomi,both,SWI1,f5_m2_c1_chain_s0_visin0p022021817892_d0p847_both_vdd3p3_e1,M2,C1,chain,0.847,0.0,1,3p3,,0.728420045676824,2.7314910522208486,0.0,0.0,0.8698504781966263,0.8698505649115195,4.8089945525742195e-06,-1.5698504781966263,0.8255657377767199,0.9141680704852364,4.583329759158006e-06,-1.52556573777672,0.04431750866392781,0.8698504781966263,0.8698505649115195,0.6522825471347364,2.8107430530986828,0.728420045676824,2.7314910522208486,0.0010040004134905856,0.0010101144015925432,0.0010059607457559188,4.7669160285757075e-14,4.7707188676957004e-14,0.00016303305368111623,0.00016303305369646872,8.333507504371765e-06,,,,,,,,,,0.728420045677,2.73149105222,,,,,,,,,,,,,,,,,,,,,,,0.8698505216701078,0.8698505216704498,3.2508542062714696e-06,-1.5698505216701077,0.8698690807341107,0.8698690807344485,3.28055345040143e-06,-1.5698690807341107,1.8559064024370464e-05,0.8698505216701078,0.8698505216704498,1.235306176879081,1.2353061768802043,1.2353061768791211,1.235306176880154,0.0010040369584943813,0.001004036958494389,0.0010040369584943844,0.8698505216701122,0.8698505216704498,3.250868758186698e-06,-1.5698505216701122,0.8698690807341152,0.8698690807344485,3.2805534504048994e-06,-1.5698690807341151,1.8559064024370464e-05,0.8698505216701122,0.8698505216704498,1.2353061768790956,1.2353061768802043,1.2353061768791358,1.2353061768801545,0.0010040369584943813,0.001004036958494389,0.0010040369584943844,0.0010040004171749778,0.0010040004171749778,9.753362529298871e-06,1.884246351191443e-05,3.25173851560061e-06,-1.569669463035313,3.2814566837055525e-06,-1.5696883050496098,1.9087379246607307e-17,1.9092800257469732e-17,1.9087379246607307e-17,1.9092800257469732e-17,,,,,,,,,,,,,,,,,,,,,,,0.022017066916184384,,,,,,,,,,,,,2,0.022021817892045006,0.006319238377070201,1.9999926625271718,1.9999587264059215,1.731513239630595,0.9999963312635859,1.4913119264560858e-05,6.139346859133781e-05,5.929624097064075e-07,1.1560159207729717e-06,1.8074101618092448e-08,2.5465700866684656e-08,1.201994183012697e-09,6.248158431947566e-10,,,,,,,,,,,,,,,
F5,0.005,0,1,0,DC,nomi,both,SWI1,f5_m2_c1_chain_s0_visin0p022021817892_d1p25_both_vdd3p3_e1,M2,C1,chain,1.25,0.0,1,3p3,,0.22842135425794993,2.2314923535957907,0.0,0.0,0.8698504782929453,0.8698505650078361,4.808997633443113e-06,-1.5698504782929452,0.8255661246925069,0.9141684560598509,4.583325900145998e-06,-1.525566124692507,0.04431789414232434,0.8698504782929453,0.8698505650078361,0.15228385216109255,2.310744329137264,0.22842135425794993,2.2314923535957907,0.0010040004144849474,0.0010100644006270241,0.0010059355082171738,4.766871576286635e-14,4.770763862085858e-14,0.00016303305368111618,0.00016303305369646872,5.265928974038375e-05,,,,,,,,,,0.228421354258,2.2314923536,,,,,,,,,,,,,,,,,,,,,,,0.8698505216701082,0.8698505216704475,3.2508542062714696e-06,-1.5698505216701082,0.8698690807341112,0.8698690807344462,3.2805534484724175e-06,-1.5698690807341111,1.8559064024370464e-05,0.8698505216701082,0.8698505216704475,1.2353061768790823,1.235306176880197,1.2353061768791225,1.235306176880147,0.0010040369584943813,0.001004036958494389,0.0010040369584943844,0.8698505216701063,0.8698505216704475,3.2508542062714696e-06,-1.5698505216701064,0.8698690807341093,0.8698690807344462,3.2805534484654786e-06,-1.5698690807341094,1.8559064024370464e-05,0.8698505216701063,0.8698505216704475,1.2353061768790763,1.235306176880197,1.2353061768791165,1.2353061768801468,0.0010040369584943813,0.001004036958494389,0.0010040369584943844,0.0010040004171749778,0.0010040004171749778,9.753364459402431e-06,1.884246351235852e-05,3.25173851560061e-06,-1.5696694630353125,3.2814559257771103e-06,-1.5696883050496098,1.9087379246607307e-17,1.9092800257469732e-17,1.9087379246607307e-17,1.9092800257469732e-17,,,,,,,,,,,,,,,,,,,,,,,0.022017067346858193,,,,,,,,,,,,,0,0.022021817892045006,0.00631923852746264,1.999992662527323,1.9999587481726615,1.2315145299494947,0.9999963312636615,1.4913126012231939e-05,6.139346848790682e-05,5.929626885254071e-07,1.1560159147159467e-06,1.8074109761182342e-08,2.5489266657824987e-08,1.2019946913983692e-09,6.223165874781421e-10,,,,,,,,,,,,,,,
F5,0.005,0,1,0,DC,nomi,both,SWI1,f5_m2_c1_chain_s0_visin0p022021817892_d1p653_both_vdd3p3_e1,M2,C1,chain,1.653,0.0,1,3p3,,0.02591644800105218,1.731724295938558,0.0,0.0,0.8698505217673337,0.8698521378670293,5.4250158885160715e-06,-1.5698505217673335,0.8250936378273777,0.9794057630827658,9.508577652110765e-06,-1.5250936378273776,0.10955490767827192,0.8698505217673337,0.8698521378670293,0.017080366520641318,1.8107436106691757,0.02591644800105218,1.731724295938558,0.0010040004154723866,0.0010098637055868092,0.001005633037482003,1.1027953181717842e-13,1.6107465296462397e-13,0.00016303305366617042,0.00016303305369646872,0.0001027179109395313,,,,,,,,,,0.0259164480011,1.73172429594,,,,,,,,,,,,,,,,,,,,,,,0.8698505216702825,0.869850521675771,3.2508542062714696e-06,-1.5698505216702825,0.8698690807342819,0.8698690807397644,3.2805534598782243e-06,-1.5698690807342819,1.8559064113521373e-05,0.8698505216702825,0.869850521675771,1.2353061768796174,1.2353061768977045,1.2353061768796199,1.2353061768975075,0.0010040369584943746,0.001004036958494393,0.0010040369584943855,0.8698505216702825,0.8698505216757668,3.2508542062714696e-06,-1.5698505216702825,0.8698690807342819,0.8698690807397602,3.2805534598782243e-06,-1.5698690807342819,1.855906411341035e-05,0.8698505216702825,0.8698505216757668,1.2353061768796174,1.2353061768976905,1.2353061768796199,1.2353061768974936,0.0010040369584943746,0.001004036958494393,0.0010040369584943855,0.0010040004171749778,0.0010040004171749778,9.784888356721057e-06,1.884269547625106e-05,3.2517385591282924e-06,-1.5696694630353127,3.281455923757892e-06,-1.569688304569941,1.9087379246607307e-17,1.9092800257469732e-17,1.9087379246607307e-17,1.9092800257469732e-17,,,,,,,,,,,,,,,,,,,,,,,0.02201717362732945,,,,,,,,,,,,,-2,0.022021817892045006,9.891357321099221,1.769620672729751,1.7040567344872637,0.79838170503553,0.8848103363648755,0.0763507927984311,0.039870210781217254,0.014720229459864979,0.0013475165901848769,0.003287316665258489,0.0030897002972873526,0.0013030291463778315,0.00027960432305074623,,,,,,,,,,,,,,,
F6,0.005,0,1,0,DC,nomi,both,SWI1,f6_m1_c0_chain_s0_viac1dc0_d1p25_both_vdd3p3_e1,M1,C0,chain,1.25,0.0,1,3p3,,,,,,,,,,,,,,,,,,,,,,,,,,,,,,,,,,,,,,,,,,,,,,,,,,,,,,,,,,,,,,,,,,,,,,,,,,,,,,,,,,,,,,,,,,,,,,,,,,,,,,,,,,,,,,,,,,,,,,,,,,,,,,,,,,,,,,,,,,,,,,,,,,,,,,,,,,,,,,,,5.72213250196e-07,965.0567640591568,0.3860227056236627,v(onoise),,,,,,,,,,,
F6,10.0,10,100,4,DC,nomi,both,SWI1,f6_m1_c0_chain_s10_viac1dc0_d1p25_both_vdd3p3_e1,M1,C0,chain,1.25,0.0,1,3p3,,,,,,,,,,,,,,,,,,,,,,,,,,,,,,,,,,,,,,,,,,,,,,,,,,,,,,,,,,,,,,,,,,,,,,,,,,,,,,,,,,,,,,,,,,,,,,,,,,,,,,,,,,,,,,,,,,,,,,,,,,,,,,,,,,,,,,,,,,,,,,,,,,,,,,,,,,,,,,,,4.50603577654e-07,758.6754352748956,0.30347017410995825,v(onoise),,,,,,,,,,,
F6,20.0,11,100,5,DC,nomi,both,SWI1,f6_m1_c0_chain_s11_viac1dc0_d1p25_both_vdd3p3_e1,M1,C0,chain,1.25,0.0,1,3p3,,,,,,,,,,,,,,,,,,,,,,,,,,,,,,,,,,,,,,,,,,,,,,,,,,,,,,,,,,,,,,,,,,,,,,,,,,,,,,,,,,,,,,,,,,,,,,,,,,,,,,,,,,,,,,,,,,,,,,,,,,,,,,,,,,,,,,,,,,,,,,,,,,,,,,,,,,,,,,,,4.4923566001e-07,756.3699265237699,0.302547970609508,v(onoise),,,,,,,,,,,
F6,0.01,1,1,1,DC,nomi,both,SWI1,f6_m1_c0_chain_s1_viac1dc0_d1p25_both_vdd3p3_e1,M1,C0,chain,1.25,0.0,1,3p3,,,,,,,,,,,,,,,,,,,,,,,,,,,,,,,,,,,,,,,,,,,,,,,,,,,,,,,,,,,,,,,,,,,,,,,,,,,,,,,,,,,,,,,,,,,,,,,,,,,,,,,,,,,,,,,,,,,,,,,,,,,,,,,,,,,,,,,,,,,,,,,,,,,,,,,,,,,,,,,,4.93013175064e-07,830.7505969463283,0.3323002387785313,v(onoise),,,,,,,,,,,
F6,0.02,2,1,2,DC,nomi,both,SWI1,f6_m1_c0_chain_s2_viac1dc0_d1p25_both_vdd3p3_e1,M1,C0,chain,1.25,0.0,1,3p3,,,,,,,,,,,,,,,,,,,,,,,,,,,,,,,,,,,,,,,,,,,,,,,,,,,,,,,,,,,,,,,,,,,,,,,,,,,,,,,,,,,,,,,,,,,,,,,,,,,,,,,,,,,,,,,,,,,,,,,,,,,,,,,,,,,,,,,,,,,,,,,,,,,,,,,,,,,,,,,,4.65463287485e-07,783.981477090721,0.3135925908362884,v(onoise),,,,,,,,,,,
F6,0.05,3,1,3,DC,nomi,both,SWI1,f6_m1_c0_chain_s3_viac1dc0_d1p25_both_vdd3p3_e1,M1,C0,chain,1.25,0.0,1,3p3,,,,,,,,,,,,,,,,,,,,,,,,,,,,,,,,,,,,,,,,,,,,,,,,,,,,,,,,,,,,,,,,,,,,,,,,,,,,,,,,,,,,,,,,,,,,,,,,,,,,,,,,,,,,,,,,,,,,,,,,,,,,,,,,,,,,,,,,,,,,,,,,,,,,,,,,,,,,,,,,4.53649281447e-07,763.8914140260159,0.30555656561040634,v(onoise),,,,,,,,,,,
F6,0.1,4,1,4,DC,nomi,both,SWI1,f6_m1_c0_chain_s4_viac1dc0_d1p25_both_vdd3p3_e1,M1,C0,chain,1.25,0.0,1,3p3,,,,,,,,,,,,,,,,,,,,,,,,,,,,,,,,,,,,,,,,,,,,,,,,,,,,,,,,,,,,,,,,,,,,,,,,,,,,,,,,,,,,,,,,,,,,,,,,,,,,,,,,,,,,,,,,,,,,,,,,,,,,,,,,,,,,,,,,,,,,,,,,,,,,,,,,,,,,,,,,4.50590080934e-07,758.6840146585397,0.3034736058634159,v(onoise),,,,,,,,,,,
F6,0.2,5,1,5,DC,nomi,both,SWI1,f6_m1_c0_chain_s5_viac1dc0_d1p25_both_vdd3p3_e1,M1,C0,chain,1.25,0.0,1,3p3,,,,,,,,,,,,,,,,,,,,,,,,,,,,,,,,,,,,,,,,,,,,,,,,,,,,,,,,,,,,,,,,,,,,,,,,,,,,,,,,,,,,,,,,,,,,,,,,,,,,,,,,,,,,,,,,,,,,,,,,,,,,,,,,,,,,,,,,,,,,,,,,,,,,,,,,,,,,,,,,4.49232275578e-07,756.3720779600667,0.3025488311840267,v(onoise),,,,,,,,,,,
F6,0.5,6,100,0,DC,nomi,both,SWI1,f6_m1_c0_chain_s6_viac1dc0_d1p25_both_vdd3p3_e1,M1,C0,chain,1.25,0.0,1,3p3,,,,,,,,,,,,,,,,,,,,,,,,,,,,,,,,,,,,,,,,,,,,,,,,,,,,,,,,,,,,,,,,,,,,,,,,,,,,,,,,,,,,,,,,,,,,,,,,,,,,,,,,,,,,,,,,,,,,,,,,,,,,,,,,,,,,,,,,,,,,,,,,,,,,,,,,,,,,,,,,5.76463300578e-07,962.3457550289043,0.3849383020115617,v(onoise),,,,,,,,,,,
F6,1.0,7,100,1,DC,nomi,both,SWI1,f6_m1_c0_chain_s7_viac1dc0_d1p25_both_vdd3p3_e1,M1,C0,chain,1.25,0.0,1,3p3,,,,,,,,,,,,,,,,,,,,,,,,,,,,,,,,,,,,,,,,,,,,,,,,,,,,,,,,,,,,,,,,,,,,,,,,,,,,,,,,,,,,,,,,,,,,,,,,,,,,,,,,,,,,,,,,,,,,,,,,,,,,,,,,,,,,,,,,,,,,,,,,,,,,,,,,,,,,,,,,4.94248598414e-07,829.9648894724871,0.33198595578899487,v(onoise),,,,,,,,,,,
F6,2.0,8,100,2,DC,nomi,both,SWI1,f6_m1_c0_chain_s8_viac1dc0_d1p25_both_vdd3p3_e1,M1,C0,chain,1.25,0.0,1,3p3,,,,,,,,,,,,,,,,,,,,,,,,,,,,,,,,,,,,,,,,,,,,,,,,,,,,,,,,,,,,,,,,,,,,,,,,,,,,,,,,,,,,,,,,,,,,,,,,,,,,,,,,,,,,,,,,,,,,,,,,,,,,,,,,,,,,,,,,,,,,,,,,,,,,,,,,,,,,,,,,4.65791642462e-07,783.7727755716003,0.31350911022864014,v(onoise),,,,,,,,,,,
F6,5.0,9,100,3,DC,nomi,both,SWI1,f6_m1_c0_chain_s9_viac1dc0_d1p25_both_vdd3p3_e1,M1,C0,chain,1.25,0.0,1,3p3,,,,,,,,,,,,,,,,,,,,,,,,,,,,,,,,,,,,,,,,,,,,,,,,,,,,,,,,,,,,,,,,,,,,,,,,,,,,,,,,,,,,,,,,,,,,,,,,,,,,,,,,,,,,,,,,,,,,,,,,,,,,,,,,,,,,,,,,,,,,,,,,,,,,,,,,,,,,,,,,4.53703009152e-07,763.8572632904826,0.30554290531619305,v(onoise),,,,,,,,,,,
F6,0.005,0,1,0,DC,nomi,both,SWI1,f6_m1_c1_chain_s0_viac1dc0_d1p25_both_vdd3p3_e1,M1,C1,chain,1.25,0.0,1,3p3,,,,,,,,,,,,,,,,,,,,,,,,,,,,,,,,,,,,,,,,,,,,,,,,,,,,,,,,,,,,,,,,,,,,,,,,,,,,,,,,,,,,,,,,,,,,,,,,,,,,,,,,,,,,,,,,,,,,,,,,,,,,,,,,,,,,,,,,,,,,,,,,,,,,,,,,,,,,,,,,5.72184788215e-07,950.8730825674735,0.38034923302698936,v(onoise),,,,,,,,,,,
F6,10.0,10,100,4,DC,nomi,both,SWI1,f6_m1_c1_chain_s10_viac1dc0_d1p25_both_vdd3p3_e1,M1,C1,chain,1.25,0.0,1,3p3,,,,,,,,,,,,,,,,,,,,,,,,,,,,,,,,,,,,,,,,,,,,,,,,,,,,,,,,,,,,,,,,,,,,,,,,,,,,,,,,,,,,,,,,,,,,,,,,,,,,,,,,,,,,,,,,,,,,,,,,,,,,,,,,,,,,,,,,,,,,,,,,,,,,,,,,,,,,,,,,4.5058116735e-07,747.378261649067,0.2989513046596268,v(onoise),,,,,,,,,,,
F6,20.0,11,100,5,DC,nomi,both,SWI1,f6_m1_c1_chain_s11_viac1dc0_d1p25_both_vdd3p3_e1,M1,C1,chain,1.25,0.0,1,3p3,,,,,,,,,,,,,,,,,,,,,,,,,,,,,,,,,,,,,,,,,,,,,,,,,,,,,,,,,,,,,,,,,,,,,,,,,,,,,,,,,,,,,,,,,,,,,,,,,,,,,,,,,,,,,,,,,,,,,,,,,,,,,,,,,,,,,,,,,,,,,,,,,,,,,,,,,,,,,,,,4.49213317783e-07,745.1072471968663,0.2980428988787465,v(onoise),,,,,,,,,,,
F6,0.01,1,1,1,DC,nomi,both,SWI1,f6_m1_c1_chain_s1_viac1dc0_d1p25_both_vdd3p3_e1,M1,C1,chain,1.25,0.0,1,3p3,,,,,,,,,,,,,,,,,,,,,,,,,,,,,,,,,,,,,,,,,,,,,,,,,,,,,,,,,,,,,,,,,,,,,,,,,,,,,,,,,,,,,,,,,,,,,,,,,,,,,,,,,,,,,,,,,,,,,,,,,,,,,,,,,,,,,,,,,,,,,,,,,,,,,,,,,,,,,,,,4.92988654238e-07,818.4287963099869,0.32737151852399476,v(onoise),,,,,,,,,,,
F6,0.02,2,1,2,DC,nomi,both,SWI1,f6_m1_c1_chain_s2_viac1dc0_d1p25_both_vdd3p3_e1,M1,C1,chain,1.25,0.0,1,3p3,,,,,,,,,,,,,,,,,,,,,,,,,,,,,,,,,,,,,,,,,,,,,,,,,,,,,,,,,,,,,,,,,,,,,,,,,,,,,,,,,,,,,,,,,,,,,,,,,,,,,,,,,,,,,,,,,,,,,,,,,,,,,,,,,,,,,,,,,,,,,,,,,,,,,,,,,,,,,,,,4.65440137672e-07,772.3174091855977,0.3089269636742391,v(onoise),,,,,,,,,,,
F6,0.05,3,1,3,DC,nomi,both,SWI1,f6_m1_c1_chain_s3_viac1dc0_d1p25_both_vdd3p3_e1,M1,C1,chain,1.25,0.0,1,3p3,,,,,,,,,,,,,,,,,,,,,,,,,,,,,,,,,,,,,,,,,,,,,,,,,,,,,,,,,,,,,,,,,,,,,,,,,,,,,,,,,,,,,,,,,,,,,,,,,,,,,,,,,,,,,,,,,,,,,,,,,,,,,,,,,,,,,,,,,,,,,,,,,,,,,,,,,,,,,,,,4.53626719569e-07,752.517136302687,0.30100685452107484,v(onoise),,,,,,,,,,,
F6,0.1,4,1,4,DC,nomi,both,SWI1,f6_m1_c1_chain_s4_viac1dc0_d1p25_both_vdd3p3_e1,M1,C1,chain,1.25,0.0,1,3p3,,,,,,,,,,,,,,,,,,,,,,,,,,,,,,,,,,,,,,,,,,,,,,,,,,,,,,,,,,,,,,,,,,,,,,,,,,,,,,,,,,,,,,,,,,,,,,,,,,,,,,,,,,,,,,,,,,,,,,,,,,,,,,,,,,,,,,,,,,,,,,,,,,,,,,,,,,,,,,,,4.50567671302e-07,747.3866891653691,0.29895467566614764,v(onoise),,,,,,,,,,,
F6,0.2,5,1,5,DC,nomi,both,SWI1,f6_m1_c1_chain_s5_viac1dc0_d1p25_both_vdd3p3_e1,M1,C1,chain,1.25,0.0,1,3p3,,,,,,,,,,,,,,,,,,,,,,,,,,,,,,,,,,,,,,,,,,,,,,,,,,,,,,,,,,,,,,,,,,,,,,,,,,,,,,,,,,,,,,,,,,,,,,,,,,,,,,,,,,,,,,,,,,,,,,,,,,,,,,,,,,,,,,,,,,,,,,,,,,,,,,,,,,,,,,,,4.49209933519e-07,745.1093605483748,0.2980437442193499,v(onoise),,,,,,,,,,,
F6,0.5,6,100,0,DC,nomi,both,SWI1,f6_m1_c1_chain_s6_viac1dc0_d1p25_both_vdd3p3_e1,M1,C1,chain,1.25,0.0,1,3p3,,,,,,,,,,,,,,,,,,,,,,,,,,,,,,,,,,,,,,,,,,,,,,,,,,,,,,,,,,,,,,,,,,,,,,,,,,,,,,,,,,,,,,,,,,,,,,,,,,,,,,,,,,,,,,,,,,,,,,,,,,,,,,,,,,,,,,,,,,,,,,,,,,,,,,,,,,,,,,,,5.76434627113e-07,948.2105992314936,0.3792842396925974,v(onoise),,,,,,,,,,,
F6,1.0,7,100,1,DC,nomi,both,SWI1,f6_m1_c1_chain_s7_viac1dc0_d1p25_both_vdd3p3_e1,M1,C1,chain,1.25,0.0,1,3p3,,,,,,,,,,,,,,,,,,,,,,,,,,,,,,,,,,,,,,,,,,,,,,,,,,,,,,,,,,,,,,,,,,,,,,,,,,,,,,,,,,,,,,,,,,,,,,,,,,,,,,,,,,,,,,,,,,,,,,,,,,,,,,,,,,,,,,,,,,,,,,,,,,,,,,,,,,,,,,,,4.94224016109e-07,817.657035608294,0.3270628142433176,v(onoise),,,,,,,,,,,
F6,2.0,8,100,2,DC,nomi,both,SWI1,f6_m1_c1_chain_s8_viac1dc0_d1p25_both_vdd3p3_e1,M1,C1,chain,1.25,0.0,1,3p3,,,,,,,,,,,,,,,,,,,,,,,,,,,,,,,,,,,,,,,,,,,,,,,,,,,,,,,,,,,,,,,,,,,,,,,,,,,,,,,,,,,,,,,,,,,,,,,,,,,,,,,,,,,,,,,,,,,,,,,,,,,,,,,,,,,,,,,,,,,,,,,,,,,,,,,,,,,,,,,,4.65768476308e-07,772.1124034586302,0.3088449613834521,v(onoise),,,,,,,,,,,
F6,5.0,9,100,3,DC,nomi,both,SWI1,f6_m1_c1_chain_s9_viac1dc0_d1p25_both_vdd3p3_e1,M1,C1,chain,1.25,0.0,1,3p3,,,,,,,,,,,,,,,,,,,,,,,,,,,,,,,,,,,,,,,,,,,,,,,,,,,,,,,,,,,,,,,,,,,,,,,,,,,,,,,,,,,,,,,,,,,,,,,,,,,,,,,,,,,,,,,,,,,,,,,,,,,,,,,,,,,,,,,,,,,,,,,,,,,,,,,,,,,,,,,,4.536804446e-07,752.4835900729976,0.30099343602919904,v(onoise),,,,,,,,,,,
F6,0.005,0,1,0,DC,nomi,both,SWI1,f6_m2_c0_chain_s0_viac1dc0_d1p25_both_vdd3p3_e1,M2,C0,chain,1.25,0.0,1,3p3,,,,,,,,,,,,,,,,,,,,,,,,,,,,,,,,,,,,,,,,,,,,,,,,,,,,,,,,,,,,,,,,,,,,,,,,,,,,,,,,,,,,,,,,,,,,,,,,,,,,,,,,,,,,,,,,,,,,,,,,,,,,,,,,,,,,,,,,,,,,,,,,,,,,,,,,,,,,,,,,5.72213877261e-07,965.0590002768116,0.3860236001107247,v(onoise),,,,,,,,,,,
F6,10.0,10,100,4,DC,nomi,both,SWI1,f6_m2_c0_chain_s10_viac1dc0_d1p25_both_vdd3p3_e1,M2,C0,chain,1.25,0.0,1,3p3,,,,,,,,,,,,,,,,,,,,,,,,,,,,,,,,,,,,,,,,,,,,,,,,,,,,,,,,,,,,,,,,,,,,,,,,,,,,,,,,,,,,,,,,,,,,,,,,,,,,,,,,,,,,,,,,,,,,,,,,,,,,,,,,,,,,,,,,,,,,,,,,,,,,,,,,,,,,,,,,4.50604372543e-07,758.6782767131597,0.3034713106852639,v(onoise),,,,,,,,,,,
F6,20.0,11,100,5,DC,nomi,both,SWI1,f6_m2_c0_chain_s11_viac1dc0_d1p25_both_vdd3p3_e1,M2,C0,chain,1.25,0.0,1,3p3,,,,,,,,,,,,,,,,,,,,,,,,,,,,,,,,,,,,,,,,,,,,,,,,,,,,,,,,,,,,,,,,,,,,,,,,,,,,,,,,,,,,,,,,,,,,,,,,,,,,,,,,,,,,,,,,,,,,,,,,,,,,,,,,,,,,,,,,,,,,,,,,,,,,,,,,,,,,,,,,4.49236457305e-07,756.3727765972079,0.3025491106388832,v(onoise),,,,,,,,,,,
F6,0.01,1,1,1,DC,nomi,both,SWI1,f6_m2_c0_chain_s1_viac1dc0_d1p25_both_vdd3p3_e1,M2,C0,chain,1.25,0.0,1,3p3,,,,,,,,,,,,,,,,,,,,,,,,,,,,,,,,,,,,,,,,,,,,,,,,,,,,,,,,,,,,,,,,,,,,,,,,,,,,,,,,,,,,,,,,,,,,,,,,,,,,,,,,,,,,,,,,,,,,,,,,,,,,,,,,,,,,,,,,,,,,,,,,,,,,,,,,,,,,,,,,4.93013901989e-07,830.7531927398612,0.3323012770959445,v(onoise),,,,,,,,,,,
F6,0.02,2,1,2,DC,nomi,both,SWI1,f6_m2_c0_chain_s2_viac1dc0_d1p25_both_vdd3p3_e1,M2,C0,chain,1.25,0.0,1,3p3,,,,,,,,,,,,,,,,,,,,,,,,,,,,,,,,,,,,,,,,,,,,,,,,,,,,,,,,,,,,,,,,,,,,,,,,,,,,,,,,,,,,,,,,,,,,,,,,,,,,,,,,,,,,,,,,,,,,,,,,,,,,,,,,,,,,,,,,,,,,,,,,,,,,,,,,,,,,,,,,4.65464057147e-07,783.9842271152211,0.31359369084608846,v(onoise),,,,,,,,,,,
F6,0.05,3,1,3,DC,nomi,both,SWI1,f6_m2_c0_chain_s3_viac1dc0_d1p25_both_vdd3p3_e1,M2,C0,chain,1.25,0.0,1,3p3,,,,,,,,,,,,,,,,,,,,,,,,,,,,,,,,,,,,,,,,,,,,,,,,,,,,,,,,,,,,,,,,,,,,,,,,,,,,,,,,,,,,,,,,,,,,,,,,,,,,,,,,,,,,,,,,,,,,,,,,,,,,,,,,,,,,,,,,,,,,,,,,,,,,,,,,,,,,,,,,4.53650071029e-07,763.8942361241665,0.3055576944496666,v(onoise),,,,,,,,,,,
F6,0.1,4,1,4,DC,nomi,both,SWI1,f6_m2_c0_chain_s4_viac1dc0_d1p25_both_vdd3p3_e1,M2,C0,chain,1.25,0.0,1,3p3,,,,,,,,,,,,,,,,,,,,,,,,,,,,,,,,,,,,,,,,,,,,,,,,,,,,,,,,,,,,,,,,,,,,,,,,,,,,,,,,,,,,,,,,,,,,,,,,,,,,,,,,,,,,,,,,,,,,,,,,,,,,,,,,,,,,,,,,,,,,,,,,,,,,,,,,,,,,,,,,4.50590875846e-07,758.6868560654275,0.303474742426171,v(onoise),,,,,,,,,,,
F6,0.2,5,1,5,DC,nomi,both,SWI1,f6_m2_c0_chain_s5_viac1dc0_d1p25_both_vdd3p3_e1,M2,C0,chain,1.25,0.0,1,3p3,,,,,,,,,,,,,,,,,,,,,,,,,,,,,,,,,,,,,,,,,,,,,,,,,,,,,,,,,,,,,,,,,,,,,,,,,,,,,,,,,,,,,,,,,,,,,,,,,,,,,,,,,,,,,,,,,,,,,,,,,,,,,,,,,,,,,,,,,,,,,,,,,,,,,,,,,,,,,,,,4.49233072878e-07,756.3749280255872,0.3025499712102349,v(onoise),,,,,,,,,,,
F6,0.5,6,100,0,DC,nomi,both,SWI1,f6_m2_c0_chain_s6_viac1dc0_d1p25_both_vdd3p3_e1,M2,C0,chain,1.25,0.0,1,3p3,,,,,,,,,,,,,,,,,,,,,,,,,,,,,,,,,,,,,,,,,,,,,,,,,,,,,,,,,,,,,,,,,,,,,,,,,,,,,,,,,,,,,,,,,,,,,,,,,,,,,,,,,,,,,,,,,,,,,,,,,,,,,,,,,,,,,,,,,,,,,,,,,,,,,,,,,,,,,,,,5.76463923062e-07,962.347997307251,0.3849391989229004,v(onoise),,,,,,,,,,,
F6,1.0,7,100,1,DC,nomi,both,SWI1,f6_m2_c0_chain_s7_viac1dc0_d1p25_both_vdd3p3_e1,M2,C0,chain,1.25,0.0,1,3p3,,,,,,,,,,,,,,,,,,,,,,,,,,,,,,,,,,,,,,,,,,,,,,,,,,,,,,,,,,,,,,,,,,,,,,,,,,,,,,,,,,,,,,,,,,,,,,,,,,,,,,,,,,,,,,,,,,,,,,,,,,,,,,,,,,,,,,,,,,,,,,,,,,,,,,,,,,,,,,,,4.94249323535e-07,829.9674876541769,0.3319869950616708,v(onoise),,,,,,,,,,,
F6,2.0,8,100,2,DC,nomi,both,SWI1,f6_m2_c0_chain_s8_viac1dc0_d1p25_both_vdd3p3_e1,M2,C0,chain,1.25,0.0,1,3p3,,,,,,,,,,,,,,,,,,,,,,,,,,,,,,,,,,,,,,,,,,,,,,,,,,,,,,,,,,,,,,,,,,,,,,,,,,,,,,,,,,,,,,,,,,,,,,,,,,,,,,,,,,,,,,,,,,,,,,,,,,,,,,,,,,,,,,,,,,,,,,,,,,,,,,,,,,,,,,,,4.65792411584e-07,783.7755263099954,0.31351021052399813,v(onoise),,,,,,,,,,,
F6,5.0,9,100,3,DC,nomi,both,SWI1,f6_m2_c0_chain_s9_viac1dc0_d1p25_both_vdd3p3_e1,M2,C0,chain,1.25,0.0,1,3p3,,,,,,,,,,,,,,,,,,,,,,,,,,,,,,,,,,,,,,,,,,,,,,,,,,,,,,,,,,,,,,,,,,,,,,,,,,,,,,,,,,,,,,,,,,,,,,,,,,,,,,,,,,,,,,,,,,,,,,,,,,,,,,,,,,,,,,,,,,,,,,,,,,,,,,,,,,,,,,,,4.53703798641e-07,763.8600855117978,0.30554403420471915,v(onoise),,,,,,,,,,,
F6,0.005,0,1,0,DC,nomi,both,SWI1,f6_m2_c1_chain_s0_viac1dc0_d1p25_both_vdd3p3_e1,M2,C1,chain,1.25,0.0,1,3p3,,,,,,,,,,,,,,,,,,,,,,,,,,,,,,,,,,,,,,,,,,,,,,,,,,,,,,,,,,,,,,,,,,,,,,,,,,,,,,,,,,,,,,,,,,,,,,,,,,,,,,,,,,,,,,,,,,,,,,,,,,,,,,,,,,,,,,,,,,,,,,,,,,,,,,,,,,,,,,,,5.72185415259e-07,950.8753525281273,0.3803501410112509,v(onoise),,,,,,,,,,,
F6,10.0,10,100,4,DC,nomi,both,SWI1,f6_m2_c1_chain_s10_viac1dc0_d1p25_both_vdd3p3_e1,M2,C1,chain,1.25,0.0,1,3p3,,,,,,,,,,,,,,,,,,,,,,,,,,,,,,,,,,,,,,,,,,,,,,,,,,,,,,,,,,,,,,,,,,,,,,,,,,,,,,,,,,,,,,,,,,,,,,,,,,,,,,,,,,,,,,,,,,,,,,,,,,,,,,,,,,,,,,,,,,,,,,,,,,,,,,,,,,,,,,,,4.50581962213e-07,747.3811463056147,0.2989524585222459,v(onoise),,,,,,,,,,,
F6,20.0,11,100,5,DC,nomi,both,SWI1,f6_m2_c1_chain_s11_viac1dc0_d1p25_both_vdd3p3_e1,M2,C1,chain,1.25,0.0,1,3p3,,,,,,,,,,,,,,,,,,,,,,,,,,,,,,,,,,,,,,,,,,,,,,,,,,,,,,,,,,,,,,,,,,,,,,,,,,,,,,,,,,,,,,,,,,,,,,,,,,,,,,,,,,,,,,,,,,,,,,,,,,,,,,,,,,,,,,,,,,,,,,,,,,,,,,,,,,,,,,,,4.49214115052e-07,745.1101406170083,0.2980440562468033,v(onoise),,,,,,,,,,,
F6,0.01,1,1,1,DC,nomi,both,SWI1,f6_m2_c1_chain_s1_viac1dc0_d1p25_both_vdd3p3_e1,M2,C1,chain,1.25,0.0,1,3p3,,,,,,,,,,,,,,,,,,,,,,,,,,,,,,,,,,,,,,,,,,,,,,,,,,,,,,,,,,,,,,,,,,,,,,,,,,,,,,,,,,,,,,,,,,,,,,,,,,,,,,,,,,,,,,,,,,,,,,,,,,,,,,,,,,,,,,,,,,,,,,,,,,,,,,,,,,,,,,,,4.9298938114e-07,818.431431495452,0.3273725725981808,v(onoise),,,,,,,,,,,
F6,0.02,2,1,2,DC,nomi,both,SWI1,f6_m2_c1_chain_s2_viac1dc0_d1p25_both_vdd3p3_e1,M2,C1,chain,1.25,0.0,1,3p3,,,,,,,,,,,,,,,,,,,,,,,,,,,,,,,,,,,,,,,,,,,,,,,,,,,,,,,,,,,,,,,,,,,,,,,,,,,,,,,,,,,,,,,,,,,,,,,,,,,,,,,,,,,,,,,,,,,,,,,,,,,,,,,,,,,,,,,,,,,,,,,,,,,,,,,,,,,,,,,,4.65440907308e-07,772.3202010263354,0.30892808041053416,v(onoise),,,,,,,,,,,
F6,0.05,3,1,3,DC,nomi,both,SWI1,f6_m2_c1_chain_s3_viac1dc0_d1p25_both_vdd3p3_e1,M2,C1,chain,1.25,0.0,1,3p3,,,,,,,,,,,,,,,,,,,,,,,,,,,,,,,,,,,,,,,,,,,,,,,,,,,,,,,,,,,,,,,,,,,,,,,,,,,,,,,,,,,,,,,,,,,,,,,,,,,,,,,,,,,,,,,,,,,,,,,,,,,,,,,,,,,,,,,,,,,,,,,,,,,,,,,,,,,,,,,,4.53627509126e-07,752.5200013279191,0.30100800053116766,v(onoise),,,,,,,,,,,
F6,0.1,4,1,4,DC,nomi,both,SWI1,f6_m2_c1_chain_s4_viac1dc0_d1p25_both_vdd3p3_e1,M2,C1,chain,1.25,0.0,1,3p3,,,,,,,,,,,,,,,,,,,,,,,,,,,,,,,,,,,,,,,,,,,,,,,,,,,,,,,,,,,,,,,,,,,,,,,,,,,,,,,,,,,,,,,,,,,,,,,,,,,,,,,,,,,,,,,,,,,,,,,,,,,,,,,,,,,,,,,,,,,,,,,,,,,,,,,,,,,,,,,,4.50568466188e-07,747.3895737901656,0.29895582951606625,v(onoise),,,,,,,,,,,
F6,0.2,5,1,5,DC,nomi,both,SWI1,f6_m2_c1_chain_s5_viac1dc0_d1p25_both_vdd3p3_e1,M2,C1,chain,1.25,0.0,1,3p3,,,,,,,,,,,,,,,,,,,,,,,,,,,,,,,,,,,,,,,,,,,,,,,,,,,,,,,,,,,,,,,,,,,,,,,,,,,,,,,,,,,,,,,,,,,,,,,,,,,,,,,,,,,,,,,,,,,,,,,,,,,,,,,,,,,,,,,,,,,,,,,,,,,,,,,,,,,,,,,,4.49210730794e-07,745.1122539605047,0.29804490158420194,v(onoise),,,,,,,,,,,
F6,0.5,6,100,0,DC,nomi,both,SWI1,f6_m2_c1_chain_s6_viac1dc0_d1p25_both_vdd3p3_e1,M2,C1,chain,1.25,0.0,1,3p3,,,,,,,,,,,,,,,,,,,,,,,,,,,,,,,,,,,,,,,,,,,,,,,,,,,,,,,,,,,,,,,,,,,,,,,,,,,,,,,,,,,,,,,,,,,,,,,,,,,,,,,,,,,,,,,,,,,,,,,,,,,,,,,,,,,,,,,,,,,,,,,,,,,,,,,,,,,,,,,,5.76435249577e-07,948.2128753205316,0.3792851501282126,v(onoise),,,,,,,,,,,
F6,1.0,7,100,1,DC,nomi,both,SWI1,f6_m2_c1_chain_s7_viac1dc0_d1p25_both_vdd3p3_e1,M2,C1,chain,1.25,0.0,1,3p3,,,,,,,,,,,,,,,,,,,,,,,,,,,,,,,,,,,,,,,,,,,,,,,,,,,,,,,,,,,,,,,,,,,,,,,,,,,,,,,,,,,,,,,,,,,,,,,,,,,,,,,,,,,,,,,,,,,,,,,,,,,,,,,,,,,,,,,,,,,,,,,,,,,,,,,,,,,,,,,,4.94224741206e-07,817.6596732099105,0.3270638692839642,v(onoise),,,,,,,,,,,
F6,2.0,8,100,2,DC,nomi,both,SWI1,f6_m2_c1_chain_s8_viac1dc0_d1p25_both_vdd3p3_e1,M2,C1,chain,1.25,0.0,1,3p3,,,,,,,,,,,,,,,,,,,,,,,,,,,,,,,,,,,,,,,,,,,,,,,,,,,,,,,,,,,,,,,,,,,,,,,,,,,,,,,,,,,,,,,,,,,,,,,,,,,,,,,,,,,,,,,,,,,,,,,,,,,,,,,,,,,,,,,,,,,,,,,,,,,,,,,,,,,,,,,,4.65769245405e-07,772.1151960217555,0.3088460784087022,v(onoise),,,,,,,,,,,
F6,5.0,9,100,3,DC,nomi,both,SWI1,f6_m2_c1_chain_s9_viac1dc0_d1p25_both_vdd3p3_e1,M2,C1,chain,1.25,0.0,1,3p3,,,,,,,,,,,,,,,,,,,,,,,,,,,,,,,,,,,,,,,,,,,,,,,,,,,,,,,,,,,,,,,,,,,,,,,,,,,,,,,,,,,,,,,,,,,,,,,,,,,,,,,,,,,,,,,,,,,,,,,,,,,,,,,,,,,,,,,,,,,,,,,,,,,,,,,,,,,,,,,,4.53681234064e-07,752.4864552228654,0.30099458208914615,v(onoise),,,,,,,,,,,
F7,NA,0,NA,NA,DC,nomi,pos,SWI1,f7_m1_c1_iso_sna_vi1_d0p2_pos_vddramp_e1,M1,C1,iso,0.2,1,1,ramp,,-0.00916672773977859,0.47574404287550254,0.00916672773977859,0.42401168082555224,0.004918049567530499,0.15999311157770768,1.497770825779863e-06,-0.6950819504324695,0.33297283107151165,0.47682627720322535,5.242282321784233e-06,-0.2755473285674159,0.44322701310229845,0.0049180495675305,0.15999311157770768,-0.009166606353435403,0.47574421436798114,-0.00916672773977859,0.47574404287550254,5.000000152976048e-06,0.001004000418931729,0.0005874323988675121,4.4396197720046213e-13,2.28218141547779e-08,-4.9180495675305e-07,0.00023818578969289094,5.266162176582928e-05,,,,,,,,,,-0.00916672773978,0.475744042876,,,,,,,,,,,,,,,,,,,,,,,,,,,,,,,,,,,,,,,,,,,,,,,,,,,,,,,,,,,,,,,,,,,,,,,,,,,,,,,,,,,,,,,,,,,,,,,,,,,,,,,,,,,,,,,,,,,,,,,,,,,,,0.424011680826,0.0012,0.0,0.0,0.42401168082555224,,,,,,
F7,NA,0,NA,NA,DC,nomi,pos,SWI1,f7_m1_c1_iso_sna_vi1_d1p25_pos_vddramp_e1,M1,C1,iso,1.25,1,1,ramp,,-0.010509674924536763,0.6545158963810827,0.010509674924536763,0.42401168082555224,0.0049180495675304955,0.1666461506787624,2.420525944895615e-05,-0.6950819504324695,0.4244526714325841,0.7469578741464951,2.8944457239324436e-05,-0.2755473285674159,0.6199130984618927,0.0049180495675305,0.1666461506787624,-0.010509674926653334,0.6545159342281736,-0.010509674924536763,0.6545158963810827,5.000000152976048e-06,0.0010040004189353735,0.0005874620835994031,6.206480624983092e-13,2.1940514770173407e-05,-4.9180495675305e-07,0.00023767628304894258,6.498119865024067e-05,,,,,,,,,,-0.0105096749245,0.654515896381,,,,,,,,,,,,,,,,,,,,,,,,,,,,,,,,,,,,,,,,,,,,,,,,,,,,,,,,,,,,,,,,,,,,,,,,,,,,,,,,,,,,,,,,,,,,,,,,,,,,,,,,,,,,,,,,,,,,,,,,,,,,,0.424011680826,0.0012,0.0,0.0,0.42401168082555224,,,,,,
F7,NA,0,NA,NA,DC,nomi,pos,SWI1,f7_m1_c1_iso_sna_vi1_d2p3_pos_vddramp_e1,M1,C1,iso,2.3,1,1,ramp,,-0.010742095211279907,0.6969699781632902,0.010742095211279907,0.42401168082555224,0.004918049567530498,0.22051071488228768,0.00011127861886975365,-0.6950819504324695,0.4244526714325841,0.8778182155158343,0.00011747247597787069,-0.2755473285674159,0.6620734902926155,0.0049180495675305,0.22051071488228768,-0.010742095211029885,0.6969702648149512,-0.010742095211279907,0.6969699781632902,5.000000152976048e-06,0.0010040004189356857,0.0005874701584799063,6.628084542261055e-13,0.0001094249304449276,-4.9180495675305e-07,0.00023387313781216034,0.00018320817466860887,,,,,,,,,,-0.0107420952113,0.696969978163,,,,,,,,,,,,,,,,,,,,,,,,,,,,,,,,,,,,,,,,,,,,,,,,,,,,,,,,,,,,,,,,,,,,,,,,,,,,,,,,,,,,,,,,,,,,,,,,,,,,,,,,,,,,,,,,,,,,,,,,,,,,,0.424011680826,0.0012,0.0,0.0,0.42401168082555224,,,,,,
F7,NA,0,NA,NA,DC,nomi,pos,SWI1,f7_m1_c1_iso_sna_vi3p9_d0_pos_vddoff_e1_ref0,M1,C1,iso,0,3.9,1,off,,0.48484579326069077,0.48484579326069077,0.0,0.48484579326069077,0.3518491261087274,0.3518491261087274,0.00010246008012688216,-0.3481508738912726,1.0119299276384508,1.0119299276384508,0.00011054897498467539,0.31192992763845084,0.6600808015297235,0.3518491261087274,0.3518491261087274,0.48484579326069077,0.48484579326069077,0.48484579326069077,0.48484579326069077,-4.765798733322648e-05,-4.765798733322648e-05,-4.765798733322648e-05,6.608157651719765e-13,0.00010156892162383905,-3.518491261087274e-05,-3.518491261087274e-05,0.00012554961881370354,,,,,,,,,,,,,,,,,,,,,,,,,,,,,,,,,,,,,,,,,,,,,,,,,,,,,,,,,,,,,,,,,,,,,,,,,,,,,,,,,,,,,,,,,,,,,,,,,,,,,,,,,,,,,,,,,,,,,,,,,,,,,,,,,,,,,,,,,,,,,0,,,,,
F7,NA,0,NA,NA,DC,nomi,pos,SWI1,f7_m1_c1_iso_sna_vi3p9_d0_pos_vddoff_e1_ref2p5,M1,C1,iso,0,3.9,1,off,,0.4856261993302337,0.4856261993302337,0.0,0.4856261993302337,0.8500566454647491,0.8500566454647491,2.4596040071094883e-06,0.15005664546474917,1.32343462168265,1.32343462168265,9.677851715271279e-06,0.6234346216826501,0.4733779762179009,0.8500566454647491,0.8500566454647491,0.4856261993302337,0.4856261993302337,0.4856261993302337,0.4856261993302337,-7.873033496662417e-05,-7.873033496662417e-05,-7.873033496662417e-05,4.74112941831542e-13,7.378908864236634e-08,0.00016499433545352508,0.00016499433545352508,0.00016419784388122208,,,,,,,,,,,,,,,,,,,,,,,,,,,,,,,,,,,,,,,,,,,,,,,,,,,,,,,,,,,,,,,,,,,,,,,,,,,,,,,,,,,,,,,,,,,,,,,,,,,,,,,,,,,,,,,,,,,,,,,,,,,,,,,,,,,,,,,,,,,,,2.5,,,,,
F7,NA,0,NA,NA,DC,nomi,neg,SWI1,f7_m1_c1_iso_sna_vin1_d0p2_neg_vddramp_e1,M1,C1,iso,0.2,-1,1,ramp,,-0.4293938848450989,1.2437363625883366,0.4293938848450989,0.0,-0.009324663103630755,0.14758190057905182,2.735488607672978e-06,-0.6906753368963692,-0.42984047317992874,0.1475969793628125,3.6412103274411786e-06,-0.2701595268200712,0.420515810076298,-0.009324663103630748,0.14758190057905182,-0.4293938848450989,1.2437582196840802,-0.4293938848450989,1.2437363625883366,5.000043960574358e-06,0.0010041103527805902,0.0005875444632880181,9.428985138754364e-09,4.212507729792203e-13,9.324663103630749e-07,0.00023947877956845842,5.9011246415611374e-05,,,,,,,,,,-0.429393884845,1.24373636259,,,,,,,,,,,,,,,,,,,,,,,,,,,,,,,,,,,,,,,,,,,,,,,,,,,,,,,,,,,,,,,,,,,,,,,,,,,,,,,,,,,,,,,,,,,,,,,,,,,,,,,,,,,,,,,,,,,,,,,,,,,,,-0.429393884845,0.0012,0.0,0.0,-0.4293938848450989,,,,,,
F7,NA,0,NA,NA,DC,nomi,neg,SWI1,f7_m1_c1_iso_sna_vin1_d1p25_neg_vddramp_e1,M1,C1,iso,1.25,-1,1,ramp,,-0.4293938848450989,0.29562390426976853,0.4293938848450989,0.0,-0.009324663103630755,0.14791502906310897,2.715384685818294e-06,-0.6906753368963692,-0.42984047317992874,0.16424176925287975,3.6412103274411786e-06,-0.2701595268200712,0.420515810076298,-0.009324663103630748,0.14791502906310897,-0.4293938848450989,0.2956263408419651,-0.4293938848450989,0.29562390426976853,5.00003087991846e-06,0.0010040107473934428,0.0005875174314635561,9.428985138754364e-09,4.212507729792203e-13,9.324663103630749e-07,0.00023944717618212962,0.0001348760656119879,,,,,,,,,,-0.429393884845,0.29562390427,,,,,,,,,,,,,,,,,,,,,,,,,,,,,,,,,,,,,,,,,,,,,,,,,,,,,,,,,,,,,,,,,,,,,,,,,,,,,,,,,,,,,,,,,,,,,,,,,,,,,,,,,,,,,,,,,,,,,,,,,,,,,-0.429393884845,0.0012,0.0,0.0,-0.4293938848450989,,,,,,
F7,NA,0,NA,NA,DC,nomi,neg,SWI1,f7_m1_c1_iso_sna_vin1_d2p3_neg_vddramp_e1,M1,C1,iso,2.3,-1,1,ramp,,-0.4293938848450989,0.1630137474986376,0.4293938848450989,0.0,-0.009324663103630748,0.14915052454745073,2.715384685818294e-06,-0.6906753368963692,-0.42984047317992874,0.5523288769630602,5.629377070165734e-06,-0.2701595268200712,0.44510133953833353,-0.009324663103630748,0.14915052454745073,-0.4293938848450989,0.1630140996768057,-0.4293938848450989,0.1630137474986376,5.000016690793556e-06,0.00100400041893421,0.0005873551303246763,9.428985138754364e-09,2.4548894967237143e-08,9.324663103630749e-07,0.0002393562370016947,0.000216931031758277,,,,,,,,,,-0.429393884845,0.163013747499,,,,,,,,,,,,,,,,,,,,,,,,,,,,,,,,,,,,,,,,,,,,,,,,,,,,,,,,,,,,,,,,,,,,,,,,,,,,,,,,,,,,,,,,,,,,,,,,,,,,,,,,,,,,,,,,,,,,,,,,,,,,,-0.429393884845,0.0012,0.0,0.0,-0.4293938848450989,,,,,,
F7,NA,0,NA,NA,DC,nomi,neg,SWI1,f7_m1_c1_iso_sna_vin3p9_d0_neg_vddoff_e1_ref0,M1,C1,iso,0,-3.9,1,off,,-0.48485846560738494,-0.48485846560738494,0.48485846560738494,0.0,-0.3559261429050883,-0.3559261429050883,0.00010364732612704614,-0.3440738570949117,-1.0159826766718458,-1.0159826766718458,0.00010923686995194677,0.3159826766718459,0.6600565337667575,-0.3559261429050883,-0.3559261429050883,-0.48485846560738494,-0.48485846560738494,-0.48485846560738494,-0.48485846560738494,5.000050456736339e-06,5.000050456736339e-06,5.000050456736339e-06,0.00010147667412028083,6.607914953063454e-13,3.559261429050883e-05,3.559261429050883e-05,0.00012605244127442255,,,,,,,,,,,,,,,,,,,,,,,,,,,,,,,,,,,,,,,,,,,,,,,,,,,,,,,,,,,,,,,,,,,,,,,,,,,,,,,,,,,,,,,,,,,,,,,,,,,,,,,,,,,,,,,,,,,,,,,,,,,,,,,,,,,,,,,,,,,,,0,,,,,
F7,NA,0,NA,NA,DC,nomi,neg,SWI1,f7_m1_c1_iso_sna_vin3p9_d0_neg_vddoff_e1_ref2p5,M1,C1,iso,0,-3.9,1,off,,-0.48276108126322714,-0.48276108126322714,0.48276108126322714,0.0,0.055933981174913494,0.055933981174913494,0.00023371176800585208,-0.6440660188250864,-0.6263540781199692,-0.6263540781199692,0.00023529386841796544,-0.07364592188003072,0.6822880592948828,0.055933981174913494,0.055933981174913494,-0.48276108126322714,-0.48276108126322714,-0.48276108126322714,-0.48276108126322714,5.000050242802385e-06,5.000050242802385e-06,5.000050242802385e-06,0.00022937065785400064,6.830230229060847e-13,0.00024440660188250864,0.00024440660188250864,7.771142408436341e-05,,,,,,,,,,,,,,,,,,,,,,,,,,,,,,,,,,,,,,,,,,,,,,,,,,,,,,,,,,,,,,,,,,,,,,,,,,,,,,,,,,,,,,,,,,,,,,,,,,,,,,,,,,,,,,,,,,,,,,,,,,,,,,,,,,,,,,,,,,,,,2.5,,,,,
F7,NA,0,NA,NA,DC,nomi,pos,SWI1,f7_m2_c1_iso_sna_vi1_d0p2_pos_vddramp_e1,M2,C1,iso,0.2,1,1,ramp,,-0.00914907976675163,1.523552203596025,0.00914907976675163,0.42362240892962283,-0.01172987756174518,0.840380981072079,4.851846991303643e-06,-0.6882701224382548,0.33286489252711354,0.8403978089286605,5.555486220317307e-06,-0.2759370053230643,0.48678699166226974,-0.01172987756174466,0.8403809810720624,-0.009149262428571179,1.5235545516431044,-0.00914907976675163,1.523552203596025,5.000000153754592e-06,0.0010040687656142138,0.0005886824835470863,4.875219557718411e-13,1.2434878764643e-07,2.3540469181227484e-07,0.00016581863319663779,7.945382244772462e-05,,,,,,,,,,-0.00914907976675,1.5235522036,,,,,,,,,,,,,,,,,,,,,,,-0.011837204051782013,0.840380980875068,4.851845813953759e-06,-0.6881627959482179,-0.0029003553330454093,0.8403980440028856,4.8221017789795295e-06,-0.6970996446669545,0.3335808284806386,-0.011837204051781791,0.8403809808750478,-0.008246139369468263,1.2208258084282153,-0.008246224141803772,1.2208234603806911,5.000001063680528e-06,0.0010040384921085122,0.0005886753548191413,-0.011837204051782046,0.8403809808750353,4.851845813953759e-06,-0.6881627959482179,-0.0029003553330454093,0.8403980440028646,4.822101778979391e-06,-0.6970996446669545,0.3335808284806387,-0.011837204051781791,0.8403809808750479,-0.00824613936946826,1.2208258084281536,-0.008246224141803763,1.2208234603806294,5.000001063680528e-06,0.0010040384921085122,0.0005886753548191413,5.000002205618819e-06,0.0010099202120827004,0.02575741860287977,0.4219139041720961,4.859996861332483e-06,-0.6976459530818772,4.830248977861361e-06,-0.6881900478198688,3.3431579089148375e-13,3.201806214093734e-10,3.3431579089148375e-13,3.201806214093734e-10,,,,,,,,,,,,,,,,,,,,,,,,,,,,,,,,,,,,,,,,,,,,,,,,,,,,,,,0.42362240893,0.0012,0.0,0.0,0.42362240892962283,,,,,,
F7,NA,0,NA,NA,DC,nomi,pos,SWI1,f7_m2_c1_iso_sna_vi1_d1p25_pos_vddramp_e1,M2,C1,iso,1.25,1,1,ramp,,-0.010240145729244657,0.6178680497190697,0.010240145729244657,0.42362240892962244,-0.011729877561752842,0.8403810314665696,3.309749634966578e-05,-0.6882701224382471,0.42406299467693526,0.8403988713556542,3.741844971255581e-05,-0.2759370053230647,0.6285119783198387,-0.011729877561752575,0.8403810314665818,-0.010240349692635943,0.6178682226667661,-0.010240145729244657,0.6178680497190697,5.000000153754592e-06,0.0010040004187697636,0.0005880661759004617,6.29246942434312e-13,3.055912867309599e-05,2.3540469181228673e-07,0.00016581863319666812,5.641971232144715e-05,,,,,,,,,,-0.0102401457292,0.617868049719,,,,,,,,,,,,,,,,,,,,,,,-0.011837204051790071,0.8403809838980493,4.85184582900422e-06,-0.6881627959482098,-0.002900355333045578,0.8403980470265633,4.822101794031374e-06,-0.6970996446669544,0.3326435451552311,-0.011837204051789705,0.8403809838980447,-0.008235947889125628,1.2208258183782918,-0.008235518526799955,1.2208234703367025,5.000001063680528e-06,0.0010040384921091176,0.0005880782985417947,-0.011837204051790007,0.8403809838980578,4.851845829018098e-06,-0.68816279594821,-0.002900355333045578,0.840398047026536,4.822101794029274e-06,-0.6970996446669544,0.3326435451552311,-0.011837204051789705,0.8403809838980448,-0.00823594788912563,1.2208258183781766,-0.008235518526799964,1.2208234703365606,5.000001063680528e-06,0.0010040384921091178,0.0005880782985417947,5.000002205618819e-06,0.0010099034314152795,0.025675574180348073,0.4206126326061275,4.859996861425537e-06,-0.697645953081877,4.83024897766221e-06,-0.6881900478198609,3.3337850751543577e-13,3.0872169457895995e-10,3.3337850751543577e-13,3.0872169457895995e-10,,,,,,,,,,,,,,,,,,,,,,,,,,,,,,,,,,,,,,,,,,,,,,,,,,,,,,,0.42362240893,0.0012,0.0,0.0,0.42362240892962244,,,,,,
F7,NA,0,NA,NA,DC,nomi,pos,SWI1,f7_m2_c1_iso_sna_vi1_d2p3_pos_vddramp_e1,M2,C1,iso,2.3,1,1,ramp,,-0.010730293409148129,0.6504043813462121,0.010730293409148129,0.4236224089296198,-0.011729877561749695,0.8404622052753815,8.983935077697373e-05,-0.6882701224382503,0.4240629946769326,1.1616746565263365,9.434876001353411e-05,-0.27593700532306736,0.6560147668043254,-0.011729877561749676,0.8404622052753762,-0.010730197999415932,0.6504044725750644,-0.010730293409148129,0.6504043813462121,5.000000153754592e-06,0.0010040004189323815,0.0005881790308693456,6.567497309347667e-13,8.718894396169301e-05,2.3540469181227874e-07,0.00016581863319654192,0.00014133127966580857,,,,,,,,,,-0.0107302934091,0.650404381346,,,,,,,,,,,,,,,,,,,,,,,-0.01183720405178728,0.8403809921954304,4.851845870301047e-06,-0.6881627959482127,-0.002900355333045516,0.8403980553257816,4.822101835354283e-06,-0.6970996446669544,0.3300766804113368,-0.01183720405178681,0.8403809921954544,-0.008207449446319801,1.220825845688702,-0.00820725733047646,1.220823497663079,5.000001063680528e-06,0.0010040384921107836,0.0005881911613787854,-0.01183720405178728,0.8403809921954304,4.851845870301047e-06,-0.6881627959482127,-0.002900355333045516,0.8403980553257816,4.822101835354283e-06,-0.6970996446669544,0.3300766804113368,-0.01183720405178681,0.8403809921954544,-0.008207449446319801,1.220825845688702,-0.00820725733047646,1.220823497663079,5.000001063680528e-06,0.0010040384921107836,0.0005881911613787854,5.000002205618819e-06,0.0010098604473590413,0.025465838117164675,0.4174010306107599,4.859996861054927e-06,-0.6976459530818772,4.830248978431466e-06,-0.6881900478198638,3.30811642693747e-13,2.7939798485064355e-10,3.30811642693747e-13,2.7939798485064355e-10,,,,,,,,,,,,,,,,,,,,,,,,,,,,,,,,,,,,,,,,,,,,,,,,,,,,,,,0.42362240893,0.0012,0.0,0.0,0.4236224089296198,,,,,,
F7,NA,0,NA,NA,DC,nomi,pos,SWI1,f7_m2_c1_iso_sna_vi3p9_d0_pos_vddoff_e1_ref0,M2,C1,iso,0,3.9,1,off,,0.4851937730951419,0.4851937730951419,0.0,0.4851937730951419,0.48765167219190664,0.48765167219190664,6.151879254290217e-05,-0.21234832780809332,1.1343875710372944,1.1343875710372944,7.089898828353243e-05,0.4343875710372944,0.6467358988453877,0.48765167219190664,0.48765167219190664,0.4851937730951419,0.4851937730951419,0.4851937730951419,0.4851937730951419,-5.986891749894397e-05,-5.986891749894397e-05,-5.986891749894397e-05,6.474708627319387e-13,6.137337124974168e-05,-6.183903864987124e-07,-6.183903864987124e-07,0.00014074287481852287,,,,,,,,,,,,,,,,,,,,,,,,,,,,,,,,,,0.4843056691627847,0.4843056691627847,5.535376377377635e-06,-0.21569433083721523,0.008045647637099355,0.008045647637099355,1.8036199864562054e-06,-0.6919543523629006,0.47626002152568536,0.4843056691627847,0.4843056691627847,0.008037288507774817,0.008037288507774817,0.008037288507774817,0.008037288507774817,5.000000984924833e-06,5.000000984924833e-06,5.000000984924833e-06,0.4843056691627849,0.4843056691627849,5.535376377374119e-06,-0.21569433083721506,0.008045647637099166,0.008045647637099166,1.8036199864561629e-06,-0.6919543523629008,0.47626002152568575,0.4843056691627849,0.4843056691627849,0.008037288507774628,0.008037288507774628,0.008037288507774628,0.008037288507774628,5.000000984924833e-06,5.000000984924833e-06,5.000000984924833e-06,-3.9873031199030477e-05,-3.9873031199030477e-05,5.044803978814882e-05,0.47839798057902877,1.8007811828633404e-06,-0.6938160961350128,5.524609931713527e-06,-0.21541811555598406,8.254808151677163e-08,4.769949856647284e-13,8.254808151677705e-08,4.769949856647284e-13,,,,,,,,,,,,,,,,,,,,,,,,,,,,,,,,,,,,,,,,,,,,,,,,,,,,,,,,,,,,0,,,,,
F7,NA,0,NA,NA,DC,nomi,pos,SWI1,f7_m2_c1_iso_sna_vi3p9_d0_pos_vddoff_e1_ref2p5,M2,C1,iso,0,3.9,1,off,,0.48519410106888267,0.48519410106888267,0.0,0.48519410106888267,0.4877965355275714,0.4877965355275714,6.147631017546735e-05,-0.21220346447242855,1.134514568072491,1.134514568072491,7.085786521788741e-05,0.4345145680724911,0.6467180325449197,0.4877965355275714,0.4877965355275714,0.48519410106888267,0.48519410106888267,0.48519410106888267,0.48519410106888267,-5.988158437097953e-05,-5.988158437097953e-05,-5.988158437097953e-05,6.474529977906415e-13,6.133170253045132e-05,0.00016641129665890387,0.00016641129665890387,0.0001407586312745026,,,,,,,,,,,,,,,,,,,,,,,,,,,,,,,,,,0.48445255754435884,0.48445255754435884,5.537276662459533e-06,-0.21554744245564111,0.00805073480399845,0.00805073480399845,1.804760393830204e-06,-0.6919492651960015,0.4764018227403604,0.48445255754435884,0.48445255754435884,0.00804237038929591,0.00804237038929591,0.00804237038929591,0.00804237038929591,5.000000984914669e-06,5.000000984914669e-06,5.000000984914669e-06,0.48445255754435906,0.48445255754435906,5.537276662455574e-06,-0.2155474424556409,0.008050734803998125,0.008050734803998125,1.8047603938301313e-06,-0.6919492651960019,0.4764018227403609,0.48445255754435906,0.48445255754435906,0.008042370389295587,0.008042370389295587,0.008042370389295587,0.008042370389295587,5.000000984914669e-06,5.000000984914669e-06,5.000000984914669e-06,-4.406412386163272e-05,-4.406412386163272e-05,5.040175685055064e-05,0.35115816576114567,6.585860060248638e-06,0.1358870334109613,1.2872190449139521e-06,-0.21527113235018436,8.300491865058921e-08,4.771367868575051e-13,8.30049186505865e-08,4.771367868575051e-13,,,,,,,,,,,,,,,,,,,,,,,,,,,,,,,,,,,,,,,,,,,,,,,,,,,,,,,,,,,,2.5,,,,,
F7,NA,0,NA,NA,DC,nomi,neg,SWI1,f7_m2_c1_iso_sna_vin1_d0p2_neg_vddramp_e1,M2,C1,iso,0.2,-1,1,ramp,,-0.4317912794096064,3.2775303723905007,0.4317912794096064,0.0,-0.11986492487941934,0.8403632802595326,5.219915436092265e-06,-0.5801350751205806,-0.4322403611391555,0.7667529980220418,4.2932106589233914e-06,-0.2677596388608445,0.31237543625973896,-0.11986492487941655,0.8403632802595291,-0.4317912794096064,3.277530416682703,-0.4317912794096064,3.2775303723905007,5.000044214857549e-06,0.0010042528098471257,0.000588459998087673,1.4043108848498616e-10,3.131103991534101e-13,4.1464255496501655e-07,0.0001658186331947999,7.031674913424835e-05,,,,,,,,,,-0.43179127941,3.27753037239,,,,,,,,,,,,,,,,,,,,,,,-0.11975842559813543,0.8403806666904075,4.851844250277487e-06,-0.5802415744018645,-0.005204657760244644,0.8403977297492211,4.822100214258854e-06,-0.6947953422397554,0.43912206073482174,-0.11975842559813214,0.8403806666903934,-0.009141909155522888,1.2208247743066651,-0.009141946491860273,1.220822425648294,5.000001092015385e-06,0.0010040384920455185,0.0005883496107614047,-0.11975842559813663,0.8403806666903917,4.851844250274018e-06,-0.5802415744018633,-0.005204657760244645,0.8403977297492267,4.822100214258001e-06,-0.6947953422397554,0.43912206073481774,-0.11975842559813217,0.8403806666903935,-0.009141909155522881,1.2208247743066944,-0.00914194649186027,1.2208224256483675,5.000001092015385e-06,0.001004038492045518,0.0005883496107614048,5.000013219056359e-06,0.0010111977050304324,0.03206969187746551,0.5250448577239005,5.858842677935322e-06,-0.6958535744503498,4.830248988825929e-06,-0.5802155485003572,4.398570246368864e-13,1.9451993524399334e-08,4.398570246368864e-13,1.9451993524393914e-08,,,,,,,,,,,,,,,,,,,,,,,,,,,,,,,,,,,,,,,,,,,,,,,,,,,,,,,-0.019034953389,0.0012,0.0006696682401870388,2.209905192617228,2.1908702392281945,,,,,,
F7,NA,0,NA,NA,DC,nomi,neg,SWI1,f7_m2_c1_iso_sna_vin1_d1p25_neg_vddramp_e1,M2,C1,iso,1.25,-1,1,ramp,,-0.4317912794096051,2.22081982981972,0.4317912794096051,0.0,-0.11986492487937822,0.8403806662366842,4.851848130940639e-06,-0.5801350751206218,-0.4322403611391542,0.840396952710088,4.822092446145214e-06,-0.26775963886084575,0.3123754362597773,-0.11986492487937689,0.8403806662366523,-0.4317912794096051,2.220822178478771,-0.4317912794096051,2.22081982981972,5.0000311361748715e-06,0.0010041384938716444,0.0005887704981951792,1.4043108848566378e-10,3.131103991534101e-13,4.146425549649491e-07,0.0001658186331948004,8.978693018709438e-05,,,,,,,,,,-0.43179127941,2.22081982982,,,,,,,,,,,,,,,,,,,,,,,-0.11975842559809585,0.8403806669032301,4.851844251332199e-06,-0.580241574401904,-0.0052046577602437505,0.840397729962088,4.822100215319789e-06,-0.6947953422397563,0.4390424802334516,-0.11975842559809252,0.8403806669032309,-0.009141598423993733,1.220824775007158,-0.009141574205983317,1.2208224263491636,5.000001092015384e-06,0.0010040384920455617,0.0005887157314125707,-0.1197584255980928,0.8403806669032292,4.851844251332199e-06,-0.5802415744019072,-0.0052046577602437505,0.8403977299620952,4.822100215319477e-06,-0.6947953422397563,0.43904248023344733,-0.11975842559809252,0.840380666903231,-0.00914159842399373,1.220824775007186,-0.009141574205983313,1.220822426349208,5.000001092015384e-06,0.0010040384920455615,0.0005887157314125707,5.000013219056358e-06,0.0010111966285422963,0.03206520236728203,0.5249508178370952,5.856401551326626e-06,-0.6958535744503505,4.830248988819952e-06,-0.5802155485003968,4.397774448750523e-13,1.9391837695152942e-08,4.397774448750523e-13,1.939183769515023e-08,,,,,,,,,,,,,,,,,,,,,,,,,,,,,,,,,,,,,,,,,,,,,,,,,,,,,,,-0.43179127941,0.0012,0.0,0.0,-0.4317912794096051,,,,,,
F7,NA,0,NA,NA,DC,nomi,neg,SWI1,f7_m2_c1_iso_sna_vin1_d2p3_neg_vddramp_e1,M2,C1,iso,2.3,-1,1,ramp,,-0.43179127940960665,0.9180936842544141,0.43179127940960665,0.0,-0.1198649248793964,0.8403806670422123,4.851843075654588e-06,-0.5801350751206036,-0.43224036113915576,0.8403979653766044,4.822102568759422e-06,-0.2677596388608442,0.31237543625976333,-0.11986492487939245,0.8403806670421877,-0.43179127940960665,0.9180960329122119,-0.43179127940960665,0.9180936842544141,5.000016948642385e-06,0.0010040236566238026,0.0005897377022330323,1.4043108848498616e-10,5.115990518321425e-11,4.1464255496497404e-07,0.00016581863319480207,0.00018669392593320656,,,,,,,,,,-0.43179127941,0.918093684254,,,,,,,,,,,,,,,,,,,,,,,-0.11975842559811048,0.8403806671853999,4.851844252733856e-06,-0.5802415744018895,-0.005204657760244102,0.8403977302443335,4.822100216716155e-06,-0.6947953422397558,0.4389629047060266,-0.11975842559810808,0.8403806671853943,-0.009141049470700156,1.2208247759358928,-0.009140744197251388,1.2208224272784842,5.000001092015384e-06,0.0010040384920456176,0.0005897438170757306,-0.11975842559811048,0.8403806671853999,4.851844252733856e-06,-0.5802415744018895,-0.005204657760244102,0.8403977302443335,4.822100216716155e-06,-0.6947953422397558,0.4389629047060266,-0.11975842559810808,0.8403806671853943,-0.009141049470700156,1.2208247759358928,-0.009140744197251388,1.2208224272784842,5.000001092015384e-06,0.0010040384920456176,0.0005897438170757306,5.000013219056358e-06,0.0010111952364686581,0.03205906837080762,0.5248567605435537,5.853967867022747e-06,-0.6958535744503502,4.8302489888120515e-06,-0.5802155485003813,4.3969786917897637e-13,1.9331871644210295e-08,4.3969786917897637e-13,1.9331871644210295e-08,,,,,,,,,,,,,,,,,,,,,,,,,,,,,,,,,,,,,,,,,,,,,,,,,,,,,,,-0.43179127941,0.0012,0.0,0.0,-0.43179127940960665,,,,,,
F7,NA,0,NA,NA,DC,nomi,neg,SWI1,f7_m2_c1_iso_sna_vin3p9_d0_neg_vddoff_e1_ref0,M2,C1,iso,0,-3.9,1,off,,-0.4851957102808393,-0.4851957102808393,0.4851957102808393,0.0,-0.4879806040936578,-0.4879806040936578,6.381039250210914e-05,-0.21201939590634217,-1.1351380172984729,-1.1351380172984729,7.065598527329346e-05,0.4351380172984729,0.647157413204815,-0.4879806040936578,-0.4879806040936578,-0.4851957102808393,-0.4851957102808393,-0.4851957102808393,-0.4851957102808393,5.000050491135416e-06,5.000050491135416e-06,5.000050491135416e-06,6.236450837108189e-05,6.478923734315467e-13,1.0459921272482702e-06,1.0459921272482702e-06,0.0001408359822950959,,,,,,,,,,,,,,,,,,,,,,,,,,,,,,,,,,-0.48458700993208487,-0.48458700993208487,4.197506527408081e-06,-0.2154129900679151,-0.013285014148863553,-0.013285014148863553,2.9781464614621257e-06,-0.6867149858511364,0.4713019957832213,-0.48458700993208487,-0.48458700993208487,-0.01327121151047998,-0.01327121151047998,-0.01327121151047998,-0.01327121151047998,5.000002354667793e-06,5.000002354667793e-06,5.000002354667793e-06,-0.48458700993208487,-0.48458700993208487,4.197506527407622e-06,-0.2154129900679151,-0.013285014148863548,-0.013285014148863548,2.978146461462125e-06,-0.6867149858511364,0.4713019957832213,-0.48458700993208487,-0.48458700993208487,-0.013271211510479976,-0.013271211510479976,-0.013271211510479976,-0.013271211510479976,5.000002354667793e-06,5.000002354667793e-06,5.000002354667793e-06,5.000050450412307e-06,5.000050450412307e-06,5.5415379447291835e-05,0.47433654423531985,3.045977074185688e-06,-0.6895400787275172,4.252258954268762e-06,-0.21520353449219742,4.720369603007646e-13,6.80615819839528e-08,4.720369603007646e-13,6.806158198395297e-08,,,,,,,,,,,,,,,,,,,,,,,,,,,,,,,,,,,,,,,,,,,,,,,,,,,,,,,,,,,,0,,,,,
F7,NA,0,NA,NA,DC,nomi,neg,SWI1,f7_m2_c1_iso_sna_vin3p9_d0_neg_vddoff_e1_ref2p5,M2,C1,iso,0,-3.9,1,off,,-0.4845662277799598,-0.4845662277799598,0.4845662277799598,0.0,-0.26286347030878393,-0.26286347030878393,0.0001325289537853581,-0.437136529691216,-0.9295403295500837,-0.9295403295500837,0.00013722097255655446,0.22954032955008374,0.6666768592412997,-0.26286347030878393,-0.26286347030878393,-0.4845662277799598,-0.4845662277799598,-0.4845662277799598,-0.4845662277799598,5.0000504269279756e-06,5.0000504269279756e-06,5.0000504269279756e-06,0.0001298598868115009,6.674118235069221e-13,0.00020906513790586414,0.00020906513790586414,0.00011532758431142477,,,,,,,,,,,,,,,,,,,,,,,,,,,,,,,,,,-0.25615691283590014,-0.25615691283590014,1.8709955710311675e-06,-0.4438430871640998,-0.00811704676071219,-0.00811704676071219,1.8196257691091738e-06,-0.6918829532392877,0.24803986607518796,-0.25615691283590014,-0.25615691283590014,-0.00810861344908226,-0.00810861344908226,-0.00810861344908226,-0.00810861344908226,5.000001828080944e-06,5.000001828080944e-06,5.000001828080944e-06,-0.25615691283590014,-0.25615691283590014,1.8709955710311675e-06,-0.4438430871640998,-0.00811704676071219,-0.00811704676071219,1.8196257691091738e-06,-0.6918829532392877,0.24803986607518796,-0.25615691283590014,-0.25615691283590014,-0.00810861344908226,-0.00810861344908226,-0.00810861344908226,-0.00810861344908226,5.000001828080944e-06,5.000001828080944e-06,5.000001828080944e-06,5.000027138619205e-06,5.000027138619205e-06,0.00012878696264329492,0.6655988964562531,0.00013079580311783912,-0.29065137905864136,0.00012876031149897696,-0.44374972448510536,2.487747827835049e-13,1.1702522491481414e-11,2.487747827835049e-13,1.1702522491481414e-11,,,,,,,,,,,,,,,,,,,,,,,,,,,,,,,,,,,,,,,,,,,,,,,,,,,,,,,,,,,,2.5,,,,,
ISOAC,NA,0,NA,NA,DC,nomi,both,SWI1,isoac_m1_c0_iso_sna_viac1dc0_d1p25_both_vdd3p3_e1,M1,C0,iso,1.25,0.0,1,3p3,,,,,,,,,,,,,,,,,,,,,,,,,,,,,,,,,,,,,,,,,,,,,,,,,,,,,,,,,,,,,,,,,,,,,,,,,,,,,,,,,,,,,,,,,,,,,,,,,,,,,,,,,,,,,,0.9999973770635903,0.9364848357824628,0.9999973770636107,-0.09239692660717734,1.50369680699552,11091748.152625049,19606006.474795558,0.9999973770635902,0.5699522867285017,0.0,1.0,5649671.985998263,-0.9999973770635533,,,,,,,,,,,,,,,,,,,,,,,,,,,,,,,,,,,,,,,,,,,,,,,,,,,,
ISOAC,NA,0,NA,NA,DC,nomi,both,SWI1,isoac_m1_c1_iso_sna_viac1dc0_d1p25_both_vdd3p3_e1,M1,C1,iso,1.25,0.0,1,3p3,,,,,,,,,,,,,,,,,,,,,,,,,,,,,,,,,,,,,,,,,,,,,,,,,,,,,,,,,,,,,,,,,,,,,,,,,,,,,,,,,,,,,,,,,,,,,,,,,,,,,,,,,,,,,,0.9999973770635816,0.9179290193131916,0.9999973770636023,0.0814283514514757,0.0,1.0,10822354.918378957,0.9999973770635816,0.7437775647871541,0.0,1.0,4415340.387445749,-0.9999973770635256,,,,,,,,,,,,,,,,,,,,,,,,,,,,,,,,,,,,,,,,,,,,,,,,,,,,
ISOAC,NA,0,NA,NA,DC,nomi,both,SWI1,isoac_na_c0_follower_sna_viac1dc1p25_d1p25_both_vdd3p3_e0,NA,C0,follower,1.25,1.25,0,3p3,,,,,,,,,,,,,,,,,,,,,,,,,,,,,,,,,,,,,,,,,,,,,,,,,,,,,,,,,,,,,,,,,,,,,,,,,,,,,,,,,,,,,,,,,,,,,,,,,,,,,,,,,,,,,,0.9999992077266439,,,,,,,,,,,,,,,,,,,,,,,,,,,,,,,,,,,,,,,,,,,,,,,,,,,,,,,,,,,,0.9999992077266439,0.0038975751127035435,0.0,1.0,66253934.9190769
ISODC,NA,0,NA,NA,DC,nomi,both,SWI1,isodc_m1_c1_iso_sna_visw5_d0p2_both_vdd3p3_e0,M1,C1,iso,0.2,0.0,0,3p3,,0.0062719743198296875,3.291250708262074,0.0,0.0,0.8485647774067357,0.8819402054273396,6.8250349637258875e-06,-1.5485647774067357,-0.4016775789398352,1.6088892301589104,1.5889589709745364e-05,-0.29832242106016477,1.250242356346571,0.8485647774067357,0.8819402054273396,0.0062719743198296875,3.291250708262074,0.0062719743198296875,3.291250708262074,0.0010040004171794727,0.0010043697117465891,0.001004159484775596,,,0.00016180597945726603,0.00016514352225932642,0.00017480015262517494,,,,,,,,,,0.00627197431983,3.29125070826,1.25024235635,6.82503496373e-06,1.58895897097e-05,1001,-5.0,5.0,0.010000000000001563,0.8540287918317335,-0.07252027073826146,3.2905916077782065,0.8540287918317335,-0.926549062569995,0.8696694413380641,0.8696869947614265,2.53743646577146,0.8696694413380641,1.7553423362404175e-05,0.876484016344004,1.2802033278133473,0.008505506617518649,0.876484016344004,0.4037193114693435,,,,,,,,,,,,,,,,,,,,,,,,,,,,,,,,,,,,,,,,,,,,,,,,,,,,,,,,,,,,,,,,,,,,,,,,,,,,,,,,,,,,,,,,,,,,,,,,,,,,,,,,,,,,,,,,,
ISODC,NA,0,NA,NA,DC,nomi,both,SWI1,isodc_m1_c1_iso_sna_visw5_d0p2_both_vdd3p3_e1,M1,C1,iso,0.2,0.0,1,3p3,,0.006918334455123211,3.289344168711776,0.0,0.0,0.5367477774545172,0.9410254113091577,9.369658411851542e-05,-1.236747777454517,-0.12163935900111804,1.5559014138421858,0.00010685102487503902,-0.578360640998882,0.6583871364556352,0.5367477774545172,0.9410254113091577,0.006918334455123211,3.289344168711776,0.006918334455123211,3.289344168711776,0.0010040004171794727,0.0010043414983244207,0.0010041563819178758,9.532090105656958e-05,1.8061673487426874e-05,0.00015589745886908422,0.00019632522225454828,0.00016822598186627615,,,,,,,,,,0.00691833445512,3.28934416871,0.658387136456,9.36965841185e-05,0.000106851024875,1001,-5.0,5.0,0.010000000000001563,0.70266549056579,0.06333798496177549,3.2893146176271744,0.70266549056579,-0.6393275056040145,0.869669441338179,0.8696869947615398,2.537436465772217,0.869669441338179,1.755342336073884e-05,0.8765000423254167,1.2801889970552858,0.008505818158873787,0.8765000423254167,0.4036889547298692,,,,,,,,,,,,,,,,,,,,,,,,,,,,,,,,,,,,,,,,,,,,,,,,,,,,,,,,,,,,,,,,,,,,,,,,,,,,,,,,,,,,,,,,,,,,,,,,,,,,,,,,,,,,,,,,,
ISODC,NA,0,NA,NA,DC,nomi,both,SWI1,isodc_m1_c1_iso_sna_visw5_d1p25_both_vdd3p3_e0,M1,C1,iso,1.25,0.0,0,3p3,,0.00484593423390343,3.290421567915402,0.0,0.0,0.8550355659529525,0.8884080272243097,8.708494351882811e-06,-1.5550355659529524,-0.011871261798727014,1.9985168275675627,1.2023880948611609e-05,-0.688128738201273,1.1101088003432529,0.8550355659529525,0.8884080272243097,0.004845934233903431,3.290421567915402,0.00484593423390343,3.290421567915402,0.001004000417184932,0.0010043306481979288,0.0010041139459781483,,,0.00016115919727756903,0.00016449644340470475,0.00015655970990058647,,,,,,,,,,0.0048459342339,3.29042156792,1.11010880034,8.70849435188e-06,1.20238809486e-05,1001,-5.0,5.0,0.010000000000001563,0.8604959432166565,0.31706694042547057,3.2890306830954246,0.8604959432166565,-0.5434290027911859,0.8696694583212531,0.8696880178445182,1.2347103541946431,0.8696694583212531,1.8559523265126998e-05,0.8829464413202454,1.6695058157245304,0.005993644772561286,0.8829464413202454,0.7865593744042851,,,,,,,,,,,,,,,,,,,,,,,,,,,,,,,,,,,,,,,,,,,,,,,,,,,,,,,,,,,,,,,,,,,,,,,,,,,,,,,,,,,,,,,,,,,,,,,,,,,,,,,,,,,,,,,,,
ISODC,NA,0,NA,NA,DC,nomi,both,SWI1,isodc_m1_c1_iso_sna_visw5_d1p25_both_vdd3p3_e1,M1,C1,iso,1.25,0.0,1,3p3,,0.00682021259908178,3.289344168767669,0.0,0.0,0.732219033840716,1.1300182968685273,7.906651360022381e-05,-1.432219033840716,0.09834838023799584,1.7816366844282019,7.83948050337131e-05,-0.7983483802379958,0.6516183875596746,0.732219033840716,1.1300182968685273,0.00682021259908178,3.289344168767669,0.00682021259908178,3.289344168767669,0.001004000417184932,0.0010043195173308759,0.0010041134015914234,3.754400037807463e-05,7.385852148911128e-05,0.00013699817031314728,0.00017677809661592839,0.00014288481634764318,,,,,,,,,,0.00682021259908,3.28934416877,0.65161838756,7.90665136002e-05,7.83948050337e-05,1001,-5.0,5.0,0.010000000000001563,0.8575330480787846,0.31972206869555203,3.288991668495905,0.8575330480787846,-0.5378109793832326,0.869669458321375,0.8696880178446412,1.2347103541955917,0.869669458321375,1.855952326623722e-05,0.9684083308884425,1.5928479227971208,0.006877954622591315,0.9684083308884425,0.6244395919086783,,,,,,,,,,,,,,,,,,,,,,,,,,,,,,,,,,,,,,,,,,,,,,,,,,,,,,,,,,,,,,,,,,,,,,,,,,,,,,,,,,,,,,,,,,,,,,,,,,,,,,,,,,,,,,,,,
ISODC,NA,0,NA,NA,DC,nomi,both,SWI1,isodc_m1_c1_iso_sna_visw5_d2p3_both_vdd3p3_e0,M1,C1,iso,2.3,0.0,0,3p3,,0.004207359189615453,3.288638923598069,0.0,0.0,0.8615016153327721,0.894880136651879,1.0593202317555731e-05,-1.561501615332772,0.37764956355318213,2.388402715829218,1.1779633014152215e-05,-1.077649563553182,1.4935225791773388,0.8615016153327721,0.894880136651879,0.004207359189615453,3.288638923598069,0.004207359189615453,3.288638923598069,0.0010040004171903909,0.0010042915178474201,0.0010040734945452774,,,0.0001605119863348121,0.0001638498384667228,0.00023850501692888553,,,,,,,,,,0.00420735918962,3.2886389236,1.49352257918,1.05932023176e-05,1.17796330142e-05,1001,-5.0,5.0,0.010000000000001563,0.866947398325839,0.7057085933476561,3.2843117217477844,0.866947398325839,-0.16123880497818288,0.8701117213964514,0.8963303566134709,0.02096263447082804,0.8701117213964514,0.026218635217019504,0.8894148332901458,2.059167760880531,0.00468232151814662,0.8894148332901458,1.169752927590385,,,,,,,,,,,,,,,,,,,,,,,,,,,,,,,,,,,,,,,,,,,,,,,,,,,,,,,,,,,,,,,,,,,,,,,,,,,,,,,,,,,,,,,,,,,,,,,,,,,,,,,,,,,,,,,,,
ISODC,NA,0,NA,NA,DC,nomi,both,SWI1,isodc_m1_c1_iso_sna_visw5_d2p3_both_vdd3p3_e1,M1,C1,iso,2.3,0.0,1,3p3,,0.006820212714943657,3.288633624593449,0.0,0.0,0.8611480763879917,1.3300999804781302,0.0001373312180239179,-1.5611480763879917,0.3779661834891228,1.9974312713352769,0.00013873889070608307,-1.0779661834891228,0.6673312908571467,0.8611480763879917,1.3300999804781302,0.006820212714943657,3.288633624593449,0.006820212714943657,3.288633624593449,0.0010040004171903909,0.0010042914856538407,0.0010040734942426753,1.0807016752786271e-07,0.00013304506976464733,0.00011699000195218699,0.00016388519236120081,0.00023846573405842143,,,,,,,,,,0.00682021271494,3.28863362459,0.667331290857,0.000137331218024,0.000138738890706,1001,-5.0,5.0,0.010000000000001563,0.866947395992581,0.7057085954109825,3.284311721626331,0.866947395992581,-0.16123880058159845,0.8701117215740892,0.8963303564716346,0.020962634530141317,0.8701117215740892,0.02621863489754539,1.160820702278233,1.8155179886267503,0.006821924046524657,1.160820702278233,0.6546972863485172,,,,,,,,,,,,,,,,,,,,,,,,,,,,,,,,,,,,,,,,,,,,,,,,,,,,,,,,,,,,,,,,,,,,,,,,,,,,,,,,,,,,,,,,,,,,,,,,,,,,,,,,,,,,,,,,,
ISOEQ,NA,0,NA,NA,DC,nomi,both,SWI1,isoeq_m1_c1_iso_sna_visw1p25_d0p2_both_vdd3p3_e1,M1,C1,iso,0.2,0.0,1,3p3,2.53743646577,1.2874397444260808,3.2839464930164413,0.0,0.0,0.867166961544969,0.86966945763396,3.251736897997232e-06,-1.5671669615449688,0.7189353921513979,0.8696879764341353,4.776472826437753e-06,-1.4189353921513979,0.14823156939357107,0.867166961544969,0.86966945763396,1.2874397444260808,3.2839464930164413,1.2874397444260808,3.2839464930164413,0.0010040421900662539,0.0010042569200089753,0.0010041632932577945,3.8294497239042826e-13,1.4896423938121074e-13,0.00016303305423660401,0.0001632833038455031,8.308783826726243e-05,-0.9999973770769649,2.537436465772219,37,3.126388037344441e-12,0.5000606008576378,20.13946776407936,2.537436465772217,2.534007093874079,0.0034326505520017037,,,,,,,,,,,,,,,,,,,,,,,,,,,,,,,,,,,,,,,,,,,,,,,,,,,,,,,,,,,,,,,,,,,,,,,,,,,,,,,,,,,,,,,,,,,,,,,,,,,,,,,,,,,,,,,,,,,,,,,,,,,,,,,,,,,,,,,,,
ISOEQ,NA,0,NA,NA,DC,nomi,both,SWI1,isoeq_m1_c1_iso_sna_visw1p25_d0p725_both_vdd3p3_e1,M1,C1,iso,0.725,0.0,1,3p3,1.88607340998,0.6360766886377327,3.1360701313302406,0.0,0.0,0.8696694335340173,0.8696694661255587,3.2517393707897663e-06,-1.5696694335340173,0.8696865246305197,0.869688487975684,3.2814735090252558e-06,-1.5696865246305196,1.9021850125255924e-05,0.8696694335340173,0.8696694661255587,0.6360766886377327,3.1360701313302406,0.6360766886377327,3.1360701313302406,0.0010040004172422023,0.001004227056962175,0.0010041033649620945,1.9564428202500926e-17,1.9569849213363355e-17,0.00016303305338744413,0.00016303305664659828,1.7951425307156817e-05,-0.9999973770770147,1.8860734099840042,50,7.158718062783009e-12,0.0034343590316434636,7.158718062783009e-12,1.8860734099840433,1.8826423296060892,0.0034343590316434636,,,,,,,,,,,,,,,,,,,,,,,,,,,,,,,,,,,,,,,,,,,,,,,,,,,,,,,,,,,,,,,,,,,,,,,,,,,,,,,,,,,,,,,,,,,,,,,,,,,,,,,,,,,,,,,,,,,,,,,,,,,,,,,,,,,,,,,,,
ISOEQ,NA,0,NA,NA,DC,nomi,both,SWI1,isoeq_m1_c1_iso_sna_visw1p25_d1p25_both_vdd3p3_e1,M1,C1,iso,1.25,0.0,1,3p3,1.2347103542,0.024856837523469157,2.4847070755419995,0.0,0.0,0.8696694420255949,0.869868997019196,3.3098434104718776e-06,-1.569669442025595,0.8696870361720487,0.8817084096202804,3.2814684360470714e-06,-1.5696870361720485,0.011839412601084454,0.8696694420255949,0.869868997019196,0.024856837523469157,2.4847070755419995,0.024856837523469157,2.4847070755419995,0.0010040004172449316,0.0010041619192975046,0.0010040531532211781,1.2110782212151894e-14,1.2269634093453607e-14,0.0001630131002980804,0.00016303305579744052,4.71852312441627e-05,-0.9999973770770093,1.2347103541956583,46,7.331912854624534e-12,0.04357927218536998,1.6057281869629016,1.234710354195689,1.2312775653380992,0.0034354117805187045,,,,,,,,,,,,,,,,,,,,,,,,,,,,,,,,,,,,,,,,,,,,,,,,,,,,,,,,,,,,,,,,,,,,,,,,,,,,,,,,,,,,,,,,,,,,,,,,,,,,,,,,,,,,,,,,,,,,,,,,,,,,,,,,,,,,,,,,,
ISOEQ,NA,0,NA,NA,DC,nomi,both,SWI1,isoeq_m1_c1_iso_sna_visw1p25_d1p775_both_vdd3p3_e1,M1,C1,iso,1.775,0.0,1,3p3,0.583347298407,0.01146809074939829,1.8333440197536452,0.0,0.0,0.8696694505171929,0.8730399131433904,4.233229012130557e-06,-1.5696694505171929,0.869687547713598,1.072726920663762,3.2814633630868586e-06,-1.569687547713598,0.1996870075203716,0.8696694505171929,0.8730399131433904,0.01146809074939829,1.8333440197536452,0.01146809074939829,1.8333440197536452,0.0010040004172476612,0.0010040967816328345,0.0010040195801273707,2.004216671097625e-13,1.943455010637585e-12,0.00016269600868566096,0.00016303305494828072,0.00011232164420426821,-0.9999973770769677,0.5833472984072863,33,5.977440764581843e-12,0.6815552896792891,27.12470054753286,0.5833472984073348,0.5799128010701091,0.0034354153602678406,,,,,,,,,,,,,,,,,,,,,,,,,,,,,,,,,,,,,,,,,,,,,,,,,,,,,,,,,,,,,,,,,,,,,,,,,,,,,,,,,,,,,,,,,,,,,,,,,,,,,,,,,,,,,,,,,,,,,,,,,,,,,,,,,,,,,,,,,
ISOEQ,NA,0,NA,NA,DC,nomi,both,SWI1,isoeq_m1_c1_iso_sna_visw1p25_d2p3_both_vdd3p3_e1,M1,C1,iso,2.3,0.0,1,3p3,0.0209625467622,0.008637988296187291,1.181980963965291,0.0,0.0,0.8696694590087909,0.8762729329547859,5.174699215176628e-06,-1.5696694590087907,0.8696880592551474,1.2668981672304893,3.281458290126646e-06,-1.5696880592551472,0.3906252342757034,0.8696694590087909,0.8762729329547859,0.008637988296187291,1.181980963965291,0.008637988296187291,1.181980963965291,0.0010040004172503908,0.0010040316439681644,0.001004002645543333,3.913601918665438e-13,2.946113039626035e-09,0.0001623727067045214,0.00016303305409912092,0.00017745805716437373,-0.9999973770770243,-0.06801575738105425,20,5.853095785823825e-12,1.330089951494068,53.06601868094087,0.020962546762226673,-0.07145196319788072,0.003435418939789353,,,,,,,,,,,,,,,,,,,,,,,,,,,,,,,,,,,,,,,,,,,,,,,,,,,,,,,,,,,,,,,,,,,,,,,,,,,,,,,,,,,,,,,,,,,,,,,,,,,,,,,,,,,,,,,,,,,,,,,,,,,,,,,,,,,,,,,,,
