test,scale_V_div,ix,POS,tap,CPL,corner,polarity,mux_model,id,vmid,cf,scope,vdac_V,vin_V,esd,supply,center,adc_min_V,adc_max_V,adc_below_zero_V,adc_above_vdda_V,ip1_min_V,ip1_max_V,ip1_current_peak_A,ip1_rail_excess_V,im1_min_V,im1_max_V,im1_current_peak_A,im1_rail_excess_V,diff1_peak_V,vm1_min_V,vm1_max_V,o1_min_V,o1_max_V,adc1_min_V,adc1_max_V,iq1_min_A,iq1_max_A,iq1_mean_A,diode1_dp_peak_A,diode1_dn_peak_A,vref_current_min_A,vref_current_max_A,dac_current_peak_A,linear_gain,linear_intercept_V,linear_points,linear_nonlinearity_pct_fs,full_equation_error_V,full_nonlinearity_pct_fs,center_V,ideal_center_V,linear_equation_error_V,adc_min,adc_max,diff_peak,ip_peak,im_peak,points,sweep_min_V,sweep_max_V,step_max_V,ip1_at_neg3p9_V,im1_at_neg3p9_V,adc1_at_neg3p9_V,vm1_at_neg3p9_V,diff_at_neg3p9_V,ip1_at_zero_V,im1_at_zero_V,adc1_at_zero_V,vm1_at_zero_V,diff_at_zero_V,ip1_at_pos3p9_V,im1_at_pos3p9_V,adc1_at_pos3p9_V,vm1_at_pos3p9_V,diff_at_pos3p9_V,ip2_min_V,ip2_max_V,ip2_current_peak_A,ip2_rail_excess_V,im2_min_V,im2_max_V,im2_current_peak_A,im2_rail_excess_V,diff2_peak_V,vm2_min_V,vm2_max_V,o2_min_V,o2_max_V,adc2_min_V,adc2_max_V,iq2_min_A,iq2_max_A,iq2_mean_A,ip3_min_V,ip3_max_V,ip3_current_peak_A,ip3_rail_excess_V,im3_min_V,im3_max_V,im3_current_peak_A,im3_rail_excess_V,diff3_peak_V,vm3_min_V,vm3_max_V,o3_min_V,o3_max_V,adc3_min_V,adc3_max_V,iq3_min_A,iq3_max_A,iq3_mean_A,buffer_iq_min_A,buffer_iq_max_A,buffer_output_current_peak_A,buffer_diff_peak_V,buffer_ip_current_peak_A,buffer_ip_rail_excess_V,buffer_im_current_peak_A,buffer_im_rail_excess_V,diode2_dp_peak_A,diode2_dn_peak_A,diode3_dp_peak_A,diode3_dn_peak_A,gain_1hz,gain_2m,amp_gain_dc,amp_loss_2m_db,amp_peak_db,amp_peak_Hz,amp_minus3_Hz,adc_gain_dc,adc_loss_2m_db,adc_peak_db,adc_peak_Hz,adc_minus3_Hz,signed_gain_real,source_gain_2m,amplitude_V,recovery_s,initial_V,terminal_error_V,pulse_end_s,observation_after_end_s,vmid_during_shift_V,vmid_after_shift_V,bnc_peak_V,step_max_s,vm1_shift_neg_V,vm1_shift_pos_V,vm2_shift_neg_V,vm2_shift_pos_V,vm3_shift_neg_V,vm3_shift_pos_V,adc2_shift_neg_V,adc2_shift_pos_V,adc3_shift_neg_V,adc3_shift_pos_V,crosstalk_peak_div,offset_div,bnc_amp,thd_pct,fundamental_pp_V,actual_pp_V,mean_adc_V,harmonic1_V,harmonic2_V,harmonic3_V,harmonic4_V,harmonic5_V,harmonic6_V,harmonic7_V,harmonic8_V,harmonic9_V,onoise_100k,noise_adc_uV,noise_pct_div,noise_trace,excess_vdda,last_time_s,adc_excess_at_s,vdda_at_excess_V,adc_at_excess_V,ref_V,gain_dc,loss_2m_db,peak_db,peak_Hz,minus3_Hz
F0,NA,0,NA,NA,DC,nomi,both,SWI1,f0_m1_c1_iso_sna_visw1p25_d0p2_both_vdd3p3_e1,M1,C1,iso,0.2,0.0,1,3p3,2.53743646577,1.2874397444260808,3.2839464930164413,0.0,0.0,0.867166961544969,0.86966945763396,3.251736897997232e-06,-1.5671669615449688,0.7189353921513979,0.8696879764341353,4.776472826437753e-06,-1.4189353921513979,0.14823156939357107,0.867166961544969,0.86966945763396,1.2874397444260808,3.2839464930164413,1.2874397444260808,3.2839464930164413,0.0010040421900662539,0.0010042569200089753,0.0010041632932577945,3.8294497239042826e-13,1.4896423938121074e-13,0.00016303305423660401,0.0001632833038455031,8.308783826726243e-05,-0.9999973770769649,2.537436465772219,37,3.126388037344441e-12,0.5000606008576378,20.13946776407936,2.537436465772217,2.534007093874079,0.0034326505520017037,,,,,,,,,,,,,,,,,,,,,,,,,,,,,,,,,,,,,,,,,,,,,,,,,,,,,,,,,,,,,,,,,,,,,,,,,,,,,,,,,,,,,,,,,,,,,,,,,,,,,,,,,,,,,,,,,,,,,,,,,,,,,,,,,,,,,,,,,
F0,NA,0,NA,NA,DC,nomi,both,SWI1,f0_m1_c1_iso_sna_visw1p25_d0p725_both_vdd3p3_e1,M1,C1,iso,0.725,0.0,1,3p3,1.88607340998,0.6360766886377327,3.1360701313302406,0.0,0.0,0.8696694335340173,0.8696694661255587,3.2517393707897663e-06,-1.5696694335340173,0.8696865246305197,0.869688487975684,3.2814735090252558e-06,-1.5696865246305196,1.9021850125255924e-05,0.8696694335340173,0.8696694661255587,0.6360766886377327,3.1360701313302406,0.6360766886377327,3.1360701313302406,0.0010040004172422023,0.001004227056962175,0.0010041033649620945,1.9564428202500926e-17,1.9569849213363355e-17,0.00016303305338744413,0.00016303305664659828,1.7951425307156817e-05,-0.9999973770770147,1.8860734099840042,50,7.158718062783009e-12,0.0034343590316434636,7.158718062783009e-12,1.8860734099840433,1.8826423296060892,0.0034343590316434636,,,,,,,,,,,,,,,,,,,,,,,,,,,,,,,,,,,,,,,,,,,,,,,,,,,,,,,,,,,,,,,,,,,,,,,,,,,,,,,,,,,,,,,,,,,,,,,,,,,,,,,,,,,,,,,,,,,,,,,,,,,,,,,,,,,,,,,,,
F0,NA,0,NA,NA,DC,nomi,both,SWI1,f0_m1_c1_iso_sna_visw1p25_d1p25_both_vdd3p3_e1,M1,C1,iso,1.25,0.0,1,3p3,1.2347103542,0.024856837523469157,2.4847070755419995,0.0,0.0,0.8696694420255949,0.869868997019196,3.3098434104718776e-06,-1.569669442025595,0.8696870361720487,0.8817084096202804,3.2814684360470714e-06,-1.5696870361720485,0.011839412601084454,0.8696694420255949,0.869868997019196,0.024856837523469157,2.4847070755419995,0.024856837523469157,2.4847070755419995,0.0010040004172449316,0.0010041619192975046,0.0010040531532211781,1.2110782212151894e-14,1.2269634093453607e-14,0.0001630131002980804,0.00016303305579744052,4.71852312441627e-05,-0.9999973770770093,1.2347103541956583,46,7.331912854624534e-12,0.04357927218536998,1.6057281869629016,1.234710354195689,1.2312775653380992,0.0034354117805187045,,,,,,,,,,,,,,,,,,,,,,,,,,,,,,,,,,,,,,,,,,,,,,,,,,,,,,,,,,,,,,,,,,,,,,,,,,,,,,,,,,,,,,,,,,,,,,,,,,,,,,,,,,,,,,,,,,,,,,,,,,,,,,,,,,,,,,,,,
F0,NA,0,NA,NA,DC,nomi,both,SWI1,f0_m1_c1_iso_sna_visw1p25_d1p775_both_vdd3p3_e1,M1,C1,iso,1.775,0.0,1,3p3,0.583347298407,0.01146809074939829,1.8333440197536452,0.0,0.0,0.8696694505171929,0.8730399131433904,4.233229012130557e-06,-1.5696694505171929,0.869687547713598,1.072726920663762,3.2814633630868586e-06,-1.569687547713598,0.1996870075203716,0.8696694505171929,0.8730399131433904,0.01146809074939829,1.8333440197536452,0.01146809074939829,1.8333440197536452,0.0010040004172476612,0.0010040967816328345,0.0010040195801273707,2.004216671097625e-13,1.943455010637585e-12,0.00016269600868566096,0.00016303305494828072,0.00011232164420426821,-0.9999973770769677,0.5833472984072863,33,5.977440764581843e-12,0.6815552896792891,27.12470054753286,0.5833472984073348,0.5799128010701091,0.0034354153602678406,,,,,,,,,,,,,,,,,,,,,,,,,,,,,,,,,,,,,,,,,,,,,,,,,,,,,,,,,,,,,,,,,,,,,,,,,,,,,,,,,,,,,,,,,,,,,,,,,,,,,,,,,,,,,,,,,,,,,,,,,,,,,,,,,,,,,,,,,
F0,NA,0,NA,NA,DC,nomi,both,SWI1,f0_m1_c1_iso_sna_visw1p25_d2p3_both_vdd3p3_e1,M1,C1,iso,2.3,0.0,1,3p3,0.0209625467622,0.008637988296187291,1.181980963965291,0.0,0.0,0.8696694590087909,0.8762729329547859,5.174699215176628e-06,-1.5696694590087907,0.8696880592551474,1.2668981672304893,3.281458290126646e-06,-1.5696880592551472,0.3906252342757034,0.8696694590087909,0.8762729329547859,0.008637988296187291,1.181980963965291,0.008637988296187291,1.181980963965291,0.0010040004172503908,0.0010040316439681644,0.001004002645543333,3.913601918665438e-13,2.946113039626035e-09,0.0001623727067045214,0.00016303305409912092,0.00017745805716437373,-0.9999973770770243,-0.06801575738105425,20,5.853095785823825e-12,1.330089951494068,53.06601868094087,0.020962546762226673,-0.07145196319788072,0.003435418939789353,,,,,,,,,,,,,,,,,,,,,,,,,,,,,,,,,,,,,,,,,,,,,,,,,,,,,,,,,,,,,,,,,,,,,,,,,,,,,,,,,,,,,,,,,,,,,,,,,,,,,,,,,,,,,,,,,,,,,,,,,,,,,,,,,,,,,,,,,
F1,NA,0,NA,NA,DC,nomi,both,SWI1,f1_m1_c1_iso_sna_visw5_d0p2_both_vdd3p3_e0,M1,C1,iso,0.2,0.0,0,3p3,,0.0062719743198296875,3.291250708262074,0.0,0.0,0.8485647774067357,0.8819402054273396,6.8250349637258875e-06,-1.5485647774067357,-0.4016775789398352,1.6088892301589104,1.5889589709745364e-05,-0.29832242106016477,1.250242356346571,0.8485647774067357,0.8819402054273396,0.0062719743198296875,3.291250708262074,0.0062719743198296875,3.291250708262074,0.0010040004171794727,0.0010043697117465891,0.001004159484775596,,,0.00016180597945726603,0.00016514352225932642,0.00017480015262517494,,,,,,,,,,0.00627197431983,3.29125070826,1.25024235635,6.82503496373e-06,1.58895897097e-05,1001,-5.0,5.0,0.010000000000001563,0.8540287918317335,-0.07252027073826146,3.2905916077782065,0.8540287918317335,-0.926549062569995,0.8696694413380641,0.8696869947614265,2.53743646577146,0.8696694413380641,1.7553423362404175e-05,0.876484016344004,1.2802033278133473,0.008505506617518649,0.876484016344004,0.4037193114693435,,,,,,,,,,,,,,,,,,,,,,,,,,,,,,,,,,,,,,,,,,,,,,,,,,,,,,,,,,,,,,,,,,,,,,,,,,,,,,,,,,,,,,,,,,,,,,,,,,,,,,,,,,,,,,,,,
F1,NA,0,NA,NA,DC,nomi,both,SWI1,f1_m1_c1_iso_sna_visw5_d0p2_both_vdd3p3_e1,M1,C1,iso,0.2,0.0,1,3p3,,0.006918334455123211,3.289344168711776,0.0,0.0,0.5367477774545172,0.9410254113091577,9.369658411851542e-05,-1.236747777454517,-0.12163935900111804,1.5559014138421858,0.00010685102487503902,-0.578360640998882,0.6583871364556352,0.5367477774545172,0.9410254113091577,0.006918334455123211,3.289344168711776,0.006918334455123211,3.289344168711776,0.0010040004171794727,0.0010043414983244207,0.0010041563819178758,9.532090105656958e-05,1.8061673487426874e-05,0.00015589745886908422,0.00019632522225454828,0.00016822598186627615,,,,,,,,,,0.00691833445512,3.28934416871,0.658387136456,9.36965841185e-05,0.000106851024875,1001,-5.0,5.0,0.010000000000001563,0.70266549056579,0.06333798496177549,3.2893146176271744,0.70266549056579,-0.6393275056040145,0.869669441338179,0.8696869947615398,2.537436465772217,0.869669441338179,1.755342336073884e-05,0.8765000423254167,1.2801889970552858,0.008505818158873787,0.8765000423254167,0.4036889547298692,,,,,,,,,,,,,,,,,,,,,,,,,,,,,,,,,,,,,,,,,,,,,,,,,,,,,,,,,,,,,,,,,,,,,,,,,,,,,,,,,,,,,,,,,,,,,,,,,,,,,,,,,,,,,,,,,
F1,NA,0,NA,NA,DC,nomi,both,SWI1,f1_m1_c1_iso_sna_visw5_d1p25_both_vdd3p3_e0,M1,C1,iso,1.25,0.0,0,3p3,,0.00484593423390343,3.290421567915402,0.0,0.0,0.8550355659529525,0.8884080272243097,8.708494351882811e-06,-1.5550355659529524,-0.011871261798727014,1.9985168275675627,1.2023880948611609e-05,-0.688128738201273,1.1101088003432529,0.8550355659529525,0.8884080272243097,0.004845934233903431,3.290421567915402,0.00484593423390343,3.290421567915402,0.001004000417184932,0.0010043306481979288,0.0010041139459781483,,,0.00016115919727756903,0.00016449644340470475,0.00015655970990058647,,,,,,,,,,0.0048459342339,3.29042156792,1.11010880034,8.70849435188e-06,1.20238809486e-05,1001,-5.0,5.0,0.010000000000001563,0.8604959432166565,0.31706694042547057,3.2890306830954246,0.8604959432166565,-0.5434290027911859,0.8696694583212531,0.8696880178445182,1.2347103541946431,0.8696694583212531,1.8559523265126998e-05,0.8829464413202454,1.6695058157245304,0.005993644772561286,0.8829464413202454,0.7865593744042851,,,,,,,,,,,,,,,,,,,,,,,,,,,,,,,,,,,,,,,,,,,,,,,,,,,,,,,,,,,,,,,,,,,,,,,,,,,,,,,,,,,,,,,,,,,,,,,,,,,,,,,,,,,,,,,,,
F1,NA,0,NA,NA,DC,nomi,both,SWI1,f1_m1_c1_iso_sna_visw5_d1p25_both_vdd3p3_e1,M1,C1,iso,1.25,0.0,1,3p3,,0.00682021259908178,3.289344168767669,0.0,0.0,0.732219033840716,1.1300182968685273,7.906651360022381e-05,-1.432219033840716,0.09834838023799584,1.7816366844282019,7.83948050337131e-05,-0.7983483802379958,0.6516183875596746,0.732219033840716,1.1300182968685273,0.00682021259908178,3.289344168767669,0.00682021259908178,3.289344168767669,0.001004000417184932,0.0010043195173308759,0.0010041134015914234,3.754400037807463e-05,7.385852148911128e-05,0.00013699817031314728,0.00017677809661592839,0.00014288481634764318,,,,,,,,,,0.00682021259908,3.28934416877,0.65161838756,7.90665136002e-05,7.83948050337e-05,1001,-5.0,5.0,0.010000000000001563,0.8575330480787846,0.31972206869555203,3.288991668495905,0.8575330480787846,-0.5378109793832326,0.869669458321375,0.8696880178446412,1.2347103541955917,0.869669458321375,1.855952326623722e-05,0.9684083308884425,1.5928479227971208,0.006877954622591315,0.9684083308884425,0.6244395919086783,,,,,,,,,,,,,,,,,,,,,,,,,,,,,,,,,,,,,,,,,,,,,,,,,,,,,,,,,,,,,,,,,,,,,,,,,,,,,,,,,,,,,,,,,,,,,,,,,,,,,,,,,,,,,,,,,
F1,NA,0,NA,NA,DC,nomi,both,SWI1,f1_m1_c1_iso_sna_visw5_d2p3_both_vdd3p3_e0,M1,C1,iso,2.3,0.0,0,3p3,,0.004207359189615453,3.288638923598069,0.0,0.0,0.8615016153327721,0.894880136651879,1.0593202317555731e-05,-1.561501615332772,0.37764956355318213,2.388402715829218,1.1779633014152215e-05,-1.077649563553182,1.4935225791773388,0.8615016153327721,0.894880136651879,0.004207359189615453,3.288638923598069,0.004207359189615453,3.288638923598069,0.0010040004171903909,0.0010042915178474201,0.0010040734945452774,,,0.0001605119863348121,0.0001638498384667228,0.00023850501692888553,,,,,,,,,,0.00420735918962,3.2886389236,1.49352257918,1.05932023176e-05,1.17796330142e-05,1001,-5.0,5.0,0.010000000000001563,0.866947398325839,0.7057085933476561,3.2843117217477844,0.866947398325839,-0.16123880497818288,0.8701117213964514,0.8963303566134709,0.02096263447082804,0.8701117213964514,0.026218635217019504,0.8894148332901458,2.059167760880531,0.00468232151814662,0.8894148332901458,1.169752927590385,,,,,,,,,,,,,,,,,,,,,,,,,,,,,,,,,,,,,,,,,,,,,,,,,,,,,,,,,,,,,,,,,,,,,,,,,,,,,,,,,,,,,,,,,,,,,,,,,,,,,,,,,,,,,,,,,
F1,NA,0,NA,NA,DC,nomi,both,SWI1,f1_m1_c1_iso_sna_visw5_d2p3_both_vdd3p3_e1,M1,C1,iso,2.3,0.0,1,3p3,,0.006820212714943657,3.288633624593449,0.0,0.0,0.8611480763879917,1.3300999804781302,0.0001373312180239179,-1.5611480763879917,0.3779661834891228,1.9974312713352769,0.00013873889070608307,-1.0779661834891228,0.6673312908571467,0.8611480763879917,1.3300999804781302,0.006820212714943657,3.288633624593449,0.006820212714943657,3.288633624593449,0.0010040004171903909,0.0010042914856538407,0.0010040734942426753,1.0807016752786271e-07,0.00013304506976464733,0.00011699000195218699,0.00016388519236120081,0.00023846573405842143,,,,,,,,,,0.00682021271494,3.28863362459,0.667331290857,0.000137331218024,0.000138738890706,1001,-5.0,5.0,0.010000000000001563,0.866947395992581,0.7057085954109825,3.284311721626331,0.866947395992581,-0.16123880058159845,0.8701117215740892,0.8963303564716346,0.020962634530141317,0.8701117215740892,0.02621863489754539,1.160820702278233,1.8155179886267503,0.006821924046524657,1.160820702278233,0.6546972863485172,,,,,,,,,,,,,,,,,,,,,,,,,,,,,,,,,,,,,,,,,,,,,,,,,,,,,,,,,,,,,,,,,,,,,,,,,,,,,,,,,,,,,,,,,,,,,,,,,,,,,,,,,,,,,,,,,
F1,NA,0,NA,NA,DC,nomi,both,SWI1,f1_m2_c1_iso_sna_visw5_d0p2_both_vdd3p3_e0,M2,C1,iso,0.2,0.0,0,3p3,,0.0062076786408283595,3.2913133342965644,0.0,0.0,0.8695335116912554,0.8700347661478328,6.943102170614298e-06,-1.5695335116912554,-0.40134499466819884,1.6086917959220126,1.599110750417293e-05,-0.2986550053318011,1.270878506359454,0.8695335116912554,0.8700347661478328,0.0062076786408283595,3.2913133342965644,0.0062076786408283595,3.2913133342965644,0.0010040004171782812,0.0010043696847512138,0.0010041594900841245,,,0.0001630330536906171,0.000163033053691453,0.00017477565706228442,,,,,,,,,,0.00620767864083,3.2913133343,1.27087850636,6.94310217061e-06,1.59911075042e-05,1001,-5.0,5.0,0.010000000000001563,0.8696155756083173,-0.07226763622391029,3.2906562435477222,0.8696155756083173,-0.9418832118322276,0.8698505214191904,0.8698680743832471,2.538032343516095,0.8698505214191904,1.7552964056699594e-05,0.8699528196953242,1.280085471844161,0.0084383455639904,0.8699528196953242,0.4101326521488369,0.8698505213517544,0.8698505218551974,3.2508317807331027e-06,-1.5698505213517544,0.8698690804157575,0.8698690809191995,3.2805533903400427e-06,-1.5698690804157573,1.855906400349827e-05,0.8698505213517544,0.8698505218551974,1.2353061758310395,1.2353061774877132,1.2353061758310395,1.2353061774877132,0.0010040369584943113,0.0010040369584944267,0.001004036958494374,0.8698505213517544,0.8698505218551974,3.2508317807331027e-06,-1.5698505213517544,0.8698690804157575,0.8698690809191995,3.2805533903400427e-06,-1.5698690804157573,1.8559064004053383e-05,0.8698505213517544,0.8698505218551974,1.2353061758310395,1.2353061774877132,1.2353061758310395,1.2353061774877132,0.0010040369584943113,0.0010040369584944267,0.001004036958494374,0.0010040004171749778,0.0010040004171749778,1.344476572704321e-05,1.884225563519859e-05,3.2517384879353316e-06,-1.5696694630854697,3.2814558546603867e-06,-1.5696883048458958,,,,,,,,,,,,,,,,,,,,,,,,,,,,,,,,,,,,,,,,,,,,,,,,,,,,,,,,,,,,,,,,,,,,,
F1,NA,0,NA,NA,DC,nomi,both,SWI1,f1_m2_c1_iso_sna_visw5_d0p2_both_vdd3p3_e1,M2,C1,iso,0.2,0.0,1,3p3,,0.0067735290115211386,3.289731138704223,0.0,0.0,0.8599466143403556,0.8717584916895158,0.00019522406562174927,-1.5599466143403555,0.18215401016982272,1.5038640949304274,0.0002052435455047107,-0.8821540101698226,0.6777926041705329,0.8599466143403556,0.8717584916895158,0.0067735290115211386,3.289731138704223,0.0067735290115211386,3.289731138704223,0.0010040004171782812,0.0010043111766256598,0.0010041531401247421,0.00019513536111818354,3.508493834458844e-05,0.00016303305368772913,0.00016303305370742738,0.00016176973882511505,,,,,,,,,,0.00677352901152,3.2897311387,0.677792604171,0.000195224065622,0.000205243545505,1001,-5.0,5.0,0.010000000000001563,0.8650233559620103,0.2071581229108412,3.2896479476465808,0.8650233559620103,-0.6578652330511691,0.8698505214193247,0.8698680743833813,2.538032343516745,0.8698505214193247,1.755296405658857e-05,0.8699531287428481,1.2800667030462884,0.008438531913809387,0.8699531287428481,0.4101135743034404,0.8698505117231444,0.8698505235865813,3.2508318289198787e-06,-1.5698505117231445,0.8698690707871704,0.8698690826505764,3.2805534384424064e-06,-1.5698690707871703,1.85590640260358e-05,0.8698505117231444,0.8698505235865813,1.2353061441467046,1.2353061831855527,1.2353061441467046,1.2353061831855527,0.0010040369584921056,0.0010040369584948233,0.0010040369584941454,0.8698505117231444,0.8698505235865813,3.250831828919882e-06,-1.5698505117231445,0.8698690707871712,0.8698690826505773,3.2805534384423717e-06,-1.5698690707871712,1.8559064026923977e-05,0.8698505117231444,0.8698505235865813,1.235306144146708,1.2353061831855527,1.235306144146708,1.2353061831855527,0.0010040369584921056,0.0010040369584948233,0.0010040369584941454,0.0010040004171749778,0.0010041858550040412,0.00018872240196391238,1.884395856954768e-05,3.251738496338244e-06,-1.5696694629257264,3.281455950125689e-06,-1.5696882952148812,1.9087379246607307e-17,1.909822126833216e-17,1.9087379246607307e-17,1.909822126833216e-17,,,,,,,,,,,,,,,,,,,,,,,,,,,,,,,,,,,,,,,,,,,,,,,,,,,,,,,,,,,,,,,,,
F1,NA,0,NA,NA,DC,nomi,both,SWI1,f1_m2_c1_iso_sna_visw5_d1p25_both_vdd3p3_e0,M2,C1,iso,1.25,0.0,0,3p3,,0.004783980523627327,3.2904866726818174,0.0,0.0,0.8696306963349245,0.8701319062238314,8.889795125177912e-06,-1.5696306963349245,-0.011633328915682915,1.9982247447396495,1.2094477256909617e-05,-0.688366671084317,1.1280928385158182,0.8696306963349245,0.8701319062238314,0.004783980523627327,3.2904866726818174,0.004783980523627327,3.2904866726818174,0.0010040004171837404,0.0010043306309152583,0.001004113954184937,,,0.00016303305369045446,0.0001630330536912903,0.00015653018969177205,,,,,,,,,,0.00478398052363,3.29048667268,1.12809283852,8.88979512518e-06,1.20944772569e-05,1001,-5.0,5.0,0.010000000000001563,0.8697127057354616,0.3172254175589423,3.2890992687936484,0.8697127057354616,-0.5524872881765193,0.8698505216701563,0.8698690807341581,1.2353061768787987,0.8698505216701563,1.8559064001832937e-05,0.870049878787914,1.669293676164513,0.005929779250155519,0.870049878787914,0.7992437973765991,0.8698505214493717,0.8698505219527712,3.2508317802450152e-06,-1.5698505214493716,0.8698690805133749,0.8698690810167736,3.280553389851956e-06,-1.5698690805133748,1.8559064003720316e-05,0.8698505214493717,0.8698505219527712,1.2353061761522683,1.2353061778088001,1.2353061761522683,1.2353061778088001,0.0010040369584943336,0.001004036958494449,0.001004036958494389,0.8698505214493717,0.8698505219527712,3.250831780245017e-06,-1.5698505214493716,0.8698690805133739,0.8698690810167726,3.280553389851956e-06,-1.569869080513374,1.8559064003276227e-05,0.8698505214493717,0.8698505219527712,1.2353061761522652,1.235306177808797,1.2353061761522652,1.235306177808797,0.0010040369584943336,0.001004036958494449,0.001004036958494389,0.0010040004171749778,0.0010040004171749778,1.539145868063112e-05,1.884235160720671e-05,3.251738488408895e-06,-1.5696694630870969,3.2814558536889415e-06,-1.5696883049435375,,,,,,,,,,,,,,,,,,,,,,,,,,,,,,,,,,,,,,,,,,,,,,,,,,,,,,,,,,,,,,,,,,,,,
F1,NA,0,NA,NA,DC,nomi,both,SWI1,f1_m2_c1_iso_sna_visw5_d1p25_both_vdd3p3_e1,M2,C1,iso,1.25,0.0,1,3p3,,0.006559917540615532,3.28962257943355,0.0,0.0,0.8659262039624626,0.8775284167355952,0.00015711630977444582,-1.5659262039624626,0.2137609038085349,1.5482106501418589,0.00015401502175731594,-0.9137609038085348,0.6706822334062637,0.8659262039624626,0.8775284167355952,0.006559917540615532,3.28962257943355,0.006559917540615532,3.28962257943355,0.0010040004171837404,0.0010043080050800243,0.0010041128791575015,7.540226472343135e-05,0.0001505505490965524,0.00016303305367810684,0.00016303305369745543,0.00012856564468876738,,,,,,,,,,0.00655991754062,3.28962257943,0.670682233406,0.000157116309774,0.000154015021757,1001,-5.0,5.0,0.010000000000001563,0.8696456690741985,0.32130133065802735,3.2890743157627984,0.8696456690741985,-0.5483443384161711,0.8698505216702843,0.8698690807342861,1.2353061768794602,0.8698505216702843,1.8559064001832937e-05,0.8725897109217515,1.5148201746472474,0.006715508942623065,0.8725897109217515,0.6422304637254959,0.8698505177288386,0.8698505293816923,3.250831798891331e-06,-1.5698505177288387,0.8698690767928494,0.8698690884456732,3.280553408413992e-06,-1.5698690767928494,1.8559064010825743e-05,0.8698505177288386,0.8698505293816923,1.2353061639095588,1.2353062022554457,1.2353061639095588,1.2353062022554457,0.0010040369584934815,0.0010040369584961508,0.0010040369584944945,0.8698505177288386,0.8698505293816923,3.250831798891336e-06,-1.5698505177288387,0.8698690767928503,0.8698690884456741,3.2805534084139577e-06,-1.5698690767928503,1.855906401171392e-05,0.8698505177288386,0.8698505293816923,1.235306163909562,1.2353062022554488,1.235306163909562,1.2353062022554488,0.0010040369584934815,0.0010040369584961508,0.0010040369584944945,0.0010040004171749778,0.0010040660236643993,0.00016361797325569667,1.8849658903419275e-05,3.2517385243644483e-06,-1.5696694630254457,3.281455890548346e-06,-1.569688301222074,1.9087379246607307e-17,1.909822126833216e-17,1.9087379246607307e-17,1.909822126833216e-17,,,,,,,,,,,,,,,,,,,,,,,,,,,,,,,,,,,,,,,,,,,,,,,,,,,,,,,,,,,,,,,,,
F1,NA,0,NA,NA,DC,nomi,both,SWI1,f1_m2_c1_iso_sna_visw5_d2p3_both_vdd3p3_e0,M2,C1,iso,2.3,0.0,0,3p3,,0.004192432387440826,3.288708436641865,0.0,0.0,0.8697278099453069,0.8702291151285484,1.0837867411635569e-05,-1.5697278099453067,0.3777934925033909,2.388033697688066,1.1899197916167607e-05,-1.0777934925033907,1.5178045825595177,0.8697278099453069,0.8702291151285484,0.004192432387440826,3.288708436641865,0.004192432387440826,3.288708436641865,0.0010040004171891993,0.001004291510404384,0.0010040735043793667,,,0.00016303305369029297,0.00016303305369112897,0.00023848715973903334,,,,,,,,,,0.00419243238744,3.28870843664,1.51780458256,1.08378674116e-05,1.18991979162e-05,1001,-5.0,5.0,0.010000000000001563,0.8698096005734696,0.705774958938946,3.284390318848192,0.8698096005734696,-0.16403464163452353,0.8698571162369253,0.8963133779545623,0.020918644209129002,0.8698571162369253,0.026456261717637042,0.8701470274167796,2.0588609221653065,0.00462065712593353,0.8701470274167796,1.1887138947485265,0.8698505215469036,0.869850522050392,3.2508317797573563e-06,-1.5698505215469036,0.869869080610907,0.8698690811143939,3.2805533893642942e-06,-1.569869080610907,1.855906400349827e-05,0.8698505215469036,0.869850522050392,1.235306176473217,1.2353061781300387,1.235306176473217,1.2353061781300387,0.001004036958494356,0.0010040369584944713,0.001004036958494404,0.8698505215469036,0.869850522050392,3.2508317797573563e-06,-1.5698505215469036,0.869869080610906,0.869869081114393,3.280553389364304e-06,-1.569869080610906,1.855906400294316e-05,0.8698505215469036,0.869850522050392,1.2353061764732136,1.2353061781300354,1.2353061764732136,1.2353061781300354,0.001004036958494356,0.0010040369584944713,0.001004036958494404,0.0010040004171749778,0.0010040004171749778,1.7339530966112513e-05,1.8842447637612558e-05,3.251738488879149e-06,-1.5696694630887102,3.2814558527244353e-06,-1.5696883050410937,,,,,,,,,,,,,,,,,,,,,,,,,,,,,,,,,,,,,,,,,,,,,,,,,,,,,,,,,,,,,,,,,,,,,
F1,NA,0,NA,NA,DC,nomi,both,SWI1,f1_m2_c1_iso_sna_visw5_d2p3_both_vdd3p3_e1,M2,C1,iso,2.3,0.0,1,3p3,,0.006475185167329722,3.2887052593457526,0.0,0.0,0.8697204759967883,0.8836548252014349,0.0002798899031832869,-1.5697204759967882,0.3782392698265716,1.57088140707785,0.00027693260098604557,-1.0782392698265715,0.6872265818764152,0.8697204759967883,0.8836548252014349,0.006475185167329722,3.2887052593457526,0.006475185167329722,3.2887052593457526,0.0010040004171891993,0.0010042914655089138,0.001004073503966102,1.4927450463614302e-07,0.00027327205280475663,0.00016303305366789005,0.00016303305369112786,0.00023843185237883724,,,,,,,,,,0.00647518516733,3.28870525935,0.687226581876,0.000279889903183,0.000276932600986,1001,-5.0,5.0,0.010000000000001563,0.8698096005360775,0.7057749612059786,3.284390318787505,0.8698096005360775,-0.16403463933009887,0.8698571162397469,0.8963133777995389,0.020918644238113324,0.8698571162397469,0.02645626155979197,0.8784712826721751,1.5523783433543077,0.006543038296040877,0.8784712826721751,0.6739070606821326,0.8698505215396716,0.8698505355348499,3.2508317798371096e-06,-1.5698505215396716,0.8698690806036727,0.8698690945988158,3.2805533893599862e-06,-1.5698690806036728,1.8559064001721914e-05,0.8698505215396716,0.8698505355348499,1.2353061764498159,1.235306222503558,1.2353061764498159,1.235306222503558,0.0010040369584943544,0.0010040369584975604,0.001004036958494862,0.8698505215396716,0.8698505355348499,3.2508317798371147e-06,-1.5698505215396716,0.8698690806036736,0.8698690945988167,3.280553389359952e-06,-1.5698690806036737,1.8559064002610093e-05,0.8698505215396716,0.8698505355348499,1.2353061764498192,1.2353062225035614,1.2353061764498192,1.2353062225035614,0.0010040369584943544,0.0010040369584975604,0.001004036958494862,0.0010040004171749778,0.0010040004171749778,0.00028639156660300615,1.8855711428344968e-05,3.251738554111499e-06,-1.5696694630887214,3.281455852752191e-06,-1.569688305033858,1.9087379246607307e-17,1.909822126833216e-17,1.9087379246607307e-17,1.909822126833216e-17,,,,,,,,,,,,,,,,,,,,,,,,,,,,,,,,,,,,,,,,,,,,,,,,,,,,,,,,,,,,,,,,,
F2,0.005,0,1,0,DC,nomi,both,SWI1,f2_m1_c0_chain_s0_viac1dc0_d1p25_both_vdd3p3_e1,M1,C0,chain,1.25,0.0,1,3p3,,,,,,,,,,,,,,,,,,,,,,,,,,,,,,,,,,,,,,,,,,,,,,,,,,,,,,,,,,,,,,,,,,,,,,,,,,,,,,,,,,,,,,,,,,,,,,,,,,,,,,,,,,,,,,49.56043022772854,46.33687721593825,49.56043022770837,-0.07821643739479167,1.1689810652981034,10471285.480509972,18420208.284043483,49.56043022770735,0.5841327759408872,1.7270072516897295e-05,10.964781961432001,5517386.604833969,-49.56043022766,46.32735551588489,,,,,,,,,,,,,,,,,,,,,,,,,,,,,,,,,,,,,,,,,,,,,,,,,,,
F2,0.5,6,100,0,DC,nomi,both,SWI1,f2_m1_c0_chain_s6_viac1dc0_d1p25_both_vdd3p3_e1,M1,C0,chain,1.25,0.0,1,3p3,,,,,,,,,,,,,,,,,,,,,,,,,,,,,,,,,,,,,,,,,,,,,,,,,,,,,,,,,,,,,,,,,,,,,,,,,,,,,,,,,,,,,,,,,,,,,,,,,,,,,,,,,,,,,,0.49594825785036395,0.4636343962502553,0.4959482578506207,-0.07716808723505778,1.1679500484264818,10471285.480509972,18419150.48849995,0.4959482578506104,0.5851811261006201,1.772129540369107e-05,24.831331052956163,5515919.775065041,-0.4959482578499336,0.46355898266638673,,,,,,,,,,,,,,,,,,,,,,,,,,,,,,,,,,,,,,,,,,,,,,,,,,,
F2,NA,0,NA,NA,DC,nomi,both,SWI1,f2_m1_c0_iso_sna_viac1dc0_d1p25_both_vdd3p3_e1,M1,C0,iso,1.25,0.0,1,3p3,,,,,,,,,,,,,,,,,,,,,,,,,,,,,,,,,,,,,,,,,,,,,,,,,,,,,,,,,,,,,,,,,,,,,,,,,,,,,,,,,,,,,,,,,,,,,,,,,,,,,,,,,,,,,,0.9999973770635903,0.9364848357824628,0.9999973770636107,-0.09239692660717734,1.50369680699552,11091748.152625049,19606006.474795558,0.9999973770635902,0.5699522867285017,0.0,1.0,5649671.985998263,-0.9999973770635533,,,,,,,,,,,,,,,,,,,,,,,,,,,,,,,,,,,,,,,,,,,,,,,,,,,,
F2,0.005,0,1,0,DC,nomi,both,SWI1,f2_m1_c1_chain_s0_viac1dc0_d1p25_both_vdd3p3_e1,M1,C1,chain,1.25,0.0,1,3p3,,,,,,,,,,,,,,,,,,,,,,,,,,,,,,,,,,,,,,,,,,,,,,,,,,,,,,,,,,,,,,,,,,,,,,,,,,,,,,,,,,,,,,,,,,,,,,,,,,,,,,,,,,,,,,49.56043022772854,45.41875356281477,49.56043022770813,0.09560206859445644,1.7270088669350243e-05,10.964781961432001,10266650.48640307,49.56043022770711,0.7579512819301352,1.727006734425505e-05,10.964781961432001,4363196.68322186,-49.56043022766396,45.40951153378077,,,,,,,,,,,,,,,,,,,,,,,,,,,,,,,,,,,,,,,,,,,,,,,,,,,
F2,0.5,6,100,0,DC,nomi,both,SWI1,f2_m1_c1_chain_s6_viac1dc0_d1p25_both_vdd3p3_e1,M1,C1,chain,1.25,0.0,1,3p3,,,,,,,,,,,,,,,,,,,,,,,,,,,,,,,,,,,,,,,,,,,,,,,,,,,,,,,,,,,,,,,,,,,,,,,,,,,,,,,,,,,,,,,,,,,,,,,,,,,,,,,,,,,,,,0.49594825785036395,0.45444789702300337,0.4959482578506183,0.0966504187537404,1.7721378823632696e-05,24.831331052956163,10264920.709226215,0.49594825785060803,0.7589996320894168,1.7721268709232605e-05,24.831331052956163,4362250.579827297,-0.49594825784998164,0.4543748878818357,,,,,,,,,,,,,,,,,,,,,,,,,,,,,,,,,,,,,,,,,,,,,,,,,,,
F2,NA,0,NA,NA,DC,nomi,both,SWI1,f2_m1_c1_iso_sna_viac1dc0_d1p25_both_vdd3p3_e1,M1,C1,iso,1.25,0.0,1,3p3,,,,,,,,,,,,,,,,,,,,,,,,,,,,,,,,,,,,,,,,,,,,,,,,,,,,,,,,,,,,,,,,,,,,,,,,,,,,,,,,,,,,,,,,,,,,,,,,,,,,,,,,,,,,,,0.9999973770635816,0.9179290193131916,0.9999973770636023,0.0814283514514757,0.0,1.0,10822354.918378957,0.9999973770635816,0.7437775647871541,0.0,1.0,4415340.387445749,-0.9999973770635256,,,,,,,,,,,,,,,,,,,,,,,,,,,,,,,,,,,,,,,,,,,,,,,,,,,,
F2,0.005,0,1,0,DC,nomi,both,SWI1,f2_m2_c0_chain_s0_viac1dc0_d1p25_both_vdd3p3_e1,M2,C0,chain,1.25,0.0,1,3p3,,,,,,,,,,,,,,,,,,,,,,,,,,,,,,,,,,,,,,,,,,,,,,,,,,,,,,,,,,,,,,,,,,,,,,,,,,,,,,,,,,,,,,,,,,,,,,,,,,,,,,,,,,,,,,49.56043232463046,46.336877470938376,49.56043232442775,-0.07821611775368961,1.1689810844612243,10471285.480509972,18420208.936599396,49.56043232442672,0.5841330955819877,1.7275079432081484e-05,11.091748152624165,5517386.217809916,-49.560432324379356,46.327355770975494,,,,,,,,,,,,,,,,,,,,,,,,,,,,,,,,,,,,,,,,,,,,,,,,,,,
F2,0.5,6,100,0,DC,nomi,both,SWI1,f2_m2_c0_chain_s6_viac1dc0_d1p25_both_vdd3p3_e1,M2,C0,chain,1.25,0.0,1,3p3,,,,,,,,,,,,,,,,,,,,,,,,,,,,,,,,,,,,,,,,,,,,,,,,,,,,,,,,,,,,,,,,,,,,,,,,,,,,,,,,,,,,,,,,,,,,,,,,,,,,,,,,,,,,,,0.4959482788322227,0.46363439880331947,0.4959482788321584,-0.077167767597563,1.167950067593658,10471285.480509972,18419151.141032394,0.4959482788321482,0.5851814457381161,1.7743711032240928e-05,27.54228703338219,5515919.388097182,-0.4959482788314712,0.46355898521886296,,,,,,,,,,,,,,,,,,,,,,,,,,,,,,,,,,,,,,,,,,,,,,,,,,,
F2,0.005,0,1,0,DC,nomi,both,SWI1,f2_m2_c1_chain_s0_viac1dc0_d1p25_both_vdd3p3_e1,M2,C1,chain,1.25,0.0,1,3p3,,,,,,,,,,,,,,,,,,,,,,,,,,,,,,,,,,,,,,,,,,,,,,,,,,,,,,,,,,,,,,,,,,,,,,,,,,,,,,,,,,,,,,,,,,,,,,,,,,,,,,,,,,,,,,49.56043232463046,45.41875385511742,49.56043232441412,0.0956023801542353,1.7275101299127625e-05,11.091748152624165,10266650.417503418,49.5604323244131,0.7579515934899141,1.7275079470654507e-05,11.091748152624165,4363196.444008176,-49.56043232436994,45.40951182605285,,,,,,,,,,,,,,,,,,,,,,,,,,,,,,,,,,,,,,,,,,,,,,,,,,,
F2,0.5,6,100,0,DC,nomi,both,SWI1,f2_m2_c1_chain_s6_viac1dc0_d1p25_both_vdd3p3_e1,M2,C1,chain,1.25,0.0,1,3p3,,,,,,,,,,,,,,,,,,,,,,,,,,,,,,,,,,,,,,,,,,,,,,,,,,,,,,,,,,,,,,,,,,,,,,,,,,,,,,,,,,,,,,,,,,,,,,,,,,,,,,,,,,,,,,0.4959482788322227,0.4544478999482285,0.49594827883216075,0.09665073031235996,1.7743813744478223e-05,27.54228703338219,10264920.640225483,0.4959482788321504,0.7589999436480361,1.774367823360214e-05,27.54228703338219,4362250.340642989,-0.4959482788315239,0.4543748908063547,,,,,,,,,,,,,,,,,,,,,,,,,,,,,,,,,,,,,,,,,,,,,,,,,,,
F3,0.005,0,1,0,DC,nomi,pos,SWI1,f3_m1_c0_chain_s0_vi2_d1p25_pos_vdd3p3_e1,M1,C0,chain,1.25,0.0,1,3p3,,0.0066293318346027875,1.2309180734566694,0.0,0.0,0.8696694583707798,0.8701782595768747,7.16434405405586e-05,-1.5696694583707798,0.6460159749359532,1.5130601775775745,0.0001467910007890486,-1.3460159749359533,0.6433896780978751,0.8696694583708163,0.8701782595768747,0.006629326139340347,1.4600934403104167,0.0066293318346027875,1.2309180734566694,0.0010040004164629261,0.0010173079338646922,0.0010040438770782033,4.745893879710278e-12,5.403286577494498e-05,0.00016298217404231254,0.00016303305416291838,7.49359832585666e-05,,,,,,,,,,0.0066293318346,1.23091807346,,,,,,,,,,,,,,,,,,,,,,,,,,,,,,,,,,,,,,,,,,,,,,,,,,,,,,,,,,,,,,,,,,,,,,,,,,,,,,,,,,,,,2,1.697359431948073e-07,1.2309180734566496,-0.0001471063403764017,1.1020000000000001e-05,1.8979999999999998e-05,0.000507229441228052,0.0005053650331775517,2.0,5.000000000010964e-10,,,,,,,,,,,,,,,,,,,,,,,,,,,,,,,,,,,,,,,,,
F3,0.005,0,1,0,DC,nomi,neg,SWI1,f3_m1_c0_chain_s0_vin2_d1p25_neg_vdd3p3_e1,M1,C0,chain,1.25,0.0,1,3p3,,1.2309180734565908,3.2891292737608424,0.0,0.0,0.8696347107590592,0.8696694583708635,6.521653514379722e-05,-1.5696347107590591,0.23760986556840547,1.2410117742979867,0.00015353335886922307,-0.9376098655684054,0.6320588573874525,0.8696347107590592,0.8696694583708163,0.852452739492631,3.2891292761916593,1.2309180734565908,3.2891292737608424,0.00100400041239979,0.0010251770248495972,0.0010041845114779275,3.502201740910421e-05,1.3929372753114165e-09,0.00016303305416291838,0.0001630365289240941,0.0001256067164307189,,,,,,,,,,1.23091807346,3.28912927376,,,,,,,,,,,,,,,,,,,,,,,,,,,,,,,,,,,,,,,,,,,,,,,,,,,,,,,,,,,,,,,,,,,,,,,,,,,,,,,,,,,,,-2,1.844636246588636e-07,1.2309180734566496,0.0016981738894676912,1.1020000000000001e-05,1.8979999999999998e-05,-3.465164350613392e-05,-3.401558978943786e-05,2.0,5.000000000010964e-10,,,,,,,,,,,,,,,,,,,,,,,,,,,,,,,,,,,,,,,,,
F3,NA,0,NA,NA,DC,nomi,pos,SWI1,f3_m1_c0_iso_sna_vi3p9_d1p25_pos_vdd3p3_e1,M1,C0,iso,1.25,0.0,1,3p3,,0.0066144465735092466,1.2365388672252846,0.0,0.0,0.8696694583213684,0.8702258137583669,7.242846995225705e-05,-1.5696694583213684,0.6436137054659381,1.515434808392474,0.00015059607263815666,-1.343613705465938,0.6457642808567139,0.8696694583214628,0.8702258137583657,0.006614440696516366,1.4681141976582899,0.0066144465735092466,1.2365388672252846,0.0010040004164584768,0.0010173968972681739,0.0010040442718815,5.2007937561583676e-12,5.914698219377386e-05,0.00016297741862416343,0.00016303305416785372,7.523403157990843e-05,,,,,,,,,,0.00661444657351,1.23653886723,,,,,,,,,,,,,,,,,,,,,,,,,,,,,,,,,,,,,,,,,,,,,,,,,,,,,,,,,,,,,,,,,,,,,,,,,,,,,,,,,,,,,3.9,1.3594222272892426e-07,1.2347103541958795,0.0018185981124558825,1.1020000000000001e-05,1.8979999999999998e-05,0.0005562767136244595,0.0005526441572069052,,5.000000000010964e-10,,,,,,,,,,,,,,,,,,,,,,,,,,,,,,,,,,,,,,,,,
F3,NA,0,NA,NA,DC,nomi,neg,SWI1,f3_m1_c0_iso_sna_vin3p9_d1p25_neg_vdd3p3_e1,M1,C0,iso,1.25,0.0,1,3p3,,1.234573528080067,3.2892313309129704,0.0,0.0,0.8696273089508679,0.8696694583215958,7.815567239610743e-05,-1.5696273089508679,0.23311110870861027,1.2474608959654205,0.00016161520821005363,-0.9331111087086102,0.6365576029739682,0.8696273089508765,0.8696694583214628,0.848472627265914,3.289231333437457,1.234573528080067,3.2892313309129704,0.0010040004124014373,0.0010251646629769917,0.0010041829805042602,4.161700361896238e-05,1.7907899362945393e-09,0.00016303305416785372,0.00016303726910491234,0.00012616487485004834,,,,,,,,,,1.23457352808,3.28923133091,,,,,,,,,,,,,,,,,,,,,,,,,,,,,,,,,,,,,,,,,,,,,,,,,,,,,,,,,,,,,,,,,,,,,,,,,,,,,,,,,,,,,-3.9,1.504301079132628e-07,1.2347103541958795,-0.00013608802932485453,1.1020000000000001e-05,1.8979999999999998e-05,-4.214873751917647e-05,-4.1355102108231456e-05,,5.000000000010964e-10,,,,,,,,,,,,,,,,,,,,,,,,,,,,,,,,,,,,,,,,,
F3,0.005,0,1,0,DC,nomi,pos,SWI1,f3_m1_c1_chain_s0_vi2_d1p25_pos_vdd3p3_e1,M1,C1,chain,1.25,0.0,1,3p3,,0.0066284773896273744,1.230918078905523,0.0,0.0,0.8696694583707799,0.8701775394394944,5.7132629484479835e-05,-1.5696694583707798,0.7210921644512224,1.5113737765919888,0.00010616743229262494,-1.4210921644512222,0.6417030643749329,0.8696694583708163,0.8701775394394944,0.006603840752127938,1.2384502071247796,0.0066284773896273744,1.230918078905523,0.0010040004164596943,0.0010134476547901045,0.0010040437446856643,6.424380287733261e-13,5.0666098152138665e-05,0.00016298224605605055,0.00016303305416291838,6.562131954699473e-05,,,,,,,,,,0.00662847738963,1.23091807891,,,,,,,,,,,,,,,,,,,,,,,,,,,,,,,,,,,,,,,,,,,,,,,,,,,,,,,,,,,,,,,,,,,,,,,,,,,,,,,,,,,,,2,1.8824789384425821e-07,1.2309180734566174,-0.00014952507467125287,1.1020000000000001e-05,1.8979999999999998e-05,0.0005064961312910565,0.000504653913948605,2.0,5.000000000010964e-10,,,,,,,,,,,,,,,,,,,,,,,,,,,,,,,,,,,,,,,,,
F3,0.005,0,1,0,DC,nomi,neg,SWI1,f3_m1_c1_chain_s0_vin2_d1p25_neg_vdd3p3_e1,M1,C1,chain,1.25,0.0,1,3p3,,1.2309180677322322,3.289152797787108,0.0,0.0,0.8696351404994366,0.8696694583708637,5.2704475033138465e-05,-1.5696351404994364,0.3116943488959057,1.1173003726407307,0.00010569643900926758,-1.0116943488959056,0.5579743982047611,0.8696351404994366,0.8696694583708163,1.2197077378958543,3.289323137956704,1.2309180677322322,3.289152797787108,0.0010040004123839483,0.0010243659645348454,0.0010041793572640352,1.9844517359014715e-06,1.15359910317879e-11,0.00016303305416291838,0.00016303648595005635,0.00011641509318909357,,,,,,,,,,1.23091806773,3.28915279779,,,,,,,,,,,,,,,,,,,,,,,,,,,,,,,,,,,,,,,,,,,,,,,,,,,,,,,,,,,,,,,,,,,,,,,,,,,,,,,,,,,,,-2,2.0141444619542107e-07,1.2309180734566174,0.0016996540831575313,1.1020000000000001e-05,1.8979999999999998e-05,-3.4220997259692965e-05,-3.359061921381912e-05,2.0,5.000000000010964e-10,,,,,,,,,,,,,,,,,,,,,,,,,,,,,,,,,,,,,,,,,
F3,NA,0,NA,NA,DC,nomi,pos,SWI1,f3_m1_c1_iso_sna_vi3p9_d1p25_pos_vdd3p3_e1,M1,C1,iso,1.25,0.0,1,3p3,,0.006612252863268098,1.2365363799293587,0.0,0.0,0.869669458321455,0.8702250543335532,6.218751170106174e-05,-1.569669458321455,0.720213495804478,1.5138622745465118,0.00012530663697759068,-1.4202134958044779,0.6441915664699143,0.8696694583214628,0.8702250543335532,0.006575571001474346,1.244444136301599,0.006612252863268098,1.2365363799293587,0.001004000416452667,0.0010134953131476503,0.0010040442662742112,6.449265275466909e-13,5.5709504612465384e-05,0.00016297749456664469,0.00016303305416785372,6.573033550812928e-05,,,,,,,,,,0.00661225286327,1.23653637993,,,,,,,,,,,,,,,,,,,,,,,,,,,,,,,,,,,,,,,,,,,,,,,,,,,,,,,,,,,,,,,,,,,,,,,,,,,,,,,,,,,,,3.9,1.5395995497022195e-07,1.234710354195922,0.0018161325412380247,1.1020000000000001e-05,1.8979999999999998e-05,0.0005555044425639144,0.000551893769899725,,5.000000000010964e-10,,,,,,,,,,,,,,,,,,,,,,,,,,,,,,,,,,,,,,,,,
F3,NA,0,NA,NA,DC,nomi,neg,SWI1,f3_m1_c1_iso_sna_vin3p9_d1p25_neg_vdd3p3_e1,M1,C1,iso,1.25,0.0,1,3p3,,1.2345752817228293,3.289261620048804,0.0,0.0,0.8696278451089982,0.8696694583216029,6.609159213155635e-05,-1.569627845108998,0.29697638132302484,1.1200768830342396,0.0001351541483482523,-0.9969763813230248,0.5726923267113033,0.8696278451089982,0.8696694583214628,1.2213683208694779,3.289472404831398,1.2345752817228293,3.289261620048804,0.0010040004123816504,0.001024384189422965,0.0010041802550914399,3.5169457680093192e-06,1.2830664395530045e-11,0.00016303305416785372,0.0001630372154891002,0.00011824114375644851,,,,,,,,,,1.23457528172,3.28926162005,,,,,,,,,,,,,,,,,,,,,,,,,,,,,,,,,,,,,,,,,,,,,,,,,,,,,,,,,,,,,,,,,,,,,,,,,,,,,,,,,,,,,-3.9,1.6743705024478216e-07,1.234710354195922,-0.00013434441205895098,1.1020000000000001e-05,1.8979999999999998e-05,-4.1612627876164154e-05,-4.082515935655007e-05,,5.000000000010964e-10,,,,,,,,,,,,,,,,,,,,,,,,,,,,,,,,,,,,,,,,,
F3,0.005,0,1,0,DC,nomi,pos,SWI1,f3_m2_c0_chain_s0_vi2_d1p25_pos_vdd3p3_e1,M2,C0,chain,1.25,0.0,1,3p3,,0.006629554264744653,1.2315138912032397,0.0,0.0,0.8698505216710151,0.8702735050285278,7.164649879021212e-05,-1.569850521671015,0.6460522234366417,1.5132181654530732,0.00014680081585215064,-1.3460522234366417,0.6433666890181523,0.8698505216710151,0.8702735050285278,0.006629548991833898,1.460465772305287,0.006629554264744653,1.2315138912032397,0.0010040004164617372,0.001017311209315865,0.0010040438810905042,4.756325189389163e-12,5.398553470305644e-05,0.00016303305309590965,0.00016303305460237924,7.493148592597496e-05,,,,,,,,,,0.00662955426474,1.2315138912,,,,,,,,,,,,,,,,,,,,,,,0.8698505216702848,0.8698505231840872,3.2508542062714696e-06,-1.5698505216702847,0.8698690807342809,0.8698690822470163,3.280553388892897e-06,-1.5698690807342808,1.8559068053036754e-05,0.8698505216702848,0.8698505231840872,1.2353061768796054,1.2353061818613562,1.2353061768796263,1.235306181851651,0.0010040369584943842,0.0010040369584949306,0.0010040369584946504,0.8698505216702848,0.8698505231840874,3.2508542062714696e-06,-1.5698505216702847,0.8698690807342809,0.8698690822470164,3.280553388892896e-06,-1.5698690807342808,1.8559068053036754e-05,0.8698505216702848,0.8698505231840874,1.2353061768795999,1.2353061818613569,1.2353061768796263,1.2353061818516518,0.0010040369584943842,0.0010040369584949306,0.0010040369584946504,0.0010040004171749778,0.001004000417174978,1.822926060760309e-05,1.8859879813759584e-05,3.251740219744424e-06,-1.5696694539762075,3.2814667040720336e-06,-1.5696882788060391,1.9087379246607307e-17,1.9092800257469732e-17,1.9087379246607307e-17,1.9092800257469732e-17,,,,,,,,,,,,,,,2,1.7022213895002974e-07,1.2315138912032195,-0.0008253876616222122,1.1020000000000001e-05,1.8979999999999998e-05,0.00042180168924754735,0.0002990484093892132,2.0,5.000000000010964e-10,,,,,,,,,,,,,,,,,,,,,,,,,,,,,,,,,,,,,,,,,
F3,0.005,0,1,0,DC,nomi,neg,SWI1,f3_m2_c0_chain_s0_vin2_d1p25_neg_vdd3p3_e1,M2,C0,chain,1.25,0.0,1,3p3,,1.2315138912031447,3.2891305364455277,0.0,0.0,0.869821634519711,0.8698505216710154,6.522469679914877e-05,-1.569821634519711,0.2378017714763065,1.2410647646966626,0.00015354786434995437,-0.9378017714763065,0.6320480836159146,0.869821634519711,0.8698505216710154,0.8531269917471213,3.28913053878547,1.2315138912031447,3.2891305364455277,0.0010040004124017988,0.0010251714970483908,0.0010041838513037242,3.5007531740503305e-05,1.3857003451590508e-09,0.00016303305313642024,0.00016303305428619,0.00012558290676472622,,,,,,,,,,1.2315138912,3.28913053645,,,,,,,,,,,,,,,,,,,,,,,0.8698505215670798,0.8698505216702848,3.2508542062714696e-06,-1.5698505215670797,0.8698690806311561,0.8698690807342913,3.280553389435046e-06,-1.5698690806311562,1.855906688785769e-05,0.8698505215670798,0.8698505216702848,1.2353061765400128,1.23530617687967,1.235306176540777,1.235306176879658,0.0010040369584942345,0.0010040369584945117,0.0010040369584943662,0.86985052156708,0.8698505216702848,3.2508542062714696e-06,-1.56985052156708,0.8698690806311563,0.8698690807342913,3.2805533894350456e-06,-1.5698690806311562,1.855906688785769e-05,0.86985052156708,0.8698505216702848,1.2353061765400135,1.2353061768796778,1.2353061765407778,1.235306176879658,0.0010040369584942345,0.0010040369584945117,0.0010040369584943662,0.0010040004171749778,0.0010040004171749778,9.752495352922627e-06,1.885828021142011e-05,3.251740101783223e-06,-1.5696694571381,3.281462100789001e-06,-1.5696882819894475,1.9087379246607307e-17,1.909822126833216e-17,1.9087379246607307e-17,1.909822126833216e-17,,,,,,,,,,,,,,,-2,1.848575232546434e-07,1.2315138912032195,0.0017439218117620836,1.1020000000000001e-05,1.8979999999999998e-05,-2.8815171211449275e-05,-2.010023336818101e-05,2.0,5.000000000010964e-10,,,,,,,,,,,,,,,,,,,,,,,,,,,,,,,,,,,,,,,,,
F3,NA,0,NA,NA,DC,nomi,pos,SWI1,f3_m2_c0_iso_sna_vi3p9_d1p25_pos_vdd3p3_e1,M2,C0,iso,1.25,0.0,1,3p3,,0.006614655825571793,1.2368138741885721,0.0,0.0,0.8698505216702797,0.8703131695356572,7.242757839032166e-05,-1.5698505216702796,0.6436431331875058,1.515594551800266,0.00015060331260125317,-1.3436431331875056,0.645743060757091,0.8698505216702797,0.8703131695356572,0.006614650388731601,1.4684604759036448,0.006614655825571793,1.2368138741885721,0.001004000416457296,0.0010173998105430131,0.001004044274047038,5.212053786609813e-12,5.909924950094457e-05,0.00016303305309462785,0.0001630330547330696,7.523038049782805e-05,,,,,,,,,,0.00661465582557,1.23681387419,,,,,,,,,,,,,,,,,,,,,,,0.8698505216702795,0.8698505233263196,3.2508542062714696e-06,-1.5698505216702796,0.8698690807342754,0.8698690823890735,3.2805533888971103e-06,-1.5698690807342754,1.855906842218591e-05,0.8698505216702795,0.8698505233263196,1.2353061768795857,1.2353061823293279,1.235306176879607,1.2353061823185307,0.0010040369584943844,0.001004036958494983,0.0010040369584946752,0.8698505216702791,0.8698505233263203,3.2508542062714696e-06,-1.5698505216702792,0.8698690807342752,0.8698690823890741,3.2805533888971124e-06,-1.569869080734275,1.8559068422074887e-05,0.8698505216702791,0.8698505233263203,1.2353061768795857,1.2353061823293299,1.235306176879607,1.235306182318533,0.0010040369584943844,0.001004036958494983,0.0010040369584946752,0.0010040004171749778,0.001004000417174978,1.9024123294538766e-05,1.886007599527506e-05,3.2517402234844876e-06,-1.569669452669304,3.281468496839357e-06,-1.5696882735017392,1.9087379246607307e-17,1.9092800257469732e-17,1.9087379246607307e-17,1.9092800257469732e-17,,,,,,,,,,,,,,,3.9,1.364160874222566e-07,1.235306176879638,0.0010765894122612973,1.1020000000000001e-05,1.8979999999999998e-05,0.00046259753793576053,0.0003269452042758969,,5.000000000010964e-10,,,,,,,,,,,,,,,,,,,,,,,,,,,,,,,,,,,,,,,,,
F3,NA,0,NA,NA,DC,nomi,neg,SWI1,f3_m2_c0_iso_sna_vin3p9_d1p25_neg_vdd3p3_e1,M2,C0,iso,1.25,0.0,1,3p3,,1.2351936118240836,3.289232486972197,0.0,0.0,0.8698154492845762,0.8698505216702797,7.814526235172536e-05,-1.5698154492845762,0.2332927238424397,1.2475540407770613,0.00016159539094714464,-0.9332927238424397,0.6365571191873032,0.8698154492845762,0.8698505216702797,0.8491847984177092,3.289232489395763,1.2351936118240836,3.289232486972197,0.0010040004124012446,0.0010251589836446544,0.0010041834448881002,4.161623246748856e-05,1.7841870150357361e-09,0.0001630330530406024,0.00016303305428715757,0.00012614234195503228,,,,,,,,,,1.23519361182,3.28923248697,,,,,,,,,,,,,,,,,,,,,,,0.8698505215449405,0.8698505216702795,3.2508542062714696e-06,-1.5698505215449403,0.8698690806090494,0.8698690807342825,3.280553389551619e-06,-1.5698690806090494,1.855906699499421e-05,0.8698505215449405,0.8698505216702795,1.2353061764672382,1.23530617687969,1.2353061764681725,1.2353061768796407,0.0010040369584942254,0.0010040369584945134,0.0010040369584943623,0.8698505215449411,0.8698505216702791,3.2508542062714696e-06,-1.5698505215449412,0.86986908060905,0.869869080734282,3.280553389551615e-06,-1.5698690806090498,1.855906699499421e-05,0.8698505215449411,0.8698505216702791,1.2353061764672404,1.23530617687969,1.2353061764681745,1.2353061768796394,0.0010040369584942254,0.0010040369584945134,0.0010040369584943623,0.0010040004171749778,0.001004000417174978,9.752495337691441e-06,1.8861640139755664e-05,3.2517403808030936e-06,-1.5696694571284242,3.2814623530733056e-06,-1.5696882819388822,1.9087379246607307e-17,1.909822126833216e-17,1.9087379246607307e-17,1.909822126833216e-17,,,,,,,,,,,,,,,-3.9,1.5036311146750458e-07,1.235306176879638,-8.051809336984128e-05,1.1020000000000001e-05,1.8979999999999998e-05,-3.5072177952732986e-05,-2.4452254057449885e-05,,5.000000000010964e-10,,,,,,,,,,,,,,,,,,,,,,,,,,,,,,,,,,,,,,,,,
F3,0.005,0,1,0,DC,nomi,pos,SWI1,f3_m2_c1_chain_s0_vi2_d1p25_pos_vdd3p3_e1,M2,C1,chain,1.25,0.0,1,3p3,,0.00662857185263072,1.2315138966520927,0.0,0.0,0.8698505216710154,0.8702729568828932,5.708196879417038e-05,-1.5698505216710155,0.7211490986947372,1.5115290116845133,0.00010587331635791405,-1.421149098694737,0.6416773701737327,0.8698505216710154,0.8702729568828932,0.006603988332597739,1.2387644766308812,0.00662857185263072,1.2315138966520927,0.0010040004164585039,0.0010134501083377317,0.0010040437522083096,6.424123331818382e-13,5.061643267579188e-05,0.00016303305328027533,0.0001630330545214808,6.561425574506983e-05,,,,,,,,,,0.00662857185263,1.23151389665,,,,,,,,,,,,,,,,,,,,,,,0.8698505216702844,0.8698505231822516,3.2508542062714696e-06,-1.5698505216702845,0.8698690807342824,0.8698690822451953,3.280553503987038e-06,-1.5698690807342823,1.855906648040584e-05,0.8698505216702844,0.8698505231822516,1.235306176879622,1.2353061818524675,1.2353061768796263,1.2353061818433273,0.0010040369584943842,0.0010040369584949304,0.00100403695849465,0.8698505216702844,0.8698505231822516,3.2508542062714696e-06,-1.5698505216702845,0.8698690807342824,0.8698690822451953,3.280553503987038e-06,-1.5698690807342823,1.855906648040584e-05,0.8698505216702844,0.8698505231822516,1.235306176879622,1.2353061818524675,1.2353061768796263,1.2353061818433273,0.0010040369584943842,0.0010040369584949304,0.00100403695849465,0.0010040004171749778,0.001004000417174978,1.8218307268412903e-05,1.8854970142201388e-05,3.2517396828683103e-06,-1.5696694547851922,3.2814657177498985e-06,-1.569688281795999,1.9087379246607307e-17,1.9092800257469732e-17,1.9087379246607307e-17,1.9092800257469732e-17,,,,,,,,,,,,,,,2,1.8872701529250826e-07,1.2315138912031873,-0.0008266052991312556,1.1020000000000001e-05,1.8979999999999998e-05,0.0004212441620402574,0.00029866564982194976,2.0,5.000000000010964e-10,,,,,,,,,,,,,,,,,,,,,,,,,,,,,,,,,,,,,,,,,
F3,0.005,0,1,0,DC,nomi,neg,SWI1,f3_m2_c1_chain_s0_vin2_d1p25_neg_vdd3p3_e1,M2,C1,chain,1.25,0.0,1,3p3,,1.2315138854788057,3.289154117225702,0.0,0.0,0.8698219613755617,0.8698505216710154,5.269640000094e-05,-1.5698219613755615,0.3117379325605507,1.1173998949130202,0.00010567604598031589,-1.0117379325605507,0.5581119422204619,0.8698219613755617,0.8698505216710154,1.2203264241192349,3.2893245077961866,1.2315138854788057,3.289154117225702,0.0010040004123828491,0.0010243609736765866,0.001004178965099513,1.995095613230931e-06,1.1497635417530294e-11,0.00016303305322063047,0.00016303305414088886,0.00011640968578653217,,,,,,,,,,1.23151388548,3.28915411723,,,,,,,,,,,,,,,,,,,,,,,0.8698505215681666,0.8698505216702848,3.2508542062714696e-06,-1.5698505215681666,0.8698690806322452,0.8698690807342903,3.280553503987038e-06,-1.569869080632245,1.8559065514955897e-05,0.8698505215681666,0.8698505216702848,1.235306176543786,1.2353061768796623,1.2353061765445499,1.2353061768796618,0.0010040369584943215,0.001004036958494455,0.0010040369584943664,0.8698505215681666,0.8698505216702848,3.2508542062714696e-06,-1.5698505215681666,0.8698690806322452,0.8698690807342903,3.280553503987038e-06,-1.569869080632245,1.8559065514955897e-05,0.8698505215681666,0.8698505216702848,1.235306176543786,1.2353061768796623,1.2353061765445499,1.2353061768796618,0.0010040369584943215,0.001004036958494455,0.0010040369584943664,0.0010040004171749778,0.0010040004171749778,9.75249535266245e-06,1.8855867168543483e-05,3.2517398565557488e-06,-1.5696694585911115,3.281468648717867e-06,-1.5696882892897581,1.9087379246607307e-17,1.909822126833216e-17,1.9087379246607307e-17,1.909822126833216e-17,,,,,,,,,,,,,,,-2,2.012446062593997e-07,1.2315138912031873,0.0017447520818063555,1.1020000000000001e-05,1.8979999999999998e-05,-2.8487428004098092e-05,-1.9870462895532626e-05,2.0,5.000000000010964e-10,,,,,,,,,,,,,,,,,,,,,,,,,,,,,,,,,,,,,,,,,
F3,NA,0,NA,NA,DC,nomi,pos,SWI1,f3_m2_c1_iso_sna_vi3p9_d1p25_pos_vdd3p3_e1,M2,C1,iso,1.25,0.0,1,3p3,,0.0066123273298511935,1.2368117682536348,0.0,0.0,0.8698505216702852,0.8703125911390143,6.213579741043418e-05,-1.5698505216702852,0.7202809892782973,1.514019340960619,0.00012531476347922197,-1.4202809892782973,0.6441676823984742,0.8698505216702852,0.8703125911390143,0.006575574592898744,1.2447318096116167,0.0066123273298511935,1.2368117682536348,0.0010040004164514828,0.0010134973058832943,0.0010040442695597594,6.44902642572831e-13,5.565883822759816e-05,0.0001630330532634164,0.00016303305464113557,6.57219616280028e-05,,,,,,,,,,0.00661232732985,1.23681176825,,,,,,,,,,,,,,,,,,,,,,,0.8698505216702856,0.8698505233243912,3.2508542062714696e-06,-1.5698505216702856,0.8698690807342839,0.8698690823871768,3.2805534977559114e-06,-1.5698690807342839,1.8559066726986373e-05,0.8698505216702856,0.8698505233243912,1.2353061768796287,1.2353061823198217,1.2353061768796327,1.2353061823096703,0.0010040369584943844,0.0010040369584949829,0.0010040369584946747,0.8698505216702855,0.8698505233243906,3.250868758186698e-06,-1.5698505216702854,0.8698690807342835,0.8698690823871763,3.2805534585580998e-06,-1.5698690807342834,1.8559066726986373e-05,0.8698505216702855,0.8698505233243906,1.2353061768796274,1.23530618231982,1.2353061768796296,1.2353061823096685,0.0010040369584943844,0.0010040369584949829,0.0010040369584946747,0.0010040004171749778,0.001004000417174978,1.9012568962730655e-05,1.8856318484972157e-05,3.251739731960961e-06,-1.5696694535886444,3.2814673267822503e-06,-1.5696882771948224,1.9087379246607307e-17,1.9092800257469732e-17,1.9087379246607307e-17,1.9092800257469732e-17,,,,,,,,,,,,,,,3.9,1.5434583927828367e-07,1.2353061768796603,0.0010753958064910751,1.1020000000000001e-05,1.8979999999999998e-05,0.0004620104403496583,0.0003265412871634732,,5.000000000010964e-10,,,,,,,,,,,,,,,,,,,,,,,,,,,,,,,,,,,,,,,,,
F3,NA,0,NA,NA,DC,nomi,neg,SWI1,f3_m2_c1_iso_sna_vin3p9_d1p25_neg_vdd3p3_e1,M2,C1,iso,1.25,0.0,1,3p3,,1.2351949466060907,3.2892628250159808,0.0,0.0,0.8698158571936109,0.8698505216702856,6.608846770461696e-05,-1.569815857193611,0.2970334117041294,1.1201734117049325,0.0001351504294290012,-0.9970334117041293,0.5728164279868464,0.8698158571936109,0.8698505216702856,1.2219911089953703,3.289473600694831,1.2351949466060907,3.2892628250159808,0.001004000412382195,0.0010243791672890027,0.0010041802590411316,3.5339511359433756e-06,1.278588331130731e-11,0.00016303305314200873,0.00016303305422134297,0.00011823406802678294,,,,,,,,,,1.23519494661,3.28926282502,,,,,,,,,,,,,,,,,,,,,,,0.8698505215463053,0.8698505216702861,3.2508542062714696e-06,-1.5698505215463052,0.8698690806104119,0.8698690807342903,3.2805534977559114e-06,-1.5698690806104119,1.85590655343848e-05,0.8698505215463053,0.8698505216702861,1.2353061764719648,1.2353061768796667,1.2353061764728923,1.2353061768796663,0.0010040369584943206,0.0010040369584944533,0.0010040369584943627,0.8698505215463052,0.869850521670286,3.250868758186698e-06,-1.569850521546305,0.8698690806104118,0.8698690807342926,3.2805534585580998e-06,-1.5698690806104119,1.8559065534495822e-05,0.8698505215463052,0.869850521670286,1.2353061764719646,1.2353061768796663,1.235306176472892,1.2353061768796658,0.0010040369584943206,0.0010040369584944533,0.0010040369584943627,0.0010040004171749778,0.0010040004171749778,9.752495338095322e-06,1.8858573514024535e-05,3.2517400855115187e-06,-1.5696694577865702,3.281468921111086e-06,-1.5696882893265065,1.9087379246607307e-17,1.909822126833216e-17,1.9087379246607307e-17,1.909822126833216e-17,,,,,,,,,,,,,,,-3.9,1.6733502169534624e-07,1.2353061768796603,-7.958463896295953e-05,1.1020000000000001e-05,1.8979999999999998e-05,-3.466425703058107e-05,-2.4165710553192277e-05,,5.000000000010964e-10,,,,,,,,,,,,,,,,,,,,,,,,,,,,,,,,,,,,,,,,,
F4,NA,0,NA,NA,DC,nomi,both,SWI1,f4_m2_c1_iso_sna_visw3p9_d0p2_both_vdd3p3_e0,M2,C1,iso,0.2,0.0,0,3p3,,0.0084383455639904,3.290656243977846,0.0,0.0,0.8696155756083519,0.8699528196953242,5.30089034061959e-06,-1.5696155756083519,-0.07226763609515693,1.280085471844161,1.2700744649293559e-05,-0.627732363904843,0.9418832117035089,0.8696155756083519,0.8699528196953242,0.0084383455639904,3.290656243977846,0.0084383455639904,3.290656243977846,0.0010040004171782812,0.001004336711303689,0.0010041545902447055,,,0.00016303305369075373,0.00016303305369131616,0.00013400564166801004,,,,,,,,,,0.00843834556399,3.29065624398,0.941883211704,5.30089034062e-06,1.27007446493e-05,781,-3.9,3.9,0.010000000000000675,0.8696155756083519,-0.07226763609515693,3.290656243977846,0.8696155756083519,-0.9418832117035089,0.8698505214191904,0.8698680743832471,2.538032343516095,0.8698505214191904,1.7552964056699594e-05,0.8699528196953242,1.280085471844161,0.0084383455639904,0.8699528196953242,0.41013265214883676,0.8698505214341768,0.8698505217728946,3.250831780320989e-06,-1.569850521434177,0.8698690804981792,0.8698690808368962,3.2805533899279375e-06,-1.5698690804981792,1.8559064003609294e-05,0.8698505214341768,0.8698505217728946,1.2353061761022643,1.2353061772168783,1.2353061761022643,1.2353061772168783,0.0010040369584943302,0.0010040369584944078,0.0010040369584943755,0.8698505214341768,0.8698505217728946,3.250831780320989e-06,-1.569850521434177,0.8698690804981792,0.8698690808368962,3.2805533899279375e-06,-1.5698690804981792,1.8559064003276227e-05,0.8698505214341768,0.8698505217728946,1.2353061761022643,1.2353061772168783,1.2353061761022643,1.2353061772168783,0.0010040369584943302,0.0010040369584944078,0.0010040369584943755,0.0010040004171749778,0.0010040004171749778,1.1802553897871481e-05,1.884217467851279e-05,3.251738487537407e-06,-1.5696694630868384,3.2814558538415972e-06,-1.5696883049283388,,,,,,,,,,,,,,,,,,,,,,,,,,,,,-0.00023494581083849386,0.00010229827613383868,-2.3597279685816375e-10,1.0274492368012034e-10,-2.3597279685816375e-10,1.0274492368012034e-10,-7.76515074463191e-10,3.38098882224358e-10,-7.765119658387221e-10,3.3810199084882697e-10,3.106060297852764e-09,,,,,,,,,,,,,,,,,,,,,,,,,,,,,,
F4,NA,0,NA,NA,DC,nomi,both,SWI1,f4_m2_c1_iso_sna_visw3p9_d0p2_both_vdd3p3_e1,M2,C1,iso,0.2,0.0,1,3p3,,0.008438531913809387,3.2896479477841543,0.0,0.0,0.8650233559613116,0.8699531287428481,9.348585879249776e-05,-1.5650233559613116,0.20715812299563352,1.2800667030462884,0.00010335493441073944,-0.9071581229956335,0.6578652329656781,0.8650233559613116,0.8699531287428481,0.008438531913809387,3.2896479477841543,0.008438531913809387,3.2896479477841543,0.0010040004171782812,0.0010043086678950181,0.001004152551522682,9.347140743811351e-05,6.2898518698355565e-09,0.00016303305369073988,0.00016303305369896106,0.00013400331303303826,,,,,,,,,,0.00843853191381,3.28964794778,0.657865232966,9.34858587925e-05,0.000103354934411,781,-3.9,3.9,0.010000000000000675,0.8650233559613116,0.20715812299563352,3.2896479477841543,0.8650233559613116,-0.6578652329656781,0.8698505214193247,0.8698680743833813,2.538032343516745,0.8698505214193247,1.755296405658857e-05,0.8699531287428481,1.2800667030462884,0.008438531913809387,0.8699531287428481,0.4101135743034403,0.8698505168220484,0.8698505217733391,3.250831803425295e-06,-1.5698505168220485,0.8698690758860619,0.8698690808373393,3.2805534129481864e-06,-1.5698690758860618,1.855906401349028e-05,0.8698505168220484,0.8698505217733391,1.2353061609255982,1.2353061772187404,1.2353061609255982,1.2353061772187404,0.0010040369584932737,0.001004036958494408,0.0010040369584942985,0.8698505168220484,0.8698505217733391,3.2508318034253017e-06,-1.5698505168220485,0.8698690758860628,0.8698690808373402,3.280553412948152e-06,-1.5698690758860627,1.8559064014378457e-05,0.8698505168220484,0.8698505217733391,1.2353061609256015,1.2353061772187437,1.2353061609256015,1.2353061772187437,0.0010040369584932737,0.001004036958494408,0.0010040369584942985,0.0010040004171749778,0.001004084116793244,8.698419518565004e-05,1.884217498226981e-05,3.251738487581356e-06,-1.5696694630103893,3.2814558995411525e-06,-1.5696883003150575,1.9087379246607307e-17,1.909822126833216e-17,1.9087379246607307e-17,1.909822126833216e-17,,,,,,,,,,,,,,,,,,,,,,,,,-0.004827165458013094,0.00010260732352340707,-4.848235701793158e-09,1.0305500897089814e-10,-4.848235701793158e-09,1.0305500897089814e-10,-1.595402165932569e-08,3.391205094516181e-10,-1.595402165932569e-08,3.391205094516181e-10,6.381608663730276e-08,,,,,,,,,,,,,,,,,,,,,,,,,,,,,,
F4,NA,0,NA,NA,DC,nomi,both,SWI1,f4_m2_c1_iso_sna_visw3p9_d1p25_both_vdd3p3_e0,M2,C1,iso,1.25,0.0,0,3p3,,0.005929779250155487,3.2890992700959885,0.0,0.0,0.869712705735551,0.8700498787879075,7.245960385010236e-06,-1.5697127057355509,0.3172254179487847,1.6692936761645127,8.80630024626043e-06,-1.0172254179487847,0.7992437973766052,0.869712705735551,0.8700498787879075,0.005929779250155487,3.2890992700959885,0.005929779250155487,3.2890992700959885,0.0010040004171837404,0.001004297606296212,0.0010041017309617986,,,0.00016303305369059189,0.00016303305369115418,0.00011572885633389766,,,,,,,,,,0.00592977925016,3.2890992701,0.799243797377,7.24596038501e-06,8.80630024626e-06,781,-3.9,3.9,0.010000000000000675,0.869712705735551,0.3172254179487847,3.2890992700959885,0.869712705735551,-0.5524872877867664,0.8698505216701498,0.8698690807341517,1.2353061768787774,0.8698505216701498,1.855906400194396e-05,0.8700498787879075,1.6692936761645127,0.005929779250155487,0.8700498787879075,0.7992437973766052,0.8698505215317308,0.8698505218703783,3.2508317798332166e-06,-1.5698505215317309,0.869869080595733,0.8698690809343803,3.2805533894401706e-06,-1.569869080595733,1.855906400349827e-05,0.8698505215317308,0.8698505218703783,1.2353061764232838,1.2353061775376688,1.2353061764232838,1.2353061775376688,0.0010040369584943525,0.0010040369584944301,0.0010040369584943885,0.8698505215317308,0.8698505218703783,3.2508317798332166e-06,-1.5698505215317309,0.869869080595733,0.8698690809343803,3.2805533894401706e-06,-1.569869080595733,1.855906400294316e-05,0.8698505215317308,0.8698505218703783,1.2353061764232838,1.2353061775376688,1.2353061764232838,1.2353061775376688,0.0010040369584943525,0.0010040369584944301,0.0010040369584943885,0.0010040004171749778,0.0010040004171749778,1.3747623941287335e-05,1.8842270567920316e-05,3.2517384880087393e-06,-1.5696694630884582,3.281455852877091e-06,-1.5696883050259172,,,,,,,,,,,,,,,,,,,,,,,,,,,,,-0.00013781593459871733,0.0001993571177577591,-1.3841894297428325e-10,2.0022850044654206e-10,-1.3841894297428325e-10,2.0022850044654206e-10,-4.554956412050615e-10,6.588893874948099e-10,-4.554956412050615e-10,6.588893874948099e-10,2.6355575499792394e-09,,,,,,,,,,,,,,,,,,,,,,,,,,,,,,
F4,NA,0,NA,NA,DC,nomi,both,SWI1,f4_m2_c1_iso_sna_visw3p9_d1p25_both_vdd3p3_e1,M2,C1,iso,1.25,0.0,1,3p3,,0.006715508942623065,3.289074319496143,0.0,0.0,0.8696456690142567,0.8725897109217514,5.814434880628769e-05,-1.5696456690142566,0.3213013354437059,1.5148201746472474,5.485141489229889e-05,-1.021301335443706,0.642230463725496,0.8696456690142567,0.8725897109217514,0.006715508942623065,3.289074319496143,0.006715508942623065,3.289074319496143,0.0010040004171837404,0.001004297196209336,0.0010041017258113395,1.3644693229502224e-06,5.1696153448322775e-05,0.00016303305368634295,0.0001630330536912526,0.00011522315937423002,,,,,,,,,,0.00671550894262,3.2890743195,0.642230463725,5.81443488063e-05,5.48514148923e-05,781,-3.9,3.9,0.010000000000000675,0.8696456690142567,0.3213013354437059,3.289074319496143,0.8696456690142567,-0.5483443335705507,0.8698505216702843,0.8698690807342861,1.2353061768794602,0.8698505216702843,1.8559064001832937e-05,0.8725897109217514,1.5148201746472474,0.006715508942623065,0.8725897109217514,0.642230463725496,0.869850521464538,0.869850524421429,3.250831780212796e-06,-1.569850521464538,0.8698690805285388,0.869869083485423,3.280553389735948e-06,-1.5698690805285387,1.8559064001832937e-05,0.869850521464538,0.869850524421429,1.2353061762025745,1.235306185932773,1.2353061762025745,1.235306185932773,0.001004036958494337,0.0010040369584950145,0.001004036958494415,0.869850521464538,0.869850524421429,3.250831780212796e-06,-1.569850521464538,0.8698690805285397,0.869869083485423,3.2805533897356267e-06,-1.5698690805285396,1.8559064002610093e-05,0.869850521464538,0.869850524421429,1.2353061762025779,1.2353061859327763,1.2353061762025779,1.2353061859327763,0.001004036958494337,0.0010040369584950145,0.001004036958494415,0.0010040004171749778,0.0010040004171749778,6.464601233714138e-05,1.884477976354937e-05,3.251738500376682e-06,-1.569669463087474,3.2814558535015914e-06,-1.5696883049587054,1.9087379246607307e-17,1.909822126833216e-17,1.9087379246607307e-17,1.909822126833216e-17,,,,,,,,,,,,,,,,,,,,,,,,,-0.00020485265602765423,0.0027391892514671,-2.0574630887892909e-10,2.751144645429804e-09,-2.0574630887892909e-10,2.751144645429804e-09,-6.770453087057149e-10,9.053153116056478e-09,-6.770453087057149e-10,9.053153116056478e-09,3.621261246422591e-08,,,,,,,,,,,,,,,,,,,,,,,,,,,,,,
F4,NA,0,NA,NA,DC,nomi,both,SWI1,f4_m2_c1_iso_sna_visw3p9_d2p3_both_vdd3p3_e0,M2,C1,iso,2.3,0.0,0,3p3,,0.0046206571259335295,3.2843903186989483,0.0,0.0,0.8698096005734574,0.8701470274167796,9.192824739806442e-06,-1.5698096005734574,0.7057749588942714,2.058860922165306,8.607881010077148e-06,-1.4057749588942714,1.1887138947485263,0.8698096005734574,0.8701470274167796,0.0046206571259335295,3.2843903186989483,0.0046206571259335295,3.2843903186989483,0.0010040004171891993,0.001004258280435968,0.0010040554073094073,,,0.00016303305369042988,0.00016303305369099258,0.00019779467011237322,,,,,,,,,,0.00462065712593,3.2843903187,1.18871389475,9.19282473981e-06,8.60788101008e-06,781,-3.9,3.9,0.010000000000000675,0.8698096005734574,0.7057749588942714,3.2843903186989483,0.8698096005734574,-0.1640346416791859,0.8698571162369253,0.8963133779545623,0.020918644209129002,0.8698571162369253,0.026456261717637042,0.8701470274167796,2.058860922165306,0.0046206571259335295,0.8701470274167796,1.1887138947485263,0.8698505216290536,0.869850521967948,3.250831779346637e-06,-1.5698505216290535,0.8698690806930565,0.8698690810319487,3.2805533889535853e-06,-1.5698690806930564,1.8559064002832137e-05,0.8698505216290536,0.869850521967948,1.2353061767435458,1.2353061778587364,1.2353061767435458,1.2353061778587364,0.0010040369584943748,0.0010040369584944525,0.0010040369584944013,0.8698505216290536,0.869850521967948,3.250831779346635e-06,-1.5698505216290535,0.8698690806930565,0.8698690810319496,3.2805533889535853e-06,-1.5698690806930564,1.8559064003165204e-05,0.8698505216290536,0.869850521967948,1.2353061767435458,1.2353061778587398,1.2353061767435458,1.2353061778587398,0.0010040369584943748,0.0010040369584944525,0.0010040369584944013,0.0010040004171749778,0.0010040004171749778,1.5694488295107794e-05,1.8842366541926836e-05,3.251738488480531e-06,-1.569669463090074,3.2814558519125847e-06,-1.5696883051232642,,,,,,,,,,,,,,,,,,,,,,,,,,,,,-4.7515663467945224e-05,0.0002899111798543297,-4.7721604445882804e-11,2.9117275257561914e-10,-4.7721604445882804e-11,2.9117275257561914e-10,-1.5703505162889542e-10,9.58155554897644e-10,-1.5703505162889542e-10,9.581588855667178e-10,3.832635542266871e-09,,,,,,,,,,,,,,,,,,,,,,,,,,,,,,
F4,NA,0,NA,NA,DC,nomi,both,SWI1,f4_m2_c1_iso_sna_visw3p9_d2p3_both_vdd3p3_e1,M2,C1,iso,2.3,0.0,1,3p3,,0.006543038296040879,3.2843903186382613,0.0,0.0,0.8698096005360645,0.8784712826721797,0.00017601139974075892,-1.5698096005360644,0.7057749611613077,1.5523783433543126,0.00017293566451813316,-1.4057749611613075,0.6739070606821329,0.8698096005360645,0.8784712826721797,0.006543038296040879,3.2843903186382613,0.006543038296040879,3.2843903186382613,0.0010040004171891993,0.001004258280435735,0.001004055407308858,6.746420208505327e-13,0.0001694342292566892,0.00016303305367653445,0.00016303305369097924,0.00019779466983110323,,,,,,,,,,0.00654303829604,3.28439031864,0.673907060682,0.000176011399741,0.000172935664518,781,-3.9,3.9,0.010000000000000675,0.8698096005360645,0.7057749611613077,3.2843903186382613,0.8698096005360645,-0.16403463937475682,0.8698571162397469,0.8963133777995399,0.02091864423811314,0.8698571162397469,0.02645626155979297,0.8784712826721797,1.5523783433543126,0.006543038296040879,0.8784712826721797,0.6739070606821329,0.8698505216291824,0.8698505303286832,3.2508317793895526e-06,-1.5698505216291823,0.8698690806931832,0.869869089392662,3.2805533889125318e-06,-1.5698690806931832,1.8559064001388847e-05,0.8698505216291824,0.8698505303286832,1.235306176744367,1.2353062053716972,1.235306176744367,1.2353062053716972,0.0010040369584943748,0.0010040369584963678,0.0010040369584946355,0.8698505216291824,0.8698505303286832,3.2508317793895577e-06,-1.5698505216291823,0.8698690806931841,0.8698690893926629,3.2805533889124975e-06,-1.569869080693184,1.8559064002277026e-05,0.8698505216291824,0.8698505303286832,1.23530617674437,1.2353062053716972,1.23530617674437,1.2353062053716972,0.0010040369584943748,0.0010040369584963678,0.0010040369584946355,0.0010040004171749778,0.0010040004171749778,0.00018251306321253994,1.88505904067382e-05,3.2517385289371815e-06,-1.5696694630902077,3.2814558518640125e-06,-1.5696883051233907,1.9087379246607307e-17,1.909822126833216e-17,1.9087379246607307e-17,1.909822126833216e-17,,,,,,,,,,,,,,,,,,,,,,,,,-4.751570368244362e-05,0.008614166432432735,-4.7726489427191154e-11,8.651774296986048e-09,-4.7726489427191154e-11,8.651774296986048e-09,-1.570543695095239e-10,2.847027591457163e-08,-1.570543695095239e-10,2.847027280594716e-08,1.1388110365828652e-07,,,,,,,,,,,,,,,,,,,,,,,,,,,,,,
F5,0.005,0,1,0,DC,nomi,both,SWI1,f5_m1_c0_chain_s0_visin0p0215855187257_d1p25_both_vdd3p3_e1,M1,C0,chain,1.25,0.0,1,3p3,,0.22824164002885347,2.230895731888634,0.0,0.0,0.8696694106781387,0.8696695137727801,5.531910773015625e-06,-1.5696694106781388,0.8253853300457497,0.9194925471653309,4.5831019556872095e-06,-1.5253853300457496,0.049823033711651976,0.8696694106781387,0.8696695137727801,0.15154805682281913,2.3101546982674095,0.22824164002885347,2.230895731888634,0.001004000414482365,0.001010052014509957,0.0010059315765386426,5.04523018415165e-14,5.419839924081238e-14,0.000163033048622722,0.00016303305893218613,5.2681720837996314e-05,,,,,,,,,,0.228241640029,2.23089573189,,,,,,,,,,,,,,,,,,,,,,,,,,,,,,,,,,,,,,,,,,,,,,,,,,,,,,,,,,,,,,,,,,,,,,,,,,,,,,,,,,,,,,,,,,,,,0.021580966676514077,,,,,,,,,,,,,0,0.021585518725693646,0.007137674885286284,1.999993097059369,1.99995676073042,1.2309186876355342,0.9999965485296844,1.5615214376089263e-05,6.962324107961963e-05,7.569037565609136e-07,1.6729638251723918e-06,2.9117706842002583e-08,4.387767661242787e-08,2.2543250014259354e-09,9.967703706841264e-10,,,,,,,,,,,,,,,
F5,0.005,0,1,0,DC,nomi,both,SWI1,f5_m1_c1_chain_s0_visin0p0220218180338_d1p25_both_vdd3p3_e1,M1,C1,chain,1.25,0.0,1,3p3,,0.22782553660978863,2.230896536026474,0.0,0.0,0.8696694106799792,0.8696695060587879,4.809902730551485e-06,-1.5696694106799791,0.8253850582514574,0.9139873976276468,4.58423127016325e-06,-1.5253850582514574,0.044317894986032336,0.8696694106799792,0.8696695060587879,0.1516880343902922,2.310148511419858,0.22782553660978863,2.230896536026474,0.0010040004144861389,0.0010100643591112342,0.0010059354873375897,4.766871034185549e-14,4.770763319984772e-14,0.0001630330493941212,0.00016303305893200208,5.2681754559372524e-05,,,,,,,,,,0.22782553661,2.23089653603,,,,,,,,,,,,,,,,,,,,,,,,,,,,,,,,,,,,,,,,,,,,,,,,,,,,,,,,,,,,,,,,,,,,,,,,,,,,,,,,,,,,,,,,,,,,,0.02201706748692837,,,,,,,,,,,,,0,0.02202181803378541,0.0063191684957983624,1.9999926625343418,1.9999587480978056,1.2309187120870397,0.9999963312671709,1.4909962739878183e-05,6.139351718397635e-05,5.928319924038571e-07,1.1560186199994761e-06,1.806977811729343e-08,2.548924943935895e-08,1.2018621385791893e-09,6.22370988549618e-10,,,,,,,,,,,,,,,
F5,0.005,0,1,0,DC,nomi,both,SWI1,f5_m2_c0_chain_s0_visin0p0215855186068_d1p25_both_vdd3p3_e1,M2,C0,chain,1.25,0.0,1,3p3,,0.22883743315754443,2.231491579888528,0.0,0.0,0.8698504782917444,0.8698505720156786,5.53100609868018e-06,-1.5698504782917444,0.8255663961339931,0.9196735905964533,4.582196578303933e-06,-1.5255663961339931,0.049823018867939606,0.8698504782917444,0.8698505720156786,0.15214386075605046,2.3107505170968063,0.22883743315754443,2.231491579888528,0.001004000414481184,0.0010100520560645174,0.0010059315973764233,5.045228015747305e-14,5.419838297777979e-14,0.0001630330536766832,0.00016303305370216469,5.265925606278001e-05,,,,,,,,,,0.228837433158,2.23149157989,,,,,,,,,,,,,,,,,,,,,,,0.8698505216701128,0.8698505216705071,3.2508396543562412e-06,-1.5698505216701126,0.8698690807341136,0.8698690807345107,3.2805533887172615e-06,-1.5698690807341136,1.8559064063894404e-05,0.8698505216701128,0.8698505216705071,1.235306176879084,1.2353061768805018,1.235306176879125,1.235306176880181,0.0010040369584943811,0.0010040369584943924,0.0010040369584943844,0.8698505216701128,0.8698505216705071,3.2508396543562412e-06,-1.5698505216701126,0.8698690807341136,0.8698690807345107,3.2805533887172615e-06,-1.5698690807341136,1.8559064063894404e-05,0.8698505216701128,0.8698505216705071,1.235306176879084,1.2353061768805018,1.235306176879125,1.235306176880181,0.0010040369584943811,0.0010040369584943924,0.0010040369584943844,0.0010040004171749778,0.0010040004171749778,9.753514571076812e-06,1.884264485607634e-05,3.251738528506953e-06,-1.5696694629783532,3.2814566665803624e-06,-1.5696883049878845,1.9087379246607307e-17,1.9092800257469732e-17,1.9087379246607307e-17,1.9092800257469732e-17,,,,,,,,,,,,,,,,,,,,,,,0.021580966471964447,,,,,,,,,,,,,0,0.021585518606838102,0.00713774212501342,1.999993097052217,1.9999568222849655,1.231514505492972,0.9999965485261085,1.5618528443189962e-05,6.962318534067999e-05,7.570707471606957e-07,1.6729601604406594e-06,2.9124636222984114e-08,4.38380670986991e-08,2.254265517656765e-09,1.0252258076236873e-09,,,,,,,,,,,,,,,
F5,0.005,0,1,0,DC,nomi,both,SWI1,f5_m2_c1_chain_s0_visin0p022021817892_d1p25_both_vdd3p3_e1,M2,C1,chain,1.25,0.0,1,3p3,,0.22842135425794993,2.2314923535957907,0.0,0.0,0.8698504782929453,0.8698505650078361,4.808997633443113e-06,-1.5698504782929452,0.8255661246925069,0.9141684560598509,4.583325900145998e-06,-1.525566124692507,0.04431789414232434,0.8698504782929453,0.8698505650078361,0.15228385216109255,2.310744329137264,0.22842135425794993,2.2314923535957907,0.0010040004144849474,0.0010100644006270241,0.0010059355082171738,4.766871576286635e-14,4.770763862085858e-14,0.00016303305368111618,0.00016303305369646872,5.265928974038375e-05,,,,,,,,,,0.228421354258,2.2314923536,,,,,,,,,,,,,,,,,,,,,,,0.8698505216701082,0.8698505216704475,3.2508542062714696e-06,-1.5698505216701082,0.8698690807341112,0.8698690807344462,3.2805534484724175e-06,-1.5698690807341111,1.8559064024370464e-05,0.8698505216701082,0.8698505216704475,1.2353061768790823,1.235306176880197,1.2353061768791225,1.235306176880147,0.0010040369584943813,0.001004036958494389,0.0010040369584943844,0.8698505216701063,0.8698505216704475,3.2508542062714696e-06,-1.5698505216701064,0.8698690807341093,0.8698690807344462,3.2805534484654786e-06,-1.5698690807341094,1.8559064024370464e-05,0.8698505216701063,0.8698505216704475,1.2353061768790763,1.235306176880197,1.2353061768791165,1.2353061768801468,0.0010040369584943813,0.001004036958494389,0.0010040369584943844,0.0010040004171749778,0.0010040004171749778,9.753364459402431e-06,1.884246351235852e-05,3.25173851560061e-06,-1.5696694630353125,3.2814559257771103e-06,-1.5696883050496098,1.9087379246607307e-17,1.9092800257469732e-17,1.9087379246607307e-17,1.9092800257469732e-17,,,,,,,,,,,,,,,,,,,,,,,0.022017067346858193,,,,,,,,,,,,,0,0.022021817892045006,0.00631923852746264,1.999992662527323,1.9999587481726615,1.2315145299494947,0.9999963312636615,1.4913126012231939e-05,6.139346848790682e-05,5.929626885254071e-07,1.1560159147159467e-06,1.8074109761182342e-08,2.5489266657824987e-08,1.2019946913983692e-09,6.223165874781421e-10,,,,,,,,,,,,,,,
F6,0.005,0,1,0,DC,nomi,both,SWI1,f6_m1_c0_chain_s0_viac1dc0_d1p25_both_vdd3p3_e1,M1,C0,chain,1.25,0.0,1,3p3,,,,,,,,,,,,,,,,,,,,,,,,,,,,,,,,,,,,,,,,,,,,,,,,,,,,,,,,,,,,,,,,,,,,,,,,,,,,,,,,,,,,,,,,,,,,,,,,,,,,,,,,,,,,,,,,,,,,,,,,,,,,,,,,,,,,,,,,,,,,,,,,,,,,,,,,,,,,,,,,5.72213250196e-07,965.0567640591568,0.3860227056236627,v(onoise),,,,,,,,,,,
F6,0.5,6,100,0,DC,nomi,both,SWI1,f6_m1_c0_chain_s6_viac1dc0_d1p25_both_vdd3p3_e1,M1,C0,chain,1.25,0.0,1,3p3,,,,,,,,,,,,,,,,,,,,,,,,,,,,,,,,,,,,,,,,,,,,,,,,,,,,,,,,,,,,,,,,,,,,,,,,,,,,,,,,,,,,,,,,,,,,,,,,,,,,,,,,,,,,,,,,,,,,,,,,,,,,,,,,,,,,,,,,,,,,,,,,,,,,,,,,,,,,,,,,5.76463300578e-07,962.3457550289043,0.3849383020115617,v(onoise),,,,,,,,,,,
F6,0.005,0,1,0,DC,nomi,both,SWI1,f6_m1_c1_chain_s0_viac1dc0_d1p25_both_vdd3p3_e1,M1,C1,chain,1.25,0.0,1,3p3,,,,,,,,,,,,,,,,,,,,,,,,,,,,,,,,,,,,,,,,,,,,,,,,,,,,,,,,,,,,,,,,,,,,,,,,,,,,,,,,,,,,,,,,,,,,,,,,,,,,,,,,,,,,,,,,,,,,,,,,,,,,,,,,,,,,,,,,,,,,,,,,,,,,,,,,,,,,,,,,5.72184788215e-07,950.8730825674735,0.38034923302698936,v(onoise),,,,,,,,,,,
F6,0.5,6,100,0,DC,nomi,both,SWI1,f6_m1_c1_chain_s6_viac1dc0_d1p25_both_vdd3p3_e1,M1,C1,chain,1.25,0.0,1,3p3,,,,,,,,,,,,,,,,,,,,,,,,,,,,,,,,,,,,,,,,,,,,,,,,,,,,,,,,,,,,,,,,,,,,,,,,,,,,,,,,,,,,,,,,,,,,,,,,,,,,,,,,,,,,,,,,,,,,,,,,,,,,,,,,,,,,,,,,,,,,,,,,,,,,,,,,,,,,,,,,5.76434627113e-07,948.2105992314936,0.3792842396925974,v(onoise),,,,,,,,,,,
F6,0.005,0,1,0,DC,nomi,both,SWI1,f6_m2_c0_chain_s0_viac1dc0_d1p25_both_vdd3p3_e1,M2,C0,chain,1.25,0.0,1,3p3,,,,,,,,,,,,,,,,,,,,,,,,,,,,,,,,,,,,,,,,,,,,,,,,,,,,,,,,,,,,,,,,,,,,,,,,,,,,,,,,,,,,,,,,,,,,,,,,,,,,,,,,,,,,,,,,,,,,,,,,,,,,,,,,,,,,,,,,,,,,,,,,,,,,,,,,,,,,,,,,5.72213877261e-07,965.0590002768116,0.3860236001107247,v(onoise),,,,,,,,,,,
F6,0.5,6,100,0,DC,nomi,both,SWI1,f6_m2_c0_chain_s6_viac1dc0_d1p25_both_vdd3p3_e1,M2,C0,chain,1.25,0.0,1,3p3,,,,,,,,,,,,,,,,,,,,,,,,,,,,,,,,,,,,,,,,,,,,,,,,,,,,,,,,,,,,,,,,,,,,,,,,,,,,,,,,,,,,,,,,,,,,,,,,,,,,,,,,,,,,,,,,,,,,,,,,,,,,,,,,,,,,,,,,,,,,,,,,,,,,,,,,,,,,,,,,5.76463923062e-07,962.347997307251,0.3849391989229004,v(onoise),,,,,,,,,,,
F6,0.005,0,1,0,DC,nomi,both,SWI1,f6_m2_c1_chain_s0_viac1dc0_d1p25_both_vdd3p3_e1,M2,C1,chain,1.25,0.0,1,3p3,,,,,,,,,,,,,,,,,,,,,,,,,,,,,,,,,,,,,,,,,,,,,,,,,,,,,,,,,,,,,,,,,,,,,,,,,,,,,,,,,,,,,,,,,,,,,,,,,,,,,,,,,,,,,,,,,,,,,,,,,,,,,,,,,,,,,,,,,,,,,,,,,,,,,,,,,,,,,,,,5.72185415259e-07,950.8753525281273,0.3803501410112509,v(onoise),,,,,,,,,,,
F6,0.5,6,100,0,DC,nomi,both,SWI1,f6_m2_c1_chain_s6_viac1dc0_d1p25_both_vdd3p3_e1,M2,C1,chain,1.25,0.0,1,3p3,,,,,,,,,,,,,,,,,,,,,,,,,,,,,,,,,,,,,,,,,,,,,,,,,,,,,,,,,,,,,,,,,,,,,,,,,,,,,,,,,,,,,,,,,,,,,,,,,,,,,,,,,,,,,,,,,,,,,,,,,,,,,,,,,,,,,,,,,,,,,,,,,,,,,,,,,,,,,,,,5.76435249577e-07,948.2128753205316,0.3792851501282126,v(onoise),,,,,,,,,,,
F7,NA,0,NA,NA,DC,nomi,pos,SWI1,f7_m1_c1_iso_sna_vi1_d0p2_pos_vddramp_e1,M1,C1,iso,0.2,1,1,ramp,,-0.00916672773977859,0.47574404287550254,0.00916672773977859,0.42401168082555224,0.004918049567530499,0.15999311157770768,1.497770825779863e-06,-0.6950819504324695,0.33297283107151165,0.47682627720322535,5.242282321784233e-06,-0.2755473285674159,0.44322701310229845,0.0049180495675305,0.15999311157770768,-0.009166606353435403,0.47574421436798114,-0.00916672773977859,0.47574404287550254,5.000000152976048e-06,0.001004000418931729,0.0005874323988675121,4.4396197720046213e-13,2.28218141547779e-08,-4.9180495675305e-07,0.00023818578969289094,5.266162176582928e-05,,,,,,,,,,-0.00916672773978,0.475744042876,,,,,,,,,,,,,,,,,,,,,,,,,,,,,,,,,,,,,,,,,,,,,,,,,,,,,,,,,,,,,,,,,,,,,,,,,,,,,,,,,,,,,,,,,,,,,,,,,,,,,,,,,,,,,,,,,,,,,,,,,,,,,0.424011680826,0.0012,0.0,0.0,0.42401168082555224,,,,,,
F7,NA,0,NA,NA,DC,nomi,pos,SWI1,f7_m1_c1_iso_sna_vi1_d1p25_pos_vddramp_e1,M1,C1,iso,1.25,1,1,ramp,,-0.010509674924536763,0.6545158963810827,0.010509674924536763,0.42401168082555224,0.0049180495675304955,0.1666461506787624,2.420525944895615e-05,-0.6950819504324695,0.4244526714325841,0.7469578741464951,2.8944457239324436e-05,-0.2755473285674159,0.6199130984618927,0.0049180495675305,0.1666461506787624,-0.010509674926653334,0.6545159342281736,-0.010509674924536763,0.6545158963810827,5.000000152976048e-06,0.0010040004189353735,0.0005874620835994031,6.206480624983092e-13,2.1940514770173407e-05,-4.9180495675305e-07,0.00023767628304894258,6.498119865024067e-05,,,,,,,,,,-0.0105096749245,0.654515896381,,,,,,,,,,,,,,,,,,,,,,,,,,,,,,,,,,,,,,,,,,,,,,,,,,,,,,,,,,,,,,,,,,,,,,,,,,,,,,,,,,,,,,,,,,,,,,,,,,,,,,,,,,,,,,,,,,,,,,,,,,,,,0.424011680826,0.0012,0.0,0.0,0.42401168082555224,,,,,,
F7,NA,0,NA,NA,DC,nomi,pos,SWI1,f7_m1_c1_iso_sna_vi1_d2p3_pos_vddramp_e1,M1,C1,iso,2.3,1,1,ramp,,-0.010742095211279907,0.6969699781632902,0.010742095211279907,0.42401168082555224,0.004918049567530498,0.22051071488228768,0.00011127861886975365,-0.6950819504324695,0.4244526714325841,0.8778182155158343,0.00011747247597787069,-0.2755473285674159,0.6620734902926155,0.0049180495675305,0.22051071488228768,-0.010742095211029885,0.6969702648149512,-0.010742095211279907,0.6969699781632902,5.000000152976048e-06,0.0010040004189356857,0.0005874701584799063,6.628084542261055e-13,0.0001094249304449276,-4.9180495675305e-07,0.00023387313781216034,0.00018320817466860887,,,,,,,,,,-0.0107420952113,0.696969978163,,,,,,,,,,,,,,,,,,,,,,,,,,,,,,,,,,,,,,,,,,,,,,,,,,,,,,,,,,,,,,,,,,,,,,,,,,,,,,,,,,,,,,,,,,,,,,,,,,,,,,,,,,,,,,,,,,,,,,,,,,,,,0.424011680826,0.0012,0.0,0.0,0.42401168082555224,,,,,,
F7,NA,0,NA,NA,DC,nomi,pos,SWI1,f7_m1_c1_iso_sna_vi3p9_d0_pos_vddoff_e1_ref0,M1,C1,iso,0,3.9,1,off,,0.48484579326069077,0.48484579326069077,0.0,0.48484579326069077,0.3518491261087274,0.3518491261087274,0.00010246008012688216,-0.3481508738912726,1.0119299276384508,1.0119299276384508,0.00011054897498467539,0.31192992763845084,0.6600808015297235,0.3518491261087274,0.3518491261087274,0.48484579326069077,0.48484579326069077,0.48484579326069077,0.48484579326069077,-4.765798733322648e-05,-4.765798733322648e-05,-4.765798733322648e-05,6.608157651719765e-13,0.00010156892162383905,-3.518491261087274e-05,-3.518491261087274e-05,0.00012554961881370354,,,,,,,,,,,,,,,,,,,,,,,,,,,,,,,,,,,,,,,,,,,,,,,,,,,,,,,,,,,,,,,,,,,,,,,,,,,,,,,,,,,,,,,,,,,,,,,,,,,,,,,,,,,,,,,,,,,,,,,,,,,,,,,,,,,,,,,,,,,,,0,,,,,
F7,NA,0,NA,NA,DC,nomi,pos,SWI1,f7_m1_c1_iso_sna_vi3p9_d0_pos_vddoff_e1_ref2p5,M1,C1,iso,0,3.9,1,off,,0.4856261993302337,0.4856261993302337,0.0,0.4856261993302337,0.8500566454647491,0.8500566454647491,2.4596040071094883e-06,0.15005664546474917,1.32343462168265,1.32343462168265,9.677851715271279e-06,0.6234346216826501,0.4733779762179009,0.8500566454647491,0.8500566454647491,0.4856261993302337,0.4856261993302337,0.4856261993302337,0.4856261993302337,-7.873033496662417e-05,-7.873033496662417e-05,-7.873033496662417e-05,4.74112941831542e-13,7.378908864236634e-08,0.00016499433545352508,0.00016499433545352508,0.00016419784388122208,,,,,,,,,,,,,,,,,,,,,,,,,,,,,,,,,,,,,,,,,,,,,,,,,,,,,,,,,,,,,,,,,,,,,,,,,,,,,,,,,,,,,,,,,,,,,,,,,,,,,,,,,,,,,,,,,,,,,,,,,,,,,,,,,,,,,,,,,,,,,2.5,,,,,
F7,NA,0,NA,NA,DC,nomi,neg,SWI1,f7_m1_c1_iso_sna_vin1_d0p2_neg_vddramp_e1,M1,C1,iso,0.2,-1,1,ramp,,-0.4293938848450989,1.2437363625883366,0.4293938848450989,0.0,-0.009324663103630755,0.14758190057905182,2.735488607672978e-06,-0.6906753368963692,-0.42984047317992874,0.1475969793628125,3.6412103274411786e-06,-0.2701595268200712,0.420515810076298,-0.009324663103630748,0.14758190057905182,-0.4293938848450989,1.2437582196840802,-0.4293938848450989,1.2437363625883366,5.000043960574358e-06,0.0010041103527805902,0.0005875444632880181,9.428985138754364e-09,4.212507729792203e-13,9.324663103630749e-07,0.00023947877956845842,5.9011246415611374e-05,,,,,,,,,,-0.429393884845,1.24373636259,,,,,,,,,,,,,,,,,,,,,,,,,,,,,,,,,,,,,,,,,,,,,,,,,,,,,,,,,,,,,,,,,,,,,,,,,,,,,,,,,,,,,,,,,,,,,,,,,,,,,,,,,,,,,,,,,,,,,,,,,,,,,-0.429393884845,0.0012,0.0,0.0,-0.4293938848450989,,,,,,
F7,NA,0,NA,NA,DC,nomi,neg,SWI1,f7_m1_c1_iso_sna_vin1_d1p25_neg_vddramp_e1,M1,C1,iso,1.25,-1,1,ramp,,-0.4293938848450989,0.29562390426976853,0.4293938848450989,0.0,-0.009324663103630755,0.14791502906310897,2.715384685818294e-06,-0.6906753368963692,-0.42984047317992874,0.16424176925287975,3.6412103274411786e-06,-0.2701595268200712,0.420515810076298,-0.009324663103630748,0.14791502906310897,-0.4293938848450989,0.2956263408419651,-0.4293938848450989,0.29562390426976853,5.00003087991846e-06,0.0010040107473934428,0.0005875174314635561,9.428985138754364e-09,4.212507729792203e-13,9.324663103630749e-07,0.00023944717618212962,0.0001348760656119879,,,,,,,,,,-0.429393884845,0.29562390427,,,,,,,,,,,,,,,,,,,,,,,,,,,,,,,,,,,,,,,,,,,,,,,,,,,,,,,,,,,,,,,,,,,,,,,,,,,,,,,,,,,,,,,,,,,,,,,,,,,,,,,,,,,,,,,,,,,,,,,,,,,,,-0.429393884845,0.0012,0.0,0.0,-0.4293938848450989,,,,,,
F7,NA,0,NA,NA,DC,nomi,neg,SWI1,f7_m1_c1_iso_sna_vin1_d2p3_neg_vddramp_e1,M1,C1,iso,2.3,-1,1,ramp,,-0.4293938848450989,0.1630137474986376,0.4293938848450989,0.0,-0.009324663103630748,0.14915052454745073,2.715384685818294e-06,-0.6906753368963692,-0.42984047317992874,0.5523288769630602,5.629377070165734e-06,-0.2701595268200712,0.44510133953833353,-0.009324663103630748,0.14915052454745073,-0.4293938848450989,0.1630140996768057,-0.4293938848450989,0.1630137474986376,5.000016690793556e-06,0.00100400041893421,0.0005873551303246763,9.428985138754364e-09,2.4548894967237143e-08,9.324663103630749e-07,0.0002393562370016947,0.000216931031758277,,,,,,,,,,-0.429393884845,0.163013747499,,,,,,,,,,,,,,,,,,,,,,,,,,,,,,,,,,,,,,,,,,,,,,,,,,,,,,,,,,,,,,,,,,,,,,,,,,,,,,,,,,,,,,,,,,,,,,,,,,,,,,,,,,,,,,,,,,,,,,,,,,,,,-0.429393884845,0.0012,0.0,0.0,-0.4293938848450989,,,,,,
F7,NA,0,NA,NA,DC,nomi,neg,SWI1,f7_m1_c1_iso_sna_vin3p9_d0_neg_vddoff_e1_ref0,M1,C1,iso,0,-3.9,1,off,,-0.48485846560738494,-0.48485846560738494,0.48485846560738494,0.0,-0.3559261429050883,-0.3559261429050883,0.00010364732612704614,-0.3440738570949117,-1.0159826766718458,-1.0159826766718458,0.00010923686995194677,0.3159826766718459,0.6600565337667575,-0.3559261429050883,-0.3559261429050883,-0.48485846560738494,-0.48485846560738494,-0.48485846560738494,-0.48485846560738494,5.000050456736339e-06,5.000050456736339e-06,5.000050456736339e-06,0.00010147667412028083,6.607914953063454e-13,3.559261429050883e-05,3.559261429050883e-05,0.00012605244127442255,,,,,,,,,,,,,,,,,,,,,,,,,,,,,,,,,,,,,,,,,,,,,,,,,,,,,,,,,,,,,,,,,,,,,,,,,,,,,,,,,,,,,,,,,,,,,,,,,,,,,,,,,,,,,,,,,,,,,,,,,,,,,,,,,,,,,,,,,,,,,0,,,,,
F7,NA,0,NA,NA,DC,nomi,neg,SWI1,f7_m1_c1_iso_sna_vin3p9_d0_neg_vddoff_e1_ref2p5,M1,C1,iso,0,-3.9,1,off,,-0.48276108126322714,-0.48276108126322714,0.48276108126322714,0.0,0.055933981174913494,0.055933981174913494,0.00023371176800585208,-0.6440660188250864,-0.6263540781199692,-0.6263540781199692,0.00023529386841796544,-0.07364592188003072,0.6822880592948828,0.055933981174913494,0.055933981174913494,-0.48276108126322714,-0.48276108126322714,-0.48276108126322714,-0.48276108126322714,5.000050242802385e-06,5.000050242802385e-06,5.000050242802385e-06,0.00022937065785400064,6.830230229060847e-13,0.00024440660188250864,0.00024440660188250864,7.771142408436341e-05,,,,,,,,,,,,,,,,,,,,,,,,,,,,,,,,,,,,,,,,,,,,,,,,,,,,,,,,,,,,,,,,,,,,,,,,,,,,,,,,,,,,,,,,,,,,,,,,,,,,,,,,,,,,,,,,,,,,,,,,,,,,,,,,,,,,,,,,,,,,,2.5,,,,,
F7,NA,0,NA,NA,DC,nomi,pos,SWI1,f7_m2_c1_iso_sna_vi1_d0p2_pos_vddramp_e1,M2,C1,iso,0.2,1,1,ramp,,-0.00914907976675163,1.523552203596025,0.00914907976675163,0.42362240892962283,-0.01172987756174518,0.840380981072079,4.851846991303643e-06,-0.6882701224382548,0.33286489252711354,0.8403978089286605,5.555486220317307e-06,-0.2759370053230643,0.48678699166226974,-0.01172987756174466,0.8403809810720624,-0.009149262428571179,1.5235545516431044,-0.00914907976675163,1.523552203596025,5.000000153754592e-06,0.0010040687656142138,0.0005886824835470863,4.875219557718411e-13,1.2434878764643e-07,2.3540469181227484e-07,0.00016581863319663779,7.945382244772462e-05,,,,,,,,,,-0.00914907976675,1.5235522036,,,,,,,,,,,,,,,,,,,,,,,-0.011837204051782013,0.840380980875068,4.851845813953759e-06,-0.6881627959482179,-0.0029003553330454093,0.8403980440028856,4.8221017789795295e-06,-0.6970996446669545,0.3335808284806386,-0.011837204051781791,0.8403809808750478,-0.008246139369468263,1.2208258084282153,-0.008246224141803772,1.2208234603806911,5.000001063680528e-06,0.0010040384921085122,0.0005886753548191413,-0.011837204051782046,0.8403809808750353,4.851845813953759e-06,-0.6881627959482179,-0.0029003553330454093,0.8403980440028646,4.822101778979391e-06,-0.6970996446669545,0.3335808284806387,-0.011837204051781791,0.8403809808750479,-0.00824613936946826,1.2208258084281536,-0.008246224141803763,1.2208234603806294,5.000001063680528e-06,0.0010040384921085122,0.0005886753548191413,5.000002205618819e-06,0.0010099202120827004,0.02575741860287977,0.4219139041720961,4.859996861332483e-06,-0.6976459530818772,4.830248977861361e-06,-0.6881900478198688,3.3431579089148375e-13,3.201806214093734e-10,3.3431579089148375e-13,3.201806214093734e-10,,,,,,,,,,,,,,,,,,,,,,,,,,,,,,,,,,,,,,,,,,,,,,,,,,,,,,,0.42362240893,0.0012,0.0,0.0,0.42362240892962283,,,,,,
F7,NA,0,NA,NA,DC,nomi,pos,SWI1,f7_m2_c1_iso_sna_vi1_d1p25_pos_vddramp_e1,M2,C1,iso,1.25,1,1,ramp,,-0.010240145729244657,0.6178680497190697,0.010240145729244657,0.42362240892962244,-0.011729877561752842,0.8403810314665696,3.309749634966578e-05,-0.6882701224382471,0.42406299467693526,0.8403988713556542,3.741844971255581e-05,-0.2759370053230647,0.6285119783198387,-0.011729877561752575,0.8403810314665818,-0.010240349692635943,0.6178682226667661,-0.010240145729244657,0.6178680497190697,5.000000153754592e-06,0.0010040004187697636,0.0005880661759004617,6.29246942434312e-13,3.055912867309599e-05,2.3540469181228673e-07,0.00016581863319666812,5.641971232144715e-05,,,,,,,,,,-0.0102401457292,0.617868049719,,,,,,,,,,,,,,,,,,,,,,,-0.011837204051790071,0.8403809838980493,4.85184582900422e-06,-0.6881627959482098,-0.002900355333045578,0.8403980470265633,4.822101794031374e-06,-0.6970996446669544,0.3326435451552311,-0.011837204051789705,0.8403809838980447,-0.008235947889125628,1.2208258183782918,-0.008235518526799955,1.2208234703367025,5.000001063680528e-06,0.0010040384921091176,0.0005880782985417947,-0.011837204051790007,0.8403809838980578,4.851845829018098e-06,-0.68816279594821,-0.002900355333045578,0.840398047026536,4.822101794029274e-06,-0.6970996446669544,0.3326435451552311,-0.011837204051789705,0.8403809838980448,-0.00823594788912563,1.2208258183781766,-0.008235518526799964,1.2208234703365606,5.000001063680528e-06,0.0010040384921091178,0.0005880782985417947,5.000002205618819e-06,0.0010099034314152795,0.025675574180348073,0.4206126326061275,4.859996861425537e-06,-0.697645953081877,4.83024897766221e-06,-0.6881900478198609,3.3337850751543577e-13,3.0872169457895995e-10,3.3337850751543577e-13,3.0872169457895995e-10,,,,,,,,,,,,,,,,,,,,,,,,,,,,,,,,,,,,,,,,,,,,,,,,,,,,,,,0.42362240893,0.0012,0.0,0.0,0.42362240892962244,,,,,,
F7,NA,0,NA,NA,DC,nomi,pos,SWI1,f7_m2_c1_iso_sna_vi1_d2p3_pos_vddramp_e1,M2,C1,iso,2.3,1,1,ramp,,-0.010730293409148129,0.6504043813462121,0.010730293409148129,0.4236224089296198,-0.011729877561749695,0.8404622052753815,8.983935077697373e-05,-0.6882701224382503,0.4240629946769326,1.1616746565263365,9.434876001353411e-05,-0.27593700532306736,0.6560147668043254,-0.011729877561749676,0.8404622052753762,-0.010730197999415932,0.6504044725750644,-0.010730293409148129,0.6504043813462121,5.000000153754592e-06,0.0010040004189323815,0.0005881790308693456,6.567497309347667e-13,8.718894396169301e-05,2.3540469181227874e-07,0.00016581863319654192,0.00014133127966580857,,,,,,,,,,-0.0107302934091,0.650404381346,,,,,,,,,,,,,,,,,,,,,,,-0.01183720405178728,0.8403809921954304,4.851845870301047e-06,-0.6881627959482127,-0.002900355333045516,0.8403980553257816,4.822101835354283e-06,-0.6970996446669544,0.3300766804113368,-0.01183720405178681,0.8403809921954544,-0.008207449446319801,1.220825845688702,-0.00820725733047646,1.220823497663079,5.000001063680528e-06,0.0010040384921107836,0.0005881911613787854,-0.01183720405178728,0.8403809921954304,4.851845870301047e-06,-0.6881627959482127,-0.002900355333045516,0.8403980553257816,4.822101835354283e-06,-0.6970996446669544,0.3300766804113368,-0.01183720405178681,0.8403809921954544,-0.008207449446319801,1.220825845688702,-0.00820725733047646,1.220823497663079,5.000001063680528e-06,0.0010040384921107836,0.0005881911613787854,5.000002205618819e-06,0.0010098604473590413,0.025465838117164675,0.4174010306107599,4.859996861054927e-06,-0.6976459530818772,4.830248978431466e-06,-0.6881900478198638,3.30811642693747e-13,2.7939798485064355e-10,3.30811642693747e-13,2.7939798485064355e-10,,,,,,,,,,,,,,,,,,,,,,,,,,,,,,,,,,,,,,,,,,,,,,,,,,,,,,,0.42362240893,0.0012,0.0,0.0,0.4236224089296198,,,,,,
F7,NA,0,NA,NA,DC,nomi,pos,SWI1,f7_m2_c1_iso_sna_vi3p9_d0_pos_vddoff_e1_ref0,M2,C1,iso,0,3.9,1,off,,0.4851937730951419,0.4851937730951419,0.0,0.4851937730951419,0.48765167219190664,0.48765167219190664,6.151879254290217e-05,-0.21234832780809332,1.1343875710372944,1.1343875710372944,7.089898828353243e-05,0.4343875710372944,0.6467358988453877,0.48765167219190664,0.48765167219190664,0.4851937730951419,0.4851937730951419,0.4851937730951419,0.4851937730951419,-5.986891749894397e-05,-5.986891749894397e-05,-5.986891749894397e-05,6.474708627319387e-13,6.137337124974168e-05,-6.183903864987124e-07,-6.183903864987124e-07,0.00014074287481852287,,,,,,,,,,,,,,,,,,,,,,,,,,,,,,,,,,0.4843056691627847,0.4843056691627847,5.535376377377635e-06,-0.21569433083721523,0.008045647637099355,0.008045647637099355,1.8036199864562054e-06,-0.6919543523629006,0.47626002152568536,0.4843056691627847,0.4843056691627847,0.008037288507774817,0.008037288507774817,0.008037288507774817,0.008037288507774817,5.000000984924833e-06,5.000000984924833e-06,5.000000984924833e-06,0.4843056691627849,0.4843056691627849,5.535376377374119e-06,-0.21569433083721506,0.008045647637099166,0.008045647637099166,1.8036199864561629e-06,-0.6919543523629008,0.47626002152568575,0.4843056691627849,0.4843056691627849,0.008037288507774628,0.008037288507774628,0.008037288507774628,0.008037288507774628,5.000000984924833e-06,5.000000984924833e-06,5.000000984924833e-06,-3.9873031199030477e-05,-3.9873031199030477e-05,5.044803978814882e-05,0.47839798057902877,1.8007811828633404e-06,-0.6938160961350128,5.524609931713527e-06,-0.21541811555598406,8.254808151677163e-08,4.769949856647284e-13,8.254808151677705e-08,4.769949856647284e-13,,,,,,,,,,,,,,,,,,,,,,,,,,,,,,,,,,,,,,,,,,,,,,,,,,,,,,,,,,,,0,,,,,
F7,NA,0,NA,NA,DC,nomi,pos,SWI1,f7_m2_c1_iso_sna_vi3p9_d0_pos_vddoff_e1_ref2p5,M2,C1,iso,0,3.9,1,off,,0.48519410106888267,0.48519410106888267,0.0,0.48519410106888267,0.4877965355275714,0.4877965355275714,6.147631017546735e-05,-0.21220346447242855,1.134514568072491,1.134514568072491,7.085786521788741e-05,0.4345145680724911,0.6467180325449197,0.4877965355275714,0.4877965355275714,0.48519410106888267,0.48519410106888267,0.48519410106888267,0.48519410106888267,-5.988158437097953e-05,-5.988158437097953e-05,-5.988158437097953e-05,6.474529977906415e-13,6.133170253045132e-05,0.00016641129665890387,0.00016641129665890387,0.0001407586312745026,,,,,,,,,,,,,,,,,,,,,,,,,,,,,,,,,,0.48445255754435884,0.48445255754435884,5.537276662459533e-06,-0.21554744245564111,0.00805073480399845,0.00805073480399845,1.804760393830204e-06,-0.6919492651960015,0.4764018227403604,0.48445255754435884,0.48445255754435884,0.00804237038929591,0.00804237038929591,0.00804237038929591,0.00804237038929591,5.000000984914669e-06,5.000000984914669e-06,5.000000984914669e-06,0.48445255754435906,0.48445255754435906,5.537276662455574e-06,-0.2155474424556409,0.008050734803998125,0.008050734803998125,1.8047603938301313e-06,-0.6919492651960019,0.4764018227403609,0.48445255754435906,0.48445255754435906,0.008042370389295587,0.008042370389295587,0.008042370389295587,0.008042370389295587,5.000000984914669e-06,5.000000984914669e-06,5.000000984914669e-06,-4.406412386163272e-05,-4.406412386163272e-05,5.040175685055064e-05,0.35115816576114567,6.585860060248638e-06,0.1358870334109613,1.2872190449139521e-06,-0.21527113235018436,8.300491865058921e-08,4.771367868575051e-13,8.30049186505865e-08,4.771367868575051e-13,,,,,,,,,,,,,,,,,,,,,,,,,,,,,,,,,,,,,,,,,,,,,,,,,,,,,,,,,,,,2.5,,,,,
F7,NA,0,NA,NA,DC,nomi,neg,SWI1,f7_m2_c1_iso_sna_vin1_d0p2_neg_vddramp_e1,M2,C1,iso,0.2,-1,1,ramp,,-0.4317912794096064,3.2775303723905007,0.4317912794096064,0.0,-0.11986492487941934,0.8403632802595326,5.219915436092265e-06,-0.5801350751205806,-0.4322403611391555,0.7667529980220418,4.2932106589233914e-06,-0.2677596388608445,0.31237543625973896,-0.11986492487941655,0.8403632802595291,-0.4317912794096064,3.277530416682703,-0.4317912794096064,3.2775303723905007,5.000044214857549e-06,0.0010042528098471257,0.000588459998087673,1.4043108848498616e-10,3.131103991534101e-13,4.1464255496501655e-07,0.0001658186331947999,7.031674913424835e-05,,,,,,,,,,-0.43179127941,3.27753037239,,,,,,,,,,,,,,,,,,,,,,,-0.11975842559813543,0.8403806666904075,4.851844250277487e-06,-0.5802415744018645,-0.005204657760244644,0.8403977297492211,4.822100214258854e-06,-0.6947953422397554,0.43912206073482174,-0.11975842559813214,0.8403806666903934,-0.009141909155522888,1.2208247743066651,-0.009141946491860273,1.220822425648294,5.000001092015385e-06,0.0010040384920455185,0.0005883496107614047,-0.11975842559813663,0.8403806666903917,4.851844250274018e-06,-0.5802415744018633,-0.005204657760244645,0.8403977297492267,4.822100214258001e-06,-0.6947953422397554,0.43912206073481774,-0.11975842559813217,0.8403806666903935,-0.009141909155522881,1.2208247743066944,-0.00914194649186027,1.2208224256483675,5.000001092015385e-06,0.001004038492045518,0.0005883496107614048,5.000013219056359e-06,0.0010111977050304324,0.03206969187746551,0.5250448577239005,5.858842677935322e-06,-0.6958535744503498,4.830248988825929e-06,-0.5802155485003572,4.398570246368864e-13,1.9451993524399334e-08,4.398570246368864e-13,1.9451993524393914e-08,,,,,,,,,,,,,,,,,,,,,,,,,,,,,,,,,,,,,,,,,,,,,,,,,,,,,,,-0.019034953389,0.0012,0.0006696682401870388,2.209905192617228,2.1908702392281945,,,,,,
F7,NA,0,NA,NA,DC,nomi,neg,SWI1,f7_m2_c1_iso_sna_vin1_d1p25_neg_vddramp_e1,M2,C1,iso,1.25,-1,1,ramp,,-0.4317912794096051,2.22081982981972,0.4317912794096051,0.0,-0.11986492487937822,0.8403806662366842,4.851848130940639e-06,-0.5801350751206218,-0.4322403611391542,0.840396952710088,4.822092446145214e-06,-0.26775963886084575,0.3123754362597773,-0.11986492487937689,0.8403806662366523,-0.4317912794096051,2.220822178478771,-0.4317912794096051,2.22081982981972,5.0000311361748715e-06,0.0010041384938716444,0.0005887704981951792,1.4043108848566378e-10,3.131103991534101e-13,4.146425549649491e-07,0.0001658186331948004,8.978693018709438e-05,,,,,,,,,,-0.43179127941,2.22081982982,,,,,,,,,,,,,,,,,,,,,,,-0.11975842559809585,0.8403806669032301,4.851844251332199e-06,-0.580241574401904,-0.0052046577602437505,0.840397729962088,4.822100215319789e-06,-0.6947953422397563,0.4390424802334516,-0.11975842559809252,0.8403806669032309,-0.009141598423993733,1.220824775007158,-0.009141574205983317,1.2208224263491636,5.000001092015384e-06,0.0010040384920455617,0.0005887157314125707,-0.1197584255980928,0.8403806669032292,4.851844251332199e-06,-0.5802415744019072,-0.0052046577602437505,0.8403977299620952,4.822100215319477e-06,-0.6947953422397563,0.43904248023344733,-0.11975842559809252,0.840380666903231,-0.00914159842399373,1.220824775007186,-0.009141574205983313,1.220822426349208,5.000001092015384e-06,0.0010040384920455615,0.0005887157314125707,5.000013219056358e-06,0.0010111966285422963,0.03206520236728203,0.5249508178370952,5.856401551326626e-06,-0.6958535744503505,4.830248988819952e-06,-0.5802155485003968,4.397774448750523e-13,1.9391837695152942e-08,4.397774448750523e-13,1.939183769515023e-08,,,,,,,,,,,,,,,,,,,,,,,,,,,,,,,,,,,,,,,,,,,,,,,,,,,,,,,-0.43179127941,0.0012,0.0,0.0,-0.4317912794096051,,,,,,
F7,NA,0,NA,NA,DC,nomi,neg,SWI1,f7_m2_c1_iso_sna_vin1_d2p3_neg_vddramp_e1,M2,C1,iso,2.3,-1,1,ramp,,-0.43179127940960665,0.9180936842544141,0.43179127940960665,0.0,-0.1198649248793964,0.8403806670422123,4.851843075654588e-06,-0.5801350751206036,-0.43224036113915576,0.8403979653766044,4.822102568759422e-06,-0.2677596388608442,0.31237543625976333,-0.11986492487939245,0.8403806670421877,-0.43179127940960665,0.9180960329122119,-0.43179127940960665,0.9180936842544141,5.000016948642385e-06,0.0010040236566238026,0.0005897377022330323,1.4043108848498616e-10,5.115990518321425e-11,4.1464255496497404e-07,0.00016581863319480207,0.00018669392593320656,,,,,,,,,,-0.43179127941,0.918093684254,,,,,,,,,,,,,,,,,,,,,,,-0.11975842559811048,0.8403806671853999,4.851844252733856e-06,-0.5802415744018895,-0.005204657760244102,0.8403977302443335,4.822100216716155e-06,-0.6947953422397558,0.4389629047060266,-0.11975842559810808,0.8403806671853943,-0.009141049470700156,1.2208247759358928,-0.009140744197251388,1.2208224272784842,5.000001092015384e-06,0.0010040384920456176,0.0005897438170757306,-0.11975842559811048,0.8403806671853999,4.851844252733856e-06,-0.5802415744018895,-0.005204657760244102,0.8403977302443335,4.822100216716155e-06,-0.6947953422397558,0.4389629047060266,-0.11975842559810808,0.8403806671853943,-0.009141049470700156,1.2208247759358928,-0.009140744197251388,1.2208224272784842,5.000001092015384e-06,0.0010040384920456176,0.0005897438170757306,5.000013219056358e-06,0.0010111952364686581,0.03205906837080762,0.5248567605435537,5.853967867022747e-06,-0.6958535744503502,4.8302489888120515e-06,-0.5802155485003813,4.3969786917897637e-13,1.9331871644210295e-08,4.3969786917897637e-13,1.9331871644210295e-08,,,,,,,,,,,,,,,,,,,,,,,,,,,,,,,,,,,,,,,,,,,,,,,,,,,,,,,-0.43179127941,0.0012,0.0,0.0,-0.43179127940960665,,,,,,
F7,NA,0,NA,NA,DC,nomi,neg,SWI1,f7_m2_c1_iso_sna_vin3p9_d0_neg_vddoff_e1_ref0,M2,C1,iso,0,-3.9,1,off,,-0.4851957102808393,-0.4851957102808393,0.4851957102808393,0.0,-0.4879806040936578,-0.4879806040936578,6.381039250210914e-05,-0.21201939590634217,-1.1351380172984729,-1.1351380172984729,7.065598527329346e-05,0.4351380172984729,0.647157413204815,-0.4879806040936578,-0.4879806040936578,-0.4851957102808393,-0.4851957102808393,-0.4851957102808393,-0.4851957102808393,5.000050491135416e-06,5.000050491135416e-06,5.000050491135416e-06,6.236450837108189e-05,6.478923734315467e-13,1.0459921272482702e-06,1.0459921272482702e-06,0.0001408359822950959,,,,,,,,,,,,,,,,,,,,,,,,,,,,,,,,,,-0.48458700993208487,-0.48458700993208487,4.197506527408081e-06,-0.2154129900679151,-0.013285014148863553,-0.013285014148863553,2.9781464614621257e-06,-0.6867149858511364,0.4713019957832213,-0.48458700993208487,-0.48458700993208487,-0.01327121151047998,-0.01327121151047998,-0.01327121151047998,-0.01327121151047998,5.000002354667793e-06,5.000002354667793e-06,5.000002354667793e-06,-0.48458700993208487,-0.48458700993208487,4.197506527407622e-06,-0.2154129900679151,-0.013285014148863548,-0.013285014148863548,2.978146461462125e-06,-0.6867149858511364,0.4713019957832213,-0.48458700993208487,-0.48458700993208487,-0.013271211510479976,-0.013271211510479976,-0.013271211510479976,-0.013271211510479976,5.000002354667793e-06,5.000002354667793e-06,5.000002354667793e-06,5.000050450412307e-06,5.000050450412307e-06,5.5415379447291835e-05,0.47433654423531985,3.045977074185688e-06,-0.6895400787275172,4.252258954268762e-06,-0.21520353449219742,4.720369603007646e-13,6.80615819839528e-08,4.720369603007646e-13,6.806158198395297e-08,,,,,,,,,,,,,,,,,,,,,,,,,,,,,,,,,,,,,,,,,,,,,,,,,,,,,,,,,,,,0,,,,,
F7,NA,0,NA,NA,DC,nomi,neg,SWI1,f7_m2_c1_iso_sna_vin3p9_d0_neg_vddoff_e1_ref2p5,M2,C1,iso,0,-3.9,1,off,,-0.4845662277799598,-0.4845662277799598,0.4845662277799598,0.0,-0.26286347030878393,-0.26286347030878393,0.0001325289537853581,-0.437136529691216,-0.9295403295500837,-0.9295403295500837,0.00013722097255655446,0.22954032955008374,0.6666768592412997,-0.26286347030878393,-0.26286347030878393,-0.4845662277799598,-0.4845662277799598,-0.4845662277799598,-0.4845662277799598,5.0000504269279756e-06,5.0000504269279756e-06,5.0000504269279756e-06,0.0001298598868115009,6.674118235069221e-13,0.00020906513790586414,0.00020906513790586414,0.00011532758431142477,,,,,,,,,,,,,,,,,,,,,,,,,,,,,,,,,,-0.25615691283590014,-0.25615691283590014,1.8709955710311675e-06,-0.4438430871640998,-0.00811704676071219,-0.00811704676071219,1.8196257691091738e-06,-0.6918829532392877,0.24803986607518796,-0.25615691283590014,-0.25615691283590014,-0.00810861344908226,-0.00810861344908226,-0.00810861344908226,-0.00810861344908226,5.000001828080944e-06,5.000001828080944e-06,5.000001828080944e-06,-0.25615691283590014,-0.25615691283590014,1.8709955710311675e-06,-0.4438430871640998,-0.00811704676071219,-0.00811704676071219,1.8196257691091738e-06,-0.6918829532392877,0.24803986607518796,-0.25615691283590014,-0.25615691283590014,-0.00810861344908226,-0.00810861344908226,-0.00810861344908226,-0.00810861344908226,5.000001828080944e-06,5.000001828080944e-06,5.000001828080944e-06,5.000027138619205e-06,5.000027138619205e-06,0.00012878696264329492,0.6655988964562531,0.00013079580311783912,-0.29065137905864136,0.00012876031149897696,-0.44374972448510536,2.487747827835049e-13,1.1702522491481414e-11,2.487747827835049e-13,1.1702522491481414e-11,,,,,,,,,,,,,,,,,,,,,,,,,,,,,,,,,,,,,,,,,,,,,,,,,,,,,,,,,,,,2.5,,,,,
ISOAC,NA,0,NA,NA,DC,nomi,both,SWI1,isoac_m1_c0_follower_sna_viac1dc1p25_d1p25_both_vdd3p3_e1,M1,C0,follower,1.25,1.25,1,3p3,,,,,,,,,,,,,,,,,,,,,,,,,,,,,,,,,,,,,,,,,,,,,,,,,,,,,,,,,,,,,,,,,,,,,,,,,,,,,,,,,,,,,,,,,,,,,,,,,,,,,,,,,,,,,,0.9999992077266439,,,,,,,,,,,,,,,,,,,,,,,,,,,,,,,,,,,,,,,,,,,,,,,,,,,,,,,,,,,,0.9999992077266439,0.0038975751127035435,0.0,1.0,66253934.9190769
ISOAC,NA,0,NA,NA,DC,nomi,both,SWI1,isoac_m1_c0_iso_sna_viac1dc0_d1p25_both_vdd3p3_e1,M1,C0,iso,1.25,0.0,1,3p3,,,,,,,,,,,,,,,,,,,,,,,,,,,,,,,,,,,,,,,,,,,,,,,,,,,,,,,,,,,,,,,,,,,,,,,,,,,,,,,,,,,,,,,,,,,,,,,,,,,,,,,,,,,,,,0.9999973770635903,0.9364848357824628,0.9999973770636107,-0.09239692660717734,1.50369680699552,11091748.152625049,19606006.474795558,0.9999973770635902,0.5699522867285017,0.0,1.0,5649671.985998263,-0.9999973770635533,,,,,,,,,,,,,,,,,,,,,,,,,,,,,,,,,,,,,,,,,,,,,,,,,,,,
ISOAC,NA,0,NA,NA,DC,nomi,both,SWI1,isoac_m1_c1_iso_sna_viac1dc0_d1p25_both_vdd3p3_e1,M1,C1,iso,1.25,0.0,1,3p3,,,,,,,,,,,,,,,,,,,,,,,,,,,,,,,,,,,,,,,,,,,,,,,,,,,,,,,,,,,,,,,,,,,,,,,,,,,,,,,,,,,,,,,,,,,,,,,,,,,,,,,,,,,,,,0.9999973770635816,0.9179290193131916,0.9999973770636023,0.0814283514514757,0.0,1.0,10822354.918378957,0.9999973770635816,0.7437775647871541,0.0,1.0,4415340.387445749,-0.9999973770635256,,,,,,,,,,,,,,,,,,,,,,,,,,,,,,,,,,,,,,,,,,,,,,,,,,,,
ISODC,NA,0,NA,NA,DC,nomi,both,SWI1,isodc_m1_c1_iso_sna_visw5_d0p2_both_vdd3p3_e0,M1,C1,iso,0.2,0.0,0,3p3,,0.0062719743198296875,3.291250708262074,0.0,0.0,0.8485647774067357,0.8819402054273396,6.8250349637258875e-06,-1.5485647774067357,-0.4016775789398352,1.6088892301589104,1.5889589709745364e-05,-0.29832242106016477,1.250242356346571,0.8485647774067357,0.8819402054273396,0.0062719743198296875,3.291250708262074,0.0062719743198296875,3.291250708262074,0.0010040004171794727,0.0010043697117465891,0.001004159484775596,,,0.00016180597945726603,0.00016514352225932642,0.00017480015262517494,,,,,,,,,,0.00627197431983,3.29125070826,1.25024235635,6.82503496373e-06,1.58895897097e-05,1001,-5.0,5.0,0.010000000000001563,0.8540287918317335,-0.07252027073826146,3.2905916077782065,0.8540287918317335,-0.926549062569995,0.8696694413380641,0.8696869947614265,2.53743646577146,0.8696694413380641,1.7553423362404175e-05,0.876484016344004,1.2802033278133473,0.008505506617518649,0.876484016344004,0.4037193114693435,,,,,,,,,,,,,,,,,,,,,,,,,,,,,,,,,,,,,,,,,,,,,,,,,,,,,,,,,,,,,,,,,,,,,,,,,,,,,,,,,,,,,,,,,,,,,,,,,,,,,,,,,,,,,,,,,
ISODC,NA,0,NA,NA,DC,nomi,both,SWI1,isodc_m1_c1_iso_sna_visw5_d0p2_both_vdd3p3_e1,M1,C1,iso,0.2,0.0,1,3p3,,0.006918334455123211,3.289344168711776,0.0,0.0,0.5367477774545172,0.9410254113091577,9.369658411851542e-05,-1.236747777454517,-0.12163935900111804,1.5559014138421858,0.00010685102487503902,-0.578360640998882,0.6583871364556352,0.5367477774545172,0.9410254113091577,0.006918334455123211,3.289344168711776,0.006918334455123211,3.289344168711776,0.0010040004171794727,0.0010043414983244207,0.0010041563819178758,9.532090105656958e-05,1.8061673487426874e-05,0.00015589745886908422,0.00019632522225454828,0.00016822598186627615,,,,,,,,,,0.00691833445512,3.28934416871,0.658387136456,9.36965841185e-05,0.000106851024875,1001,-5.0,5.0,0.010000000000001563,0.70266549056579,0.06333798496177549,3.2893146176271744,0.70266549056579,-0.6393275056040145,0.869669441338179,0.8696869947615398,2.537436465772217,0.869669441338179,1.755342336073884e-05,0.8765000423254167,1.2801889970552858,0.008505818158873787,0.8765000423254167,0.4036889547298692,,,,,,,,,,,,,,,,,,,,,,,,,,,,,,,,,,,,,,,,,,,,,,,,,,,,,,,,,,,,,,,,,,,,,,,,,,,,,,,,,,,,,,,,,,,,,,,,,,,,,,,,,,,,,,,,,
ISODC,NA,0,NA,NA,DC,nomi,both,SWI1,isodc_m1_c1_iso_sna_visw5_d1p25_both_vdd3p3_e0,M1,C1,iso,1.25,0.0,0,3p3,,0.00484593423390343,3.290421567915402,0.0,0.0,0.8550355659529525,0.8884080272243097,8.708494351882811e-06,-1.5550355659529524,-0.011871261798727014,1.9985168275675627,1.2023880948611609e-05,-0.688128738201273,1.1101088003432529,0.8550355659529525,0.8884080272243097,0.004845934233903431,3.290421567915402,0.00484593423390343,3.290421567915402,0.001004000417184932,0.0010043306481979288,0.0010041139459781483,,,0.00016115919727756903,0.00016449644340470475,0.00015655970990058647,,,,,,,,,,0.0048459342339,3.29042156792,1.11010880034,8.70849435188e-06,1.20238809486e-05,1001,-5.0,5.0,0.010000000000001563,0.8604959432166565,0.31706694042547057,3.2890306830954246,0.8604959432166565,-0.5434290027911859,0.8696694583212531,0.8696880178445182,1.2347103541946431,0.8696694583212531,1.8559523265126998e-05,0.8829464413202454,1.6695058157245304,0.005993644772561286,0.8829464413202454,0.7865593744042851,,,,,,,,,,,,,,,,,,,,,,,,,,,,,,,,,,,,,,,,,,,,,,,,,,,,,,,,,,,,,,,,,,,,,,,,,,,,,,,,,,,,,,,,,,,,,,,,,,,,,,,,,,,,,,,,,
ISODC,NA,0,NA,NA,DC,nomi,both,SWI1,isodc_m1_c1_iso_sna_visw5_d1p25_both_vdd3p3_e1,M1,C1,iso,1.25,0.0,1,3p3,,0.00682021259908178,3.289344168767669,0.0,0.0,0.732219033840716,1.1300182968685273,7.906651360022381e-05,-1.432219033840716,0.09834838023799584,1.7816366844282019,7.83948050337131e-05,-0.7983483802379958,0.6516183875596746,0.732219033840716,1.1300182968685273,0.00682021259908178,3.289344168767669,0.00682021259908178,3.289344168767669,0.001004000417184932,0.0010043195173308759,0.0010041134015914234,3.754400037807463e-05,7.385852148911128e-05,0.00013699817031314728,0.00017677809661592839,0.00014288481634764318,,,,,,,,,,0.00682021259908,3.28934416877,0.65161838756,7.90665136002e-05,7.83948050337e-05,1001,-5.0,5.0,0.010000000000001563,0.8575330480787846,0.31972206869555203,3.288991668495905,0.8575330480787846,-0.5378109793832326,0.869669458321375,0.8696880178446412,1.2347103541955917,0.869669458321375,1.855952326623722e-05,0.9684083308884425,1.5928479227971208,0.006877954622591315,0.9684083308884425,0.6244395919086783,,,,,,,,,,,,,,,,,,,,,,,,,,,,,,,,,,,,,,,,,,,,,,,,,,,,,,,,,,,,,,,,,,,,,,,,,,,,,,,,,,,,,,,,,,,,,,,,,,,,,,,,,,,,,,,,,
ISODC,NA,0,NA,NA,DC,nomi,both,SWI1,isodc_m1_c1_iso_sna_visw5_d2p3_both_vdd3p3_e0,M1,C1,iso,2.3,0.0,0,3p3,,0.004207359189615453,3.288638923598069,0.0,0.0,0.8615016153327721,0.894880136651879,1.0593202317555731e-05,-1.561501615332772,0.37764956355318213,2.388402715829218,1.1779633014152215e-05,-1.077649563553182,1.4935225791773388,0.8615016153327721,0.894880136651879,0.004207359189615453,3.288638923598069,0.004207359189615453,3.288638923598069,0.0010040004171903909,0.0010042915178474201,0.0010040734945452774,,,0.0001605119863348121,0.0001638498384667228,0.00023850501692888553,,,,,,,,,,0.00420735918962,3.2886389236,1.49352257918,1.05932023176e-05,1.17796330142e-05,1001,-5.0,5.0,0.010000000000001563,0.866947398325839,0.7057085933476561,3.2843117217477844,0.866947398325839,-0.16123880497818288,0.8701117213964514,0.8963303566134709,0.02096263447082804,0.8701117213964514,0.026218635217019504,0.8894148332901458,2.059167760880531,0.00468232151814662,0.8894148332901458,1.169752927590385,,,,,,,,,,,,,,,,,,,,,,,,,,,,,,,,,,,,,,,,,,,,,,,,,,,,,,,,,,,,,,,,,,,,,,,,,,,,,,,,,,,,,,,,,,,,,,,,,,,,,,,,,,,,,,,,,
ISODC,NA,0,NA,NA,DC,nomi,both,SWI1,isodc_m1_c1_iso_sna_visw5_d2p3_both_vdd3p3_e1,M1,C1,iso,2.3,0.0,1,3p3,,0.006820212714943657,3.288633624593449,0.0,0.0,0.8611480763879917,1.3300999804781302,0.0001373312180239179,-1.5611480763879917,0.3779661834891228,1.9974312713352769,0.00013873889070608307,-1.0779661834891228,0.6673312908571467,0.8611480763879917,1.3300999804781302,0.006820212714943657,3.288633624593449,0.006820212714943657,3.288633624593449,0.0010040004171903909,0.0010042914856538407,0.0010040734942426753,1.0807016752786271e-07,0.00013304506976464733,0.00011699000195218699,0.00016388519236120081,0.00023846573405842143,,,,,,,,,,0.00682021271494,3.28863362459,0.667331290857,0.000137331218024,0.000138738890706,1001,-5.0,5.0,0.010000000000001563,0.866947395992581,0.7057085954109825,3.284311721626331,0.866947395992581,-0.16123880058159845,0.8701117215740892,0.8963303564716346,0.020962634530141317,0.8701117215740892,0.02621863489754539,1.160820702278233,1.8155179886267503,0.006821924046524657,1.160820702278233,0.6546972863485172,,,,,,,,,,,,,,,,,,,,,,,,,,,,,,,,,,,,,,,,,,,,,,,,,,,,,,,,,,,,,,,,,,,,,,,,,,,,,,,,,,,,,,,,,,,,,,,,,,,,,,,,,,,,,,,,,
ISOEQ,NA,0,NA,NA,DC,nomi,both,SWI1,isoeq_m1_c1_iso_sna_visw1p25_d0p2_both_vdd3p3_e1,M1,C1,iso,0.2,0.0,1,3p3,2.53743646577,1.2874397444260808,3.2839464930164413,0.0,0.0,0.867166961544969,0.86966945763396,3.251736897997232e-06,-1.5671669615449688,0.7189353921513979,0.8696879764341353,4.776472826437753e-06,-1.4189353921513979,0.14823156939357107,0.867166961544969,0.86966945763396,1.2874397444260808,3.2839464930164413,1.2874397444260808,3.2839464930164413,0.0010040421900662539,0.0010042569200089753,0.0010041632932577945,3.8294497239042826e-13,1.4896423938121074e-13,0.00016303305423660401,0.0001632833038455031,8.308783826726243e-05,-0.9999973770769649,2.537436465772219,37,3.126388037344441e-12,0.5000606008576378,20.13946776407936,2.537436465772217,2.534007093874079,0.0034326505520017037,,,,,,,,,,,,,,,,,,,,,,,,,,,,,,,,,,,,,,,,,,,,,,,,,,,,,,,,,,,,,,,,,,,,,,,,,,,,,,,,,,,,,,,,,,,,,,,,,,,,,,,,,,,,,,,,,,,,,,,,,,,,,,,,,,,,,,,,,
ISOEQ,NA,0,NA,NA,DC,nomi,both,SWI1,isoeq_m1_c1_iso_sna_visw1p25_d0p725_both_vdd3p3_e1,M1,C1,iso,0.725,0.0,1,3p3,1.88607340998,0.6360766886377327,3.1360701313302406,0.0,0.0,0.8696694335340173,0.8696694661255587,3.2517393707897663e-06,-1.5696694335340173,0.8696865246305197,0.869688487975684,3.2814735090252558e-06,-1.5696865246305196,1.9021850125255924e-05,0.8696694335340173,0.8696694661255587,0.6360766886377327,3.1360701313302406,0.6360766886377327,3.1360701313302406,0.0010040004172422023,0.001004227056962175,0.0010041033649620945,1.9564428202500926e-17,1.9569849213363355e-17,0.00016303305338744413,0.00016303305664659828,1.7951425307156817e-05,-0.9999973770770147,1.8860734099840042,50,7.158718062783009e-12,0.0034343590316434636,7.158718062783009e-12,1.8860734099840433,1.8826423296060892,0.0034343590316434636,,,,,,,,,,,,,,,,,,,,,,,,,,,,,,,,,,,,,,,,,,,,,,,,,,,,,,,,,,,,,,,,,,,,,,,,,,,,,,,,,,,,,,,,,,,,,,,,,,,,,,,,,,,,,,,,,,,,,,,,,,,,,,,,,,,,,,,,,
ISOEQ,NA,0,NA,NA,DC,nomi,both,SWI1,isoeq_m1_c1_iso_sna_visw1p25_d1p25_both_vdd3p3_e1,M1,C1,iso,1.25,0.0,1,3p3,1.2347103542,0.024856837523469157,2.4847070755419995,0.0,0.0,0.8696694420255949,0.869868997019196,3.3098434104718776e-06,-1.569669442025595,0.8696870361720487,0.8817084096202804,3.2814684360470714e-06,-1.5696870361720485,0.011839412601084454,0.8696694420255949,0.869868997019196,0.024856837523469157,2.4847070755419995,0.024856837523469157,2.4847070755419995,0.0010040004172449316,0.0010041619192975046,0.0010040531532211781,1.2110782212151894e-14,1.2269634093453607e-14,0.0001630131002980804,0.00016303305579744052,4.71852312441627e-05,-0.9999973770770093,1.2347103541956583,46,7.331912854624534e-12,0.04357927218536998,1.6057281869629016,1.234710354195689,1.2312775653380992,0.0034354117805187045,,,,,,,,,,,,,,,,,,,,,,,,,,,,,,,,,,,,,,,,,,,,,,,,,,,,,,,,,,,,,,,,,,,,,,,,,,,,,,,,,,,,,,,,,,,,,,,,,,,,,,,,,,,,,,,,,,,,,,,,,,,,,,,,,,,,,,,,,
ISOEQ,NA,0,NA,NA,DC,nomi,both,SWI1,isoeq_m1_c1_iso_sna_visw1p25_d1p775_both_vdd3p3_e1,M1,C1,iso,1.775,0.0,1,3p3,0.583347298407,0.01146809074939829,1.8333440197536452,0.0,0.0,0.8696694505171929,0.8730399131433904,4.233229012130557e-06,-1.5696694505171929,0.869687547713598,1.072726920663762,3.2814633630868586e-06,-1.569687547713598,0.1996870075203716,0.8696694505171929,0.8730399131433904,0.01146809074939829,1.8333440197536452,0.01146809074939829,1.8333440197536452,0.0010040004172476612,0.0010040967816328345,0.0010040195801273707,2.004216671097625e-13,1.943455010637585e-12,0.00016269600868566096,0.00016303305494828072,0.00011232164420426821,-0.9999973770769677,0.5833472984072863,33,5.977440764581843e-12,0.6815552896792891,27.12470054753286,0.5833472984073348,0.5799128010701091,0.0034354153602678406,,,,,,,,,,,,,,,,,,,,,,,,,,,,,,,,,,,,,,,,,,,,,,,,,,,,,,,,,,,,,,,,,,,,,,,,,,,,,,,,,,,,,,,,,,,,,,,,,,,,,,,,,,,,,,,,,,,,,,,,,,,,,,,,,,,,,,,,,
ISOEQ,NA,0,NA,NA,DC,nomi,both,SWI1,isoeq_m1_c1_iso_sna_visw1p25_d2p3_both_vdd3p3_e1,M1,C1,iso,2.3,0.0,1,3p3,0.0209625467622,0.008637988296187291,1.181980963965291,0.0,0.0,0.8696694590087909,0.8762729329547859,5.174699215176628e-06,-1.5696694590087907,0.8696880592551474,1.2668981672304893,3.281458290126646e-06,-1.5696880592551472,0.3906252342757034,0.8696694590087909,0.8762729329547859,0.008637988296187291,1.181980963965291,0.008637988296187291,1.181980963965291,0.0010040004172503908,0.0010040316439681644,0.001004002645543333,3.913601918665438e-13,2.946113039626035e-09,0.0001623727067045214,0.00016303305409912092,0.00017745805716437373,-0.9999973770770243,-0.06801575738105425,20,5.853095785823825e-12,1.330089951494068,53.06601868094087,0.020962546762226673,-0.07145196319788072,0.003435418939789353,,,,,,,,,,,,,,,,,,,,,,,,,,,,,,,,,,,,,,,,,,,,,,,,,,,,,,,,,,,,,,,,,,,,,,,,,,,,,,,,,,,,,,,,,,,,,,,,,,,,,,,,,,,,,,,,,,,,,,,,,,,,,,,,,,,,,,,,,
