C1A,C1B,C2A,C2B,POS,R1A,R1B,R2A,R2B,a_diff,a_differential_V,a_idle_n,a_idle_p,a_im,a_ip,a_vim_peak_A,a_vip_peak_A,ac_last_Hz,ac_points,actual_pp_V,adc_max,adc_min,amplitude_V,amplitude_error_pct,atten_1m_db,atten_2m_db,atten_3p25m_db,atten_4p5m_db,atten_6p5m_db,b_diff,b_differential_V,b_idle_n,b_idle_p,b_im,b_ip,b_vim_peak_A,b_vip_peak_A,bnc_actual_peak_V,bnc_peak,candidate,fit_Q,fit_f0_Hz,freq_Hz,fundamental_pp_V,gain_1m,gain_2m,gain_3p25m,gain_4p5m,gain_6p5m,gain_ref,gain_source_1m,gain_source_2m,gain_source_3p25m,gain_source_4p5m,gain_source_6p5m,gd_max_ns,gd_min_ns,gd_variation_ns,harmonic1_V,harmonic2_V,harmonic3_V,harmonic4_V,harmonic5_V,harmonic6_V,harmonic7_V,harmonic8_V,harmonic9_V,high_max_Hz,high_max_db,id,initial_V,isolated_peak_Hz,isolated_peak_db,ix,kind,last_time_s,max_step_s,mc,mean_adc_V,minus3_Hz,noise_pct_div,noise_trace,noise_uV,observation_after_end_us,onoise_100k,overshoot_pct,peak_Hz,peak_db,polarity,pulse_end_s,rebound_excess_db,recovery_band_V,recovery_us,rise_ns,scale_V_div,section,seed,settling_1pct_ns,square_fall_settling_ns,step_delta_V,step_final_V,step_initial_V,tap,target_pp_V,terminal_error_V,test,thd_pct,u105_idle_power_mW
,,,,NA,,,,,,,,,,,,,200000000.0,1592,,,,0.0,,0.8380571315292833,2.9316371346562176,6.230307604396439,9.533376564409192,14.22696704525296,,,,,,,,,,,BE,0.5054049126020127,3158457.3465586095,0.0,,,,,,,0.9992751251676614,,,,,,100.92630747872776,71.65923043831775,29.267077040410015,,,,,,,,,,4501252.062061655,-9.53655869636453,g0_be_sna_posna_tapna_dc_mcnom_isolated_bipolar_a0_f0_sec1,,1000.0,-9.643274665532871e-16,NA,isolated,,,-1,,2027676.043830171,,,,,,,1000.0,0.0,bipolar,,0.0,,,,NA,1,,,,,,,NA,,,G0,,
,,,,NA,,,,,,,,,,,,,200000000.0,1592,,,,0.0,,-0.10052058693557837,-0.06290181231113104,1.4881583487111394,4.84677181952018,10.547673027854133,,,,,,,,,,,BE,0.7973662694367442,3486936.520708187,0.0,,,,,,,0.9992780391130893,,,,,,77.87672502602074,58.24523405677858,19.631490969242158,,,,,,,,,,4501252.062061655,-4.850486050138371,g0_be_sna_posna_tapna_dc_mcnom_isolated_bipolar_a0_f0_sec2,,1513561.2484363015,0.1475991107066284,NA,isolated,,,-1,,3861028.1145881973,,,,,,,1513561.2484363015,0.1475991107066265,bipolar,,0.0,,,,NA,2,,,,,,,NA,,,G0,,
,,,,NA,,,,,,,,,,,,,200000000.0,1592,,,,0.0,,1.552576627330205,5.333673780463935,10.569204545556918,15.098519475219268,20.815536267108232,,,,,,,,,,,BU,0.5401691684083981,2019319.9721294227,0.0,,,,,,,0.9990992203500288,,,,,,147.6247566342444,85.40222014142323,62.22253649282116,,,,,,,,,,4501252.062061655,-15.102639963725366,g0_bu_sna_posna_tapna_dc_mcnom_isolated_bipolar_a0_f0_sec1,,1000.0,0.0,NA,isolated,,,-1,,1425738.7163829587,,,,,,,1000.0,0.0,bipolar,,0.0,,,,NA,1,,,,,,,NA,,,G0,,
,,,,NA,,,,,,,,,,,,,200000000.0,1592,,,,0.0,,-1.4347121936285572,-2.3818891670512694,5.997810190683724,12.66094585666963,19.75397765720968,,,,,,,,,,,BU,1.3225099352353589,2016520.997270766,0.0,,,,,,,0.9992911835042845,,,,,,212.59440556637304,61.02892051254545,151.5654850538276,,,,,,,,,,4501252.062061655,-12.666474672541856,g0_bu_sna_posna_tapna_dc_mcnom_isolated_bipolar_a0_f0_sec2,,1698243.6524618503,2.9524158888595524,NA,isolated,,,-1,,2814720.921907379,,,,,,,1698243.6524618503,2.9524158888595524,bipolar,,0.0,,,,NA,2,,,,,,,NA,,,G0,,
,,,,NA,,,,,,,,,,,,,200000000.0,1592,,,,0.0,,0.9645854501472931,3.5345623790736718,7.658211469222533,11.630409376709897,16.963025379395848,,,,,,,,,,,TR,0.5416124524183344,2572200.4956566337,0.0,,,,,,,0.9991632203809796,,,,,,115.62596612922056,81.88418274455341,33.741783384667144,,,,,,,,,,4501252.062061655,-11.634144188594517,g0_tr_sna_posna_tapna_dc_mcnom_isolated_bipolar_a0_f0_sec1,,1000.0,0.0,NA,isolated,,,-1,,1823224.4707977686,,,,,,,1000.0,0.0,bipolar,,0.0,,,,NA,1,,,,,,,NA,,,G0,,
,,,,NA,,,,,,,,,,,,,200000000.0,1592,,,,0.0,,-0.5085965735382734,-1.0716604504057425,2.3517317554368717,7.8341586528863765,14.676180025523603,,,,,,,,,,,TR,0.9939105615571596,2679919.56653413,0.0,,,,,,,0.9992910782590586,,,,,,120.12117948340232,60.97175314241005,59.149426340992264,,,,,,,,,,4501252.062061655,-7.839260615150429,g0_tr_sna_posna_tapna_dc_mcnom_isolated_bipolar_a0_f0_sec2,,1862087.1366629854,1.1012882856054345,NA,isolated,,,-1,,3396344.92098537,,,,,,,1862087.1366629854,1.1012882856054327,bipolar,,0.0,,,,NA,2,,,,,,,NA,,,G0,,
,,,,1,,,,,,,,,,,,,200000000.0,1592,,,,0.0,,0.9296279807758391,3.6018648635547064,9.503092100182585,17.48355142506528,30.256807202073965,,,,,,,,,,,BE,,,0.0,,44.45994105493546,32.68444609927215,16.568060038970067,6.611078487322656,1.5192296763483477,49.4823459884874,44.45592704181033,32.678889982129434,,,,230.21892828677838,214.15918269463705,16.059745592141326,,,,,,,,,,4501252.062061655,-17.49184983177688,g1_be_s00_pos1_tap0_dc_mcnom_ac_bipolar_a0_f0_sec0,,,,0,ac,,,-1,,1822209.0101366471,,,,,,,1000.0,0.0,bipolar,,0.0,,,,0.005,0,,,,,,,0,,,G1,,
,,,,1,,,,,,,,,,,,,200000000.0,1592,,,,0.0,,0.9302420844932683,3.604323839675724,9.509599751754745,17.496067913298695,30.283113291389157,,,,,,,,,,,BE,,,0.0,,22.22115499865339,16.332260704954113,8.275111887823185,3.299702341680682,0.7570696748896603,24.733110223085912,22.219148788480695,16.329496778844774,,,,232.00122188376432,215.94248211713202,16.0587397666323,,,,,,,,,,4501252.062061655,-17.504373280888146,g1_be_s01_pos1_tap1_dc_mcnom_ac_bipolar_a0_f0_sec0,,,,1,ac,,,-1,,1821579.8806462218,,,,,,,1000.0,0.0,bipolar,,0.0,,,,0.01,0,,,,,,,1,,,G1,,
,,,,1,,,,,,,,,,,,,200000000.0,1592,,,,0.0,,0.9299902204731217,3.6033159023424446,9.506935535712186,17.490952957874324,30.27240706560365,,,,,,,,,,,BE,,,0.0,,11.12656541871923,8.17859468222498,4.1446627539745,1.653150750458868,0.3795362252652888,12.383991257109024,11.12556087018476,8.177209058693709,,,,231.5566385967967,215.49811512557363,16.058523471223054,,,,,,,,,,4501252.062061655,-17.49925549137531,g1_be_s02_pos1_tap2_dc_mcnom_ac_bipolar_a0_f0_sec0,,,,2,ac,,,-1,,1821837.6625625326,,,,,,,1000.0,0.0,bipolar,,0.0,,,,0.02,0,,,,,,,2,,,G1,,
,,,,1,,,,,,,,,,,,,200000000.0,1592,,,,0.0,,0.9297297851842863,3.602273178739831,9.50417657057299,17.48564816409986,30.261265786982694,,,,,,,,,,,BE,,,0.0,,4.442782371311093,3.265967378697915,1.6554206634185664,0.6604784602721379,0.15173699294954512,4.944718007039783,4.442381260055738,3.2654130846509686,,,,230.8601634752864,214.80137990396761,16.0587835713188,,,,,,,,,,4501252.062061655,-17.493947749297206,g1_be_s03_pos1_tap3_dc_mcnom_ac_bipolar_a0_f0_sec0,,,,3,ac,,,-1,,1822104.5059680853,,,,,,,1000.0,0.0,bipolar,,0.0,,,,0.05,0,,,,,,,3,,,G1,,
,,,,1,,,,,,,,,,,,,200000000.0,1592,,,,0.0,,0.9296682529501695,3.6020266616559065,9.503523403846453,17.484389738633077,30.258610724608953,,,,,,,,,,,BE,,,0.0,,2.21918834237222,1.6313992947660698,0.8269461369667881,0.3299572355435123,0.07581591874745001,2.469889790767714,2.2189879856308665,1.6311222053213688,,,,230.55702347468986,214.49799552787522,16.059027946814638,,,,,,,,,,4501252.062061655,-17.492688621523705,g1_be_s04_pos1_tap4_dc_mcnom_ac_bipolar_a0_f0_sec0,,,,4,ac,,,-1,,1822167.6118163872,,,,,,,1000.0,0.0,bipolar,,0.0,,,,0.1,0,,,,,,,4,,,G1,,
,,,,1,,,,,,,,,,,,,200000000.0,1592,,,,0.0,,0.9296480238642044,3.601945556374812,9.503308154839432,17.48397402959805,30.257728939526586,,,,,,,,,,,BE,,,0.0,,1.1095993377286237,0.8157092197003619,0.41348435367656516,0.1649869042053416,0.03791190250521979,1.2349477694427902,1.1094991588911003,0.8155706159690572,,,,230.3924164494742,214.3332372087468,16.059179240727417,,,,,,,,,,4501252.062061655,-17.49227267935651,g1_be_s05_pos1_tap5_dc_mcnom_ac_bipolar_a0_f0_sec0,,,,5,ac,,,-1,,1822188.372785008,,,,,,,1000.0,0.0,bipolar,,0.0,,,,0.2,0,,,,,,,5,,,G1,,
,,,,100,,,,,,,,,,,,,200000000.0,1592,,,,0.0,,0.9320007759515793,3.6042376712432245,9.5054639336011,17.485921694300806,30.259173858227676,,,,,,,,,,,BE,,,0.0,,0.4448542734636273,0.32703182519366025,0.16577559794988392,0.06614870180233873,0.015201016379519029,0.4952423842333471,0.44481889468545555,0.32699023759366297,,,,233.16053058049891,214.1487682797556,19.011762300743328,,,,,,,,,,4501252.062061655,-17.494220099188084,g1_be_s06_pos100_tap0_dc_mcnom_ac_bipolar_a0_f0_sec0,,,,6,ac,,,-1,,1821476.9968811315,,,,,,,1000.0,0.0,bipolar,,0.0,,,,0.5,0,,,,,,,0,,,G1,,
,,,,100,,,,,,,,,,,,,200000000.0,1592,,,,0.0,,0.932614879823951,3.6066966480299465,9.51197158712586,17.49843818672537,30.285479958217397,,,,,,,,,,,BE,,,0.0,,0.22233893090631274,0.16341623204595046,0.08279856652946553,0.03301594839131255,0.007575041943451206,0.2475404961442995,0.22232124853205948,0.16339557532396942,,,,234.9428241774848,215.93206771073548,19.010756466749314,,,,,,,,,,4501252.062061655,-17.5067435524933,g1_be_s07_pos100_tap1_dc_mcnom_ac_bipolar_a0_f0_sec0,,,,7,ac,,,-1,,1820848.6282226404,,,,,,,1000.0,0.0,bipolar,,0.0,,,,1.0,0,,,,,,,1,,,G1,,
,,,,100,,,,,,,,,,,,,200000000.0,1592,,,,0.0,,0.9323630158424353,3.6056887108642144,9.5093073715801,17.493323232377634,30.27477373522384,,,,,,,,,,,BE,,,0.0,,0.11132943629521592,0.08183283076869424,0.041470392108978335,0.0165409889137508,0.003797540595729512,0.12394475714458475,0.11132058238612835,0.08182247111934454,,,,234.4982408905172,215.48770072078008,19.010540169737112,,,,,,,,,,4501252.062061655,-17.501625764057827,g1_be_s08_pos100_tap2_dc_mcnom_ac_bipolar_a0_f0_sec0,,,,8,ac,,,-1,,1821106.0984343009,,,,,,,1000.0,0.0,bipolar,,0.0,,,,2.0,0,,,,,,,2,,,G1,,
,,,,100,,,,,,,,,,,,,200000000.0,1592,,,,0.0,,0.9321025805644529,3.6046459873088557,9.50654840657996,17.488018438900195,30.2636324573664,,,,,,,,,,,BE,,,0.0,,0.04445329159241318,0.03267839600434211,0.016563698443900522,0.0066085726818218,0.0015182408215092089,0.04948904273322538,0.0444497562702395,0.032674249354224694,,,,233.80176575983356,214.7909654994936,19.01080026033995,,,,,,,,,,4501252.062061655,-17.496318022276952,g1_be_s09_pos100_tap3_dc_mcnom_ac_bipolar_a0_f0_sec0,,,,9,ac,,,-1,,1821372.6190669748,,,,,,,1000.0,0.0,bipolar,,0.0,,,,5.0,0,,,,,,,3,,,G1,,
,,,,100,,,,,,,,,,,,,200000000.0,1592,,,,0.0,,0.9320410483321999,3.6043994702320834,9.505895239873519,17.486760013474473,30.260977395095257,,,,,,,,,,,BE,,,0.0,,0.022204604735706842,0.016323344973357988,0.008274202892299671,0.003301464777577538,0.0007585943316337617,0.02471980833439676,0.022202838827617772,0.016321271545771277,,,,233.49862570419685,214.48758112340377,19.011044580793083,,,,,,,,,,4501252.062061655,-17.495058894544538,g1_be_s10_pos100_tap4_dc_mcnom_ac_bipolar_a0_f0_sec0,,,,10,ac,,,-1,,1821435.6485429958,,,,,,,1000.0,0.0,bipolar,,0.0,,,,10.0,0,,,,,,,4,,,G1,,
,,,,100,,,,,,,,,,,,,200000000.0,1592,,,,0.0,,0.9320208192466323,3.6043183649527615,9.505679990871439,17.486344304449087,30.260095610036142,,,,,,,,,,,BE,,,0.0,,0.011102354062949021,0.008161768264716353,0.004137214362693038,0.0016508153006293638,0.00037933661974589466,0.012359932932119868,0.011101471104734643,0.008160730964574743,,,,233.33401868815457,214.32282280425545,19.01119588389912,,,,,,,,,,4501252.062061655,-17.494642952386993,g1_be_s11_pos100_tap5_dc_mcnom_ac_bipolar_a0_f0_sec0,,,,11,ac,,,-1,,1821456.3843717845,,,,,,,1000.0,0.0,bipolar,,0.0,,,,20.0,0,,,,,,,5,,,G1,,
,,,,1,,,,,,,,,,,,,200000000.0,1592,,,,0.0,,0.3120930330232519,3.688196494716689,18.379306704577665,30.90129199958564,46.08805598008768,,,,,,,,,,,BU,,,0.0,,47.728181308826166,32.35427859723735,5.962796780718556,1.4103355406804756,0.24547399411281956,49.474286246586395,47.723872226736425,32.35113940677014,,,,370.2064021789249,269.695397712294,100.51100446663094,,,,,,,,,,4501252.062061655,-30.912347402651086,g1_bu_s00_pos1_tap0_dc_mcnom_ac_bipolar_a0_f0_sec0,,,,0,ac,,,-1,,1916852.512439587,,,,,,,1000.0,0.0,bipolar,,0.0,,,,0.005,0,,,,,,,0,,,G1,,
,,,,1,,,,,,,,,,,,,200000000.0,1592,,,,0.0,,0.3127071393719614,3.6906554747954163,18.385814315810173,30.91380837558529,46.114361704828575,,,,,,,,,,,BU,,,0.0,,23.854627091195077,16.16726963979064,2.978189689379524,0.7039226785938635,0.12232581087536899,24.72908166540891,23.852473404722563,16.16572140022677,,,,371.9895071812775,271.47769133054055,100.51181585073692,,,,,,,,,,4501252.062061655,-30.92487073942975,g1_bu_s01_pos1_tap1_dc_mcnom_ac_bipolar_a0_f0_sec0,,,,1,ac,,,-1,,1916556.1422104987,,,,,,,1000.0,0.0,bipolar,,0.0,,,,0.01,0,,,,,,,1,,,G1,,
,,,,1,,,,,,,,,,,,,200000000.0,1592,,,,0.0,,0.3124552762258958,3.6896475384819745,18.383150085612012,30.908693403919727,46.103655484564946,,,,,,,,,,,BU,,,0.0,,11.944476732101311,8.095974211619053,1.4916524458724982,0.35266522607374295,0.06132470115886139,12.381974138253323,11.94339833934729,8.095196366118495,,,,371.5450977839982,271.0331070410188,100.51199074297938,,,,,,,,,,4501252.062061655,-30.919752933679753,g1_bu_s02_pos1_tap2_dc_mcnom_ac_bipolar_a0_f0_sec0,,,,2,ac,,,-1,,1916677.6039904281,,,,,,,1000.0,0.0,bipolar,,0.0,,,,0.02,0,,,,,,,2,,,G1,,
,,,,1,,,,,,,,,,,,,200000000.0,1592,,,,0.0,,0.3121948413192608,3.6886048151812054,18.38039111384321,30.903388613161756,46.092514271007744,,,,,,,,,,,BU,,,0.0,,4.769370300702277,3.2329750731368043,0.5957811615682594,0.14089929483604274,0.02451735444902592,4.943912605636231,4.7689397038794965,3.2326628618568156,,,,370.8484123546912,270.33663292652665,100.51177942816457,,,,,,,,,,4501252.062061655,-30.914445194637885,g1_bu_s03_pos1_tap3_dc_mcnom_ac_bipolar_a0_f0_sec0,,,,3,ac,,,-1,,1916803.2918982513,,,,,,,1000.0,0.0,bipolar,,0.0,,,,0.05,0,,,,,,,3,,,G1,,
,,,,1,,,,,,,,,,,,,200000000.0,1592,,,,0.0,,0.31213330918921267,3.6883582981451473,18.379737945215535,30.902130190833667,46.08985924136041,,,,,,,,,,,BU,,,0.0,,2.382320376544259,1.6149192832669401,0.2976155350700947,0.07038948839908069,0.012250180923821304,2.4694874922541734,2.3821052916216967,1.6147629824894996,,,,370.5450750890126,270.03349292037404,100.51158216863854,,,,,,,,,,4501252.062061655,-30.913186070012607,g1_bu_s04_pos1_tap4_dc_mcnom_ac_bipolar_a0_f0_sec0,,,,4,ac,,,-1,,1916833.0105597388,,,,,,,1000.0,0.0,bipolar,,0.0,,,,0.1,0,,,,,,,4,,,G1,,
,,,,1,,,,,,,,,,,,,200000000.0,1592,,,,0.0,,0.3121130801507594,3.6882771928778357,18.379522695314733,30.901714483761655,46.08897747476474,,,,,,,,,,,BU,,,0.0,,1.1911657345980635,0.8074691543319217,0.1488118253275355,0.03519651157202875,0.006125727342911834,1.23474661971789,1.1910581916370566,0.8073909089052079,,,,370.38034596403304,269.8688859013865,100.51146006264656,,,,,,,,,,4501252.062061655,-30.912770129813744,g1_bu_s05_pos1_tap5_dc_mcnom_ac_bipolar_a0_f0_sec0,,,,5,ac,,,-1,,1916842.7878366068,,,,,,,1000.0,0.0,bipolar,,0.0,,,,0.2,0,,,,,,,5,,,G1,,
,,,,100,,,,,,,,,,,,,200000000.0,1592,,,,0.0,,0.3144658281836745,3.6905693023715282,18.381678538104406,30.903662269041504,46.09042263670788,,,,,,,,,,,BU,,,0.0,,0.4775554109212624,0.3237282597218702,0.059662156499115306,0.014111444152976382,0.0024561488172424933,0.49516171857945335,0.4775174314569818,0.3237107121105006,,,,370.1959341104772,276.6600418352156,93.53589227526157,,,,,,,,,,4501252.062061655,-30.914717670282744,g1_bu_s06_pos100_tap0_dc_mcnom_ac_bipolar_a0_f0_sec0,,,,6,ac,,,-1,,1916541.044343259,,,,,,,1000.0,0.0,bipolar,,0.0,,,,0.5,0,,,,,,,0,,,G1,,
,,,,100,,,,,,,,,,,,,200000000.0,1592,,,,0.0,,0.3150799346978684,3.693028283143383,18.38818615125692,30.91617864914989,46.116728371916906,,,,,,,,,,,BU,,,0.0,,0.23868301557166718,0.16176537669731922,0.02979897284494997,0.007043264015274035,0.0012239601859848211,0.24750017646120595,0.2386640333705232,0.16175681228876626,,,,371.97903911832634,278.4423355993958,93.53670351893055,,,,,,,,,,4501252.062061655,-30.927241011172896,g1_bu_s07_pos100_tap1_dc_mcnom_ac_bipolar_a0_f0_sec0,,,,7,ac,,,-1,,1916244.818177712,,,,,,,1000.0,0.0,bipolar,,0.0,,,,1.0,0,,,,,,,1,,,G1,,
,,,,100,,,,,,,,,,,,,200000000.0,1592,,,,0.0,,0.3148280715918467,3.692020347001552,18.385521921521466,30.911063678497342,46.10602215432047,,,,,,,,,,,BU,,,0.0,,0.11951323803740604,0.08100615299881804,0.014925077096848463,0.0035286749119369937,0.0006135989785537865,0.12392456887879787,0.11950373327864723,0.08100183879877465,,,,371.5346297215921,277.99775235374386,93.53687736784826,,,,,,,,,,4501252.062061655,-30.922123206436613,g1_bu_s08_pos100_tap2_dc_mcnom_ac_bipolar_a0_f0_sec0,,,,8,ac,,,-1,,1916366.220888754,,,,,,,1000.0,0.0,bipolar,,0.0,,,,2.0,0,,,,,,,2,,,G1,,
,,,,100,,,,,,,,,,,,,200000000.0,1592,,,,0.0,,0.3145676366989392,3.690977623750668,18.382762949868706,30.90575888799411,46.094880941447705,,,,,,,,,,,BU,,,0.0,,0.047721043024384485,0.03234828404319371,0.005961227625552729,0.0014098010521314455,0.00024531425931956675,0.04948098190055079,0.04771724782178288,0.032346545306393824,,,,370.8379442920914,277.3012771932135,93.5366670988779,,,,,,,,,,4501252.062061655,-30.916815467649663,g1_bu_s09_pos100_tap3_dc_mcnom_ac_bipolar_a0_f0_sec0,,,,9,ac,,,-1,,1916491.8476624247,,,,,,,1000.0,0.0,bipolar,,0.0,,,,5.0,0,,,,,,,3,,,G1,,
,,,,100,,,,,,,,,,,,,200000000.0,1592,,,,0.0,,0.3145061045707243,3.6907311067213433,18.382109781251764,30.90450046569101,46.09222591187478,,,,,,,,,,,BU,,,0.0,,0.023836860218309774,0.016158450498191455,0.002977861778461623,0.0007042985908283503,0.00012257211787793524,0.02471578194334593,0.02383496449858271,0.016157578505420336,,,,370.534607026262,276.9981371562695,93.53646986999252,,,,,,,,,,4501252.062061655,-30.915556343049392,g1_bu_s10_pos100_tap4_dc_mcnom_ac_bipolar_a0_f0_sec0,,,,10,ac,,,-1,,1916521.5518616536,,,,,,,1000.0,0.0,bipolar,,0.0,,,,10.0,0,,,,,,,4,,,G1,,
,,,,100,,,,,,,,,,,,,200000000.0,1592,,,,0.0,,0.3144858755327857,3.690650001455661,18.381894531351247,30.904084758620577,46.09134414528829,,,,,,,,,,,BU,,,0.0,,0.011918485604208075,0.008079320430556805,0.0014889714903702877,0.00035216697927552124,6.129243140076352e-05,0.012357919731909191,0.011917537739940053,0.008078883487330905,,,,370.36987790119093,276.83353011711574,93.53634778407519,,,,,,,,,,4501252.062061655,-30.91514040285211,g1_bu_s11_pos100_tap5_dc_mcnom_ac_bipolar_a0_f0_sec0,,,,11,ac,,,-1,,1916531.3243776306,,,,,,,1000.0,0.0,bipolar,,0.0,,,,20.0,0,,,,,,,5,,,G1,,
,,,,1,,,,,,,,,,,,,200000000.0,1592,,,,0.0,,0.6503946115749684,3.201181437061019,11.809201379793267,22.593417325036558,37.14792051264003,,,,,,,,,,,TR,,,0.0,,45.90791619561778,34.22335825511622,12.703942886599998,3.670629283337106,0.6871234592727786,49.47745024577437,45.90377145372387,34.21836659608828,,,,266.57521073252957,237.63918806374295,28.93602266878662,,,,,,,,,,4501252.062061655,-22.603662040922092,g1_tr_s00_pos1_tap0_dc_mcnom_ac_bipolar_a0_f0_sec0,,,,0,ac,,,-1,,1951188.7226790162,,,,,,,1000.0,0.0,bipolar,,0.0,,,,0.005,0,,,,,,,0,,,G1,,
,,,,1,,,,,,,,,,,,,200000000.0,1592,,,,0.0,,0.6510087171093433,3.2036404188093868,11.815709020912937,22.605933752574117,37.17422636153449,,,,,,,,,,,TR,,,0.0,,22.944855459347618,17.10124455534996,6.345132545184416,1.83207394679518,0.3424106805777256,24.73066314945673,22.942783910686238,17.098766441708083,,,,268.35850987013106,239.42148067238045,28.937029197750604,,,,,,,,,,4501252.062061655,-22.616185429268363,g1_tr_s01_pos1_tap1_dc_mcnom_ac_bipolar_a0_f0_sec0,,,,1,ac,,,-1,,1950611.6418000534,,,,,,,1000.0,0.0,bipolar,,0.0,,,,0.01,0,,,,,,,1,,,G1,,
,,,,1,,,,,,,,,,,,,200000000.0,1592,,,,0.0,,0.65075685360101,3.2026324836706275,11.813044804855762,22.60081879862637,37.16352016409026,,,,,,,,,,,TR,,,0.0,,11.48893634431978,8.563673863878389,3.1780156609330477,0.9178689683521292,0.17165824155114737,12.382765995174802,11.487899079513445,8.562430896253597,,,,267.91414277176386,238.9768984090157,28.937244362748174,,,,,,,,,,4501252.062061655,-22.611067641239547,g1_tr_s02_pos1_tap2_dc_mcnom_ac_bipolar_a0_f0_sec0,,,,2,ac,,,-1,,1950848.0916443258,,,,,,,1000.0,0.0,bipolar,,0.0,,,,0.02,0,,,,,,,2,,,G1,,
,,,,1,,,,,,,,,,,,,200000000.0,1592,,,,0.0,,0.6504964184948692,3.2015897611925297,11.810285841369616,22.59551401598424,37.15237895144767,,,,,,,,,,,TR,,,0.0,,4.587475284026997,3.4197417253532607,1.269331990288151,0.36671348425720895,0.06862823919656115,4.944228780697185,4.587061109335441,3.419244104843061,,,,267.21740749733635,238.28042327797561,28.93698421936074,,,,,,,,,,4501252.062061655,-22.605759910311846,g1_tr_s03_pos1_tap3_dc_mcnom_ac_bipolar_a0_f0_sec0,,,,3,ac,,,-1,,1951092.846630425,,,,,,,1000.0,0.0,bipolar,,0.0,,,,0.05,0,,,,,,,3,,,G1,,
,,,,1,,,,,,,,,,,,,200000000.0,1592,,,,0.0,,0.6504348863004397,3.2013432444486125,11.809632675461856,22.59425559593692,37.149723919832546,,,,,,,,,,,TR,,,0.0,,2.291463056327639,1.7082119222821623,0.6340800444495095,0.18320017054873597,0.034290338099998104,2.4696454218982975,2.2912561743508966,1.7079630782970838,,,,266.9140231056789,237.97728327529245,28.936739830386443,,,,,,,,,,4501252.062061655,-22.604500787966156,g1_tr_s04_pos1_tap4_dc_mcnom_ac_bipolar_a0_f0_sec0,,,,4,ac,,,-1,,1951150.730959258,,,,,,,1000.0,0.0,bipolar,,0.0,,,,0.1,0,,,,,,,4,,,G1,,
,,,,1,,,,,,,,,,,,,200000000.0,1592,,,,0.0,,0.650414657230346,3.201262139330676,11.809417426912354,22.593839889926258,37.14884215181685,,,,,,,,,,,TR,,,0.0,,1.1457368629683533,0.8541159987393192,0.3170486791657578,0.0916046857244172,0.01714695208347539,1.2348255847237248,1.1456334214982122,0.8539915005733445,,,,266.7492647791705,237.81267625283542,28.9365885263351,,,,,,,,,,4501252.062061655,-22.604084848827938,g1_tr_s05_pos1_tap5_dc_mcnom_ac_bipolar_a0_f0_sec0,,,,5,ac,,,-1,,1951169.7761278995,,,,,,,1000.0,0.0,bipolar,,0.0,,,,0.2,0,,,,,,,5,,,G1,,
,,,,100,,,,,,,,,,,,,200000000.0,1592,,,,0.0,,0.6527674067394806,3.203554244710759,11.811573213196946,22.59578759431627,37.15028716894062,,,,,,,,,,,TR,,,0.0,,0.4593423252675133,0.3424297695824917,0.12711227027508878,0.036727345172038024,0.006875178300059662,0.49519338535818547,0.45930579427039947,0.34239448853916804,,,,266.56479631897145,244.59921341905658,21.965582899914864,,,,,,,,,,4501252.062061655,-22.60603230837754,g1_tr_s06_pos100_tap0_dc_mcnom_ac_bipolar_a0_f0_sec0,,,,6,ac,,,-1,,1950603.2552281262,,,,,,,1000.0,0.0,bipolar,,0.0,,,,0.5,0,,,,,,,0,,,G1,,
,,,,100,,,,,,,,,,,,,200000000.0,1592,,,,0.0,,0.6533815124358153,3.206013227151178,11.818080856291049,22.608304026042067,37.17659302845487,,,,,,,,,,,TR,,,0.0,,0.2295800840658542,0.17111047925701314,0.063487706948147,0.018331247043257098,0.0034260720505438474,0.24751600469071175,0.22956182580995976,0.1710930114649062,,,,268.34809546428704,246.3815071834536,21.966588280833435,,,,,,,,,,4501252.062061655,-22.61855570091482,g1_tr_s07_pos100_tap1_dc_mcnom_ac_bipolar_a0_f0_sec0,,,,7,ac,,,-1,,1950026.696130419,,,,,,,1000.0,0.0,bipolar,,0.0,,,,1.0,0,,,,,,,1,,,G1,,
,,,,100,,,,,,,,,,,,,200000000.0,1592,,,,0.0,,0.6531296489694649,3.205005292188812,11.81541664073169,22.60318907315609,37.165886833762265,,,,,,,,,,,TR,,,0.0,,0.11495522281232148,0.0856858303054377,0.03179837859896478,0.009183953976992489,0.0017175676365676303,0.12393249415200645,0.11494608054788288,0.0856770628672815,,,,267.90372836723674,245.93692393801854,21.9668044292182,,,,,,,,,,4501252.062061655,-22.613437913948495,g1_tr_s08_pos100_tap2_dc_mcnom_ac_bipolar_a0_f0_sec0,,,,8,ac,,,-1,,1950262.9321910848,,,,,,,1000.0,0.0,bipolar,,0.0,,,,2.0,0,,,,,,,2,,,G1,,
,,,,100,,,,,,,,,,,,,200000000.0,1592,,,,0.0,,0.6528692138748494,3.20396256976061,11.81265767738072,22.59788429079633,37.15474562185323,,,,,,,,,,,TR,,,0.0,,0.04590105015962326,0.03421702108361739,0.012700597950395067,0.0036692380699993644,0.0006866762789806818,0.04948414632794188,0.04589739969866993,0.03421350731723988,,,,267.2069930929542,245.24044877748813,21.966544315466052,,,,,,,,,,4501252.062061655,-22.608130183303352,g1_tr_s09_pos100_tap3_dc_mcnom_ac_bipolar_a0_f0_sec0,,,,9,ac,,,-1,,1950507.4658091296,,,,,,,1000.0,0.0,bipolar,,0.0,,,,5.0,0,,,,,,,3,,,G1,,
,,,,100,,,,,,,,,,,,,200000000.0,1592,,,,0.0,,0.6528076816821056,3.2037160530240927,11.812004511490821,22.59662587078407,37.15209059032964,,,,,,,,,,,TR,,,0.0,,0.022927766184185946,0.017091911627595432,0.00634443610823597,0.0018330524211755952,0.00034310018798760697,0.024717362576841262,0.02292594276369378,0.01709015369622861,,,,266.9036087012498,244.937308740761,21.96629996048881,,,,,,,,,,4501252.062061655,-22.606871060992745,g1_tr_s10_pos100_tap4_dc_mcnom_ac_bipolar_a0_f0_sec0,,,,10,ac,,,-1,,1950565.297754522,,,,,,,1000.0,0.0,bipolar,,0.0,,,,10.0,0,,,,,,,4,,,G1,,
,,,,100,,,,,,,,,,,,,200000000.0,1592,,,,0.0,,0.6527874526124486,3.203634947908141,11.81178926294522,22.596210164780068,37.151208822331746,,,,,,,,,,,TR,,,0.0,,0.011463936470666838,0.008546056247252225,0.003172304673066241,0.0009165722414628941,0.00017156793455228587,0.012358710050496144,0.011463024756226103,0.008545176523728038,,,,266.73885037469955,244.77270170139045,21.966148673309107,,,,,,,,,,4501252.062061655,-22.606455121861188,g1_tr_s11_pos100_tap5_dc_mcnom_ac_bipolar_a0_f0_sec0,,,,11,ac,,,-1,,1950584.325676619,,,,,,,1000.0,0.0,bipolar,,0.0,,,,20.0,0,,,,,,,5,,,G1,,
,,,,1,,,,,0.00483552662302,0.004835526623022113,-0.00103551917547,0.00103556835818,1.45904863984e-05,1.45646405287e-05,1.4590486398382696e-05,1.4564640528691374e-05,,,,1.72582306885,0.736356055055,0.01,,,,,,,0.00368310946842,0.003683109468419307,-0.00110519342942,0.000969212572586,1.18822993002e-05,1.18872433834e-05,1.1882299300200374e-05,1.1887243383367789e-05,0.010000385576025358,0.010000385576,BE,,,0.0,,,,,,,,,,,,,,,,,,,,,,,,,,,g2_be_s00_pos1_tap0_dc_mcnom_square_bipolar_a0p01_f0_sec0,,,,0,square,2.9999999999999997e-05,1.0000000000021927e-09,-1,,,,,,,,0.0008989003850157218,,,bipolar,,,,,188.1540005112178,0.005,0,,420.22033963141604,418.49785317422794,-0.9894356783957519,0.7363827513136723,1.7258184297094241,0,,,G2,,20.72746767828
,,,,1,,,,,0.00128638921192,0.0012863892119235956,-0.00103554395443,0.00103554357748,3.66166569545e-06,3.65507238149e-06,3.661665695446048e-06,3.6550723814856544e-06,,,,1.23094409908,0.983583270314,0.005,,,,,,,0.00099629815695,0.0009962981569495155,-0.00107951159127,0.000992919038216,2.98374842085e-06,2.98494999021e-06,2.983748420854652e-06,2.984949990212165e-06,0.004999974432637101,0.00499997443264,BE,,,0.0,,,,,,,,,,,,,,,,,,,,,,,,,,,g2_be_s00_pos1_tap0_dc_mcnom_step_positive_a0p005_f0_sec0,,,,0,step,4.9999999999999996e-06,1.0000000000004986e-09,-1,,,,,,,,0.0009022796245483633,,,positive,,,,,188.12487097550155,0.005,0,,420.587793587103,,-0.2473585969010038,0.9835855021803795,1.2309440990813834,0,,,G2,,20.71759080698
,,,,100,,,,,0.00483897079702,0.004838970797021114,-0.00103551915871,0.00103556837494,1.46006888133e-05,1.45745080205e-05,1.4600688813309905e-05,1.4574508020503087e-05,,,,1.72615308402,0.735915486496,1.0,,,,,,,0.00368528537906,0.003685285379061709,-0.00110521094497,0.00096919668974,1.18898136646e-05,1.18947450063e-05,1.1889813664591935e-05,1.1894745006336597e-05,0.9999499674898009,0.99994996749,BE,,,0.0,,,,,,,,,,,,,,,,,,,,,,,,,,,g2_be_s06_pos100_tap0_dc_mcnom_square_bipolar_a1_f0_sec0,,,,6,square,2.9999999999999997e-05,1.0000000000021927e-09,-1,,,,,,,,0.0013923758227285532,,,bipolar,,,,,188.18403209577534,0.5,0,,420.6591168074462,418.82376439904266,-0.9901017164714487,0.7360513675436982,1.7261530840151469,0,,,G2,,20.7274758418
,,,,100,,,,,0.00128730778834,0.001287307788343392,-0.00103554395487,0.00103554357704,3.66418604323e-06,3.65773661172e-06,3.6641860432348914e-06,3.6577366117175556e-06,,,,1.23093530356,0.983406749494,0.5,,,,,,,0.000996937343797,0.0009969373437966056,-0.00107951113872,0.000992919463456,2.98562017852e-06,2.98683323018e-06,2.9856201785175253e-06,2.9868332301799644e-06,0.49997498345036134,0.49997498345,BE,,,0.0,,,,,,,,,,,,,,,,,,,,,,,,,,,g2_be_s06_pos100_tap0_dc_mcnom_step_positive_a0p5_f0_sec0,,,,6,step,4.9999999999999996e-06,1.0000000000004986e-09,-1,,,,,,,,0.00139277575770258,,,positive,,,,,188.15537347742034,0.5,0,,420.35058585444176,,-0.247525106600759,0.9834101969635153,1.2309353035642743,0,,,G2,,20.71759067043
,,,,1,,,,,0.00305648782537,0.0030564878253745154,-0.00103551918011,0.00103556835353,9.68757958335e-06,9.68553543387e-06,9.687579583352808e-06,9.685535433870624e-06,,,,1.81308846112,0.649092475209,0.01,,,,,,,0.00306184925931,0.0030618492593054575,-0.00110518924088,0.000969216370751,9.51757730979e-06,9.52280680123e-06,9.517577309786389e-06,9.522806801228298e-06,0.0100003860816871,0.0100003860817,BU,,,0.0,,,,,,,,,,,,,,,,,,,,,,,,,,,g2_bu_s00_pos1_tap0_dc_mcnom_square_bipolar_a0p01_f0_sec0,,,,0,square,2.9999999999999997e-05,1.0000000000021927e-09,-1,,,,,,,,8.830163913068368,,,bipolar,,,,,204.91133383623907,0.005,0,,887.0820110945607,884.8654736124965,-0.9892743675868894,0.736464034764102,1.7257384023509914,0,,,G2,,20.727465726355
,,,,1,,,,,0.000841349137417,0.0008413491374169718,-0.00103554395439,0.00103554357752,2.43469467779e-06,2.43423428927e-06,2.434694677790634e-06,2.4342342892700423e-06,,,,1.23094471243,0.961785300104,0.005,,,,,,,0.000840884369102,0.0008408843691016521,-0.00107951162282,0.000992919008562,2.39215346368e-06,2.39344096108e-06,2.3921534636773015e-06,2.393440961084357e-06,0.004999974392884564,0.00499997439288,BU,,,0.0,,,,,,,,,,,,,,,,,,,,,,,,,,,g2_bu_s00_pos1_tap0_dc_mcnom_step_positive_a0p005_f0_sec0,,,,0,step,4.9999999999999996e-06,1.0000000000004986e-09,-1,,,,,,,,8.831188766565056,,,positive,,,,,204.90285034310733,0.005,0,,887.150316524679,,-0.24731826912231492,0.9836264433042,1.230944712426515,0,,,G2,,20.717590816459996
,,,,100,,,,,0.00305837479109,0.0030583747910934433,-0.00103551916336,0.00103556837028,9.69356484678e-06,9.69137154693e-06,9.693564846780709e-06,9.691371546933046e-06,,,,1.81333865604,0.648676179913,1.0,,,,,,,0.00306367168286,0.0030636716828599253,-0.00110520675353,0.000969200490445,9.52332013289e-06,9.52852437456e-06,9.523320132891205e-06,9.528524374563622e-06,0.9999499674861536,0.999949967486,BU,,,0.0,,,,,,,,,,,,,,,,,,,,,,,,,,,g2_bu_s06_pos100_tap0_dc_mcnom_square_bipolar_a1_f0_sec0,,,,6,square,2.9999999999999997e-05,1.0000000000021927e-09,-1,,,,,,,,8.820537117673988,,,bipolar,,,,,204.92618070989772,0.5,0,,887.6599114940899,885.700966382317,-0.9899390060816621,0.736133996042489,1.726073002124151,0,,,G2,,20.727473888074996
,,,,100,,,,,0.00084186539521,0.0008418653952104588,-0.00103554395483,0.00103554357708,2.43623543786e-06,2.43572913547e-06,2.4362354378600114e-06,2.435729135467543e-06,,,,1.23093591834,0.961619157092,0.5,,,,,,,0.000841391217754,0.0008413912177544502,-0.00107951117035,0.000992919433733,2.39357979933e-06,2.39490216779e-06,2.393579799328073e-06,2.3949021677940003e-06,0.4999749834715131,0.499974983472,BU,,,0.0,,,,,,,,,,,,,,,,,,,,,,,,,,,g2_bu_s06_pos100_tap0_dc_mcnom_step_positive_a0p5_f0_sec0,,,,6,step,4.9999999999999996e-06,1.0000000000004986e-09,-1,,,,,,,,8.821697887634006,,,positive,,,,,204.91837201555606,0.5,0,,887.8122224583192,,-0.2474844323132439,0.9834514860294081,1.230935918342652,0,,,G2,,20.717590679965
,,,,1,,,,,0.00395904860649,0.003959048606485216,-0.00103551917854,0.0010355683551,1.23849498787e-05,1.23774913895e-05,1.2384949878714024e-05,1.2377491389527733e-05,,,,1.75745647588,0.704724287344,0.01,,,,,,,0.0034620613345,0.0034620613344971997,-0.0011051908853,0.000969214879591,1.09481947727e-05,1.09532884503e-05,1.0948194772680934e-05,1.0953288450305601e-05,0.010000386264533203,0.0100003862645,TR,,,0.0,,,,,,,,,,,,,,,,,,,,,,,,,,,g2_tr_s00_pos1_tap0_dc_mcnom_square_bipolar_a0p01_f0_sec0,,,,0,square,2.9999999999999997e-05,1.0000000000021927e-09,-1,,,,,,,,3.2031840962729596,,,bipolar,,,,,187.1195896259928,0.005,0,,549.8779254595362,547.8660550136115,-0.9893377160470199,0.7364321050184753,1.7257698210654953,0,,,G2,,20.727466492654997
,,,,1,,,,,0.00106707175852,0.0010670717585158918,-0.0010355439544,0.00103554357751,3.10922210043e-06,3.10747240448e-06,3.1092221004279722e-06,3.1074724044839647e-06,,,,1.23094447163,0.97568549139,0.005,,,,,,,0.000940953054468,0.0009409530544678413,-0.00107951161043,0.000992919020204,2.74989090853e-06,2.75118841678e-06,2.749890908530754e-06,2.7511884167784313e-06,0.00499997473795947,0.00499997473796,TR,,,0.0,,,,,,,,,,,,,,,,,,,,,,,,,,,g2_tr_s00_pos1_tap0_dc_mcnom_step_positive_a0p005_f0_sec0,,,,0,step,4.9999999999999996e-06,1.0000000000004986e-09,-1,,,,,,,,3.204116951341507,,,positive,,,,,187.10619660651636,0.005,0,,549.9589024671434,,-0.2473341062133988,0.9836103654140068,1.2309444716274056,0,,,G2,,20.71759081272
,,,,100,,,,,0.00396159592009,0.003961595920093486,-0.00103551916179,0.00103556837186,1.23927257227e-05,1.23854983707e-05,1.2392725722667407e-05,1.238549837067511e-05,,,,1.75767466819,0.704340036598,1.0,,,,,,,0.0034641482134,0.003464148213400983,-0.00110520839909,0.000969198998288,1.09548337479e-05,1.09600838269e-05,1.0954833747896754e-05,1.0960083826866694e-05,0.9999499674992782,0.999949967499,TR,,,0.0,,,,,,,,,,,,,,,,,,,,,,,,,,,g2_tr_s06_pos100_tap0_dc_mcnom_square_bipolar_a1_f0_sec0,,,,6,square,2.9999999999999997e-05,1.0000000000021927e-09,-1,,,,,,,,3.194032789252166,,,bipolar,,,,,187.13842392523634,0.5,0,,550.1311714659176,547.2439885905534,-0.9900032188672463,0.7361012233809185,1.7261044422481648,0,,,G2,,20.727474655140004
,,,,100,,,,,0.00106777919296,0.0010677791929574743,-0.00103554395485,0.00103554357707,3.11128005377e-06,3.10950159881e-06,3.1112800537685496e-06,3.1095015988091017e-06,,,,1.23093567698,0.97552785142,0.5,,,,,,,0.00094153311734,0.0009415331173396602,-0.00107951115793,0.000992919445403,2.75159082442e-06,2.75287673412e-06,2.7515908244246327e-06,2.7528767341248014e-06,0.4999749834740613,0.499974983474,TR,,,0.0,,,,,,,,,,,,,,,,,,,,,,,,,,,g2_tr_s06_pos100_tap0_dc_mcnom_step_positive_a0p5_f0_sec0,,,,6,step,4.9999999999999996e-06,1.0000000000004986e-09,-1,,,,,,,,3.1948769982347525,,,positive,,,,,187.12589519665192,0.5,0,,549.8396546134226,,-0.24750048935603852,0.9834351876248167,1.2309356769808553,0,,,G2,,20.717590676264997
8.062041961152495e-11,8.319435449757782e-11,1.1772085419753106e-10,4.769781796302617e-11,1,591.5196619589086,590.5822975829025,581.5783889741695,574.9616320193744,,,,,,,,,200000000.0,1592,,,,0.0,,0.9941645013248875,3.7912523777103,9.790790087358573,17.748531186611974,30.434813592300607,,,,,,,,,,,BE,,,0.0,,44.1307963476554,31.979508848999235,16.028303943804715,6.412436354006962,1.4884097280848831,49.482312706086674,44.12681205106543,31.97405775432028,,,,232.8425736489737,213.50578451233673,19.33678913663698,,,,,,,,,,4501252.062061655,-17.756775815140905,g3_be_s00_pos1_tap0_dc_mc0_ac_bipolar_a0_f0_sec0,,,,0,ac,,,0,,1771576.5037370392,,,,,,,1000.0,0.0,bipolar,,0.0,,,,0.005,0,20261003,,,,,,0,,,G3,,
8.454115932854905e-11,8.040561002254257e-11,1.212383935091465e-10,4.729850063482655e-11,1,589.5688513405598,595.0586597041321,579.7949088225998,575.3697870463421,,,,,,,,,200000000.0,1592,,,,0.0,,0.8707929307154028,3.473917203242295,9.431637696634112,17.53427230812407,30.43364728501749,,,,,,,,,,,BE,,,0.0,,44.76208425269442,33.169404036104886,16.704898593393906,6.572582933142833,1.4886126163631916,49.48230784959998,44.75804296115315,33.16380254456189,,,,229.22798214997772,216.67423532142382,12.553746828553898,,,,,,,,,,4501252.062061655,-17.542679939976757,g3_be_s00_pos1_tap0_dc_mc100_ac_bipolar_a0_f0_sec0,,,,0,ac,,,100,,1860112.6038004372,,,,,,,1000.0,0.0,bipolar,,0.0,,,,0.005,0,20261003,,,,,,0,,,G3,,
8.049140199560977e-11,7.900351343953143e-11,1.2562829974350402e-10,4.926782574232328e-11,1,589.5788058171082,593.1589737139419,572.4183203545169,578.3985105537369,,,,,,,,,200000000.0,1592,,,,0.0,,0.8605172506828909,3.459210802209819,9.531745689507083,17.728502892375477,30.60038544026695,,,,,,,,,,,BE,,,0.0,,44.81509854337966,33.225613948452576,16.51352059389999,6.427247544706706,1.4603098670372263,49.48233877013991,44.81105246538109,33.22002416427551,,,,229.45890331040914,218.24843187788667,11.210471432522468,,,,,,,,,,4501252.062061655,-17.736943169797488,g3_be_s00_pos1_tap0_dc_mc101_ac_bipolar_a0_f0_sec0,,,,0,ac,,,101,,1865589.0567703487,,,,,,,1000.0,0.0,bipolar,,0.0,,,,0.005,0,20261003,,,,,,0,,,G3,,
8.531226720353037e-11,7.849138079403403e-11,1.1638994556077312e-10,4.571082629513482e-11,1,590.6848177465869,595.5883737388853,577.769778429991,579.6818485506984,,,,,,,,,200000000.0,1592,,,,0.0,,0.827685580474932,3.326815990021862,9.041760346826306,16.919516277580435,29.70997442277757,,,,,,,,,,,BE,,,0.0,,44.984769500010785,33.73594487894586,17.47174640339468,7.054614829093295,1.6179477204814539,49.48228866963834,44.98070810349486,33.7302122337085,,,,225.37005812511651,213.74317337545241,11.6268847496641,,,,,,,,,,4501252.062061655,-16.927772453681907,g3_be_s00_pos1_tap0_dc_mc102_ac_bipolar_a0_f0_sec0,,,,0,ac,,,102,,1900751.2258340586,,,,,,,1000.0,0.0,bipolar,,0.0,,,,0.005,0,20261003,,,,,,0,,,G3,,
8.496071866377796e-11,8.128137014289586e-11,1.2128719153081383e-10,4.5093792168969555e-11,1,587.8761445243351,595.0559245534403,572.8952993211517,574.9261777011301,,,,,,,,,200000000.0,1592,,,,0.0,,0.867000623510152,3.4010141555215294,9.122106638637838,17.075472303270274,29.96372609306818,,,,,,,,,,,BE,,,0.0,,44.78167235265503,33.449027964733524,17.310881429289534,6.929089492336041,1.571368154641801,49.48235255707888,44.777629292318814,33.44334664860361,,,,227.2225583043553,213.9326849765991,13.289873327756197,,,,,,,,,,4501252.062061655,-17.0838150307649,g3_be_s00_pos1_tap0_dc_mc103_ac_bipolar_a0_f0_sec0,,,,0,ac,,,103,,1877733.151319913,,,,,,,1000.0,0.0,bipolar,,0.0,,,,0.005,0,20261003,,,,,,0,,,G3,,
7.905431528159042e-11,8.050948478586023e-11,1.2154512528864833e-10,4.9336090954330376e-11,1,586.3352350161733,591.8004780909467,570.5345529422177,581.7091415069781,,,,,,,,,200000000.0,1592,,,,0.0,,0.9279600685239184,3.6361182046878997,9.692122016922863,17.749463596121707,30.46804978089447,,,,,,,,,,,BE,,,0.0,,44.46848654805471,32.555801488624766,16.211439114236907,6.411755767064152,1.4827271159838074,49.482354034925656,44.464471763329605,32.55028429887809,,,,231.00681356695512,215.67291182027432,15.333901746680795,,,,,,,,,,4501252.062061655,-17.75777021747348,g3_be_s00_pos1_tap0_dc_mc104_ac_bipolar_a0_f0_sec0,,,,0,ac,,,104,,1815703.3298658761,,,,,,,1000.0,0.0,bipolar,,0.0,,,,0.005,0,20261003,,,,,,0,,,G3,,
8.387987116586038e-11,8.259700646972463e-11,1.1967107539701717e-10,4.7837379995681903e-11,1,588.7488939253641,595.3684863755324,571.9859300002995,579.2180230410457,,,,,,,,,200000000.0,1592,,,,0.0,,0.9474057020192149,3.6886993852284817,9.724197926290826,17.78931284234389,30.612861862347582,,,,,,,,,,,BE,,,0.0,,44.369021549792976,32.35930263542042,16.151651646822632,6.382403197916803,1.4582126485163691,49.48232946863652,44.36501574544274,32.35381718514517,,,,232.2002062575093,215.6144218063021,16.585784451207218,,,,,,,,,,4501252.062061655,-17.797665183909753,g3_be_s00_pos1_tap0_dc_mc105_ac_bipolar_a0_f0_sec0,,,,0,ac,,,105,,1800856.6880412993,,,,,,,1000.0,0.0,bipolar,,0.0,,,,0.005,0,20261003,,,,,,0,,,G3,,
8.183666807867829e-11,7.921185318133771e-11,1.1463400889003376e-10,4.6518326755184635e-11,1,587.3961809974221,586.8848413635005,570.3441020688141,570.2937109969414,,,,,,,,,200000000.0,1592,,,,0.0,,0.8767599504529466,3.4360231195605024,9.073399184991453,16.752702266182705,29.310878132523854,,,,,,,,,,,BE,,,0.0,,44.731455414273796,33.31458566977575,17.408292275460887,7.191426285424953,1.6940234997903254,49.48243085160102,44.72741688762693,33.30887649160475,,,,225.33841550956845,210.40456799751797,14.933847512050477,,,,,,,,,,4501252.062061655,-16.760764268602586,g3_be_s00_pos1_tap0_dc_mc106_ac_bipolar_a0_f0_sec0,,,,0,ac,,,106,,1867437.3060089378,,,,,,,1000.0,0.0,bipolar,,0.0,,,,0.005,0,20261003,,,,,,0,,,G3,,
7.915111038256528e-11,8.226558913841753e-11,1.1417027348072338e-10,4.492231781157924e-11,1,595.3102964925231,591.4588505212956,581.066821107438,574.7123381831882,,,,,,,,,200000000.0,1592,,,,0.0,,0.9774577715242564,3.671205728253809,9.330488042275324,16.98787177301029,29.52342663453228,,,,,,,,,,,BE,,,0.0,,44.215743468966885,32.424590620661974,16.900550062155915,6.999312137988039,1.6530681698966865,49.48229344663735,44.21175150296533,32.41900850886578,,,,228.89449313279198,208.8180955476806,20.07639758511138,,,,,,,,,,4501252.062061655,-16.995917659079794,g3_be_s00_pos1_tap0_dc_mc107_ac_bipolar_a0_f0_sec0,,,,0,ac,,,107,,1798039.100841704,,,,,,,1000.0,0.0,bipolar,,0.0,,,,0.005,0,20261003,,,,,,0,,,G3,,
8.484540544748305e-11,8.275450448504186e-11,1.259572393679684e-10,4.5606913157120223e-11,1,595.5845446064167,595.4881781649332,577.6289773482433,572.279751728068,,,,,,,,,200000000.0,1592,,,,0.0,,0.8970424197943812,3.494720621114233,9.397991107243167,17.57352821766019,30.611973492506426,,,,,,,,,,,BE,,,0.0,,44.627008167929496,33.09004453305737,16.769693281049058,6.542945345998528,1.4583641294858314,49.482301749664124,44.6229790714031,33.08445969321657,,,,230.3561941741955,216.72224620268165,13.633947971513862,,,,,,,,,,4501252.062061655,-17.582041843159118,g3_be_s00_pos1_tap0_dc_mc108_ac_bipolar_a0_f0_sec0,,,,0,ac,,,108,,1851724.3407048169,,,,,,,1000.0,0.0,bipolar,,0.0,,,,0.005,0,20261003,,,,,,0,,,G3,,
8.35214728643136e-11,7.98440233438936e-11,1.14126985697808e-10,4.916643743557928e-11,1,592.4687236613084,586.3515781511245,571.8879199665009,580.6736209049528,,,,,,,,,200000000.0,1592,,,,0.0,,0.9176933286119361,3.6412068862571454,9.642490130801551,17.563118630630058,30.209908971152608,,,,,,,,,,,BE,,,0.0,,44.521075112610525,32.53675241595444,16.304332181525712,6.550793932123362,1.5274528586855294,49.48234919277344,44.51705558021608,32.53121836252191,,,,230.09987128826828,214.30817720871477,15.791694079553508,,,,,,,,,,4501252.062061655,-17.571319016261796,g3_be_s00_pos1_tap0_dc_mc109_ac_bipolar_a0_f0_sec0,,,,0,ac,,,109,,1815374.9069174158,,,,,,,1000.0,0.0,bipolar,,0.0,,,,0.005,0,20261003,,,,,,0,,,G3,,
7.848464169596409e-11,8.608894752367644e-11,1.200430392961886e-10,4.566710232088869e-11,1,585.5847349322145,593.3664952041531,579.7724119307842,577.6676521130569,,,,,,,,,200000000.0,1592,,,,0.0,,1.0497774599405485,3.8591573067944647,9.728837713862779,17.628458336662895,30.316304605106264,,,,,,,,,,,BE,,,0.0,,43.84915314698743,31.730500723271916,16.143006300751935,6.501696722570762,1.5088567422971968,49.482323393834456,43.84519427802032,31.725066137664808,,,,233.6790477671986,211.34849953205617,22.33054823514243,,,,,,,,,,4501252.062061655,-17.63668960422992,g3_be_s00_pos1_tap0_dc_mc10_ac_bipolar_a0_f0_sec0,,,,0,ac,,,10,,1747266.680295855,,,,,,,1000.0,0.0,bipolar,,0.0,,,,0.005,0,20261003,,,,,,0,,,G3,,
8.500084187064101e-11,8.159079152015154e-11,1.2287498112918947e-10,4.778491253748097e-11,1,593.1173428353657,591.7558197283406,575.9817581179495,573.0406283993922,,,,,,,,,200000000.0,1592,,,,0.0,,0.89517708807753,3.5498819859603614,9.587382741360086,17.754900083778548,30.694970264001597,,,,,,,,,,,BE,,,0.0,,44.63662471540634,32.8805925995012,16.408060222719843,6.407742529756985,1.4444950137304293,49.48233686743428,44.63259475077567,32.875048025031866,,,,230.90353943527617,217.44688054503757,13.4566588902386,,,,,,,,,,4501252.062061655,-17.763354055732897,g3_be_s00_pos1_tap0_dc_mc110_ac_bipolar_a0_f0_sec0,,,,0,ac,,,110,,1839425.3047954473,,,,,,,1000.0,0.0,bipolar,,0.0,,,,0.005,0,20261003,,,,,,0,,,G3,,
7.990497825928532e-11,7.799425027972457e-11,1.1469886086879055e-10,4.804498962292435e-11,1,590.582115096657,593.9191688518171,571.024603825664,572.9166348323464,,,,,,,,,200000000.0,1592,,,,0.0,,0.8891576577909056,3.5007049166605726,9.266370575814257,17.01532663481814,29.553310044124657,,,,,,,,,,,BE,,,0.0,,44.667593558403844,33.06737107244156,17.025817587146722,6.977235626445129,1.6473931240474602,49.482363877006556,44.6635607973497,33.061715826161254,,,,226.64537822990945,211.5301245599248,15.115253669984668,,,,,,,,,,4501252.062061655,-17.023409698748136,g3_be_s00_pos1_tap0_dc_mc111_ac_bipolar_a0_f0_sec0,,,,0,ac,,,111,,1850624.8718723282,,,,,,,1000.0,0.0,bipolar,,0.0,,,,0.005,0,20261003,,,,,,0,,,G3,,
7.895527462646692e-11,8.186881526097295e-11,1.2316634739598727e-10,4.92066947673239e-11,1,589.3542634867713,592.2297683257843,574.5812407206273,573.7682036952516,,,,,,,,,200000000.0,1592,,,,0.0,,0.9583025535182483,3.709563479162174,9.804718887464103,17.90661742169745,30.66475259749216,,,,,,,,,,,BE,,,0.0,,44.31341724070323,32.281681940889584,16.002648495944,6.296792331046099,1.4495270669668787,49.4823560282484,44.30941645624631,32.276213165998875,,,,232.54971877696659,215.92841315596604,16.621305621000545,,,,,,,,,,4501252.062061655,-17.914962997653472,g3_be_s00_pos1_tap0_dc_mc112_ac_bipolar_a0_f0_sec0,,,,0,ac,,,112,,1795370.0214759815,,,,,,,1000.0,0.0,bipolar,,0.0,,,,0.005,0,20261003,,,,,,0,,,G3,,
8.184203789259366e-11,8.211276594526766e-11,1.1463616475787924e-10,4.561871066354724e-11,1,586.2031204936192,594.8277619361648,572.9603791884058,577.3513577971481,,,,,,,,,200000000.0,1592,,,,0.0,,0.9501253216682576,3.6272647508856575,9.343817434040195,17.070586625449597,29.6725040523304,,,,,,,,,,,BE,,,0.0,,44.35514903343256,32.589056651726516,16.874655810604125,6.93298382381737,1.6249413544040152,49.48234909719598,44.35114448130595,32.58346606385255,,,,228.76403497536035,210.3259277493629,18.43810722599744,,,,,,,,,,4501252.062061655,-17.078689508061625,g3_be_s00_pos1_tap0_dc_mc113_ac_bipolar_a0_f0_sec0,,,,0,ac,,,113,,1812349.7526567488,,,,,,,1000.0,0.0,bipolar,,0.0,,,,0.005,0,20261003,,,,,,0,,,G3,,
8.364426711620109e-11,7.970821442261894e-11,1.188147656058154e-10,4.9246745933046586e-11,1,595.5376969782776,587.1586760374789,580.2634583522889,576.4766498153085,,,,,,,,,200000000.0,1592,,,,0.0,,0.8922900512400034,3.579434221535559,9.668842836275504,17.76730678092581,30.571518652053808,,,,,,,,,,,BE,,,0.0,,44.65143891680564,32.768908000670386,16.254924690729105,6.398592151437721,1.4651692021654996,49.482309502555324,44.647407614373435,32.76337304100869,,,,230.57373399701447,217.01343288149408,13.560301115520389,,,,,,,,,,4501252.062061655,-17.775661706134105,g3_be_s00_pos1_tap0_dc_mc114_ac_bipolar_a0_f0_sec0,,,,0,ac,,,114,,1833271.9702626623,,,,,,,1000.0,0.0,bipolar,,0.0,,,,0.005,0,20261003,,,,,,0,,,G3,,
8.212297185421171e-11,8.162008735902964e-11,1.1697802497765538e-10,4.6053433497174946e-11,1,591.817698097136,595.4854397531203,572.6077130741131,571.6818546064785,,,,,,,,,200000000.0,1592,,,,0.0,,0.9360135173310976,3.59644585410767,9.351276391913105,17.15784279389918,29.835729195496477,,,,,,,,,,,BE,,,0.0,,44.427269571398064,32.70487505034068,16.860167312786572,6.863687055006686,1.5946919604500207,49.48234795660775,44.42325850807618,32.699281750548856,,,,228.91866892199317,211.56230820072295,17.35636072127022,,,,,,,,,,4501252.062061655,-17.166017344454357,g3_be_s00_pos1_tap0_dc_mc115_ac_bipolar_a0_f0_sec0,,,,0,ac,,,115,,1821684.1555397944,,,,,,,1000.0,0.0,bipolar,,0.0,,,,0.005,0,20261003,,,,,,0,,,G3,,
8.015521482362305e-11,8.481154441998643e-11,1.1942112165163053e-10,4.510000995660029e-11,1,594.4383023500451,584.3858219947953,577.9077746588158,580.4207330923973,,,,,,,,,200000000.0,1592,,,,0.0,,0.9998011121765774,3.7292922036303287,9.523782112182632,17.399571276614157,30.11975045511818,,,,,,,,,,,BE,,,0.0,,44.102173931163016,32.20846356195144,16.528615434370085,6.675302377868109,1.5433903095108863,49.48231997582666,44.0981922184285,32.20295212760901,,,,231.5488567207562,211.4596535499379,20.08920317081828,,,,,,,,,,4501252.062061655,-17.407805530944707,g3_be_s00_pos1_tap0_dc_mc116_ac_bipolar_a0_f0_sec0,,,,0,ac,,,116,,1782530.7286727983,,,,,,,1000.0,0.0,bipolar,,0.0,,,,0.005,0,20261003,,,,,,0,,,G3,,
7.948176675385298e-11,7.900918467259382e-11,1.2505875019043928e-10,4.547985848549187e-11,1,592.6636351532028,591.894484696646,581.6204926274232,572.8176219698383,,,,,,,,,200000000.0,1592,,,,0.0,,0.8344959165965403,3.2811789048764592,8.968184629868995,16.96103251392036,29.81534175414569,,,,,,,,,,,BE,,,0.0,,44.94953331093255,33.91366313511394,17.62036230376435,7.02098276376165,1.5984412091339206,49.48231194889546,44.945475095722784,33.907912406972486,,,,225.43179472881994,214.27547491120944,11.156319817610495,,,,,,,,,,4501252.062061655,-16.969390699232278,g3_be_s00_pos1_tap0_dc_mc117_ac_bipolar_a0_f0_sec0,,,,0,ac,,,117,,1912730.075765024,,,,,,,1000.0,0.0,bipolar,,0.0,,,,0.005,0,20261003,,,,,,0,,,G3,,
8.25810920218439e-11,8.223932049489174e-11,1.233928925395439e-10,4.4970846328789525e-11,1,587.2166200801199,592.9229006192276,581.4183038118317,580.434043876789,,,,,,,,,200000000.0,1592,,,,0.0,,0.891666845323312,3.4539253128474185,9.244663994229667,17.29058823440659,30.206363185183328,,,,,,,,,,,BE,,,0.0,,44.65463124376382,33.245842679377084,17.068336591767277,6.7595855268793485,1.5280789978744638,49.48229676562034,44.65059965329771,33.24020615284382,,,,228.65026415001265,214.74136182863862,13.908902321374029,,,,,,,,,,4501252.062061655,-17.29899185912943,g3_be_s00_pos1_tap0_dc_mc118_ac_bipolar_a0_f0_sec0,,,,0,ac,,,118,,1862063.6179523864,,,,,,,1000.0,0.0,bipolar,,0.0,,,,0.005,0,20261003,,,,,,0,,,G3,,
7.8974620028668e-11,8.112089900047519e-11,1.2076151150599693e-10,4.6559126296294995e-11,1,592.077482144841,587.8330109804908,572.8810417470414,580.4433448652404,,,,,,,,,200000000.0,1592,,,,0.0,,0.9209225057333914,3.5442726884736664,9.346819115362893,17.258627303559162,29.966297165187765,,,,,,,,,,,BE,,,0.0,,44.50451811406174,32.90188653890728,16.86882640164323,6.784508250680467,1.5708999960894277,49.48233990600124,44.50050007610589,32.896279088327006,,,,228.73071457158545,212.87490474588125,15.855809825704199,,,,,,,,,,4501252.062061655,-17.26687270267782,g3_be_s00_pos1_tap0_dc_mc119_ac_bipolar_a0_f0_sec0,,,,0,ac,,,119,,1836495.025581405,,,,,,,1000.0,0.0,bipolar,,0.0,,,,0.005,0,20261003,,,,,,0,,,G3,,
8.590997065702913e-11,8.171067285313421e-11,1.2344618581574739e-10,4.6247454808712415e-11,1,595.1013328745404,591.36014379331,577.8025268450108,579.2485176303737,,,,,,,,,200000000.0,1592,,,,0.0,,0.873482494583717,3.465445654894232,9.417762922975202,17.593365113524843,30.60340114496025,,,,,,,,,,,BE,,,0.0,,44.74820925811516,33.20174521927429,16.73157732785806,6.528018079105001,1.459803373440322,49.482289412072745,44.74416921923549,33.19614966500038,,,,229.8098869974521,217.38580917963355,12.424077817818556,,,,,,,,,,4501252.062061655,-17.601859478980625,g3_be_s00_pos1_tap0_dc_mc11_ac_bipolar_a0_f0_sec0,,,,0,ac,,,11,,1861832.1960016186,,,,,,,1000.0,0.0,bipolar,,0.0,,,,0.005,0,20261003,,,,,,0,,,G3,,
7.986238106805534e-11,8.40480864445178e-11,1.1667790791143655e-10,4.508435139517061e-11,1,589.7955466100859,587.9632926229671,580.3344484193174,581.6408218401134,,,,,,,,,200000000.0,1592,,,,0.0,,0.9941341281585685,3.72038258944702,9.479775667948333,17.272891172108327,29.91086784688189,,,,,,,,,,,BE,,,0.0,,44.130945802615656,32.241522881386274,16.612569381421377,6.773368798706717,1.5809545096656534,49.482307252387024,44.1269614922772,32.23599289076275,,,,230.71203873015725,210.4990601295591,20.21297860059815,,,,,,,,,,4501252.062061655,-17.281047853769593,g3_be_s00_pos1_tap0_dc_mc120_ac_bipolar_a0_f0_sec0,,,,0,ac,,,120,,1785154.654351396,,,,,,,1000.0,0.0,bipolar,,0.0,,,,0.005,0,20261003,,,,,,0,,,G3,,
8.484859845745133e-11,7.829919122077283e-11,1.164224998616729e-10,4.7908793505085064e-11,1,584.2586411495168,588.3743756432897,580.0759306175852,571.2378362390041,,,,,,,,,200000000.0,1592,,,,0.0,,0.8338865705590908,3.3799178593405936,9.219077327128222,17.13857390522342,29.872979543394763,,,,,,,,,,,BE,,,0.0,,44.952754523093404,33.53039005818492,17.118765235689335,6.8789382434862345,1.5878698459456853,49.48238650564324,44.94869601687617,33.52470157125745,,,,226.26433023968693,214.67841465843796,11.585915581248969,,,,,,,,,,4501252.062061655,-17.146819756440493,g3_be_s00_pos1_tap0_dc_mc121_ac_bipolar_a0_f0_sec0,,,,0,ac,,,121,,1886852.1638138075,,,,,,,1000.0,0.0,bipolar,,0.0,,,,0.005,0,20261003,,,,,,0,,,G3,,
8.480243481200154e-11,8.535558574559211e-11,1.2324344523594776e-10,4.8026689552664625e-11,1,593.5546730281102,585.9021992741476,573.4223685582787,577.5406020061334,,,,,,,,,200000000.0,1592,,,,0.0,,0.9892714044380653,3.805691759821859,9.980546493825779,18.199864333097324,31.137373855529372,,,,,,,,,,,BE,,,0.0,,44.15570027464636,31.926370653285836,15.681956070216234,6.087754381557886,1.3727647156530267,49.48235343226857,44.15171372945184,31.920979328793962,,,,235.26301921491486,217.4009461011265,17.86207311378837,,,,,,,,,,4501252.062061655,-18.208338288836494,g3_be_s00_pos1_tap0_dc_mc122_ac_bipolar_a0_f0_sec0,,,,0,ac,,,122,,1770427.8507392239,,,,,,,1000.0,0.0,bipolar,,0.0,,,,0.005,0,20261003,,,,,,0,,,G3,,
7.872362000981005e-11,7.995609889994746e-11,1.253678655347025e-10,4.5563642770150914e-11,1,595.3325606382209,585.0766477880461,574.9047618223269,580.656845723151,,,,,,,,,200000000.0,1592,,,,0.0,,0.8582873253925237,3.3418479212969543,9.056825241611175,17.055045446436537,29.88964700832366,,,,,,,,,,,BE,,,0.0,,44.82659449861581,33.67762569009742,17.441475996662465,6.945402583897646,1.584825582847182,49.482326753540185,44.82254738248381,33.67191071696619,,,,226.36017658681658,214.08670553442775,12.273471052388828,,,,,,,,,,4501252.062061655,-17.063398212420392,g3_be_s00_pos1_tap0_dc_mc123_ac_bipolar_a0_f0_sec0,,,,0,ac,,,123,,1894386.6533348006,,,,,,,1000.0,0.0,bipolar,,0.0,,,,0.005,0,20261003,,,,,,0,,,G3,,
7.888034005616186e-11,8.31145722705469e-11,1.1432278328199132e-10,4.724004974650717e-11,1,589.2875037920631,595.2194648198134,573.9472631386246,580.6841871566123,,,,,,,,,200000000.0,1592,,,,0.0,,1.0229065347572592,3.846157239431185,9.743167930416881,17.528635144403086,30.060727212053223,,,,,,,,,,,BE,,,0.0,,43.98500436748355,31.77803346879772,16.11642207841558,6.576845110154174,1.553910568993322,49.48231004724506,43.98103323328224,31.772579598620403,,,,232.32742302840657,210.71020260021783,21.617220428188745,,,,,,,,,,4501252.062061655,-17.536732055490237,g3_be_s00_pos1_tap0_dc_mc124_ac_bipolar_a0_f0_sec0,,,,0,ac,,,124,,1754762.6510455052,,,,,,,1000.0,0.0,bipolar,,0.0,,,,0.005,0,20261003,,,,,,0,,,G3,,
8.04235139037957e-11,8.358353186803206e-11,1.2504018818151728e-10,4.7249814988664364e-11,1,584.9785651060732,595.4773797478492,573.9767656127846,579.2066868109014,,,,,,,,,200000000.0,1592,,,,0.0,,0.9590699696626815,3.6697179962769235,9.68523208925848,17.823803447676767,30.69173994309592,,,,,,,,,,,BE,,,0.0,,44.30948577837868,32.43008935266822,16.224263637152102,6.357112645300889,1.4450313251565192,49.482337653469756,44.30548534905594,32.42459878993858,,,,232.47530302843248,215.9060000755622,16.569302952870288,,,,,,,,,,4501252.062061655,-17.832221731821,g3_be_s00_pos1_tap0_dc_mc125_ac_bipolar_a0_f0_sec0,,,,0,ac,,,125,,1803468.0720068838,,,,,,,1000.0,0.0,bipolar,,0.0,,,,0.005,0,20261003,,,,,,0,,,G3,,
8.124385108335003e-11,8.566673770380706e-11,1.200269110222202e-10,4.828843587779608e-11,1,585.7253547802046,586.1180681222279,578.8202585255956,575.0188575345802,,,,,,,,,200000000.0,1592,,,,0.0,,1.0342421679094438,3.905957194959556,10.022937542633823,18.080497193637495,30.822043026690697,,,,,,,,,,,BE,,,0.0,,43.92769764639662,31.560003345171395,15.605631882062283,6.171994115124132,1.4235146032924808,49.482376552472935,43.923731686326605,31.554635067354145,,,,235.4012132623599,214.6288317170152,20.7723815453447,,,,,,,,,,4501252.062061655,-18.088811345689408,g3_be_s00_pos1_tap0_dc_mc126_ac_bipolar_a0_f0_sec0,,,,0,ac,,,126,,1742414.650010831,,,,,,,1000.0,0.0,bipolar,,0.0,,,,0.005,0,20261003,,,,,,0,,,G3,,
8.083443228345295e-11,8.204060860968502e-11,1.1495325257680231e-10,4.8938194998814404e-11,1,595.6089094560963,590.1133701779601,578.5877369219706,574.3914748444147,,,,,,,,,200000000.0,1592,,,,0.0,,0.996818624225714,3.8339877591968983,9.884845883708811,17.802035339124696,30.411491401099905,,,,,,,,,,,BE,,,0.0,,44.117313237385375,31.822563131611112,15.855701406178623,6.373057363638537,1.4924104132932774,49.482312429159826,44.11333015804488,31.817133401397616,,,,233.03489583717882,213.329628475875,19.70526736130381,,,,,,,,,,4501252.062061655,-17.810220145886777,g3_be_s00_pos1_tap0_dc_mc127_ac_bipolar_a0_f0_sec0,,,,0,ac,,,127,,1762666.6814508513,,,,,,,1000.0,0.0,bipolar,,0.0,,,,0.005,0,20261003,,,,,,0,,,G3,,
8.166925543045562e-11,8.325686435889669e-11,1.2544765442837933e-10,4.803753614532749e-11,1,590.8754113512243,595.7124021825947,573.929518424288,571.6275167301163,,,,,,,,,200000000.0,1592,,,,0.0,,0.9562443525407311,3.6886285057873898,9.77274335383986,17.95896450881788,30.864073078032497,,,,,,,,,,,BE,,,0.0,,44.323909156214505,32.359557480160255,16.061637238105032,6.258957285807717,1.4166444888696608,49.482345090034286,44.319907424695934,32.35409055002984,,,,233.13850113613557,216.8968201440499,16.241680992085662,,,,,,,,,,4501252.062061655,-17.967416090853693,g3_be_s00_pos1_tap0_dc_mc128_ac_bipolar_a0_f0_sec0,,,,0,ac,,,128,,1800034.1581798377,,,,,,,1000.0,0.0,bipolar,,0.0,,,,0.005,0,20261003,,,,,,0,,,G3,,
7.831784790755917e-11,8.092043167009399e-11,1.148516911178752e-10,4.652104879198179e-11,1,594.4250806638352,586.0382193980524,579.4353256580523,574.0151953073666,,,,,,,,,200000000.0,1592,,,,0.0,,0.9529694968191716,3.6336497962884953,9.370292548126248,17.08371821155362,29.599941496212146,,,,,,,,,,,BE,,,0.0,,44.34061599266899,32.565105806640815,16.823315183667304,6.922509150835085,1.6385713568249691,49.48233634822721,44.33661275242202,32.5595148399308,,,,228.50092435736084,210.02774860009126,18.473175757269587,,,,,,,,,,4501252.062061655,-17.091780838664576,g3_be_s00_pos1_tap0_dc_mc129_ac_bipolar_a0_f0_sec0,,,,0,ac,,,129,,1810751.0039248616,,,,,,,1000.0,0.0,bipolar,,0.0,,,,0.005,0,20261003,,,,,,0,,,G3,,
7.920042800805199e-11,7.942804267054519e-11,1.145772323005416e-10,4.4816404907425906e-11,1,591.7404788585159,591.4723733000409,573.2747235385157,580.9703770490039,,,,,,,,,200000000.0,1592,,,,0.0,,0.8952541925245043,3.4434474719141503,8.982645625945164,16.598597415408744,29.131346219612883,,,,,,,,,,,BE,,,0.0,,44.63621252218628,33.28606149176868,17.59107343422236,7.320136792066978,1.7293977711193556,49.48231917821785,44.63218259463193,33.2803385689778,,,,225.03726268693248,208.87916004956756,16.15810263736492,,,,,,,,,,4501252.062061655,-16.606626309734395,g3_be_s00_pos1_tap0_dc_mc12_ac_bipolar_a0_f0_sec0,,,,0,ac,,,12,,1863144.0779979818,,,,,,,1000.0,0.0,bipolar,,0.0,,,,0.005,0,20261003,,,,,,0,,,G3,,
8.15056241115181e-11,8.368844395305971e-11,1.2503219243037518e-10,4.6161808070163336e-11,1,588.7735152441426,586.7838013558262,576.0672072489602,580.0093815232457,,,,,,,,,200000000.0,1592,,,,0.0,,0.9351936135970346,3.5844498020249524,9.504145516412251,17.616504305517395,30.517976180626793,,,,,,,,,,,BE,,,0.0,,44.431463268381215,32.75002204166322,16.566034835122764,6.51065781228703,1.474231320188651,49.48234772357361,44.42745182607009,32.744474823739644,,,,231.06301306955177,215.45639154674578,15.606621522805995,,,,,,,,,,4501252.062061655,-17.62492971177015,g3_be_s00_pos1_tap0_dc_mc130_ac_bipolar_a0_f0_sec0,,,,0,ac,,,130,,1825697.208978606,,,,,,,1000.0,0.0,bipolar,,0.0,,,,0.005,0,20261003,,,,,,0,,,G3,,
7.806276122001903e-11,8.369659747007137e-11,1.1846082467400122e-10,4.6335448869138135e-11,1,589.3678411999964,594.9025493129066,576.2227691764897,578.1444196037352,,,,,,,,,200000000.0,1592,,,,0.0,,1.012164295052763,3.7803270193195058,9.628523224593495,17.478686141519535,30.107814946045984,,,,,,,,,,,BE,,,0.0,,44.03943853464136,32.01977922965679,16.330524585351515,6.614776133022981,1.5455109808321046,49.4823125579438,44.035462486020066,32.01429435426565,,,,231.94041296307438,211.22259816361543,20.71781479945895,,,,,,,,,,4501252.062061655,-17.486865264021525,g3_be_s00_pos1_tap0_dc_mc131_ac_bipolar_a0_f0_sec0,,,,0,ac,,,131,,1769972.0603041511,,,,,,,1000.0,0.0,bipolar,,0.0,,,,0.005,0,20261003,,,,,,0,,,G3,,
8.318152780543425e-11,7.896848965648919e-11,1.2126191642909857e-10,4.622997074345646e-11,1,584.2674474749709,595.3089452972536,575.0013548785934,577.1545736132514,,,,,,,,,200000000.0,1592,,,,0.0,,0.8274852118612998,3.3086532734611795,9.054782996187905,17.02528304048959,29.8660849792048,,,,,,,,,,,BE,,,0.0,,44.98586115459811,33.8065868345927,17.44559123697061,6.969243663125709,1.5891311916590936,49.48234798024178,44.98179965959317,33.800857080552,,,,225.72792413069197,214.70394453305005,11.023979597641926,,,,,,,,,,4501252.062061655,-17.033612397734853,g3_be_s00_pos1_tap0_dc_mc132_ac_bipolar_a0_f0_sec0,,,,0,ac,,,132,,1905871.5304163797,,,,,,,1000.0,0.0,bipolar,,0.0,,,,0.005,0,20261003,,,,,,0,,,G3,,
8.554770107314275e-11,8.337141639057e-11,1.2245094064995239e-10,4.870730496481049e-11,1,585.8807273741015,595.323284979595,581.7477124532084,580.6839081744833,,,,,,,,,200000000.0,1592,,,,0.0,,0.9437928142017424,3.7250436778018043,9.979101449874667,18.269380439744122,31.238360649798885,,,,,,,,,,,BE,,,0.0,,44.387443784216266,32.22411957084639,15.684559273625599,6.03922003583889,1.3568954079283788,49.48228837991116,44.3834363166245,32.21870320822295,,,,234.44986963526898,219.25158166254047,15.198287972728508,,,,,,,,,,4501252.062061655,-18.27789596501645,g3_be_s00_pos1_tap0_dc_mc133_ac_bipolar_a0_f0_sec0,,,,0,ac,,,133,,1794910.6496533137,,,,,,,1000.0,0.0,bipolar,,0.0,,,,0.005,0,20261003,,,,,,0,,,G3,,
8.050631047086569e-11,8.059836922148065e-11,1.2465194634920097e-10,4.850125055445284e-11,1,589.6794286107051,585.5776434523782,570.3508544848207,579.2736138755811,,,,,,,,,200000000.0,1592,,,,0.0,,0.8889527808101944,3.5114159529160385,9.51843708451293,17.64545638271412,30.47913698053397,,,,,,,,,,,BE,,,0.0,,44.66866304865659,33.02656467266166,16.53884554632233,6.4889977316043295,1.4808382022857633,49.482381477873965,44.66463019129909,33.02098701087778,,,,229.77610490790883,216.7218306819576,13.054274225951218,,,,,,,,,,4501252.062061655,-17.653850809537836,g3_be_s00_pos1_tap0_dc_mc134_ac_bipolar_a0_f0_sec0,,,,0,ac,,,134,,1849422.0670763021,,,,,,,1000.0,0.0,bipolar,,0.0,,,,0.005,0,20261003,,,,,,0,,,G3,,
7.956305987749141e-11,8.60001451854147e-11,1.1515612245639759e-10,4.8608065608305574e-11,1,584.9475250795454,588.4376705321064,573.9814709161632,573.3469645311968,,,,,,,,,200000000.0,1592,,,,0.0,,1.0896159593962322,4.046792154026082,10.104881359480103,17.966068977137027,30.504195061788664,,,,,,,,,,,BE,,,0.0,,43.64856441017714,31.052472194725787,15.4591234994417,6.253841734523617,1.4765683877158935,49.48240076944373,43.64462365101105,31.04714574091609,,,,235.95903320105802,211.4401135946882,24.51891960636982,,,,,,,,,,4501252.062061655,-17.974198958735272,g3_be_s00_pos1_tap0_dc_mc135_ac_bipolar_a0_f0_sec0,,,,0,ac,,,135,,1705112.8837913622,,,,,,,1000.0,0.0,bipolar,,0.0,,,,0.005,0,20261003,,,,,,0,,,G3,,
8.238679043477292e-11,7.866704346920041e-11,1.1418086000090414e-10,4.592920270378626e-11,1,594.6310709028004,586.5088048625906,578.7484546383417,572.3984097648964,,,,,,,,,200000000.0,1592,,,,0.0,,0.862685043987348,3.4007721648576608,9.040071845651186,16.75203449631786,29.35895571559229,,,,,,,,,,,BE,,,0.0,,44.80392080284178,33.44999666082349,17.475176583012548,7.191967157485377,1.684670719183331,49.48234501660451,44.79987573385526,33.44427335692845,,,,225.1018546715781,210.9976133370017,14.104241334576415,,,,,,,,,,4501252.062061655,-16.760133150134727,g3_be_s00_pos1_tap0_dc_mc136_ac_bipolar_a0_f0_sec0,,,,0,ac,,,136,,1877929.044753575,,,,,,,1000.0,0.0,bipolar,,0.0,,,,0.005,0,20261003,,,,,,0,,,G3,,
7.869556463973899e-11,7.911427468703986e-11,1.2560026772868402e-10,4.9076182357179354e-11,1,585.997366691377,592.7830677873588,570.7273717439575,570.2917951688005,,,,,,,,,200000000.0,1592,,,,0.0,,0.8710722942593528,3.455925926804753,9.420270786744936,17.50816353528904,30.292676197034293,,,,,,,,,,,BE,,,0.0,,44.76073404519961,33.23824982019676,16.726829949460743,6.592383089381624,1.512971048660462,49.482406733413455,44.75669287522189,33.232631680627904,,,,228.53330041013677,216.2591925524126,12.274107857724175,,,,,,,,,,4501252.062061655,-17.516520490961916,g3_be_s00_pos1_tap0_dc_mc137_ac_bipolar_a0_f0_sec0,,,,0,ac,,,137,,1864817.7934394076,,,,,,,1000.0,0.0,bipolar,,0.0,,,,0.005,0,20261003,,,,,,0,,,G3,,
8.475635828103208e-11,8.496698858842805e-11,1.1479530446231909e-10,4.5172049290366294e-11,1,584.7151214747159,590.7469444452812,575.942284879244,573.995092723541,,,,,,,,,200000000.0,1592,,,,0.0,,0.9898429351579623,3.741460484188731,9.525185602174739,17.30692354232537,29.984281986661156,,,,,,,,,,,BE,,,0.0,,44.15281706964053,32.16342430007831,16.525968165845985,6.7468905341170275,1.5676512003455587,49.4823782450183,44.14883078468879,32.157910363522554,,,,231.1150770220386,210.84217186643755,20.27290515560105,,,,,,,,,,4501252.062061655,-17.31508144128654,g3_be_s00_pos1_tap0_dc_mc138_ac_bipolar_a0_f0_sec0,,,,0,ac,,,138,,1781182.3031963496,,,,,,,1000.0,0.0,bipolar,,0.0,,,,0.005,0,20261003,,,,,,0,,,G3,,
8.232561871394461e-11,8.00245360877539e-11,1.1940514827571496e-10,4.8084926367603585e-11,1,592.4791508159633,590.99191909275,576.4103287422329,574.8488670974933,,,,,,,,,200000000.0,1592,,,,0.0,,0.8953877765487291,3.5413278380924074,9.490440850200173,17.498548989039882,30.268023222937934,,,,,,,,,,,BE,,,0.0,,44.635538275000926,32.913016329593745,16.59221771335597,6.599672201186389,1.5172687580849287,49.482332732937884,44.6315084083519,32.90743569361475,,,,229.38770144669206,215.21204426963382,14.175657177058241,,,,,,,,,,4501252.062061655,-17.506853983899514,g3_be_s00_pos1_tap0_dc_mc139_ac_bipolar_a0_f0_sec0,,,,0,ac,,,139,,1841030.4142507045,,,,,,,1000.0,0.0,bipolar,,0.0,,,,0.005,0,20261003,,,,,,0,,,G3,,
8.183887044102467e-11,7.804481697867114e-11,1.1503320170710818e-10,4.6696946346748296e-11,1,591.3283625153924,594.0055736141469,576.0371662926271,575.9709897978062,,,,,,,,,200000000.0,1592,,,,0.0,,0.859721768929992,3.4087269181373667,9.117593443404823,16.893644670475453,29.523741668281822,,,,,,,,,,,BE,,,0.0,,44.81918607038533,33.41934864493614,17.319910238527992,7.075662040254484,1.6530106913334854,49.48232003221077,44.81513962328279,33.41364375371723,,,,225.63294949076547,212.03986204258692,13.59308744817855,,,,,,,,,,4501252.062061655,-16.901782726473982,g3_be_s00_pos1_tap0_dc_mc13_ac_bipolar_a0_f0_sec0,,,,0,ac,,,13,,1876507.4421412523,,,,,,,1000.0,0.0,bipolar,,0.0,,,,0.005,0,20261003,,,,,,0,,,G3,,
7.832394215436193e-11,8.298300198392459e-11,1.161536919937523e-10,4.6246976621352906e-11,1,589.951170993879,593.0563005181543,581.1578657442983,575.4084076212275,,,,,,,,,200000000.0,1592,,,,0.0,,1.0005230934492035,3.755159711979966,9.564302730020822,17.346491964710236,29.918754973781414,,,,,,,,,,,BE,,,0.0,,44.09849760055056,32.11269624652145,16.451711910169017,6.716216957942209,1.579518644223508,49.482308015706394,44.094516219753785,32.10718610969941,,,,230.99242609579983,210.48677293716236,20.50565315863747,,,,,,,,,,4501252.062061655,-17.35461199333715,g3_be_s00_pos1_tap0_dc_mc140_ac_bipolar_a0_f0_sec0,,,,0,ac,,,140,,1776979.2517277407,,,,,,,1000.0,0.0,bipolar,,0.0,,,,0.005,0,20261003,,,,,,0,,,G3,,
8.281372647279607e-11,8.107082866356902e-11,1.1770049932380536e-10,4.54033629787344e-11,1,592.3684191275789,592.1607407233831,576.8096370885327,581.3140461661625,,,,,,,,,200000000.0,1592,,,,0.0,,0.900639598003855,3.499568459302373,9.246154863400616,17.118129468297028,29.873962607975486,,,,,,,,,,,BE,,,0.0,,44.60852267753092,33.07162975520782,17.06542277939578,6.895134318633045,1.5876874521242403,49.48229346601621,44.604495250037345,33.065991975901625,,,,227.95993047938973,212.68901890056742,15.270911578822307,,,,,,,,,,4501252.062061655,-17.126372039425558,g3_be_s00_pos1_tap0_dc_mc141_ac_bipolar_a0_f0_sec0,,,,0,ac,,,141,,1849369.804584769,,,,,,,1000.0,0.0,bipolar,,0.0,,,,0.005,0,20261003,,,,,,0,,,G3,,
7.998126296895776e-11,8.050873641374183e-11,1.14247409293898e-10,4.5001867746036875e-11,1,588.1035700601493,593.3987202284611,577.8339225369133,575.60115326777,,,,,,,,,200000000.0,1592,,,,0.0,,0.918566549088231,3.5162615226580014,9.108973337551792,16.74771873045391,29.289941826724288,,,,,,,,,,,BE,,,0.0,,44.51658357514776,33.00820129693961,17.337097540559697,7.195538221207995,1.6981079680409807,49.48233150212039,44.51256444822756,33.00252677725865,,,,226.34875895255004,209.11235182114322,17.23640713140682,,,,,,,,,,4501252.062061655,-16.75575957245573,g3_be_s00_pos1_tap0_dc_mc142_ac_bipolar_a0_f0_sec0,,,,0,ac,,,142,,1842344.9461782079,,,,,,,1000.0,0.0,bipolar,,0.0,,,,0.005,0,20261003,,,,,,0,,,G3,,
8.28372252904619e-11,8.207609041052532e-11,1.2312675019628672e-10,4.4923970525803194e-11,1,585.7719181600494,585.4984722806308,574.3324163361556,574.4522988917995,,,,,,,,,200000000.0,1592,,,,0.0,,0.8768257465358541,3.397935036268147,9.07932124921294,17.020912597488344,29.880256475369308,,,,,,,,,,,BE,,,0.0,,44.73109355910564,33.460928232159134,17.39637573005484,6.972758503550506,1.5865426627073171,49.48240539382853,44.72705506507905,33.45523750647905,,,,227.02192708410885,213.29318105915834,13.72874602495051,,,,,,,,,,4501252.062061655,-17.029244575398252,g3_be_s00_pos1_tap0_dc_mc143_ac_bipolar_a0_f0_sec0,,,,0,ac,,,143,,1877488.89440248,,,,,,,1000.0,0.0,bipolar,,0.0,,,,0.005,0,20261003,,,,,,0,,,G3,,
8.586526351045358e-11,8.142486408350446e-11,1.2412821449898456e-10,4.520805305968688e-11,1,588.5089193742002,592.9379198120555,578.2961435810222,570.5198617845504,,,,,,,,,200000000.0,1592,,,,0.0,,0.8476298371974813,3.3540736715405903,9.129460827747122,17.20475777295359,30.20037737898413,,,,,,,,,,,BE,,,0.0,,44.8816557011171,33.630257866170595,17.29622664013947,6.826719995260424,1.5291354147989242,49.48235511188885,44.877603613755134,33.62457227787242,,,,227.44791277961104,215.7354913223767,11.712421457234342,,,,,,,,,,4501252.062061655,-17.21320699107813,g3_be_s00_pos1_tap0_dc_mc144_ac_bipolar_a0_f0_sec0,,,,0,ac,,,144,,1892068.5593196414,,,,,,,1000.0,0.0,bipolar,,0.0,,,,0.005,0,20261003,,,,,,0,,,G3,,
8.511305894198496e-11,8.007285812831223e-11,1.2170934272478316e-10,4.5336593502848917e-11,1,584.6582497712417,585.3326557245556,578.76321344492,576.2285401944717,,,,,,,,,200000000.0,1592,,,,0.0,,0.817215702974582,3.269254011551047,8.973730071079466,16.95730213146791,29.85723260237851,,,,,,,,,,,BE,,,0.0,,45.03911078589004,33.96029871533655,17.60913675273327,7.024007563748997,1.5907535960466737,49.48238143662448,45.03504448307063,33.9545463581643,,,,225.3436652828595,214.8053886600933,10.538276622766176,,,,,,,,,,4501252.062061655,-16.965666117651438,g3_be_s00_pos1_tap0_dc_mc145_ac_bipolar_a0_f0_sec0,,,,0,ac,,,145,,1917200.9125416304,,,,,,,1000.0,0.0,bipolar,,0.0,,,,0.005,0,20261003,,,,,,0,,,G3,,
8.380473104870597e-11,7.907299643873162e-11,1.2525609551538942e-10,4.867256381229783e-11,1,593.877051675564,589.025615252855,572.7226551105632,573.0484285527388,,,,,,,,,200000000.0,1592,,,,0.0,,0.8335275218513067,3.387557678842786,9.412952032707153,17.620433959498058,30.572168714930495,,,,,,,,,,,BE,,,0.0,,44.95459151622818,33.50084336691188,16.740901908468,6.507716779741632,1.4650633177317196,49.4823631070531,44.95053284434546,33.49521492261125,,,,228.61034744373129,218.61329908140493,9.997048362326353,,,,,,,,,,4501252.062061655,-17.628913512741416,g3_be_s00_pos1_tap0_dc_mc146_ac_bipolar_a0_f0_sec0,,,,0,ac,,,146,,1885777.3373466784,,,,,,,1000.0,0.0,bipolar,,0.0,,,,0.005,0,20261003,,,,,,0,,,G3,,
8.190223433128473e-11,8.466531071297269e-11,1.1980715900417358e-10,4.5756756484432736e-11,1,589.2803905477442,590.157603540012,570.7502211730787,577.1833818959112,,,,,,,,,200000000.0,1592,,,,0.0,,0.9891713630746766,3.722465959760417,9.554760766442245,17.458911381575568,30.210582268420325,,,,,,,,,,,BE,,,0.0,,44.15622226106678,32.233810401577095,16.469790470358575,6.629860513612264,1.5273365675871888,49.48236846194914,44.152235668742335,32.2283036087259,,,,231.68420258834246,212.19656210538412,19.48764048295834,,,,,,,,,,4501252.062061655,-17.46716818040373,g3_be_s00_pos1_tap0_dc_mc147_ac_bipolar_a0_f0_sec0,,,,0,ac,,,147,,1785876.2527272804,,,,,,,1000.0,0.0,bipolar,,0.0,,,,0.005,0,20261003,,,,,,0,,,G3,,
8.366277838652704e-11,7.846035095365534e-11,1.2591868518074545e-10,4.8890125877720734e-11,1,585.7799523719232,593.8476980554102,577.1260220988946,578.0983631219681,,,,,,,,,200000000.0,1592,,,,0.0,,0.8126084731986107,3.3430442946543275,9.41880138084205,17.688655657404002,30.668015114675267,,,,,,,,,,,BE,,,0.0,,45.06296267826359,33.67293024138889,16.729630532285846,6.456800863406959,1.4489852379968642,49.48233267988926,45.05889422178863,33.66729092821005,,,,228.3587007946129,218.36165402244757,9.997046772165334,,,,,,,,,,4501252.062061655,-17.697175219763917,g3_be_s00_pos1_tap0_dc_mc148_ac_bipolar_a0_f0_sec0,,,,0,ac,,,148,,1899217.7451347332,,,,,,,1000.0,0.0,bipolar,,0.0,,,,0.005,0,20261003,,,,,,0,,,G3,,
7.826842315575541e-11,8.122111895319869e-11,1.2483607537032462e-10,4.7706120107758413e-11,1,586.8643550300576,589.8213565646461,571.9355152469232,578.8900075611873,,,,,,,,,200000000.0,1592,,,,0.0,,0.9143310704995941,3.543580985709135,9.476172492727358,17.538993497782823,30.319852110754102,,,,,,,,,,,BE,,,0.0,,44.53832947109839,32.90449836129219,16.619503071415895,6.569019767665516,1.5082435236077254,49.482368267907304,44.53430838074771,32.89892080503158,,,,229.7744296698746,215.168634966436,14.60579470343859,,,,,,,,,,4501252.062061655,-17.54734152913809,g3_be_s00_pos1_tap0_dc_mc149_ac_bipolar_a0_f0_sec0,,,,0,ac,,,149,,1838304.441984945,,,,,,,1000.0,0.0,bipolar,,0.0,,,,0.005,0,20261003,,,,,,0,,,G3,,
8.331340404834277e-11,7.843296124501818e-11,1.244510608862296e-10,4.554118669638334e-11,1,587.5159745709352,595.8258982446955,581.0318625458233,575.6541846931839,,,,,,,,,200000000.0,1592,,,,0.0,,0.7927948669962978,3.1981736767846343,8.922821068991416,16.98813238977495,29.943253211750694,,,,,,,,,,,BE,,,0.0,,45.165850988740495,34.23927691318334,17.712617284668394,6.999111772000824,1.5750759899986564,49.48230714771348,45.16177324314874,34.23349699310986,,,,224.8310036961415,214.8339552365819,9.997048459559608,,,,,,,,,,4501252.062061655,-16.996562785221393,g3_be_s00_pos1_tap0_dc_mc14_ac_bipolar_a0_f0_sec0,,,,0,ac,,,14,,1938771.2513065601,,,,,,,1000.0,0.0,bipolar,,0.0,,,,0.005,0,20261003,,,,,,0,,,G3,,
7.856315351669955e-11,8.348413311561867e-11,1.1407415301639173e-10,4.7219471148535366e-11,1,590.0308459026691,595.3034971429597,580.0666559655416,574.5251494992061,,,,,,,,,200000000.0,1592,,,,0.0,,1.037432635215367,3.8821803357289,9.785236202604464,17.561306926576968,30.07904260739636,,,,,,,,,,,BE,,,0.0,,43.91150269248476,31.646516012791857,16.038557189722454,6.552152333144778,1.5506370668091762,49.4823060494824,43.9075381942631,31.641080298314147,,,,232.81124908280623,210.433807425827,22.377441656979215,,,,,,,,,,4501252.062061655,-17.569393045455815,g3_be_s00_pos1_tap0_dc_mc150_ac_bipolar_a0_f0_sec0,,,,0,ac,,,150,,1745009.639597255,,,,,,,1000.0,0.0,bipolar,,0.0,,,,0.005,0,20261003,,,,,,0,,,G3,,
8.251571358778943e-11,8.33963210581725e-11,1.2447677338157987e-10,4.6684127586211376e-11,1,588.2255396984965,587.2132155024042,570.2699585221276,581.7302501221,,,,,,,,,200000000.0,1592,,,,0.0,,0.9285613748687424,3.5858438191944946,9.535463996226385,17.65289293735712,30.55516920058905,,,,,,,,,,,BE,,,0.0,,44.465421227815916,32.74477782240308,16.50642521184999,6.483441948219938,1.4679327952826002,49.482368541335745,44.461406720038504,32.73923554872532,,,,231.11031446396208,215.82637033643286,15.283944127529224,,,,,,,,,,4501252.062061655,-17.661316969061893,g3_be_s00_pos1_tap0_dc_mc151_ac_bipolar_a0_f0_sec0,,,,0,ac,,,151,,1826377.4416298561,,,,,,,1000.0,0.0,bipolar,,0.0,,,,0.005,0,20261003,,,,,,0,,,G3,,
8.26881924888377e-11,7.940541880085765e-11,1.1525122412050314e-10,4.653901871164852e-11,1,587.3719573673687,585.3419729708962,571.902248858663,577.1186410174041,,,,,,,,,200000000.0,1592,,,,0.0,,0.8695912941811728,3.4293021020100367,9.126398730700084,16.888732236431288,29.515101663715775,,,,,,,,,,,BE,,,0.0,,44.76835804775234,33.340335344934545,17.302385780203277,7.079675588030987,1.6546582662160436,49.48239718239378,44.76431618966018,33.33463910081894,,,,225.8761517458207,211.70263492179467,14.173516824026024,,,,,,,,,,4501252.062061655,-16.89686267238074,g3_be_s00_pos1_tap0_dc_mc152_ac_bipolar_a0_f0_sec0,,,,0,ac,,,152,,1870165.116340816,,,,,,,1000.0,0.0,bipolar,,0.0,,,,0.005,0,20261003,,,,,,0,,,G3,,
8.446863286089544e-11,8.051794869755927e-11,1.2473621469271995e-10,4.883352555630517e-11,1,586.7183061299661,592.5547508532768,577.894988197746,573.5215748559593,,,,,,,,,200000000.0,1592,,,,0.0,,0.8648014313762744,3.4889346699445016,9.603965228039872,17.85532024601114,30.819845460744137,,,,,,,,,,,BE,,,0.0,,44.79301246460415,33.112108233670426,16.376786853301304,6.334091458760544,1.423877357048229,49.48235293750278,44.788968380499256,33.106548815909974,,,,230.4937767166433,219.14673196197526,11.347044754668048,,,,,,,,,,4501252.062061655,-17.863822224051486,g3_be_s00_pos1_tap0_dc_mc153_ac_bipolar_a0_f0_sec0,,,,0,ac,,,153,,1857952.6400176995,,,,,,,1000.0,0.0,bipolar,,0.0,,,,0.005,0,20261003,,,,,,0,,,G3,,
8.476457841038161e-11,8.422685575820491e-11,1.22536411846266e-10,4.89284345619822e-11,1,585.2161657849695,594.0757847319627,572.6258310459805,575.7321099388046,,,,,,,,,200000000.0,1592,,,,0.0,,0.973247700632478,3.785854833539751,9.991669026110944,18.20612138218276,31.11363874984901,,,,,,,,,,,BE,,,0.0,,44.237246129911675,31.999374164603815,15.661904349210838,6.083372284265374,1.3765210228730316,49.48236726392365,44.23325222268106,31.99397448587311,,,,234.81895109437352,217.7520427100253,17.06690838434821,,,,,,,,,,4501252.062061655,-18.214576263045224,g3_be_s00_pos1_tap0_dc_mc154_ac_bipolar_a0_f0_sec0,,,,0,ac,,,154,,1777335.346062456,,,,,,,1000.0,0.0,bipolar,,0.0,,,,0.005,0,20261003,,,,,,0,,,G3,,
8.215293667642136e-11,8.018481420937929e-11,1.170454998466612e-10,4.7660516285814464e-11,1,585.4825135260384,595.1758116678723,574.3419462001809,571.1208977654868,,,,,,,,,200000000.0,1592,,,,0.0,,0.9061064436963578,3.5527792088880408,9.401519512154882,17.275628804113577,29.948832183020226,,,,,,,,,,,BE,,,0.0,,44.580528863924094,32.86970670555587,16.762956092697614,6.771245247199517,1.5740623130643756,49.482375251191236,44.576503963724,32.86410556252741,,,,228.55981896404654,213.13403422534668,15.42578473869986,,,,,,,,,,4501252.062061655,-17.28382920853107,g3_be_s00_pos1_tap0_dc_mc155_ac_bipolar_a0_f0_sec0,,,,0,ac,,,155,,1836439.2638180193,,,,,,,1000.0,0.0,bipolar,,0.0,,,,0.005,0,20261003,,,,,,0,,,G3,,
7.890801539829618e-11,8.352788590700796e-11,1.207843831273479e-10,4.72775918934612e-11,1,585.1572958984776,593.2585439676465,570.3631258377469,581.0866823253338,,,,,,,,,200000000.0,1592,,,,0.0,,0.9903011293892537,3.7451075317597713,9.681071498328544,17.64070023591223,30.33968245420422,,,,,,,,,,,BE,,,0.0,,44.150468258312095,32.14988116694716,16.232050653671322,6.492545376757214,1.5048023818889682,49.48235611809157,44.14648218550939,32.14439909559962,,,,232.1755084677326,213.13501465896843,19.040493808764182,,,,,,,,,,4501252.062061655,-17.648959551830707,g3_be_s00_pos1_tap0_dc_mc156_ac_bipolar_a0_f0_sec0,,,,0,ac,,,156,,1781665.0212974139,,,,,,,1000.0,0.0,bipolar,,0.0,,,,0.005,0,20261003,,,,,,0,,,G3,,
8.275385831660889e-11,8.296258963351043e-11,1.1861714936806557e-10,4.90913751310138e-11,1,588.3164753011429,594.9356441415399,580.996077640515,571.0826294134503,,,,,,,,,200000000.0,1592,,,,0.0,,0.9842319517046593,3.813583187157554,9.958131595325243,18.033971852863978,30.79618960120426,,,,,,,,,,,BE,,,0.0,,44.18130469215449,31.897387386144448,15.722489275566247,6.20513678563769,1.427756894184608,49.48232919313817,44.1773158353681,31.891977149827795,,,,234.04759637364901,215.7511264780534,18.296469895595607,,,,,,,,,,4501252.062061655,-18.042297282718934,g3_be_s00_pos1_tap0_dc_mc157_ac_bipolar_a0_f0_sec0,,,,0,ac,,,157,,1769484.0185890277,,,,,,,1000.0,0.0,bipolar,,0.0,,,,0.005,0,20261003,,,,,,0,,,G3,,
8.514991277287832e-11,8.474687917840574e-11,1.2234933364595606e-10,4.552383957057841e-11,1,589.7358085130581,595.449326377281,577.9469679584723,578.5456275682333,,,,,,,,,200000000.0,1592,,,,0.0,,0.9572352950726779,3.6645090986363247,9.607533570422833,17.712587730935095,30.66694054624921,,,,,,,,,,,BE,,,0.0,,44.31881043231643,32.449521381886555,16.369998969391542,6.439026503227452,1.4491629365879046,49.482297913298744,44.314809161078685,32.44402179426696,,,,232.43535649040166,215.42179818036948,17.01355831003218,,,,,,,,,,4501252.062061655,-17.721025935266958,g3_be_s00_pos1_tap0_dc_mc158_ac_bipolar_a0_f0_sec0,,,,0,ac,,,158,,1804141.59244971,,,,,,,1000.0,0.0,bipolar,,0.0,,,,0.005,0,20261003,,,,,,0,,,G3,,
7.946553536847457e-11,8.082996255712453e-11,1.1684472001165564e-10,4.833031355551544e-11,1,588.8057489377112,584.7518753114647,577.4779240574492,580.0869454843347,,,,,,,,,200000000.0,1592,,,,0.0,,0.9414723935239513,3.6558744337036426,9.594866218378414,17.49332678260321,30.102907478859166,,,,,,,,,,,BE,,,0.0,,44.39935892922255,32.48186526618738,16.39396427306142,6.603642233319867,1.5463853716301075,49.482350267894205,44.39535038587734,32.47632752147222,,,,230.11400829014698,213.2004684900519,16.913539800095094,,,,,,,,,,4501252.062061655,-17.501511386078356,g3_be_s00_pos1_tap0_dc_mc159_ac_bipolar_a0_f0_sec0,,,,0,ac,,,159,,1808606.9898821216,,,,,,,1000.0,0.0,bipolar,,0.0,,,,0.005,0,20261003,,,,,,0,,,G3,,
8.013167386189928e-11,7.874001738045818e-11,1.2176842567681293e-10,4.897337874714548e-11,1,591.3438863488482,586.413362253684,572.3076609178919,578.0027502522086,,,,,,,,,200000000.0,1592,,,,0.0,,0.8687825960344516,3.4693181174563597,9.433611527686462,17.47433991312428,30.224967693448818,,,,,,,,,,,BE,,,0.0,,44.77249805420216,33.18702246526998,16.701150280183167,6.6180978453732475,1.5248092340986734,49.48236586401365,44.76845582220557,33.181406391331286,,,,228.37350827698617,215.8840975100783,12.489410766907866,,,,,,,,,,4501252.062061655,-17.482654892249634,g3_be_s00_pos1_tap0_dc_mc15_ac_bipolar_a0_f0_sec0,,,,0,ac,,,15,,1861693.070388696,,,,,,,1000.0,0.0,bipolar,,0.0,,,,0.005,0,20261003,,,,,,0,,,G3,,
8.138598036806886e-11,7.894608409055778e-11,1.2202970930036561e-10,4.604994299330629e-11,1,587.531621772587,590.6992388988589,580.6750388963515,574.6495289524768,,,,,,,,,200000000.0,1592,,,,0.0,,0.8322228997826988,3.3053349922516833,9.029118717879843,16.989279159599068,29.805576525164717,,,,,,,,,,,BE,,,0.0,,44.96132222660896,33.8195016980913,17.497209454789797,6.998190569806886,1.6002395004709267,49.48233891237881,44.95726294681362,33.81376489221406,,,,225.53943590938778,214.29940828539713,11.240027623990642,,,,,,,,,,4501252.062061655,-16.997597126832172,g3_be_s00_pos1_tap0_dc_mc160_ac_bipolar_a0_f0_sec0,,,,0,ac,,,160,,1906372.7457197688,,,,,,,1000.0,0.0,bipolar,,0.0,,,,0.005,0,20261003,,,,,,0,,,G3,,
8.322800645544738e-11,8.448279222924834e-11,1.256892334139027e-10,4.777517854183167e-11,1,593.8108216050966,594.0191051125693,571.7990966254944,575.2844792978021,,,,,,,,,200000000.0,1592,,,,0.0,,0.974595259187238,3.744155998454199,9.87668364054212,18.1141878011422,31.078083780923325,,,,,,,,,,,BE,,,0.0,,44.23035137572172,32.153335252252006,15.870578768456236,6.148097844791636,1.3821670072649166,49.482331274571905,44.22635809072329,32.147909805855896,,,,234.47964354673235,217.50591490431174,16.97372864242061,,,,,,,,,,4501252.062061655,-18.12268715708276,g3_be_s00_pos1_tap0_dc_mc161_ac_bipolar_a0_f0_sec0,,,,0,ac,,,161,,1785448.2550788196,,,,,,,1000.0,0.0,bipolar,,0.0,,,,0.005,0,20261003,,,,,,0,,,G3,,
8.501793871781761e-11,7.997140564591309e-11,1.1885705099108847e-10,4.6159174668749094e-11,1,594.5665168773684,595.5135954664737,579.1299449763889,574.1947934043976,,,,,,,,,200000000.0,1592,,,,0.0,,0.8642117750295405,3.4337123997658487,9.254527567444963,17.230856038677775,30.082963213697877,,,,,,,,,,,BE,,,0.0,,44.79599645186746,33.32329975380661,17.04898161333886,6.806228160285529,1.5499419410835777,49.48229001244348,44.79195209827072,33.317648270534214,,,,227.75893460912084,214.77854792119666,12.980386687924181,,,,,,,,,,4501252.062061655,-17.239185458155347,g3_be_s00_pos1_tap0_dc_mc162_ac_bipolar_a0_f0_sec0,,,,0,ac,,,162,,1870078.5519177825,,,,,,,1000.0,0.0,bipolar,,0.0,,,,0.005,0,20261003,,,,,,0,,,G3,,
8.435250164910905e-11,8.352459360941235e-11,1.1518461225611711e-10,4.639201140984585e-11,1,592.8706898052901,590.1896925667538,576.7047389516466,578.855613148474,,,,,,,,,200000000.0,1592,,,,0.0,,0.9753577394877609,3.739579095032325,9.648979102702258,17.540714873391213,30.257037691075702,,,,,,,,,,,BE,,,0.0,,44.2264524611851,32.17032955119444,16.292110321124664,6.567706221379061,1.5191873870429398,49.48231295153467,44.222459528507905,32.16483841164969,,,,231.75765742797236,212.8003517872208,18.95730564075157,,,,,,,,,,4501252.062061655,-17.548938345431615,g3_be_s00_pos1_tap0_dc_mc163_ac_bipolar_a0_f0_sec0,,,,0,ac,,,163,,1784708.115381174,,,,,,,1000.0,0.0,bipolar,,0.0,,,,0.005,0,20261003,,,,,,0,,,G3,,
7.850915291849191e-11,8.558693629854895e-11,1.1444965432216694e-10,4.912197075649205e-11,1,590.2385400355786,594.1637457473612,574.7086499790745,578.8653250991902,,,,,,,,,200000000.0,1592,,,,0.0,,1.1132265597741633,4.126740342321125,10.265956285383513,18.15977190775232,30.68689931352129,,,,,,,,,,,BE,,,0.0,,43.53000163854515,30.76791465843499,15.175079956414885,6.115909780910633,1.4458312723593645,49.482315211459536,43.52607158365162,30.76263939033479,,,,237.36460028348418,211.8635555729916,25.50104471049258,,,,,,,,,,4501252.062061655,-18.167909628112383,g3_be_s00_pos1_tap0_dc_mc164_ac_bipolar_a0_f0_sec0,,,,0,ac,,,164,,1686923.247265909,,,,,,,1000.0,0.0,bipolar,,0.0,,,,0.005,0,20261003,,,,,,0,,,G3,,
8.503039319625552e-11,7.921834269066542e-11,1.1472078546478454e-10,4.4939607131033165e-11,1,595.3408354867331,584.181658206743,581.3439537720326,573.6588939728737,,,,,,,,,200000000.0,1592,,,,0.0,,0.8413219221588903,3.3401786655277443,8.953227732660443,16.70575370178664,29.412672826739747,,,,,,,,,,,BE,,,0.0,,44.91424265704966,33.684140086012015,17.65074512265396,7.230388640126601,1.674285489874177,49.48233408288783,44.9101876276657,33.67838883177816,,,,224.66737519267105,211.71377909623578,12.953596096435263,,,,,,,,,,4501252.062061655,-16.71391553244706,g3_be_s00_pos1_tap0_dc_mc165_ac_bipolar_a0_f0_sec0,,,,0,ac,,,165,,1895657.978907498,,,,,,,1000.0,0.0,bipolar,,0.0,,,,0.005,0,20261003,,,,,,0,,,G3,,
8.143964255498081e-11,8.009149973245688e-11,1.206582979963186e-10,4.536549998303734e-11,1,592.9434275661116,589.9034867706409,574.2119983728456,570.674166846024,,,,,,,,,200000000.0,1592,,,,0.0,,0.869220068781118,3.3845213050162366,9.0257036630529,16.86799189109618,29.626271236966055,,,,,,,,,,,BE,,,0.0,,44.77024455348872,33.512631996205144,17.50408897216383,7.09659777512932,1.633616768631999,49.4823674669172,44.766202525045145,33.50691669620277,,,,225.97641524670257,212.17025318492958,13.806162061772994,,,,,,,,,,4501252.062061655,-16.87622940713078,g3_be_s00_pos1_tap0_dc_mc166_ac_bipolar_a0_f0_sec0,,,,0,ac,,,166,,1881568.7307893096,,,,,,,1000.0,0.0,bipolar,,0.0,,,,0.005,0,20261003,,,,,,0,,,G3,,
7.818723709462302e-11,8.021430676206608e-11,1.1477569109207494e-10,4.7536704997678365e-11,1,591.0642915148157,590.6085658740606,578.7167975310346,580.5842697402363,,,,,,,,,200000000.0,1592,,,,0.0,,0.9484869795260024,3.652770458806812,9.494842072553801,17.28314255447766,29.814366527135,,,,,,,,,,,BE,,,0.0,,44.3634734376637,32.49346287253132,16.583814985858755,6.765379366396487,1.5986151836251612,49.48230146787197,44.35946813407801,32.48790026861715,,,,229.23466480127195,211.40452450810912,17.830140293162827,,,,,,,,,,4501252.062061655,-17.291243386826633,g3_be_s00_pos1_tap0_dc_mc167_ac_bipolar_a0_f0_sec0,,,,0,ac,,,167,,1807715.9533033336,,,,,,,1000.0,0.0,bipolar,,0.0,,,,0.005,0,20261003,,,,,,0,,,G3,,
8.35504736320649e-11,7.99529465039223e-11,1.2373194101886018e-10,4.660821794148442e-11,1,591.0025236250186,593.0491503902656,571.5937040284684,570.6213086976182,,,,,,,,,200000000.0,1592,,,,0.0,,0.8471969692986011,3.3663694541046953,9.175540492007192,17.218097907880693,30.120053673586426,,,,,,,,,,,BE,,,0.0,,44.88391041063552,33.58270446893266,17.204744510860138,6.8162459700775555,1.5433409821167539,49.48237489285868,44.879858119981,33.57702235602174,,,,227.20428756869097,215.51727804540465,11.68700952328632,,,,,,,,,,4501252.062061655,-17.226487595888912,g3_be_s00_pos1_tap0_dc_mc168_ac_bipolar_a0_f0_sec0,,,,0,ac,,,168,,1889082.5414657008,,,,,,,1000.0,0.0,bipolar,,0.0,,,,0.005,0,20261003,,,,,,0,,,G3,,
8.205955547671032e-11,8.159344099870945e-11,1.1524821043650454e-10,4.878531102508787e-11,1,592.039209282393,590.2630970675805,572.9392159857118,573.596672927591,,,,,,,,,200000000.0,1592,,,,0.0,,0.9678430312857278,3.7525517548807885,9.749346482627692,17.64897630571323,30.276225869069545,,,,,,,,,,,BE,,,0.0,,44.26477545852097,32.12234935454505,16.104987373542684,6.486361513633206,1.515835266959839,49.48236142371574,44.26077906576381,32.11687074983854,,,,231.7055038059434,213.31409144873953,18.391412357203876,,,,,,,,,,4501252.062061655,-17.657161102962778,g3_be_s00_pos1_tap0_dc_mc169_ac_bipolar_a0_f0_sec0,,,,0,ac,,,169,,1783803.6767612076,,,,,,,1000.0,0.0,bipolar,,0.0,,,,0.005,0,20261003,,,,,,0,,,G3,,
7.987158549299843e-11,7.97339926506172e-11,1.1818951950723224e-10,4.4738679184178386e-11,1,595.6195744601648,592.6533149721952,578.2215889844158,577.5715302866112,,,,,,,,,200000000.0,1592,,,,0.0,,0.8844183194193179,3.414833718305121,9.013549926388448,16.77682552143577,29.458531813390685,,,,,,,,,,,BE,,,0.0,,44.691902636685285,33.395845394316865,17.52857294058649,7.171461946141234,1.6654671468004776,49.48228654973049,44.68786768098182,33.390131788104995,,,,225.8042455519302,210.87332785097618,14.930917700954012,,,,,,,,,,4501252.062061655,-16.784992872268294,g3_be_s00_pos1_tap0_dc_mc16_ac_bipolar_a0_f0_sec0,,,,0,ac,,,16,,1871950.3348033545,,,,,,,1000.0,0.0,bipolar,,0.0,,,,0.005,0,20261003,,,,,,0,,,G3,,
8.490694236838437e-11,7.873631014017601e-11,1.1762542871404173e-10,4.6787235183312414e-11,1,584.3433265874961,595.653202292208,581.3902616865888,571.4026127515594,,,,,,,,,200000000.0,1592,,,,0.0,,0.8343853477505079,3.359493585675128,9.149529522098081,17.078832165051853,29.868855202419283,,,,,,,,,,,BE,,,0.0,,44.95013347645848,33.60929453518304,17.256346586499344,6.926408406061735,1.5886234463638391,49.48234273616304,44.946075207036806,33.603592585719106,,,,226.1618000854204,214.53142511689245,11.630374968527946,,,,,,,,,,4501252.062061655,-17.087111078893663,g3_be_s00_pos1_tap0_dc_mc170_ac_bipolar_a0_f0_sec0,,,,0,ac,,,170,,1891897.634202249,,,,,,,1000.0,0.0,bipolar,,0.0,,,,0.005,0,20261003,,,,,,0,,,G3,,
8.501933598961742e-11,7.813388968316712e-11,1.2314545694245296e-10,4.518079538329546e-11,1,594.0664533712235,588.235556535518,581.6011980945261,580.6078081145607,,,,,,,,,200000000.0,1592,,,,0.0,,0.773698502882156,3.154689060182489,8.867343608514469,16.935338931203123,29.919278425681682,,,,,,,,,,,BE,,,0.0,,45.26523944890596,34.411098522139156,17.826093988244736,7.041778928167452,1.5794292513758423,49.482285102710755,45.26115273034233,34.40529512207375,,,,224.24251039855227,214.24546351941908,9.997046879133194,,,,,,,,,,4501252.062061655,-16.943781331139892,g3_be_s00_pos1_tap0_dc_mc171_ac_bipolar_a0_f0_sec0,,,,0,ac,,,171,,1952167.4338613441,,,,,,,1000.0,0.0,bipolar,,0.0,,,,0.005,0,20261003,,,,,,0,,,G3,,
8.064457432175587e-11,7.99092417785148e-11,1.226241905467587e-10,4.605906757339947e-11,1,587.0510913287351,586.1744789601721,580.215144425933,577.138893768528,,,,,,,,,200000000.0,1592,,,,0.0,,0.8524526782494852,3.354971031913492,9.104242060231613,17.07845494103067,29.885329862052977,,,,,,,,,,,BE,,,0.0,,44.856740607869014,33.626803127257624,17.346544908167814,6.926712264073434,1.5856138579582195,49.48235349407903,44.852690770275586,33.62109684393587,,,,226.3694452343191,214.23099559849854,12.138449635820564,,,,,,,,,,4501252.062061655,-17.086776783952523,g3_be_s00_pos1_tap0_dc_mc172_ac_bipolar_a0_f0_sec0,,,,0,ac,,,172,,1891495.3938361714,,,,,,,1000.0,0.0,bipolar,,0.0,,,,0.005,0,20261003,,,,,,0,,,G3,,
7.799042083801617e-11,8.281828277592487e-11,1.161155309408118e-10,4.84637476874983e-11,1,588.2182844784518,592.0871421081364,576.3248996971417,579.1403803334827,,,,,,,,,200000000.0,1592,,,,0.0,,1.0196442402793946,3.859635161372427,9.860249899236573,17.73618322962939,30.290658431612545,,,,,,,,,,,BE,,,0.0,,44.00154244559127,31.728758630496117,15.900665405326459,6.421559717290091,1.5133165700116948,49.48232674049138,43.997569818423734,31.723330512724903,,,,233.07207853517392,212.16514696301255,20.90693157216137,,,,,,,,,,4501252.062061655,-17.744331810048166,g3_be_s00_pos1_tap0_dc_mc173_ac_bipolar_a0_f0_sec0,,,,0,ac,,,173,,1753421.7583232555,,,,,,,1000.0,0.0,bipolar,,0.0,,,,0.005,0,20261003,,,,,,0,,,G3,,
8.505659895787811e-11,8.332180917844238e-11,1.1792021382806836e-10,4.733043608042229e-11,1,590.028161531973,595.076606485471,577.7012120792608,573.8981208705758,,,,,,,,,200000000.0,1592,,,,0.0,,0.9628103125730835,3.729421554106393,9.744310709066513,17.767932877327322,30.57914716048639,,,,,,,,,,,BE,,,0.0,,44.29039567112123,32.20795396940454,16.114289124633704,6.398130606265294,1.463883318157595,49.48232253054458,44.28639696524577,32.2024838929277,,,,232.58039097084165,214.9194556685324,17.66093530230924,,,,,,,,,,4501252.062061655,-17.776258440648196,g3_be_s00_pos1_tap0_dc_mc174_ac_bipolar_a0_f0_sec0,,,,0,ac,,,174,,1789508.8991227516,,,,,,,1000.0,0.0,bipolar,,0.0,,,,0.005,0,20261003,,,,,,0,,,G3,,
8.056834270556442e-11,8.410388937741964e-11,1.2263644676165093e-10,4.498337290438978e-11,1,584.760163141133,586.7604194099908,580.8055597950087,574.5542639814549,,,,,,,,,200000000.0,1592,,,,0.0,,0.9492791781537508,3.583347336595681,9.33773771154016,17.278100941533342,30.078987288899604,,,,,,,,,,,BE,,,0.0,,44.35948988738797,32.75422711117522,16.88645442269409,6.76931884139984,1.5506533414461907,49.48237112585019,44.35548494343373,32.74864178154796,,,,229.8021370355126,212.55851261290832,17.243624422604285,,,,,,,,,,4501252.062061655,-17.28640703232339,g3_be_s00_pos1_tap0_dc_mc175_ac_bipolar_a0_f0_sec0,,,,0,ac,,,175,,1823095.6683159901,,,,,,,1000.0,0.0,bipolar,,0.0,,,,0.005,0,20261003,,,,,,0,,,G3,,
8.018658723042863e-11,8.178220738095453e-11,1.1753410620478093e-10,4.792024291074724e-11,1,589.9959708347861,589.8292386598749,570.6100612602999,573.496271419689,,,,,,,,,200000000.0,1592,,,,0.0,,0.9616453708810904,3.6932600257487436,9.589351909859822,17.456590318015405,30.08186075007705,,,,,,,,,,,BE,,,0.0,,44.29639279905155,32.34239083702241,16.40437363945267,6.631634779325048,1.5501382093640623,49.48238570285153,44.292393551471314,32.33686671411832,,,,230.60315584429804,212.43600672165454,18.167149122643508,,,,,,,,,,4501252.062061655,-17.46476771195384,g3_be_s00_pos1_tap0_dc_mc176_ac_bipolar_a0_f0_sec0,,,,0,ac,,,176,,1797016.6969973648,,,,,,,1000.0,0.0,bipolar,,0.0,,,,0.005,0,20261003,,,,,,0,,,G3,,
8.02631355290189e-11,8.443476777005209e-11,1.2526660302214397e-10,4.5934781601290664e-11,1,593.2468008560334,590.106855572903,576.655102471231,573.1392001814867,,,,,,,,,200000000.0,1592,,,,0.0,,0.9735187872933716,3.6666927138899945,9.560439494373316,17.629387702409186,30.5008438539935,,,,,,,,,,,BE,,,0.0,,44.23584109760745,32.44140261622045,16.459012619219717,6.501006174467426,1.4771413095518506,49.482339959348536,44.231847316861405,32.43589091204903,,,,232.05203257253285,214.30576866787868,17.74626390465417,,,,,,,,,,4501252.062061655,-17.637781991898606,g3_be_s00_pos1_tap0_dc_mc177_ac_bipolar_a0_f0_sec0,,,,0,ac,,,177,,1801193.8004223723,,,,,,,1000.0,0.0,bipolar,,0.0,,,,0.005,0,20261003,,,,,,0,,,G3,,
8.571823336248988e-11,8.522597061910092e-11,1.2451074300966068e-10,4.612358524108936e-11,1,592.0405774836253,591.5238139243659,571.7484833888952,579.1375324133527,,,,,,,,,200000000.0,1592,,,,0.0,,0.9584999965382291,3.678939370780708,9.692861669976606,17.880573721373924,30.889827280355217,,,,,,,,,,,BE,,,0.0,,44.31238991822941,32.395666220291936,16.20999258882412,6.315698050062339,1.4124513437920716,49.48233366720264,44.30838922668141,32.39019142338339,,,,233.27911316062432,216.6420341529248,16.637079007699526,,,,,,,,,,4501252.062061655,-17.889073675844877,g3_be_s00_pos1_tap0_dc_mc178_ac_bipolar_a0_f0_sec0,,,,0,ac,,,178,,1801161.0077566744,,,,,,,1000.0,0.0,bipolar,,0.0,,,,0.005,0,20261003,,,,,,0,,,G3,,
8.304655558362165e-11,8.607982452591194e-11,1.196408500962557e-10,4.622682321560956e-11,1,588.3908240615648,587.9777893067215,573.5778749646078,579.9260185313902,,,,,,,,,200000000.0,1592,,,,0.0,,1.0185794728488218,3.8248416558994394,9.781160676950487,17.769369630524277,30.560491706717624,,,,,,,,,,,BE,,,0.0,,44.00696268228147,31.856106130245173,16.046069331112708,6.397076131058815,1.4670314682579355,49.4823559061121,44.002989565864965,31.850675352080323,,,,233.89362534866652,213.3658477066934,20.52777764197313,,,,,,,,,,4501252.062061655,-17.777678345421727,g3_be_s00_pos1_tap0_dc_mc179_ac_bipolar_a0_f0_sec0,,,,0,ac,,,179,,1760131.450467816,,,,,,,1000.0,0.0,bipolar,,0.0,,,,0.005,0,20261003,,,,,,0,,,G3,,
7.906006306547887e-11,8.468549054495164e-11,1.1682488045533384e-10,4.742435126160334e-11,1,584.1841210025157,585.4933394936737,571.6626264258829,576.6999279076447,,,,,,,,,200000000.0,1592,,,,0.0,,1.0304531653123257,3.8545578057654426,9.762764126211097,17.588121832070197,30.15314844964206,,,,,,,,,,,BE,,,0.0,,43.9468977738836,31.747376127444056,16.080134629697792,6.5319711388810635,1.5374678528153793,49.48241436832617,43.94293008035739,31.741932183456175,,,,232.78561282215094,211.04207505059796,21.74353777155298,,,,,,,,,,4501252.062061655,-17.596255199508214,g3_be_s00_pos1_tap0_dc_mc17_ac_bipolar_a0_f0_sec0,,,,0,ac,,,17,,1751892.1638020754,,,,,,,1000.0,0.0,bipolar,,0.0,,,,0.005,0,20261003,,,,,,0,,,G3,,
7.807463460256689e-11,8.584208214116996e-11,1.2140582287333595e-10,4.6984919674685593e-11,1,590.219200078961,586.3257358768021,572.8218743684679,581.5760366985953,,,,,,,,,200000000.0,1592,,,,0.0,,1.0490173083249346,3.884524332120889,9.866373161996144,17.84749240493431,30.546935248173547,,,,,,,,,,,BE,,,0.0,,43.85301471209987,31.63797291066925,15.889440726237861,6.339797672736512,1.469321524709728,49.48235037125786,43.849055494504995,31.632570325092498,,,,234.54741133759967,212.7589599882162,21.78845134938348,,,,,,,,,,4501252.062061655,-17.855763645970356,g3_be_s00_pos1_tap0_dc_mc180_ac_bipolar_a0_f0_sec0,,,,0,ac,,,180,,1743167.5607113333,,,,,,,1000.0,0.0,bipolar,,0.0,,,,0.005,0,20261003,,,,,,0,,,G3,,
8.429945683435216e-11,8.083618314606898e-11,1.2010454005849918e-10,4.577993280938589e-11,1,584.9820830279153,592.6796642297809,570.4191752053096,579.7191645673523,,,,,,,,,200000000.0,1592,,,,0.0,,0.8663438473776618,3.4121893349738097,9.164455428118059,17.102197266755333,29.933021536952154,,,,,,,,,,,BE,,,0.0,,44.78507184563038,33.40603369930049,17.226710168182866,6.907804809346707,1.5769323056786222,49.48236718229073,44.78102847822086,33.40035814648945,,,,227.15357231950463,213.9119720250459,13.24160029445872,,,,,,,,,,4501252.062061655,-17.110504739786606,g3_be_s00_pos1_tap0_dc_mc181_ac_bipolar_a0_f0_sec0,,,,0,ac,,,181,,1875096.3865303337,,,,,,,1000.0,0.0,bipolar,,0.0,,,,0.005,0,20261003,,,,,,0,,,G3,,
8.134192494899834e-11,8.41082309705284e-11,1.237832043262913e-10,4.751403868571958e-11,1,591.1714512147017,595.7076056442583,570.260281502127,572.6924672283881,,,,,,,,,200000000.0,1592,,,,0.0,,0.9861944529963328,3.7499912151672508,9.770427999925172,17.865604831211957,30.71227157965941,,,,,,,,,,,BE,,,0.0,,44.171347657120506,32.13178534532659,16.065916190811624,6.326593555261188,1.4416198164662741,49.48235632416093,44.167359699069664,32.126333197101616,,,,233.44198060589594,215.18719614029004,18.254784465605894,,,,,,,,,,4501252.062061655,-17.873989638775075,g3_be_s00_pos1_tap0_dc_mc182_ac_bipolar_a0_f0_sec0,,,,0,ac,,,182,,1781708.3108923507,,,,,,,1000.0,0.0,bipolar,,0.0,,,,0.005,0,20261003,,,,,,0,,,G3,,
7.972759511547385e-11,8.322492911842486e-11,1.1802331475613997e-10,4.486782650554694e-11,1,585.8991333994036,592.4873030106447,578.6015254829717,571.1398422045884,,,,,,,,,200000000.0,1592,,,,0.0,,0.9665572693952218,3.6277219906407665,9.288330925626036,17.031072782614256,29.667116223970233,,,,,,,,,,,BE,,,0.0,,44.27133147081313,32.58735212553697,16.982783471664955,6.964597760274166,1.6259507278593979,49.48236484967741,44.26733448598546,32.58175760108292,,,,228.95958367091853,209.8384768619743,19.121106808944234,,,,,,,,,,4501252.062061655,-17.03920869480687,g3_be_s00_pos1_tap0_dc_mc183_ac_bipolar_a0_f0_sec0,,,,0,ac,,,183,,1809648.3453054284,,,,,,,1000.0,0.0,bipolar,,0.0,,,,0.005,0,20261003,,,,,,0,,,G3,,
8.597377415218447e-11,7.87955262095469e-11,1.1835767807458347e-10,4.822554141261783e-11,1,587.0742316030132,590.6473187603513,574.5354854177484,570.6846942420607,,,,,,,,,200000000.0,1592,,,,0.0,,0.8371830310757803,3.402040839142998,9.308806561581031,17.314140836601087,30.13041545250004,,,,,,,,,,,BE,,,0.0,,44.93570183726117,33.44508612853726,16.9428366565381,6.741293352512283,1.5415001528190573,49.48239146513307,44.93164487086967,33.4394286294371,,,,227.31601802896756,215.94077089947044,11.375247129497126,,,,,,,,,,4501252.062061655,-17.322461220771217,g3_be_s00_pos1_tap0_dc_mc184_ac_bipolar_a0_f0_sec0,,,,0,ac,,,184,,1881149.9566144645,,,,,,,1000.0,0.0,bipolar,,0.0,,,,0.005,0,20261003,,,,,,0,,,G3,,
7.858174175648568e-11,8.191687904087548e-11,1.18963819368123e-10,4.8598399252931474e-11,1,591.4659739473532,592.9584134450564,573.7606881994477,581.6859599037211,,,,,,,,,200000000.0,1592,,,,0.0,,0.9826806264167982,3.7684402023100505,9.802349057226648,17.783333001877857,30.443190261459627,,,,,,,,,,,BE,,,0.0,,44.189176221813085,32.063598693444845,16.006999276467898,6.386795179121753,1.486974499483144,49.482306701915746,44.185186654284536,32.058139654034164,,,,232.5136468988381,213.98982912896886,18.523817769869225,,,,,,,,,,4501252.062061655,-17.791577921459975,g3_be_s00_pos1_tap0_dc_mc185_ac_bipolar_a0_f0_sec0,,,,0,ac,,,185,,1778579.103577316,,,,,,,1000.0,0.0,bipolar,,0.0,,,,0.005,0,20261003,,,,,,0,,,G3,,
8.081732163936559e-11,8.041575336411278e-11,1.2174564233700966e-10,4.617255739219213e-11,1,586.8597036748477,589.6857739847031,576.0884937308479,577.8563169594829,,,,,,,,,200000000.0,1592,,,,0.0,,0.8748601092156355,3.420032000784833,9.184155796760512,17.13421380859026,29.9191184885485,,,,,,,,,,,BE,,,0.0,,44.74117080011174,33.37587645278491,17.187690051611494,6.882388412017231,1.5794573705027375,49.48235379358609,44.737131396641736,33.37020447883009,,,,227.20376616438352,213.78251332037618,13.421252844007341,,,,,,,,,,4501252.062061655,-17.14251227547482,g3_be_s00_pos1_tap0_dc_mc186_ac_bipolar_a0_f0_sec0,,,,0,ac,,,186,,1872398.1529611908,,,,,,,1000.0,0.0,bipolar,,0.0,,,,0.005,0,20261003,,,,,,0,,,G3,,
8.242597326044383e-11,8.128012315945224e-11,1.214074669335508e-10,4.517855281766481e-11,1,594.2387780693497,591.6528961589163,577.7087833939175,576.5324670441804,,,,,,,,,200000000.0,1592,,,,0.0,,0.889347016352763,3.4513677855899925,9.191236095215361,17.141891939104458,29.986482563583674,,,,,,,,,,,BE,,,0.0,,44.666567529259915,33.25565537908927,17.17365154158571,6.876300000435497,1.5672545809511755,49.482305988821075,44.66253486097416,33.25000075289616,,,,227.87675079215504,213.56694243841926,14.309808353735775,,,,,,,,,,4501252.062061655,-17.15021675470029,g3_be_s00_pos1_tap0_dc_mc187_ac_bipolar_a0_f0_sec0,,,,0,ac,,,187,,1862681.2968841896,,,,,,,1000.0,0.0,bipolar,,0.0,,,,0.005,0,20261003,,,,,,0,,,G3,,
8.238445061309513e-11,8.211418710484957e-11,1.210170089597651e-10,4.4901483985867165e-11,1,591.7688509766501,592.1708690229989,574.9836294179119,579.9614547672821,,,,,,,,,200000000.0,1592,,,,0.0,,0.9083528221283694,3.4953286092084173,9.226439277843218,17.15466379359321,29.98461098887538,,,,,,,,,,,BE,,,0.0,,44.56894382441257,33.087781055429,17.104191748302725,6.866196792662977,1.5675922511830644,49.4823120326666,44.564919970133666,33.08214672306933,,,,228.41329900558753,213.0252504616332,15.38804854395434,,,,,,,,,,4501252.062061655,-17.162972054175057,g3_be_s00_pos1_tap0_dc_mc188_ac_bipolar_a0_f0_sec0,,,,0,ac,,,188,,1849444.3079085068,,,,,,,1000.0,0.0,bipolar,,0.0,,,,0.005,0,20261003,,,,,,0,,,G3,,
8.451164050369521e-11,7.793198840073771e-11,1.1932237079885393e-10,4.7068498283374084e-11,1,595.2444032723126,585.7790323187537,570.2895277153254,573.0705958036383,,,,,,,,,200000000.0,1592,,,,0.0,,0.8130930672926099,3.2932629718229225,9.0461783580601,16.975282222854858,29.777141955379662,,,,,,,,,,,BE,,,0.0,,45.06049579375779,33.86656933315678,17.46290382288548,7.009482319411321,1.6054878790376306,49.48238445825156,45.056427560131375,33.860827192728124,,,,225.14792259836958,214.61075701547378,10.537165582895796,,,,,,,,,,4501252.062061655,-16.983568669250207,g3_be_s00_pos1_tap0_dc_mc189_ac_bipolar_a0_f0_sec0,,,,0,ac,,,189,,1911073.2413048574,,,,,,,1000.0,0.0,bipolar,,0.0,,,,0.005,0,20261003,,,,,,0,,,G3,,
8.412729137200693e-11,8.584184240540598e-11,1.2026294449936589e-10,4.735481196592377e-11,1,590.3147082219662,594.8944951068826,575.3802741996772,576.3907170740632,,,,,,,,,200000000.0,1592,,,,0.0,,1.0253673818167175,3.8843786350596985,9.988364804337342,18.08807458016633,30.939890618804593,,,,,,,,,,,BE,,,0.0,,43.9725539886321,31.638459586268795,15.667832276278167,6.166605239726555,1.4043311906446716,49.48232072533044,43.96858397860344,31.63308759336532,,,,235.61357308442365,215.28577666211544,20.32779642230821,,,,,,,,,,4501252.062061655,-18.09645518311271,g3_be_s00_pos1_tap0_dc_mc18_ac_bipolar_a0_f0_sec0,,,,0,ac,,,18,,1747917.6774431316,,,,,,,1000.0,0.0,bipolar,,0.0,,,,0.005,0,20261003,,,,,,0,,,G3,,
8.298704950521359e-11,8.601861349438269e-11,1.1450141944493719e-10,4.5112193915925744e-11,1,592.8786230248551,593.9999865297467,571.844202856854,576.3453840074825,,,,,,,,,200000000.0,1592,,,,0.0,,1.0499490678074346,3.8887214466620517,9.699685810798051,17.454153145134995,30.08837520496648,,,,,,,,,,,BE,,,0.0,,43.84829266923203,31.622710545862628,16.19727265740096,6.633485047117234,1.548974234482511,49.4823299901636,43.844333878058166,31.617273283740857,,,,233.21387045489013,209.85739420990697,23.356476244983156,,,,,,,,,,4501252.062061655,-17.462278916532505,g3_be_s00_pos1_tap0_dc_mc190_ac_bipolar_a0_f0_sec0,,,,0,ac,,,190,,1740560.3643039865,,,,,,,1000.0,0.0,bipolar,,0.0,,,,0.005,0,20261003,,,,,,0,,,G3,,
8.6044059529298e-11,8.001748226664046e-11,1.2471564197630786e-10,4.8672019309388633e-11,1,589.0955186217931,590.9402893148481,578.7715599718288,578.0664374823144,,,,,,,,,200000000.0,1592,,,,0.0,,0.8386818146570949,3.4317955724215325,9.569439552966921,17.873803184926633,30.899188700585476,,,,,,,,,,,BE,,,0.0,,44.927886082610684,33.33061215069569,16.44199801735179,6.320624260599634,1.4109299220359954,49.482322523667904,44.92382982171503,33.325032879889406,,,,230.0618050219224,220.06475745503516,9.997047566887233,,,,,,,,,,4501252.062061655,-17.88235483584969,g3_be_s00_pos1_tap0_dc_mc191_ac_bipolar_a0_f0_sec0,,,,0,ac,,,191,,1874658.8463008127,,,,,,,1000.0,0.0,bipolar,,0.0,,,,0.005,0,20261003,,,,,,0,,,G3,,
8.185108965170582e-11,7.946430720102186e-11,1.1458242295473216e-10,4.495110429619973e-11,1,590.4813141320667,590.7327330843142,578.6153772427382,580.9596466989726,,,,,,,,,200000000.0,1592,,,,0.0,,0.874187728399979,3.4120940524013887,9.018795756162463,16.728011742475264,29.35506825938262,,,,,,,,,,,BE,,,0.0,,44.744588320229475,33.406398180515964,17.51800734343802,7.211879286067263,1.6854237601941802,49.482302857240455,44.740548608186,33.40067792811731,,,,225.3277471640867,210.6150899287163,14.712657235370415,,,,,,,,,,4501252.062061655,-16.73612186594559,g3_be_s00_pos1_tap0_dc_mc192_ac_bipolar_a0_f0_sec0,,,,0,ac,,,192,,1873703.1749143822,,,,,,,1000.0,0.0,bipolar,,0.0,,,,0.005,0,20261003,,,,,,0,,,G3,,
8.014659671283622e-11,7.871126417154963e-11,1.1451176828726792e-10,4.694583301957984e-11,1,593.9406820887618,586.4024878812269,575.7897971796313,572.9894325148603,,,,,,,,,200000000.0,1592,,,,0.0,,0.8889383865996758,3.4783773987444007,9.177397683319036,16.89291315101154,29.43728488939322,,,,,,,,,,,BE,,,0.0,,44.668718135427554,33.15248376597156,17.201095810509372,7.076262950257276,1.669546314535555,49.48236049908919,44.664685273090605,33.1468064612243,,,,226.1399440541542,210.84136296971093,15.29858108444327,,,,,,,,,,4501252.062061655,-16.90098638970412,g3_be_s00_pos1_tap0_dc_mc193_ac_bipolar_a0_f0_sec0,,,,0,ac,,,193,,1855794.6172624321,,,,,,,1000.0,0.0,bipolar,,0.0,,,,0.005,0,20261003,,,,,,0,,,G3,,
8.581109437870956e-11,8.401678125613875e-11,1.1792200964136657e-10,4.7690804466927576e-11,1,595.0733270220071,595.2108478345789,578.9871225296413,577.9037239194456,,,,,,,,,200000000.0,1592,,,,0.0,,0.9861841086681247,3.8164759201810066,9.94514026141037,18.050775268823624,30.9090680368822,,,,,,,,,,,BE,,,0.0,,44.17132372567566,31.886722620613188,15.745984477292652,6.193136711552449,1.4093220803520263,49.48227058516902,44.16733576985618,31.88131929277985,,,,234.53852529237477,216.0944199284793,18.44410536389546,,,,,,,,,,4501252.062061655,-18.059155600681667,g3_be_s00_pos1_tap0_dc_mc194_ac_bipolar_a0_f0_sec0,,,,0,ac,,,194,,1768270.6380668795,,,,,,,1000.0,0.0,bipolar,,0.0,,,,0.005,0,20261003,,,,,,0,,,G3,,
8.589927896937527e-11,8.508602715618491e-11,1.1835074797089984e-10,4.72067217570555e-11,1,592.8003355358677,586.6868290197544,570.3689987928975,577.0923522557565,,,,,,,,,200000000.0,1592,,,,0.0,,0.9921720319699239,3.803386194055556,9.836714765931847,17.865763966084252,30.68879925479575,,,,,,,,,,,BE,,,0.0,,44.140972382074544,31.93489002312265,15.943786164733757,6.326477677527738,1.4455208145320202,49.482370598328785,44.136987166639734,31.929461638647656,,,,233.8265688230287,214.69098130420323,19.135587518825474,,,,,,,,,,4501252.062061655,-17.874096792533102,g3_be_s00_pos1_tap0_dc_mc195_ac_bipolar_a0_f0_sec0,,,,0,ac,,,195,,1769348.0958664743,,,,,,,1000.0,0.0,bipolar,,0.0,,,,0.005,0,20261003,,,,,,0,,,G3,,
8.252729079431896e-11,8.388093263183185e-11,1.1513396534895651e-10,4.584045742788321e-11,1,584.8749256304104,590.6738645266552,572.4254874370491,573.2588504761952,,,,,,,,,200000000.0,1592,,,,0.0,,0.983765084226828,3.720146057298536,9.487096983083937,17.237018579121138,29.85026643227842,,,,,,,,,,,BE,,,0.0,,44.18374174076028,32.24246520925055,16.598608926020255,6.801411870538816,1.5920257920504433,49.48239889163531,44.17975266398634,32.23693230071065,,,,230.40573533488788,210.38780837461044,20.017926960277435,,,,,,,,,,4501252.062061655,-17.245135713657376,g3_be_s00_pos1_tap0_dc_mc196_ac_bipolar_a0_f0_sec0,,,,0,ac,,,196,,1786767.666752287,,,,,,,1000.0,0.0,bipolar,,0.0,,,,0.005,0,20261003,,,,,,0,,,G3,,
8.505366849039996e-11,8.212673061390854e-11,1.2205926342944807e-10,4.572366497570509e-11,1,585.4701628028889,589.6042219111836,572.2549821810591,581.6989003703128,,,,,,,,,200000000.0,1592,,,,0.0,,0.8788673914481371,3.450759357649299,9.279476171050737,17.321617257493497,30.23662860682846,,,,,,,,,,,BE,,,0.0,,44.7205405116883,33.25800337630021,17.000097470339735,6.735489507245113,1.5227657247751027,49.482361021036894,44.71650297048358,33.25236989452252,,,,228.57572845069257,215.21817231804366,13.35755613264891,,,,,,,,,,4501252.062061655,-17.330011371436598,g3_be_s00_pos1_tap0_dc_mc197_ac_bipolar_a0_f0_sec0,,,,0,ac,,,197,,1864339.3629919135,,,,,,,1000.0,0.0,bipolar,,0.0,,,,0.005,0,20261003,,,,,,0,,,G3,,
8.149845037358868e-11,7.874303094927174e-11,1.215234538974221e-10,4.6566944028960415e-11,1,586.5119614639872,589.2165057097081,574.3821856948986,573.0948858187313,,,,,,,,,200000000.0,1592,,,,0.0,,0.8321939578184906,3.310737167161557,9.026476853673838,16.94872625454692,29.725292866972154,,,,,,,,,,,BE,,,0.0,,44.961518576340964,33.79851615420925,17.5025552477555,7.030946745643867,1.6151000122657038,49.48239012688752,44.95745927884882,33.79277648893867,,,,225.30328858788033,213.8804944970482,11.422794090832127,,,,,,,,,,4501252.062061655,-16.957007024234642,g3_be_s00_pos1_tap0_dc_mc198_ac_bipolar_a0_f0_sec0,,,,0,ac,,,198,,1904878.0666104292,,,,,,,1000.0,0.0,bipolar,,0.0,,,,0.005,0,20261003,,,,,,0,,,G3,,
8.381661043425344e-11,8.312265291218443e-11,1.2369011283265508e-10,4.6585683443329336e-11,1,585.8273308417563,595.0427445138287,581.3642725543866,570.240333699888,,,,,,,,,200000000.0,1592,,,,0.0,,0.9220982987311989,3.5796500453591125,9.536198805812113,17.660790357588567,30.590259193330123,,,,,,,,,,,BE,,,0.0,,44.49849742315691,32.76811639337123,16.50501743608043,6.477546356225752,1.4620141549286065,49.482343683013795,44.49447992877513,32.7625737949614,,,,231.12418904368306,216.10851911416057,15.015669929522488,,,,,,,,,,4501252.062061655,-17.66922708955713,g3_be_s00_pos1_tap0_dc_mc199_ac_bipolar_a0_f0_sec0,,,,0,ac,,,199,,1828634.2241089656,,,,,,,1000.0,0.0,bipolar,,0.0,,,,0.005,0,20261003,,,,,,0,,,G3,,
7.792325214332099e-11,7.879045084280684e-11,1.1962507663576888e-10,4.8715174779229974e-11,1,592.2090593466858,588.6163529955829,578.3254851761315,572.5686942107086,,,,,,,,,200000000.0,1592,,,,0.0,,0.8995051169839765,3.5345256434463703,9.438965120557883,17.365496249945608,30.000038504269426,,,,,,,,,,,BE,,,0.0,,44.61439825614407,32.93882806903895,16.690857761197837,6.701547013160033,1.5648087173554308,49.48234758132052,44.61037029798212,32.93322471869893,,,,228.41580448726165,213.83070494649215,14.585099540769505,,,,,,,,,,4501252.062061655,-17.373709195002707,g3_be_s00_pos1_tap0_dc_mc19_ac_bipolar_a0_f0_sec0,,,,0,ac,,,19,,1842084.2586403862,,,,,,,1000.0,0.0,bipolar,,0.0,,,,0.005,0,20261003,,,,,,0,,,G3,,
7.869491582499263e-11,8.036493210317253e-11,1.240418613370634e-10,4.4887979764476796e-11,1,589.6660684801672,592.7620280725793,571.4016913047409,581.7403813673166,,,,,,,,,200000000.0,1592,,,,0.0,,0.8731399691448636,3.364210865381228,8.99934862791581,16.909116093191056,29.704904049174928,,,,,,,,,,,BE,,,0.0,,44.750009391960276,33.591050366045486,17.55725877870218,7.063074059133939,1.6188939586343778,49.48232862960324,44.745969190547356,33.58532929919012,,,,226.11348077887982,212.5642641809155,13.549216597964318,,,,,,,,,,4501252.062061655,-16.91741214277955,g3_be_s00_pos1_tap0_dc_mc1_ac_bipolar_a0_f0_sec0,,,,0,ac,,,1,,1886676.0980319672,,,,,,,1000.0,0.0,bipolar,,0.0,,,,0.005,0,20261003,,,,,,0,,,G3,,
8.319306916757957e-11,8.314818870157319e-11,1.2250438583143908e-10,4.613228937740257e-11,1,592.2845586086269,587.692610410812,574.6006094709273,579.5842750678278,,,,,,,,,200000000.0,1592,,,,0.0,,0.9279264965258831,3.581951342877585,9.482934820066745,17.544377887414235,30.42969365471219,,,,,,,,,,,BE,,,0.0,,44.468641576674464,32.759442544857016,16.606531195713167,6.564943369325327,1.4892909338513978,49.48233528762781,44.464626777895106,32.75388746811319,,,,230.68123781576912,215.04845643239537,15.632781383373754,,,,,,,,,,4501252.062061655,-17.552767435163375,g3_be_s00_pos1_tap0_dc_mc20_ac_bipolar_a0_f0_sec0,,,,0,ac,,,20,,1827021.9820477706,,,,,,,1000.0,0.0,bipolar,,0.0,,,,0.005,0,20261003,,,,,,0,,,G3,,
8.124705276788302e-11,8.490448958185924e-11,1.236027271802002e-10,4.6046926979008504e-11,1,594.2685636858981,588.5556411692777,579.1680015628626,577.6411375827937,,,,,,,,,200000000.0,1592,,,,0.0,,0.9866116263487352,3.7215756987106348,9.675678724348307,17.762891067597963,30.636450239796496,,,,,,,,,,,BE,,,0.0,,44.16918289607223,32.23704371017305,16.242091503973533,6.40184515437723,1.4542580753465535,49.48230780139928,44.16519513344556,32.23156958252578,,,,233.03435275623423,214.7034840295862,18.33086872664802,,,,,,,,,,4501252.062061655,-17.771289920048197,g3_be_s00_pos1_tap0_dc_mc21_ac_bipolar_a0_f0_sec0,,,,0,ac,,,21,,1787351.7463725398,,,,,,,1000.0,0.0,bipolar,,0.0,,,,0.005,0,20261003,,,,,,0,,,G3,,
8.493719299557238e-11,8.581059421934793e-11,1.1662096232047976e-10,4.901171125416837e-11,1,586.4024748086291,591.6466473916832,578.5902563904801,577.3932098094358,,,,,,,,,200000000.0,1592,,,,0.0,,1.0460415801980427,3.99603237480659,10.23453540884165,18.32844639364213,31.097381880095334,,,,,,,,,,,BE,,,0.0,,43.86802760519559,31.2343823380341,15.230067044348651,5.998293780848006,1.3790969273245903,49.48233522007103,43.864067032488904,31.22907808273713,,,,237.06697276271035,215.67237582866605,21.3945969340443,,,,,,,,,,4501252.062061655,-18.336777160026376,g3_be_s00_pos1_tap0_dc_mc22_ac_bipolar_a0_f0_sec0,,,,0,ac,,,22,,1723793.849185896,,,,,,,1000.0,0.0,bipolar,,0.0,,,,0.005,0,20261003,,,,,,0,,,G3,,
7.924064124821518e-11,7.842782311779748e-11,1.2572226640731902e-10,4.6245402932436473e-11,1,586.8749530927944,587.8015830281919,572.8394689700156,577.9407226398761,,,,,,,,,200000000.0,1592,,,,0.0,,0.813604481488737,3.232933989160964,8.932230952922165,16.931488622226937,29.761381805338544,,,,,,,,,,,BE,,,0.0,,45.05783786882683,34.102596463082,17.693481380197404,7.044914273715299,1.6084039765536329,49.48237907947029,45.053769875373085,34.09681999781869,,,,224.6413569535263,214.6443061346037,9.997050818922588,,,,,,,,,,4501252.062061655,-16.93983832191953,g3_be_s00_pos1_tap0_dc_mc23_ac_bipolar_a0_f0_sec0,,,,0,ac,,,23,,1927724.3298018216,,,,,,,1000.0,0.0,bipolar,,0.0,,,,0.005,0,20261003,,,,,,0,,,G3,,
7.940561461183024e-11,7.93181996857272e-11,1.1767688579059235e-10,4.647291488262994e-11,1,585.6237189571749,588.1676353763962,575.3999744121596,581.5979891447389,,,,,,,,,200000000.0,1592,,,,0.0,,0.878810959761988,3.4346788505612427,9.144683541354482,16.95096937887069,29.578201722451915,,,,,,,,,,,BE,,,0.0,,44.72082317459925,33.31966889731553,17.265988682732843,7.029124020471268,1.6426799754088546,49.48235229694413,44.71678560788387,33.31397958441211,,,,226.1810060079023,211.9001688995742,14.280837108328114,,,,,,,,,,4501252.062061655,-16.959128432089145,g3_be_s00_pos1_tap0_dc_mc24_ac_bipolar_a0_f0_sec0,,,,0,ac,,,24,,1868011.7265071552,,,,,,,1000.0,0.0,bipolar,,0.0,,,,0.005,0,20261003,,,,,,0,,,G3,,
8.568501783071631e-11,8.497832040160838e-11,1.1627845545578262e-10,4.578578093494372e-11,1,584.3636777397529,586.1203529707715,574.0556763347419,571.1294244814574,,,,,,,,,200000000.0,1592,,,,0.0,,0.9746521351433289,3.714242051231616,9.542684861028953,17.389735576174193,30.116736028678922,,,,,,,,,,,BE,,,0.0,,44.230146868053666,32.26438792190446,16.492726082211178,6.682878718055974,1.54392932497383,49.4824264976272,44.22615360163822,32.25887165666,,,,231.16516312586657,211.96592080209328,19.19924232377329,,,,,,,,,,4501252.062061655,-17.397945525440708,g3_be_s00_pos1_tap0_dc_mc25_ac_bipolar_a0_f0_sec0,,,,0,ac,,,25,,1789764.185282761,,,,,,,1000.0,0.0,bipolar,,0.0,,,,0.005,0,20261003,,,,,,0,,,G3,,
8.416218408692838e-11,8.445986035693953e-11,1.2009891446333427e-10,4.499518960488236e-11,1,594.4916547149256,586.2323038057355,576.974934285824,576.6863953802472,,,,,,,,,200000000.0,1592,,,,0.0,,0.9581836741011951,3.6439009764481813,9.459511938662427,17.411831678410245,30.256810575614654,,,,,,,,,,,BE,,,0.0,,44.31400399107286,32.52665161631723,16.651358065026134,6.665889294113203,1.519229716652348,49.482333975818676,44.310003153851234,32.52110951701882,,,,230.9567636336647,213.12667722561423,17.830086408050477,,,,,,,,,,4501252.062061655,-17.42015226248866,g3_be_s00_pos1_tap0_dc_mc26_ac_bipolar_a0_f0_sec0,,,,0,ac,,,26,,1807911.381911322,,,,,,,1000.0,0.0,bipolar,,0.0,,,,0.005,0,20261003,,,,,,0,,,G3,,
8.472130006751862e-11,8.498650470662813e-11,1.155126210095536e-10,4.723566227293116e-11,1,593.1208978392426,585.9865711558414,573.9405824677543,577.5774214389285,,,,,,,,,200000000.0,1592,,,,0.0,,1.0134892102279913,3.8590050971969565,9.870392803565224,17.808905997780467,30.52707597819119,,,,,,,,,,,BE,,,0.0,,44.03275675927607,31.731062562877984,15.882092323474765,6.368022833788268,1.472684971745094,49.48235226521673,44.02878131415265,31.725648868146003,,,,233.91146517516742,213.29871348817073,20.61275168699669,,,,,,,,,,4501252.062061655,-17.81714859996921,g3_be_s00_pos1_tap0_dc_mc27_ac_bipolar_a0_f0_sec0,,,,0,ac,,,27,,1754339.3872780062,,,,,,,1000.0,0.0,bipolar,,0.0,,,,0.005,0,20261003,,,,,,0,,,G3,,
7.984475117813273e-11,8.313712589081475e-11,1.1529709326559036e-10,4.483262333738971e-11,1,586.537300352435,588.9885456368679,574.5036357020584,571.9186511044194,,,,,,,,,200000000.0,1592,,,,0.0,,0.9736414499920706,3.6481103432390287,9.261317672161413,16.893545351103697,29.430945595297352,,,,,,,,,,,BE,,,0.0,,44.235265949166426,32.510989899424125,17.035697990856494,7.075750698287365,1.6707661999589614,49.48239538549384,44.23127222051107,32.50538854974247,,,,228.40926884814976,208.38516629107457,20.024102557075196,,,,,,,,,,4501252.062061655,-16.901582052990868,g3_be_s00_pos1_tap0_dc_mc28_ac_bipolar_a0_f0_sec0,,,,0,ac,,,28,,1803597.4428717496,,,,,,,1000.0,0.0,bipolar,,0.0,,,,0.005,0,20261003,,,,,,0,,,G3,,
8.45252236493178e-11,8.170082789024535e-11,1.2559245434210746e-10,4.6252182522696115e-11,1,591.0275105303674,591.4537744840021,580.5910086633407,575.3542347618213,,,,,,,,,200000000.0,1592,,,,0.0,,0.867120427693814,3.4306137613691745,9.365932696457815,17.563360746949424,30.58022630990505,,,,,,,,,,,BE,,,0.0,,44.78102033188613,33.335167844120264,16.83171883331003,6.550611262185953,1.4637043257652445,49.48231459767482,44.776977330448,33.32955347415455,,,,229.412433563162,217.51769276792265,11.894740795239358,,,,,,,,,,4501252.062061655,-17.57187295442648,g3_be_s00_pos1_tap0_dc_mc29_ac_bipolar_a0_f0_sec0,,,,0,ac,,,29,,1871179.2087099133,,,,,,,1000.0,0.0,bipolar,,0.0,,,,0.005,0,20261003,,,,,,0,,,G3,,
8.578785813730955e-11,7.942764306818085e-11,1.1612873468153122e-10,4.741575844029044e-11,1,587.5109745632386,594.055545058716,578.3693036098093,581.2649873014011,,,,,,,,,200000000.0,1592,,,,0.0,,0.8616056289533573,3.4677101089307896,9.383847519082016,17.368493993966823,30.16452921863389,,,,,,,,,,,BE,,,0.0,,44.809449142089534,33.19313010839788,16.797066730102983,6.699227922068407,1.5354546932398339,49.482300966014556,44.80540357400776,33.18750639530171,,,,228.17613070804936,215.43308396010372,12.743046747945641,,,,,,,,,,4501252.062061655,-17.376794826937168,g3_be_s00_pos1_tap0_dc_mc2_ac_bipolar_a0_f0_sec0,,,,0,ac,,,2,,1862377.1038086328,,,,,,,1000.0,0.0,bipolar,,0.0,,,,0.005,0,20261003,,,,,,0,,,G3,,
7.905484726390577e-11,8.223176564885314e-11,1.213401291863851e-10,4.5762826066279134e-11,1,594.1627885080293,591.5612344148502,578.246452642249,572.185753250963,,,,,,,,,200000000.0,1592,,,,0.0,,0.9466774393049628,3.591474961301732,9.357415439859171,17.253701683972476,29.98586199778853,,,,,,,,,,,BE,,,0.0,,44.37273802701445,32.72356987084114,16.848241404034177,6.788354093653363,1.567365453616048,49.482325264089965,44.368731886964945,32.71798354752984,,,,229.47840614686245,212.1866759513731,17.29173019548935,,,,,,,,,,4501252.062061655,-17.26195331495517,g3_be_s00_pos1_tap0_dc_mc30_ac_bipolar_a0_f0_sec0,,,,0,ac,,,30,,1821622.8887683174,,,,,,,1000.0,0.0,bipolar,,0.0,,,,0.005,0,20261003,,,,,,0,,,G3,,
8.294447191375725e-11,7.96614644216152e-11,1.1586440185044261e-10,4.85754707465148e-11,1,588.6433197513451,593.0371075654635,577.1024159852916,577.4048924646489,,,,,,,,,200000000.0,1592,,,,0.0,,0.9041768304663814,3.587434476144716,9.555646097667557,17.502359072672164,30.19420930257733,,,,,,,,,,,BE,,,0.0,,44.5903889042713,32.738779445198375,16.468141166092817,6.596775832599892,1.5302161612411609,49.48232548736261,44.58636311402839,32.73321723072125,,,,229.54091750458326,214.58425188658765,14.956665617995611,,,,,,,,,,4501252.062061655,-17.510595518120272,g3_be_s00_pos1_tap0_dc_mc31_ac_bipolar_a0_f0_sec0,,,,0,ac,,,31,,1829217.1015483923,,,,,,,1000.0,0.0,bipolar,,0.0,,,,0.005,0,20261003,,,,,,0,,,G3,,
7.905255609308615e-11,7.868282032248141e-11,1.2278791110557892e-10,4.5835044728158255e-11,1,590.5776727535258,593.5799903836161,581.3003368075574,580.6044181046103,,,,,,,,,200000000.0,1592,,,,0.0,,0.8433449648813812,3.3220266496751183,9.047764248029278,17.01630721939675,29.814065861044195,,,,,,,,,,,BE,,,0.0,,44.90373098266078,33.75453320133391,17.459671944507424,6.976439871684167,1.5986739998174113,49.48227694261299,44.89967690253937,33.74880495991042,,,,225.7858833762663,214.11706560358652,11.668817772679773,,,,,,,,,,4501252.062061655,-17.024624954633506,g3_be_s00_pos1_tap0_dc_mc32_ac_bipolar_a0_f0_sec0,,,,0,ac,,,32,,1901012.5743325946,,,,,,,1000.0,0.0,bipolar,,0.0,,,,0.005,0,20261003,,,,,,0,,,G3,,
7.852107156755254e-11,8.224768573532332e-11,1.1722673125175966e-10,4.518321399943466e-11,1,591.0157606915312,590.4503054585725,574.6591081459555,577.4331438486197,,,,,,,,,200000000.0,1592,,,,0.0,,0.961334087976979,3.618455791262694,9.280970056730393,17.002251540268915,29.59184728714375,,,,,,,,,,,BE,,,0.0,,44.297937623923175,32.62212048604734,16.99718105115944,6.987741887794313,1.6401002066532764,49.48233801947764,44.293938236869934,32.61651713440899,,,,228.5454027160776,209.63531068999225,18.91009202608535,,,,,,,,,,4501252.062061655,-17.010356699250536,g3_be_s00_pos1_tap0_dc_mc33_ac_bipolar_a0_f0_sec0,,,,0,ac,,,33,,1812606.4352063055,,,,,,,1000.0,0.0,bipolar,,0.0,,,,0.005,0,20261003,,,,,,0,,,G3,,
7.992708818406755e-11,7.834213229469849e-11,1.1912428888158365e-10,4.650623521699466e-11,1,585.3787158100008,584.364095999988,581.2843632019902,577.7106111454962,,,,,,,,,200000000.0,1592,,,,0.0,,0.8374125148485858,3.322994212721291,9.018816497275806,16.874002416830265,29.555500564850597,,,,,,,,,,,BE,,,0.0,,44.93448853444107,33.75085076344394,17.518000429123525,7.091689195285848,1.6469800930063183,49.48236271881279,44.93043167728872,33.74510513109494,,,,224.84450378283046,212.913885169047,11.930618613783452,,,,,,,,,,4501252.062061655,-16.882210295359485,g3_be_s00_pos1_tap0_dc_mc34_ac_bipolar_a0_f0_sec0,,,,0,ac,,,34,,1901102.2395471942,,,,,,,1000.0,0.0,bipolar,,0.0,,,,0.005,0,20261003,,,,,,0,,,G3,,
7.83147427171132e-11,8.130541384853266e-11,1.2187862912839567e-10,4.494188341305819e-11,1,593.1649985149852,592.74114286476,572.8926846160037,574.431328909972,,,,,,,,,200000000.0,1592,,,,0.0,,0.9180990460461883,3.484232139687578,9.113466321373247,16.933924463587758,29.648536090184685,,,,,,,,,,,BE,,,0.0,,44.518987233984085,33.13011860742749,17.32811360809216,7.042929306299553,1.629433065239271,49.48233991169229,44.51496789014247,33.12445173986498,,,,227.30136321873644,211.02775226501802,16.273610953718418,,,,,,,,,,4501252.062061655,-16.9421393935266,g3_be_s00_pos1_tap0_dc_mc35_ac_bipolar_a0_f0_sec0,,,,0,ac,,,35,,1850660.0305725252,,,,,,,1000.0,0.0,bipolar,,0.0,,,,0.005,0,20261003,,,,,,0,,,G3,,
8.125828182964243e-11,8.253347788814257e-11,1.1650405948013888e-10,4.591534567617695e-11,1,590.6908137599029,591.8434013309825,579.6876967579059,576.1558380661203,,,,,,,,,200000000.0,1592,,,,0.0,,0.9600752827410071,3.659698858722712,9.457498941556757,17.285777182992074,29.95116919180685,,,,,,,,,,,BE,,,0.0,,44.304336671938536,32.46755610233935,16.65523715831867,6.763329113031362,1.5736367710997503,49.4823142198523,44.30033670748206,32.46200230814523,,,,230.00246377377005,211.61313060448825,18.389333169281798,,,,,,,,,,4501252.062061655,-17.293957356774467,g3_be_s00_pos1_tap0_dc_mc36_ac_bipolar_a0_f0_sec0,,,,0,ac,,,36,,1804064.5778122002,,,,,,,1000.0,0.0,bipolar,,0.0,,,,0.005,0,20261003,,,,,,0,,,G3,,
7.849740334198599e-11,8.167081300010991e-11,1.2370584837210046e-10,4.695604326927359e-11,1,594.9348427252465,594.7978622567059,576.0003192022432,578.277440568529,,,,,,,,,200000000.0,1592,,,,0.0,,0.9402203654642062,3.6049602742672855,9.52608277221683,17.573992786232814,30.371424543607546,,,,,,,,,,,BE,,,0.0,,44.405702076916086,32.672752196654656,16.524246201165223,6.5425922167709905,1.4993126538076766,49.48228645988305,44.40169296092043,32.66720569690619,,,,230.71779857866267,214.64343920637677,16.074359372285898,,,,,,,,,,4501252.062061655,-17.582340959003382,g3_be_s00_pos1_tap0_dc_mc37_ac_bipolar_a0_f0_sec0,,,,0,ac,,,37,,1820348.5876850067,,,,,,,1000.0,0.0,bipolar,,0.0,,,,0.005,0,20261003,,,,,,0,,,G3,,
8.21048759564009e-11,8.019880747750068e-11,1.176221407597181e-10,4.552381199152732e-11,1,593.3232940346659,584.5359946242188,574.5959329514252,575.2408388896316,,,,,,,,,200000000.0,1592,,,,0.0,,0.8774368784887621,3.422492902868901,9.078042147962245,16.867807917737437,29.5607813674263,,,,,,,,,,,BE,,,0.0,,44.727912275693114,33.36645866121632,17.398947947346855,7.09674710266551,1.6459793122328819,49.48236761195527,44.72387406891991,33.36075890145657,,,,226.1090468562352,211.63416792509315,14.474878931142058,,,,,,,,,,4501252.062061655,-16.875986734278662,g3_be_s00_pos1_tap0_dc_mc38_ac_bipolar_a0_f0_sec0,,,,0,ac,,,38,,1870908.78895808,,,,,,,1000.0,0.0,bipolar,,0.0,,,,0.005,0,20261003,,,,,,0,,,G3,,
8.583904136966592e-11,8.567189407810238e-11,1.2432791226139906e-10,4.8868605411086926e-11,1,594.9535987324156,589.5076984308382,577.0796865790876,572.4605444068214,,,,,,,,,200000000.0,1592,,,,0.0,,1.0001025805541468,3.866890186070452,10.172336023828764,18.494163163834425,31.492729576956172,,,,,,,,,,,BE,,,0.0,,44.10065724613531,31.70219221319288,15.33950241079082,5.884942091386903,1.3177363548858056,49.4823356609576,44.0966756704081,31.696858205629972,,,,236.97611357407357,219.08793356559323,17.888180008480333,,,,,,,,,,4501252.062061655,-18.502706113920993,g3_be_s00_pos1_tap0_dc_mc39_ac_bipolar_a0_f0_sec0,,,,0,ac,,,39,,1757120.261392149,,,,,,,1000.0,0.0,bipolar,,0.0,,,,0.005,0,20261003,,,,,,0,,,G3,,
7.962752769274703e-11,7.920394079492734e-11,1.191232208179615e-10,4.791644172768883e-11,1,594.0957039405132,589.9548061566953,570.5935590275187,577.9862926508356,,,,,,,,,200000000.0,1592,,,,0.0,,0.8956174535178173,3.5147809118648725,9.368920578594963,17.277165975760287,29.950309573450486,,,,,,,,,,,BE,,,0.0,,44.63436736496235,33.01378725340531,16.825977954706957,6.770043738355367,1.5737936746225114,49.48234309967389,44.63033760380907,33.008168348365544,,,,228.13219347635268,213.53060246013752,14.601591016215167,,,,,,,,,,4501252.062061655,-17.285387129210676,g3_be_s00_pos1_tap0_dc_mc3_ac_bipolar_a0_f0_sec0,,,,0,ac,,,3,,1846965.7062206294,,,,,,,1000.0,0.0,bipolar,,0.0,,,,0.005,0,20261003,,,,,,0,,,G3,,
8.017871560490273e-11,8.46739838213885e-11,1.1595407712644565e-10,4.8541154120919034e-11,1,594.9333075190262,585.5064445413482,571.8567109691174,577.8719230677798,,,,,,,,,200000000.0,1592,,,,0.0,,1.0545532007174274,3.963724474764246,10.026138432753541,17.936506891607078,30.536365048363777,,,,,,,,,,,BE,,,0.0,,43.82507762056571,31.35082051904105,15.599883432347017,6.27515746496462,1.4711092937372925,49.48235423596568,43.82112092523496,31.345458288839055,,,,235.06897246354737,212.49604283149193,22.572929632055434,,,,,,,,,,4501252.062061655,-17.944686703520635,g3_be_s00_pos1_tap0_dc_mc40_ac_bipolar_a0_f0_sec0,,,,0,ac,,,40,,1727177.6394363074,,,,,,,1000.0,0.0,bipolar,,0.0,,,,0.005,0,20261003,,,,,,0,,,G3,,
8.482266608637941e-11,7.868177444236793e-11,1.179206486090697e-10,4.843443028381648e-11,1,586.22510611745,595.8138793312698,578.3993522556656,571.8487435030413,,,,,,,,,200000000.0,1592,,,,0.0,,0.8526345841018903,3.4495012642528016,9.393761035539468,17.405797456497332,30.19956096115503,,,,,,,,,,,BE,,,0.0,,44.855793613213294,33.26281085013197,16.777929458422822,6.67052511481246,1.5292757986959233,49.48234512777186,44.85174386094746,33.25718262952971,,,,228.03203038701128,215.9534883849538,12.078542002057475,,,,,,,,,,4501252.062061655,-17.414110320485886,g3_be_s00_pos1_tap0_dc_mc41_ac_bipolar_a0_f0_sec0,,,,0,ac,,,41,,1867953.2146477865,,,,,,,1000.0,0.0,bipolar,,0.0,,,,0.005,0,20261003,,,,,,0,,,G3,,
8.448484017546347e-11,8.551489286166814e-11,1.1464839381183888e-10,4.488541622787687e-11,1,586.2886877299596,592.2935942615903,577.7580198697007,575.2342424496823,,,,,,,,,200000000.0,1592,,,,0.0,,1.0086960530986262,3.78640677785314,9.578296291054698,17.360880255163192,30.040947508881327,,,,,,,,,,,BE,,,0.0,,44.05705798759657,31.997405262017796,16.425218807444413,6.7051047185221835,1.5574564763139933,49.482347561136336,44.05308034845601,31.99191624547479,,,,231.8520585497634,210.6403143665669,21.211744183196487,,,,,,,,,,4501252.062061655,-17.369039974799527,g3_be_s00_pos1_tap0_dc_mc42_ac_bipolar_a0_f0_sec0,,,,0,ac,,,42,,1768556.2953814284,,,,,,,1000.0,0.0,bipolar,,0.0,,,,0.005,0,20261003,,,,,,0,,,G3,,
8.106090641527125e-11,8.450763162800077e-11,1.2419922711901921e-10,4.595363982178785e-11,1,589.8311831055603,592.5858693871295,575.1502045762833,578.4035159964941,,,,,,,,,200000000.0,1592,,,,0.0,,0.9732760970918622,3.6779661500893845,9.593805266893957,17.666910765301214,30.54080689769867,,,,,,,,,,,BE,,,0.0,,44.2370646228524,32.399314509017955,16.39590927861216,6.47298063066909,1.4703603522977746,49.48232600641524,44.23307073200351,32.3938119544615,,,,232.26164614905514,214.5197108473658,17.741935301689352,,,,,,,,,,4501252.062061655,-17.675305281450157,g3_be_s00_pos1_tap0_dc_mc43_ac_bipolar_a0_f0_sec0,,,,0,ac,,,43,,1798795.1910711313,,,,,,,1000.0,0.0,bipolar,,0.0,,,,0.005,0,20261003,,,,,,0,,,G3,,
8.468960820886074e-11,8.385100125242213e-11,1.235804554273976e-10,4.4827975577542204e-11,1,584.2432185763387,587.2627942011393,572.1097349550881,574.9361253407186,,,,,,,,,200000000.0,1592,,,,0.0,,0.9062983432139842,3.4871552329440325,9.23571936623854,17.233910954931456,30.154940763043204,,,,,,,,,,,BE,,,0.0,,44.579577633805236,33.118985251163046,17.085950085070127,6.803851871644392,1.5371559526714773,49.48241264395528,44.57555281958544,33.11335843992479,,,,228.92873568804748,213.91358634196828,15.015149346079198,,,,,,,,,,4501252.062061655,-17.242293668695346,g3_be_s00_pos1_tap0_dc_mc44_ac_bipolar_a0_f0_sec0,,,,0,ac,,,44,,1851743.1009452932,,,,,,,1000.0,0.0,bipolar,,0.0,,,,0.005,0,20261003,,,,,,0,,,G3,,
7.873260301489211e-11,8.483594376567744e-11,1.2472346189317733e-10,4.697194784391316e-11,1,586.1162566116242,591.113086455411,572.4076332419261,574.718640001573,,,,,,,,,200000000.0,1592,,,,0.0,,1.0006170831487484,3.7504351318108897,9.705281174761375,17.75493245211125,30.5442063705646,,,,,,,,,,,BE,,,0.0,,44.098087491880726,32.13017168570196,16.186870394345892,6.407723259026363,1.469785507834861,49.48238328268403,44.09410614810324,32.12470550526806,,,,233.04660420257565,213.9933702692403,19.05323393333535,,,,,,,,,,4501252.062061655,-17.763278854100435,g3_be_s00_pos1_tap0_dc_mc45_ac_bipolar_a0_f0_sec0,,,,0,ac,,,45,,1779053.903060148,,,,,,,1000.0,0.0,bipolar,,0.0,,,,0.005,0,20261003,,,,,,0,,,G3,,
8.165472925751807e-11,8.02098239073322e-11,1.18372907639706e-10,4.808420893247903e-11,1,595.6738554545725,585.2856224868194,574.5503740976159,573.6738949298518,,,,,,,,,200000000.0,1592,,,,0.0,,0.9079968312157264,3.567014627177583,9.479070009521822,17.420787907442893,30.12756937412583,,,,,,,,,,,BE,,,0.0,,44.57081380345274,32.81585989321823,16.61396329349014,6.659023885540797,1.5420027175218856,49.48236008755547,44.56678978052517,32.81028027090587,,,,229.24156945692312,214.108563986876,15.133005470047124,,,,,,,,,,4501252.062061655,-17.429034806871574,g3_be_s00_pos1_tap0_dc_mc46_ac_bipolar_a0_f0_sec0,,,,0,ac,,,46,,1833242.2543759323,,,,,,,1000.0,0.0,bipolar,,0.0,,,,0.005,0,20261003,,,,,,0,,,G3,,
8.224605847070428e-11,7.968307747145098e-11,1.1605563045426763e-10,4.648599166691337e-11,1,585.9722160537597,586.9187337959465,571.1117547397807,575.9789305942567,,,,,,,,,200000000.0,1592,,,,0.0,,0.8754376243145422,3.4383490635143668,9.131248798416348,16.89826361455316,29.53031324502957,,,,,,,,,,,BE,,,0.0,,44.738243139373374,33.305633710311106,17.292728114468076,7.071912405959669,1.6517634006717319,49.482405811296275,44.73420399986298,33.29994242649193,,,,226.06001040434472,211.62361155801938,14.436398846325346,,,,,,,,,,4501252.062061655,-16.906400359976075,g3_be_s00_pos1_tap0_dc_mc47_ac_bipolar_a0_f0_sec0,,,,0,ac,,,47,,1867250.367006085,,,,,,,1000.0,0.0,bipolar,,0.0,,,,0.005,0,20261003,,,,,,0,,,G3,,
8.159580845078362e-11,8.085913014604136e-11,1.1658848989889576e-10,4.479911177748513e-11,1,587.1313612262242,589.0104421655129,580.9289992919579,571.9640124536184,,,,,,,,,200000000.0,1592,,,,0.0,,0.8939234780373237,3.4491123149024125,9.049027285639676,16.772083055106265,29.42281852251171,,,,,,,,,,,BE,,,0.0,,44.64308911186085,33.26436884747663,17.457156168749112,7.175388374239473,1.6723309502833188,49.4823608670926,44.639058563203655,33.258670054149135,,,,226.05530317077034,210.41204852021525,15.643254650555093,,,,,,,,,,4501252.062061655,-16.78021363186414,g3_be_s00_pos1_tap0_dc_mc48_ac_bipolar_a0_f0_sec0,,,,0,ac,,,48,,1862092.524743876,,,,,,,1000.0,0.0,bipolar,,0.0,,,,0.005,0,20261003,,,,,,0,,,G3,,
8.373948232281537e-11,8.103521061065133e-11,1.19473987752472e-10,4.853556027174106e-11,1,588.0754009589768,588.9290273320249,575.0689108920014,575.8645183994543,,,,,,,,,200000000.0,1592,,,,0.0,,0.9069578438241315,3.5919693295353423,9.615435933040946,17.67294385520364,30.47129985635211,,,,,,,,,,,BE,,,0.0,,44.57615116296792,32.72169911334691,16.35518163980749,6.468491303093675,1.4821738663771087,49.482366277202516,44.57212665812042,32.716159502706724,,,,230.5428260662705,216.0105779071368,14.532248159133701,,,,,,,,,,4501252.062061655,-17.681280943879564,g3_be_s00_pos1_tap0_dc_mc49_ac_bipolar_a0_f0_sec0,,,,0,ac,,,49,,1828131.1836044902,,,,,,,1000.0,0.0,bipolar,,0.0,,,,0.005,0,20261003,,,,,,0,,,G3,,
7.84221560932986e-11,7.874841033044269e-11,1.2087822823494616e-10,4.5657910316816394e-11,1,595.2898779028976,586.1873792417005,570.9517172246165,581.0139043786255,,,,,,,,,200000000.0,1592,,,,0.0,,0.8566620660565698,3.340819702600173,8.962430659583108,16.78386897796563,29.474058770670627,,,,,,,,,,,BE,,,0.0,,44.83499436226434,33.68165186366205,17.632061270087842,7.16565831818161,1.6624946168179828,49.48233928606371,44.83094648793901,33.6759045458912,,,,224.9535835747482,211.83862301665928,13.11496055808891,,,,,,,,,,4501252.062061655,-16.79207132748211,g3_be_s00_pos1_tap0_dc_mc4_ac_bipolar_a0_f0_sec0,,,,0,ac,,,4,,1894398.6339170162,,,,,,,1000.0,0.0,bipolar,,0.0,,,,0.005,0,20261003,,,,,,0,,,G3,,
7.891011629783264e-11,8.049567258757578e-11,1.239517618564272e-10,4.681871934303714e-11,1,584.3880429338575,594.1369867441792,574.1095826500992,572.2879977401678,,,,,,,,,200000000.0,1592,,,,0.0,,0.8896056862401799,3.4539270025599276,9.250095283717059,17.22533391364909,29.995352251645432,,,,,,,,,,,BE,,,0.0,,44.66530527525132,33.24590626186729,17.05772397573466,6.810570349925641,1.565656293946142,49.482381231210546,44.6612727209022,33.24025723437681,,,,227.83249860249825,213.90324190991643,13.929256692581816,,,,,,,,,,4501252.062061655,-17.233640003683288,g3_be_s00_pos1_tap0_dc_mc50_ac_bipolar_a0_f0_sec0,,,,0,ac,,,50,,1862464.209727973,,,,,,,1000.0,0.0,bipolar,,0.0,,,,0.005,0,20261003,,,,,,0,,,G3,,
8.005619120890619e-11,8.558317585175414e-11,1.2195557347686353e-10,4.6253848683434756e-11,1,585.2238726703195,592.7205103196078,579.5381639513248,571.3200066328357,,,,,,,,,200000000.0,1592,,,,0.0,,1.0187786331150779,3.796484800415131,9.711986689782222,17.694494441311154,30.46097156174108,,,,,,,,,,,BE,,,0.0,,44.005958328199824,31.96028060469614,16.17436526671024,6.452460222385252,1.4839366759360828,49.48236116562957,44.00198530227558,31.95482830802473,,,,233.3497557707725,212.93081349009302,20.418942280679488,,,,,,,,,,4501252.062061655,-17.702797088461182,g3_be_s00_pos1_tap0_dc_mc51_ac_bipolar_a0_f0_sec0,,,,0,ac,,,51,,1765887.0747973844,,,,,,,1000.0,0.0,bipolar,,0.0,,,,0.005,0,20261003,,,,,,0,,,G3,,
8.121327506114173e-11,7.868449126315197e-11,1.2074265380407597e-10,4.800439832553251e-11,1,584.6268953370294,586.0575271775681,574.6215981800607,571.2313096478249,,,,,,,,,200000000.0,1592,,,,0.0,,0.8459531835427948,3.380140063237488,9.20159860788178,17.147332746126562,29.877054082836704,,,,,,,,,,,BE,,,0.0,,44.89038176097178,33.52955591095281,17.15325759503552,6.872011170700371,1.5871263260394335,49.482423049882485,44.88632888603737,33.52386634785531,,,,226.3884839999318,214.48074850232067,11.907735497611128,,,,,,,,,,4501252.062061655,-17.155597932133276,g3_be_s00_pos1_tap0_dc_mc52_ac_bipolar_a0_f0_sec0,,,,0,ac,,,52,,1885744.6759645005,,,,,,,1000.0,0.0,bipolar,,0.0,,,,0.005,0,20261003,,,,,,0,,,G3,,
7.897522297662595e-11,7.872908883586792e-11,1.1969613737051449e-10,4.8770873275704006e-11,1,586.3320260674999,592.9958552559033,577.9431595709456,575.6661369704206,,,,,,,,,200000000.0,1592,,,,0.0,,0.8882296110163161,3.5145955965943196,9.445167919914313,17.40896208626213,30.081131342188993,,,,,,,,,,,BE,,,0.0,,44.67234626136058,33.01448010443474,16.678940879662058,6.668094837160587,1.5502678463734583,49.48234163989478,44.66831307163076,33.008874180118745,,,,228.42574980727318,214.57525758994697,13.850492217326206,,,,,,,,,,4501252.062061655,-17.41720715966477,g3_be_s00_pos1_tap0_dc_mc53_ac_bipolar_a0_f0_sec0,,,,0,ac,,,53,,1848342.9848639572,,,,,,,1000.0,0.0,bipolar,,0.0,,,,0.005,0,20261003,,,,,,0,,,G3,,
8.073726546366736e-11,8.054991318000968e-11,1.1619648018628117e-10,4.696742212403557e-11,1,584.2221879691314,592.1071503084218,573.1546356869618,580.9704818441636,,,,,,,,,200000000.0,1592,,,,0.0,,0.9171677802124492,3.562227326016041,9.360303498848038,17.180660778771514,29.80258937614992,,,,,,,,,,,BE,,,0.0,,44.52377306072951,32.83396973795409,16.84267652153724,6.845681491803926,1.6007872442434536,49.48235372096668,44.519753284530296,32.828360941376076,,,,228.2672245235792,212.06972567798553,16.197498845593657,,,,,,,,,,4501252.062061655,-17.188817128231122,g3_be_s00_pos1_tap0_dc_mc54_ac_bipolar_a0_f0_sec0,,,,0,ac,,,54,,1832583.0789271304,,,,,,,1000.0,0.0,bipolar,,0.0,,,,0.005,0,20261003,,,,,,0,,,G3,,
7.865732642123827e-11,8.003318013090487e-11,1.2385799662594058e-10,4.595448362110784e-11,1,595.5976717232578,591.2552932044757,570.4869068481189,580.788578903753,,,,,,,,,200000000.0,1592,,,,0.0,,0.8819396606816174,3.417280994831547,9.157200624544434,17.117657079509097,29.909463423921633,,,,,,,,,,,BE,,,0.0,,44.70468455857232,33.38642353091032,17.241091259869545,6.895514977223182,1.5812129734509495,49.482315933685186,44.70064844916882,33.38074778755165,,,,227.2269872275216,213.55288399129242,13.674103236229172,,,,,,,,,,4501252.062061655,-17.125969080488275,g3_be_s00_pos1_tap0_dc_mc55_ac_bipolar_a0_f0_sec0,,,,0,ac,,,55,,1872323.9494035419,,,,,,,1000.0,0.0,bipolar,,0.0,,,,0.005,0,20261003,,,,,,0,,,G3,,
7.93401461833721e-11,8.315182725845243e-11,1.225155890879379e-10,4.80102948132819e-11,1,585.2745225249531,585.2692463999575,573.895677054649,574.2346669001053,,,,,,,,,200000000.0,1592,,,,0.0,,0.9642129901547428,3.6898036688827482,9.668457758310797,17.69013775916285,30.42365962191195,,,,,,,,,,,BE,,,0.0,,44.283323602538765,32.355254415760335,16.255663498554078,6.455705336691406,1.4903260187367668,49.48241167229128,44.279325535253705,32.34975439457028,,,,231.72961730806622,214.3549259008499,17.374691407216318,,,,,,,,,,4501252.062061655,-17.69844058721225,g3_be_s00_pos1_tap0_dc_mc56_ac_bipolar_a0_f0_sec0,,,,0,ac,,,56,,1798049.5388355115,,,,,,,1000.0,0.0,bipolar,,0.0,,,,0.005,0,20261003,,,,,,0,,,G3,,
8.567341615745338e-11,7.940559488937627e-11,1.153107239911437e-10,4.595056942508223e-11,1,589.8301379327764,585.3126426908658,577.8646303641412,575.1767112926445,,,,,,,,,200000000.0,1592,,,,0.0,,0.8432071117558377,3.369758611316639,9.077832396199327,16.90383063068037,29.63605334340788,,,,,,,,,,,BE,,,0.0,,44.90452398070656,33.56963369955989,17.39937362424559,7.067376085202686,1.6317774799887756,49.48236546010821,44.900469828797156,33.56391684996456,,,,225.59891828960212,212.94494627808524,12.653972011516885,,,,,,,,,,4501252.062061655,-16.912035103275564,g3_be_s00_pos1_tap0_dc_mc57_ac_bipolar_a0_f0_sec0,,,,0,ac,,,57,,1888056.4617702255,,,,,,,1000.0,0.0,bipolar,,0.0,,,,0.005,0,20261003,,,,,,0,,,G3,,
7.817784211591817e-11,8.340016405256382e-11,1.184782946587161e-10,4.542576148268568e-11,1,586.5258798599876,588.9770204176103,572.0297125601123,570.5730157998973,,,,,,,,,200000000.0,1592,,,,0.0,,0.982903619421536,3.665446580062094,9.327184228620855,17.039319157542945,29.616044704705512,,,,,,,,,,,BE,,,0.0,,44.18813786929538,32.446168260588436,16.90701459292316,6.957995476898423,1.6355398515799557,49.48241431865771,44.184148395552135,32.440588711959116,,,,229.2118913703229,209.20638757583527,20.005503794487623,,,,,,,,,,4501252.062061655,-17.047416003037625,g3_be_s00_pos1_tap0_dc_mc58_ac_bipolar_a0_f0_sec0,,,,0,ac,,,58,,1798622.1998230456,,,,,,,1000.0,0.0,bipolar,,0.0,,,,0.005,0,20261003,,,,,,0,,,G3,,
8.39018546432234e-11,8.027752039040902e-11,1.2478764993961348e-10,4.769651868327275e-11,1,590.4740157607652,588.8370030701635,572.4483892851039,581.3207389124447,,,,,,,,,200000000.0,1592,,,,0.0,,0.8504365485726498,3.416268461928279,9.413833082993387,17.610190544471422,30.569453253878706,,,,,,,,,,,BE,,,0.0,,44.86714259731516,33.39028266275703,16.73918774849879,6.515392753064906,1.465520840995744,49.48234118135841,44.86309182039407,33.38466549269416,,,,229.02316043122684,218.08892459155757,10.93423583966927,,,,,,,,,,4501252.062061655,-17.618671130625618,g3_be_s00_pos1_tap0_dc_mc59_ac_bipolar_a0_f0_sec0,,,,0,ac,,,59,,1876819.9526405127,,,,,,,1000.0,0.0,bipolar,,0.0,,,,0.005,0,20261003,,,,,,0,,,G3,,
8.411887987369962e-11,8.39530024279236e-11,1.2393515991286618e-10,4.567936780372741e-11,1,592.3634139490989,585.4962294320713,578.3811783256922,574.2966399621971,,,,,,,,,200000000.0,1592,,,,0.0,,0.9271468054676757,3.569780426682167,9.46004132783516,17.55673199056657,30.500848165798025,,,,,,,,,,,BE,,,0.0,,44.472649609296354,32.80538307717566,16.65035185062319,6.555615424784578,1.4771420066827994,49.4823532176851,44.46863444872362,32.79982581621816,,,,230.85204712038706,215.38045717053592,15.471589949851136,,,,,,,,,,4501252.062061655,-17.565166368874767,g3_be_s00_pos1_tap0_dc_mc5_ac_bipolar_a0_f0_sec0,,,,0,ac,,,5,,1829900.316925318,,,,,,,1000.0,0.0,bipolar,,0.0,,,,0.005,0,20261003,,,,,,0,,,G3,,
8.455300628792017e-11,7.796753004858536e-11,1.2204477924289753e-10,4.838257304925878e-11,1,585.6159000982216,593.6448074148794,574.3134849185408,580.5469918114151,,,,,,,,,200000000.0,1592,,,,0.0,,0.809525172013785,3.3269637827445813,9.295226483628772,17.433656329470104,30.339075969947434,,,,,,,,,,,BE,,,0.0,,45.07896520367012,33.735353483482,16.969329196902756,6.649165932072824,1.5049099919791362,49.48233632224333,45.07489530266491,33.72967792327607,,,,227.14124718360495,217.14420054066986,9.99704664293509,,,,,,,,,,4501252.062061655,-17.442081793184286,g3_be_s00_pos1_tap0_dc_mc60_ac_bipolar_a0_f0_sec0,,,,0,ac,,,60,,1903192.9194673302,,,,,,,1000.0,0.0,bipolar,,0.0,,,,0.005,0,20261003,,,,,,0,,,G3,,
7.950639268784428e-11,7.833604926103231e-11,1.1697342502149244e-10,4.705603840777569e-11,1,590.6380170508613,594.9282026644551,574.6575127902302,572.2391594926772,,,,,,,,,200000000.0,1592,,,,0.0,,0.8787942767467619,3.4465168859476862,9.16178076187855,16.941027106989935,29.544809669771496,,,,,,,,,,,BE,,,0.0,,44.72090159877137,33.27428766826654,17.232038556134867,7.037172651550627,1.649006541099602,49.48234403034049,44.71686402516094,33.26860247279267,,,,226.1545789857257,211.7048502868253,14.449728698900401,,,,,,,,,,4501252.062061655,-16.949159400245623,g3_be_s00_pos1_tap0_dc_mc61_ac_bipolar_a0_f0_sec0,,,,0,ac,,,61,,1865007.029438346,,,,,,,1000.0,0.0,bipolar,,0.0,,,,0.005,0,20261003,,,,,,0,,,G3,,
7.830965130933401e-11,8.173356796911594e-11,1.2270783639088174e-10,4.76645237691928e-11,1,595.801263560353,595.0285276975562,572.5722690601032,572.7393417927674,,,,,,,,,200000000.0,1592,,,,0.0,,0.9588017135084024,3.664994159082081,9.601084156743402,17.60343359402092,30.344457024796135,,,,,,,,,,,BE,,,0.0,,44.31084317981809,32.4477473597059,16.382202534396846,6.520458037166306,1.503975177414863,49.482325280567636,44.30684262781524,32.44222820279368,,,,231.24822050476317,214.0060917805662,17.24212872419696,,,,,,,,,,4501252.062061655,-17.61173237469538,g3_be_s00_pos1_tap0_dc_mc62_ac_bipolar_a0_f0_sec0,,,,0,ac,,,62,,1804093.4344618246,,,,,,,1000.0,0.0,bipolar,,0.0,,,,0.005,0,20261003,,,,,,0,,,G3,,
8.379305307292645e-11,7.916417382756775e-11,1.1453315342383051e-10,4.681658416397009e-11,1,587.3381949625059,595.0313854312035,571.8905339508884,578.9134468611744,,,,,,,,,200000000.0,1592,,,,0.0,,0.8739356997005749,3.4642415315060022,9.230173001190376,17.040107406707122,29.703214057760743,,,,,,,,,,,BE,,,0.0,,44.74592075306496,33.20644728714984,17.096888697261864,6.957355123850493,1.6192071028528094,49.48234057820034,44.74188092049748,33.20078386804761,,,,226.79429272749093,212.5829784412747,14.211314286216236,,,,,,,,,,4501252.062061655,-17.04827157642165,g3_be_s00_pos1_tap0_dc_mc63_ac_bipolar_a0_f0_sec0,,,,0,ac,,,63,,1861210.9201208618,,,,,,,1000.0,0.0,bipolar,,0.0,,,,0.005,0,20261003,,,,,,0,,,G3,,
8.282777672617592e-11,8.535423070082692e-11,1.2595224806074465e-10,4.4970848190308965e-11,1,594.4385841826393,586.2334930525801,570.2566046996244,573.1773041610107,,,,,,,,,200000000.0,1592,,,,0.0,,0.9632839967242728,3.6240735630098335,9.43917737682189,17.49394377380132,30.4363911709136,,,,,,,,,,,BE,,,0.0,,44.288036062545906,32.60100204029144,16.69038635908335,6.603179246695245,1.4881453104179558,49.482384761200684,44.28403756977084,32.59546119292609,,,,231.49084356337633,213.9802971019065,17.51054646146983,,,,,,,,,,4501252.062061655,-17.502365211710433,g3_be_s00_pos1_tap0_dc_mc64_ac_bipolar_a0_f0_sec0,,,,0,ac,,,64,,1811801.8626379678,,,,,,,1000.0,0.0,bipolar,,0.0,,,,0.005,0,20261003,,,,,,0,,,G3,,
7.823904048147027e-11,7.79744740903884e-11,1.2120703043621265e-10,4.6584360603109526e-11,1,595.4774472248359,591.6579513628784,572.1329904580174,572.7058813254057,,,,,,,,,200000000.0,1592,,,,0.0,,0.8536554475370688,3.3503287575416487,9.021154389430691,16.865007811068892,29.549276166447793,,,,,,,,,,,BE,,,0.0,,44.850523286712175,33.64479918754776,17.513273337091377,7.099034152963923,1.6481602689965307,49.482346585081295,44.84647401013631,33.63906451131982,,,,225.21112833317395,212.39063536354516,12.820492969628788,,,,,,,,,,4501252.062061655,-16.873214765793723,g3_be_s00_pos1_tap0_dc_mc65_ac_bipolar_a0_f0_sec0,,,,0,ac,,,65,,1892319.3277390865,,,,,,,1000.0,0.0,bipolar,,0.0,,,,0.005,0,20261003,,,,,,0,,,G3,,
8.559087864550417e-11,8.504519580219515e-11,1.246375352135492e-10,4.838408038734446e-11,1,593.9295603956904,591.2914999536607,577.8694178163761,570.723098420093,,,,,,,,,200000000.0,1592,,,,0.0,,0.9793799916216002,3.795337392780793,10.030212294686196,18.324903941283218,31.325510909931054,,,,,,,,,,,BE,,,0.0,,44.205998098586605,31.96442623605412,15.592542749716053,6.000744034117218,1.3433507921335681,49.482336718408185,44.20200701255117,31.95904548932336,,,,235.69502288795022,218.69047876426416,17.00454412368606,,,,,,,,,,4501252.062061655,-18.33343866077833,g3_be_s00_pos1_tap0_dc_mc66_ac_bipolar_a0_f0_sec0,,,,0,ac,,,66,,1774524.2531861858,,,,,,,1000.0,0.0,bipolar,,0.0,,,,0.005,0,20261003,,,,,,0,,,G3,,
8.157084535855028e-11,8.380730054003162e-11,1.1514707693358101e-10,4.7498251270987467e-11,1,586.4308837210571,592.1301204825152,580.0251285073778,579.9154094366086,,,,,,,,,200000000.0,1592,,,,0.0,,1.0100028790597344,3.8401643464874455,9.834087151667637,17.738946799237258,30.380398575538038,,,,,,,,,,,BE,,,0.0,,44.05039943550318,31.799945981869413,15.948611409354433,6.419515000466082,1.4977627742313164,49.482313306281306,44.04642239755682,31.794513965995108,,,,233.19982193919077,212.75151651125742,20.44830542793335,,,,,,,,,,4501252.062061655,-17.747143644998342,g3_be_s00_pos1_tap0_dc_mc67_ac_bipolar_a0_f0_sec0,,,,0,ac,,,67,,1758776.6704890335,,,,,,,1000.0,0.0,bipolar,,0.0,,,,0.005,0,20261003,,,,,,0,,,G3,,
8.01381624825315e-11,8.313414777808395e-11,1.2202332659624626e-10,4.621350879866785e-11,1,584.5820298219038,588.5961078264527,576.6327072586034,572.7557351210961,,,,,,,,,200000000.0,1592,,,,0.0,,0.9455073396217439,3.5999602176499614,9.41550152966466,17.357463806491957,30.112568821843382,,,,,,,,,,,BE,,,0.0,,44.37877631647837,32.691654485092485,16.7359780397689,6.707752760813853,1.5446697719310025,49.482392515525035,44.3747696311107,32.68608310454105,,,,229.93523599077346,212.95303095229838,16.982205038475087,,,,,,,,,,4501252.062061655,-17.365745284672848,g3_be_s00_pos1_tap0_dc_mc68_ac_bipolar_a0_f0_sec0,,,,0,ac,,,68,,1820097.9785507128,,,,,,,1000.0,0.0,bipolar,,0.0,,,,0.005,0,20261003,,,,,,0,,,G3,,
8.582559481264188e-11,7.9436410775681e-11,1.242724746445527e-10,4.530917033982285e-11,1,592.8628440733095,589.5749606625321,572.7293040433035,580.5169761887005,,,,,,,,,200000000.0,1592,,,,0.0,,0.7975962862576433,3.222233679659816,8.968218446223414,17.059966866209844,30.072562094616494,,,,,,,,,,,BE,,,0.0,,45.140910525967605,34.14457637011117,17.62028560772312,6.941469317935934,1.5518027964257188,49.4823286212398,45.13683503209019,34.13881759111573,,,,225.5100974845918,215.51304929881553,9.997048185776265,,,,,,,,,,4501252.062061655,-17.068432166446897,g3_be_s00_pos1_tap0_dc_mc69_ac_bipolar_a0_f0_sec0,,,,0,ac,,,69,,1931674.0884707666,,,,,,,1000.0,0.0,bipolar,,0.0,,,,0.005,0,20261003,,,,,,0,,,G3,,
8.323772497957931e-11,7.951642447328849e-11,1.2147196688274107e-10,4.8856934293179325e-11,1,586.7356557952922,587.218435815246,573.9340737903644,573.4592996814914,,,,,,,,,200000000.0,1592,,,,0.0,,0.8608641377456739,3.4622583022299716,9.449553121894853,17.529478736710633,30.35020249534035,,,,,,,,,,,BE,,,0.0,,44.81336351665983,33.214020147452615,16.670530954970065,6.5762234236676935,1.5029840951869147,49.48239918140277,44.80931759494851,33.2084101660938,,,,228.69006547383867,216.66808563257408,12.021979841264596,,,,,,,,,,4501252.062061655,-17.53783912693852,g3_be_s00_pos1_tap0_dc_mc6_ac_bipolar_a0_f0_sec0,,,,0,ac,,,6,,1864267.8132788844,,,,,,,1000.0,0.0,bipolar,,0.0,,,,0.005,0,20261003,,,,,,0,,,G3,,
8.466021153527034e-11,8.584224194752736e-11,1.1588421932138318e-10,4.652247456363726e-11,1,591.4147906793512,594.9446298381423,577.4416696646093,571.5689466184307,,,,,,,,,200000000.0,1592,,,,0.0,,1.03815200788746,3.9056567016940065,9.886679277838118,17.806085669488766,30.538535182312174,,,,,,,,,,,BE,,,0.0,,43.90788607505886,31.561086470979713,15.852323449998618,6.370087219291325,1.4707428283421649,49.48232861094656,43.90392190366028,31.555693077281305,,,,234.6196856215206,212.6424578899477,21.977227731572896,,,,,,,,,,4501252.062061655,-17.814327055906464,g3_be_s00_pos1_tap0_dc_mc70_ac_bipolar_a0_f0_sec0,,,,0,ac,,,70,,1740501.5206349469,,,,,,,1000.0,0.0,bipolar,,0.0,,,,0.005,0,20261003,,,,,,0,,,G3,,
8.289246983975008e-11,8.4771187171153e-11,1.2532637790104597e-10,4.89899054536864e-11,1,592.9067149079109,587.2584860412844,575.8071295990881,577.8360659146942,,,,,,,,,200000000.0,1592,,,,0.0,,0.987813204121448,3.815332663646161,10.084896696838449,18.382208816252838,31.324276479928386,,,,,,,,,,,BE,,,0.0,,44.16309886626323,31.890929678122884,15.494702822766525,5.961285291593154,1.343540985166532,49.4823366745528,44.15911165334415,31.885560433270108,,,,235.8838805294213,218.6865964308988,17.197284098522516,,,,,,,,,,4501252.062061655,-18.39072006667404,g3_be_s00_pos1_tap0_dc_mc71_ac_bipolar_a0_f0_sec0,,,,0,ac,,,71,,1769498.0396146688,,,,,,,1000.0,0.0,bipolar,,0.0,,,,0.005,0,20261003,,,,,,0,,,G3,,
8.109390546616566e-11,8.315182074431977e-11,1.21790695929131e-10,4.843059910181225e-11,1,595.3215116901805,591.8969554611756,575.484964808466,577.943772565051,,,,,,,,,200000000.0,1592,,,,0.0,,0.9823434464045948,3.7780689501830107,9.896422159220492,18.019314931378055,30.83263298775047,,,,,,,,,,,BE,,,0.0,,44.19088822371614,32.028046701541946,15.834565734297046,6.215614022493551,1.42177904108554,49.48230286830622,44.18689850151231,32.02262089554364,,,,233.9219181669744,216.05705356449482,17.86486460247957,,,,,,,,,,4501252.062061655,-18.027691605851288,g3_be_s00_pos1_tap0_dc_mc72_ac_bipolar_a0_f0_sec0,,,,0,ac,,,72,,1777074.2307047837,,,,,,,1000.0,0.0,bipolar,,0.0,,,,0.005,0,20261003,,,,,,0,,,G3,,
8.36825696971688e-11,8.608719449696819e-11,1.248057151254084e-10,4.769546131682711e-11,1,588.6286821848531,591.1259612218288,573.6747646800717,572.3748558414884,,,,,,,,,200000000.0,1592,,,,0.0,,1.006666662482276,3.824936853663866,9.961808772799456,18.168665823476204,31.104076132764128,,,,,,,,,,,BE,,,0.0,,44.06737821860724,31.855730964641133,15.715820851370818,6.109662621709476,1.3780379263794142,49.48237612605396,44.06339964751922,31.850344045783082,,,,235.52219892200102,216.7772990333514,18.744899888649627,,,,,,,,,,4501252.062061655,-18.177137636208563,g3_be_s00_pos1_tap0_dc_mc73_ac_bipolar_a0_f0_sec0,,,,0,ac,,,73,,1763419.3670662476,,,,,,,1000.0,0.0,bipolar,,0.0,,,,0.005,0,20261003,,,,,,0,,,G3,,
8.588687384482115e-11,8.143512773724288e-11,1.1655137116150678e-10,4.8374232340573403e-11,1,586.3210825370439,589.7863399703256,570.3650878906843,572.60898159233,,,,,,,,,200000000.0,1592,,,,0.0,,0.9146815350938993,3.6192428403960593,9.597197864960616,17.56556032338641,30.3172543432605,,,,,,,,,,,BE,,,0.0,,44.53657005847488,32.619161344337336,16.389569160923134,6.548961064529735,1.5086953241864303,49.482410061414875,44.532549127112894,32.61362208477676,,,,230.34262332424845,214.83242742067029,15.510195903578165,,,,,,,,,,4501252.062061655,-17.573830801012384,g3_be_s00_pos1_tap0_dc_mc74_ac_bipolar_a0_f0_sec0,,,,0,ac,,,74,,1820524.7389183077,,,,,,,1000.0,0.0,bipolar,,0.0,,,,0.005,0,20261003,,,,,,0,,,G3,,
8.244670246472787e-11,8.532937706190372e-11,1.2272632224313421e-10,4.8870036225344436e-11,1,586.9459551988972,590.1557926257368,574.5838796829391,573.6224124234652,,,,,,,,,200000000.0,1592,,,,0.0,,1.015638735378113,3.8759583496995673,10.071396507732919,18.24312806185703,31.0856931798651,,,,,,,,,,,BE,,,0.0,,44.0218845563955,31.669168986113625,15.518814171546014,6.057509897729776,1.3809563231707374,49.48237854223836,44.01791009279653,31.66380775284126,,,,235.85033757088817,216.56548693855584,19.284850632332336,,,,,,,,,,4501252.062061655,-18.25153763099623,g3_be_s00_pos1_tap0_dc_mc75_ac_bipolar_a0_f0_sec0,,,,0,ac,,,75,,1752112.6492060397,,,,,,,1000.0,0.0,bipolar,,0.0,,,,0.005,0,20261003,,,,,,0,,,G3,,
7.977238672504444e-11,7.85499541574007e-11,1.2091345870098764e-10,4.91436907050508e-11,1,592.3531242850062,589.6097293317674,580.4602979063652,580.6917885775923,,,,,,,,,200000000.0,1592,,,,0.0,,0.8777303069105188,3.51116342604008,9.545943832267584,17.624941802879412,30.379136735552294,,,,,,,,,,,BE,,,0.0,,44.72633237738698,33.02747168686651,16.486543046474658,6.504329197415039,1.4979815802206315,49.48229136687626,44.72229431317341,33.021889544107985,,,,229.25388730000583,216.5409073769587,12.71297992304713,,,,,,,,,,4501252.062061655,-17.63327334763419,g3_be_s00_pos1_tap0_dc_mc76_ac_bipolar_a0_f0_sec0,,,,0,ac,,,76,,1850906.0095488734,,,,,,,1000.0,0.0,bipolar,,0.0,,,,0.005,0,20261003,,,,,,0,,,G3,,
8.375088584069021e-11,8.486351394340402e-11,1.1811570049355316e-10,4.8272626339092923e-11,1,595.4917528429565,589.1767267780896,573.2228896079743,575.5049173703529,,,,,,,,,200000000.0,1592,,,,0.0,,1.0230744395186213,3.9003302062322507,10.021202724217623,18.06747561033216,30.838246490932935,,,,,,,,,,,BE,,,0.0,,43.98417939929449,31.580430586961587,15.608732691417886,6.181248419922047,1.420860801789047,49.48233849505524,43.98020833972972,31.575060764322856,,,,235.30656068974335,214.8323808542289,20.474179835514462,,,,,,,,,,4501252.062061655,-18.075791196623086,g3_be_s00_pos1_tap0_dc_mc77_ac_bipolar_a0_f0_sec0,,,,0,ac,,,77,,1745306.6062190474,,,,,,,1000.0,0.0,bipolar,,0.0,,,,0.005,0,20261003,,,,,,0,,,G3,,
8.369483360877681e-11,8.042202227294706e-11,1.2346607915959417e-10,4.5433240396292216e-11,1,593.9957637044155,586.2199799402109,578.5971072420947,572.3982279915425,,,,,,,,,200000000.0,1592,,,,0.0,,0.8419198120597604,3.3290983751088596,9.066213937548875,17.084871416999427,30.00329825966697,,,,,,,,,,,BE,,,0.0,,44.91116596224166,33.72710240344661,17.422631878948835,6.921596919363493,1.564225950183665,49.482350448189564,44.90711121055372,33.72139003984299,,,,226.5237146685298,214.93241990362492,11.591294764904887,,,,,,,,,,4501252.062061655,-17.093261997561136,g3_be_s00_pos1_tap0_dc_mc78_ac_bipolar_a0_f0_sec0,,,,0,ac,,,78,,1899123.9130395928,,,,,,,1000.0,0.0,bipolar,,0.0,,,,0.005,0,20261003,,,,,,0,,,G3,,
8.206690926988153e-11,7.921643565752342e-11,1.2412636879765751e-10,4.511332790549304e-11,1,584.1569078693485,589.7415237368364,575.7210732210116,580.7483547191267,,,,,,,,,200000000.0,1592,,,,0.0,,0.8082193729397664,3.215457573042971,8.86904098636713,16.85625867291609,29.745903999347263,,,,,,,,,,,BE,,,0.0,,45.08575954610664,34.17126421113474,17.822637552335344,7.106191821894865,1.611272698431027,49.48235482230355,45.08168903160117,34.165475081563415,,,,224.4754925916229,214.4784422564161,9.997050335206808,,,,,,,,,,4501252.062061655,-16.864628188533747,g3_be_s00_pos1_tap0_dc_mc79_ac_bipolar_a0_f0_sec0,,,,0,ac,,,79,,1932833.8027736098,,,,,,,1000.0,0.0,bipolar,,0.0,,,,0.005,0,20261003,,,,,,0,,,G3,,
8.358891277128369e-11,8.007901564314172e-11,1.1580685437571098e-10,4.46909351482985e-11,1,585.8495618742588,587.8100784124424,579.1874969836397,571.1890557041614,,,,,,,,,200000000.0,1592,,,,0.0,,0.8591042272617642,3.3636045574375286,8.926484025333398,16.63367086242998,29.303974560112895,,,,,,,,,,,BE,,,0.0,,44.82243231007857,33.593463895578346,17.705187045126873,7.290648820039792,1.695370753722038,49.482385841393466,44.81838556983901,33.58771407658567,,,,224.6870844846451,210.6513817477595,14.03570273688561,,,,,,,,,,4501252.062061655,-16.641799869394067,g3_be_s00_pos1_tap0_dc_mc7_ac_bipolar_a0_f0_sec0,,,,0,ac,,,7,,1887672.445852149,,,,,,,1000.0,0.0,bipolar,,0.0,,,,0.005,0,20261003,,,,,,0,,,G3,,
8.265945877334279e-11,8.112606684072182e-11,1.1665463808179698e-10,4.611194523246788e-11,1,591.3983178189544,584.9695111264409,570.5611211192261,575.2233994538163,,,,,,,,,200000000.0,1592,,,,0.0,,0.9066768810366216,3.5184105563390826,9.23895268953551,17.029041749398026,29.694908568780114,,,,,,,,,,,BE,,,0.0,,44.57761884347921,33.00004978235258,17.07962298765073,6.966231511008328,1.6207579558537744,49.48239486088649,44.573594205736256,32.99440862850631,,,,227.55255948365942,211.6051755674001,15.947383916259326,,,,,,,,,,4501252.062061655,-17.037203952152908,g3_be_s00_pos1_tap0_dc_mc80_ac_bipolar_a0_f0_sec0,,,,0,ac,,,80,,1843901.4664207809,,,,,,,1000.0,0.0,bipolar,,0.0,,,,0.005,0,20261003,,,,,,0,,,G3,,
8.366022554769071e-11,8.55399989540265e-11,1.1612582403517128e-10,4.534562710875011e-11,1,594.3199855536681,586.4218647093718,576.1630876761426,576.0861461867582,,,,,,,,,200000000.0,1592,,,,0.0,,1.0157867695880587,3.8076680091799595,9.648107285296714,17.487674828315534,30.19495777619859,,,,,,,,,,,BE,,,0.0,,44.02110045249533,31.91916687111131,16.293739525333706,6.607936737791617,1.5300848577470354,49.48234050105623,44.017126059325065,31.913699577908968,,,,232.56801839035148,211.33086671539274,21.23715167495874,,,,,,,,,,4501252.062061655,-17.4958747524399,g3_be_s00_pos1_tap0_dc_mc81_ac_bipolar_a0_f0_sec0,,,,0,ac,,,81,,1763290.2585497624,,,,,,,1000.0,0.0,bipolar,,0.0,,,,0.005,0,20261003,,,,,,0,,,G3,,
8.509278915163474e-11,8.36900518859287e-11,1.2558301186627243e-10,4.525795568231146e-11,1,589.6152648487415,584.5959956664196,576.3531831301889,576.7749110329173,,,,,,,,,200000000.0,1592,,,,0.0,,0.894837287615846,3.4750214968535733,9.331455408408702,17.469579722235995,30.480696590273944,,,,,,,,,,,BE,,,0.0,,44.638400190140565,33.165226924699084,16.898660793400932,6.621726695530693,1.4805744608133562,49.48236924960887,44.63437006505826,33.15962159188512,,,,229.76281649637943,216.07526685583593,13.687549640543494,,,,,,,,,,4501252.062061655,-17.478066504253164,g3_be_s00_pos1_tap0_dc_mc82_ac_bipolar_a0_f0_sec0,,,,0,ac,,,82,,1856641.6980376537,,,,,,,1000.0,0.0,bipolar,,0.0,,,,0.005,0,20261003,,,,,,0,,,G3,,
8.491191233374338e-11,8.247821713701206e-11,1.2329351492997178e-10,4.5779844203175976e-11,1,592.5037676338649,584.2163611379216,572.6788170605946,571.4977385168918,,,,,,,,,200000000.0,1592,,,,0.0,,0.886626245870003,3.462039125266318,9.270713636440515,17.303964595772833,30.225458229837127,,,,,,,,,,,BE,,,0.0,,44.68064705620064,33.21487207746371,17.017263694932723,6.749197408106944,1.524726651638703,49.48240119498741,44.676613116793405,33.209241744496,,,,228.71818228299009,214.89981171921642,13.81837056377367,,,,,,,,,,4501252.062061655,-17.31235904119687,g3_be_s00_pos1_tap0_dc_mc83_ac_bipolar_a0_f0_sec0,,,,0,ac,,,83,,1860564.149948641,,,,,,,1000.0,0.0,bipolar,,0.0,,,,0.005,0,20261003,,,,,,0,,,G3,,
8.49378485290744e-11,7.905392220688018e-11,1.2464599957890693e-10,4.898702308348424e-11,1,588.5272989386369,594.0541999501315,579.6642262235571,576.3264497249845,,,,,,,,,200000000.0,1592,,,,0.0,,0.8296724662344868,3.40653938652736,9.529360842435054,17.81160525873608,30.80482488202383,,,,,,,,,,,BE,,,0.0,,44.9745036551503,33.427665105116944,16.518039101688974,6.36604597468902,1.4263411172997418,49.482314178278585,44.97044318550898,33.42206722077353,,,,229.45340338890895,219.456356288783,9.99704710012594,,,,,,,,,,4501252.062061655,-17.820132790623,g3_be_s00_pos1_tap0_dc_mc84_ac_bipolar_a0_f0_sec0,,,,0,ac,,,84,,1881741.5064623908,,,,,,,1000.0,0.0,bipolar,,0.0,,,,0.005,0,20261003,,,,,,0,,,G3,,
8.129521224803813e-11,8.382453554109225e-11,1.198998323052075e-10,4.839870194094726e-11,1,588.8033871193956,584.8199289735466,573.0188339254919,578.6204540409162,,,,,,,,,200000000.0,1592,,,,0.0,,0.9897664162213738,3.7913636138000766,9.856106568156951,17.890537398911583,30.62600588414326,,,,,,,,,,,BE,,,0.0,,44.15320665502564,31.979128395202377,15.908255805106485,6.30846151508373,1.4560079000800428,49.48237893612111,44.14922033515135,31.973692856376616,,,,233.41057857074807,214.71756508488912,18.693013485858955,,,,,,,,,,4501252.062061655,-17.89883869982524,g3_be_s00_pos1_tap0_dc_mc85_ac_bipolar_a0_f0_sec0,,,,0,ac,,,85,,1772733.6366535262,,,,,,,1000.0,0.0,bipolar,,0.0,,,,0.005,0,20261003,,,,,,0,,,G3,,
8.517231164145436e-11,8.269402711271966e-11,1.2468897376725402e-10,4.881499475142846e-11,1,586.2670087166888,587.4422933349999,581.5627759034403,580.0959873924737,,,,,,,,,200000000.0,1592,,,,0.0,,0.9071544252054234,3.619518530407065,9.855777403187906,18.184154996075733,31.182525392520756,,,,,,,,,,,BE,,,0.0,,44.575109200275236,32.61800774335772,15.908844040829234,6.098773909257629,1.3656475297156212,49.482329516871225,44.57108478944736,32.612539160522324,,,,233.09337004736557,220.03091499095012,13.062455056415445,,,,,,,,,,4501252.062061655,-18.192704108669318,g3_be_s00_pos1_tap0_dc_mc86_ac_bipolar_a0_f0_sec0,,,,0,ac,,,86,,1823102.9776142747,,,,,,,1000.0,0.0,bipolar,,0.0,,,,0.005,0,20261003,,,,,,0,,,G3,,
8.534051771924791e-11,8.131211703904352e-11,1.1942718800895956e-10,4.791648701251174e-11,1,595.6475933501048,592.5752315750557,577.7544125115081,572.8385083024676,,,,,,,,,200000000.0,1592,,,,0.0,,0.9099089838609781,3.603146316167563,9.634136280213811,17.72334055019971,30.589584682137332,,,,,,,,,,,BE,,,0.0,,44.560959950342365,32.679579323413364,16.31998037657484,6.431062187398276,1.4621258547610205,49.48231244453385,44.55693681669654,32.67405247090393,,,,231.08587480321313,216.43295541108242,14.652919392130713,,,,,,,,,,4501252.062061655,-17.73172089645182,g3_be_s00_pos1_tap0_dc_mc87_ac_bipolar_a0_f0_sec0,,,,0,ac,,,87,,1825116.5283307193,,,,,,,1000.0,0.0,bipolar,,0.0,,,,0.005,0,20261003,,,,,,0,,,G3,,
7.891389469589526e-11,7.796435448388838e-11,1.2498300369954835e-10,4.64652407050259e-11,1,595.1185387558382,588.0099087830974,575.041960874366,577.2607511496507,,,,,,,,,200000000.0,1592,,,,0.0,,0.8206477252129971,3.2625663327182357,8.993636968936777,16.99736311809266,29.819065066498705,,,,,,,,,,,BE,,,0.0,,45.02127108982788,33.986419747531414,17.568829384934947,6.9916804595628985,1.5977562600358581,49.48232969123159,45.01720639779716,33.98066347319094,,,,225.10947364718595,214.80645761851602,10.30301602866993,,,,,,,,,,4501252.062061655,-17.005708753036235,g3_be_s00_pos1_tap0_dc_mc88_ac_bipolar_a0_f0_sec0,,,,0,ac,,,88,,1919069.5640341316,,,,,,,1000.0,0.0,bipolar,,0.0,,,,0.005,0,20261003,,,,,,0,,,G3,,
8.183253655974007e-11,8.589958537086376e-11,1.2413085546611464e-10,4.82313877543123e-11,1,587.7874980213581,584.1476835200377,574.2543260846296,571.8396879622126,,,,,,,,,200000000.0,1592,,,,0.0,,1.0134912692191744,3.8403396304090855,9.968120368710261,18.12222769077098,30.970385215314472,,,,,,,,,,,BE,,,0.0,,44.03280174060402,31.79932715403104,15.704429300865339,6.142418869255797,1.3994121913740927,49.48241454297371,44.028826291086055,31.79393868989315,,,,235.22125611414742,215.9917066131317,19.229549501015725,,,,,,,,,,4501252.062061655,-18.130637233910424,g3_be_s00_pos1_tap0_dc_mc89_ac_bipolar_a0_f0_sec0,,,,0,ac,,,89,,1759184.02155893,,,,,,,1000.0,0.0,bipolar,,0.0,,,,0.005,0,20261003,,,,,,0,,,G3,,
8.439481389788956e-11,8.221078054201634e-11,1.171097504175901e-10,4.726969139730652e-11,1,592.6909298089355,584.203612389118,581.2817765424043,575.7824374034794,,,,,,,,,200000000.0,1592,,,,0.0,,0.9308055863240966,3.6379004626005385,9.595402634530515,17.576761793792766,30.345494888118004,,,,,,,,,,,BE,,,0.0,,44.45390504041644,32.54912240050052,16.392925029839397,6.540511467835222,1.5037961342130242,49.48233632196138,44.44989157243378,32.543592145936,,,,230.76865747341014,214.56258798587388,16.20606948753627,,,,,,,,,,4501252.062061655,-17.585051007852357,g3_be_s00_pos1_tap0_dc_mc8_ac_bipolar_a0_f0_sec0,,,,0,ac,,,8,,1814028.9118973548,,,,,,,1000.0,0.0,bipolar,,0.0,,,,0.005,0,20261003,,,,,,0,,,G3,,
8.268641980306502e-11,8.214287529553155e-11,1.164657859487056e-10,4.844788810264034e-11,1,588.8861435643131,595.1321121248802,573.826100515895,573.774716428463,,,,,,,,,200000000.0,1592,,,,0.0,,0.969147657778649,3.753187445511346,9.766677023136191,17.714882668566936,30.402253965017675,,,,,,,,,,,BE,,,0.0,,44.258115040956355,32.119981076725814,16.072876026533955,6.437329918026691,1.494000590870761,49.482347651913265,44.25411924938684,32.11451136414802,,,,232.16981184198772,213.931436071766,18.238375770221722,,,,,,,,,,4501252.062061655,-17.723117330497082,g3_be_s00_pos1_tap0_dc_mc90_ac_bipolar_a0_f0_sec0,,,,0,ac,,,90,,1783551.56971109,,,,,,,1000.0,0.0,bipolar,,0.0,,,,0.005,0,20261003,,,,,,0,,,G3,,
8.300409107593652e-11,8.240643653023097e-11,1.1942628327771796e-10,4.8756436390379424e-11,1,591.7559719035919,591.5809173173432,578.7772415811895,573.2222922323735,,,,,,,,,200000000.0,1592,,,,0.0,,0.9593362442136922,3.7391759680900822,9.845861105170593,17.93070778614114,30.722989237241723,,,,,,,,,,,BE,,,0.0,,44.308119990892756,32.17179889859034,15.927016390914279,6.279348033123614,1.4398405458970722,49.482329325423,44.304119684796504,32.166347865479004,,,,233.0071833344622,215.99520709280304,17.01197624165917,,,,,,,,,,4501252.062061655,-17.93905277657304,g3_be_s00_pos1_tap0_dc_mc91_ac_bipolar_a0_f0_sec0,,,,0,ac,,,91,,1788678.9407018502,,,,,,,1000.0,0.0,bipolar,,0.0,,,,0.005,0,20261003,,,,,,0,,,G3,,
7.909215926293255e-11,8.124165852030529e-11,1.1421634559168518e-10,4.880113082797991e-11,1,589.6066589311054,586.5837725570553,571.2648155506524,573.404786568515,,,,,,,,,200000000.0,1592,,,,0.0,,0.9790609671528825,3.756858019139188,9.666941469215358,17.444462912530373,29.934392126024864,,,,,,,,,,,BE,,,0.0,,44.20767902467029,32.10647707993457,16.258519579591347,6.640901253194409,1.5766793144542857,49.482400801162306,44.203687786556884,32.10097477097143,,,,230.6944374475718,211.2530783204686,19.441359127103198,,,,,,,,,,4501252.062061655,-17.45253496983308,g3_be_s00_pos1_tap0_dc_mc92_ac_bipolar_a0_f0_sec0,,,,0,ac,,,92,,1780699.2590950746,,,,,,,1000.0,0.0,bipolar,,0.0,,,,0.005,0,20261003,,,,,,0,,,G3,,
8.425095794591918e-11,8.201840304545561e-11,1.158000836876328e-10,4.5821536723464447e-11,1,589.2803666334249,587.8758074209567,578.5362002919065,572.3933066284152,,,,,,,,,200000000.0,1592,,,,0.0,,0.9196299850693261,3.5653860868055722,9.330523765476288,17.153045117412272,29.857044384607363,,,,,,,,,,,BE,,,0.0,,44.51116414765792,32.82203755691972,16.90050207288571,6.8674818073600905,1.590784362733785,49.482365430289285,44.507145510044126,32.81643148199809,,,,228.5886022449365,212.08016052772066,16.508441717215845,,,,,,,,,,4501252.062061655,-17.161235995522368,g3_be_s00_pos1_tap0_dc_mc93_ac_bipolar_a0_f0_sec0,,,,0,ac,,,93,,1831170.7456502267,,,,,,,1000.0,0.0,bipolar,,0.0,,,,0.005,0,20261003,,,,,,0,,,G3,,
8.420772384708634e-11,8.290944876128104e-11,1.1643659758491294e-10,4.8308920518765464e-11,1,592.0158271856565,587.1236097307144,577.1052891209656,571.6323824968808,,,,,,,,,200000000.0,1592,,,,0.0,,0.9693637411014376,3.7609580931003053,9.797047069900236,17.774299573324615,30.498912689199077,,,,,,,,,,,BE,,,0.0,,44.25703058671415,32.09126566897722,16.01678139791745,6.3934477063308615,1.4774683298970386,49.48236617136585,44.253034893006735,32.08580667598618,,,,232.55832076926342,214.40216449610065,18.156156273162765,,,,,,,,,,4501252.062061655,-17.782562614455873,g3_be_s00_pos1_tap0_dc_mc94_ac_bipolar_a0_f0_sec0,,,,0,ac,,,94,,1781972.459566472,,,,,,,1000.0,0.0,bipolar,,0.0,,,,0.005,0,20261003,,,,,,0,,,G3,,
8.126438034104825e-11,7.929719781195178e-11,1.1570856993202219e-10,4.859245182935415e-11,1,585.7522617345319,593.3420134728269,573.4626890841238,575.7810094263979,,,,,,,,,200000000.0,1592,,,,0.0,,0.9056997485654714,3.5721815259764966,9.469899352678684,17.33742054297695,29.953307369976628,,,,,,,,,,,BE,,,0.0,,44.58260641857529,32.79636073007432,16.63152634551544,6.723244232399452,1.5732503264978488,49.48236430061832,44.57858133091679,32.79077217118326,,,,228.64457955970914,213.27616908467215,15.368410475036995,,,,,,,,,,4501252.062061655,-17.345589837035543,g3_be_s00_pos1_tap0_dc_mc95_ac_bipolar_a0_f0_sec0,,,,0,ac,,,95,,1832241.9740404463,,,,,,,1000.0,0.0,bipolar,,0.0,,,,0.005,0,20261003,,,,,,0,,,G3,,
8.59704082127431e-11,8.363931315025842e-11,1.14792612355126e-10,4.480612863983349e-11,1,591.6303550610388,595.8319610813112,578.5706707260158,574.5464688850133,,,,,,,,,200000000.0,1592,,,,0.0,,0.958009409408863,3.6675975640368965,9.447061394658197,17.266334157495766,30.01101628484859,,,,,,,,,,,BE,,,0.0,,44.31486565656492,32.43803673443392,16.675240967821818,6.778482734654348,1.5628322643648644,49.482303365356884,44.31086474143773,32.432489183548135,,,,230.326055309989,211.7315748348433,18.5944804751457,,,,,,,,,,4501252.062061655,-17.274538001549622,g3_be_s00_pos1_tap0_dc_mc96_ac_bipolar_a0_f0_sec0,,,,0,ac,,,96,,1802222.9191669503,,,,,,,1000.0,0.0,bipolar,,0.0,,,,0.005,0,20261003,,,,,,0,,,G3,,
8.59972935477839e-11,8.484422509022244e-11,1.1598139580750422e-10,4.892391282032236e-11,1,585.6234341338202,587.7210217259901,577.3873691309332,579.3732857007031,,,,,,,,,200000000.0,1592,,,,0.0,,1.0078289903636097,3.900192346764386,10.09844300100258,18.1771048106651,30.95041355561855,,,,,,,,,,,BE,,,0.0,,44.06146272177217,31.580934884807462,15.47056892527018,6.103724720225123,1.4026307666551459,49.482354917166205,44.05748468483611,31.57557634865585,,,,235.45412652071772,215.84746090964975,19.606665611067967,,,,,,,,,,4501252.062061655,-18.185430145586313,g3_be_s00_pos1_tap0_dc_mc97_ac_bipolar_a0_f0_sec0,,,,0,ac,,,97,,1748473.241127893,,,,,,,1000.0,0.0,bipolar,,0.0,,,,0.005,0,20261003,,,,,,0,,,G3,,
8.198899795693796e-11,8.093243264850373e-11,1.2359357942160909e-10,4.6590502999583925e-11,1,586.356992448774,593.526891073992,572.693814055426,580.44888247771,,,,,,,,,200000000.0,1592,,,,0.0,,0.8780329984016919,3.44745719144257,9.311967293259245,17.376602029487888,30.250884636667752,,,,,,,,,,,BE,,,0.0,,44.72481882480225,33.27063289335818,16.93663485805336,6.692984635611721,1.520267338813452,49.48234123421071,44.72078089766386,33.26500126770479,,,,228.53523348365135,215.51946544907727,13.01576803457408,,,,,,,,,,4501252.062061655,-17.38499064686884,g3_be_s00_pos1_tap0_dc_mc98_ac_bipolar_a0_f0_sec0,,,,0,ac,,,98,,1865550.71372346,,,,,,,1000.0,0.0,bipolar,,0.0,,,,0.005,0,20261003,,,,,,0,,,G3,,
7.848948196370031e-11,8.171912938392655e-11,1.1799606330876997e-10,4.709976183240228e-11,1,591.1586358415224,591.3191051244048,573.111996542267,575.4319227284924,,,,,,,,,200000000.0,1592,,,,0.0,,0.9648994157649372,3.673329533571107,9.501496345797234,17.332274460471176,29.93826150655333,,,,,,,,,,,BE,,,0.0,,44.27976946060713,32.416671338288026,16.57111571505043,6.727226179431965,1.5759773134819135,49.48235057627707,44.27577171420925,32.41112494402246,,,,230.0368191521149,211.57078334272734,18.466035809387563,,,,,,,,,,4501252.062061655,-17.34043204577985,g3_be_s00_pos1_tap0_dc_mc99_ac_bipolar_a0_f0_sec0,,,,0,ac,,,99,,1800596.3516611943,,,,,,,1000.0,0.0,bipolar,,0.0,,,,0.005,0,20261003,,,,,,0,,,G3,,
8.318623498395222e-11,7.842798262816474e-11,1.1470094914473809e-10,4.7933040223910534e-11,1,584.3393682216985,586.873572233667,577.5078043149055,577.7203530828275,,,,,,,,,200000000.0,1592,,,,0.0,,0.8574165869766786,3.438130168420865,9.262299072393946,17.111912143484915,29.75501356382686,,,,,,,,,,,BE,,,0.0,,44.83113128724208,33.30643439087093,17.033800388647904,6.900083075819835,1.6095803639961812,49.4823740059926,44.8270837614088,33.300765439484934,,,,226.52553422178008,213.45645228440927,13.069081937370811,,,,,,,,,,4501252.062061655,-17.12008539810489,g3_be_s00_pos1_tap0_dc_mc9_ac_bipolar_a0_f0_sec0,,,,0,ac,,,9,,1869784.1899756729,,,,,,,1000.0,0.0,bipolar,,0.0,,,,0.005,0,20261003,,,,,,0,,,G3,,
5.505784753957802e-11,4.7684569041294606e-11,3.8259277614197596e-10,5.6831442679350336e-11,1,1473.7862764060944,1471.4508092319772,515.9488832739593,510.0788089616325,,,,,,,,,200000000.0,1592,,,,0.0,,0.41846220739626866,3.9760589648764406,18.565677242575884,31.018672273533443,46.15709326913904,,,,,,,,,,,BU,,,0.0,,47.14721220218916,31.299671289428794,5.836202194494246,1.3914029755653274,0.2435302853164044,49.47423966100775,47.14295557212691,31.29652925824719,,,,366.3412198908518,273.0613500034895,93.27986988736228,,,,,,,,,,4501252.062061655,-31.0296806175458,g3_bu_s00_pos1_tap0_dc_mc0_ac_bipolar_a0_f0_sec0,,,,0,ac,,,0,,1879471.0427950239,,,,,,,1000.0,0.0,bipolar,,0.0,,,,0.005,0,20261003,,,,,,0,,,G3,,
5.7735425882911546e-11,4.608614232999391e-11,3.9402477890472616e-10,5.6355660330857164e-11,1,1468.9257821535982,1482.6037792628376,514.3666639033828,510.4409048275708,,,,,,,,,200000000.0,1592,,,,0.0,,0.18136492478026575,3.630311356607693,18.562463283872226,31.150406589661316,46.389558430836594,,,,,,,,,,,BU,,,0.0,,48.45188501419578,32.57059535219314,5.838386559485294,1.3704596195741556,0.23709919659274103,49.47421637562183,48.44751059297604,32.56748180337249,,,,376.1805414200359,268.1091112177736,108.07143020226232,,,,,,,,,,4501252.062061655,-31.1615101009724,g3_bu_s00_pos1_tap0_dc_mc100_ac_bipolar_a0_f0_sec0,,,,0,ac,,,100,,1927619.9669576834,,,,,,,1000.0,0.0,bipolar,,0.0,,,,0.005,0,20261003,,,,,,0,,,G3,,
5.49697379482213e-11,4.5282501605585085e-11,4.08291974166388e-10,5.870209024617242e-11,1,1468.9505839849985,1477.8706633211773,507.8225029533995,513.127845300277,,,,,,,,,200000000.0,1592,,,,0.0,,0.07787087462533804,3.8085499194223758,18.925557665445567,31.365194027291814,46.491320285062976,,,,,,,,,,,BU,,,0.0,,49.03269415082078,31.909338755101206,5.599360203971168,1.336986631648703,0.23433753903060103,49.47425923859568,49.028267292190066,31.906182047358904,,,,383.4848812734471,267.67697706986394,115.80790420358318,,,,,,,,,,4501252.062061655,-31.37618565149452,g3_bu_s00_pos1_tap0_dc_mc101_ac_bipolar_a0_f0_sec0,,,,0,ac,,,101,,1914251.8830664514,,,,,,,1000.0,0.0,bipolar,,0.0,,,,0.005,0,20261003,,,,,,0,,,G3,,
5.826203613899634e-11,4.498896216243413e-11,3.7826732307251263e-10,5.446396324526702e-11,1,1471.7062408262418,1483.923575247731,512.5700638502177,514.2663621691092,,,,,,,,,200000000.0,1592,,,,0.0,,0.18399351237685735,3.2255563966767475,17.679035912806764,30.323988225594448,45.62323916283672,,,,,,,,,,,BU,,,0.0,,48.43719480900474,34.12402865384126,6.463413659903052,1.507255557511197,0.25896788233850354,49.47418618418417,48.432821714481314,34.12078969357495,,,,366.7733245958928,263.2411457183237,103.5321788775691,,,,,,,,,,4501252.062061655,-30.335147936783088,g3_bu_s00_pos1_tap0_dc_mc102_ac_bipolar_a0_f0_sec0,,,,0,ac,,,102,,1971777.7258039976,,,,,,,1000.0,0.0,bipolar,,0.0,,,,0.005,0,20261003,,,,,,0,,,G3,,
5.8021954209409335e-11,4.658810239897689e-11,3.9418337247514494e-10,5.372877364813394e-11,1,1464.7083600860553,1482.596964565351,508.2456561685912,510.04735556471786,,,,,,,,,200000000.0,1592,,,,0.0,,0.25103469268262235,3.290491266764326,17.98734337356272,30.661887542711447,45.956132130565635,,,,,,,,,,,BU,,,0.0,,48.06485661925824,33.86986322826291,6.238051089602555,1.4497486914944502,0.24923098184595757,49.47426896418876,48.06051714071736,33.866748145978995,,,,371.59538124737435,266.3182451616286,105.27713608574572,,,,,,,,,,4501252.062061655,-30.673050155212287,g3_bu_s00_pos1_tap0_dc_mc103_ac_bipolar_a0_f0_sec0,,,,0,ac,,,103,,1964230.8623718107,,,,,,,1000.0,0.0,bipolar,,0.0,,,,0.005,0,20261003,,,,,,0,,,G3,,
5.3988312875232485e-11,4.6145680304090616e-11,3.950216571881071e-10,5.878342752005322e-11,1,1460.8691448708048,1474.4859369384603,506.15131346089106,516.0648807466421,,,,,,,,,200000000.0,1592,,,,0.0,,0.23073962092809694,3.9334658389731696,18.74459440322508,31.122141604316916,46.20528949407566,,,,,,,,,,,BU,,,0.0,,48.17733281795619,31.45372865348222,5.717227177400175,1.374928098259601,0.24218293820169853,49.4743086431023,48.17298318425669,31.450545522380363,,,,374.387341005653,269.8118420733919,104.5754989322611,,,,,,,,,,4501252.062061655,-31.133092824662167,g3_bu_s00_pos1_tap0_dc_mc104_ac_bipolar_a0_f0_sec0,,,,0,ac,,,104,,1894585.4867600896,,,,,,,1000.0,0.0,bipolar,,0.0,,,,0.005,0,20261003,,,,,,0,,,G3,,
5.728381445473392e-11,4.7342186635086065e-11,3.889309950403058e-10,5.6997729356557164e-11,1,1466.8828374072632,1483.3757202915806,507.43890664957127,513.8548780798167,,,,,,,,,200000000.0,1592,,,,0.0,,0.32645799871758363,3.91064822285411,18.720920316812514,31.26917037604676,46.47950568750543,,,,,,,,,,,BU,,,0.0,,47.64926687980681,31.53624419780564,5.732836905312329,1.351849017275308,0.23465659036798894,49.474239032874394,47.64496492234053,31.5331450892493,,,,371.29663602654773,272.19478144005495,99.10185458649278,,,,,,,,,,4501252.062061655,-31.28024687351457,g3_bu_s00_pos1_tap0_dc_mc105_ac_bipolar_a0_f0_sec0,,,,0,ac,,,105,,1891427.3369740983,,,,,,,1000.0,0.0,bipolar,,0.0,,,,0.005,0,20261003,,,,,,0,,,G3,,
5.588845624885347e-11,4.540191584783991e-11,3.725605288926097e-10,5.542609145298595e-11,1,1463.512518756289,1462.2385030582134,505.98235443952086,505.9376498601338,,,,,,,,,200000000.0,1592,,,,0.0,,0.297835979917053,3.2701086188267103,17.271431432356863,29.78597513000703,45.001777943335235,,,,,,,,,,,BU,,,0.0,,47.80670341641347,33.9496510959129,6.773939287215883,1.6035748102757508,0.27817644452709844,49.474406867058704,47.80238724482277,33.94628816005252,,,,357.529582454248,263.12574017209323,94.40384228215476,,,,,,,,,,4501252.062061655,-29.797051426741504,g3_bu_s00_pos1_tap0_dc_mc106_ac_bipolar_a0_f0_sec0,,,,0,ac,,,106,,1963913.4303892015,,,,,,,1000.0,0.0,bipolar,,0.0,,,,0.005,0,20261003,,,,,,0,,,G3,,
5.405441684662995e-11,4.715222792080029e-11,3.7105338881235096e-10,5.352446377549867e-11,1,1483.2307387186593,1473.6347631632282,515.4950444199668,509.85764724237697,,,,,,,,,200000000.0,1592,,,,0.0,,0.49624206905055435,3.513188703468521,17.4969819658532,29.994267801747455,45.172041910514686,,,,,,,,,,,BU,,,0.0,,46.7268542654422,33.01256332626072,6.600276662881823,1.5655704639727295,0.2727753017953954,49.474184918969534,46.72263558698091,33.00928233124998,,,,355.50430780909295,268.6409334325124,86.86337437658057,,,,,,,,,,4501252.062061655,-30.00531740541137,g3_bu_s00_pos1_tap0_dc_mc107_ac_bipolar_a0_f0_sec0,,,,0,ac,,,107,,1927952.3120063134,,,,,,,1000.0,0.0,bipolar,,0.0,,,,0.005,0,20261003,,,,,,0,,,G3,,
5.794320372023233e-11,4.74324598877679e-11,4.093610279458974e-10,5.434015184678154e-11,1,1483.9140348668348,1483.6739354278843,512.4451517794311,507.6995714115326,,,,,,,,,200000000.0,1592,,,,0.0,,0.24750878794350722,3.5754794432803663,18.74996411742557,31.42300367641585,46.69736829592938,,,,,,,,,,,BU,,,0.0,,48.0842652615612,32.7766667340272,5.713723053431628,1.3281160815009674,0.22884389323500187,49.47415936960856,48.079924030618464,32.773689957564606,,,,381.205924933181,270.56422362628507,110.64170130689592,,,,,,,,,,4501252.062061655,-31.43415022923346,g3_bu_s00_pos1_tap0_dc_mc108_ac_bipolar_a0_f0_sec0,,,,0,ac,,,108,,1934222.7648623614,,,,,,,1000.0,0.0,bipolar,,0.0,,,,0.005,0,20261003,,,,,,0,,,G3,,
5.703905463904343e-11,4.57642572824756e-11,3.70912703517876e-10,5.858128715728596e-11,1,1476.150887766311,1460.909864207039,507.35195677583675,515.1462157681092,,,,,,,,,200000000.0,1592,,,,0.0,,0.28210161832892133,3.840321368499819,18.257839152492,30.729146253057674,45.91603078976595,,,,,,,,,,,BU,,,0.0,,47.89327850747597,31.792717400011373,6.046744425469784,1.4385658872943379,0.25038412622236583,49.474298879781635,47.888954519367196,31.789465228303488,,,,363.32750206930297,268.5824575070217,94.7450445622813,,,,,,,,,,4501252.062061655,-30.740190174528305,g3_bu_s00_pos1_tap0_dc_mc109_ac_bipolar_a0_f0_sec0,,,,0,ac,,,109,,1896381.802870783,,,,,,,1000.0,0.0,bipolar,,0.0,,,,0.005,0,20261003,,,,,,0,,,G3,,
5.35992674996828e-11,4.934366504405845e-11,3.901398777126129e-10,5.441186659510142e-11,1,1458.9992548311106,1478.3877083900086,514.3467057233173,512.4794622044654,,,,,,,,,200000000.0,1592,,,,0.0,,0.5484729866897963,3.8933372232926704,18.46450233121051,30.924598297521072,46.039311479524635,,,,,,,,,,,BU,,,0.0,,46.44679743209316,31.59905735739128,5.904589604075521,1.4065556174306741,0.24685516902945828,49.474273266396196,46.44260403813039,31.595975851416696,,,,366.1512238785472,275.0995967588932,91.05162711965403,,,,,,,,,,4501252.062061655,-30.9355946969697,g3_bu_s00_pos1_tap0_dc_mc10_ac_bipolar_a0_f0_sec0,,,,0,ac,,,10,,1885241.4318264478,,,,,,,1000.0,0.0,bipolar,,0.0,,,,0.005,0,20261003,,,,,,0,,,G3,,
5.80493554238524e-11,4.6765453676184417e-11,3.9934368866986575e-10,5.6935214938275204e-11,1,1477.7669389287923,1474.3746694926454,510.9838166636671,508.3745852640441,,,,,,,,,200000000.0,1592,,,,0.0,,0.2109430897930525,3.7887682810949412,18.842971481706787,31.436373722434308,46.67426863820571,,,,,,,,,,,BU,,,0.0,,48.28719497386991,31.981868684521395,5.652861004867542,1.326075125092876,0.22945357083360848,49.47424008505821,48.28283542154545,31.978800677329193,,,,378.11651315136976,270.4130380205838,107.70347513078593,,,,,,,,,,4501252.062061655,-31.44747720242815,g3_bu_s00_pos1_tap0_dc_mc110_ac_bipolar_a0_f0_sec0,,,,0,ac,,,110,,1910587.743915457,,,,,,,1000.0,0.0,bipolar,,0.0,,,,0.005,0,20261003,,,,,,0,,,G3,,
5.4569253445365584e-11,4.470402150179335e-11,3.727712978235693e-10,5.724509401880348e-11,1,1471.4503545628575,1479.7647088341882,506.58606346339286,508.2645840266129,,,,,,,,,200000000.0,1592,,,,0.0,,0.2732516498065058,3.4695205996431224,17.601762018357245,30.034108906493422,45.190835865119446,,,,,,,,,,,BU,,,0.0,,47.94207008027479,33.17916026722782,6.521141882356412,1.5584081659687656,0.27218612762156297,49.47426658851171,47.93774168733373,33.175811863972406,,,,359.5867447404259,264.31465993681513,95.27208480361077,,,,,,,,,,4501252.062061655,-30.04512530007478,g3_bu_s00_pos1_tap0_dc_mc111_ac_bipolar_a0_f0_sec0,,,,0,ac,,,111,,1939815.584227593,,,,,,,1000.0,0.0,bipolar,,0.0,,,,0.005,0,20261003,,,,,,0,,,G3,,
5.392067535466033e-11,4.692480874714303e-11,4.0029062903695863e-10,5.862925333979018e-11,1,1468.3911310602605,1475.5555244727168,509.7413437643065,509.0200557088083,,,,,,,,,200000000.0,1592,,,,0.0,,0.2823325043394607,4.042782471390909,18.953484733600256,31.344850529604443,46.428543741965406,,,,,,,,,,,BU,,,0.0,,47.891989871023334,31.060341853061033,5.58137704913726,1.3401220483001626,0.23603730745826723,49.474282798606694,47.887665999361595,31.057211796560612,,,,375.8954038794847,272.15941483110794,103.73598904837678,,,,,,,,,,4501252.062061655,-31.35580541464849,g3_bu_s00_pos1_tap0_dc_mc112_ac_bipolar_a0_f0_sec0,,,,0,ac,,,112,,1882620.2789046853,,,,,,,1000.0,0.0,bipolar,,0.0,,,,0.005,0,20261003,,,,,,0,,,G3,,
5.5892123438844445e-11,4.7064634139360737e-11,3.7256753546310753e-10,5.435420845018394e-11,1,1460.5399781790172,1482.028491603665,508.30339195360307,512.1988608235116,,,,,,,,,200000000.0,1592,,,,0.0,,0.43554406465557427,3.5232470742742614,17.626986821972,30.168892276049753,45.38777318103755,,,,,,,,,,,BU,,,0.0,,47.0546211494169,32.974436722439464,6.5022457225803025,1.5344131804547858,0.26608448195562157,49.47428019771502,47.05037287839194,32.971174315751334,,,,357.55719830404433,268.2391835318043,89.31801477224002,,,,,,,,,,4501252.062061655,-30.17997803323886,g3_bu_s00_pos1_tap0_dc_mc113_ac_bipolar_a0_f0_sec0,,,,0,ac,,,113,,1928435.0875129064,,,,,,,1000.0,0.0,bipolar,,0.0,,,,0.005,0,20261003,,,,,,0,,,G3,,
5.712291412813733e-11,4.5686415583696217e-11,3.8614798821890007e-10,5.867697387767253e-11,1,1483.797312810285,1462.920769110329,514.782338920173,511.4228612076782,,,,,,,,,200000000.0,1592,,,,0.0,,0.18399803021946345,3.8911519867642173,18.730668717937544,31.226619560025018,46.41348677678079,,,,,,,,,,,BU,,,0.0,,48.43721578571511,31.6072335056721,5.7263999705840325,1.3584874042013158,0.23644686149977293,49.4742333428471,48.43284268885395,31.604062573461913,,,,373.7561309653798,269.15758491452556,104.59854605085422,,,,,,,,,,4501252.062061655,-31.237666661811602,g3_bu_s00_pos1_tap0_dc_mc114_ac_bipolar_a0_f0_sec0,,,,0,ac,,,114,,1898463.8368350416,,,,,,,1000.0,0.0,bipolar,,0.0,,,,0.005,0,20261003,,,,,,0,,,G3,,
5.6083980778486046e-11,4.678224519359016e-11,3.8017858117737994e-10,5.487217608174036e-11,1,1474.5288410216779,1483.667112605232,507.99052323068025,507.16914531928904,,,,,,,,,200000000.0,1592,,,,0.0,,0.3915453954817511,3.526800385010679,17.825961195913923,30.389624449550084,45.61844847081404,,,,,,,,,,,BU,,,0.0,,47.29353432043132,32.9609158323353,6.354995499863604,1.4959095276296825,0.25911075984657367,49.47422963453999,47.28926447946233,32.9577017060581,,,,361.63380874342334,268.40854330106856,93.22526544235478,,,,,,,,,,4501252.062061655,-30.4007203833307,g3_bu_s00_pos1_tap0_dc_mc115_ac_bipolar_a0_f0_sec0,,,,0,ac,,,115,,1930501.326375587,,,,,,,1000.0,0.0,bipolar,,0.0,,,,0.005,0,20261003,,,,,,0,,,G3,,
5.474014670881574e-11,4.8611494972431244e-11,3.8811864536779925e-10,5.373618207594928e-11,1,1481.0581431433327,1456.0121327666932,512.6924875879425,514.9218656427344,,,,,,,,,200000000.0,1592,,,,0.0,,0.4805293253016576,3.686329261931832,18.21251857841742,30.73431398986239,45.90238978786454,,,,,,,,,,,BU,,,0.0,,46.811541458229655,32.361103796442904,6.078394849103025,1.4377096462901255,0.25077747853070553,49.47427155725176,46.807315133377564,32.35799557419948,,,,366.05070284383106,272.28492349012924,93.76577935370182,,,,,,,,,,4501252.062061655,-30.745359829113255,g3_bu_s00_pos1_tap0_dc_mc116_ac_bipolar_a0_f0_sec0,,,,0,ac,,,116,,1911365.961427703,,,,,,,1000.0,0.0,bipolar,,0.0,,,,0.005,0,20261003,,,,,,0,,,G3,,
5.428023095385082e-11,4.528575219038914e-11,4.0644093811892764e-10,5.4188767557181805e-11,1,1476.6365147037425,1474.7201567865588,515.986235646898,508.1767444906031,,,,,,,,,200000000.0,1592,,,,0.0,,0.1352706183466762,3.172074140033465,18.03752897868719,30.566474113974703,45.74163262871099,,,,,,,,,,,BU,,,0.0,,48.7096970107121,34.33483742606898,6.202104091030251,1.4657596625998992,0.25546183696578495,49.47422035499746,48.70529931362502,34.33169789554804,,,,378.6444439146317,263.4825553328446,115.16188858178714,,,,,,,,,,4501252.062061655,-30.577521702178018,g3_bu_s00_pos1_tap0_dc_mc117_ac_bipolar_a0_f0_sec0,,,,0,ac,,,117,,1980408.6727046142,,,,,,,1000.0,0.0,bipolar,,0.0,,,,0.005,0,20261003,,,,,,0,,,G3,,
5.6396843331990955e-11,4.7137171503169656e-11,4.0102690075351765e-10,5.3582284987493906e-11,1,1463.0651381657226,1477.2824812038382,515.8068632775104,514.933674342082,,,,,,,,,200000000.0,1592,,,,0.0,,0.25111665877402445,3.4227615433696488,18.35604549801948,30.95813160661001,46.18332762900902,,,,,,,,,,,BU,,,0.0,,48.064376425171645,33.35806758711197,5.978804051212387,1.401135733855735,0.2427961269397194,49.474241560528704,48.06003699007935,33.3550100241786,,,,377.21978767320684,268.1450410706165,109.07474660259032,,,,,,,,,,4501252.062061655,-30.969230236882357,g3_bu_s00_pos1_tap0_dc_mc118_ac_bipolar_a0_f0_sec0,,,,0,ac,,,118,,1950504.6400194173,,,,,,,1000.0,0.0,bipolar,,0.0,,,,0.005,0,20261003,,,,,,0,,,G3,,
5.393388684884644e-11,4.649612503685773e-11,3.9247491239449e-10,5.547470367218128e-11,1,1475.1760995812142,1464.600891764952,508.23300752211486,514.9419257398226,,,,,,,,,200000000.0,1592,,,,0.0,,0.29924608094655647,3.539219621525202,18.141786050019498,30.600878394308637,45.7339981339281,,,,,,,,,,,BU,,,0.0,,47.79882175958502,32.91395121059335,6.12809215962487,1.4599667626645951,0.2556866368597562,49.47428145912561,47.79450629965339,32.910771906339086,,,,369.8976577801948,267.73322112441656,102.16443665577822,,,,,,,,,,4501252.062061655,-30.611884162359893,g3_bu_s00_pos1_tap0_dc_mc119_ac_bipolar_a0_f0_sec0,,,,0,ac,,,119,,1934858.79160485,,,,,,,1000.0,0.0,bipolar,,0.0,,,,0.005,0,20261003,,,,,,0,,,G3,,
5.867022386333697e-11,4.683416614752814e-11,4.01200103901179e-10,5.510335041038075e-11,1,1482.710100551821,1473.3888328409587,512.5991166975704,513.8819314394461,,,,,,,,,200000000.0,1592,,,,0.0,,0.19338802950404732,3.6046741599886527,18.72625468644132,31.385211267624797,46.66234121590535,,,,,,,,,,,BU,,,0.0,,48.384833449703926,32.666776479331304,5.729337410972741,1.3339079610600248,0.2297687235662643,49.47418536820148,48.38046508209328,32.66374733849573,,,,380.01630369024264,269.3615884161171,110.65471527412552,,,,,,,,,,4501252.062061655,-31.39635622627489,g3_bu_s00_pos1_tap0_dc_mc11_ac_bipolar_a0_f0_sec0,,,,0,ac,,,11,,1931324.5077657413,,,,,,,1000.0,0.0,bipolar,,0.0,,,,0.005,0,20261003,,,,,,0,,,G3,,
5.454016268062315e-11,4.817390320600411e-11,3.792032007121688e-10,5.371752506658626e-11,1,1469.4905991810615,1464.9254917894264,514.8453179553319,516.0042707644061,,,,,,,,,200000000.0,1592,,,,0.0,,0.4871684397551369,3.6474041007094757,17.963633260906587,30.46318112708023,45.626270247963305,,,,,,,,,,,BU,,,0.0,,46.77577174636942,32.50645848649627,6.255067216476777,1.4832957173352497,0.2588775531846616,49.47426871615486,46.771548651228066,32.50328175324061,,,,361.6950940537104,271.02540425469334,90.66968979901708,,,,,,,,,,4501252.062061655,-30.47421960923328,g3_bu_s00_pos1_tap0_dc_mc120_ac_bipolar_a0_f0_sec0,,,,0,ac,,,120,,1913871.2272370788,,,,,,,1000.0,0.0,bipolar,,0.0,,,,0.005,0,20261003,,,,,,0,,,G3,,
5.794538431240578e-11,4.48788047241015e-11,3.78373124550437e-10,5.708281779329284e-11,1,1455.695258457271,1465.9497155858235,514.6159731694203,506.7752331911998,,,,,,,,,200000000.0,1592,,,,0.0,,0.14553813337719537,3.4186204147221577,17.91524932852651,30.462553028017155,45.70124963422072,,,,,,,,,,,BU,,,0.0,,48.65231017961621,33.37422581997565,6.290026579441782,1.4834067275732556,0.2566532829035389,49.474381494367556,48.6479176635638,33.37095465922285,,,,367.546856357273,263.65046667739534,103.89638967987764,,,,,,,,,,4501252.062061655,-30.473648151143692,g3_bu_s00_pos1_tap0_dc_mc121_ac_bipolar_a0_f0_sec0,,,,0,ac,,,121,,1949511.2985116947,,,,,,,1000.0,0.0,bipolar,,0.0,,,,0.005,0,20261003,,,,,,0,,,G3,,
5.79138579203913e-11,4.892332353710768e-11,4.0054119701683026e-10,5.722328967977062e-11,1,1478.8565582225797,1459.7902253101645,508.71324710638953,512.3667493491913,,,,,,,,,200000000.0,1592,,,,0.0,,0.36442479199038097,4.17679206446438,19.3115573141224,31.87466975820758,47.07945273866998,,,,,,,,,,,BU,,,0.0,,47.44149796300772,30.58472950298961,5.355992539864803,1.2608220929664333,0.2189959104876712,49.47429713016742,47.43721476375346,30.58173611276048,,,,377.70281854622493,276.4787034106875,101.22411513553743,,,,,,,,,,4501252.062061655,-31.885744729498157,g3_bu_s00_pos1_tap0_dc_mc122_ac_bipolar_a0_f0_sec0,,,,0,ac,,,122,,1865417.6258564936,,,,,,,1000.0,0.0,bipolar,,0.0,,,,0.005,0,20261003,,,,,,0,,,G3,,
5.37624722018215e-11,4.582849571094549e-11,4.0744556298778314e-10,5.428859564103088e-11,1,1483.2862104037029,1457.7333427939454,510.028356408349,515.1313336189761,,,,,,,,,200000000.0,1592,,,,0.0,,0.17053903318083127,3.2619523942271478,18.138278314025392,30.63483387457564,45.78087642376302,,,,,,,,,,,BU,,,0.0,,48.51236086227262,33.98145780329165,6.130585176491005,1.4542703052141692,0.2543103899304838,49.474266237099215,48.507980981474205,33.978326946038116,,,,378.6120924122271,264.7373621399163,113.87473027231084,,,,,,,,,,4501252.062061655,-30.64585494409222,g3_bu_s00_pos1_tap0_dc_mc123_ac_bipolar_a0_f0_sec0,,,,0,ac,,,123,,1970132.3053040188,,,,,,,1000.0,0.0,bipolar,,0.0,,,,0.005,0,20261003,,,,,,0,,,G3,,
5.386950052615932e-11,4.763884020385005e-11,3.715490456664718e-10,5.628601671924259e-11,1,1468.224797583615,1483.0044292968234,509.17890879138406,515.1555896476196,,,,,,,,,200000000.0,1592,,,,0.0,,0.5156696328671293,3.921784084226579,18.121030673077804,30.532276530734308,45.64907803544433,,,,,,,,,,,BU,,,0.0,,46.622488904604644,31.495799146205567,6.142716656252458,1.4715411109588552,0.2581982606441601,49.47421771880233,46.618279648398435,31.492577441842048,,,,357.65117876329265,272.5632126145128,85.08796614877986,,,,,,,,,,4501252.062061655,-30.54326372785736,g3_bu_s00_pos1_tap0_dc_mc124_ac_bipolar_a0_f0_sec0,,,,0,ac,,,124,,1877187.2290515557,,,,,,,1000.0,0.0,bipolar,,0.0,,,,0.005,0,20261003,,,,,,0,,,G3,,
5.492337534893364e-11,4.790763411948179e-11,4.0638061158993117e-10,5.629765190138733e-11,1,1457.4889672981824,1483.6470308971836,509.20508199328634,513.8448211117545,,,,,,,,,200000000.0,1592,,,,0.0,,0.31039426101420675,3.8963356799840936,18.951017453669714,31.434485831595094,46.5707270492397,,,,,,,,,,,BU,,,0.0,,47.7375061416101,31.588306376901343,5.582978305441654,1.3263638039104955,0.2322050737660561,49.47427517846414,47.73319621735386,31.585258596871157,,,,378.83775295907765,272.7910096041175,106.04674335496014,,,,,,,,,,4501252.062061655,-31.445497095197084,g3_bu_s00_pos1_tap0_dc_mc125_ac_bipolar_a0_f0_sec0,,,,0,ac,,,125,,1898623.9917609212,,,,,,,1000.0,0.0,bipolar,,0.0,,,,0.005,0,20261003,,,,,,0,,,G3,,
5.548360561789758e-11,4.91016667326699e-11,3.9008746082221567e-10,5.753515764162938e-11,1,1459.349612757459,1460.3280680333476,513.5020001850336,510.12957673640705,,,,,,,,,200000000.0,1592,,,,0.0,,0.45744373522373005,4.214320661555935,19.007968476582914,31.449352555759624,46.5687475266425,,,,,,,,,,,BU,,,0.0,,46.93622447340121,30.452939702286773,5.546486519921924,1.324098052119675,0.23225841343094522,49.474377556338546,46.931986891999614,30.449866960330322,,,,370.06306548498316,276.48192894164094,93.58113654334221,,,,,,,,,,4501252.062061655,-31.46034472191654,g3_bu_s00_pos1_tap0_dc_mc126_ac_bipolar_a0_f0_sec0,,,,0,ac,,,126,,1854280.4593275273,,,,,,,1000.0,0.0,bipolar,,0.0,,,,0.005,0,20261003,,,,,,0,,,G3,,
5.520400253504104e-11,4.702327566652678e-11,3.7359807087460755e-10,5.830933872199163e-11,1,1483.974740509257,1470.28246468068,513.2957179984844,509.57299244009704,,,,,,,,,200000000.0,1592,,,,0.0,,0.42232958997634107,4.075586614836537,18.504338312076875,30.924496982448254,46.057347933631576,,,,,,,,,,,BU,,,0.0,,47.1261971655909,30.94312645895762,5.877544972726671,1.4065700961728795,0.24634282934450727,49.47421082614512,47.12194243261838,30.939931472417964,,,,362.199757994838,272.88449906681666,89.31525892802136,,,,,,,,,,4501252.062061655,-30.935494245366726,g3_bu_s00_pos1_tap0_dc_mc127_ac_bipolar_a0_f0_sec0,,,,0,ac,,,127,,1865039.1091381856,,,,,,,1000.0,0.0,bipolar,,0.0,,,,0.005,0,20261003,,,,,,0,,,G3,,
5.577412565982335e-11,4.772039786424566e-11,4.0770487689223283e-10,5.7236213279539134e-11,1,1472.1811096377962,1484.2325952684987,509.16316651876934,507.1209393213358,,,,,,,,,200000000.0,1592,,,,0.0,,0.29725454950951996,3.988299590023063,19.10568746876276,31.6172771676771,46.78005726591916,,,,,,,,,,,BU,,,0.0,,47.80973595134303,31.255641328479104,5.484442183571589,1.2987417063714468,0.22667571163449476,49.474233290913965,47.805419505716124,31.252606599897135,,,,379.5858354289717,273.56939079695167,106.01644463202001,,,,,,,,,,4501252.062061655,-31.628311874505005,g3_bu_s00_pos1_tap0_dc_mc128_ac_bipolar_a0_f0_sec0,,,,0,ac,,,128,,1889192.5186476624,,,,,,,1000.0,0.0,bipolar,,0.0,,,,0.005,0,20261003,,,,,,0,,,G3,,
5.348535954662578e-11,4.638122303041972e-11,3.732679961330944e-10,5.542933473087192e-11,1,1481.025200975996,1460.129122907012,514.0476587001124,509.2391750035839,,,,,,,,,200000000.0,1592,,,,0.0,,0.4080178539960572,3.5587283311000255,17.658289905304436,30.077285334121193,45.202439041697055,,,,,,,,,,,BU,,,0.0,,47.20397075915956,32.84009851705891,6.478843053548775,1.5506808585245384,0.2718227110902057,49.474273476173465,47.19970900428359,32.83680096798819,,,,358.1450498145785,267.4181647302487,90.72688508432981,,,,,,,,,,4501252.062061655,-30.088279813618293,g3_bu_s00_pos1_tap0_dc_mc129_ac_bipolar_a0_f0_sec0,,,,0,ac,,,129,,1925847.8173012342,,,,,,,1000.0,0.0,bipolar,,0.0,,,,0.005,0,20261003,,,,,,0,,,G3,,
5.4088097176230627e-11,4.552582933555639e-11,3.7237600497676015e-10,5.3398269676933e-11,1,1474.3364473254549,1473.6684555102713,508.58226341698185,515.4094838056267,,,,,,,,,200000000.0,1592,,,,0.0,,0.3517791692247325,3.1797021168300845,17.110595756909028,29.614411466136463,44.80590113683726,,,,,,,,,,,BU,,,0.0,,47.51055925831905,34.304660352397455,6.90051404418469,1.6355577161723223,0.2845198368160818,49.47423653647845,47.50626982399242,34.30130038835709,,,,357.01836794899236,263.1955967266619,93.82277122233046,,,,,,,,,,4501252.062061655,-29.62547072939719,g3_bu_s00_pos1_tap0_dc_mc12_ac_bipolar_a0_f0_sec0,,,,0,ac,,,12,,1975392.801489369,,,,,,,1000.0,0.0,bipolar,,0.0,,,,0.005,0,20261003,,,,,,0,,,G3,,
5.566237744201236e-11,4.7967766656022035e-11,4.0635462539871933e-10,5.500130323253504e-11,1,1466.9441820489653,1461.9867593102788,511.0596230976019,514.5569339555183,,,,,,,,,200000000.0,1592,,,,0.0,,0.29221363288467145,3.6979119429857747,18.739063355939074,31.274111092637124,46.44570914808081,,,,,,,,,,,BU,,,0.0,,47.837577442881496,32.31812821776552,5.720899241894262,1.351082534275928,0.23557173328588607,49.47432298345543,47.83325848407809,32.315091453501104,,,,378.94336206200666,271.17038217672194,107.77297988528471,,,,,,,,,,4501252.062061655,-31.28515800894911,g3_bu_s00_pos1_tap0_dc_mc130_ac_bipolar_a0_f0_sec0,,,,0,ac,,,130,,1920219.7417857973,,,,,,,1000.0,0.0,bipolar,,0.0,,,,0.005,0,20261003,,,,,,0,,,G3,,
5.3311154003915435e-11,4.797244001333359e-11,3.8499768019050395e-10,5.520819439727097e-11,1,1468.424960277957,1482.214826254191,511.19763029372615,512.9024278081748,,,,,,,,,200000000.0,1592,,,,0.0,,0.4851365114299821,3.803652371201492,18.238739104421157,30.675139682290048,45.787216241793175,,,,,,,,,,,BU,,,0.0,,46.786671116605554,31.927007945815898,6.060053886208618,1.4475358701602516,0.25412446319134563,49.47422179561955,46.7824470372912,31.923852163536857,,,,363.8485038440633,272.40427454347514,91.44422930058818,,,,,,,,,,4501252.062061655,-30.686128735232042,g3_bu_s00_pos1_tap0_dc_mc131_ac_bipolar_a0_f0_sec0,,,,0,ac,,,131,,1896630.8653398047,,,,,,,1000.0,0.0,bipolar,,0.0,,,,0.005,0,20261003,,,,,,0,,,G3,,
5.680689703785754e-11,4.526242699823161e-11,3.941012283945704e-10,5.5082518332628975e-11,1,1455.717199641029,1483.2273721812928,510.11404920652984,512.0242831881449,,,,,,,,,200000000.0,1592,,,,0.0,,0.1381974149239293,3.248152944841565,17.976303542973117,30.561981677205104,45.80061162019689,,,,,,,,,,,BU,,,0.0,,48.69335710899804,34.03549154669607,6.245978628547783,1.4665203539608846,0.2537336017460193,49.47429203449664,48.688960886857984,34.03231163244809,,,,373.89515104424544,263.60909461189965,110.28605643234579,,,,,,,,,,4501252.062061655,-30.573085076368574,g3_bu_s00_pos1_tap0_dc_mc132_ac_bipolar_a0_f0_sec0,,,,0,ac,,,132,,1970792.352727151,,,,,,,1000.0,0.0,bipolar,,0.0,,,,0.005,0,20261003,,,,,,0,,,G3,,
5.84228202450731e-11,4.778605573605841e-11,3.9796555711234525e-10,5.8034235702752926e-11,1,1459.7367275253039,1483.2630998644145,516.0990990687317,515.155342147849,,,,,,,,,200000000.0,1592,,,,0.0,,0.24697022101588972,4.208877595288889,19.446094591416845,31.999296055840134,47.205610407142004,,,,,,,,,,,BU,,,0.0,,48.08731178077013,30.47202835463683,5.27366689395768,1.2428590605650227,0.21583781962516582,49.47422621427097,48.08297027448395,30.469002862459575,,,,381.28278896281927,274.8082217653158,106.47456719750346,,,,,,,,,,4501252.062061655,-32.01036840019866,g3_bu_s00_pos1_tap0_dc_mc133_ac_bipolar_a0_f0_sec0,,,,0,ac,,,133,,1867653.392582784,,,,,,,1000.0,0.0,bipolar,,0.0,,,,0.005,0,20261003,,,,,,0,,,G3,,
5.497991934595706e-11,4.619662626109257e-11,4.0511882563490313e-10,5.7788724064879984e-11,1,1469.2012882334518,1458.9815862288067,505.98834486413784,513.9041956430937,,,,,,,,,200000000.0,1592,,,,0.0,,0.1614323039219533,3.760620734031818,18.762930948298948,31.20979922091065,46.33624212966471,,,,,,,,,,,BU,,,0.0,,48.56333851101226,32.08586268336069,5.7051916982639534,1.3611238413466458,0.23855942759831789,49.47435603554352,48.55895402775576,32.08272099867318,,,,379.7334083598615,268.45537604014424,111.27803231971728,,,,,,,,,,4501252.062061655,-31.220794112948663,g3_bu_s00_pos1_tap0_dc_mc134_ac_bipolar_a0_f0_sec0,,,,0,ac,,,134,,1916407.3098163416,,,,,,,1000.0,0.0,bipolar,,0.0,,,,0.005,0,20261003,,,,,,0,,,G3,,
5.433574820901852e-11,4.929276614285964e-11,3.7425739798329216e-10,5.791599306521516e-11,1,1457.411630282935,1466.1074164105023,509.20925631624897,508.64635221430825,,,,,,,,,200000000.0,1592,,,,0.0,,0.6034629933203941,4.279121014246559,18.59831494530814,30.974200673772945,46.060865284739876,,,,,,,,,,,BU,,,0.0,,46.15377886313357,30.22658241698384,5.814310717210785,1.3985488989207764,0.24624382218035232,49.47438616419921,46.149611924057716,30.22342803759768,,,,358.20810899642544,277.2707817268183,80.93732726960712,,,,,,,,,,4501252.062061655,-30.985159197328503,g3_bu_s00_pos1_tap0_dc_mc135_ac_bipolar_a0_f0_sec0,,,,0,ac,,,135,,1831326.3198433276,,,,,,,1000.0,0.0,bipolar,,0.0,,,,0.005,0,20261003,,,,,,0,,,G3,,
5.626414956521077e-11,4.508964686649291e-11,3.7108779500293846e-10,5.472415641302193e-11,1,1481.5384308934179,1461.3015985559462,513.4382991670011,507.80483921851055,,,,,,,,,200000000.0,1592,,,,0.0,,0.27168078797636025,3.2344607982545974,17.31209733481811,29.861266322726756,45.10046006878332,,,,,,,,,,,BU,,,0.0,,47.9507508318558,34.0891554253666,6.742289526558095,1.589730781184913,0.27503327936108596,49.47427643229202,47.94642165485948,34.0858125059641,,,,359.2007182575301,262.86398194935725,96.33673630817287,,,,,,,,,,4501252.062061655,-29.87236593646088,g3_bu_s00_pos1_tap0_dc_mc136_ac_bipolar_a0_f0_sec0,,,,0,ac,,,136,,1968975.226043632,,,,,,,1000.0,0.0,bipolar,,0.0,,,,0.005,0,20261003,,,,,,0,,,G3,,
5.374331243689492e-11,4.534598671086431e-11,4.082008701182231e-10,5.847374919153285e-11,1,1460.0273373497018,1476.9340841481653,506.32237319646225,505.93595022787684,,,,,,,,,200000000.0,1592,,,,0.0,,0.12411126605672146,3.677173509579179,18.611814173904392,31.012491349324492,46.10706868639336,,,,,,,,,,,BU,,,0.0,,48.77244628057678,32.39561096798167,5.805309981041697,1.3923964402092075,0.24493735446698087,49.47435059845729,48.76804291777682,32.392422847522326,,,,379.3938447142229,266.6179617395736,112.77588297464928,,,,,,,,,,4501252.062061655,-31.02345417229085,g3_bu_s00_pos1_tap0_dc_mc137_ac_bipolar_a0_f0_sec0,,,,0,ac,,,137,,1925919.3746726532,,,,,,,1000.0,0.0,bipolar,,0.0,,,,0.005,0,20261003,,,,,,0,,,G3,,
5.788239102119265e-11,4.870059102019656e-11,3.7308473950253703e-10,5.382201617575559e-11,1,1456.8325907929363,1471.8610310755312,510.9487978703015,509.2213409405025,,,,,,,,,200000000.0,1592,,,,0.0,,0.5178085015526268,3.6910427461043316,17.8845842867603,30.501087087663706,45.76930668325155,,,,,,,,,,,BU,,,0.0,,46.611134277939016,32.343577269531984,6.312263356491224,1.4768395879332956,0.2546500544738704,49.47434994911788,46.606926046665,32.3403912170287,,,,357.6355474444446,271.7759773583628,85.85957008608182,,,,,,,,,,4501252.062061655,-30.51222335865003,g3_bu_s00_pos1_tap0_dc_mc138_ac_bipolar_a0_f0_sec0,,,,0,ac,,,138,,1903511.7034282265,,,,,,,1000.0,0.0,bipolar,,0.0,,,,0.005,0,20261003,,,,,,0,,,G3,,
5.622237375586461e-11,4.586772190395651e-11,3.880667318960736e-10,5.729267822522981e-11,1,1476.1768672872306,1472.4713916378687,511.36402428347395,509.9787692479498,,,,,,,,,200000000.0,1592,,,,0.0,,0.22784539415535554,3.693200321472857,18.404412050674225,30.909088981659416,46.09539566979169,,,,,,,,,,,BU,,,0.0,,48.193329037016035,32.335698327843126,5.945579540195867,1.4090689498437377,0.24526646390807405,49.47424742516617,48.18897795924148,32.33251905813389,,,,371.2332740463445,268.0709169089468,103.16235713739769,,,,,,,,,,4501252.062061655,-30.920138948406905,g3_bu_s00_pos1_tap0_dc_mc139_ac_bipolar_a0_f0_sec0,,,,0,ac,,,139,,1918380.088797079,,,,,,,1000.0,0.0,bipolar,,0.0,,,,0.005,0,20261003,,,,,,0,,,G3,,
5.588996030118758e-11,4.4733004853628574e-11,3.7385790554810157e-10,5.563891479612563e-11,1,1473.3096489790287,1479.9799884962642,511.0329721797439,510.97426351853983,,,,,,,,,200000000.0,1592,,,,0.0,,0.23701359141554673,3.3131054978821726,17.53175374986642,30.05372551614834,45.27140721832973,,,,,,,,,,,BU,,,0.0,,48.14246095997865,33.78192104527164,6.573922212225489,1.5548916210487413,0.26967292210268634,49.47422119944876,48.138114475048305,33.778602614586745,,,,361.9287069820538,263.2918704829901,98.63683649906375,,,,,,,,,,4501252.062061655,-30.06480316935501,g3_bu_s00_pos1_tap0_dc_mc13_ac_bipolar_a0_f0_sec0,,,,0,ac,,,13,,1959965.7228233626,,,,,,,1000.0,0.0,bipolar,,0.0,,,,0.005,0,20261003,,,,,,0,,,G3,,
5.348952147127156e-11,4.75634279663958e-11,3.77499498979695e-10,5.5102780655229e-11,1,1469.8783412898342,1477.614850443537,515.5758149224591,510.4751671778598,,,,,,,,,200000000.0,1592,,,,0.0,,0.4824876388704323,3.741290036028859,18.002703643900812,30.435863375772986,45.556759793787776,,,,,,,,,,,BU,,,0.0,,46.8009471856098,32.15705095011377,6.2269791020923195,1.487966566850866,0.2609572355243034,49.47422782403545,46.7967218175697,32.15383987334723,,,,360.26408397479963,271.0427881164046,89.22129585839502,,,,,,,,,,4501252.062061655,-30.446858314624613,g3_bu_s00_pos1_tap0_dc_mc140_ac_bipolar_a0_f0_sec0,,,,0,ac,,,140,,1902158.704450706,,,,,,,1000.0,0.0,bipolar,,0.0,,,,0.005,0,20261003,,,,,,0,,,G3,,
5.6555715639958296e-11,4.6467426185216385e-11,3.825266228023674e-10,5.409762397466226e-11,1,1475.9009764704085,1475.383540446395,511.7182717920836,515.7143708175504,,,,,,,,,200000000.0,1592,,,,0.0,,0.3119385343428492,3.420638487172396,17.898858665949916,30.488097534961785,45.72929528135011,,,,,,,,,,,BU,,,0.0,,47.72895057823952,33.36619798759375,6.301893704947015,1.4790453937146262,0.2558250021800494,49.474203637787994,47.72464142648022,33.363014240139414,,,,366.3381690019713,267.0525498897625,99.28561911220885,,,,,,,,,,4501252.062061655,-30.499206389388362,g3_bu_s00_pos1_tap0_dc_mc141_ac_bipolar_a0_f0_sec0,,,,0,ac,,,141,,1946666.9087377219,,,,,,,1000.0,0.0,bipolar,,0.0,,,,0.005,0,20261003,,,,,,0,,,G3,,
5.462135032026384e-11,4.614525135909592e-11,3.713040802051685e-10,5.361924667612905e-11,1,1465.2749965905416,1478.4679978573522,512.6269694728519,510.64616201359456,,,,,,,,,200000000.0,1592,,,,0.0,,0.3925759551686734,3.3008860887881277,17.254459295250555,29.76717725830119,44.965529978557214,,,,,,,,,,,BU,,,0.0,,47.28795328733151,33.829417807072026,6.787169216507837,1.6070442050464926,0.27933887367443894,49.47426091369275,47.28368395025028,33.82608389235713,,,,356.4243806548069,264.9983308414261,91.42604981338081,,,,,,,,,,4501252.062061655,-29.778243287192186,g3_bu_s00_pos1_tap0_dc_mc142_ac_bipolar_a0_f0_sec0,,,,0,ac,,,142,,1958487.690537664,,,,,,,1000.0,0.0,bipolar,,0.0,,,,0.005,0,20261003,,,,,,0,,,G3,,
5.657176361299837e-11,4.704361279627671e-11,4.001619381379318e-10,5.352643296691444e-11,1,1459.4656266021568,1458.7843292415719,509.52059852044357,509.62695266269014,,,,,,,,,200000000.0,1592,,,,0.0,,0.25455652505658544,3.25102677542533,17.98035213861157,30.59155237591416,45.82886497520924,,,,,,,,,,,BU,,,0.0,,48.04550713670608,34.02419721920446,6.243089629997632,1.4615396693662852,0.25291019145107785,49.47440821476915,48.0411694048326,34.02108701962798,,,,373.45589774983665,266.04988319356426,107.4060145562724,,,,,,,,,,4501252.062061655,-30.602662107353524,g3_bu_s00_pos1_tap0_dc_mc143_ac_bipolar_a0_f0_sec0,,,,0,ac,,,143,,1969544.8265070326,,,,,,,1000.0,0.0,bipolar,,0.0,,,,0.005,0,20261003,,,,,,0,,,G3,,
5.86396921534805e-11,4.667034892591109e-11,4.0341669712169987e-10,5.386491428388224e-11,1,1466.2849347119902,1477.3199019046128,513.0370301560805,506.1382801595577,,,,,,,,,200000000.0,1592,,,,0.0,,0.18707848210825875,3.3012671739076533,18.27875818882822,30.975603739178016,46.277618621955654,,,,,,,,,,,BU,,,0.0,,48.420089463862766,33.82789897331514,6.032255033595438,1.3983217577015414,0.24017508623090408,49.47428330457733,48.4157179131381,33.82485193173346,,,,378.0432435775387,266.5706966380188,111.47254693951993,,,,,,,,,,4501252.062061655,-30.98677487111071,g3_bu_s00_pos1_tap0_dc_mc144_ac_bipolar_a0_f0_sec0,,,,0,ac,,,144,,1964765.8715953757,,,,,,,1000.0,0.0,bipolar,,0.0,,,,0.005,0,20261003,,,,,,0,,,G3,,
5.81259914725751e-11,4.589541868330091e-11,3.955553638555452e-10,5.4018068854458283e-11,1,1456.6908934978394,1458.3711930764352,513.4513924832537,511.2027500683594,,,,,,,,,200000000.0,1592,,,,0.0,,0.13442803313812765,3.1552427204833897,17.934125749095376,30.578972851920284,45.85549813108711,,,,,,,,,,,BU,,,0.0,,48.71459705172701,34.40149571318059,6.276404681461527,1.463657805836024,0.2521359578437297,49.474397748038264,48.71019891211084,34.3983508932404,,,,375.0850624457791,263.3600958458493,111.72496659992981,,,,,,,,,,4501252.062061655,-30.590115318518343,g3_bu_s00_pos1_tap0_dc_mc145_ac_bipolar_a0_f0_sec0,,,,0,ac,,,145,,1981689.3360527826,,,,,,,1000.0,0.0,bipolar,,0.0,,,,0.005,0,20261003,,,,,,0,,,G3,,
5.723249925277481e-11,4.532232722707788e-11,4.070823104250156e-10,5.799284198912082e-11,1,1479.659772818778,1467.5722956299946,508.09249437760036,508.38150519175264,,,,,,,,,200000000.0,1592,,,,0.0,,0.0603460018288163,3.6567711825070788,18.804483772714367,31.35288921392453,46.562601017043626,,,,,,,,,,,BU,,,0.0,,49.131743874567476,32.47170299136897,5.6779684632559535,1.3388830506890295,0.2324226351306685,49.47427961883535,49.12730807351047,32.46858040258257,,,,383.13534359296943,266.81959066146567,116.31575293150377,,,,,,,,,,4501252.062061655,-31.363961629792666,g3_bu_s00_pos1_tap0_dc_mc146_ac_bipolar_a0_f0_sec0,,,,0,ac,,,146,,1929304.058396135,,,,,,,1000.0,0.0,bipolar,,0.0,,,,0.005,0,20261003,,,,,,0,,,G3,,
5.593323320185299e-11,4.85276780915819e-11,3.893732667635641e-10,5.4518688577196455e-11,1,1468.2070747545492,1470.3926732268096,506.3426441309777,512.0498405361295,,,,,,,,,200000000.0,1592,,,,0.0,,0.46213799532470473,3.71681702596691,18.271488686329164,30.829488525598297,46.03195063473005,,,,,,,,,,,BU,,,0.0,,46.910800621305555,32.24775195811176,6.0372753800563075,1.4220434259016301,0.24706487064000351,49.47430986985748,46.906565335388144,32.24464901919111,,,,366.08772557319486,272.39094346417914,93.69678210901571,,,,,,,,,,4501252.062061655,-30.84056495603646,g3_bu_s00_pos1_tap0_dc_mc147_ac_bipolar_a0_f0_sec0,,,,0,ac,,,147,,1907683.7381510427,,,,,,,1000.0,0.0,bipolar,,0.0,,,,0.005,0,20261003,,,,,,0,,,G3,,
5.7135555971286754e-11,4.4971176766119524e-11,4.092357268374227e-10,5.825206487558215e-11,1,1459.4856440453002,1479.5866375278863,511.9989536328735,512.8615686724404,,,,,,,,,200000000.0,1592,,,,0.0,,-0.011229050088698194,3.697147098041778,18.957677241901365,31.482153186688215,46.674947081739816,,,,,,,,,,,BU,,,0.0,,49.53828027191997,32.32121095509068,5.578707364142044,1.3191051774390556,0.22943573686941449,49.47427895054439,49.53380776715002,32.31807424339132,,,,387.1616246252952,266.1717407245745,120.98988390072071,,,,,,,,,,4501252.062061655,-31.493207716196313,g3_bu_s00_pos1_tap0_dc_mc148_ac_bipolar_a0_f0_sec0,,,,0,ac,,,148,,1927560.1168715332,,,,,,,812830.516164145,0.023663888861134817,bipolar,,0.0,,,,0.005,0,20261003,,,,,,0,,,G3,,
5.345160605758906e-11,4.655356818049193e-11,4.05717244953555e-10,5.684133459647811e-11,1,1462.187460837601,1469.5549053390334,507.3941810610725,513.5638782357062,,,,,,,,,200000000.0,1592,,,,0.0,,0.22482185236558025,3.706182520633904,18.620704435029484,31.032282285520683,46.12155672357936,,,,,,,,,,,BU,,,0.0,,48.21019092650283,32.287510838615866,5.7993714074687714,1.3892269738490932,0.24452903491412378,49.474332562896855,48.205838326290255,32.284371009881184,,,,377.8157129272521,268.7728888478569,109.04282407939519,,,,,,,,,,4501252.062061655,-31.043245660140496,g3_bu_s00_pos1_tap0_dc_mc149_ac_bipolar_a0_f0_sec0,,,,0,ac,,,149,,1920808.258129447,,,,,,,1000.0,0.0,bipolar,,0.0,,,,0.005,0,20261003,,,,,,0,,,G3,,
5.689695886228287e-11,4.4955477786778706e-11,4.0446594788024623e-10,5.426183946803122e-11,1,1463.8109874902962,1484.5153735927158,515.464030834923,510.69320898995994,,,,,,,,,200000000.0,1592,,,,0.0,,0.05833655825445262,3.1240278183793415,18.106262846129365,30.72861282158328,45.982225630846216,,,,,,,,,,,BU,,,0.0,,49.143058552643836,34.52527224797633,6.1532321370379774,1.4386529543610764,0.2484830959578034,49.47422620470828,49.13862172997143,34.52215400504774,,,,380.86604661988866,262.55347232093106,118.3125742989576,,,,,,,,,,4501252.062061655,-30.739733167997485,g3_bu_s00_pos1_tap0_dc_mc14_ac_bipolar_a0_f0_sec0,,,,0,ac,,,14,,1986048.1456369404,,,,,,,1000.0,0.0,bipolar,,0.0,,,,0.005,0,20261003,,,,,,0,,,G3,,
5.3652885328477746e-11,4.785066166383021e-11,3.7074099730327314e-10,5.626149753868044e-11,1,1470.0768533507178,1483.2137979663573,514.6077451360968,509.69158228141373,,,,,,,,,200000000.0,1592,,,,0.0,,0.5439625953815959,3.9626452226322124,18.137162820585605,30.540218689722135,45.64992317712815,,,,,,,,,,,BU,,,0.0,,46.47086069896031,31.34798146158305,6.131315589267192,1.4701958359302654,0.25817306639105464,49.47420747651032,46.46666513236986,31.344763279577048,,,,356.83131998842214,273.26656888010393,83.5647511083182,,,,,,,,,,4501252.062061655,-30.551199656574326,g3_bu_s00_pos1_tap0_dc_mc150_ac_bipolar_a0_f0_sec0,,,,0,ac,,,150,,1870559.728047261,,,,,,,1000.0,0.0,bipolar,,0.0,,,,0.005,0,20261003,,,,,,0,,,G3,,
5.6352194645319615e-11,4.780033036261107e-11,4.0454951349013464e-10,5.562364137931568e-11,1,1465.5788870454064,1463.0566555737867,505.91657778612364,516.0836073131825,,,,,,,,,200000000.0,1592,,,,0.0,,0.27977049220896694,3.7293458187350303,18.75310323558283,31.300918052299206,46.488943843355635,,,,,,,,,,,BU,,,0.0,,47.906176129460206,32.20141684429142,5.711660801698228,1.3469197606843963,0.23440220227784153,49.47434252331266,47.901850977098945,32.198368765594594,,,,378.13331635653543,271.0901106303676,107.04320572616786,,,,,,,,,,4501252.062061655,-31.31197863146809,g3_bu_s00_pos1_tap0_dc_mc151_ac_bipolar_a0_f0_sec0,,,,0,ac,,,151,,1916407.1641441612,,,,,,,1000.0,0.0,bipolar,,0.0,,,,0.005,0,20261003,,,,,,0,,,G3,,
5.646998511432819e-11,4.551286199561353e-11,3.745664783916352e-10,5.5450745698985476e-11,1,1463.452164966156,1458.394407232572,507.36466869232083,511.9924054859262,,,,,,,,,200000000.0,1592,,,,0.0,,0.2624996147875407,3.3170998886850143,17.508259473511508,30.037568596573625,45.258851033036024,,,,,,,,,,,BU,,,0.0,,48.00157244410356,33.766486362627056,6.591749822660756,1.5577919425701008,0.2700639614379112,49.474389637203515,47.99723867898758,33.76317255701184,,,,361.2045531310961,263.72226906434815,97.48228406674792,,,,,,,,,,4501252.062061655,-30.048650738855795,g3_bu_s00_pos1_tap0_dc_mc152_ac_bipolar_a0_f0_sec0,,,,0,ac,,,152,,1958988.7362438205,,,,,,,1000.0,0.0,bipolar,,0.0,,,,0.005,0,20261003,,,,,,0,,,G3,,
5.768589561231884e-11,4.615053157055227e-11,4.0539269775133987e-10,5.818462619474659e-11,1,1461.8235762899153,1476.3652267022321,512.6811440434865,508.80125824895003,,,,,,,,,200000000.0,1592,,,,0.0,,0.10436084094734153,3.8507923336061998,19.058722880986153,31.602397826266138,46.80618584173953,,,,,,,,,,,BU,,,0.0,,48.88342307178236,31.754495145005357,5.514187370601587,1.3009703491478846,0.2259952752767552,49.47429928363238,48.87900968954545,31.751402056290818,,,,383.5485516717088,269.3175557566541,114.23099591505473,,,,,,,,,,4501252.062061655,-31.613465262596332,g3_bu_s00_pos1_tap0_dc_mc153_ac_bipolar_a0_f0_sec0,,,,0,ac,,,153,,1908787.516236412,,,,,,,1000.0,0.0,bipolar,,0.0,,,,0.005,0,20261003,,,,,,0,,,G3,,
5.788800476806549e-11,4.827636854433695e-11,3.9824333850036446e-10,5.82977092653405e-11,1,1458.0809554303476,1480.1549212813309,508.00659663975006,510.76234058807137,,,,,,,,,200000000.0,1592,,,,0.0,,0.32314951025578026,4.200934640365099,19.294796653425887,31.832795045844843,47.027977577796435,,,,,,,,,,,BU,,,0.0,,47.66748943411213,30.499904138002496,5.36633381070109,1.2669154418305943,0.22029762931735777,49.474310969462486,47.66318583100265,30.496872968364546,,,,377.17765775573497,275.5104693795418,101.66718837619317,,,,,,,,,,4501252.062061655,-31.84385742244916,g3_bu_s00_pos1_tap0_dc_mc154_ac_bipolar_a0_f0_sec0,,,,0,ac,,,154,,1863871.1715304845,,,,,,,1000.0,0.0,bipolar,,0.0,,,,0.005,0,20261003,,,,,,0,,,G3,,
5.610444455950727e-11,4.59595886322052e-11,3.8039787450164885e-10,5.6786998127778936e-11,1,1458.7445675987735,1482.895666358936,509.5290529657855,506.67149089958986,,,,,,,,,200000000.0,1592,,,,0.0,,0.29085264380001175,3.5909771478706474,18.007379528331253,30.511141058957346,45.70547660744024,,,,,,,,,,,BU,,,0.0,,47.84505835194655,32.71845665331895,6.223647582762224,1.475129386929256,0.25652788946657623,49.47430712909585,47.840738717385456,32.71521906276796,,,,364.5356572181979,267.1711196895743,97.3645375286236,,,,,,,,,,4501252.062061655,-30.522198085394187,g3_bu_s00_pos1_tap0_dc_mc155_ac_bipolar_a0_f0_sec0,,,,0,ac,,,155,,1926164.890694656,,,,,,,1000.0,0.0,bipolar,,0.0,,,,0.005,0,20261003,,,,,,0,,,G3,,
5.388840075981202e-11,4.787573948328505e-11,3.9254924516388066e-10,5.6330747787953775e-11,1,1457.9342796114613,1478.1187451397293,505.99923142897336,515.512664354593,,,,,,,,,200000000.0,1592,,,,0.0,,0.40633605259619715,3.870318033138705,18.532694766755835,30.963120941010683,46.06995619589484,,,,,,,,,,,BU,,,0.0,,47.21314377663054,31.683038939188314,5.858417945483065,1.40033212259495,0.2459859289169532,49.474307307824766,47.20888119363307,31.67991183002619,,,,369.18481144380405,272.3747692980061,96.81004214579798,,,,,,,,,,4501252.062061655,-30.974103007331095,g3_bu_s00_pos1_tap0_dc_mc156_ac_bipolar_a0_f0_sec0,,,,0,ac,,,156,,1894236.714795212,,,,,,,1000.0,0.0,bipolar,,0.0,,,,0.005,0,20261003,,,,,,0,,,G3,,
5.651483006987924e-11,4.755172820457305e-11,3.8550573544621314e-10,5.849185121993134e-11,1,1465.8054554113219,1482.2972828611248,515.4322841567763,506.63754102477964,,,,,,,,,200000000.0,1592,,,,0.0,,0.36510711487023395,4.158306053436097,18.941775325118506,31.417552081032387,46.5792598452118,,,,,,,,,,,BU,,,0.0,,47.43772191105318,30.64990334383993,5.588900526090947,1.3289513037588536,0.23197697861534464,49.474245592592396,47.433439052655984,30.646793189401933,,,,370.0650190206364,274.2773059019599,95.78771311867649,,,,,,,,,,4501252.062061655,-31.428579341414782,g3_bu_s00_pos1_tap0_dc_mc157_ac_bipolar_a0_f0_sec0,,,,0,ac,,,157,,1862766.5973643463,,,,,,,1000.0,0.0,bipolar,,0.0,,,,0.005,0,20261003,,,,,,0,,,G3,,
5.815115994245349e-11,4.857443074859841e-11,3.9763533434935714e-10,5.424117055217853e-11,1,1469.3417601935516,1483.5771352111915,512.7272580326031,513.2583605683459,,,,,,,,,200000000.0,1592,,,,0.0,,0.37397343136184313,3.7692787169833935,18.752087539538394,31.405412846095647,46.66976626124654,,,,,,,,,,,BU,,,0.0,,47.389281928763836,32.05351140302176,5.712320172375357,1.3308095430692073,0.22957242123333393,49.47420219278565,47.38500344353481,32.05051922209202,,,,374.9531968643661,273.42542020802887,101.52777665633721,,,,,,,,,,4501252.062061655,-31.416549955824653,g3_bu_s00_pos1_tap0_dc_mc158_ac_bipolar_a0_f0_sec0,,,,0,ac,,,158,,1907403.976126816,,,,,,,1000.0,0.0,bipolar,,0.0,,,,0.005,0,20261003,,,,,,0,,,G3,,
5.4269146105299706e-11,4.6329368782742105e-11,3.797453400378808e-10,5.7585054449124776e-11,1,1467.0244931159923,1456.9241639116156,512.3111444329106,514.6257450390539,,,,,,,,,200000000.0,1592,,,,0.0,,0.31239180659369364,3.799776263268937,18.267123731777573,30.65517301620667,45.75702105054408,,,,,,,,,,,BU,,,0.0,,47.726592645805816,31.941487071767302,6.040289691125713,1.45087053811546,0.2550100180404859,49.474341231571074,47.722283707105596,31.93824900388912,,,,365.6982883023949,268.8464437773652,96.85184452502966,,,,,,,,,,4501252.062061655,-30.666141494871045,g3_bu_s00_pos1_tap0_dc_mc159_ac_bipolar_a0_f0_sec0,,,,0,ac,,,159,,1902803.4614498012,,,,,,,1000.0,0.0,bipolar,,0.0,,,,0.005,0,20261003,,,,,,0,,,G3,,
5.472406995446781e-11,4.5131473376604076e-11,3.9574738344964204e-10,5.83512597838329e-11,1,1473.3483270047573,1461.0638008693481,507.72433112681034,512.7767454494419,,,,,,,,,200000000.0,1592,,,,0.0,,0.13620224493481126,3.6737120514576564,18.47432086274727,30.895989467723837,46.01890805012301,,,,,,,,,,,BU,,,0.0,,48.70457337780382,32.40848350528165,5.897925265416201,1.4111974013118542,0.24743601529434095,49.47432251031749,48.700176143213895,32.40526732985036,,,,375.43172722243514,266.2449123010113,109.18681492142383,,,,,,,,,,4501252.062061655,-30.90697658018902,g3_bu_s00_pos1_tap0_dc_mc15_ac_bipolar_a0_f0_sec0,,,,0,ac,,,15,,1924354.9130417104,,,,,,,1000.0,0.0,bipolar,,0.0,,,,0.005,0,20261003,,,,,,0,,,G3,,
5.558066951965678e-11,4.524958478361239e-11,3.9659655522618826e-10,5.486801718351388e-11,1,1463.8499728910217,1471.7421714937673,515.1474737431174,509.8019258588813,,,,,,,,,200000000.0,1592,,,,0.0,,0.13844917682075783,3.2286037530540583,17.96517302366655,30.506834016936338,45.70704174605381,,,,,,,,,,,BU,,,0.0,,48.69194826062415,34.11219244788533,6.253985583997477,1.4758609172089774,0.2564816603727117,49.47429459081912,48.68755216568357,34.10900799609478,,,,374.8246884723013,263.35411446726243,111.47057400503888,,,,,,,,,,4501252.062061655,-30.517901580605074,g3_bu_s00_pos1_tap0_dc_mc160_ac_bipolar_a0_f0_sec0,,,,0,ac,,,160,,1973336.0039594579,,,,,,,1000.0,0.0,bipolar,,0.0,,,,0.005,0,20261003,,,,,,0,,,G3,,
5.6838638554939676e-11,4.842306383871551e-11,4.084900085951838e-10,5.69236169860122e-11,1,1479.4947589143933,1480.0137025686047,507.27315690213135,510.36522382148763,,,,,,,,,200000000.0,1592,,,,0.0,,0.3322372721046159,4.083239636208124,19.296004693193414,31.853256768446748,47.046333054451615,,,,,,,,,,,BU,,,0.0,,47.61754643605702,30.91584969132223,5.365585992787756,1.2639319674518494,0.21983214010539662,49.474211074574065,47.613247342124964,30.912865604020773,,,,380.62486262343424,275.57013667495187,105.05472594848237,,,,,,,,,,4501252.062061655,-31.864322096322816,g3_bu_s00_pos1_tap0_dc_mc161_ac_bipolar_a0_f0_sec0,,,,0,ac,,,161,,1878436.3906236086,,,,,,,1000.0,0.0,bipolar,,0.0,,,,0.005,0,20261003,,,,,,0,,,G3,,
5.80610313194852e-11,4.583726908973067e-11,3.8628541572103753e-10,5.4998165562764877e-11,1,1481.37759289785,1483.7372632808751,513.776739380095,509.3985059542486,,,,,,,,,200000000.0,1592,,,,0.0,,0.22607274890980075,3.432533654760371,18.105895871799028,30.745913181149078,46.02867095212145,,,,,,,,,,,BU,,,0.0,,48.203077419463526,33.320535337622026,6.153466564632882,1.4357883409434107,0.24715765300702058,49.47415702650515,48.198725461532106,33.31738234903148,,,,370.2951176902455,266.5501772844414,103.74494040580407,,,,,,,,,,4501252.062061655,-30.757059828218285,g3_bu_s00_pos1_tap0_dc_mc162_ac_bipolar_a0_f0_sec0,,,,0,ac,,,162,,1947258.919989084,,,,,,,1000.0,0.0,bipolar,,0.0,,,,0.005,0,20261003,,,,,,0,,,G3,,
5.760658649207448e-11,4.787385243466318e-11,3.743499898323806e-10,5.527558806279506e-11,1,1477.1523966335196,1470.4726238527596,511.6252111185615,513.5333651369275,,,,,,,,,200000000.0,1592,,,,0.0,,0.44556695076525443,3.8147954810955778,18.229321687829962,30.807951466049317,46.050021526547646,,,,,,,,,,,BU,,,0.0,,47.000309236839726,31.886058732825248,6.066635360919094,1.425571678264192,0.24655110086693155,49.4742321857747,46.996065869466534,31.88290217059907,,,,361.78038558053794,272.0924311590267,89.68795442151122,,,,,,,,,,4501252.062061655,-30.81905941780175,g3_bu_s00_pos1_tap0_dc_mc163_ac_bipolar_a0_f0_sec0,,,,0,ac,,,163,,1893086.770573672,,,,,,,1000.0,0.0,bipolar,,0.0,,,,0.005,0,20261003,,,,,,0,,,G3,,
5.361600687116521e-11,4.905592690282684e-11,3.7196137654704255e-10,5.85283055822033e-11,1,1470.594328563221,1480.374078387493,509.8543752418525,513.5419811209829,,,,,,,,,200000000.0,1592,,,,0.0,,0.6257268218301741,4.44641346258234,18.80986508245343,31.153021091750993,46.21534591634267,,,,,,,,,,,BU,,,0.0,,46.035476174762536,29.64996167810545,5.674392190185205,1.3700460650785191,0.24190218297099098,49.4742228312531,46.03131991630035,29.646824441279072,,,,358.5349841599413,278.9699539117174,79.56503024822388,,,,,,,,,,4501252.062061655,-31.16395569493079,g3_bu_s00_pos1_tap0_dc_mc164_ac_bipolar_a0_f0_sec0,,,,0,ac,,,164,,1811525.5399614912,,,,,,,1000.0,0.0,bipolar,,0.0,,,,0.005,0,20261003,,,,,,0,,,G3,,
5.806953681695499e-11,4.540563544464969e-11,3.7284255276054977e-10,5.354506381569909e-11,1,1483.3068273991485,1455.5034534981564,515.7409034331747,508.9230812849625,,,,,,,,,200000000.0,1592,,,,0.0,,0.24799516568550983,3.1406507104073405,17.31670969026957,29.962141675154623,45.26659270106294,,,,,,,,,,,BU,,,0.0,,48.08168970837871,34.45923493900499,6.738726770348977,1.5713755724976983,0.26982301653680846,49.474279668620184,48.077348710123005,34.45593382778399,,,,361.37045995398455,262.591321822242,98.77913813174257,,,,,,,,,,4501252.062061655,-29.973307071161514,g3_bu_s00_pos1_tap0_dc_mc165_ac_bipolar_a0_f0_sec0,,,,0,ac,,,165,,1981436.6221410444,,,,,,,1000.0,0.0,bipolar,,0.0,,,,0.005,0,20261003,,,,,,0,,,G3,,
5.561731686681616e-11,4.590610350518869e-11,3.9213946848803546e-10,5.405251061808704e-11,1,1477.3336246138713,1469.7595348353257,509.4137693897988,506.27517232346923,,,,,,,,,200000000.0,1592,,,,0.0,,0.25799597375216843,3.2058831114284794,17.688968353315396,30.268478564047864,45.496492369917355,,,,,,,,,,,BU,,,0.0,,48.02636396895516,34.201422896340276,6.456040531641905,1.5169215319344762,0.26277481641857825,49.474282724042965,48.02202796546812,34.198223786693944,,,,368.3349925009419,264.47662228659686,103.85837021434503,,,,,,,,,,4501252.062061655,-30.27957585863271,g3_bu_s00_pos1_tap0_dc_mc166_ac_bipolar_a0_f0_sec0,,,,0,ac,,,166,,1974219.4811898868,,,,,,,1000.0,0.0,bipolar,,0.0,,,,0.005,0,20261003,,,,,,0,,,G3,,
5.339616191827913e-11,4.5976492900208605e-11,3.7302099604924356e-10,5.6639478295106145e-11,1,1472.6517093674222,1471.5162573472358,513.4102144763172,515.0669476341333,,,,,,,,,200000000.0,1592,,,,0.0,,0.3616954977362002,3.6914535649661846,17.928271869163424,30.309288757786288,45.40949678809419,,,,,,,,,,,BU,,,0.0,,47.45634618223429,32.34218040916814,6.280559653833106,1.509808534041645,0.2654192541495729,49.47423325744848,47.45206164197493,32.338895894149005,,,,360.7480857280568,267.92279267037753,92.82529305767929,,,,,,,,,,4501252.062061655,-30.320256344126705,g3_bu_s00_pos1_tap0_dc_mc167_ac_bipolar_a0_f0_sec0,,,,0,ac,,,167,,1911944.708110679,,,,,,,1000.0,0.0,bipolar,,0.0,,,,0.005,0,20261003,,,,,,0,,,G3,,
5.705886004141017e-11,4.5826688849809113e-11,4.021288083112956e-10,5.553319584517293e-11,1,1472.4978130996228,1477.5970357181193,507.0909422891447,506.2282790702829,,,,,,,,,200000000.0,1592,,,,0.0,,0.16384877081653013,3.3665917938619656,18.247207392610665,30.85397955311175,46.10013250258606,,,,,,,,,,,BU,,,0.0,,48.54975546681782,33.57455747788507,6.0541908910580835,1.4180389383166234,0.24513308402400236,49.47428031068902,48.5453722097618,33.5714393314132,,,,376.45172241284524,265.7584484942743,110.69327391857092,,,,,,,,,,4501252.062061655,-30.86509228362123,g3_bu_s00_pos1_tap0_dc_mc168_ac_bipolar_a0_f0_sec0,,,,0,ac,,,168,,1957449.964684928,,,,,,,1000.0,0.0,bipolar,,0.0,,,,0.005,0,20261003,,,,,,0,,,G3,,
5.604067203287534e-11,4.6766972279748096e-11,3.745566839186398e-10,5.8127179093721726e-11,1,1475.080741771386,1470.6555130327852,508.28461695954644,508.8678817118038,,,,,,,,,200000000.0,1592,,,,0.0,,0.3852747634356111,3.937078954289676,18.33337929395807,30.791632827685937,45.95713186365907,,,,,,,,,,,BU,,,0.0,,47.32773909820269,31.44049422608814,5.994383261176154,1.4282533574565828,0.24920197708056752,49.474281566067305,47.323466169334345,31.437280582025135,,,,361.9522883147558,271.1676435132593,90.78464480149648,,,,,,,,,,4501252.062061655,-30.802660531195507,g3_bu_s00_pos1_tap0_dc_mc169_ac_bipolar_a0_f0_sec0,,,,0,ac,,,169,,1881704.6138515167,,,,,,,1000.0,0.0,bipolar,,0.0,,,,0.005,0,20261003,,,,,,0,,,G3,,
5.4546448629364776e-11,4.5701190909500105e-11,3.841159383985048e-10,5.330566030455298e-11,1,1484.001312638038,1476.6108017103845,512.970888838605,512.3941874591291,,,,,,,,,200000000.0,1592,,,,0.0,,0.3016774621334542,3.1965056294516736,17.504756381139266,30.053181581600896,45.26015465542313,,,,,,,,,,,BU,,,0.0,,47.78533372803637,34.23828354469853,6.594394175877691,1.5549874292830628,0.2700221960870556,49.4741676649858,47.78101948566825,34.235040050811456,,,,364.7292448242074,264.3145038047634,100.41474101944402,,,,,,,,,,4501252.062061655,-30.06425917137696,g3_bu_s00_pos1_tap0_dc_mc16_ac_bipolar_a0_f0_sec0,,,,0,ac,,,16,,1974637.5278981472,,,,,,,1000.0,0.0,bipolar,,0.0,,,,0.005,0,20261003,,,,,,0,,,G3,,
5.7985228934506395e-11,4.512934849497893e-11,3.822826433206356e-10,5.574649298437224e-11,1,1455.9062543790158,1484.0850972365183,515.7819856282065,506.92141513202586,,,,,,,,,200000000.0,1592,,,,0.0,,0.1647504736658699,3.339230919817112,17.89763261412516,30.49625012298914,45.76138070822766,,,,,,,,,,,BU,,,0.0,,48.54471935857133,33.6805062488177,6.302794721536219,1.4776603193708728,0.25488223035719926,49.47428407701472,48.54033655608736,33.67727910168566,,,,368.88386807282336,263.97889135720834,104.90497671561502,,,,,,,,,,4501252.062061655,-30.50737513326129,g3_bu_s00_pos1_tap0_dc_mc170_ac_bipolar_a0_f0_sec0,,,,0,ac,,,170,,1958790.14915293,,,,,,,1000.0,0.0,bipolar,,0.0,,,,0.005,0,20261003,,,,,,0,,,G3,,
5.806198555388507e-11,4.478405872083969e-11,4.002227350629721e-10,5.383243705243715e-11,1,1480.131671958811,1465.6038442495108,515.9691184484424,515.0878297682996,,,,,,,,,200000000.0,1592,,,,0.0,,0.033496545560750456,3.061905151530345,18.037124769585066,30.704737951534312,45.995526197124406,,,,,,,,,,,BU,,,0.0,,49.28378850367068,34.773037525049034,6.202407332061915,1.442612708784225,0.2481029363109232,49.47421504616741,49.27933897511321,34.76991836451358,,,,380.5404709634795,261.7628808501693,118.77759011331017,,,,,,,,,,4501252.062061655,-30.715893719211998,g3_bu_s00_pos1_tap0_dc_mc171_ac_bipolar_a0_f0_sec0,,,,0,ac,,,171,,1993026.1042984712,,,,,,,1000.0,0.0,bipolar,,0.0,,,,0.005,0,20261003,,,,,,0,,,G3,,
5.5074343439247914e-11,4.580163858036824e-11,3.9852861927696574e-10,5.4878889023624906e-11,1,1462.652719073289,1460.4686170702594,514.739477086201,512.0103727703435,,,,,,,,,200000000.0,1592,,,,0.0,,0.1650389154452858,3.305660512281425,18.079156840360675,30.590241847376664,45.76169940517287,,,,,,,,,,,BU,,,0.0,,48.543169146194124,33.810976986776325,6.172459069829698,1.4617579453772562,0.2548729630766608,49.474347101284366,48.53878648360849,33.80780774590728,,,,375.5143177492148,264.48136818124635,111.03294956796844,,,,,,,,,,4501252.062061655,-30.601283278522494,g3_bu_s00_pos1_tap0_dc_mc172_ac_bipolar_a0_f0_sec0,,,,0,ac,,,172,,1964630.9061836707,,,,,,,1000.0,0.0,bipolar,,0.0,,,,0.005,0,20261003,,,,,,0,,,G3,,
5.326175081620616e-11,4.746901573742035e-11,3.7737547555763833e-10,5.774403979787031e-11,1,1465.5608104802104,1475.2001676253567,511.28823566881846,513.7859971361278,,,,,,,,,200000000.0,1592,,,,0.0,,0.4593040117137941,4.054125227990186,18.450828435094756,30.80275519131703,45.87046780300246,,,,,,,,,,,BU,,,0.0,,46.926067471846046,31.019704921058786,5.913867477313503,1.4264246687737452,0.2517004990756238,49.47426617848732,46.921830807534846,31.016504917621404,,,,362.2330451515082,273.07405294288435,89.15899220862383,,,,,,,,,,4501252.062061655,-30.813694307996293,g3_bu_s00_pos1_tap0_dc_mc173_ac_bipolar_a0_f0_sec0,,,,0,ac,,,173,,1867456.0590614812,,,,,,,1000.0,0.0,bipolar,,0.0,,,,0.005,0,20261003,,,,,,0,,,G3,,
5.8087433434648465e-11,4.7757622333985264e-11,3.8324069494122215e-10,5.639371107454571e-11,1,1470.0701651728818,1482.6484941248175,512.5092350217053,509.1353120917782,,,,,,,,,200000000.0,1592,,,,0.0,,0.38259645660117875,3.9156057958412345,18.61737190411685,31.203112092692358,46.444363457192566,,,,,,,,,,,BU,,,0.0,,47.342280625671435,31.51818843953982,5.801584860891978,1.3621690891069294,0.2356079131276497,49.47422482023559,47.338006384039744,31.51509060102301,,,,367.850903612631,272.949266619249,94.901636993382,,,,,,,,,,4501252.062061655,-31.214218985415826,g3_bu_s00_pos1_tap0_dc_mc174_ac_bipolar_a0_f0_sec0,,,,0,ac,,,174,,1886685.0172672467,,,,,,,1000.0,0.0,bipolar,,0.0,,,,0.005,0,20261003,,,,,,0,,,G3,,
5.502228282331229e-11,4.820588781388686e-11,3.9856845197536554e-10,5.359721026906016e-11,1,1456.9448132499417,1461.9285025977736,515.2632657209191,509.7174112752143,,,,,,,,,200000000.0,1592,,,,0.0,,0.3721734013170121,3.5069271478523953,18.22681617325043,30.765452169500495,45.939027765250614,,,,,,,,,,,BU,,,0.0,,47.39926955404329,33.03647893069493,6.0684228227822885,1.4325679448943118,0.24972246294546266,49.47437528997271,47.39499016725178,33.03339449711083,,,,371.9547581167038,269.87428294530935,102.08047517139443,,,,,,,,,,4501252.062061655,-30.77650375592409,g3_bu_s00_pos1_tap0_dc_mc175_ac_bipolar_a0_f0_sec0,,,,0,ac,,,175,,1937779.6969019184,,,,,,,1000.0,0.0,bipolar,,0.0,,,,0.005,0,20261003,,,,,,0,,,G3,,
5.476157176712199e-11,4.687516764518125e-11,3.81985845165538e-10,5.7096459638337133e-11,1,1469.9899612324334,1469.5745437796884,506.2183008750229,508.7788102351755,,,,,,,,,200000000.0,1592,,,,0.0,,0.3820128123591641,3.7764484581118904,18.182578674174984,30.626807467467227,45.767821131569335,,,,,,,,,,,BU,,,0.0,,47.345555430173114,32.027288450336556,6.09937006488637,1.4556160840675938,0.25469313747436356,49.47432258232245,47.341280892998505,32.0240762331997,,,,363.43803608617554,270.00115234918076,93.43688373699479,,,,,,,,,,4501252.062061655,-30.637815984034145,g3_bu_s00_pos1_tap0_dc_mc176_ac_bipolar_a0_f0_sec0,,,,0,ac,,,176,,1902122.5773893464,,,,,,,1000.0,0.0,bipolar,,0.0,,,,0.005,0,20261003,,,,,,0,,,G3,,
5.481384865396412e-11,4.8395537624298144e-11,4.071164598219679e-10,5.4730803610048454e-11,1,1478.0894868785917,1470.2662333765547,511.5811759770816,508.4620334943397,,,,,,,,,200000000.0,1592,,,,0.0,,0.3781996379270278,3.741285013362667,18.708404777811396,31.2386001736007,46.40036375406872,,,,,,,,,,,BU,,,0.0,,47.36627921394099,32.15706387899965,5.741117294403554,1.3566155752344695,0.2368044045300975,49.474253797680944,47.3620028054454,32.15404480079525,,,,376.5219618998078,272.8215498515318,103.70041204827601,,,,,,,,,,4501252.062061655,-31.249640532593492,g3_bu_s00_pos1_tap0_dc_mc177_ac_bipolar_a0_f0_sec0,,,,0,ac,,,177,,1912679.1229088362,,,,,,,1000.0,0.0,bipolar,,0.0,,,,0.005,0,20261003,,,,,,0,,,G3,,
5.853928132072478e-11,4.884903194021638e-11,4.0465991478139716e-10,5.495576113831924e-11,1,1475.084150679541,1473.7966211335897,507.22825522869005,513.7834705958736,,,,,,,,,200000000.0,1592,,,,0.0,,0.3526668408951295,3.8628408749933993,19.01201569987845,31.667288414743425,46.92967534995187,,,,,,,,,,,BU,,,0.0,,47.5057140215237,31.71018073943704,5.543924056026077,1.2912863260732792,0.22280487715671796,49.474246899420855,47.501425024577536,31.707224393424433,,,,378.54214452999764,274.4732990091203,104.06884552087735,,,,,,,,,,4501252.062061655,-31.678423539989637,g3_bu_s00_pos1_tap0_dc_mc178_ac_bipolar_a0_f0_sec0,,,,0,ac,,,178,,1899304.7893230105,,,,,,,1000.0,0.0,bipolar,,0.0,,,,0.005,0,20261003,,,,,,0,,,G3,,
5.671472088637576e-11,4.93384360087544e-11,3.88832762812831e-10,5.5078768086683725e-11,1,1465.9906972381361,1464.9616106455605,508.8512050467267,514.4829782457299,,,,,,,,,200000000.0,1592,,,,0.0,,0.4911711876862995,3.9411833345515523,18.638865622156622,31.195872026589964,46.39646603408207,,,,,,,,,,,BU,,,0.0,,46.75427223621546,31.425519642919227,5.787259093487527,1.3633075279310702,0.23691109389763118,49.47432306518267,46.750051082047776,31.42246628886516,,,,367.76557208044625,275.2314528474409,92.53411923300536,,,,,,,,,,4501252.062061655,-31.206946281321986,g3_bu_s00_pos1_tap0_dc_mc179_ac_bipolar_a0_f0_sec0,,,,0,ac,,,179,,1880980.5253150782,,,,,,,1000.0,0.0,bipolar,,0.0,,,,0.005,0,20261003,,,,,,0,,,G3,,
5.399223819105874e-11,4.8539244580643015e-11,3.79680861479835e-10,5.650561001382526e-11,1,1455.5095896164373,1458.7715407723736,507.15208698546206,511.62094298751117,,,,,,,,,200000000.0,1592,,,,0.0,,0.5136298889975237,3.9389326972518246,18.26073548907301,30.662256418414298,45.760706783664695,,,,,,,,,,,BU,,,0.0,,46.63363683364806,31.433814306948396,6.044740938004233,1.4496903567785004,0.2549022455740346,49.47442787496667,46.62942657117856,31.430627235780154,,,,360.49632491816527,273.2124369762834,87.28388794188186,,,,,,,,,,4501252.062061655,-30.67322860062271,g3_bu_s00_pos1_tap0_dc_mc17_ac_bipolar_a0_f0_sec0,,,,0,ac,,,17,,1877486.5885159085,,,,,,,1000.0,0.0,bipolar,,0.0,,,,0.005,0,20261003,,,,,,0,,,G3,,
5.331926265541153e-11,4.9202169032134e-11,3.945689243383419e-10,5.5982031952816875e-11,1,1470.5461425696146,1460.845477523558,508.18051701785953,515.9467964461497,,,,,,,,,200000000.0,1592,,,,0.0,,0.5053056500381032,4.048838490933244,18.764509876595294,31.17500133033923,46.25400213870931,,,,,,,,,,,BU,,,0.0,,46.67824520830998,31.038540112588375,5.70413793923734,1.3665864066658906,0.24082853623184866,49.47431656417809,46.67403091819792,31.0354660659433,,,,369.31152606283683,275.82427085393044,93.48725520890639,,,,,,,,,,4501252.062061655,-31.185961160654706,g3_bu_s00_pos1_tap0_dc_mc180_ac_bipolar_a0_f0_sec0,,,,0,ac,,,180,,1871415.3566699452,,,,,,,1000.0,0.0,bipolar,,0.0,,,,0.005,0,20261003,,,,,,0,,,G3,,
5.757036076492342e-11,4.633293424225905e-11,3.9033975519012236e-10,5.4546302921821487e-11,1,1457.4977322898908,1476.6764515555558,506.04895578109927,514.2994671769393,,,,,,,,,200000000.0,1592,,,,0.0,,0.2353432500361638,3.340779183750508,17.978738297807027,30.599310854115505,45.86176595130519,,,,,,,,,,,BU,,,0.0,,48.15181980981183,33.67445100156391,6.244231211333084,1.4602323241622626,0.25195364414287225,49.47432385952227,48.14747247975466,33.6712929754982,,,,370.40715871982917,265.8669701234573,104.54018859637188,,,,,,,,,,4501252.062061655,-30.610439632408873,g3_bu_s00_pos1_tap0_dc_mc181_ac_bipolar_a0_f0_sec0,,,,0,ac,,,181,,1958235.615873028,,,,,,,1000.0,0.0,bipolar,,0.0,,,,0.005,0,20261003,,,,,,0,,,G3,,
5.5550582891998865e-11,4.820837628798579e-11,4.0229541406044674e-10,5.661247162553823e-11,1,1472.9187004840874,1484.2206445712875,505.9079927909495,508.0657131140734,,,,,,,,,200000000.0,1592,,,,0.0,,0.38522172642872865,3.9594058242107915,18.899289297383707,31.41675799954023,46.58364756553225,,,,,,,,,,,BU,,,0.0,,47.327988812797344,31.359705439478937,5.616319183197481,1.3290728523060176,0.23185982246521883,49.4742405105448,47.32371586161826,31.35666554239489,,,,374.5435909604266,274.27445092528814,100.26914003513849,,,,,,,,,,4501252.062061655,-31.427798396618964,g3_bu_s00_pos1_tap0_dc_mc182_ac_bipolar_a0_f0_sec0,,,,0,ac,,,182,,1887044.4198108146,,,,,,,1000.0,0.0,bipolar,,0.0,,,,0.005,0,20261003,,,,,,0,,,G3,,
5.444811373739678e-11,4.7702093519097174e-11,3.8357577295745494e-10,5.345953796405593e-11,1,1459.7825866052938,1476.1971786875388,513.307950558678,506.68829751136224,,,,,,,,,200000000.0,1592,,,,0.0,,0.4571670135545481,3.460239424004583,17.700351201248246,30.22403632900979,45.40493194587989,,,,,,,,,,,BU,,,0.0,,46.937660364907764,33.21446056179201,6.447572915690541,1.5247035129138948,0.2655594517434312,49.474314880566176,46.93342265381925,33.21125483826875,,,,361.3589432534618,268.8423676802665,92.51657557319533,,,,,,,,,,4501252.062061655,-30.23509246537742,g3_bu_s00_pos1_tap0_dc_mc183_ac_bipolar_a0_f0_sec0,,,,0,ac,,,183,,1938098.118386847,,,,,,,1000.0,0.0,bipolar,,0.0,,,,0.005,0,20261003,,,,,,0,,,G3,,
5.871379698197964e-11,4.516328941278908e-11,3.846624537423963e-10,5.746021955545954e-11,1,1462.710373654965,1471.6128111486719,509.7007518202595,506.28451173210595,,,,,,,,,200000000.0,1592,,,,0.0,,0.13985232878573978,3.5063438170586925,18.180761866686204,30.768034194759792,46.029529676772604,,,,,,,,,,,BU,,,0.0,,48.68413320446535,33.03885339839361,6.1006714637511985,1.432141602033921,0.24713410073289022,49.4743455984689,48.67973781521854,33.03564165094399,,,,370.720851161043,265.1524802950445,105.56837086599853,,,,,,,,,,4501252.062061655,-30.779153035532424,g3_bu_s00_pos1_tap0_dc_mc184_ac_bipolar_a0_f0_sec0,,,,0,ac,,,184,,1940098.158702311,,,,,,,1000.0,0.0,bipolar,,0.0,,,,0.005,0,20261003,,,,,,0,,,G3,,
5.3665579736136566e-11,4.695235749903839e-11,3.8663241294639973e-10,5.790447570562048e-11,1,1473.6525113603543,1477.370962312259,509.0133883158295,516.0443151229192,,,,,,,,,200000000.0,1592,,,,0.0,,0.36514360849928923,4.01142803442139,18.655140539800804,31.0387557498558,46.12441284495079,,,,,,,,,,,BU,,,0.0,,47.437494368207815,31.172552602395708,5.7763935472536,1.3881885386506645,0.24444802950378922,49.47421614586001,47.43321153028489,31.169386609302595,,,,368.6693669397951,272.23416243851716,96.43520450127795,,,,,,,,,,4501252.062061655,-31.0497121575921,g3_bu_s00_pos1_tap0_dc_mc185_ac_bipolar_a0_f0_sec0,,,,0,ac,,,185,,1879378.7529394887,,,,,,,1000.0,0.0,bipolar,,0.0,,,,0.005,0,20261003,,,,,,0,,,G3,,
5.5192317217127723e-11,4.609195619650367e-11,3.956733375952814e-10,5.501411093537786e-11,1,1462.1758718678407,1469.217097894091,511.0785074591376,512.6468367470412,,,,,,,,,200000000.0,1592,,,,0.0,,0.21725981072568576,3.377206336491354,18.080378736442412,30.59861779523835,45.777266195721936,,,,,,,,,,,BU,,,0.0,,48.25217014042073,33.533600992155876,6.171584369832596,1.4603482663130247,0.25441646595971035,49.474320829997886,48.24781375055438,33.53043310027016,,,,373.01399657410985,265.69732497830347,107.31667159580638,,,,,,,,,,4501252.062061655,-30.609666389368027,g3_bu_s00_pos1_tap0_dc_mc186_ac_bipolar_a0_f0_sec0,,,,0,ac,,,186,,1955302.5730089627,,,,,,,1000.0,0.0,bipolar,,0.0,,,,0.005,0,20261003,,,,,,0,,,G3,,
5.6290908568107975e-11,4.6587387664564085e-11,3.9457426753404014e-10,5.382976505934531e-11,1,1480.5610233253287,1474.1182328027235,512.5159519345345,511.4723796173198,,,,,,,,,200000000.0,1592,,,,0.0,,0.2743940173051691,3.364928530885652,18.072908133217055,30.679091470862847,45.91797639688172,,,,,,,,,,,BU,,,0.0,,47.93570453641259,33.58085455448093,6.176889441202393,1.446877822822292,0.25032774393732293,49.47420402118021,47.93137671782767,33.5777374097562,,,,372.04484942047895,267.10795831760834,104.93689110287062,,,,,,,,,,4501252.062061655,-30.690201358311704,g3_bu_s00_pos1_tap0_dc_mc187_ac_bipolar_a0_f0_sec0,,,,0,ac,,,187,,1955471.468741503,,,,,,,1000.0,0.0,bipolar,,0.0,,,,0.005,0,20261003,,,,,,0,,,G3,,
5.626255163821131e-11,4.7065448706438165e-11,3.9330527911923657e-10,5.3499640493799175e-11,1,1474.4071371791113,1475.4087753623871,510.09832401484886,514.5144156008354,,,,,,,,,200000000.0,1592,,,,0.0,,0.3179864018923709,3.3949612633729793,18.05698658987706,30.664890441035414,45.90273669385555,,,,,,,,,,,BU,,,0.0,,47.69574939100997,33.464943365073374,6.18822314356903,1.449245925880261,0.25076743162875414,49.47422466225963,47.69144323672705,33.46183167217534,,,,370.6866681944487,267.9728110105417,102.71385718390701,,,,,,,,,,4501252.062061655,-30.676000682241646,g3_bu_s00_pos1_tap0_dc_mc188_ac_bipolar_a0_f0_sec0,,,,0,ac,,,188,,1951020.8882860593,,,,,,,1000.0,0.0,bipolar,,0.0,,,,0.005,0,20261003,,,,,,0,,,G3,,
5.7715266685450384e-11,4.466833481505698e-11,3.8779770509627525e-10,5.6081614975935083e-11,1,1483.0665640852535,1459.483351709437,505.93393865022796,508.4011709299639,,,,,,,,,200000000.0,1592,,,,0.0,,0.12346486449120077,3.2401690335790354,17.821842129149108,30.421727341928484,45.68732719306226,,,,,,,,,,,BU,,,0.0,,48.77603905120144,34.0668220665679,6.3580363613025375,1.4903936908099134,0.2570647232122317,49.47431307219691,48.77163536415484,34.063586476971146,,,,370.25384679994715,262.59414042870134,107.65970637124582,,,,,,,,,,4501252.062061655,-30.432852421608757,g3_bu_s00_pos1_tap0_dc_mc189_ac_bipolar_a0_f0_sec0,,,,0,ac,,,189,,1971144.0996018907,,,,,,,1000.0,0.0,bipolar,,0.0,,,,0.005,0,20261003,,,,,,0,,,G3,,
5.745278435161449e-11,4.920203162261074e-11,3.908545696229391e-10,5.642275468280279e-11,1,1470.784103536085,1482.1947589951142,510.45020853478303,511.34662573758044,,,,,,,,,200000000.0,1592,,,,0.0,,0.4717861954279957,4.15799321488612,19.040383143153438,31.6060109409184,46.816210851073215,,,,,,,,,,,BU,,,0.0,,46.85863824301393,30.650863372552916,5.525823282771291,1.3004272331717417,0.22573421582834363,49.47422196660612,46.85440766634625,30.64784987207364,,,,370.754195190155,277.26700918898064,93.48718600117434,,,,,,,,,,4501252.062061655,-31.6170921730844,g3_bu_s00_pos1_tap0_dc_mc18_ac_bipolar_a0_f0_sec0,,,,0,ac,,,18,,1858695.9239646166,,,,,,,1000.0,0.0,bipolar,,0.0,,,,0.005,0,20261003,,,,,,0,,,G3,,
5.667408258892635e-11,4.9303351637024226e-11,3.7212961319604583e-10,5.375069913386897e-11,1,1477.1721624517575,1479.966068133437,507.3131730205771,511.30640838163816,,,,,,,,,200000000.0,1592,,,,0.0,,0.6321670288157069,3.863848541061806,17.987662155125065,30.578659671036654,45.82343167547174,,,,,,,,,,,BU,,,0.0,,46.001349208924005,31.706403915878937,6.237775552026683,1.4637047385516815,0.25306741269973004,49.47421602719478,45.997196031400165,31.703239575811153,,,,355.07545343252593,274.86548049085457,80.20997294167137,,,,,,,,,,4501252.062061655,-30.589775648097355,g3_bu_s00_pos1_tap0_dc_mc190_ac_bipolar_a0_f0_sec0,,,,0,ac,,,190,,1875136.2897476845,,,,,,,1000.0,0.0,bipolar,,0.0,,,,0.005,0,20261003,,,,,,0,,,G3,,
5.87617967517157e-11,4.586367886014758e-11,4.053258364230005e-10,5.79921932196971e-11,1,1467.7464616509083,1472.3427547336046,513.4587971277856,512.8332457525394,,,,,,,,,200000000.0,1592,,,,0.0,,0.05010576934871414,3.822316757919873,19.127149909410353,31.710891874899144,46.94551803188397,,,,,,,,,,,BU,,,0.0,,49.18968891254718,31.858753669616085,5.470921404393436,1.2848205780052018,0.22239890434487164,49.47426653749244,49.185247879823145,31.85567131052456,,,,385.99436486944046,268.6661395058521,117.32822536358839,,,,,,,,,,4501252.062061655,-31.72198856848766,g3_bu_s00_pos1_tap0_dc_mc191_ac_bipolar_a0_f0_sec0,,,,0,ac,,,191,,1913266.0180260763,,,,,,,1000.0,0.0,bipolar,,0.0,,,,0.005,0,20261003,,,,,,0,,,G3,,
5.589830512799422e-11,4.554661510302472e-11,3.723928746028795e-10,5.3558762565684784e-11,1,1471.1992063968441,1471.8256231083762,513.320239185832,515.39996434579,,,,,,,,,200000000.0,1592,,,,0.0,,0.2994506363279252,3.20805684828319,17.319659917582342,29.881003774638284,45.117880608213035,,,,,,,,,,,BU,,,0.0,,47.797654353405335,34.19286440755767,6.73642237516705,1.586121280591403,0.2744820056719383,49.47423825241227,47.79333899878001,34.18955061863788,,,,360.1366089636664,263.4499988059258,96.68661015774057,,,,,,,,,,4501252.062061655,-29.892105122833534,g3_bu_s00_pos1_tap0_dc_mc192_ac_bipolar_a0_f0_sec0,,,,0,ac,,,192,,1972323.8628754385,,,,,,,1000.0,0.0,bipolar,,0.0,,,,0.005,0,20261003,,,,,,0,,,G3,,
5.473426116974181e-11,4.5114992878815035e-11,3.721632469336207e-10,5.5935460619073854e-11,1,1479.8183096109829,1461.0367070939042,510.8135179840131,508.3291666928708,,,,,,,,,200000000.0,1592,,,,0.0,,0.2937426038565371,3.3749893010209613,17.460473634006192,29.920220244585842,45.09184418832324,,,,,,,,,,,BU,,,0.0,,47.82913167949142,33.54217666317798,6.628089130211965,1.5789774817372983,0.2753061359143712,49.47429640972523,47.824813482914514,33.5388292598644,,,,358.97273537522346,263.95422352692987,95.0185118482936,,,,,,,,,,4501252.062061655,-29.93125378048303,g3_bu_s00_pos1_tap0_dc_mc193_ac_bipolar_a0_f0_sec0,,,,0,ac,,,193,,1951086.6345677213,,,,,,,1000.0,0.0,bipolar,,0.0,,,,0.005,0,20261003,,,,,,0,,,G3,,
5.860269860009433e-11,4.815595998827465e-11,3.832465313344413e-10,5.6823086173360514e-11,1,1482.640323258221,1482.9829598590356,513.6500340497339,512.6888939632581,,,,,,,,,200000000.0,1592,,,,0.0,,0.40448627051416003,4.118060120878993,18.96163931512078,31.555773081323746,46.80064453056862,,,,,,,,,,,BU,,,0.0,,47.22303762148329,30.792068395518932,5.576134685564853,1.3079684006209495,0.2261388260761523,49.474137661732996,47.218774145476544,30.789018956045997,,,,369.81643194933446,275.5058640564745,94.31056789285998,,,,,,,,,,4501252.062061655,-31.566883770391904,g3_bu_s00_pos1_tap0_dc_mc194_ac_bipolar_a0_f0_sec0,,,,0,ac,,,194,,1864107.740608805,,,,,,,1000.0,0.0,bipolar,,0.0,,,,0.005,0,20261003,,,,,,0,,,G3,,
5.866292222298799e-11,4.876882044317916e-11,3.846399309054245e-10,5.6246306774364e-11,1,1476.9771071825855,1461.7451502695578,506.00444163744896,511.9690833380062,,,,,,,,,200000000.0,1592,,,,0.0,,0.44307716594075575,3.9984578260383308,18.708288911462233,31.311329128342162,46.561256258231005,,,,,,,,,,,BU,,,0.0,,47.01385929240823,31.21902030369612,5.741188468484576,1.3453056346585186,0.23245882696817652,49.47431176698511,47.00961470169358,31.21595421907331,,,,367.10388844773695,274.8418837690558,92.26200467868114,,,,,,,,,,4501252.062061655,-31.322446227298094,g3_bu_s00_pos1_tap0_dc_mc195_ac_bipolar_a0_f0_sec0,,,,0,ac,,,195,,1874487.9406634849,,,,,,,1000.0,0.0,bipolar,,0.0,,,,0.005,0,20261003,,,,,,0,,,G3,,
5.63601010302666e-11,4.807809553287923e-11,3.741853873841087e-10,5.4618417360882123e-11,1,1457.2307469096668,1471.6789506003104,507.82886125057655,508.5681815856523,,,,,,,,,200000000.0,1592,,,,0.0,,0.4940575623551223,3.6592497653419116,17.799958228348274,30.346731168938202,45.56553120928623,,,,,,,,,,,BU,,,0.0,,46.73878019014335,32.462228369427436,6.374056010076318,1.5033190544129593,0.26069483978927405,49.47436763509791,46.734560434559135,32.459003684931446,,,,357.24714760346586,270.5572562412828,86.68989136218306,,,,,,,,,,4501252.062061655,-30.357818160859146,g3_bu_s00_pos1_tap0_dc_mc196_ac_bipolar_a0_f0_sec0,,,,0,ac,,,196,,1909045.9034776054,,,,,,,1000.0,0.0,bipolar,,0.0,,,,0.005,0,20261003,,,,,,0,,,G3,,
5.8085432139785345e-11,4.7072638278703666e-11,3.9669260614570623e-10,5.447926039658479e-11,1,1458.7137954580453,1469.013908829559,507.6775970390992,516.0557952938018,,,,,,,,,200000000.0,1592,,,,0.0,,0.2350442682653902,3.4540935747671795,18.324800850666815,30.961096904232523,46.224406004708406,,,,,,,,,,,BU,,,0.0,,48.15349198331316,33.23803971655848,6.000358651444468,1.400660395182069,0.24165114454137157,49.47433894713474,48.14914450231738,33.23495664164228,,,,374.976244302049,267.8436109397608,107.13263336228817,,,,,,,,,,4501252.062061655,-30.972228835252178,g3_bu_s00_pos1_tap0_dc_mc197_ac_bipolar_a0_f0_sec0,,,,0,ac,,,197,,1946139.926276224,,,,,,,1000.0,0.0,bipolar,,0.0,,,,0.005,0,20261003,,,,,,0,,,G3,,
5.565747830391422e-11,4.513320066604599e-11,3.949512251666219e-10,5.5484018417484755e-11,1,1461.3094633085782,1468.0479040563914,509.5647515453006,508.4227198843259,,,,,,,,,200000000.0,1592,,,,0.0,,0.14447473003475128,3.2259384862719416,17.86502138295361,30.396051413286656,45.59508957383304,,,,,,,,,,,BU,,,0.0,,48.65824572448103,34.12271419198736,6.3265141425995255,1.4948069440316882,0.25980915931535636,49.474359872073315,48.65385267231286,34.1194974844607,,,,372.56402104923916,262.9347528593229,109.62926818991627,,,,,,,,,,4501252.062061655,-30.40711601278669,g3_bu_s00_pos1_tap0_dc_mc198_ac_bipolar_a0_f0_sec0,,,,0,ac,,,198,,1973288.036707309,,,,,,,1000.0,0.0,bipolar,,0.0,,,,0.005,0,20261003,,,,,,0,,,G3,,
5.72406120038804e-11,4.7643471791130094e-11,4.0199286670612895e-10,5.5506346230349846e-11,1,1459.6036887074267,1482.5641261615733,515.7589292973812,505.8902960427826,,,,,,,,,200000000.0,1592,,,,0.0,,0.2792116113186712,3.7225634578803026,18.74571790452036,31.33691766494738,46.56061024971922,,,,,,,,,,,BU,,,0.0,,47.909195655349805,32.22650110162363,5.716514815355664,1.3413473013581942,0.2324759247835399,49.47427743819199,47.9048702304294,32.223462577541,,,,377.47727612786633,271.1777856365116,106.29949049135473,,,,,,,,,,4501252.062061655,-31.3480120422513,g3_bu_s00_pos1_tap0_dc_mc199_ac_bipolar_a0_f0_sec0,,,,0,ac,,,199,,1916446.0129511904,,,,,,,1000.0,0.0,bipolar,,0.0,,,,0.005,0,20261003,,,,,,0,,,G3,,
5.3215879512511896e-11,4.516038036112099e-11,3.887814990662489e-10,5.8043612502912305e-11,1,1475.5039275247934,1466.5526083110287,513.0630606336861,507.95590753762514,,,,,,,,,200000000.0,1592,,,,0.0,,0.21667115210471327,3.6656235117222957,18.23273647930566,30.599534536052047,45.68208762818401,,,,,,,,,,,BU,,,0.0,,48.25540206408231,32.438616853066364,6.0642467604001835,1.460192243451714,0.25721915824265856,49.47428153671227,48.25104538213526,32.43536032716247,,,,369.7436992199741,266.4127200339983,103.33097918597576,,,,,,,,,,4501252.062061655,-30.610483967610733,g3_bu_s00_pos1_tap0_dc_mc19_ac_bipolar_a0_f0_sec0,,,,0,ac,,,19,,1922101.899824649,,,,,,,1000.0,0.0,bipolar,,0.0,,,,0.005,0,20261003,,,,,,0,,,G3,,
5.374286934389741e-11,4.606282693718425e-11,4.031360493454561e-10,5.348355035767448e-11,1,1469.1680011285519,1476.8816631638838,506.92059766792113,516.0925952755186,,,,,,,,,200000000.0,1592,,,,0.0,,0.233136822623179,3.186293909484409,17.8933600625286,30.415416088496418,45.57975387896856,,,,,,,,,,,BU,,,0.0,,48.163982715179436,34.27863222834548,6.305901819875556,1.491474741120377,0.2602676147756506,49.47425156218495,48.159634287141955,34.2754903071944,,,,374.47417296509695,264.72387580286914,109.75029716222781,,,,,,,,,,4501252.062061655,-30.42645672404354,g3_bu_s00_pos1_tap0_dc_mc1_ac_bipolar_a0_f0_sec0,,,,0,ac,,,1,,1977822.7311021264,,,,,,,1000.0,0.0,bipolar,,0.0,,,,0.005,0,20261003,,,,,,0,,,G3,,
5.6814778943712875e-11,4.765810815821878e-11,3.98139253952177e-10,5.496613202413923e-11,1,1475.6920358553923,1464.251080176091,509.7585268049373,514.179799582743,,,,,,,,,200000000.0,1592,,,,0.0,,0.307118052683006,3.6608706673901263,18.56341994235077,31.14684711528323,46.36525678561506,,,,,,,,,,,BU,,,0.0,,47.755517192176,32.45616078920592,5.837752428063273,1.371022961982837,0.23776371693599657,49.474276905717865,47.75120564167238,32.45310085287751,,,,374.8497155185398,270.68634416219095,104.16337135634888,,,,,,,,,,4501252.062061655,-31.157937109034343,g3_bu_s00_pos1_tap0_dc_mc20_ac_bipolar_a0_f0_sec0,,,,0,ac,,,20,,1921765.9601028685,,,,,,,1000.0,0.0,bipolar,,0.0,,,,0.005,0,20261003,,,,,,0,,,G3,,
5.5485792134164005e-11,4.866476841887054e-11,4.017088633356507e-10,5.486442363456332e-11,1,1480.6352349462206,1466.4013432522681,513.8105013864979,512.4559397652909,,,,,,,,,200000000.0,1592,,,,0.0,,0.3980050450070983,3.8545754837471096,18.823821167735602,31.361894774243012,46.53399651511412,,,,,,,,,,,BU,,,0.0,,47.25837529528357,31.74039042917993,5.66533284385154,1.3374941050761735,0.23318896186936316,49.47422947487997,47.2541086288457,31.737376265279185,,,,375.63791836825493,274.0430523201498,101.59486604810513,,,,,,,,,,4501252.062061655,-31.372943893664026,g3_bu_s00_pos1_tap0_dc_mc21_ac_bipolar_a0_f0_sec0,,,,0,ac,,,21,,1898913.7024315004,,,,,,,1000.0,0.0,bipolar,,0.0,,,,0.005,0,20261003,,,,,,0,,,G3,,
5.800588789941528e-11,4.9184121076943325e-11,3.7901812754155924e-10,5.839693255815806e-11,1,1461.0366745231945,1474.1026638402955,513.2979531519711,512.2359899524682,,,,,,,,,200000000.0,1592,,,,0.0,,0.4869417814103005,4.414457961017211,19.18285425180982,31.688966951779207,46.87390548148365,,,,,,,,,,,BU,,,0.0,,46.77701420583759,29.759274091089623,5.435920201827246,1.2880679870547485,0.22424002893924136,49.47429180435054,46.772790998494266,29.756217885588757,,,,367.14590345664266,278.52706038777876,88.6188430688639,,,,,,,,,,4501252.062061655,-31.700017611872852,g3_bu_s00_pos1_tap0_dc_mc22_ac_bipolar_a0_f0_sec0,,,,0,ac,,,22,,1826983.8315100656,,,,,,,1000.0,0.0,bipolar,,0.0,,,,0.005,0,20261003,,,,,,0,,,G3,,
5.411555987682988e-11,4.495253276264002e-11,4.0859736582378686e-10,5.510090562162644e-11,1,1462.213866180352,1464.522588222783,508.1961261174965,512.7217174808624,,,,,,,,,200000000.0,1592,,,,0.0,,0.07724283349660195,3.1535786752427075,18.023843742924647,30.51015979081353,45.65911777514405,,,,,,,,,,,BU,,,0.0,,49.03633808602863,34.40818891804762,6.211896060594919,1.4752975902145538,0.25790089209988193,49.47435857138622,49.03191089815421,34.40500956197954,,,,379.7097196370047,262.06288151336963,117.64683812363506,,,,,,,,,,4501252.062061655,-30.52117928020388,g3_bu_s00_pos1_tap0_dc_mc23_ac_bipolar_a0_f0_sec0,,,,0,ac,,,23,,1982837.6551406696,,,,,,,1000.0,0.0,bipolar,,0.0,,,,0.005,0,20261003,,,,,,0,,,G3,,
5.4228224612957234e-11,4.546287055157534e-11,3.824498788194251e-10,5.5371983689942055e-11,1,1459.0963845204187,1465.4346169547498,510.4676856330097,515.9662716197249,,,,,,,,,200000000.0,1592,,,,0.0,,0.24454133292398467,3.3417512252876307,17.700967193627324,30.15116737565932,45.29568753330154,,,,,,,,,,,BU,,,0.0,,48.10087245101248,33.670798756985796,6.447114525847614,1.5375490887996865,0.2689205892000955,49.47434125069623,48.09652972050277,33.66751828202025,,,,365.68648919534905,264.03988183376634,101.64660736158271,,,,,,,,,,4501252.062061655,-30.162179194566594,g3_bu_s00_pos1_tap0_dc_mc24_ac_bipolar_a0_f0_sec0,,,,0,ac,,,24,,1957652.1362160118,,,,,,,1000.0,0.0,bipolar,,0.0,,,,0.005,0,20261003,,,,,,0,,,G3,,
5.85165975429282e-11,4.87070860838487e-11,3.779049802312935e-10,5.455327090120954e-11,1,1455.9569597922657,1460.3337607915832,509.27508785946713,506.6790553993485,,,,,,,,,200000000.0,1592,,,,0.0,,0.471097854580956,3.704141188677111,18.045780683931383,30.668503039885003,45.93957923949583,,,,,,,,,,,BU,,,0.0,,46.86255127000172,32.29491198459203,6.196218064189659,1.4486493783851742,0.24970712072048443,49.47443249976394,46.85832034005303,32.29175413432273,,,,360.63407123281803,271.65913231430585,88.97493891851218,,,,,,,,,,4501252.062061655,-30.679641298349793,g3_bu_s00_pos1_tap0_dc_mc25_ac_bipolar_a0_f0_sec0,,,,0,ac,,,25,,1904955.4431857918,,,,,,,1000.0,0.0,bipolar,,0.0,,,,0.005,0,20261003,,,,,,0,,,G3,,
5.747661352278035e-11,4.840991996068485e-11,3.9032147200583635e-10,5.361128974198749e-11,1,1481.1910719168486,1460.6126891431038,511.8649156598196,511.6089375682401,,,,,,,,,200000000.0,1592,,,,0.0,,0.4147019839104464,3.6160045742790095,18.283181889715515,30.92082678532711,46.18022419139704,,,,,,,,,,,BU,,,0.0,,47.167655470324824,32.62411838792271,6.029161442309068,1.407167257300097,0.24288309060185714,49.474269311545754,47.163396994283225,32.62104920402802,,,,368.6730545621595,271.5771074898732,97.09594707228632,,,,,,,,,,4501252.062061655,-30.931958941263634,g3_bu_s00_pos1_tap0_dc_mc26_ac_bipolar_a0_f0_sec0,,,,0,ac,,,26,,1921556.926907619,,,,,,,1000.0,0.0,bipolar,,0.0,,,,0.005,0,20261003,,,,,,0,,,G3,,
5.785844882659809e-11,4.871177708794539e-11,3.7541601828104924e-10,5.6280789091152016e-11,1,1477.7757963113334,1460.000439998452,509.172982015664,512.3994138112716,,,,,,,,,200000000.0,1592,,,,0.0,,0.49585881271404675,4.033029317981547,18.51785735032771,31.074592215604724,46.29960042795587,,,,,,,,,,,BU,,,0.0,,46.72902316279687,31.095021194741488,5.8684302737797625,1.3824759694122388,0.23956784871851308,49.474298284910226,46.72480428852201,31.091901323552065,,,,361.9747482523298,274.87062052161673,87.10412773071306,,,,,,,,,,4501252.062061655,-31.08568338140111,g3_bu_s00_pos1_tap0_dc_mc27_ac_bipolar_a0_f0_sec0,,,,0,ac,,,27,,1865290.0089388562,,,,,,,1000.0,0.0,bipolar,,0.0,,,,0.005,0,20261003,,,,,,0,,,G3,,
5.4528122755797956e-11,4.765176727888163e-11,3.747155531131687e-10,5.341759376369837e-11,1,1461.3725957933548,1467.4799357393151,509.6724962565137,507.37921999020534,,,,,,,,,200000000.0,1592,,,,0.0,,0.4997433964944037,3.4447690963097632,17.390931375785218,29.904205128773047,45.091879724861315,,,,,,,,,,,BU,,,0.0,,46.70819175286832,33.27371333509506,6.681380309102711,1.5818938634162831,0.2753054149977359,49.474364488765175,46.70397475881606,33.27042497820616,,,,355.27159598711376,268.1211700265862,87.15042596052757,,,,,,,,,,4501252.062061655,-29.91526528390217,g3_bu_s00_pos1_tap0_dc_mc28_ac_bipolar_a0_f0_sec0,,,,0,ac,,,28,,1936913.5350233738,,,,,,,1000.0,0.0,bipolar,,0.0,,,,0.005,0,20261003,,,,,,0,,,G3,,
5.772454298002191e-11,4.68285233029455e-11,4.0817547661184925e-10,5.51089834312975e-11,1,1472.5600686095593,1473.6221160872594,515.0729260884847,510.42710757515744,,,,,,,,,200000000.0,1592,,,,0.0,,0.16452835451278108,3.566913607242433,18.76618466918832,31.390534558881207,46.636254800241,,,,,,,,,,,BU,,,0.0,,48.54591686930536,32.80915507381717,5.703067515032517,1.3330920182170392,0.2304600063525519,49.47423932651449,48.5415339586217,32.806130132472724,,,,383.0306096182493,268.8013104636122,114.22929915463709,,,,,,,,,,4501252.062061655,-31.401649844410635,g3_bu_s00_pos1_tap0_dc_mc29_ac_bipolar_a0_f0_sec0,,,,0,ac,,,29,,1937180.7250652038,,,,,,,1000.0,0.0,bipolar,,0.0,,,,0.005,0,20261003,,,,,,0,,,G3,,
5.858682994743092e-11,4.552560029517682e-11,3.774183877149764e-10,5.6495371758643925e-11,1,1463.7985298440012,1480.1044936208689,513.1019342788412,515.6708481094028,,,,,,,,,200000000.0,1592,,,,0.0,,0.1962645670989985,3.573151799919495,18.190249004045832,30.77929081069215,46.04084627826976,,,,,,,,,,,BU,,,0.0,,48.36886043510643,32.78562995352091,6.093995530590732,1.4302835797096607,0.24681176838531185,49.474234581433066,48.36449351002529,32.78242635535725,,,,368.65143382865347,266.45900755642435,102.19242627222911,,,,,,,,,,4501252.062061655,-30.790411109691014,g3_bu_s00_pos1_tap0_dc_mc2_ac_bipolar_a0_f0_sec0,,,,0,ac,,,2,,1930822.8239403763,,,,,,,1000.0,0.0,bipolar,,0.0,,,,0.005,0,20261003,,,,,,0,,,G3,,
5.3988676180228326e-11,4.7132841286537776e-11,3.943554198557516e-10,5.452592041939642e-11,1,1480.371693401361,1473.889855237,512.9929467017174,507.6161804014619,,,,,,,,,200000000.0,1592,,,,0.0,,0.36837296377968604,3.535275727279149,18.128541297496255,30.629242691703546,45.78456147353821,,,,,,,,,,,BU,,,0.0,,47.41986629470755,32.928780845525964,6.1374414226442005,1.4552053683406407,0.25420228825904634,49.474221976898924,47.41558504798607,32.92564252421243,,,,369.094518745266,269.2141586289887,99.8803601162773,,,,,,,,,,4501252.062061655,-30.640273742555713,g3_bu_s00_pos1_tap0_dc_mc30_ac_bipolar_a0_f0_sec0,,,,0,ac,,,30,,1933630.6400697557,,,,,,,1000.0,0.0,bipolar,,0.0,,,,0.005,0,20261003,,,,,,0,,,G3,,
5.6645005209395193e-11,4.5659619851413586e-11,3.765593060139385e-10,5.787715663414529e-11,1,1466.6197966686054,1477.5670307139515,511.9780114036181,512.2463542524923,,,,,,,,,200000000.0,1592,,,,0.0,,0.2543272612828455,3.7553024852886727,18.27545518724283,30.761259402787058,45.94925719763664,,,,,,,,,,,BU,,,0.0,,48.04662671002762,32.1053701681349,6.034496352897176,1.4332559230740964,0.2494279512584735,49.47425519637889,48.04228887719045,32.1021397440837,,,,366.27076939135117,268.00917082153705,98.26159856981411,,,,,,,,,,4501252.062061655,-30.77230697034626,g3_bu_s00_pos1_tap0_dc_mc31_ac_bipolar_a0_f0_sec0,,,,0,ac,,,31,,1908429.1677768636,,,,,,,1000.0,0.0,bipolar,,0.0,,,,0.005,0,20261003,,,,,,0,,,G3,,
5.3987111478205176e-11,4.5098689697032025e-11,3.9906071109313146e-10,5.4611968186741753e-11,1,1471.4392863520052,1478.9196370574841,515.7022085219824,515.0848223115553,,,,,,,,,200000000.0,1592,,,,0.0,,0.14489318256729064,3.2568741277410456,18.036207650655452,30.527437121341464,45.68185887350588,,,,,,,,,,,BU,,,0.0,,48.65573701353146,34.001310612561745,6.203034917662178,1.472361016119872,0.2572256965461147,49.47419250180714,48.65134418794483,33.99813159548382,,,,376.3287780500157,263.6946076807478,112.6341703692679,,,,,,,,,,4501252.062061655,-30.53846257289687,g3_bu_s00_pos1_tap0_dc_mc32_ac_bipolar_a0_f0_sec0,,,,0,ac,,,32,,1970472.012262821,,,,,,,1000.0,0.0,bipolar,,0.0,,,,0.005,0,20261003,,,,,,0,,,G3,,
5.362414643637734e-11,4.7141966214148726e-11,3.809868765682189e-10,5.383531880783704e-11,1,1472.5307935873743,1471.1219474984773,509.81042406698487,512.2714175462581,,,,,,,,,200000000.0,1592,,,,0.0,,0.4417018162257219,3.458775231255843,17.644099738629045,30.125686107236564,45.27921644635627,,,,,,,,,,,BU,,,0.0,,47.02126138164351,33.22006422452539,6.489449631313683,1.5420640751871786,0.2694306266931639,49.47426671841262,47.01701612275166,33.216825142549126,,,,360.42483067149493,268.08239059206153,92.3424400794334,,,,,,,,,,4501252.062061655,-30.136714430136294,g3_bu_s00_pos1_tap0_dc_mc33_ac_bipolar_a0_f0_sec0,,,,0,ac,,,33,,1938533.3215521825,,,,,,,1000.0,0.0,bipolar,,0.0,,,,0.005,0,20261003,,,,,,0,,,G3,,
5.458435290619248e-11,4.4903417290863764e-11,3.871539388651469e-10,5.5411684513865976e-11,1,1458.485952950341,1455.9580018982751,515.6880374934323,512.5175734294246,,,,,,,,,200000000.0,1592,,,,0.0,,0.1517266602401716,3.2253714440350523,17.714616559316447,30.17555182935643,45.32764319448179,,,,,,,,,,,BU,,,0.0,,48.61766018965337,34.12500045622535,6.437004631810772,1.5332400814942224,0.2679333092903748,49.47438300634406,48.61327080184869,34.12172252750798,,,,369.75131540072255,262.0685195173222,107.68279588340033,,,,,,,,,,4501252.062061655,-30.186569673234,g3_bu_s00_pos1_tap0_dc_mc34_ac_bipolar_a0_f0_sec0,,,,0,ac,,,34,,1973066.692104019,,,,,,,1000.0,0.0,bipolar,,0.0,,,,0.005,0,20261003,,,,,,0,,,G3,,
5.348323892876024e-11,4.6601883547329696e-11,3.9610554466728593e-10,5.354777598151613e-11,1,1477.8856742661496,1476.8296271376225,508.2433365256561,509.6083490850619,,,,,,,,,200000000.0,1592,,,,0.0,,0.34225243942244826,3.2908765609225092,17.774829513524153,30.290626588053506,45.4542198504576,,,,,,,,,,,BU,,,0.0,,47.56269477479935,33.86835996182776,6.392528240119756,1.5130566336579716,0.2640563527061325,49.47423351499596,47.55840063314582,33.86518904518495,,,,368.32615719013376,266.5130138766736,101.81314331346016,,,,,,,,,,4501252.062061655,-30.301667290724144,g3_bu_s00_pos1_tap0_dc_mc35_ac_bipolar_a0_f0_sec0,,,,0,ac,,,35,,1963358.3813021677,,,,,,,1000.0,0.0,bipolar,,0.0,,,,0.005,0,20261003,,,,,,0,,,G3,,
5.549346076170702e-11,4.7305773911496346e-11,3.786381933104514e-10,5.470764591204063e-11,1,1471.7211800458597,1474.5928812822783,514.2715504223784,511.1382521732421,,,,,,,,,200000000.0,1592,,,,0.0,,0.4184444628566722,3.6305904309657056,17.98422146351244,30.50763386244852,45.70069543460442,,,,,,,,,,,BU,,,0.0,,47.14730638717406,32.569452853150985,6.240255981155901,1.4757231077092254,0.256668764638484,49.474237422810255,47.14304974857013,32.56625970434458,,,,362.4241856054882,269.7842022593433,92.6399833461449,,,,,,,,,,4501252.062061655,-30.518696637331374,g3_bu_s00_pos1_tap0_dc_mc36_ac_bipolar_a0_f0_sec0,,,,0,ac,,,36,,1917700.2099562485,,,,,,,1000.0,0.0,bipolar,,0.0,,,,0.005,0,20261003,,,,,,0,,,G3,,
5.360798277013678e-11,4.681131964640446e-11,4.020440072093265e-10,5.594762602296428e-11,1,1482.295286112055,1481.9539957921318,511.00028318115665,513.0204377265943,,,,,,,,,200000000.0,1592,,,,0.0,,0.2953303346417759,3.7337301536779512,18.621409022240762,31.07769770426945,46.19708809146857,,,,,,,,,,,BU,,,0.0,,47.8202540274468,32.18509054836267,5.798883477935447,1.3819774292387517,0.2424110811302989,49.474156161231186,47.81593663258663,32.181987946599286,,,,375.88549646144554,270.415574755295,105.46992170615056,,,,,,,,,,4501252.062061655,-31.088692327612545,g3_bu_s00_pos1_tap0_dc_mc37_ac_bipolar_a0_f0_sec0,,,,0,ac,,,37,,1915385.8524500942,,,,,,,1000.0,0.0,bipolar,,0.0,,,,0.005,0,20261003,,,,,,0,,,G3,,
5.6071622604371345e-11,4.5967609163933316e-11,3.8227195746908386e-10,5.4241137692032557e-11,1,1478.2800715778965,1456.3862916908502,509.7543780176706,510.3265081121558,,,,,,,,,200000000.0,1592,,,,0.0,,0.2833589980604637,3.2601769106653933,17.575803160331294,30.141463086699037,45.371607273664985,,,,,,,,,,,BU,,,0.0,,47.886368670735436,33.98837133241371,6.540695431233409,1.5392678579359267,0.2665804592570242,49.47432238365995,47.88204530644383,33.985120215260366,,,,364.17301875557985,264.4898994472178,99.68311930836205,,,,,,,,,,4501252.062061655,-30.152559570958793,g3_bu_s00_pos1_tap0_dc_mc38_ac_bipolar_a0_f0_sec0,,,,0,ac,,,38,,1966561.6193844622,,,,,,,1000.0,0.0,bipolar,,0.0,,,,0.005,0,20261003,,,,,,0,,,G3,,
5.862178435001575e-11,4.9104622215497703e-11,4.0406571484954693e-10,5.822642346852911e-11,1,1482.3420171807643,1468.773418124292,511.957846947767,507.8599621386905,,,,,,,,,200000000.0,1592,,,,0.0,,0.3546917181081267,4.38777290475441,19.69043376164906,32.26436339645762,47.477045693627765,,,,,,,,,,,BU,,,0.0,,47.4946357933404,29.8508538694662,5.127391418016574,1.205504117873114,0.20919725546736026,49.47424183352314,47.490347796570234,29.84789597970027,,,,381.0286559258884,278.61058130365655,102.41807462223187,,,,,,,,,,4501252.062061655,-32.275445104559736,g3_bu_s00_pos1_tap0_dc_mc39_ac_bipolar_a0_f0_sec0,,,,0,ac,,,39,,1845934.4618724328,,,,,,,1000.0,0.0,bipolar,,0.0,,,,0.005,0,20261003,,,,,,0,,,G3,,
5.43797750096809e-11,4.539738069953152e-11,3.8715046765837486e-10,5.709193056916116e-11,1,1480.2045504958548,1469.8873983904102,506.20366087337163,512.7621450426684,,,,,,,,,200000000.0,1592,,,,0.0,,0.24107433752875954,3.5744986745056657,18.10793484581147,30.55067421799172,45.69084704711424,,,,,,,,,,,BU,,,0.0,,48.119988913556746,32.78059968071206,6.152008909706207,1.4684288005403665,0.2569598927218017,49.47425184559626,48.11564445717709,32.777363469503044,,,,368.35236665450697,266.40284616838426,101.94952048612271,,,,,,,,,,4501252.062061655,-30.561680092666247,g3_bu_s00_pos1_tap0_dc_mc3_ac_bipolar_a0_f0_sec0,,,,0,ac,,,3,,1931013.1908959765,,,,,,,1000.0,0.0,bipolar,,0.0,,,,0.005,0,20261003,,,,,,0,,,G3,,
5.4756196022860404e-11,4.853264926347877e-11,3.7685075066094836e-10,5.7836268739818425e-11,1,1482.2914611067263,1458.8041923318337,507.32426962711634,512.6606817493671,,,,,,,,,200000000.0,1592,,,,0.0,,0.5325113508196583,4.204785524374559,18.638438544837353,31.047919773150767,46.16001572527182,,,,,,,,,,,BU,,,0.0,,46.53224395964379,30.48630717005012,5.787511007380855,1.3867268167125262,0.24344851283468202,49.474289257033185,46.528042850954016,30.48316041892778,,,,361.24427189845824,276.0045462076033,85.23972569085493,,,,,,,,,,4501252.062061655,-31.058901848508867,g3_bu_s00_pos1_tap0_dc_mc40_ac_bipolar_a0_f0_sec0,,,,0,ac,,,40,,1845438.951258991,,,,,,,1000.0,0.0,bipolar,,0.0,,,,0.005,0,20261003,,,,,,0,,,G3,,
5.792767440045423e-11,4.50980902291621e-11,3.832421079794766e-10,5.77091084232707e-11,1,1460.5947559197484,1484.4854281643504,513.1285920184811,507.31720126745506,,,,,,,,,200000000.0,1592,,,,0.0,,0.15573534488941762,3.597245730954556,18.27851484110234,30.831383399173994,46.06710725438708,,,,,,,,,,,BU,,,0.0,,48.5951166870793,32.69489443088364,6.0323868939177006,1.4217321790929422,0.24606679887186242,49.47427019280458,48.59072933460188,32.69168256978355,,,,370.736083453219,266.00143517713224,104.73464827608677,,,,,,,,,,4501252.062061655,-30.842477015783647,g3_bu_s00_pos1_tap0_dc_mc41_ac_bipolar_a0_f0_sec0,,,,0,ac,,,41,,1929718.8659063694,,,,,,,1000.0,0.0,bipolar,,0.0,,,,0.005,0,20261003,,,,,,0,,,G3,,
5.769696402226773e-11,4.9014633713395146e-11,3.7260727988847636e-10,5.348049593108733e-11,1,1460.7531711237978,1475.7145484144708,512.5596322107934,510.32065606213126,,,,,,,,,200000000.0,1592,,,,0.0,,0.554437607665127,3.741709171558454,17.939384219229975,30.559292041607037,45.826425758419965,,,,,,,,,,,BU,,,0.0,,46.41493627353043,32.15542479894323,6.272559248692529,1.4669747107140556,0.25298068488807696,49.47429780195917,46.41074575600437,32.15225637631528,,,,357.34288145000187,272.90456207362814,84.43831937637373,,,,,,,,,,4501252.062061655,-30.57042873179606,g3_bu_s00_pos1_tap0_dc_mc42_ac_bipolar_a0_f0_sec0,,,,0,ac,,,42,,1895413.7023926259,,,,,,,1000.0,0.0,bipolar,,0.0,,,,0.005,0,20261003,,,,,,0,,,G3,,
5.5358667795795e-11,4.8437301055073603e-11,4.036474881368124e-10,5.475327297915148e-11,1,1469.5793884155485,1476.4427593204753,510.24610162930685,513.1322858927231,,,,,,,,,200000000.0,1592,,,,0.0,,0.37875523290285235,3.772751200487545,18.729665089768847,31.271219827747956,46.44529182615043,,,,,,,,,,,BU,,,0.0,,47.36324482928712,32.040789083333706,5.72708134685737,1.3515303167132604,0.2355826957719083,49.474248902538676,47.35896869482477,32.03776736380561,,,,375.87347813965374,273.03906626266473,102.83441187698901,,,,,,,,,,4501252.062061655,-31.28227100131447,g3_bu_s00_pos1_tap0_dc_mc43_ac_bipolar_a0_f0_sec0,,,,0,ac,,,43,,1908669.0372003391,,,,,,,1000.0,0.0,bipolar,,0.0,,,,0.005,0,20261003,,,,,,0,,,G3,,
5.7836805606051235e-11,4.806093974224195e-11,4.0163648013904214e-10,5.3412056007284324e-11,1,1455.656832724098,1463.1801821621607,507.54874055911466,510.05618064081114,,,,,,,,,200000000.0,1592,,,,0.0,,0.3102868540760914,3.396037448847857,18.225889585621008,30.88691193349505,46.156324103376164,,,,,,,,,,,BU,,,0.0,,47.73822905138073,33.460885925878856,6.069090207999552,1.4126766412876597,0.2435530715178647,49.474412600122534,47.733919061677675,33.45783907988962,,,,374.09266428746434,268.8457338972938,105.24693039017052,,,,,,,,,,4501252.062061655,-30.898054583482285,g3_bu_s00_pos1_tap0_dc_mc44_ac_bipolar_a0_f0_sec0,,,,0,ac,,,44,,1951668.3847362103,,,,,,,1000.0,0.0,bipolar,,0.0,,,,0.005,0,20261003,,,,,,0,,,G3,,
5.376860693699949e-11,4.862547996325414e-11,4.0535125115282635e-10,5.5966576154449725e-11,1,1460.323554608623,1472.7732832024649,507.81302185177816,509.86323791806217,,,,,,,,,200000000.0,1592,,,,0.0,,0.40681239151263443,3.8990684849385158,18.794692959531112,31.24214574863572,46.34488750388475,,,,,,,,,,,BU,,,0.0,,47.21058653949891,31.578358148514226,5.68436551970884,1.3560639147898255,0.23832195053243882,49.474340723133416,47.20632418735086,31.575303833069192,,,,374.7212752740346,273.8295351925602,100.89174008147444,,,,,,,,,,4501252.062061655,-31.253128162254413,g3_bu_s00_pos1_tap0_dc_mc45_ac_bipolar_a0_f0_sec0,,,,0,ac,,,45,,1894270.5096399256,,,,,,,1000.0,0.0,bipolar,,0.0,,,,0.005,0,20261003,,,,,,0,,,G3,,
5.57642053465977e-11,4.5973923459080645e-11,3.847119498290445e-10,5.729182340891118e-11,1,1484.1365551156298,1458.2540085688552,509.7139603539613,508.93638942561506,,,,,,,,,200000000.0,1592,,,,0.0,,0.26572089772632274,3.6763252806147286,18.243552202530275,30.72539081573242,45.89800775990323,,,,,,,,,,,BU,,,0.0,,47.983678440612486,32.39859143360549,6.0567103986141575,1.4391878473491149,0.2509041471874685,49.47429142453179,47.97934629102624,32.395382399200486,,,,367.91549633001017,267.91267662001906,100.00281970999112,,,,,,,,,,4501252.062061655,-30.736427294915355,g3_bu_s00_pos1_tap0_dc_mc46_ac_bipolar_a0_f0_sec0,,,,0,ac,,,46,,1918304.1763216662,,,,,,,1000.0,0.0,bipolar,,0.0,,,,0.005,0,20261003,,,,,,0,,,G3,,
5.616803993121268e-11,4.567200781900239e-11,3.771807989763698e-10,5.538756453930104e-11,1,1459.9646738966555,1462.3229469153243,506.66337963893744,510.98130821816864,,,,,,,,,200000000.0,1592,,,,0.0,,0.27168592157179045,3.320603832403077,17.538850967554236,30.064032680381146,45.2776733983573,,,,,,,,,,,BU,,,0.0,,47.95083820211791,33.752864092759836,6.568577896665355,1.553053079261104,0.269479379437636,49.47439581933028,47.94650901732044,33.749563488667334,,,,361.8266506529474,264.044499400512,97.78215125243543,,,,,,,,,,4501252.062061655,-30.075108733949634,g3_bu_s00_pos1_tap0_dc_mc47_ac_bipolar_a0_f0_sec0,,,,0,ac,,,47,,1958634.1118901924,,,,,,,1000.0,0.0,bipolar,,0.0,,,,0.005,0,20261003,,,,,,0,,,G3,,
5.572396674687662e-11,4.6346086791023704e-11,3.789125921714112e-10,5.3377665096578025e-11,1,1462.8527135636432,1467.5344914971256,515.3727754135251,507.41946243715097,,,,,,,,,200000000.0,1592,,,,0.0,,0.3351271212347617,3.231480218067653,17.409430826024412,29.97478810137266,45.20307262910488,,,,,,,,,,,BU,,,0.0,,47.60182059458699,34.10081508449254,6.6671781875416345,1.5690904917538493,0.27180350982229845,49.47432974130342,47.59752292071096,34.09754294145179,,,,361.4363803466947,264.6606935101381,96.77568683655659,,,,,,,,,,4501252.062061655,-29.98588465834393,g3_bu_s00_pos1_tap0_dc_mc48_ac_bipolar_a0_f0_sec0,,,,0,ac,,,48,,1969222.1512874682,,,,,,,1000.0,0.0,bipolar,,0.0,,,,0.005,0,20261003,,,,,,0,,,G3,,
5.718793914728855e-11,4.644701095976356e-11,3.8829046019553396e-10,5.78296037280319e-11,1,1465.2048125588067,1467.3316443696215,510.17398171148045,510.8798071217381,,,,,,,,,200000000.0,1592,,,,0.0,,0.23613196831117916,3.8190110632858283,18.605809460964096,31.120894549326223,46.315623315051056,,,,,,,,,,,BU,,,0.0,,48.14745215771545,31.870813606218103,5.809321940137278,1.375126696420174,0.23912642514494264,49.4743285388822,48.14310522226453,31.867659203962884,,,,372.1848604227255,269.5135900981915,102.67127032453396,,,,,,,,,,4501252.062061655,-31.13195212743166,g3_bu_s00_pos1_tap0_dc_mc49_ac_bipolar_a0_f0_sec0,,,,0,ac,,,49,,1904469.4868153431,,,,,,,1000.0,0.0,bipolar,,0.0,,,,0.005,0,20261003,,,,,,0,,,G3,,
5.3556594405179526e-11,4.5136283969887885e-11,3.9285424176357503e-10,5.4400914420036556e-11,1,1483.1798652834907,1460.5007584496605,506.52140191281075,515.4480991970098,,,,,,,,,200000000.0,1592,,,,0.0,,0.21111723798846208,3.1580278886583435,17.62694976267438,30.108318486122187,45.26167956530131,,,,,,,,,,,BU,,,0.0,,48.286254802268644,34.39042631601597,6.50229070416049,1.5451507036412684,0.26997520186837676,49.474268728151515,48.28189533480301,34.387181919180996,,,,369.4106560950427,262.75600704256385,106.65464905247887,,,,,,,,,,4501252.062061655,-30.119343005268494,g3_bu_s00_pos1_tap0_dc_mc4_ac_bipolar_a0_f0_sec0,,,,0,ac,,,4,,1980771.0454694105,,,,,,,1000.0,0.0,bipolar,,0.0,,,,0.005,0,20261003,,,,,,0,,,G3,,
5.388983552047107e-11,4.6137763556293434e-11,4.0284322603338844e-10,5.5784006025746384e-11,1,1456.0176662928313,1480.3074076507517,509.32291099687626,507.70688688407245,,,,,,,,,200000000.0,1592,,,,0.0,,0.22271391924779443,3.4559006916999526,18.225284476651865,30.689073823985662,45.820431949000785,,,,,,,,,,,BU,,,0.0,,48.2218891423573,33.23122899983528,6.069480329158645,1.4452189366159982,0.2531551643212501,49.474329399823844,48.21753548597083,33.228069326029434,,,,374.82414208307455,266.4686257723703,108.35551631070427,,,,,,,,,,4501252.062061655,-30.70007798733192,g3_bu_s00_pos1_tap0_dc_mc50_ac_bipolar_a0_f0_sec0,,,,0,ac,,,50,,1947058.2425687797,,,,,,,1000.0,0.0,bipolar,,0.0,,,,0.005,0,20261003,,,,,,0,,,G3,,
5.467252082559448e-11,4.905377152478591e-11,3.963556137998065e-10,5.511096864409248e-11,1,1458.100157331135,1476.7782206268193,514.138891977651,506.84813088433856,,,,,,,,,200000000.0,1592,,,,0.0,,0.4751311309772712,3.8826895989001584,18.62355580083737,31.117475894432218,46.26001324912877,,,,,,,,,,,BU,,,0.0,,46.840684686556315,31.637865780748932,5.797466553248921,1.3756674906337607,0.24066209411834907,49.47431515535804,46.83645573091386,31.634808622455065,,,,370.0828307330446,274.499377381221,95.58345335182361,,,,,,,,,,4501252.062061655,-31.128496782795366,g3_bu_s00_pos1_tap0_dc_mc51_ac_bipolar_a0_f0_sec0,,,,0,ac,,,51,,1890913.9035881506,,,,,,,1000.0,0.0,bipolar,,0.0,,,,0.005,0,20261003,,,,,,0,,,G3,,
5.5462724431999234e-11,4.509964743131881e-11,3.9241362486324694e-10,5.7196729919783416e-11,1,1456.612773127853,1460.1772287305512,509.7771469965469,506.76944310770574,,,,,,,,,200000000.0,1592,,,,0.0,,0.1393091261431199,3.416230738987692,18.05120496817422,30.51991498425794,45.681573377803616,,,,,,,,,,,BU,,,0.0,,48.68726024589524,33.383471733244605,6.192349591421278,1.4736435887569828,0.2572353828175328,49.474429241983444,48.68286457420946,33.38022697726059,,,,371.9864747622806,263.8877168587017,108.09875790357887,,,,,,,,,,4501252.062061655,-30.53093970404111,g3_bu_s00_pos1_tap0_dc_mc52_ac_bipolar_a0_f0_sec0,,,,0,ac,,,52,,1951526.7170464415,,,,,,,1000.0,0.0,bipolar,,0.0,,,,0.005,0,20261003,,,,,,0,,,G3,,
5.3934298618183577e-11,4.5125209454704786e-11,3.890124464541721e-10,5.8109976668923926e-11,1,1460.8611496936014,1477.4642495358949,512.7238794110299,510.70381248591127,,,,,,,,,200000000.0,1592,,,,0.0,,0.18815407409912022,3.6753339710969626,18.311566938141134,30.700379038607615,45.80141095926975,,,,,,,,,,,BU,,,0.0,,48.41409877626196,32.40239094938686,6.009464597553085,1.443337569183871,0.2537098422831188,49.47428831511524,48.40972776683317,32.39914519233323,,,,371.3165132510153,266.3450726844707,104.97144056654457,,,,,,,,,,4501252.062061655,-30.711345193599055,g3_bu_s00_pos1_tap0_dc_mc53_ac_bipolar_a0_f0_sec0,,,,0,ac,,,53,,1921956.1997487857,,,,,,,1000.0,0.0,bipolar,,0.0,,,,0.005,0,20261003,,,,,,0,,,G3,,
5.513764470689478e-11,4.616885267634701e-11,3.776385606054138e-10,5.596118380736153e-11,1,1455.6044344315644,1475.2500185650508,508.47572714589836,515.4095767749437,,,,,,,,,200000000.0,1592,,,,0.0,,0.31879725895091865,3.549091749002684,17.87513029711138,30.34384823247683,45.50811726281385,,,,,,,,,,,BU,,,0.0,,47.6913910361325,32.8766027094104,6.319126447851542,1.503816401154719,0.26242336800984756,49.4743221724352,47.68708527531026,32.87334466674922,,,,363.03693311697776,266.86815242371597,96.1687806932618,,,,,,,,,,4501252.062061655,-30.354878043932008,g3_bu_s00_pos1_tap0_dc_mc54_ac_bipolar_a0_f0_sec0,,,,0,ac,,,54,,1930428.0224065192,,,,,,,1000.0,0.0,bipolar,,0.0,,,,0.005,0,20261003,,,,,,0,,,G3,,
5.371719853157736e-11,4.587267641649425e-11,4.025384890343069e-10,5.475427835706466e-11,1,1483.9467414121848,1473.1275949331853,506.109044096161,515.2482010760725,,,,,,,,,200000000.0,1592,,,,0.0,,0.22459667731430946,3.3549508527005423,18.120831510275845,30.615375835607388,45.76542514778017,,,,,,,,,,,BU,,,0.0,,48.21131677513804,33.619541257436566,6.142897398234183,1.45752996185115,0.2547628656223223,49.47420533526065,48.206964073205285,33.6163951710292,,,,375.0202534007308,265.906650469272,109.11360293145879,,,,,,,,,,4501252.062061655,-30.62639991457701,g3_bu_s00_pos1_tap0_dc_mc55_ac_bipolar_a0_f0_sec0,,,,0,ac,,,55,,1958430.9307408866,,,,,,,1000.0,0.0,bipolar,,0.0,,,,0.005,0,20261003,,,,,,0,,,G3,,
5.418351446669314e-11,4.766019367252761e-11,3.9817566453579817e-10,5.720375552220823e-11,1,1458.2263527316627,1458.2132071320978,509.13314405369033,509.43387983672534,,,,,,,,,200000000.0,1592,,,,0.0,,0.33099313247953455,3.8762537341339875,18.66490819422117,31.08037412337226,46.17711934696749,,,,,,,,,,,BU,,,0.0,,47.62456806210055,31.661531384548095,5.769936774854678,1.3815588063477429,0.24297024011959023,49.4744194140923,47.62026833458053,31.65840145769971,,,,372.8761068935952,271.46624050067294,101.40986639292225,,,,,,,,,,4501252.062061655,-31.091344573065072,g3_bu_s00_pos1_tap0_dc_mc56_ac_bipolar_a0_f0_sec0,,,,0,ac,,,56,,1897647.3852254844,,,,,,,1000.0,0.0,bipolar,,0.0,,,,0.005,0,20261003,,,,,,0,,,G3,,
5.850867444899255e-11,4.551296292439859e-11,3.74759852971217e-10,5.474961463414053e-11,1,1469.5767843409853,1458.3213300941911,512.6542120070767,510.26961713635654,,,,,,,,,200000000.0,1592,,,,0.0,,0.22244900984069169,3.26173974665009,17.577489599528445,30.20233877975123,45.49308187892306,,,,,,,,,,,BU,,,0.0,,48.22337260114372,33.98229673910087,6.539429714421315,1.5285184709767705,0.2628784967564988,49.47434245576714,48.2190188111289,33.97902386658693,,,,363.53748587273606,263.5111249690847,100.02636090365138,,,,,,,,,,4501252.062061655,-30.213488955545582,g3_bu_s00_pos1_tap0_dc_mc57_ac_bipolar_a0_f0_sec0,,,,0,ac,,,57,,1966486.1834684624,,,,,,,1000.0,0.0,bipolar,,0.0,,,,0.005,0,20261003,,,,,,0,,,G3,,
5.338974583526119e-11,4.7802533054518286e-11,3.8505445764082733e-10,5.412431155383826e-11,1,1461.344141346071,1467.4512203625209,507.47774846912745,506.1854358919228,,,,,,,,,200000000.0,1592,,,,0.0,,0.48115131829334945,3.5022807262012123,17.679496359866,30.14711514682303,45.284831624001534,,,,,,,,,,,BU,,,0.0,,46.808293441913406,33.054166176931226,6.463072507799735,1.538267812426553,0.26925707831784806,49.47438150119783,46.804067410630836,33.050939771125485,,,,360.053530981939,269.0865725657465,90.96695841619248,,,,,,,,,,4501252.062061655,-30.15813009577353,g3_bu_s00_pos1_tap0_dc_mc58_ac_bipolar_a0_f0_sec0,,,,0,ac,,,58,,1932144.0239261368,,,,,,,1000.0,0.0,bipolar,,0.0,,,,0.005,0,20261003,,,,,,0,,,G3,,
5.7298827561225735e-11,4.601272510181981e-11,4.0555986230374385e-10,5.682989460134626e-11,1,1471.1810223191944,1467.102363581594,507.84917868869456,515.7203083060056,,,,,,,,,200000000.0,1592,,,,0.0,,0.10489911194349161,3.6420975192925193,18.790453428995992,31.352359441187573,46.56496258191778,,,,,,,,,,,BU,,,0.0,,48.880383087527534,32.526556371248994,5.687150850810984,1.3389649993142454,0.23235949840624368,49.47428841700414,48.87596997985605,32.52346233254366,,,,382.6535934800617,267.65728506489285,114.99630841516887,,,,,,,,,,4501252.062061655,-31.363437543125364,g3_bu_s00_pos1_tap0_dc_mc59_ac_bipolar_a0_f0_sec0,,,,0,ac,,,59,,1930085.5180167127,,,,,,,1000.0,0.0,bipolar,,0.0,,,,0.005,0,20261003,,,,,,0,,,G3,,
5.744703991374608e-11,4.811940383063913e-11,4.027892697168151e-10,5.442648078741989e-11,1,1475.8885059409754,1458.7787411273644,513.1124689660221,509.48885941090754,,,,,,,,,200000000.0,1592,,,,0.0,,0.3091268163752186,3.632020161400739,18.63109184774976,31.25289008044501,46.49277863007924,,,,,,,,,,,BU,,,0.0,,47.74450569682433,32.56411985565854,5.79246050230502,1.3543874918577217,0.23429871775607497,49.47430957303925,47.7401951404991,32.561102543333675,,,,376.9540975490097,271.1464445401268,105.80765300888288,,,,,,,,,,4501252.062061655,-31.264002945881465,g3_bu_s00_pos1_tap0_dc_mc5_ac_bipolar_a0_f0_sec0,,,,0,ac,,,5,,1925585.780413094,,,,,,,1000.0,0.0,bipolar,,0.0,,,,0.005,0,20261003,,,,,,0,,,G3,,
5.774351648931133e-11,4.46887062473599e-11,3.96645532539417e-10,5.7647321079967906e-11,1,1459.076903634552,1479.0811303387673,509.5038034607193,515.0338764160297,,,,,,,,,200000000.0,1592,,,,0.0,,0.03263573629026967,3.529229724463756,18.52383558808336,31.077977987767873,46.303170909999274,,,,,,,,,,,BU,,,0.0,,49.28874257451415,32.9519793675008,5.864414376679036,1.3819369662254748,0.2394693811511113,49.474284900318786,49.28429259887719,32.94880402325342,,,,379.8410947169936,264.6546064521971,115.18648826479654,,,,,,,,,,4501252.062061655,-31.089062586470067,g3_bu_s00_pos1_tap0_dc_mc60_ac_bipolar_a0_f0_sec0,,,,0,ac,,,60,,1941896.0730488354,,,,,,,571040.1788945574,0.004038557916753485,bipolar,,0.0,,,,0.005,0,20261003,,,,,,0,,,G3,,
5.429704866486926e-11,4.4899930674006324e-11,3.801636313198504e-10,5.606676916671146e-11,1,1471.5896357029935,1482.2787422317779,509.8090087427216,507.6635598971494,,,,,,,,,200000000.0,1592,,,,0.0,,0.2559048782848554,3.360343040971739,17.62537992416039,30.087861970967097,45.251340037705,,,,,,,,,,,BU,,,0.0,,48.03788652612326,33.598743552831515,6.503444346754931,1.5487930298766466,0.27029662024561896,49.47424049605172,48.03354948267022,33.595438574284444,,,,363.2001667040275,263.9818226582436,99.21834404578391,,,,,,,,,,4501252.062061655,-30.098889530020646,g3_bu_s00_pos1_tap0_dc_mc61_ac_bipolar_a0_f0_sec0,,,,0,ac,,,61,,1954541.1311627424,,,,,,,1000.0,0.0,bipolar,,0.0,,,,0.005,0,20261003,,,,,,0,,,G3,,
5.3479761869789083e-11,4.6847288957907917e-11,3.9880046827036563e-10,5.6791773001591425e-11,1,1484.4539956503713,1482.5287046023857,507.95907897519567,508.10729801406967,,,,,,,,,200000000.0,1592,,,,0.0,,0.3369042400822896,3.8036818052263985,18.56793604717703,31.00613626060624,46.11866812060429,,,,,,,,,,,BU,,,0.0,,47.59193998416242,31.926966725809226,5.834687592590644,1.393410913721251,0.24460967230936423,49.474181759508085,47.58764320235807,31.923840276600547,,,,372.340158678862,271.0451475554376,101.29501112342439,,,,,,,,,,4501252.062061655,-31.01712276373459,g3_bu_s00_pos1_tap0_dc_mc62_ac_bipolar_a0_f0_sec0,,,,0,ac,,,62,,1905173.2093688692,,,,,,,1000.0,0.0,bipolar,,0.0,,,,0.005,0,20261003,,,,,,0,,,G3,,
5.722452404980344e-11,4.5374587437752245e-11,3.722327486274492e-10,5.5781461982602664e-11,1,1463.3680450760742,1482.5358247184222,507.3542757793472,513.5846724757988,,,,,,,,,200000000.0,1592,,,,0.0,,0.2662585805656111,3.418533458572682,17.671694225505952,30.23137320847512,45.47868656617572,,,,,,,,,,,BU,,,0.0,,47.98068053494569,33.37440389799193,6.468867998175659,1.5234148110041494,0.26331397037668913,49.474262900792475,47.9763486561658,33.37111505696053,,,,361.47954819872706,264.91175110152085,96.56779709720621,,,,,,,,,,4501252.062061655,-30.24247949750317,g3_bu_s00_pos1_tap0_dc_mc63_ac_bipolar_a0_f0_sec0,,,,0,ac,,,63,,1946095.5799245888,,,,,,,1000.0,0.0,bipolar,,0.0,,,,0.005,0,20261003,,,,,,0,,,G3,,
5.656531093494941e-11,4.892254686510811e-11,4.093448061974201e-10,5.3582287205474513e-11,1,1481.0588453364064,1460.615652181852,505.904730905396,508.4958375456189,,,,,,,,,200000000.0,1592,,,,0.0,,0.3953241773624453,3.5974021427706053,18.564911753772204,31.196641368459815,46.43037062032475,,,,,,,,,,,BU,,,0.0,,47.2730451189959,32.69407081192315,5.836765827005387,1.3631869322792118,0.23598821027095598,49.474314717466896,47.26877712786234,32.69109384559963,,,,376.19524546815074,272.53890121786696,103.65634425028378,,,,,,,,,,4501252.062061655,-31.207753355987876,g3_bu_s00_pos1_tap0_dc_mc64_ac_bipolar_a0_f0_sec0,,,,0,ac,,,64,,1927701.1108945853,,,,,,,1000.0,0.0,bipolar,,0.0,,,,0.005,0,20261003,,,,,,0,,,G3,,
5.343153984100408e-11,4.469268636888116e-11,3.9392284891769114e-10,5.550477008030071e-11,1,1483.6471990178115,1474.1308279719174,507.5693717431369,508.077613467504,,,,,,,,,200000000.0,1592,,,,0.0,,0.19215361640911152,3.22450623635086,17.715123080624956,30.18035171649647,45.327630140062695,,,,,,,,,,,BU,,,0.0,,48.39175434884697,34.128256457293965,6.43661170807066,1.5323883185938867,0.26793286847530895,49.47423045519104,48.387385356652864,34.125001786740334,,,,369.6301474713457,262.8810852299546,106.74906224139113,,,,,,,,,,4501252.062061655,-30.191367810311917,g3_bu_s00_pos1_tap0_dc_mc65_ac_bipolar_a0_f0_sec0,,,,0,ac,,,65,,1972913.7742726884,,,,,,,1000.0,0.0,bipolar,,0.0,,,,0.005,0,20261003,,,,,,0,,,G3,,
5.845230736766138e-11,4.8745417106136246e-11,4.0507198944403495e-10,5.7649117057261484e-11,1,1479.7905996299403,1473.2178049692902,512.6584592086253,506.3185821053256,,,,,,,,,200000000.0,1592,,,,0.0,,0.33053035145992266,4.23897868777915,19.51491973923108,32.10172987710509,47.32279663716975,,,,,,,,,,,BU,,,0.0,,47.62692973269657,30.36654880886603,5.232052065449954,1.228288358471646,0.21294547332731995,49.47423677788529,47.622629791710246,30.3635810696582,,,,380.9445188513028,277.0091874389202,103.9353314123826,,,,,,,,,,4501252.062061655,-32.11282024577453,g3_bu_s00_pos1_tap0_dc_mc66_ac_bipolar_a0_f0_sec0,,,,0,ac,,,66,,1861877.6416235876,,,,,,,1000.0,0.0,bipolar,,0.0,,,,0.005,0,20261003,,,,,,0,,,G3,,
5.5706918781448975e-11,4.8035891772944954e-11,3.7422800003413825e-10,5.659366108883613e-11,1,1461.1074560507693,1475.307249337792,514.5709039362328,514.4735663578246,,,,,,,,,200000000.0,1592,,,,0.0,,0.4676040090319957,4.010281564506081,18.44994381954705,30.91208082555985,46.065757602304984,,,,,,,,,,,BU,,,0.0,,46.8812494687181,31.176598760200417,5.9144804471536245,1.4085839827082665,0.24610477617375215,49.47426811929094,46.87701685083688,31.173435935179945,,,,362.22498215479857,273.5787772781273,88.64620487667128,,,,,,,,,,4501252.062061655,-30.923102500115697,g3_bu_s00_pos1_tap0_dc_mc67_ac_bipolar_a0_f0_sec0,,,,0,ac,,,67,,1870708.3690279347,,,,,,,1000.0,0.0,bipolar,,0.0,,,,0.005,0,20261003,,,,,,0,,,G3,,
5.472850120758249e-11,4.76500603118286e-11,3.9657581143780036e-10,5.5062904100540415e-11,1,1456.5009895562687,1466.5021669574328,511.56130800199026,508.1218414008335,,,,,,,,,200000000.0,1592,,,,0.0,,0.34910498961159214,3.5962616401010363,18.275435370520935,30.77059436753469,45.92230852609724,,,,,,,,,,,BU,,,0.0,,47.525327948865524,32.698540660736946,6.034542835198208,1.431720063891631,0.2502035735915129,49.474381302644055,47.52103718109828,32.69541610902572,,,,370.8236520539235,269.65396267980555,101.16968937411798,,,,,,,,,,4501252.062061655,-30.78162094641946,g3_bu_s00_pos1_tap0_dc_mc68_ac_bipolar_a0_f0_sec0,,,,0,ac,,,68,,1927452.3287091504,,,,,,,1000.0,0.0,bipolar,,0.0,,,,0.005,0,20261003,,,,,,0,,,G3,,
5.861260133546275e-11,4.553062568850008e-11,4.0388554259479633e-10,5.3985394447448505e-11,1,1477.132848792822,1468.9410036846139,508.09839299675014,515.0072479729617,,,,,,,,,200000000.0,1592,,,,0.0,,0.08315300083223398,3.153098633873387,18.1729910601514,30.866812102255704,46.17187170113841,,,,,,,,,,,BU,,,0.0,,49.0028783071454,34.409881995623216,6.106154175517653,1.4159451232478224,0.24311683866640307,49.47425238249052,48.998454140453774,34.40680449077641,,,,380.4529261441283,263.68236166057767,116.77056448355063,,,,,,,,,,4501252.062061655,-30.877983649747147,g3_bu_s00_pos1_tap0_dc_mc69_ac_bipolar_a0_f0_sec0,,,,0,ac,,,69,,1982575.4997161801,,,,,,,1000.0,0.0,bipolar,,0.0,,,,0.005,0,20261003,,,,,,0,,,G3,,
5.684527559581026e-11,4.5576487198104374e-11,3.9478389236890844e-10,5.821251745570303e-11,1,1461.866803422169,1463.0696621159518,509.16720782443787,508.7460106549342,,,,,,,,,200000000.0,1592,,,,0.0,,0.13360382342938398,3.673730044435639,18.53526919873613,31.036213819846054,46.2212022591363,,,,,,,,,,,BU,,,0.0,,48.71920464380911,32.40841296172275,5.856701076360475,1.3886001398096812,0.24174029890493273,49.47438232524468,48.71480608781742,32.40523136919725,,,,375.759498622142,266.79238011861895,108.96711850352307,,,,,,,,,,4501252.062061655,-31.047260358863625,g3_bu_s00_pos1_tap0_dc_mc6_ac_bipolar_a0_f0_sec0,,,,0,ac,,,6,,1923965.2317698277,,,,,,,1000.0,0.0,bipolar,,0.0,,,,0.005,0,20261003,,,,,,0,,,G3,,
5.7816729828965105e-11,4.92022606284608e-11,3.7662371279449536e-10,5.543103352263164e-11,1,1473.524986946858,1482.3196709526599,512.2789812475961,507.0689786840592,,,,,,,,,200000000.0,1592,,,,0.0,,0.5610385215959189,4.042459447712845,18.49951032687557,31.090782822229063,46.33521914446747,,,,,,,,,,,BU,,,0.0,,46.37960277945644,31.06117616938029,5.880832514955419,1.379899360345584,0.23858712105572327,49.47421942155941,46.37541545201108,31.058083034454558,,,,360.83794123463775,276.2569684643112,84.58097277032653,,,,,,,,,,4501252.062061655,-31.101895789067324,g3_bu_s00_pos1_tap0_dc_mc70_ac_bipolar_a0_f0_sec0,,,,0,ac,,,70,,1860109.4956620063,,,,,,,1000.0,0.0,bipolar,,0.0,,,,0.005,0,20261003,,,,,,0,,,G3,,
5.660949159787811e-11,4.8588363378587695e-11,4.0731072817839935e-10,5.837095117886039e-11,1,1477.2421540925916,1463.1694482723526,510.8288944880798,512.6288709764041,,,,,,,,,200000000.0,1592,,,,0.0,,0.3096973872348077,4.328691310094572,19.604434249458023,32.09598628217326,47.24504308952312,,,,,,,,,,,BU,,,0.0,,47.741337964281826,30.054665408601547,5.178406312594505,1.2291014486555245,0.2148602562841691,49.47427690112673,47.73702769416475,30.051660871516333,,,,382.58344736605835,276.9045863541819,105.67886101187645,,,,,,,,,,4501252.062061655,-32.107006368529284,g3_bu_s00_pos1_tap0_dc_mc71_ac_bipolar_a0_f0_sec0,,,,0,ac,,,71,,1855662.6765277646,,,,,,,1000.0,0.0,bipolar,,0.0,,,,0.005,0,20261003,,,,,,0,,,G3,,
5.538120373299118e-11,4.7660189938817424e-11,3.958197617696758e-10,5.7704543610669917e-11,1,1483.258681668755,1474.7263127592003,510.54308509917735,512.7244232304532,,,,,,,,,200000000.0,1592,,,,0.0,,0.3483890845578661,4.106677681931344,19.0477557862831,31.516318279380116,46.65666127826168,,,,,,,,,,,BU,,,0.0,,47.529062115988566,30.832578017179532,5.5211257700230885,1.3139240999760384,0.2299186840006964,49.474190700307936,47.52477101107981,30.82950384263944,,,,374.66057803934206,274.36716599701924,100.29341204232281,,,,,,,,,,4501252.062061655,-31.527329178333467,g3_bu_s00_pos1_tap0_dc_mc72_ac_bipolar_a0_f0_sec0,,,,0,ac,,,72,,1872442.7635060376,,,,,,,1000.0,0.0,bipolar,,0.0,,,,0.005,0,20261003,,,,,,0,,,G3,,
5.71490719883104e-11,4.9342660260457376e-11,4.0561857415757735e-10,5.6828634760474854e-11,1,1466.5833267995495,1472.805361010319,508.9371610269386,507.7839432899316,,,,,,,,,200000000.0,1592,,,,0.0,,0.4004659787802718,4.15423037623718,19.298436264874127,31.85259680593306,47.042674304263585,,,,,,,,,,,BU,,,0.0,,47.245069012515046,30.664252627718987,5.364092426672614,1.2640306161629569,0.21992520509412247,49.47431463381871,47.24080354715275,30.661278362990913,,,,378.0831813825132,277.0862581949474,100.99692318756581,,,,,,,,,,4501252.062061655,-31.863660162252554,g3_bu_s00_pos1_tap0_dc_mc73_ac_bipolar_a0_f0_sec0,,,,0,ac,,,73,,1867289.8403350061,,,,,,,1000.0,0.0,bipolar,,0.0,,,,0.005,0,20261003,,,,,,0,,,G3,,
5.865445043060957e-11,4.667623175183433e-11,3.7879195627489705e-10,5.763738321430023e-11,1,1460.833883609245,1469.4676606040314,506.00097206968695,507.99164860013997,,,,,,,,,200000000.0,1592,,,,0.0,,0.2969021921309426,3.779060270795714,18.32652765552026,30.892417529070695,46.137892160684025,,,,,,,,,,,BU,,,0.0,,47.81181172655299,32.017692369687786,5.999141286574281,1.4117799457296987,0.24407017152310329,49.47437428475664,47.80749509391915,32.01450560777624,,,,365.5593625639051,269.44750280630257,96.11185975760253,,,,,,,,,,4501252.062061655,-30.903522388966916,g3_bu_s00_pos1_tap0_dc_mc74_ac_bipolar_a0_f0_sec0,,,,0,ac,,,74,,1903577.8847527474,,,,,,,1000.0,0.0,bipolar,,0.0,,,,0.005,0,20261003,,,,,,0,,,G3,,
5.6305065097862935e-11,4.890830148670091e-11,3.9886054729018617e-10,5.822812826849549e-11,1,1462.3907697328455,1470.3881612878527,509.74368492705196,508.89071657706717,,,,,,,,,200000000.0,1592,,,,0.0,,0.3974745430850547,4.28012428366417,19.302811293849125,31.780439222579695,46.92433806300883,,,,,,,,,,,BU,,,0.0,,47.26136535688581,30.223134741596372,5.3613808211884235,1.2745754744548812,0.22294193701752468,49.47433793327411,47.257098420395494,30.220103212810134,,,,375.47304576891383,277.00361648203,98.46942928688384,,,,,,,,,,4501252.062061655,-31.791454350730834,g3_bu_s00_pos1_tap0_dc_mc75_ac_bipolar_a0_f0_sec0,,,,0,ac,,,75,,1852886.9084730055,,,,,,,1000.0,0.0,bipolar,,0.0,,,,0.005,0,20261003,,,,,,0,,,G3,,
5.4478703129298647e-11,4.502253469997357e-11,3.929687407782098e-10,5.855418466984776e-11,1,1475.8628689812867,1469.027630707963,514.9569656773483,515.1623332693571,,,,,,,,,200000000.0,1592,,,,0.0,,0.1318933703472311,3.800666238444428,18.654874973869756,31.055789285991523,46.16375716299726,,,,,,,,,,,BU,,,0.0,,48.72864275039254,31.938261681160057,5.776580368703792,1.3854692517010296,0.24334338597948407,49.47422314745128,48.72424334255193,31.93505004467701,,,,376.582316241762,267.22808942059027,109.35422682117172,,,,,,,,,,4501252.062061655,-31.06676138280795,g3_bu_s00_pos1_tap0_dc_mc76_ac_bipolar_a0_f0_sec0,,,,0,ac,,,76,,1911390.7410486233,,,,,,,1000.0,0.0,bipolar,,0.0,,,,0.005,0,20261003,,,,,,0,,,G3,,
5.7195726915593316e-11,4.8641282382194986e-11,3.8387602660404775e-10,5.7516320744451146e-11,1,1483.6828418290613,1467.948793836935,508.5362788015188,510.5607860698791,,,,,,,,,200000000.0,1592,,,,0.0,,0.46827415330164,4.195579081512717,18.918158898770795,31.442803317035292,46.6362086164643,,,,,,,,,,,BU,,,0.0,,46.87760793302636,30.518579903665483,5.604118579185095,1.325093541631663,0.23046106058359211,49.474242117956024,46.87337564357396,30.515509032596754,,,,367.1095602177133,276.49321049372236,90.61634972399094,,,,,,,,,,4501252.062061655,-31.453864302477758,g3_bu_s00_pos1_tap0_dc_mc77_ac_bipolar_a0_f0_sec0,,,,0,ac,,,77,,1852083.6767315522,,,,,,,1000.0,0.0,bipolar,,0.0,,,,0.005,0,20261003,,,,,,0,,,G3,,
5.715744734257928e-11,4.6095549351567215e-11,4.01264757268681e-10,5.4133222599837534e-11,1,1479.955546856764,1460.5819839188307,513.304030904011,507.8046779577747,,,,,,,,,200000000.0,1592,,,,0.0,,0.1707517482905154,3.2480228840169696,18.116494125279118,30.748009995437158,46.00591452035575,,,,,,,,,,,BU,,,0.0,,48.51119509201059,34.03593187432291,6.145992240346257,1.4354455915761462,0.24780664985216955,49.474288948849704,48.50681531618518,34.03282847553031,,,,376.6784324780144,265.1106108322865,111.56782164572786,,,,,,,,,,4501252.062061655,-30.759136771856053,g3_bu_s00_pos1_tap0_dc_mc78_ac_bipolar_a0_f0_sec0,,,,0,ac,,,78,,1970942.7900017253,,,,,,,1000.0,0.0,bipolar,,0.0,,,,0.005,0,20261003,,,,,,0,,,G3,,
5.6045694135528844e-11,4.5404542389068296e-11,4.0341069859238693e-10,5.375205027037469e-11,1,1455.441787403292,1469.3559998188973,510.7525493332238,515.2125160789475,,,,,,,,,200000000.0,1592,,,,0.0,,0.10119964009073158,3.0636917745005188,17.91329795887816,30.500394788055186,45.724491168809806,,,,,,,,,,,BU,,,0.0,,48.901260620488095,34.76596930039318,6.2914660189744875,1.4769571306406486,0.2559672492070627,49.474343142561054,48.896845628303105,34.76282745833968,,,,378.35786627135326,262.2020298000127,116.15583647134054,,,,,,,,,,4501252.062061655,-30.511488254685997,g3_bu_s00_pos1_tap0_dc_mc79_ac_bipolar_a0_f0_sec0,,,,0,ac,,,79,,1992698.8301088074,,,,,,,1000.0,0.0,bipolar,,0.0,,,,0.005,0,20261003,,,,,,0,,,G3,,
5.708511116087666e-11,4.589894799058123e-11,3.763722767210607e-10,5.324877379371736e-11,1,1459.6590778901025,1464.5437546886276,513.8277968031941,506.7319574042126,,,,,,,,,200000000.0,1592,,,,0.0,,0.2865220943832338,3.1143348424604413,17.23289960717817,29.84908773020056,45.12493350253826,,,,,,,,,,,BU,,,0.0,,47.868981155881556,34.56383356715626,6.804071249004267,1.5919647396290795,0.27426007747772485,49.47437183471685,47.86465936183083,34.56052814910787,,,,360.7130216391659,262.791157421699,97.92186421746692,,,,,,,,,,4501252.062061655,-29.860227766002218,g3_bu_s00_pos1_tap0_dc_mc7_ac_bipolar_a0_f0_sec0,,,,0,ac,,,7,,1984690.2649201234,,,,,,,1000.0,0.0,bipolar,,0.0,,,,0.005,0,20261003,,,,,,0,,,G3,,
5.6450362089112147e-11,4.649908709163323e-11,3.791275737658402e-10,5.494189219187663e-11,1,1473.4839443963779,1457.4664090777428,506.17488349292455,510.3110366682294,,,,,,,,,200000000.0,1592,,,,0.0,,0.3362060669305413,3.41869581251151,17.686989964876513,30.242578574713242,45.470503353174216,,,,,,,,,,,BU,,,0.0,,47.595935363528504,33.37378772428111,6.457503281422641,1.5214536624851283,0.26356261474860987,49.47435823769441,47.59163822061404,33.37053829810989,,,,361.8736828335544,266.37024475029136,95.50343808326306,,,,,,,,,,4501252.062061655,-30.253671697251498,g3_bu_s00_pos1_tap0_dc_mc80_ac_bipolar_a0_f0_sec0,,,,0,ac,,,80,,1945282.8875043862,,,,,,,1000.0,0.0,bipolar,,0.0,,,,0.005,0,20261003,,,,,,0,,,G3,,
5.7133812569154633e-11,4.9029023790722507e-11,3.7740892811430664e-10,5.4028832299787364e-11,1,1480.7633538371051,1461.0849849538586,511.14468368491123,511.0764248288776,,,,,,,,,200000000.0,1592,,,,0.0,,0.5435825129680152,3.8060543246950798,18.149387210326548,30.745424557065274,45.9881743752607,,,,,,,,,,,BU,,,0.0,,46.472957157086014,31.918113993120556,6.122728430170449,1.435872186730136,0.24831311393480748,49.474274453281296,46.46876140130099,31.914983387548535,,,,360.16691430479506,273.75125237136257,86.41566193343249,,,,,,,,,,4501252.062061655,-30.756538432800753,g3_bu_s00_pos1_tap0_dc_mc81_ac_bipolar_a0_f0_sec0,,,,0,ac,,,81,,1889831.3847133233,,,,,,,1000.0,0.0,bipolar,,0.0,,,,0.005,0,20261003,,,,,,0,,,G3,,
5.811214868892129e-11,4.796868827608109e-11,4.081447885653854e-10,5.3924372727860464e-11,1,1469.0414225892373,1456.5357858129437,511.31332739501136,511.68746447538325,,,,,,,,,200000000.0,1592,,,,0.0,,0.24821913594778747,3.5050531137282173,18.620583458857162,31.27821837869938,46.540398055676114,,,,,,,,,,,BU,,,0.0,,48.0805211494092,33.04360288041053,5.799486865982045,1.350445189802834,0.2330179897000721,49.47435297060683,48.07618025665109,33.040609951381086,,,,380.45510745018987,269.75231893003325,110.70278852015662,,,,,,,,,,4501252.062061655,-31.289353541563052,g3_bu_s00_pos1_tap0_dc_mc82_ac_bipolar_a0_f0_sec0,,,,0,ac,,,82,,1941843.6911570732,,,,,,,1000.0,0.0,bipolar,,0.0,,,,0.005,0,20261003,,,,,,0,,,G3,,
5.7988623057190594e-11,4.727410006633618e-11,4.0070392352240824e-10,5.4546197348465e-11,1,1476.2382007148838,1455.5899167334655,508.0536033297983,507.00580621897865,,,,,,,,,200000000.0,1592,,,,0.0,,0.25732687392625464,3.441060123597729,18.306283309658493,30.953971737396945,46.2224756924209,,,,,,,,,,,BU,,,0.0,,48.03014010028972,33.287934542677455,6.013168703281705,1.4018105308350766,0.24170497889097578,49.47436139617844,48.02580375581567,33.284864822463,,,,374.76678276959444,268.2106097842696,106.55617298532485,,,,,,,,,,4501252.062061655,-30.965109907150055,g3_bu_s00_pos1_tap0_dc_mc83_ac_bipolar_a0_f0_sec0,,,,0,ac,,,83,,1947264.0779318537,,,,,,,1000.0,0.0,bipolar,,0.0,,,,0.005,0,20261003,,,,,,0,,,G3,,
5.8006335580831304e-11,4.531139443565083e-11,4.0509949863144754e-10,5.836751686542804e-11,1,1466.3307278640614,1480.1011422486329,514.2507284726348,511.28961078032484,,,,,,,,,200000000.0,1592,,,,0.0,,0.02721499409985578,3.79314651735364,19.052852786546858,31.60707381616585,46.823405521860764,,,,,,,,,,,BU,,,0.0,,49.31946685591376,31.96592938875049,5.517910674651713,1.3002686576804143,0.22554745011214042,49.474239022796745,49.31501410613373,31.962815956080277,,,,385.71282792990604,267.6872615514636,118.02556637844242,,,,,,,,,,4501252.062061655,-31.618151321870272,g3_bu_s00_pos1_tap0_dc_mc84_ac_bipolar_a0_f0_sec0,,,,0,ac,,,84,,1916621.3340526489,,,,,,,611880.5757518549,0.0053003344847195235,bipolar,,0.0,,,,0.005,0,20261003,,,,,,0,,,G3,,
5.551868153524555e-11,4.804577037111385e-11,3.896744549919244e-10,5.766653848283078e-11,1,1467.0186085856128,1457.0937213408704,508.3552502359833,513.3247430814378,,,,,,,,,200000000.0,1592,,,,0.0,,0.38210129027113454,4.052797149867991,18.803910520504203,31.251085479760135,46.381590810292984,,,,,,,,,,,BU,,,0.0,,47.345114586412535,31.024504928115206,5.678327782877948,1.3546696275940024,0.23731719836702037,49.47436587975111,47.34084008869381,31.02138991654578,,,,370.17832371287045,273.64095832316247,96.53736538970799,,,,,,,,,,4501252.062061655,-31.262085952518007,g3_bu_s00_pos1_tap0_dc_mc85_ac_bipolar_a0_f0_sec0,,,,0,ac,,,85,,1874566.685476677,,,,,,,1000.0,0.0,bipolar,,0.0,,,,0.005,0,20261003,,,,,,0,,,G3,,
5.816645673074932e-11,4.739779602802224e-11,4.0523916474357555e-10,5.81625469378722e-11,1,1460.699157311072,1463.6274088177117,515.9350320948923,514.6337665929758,,,,,,,,,200000000.0,1592,,,,0.0,,0.15857341116252857,4.1129496268093195,19.446256051433984,31.98283358153316,47.17483937237024,,,,,,,,,,,BU,,,0.0,,48.57929245087773,30.810521543400444,5.273582082118356,1.2452192788570478,0.21660420855340762,49.47432249389392,48.57490652706551,30.807477355976427,,,,385.5147381373837,272.8176785107839,112.69705962659981,,,,,,,,,,4501252.062061655,-31.993891460842594,g3_bu_s00_pos1_tap0_dc_mc86_ac_bipolar_a0_f0_sec0,,,,0,ac,,,86,,1882267.0808953599,,,,,,,1000.0,0.0,bipolar,,0.0,,,,0.005,0,20261003,,,,,,0,,,G3,,
5.828132917412053e-11,4.660572561993958e-11,3.8813836102911856e-10,5.709198452554591e-11,1,1484.0711224146678,1476.4162549412404,512.5564319329526,508.1952738586128,,,,,,,,,200000000.0,1592,,,,0.0,,0.26102854656346935,3.8223738247090546,18.66882594956003,31.259917070821825,46.50749397706199,,,,,,,,,,,BU,,,0.0,,48.00951074373707,31.858328455388733,5.767321780713581,1.3532888661189806,0.23390156300317957,49.47419169844396,48.00517626171451,31.855220223441467,,,,372.3780326008811,270.59602157944454,101.78201102143657,,,,,,,,,,4501252.062061655,-31.2710277799022,g3_bu_s00_pos1_tap0_dc_mc87_ac_bipolar_a0_f0_sec0,,,,0,ac,,,87,,1902923.7711182777,,,,,,,1000.0,0.0,bipolar,,0.0,,,,0.005,0,20261003,,,,,,0,,,G3,,
5.3892415889879694e-11,4.468688610661895e-11,4.061947620235321e-10,5.5362839988967034e-11,1,1482.7529694425123,1465.041637137548,510.150072928474,512.118478884499,,,,,,,,,200000000.0,1592,,,,0.0,,0.08741390469026264,3.2168074052791544,18.076664101023002,30.558908864311373,45.707391435499574,,,,,,,,,,,BU,,,0.0,,48.97884097478154,34.158581409715815,6.17422022389354,1.4670374626663125,0.2564709580584985,49.47424769955067,48.97441897819888,34.1553979987169,,,,379.0303120687195,262.63567506554233,116.3946370031772,,,,,,,,,,4501252.062061655,-30.569927200240464,g3_bu_s00_pos1_tap0_dc_mc88_ac_bipolar_a0_f0_sec0,,,,0,ac,,,88,,1975698.9301876733,,,,,,,1000.0,0.0,bipolar,,0.0,,,,0.005,0,20261003,,,,,,0,,,G3,,
5.588563472372493e-11,4.9235128200373125e-11,4.0342528026487263e-10,5.746718540939338e-11,1,1464.4874950701637,1455.4188047024668,509.45132053688496,507.30916761925454,,,,,,,,,200000000.0,1592,,,,0.0,,0.40234059912563497,4.171201773372902,19.201632185942085,31.67959397183538,46.815726933932794,,,,,,,,,,,BU,,,0.0,,47.23496524087303,30.60450689533061,5.424208095791674,1.2894617086498321,0.22574748432731542,49.47441071436758,47.23070068819075,30.60148344531338,,,,376.2224497788058,276.40249339669356,99.81995638211225,,,,,,,,,,4501252.062061655,-31.690604262001017,g3_bu_s00_pos1_tap0_dc_mc89_ac_bipolar_a0_f0_sec0,,,,0,ac,,,89,,1865118.6547051724,,,,,,,1000.0,0.0,bipolar,,0.0,,,,0.005,0,20261003,,,,,,0,,,G3,,
5.763548266197336e-11,4.7120813237497175e-11,3.806066888571678e-10,5.63213344308333e-11,1,1476.7045200324326,1455.5581529017009,515.6857427311955,510.8069887381562,,,,,,,,,200000000.0,1592,,,,0.0,,0.3215705481307269,3.774739160044932,18.40010693962332,30.95243564674464,46.17429169725541,,,,,,,,,,,BU,,,0.0,,47.6761472034779,32.03355622721356,5.948533630481048,1.4020563141815823,0.24304909905398195,49.4743024189755,47.67184281909824,32.03040339968162,,,,367.5702704158119,270.2577743471379,97.31249606867397,,,,,,,,,,4501252.062061655,-30.96352176145505,g3_bu_s00_pos1_tap0_dc_mc8_ac_bipolar_a0_f0_sec0,,,,0,ac,,,8,,1904885.9497265385,,,,,,,1000.0,0.0,bipolar,,0.0,,,,0.005,0,20261003,,,,,,0,,,G3,,
5.646877449965417e-11,4.7081891937682714e-11,3.7851380433329316e-10,5.772514327123104e-11,1,1467.2247983721022,1482.786787836566,509.07141903406654,509.02583349816763,,,,,,,,,200000000.0,1592,,,,0.0,,0.38401423277392815,3.951015395930904,18.467858997862262,30.95872555689991,46.14109007505298,,,,,,,,,,,BU,,,0.0,,47.33458326778849,31.390056549385186,5.90229740644791,1.401039743545764,0.24397957229043551,49.47425573110016,47.33030972087808,31.38688429666511,,,,364.35733883543634,271.9593415016763,92.39799733376003,,,,,,,,,,4501252.062061655,-30.96977162615151,g3_bu_s00_pos1_tap0_dc_mc90_ac_bipolar_a0_f0_sec0,,,,0,ac,,,90,,1881367.0915339664,,,,,,,1000.0,0.0,bipolar,,0.0,,,,0.005,0,20261003,,,,,,0,,,G3,,
5.668572073478592e-11,4.723295752342507e-11,3.8813542065258334e-10,5.809277527364357e-11,1,1474.3750486411527,1473.9388956889736,513.4638375833122,508.5357488380953,,,,,,,,,200000000.0,1592,,,,0.0,,0.3227495807077577,4.047024952897913,18.871016944724204,31.367401758504794,46.54264884907803,,,,,,,,,,,BU,,,0.0,,47.669620878372356,31.04506794345252,5.63461899812962,1.3366466366183403,0.23295685907757932,49.4742451812937,47.66531708299589,31.041955983998456,,,,371.63045829521417,272.93710937181805,98.69334892339612,,,,,,,,,,4501252.062061655,-31.378442455519092,g3_bu_s00_pos1_tap0_dc_mc91_ac_bipolar_a0_f0_sec0,,,,0,ac,,,91,,1877115.5660746905,,,,,,,1000.0,0.0,bipolar,,0.0,,,,0.005,0,20261003,,,,,,0,,,G3,,
5.401415754541735e-11,4.656534085919937e-11,3.7120312317297685e-10,5.814602822057181e-11,1,1469.0199807266524,1461.4883824726633,506.79916796247113,508.69764919533185,,,,,,,,,200000000.0,1592,,,,0.0,,0.41704287302910964,3.8610287083093495,18.014781554827284,30.380947040047772,45.479933040443484,,,,,,,,,,,BU,,,0.0,,47.15503622181173,31.717033369497564,6.218326628502645,1.4974078103500303,0.2632762865511158,49.47436473421109,47.15077888524056,31.713745402816343,,,,357.6641083242637,269.73335634158934,87.93075198267434,,,,,,,,,,4501252.062061655,-30.39191063637601,g3_bu_s00_pos1_tap0_dc_mc92_ac_bipolar_a0_f0_sec0,,,,0,ac,,,92,,1888232.275288349,,,,,,,1000.0,0.0,bipolar,,0.0,,,,0.005,0,20261003,,,,,,0,,,G3,,
5.753723957282285e-11,4.701054808702943e-11,3.7635027198480655e-10,5.459587354285126e-11,1,1468.2070151714147,1464.7075201844175,513.2499971339657,507.80031195680584,,,,,,,,,200000000.0,1592,,,,0.0,,0.3644603538446974,3.503953509519741,17.814255613627186,30.41006942831408,45.66760867158572,,,,,,,,,,,BU,,,0.0,,47.44133123757953,33.04778627995116,6.3635802546529865,1.4923956541366334,0.25764898228516847,49.47432581818027,47.43704805292629,33.04456870692322,,,,361.7467978821023,267.8801394630226,93.86665841907973,,,,,,,,,,4501252.062061655,-30.421191786973836,g3_bu_s00_pos1_tap0_dc_mc93_ac_bipolar_a0_f0_sec0,,,,0,ac,,,93,,1933683.625498857,,,,,,,1000.0,0.0,bipolar,,0.0,,,,0.005,0,20261003,,,,,,0,,,G3,,
5.750771384679066e-11,4.752126941195376e-11,3.78418942150967e-10,5.755956487342268e-11,1,1475.022484682907,1462.8334005155086,511.9805603139122,507.12525599983695,,,,,,,,,200000000.0,1592,,,,0.0,,0.38588903570896305,3.9761317956108444,18.54409925778782,31.06684479371765,46.27228936686646,,,,,,,,,,,BU,,,0.0,,47.324420222346276,31.299447580858878,5.850728983102574,1.383709858336125,0.24032232785292956,49.474310897706694,47.320147593103854,31.296297019726723,,,,365.0087870877788,272.5359683833362,92.4728187044426,,,,,,,,,,4501252.062061655,-31.077913465130855,g3_bu_s00_pos1_tap0_dc_mc94_ac_bipolar_a0_f0_sec0,,,,0,ac,,,94,,1878423.7412762665,,,,,,,1000.0,0.0,bipolar,,0.0,,,,0.005,0,20261003,,,,,,0,,,G3,,
5.549762559876466e-11,4.5450832892216264e-11,3.7605285227907215e-10,5.7897389413698564e-11,1,1459.4166521182406,1478.3267115339925,508.74901757289456,510.8057219043218,,,,,,,,,200000000.0,1592,,,,0.0,,0.26858789574545017,3.671629230772121,18.04230089703211,30.48395114791031,45.641119391386255,,,,,,,,,,,BU,,,0.0,,47.96786083344835,32.41615445862272,6.1986668218652845,1.4797540750449614,0.2584355662729318,49.474309998675245,47.9635301120774,32.412878105316146,,,,363.68951090417744,266.8164203051271,96.87309059905033,,,,,,,,,,4501252.062061655,-30.494968656676015,g3_bu_s00_pos1_tap0_dc_mc95_ac_bipolar_a0_f0_sec0,,,,0,ac,,,95,,1917072.2961720615,,,,,,,1000.0,0.0,bipolar,,0.0,,,,0.005,0,20261003,,,,,,0,,,G3,,
5.871149829162944e-11,4.793960631783105e-11,3.730759901541595e-10,5.338602561341862e-11,1,1474.0620710842832,1484.530479304284,513.280577675337,509.7104958337531,,,,,,,,,200000000.0,1592,,,,0.0,,0.46658901513766693,3.613500427825315,17.88241560625923,30.559637235640007,45.87331070206584,,,,,,,,,,,BU,,,0.0,,46.886652744862936,32.63346772983818,6.313828316834461,1.4669134893953475,0.2516184041705333,49.47418858404286,46.8824196390137,32.63029446219724,,,,359.3411080255983,270.7865348616778,88.55457316392051,,,,,,,,,,4501252.062061655,-30.570817454929507,g3_bu_s00_pos1_tap0_dc_mc96_ac_bipolar_a0_f0_sec0,,,,0,ac,,,96,,1915283.2506694922,,,,,,,1000.0,0.0,bipolar,,0.0,,,,0.005,0,20261003,,,,,,0,,,G3,,
5.872985900824266e-11,4.863022657610311e-11,3.769395363743887e-10,5.829232165825644e-11,1,1459.0956748757894,1464.3218676901786,512.2308083783105,513.9926197796169,,,,,,,,,200000000.0,1592,,,,0.0,,0.42550506306656716,4.2786270935283355,19.011451775265186,31.536884591214445,46.742387614645466,,,,,,,,,,,BU,,,0.0,,47.10910101369401,30.228310846152315,5.544258960300796,1.31082105092822,0.2276615020405748,49.474346889643535,47.104847824373756,30.22522258079069,,,,367.02177770870185,276.2314695800572,90.79030812864465,,,,,,,,,,4501252.062061655,-31.547953232733263,g3_bu_s00_pos1_tap0_dc_mc97_ac_bipolar_a0_f0_sec0,,,,0,ac,,,97,,1844007.730827135,,,,,,,1000.0,0.0,bipolar,,0.0,,,,0.005,0,20261003,,,,,,0,,,G3,,
5.599248640961616e-11,4.6388101639996034e-11,4.016791331202295e-10,5.551208868035532e-11,1,1460.9233540672844,1478.7873387775733,508.0669079554213,514.9468384481073,,,,,,,,,200000000.0,1592,,,,0.0,,0.197444811983122,3.5120292020784736,18.43922998246411,30.9847714466109,46.179514390744494,,,,,,,,,,,BU,,,0.0,,48.36233617044416,33.0171514303153,5.921816468987739,1.3968459379389424,0.24290286073334486,49.47428336189523,48.35796983439795,33.01404322072923,,,,377.41576600464384,267.44613543239205,109.96963057225179,,,,,,,,,,4501252.062061655,-30.99583579015895,g3_bu_s00_pos1_tap0_dc_mc98_ac_bipolar_a0_f0_sec0,,,,0,ac,,,98,,1941354.4921910076,,,,,,,1000.0,0.0,bipolar,,0.0,,,,0.005,0,20261003,,,,,,0,,,G3,,
5.3602573048380695e-11,4.683901318347009e-11,3.834872057535024e-10,5.611886516201123e-11,1,1472.8867706559963,1473.2865839540254,508.4378997102403,510.4960286705896,,,,,,,,,200000000.0,1592,,,,0.0,,0.39681123940583307,3.6876376099482937,18.06164203615142,30.488572998866637,45.60738953528097,,,,,,,,,,,BU,,,0.0,,47.264909922312015,32.35635383830734,6.184879108029379,1.478965589063498,0.2594407781489045,49.47427019053191,47.26064266589088,32.35313785893251,,,,363.45645815540854,269.4645433037879,93.99191485162066,,,,,,,,,,4501252.062061655,-30.499563499845475,g3_bu_s00_pos1_tap0_dc_mc99_ac_bipolar_a0_f0_sec0,,,,0,ac,,,99,,1912686.4412309665,,,,,,,1000.0,0.0,bipolar,,0.0,,,,0.005,0,20261003,,,,,,0,,,G3,,
5.681011169635762e-11,4.495262418931393e-11,3.7277808472039877e-10,5.7111707500829575e-11,1,1455.8963920099945,1462.2104257347296,512.3376527863137,512.526216016189,,,,,,,,,200000000.0,1592,,,,0.0,,0.19437773684850618,3.463371205663627,17.800567003803668,30.29023052332963,45.49038265295105,,,,,,,,,,,BU,,,0.0,,48.37951232621132,33.20274779001498,6.373611123462383,1.5131300681155417,0.2629601475794716,49.47438144432065,48.37514443906774,33.199437310318096,,,,363.99027567902885,263.93111623307374,100.05915944595512,,,,,,,,,,4501252.062061655,-30.301287547766638,g3_bu_s00_pos1_tap0_dc_mc9_ac_bipolar_a0_f0_sec0,,,,0,ac,,,9,,1942779.9975176277,,,,,,,1000.0,0.0,bipolar,,0.0,,,,0.005,0,20261003,,,,,,0,,,G3,,
5.505784753957802e-11,4.7684569041294606e-11,2.1582156602880695e-10,5.6831442679350336e-11,1,1152.962052970754,1151.134986814132,515.9488832739593,510.0788089616325,,,,,,,,,200000000.0,1592,,,,0.0,,0.7294484613671557,3.433797164899755,12.081428053802059,22.782399691392417,37.25841573105615,,,,,,,,,,,TR,,,0.0,,45.49194761295825,33.31901568797578,12.311963355203822,3.591624702900831,0.6784366719088012,49.47740953737159,45.48784042652273,33.3141169290315,,,,264.86493957964495,240.51030015140307,24.35463942824188,,,,,,,,,,4501252.062061655,-22.79257217288539,g3_tr_s00_pos1_tap0_dc_mc0_ac_bipolar_a0_f0_sec0,,,,0,ac,,,0,,1895329.1625568059,,,,,,,1000.0,0.0,bipolar,,0.0,,,,0.005,0,20261003,,,,,,0,,,G3,,
5.7735425882911546e-11,4.608614232999391e-11,2.2227038810010192e-10,5.6355660330857164e-11,1,1149.1596254943115,1159.8600994233084,514.3666639033828,510.4409048275708,,,,,,,,,200000000.0,1592,,,,0.0,,0.5674247129062799,3.062087108339259,11.857147083504996,22.7667773316211,37.407521203802446,,,,,,,,,,,TR,,,0.0,,46.34848755837322,34.775709453148046,12.634033055599199,3.598091607886209,0.6668907899099258,49.47739234082059,46.34430304003575,34.770709856396934,,,,270.65764973439167,236.51290170789707,34.1447480264946,,,,,,,,,,4501252.062061655,-22.777105603255524,g3_tr_s00_pos1_tap0_dc_mc100_ac_bipolar_a0_f0_sec0,,,,0,ac,,,100,,1985395.118937046,,,,,,,1000.0,0.0,bipolar,,0.0,,,,0.005,0,20261003,,,,,,0,,,G3,,
5.49697379482213e-11,4.5282501605585085e-11,2.3031854952975735e-10,5.870209024617242e-11,1,1149.1790282875838,1156.157321645819,507.8225029533995,513.127845300277,,,,,,,,,200000000.0,1592,,,,0.0,,0.536151061959806,3.040977542442761,12.123447150873949,23.02034982866749,37.55200478229594,,,,,,,,,,,TR,,,0.0,,46.51570185487349,34.86031305115509,12.252652947848931,3.4945715669998707,0.6558891359175749,49.47742980373124,46.511502239571435,34.85536119489685,,,,274.42360073582967,236.6456918340143,37.77790890181538,,,,,,,,,,4501252.062061655,-23.030604111418786,g3_tr_s00_pos1_tap0_dc_mc101_ac_bipolar_a0_f0_sec0,,,,0,ac,,,101,,1990765.4974765524,,,,,,,1000.0,0.0,bipolar,,0.0,,,,0.005,0,20261003,,,,,,0,,,G3,,
5.826203613899634e-11,4.498896216243413e-11,2.133815668614174e-10,5.446396324526702e-11,1,1151.3348142518219,1160.892592880878,512.5700638502177,514.2663621691092,,,,,,,,,200000000.0,1592,,,,0.0,,0.5380551543712798,2.899552672578009,11.216059519316502,21.983615087701317,36.63738481224783,,,,,,,,,,,TR,,,0.0,,46.505446576727095,35.43261584942601,13.60165767193924,3.9375837816052095,0.7287208028114978,49.47736663451199,46.50124788764844,35.427434503426845,,,,265.19987298948087,232.30904017471076,32.89083281477011,,,,,,,,,,4501252.062061655,-21.99391502002351,g3_tr_s00_pos1_tap0_dc_mc102_ac_bipolar_a0_f0_sec0,,,,0,ac,,,102,,2024817.4650309256,,,,,,,1000.0,0.0,bipolar,,0.0,,,,0.005,0,20261003,,,,,,0,,,G3,,
5.8021954209409335e-11,4.658810239897689e-11,2.2235985113982536e-10,5.372877364813394e-11,1,1145.8602816999753,1159.8547681973835,508.2456561685912,510.04735556471786,,,,,,,,,200000000.0,1592,,,,0.0,,0.582754569725518,2.955223620712667,11.362942837093488,22.248143399652776,36.94651642350682,,,,,,,,,,,TR,,,0.0,,46.266803839833,35.20626521683351,13.373629768995293,3.819480031291552,0.7032431315623815,49.47744076143678,46.26262669646018,35.20114452840123,,,,266.59802023475703,234.44589199173026,32.152128243026766,,,,,,,,,,4501252.062061655,-22.258509077315466,g3_tr_s00_pos1_tap0_dc_mc103_ac_bipolar_a0_f0_sec0,,,,0,ac,,,103,,2011220.0515613062,,,,,,,1000.0,0.0,bipolar,,0.0,,,,0.005,0,20261003,,,,,,0,,,G3,,
5.3988312875232485e-11,4.6145680304090616e-11,2.2283272969585526e-10,5.878342752005322e-11,1,1142.856814014575,1153.5094064484554,506.15131346089106,516.0648807466421,,,,,,,,,200000000.0,1592,,,,0.0,,0.6313938328255065,3.2535067195173135,12.1351005296993,22.87734912007802,37.316041823648746,,,,,,,,,,,TR,,,0.0,,46.0084676172236,34.01780924270829,12.23619216781914,3.5525816154104652,0.6739511189293335,49.47746728367419,46.0043137971355,34.01288325997228,,,,269.3837800618433,238.35215313960933,31.031626922233983,,,,,,,,,,4501252.062061655,-22.887506254274605,g3_tr_s00_pos1_tap0_dc_mc104_ac_bipolar_a0_f0_sec0,,,,0,ac,,,104,,1941247.104381687,,,,,,,1000.0,0.0,bipolar,,0.0,,,,0.005,0,20261003,,,,,,0,,,G3,,
5.728381445473392e-11,4.7342186635086065e-11,2.1939697156119813e-10,5.6997729356557164e-11,1,1147.5614034138453,1160.463998867563,507.43890664957127,513.8548780798167,,,,,,,,,200000000.0,1592,,,,0.0,,0.6647572570948217,3.3212679076189247,12.106259566089054,22.942706987311634,37.528063345267135,,,,,,,,,,,TR,,,0.0,,45.8320338307948,33.753432926807214,12.276839264932475,3.525947430430793,0.6576995512883475,49.477414008611674,45.82789594013343,33.74852863632705,,,,268.1899397616774,239.80754420074857,28.382395560928842,,,,,,,,,,4501252.062061655,-22.952981387261843,g3_tr_s00_pos1_tap0_dc_mc105_ac_bipolar_a0_f0_sec0,,,,0,ac,,,105,,1923954.4544143614,,,,,,,1000.0,0.0,bipolar,,0.0,,,,0.005,0,20261003,,,,,,0,,,G3,,
5.588845624885347e-11,4.540191584783991e-11,2.1016234963172854e-10,5.542609145298595e-11,1,1144.9247595712466,1143.9280806237723,505.98235443952086,505.9376498601338,,,,,,,,,200000000.0,1592,,,,0.0,,0.6125060427578115,3.0288629649718635,11.073244444476442,21.59712548648155,36.0911195589603,,,,,,,,,,,TR,,,0.0,,46.108705826901165,34.90925247322536,13.827141339285566,4.116760019934439,0.77602407615052,49.47755552043672,46.10454295709473,34.9040464217151,,,,259.48734954969933,232.24501243326867,27.24233711643066,,,,,,,,,,4501252.062061655,-21.60726082104109,g3_tr_s00_pos1_tap0_dc_mc106_ac_bipolar_a0_f0_sec0,,,,0,ac,,,106,,1992657.7734649857,,,,,,,1000.0,0.0,bipolar,,0.0,,,,0.005,0,20261003,,,,,,0,,,G3,,
5.405441684662995e-11,4.715222792080029e-11,2.0931216804799285e-10,5.352446377549867e-11,1,1160.3505779091552,1152.8435222025255,515.4950444199668,509.85764724237697,,,,,,,,,200000000.0,1592,,,,0.0,,0.7414516029613699,3.284331458231984,11.297433071779277,21.812275029691314,36.277883883958516,,,,,,,,,,,TR,,,0.0,,45.42908674477952,33.897371940883986,13.474769297339167,4.016025301599143,0.7595130079054325,49.477367732883586,45.42498523321639,33.89227548067013,,,,257.16997295195387,236.30614013822603,20.86383281372784,,,,,,,,,,4501252.062061655,-21.822398206585024,g3_tr_s00_pos1_tap0_dc_mc107_ac_bipolar_a0_f0_sec0,,,,0,ac,,,107,,1925601.3683194262,,,,,,,1000.0,0.0,bipolar,,0.0,,,,0.005,0,20261003,,,,,,0,,,G3,,
5.794320372023233e-11,4.74324598877679e-11,2.309216055079421e-10,5.434015184678154e-11,1,1160.885129317592,1160.6972964231747,512.4451517794311,507.6995714115326,,,,,,,,,200000000.0,1592,,,,0.0,,0.600442297570252,3.049746932588581,11.871883548618802,22.93422960070027,37.6694133966213,,,,,,,,,,,TR,,,0.0,,46.17260122598535,34.82507947787667,12.612617351142514,3.529388743342575,0.6470833792615595,49.47735297806657,46.16843258731417,34.82010567432608,,,,272.0515697616467,237.92509998982192,34.12646977182479,,,,,,,,,,4501252.062061655,-22.944664747618205,g3_tr_s00_pos1_tap0_dc_mc108_ac_bipolar_a0_f0_sec0,,,,0,ac,,,108,,1988000.2090860861,,,,,,,1000.0,0.0,bipolar,,0.0,,,,0.005,0,20261003,,,,,,0,,,G3,,
5.703905463904343e-11,4.57642572824756e-11,2.0923280711264797e-10,5.858128715728596e-11,1,1154.8119190008554,1142.8886692776155,507.35195677583675,515.1462157681092,,,,,,,,,200000000.0,1592,,,,0.0,,0.6360716551545769,3.2991325479600984,11.895264889936584,22.532064532485688,37.01663196638513,,,,,,,,,,,TR,,,0.0,,45.98368888732012,33.839653786667995,12.578679638737102,3.6966473363054106,0.6975878988447739,49.47745937822713,45.97953730461703,33.83467480963475,,,,264.9939120206216,237.35070328601006,27.643208734611562,,,,,,,,,,4501252.062061655,-22.542216058962083,g3_tr_s00_pos1_tap0_dc_mc109_ac_bipolar_a0_f0_sec0,,,,0,ac,,,109,,1929464.0563618548,,,,,,,1000.0,0.0,bipolar,,0.0,,,,0.005,0,20261003,,,,,,0,,,G3,,
5.35992674996828e-11,4.934366504405845e-11,2.2007890537634574e-10,5.441186659510142e-11,1,1141.3939748678756,1156.561812686061,514.3467057233173,512.4794622044654,,,,,,,,,200000000.0,1592,,,,0.0,,0.8065302135020728,3.4692242032493588,11.950405334075798,22.66395913911372,37.139465747584005,,,,,,,,,,,TR,,,0.0,,45.09004502398525,33.18342131519326,12.499068780827207,3.640937397941888,0.6877917715215175,49.47743530918093,45.085974122707015,33.178515625519715,,,,262.6782139970044,241.57433984456355,21.103874152440824,,,,,,,,,,4501252.062061655,-22.67414519103059,g3_tr_s00_pos1_tap0_dc_mc10_ac_bipolar_a0_f0_sec0,,,,0,ac,,,10,,1881047.6706636616,,,,,,,1000.0,0.0,bipolar,,0.0,,,,0.005,0,20261003,,,,,,0,,,G3,,
5.80493554238524e-11,4.6765453676184417e-11,2.2527079873684732e-10,5.6935214938275204e-11,1,1156.076176713001,1153.4223604874437,510.9838166636671,508.3745852640441,,,,,,,,,200000000.0,1592,,,,0.0,,0.5919066583675527,3.1514361532412414,12.07611477047412,23.03340402085226,37.686951771128,,,,,,,,,,,TR,,,0.0,,46.21805702088994,34.419825247055726,12.319552463807446,3.489323162786989,0.6457784197847389,49.477416776669344,46.21388427840859,34.41489419274027,,,,271.88021491241744,238.3734341512844,33.50678076113303,,,,,,,,,,4501252.062061655,-23.043752795044284,g3_tr_s00_pos1_tap0_dc_mc110_ac_bipolar_a0_f0_sec0,,,,0,ac,,,110,,1964792.6496977555,,,,,,,1000.0,0.0,bipolar,,0.0,,,,0.005,0,20261003,,,,,,0,,,G3,,
5.4569253445365584e-11,4.470402150179335e-11,2.10281244926116e-10,5.724509401880348e-11,1,1151.1346311206028,1157.6390579315078,506.58606346339286,508.2645840266129,,,,,,,,,200000000.0,1592,,,,0.0,,0.6173526723727667,3.112819656205584,11.363636508000909,21.881866121705002,36.31133591397517,,,,,,,,,,,TR,,,0.0,,46.08287956472945,34.573364123138354,13.372535372589095,3.9839837220568293,0.756594471242705,49.477442469374076,46.078719026663926,34.56823044849994,,,,261.2674424140599,233.61414284647773,27.65329956758214,,,,,,,,,,4501252.062061655,-21.891956466737305,g3_tr_s00_pos1_tap0_dc_mc111_ac_bipolar_a0_f0_sec0,,,,0,ac,,,111,,1972133.1998723084,,,,,,,1000.0,0.0,bipolar,,0.0,,,,0.005,0,20261003,,,,,,0,,,G3,,
5.392067535466033e-11,4.692480874714303e-11,2.2580497022597664e-10,5.862925333979018e-11,1,1148.7413610335373,1154.346158601105,509.7413437643065,509.0200557088083,,,,,,,,,200000000.0,1592,,,,0.0,,0.6664916520723171,3.3313522400746303,12.286176142749087,23.075339685063646,37.53160627873468,,,,,,,,,,,TR,,,0.0,,45.822917163909736,33.7142766423778,12.025219881891104,3.472517796057412,0.6574309723449688,49.477450872758894,45.81878009590166,33.709404312284356,,,,269.9993519620038,240.10768059912203,29.891671362881766,,,,,,,,,,4501252.062061655,-23.085522031449855,g3_tr_s00_pos1_tap0_dc_mc112_ac_bipolar_a0_f0_sec0,,,,0,ac,,,112,,1923127.6790808674,,,,,,,1000.0,0.0,bipolar,,0.0,,,,0.005,0,20261003,,,,,,0,,,G3,,
5.5892123438844445e-11,4.7064634139360737e-11,2.1016630205611193e-10,5.435420845018394e-11,1,1142.5993026570543,1159.4100444518467,508.30339195360307,512.1988608235116,,,,,,,,,200000000.0,1592,,,,0.0,,0.7018243424399386,3.2447569380464465,11.371072437141855,21.950501026309766,36.4688860344635,,,,,,,,,,,TR,,,0.0,,45.63689287752158,34.0521953507861,13.361054966420948,3.9526279959486104,0.7429953567767908,49.47744737580834,45.632772604675274,34.047107960800794,,,,259.2129449440049,236.11661009725893,23.096334846745975,,,,,,,,,,4501252.062061655,-21.960670326270314,g3_tr_s00_pos1_tap0_dc_mc113_ac_bipolar_a0_f0_sec0,,,,0,ac,,,113,,1937310.107296032,,,,,,,1000.0,0.0,bipolar,,0.0,,,,0.005,0,20261003,,,,,,0,,,G3,,
5.712291412813733e-11,4.5686415583696217e-11,2.1782707027732824e-10,5.867697387767253e-11,1,1160.7938161441004,1144.461826174747,514.782338920173,511.4228612076782,,,,,,,,,200000000.0,1592,,,,0.0,,0.5874096944199274,3.21334721178307,12.115294454985861,22.928052886971088,37.47731508821011,,,,,,,,,,,TR,,,0.0,,46.24197981855389,34.175400227929586,12.26409896345845,3.531900165592323,0.6615531388394291,49.47740396925017,46.23780491607923,34.1704666017498,,,,270.4048955851167,237.87019073559512,32.5347048495216,,,,,,,,,,4501252.062061655,-22.93829283895256,g3_tr_s00_pos1_tap0_dc_mc114_ac_bipolar_a0_f0_sec0,,,,0,ac,,,114,,1951211.376885914,,,,,,,1000.0,0.0,bipolar,,0.0,,,,0.005,0,20261003,,,,,,0,,,G3,,
5.6083980778486046e-11,4.678224519359016e-11,2.1445971245903482e-10,5.487217608174036e-11,1,1153.5429708672991,1160.6919588408277,507.99052323068025,507.16914531928904,,,,,,,,,200000000.0,1592,,,,0.0,,0.6778332424226406,3.20468961264048,11.459362130855865,22.12397544363005,36.68030100525528,,,,,,,,,,,TR,,,0.0,,45.76308841821491,34.209578330431896,13.225954004566635,3.874467902494645,0.7251290304181021,49.47741349607038,45.75895675217762,34.2045072527138,,,,261.55637697093107,236.2963379791416,25.260038991789457,,,,,,,,,,4501252.062061655,-22.134191144782175,g3_tr_s00_pos1_tap0_dc_mc115_ac_bipolar_a0_f0_sec0,,,,0,ac,,,115,,1948267.3068842937,,,,,,,1000.0,0.0,bipolar,,0.0,,,,0.005,0,20261003,,,,,,0,,,G3,,
5.474014670881574e-11,4.8611494972431244e-11,2.1893872302798932e-10,5.373618207594928e-11,1,1158.65092830941,1139.0571106678212,512.6924875879425,514.9218656427344,,,,,,,,,200000000.0,1592,,,,0.0,,0.7493704815471482,3.3232547227928007,11.707869498252254,22.441522252502548,36.974401524349965,,,,,,,,,,,TR,,,0.0,,45.38774808879619,33.74577682184193,12.852965995795907,3.7353821485607517,0.700987697765362,49.477433054953536,45.38365030985179,33.74079331186984,,,,262.6920650905102,239.23113034660105,23.46093474390915,,,,,,,,,,4501252.062061655,-22.451748527780286,g3_tr_s00_pos1_tap0_dc_mc116_ac_bipolar_a0_f0_sec0,,,,0,ac,,,116,,1917569.889199301,,,,,,,1000.0,0.0,bipolar,,0.0,,,,0.005,0,20261003,,,,,,0,,,G3,,
5.428023095385082e-11,4.528575219038914e-11,2.2927437534913867e-10,5.4188767557181805e-11,1,1155.191831230819,1153.6926396629542,515.986235646898,508.1767444906031,,,,,,,,,200000000.0,1592,,,,0.0,,0.5330875697110813,2.782353731211295,11.313200399867785,22.18503141281629,36.77434101887326,,,,,,,,,,,TR,,,0.0,,46.53207918034103,35.91388126424766,13.450480416028686,3.847329994333396,0.7173207363148029,49.477396264168476,46.527878086916296,35.90871318347184,,,,269.3656160727185,232.40105856067728,36.96455751204124,,,,,,,,,,4501252.062061655,-22.19532659881892,g3_tr_s00_pos1_tap0_dc_mc117_ac_bipolar_a0_f0_sec0,,,,0,ac,,,117,,2053542.4783134402,,,,,,,1000.0,0.0,bipolar,,0.0,,,,0.005,0,20261003,,,,,,0,,,G3,,
5.6396843331990955e-11,4.7137171503169656e-11,2.262203029891638e-10,5.3582284987493906e-11,1,1144.5747679527763,1155.6971791730707,515.8068632775104,514.933674342082,,,,,,,,,200000000.0,1592,,,,0.0,,0.6022793752865434,2.9931315645676104,11.6046163269963,22.539476263215743,37.19221523570573,,,,,,,,,,,TR,,,0.0,,46.16288607733214,35.05288767134561,13.006711119265283,3.6934940439200776,0.6836284389455107,49.47740591221904,46.15871831588442,35.04783292778442,,,,269.13883183759737,235.99502653806616,33.14380529953121,,,,,,,,,,4501252.062061655,-22.549827990295903,g3_tr_s00_pos1_tap0_dc_mc118_ac_bipolar_a0_f0_sec0,,,,0,ac,,,118,,2001687.1627801852,,,,,,,1000.0,0.0,bipolar,,0.0,,,,0.005,0,20261003,,,,,,0,,,G3,,
5.393388684884644e-11,4.649612503685773e-11,2.2139610442766102e-10,5.547470367218128e-11,1,1154.0493296043512,1145.7762078433298,508.23300752211486,514.9419257398226,,,,,,,,,200000000.0,1592,,,,0.0,,0.6442585954525273,3.116060922920214,11.606004466361501,22.32815032266793,36.820118366154745,,,,,,,,,,,TR,,,0.0,,45.940353989374735,34.560391374969214,13.004620638098785,3.7844582597212337,0.713550110496375,49.477445269077876,45.936206319142364,34.55533551368153,,,,265.40474951678965,236.00217956276649,29.402569954023164,,,,,,,,,,4501252.062061655,-22.33834310305525,g3_tr_s00_pos1_tap0_dc_mc119_ac_bipolar_a0_f0_sec0,,,,0,ac,,,119,,1971314.2085907175,,,,,,,1000.0,0.0,bipolar,,0.0,,,,0.005,0,20261003,,,,,,0,,,G3,,
5.867022386333697e-11,4.683416614752814e-11,2.263180073288702e-10,5.510335041038075e-11,1,1159.9432759419008,1152.651127732723,512.5991166975704,513.8819314394461,,,,,,,,,200000000.0,1592,,,,0.0,,0.5686684183647801,3.0369878868672657,11.896718715876435,22.923698739691567,37.64329824185444,,,,,,,,,,,TR,,,0.0,,46.34182719870777,34.87628845447356,12.576613409542203,3.533670935437041,0.6490319168862693,49.4773663548241,46.337643281845274,34.871308796788476,,,,272.36102867267863,237.23423208873996,35.12679658393867,,,,,,,,,,4501252.062061655,-22.934110545717566,g3_tr_s00_pos1_tap0_dc_mc11_ac_bipolar_a0_f0_sec0,,,,0,ac,,,11,,1991262.6368266651,,,,,,,1000.0,0.0,bipolar,,0.0,,,,0.005,0,20261003,,,,,,0,,,G3,,
5.454016268062315e-11,4.817390320600411e-11,2.1390949783763367e-10,5.371752506658626e-11,1,1149.6014891552522,1146.0301466379865,514.8453179553319,516.0042707644061,,,,,,,,,200000000.0,1592,,,,0.0,,0.7489330862943914,3.3256672106708938,11.583139700031763,22.22301219968036,36.717605964514405,,,,,,,,,,,TR,,,0.0,,45.390028498158124,33.73643530630039,13.038831983574058,3.830542912213706,0.7220210882797072,49.47742734456589,45.385930513222924,33.73141678749759,,,,260.5532777745058,238.28199886832823,22.271278906177542,,,,,,,,,,4501252.062061655,-22.23318807103526,g3_tr_s00_pos1_tap0_dc_mc120_ac_bipolar_a0_f0_sec0,,,,0,ac,,,120,,1916446.081609507,,,,,,,1000.0,0.0,bipolar,,0.0,,,,0.005,0,20261003,,,,,,0,,,G3,,
5.794538431240578e-11,4.48788047241015e-11,2.1344124974640033e-10,5.708281779329284e-11,1,1138.8092157999058,1146.8314101521748,514.6159731694203,506.7752331911998,,,,,,,,,200000000.0,1592,,,,0.0,,0.5349635776822872,2.974159590530553,11.465724330318412,22.183896073809738,36.75442887578241,,,,,,,,,,,TR,,,0.0,,46.52215128308376,35.1296891691574,13.216353506901097,3.8478408581092327,0.7189687615190617,49.477525135476604,46.51795108546883,35.124565182917365,,,,266.45382344427236,233.14318205527874,33.310641388993616,,,,,,,,,,4501252.062061655,-22.194125269203706,g3_tr_s00_pos1_tap0_dc_mc121_ac_bipolar_a0_f0_sec0,,,,0,ac,,,121,,2006174.9779643794,,,,,,,1000.0,0.0,bipolar,,0.0,,,,0.005,0,20261003,,,,,,0,,,G3,,
5.79138579203913e-11,4.892332353710768e-11,2.2594631626590424e-10,5.722328967977062e-11,1,1156.9285999700453,1142.0127612970675,508.71324710638953,512.3667493491913,,,,,,,,,200000000.0,1592,,,,0.0,,0.7023989957928923,3.4463794354209765,12.517115836267477,23.4849219471967,38.10908362401033,,,,,,,,,,,TR,,,0.0,,45.63388506419881,33.27072666761203,11.709723273084583,3.3125751098269713,0.6151446515090933,49.47745973276511,45.62976506312706,33.265945600089466,,,,271.6330895157455,243.20559734863912,28.42749216710638,,,,,,,,,,4501252.062061655,-23.495256419687163,g3_tr_s00_pos1_tap0_dc_mc122_ac_bipolar_a0_f0_sec0,,,,0,ac,,,122,,1896403.5292425093,,,,,,,1000.0,0.0,bipolar,,0.0,,,,0.005,0,20261003,,,,,,0,,,G3,,
5.37624722018215e-11,4.582849571094549e-11,2.2984108681362126e-10,5.428859564103088e-11,1,1160.393974125346,1140.403635519073,510.028356408349,515.1313336189761,,,,,,,,,200000000.0,1592,,,,0.0,,0.5610244918292917,2.8486461442806297,11.412906502875034,22.27079186186471,36.828981420459904,,,,,,,,,,,TR,,,0.0,,46.382688516874374,35.64085656987365,13.296986514361578,3.8095327584937912,0.7128227237132272,49.47743113278601,46.37850091078898,35.63572253632146,,,,269.1944064633638,233.41773219137661,35.77667427198719,,,,,,,,,,4501252.062061655,-22.281064942385168,g3_tr_s00_pos1_tap0_dc_mc123_ac_bipolar_a0_f0_sec0,,,,0,ac,,,123,,2037263.256352347,,,,,,,1000.0,0.0,bipolar,,0.0,,,,0.005,0,20261003,,,,,,0,,,G3,,
5.386950052615932e-11,4.763884020385005e-11,2.095917693503174e-10,5.628601671924259e-11,1,1148.6112362048689,1160.1735331233654,509.17890879138406,515.1555896476196,,,,,,,,,200000000.0,1592,,,,0.0,,0.7811213996119638,3.5031210094242184,11.85805285238999,22.39022904490261,36.789921432825466,,,,,,,,,,,TR,,,0.0,,45.22210252244868,33.05421010919213,12.632625631887533,3.7575006331598626,0.7160336047584228,49.47739436219375,45.21801969872067,33.04926787568615,,,,259.7634001729347,239.9781639066123,19.785236266322414,,,,,,,,,,4501252.062061655,-22.40031024180694,g3_tr_s00_pos1_tap0_dc_mc124_ac_bipolar_a0_f0_sec0,,,,0,ac,,,124,,1874721.5020170794,,,,,,,1000.0,0.0,bipolar,,0.0,,,,0.005,0,20261003,,,,,,0,,,G3,,
5.492337534893364e-11,4.790763411948179e-11,2.2924034499944834e-10,5.629765190138733e-11,1,1140.2124574101426,1160.6762486610621,509.20508199328634,513.8448211117545,,,,,,,,,200000000.0,1592,,,,0.0,,0.6706187174968042,3.256604591784213,12.174275860554728,23.07773685094432,37.62832244671088,,,,,,,,,,,TR,,,0.0,,45.80114011660579,34.00561622291163,12.181132020547219,3.471560123999045,0.6501516989316298,49.47744045374245,45.79700501466559,34.000726063611005,,,,270.7641866228601,240.13980920445377,30.62437741840634,,,,,,,,,,4501252.062061655,-23.088012887151443,g3_tr_s00_pos1_tap0_dc_mc125_ac_bipolar_a0_f0_sec0,,,,0,ac,,,125,,1939049.037357066,,,,,,,1000.0,0.0,bipolar,,0.0,,,,0.005,0,20261003,,,,,,0,,,G3,,
5.548360561789758e-11,4.91016667326699e-11,2.2004933687407036e-10,5.753515764162938e-11,1,1141.6680644020937,1142.4335226111223,513.5020001850336,510.12957673640705,,,,,,,,,200000000.0,1592,,,,0.0,,0.7679502183107421,3.5613598243624103,12.417351882366548,23.187292383627554,37.66775820119404,,,,,,,,,,,TR,,,0.0,,45.29084384251226,32.833320566658145,11.844968444190608,3.4280522108810088,0.6472071032942067,49.47752003010351,45.286754812100845,32.82852154932468,,,,266.97482356961007,243.31161891516518,23.663204654444883,,,,,,,,,,4501252.062061655,-23.197486309748786,g3_tr_s00_pos1_tap0_dc_mc126_ac_bipolar_a0_f0_sec0,,,,0,ac,,,126,,1866851.581759524,,,,,,,1000.0,0.0,bipolar,,0.0,,,,0.005,0,20261003,,,,,,0,,,G3,,
5.520400253504104e-11,4.702327566652678e-11,2.1074762972413758e-10,5.830933872199163e-11,1,1160.9326201262893,1150.2209757706,513.2957179984844,509.57299244009704,,,,,,,,,200000000.0,1592,,,,0.0,,0.7342765533177164,3.5104769330903776,12.13893248950815,22.752998631195283,37.18408705068112,,,,,,,,,,,TR,,,0.0,,45.46665004638731,33.02619194855479,12.230709632865405,3.6038001867841825,0.6842666239546965,49.47739029345711,45.46254514354026,33.02130697953118,,,,263.7001371492545,240.6605647750637,23.039572374190783,,,,,,,,,,4501252.062061655,-22.763115031401014,g3_tr_s00_pos1_tap0_dc_mc127_ac_bipolar_a0_f0_sec0,,,,0,ac,,,127,,1878463.9753446232,,,,,,,1000.0,0.0,bipolar,,0.0,,,,0.005,0,20261003,,,,,,0,,,G3,,
5.577412565982335e-11,4.772039786424566e-11,2.2998736645202876e-10,5.7236213279539134e-11,1,1151.706310260861,1161.1343432372607,509.16316651876934,507.1209393213358,,,,,,,,,200000000.0,1592,,,,0.0,,0.6631916399570997,3.2933999761185597,12.304110689331559,23.242528014174283,37.824133410682975,,,,,,,,,,,TR,,,0.0,,45.84029655043872,33.86184216370953,12.00041492708602,3.4063163155935547,0.6356588864435249,49.47741490156998,45.83615791378166,33.85698722785825,,,,271.8374068130299,240.8689732218139,30.968433591215984,,,,,,,,,,4501252.062061655,-23.252829941848262,g3_tr_s00_pos1_tap0_dc_mc128_ac_bipolar_a0_f0_sec0,,,,0,ac,,,128,,1931411.0208996227,,,,,,,1000.0,0.0,bipolar,,0.0,,,,0.005,0,20261003,,,,,,0,,,G3,,
5.348535954662578e-11,4.638122303041972e-11,2.1056143371610451e-10,5.542933473087192e-11,1,1158.6251572261194,1142.2778852673903,514.0476587001124,509.2391750035839,,,,,,,,,200000000.0,1592,,,,0.0,,0.7015069839842644,3.2457067404991813,11.421976893323928,21.92838154118634,36.33512221973251,,,,,,,,,,,TR,,,0.0,,45.638552663144296,34.04847029544492,13.283005370606308,3.9627050349786193,0.7545251138897554,49.477439037667104,45.6344322403096,34.04338286242022,,,,259.29560045590915,235.7481443046594,23.547456151249747,,,,,,,,,,4501252.062061655,-21.938461843701596,g3_tr_s00_pos1_tap0_dc_mc129_ac_bipolar_a0_f0_sec0,,,,0,ac,,,129,,1937619.76167751,,,,,,,1000.0,0.0,bipolar,,0.0,,,,0.005,0,20261003,,,,,,0,,,G3,,
5.4088097176230627e-11,4.552582933555639e-11,2.1005825921765958e-10,5.3398269676933e-11,1,1153.3924587920226,1152.8698801610967,508.58226341698185,515.4094838056267,,,,,,,,,200000000.0,1592,,,,0.0,,0.642494268794269,3.0171379616728804,10.92168303309739,21.423593360425336,35.9009584770501,,,,,,,,,,,TR,,,0.0,,45.94965330059471,34.95631765150506,14.07045788357039,4.199821470986859,0.7931984036571642,49.47740941325289,45.945504790657886,34.951080418456954,,,,257.7646236632895,232.00118881919195,25.76343484409756,,,,,,,,,,4501252.062061655,-21.43371927094725,g3_tr_s00_pos1_tap0_dc_mc12_ac_bipolar_a0_f0_sec0,,,,0,ac,,,12,,1995532.49157398,,,,,,,1000.0,0.0,bipolar,,0.0,,,,0.005,0,20261003,,,,,,0,,,G3,,
5.566237744201236e-11,4.7967766656022035e-11,2.2922568612235449e-10,5.500130323253504e-11,1,1147.609394119939,1143.7311382359323,511.0596230976019,514.5569339555183,,,,,,,,,200000000.0,1592,,,,0.0,,0.6465817177839417,3.14571900911517,11.950004104527961,22.882798149932587,37.48067169611242,,,,,,,,,,,TR,,,0.0,,45.92809617838686,34.442531247368734,12.499727470638293,3.550356398562337,0.6612987847887118,49.47747513417702,45.92394961462529,34.43757853045156,,,,270.3813374278245,238.61552067572234,31.765816752102182,,,,,,,,,,4501252.062061655,-22.893113636329495,g3_tr_s00_pos1_tap0_dc_mc130_ac_bipolar_a0_f0_sec0,,,,0,ac,,,130,,1964817.642271834,,,,,,,1000.0,0.0,bipolar,,0.0,,,,0.005,0,20261003,,,,,,0,,,G3,,
5.3311154003915435e-11,4.797244001333359e-11,2.1717817856900223e-10,5.520819439727097e-11,1,1148.7678260677897,1159.5558164573602,511.19763029372615,512.9024278081748,,,,,,,,,200000000.0,1592,,,,0.0,,0.7634178795220665,3.395061382690327,11.811164296162964,22.455845035921694,36.90133264718964,,,,,,,,,,,TR,,,0.0,,45.314371084173146,33.46795050532377,12.701024561238636,3.729223972759398,0.7069083614466929,49.477397845314954,45.3102799298852,33.46299062433327,,,,261.96620936601096,239.60953522694783,22.35667413906313,,,,,,,,,,4501252.062061655,-22.465990620443073,g3_tr_s00_pos1_tap0_dc_mc131_ac_bipolar_a0_f0_sec0,,,,0,ac,,,131,,1900562.8488419447,,,,,,,1000.0,0.0,bipolar,,0.0,,,,0.005,0,20261003,,,,,,0,,,G3,,
5.680689703785754e-11,4.526242699823161e-11,2.2231351345334738e-10,5.5082518332628975e-11,1,1138.8263806715534,1160.3479442234604,510.11404920652984,512.0242831881449,,,,,,,,,200000000.0,1592,,,,0.0,,0.526504824824816,2.8501408658450957,11.351944154892092,22.192897125242425,36.82034455947015,,,,,,,,,,,TR,,,0.0,,46.567412421651895,35.63476600409404,13.390609803188621,3.843851593445998,0.7135327143041145,49.47745445672076,46.56320813787998,35.62961229158753,,,,268.28424432141793,232.6747901570947,35.60945416432324,,,,,,,,,,4501252.062061655,-22.203202336422176,g3_tr_s00_pos1_tap0_dc_mc132_ac_bipolar_a0_f0_sec0,,,,0,ac,,,132,,2036472.9032375985,,,,,,,1000.0,0.0,bipolar,,0.0,,,,0.005,0,20261003,,,,,,0,,,G3,,
5.84228202450731e-11,4.778605573605841e-11,2.244933911915794e-10,5.8034235702752926e-11,1,1141.970909288503,1160.3758944517529,516.0990990687317,515.155342147849,,,,,,,,,200000000.0,1592,,,,0.0,,0.6363558573834406,3.3721013050162436,12.6044156869338,23.601300748207148,38.23118471236218,,,,,,,,,,,TR,,,0.0,,45.982122680438096,33.55638831612125,11.592636841482886,3.268483269054291,0.6065571076148903,49.4773930466659,45.977971239109905,33.551608597544735,,,,274.477376782712,242.21366176635507,32.26371501635691,,,,,,,,,,4501252.062061655,-23.611642042294903,g3_tr_s00_pos1_tap0_dc_mc133_ac_bipolar_a0_f0_sec0,,,,0,ac,,,133,,1916541.2532197407,,,,,,,1000.0,0.0,bipolar,,0.0,,,,0.005,0,20261003,,,,,,0,,,G3,,
5.497991934595706e-11,4.619662626109257e-11,2.2852856830686843e-10,5.7788724064879984e-11,1,1149.375157461544,1141.3801524919236,505.98834486413784,513.9041956430937,,,,,,,,,200000000.0,1592,,,,0.0,,0.5802624585034711,3.090272753616338,12.02179597358276,22.88109294730312,37.40376394800657,,,,,,,,,,,TR,,,0.0,,46.28014219450529,34.66311560500827,12.396874901399073,3.5510549133626363,0.6671800597007944,49.47750684613849,46.27596384663135,34.65815047002791,,,,271.88887113471856,237.03813183811872,34.85073929659984,,,,,,,,,,4501252.062061655,-22.89133487689164,g3_tr_s00_pos1_tap0_dc_mc134_ac_bipolar_a0_f0_sec0,,,,0,ac,,,134,,1979114.0008072935,,,,,,,1000.0,0.0,bipolar,,0.0,,,,0.005,0,20261003,,,,,,0,,,G3,,
5.433574820901852e-11,4.929276614285964e-11,2.1111955783672893e-10,5.791599306521516e-11,1,1140.1519556635205,1146.9547815456312,509.20925631624897,508.64635221430825,,,,,,,,,200000000.0,1592,,,,0.0,,0.8536663143759402,3.7417163397010857,12.296472251405929,22.84732072194072,37.21865355983526,,,,,,,,,,,TR,,,0.0,,44.84610433023751,32.158698456434145,12.010901702818217,3.564887034075244,0.6815504071888813,49.47753317325554,44.84205545283715,32.153892310399435,,,,260.73575258085634,243.93853586407442,16.797216716781918,,,,,,,,,,4501252.062061655,-22.857387896604287,g3_tr_s00_pos1_tap0_dc_mc135_ac_bipolar_a0_f0_sec0,,,,0,ac,,,135,,1819574.3402970533,,,,,,,1000.0,0.0,bipolar,,0.0,,,,0.005,0,20261003,,,,,,0,,,G3,,
5.626414956521077e-11,4.508964686649291e-11,2.0933157666832427e-10,5.472415641302193e-11,1,1159.0266636241024,1143.1951281219988,513.4382991670011,507.80483921851055,,,,,,,,,200000000.0,1592,,,,0.0,,0.5935180054442295,2.9877444395133326,11.065672140616579,21.638542314370895,36.171668459698424,,,,,,,,,,,TR,,,0.0,,46.20950862183894,35.074804084404455,13.83917469614748,4.097168273165096,0.7688594857697783,49.477443399559235,46.20533665081973,35.06959203805463,,,,260.4978339006968,232.00243341042759,28.49540049026919,,,,,,,,,,4501252.062061655,-21.648715282737754,g3_tr_s00_pos1_tap0_dc_mc136_ac_bipolar_a0_f0_sec0,,,,0,ac,,,136,,2003104.3826711818,,,,,,,1000.0,0.0,bipolar,,0.0,,,,0.005,0,20261003,,,,,,0,,,G3,,
5.374331243689492e-11,4.534598671086431e-11,2.3026715750258734e-10,5.847374919153285e-11,1,1142.198257110311,1155.4246236533265,506.32237319646225,505.93595022787684,,,,,,,,,200000000.0,1592,,,,0.0,,0.559620673017711,3.0242868211730287,11.905443853572022,22.71464221956945,37.19271161583534,,,,,,,,,,,TR,,,0.0,,46.390260181249175,34.927455581348134,12.564047594287878,3.61976080110546,0.6835896245316494,49.47751076140194,46.38607189160565,34.92244660389617,,,,271.45260695934013,235.65032753261605,35.802279426724084,,,,,,,,,,4501252.062061655,-22.724843084747004,g3_tr_s00_pos1_tap0_dc_mc137_ac_bipolar_a0_f0_sec0,,,,0,ac,,,137,,1994399.6845804444,,,,,,,1000.0,0.0,bipolar,,0.0,,,,0.005,0,20261003,,,,,,0,,,G3,,
5.788239102119265e-11,4.870059102019656e-11,2.104580581809183e-10,5.382201617575559e-11,1,1139.6989655863108,1151.455908664531,510.9487978703015,509.2213409405025,,,,,,,,,200000000.0,1592,,,,0.0,,0.7489580660663065,3.3812198318806175,11.577268814403157,22.232339736532357,36.820793115861974,,,,,,,,,,,TR,,,0.0,,45.38996683940537,33.521428315228626,13.047633201560007,3.8264375038392293,0.7134961201605681,49.47750242572005,45.38586886007785,33.5164219841825,,,,259.52185507810947,238.76120937293965,20.76064570516982,,,,,,,,,,4501252.062061655,-22.242573744579044,g3_tr_s00_pos1_tap0_dc_mc138_ac_bipolar_a0_f0_sec0,,,,0,ac,,,138,,1902564.8412293876,,,,,,,1000.0,0.0,bipolar,,0.0,,,,0.005,0,20261003,,,,,,0,,,G3,,
5.622237375586461e-11,4.586772190395651e-11,2.189094385054774e-10,5.729267822522981e-11,1,1154.8322431158608,1151.9334016214618,511.36402428347395,509.9787692479498,,,,,,,,,200000000.0,1592,,,,0.0,,0.6028030455323546,3.1480197213179126,11.83832081147035,22.61456105413492,37.15944131665075,,,,,,,,,,,TR,,,0.0,,46.16011652053457,34.43342996448049,12.66143322542897,3.6617025972298176,0.6862122292921672,49.47742039166104,46.155949008910895,34.428427675383936,,,,267.934350699622,236.64719116245348,31.287159537168492,,,,,,,,,,4501252.062061655,-22.62479309300908,g3_tr_s00_pos1_tap0_dc_mc139_ac_bipolar_a0_f0_sec0,,,,0,ac,,,139,,1964963.0660611242,,,,,,,1000.0,0.0,bipolar,,0.0,,,,0.005,0,20261003,,,,,,0,,,G3,,
5.588996030118758e-11,4.4733004853628574e-11,2.1089420312969834e-10,5.563891479612563e-11,1,1152.58918117407,1157.8074739936762,511.0329721797439,510.97426351853983,,,,,,,,,200000000.0,1592,,,,0.0,,0.5822201327825405,2.998123435492083,11.22028097090287,21.826526195632518,36.34753353143265,,,,,,,,,,,TR,,,0.0,,46.26961188697314,35.03286512662392,13.595045093646895,4.009445276445129,0.7534480855970979,49.4773992652584,46.26543448997816,35.02768820178806,,,,262.3344304216388,232.55015921611056,29.784271205528228,,,,,,,,,,4501252.062061655,-21.836698909019887,g3_tr_s00_pos1_tap0_dc_mc13_ac_bipolar_a0_f0_sec0,,,,0,ac,,,13,,2000464.9863777652,,,,,,,1000.0,0.0,bipolar,,0.0,,,,0.005,0,20261003,,,,,,0,,,G3,,
5.348952147127156e-11,4.75634279663958e-11,2.1294843532187922e-10,5.5102780655229e-11,1,1149.904824818578,1155.9571959252162,515.5758149224591,510.4751671778598,,,,,,,,,200000000.0,1592,,,,0.0,,0.7551326379695738,3.3770864994638496,11.676077564513518,22.252096345392236,36.68034791822602,,,,,,,,,,,TR,,,0.0,,45.357618280830245,33.5373084374426,12.900069592183348,3.8177352041105324,0.7251239434918192,49.477400451152924,45.35352322209516,33.53231009258487,,,,260.24807413792803,238.54581975013556,21.702254387792465,,,,,,,,,,4501252.062061655,-22.262211249831978,g3_tr_s00_pos1_tap0_dc_mc140_ac_bipolar_a0_f0_sec0,,,,0,ac,,,140,,1904545.4088542855,,,,,,,1000.0,0.0,bipolar,,0.0,,,,0.005,0,20261003,,,,,,0,,,G3,,
5.6555715639958296e-11,4.6467426185216385e-11,2.157842487603098e-10,5.409762397466226e-11,1,1154.6164101639251,1154.2116132743909,511.7182717920836,515.7143708175504,,,,,,,,,200000000.0,1592,,,,0.0,,0.6283859159414045,3.0817363690112707,11.420729634686259,22.16956059139986,36.7687127117388,,,,,,,,,,,TR,,,0.0,,46.02432173740525,34.697204526609774,13.284922348941576,3.8541857714172902,0.7177854463135597,49.47737984560689,46.02016648597476,34.69210695899779,,,,263.99756142722987,235.21636512841005,28.781196298819822,,,,,,,,,,4501252.062061655,-22.179826063129376,g3_tr_s00_pos1_tap0_dc_mc141_ac_bipolar_a0_f0_sec0,,,,0,ac,,,141,,1979552.5970523483,,,,,,,1000.0,0.0,bipolar,,0.0,,,,0.005,0,20261003,,,,,,0,,,G3,,
5.462135032026384e-11,4.614525135909592e-11,2.0945358370547967e-10,5.361924667612905e-11,1,1146.303568761308,1156.624624174119,512.6269694728519,510.64616201359456,,,,,,,,,200000000.0,1592,,,,0.0,,0.6697601143260438,3.1068476030187417,11.062694426596757,21.575467679306524,36.05951486087429,,,,,,,,,,,TR,,,0.0,,45.805657469079755,34.59716245146818,13.843892276693612,4.127027077730083,0.7788507652384157,49.477429295972435,45.80152195927373,34.59197592860161,,,,257.78584440520564,233.45186486029013,24.333979544915508,,,,,,,,,,4501252.062061655,-21.585599859602045,g3_tr_s00_pos1_tap0_dc_mc142_ac_bipolar_a0_f0_sec0,,,,0,ac,,,142,,1972071.0351419302,,,,,,,1000.0,0.0,bipolar,,0.0,,,,0.005,0,20261003,,,,,,0,,,G3,,
5.657176361299837e-11,4.704361279627671e-11,2.2573237535985894e-10,5.352643296691444e-11,1,1141.7588235322996,1141.2258358012298,509.52059852044357,509.62695266269014,,,,,,,,,200000000.0,1592,,,,0.0,,0.5935280588787042,2.9278017733258825,11.32818515219522,22.195200739266326,36.84062562087979,,,,,,,,,,,TR,,,0.0,,46.20955360408526,35.31765787154936,13.427292827062843,3.842839954955323,0.7118700536087113,49.47754883094486,46.205381629487626,35.31252445310581,,,,266.62369550619576,234.201149352381,32.42254615381475,,,,,,,,,,4501252.062061655,-22.205531425699828,g3_tr_s00_pos1_tap0_dc_mc143_ac_bipolar_a0_f0_sec0,,,,0,ac,,,143,,2018193.4592590884,,,,,,,1000.0,0.0,bipolar,,0.0,,,,0.005,0,20261003,,,,,,0,,,G3,,
5.86396921534805e-11,4.667034892591109e-11,2.2756839324813838e-10,5.386491428388224e-11,1,1147.0936564073393,1155.7264538709555,513.0370301560805,506.1382801595577,,,,,,,,,200000000.0,1592,,,,0.0,,0.5484173776050367,2.8903583935560992,11.495611235241444,22.49989509779393,37.244524009723754,,,,,,,,,,,TR,,,0.0,,46.45007803773511,35.47011152081238,13.170967586698527,3.710367700250417,0.6795251199904386,49.477450939618855,46.44588434727277,35.46501853943006,,,,270.2108039953399,234.6835253803914,35.52727861494853,,,,,,,,,,4501252.062061655,-22.510320902903192,g3_tr_s00_pos1_tap0_dc_mc144_ac_bipolar_a0_f0_sec0,,,,0,ac,,,144,,2026853.0100670208,,,,,,,1000.0,0.0,bipolar,,0.0,,,,0.005,0,20261003,,,,,,0,,,G3,,
5.81259914725751e-11,4.589541868330091e-11,2.2313379499543576e-10,5.4018068854458283e-11,1,1139.5881139608948,1140.9026340393882,513.4513924832537,511.2027500683594,,,,,,,,,200000000.0,1592,,,,0.0,,0.5152004128729509,2.795784457886923,11.264215654356928,22.162674402849643,36.84837649484564,,,,,,,,,,,TR,,,0.0,,46.62813333363006,35.85850911325607,13.52655123950749,3.85725659149469,0.7112352412715968,49.477534501352075,46.62392356760134,35.853333577397485,,,,268.63141936508987,232.27409240433872,36.35732696075115,,,,,,,,,,4501252.062061655,-22.173033403709717,g3_tr_s00_pos1_tap0_dc_mc145_ac_bipolar_a0_f0_sec0,,,,0,ac,,,145,,2050129.5886467153,,,,,,,1000.0,0.0,bipolar,,0.0,,,,0.005,0,20261003,,,,,,0,,,G3,,
5.723249925277481e-11,4.532232722707788e-11,2.2963617511154726e-10,5.799284198912082e-11,1,1157.5569651303367,1148.1007754928528,508.09249437760036,508.38150519175264,,,,,,,,,200000000.0,1592,,,,0.0,,0.5073295068197636,2.9597161705818626,11.978222803716013,22.947097209936477,37.57901396614128,,,,,,,,,,,TR,,,0.0,,46.67032641641265,35.18797803102849,12.459215349517947,3.5241699493110885,0.6538537567913154,49.477450585743405,46.66611284141618,35.182988967009386,,,,274.60257756386727,235.75792670524342,38.84465085862385,,,,,,,,,,4501252.062061655,-22.957432908548757,g3_tr_s00_pos1_tap0_dc_mc146_ac_bipolar_a0_f0_sec0,,,,0,ac,,,146,,2009177.5956726996,,,,,,,1000.0,0.0,bipolar,,0.0,,,,0.005,0,20261003,,,,,,0,,,G3,,
5.593323320185299e-11,4.85276780915819e-11,2.196464581743182e-10,5.4518688577196455e-11,1,1148.5973714066201,1150.3071933407014,506.3426441309777,512.0498405361295,,,,,,,,,200000000.0,1592,,,,0.0,,0.734573190287296,3.3280586310571625,11.758453247941778,22.518946531479333,37.087548811502494,,,,,,,,,,,TR,,,0.0,,45.46517322666167,33.72714024462373,12.77834707772384,3.702237005878989,0.6919163096661602,49.47747290541912,45.461068457522295,33.72216893332326,,,,263.3684612654336,239.37387696668088,23.994584298752727,,,,,,,,,,4501252.062061655,-22.529199428278858,g3_tr_s00_pos1_tap0_dc_mc147_ac_bipolar_a0_f0_sec0,,,,0,ac,,,147,,1917290.7296038922,,,,,,,1000.0,0.0,bipolar,,0.0,,,,0.005,0,20261003,,,,,,0,,,G3,,
5.7135555971286754e-11,4.4971176766119524e-11,2.3085092283136665e-10,5.825206487558215e-11,1,1141.7744834367995,1157.499750446986,511.9989536328735,512.8615686724404,,,,,,,,,200000000.0,1592,,,,0.0,,0.47240238898750286,2.910030499793939,12.067441728056433,23.06597950259812,37.691268420283464,,,,,,,,,,,TR,,,0.0,,46.858362661251086,35.38979959735753,12.33192370571532,3.476263612025851,0.6454577656233853,49.47744090157903,46.8541321093716,35.384822698222976,,,,276.950988165833,235.4197542950298,41.53123387080319,,,,,,,,,,4501252.062061655,-23.076316974983268,g3_tr_s00_pos1_tap0_dc_mc148_ac_bipolar_a0_f0_sec0,,,,0,ac,,,148,,2019972.9593113717,,,,,,,1000.0,0.0,bipolar,,0.0,,,,0.005,0,20261003,,,,,,0,,,G3,,
5.345160605758906e-11,4.655356818049193e-11,2.2886613817892846e-10,5.684133459647811e-11,1,1143.888149634858,1149.6517966938018,507.3941810610725,513.5638782357062,,,,,,,,,200000000.0,1592,,,,0.0,,0.6185245095693904,3.10951938730659,11.918560404630579,22.73048833369721,37.209598359536145,,,,,,,,,,,TR,,,0.0,,46.07670473684012,34.58639947164343,12.545070337274101,3.6131614467937636,0.6822615714770246,49.477487483910146,46.07254475634097,34.581414899376476,,,,269.9431706180212,237.09010462530378,32.85306599271743,,,,,,,,,,4501252.062061655,-22.740695163612106,g3_tr_s00_pos1_tap0_dc_mc149_ac_bipolar_a0_f0_sec0,,,,0,ac,,,149,,1973966.8117310714,,,,,,,1000.0,0.0,bipolar,,0.0,,,,0.005,0,20261003,,,,,,0,,,G3,,
5.689695886228287e-11,4.4955477786778706e-11,2.2816027829142096e-10,5.426183946803122e-11,1,1145.1582555196194,1161.3555643752538,515.464030834923,510.69320898995994,,,,,,,,,200000000.0,1592,,,,0.0,,0.47687742132617356,2.7012133461130996,11.31869805334271,22.282845895096425,36.970080646877264,,,,,,,,,,,TR,,,0.0,,46.834187038389864,36.25091124628299,13.441979015937829,3.8042484655467534,0.7013372865319152,49.47739856205861,46.829958669439264,36.245736140659375,,,,271.59869870448557,231.71535347421556,39.88334523027001,,,,,,,,,,4501252.062061655,-22.29322285406853,g3_tr_s00_pos1_tap0_dc_mc14_ac_bipolar_a0_f0_sec0,,,,0,ac,,,14,,2072007.7224540222,,,,,,,1000.0,0.0,bipolar,,0.0,,,,0.005,0,20261003,,,,,,0,,,G3,,
5.3652885328477746e-11,4.785066166383021e-11,2.0913594719671816e-10,5.626149753868044e-11,1,1150.060123369609,1160.3373249396673,514.6077451360968,509.69158228141373,,,,,,,,,200000000.0,1592,,,,0.0,,0.7999257706901522,3.544778131389553,11.890167715562033,22.408512524048863,36.79695656874328,,,,,,,,,,,TR,,,0.0,,45.124298352796934,32.89606780364253,12.586001364351782,3.749598799843972,0.7154536905767668,49.477386426500274,45.12022435914679,32.89114015991826,,,,259.26514991118387,240.52234052357457,18.7428093876093,,,,,,,,,,4501252.062061655,-22.418583473611733,g3_tr_s00_pos1_tap0_dc_mc150_ac_bipolar_a0_f0_sec0,,,,0,ac,,,150,,1864050.601561256,,,,,,,1000.0,0.0,bipolar,,0.0,,,,0.005,0,20261003,,,,,,0,,,G3,,
5.6352194645319615e-11,4.780033036261107e-11,2.2820741786622977e-10,5.562364137931568e-11,1,1146.5413061919846,1144.5681319114658,505.91657778612364,516.0836073131825,,,,,,,,,200000000.0,1592,,,,0.0,,0.6376412893449428,3.159794885865941,11.982414926083193,22.911807002304045,37.51998306533616,,,,,,,,,,,TR,,,0.0,,45.97541230638676,34.38677922216428,12.453177230715616,3.538520149343255,0.6583129186832765,49.47749426560676,45.97126147078066,34.38183350532249,,,,270.45499523600995,238.6458803141367,31.80911492187326,,,,,,,,,,4501252.062061655,-22.9221258507077,g3_tr_s00_pos1_tap0_dc_mc151_ac_bipolar_a0_f0_sec0,,,,0,ac,,,151,,1961711.0720889124,,,,,,,1000.0,0.0,bipolar,,0.0,,,,0.005,0,20261003,,,,,,0,,,G3,,
5.646998511432819e-11,4.551286199561353e-11,2.112939108875891e-10,5.5450745698985476e-11,1,1144.8775440211425,1140.9207947737807,507.36466869232083,511.9924054859262,,,,,,,,,200000000.0,1592,,,,0.0,,0.5958407845465714,3.0184411312795074,11.208085405922168,21.80960940657195,36.33380631899208,,,,,,,,,,,TR,,,0.0,,46.197237489492764,34.95111632183737,13.614175261314708,4.017272596808514,0.7546418341714233,49.47753395824199,46.19306662682441,34.94594210193381,,,,261.76946815830723,232.81146548440046,28.958002673906776,,,,,,,,,,4501252.062061655,-21.81978383164057,g3_tr_s00_pos1_tap0_dc_mc152_ac_bipolar_a0_f0_sec0,,,,0,ac,,,152,,1995417.175657727,,,,,,,1000.0,0.0,bipolar,,0.0,,,,0.005,0,20261003,,,,,,0,,,G3,,
5.768589561231884e-11,4.615053157055227e-11,2.2868306026998657e-10,5.818462619474659e-11,1,1143.6034780499338,1154.9795991207939,512.6811440434865,508.80125824895003,,,,,,,,,200000000.0,1592,,,,0.0,,0.5412760553304694,3.084444630240981,12.210246127531436,23.196468018151524,37.82570485393958,,,,,,,,,,,TR,,,0.0,,46.48829291536179,34.68630916564455,12.130829109800912,3.4244311729583563,0.6355448557223383,49.47746059909755,46.484095774820965,34.68139389115955,,,,275.1395773495833,237.8212207998498,37.318356549733494,,,,,,,,,,4501252.062061655,-23.206806040280842,g3_tr_s00_pos1_tap0_dc_mc153_ac_bipolar_a0_f0_sec0,,,,0,ac,,,153,,1981024.065730873,,,,,,,1000.0,0.0,bipolar,,0.0,,,,0.005,0,20261003,,,,,,0,,,G3,,
5.788800476806549e-11,4.827636854433695e-11,2.2465008838482096e-10,5.82977092653405e-11,1,1140.6755773774828,1157.9443261724698,508.00659663975006,510.76234058807137,,,,,,,,,200000000.0,1592,,,,0.0,,0.6804933029246146,3.4376151067759437,12.534512147084317,23.46882474204945,38.068758950984744,,,,,,,,,,,TR,,,0.0,,45.74913054364491,33.30432975079503,11.686301205028473,3.3187203680442856,0.6180071313255129,49.47747293590914,45.745000137310406,33.29954329224183,,,,271.88981021386974,242.65618286598013,29.23362734788961,,,,,,,,,,4501252.062061655,-23.47913246079136,g3_tr_s00_pos1_tap0_dc_mc154_ac_bipolar_a0_f0_sec0,,,,0,ac,,,154,,1899816.906662815,,,,,,,1000.0,0.0,bipolar,,0.0,,,,0.005,0,20261003,,,,,,0,,,G3,,
5.610444455950727e-11,4.59595886322052e-11,2.145834163855455e-10,5.6786998127778936e-11,1,1141.1947297541426,1160.0884464712765,509.5290529657855,506.67149089958986,,,,,,,,,200000000.0,1592,,,,0.0,,0.6297129979118108,3.165232896011001,11.60322952876524,22.26929254231127,36.78527598770225,,,,,,,,,,,TR,,,0.0,,46.01737682910046,34.36534866455697,13.008755941934131,3.810191057920924,0.7164187331074322,49.47747276866659,46.01322220474685,34.36029207052245,,,,264.04575298009036,235.76461615285038,28.281136827239976,,,,,,,,,,4501252.062061655,-22.27947808091983,g3_tr_s00_pos1_tap0_dc_mc155_ac_bipolar_a0_f0_sec0,,,,0,ac,,,155,,1959686.7281745428,,,,,,,1000.0,0.0,bipolar,,0.0,,,,0.005,0,20261003,,,,,,0,,,G3,,
5.388840075981202e-11,4.787573948328505e-11,2.2143803573347113e-10,5.6330747787953775e-11,1,1140.560830988558,1156.351399258972,505.99923142897336,515.512664354593,,,,,,,,,200000000.0,1592,,,,0.0,,0.7243241359700936,3.355186943604161,11.986456883967994,22.70984252897637,37.17310259950376,,,,,,,,,,,TR,,,0.0,,45.51884716302856,33.62194839632745,12.44733890726548,3.621757302917074,0.6851338030824577,49.47746737792014,45.51473754774687,33.617020069835405,,,,265.35635541741493,239.80289425365453,25.553461163760403,,,,,,,,,,4501252.062061655,-22.72001742791406,g3_tr_s00_pos1_tap0_dc_mc156_ac_bipolar_a0_f0_sec0,,,,0,ac,,,156,,1913163.220490959,,,,,,,1000.0,0.0,bipolar,,0.0,,,,0.005,0,20261003,,,,,,0,,,G3,,
5.651483006987924e-11,4.755172820457305e-11,2.1746477384145356e-10,5.849185121993134e-11,1,1146.718553553075,1159.6203233267302,515.4322841567763,506.63754102477964,,,,,,,,,200000000.0,1592,,,,0.0,,0.7048092063347983,3.480251290393668,12.368623952288305,23.148074179486695,37.66297566346124,,,,,,,,,,,TR,,,0.0,,45.62118583370895,33.14127444055535,11.911579532227936,3.443558395469918,0.6475624870418395,49.47741826626101,45.617066979216006,33.13644510709183,,,,268.10548111713007,241.77916888024066,26.326312236889407,,,,,,,,,,4501252.062061655,-23.158286955025183,g3_tr_s00_pos1_tap0_dc_mc157_ac_bipolar_a0_f0_sec0,,,,0,ac,,,157,,1888363.923206507,,,,,,,1000.0,0.0,bipolar,,0.0,,,,0.005,0,20261003,,,,,,0,,,G3,,
5.815115994245349e-11,4.857443074859841e-11,2.2430711168425274e-10,5.424117055217853e-11,1,1149.485050491554,1160.6215683624966,512.7272580326031,513.2583605683459,,,,,,,,,200000000.0,1592,,,,0.0,,0.6802546806521225,3.260234558733665,11.998101019132921,22.97208792058194,37.66586470086342,,,,,,,,,,,TR,,,0.0,,45.75030177654184,33.99138311876591,12.430649348271888,3.514039930193411,0.6473478328312158,49.4773803378359,45.74617126468682,33.98646704150886,,,,268.89521866664353,240.21524102149638,28.679977645147147,,,,,,,,,,4501252.062061655,-22.982473782764977,g3_tr_s00_pos1_tap0_dc_mc158_ac_bipolar_a0_f0_sec0,,,,0,ac,,,158,,1936544.3913864975,,,,,,,1000.0,0.0,bipolar,,0.0,,,,0.005,0,20261003,,,,,,0,,,G3,,
5.4269146105299706e-11,4.6329368782742105e-11,2.1421532002136868e-10,5.7585054449124776e-11,1,1147.6722225057083,1139.7706044206516,512.3111444329106,514.6257450390539,,,,,,,,,200000000.0,1592,,,,0.0,,0.6652971504897888,3.281250649872844,11.853650915248078,22.471387856491152,36.88496267464573,,,,,,,,,,,TR,,,0.0,,45.82925351371503,33.909403292300624,12.639105644194203,3.7225632103479454,0.7082430131940202,49.47748785334358,45.82511587370982,33.904414521401485,,,,264.55096713472017,237.39328354130396,27.15768359341621,,,,,,,,,,4501252.062061655,-22.481496995812233,g3_tr_s00_pos1_tap0_dc_mc159_ac_bipolar_a0_f0_sec0,,,,0,ac,,,159,,1932485.9143572056,,,,,,,1000.0,0.0,bipolar,,0.0,,,,0.005,0,20261003,,,,,,0,,,G3,,
5.472406995446781e-11,4.5131473376604076e-11,2.232421137408237e-10,5.83512597838329e-11,1,1152.6194394935176,1143.0090959181975,507.72433112681034,512.7767454494419,,,,,,,,,200000000.0,1592,,,,0.0,,0.5611320471488526,3.0568463156248122,11.855803734025246,22.620769317536343,37.105422531774956,,,,,,,,,,,TR,,,0.0,,46.382159880815536,34.796782560873496,12.636023040920357,3.6590906521537354,0.6904935874345066,49.47747988903604,46.3779723222474,34.791762087466125,,,,269.9115113823417,235.4422671650702,34.469244217271495,,,,,,,,,,4501252.062061655,-22.63096002354088,g3_tr_s00_pos1_tap0_dc_mc15_ac_bipolar_a0_f0_sec0,,,,0,ac,,,15,,1986779.6247495643,,,,,,,1000.0,0.0,bipolar,,0.0,,,,0.005,0,20261003,,,,,,0,,,G3,,
5.558066951965678e-11,4.524958478361239e-11,2.2372113371733695e-10,5.486801718351388e-11,1,1145.1887543025,1151.362923277437,515.1474737431174,509.8019258588813,,,,,,,,,200000000.0,1592,,,,0.0,,0.5319437561312561,2.8342174396887434,11.331028479298103,22.153418934431336,36.742669205040436,,,,,,,,,,,TR,,,0.0,,46.53826101315943,35.70014944471379,13.422899236267343,3.8613617053211686,0.7199419220614101,49.477453447866495,46.53405936121672,35.69498697460106,,,,268.2392438811554,232.46256699444024,35.776676886715165,,,,,,,,,,4501252.062061655,-22.16369706067762,g3_tr_s00_pos1_tap0_dc_mc160_ac_bipolar_a0_f0_sec0,,,,0,ac,,,160,,2040542.874541697,,,,,,,1000.0,0.0,bipolar,,0.0,,,,0.005,0,20261003,,,,,,0,,,G3,,
5.6838638554939676e-11,4.842306383871551e-11,2.3043026125882162e-10,5.69236169860122e-11,1,1157.4278726201035,1157.833848948228,507.27315690213135,510.36522382148763,,,,,,,,,200000000.0,1592,,,,0.0,,0.6833879950374129,3.359523505389033,12.442915515465446,23.44205028086638,38.07037677575372,,,,,,,,,,,TR,,,0.0,,45.73381554265708,33.605019642366344,11.810175505123507,3.328961728102015,0.6178912619725045,49.47739610872547,45.729686519437685,33.60021310596652,,,,272.61432019594764,242.38285054045684,30.2314696554908,,,,,,,,,,4501252.062061655,-23.452397481793174,g3_tr_s00_pos1_tap0_dc_mc161_ac_bipolar_a0_f0_sec0,,,,0,ac,,,161,,1916199.1427879177,,,,,,,1000.0,0.0,bipolar,,0.0,,,,0.005,0,20261003,,,,,,0,,,G3,,
5.80610313194852e-11,4.583726908973067e-11,2.179045934836622e-10,5.4998165562764877e-11,1,1158.9008379813113,1160.7468386210928,513.776739380095,509.3985059542486,,,,,,,,,200000000.0,1592,,,,0.0,,0.5748531907305968,3.0176703143523884,11.528230098501082,22.37426932114957,37.038251335150846,,,,,,,,,,,TR,,,0.0,,46.30882395749846,34.95400505287559,13.121542739243784,3.7644114720021804,0.6958535069708582,49.47734779622859,46.30464302040305,34.94892300138709,,,,267.1217764690739,234.97050256546248,32.15127390361141,,,,,,,,,,4501252.062061655,-22.384597582772173,g3_tr_s00_pos1_tap0_dc_mc162_ac_bipolar_a0_f0_sec0,,,,0,ac,,,162,,1995731.782406363,,,,,,,1000.0,0.0,bipolar,,0.0,,,,0.005,0,20261003,,,,,,0,,,G3,,
5.760658649207448e-11,4.787385243466318e-11,2.111717891362147e-10,5.527558806279506e-11,1,1155.5954123323452,1150.3697397487574,511.6252111185615,513.5333651369275,,,,,,,,,200000000.0,1592,,,,0.0,,0.7187501158308942,3.387224584986015,11.827996293872356,22.535869997981937,37.10932714611598,,,,,,,,,,,TR,,,0.0,,45.548009794793415,33.498163274634344,12.676420524294244,3.69502487123929,0.69018272999759,49.4774047224059,45.543897546621274,33.49320750766193,,,,262.7108285551279,239.39458517266422,23.316243382463654,,,,,,,,,,4501252.062061655,-22.546104689934854,g3_tr_s00_pos1_tap0_dc_mc163_ac_bipolar_a0_f0_sec0,,,,0,ac,,,163,,1904533.137189471,,,,,,,1000.0,0.0,bipolar,,0.0,,,,0.005,0,20261003,,,,,,0,,,G3,,
5.361600687116521e-11,4.905592690282684e-11,2.0982436625730606e-10,5.85283055822033e-11,1,1150.4649509168057,1158.1157756092632,509.8543752418525,513.5419811209829,,,,,,,,,200000000.0,1592,,,,0.0,,0.8781584446820188,3.8425794834735916,12.49959043916768,23.045088509260456,37.388304003572884,,,,,,,,,,,TR,,,0.0,,44.71970624528178,31.78734488310999,11.733279846593991,3.4846264078798974,0.6683657725703551,49.47739938695701,44.71566877949817,31.782595763393,,,,261.38646464584724,245.477877598016,15.908587047831247,,,,,,,,,,4501252.062061655,-23.055135567880413,g3_tr_s00_pos1_tap0_dc_mc164_ac_bipolar_a0_f0_sec0,,,,0,ac,,,164,,1798104.6579169545,,,,,,,1000.0,0.0,bipolar,,0.0,,,,0.005,0,20261003,,,,,,0,,,G3,,
5.806953681695499e-11,4.540563544464969e-11,2.1032144001877166e-10,5.354506381569909e-11,1,1160.4101030673612,1138.6591643012787,515.7409034331747,508.9230812849625,,,,,,,,,200000000.0,1592,,,,0.0,,0.5670408606246756,2.9149661474505018,10.993814749718958,21.662630522070103,36.29262708837511,,,,,,,,,,,TR,,,0.0,,46.35058262933552,35.369898041975915,13.954128819592029,4.085822726805268,0.7582274583111352,49.477442259723176,46.34639792171436,35.36466615777456,,,,261.6501079553935,231.56884642813736,30.081261527256117,,,,,,,,,,4501252.062061655,-21.672891304691614,g3_tr_s00_pos1_tap0_dc_mc165_ac_bipolar_a0_f0_sec0,,,,0,ac,,,165,,2021647.7146777823,,,,,,,1000.0,0.0,bipolar,,0.0,,,,0.005,0,20261003,,,,,,0,,,G3,,
5.561731686681616e-11,4.590610350518869e-11,2.2120687965991742e-10,5.405251061808704e-11,1,1155.7371893237769,1149.811880993622,509.4137693897988,506.27517232346923,,,,,,,,,200000000.0,1592,,,,0.0,,0.5919696004759234,2.9293374612636516,11.1831636026396,21.93608088902915,36.5323207993651,,,,,,,,,,,TR,,,0.0,,46.21775720567815,35.311389466002815,13.653293288404429,3.9591984181863777,0.7375896852834382,49.47745435427061,46.213584490451964,35.30621171595936,,,,264.1348624452089,233.04463914186613,31.090223303342782,,,,,,,,,,4501252.062061655,-21.946348576821293,g3_tr_s00_pos1_tap0_dc_mc166_ac_bipolar_a0_f0_sec0,,,,0,ac,,,166,,2017936.7630335125,,,,,,,1000.0,0.0,bipolar,,0.0,,,,0.005,0,20261003,,,,,,0,,,G3,,
5.339616191827913e-11,4.5976492900208605e-11,2.104221003354707e-10,5.6639478295106145e-11,1,1152.074466511929,1151.1861877206265,513.4102144763172,515.0669476341333,,,,,,,,,200000000.0,1592,,,,0.0,,0.6859674379216528,3.277083996335339,11.637704549564303,22.167578182574,36.552543349819416,,,,,,,,,,,TR,,,0.0,,45.72024130768913,33.92565191105245,12.95720142991888,3.8550645095253544,0.7358720126507151,49.47740183237389,45.716113509569404,33.92061234831217,,,,261.42846899093144,236.47979457627756,24.94867441465388,,,,,,,,,,4501252.062061655,-22.177647797917402,g3_tr_s00_pos1_tap0_dc_mc167_ac_bipolar_a0_f0_sec0,,,,0,ac,,,167,,1931695.5702932212,,,,,,,1000.0,0.0,bipolar,,0.0,,,,0.005,0,20261003,,,,,,0,,,G3,,
5.705886004141017e-11,4.5826688849809113e-11,2.2684189186791032e-10,5.553319584517293e-11,1,1151.954071472494,1155.9432592352634,507.0909422891447,506.2282790702829,,,,,,,,,200000000.0,1592,,,,0.0,,0.546006041487192,2.9141913827593893,11.539330987131423,22.449749470276306,37.106615981044555,,,,,,,,,,,TR,,,0.0,,46.46297871685522,35.37294147938045,13.104850110473913,3.7318495414598694,0.6903995888426171,49.47745481063336,46.458783861584976,35.36784942059153,,,,269.7267563065071,234.3439352500698,35.382821056437336,,,,,,,,,,4501252.062061655,-22.460092186454403,g3_tr_s00_pos1_tap0_dc_mc168_ac_bipolar_a0_f0_sec0,,,,0,ac,,,168,,2020726.7092655941,,,,,,,1000.0,0.0,bipolar,,0.0,,,,0.005,0,20261003,,,,,,0,,,G3,,
5.604067203287534e-11,4.6766972279748096e-11,2.1128838580025833e-10,5.8127179093721726e-11,1,1153.9747299572068,1150.5128163181653,508.28461695954644,508.8678817118038,,,,,,,,,200000000.0,1592,,,,0.0,,0.7016676245271749,3.4163473408696787,11.977032265897822,22.60153585293563,37.066837991937994,,,,,,,,,,,TR,,,0.0,,45.63772035976217,33.386076784966875,12.460816647457822,3.667198159737809,0.6935670865287417,49.47745177382592,45.633600012185106,33.38114164457366,,,,263.5639584424374,239.20092733636932,24.363031106068092,,,,,,,,,,4501252.062061655,-22.611675882971532,g3_tr_s00_pos1_tap0_dc_mc169_ac_bipolar_a0_f0_sec0,,,,0,ac,,,169,,1900242.7659526917,,,,,,,1000.0,0.0,bipolar,,0.0,,,,0.005,0,20261003,,,,,,0,,,G3,,
5.4546448629364776e-11,4.5701190909500105e-11,2.166807857632591e-10,5.330566030455298e-11,1,1160.953407846084,1155.1717156237703,512.970888838605,512.3941874591291,,,,,,,,,200000000.0,1592,,,,0.0,,0.6174729676610891,2.966656134073128,11.095692715549031,21.766701484571325,36.31816473425101,,,,,,,,,,,TR,,,0.0,,46.08215893182259,35.159965493577644,13.791424535458532,4.037153113346137,0.755999471905443,49.4773539852207,46.07799845872206,35.15476995824575,,,,261.8488520894545,232.87168312430273,28.977168965151776,,,,,,,,,,4501252.062061655,-21.776920629884234,g3_tr_s00_pos1_tap0_dc_mc16_ac_bipolar_a0_f0_sec0,,,,0,ac,,,16,,2008619.2442918888,,,,,,,1000.0,0.0,bipolar,,0.0,,,,0.005,0,20261003,,,,,,0,,,G3,,
5.7985228934506395e-11,4.512934849497893e-11,2.1564661930907647e-10,5.574649298437224e-11,1,1138.974280636645,1161.0189536204055,515.7819856282065,506.92141513202586,,,,,,,,,200000000.0,1592,,,,0.0,,0.5386046746619235,2.9377518102773337,11.391882964480388,22.168280560560266,36.789562027069046,,,,,,,,,,,TR,,,0.0,,46.502580558349045,35.27717679206575,13.329156924638148,3.8547594286438507,0.7160657747167468,49.47744759805435,46.49838212788243,35.272039437209905,,,,266.6222262134976,233.11954829713378,33.50267791636381,,,,,,,,,,4501252.062061655,-22.178560645535086,g3_tr_s00_pos1_tap0_dc_mc170_ac_bipolar_a0_f0_sec0,,,,0,ac,,,170,,2015081.5964051161,,,,,,,1000.0,0.0,bipolar,,0.0,,,,0.005,0,20261003,,,,,,0,,,G3,,
5.806198555388507e-11,4.478405872083969e-11,2.2576667106116373e-10,5.383243705243715e-11,1,1157.926137926961,1146.5608305353317,515.9691184484424,515.0878297682996,,,,,,,,,200000000.0,1592,,,,0.0,,0.45431155129897927,2.6575155192719304,11.25132526329784,22.237876181251966,36.96616494086027,,,,,,,,,,,TR,,,0.0,,46.95600674093671,36.43372917487654,13.546631544241546,3.823994539362344,0.7016536392416943,49.477384523381154,46.95176737363609,36.42853207528601,,,,271.7553946051304,231.061732951926,40.6936616532044,,,,,,,,,,4501252.062061655,-22.248284023570328,g3_tr_s00_pos1_tap0_dc_mc171_ac_bipolar_a0_f0_sec0,,,,0,ac,,,171,,2082368.827581021,,,,,,,1000.0,0.0,bipolar,,0.0,,,,0.005,0,20261003,,,,,,0,,,G3,,
5.5074343439247914e-11,4.580163858036824e-11,2.2481101600239093e-10,5.4878889023624906e-11,1,1144.2521271661785,1142.5434759393186,514.739477086201,512.0103727703435,,,,,,,,,200000000.0,1592,,,,0.0,,0.5547065516337903,2.88529297424927,11.42695764975996,22.24683532598952,36.80965727288725,,,,,,,,,,,TR,,,0.0,,46.41649630975873,35.490868104138166,13.275495975633843,3.820058537201864,0.7144112703280228,49.4774926288344,46.41230565125627,35.48573712954632,,,,268.3913469029779,233.36949753899327,35.021849363984614,,,,,,,,,,4501252.062061655,-22.25709741980712,g3_tr_s00_pos1_tap0_dc_mc172_ac_bipolar_a0_f0_sec0,,,,0,ac,,,172,,2028040.4970317814,,,,,,,1000.0,0.0,bipolar,,0.0,,,,0.005,0,20261003,,,,,,0,,,G3,,
5.326175081620616e-11,4.746901573742035e-11,2.1287847339148828e-10,5.774403979787031e-11,1,1146.527164661389,1154.0681583463675,511.28823566881846,513.7859971361278,,,,,,,,,200000000.0,1592,,,,0.0,,0.7643048794659573,3.5186986992917086,12.091820010750771,22.66136676924428,37.02606498041212,,,,,,,,,,,TR,,,0.0,,45.30977449524211,32.99498036661904,12.297237732514784,3.6420222131628956,0.6968294111477096,49.47743132781558,45.305683755934744,32.9900863430952,,,,262.573652765477,240.71208123976896,21.86157152570803,,,,,,,,,,4501252.062061655,-22.671434850859214,g3_tr_s00_pos1_tap0_dc_mc173_ac_bipolar_a0_f0_sec0,,,,0,ac,,,173,,1874505.117229463,,,,,,,1000.0,0.0,bipolar,,0.0,,,,0.005,0,20261003,,,,,,0,,,G3,,
5.8087433434648465e-11,4.7757622333985264e-11,2.16187058684792e-10,5.639371107454571e-11,1,1150.0548911216422,1159.8950804377823,512.5092350217053,509.1353120917782,,,,,,,,,200000000.0,1592,,,,0.0,,0.6902362969527562,3.375450148427993,12.06397534408317,22.880375446954687,37.48654383650788,,,,,,,,,,,TR,,,0.0,,45.69777738954139,33.54355433861038,12.336720533779587,3.5513401464247627,0.6608509127590935,49.47740260507347,45.69365161964664,33.538651395094284,,,,266.4740840236909,240.2682674762513,26.20581654743961,,,,,,,,,,4501252.062061655,-22.89065786362839,g3_tr_s00_pos1_tap0_dc_mc174_ac_bipolar_a0_f0_sec0,,,,0,ac,,,174,,1910053.3492070397,,,,,,,1000.0,0.0,bipolar,,0.0,,,,0.005,0,20261003,,,,,,0,,,G3,,
5.502228282331229e-11,4.820588781388686e-11,2.2483348572969337e-10,5.359721026906016e-11,1,1139.7867586649204,1143.6855632567617,515.2632657209191,509.7174112752143,,,,,,,,,200000000.0,1592,,,,0.0,,0.6812774899253328,3.136591881519262,11.595662848308546,22.416859639635003,36.98801602912009,,,,,,,,,,,TR,,,0.0,,45.74504104666367,34.47883146618858,13.020124082582747,3.7460108628273536,0.6998913193811459,49.477516934689724,45.74091101000715,34.47379468553025,,,,265.51866423345007,237.28066687531134,28.237997358138728,,,,,,,,,,4501252.062061655,-22.427133890011252,g3_tr_s00_pos1_tap0_dc_mc175_ac_bipolar_a0_f0_sec0,,,,0,ac,,,175,,1965427.9876471348,,,,,,,1000.0,0.0,bipolar,,0.0,,,,0.005,0,20261003,,,,,,0,,,G3,,
5.476157176712199e-11,4.687516764518125e-11,2.1547919470876503e-10,5.7096459638337133e-11,1,1149.99214654238,1149.6671600997563,506.2183008750229,508.7788102351755,,,,,,,,,200000000.0,1592,,,,0.0,,0.697483988083336,3.321635196991054,11.79323366822058,22.42202743414944,36.87747625001192,,,,,,,,,,,TR,,,0.0,,45.65973930551338,33.752123715831964,12.727298707471132,3.743778046964213,0.7088539628301198,49.47748627065234,45.65561697022017,33.74713644549304,,,,263.0712975266167,238.0315897998475,25.039707726769223,,,,,,,,,,4501252.062061655,-22.432167605289482,g3_tr_s00_pos1_tap0_dc_mc176_ac_bipolar_a0_f0_sec0,,,,0,ac,,,176,,1921256.1654614105,,,,,,,1000.0,0.0,bipolar,,0.0,,,,0.005,0,20261003,,,,,,0,,,G3,,
5.481384865396412e-11,4.8395537624298144e-11,2.2965543887393061e-10,5.4730803610048454e-11,1,1156.3285101431159,1150.2082778115905,511.5811759770816,508.4620334943397,,,,,,,,,200000000.0,1592,,,,0.0,,0.6992857949028122,3.234662740184216,11.95645676288457,22.86137796880148,37.44401534410873,,,,,,,,,,,TR,,,0.0,,45.65021405680553,34.091633999672375,12.49041607303596,3.559118895617358,0.6640947177611436,49.47742715399304,45.646092581514814,34.086699927772685,,,,268.5414102260433,239.7769719927889,28.764438233254396,,,,,,,,,,4501252.062061655,-22.871679553410562,g3_tr_s00_pos1_tap0_dc_mc177_ac_bipolar_a0_f0_sec0,,,,0,ac,,,177,,1942136.0991347767,,,,,,,1000.0,0.0,bipolar,,0.0,,,,0.005,0,20261003,,,,,,0,,,G3,,
5.853928132072478e-11,4.884903194021638e-11,2.2826969551771122e-10,5.495576113831924e-11,1,1153.9773967901172,1152.970145784781,507.22825522869005,513.7834705958736,,,,,,,,,200000000.0,1592,,,,0.0,,0.6738697474836486,3.2757969359642467,12.171269106534735,23.207305130683476,37.917376052026114,,,,,,,,,,,TR,,,0.0,,45.78398212310807,33.930535466341674,12.185324999619368,3.420159030039128,0.6288725316567662,49.4774206192445,45.77984857034271,33.92566409926287,,,,271.0959668566019,241.13168365855196,29.964283198049912,,,,,,,,,,4501252.062061655,-23.217716427128398,g3_tr_s00_pos1_tap0_dc_mc178_ac_bipolar_a0_f0_sec0,,,,0,ac,,,178,,1933882.5379599899,,,,,,,1000.0,0.0,bipolar,,0.0,,,,0.005,0,20261003,,,,,,0,,,G3,,
5.671472088637576e-11,4.93384360087544e-11,2.193415585098021e-10,5.5078768086683725e-11,1,1146.8634706284738,1146.0584028859828,508.8512050467267,514.4829782457299,,,,,,,,,200000000.0,1592,,,,0.0,,0.762383079351425,3.4538278919398113,12.06626875349807,22.873934624976933,37.4505288765901,,,,,,,,,,,TR,,,0.0,,45.31984328881997,33.24229719828769,12.333474510648188,3.5539798489624777,0.6635974888300382,49.477477892092516,45.3157516404041,33.23741690839122,,,,264.9306638976053,241.78266064614485,23.148003251460466,,,,,,,,,,4501252.062061655,-22.88420285701879,g3_tr_s00_pos1_tap0_dc_mc179_ac_bipolar_a0_f0_sec0,,,,0,ac,,,179,,1888011.4874588854,,,,,,,1000.0,0.0,bipolar,,0.0,,,,0.005,0,20261003,,,,,,0,,,G3,,
5.399223819105874e-11,4.8539244580643015e-11,2.1417894750144536e-10,5.650561001382526e-11,1,1138.6639646659203,1141.2158312164827,507.15208698546206,511.62094298751117,,,,,,,,,200000000.0,1592,,,,0.0,,0.7855597813003623,3.498124748203533,11.921682500673072,22.49707793652337,36.89864703977065,,,,,,,,,,,TR,,,0.0,,45.19915618648857,33.073323930541605,12.540485171498116,3.711574569613937,0.7071290116413088,49.47756479312087,45.19507543427489,33.068398247317525,,,,260.8696341285969,240.46256694165714,20.40706718693974,,,,,,,,,,4501252.062061655,-22.507174146274387,g3_tr_s00_pos1_tap0_dc_mc17_ac_bipolar_a0_f0_sec0,,,,0,ac,,,17,,1876061.8968399684,,,,,,,1000.0,0.0,bipolar,,0.0,,,,0.005,0,20261003,,,,,,0,,,G3,,
5.331926265541153e-11,4.9202169032134e-11,2.2257734193444924e-10,5.5982031952816875e-11,1,1150.427254391195,1142.8382987429195,508.18051701785953,515.9467964461497,,,,,,,,,200000000.0,1592,,,,0.0,,0.7947031856994663,3.505357488384367,12.190710790290996,22.92496981373085,37.36866026638687,,,,,,,,,,,TR,,,0.0,,45.15151655562906,33.04567045207419,12.15806607082094,3.5331580099577238,0.6698807511124217,49.47747195757154,45.14744010456222,33.04081797580284,,,,265.0044921761334,242.45752628868078,22.546965887452615,,,,,,,,,,4501252.062061655,-22.935138480950556,g3_tr_s00_pos1_tap0_dc_mc180_ac_bipolar_a0_f0_sec0,,,,0,ac,,,180,,1875715.1767859112,,,,,,,1000.0,0.0,bipolar,,0.0,,,,0.005,0,20261003,,,,,,0,,,G3,,
5.757036076492342e-11,4.633293424225905e-11,2.2019165677391516e-10,5.4546302921821487e-11,1,1140.2193143764453,1155.2230743461832,506.04895578109927,514.2994671769393,,,,,,,,,200000000.0,1592,,,,0.0,,0.5801586076767865,2.9754745233477906,11.404847146168477,22.232032575641004,36.87713243048541,,,,,,,,,,,TR,,,0.0,,46.28067176396484,35.12431948134829,13.309284587533757,3.8265734722849687,0.7088833893367606,49.477481432611064,46.27649336839977,35.11920338802427,,,,266.36412062897426,234.30010803737744,32.06401259159682,,,,,,,,,,4501252.062061655,-22.24234683294455,g3_tr_s00_pos1_tap0_dc_mc181_ac_bipolar_a0_f0_sec0,,,,0,ac,,,181,,2006067.356700335,,,,,,,1000.0,0.0,bipolar,,0.0,,,,0.005,0,20261003,,,,,,0,,,G3,,
5.5550582891998865e-11,4.820837628798579e-11,2.269358745982007e-10,5.661247162553823e-11,1,1152.2833371134018,1161.1249940523678,505.9079927909495,508.0657131140734,,,,,,,,,200000000.0,1592,,,,0.0,,0.7103061489023174,3.3619953484865155,12.194620970999404,23.070455055072042,37.637349463873704,,,,,,,,,,,TR,,,0.0,,45.59232773699641,33.595526450903186,12.152604272304606,3.4744701437658843,0.6494762217937594,49.47742319599453,45.58821148771242,33.590657992348156,,,,268.7277339663406,241.25329083427016,27.474443132070462,,,,,,,,,,4501252.062061655,-23.080733633057704,g3_tr_s00_pos1_tap0_dc_mc182_ac_bipolar_a0_f0_sec0,,,,0,ac,,,182,,1913106.0430439645,,,,,,,1000.0,0.0,bipolar,,0.0,,,,0.005,0,20261003,,,,,,0,,,G3,,
5.444811373739678e-11,4.7702093519097174e-11,2.1637607705292328e-10,5.345953796405593e-11,1,1142.0067854395156,1154.84813298685,513.307950558678,506.68829751136224,,,,,,,,,200000000.0,1592,,,,0.0,,0.7206458271133254,3.212203491580979,11.339875063740127,21.970760186408466,36.48446034125903,,,,,,,,,,,TR,,,0.0,,45.53813477305254,34.18005422638371,13.409148522386545,3.9434225193810835,0.7416647020442966,49.47747516055769,45.534023416504,34.174962486598425,,,,259.7784387300044,236.38263976083485,23.395798969169533,,,,,,,,,,4501252.062061655,-21.980947525494297,g3_tr_s00_pos1_tap0_dc_mc183_ac_bipolar_a0_f0_sec0,,,,0,ac,,,183,,1944620.7429978333,,,,,,,1000.0,0.0,bipolar,,0.0,,,,0.005,0,20261003,,,,,,0,,,G3,,
5.871379698197964e-11,4.516328941278908e-11,2.1698907647006968e-10,5.746021955545954e-11,1,1144.2972310906189,1151.2617230074643,509.7007518202595,506.28451173210595,,,,,,,,,200000000.0,1592,,,,0.0,,0.5329838983433198,3.0016466687820613,11.632883590937073,22.43966183057369,37.059938561504026,,,,,,,,,,,TR,,,0.0,,46.532734814535836,35.01865225508492,12.96446328089282,3.736188453309402,0.6941201359104671,49.47750284993615,46.52853366173067,35.013578208902985,,,,268.4832822923897,234.33087735849622,34.15240493389345,,,,,,,,,,4501252.062061655,-22.449945760399125,g3_tr_s00_pos1_tap0_dc_mc184_ac_bipolar_a0_f0_sec0,,,,0,ac,,,184,,1999613.8175905144,,,,,,,1000.0,0.0,bipolar,,0.0,,,,0.005,0,20261003,,,,,,0,,,G3,,
5.3665579736136566e-11,4.695235749903839e-11,2.1810033550822548e-10,5.790447570562048e-11,1,1152.8574068465357,1155.7663990878218,509.0133883158295,516.0443151229192,,,,,,,,,200000000.0,1592,,,,0.0,,0.7090565305589362,3.4071646561119047,12.146714991425583,22.828428032929175,37.249159888335946,,,,,,,,,,,TR,,,0.0,,45.59885877978002,33.421310580956074,12.219790816774852,3.5726408741073263,0.6791593936485745,49.47739206669939,45.59474194091876,33.416414526702795,,,,266.09950255668497,240.0899509688581,26.009551587826877,,,,,,,,,,4501252.062061655,-22.838560242470265,g3_tr_s00_pos1_tap0_dc_mc185_ac_bipolar_a0_f0_sec0,,,,0,ac,,,185,,1903277.606224881,,,,,,,1000.0,0.0,bipolar,,0.0,,,,0.005,0,20261003,,,,,,0,,,G3,,
5.5192317217127723e-11,4.609195619650367e-11,2.232003442845177e-10,5.501411093537786e-11,1,1143.879083434025,1149.3875255634046,511.0785074591376,512.6468367470412,,,,,,,,,200000000.0,1592,,,,0.0,,0.5854168102898123,2.9679381850890927,11.473531477638081,22.26907539553024,36.82888075068678,,,,,,,,,,,TR,,,0.0,,46.25265753042465,35.15479212763431,13.204487385429724,3.8102882195204857,0.7128316060333448,49.477475393141724,46.24848166379163,35.149685586311826,,,,267.16992854505565,234.31329181436422,32.856636730691434,,,,,,,,,,4501252.062061655,-22.279329182718293,g3_tr_s00_pos1_tap0_dc_mc186_ac_bipolar_a0_f0_sec0,,,,0,ac,,,186,,2007894.6904499219,,,,,,,1000.0,0.0,bipolar,,0.0,,,,0.005,0,20261003,,,,,,0,,,G3,,
5.6290908568107975e-11,4.6587387664564085e-11,2.2258035604484314e-10,5.382976505934531e-11,1,1158.2620250504274,1153.22174675043,512.5159519345345,511.4723796173198,,,,,,,,,200000000.0,1592,,,,0.0,,0.608385490933999,3.004534864524045,11.44900308952242,22.299698163028612,36.936304109107354,,,,,,,,,,,TR,,,0.0,,46.13042473865039,35.006925621396206,13.241781093483208,3.7968720741546296,0.7040691854796179,49.47738384087365,46.12625990776909,35.00183027143765,,,,266.48028081766853,235.1563377148147,31.323943102853832,,,,,,,,,,4501252.062061655,-22.310016883115388,g3_tr_s00_pos1_tap0_dc_mc187_ac_bipolar_a0_f0_sec0,,,,0,ac,,,187,,1998873.4617093806,,,,,,,1000.0,0.0,bipolar,,0.0,,,,0.005,0,20261003,,,,,,0,,,G3,,
5.626255163821131e-11,4.7065448706438165e-11,2.2186451642623598e-10,5.3499640493799175e-11,1,1153.4477603782163,1154.2313548753368,510.09832401484886,514.5144156008354,,,,,,,,,200000000.0,1592,,,,0.0,,0.6343379448942463,3.053727170238402,11.456177025028774,22.291865271435363,36.923993138027114,,,,,,,,,,,TR,,,0.0,,45.99281242091443,34.80925239432341,13.230842668289593,3.800298606437682,0.7050679690619011,49.47739939129535,45.98866001450706,34.80416857291886,,,,265.5142864926831,235.76732070818008,29.746965784503004,,,,,,,,,,4501252.062061655,-22.302178516021534,g3_tr_s00_pos1_tap0_dc_mc188_ac_bipolar_a0_f0_sec0,,,,0,ac,,,188,,1986448.4902836988,,,,,,,1000.0,0.0,bipolar,,0.0,,,,0.005,0,20261003,,,,,,0,,,G3,,
5.7715266685450384e-11,4.466833481505698e-11,2.1875767979789885e-10,5.6081614975935083e-11,1,1160.222141971457,1141.7726901128249,505.93393865022796,508.4011709299639,,,,,,,,,200000000.0,1592,,,,0.0,,0.5120437025453339,2.8548412557793426,11.294375584926138,22.08240676315346,36.71032236659315,,,,,,,,,,,TR,,,0.0,,46.64503037959634,35.615530372769264,13.479638035278976,3.8930614230598177,0.7226286800074311,49.47747925652121,46.64081908841926,35.61035642156727,,,,267.1496992591654,232.0032941455219,35.14640511364351,,,,,,,,,,4501252.062061655,-22.092694430414596,g3_tr_s00_pos1_tap0_dc_mc189_ac_bipolar_a0_f0_sec0,,,,0,ac,,,189,,2035174.7230851324,,,,,,,1000.0,0.0,bipolar,,0.0,,,,0.005,0,20261003,,,,,,0,,,G3,,
5.745278435161449e-11,4.920203162261074e-11,2.204820649155041e-10,5.642275468280279e-11,1,1150.613414330951,1159.5401175812117,510.45020853478303,511.34662573758044,,,,,,,,,200000000.0,1592,,,,0.0,,0.7599672524212657,3.540212354856386,12.388015786106768,23.262130635867234,37.8611693004149,,,,,,,,,,,TR,,,0.0,,45.332378895429464,32.91325894031704,11.885001430591355,3.3986357053860474,0.6329541403060636,49.47740033349898,45.328286115370226,32.90846272229665,,,,267.59688949979306,243.65439330042983,23.942496199363234,,,,,,,,,,4501252.062061655,-23.272426491188188,g3_tr_s00_pos1_tap0_dc_mc18_ac_bipolar_a0_f0_sec0,,,,0,ac,,,18,,1871049.4586943975,,,,,,,1000.0,0.0,bipolar,,0.0,,,,0.005,0,20261003,,,,,,0,,,G3,,
5.667408258892635e-11,4.9303351637024226e-11,2.0991926898238482e-10,5.375069913386897e-11,1,1155.6108753874294,1157.796583913913,507.3131730205771,511.30640838163816,,,,,,,,,200000000.0,1592,,,,0.0,,0.8258691905776487,3.550270317965781,11.724451953154851,22.33922210328732,36.893114031821796,,,,,,,,,,,TR,,,0.0,,44.98973194633387,32.875286398305356,12.828374681719117,3.7796323277260107,0.7075782990913928,49.47739947789081,44.98567010143374,32.870345462150674,,,,257.8026492074072,241.14371713346293,16.6589320739443,,,,,,,,,,4501252.062061655,-22.349425534036712,g3_tr_s00_pos1_tap0_dc_mc190_ac_bipolar_a0_f0_sec0,,,,0,ac,,,190,,1858212.117631101,,,,,,,1000.0,0.0,bipolar,,0.0,,,,0.005,0,20261003,,,,,,0,,,G3,,
5.87617967517157e-11,4.586367886014758e-11,2.2864534362323105e-10,5.79921932196971e-11,1,1148.2370278221392,1151.8327673086021,513.4587971277856,512.8332457525394,,,,,,,,,200000000.0,1592,,,,0.0,,0.5049525433920876,3.0234755883693127,12.222840352079539,23.267801464085622,37.943618416953484,,,,,,,,,,,TR,,,0.0,,46.68308018256266,34.9305889285761,12.113257696727718,3.3964215788317493,0.6269754147175617,49.477429715600074,46.678865455684466,34.92567070068795,,,,276.86687579986557,237.33251467566996,39.53436112419561,,,,,,,,,,4501252.062061655,-23.27818282837304,g3_tr_s00_pos1_tap0_dc_mc191_ac_bipolar_a0_f0_sec0,,,,0,ac,,,191,,1994820.4672712067,,,,,,,1000.0,0.0,bipolar,,0.0,,,,0.005,0,20261003,,,,,,0,,,G3,,
5.589830512799422e-11,4.554661510302472e-11,2.1006777541700893e-10,5.3558762565684784e-11,1,1150.9381546641978,1151.4282085541718,513.320239185832,515.39996434579,,,,,,,,,200000000.0,1592,,,,0.0,,0.6091293412278447,2.9878834644539056,11.037278039170255,21.635145041861197,36.1815110025039,,,,,,,,,,,TR,,,0.0,,46.126494594405166,35.07421208411806,13.884472511231607,4.098768308960156,0.7679882403884336,49.477405558818454,46.12233011861645,35.06899947848405,,,,260.310915695535,232.29384940245956,28.01706629307546,,,,,,,,,,4501252.062061655,-21.645336655449867,g3_tr_s00_pos1_tap0_dc_mc192_ac_bipolar_a0_f0_sec0,,,,0,ac,,,192,,2003107.097173117,,,,,,,1000.0,0.0,bipolar,,0.0,,,,0.005,0,20261003,,,,,,0,,,G3,,
5.473426116974181e-11,4.5114992878815035e-11,2.0993824185999118e-10,5.5935460619073854e-11,1,1157.6809905119933,1142.987900107476,510.8135179840131,508.3291666928708,,,,,,,,,200000000.0,1592,,,,0.0,,0.6220728483779112,3.077150350097846,11.230333630663445,21.751739184556858,36.20204481544489,,,,,,,,,,,TR,,,0.0,,46.057861034140686,34.71564968541002,13.579326613228444,4.044120220512305,0.7661749474902761,49.477461270141696,46.053702754930065,34.71048425311536,,,,260.37798894158436,233.09778235738875,27.28020658419561,,,,,,,,,,4501252.062061655,-21.761846172660036,g3_tr_s00_pos1_tap0_dc_mc193_ac_bipolar_a0_f0_sec0,,,,0,ac,,,193,,1980637.1860432639,,,,,,,1000.0,0.0,bipolar,,0.0,,,,0.005,0,20261003,,,,,,0,,,G3,,
5.860269860009433e-11,4.815595998827465e-11,2.1619035100917202e-10,5.6823086173360514e-11,1,1159.8886882632341,1160.1567373046878,513.6500340497339,512.6888939632581,,,,,,,,,200000000.0,1592,,,,0.0,,0.7115542662303503,3.485481315745136,12.344133994588159,23.21430863130578,37.837209233855525,,,,,,,,,,,TR,,,0.0,,45.58569034643451,33.12125568867142,11.945174830364069,3.4173942251673872,0.6347018208249062,49.477329333281176,45.581574696473965,33.116434593360374,,,,268.14014365491784,242.42496409268566,25.71517956223218,,,,,,,,,,4501252.062061655,-23.224614320300283,g3_tr_s00_pos1_tap0_dc_mc194_ac_bipolar_a0_f0_sec0,,,,0,ac,,,194,,1885948.4827223802,,,,,,,1000.0,0.0,bipolar,,0.0,,,,0.005,0,20261003,,,,,,0,,,G3,,
5.866292222298799e-11,4.876882044317916e-11,2.1697637127998302e-10,5.6246306774364e-11,1,1155.4582811292337,1143.5421243605385,506.00444163744896,511.9690833380062,,,,,,,,,200000000.0,1592,,,,0.0,,0.7270742090027615,3.458850066044097,12.150001955252751,22.97970416545624,37.59885672609961,,,,,,,,,,,TR,,,0.0,,45.50444426341213,33.22307784981123,12.215156444022758,3.510964960181246,0.6523618445404418,49.47747468151924,45.50033594864583,33.21821216075606,,,,265.9740293737835,241.66915273474143,24.30487663904205,,,,,,,,,,4501252.062061655,-22.989999393105673,g3_tr_s00_pos1_tap0_dc_mc195_ac_bipolar_a0_f0_sec0,,,,0,ac,,,195,,1889525.3738880141,,,,,,,1000.0,0.0,bipolar,,0.0,,,,0.005,0,20261003,,,,,,0,,,G3,,
5.63601010302666e-11,4.807809553287923e-11,2.1107893647308694e-10,5.4618417360882123e-11,1,1140.0104482626646,1151.3134647553447,507.82886125057655,508.5681815856523,,,,,,,,,200000000.0,1592,,,,0.0,,0.7415291250688313,3.3524811073662453,11.529648135102022,22.124457327694163,36.646591354382274,,,,,,,,,,,TR,,,0.0,,45.428821352319915,33.63254069628889,13.119371573879462,3.8742603934462143,0.7279499539415072,49.47752027904824,45.42471986500565,33.62751143534213,,,,259.12588518529924,237.9373417876751,21.18854339762413,,,,,,,,,,4501252.062061655,-22.134633483486937,g3_tr_s00_pos1_tap0_dc_mc196_ac_bipolar_a0_f0_sec0,,,,0,ac,,,196,,1909909.8457104384,,,,,,,1000.0,0.0,bipolar,,0.0,,,,0.005,0,20261003,,,,,,0,,,G3,,
5.8085432139785345e-11,4.7072638278703666e-11,2.2377531628732146e-10,5.447926039658479e-11,1,1141.1706563107157,1149.2285681319681,507.6775970390992,516.0557952938018,,,,,,,,,200000000.0,1592,,,,0.0,,0.5868283458219464,3.0118298724069494,11.622328172290848,22.546225756100363,37.2241335763627,,,,,,,,,,,TR,,,0.0,,46.24515493019859,34.97758199469744,12.980227670611969,3.6906311578643467,0.6811222301227496,49.47748958400435,46.24097974096904,34.9725301996166,,,,268.8866661704606,235.87346044059987,33.01320572986074,,,,,,,,,,4501252.062061655,-22.556586741097696,g3_tr_s00_pos1_tap0_dc_mc197_ac_bipolar_a0_f0_sec0,,,,0,ac,,,197,,1997135.9006571786,,,,,,,1000.0,0.0,bipolar,,0.0,,,,0.005,0,20261003,,,,,,0,,,G3,,
5.565747830391422e-11,4.513320066604599e-11,2.2279299881194053e-10,5.5484018417484755e-11,1,1143.201280819636,1148.472850112143,509.5647515453006,508.4227198843259,,,,,,,,,200000000.0,1592,,,,0.0,,0.5344707302531517,2.848006072433752,11.291138313055265,22.068581683693687,36.639772061844376,,,,,,,,,,,TR,,,0.0,,46.52477874013343,35.643583237621975,13.48468669482894,3.8992653124772043,0.7285220814921256,49.47751201410046,46.52057830552686,35.63840911802236,,,,267.1996228866947,232.18370735766936,35.015915529025364,,,,,,,,,,4501252.062061655,-22.07883547148772,g3_tr_s00_pos1_tap0_dc_mc198_ac_bipolar_a0_f0_sec0,,,,0,ac,,,198,,2037235.987445911,,,,,,,1000.0,0.0,bipolar,,0.0,,,,0.005,0,20261003,,,,,,0,,,G3,,
5.72406120038804e-11,4.7643471791130094e-11,2.267652068598676e-10,5.5506346230349846e-11,1,1141.8668313017283,1159.829078289666,515.7589292973812,505.8902960427826,,,,,,,,,200000000.0,1592,,,,0.0,,0.6309959332362308,3.16166031924186,11.976462160755547,22.928378038942498,37.57504550957881,,,,,,,,,,,TR,,,0.0,,46.01055338895494,34.379360632650155,12.46169469897424,3.5317724137585174,0.6541524977310609,49.47744371308411,46.00639938062913,34.374415651511015,,,,270.4541228696573,238.68355263773066,31.770570231926627,,,,,,,,,,4501252.062061655,-22.938726008715662,g3_tr_s00_pos1_tap0_dc_mc199_ac_bipolar_a0_f0_sec0,,,,0,ac,,,199,,1961310.017117361,,,,,,,1000.0,0.0,bipolar,,0.0,,,,0.005,0,20261003,,,,,,0,,,G3,,
5.3215879512511896e-11,4.516038036112099e-11,2.193126404989096e-10,5.8043612502912305e-11,1,1154.3057936418452,1147.3030609235939,513.0630606336861,507.95590753762514,,,,,,,,,200000000.0,1592,,,,0.0,,0.6093618065091287,3.131461340129013,11.75001905875868,22.39683196944524,36.806443579346876,,,,,,,,,,,TR,,,0.0,,46.125299109717524,34.499178007791926,12.790810855929372,3.754650867605553,0.7146738398279856,49.47744740150546,46.121134741915746,34.49413891180628,,,,266.37398893818374,235.51241051106285,30.86157842712089,,,,,,,,,,4501252.062061655,-22.406946788437764,g3_tr_s00_pos1_tap0_dc_mc19_ac_bipolar_a0_f0_sec0,,,,0,ac,,,19,,1968694.1683895965,,,,,,,1000.0,0.0,bipolar,,0.0,,,,0.005,0,20261003,,,,,,0,,,G3,,
5.374286934389741e-11,4.606282693718425e-11,2.274100791179496e-10,5.348355035767448e-11,1,1149.3491165291393,1155.3836140397732,506.92059766792113,516.0925952755186,,,,,,,,,200000000.0,1592,,,,0.0,,0.5894782542398406,2.873696658962139,11.249978416343074,22.062226799337527,36.62646697278299,,,,,,,,,,,TR,,,0.0,,46.23098545405216,35.53824664494436,13.548708816058111,3.902112580799309,0.7296374737140029,49.47742209095238,46.226811544150486,35.533079871201416,,,,266.40486964353335,233.20171343987894,33.2031562036544,,,,,,,,,,4501252.062061655,-22.07249445770198,g3_tr_s00_pos1_tap0_dc_mc1_ac_bipolar_a0_f0_sec0,,,,0,ac,,,1,,2031984.5880880281,,,,,,,1000.0,0.0,bipolar,,0.0,,,,0.005,0,20261003,,,,,,0,,,G3,,
5.6814778943712875e-11,4.765810815821878e-11,2.2459137402430497e-10,5.496613202413923e-11,1,1154.4529532202048,1145.5025457159895,509.7585268049373,514.179799582743,,,,,,,,,200000000.0,1592,,,,0.0,,0.644195157290058,3.161376899047085,11.856398675350848,22.760501002338895,37.389027744793935,,,,,,,,,,,TR,,,0.0,,45.94068545924917,34.38050297363475,12.635117649633687,3.6006959458049272,0.6683127230541024,49.477440895240775,45.936537758690356,34.37552889403598,,,,268.69621878319515,238.20844205144076,30.487776731754394,,,,,,,,,,4501252.062061655,-22.770826451133267,g3_tr_s00_pos1_tap0_dc_mc20_ac_bipolar_a0_f0_sec0,,,,0,ac,,,20,,1960769.696513636,,,,,,,1000.0,0.0,bipolar,,0.0,,,,0.005,0,20261003,,,,,,0,,,G3,,
5.5485792134164005e-11,4.866476841887054e-11,2.2660499983036704e-10,5.486442363456332e-11,1,1158.320081760649,1147.184724312999,513.8105013864979,512.4559397652909,,,,,,,,,200000000.0,1592,,,,0.0,,0.71342248104818,3.3101802501172757,12.083655035009517,22.989052016589003,37.57722936510941,,,,,,,,,,,TR,,,0.0,,45.57595294284931,33.7965098439889,12.308838500093035,3.507184234488558,0.6539870585704015,49.47740141092529,45.571838172091304,33.791615333585774,,,,268.60124349307375,240.84088742076793,27.760356072305825,,,,,,,,,,4501252.062061655,-22.999355234216313,g3_tr_s00_pos1_tap0_dc_mc21_ac_bipolar_a0_f0_sec0,,,,0,ac,,,21,,1924258.8002727816,,,,,,,1000.0,0.0,bipolar,,0.0,,,,0.005,0,20261003,,,,,,0,,,G3,,
5.800588789941528e-11,4.9184121076943325e-11,2.1380509758754622e-10,5.839693255815806e-11,1,1142.9878746269887,1153.209566949891,513.2979531519711,512.2359899524682,,,,,,,,,200000000.0,1592,,,,0.0,,0.7810643650377592,3.70407217898206,12.63731555564828,23.42312062442177,37.95558784853484,,,,,,,,,,,TR,,,0.0,,45.222451075779546,32.298245462579956,11.548758203434515,3.336225882714225,0.6261112127833112,49.47745082605852,45.218368220332174,32.293514263086784,,,,267.2351614458159,245.1297878534875,22.10537359232839,,,,,,,,,,4501252.062061655,-23.43334526479067,g3_tr_s00_pos1_tap0_dc_mc22_ac_bipolar_a0_f0_sec0,,,,0,ac,,,22,,1836835.4788563407,,,,,,,1000.0,0.0,bipolar,,0.0,,,,0.005,0,20261003,,,,,,0,,,G3,,
5.411555987682988e-11,4.495253276264002e-11,2.3049082174675154e-10,5.510090562162644e-11,1,1143.9088068757856,1145.7149499702043,508.1961261174965,512.7217174808624,,,,,,,,,200000000.0,1592,,,,0.0,,0.5032074165109075,2.7283895900145043,11.30334372055194,22.15060089122229,36.70550198259021,,,,,,,,,,,TR,,,0.0,,46.69253414445764,36.13777305824329,13.465796572064042,3.862619297218431,0.7230297215782022,49.47750779182847,46.688318564321534,36.132587052067414,,,,270.1804696812062,231.45286490861005,38.72760477259615,,,,,,,,,,4501252.062061655,-22.160865894113503,g3_tr_s00_pos1_tap0_dc_mc23_ac_bipolar_a0_f0_sec0,,,,0,ac,,,23,,2065847.272165876,,,,,,,1000.0,0.0,bipolar,,0.0,,,,0.005,0,20261003,,,,,,0,,,G3,,
5.4228224612957234e-11,4.546287055157534e-11,2.1574095728275262e-10,5.5371983689942055e-11,1,1141.4699606792392,1146.4284418353486,510.4676856330097,515.9662716197249,,,,,,,,,200000000.0,1592,,,,0.0,,0.6003053538013179,3.0012214898215617,11.301108482083805,21.9249900543097,36.39276168455026,,,,,,,,,,,TR,,,0.0,,46.17345563720967,35.020415672293986,13.469180069678346,3.964258128522689,0.7495359710862082,49.47748846331272,46.16928692169442,35.015259527153574,,,,263.34121047176126,233.13168684424568,30.20952362751558,,,,,,,,,,4501252.062061655,-21.93513896240902,g3_tr_s00_pos1_tap0_dc_mc24_ac_bipolar_a0_f0_sec0,,,,0,ac,,,24,,1999697.0165020174,,,,,,,1000.0,0.0,bipolar,,0.0,,,,0.005,0,20261003,,,,,,0,,,G3,,
5.85165975429282e-11,4.87070860838487e-11,2.1317716833560147e-10,5.455327090120954e-11,1,1139.0139481368064,1142.43797612947,509.27508785946713,506.6790553993485,,,,,,,,,200000000.0,1592,,,,0.0,,0.7237647236703696,3.3489498347811844,11.661828428479723,22.373572276003383,36.98140628935933,,,,,,,,,,,TR,,,0.0,,45.52187464980542,33.64621899726445,12.921273731581172,3.764728846071705,0.7004251029436669,49.477571463072486,45.51776476109604,33.64122583934281,,,,261.4830135638187,238.77905021285616,22.70396335096254,,,,,,,,,,4501252.062061655,-22.383832328651486,g3_tr_s00_pos1_tap0_dc_mc25_ac_bipolar_a0_f0_sec0,,,,0,ac,,,25,,1912109.8057772412,,,,,,,1000.0,0.0,bipolar,,0.0,,,,0.005,0,20261003,,,,,,0,,,G3,,
5.747661352278035e-11,4.840991996068485e-11,2.2018134318277945e-10,5.361128974198749e-11,1,1158.7549202070586,1142.6561853840608,511.8649156598196,511.6089375682401,,,,,,,,,200000000.0,1592,,,,0.0,,0.6950743349119465,3.2367351335976733,11.692760557067267,22.543273251905244,37.19618911585729,,,,,,,,,,,TR,,,0.0,,45.67236134025074,34.08356000802896,12.875347213032786,3.69188093371423,0.6833160912188972,49.47743565884778,45.66823786510273,34.07856545453734,,,,264.89035579789265,238.5982139363474,26.292141861545247,,,,,,,,,,4501252.062061655,-22.55360292510081,g3_tr_s00_pos1_tap0_dc_mc26_ac_bipolar_a0_f0_sec0,,,,0,ac,,,26,,1940438.534581745,,,,,,,1000.0,0.0,bipolar,,0.0,,,,0.005,0,20261003,,,,,,0,,,G3,,
5.785844882659809e-11,4.871177708794539e-11,2.1177313851751495e-10,5.6280789091152016e-11,1,1156.0831059578459,1142.1772149647754,509.172982015664,512.3994138112716,,,,,,,,,200000000.0,1592,,,,0.0,,0.7601885096908573,3.531538690186585,12.097109363587535,22.814058535787424,37.369592335378485,,,,,,,,,,,TR,,,0.0,,45.33127910654652,32.946244541544736,12.289736250746017,3.578561365289024,0.6698094819293674,49.47746031665116,45.32718642591831,32.9413720334888,,,,263.28321003041856,241.7462229391265,21.536987091292048,,,,,,,,,,4501252.062061655,-22.824283091813754,g3_tr_s00_pos1_tap0_dc_mc27_ac_bipolar_a0_f0_sec0,,,,0,ac,,,27,,1870834.8621900477,,,,,,,1000.0,0.0,bipolar,,0.0,,,,0.005,0,20261003,,,,,,0,,,G3,,
5.4528122755797956e-11,4.765176727888163e-11,2.1137800432024898e-10,5.341759376369837e-11,1,1143.2506701784748,1148.028521156607,509.6724962565137,507.37921999020534,,,,,,,,,200000000.0,1592,,,,0.0,,0.7391079251072403,3.2515820212348006,11.198621901945321,21.712067622017123,36.190241088175256,,,,,,,,,,,TR,,,0.0,,45.44148362161692,34.025524457125194,13.628957063330287,4.062637834229115,0.7672178375334979,49.47751720566209,45.43738099121841,34.02040235772943,,,,256.62789431732193,235.7737787055114,20.854115611810528,,,,,,,,,,4501252.062061655,-21.722199857387867,g3_tr_s00_pos1_tap0_dc_mc28_ac_bipolar_a0_f0_sec0,,,,0,ac,,,28,,1933471.2073583067,,,,,,,1000.0,0.0,bipolar,,0.0,,,,0.005,0,20261003,,,,,,0,,,G3,,
5.772454298002191e-11,4.68285233029455e-11,2.302528329605303e-10,5.51089834312975e-11,1,1152.0027747625804,1152.8336282315295,515.0729260884847,510.42710757515744,,,,,,,,,200000000.0,1592,,,,0.0,,0.5573177888610418,2.980467225359855,11.88469056533175,22.92523662926579,37.62339803833722,,,,,,,,,,,TR,,,0.0,,46.40246636747374,35.10398045737593,12.594069940815187,3.533048603375754,0.6505210462358506,49.47740961173505,46.39827697572504,35.09899093857662,,,,273.4727999791838,236.78412561928263,36.68867435990114,,,,,,,,,,4501252.062061655,-22.935639586674586,g3_tr_s00_pos1_tap0_dc_mc29_ac_bipolar_a0_f0_sec0,,,,0,ac,,,29,,2004602.7075880652,,,,,,,1000.0,0.0,bipolar,,0.0,,,,0.005,0,20261003,,,,,,0,,,G3,,
5.858682994743092e-11,4.552560029517682e-11,2.1290268024947388e-10,5.6495371758643925e-11,1,1145.1485097419056,1157.9048759619043,513.1019342788412,515.6708481094028,,,,,,,,,200000000.0,1592,,,,0.0,,0.5662808755549854,3.0806121034468514,11.678428114434823,22.464268733299175,37.077267465148,,,,,,,,,,,TR,,,0.0,,46.35460088389349,34.70168456425384,12.896627410188314,3.725611086029077,0.6927352323928417,49.4774023005126,46.35041581363185,34.69663482053598,,,,267.35748795934785,235.30561662002404,32.05187133932381,,,,,,,,,,4501252.062061655,-22.474543295009948,g3_tr_s00_pos1_tap0_dc_mc2_ac_bipolar_a0_f0_sec0,,,,0,ac,,,2,,1980892.9682514674,,,,,,,1000.0,0.0,bipolar,,0.0,,,,0.005,0,20261003,,,,,,0,,,G3,,
5.3988676180228326e-11,4.7132841286537776e-11,2.2245690350837267e-10,5.452592041939642e-11,1,1158.1139098037859,1153.0430840289455,512.9929467017174,507.6161804014619,,,,,,,,,200000000.0,1592,,,,0.0,,0.6808424885790513,3.1615868719393063,11.583094324630427,22.330313111626577,36.85591472124857,,,,,,,,,,,TR,,,0.0,,45.74722547914127,34.37970085500431,13.03893794214801,3.7835130111102813,0.7106150888576049,49.47740164256137,45.74309524489544,34.37465643411931,,,,264.40332867586704,236.91711295917295,27.48621571669409,,,,,,,,,,4501252.062061655,-22.340537017677473,g3_tr_s00_pos1_tap0_dc_mc30_ac_bipolar_a0_f0_sec0,,,,0,ac,,,30,,1959259.6723850728,,,,,,,1000.0,0.0,bipolar,,0.0,,,,0.005,0,20261003,,,,,,0,,,G3,,
5.6645005209395193e-11,4.5659619851413586e-11,2.124180700591448e-10,5.787715663414529e-11,1,1147.3556232441472,1155.9197859326832,511.9780114036181,512.2463542524923,,,,,,,,,200000000.0,1592,,,,0.0,,0.6178922915938233,3.2226847497720263,11.83797160577479,22.525613922323405,37.0345921506205,,,,,,,,,,,TR,,,0.0,,46.07999890287723,34.13875025198563,12.661921542209836,3.6993916314995956,0.6961466468062995,49.47742334863776,46.07583862480862,34.13375093391004,,,,265.9919977072357,236.76773439409993,29.224263313135793,,,,,,,,,,4501252.062061655,-22.53579660664654,g3_tr_s00_pos1_tap0_dc_mc31_ac_bipolar_a0_f0_sec0,,,,0,ac,,,31,,1947312.2818714725,,,,,,,1000.0,0.0,bipolar,,0.0,,,,0.005,0,20261003,,,,,,0,,,G3,,
5.3987111478205176e-11,4.5098689697032025e-11,2.2511117036022798e-10,5.4611968186741753e-11,1,1151.1259723161945,1156.9779473578958,515.7022085219824,515.0848223115553,,,,,,,,,200000000.0,1592,,,,0.0,,0.5438101655833406,2.8425914975916378,11.376363824080768,22.18918812733598,36.73591755139966,,,,,,,,,,,TR,,,0.0,,46.474644291452435,35.665679381066234,13.353016594092788,3.845486259461491,0.7205001895521504,49.47736730514727,46.470448383427645,35.66052826776742,,,,268.5778907772308,232.74485367458243,35.83303710264835,,,,,,,,,,4501252.062061655,-22.199439024014552,g3_tr_s00_pos1_tap0_dc_mc32_ac_bipolar_a0_f0_sec0,,,,0,ac,,,32,,2038482.9023781547,,,,,,,1000.0,0.0,bipolar,,0.0,,,,0.005,0,20261003,,,,,,0,,,G3,,
5.362414643637734e-11,4.7141966214148726e-11,2.1491567396155936e-10,5.383531880783704e-11,1,1151.9798725343405,1150.877714029421,509.81042406698487,512.2714175462581,,,,,,,,,200000000.0,1592,,,,0.0,,0.7146032352717495,3.205277310880726,11.323846709259064,21.90819823856709,36.37914287087353,,,,,,,,,,,TR,,,0.0,,45.5697889102378,34.20730083347464,13.433906097619513,3.971924524045109,0.7507112395976092,49.47743519018502,45.56567469553811,34.20219801610973,,,,259.41867719911187,235.89763317732883,23.52104402178304,,,,,,,,,,4501252.062061655,-21.918345457582873,g3_tr_s00_pos1_tap0_dc_mc33_ac_bipolar_a0_f0_sec0,,,,0,ac,,,33,,1946635.104344881,,,,,,,1000.0,0.0,bipolar,,0.0,,,,0.005,0,20261003,,,,,,0,,,G3,,
5.458435290619248e-11,4.4903417290863764e-11,2.183945296162367e-10,5.5411684513865976e-11,1,1140.9924121720355,1139.014763389807,515.6880374934323,512.5175734294246,,,,,,,,,200000000.0,1592,,,,0.0,,0.5436812004272964,2.8647845129883764,11.233265255356466,21.913409452436195,36.4083681503342,,,,,,,,,,,TR,,,0.0,,46.475476924198205,35.57483249790251,13.57482189975389,3.969550270562407,0.748191168130283,49.4775191028328,46.471280940581,35.56963758421579,,,,265.5547395756028,231.62007065438695,33.93466892121586,,,,,,,,,,4501252.062061655,-21.92358937907671,g3_tr_s00_pos1_tap0_dc_mc34_ac_bipolar_a0_f0_sec0,,,,0,ac,,,34,,2033262.938207703,,,,,,,1000.0,0.0,bipolar,,0.0,,,,0.005,0,20261003,,,,,,0,,,G3,,
5.348323892876024e-11,4.6601883547329696e-11,2.234441534020587e-10,5.354777598151613e-11,1,1156.1690649020898,1155.3429055838542,508.2433365256561,509.6083490850619,,,,,,,,,200000000.0,1592,,,,0.0,,0.6536651498627633,3.0249322904490024,11.262385883892915,21.985665301919248,36.51925582795395,,,,,,,,,,,TR,,,0.0,,45.8905996099102,34.92488043414061,13.529328278138824,3.9366577344284206,0.7386988506878365,49.477413675478836,45.88645643144145,34.91974020794085,,,,263.0340897721678,234.55277947323495,28.48131029893287,,,,,,,,,,4501252.062061655,-21.99589127737047,g3_tr_s00_pos1_tap0_dc_mc35_ac_bipolar_a0_f0_sec0,,,,0,ac,,,35,,1993579.0904508433,,,,,,,1000.0,0.0,bipolar,,0.0,,,,0.005,0,20261003,,,,,,0,,,G3,,
5.549346076170702e-11,4.7305773911496346e-11,2.1359077571358795e-10,5.470764591204063e-11,1,1151.3465013964208,1153.593070390898,514.2715504223784,511.1382521732421,,,,,,,,,200000000.0,1592,,,,0.0,,0.7038415179812644,3.2719820712822627,11.595277282317143,22.25670928360203,36.77904735729737,,,,,,,,,,,TR,,,0.0,,45.62625980031445,33.945568333549446,13.020629235844387,3.8157098651067765,0.7169317334475689,49.477408573600584,45.62214048762776,33.94053899292049,,,,261.85815173363335,237.46475724673033,24.39339448690302,,,,,,,,,,4501252.062061655,-22.266903676140156,g3_tr_s00_pos1_tap0_dc_mc36_ac_bipolar_a0_f0_sec0,,,,0,ac,,,36,,1931553.6502371414,,,,,,,1000.0,0.0,bipolar,,0.0,,,,0.005,0,20261003,,,,,,0,,,G3,,
5.360798277013678e-11,4.681131964640446e-11,2.2679405534885083e-10,5.594762602296428e-11,1,1159.6187612441247,1159.3517654156133,511.00028318115665,513.0204377265943,,,,,,,,,200000000.0,1592,,,,0.0,,0.6556233647633151,3.1803242132572547,11.931739365297533,22.759189568329816,37.27213320691254,,,,,,,,,,,TR,,,0.0,,45.880192356122706,34.305526597424844,12.525998328298968,3.601231899297258,0.6773655190339511,49.47734629245895,45.87605011739606,34.30056286857445,,,,268.79967628507694,238.2161108614722,30.58356542360474,,,,,,,,,,4501252.062061655,-22.76942321737014,g3_tr_s00_pos1_tap0_dc_mc37_ac_bipolar_a0_f0_sec0,,,,0,ac,,,37,,1956485.4749776397,,,,,,,1000.0,0.0,bipolar,,0.0,,,,0.005,0,20261003,,,,,,0,,,G3,,
5.6071622604371345e-11,4.5967609163933316e-11,2.1564059139281655e-10,5.4241137692032557e-11,1,1156.4776070167218,1139.349820030257,509.7543780176706,510.3265081121558,,,,,,,,,200000000.0,1592,,,,0.0,,0.605791677087744,2.9900015920715255,11.179169439538473,21.856287124932063,36.423911656794075,,,,,,,,,,,TR,,,0.0,,46.14429273447914,35.06568103078941,13.659560218200125,3.9957385669632366,0.7468533950160964,49.47748065684889,46.14012665174441,35.060506203250995,,,,262.4423365082633,233.15208385818465,29.290252650078628,,,,,,,,,,4501252.062061655,-21.8665140829781,g3_tr_s00_pos1_tap0_dc_mc38_ac_bipolar_a0_f0_sec0,,,,0,ac,,,38,,2002532.8674713138,,,,,,,1000.0,0.0,bipolar,,0.0,,,,0.005,0,20261003,,,,,,0,,,G3,,
5.862178435001575e-11,4.9104622215497703e-11,2.2793450581256492e-10,5.822642346852911e-11,1,1159.655319563183,1149.0404291448542,511.957846947767,507.8599621386905,,,,,,,,,200000000.0,1592,,,,0.0,,0.7054749411619702,3.5312932313438306,12.815152156985304,23.848375194350023,38.496239246399654,,,,,,,,,,,TR,,,0.0,,45.617688828316396,32.947010121498934,11.314779762607634,3.1768216672090395,0.58832772084797,49.47741774707903,45.61357028917398,32.942309160897814,,,,274.1616482630909,245.0791577526812,29.082490510409713,,,,,,,,,,4501252.062061655,-23.85873923219546,g3_tr_s00_pos1_tap0_dc_mc39_ac_bipolar_a0_f0_sec0,,,,0,ac,,,39,,1879986.3609633893,,,,,,,1000.0,0.0,bipolar,,0.0,,,,0.005,0,20261003,,,,,,0,,,G3,,
5.43797750096809e-11,4.539738069953152e-11,2.1839257149959607e-10,5.709193056916116e-11,1,1157.9831517484579,1149.9119103054231,506.20366087337163,512.7621450426684,,,,,,,,,200000000.0,1592,,,,0.0,,0.6106593098289949,3.107477703590777,11.633746558592762,22.311942500463882,36.78623611037435,,,,,,,,,,,TR,,,0.0,,46.118389884679544,34.594556144113554,12.963149631516059,3.79152460474302,0.7163385909460639,49.47742646488777,46.1142261406889,34.58949415821627,,,,265.61285558324676,235.2668434027483,30.346012180498462,,,,,,,,,,4501252.062061655,-22.32210668136962,g3_tr_s00_pos1_tap0_dc_mc3_ac_bipolar_a0_f0_sec0,,,,0,ac,,,3,,1974005.9951998887,,,,,,,1000.0,0.0,bipolar,,0.0,,,,0.005,0,20261003,,,,,,0,,,G3,,
5.4756196022860404e-11,4.853264926347877e-11,2.1258247473181703e-10,5.7836268739818425e-11,1,1159.6157688930173,1141.2413749534753,507.32426962711634,512.6606817493671,,,,,,,,,200000000.0,1592,,,,0.0,,0.8068827810954641,3.6469600491277703,12.266511129946016,22.879214042442165,37.295009676217944,,,,,,,,,,,TR,,,0.0,,45.08823272228863,32.511362423247384,12.05239586086324,3.5518164292643255,0.6755845758205772,49.47745495632346,45.08416198469307,32.50653505177548,,,,262.5534413209342,242.95826241138573,19.59517890954848,,,,,,,,,,4501252.062061655,-22.889324340026576,g3_tr_s00_pos1_tap0_dc_mc40_ac_bipolar_a0_f0_sec0,,,,0,ac,,,40,,1843925.5650915287,,,,,,,1000.0,0.0,bipolar,,0.0,,,,0.005,0,20261003,,,,,,0,,,G3,,
5.792767440045423e-11,4.50980902291621e-11,2.1618785578329448e-10,5.77091084232707e-11,1,1142.6421559916398,1161.3321376795939,513.1285920184811,507.31720126745506,,,,,,,,,200000000.0,1592,,,,0.0,,0.5499520987479869,3.058730859767925,11.734852201931472,22.52313267321964,37.112104827973035,,,,,,,,,,,TR,,,0.0,,46.44186027037281,34.78922562988681,12.813153416740661,3.7004509769773257,0.6899627443633456,49.47743904209979,46.437667321936615,34.78418180088033,,,,268.5177148473763,235.10896704145856,33.40874780591773,,,,,,,,,,4501252.062061655,-22.533391695067383,g3_tr_s00_pos1_tap0_dc_mc41_ac_bipolar_a0_f0_sec0,,,,0,ac,,,41,,1986226.0055897923,,,,,,,1000.0,0.0,bipolar,,0.0,,,,0.005,0,20261003,,,,,,0,,,G3,,
5.769696402226773e-11,4.9014633713395146e-11,2.1018872198837126e-10,5.348049593108733e-11,1,1142.7660862533112,1154.4705650861506,512.5596322107934,510.32065606213126,,,,,,,,,200000000.0,1592,,,,0.0,,0.7726645554488933,3.431106857545682,11.627974130768834,22.287445144552613,36.87763789437877,,,,,,,,,,,TR,,,0.0,,45.26621248937476,33.32942862715523,12.971676675705613,3.8022352424974213,0.7088412931790752,49.47745876603494,45.26212568283082,33.32444502721378,,,,259.20090888493144,239.6016379815902,19.59927090334125,,,,,,,,,,4501252.062061655,-22.297682485784286,g3_tr_s00_pos1_tap0_dc_mc42_ac_bipolar_a0_f0_sec0,,,,0,ac,,,42,,1889456.069443883,,,,,,,1000.0,0.0,bipolar,,0.0,,,,0.005,0,20261003,,,,,,0,,,G3,,
5.5358667795795e-11,4.8437301055073603e-11,2.276985830515352e-10,5.475327297915148e-11,1,1149.6709501210073,1155.0402538901676,510.24610162930685,513.1322858927231,,,,,,,,,200000000.0,1592,,,,0.0,,0.6985890357596397,3.255300049817152,11.989032869813842,22.893854914924436,37.48556102276552,,,,,,,,,,,TR,,,0.0,,45.65386927868895,34.010729541169326,12.443656915832912,3.545835511783687,0.660925828718227,49.477419713944656,45.649747472988516,34.00580520719865,,,,268.5224215182214,239.9943394640336,28.52808205418779,,,,,,,,,,4501252.062061655,-22.904160864811253,g3_tr_s00_pos1_tap0_dc_mc43_ac_bipolar_a0_f0_sec0,,,,0,ac,,,43,,1937365.1739953451,,,,,,,1000.0,0.0,bipolar,,0.0,,,,0.005,0,20261003,,,,,,0,,,G3,,
5.7836805606051235e-11,4.806093974224195e-11,2.2656416828356224e-10,5.3412056007284324e-11,1,1138.7791548521855,1144.6647683581527,507.54874055911466,510.05618064081114,,,,,,,,,200000000.0,1592,,,,0.0,,0.6271849331926984,3.0350713396942828,11.521164256925852,22.452919216053775,37.147608659869626,,,,,,,,,,,TR,,,0.0,,46.03084789436457,34.88417436296742,13.132279651388176,3.7304956435545256,0.6871505563578805,49.47755399150143,46.02669205364285,34.879111754917865,,,,267.2523181947334,236.34423380533565,30.908084389397743,,,,,,,,,,4501252.062061655,-22.46329813113585,g3_tr_s00_pos1_tap0_dc_mc44_ac_bipolar_a0_f0_sec0,,,,0,ac,,,44,,1991191.13062259,,,,,,,1000.0,0.0,bipolar,,0.0,,,,0.005,0,20261003,,,,,,0,,,G3,,
5.376860693699949e-11,4.862547996325414e-11,2.2865968013749178e-10,5.5966576154449725e-11,1,1142.4299917006233,1152.1695752944452,507.81302185177816,509.86323791806217,,,,,,,,,200000000.0,1592,,,,0.0,,0.7301137657628292,3.3390951828814543,12.102974278133223,22.92978857128088,37.42870217459254,,,,,,,,,,,TR,,,0.0,,45.4885442996623,33.6842724399437,12.281521494735758,3.5312013573498073,0.6652668962092827,49.477497699499295,45.4844374204092,33.679378751352026,,,,267.7960113340288,240.8099106267214,26.986100707307372,,,,,,,,,,4501252.062061655,-22.940016102259268,g3_tr_s00_pos1_tap0_dc_mc45_ac_bipolar_a0_f0_sec0,,,,0,ac,,,45,,1917209.14646376,,,,,,,1000.0,0.0,bipolar,,0.0,,,,0.005,0,20261003,,,,,,0,,,G3,,
5.57642053465977e-11,4.5973923459080645e-11,2.1701699733946103e-10,5.729182340891118e-11,1,1161.0592097843362,1140.8109590844786,509.7139603539613,508.93638942561506,,,,,,,,,200000000.0,1592,,,,0.0,,0.6241494240959419,3.178610410796077,11.760139958837376,22.46952688425807,36.97964024695947,,,,,,,,,,,TR,,,0.0,,46.0468478352894,34.31242868682951,12.775897002853299,3.7233596883177067,0.7005653028384954,49.47745777796607,46.04269054997864,34.307410099854316,,,,265.96196353305965,236.48823902280847,29.473724510251174,,,,,,,,,,4501252.062061655,-22.47972000104765,g3_tr_s00_pos1_tap0_dc_mc46_ac_bipolar_a0_f0_sec0,,,,0,ac,,,46,,1957125.6727882605,,,,,,,1000.0,0.0,bipolar,,0.0,,,,0.005,0,20261003,,,,,,0,,,G3,,
5.616803993121268e-11,4.567200781900239e-11,2.1276865583282399e-10,5.538756453930104e-11,1,1142.1492346810571,1143.9941421446415,506.66337963893744,510.98130821816864,,,,,,,,,200000000.0,1592,,,,0.0,,0.6027572901991398,3.0235002534100888,11.21929373803314,21.830151147986605,36.352580663137964,,,,,,,,,,,TR,,,0.0,,46.16047189076029,34.930766702890814,13.596624111023015,4.007783849656347,0.7530125468014374,49.477540663165826,46.15630434695973,34.925597662647014,,,,261.86215379665657,233.02766812699494,28.834485669661632,,,,,,,,,,4501252.062061655,-21.84032821754164,g3_tr_s00_pos1_tap0_dc_mc47_ac_bipolar_a0_f0_sec0,,,,0,ac,,,47,,1994123.86285384,,,,,,,1000.0,0.0,bipolar,,0.0,,,,0.005,0,20261003,,,,,,0,,,G3,,
5.572396674687662e-11,4.6346086791023704e-11,2.1374556481464222e-10,5.3377665096578025e-11,1,1144.4085854409454,1148.0712008310845,515.3727754135251,507.41946243715097,,,,,,,,,200000000.0,1592,,,,0.0,,0.6328752862902671,3.0177491591891026,11.078418521529551,21.70777470883584,36.261917564464135,,,,,,,,,,,TR,,,0.0,,46.00063631740778,34.95387027045351,13.818892507242213,4.064645053323992,0.7609129486612809,49.47748360302527,45.996483204552696,34.94867838160863,,,,260.40959084253143,233.12727020705083,27.282320635480602,,,,,,,,,,4501252.062061655,-21.717982888493523,g3_tr_s00_pos1_tap0_dc_mc48_ac_bipolar_a0_f0_sec0,,,,0,ac,,,48,,1995437.7381671295,,,,,,,1000.0,0.0,bipolar,,0.0,,,,0.005,0,20261003,,,,,,0,,,G3,,
5.718793914728855e-11,4.644701095976356e-11,2.190356442128653e-10,5.78296037280319e-11,1,1146.2486628861413,1147.9125109014046,510.17398171148045,510.8798071217381,,,,,,,,,200000000.0,1592,,,,0.0,,0.611990301867809,3.21435688651899,12.00787174209219,22.81519263230632,37.374428701646906,,,,,,,,,,,TR,,,0.0,,46.11137717278505,34.17149266618607,12.416713240148214,3.5780970304331894,0.6694370713940236,49.4774841383759,46.107214061847316,34.16654051155263,,,,268.9334798144095,237.8914259401621,31.042053874247415,,,,,,,,,,4501252.062061655,-22.825440393688567,g3_tr_s00_pos1_tap0_dc_mc49_ac_bipolar_a0_f0_sec0,,,,0,ac,,,49,,1949916.2552919532,,,,,,,1000.0,0.0,bipolar,,0.0,,,,0.005,0,20261003,,,,,,0,,,G3,,
5.3556594405179526e-11,4.5136283969887885e-11,2.2161008509740128e-10,5.4400914420036556e-11,1,1160.310778963275,1142.5686205558568,506.52140191281075,515.4480991970098,,,,,,,,,200000000.0,1592,,,,0.0,,0.5741395790432915,2.869005174942374,11.134322316118984,21.82688444083731,36.33566444891794,,,,,,,,,,,TR,,,0.0,,46.31271182571612,35.55749787490223,13.730293317604493,4.009284192700421,0.7544788406476,49.477436564944014,46.30853053747434,35.55228869588471,,,,264.34439414808224,231.85404670472698,32.49034744335526,,,,,,,,,,4501252.062061655,-21.83708175054985,g3_tr_s00_pos1_tap0_dc_mc4_ac_bipolar_a0_f0_sec0,,,,0,ac,,,4,,2033084.3855056316,,,,,,,1000.0,0.0,bipolar,,0.0,,,,0.005,0,20261003,,,,,,0,,,G3,,
5.388983552047107e-11,4.6137763556293434e-11,2.272448967367832e-10,5.5784006025746384e-11,1,1139.061439616841,1158.0636182301798,509.32291099687626,507.70688688407245,,,,,,,,,200000000.0,1592,,,,0.0,,0.5994747159900677,2.999720211900888,11.585188458786488,22.375818924367966,36.891139716979396,,,,,,,,,,,TR,,,0.0,,46.177872235031565,35.02639721586992,13.035861536031796,3.7637501181153463,0.7077403185055722,49.47748930573553,46.17370312077203,35.021320410534514,,,,267.8861770065023,235.00225959302568,32.88391741347661,,,,,,,,,,4501252.062061655,-22.386044586340553,g3_tr_s00_pos1_tap0_dc_mc50_ac_bipolar_a0_f0_sec0,,,,0,ac,,,50,,2000068.0397668416,,,,,,,1000.0,0.0,bipolar,,0.0,,,,0.005,0,20261003,,,,,,0,,,G3,,
5.467252082559448e-11,4.905377152478591e-11,2.2358521804091648e-10,5.511096864409248e-11,1,1140.6905992726565,1155.3026896060153,514.138891977651,506.84813088433856,,,,,,,,,200000000.0,1592,,,,0.0,,0.7611873865572651,3.4001764044582816,12.016359291208973,22.81034404472157,37.33495535629247,,,,,,,,,,,TR,,,0.0,,45.32607906968286,33.44824854726189,12.40455771436575,3.5800940698048733,0.6724858095048832,49.47747424319169,45.32198685838579,33.44334767139364,,,,265.3193707066246,241.18664986028105,24.132720846343574,,,,,,,,,,4501252.062061655,-22.820579396010295,g3_tr_s00_pos1_tap0_dc_mc51_ac_bipolar_a0_f0_sec0,,,,0,ac,,,51,,1900502.476626381,,,,,,,1000.0,0.0,bipolar,,0.0,,,,0.005,0,20261003,,,,,,0,,,G3,,
5.5462724431999234e-11,4.509964743131881e-11,2.213615319741393e-10,5.7196729919783416e-11,1,1139.5269993857353,1142.315519074921,509.7771469965469,506.76944310770574,,,,,,,,,200000000.0,1592,,,,0.0,,0.5448595622118181,2.94504723346053,11.507922905246046,22.240631158921463,36.754401827047985,,,,,,,,,,,TR,,,0.0,,46.469217986807834,35.24763407206623,13.15234432975715,3.8227927795787466,0.7189711989733195,49.47756774025794,46.46502256838129,35.24251703122446,,,,267.6289551821857,233.28999555066733,34.33895963151835,,,,,,,,,,4501252.062061655,-22.250833240865433,g3_tr_s00_pos1_tap0_dc_mc52_ac_bipolar_a0_f0_sec0,,,,0,ac,,,52,,2013170.089036471,,,,,,,1000.0,0.0,bipolar,,0.0,,,,0.005,0,20261003,,,,,,0,,,G3,,
5.3934298618183577e-11,4.5125209454704786e-11,2.1944291851260989e-10,5.8109976668923926e-11,1,1142.85055928411,1155.839378888625,512.7238794110299,510.70381248591127,,,,,,,,,200000000.0,1592,,,,0.0,,0.5919176676448498,3.111670157018895,11.790858293746826,22.474717696695116,36.9120630630607,,,,,,,,,,,TR,,,0.0,,46.21802952809466,34.577861378793905,12.730824376518203,3.721134400892678,0.7060363953919593,49.4774500568232,46.21385678776875,34.572829815383926,,,,267.51450488145844,235.50621620557766,32.00828867588078,,,,,,,,,,4501252.062061655,-22.484858229623082,g3_tr_s00_pos1_tap0_dc_mc53_ac_bipolar_a0_f0_sec0,,,,0,ac,,,53,,1973652.432123863,,,,,,,1000.0,0.0,bipolar,,0.0,,,,0.005,0,20261003,,,,,,0,,,G3,,
5.513764470689478e-11,4.616885267634701e-11,2.1302688034151547e-10,5.596118380736153e-11,1,1138.7381629906797,1154.1071573808222,508.47572714589836,515.4095767749437,,,,,,,,,200000000.0,1592,,,,0.0,,0.6474623709873031,3.1665258989765195,11.514636125487552,22.130380673225158,36.60617985892944,,,,,,,,,,,TR,,,0.0,,45.92344092715417,34.360252079055726,13.142104209521152,3.871616152501041,0.7313437204535053,49.47747633431283,45.91929478359851,34.35517426994079,,,,262.63321815417873,235.44381392084924,27.189404233329498,,,,,,,,,,4501252.062061655,-22.140530106116124,g3_tr_s00_pos1_tap0_dc_mc54_ac_bipolar_a0_f0_sec0,,,,0,ac,,,54,,1958768.6460515908,,,,,,,1000.0,0.0,bipolar,,0.0,,,,0.005,0,20261003,,,,,,0,,,G3,,
5.371719853157736e-11,4.587267641649425e-11,2.270729938142244e-10,5.475427835706466e-11,1,1160.9107160707567,1152.4467579409272,506.109044096161,515.2482010760725,,,,,,,,,200000000.0,1592,,,,0.0,,0.5938071751288805,2.949638067046984,11.46864573701794,22.279638265207854,36.82301837669673,,,,,,,,,,,TR,,,0.0,,46.2079181552776,35.22886142263432,13.211903967560014,3.805650848184416,0.7133114920153608,49.47738762385572,46.20374632809007,35.22375387950051,,,,267.57621224513343,234.3892576799067,33.18695456522673,,,,,,,,,,4501252.062061655,-22.289888858437354,g3_tr_s00_pos1_tap0_dc_mc55_ac_bipolar_a0_f0_sec0,,,,0,ac,,,55,,2012478.771138573,,,,,,,1000.0,0.0,bipolar,,0.0,,,,0.005,0,20261003,,,,,,0,,,G3,,
5.418351446669314e-11,4.766019367252761e-11,2.2461191332788615e-10,5.720375552220823e-11,1,1140.7893235655865,1140.7790395931377,509.13314405369033,509.43387983672534,,,,,,,,,200000000.0,1592,,,,0.0,,0.684095482589424,3.2917936083235206,12.05056812490006,22.81203011130549,37.27696861717217,,,,,,,,,,,TR,,,0.0,,45.73024030618122,33.86826325108958,12.355855455590158,3.579404918760941,0.6769910791155805,49.47755812527501,45.72611160543927,33.8633364911596,,,,267.6288893845001,239.24697547389462,28.381913910605476,,,,,,,,,,4501252.062061655,-22.822214218009602,g3_tr_s00_pos1_tap0_dc_mc56_ac_bipolar_a0_f0_sec0,,,,0,ac,,,56,,1930098.4425167367,,,,,,,1000.0,0.0,bipolar,,0.0,,,,0.005,0,20261003,,,,,,0,,,G3,,
5.850867444899255e-11,4.551296292439859e-11,2.1140299398376345e-10,5.474961463414053e-11,1,1149.6689129198185,1140.863625583891,512.6542120070767,510.26961713635654,,,,,,,,,200000000.0,1592,,,,0.0,,0.560954479260358,2.954717018632578,11.198383499023834,21.901467619367793,36.5236408914684,,,,,,,,,,,TR,,,0.0,,46.38312053485089,35.208416749131175,13.629381829654186,3.975009652323182,0.738327922567744,49.477493161314065,46.37893288991566,35.203236888393185,,,,263.52054087586,232.53519560242907,30.98534527343091,,,,,,,,,,4501252.062061655,-21.91172984597256,g3_tr_s00_pos1_tap0_dc_mc57_ac_bipolar_a0_f0_sec0,,,,0,ac,,,57,,2011288.3436331758,,,,,,,1000.0,0.0,bipolar,,0.0,,,,0.005,0,20261003,,,,,,0,,,G3,,
5.338974583526119e-11,4.7802533054518286e-11,2.1721020687431284e-10,5.412431155383826e-11,1,1143.228409896586,1148.0060567461896,507.47774846912745,506.1854358919228,,,,,,,,,200000000.0,1592,,,,0.0,,0.741683728424652,3.253531539165965,11.36159290364554,21.936840043763482,36.392173716458096,,,,,,,,,,,TR,,,0.0,,45.42802547242161,34.01786722024323,13.37568047012532,3.958856470508412,0.7495872068994781,49.47753412984908,45.42392405687347,34.012783332553525,,,,258.88128550911665,236.6427928439385,22.238492665178143,,,,,,,,,,4501252.062061655,-21.946976927688993,g3_tr_s00_pos1_tap0_dc_mc58_ac_bipolar_a0_f0_sec0,,,,0,ac,,,58,,1933677.2911872584,,,,,,,1000.0,0.0,bipolar,,0.0,,,,0.005,0,20261003,,,,,,0,,,G3,,
5.7298827561225735e-11,4.601272510181981e-11,2.2877735822262472e-10,5.682989460134626e-11,1,1150.92392902522,1147.7331415774374,507.84917868869456,515.7203083060056,,,,,,,,,200000000.0,1592,,,,0.0,,0.5312646437440453,2.9821559723355504,11.957021524274635,22.936455180028595,37.57772608892284,,,,,,,,,,,TR,,,0.0,,46.54189647496418,35.09719206889777,12.489655537097859,3.5284904995488007,0.653950750173375,49.477449932182,46.5376944947984,35.09220658068425,,,,273.9493668878656,236.2485540356729,37.70081285219271,,,,,,,,,,4501252.062061655,-22.94680194446684,g3_tr_s00_pos1_tap0_dc_mc59_ac_bipolar_a0_f0_sec0,,,,0,ac,,,59,,2004103.6226777642,,,,,,,1000.0,0.0,bipolar,,0.0,,,,0.005,0,20261003,,,,,,0,,,G3,,
5.744703991374608e-11,4.811940383063913e-11,2.2721445984025467e-10,5.442648078741989e-11,1,1154.6066543075658,1141.2214641472578,513.1124689660221,509.48885941090754,,,,,,,,,200000000.0,1592,,,,0.0,,0.642083168910089,3.138060900390076,11.858673298208403,22.824432752954635,37.49593720594711,,,,,,,,,,,TR,,,0.0,,45.95188247864564,34.47291487394861,12.631821851864716,3.574293368011342,0.6601379747558018,49.47746792951723,45.947733767252004,34.46794513317454,,,,269.56696108578467,238.43093318112741,31.136027904657254,,,,,,,,,,4501252.062061655,-22.83480299769131,g3_tr_s00_pos1_tap0_dc_mc5_ac_bipolar_a0_f0_sec0,,,,0,ac,,,5,,1966333.186171254,,,,,,,1000.0,0.0,bipolar,,0.0,,,,0.005,0,20261003,,,,,,0,,,G3,,
5.774351648931133e-11,4.46887062473599e-11,2.2374876194531212e-10,5.7647321079967906e-11,1,1141.454720530432,1157.1042856391718,509.5038034607193,515.0338764160297,,,,,,,,,200000000.0,1592,,,,0.0,,0.4831255288760514,2.898189189751331,11.78609115051555,22.698020785763156,37.323773125061436,,,,,,,,,,,TR,,,0.0,,46.80055431132257,35.43813512695496,12.737846466929522,3.6266906581857152,0.6733525879479041,49.47744598919283,46.796328978897144,35.43308460313793,,,,273.08948025359126,234.09469148902295,38.99478876456831,,,,,,,,,,4501252.062061655,-22.7083360251757,g3_tr_s00_pos1_tap0_dc_mc60_ac_bipolar_a0_f0_sec0,,,,0,ac,,,60,,2023289.642316367,,,,,,,1000.0,0.0,bipolar,,0.0,,,,0.005,0,20261003,,,,,,0,,,G3,,
5.429704866486926e-11,4.4899930674006324e-11,2.1445127920606945e-10,5.606676916671146e-11,1,1151.2435925567636,1159.6058187527512,509.8090087427216,507.6635598971494,,,,,,,,,200000000.0,1592,,,,0.0,,0.603658727059777,3.0292044209054607,11.286746673242977,21.878896170008886,36.34901344936619,,,,,,,,,,,TR,,,0.0,,46.15556828651641,34.90774377636609,13.491435194602564,3.9853453243505648,0.7533196251362975,49.477419275773535,46.15140118592652,34.90258653976649,,,,262.4236367385374,233.126518072585,29.29711866595244,,,,,,,,,,4501252.062061655,-21.889035889946395,g3_tr_s00_pos1_tap0_dc_mc61_ac_bipolar_a0_f0_sec0,,,,0,ac,,,61,,1992734.8495434592,,,,,,,1000.0,0.0,bipolar,,0.0,,,,0.005,0,20261003,,,,,,0,,,G3,,
5.3479761869789083e-11,4.6847288957907917e-11,2.2496436671661652e-10,5.6791773001591425e-11,1,1161.3075476176375,1159.801367546084,507.95907897519567,508.10729801406967,,,,,,,,,200000000.0,1592,,,,0.0,,0.6819221266616007,3.2616336707425733,11.959538981989887,22.726519039879626,37.20980088162576,,,,,,,,,,,TR,,,0.0,,45.74151483551793,33.98594221449237,12.485965646428157,3.6148041661174157,0.6822441040413647,49.477374912623944,45.737385116874336,33.98099275621182,,,,267.13360733390726,238.79373976104512,28.339867572862147,,,,,,,,,,4501252.062061655,-22.736717124142906,g3_tr_s00_pos1_tap0_dc_mc62_ac_bipolar_a0_f0_sec0,,,,0,ac,,,62,,1936725.255019196,,,,,,,1000.0,0.0,bipolar,,0.0,,,,0.005,0,20261003,,,,,,0,,,G3,,
5.722452404980344e-11,4.5374587437752245e-11,2.0997744794368927e-10,5.5781461982602664e-11,1,1144.8117359438675,1159.8069377048882,507.3542757793472,513.5846724757988,,,,,,,,,200000000.0,1592,,,,0.0,,0.5982386440965899,3.072370789760549,11.349931691813017,21.98752095074816,36.54213724792483,,,,,,,,,,,TR,,,0.0,,46.18439168422218,34.734707087777714,13.393642117822862,3.935817096700942,0.7367559214434959,49.47743306137419,46.18022198113823,34.72957607829,,,,262.63799710218007,233.83582017574844,28.802176926431628,,,,,,,,,,4501252.062061655,-21.997721737956923,g3_tr_s00_pos1_tap0_dc_mc63_ac_bipolar_a0_f0_sec0,,,,0,ac,,,63,,1982135.1797109295,,,,,,,1000.0,0.0,bipolar,,0.0,,,,0.005,0,20261003,,,,,,0,,,G3,,
5.656531093494941e-11,4.892254686510811e-11,2.3091245477803186e-10,5.3582287205474513e-11,1,1158.6514776441275,1142.6585034075713,505.904730905396,508.4958375456189,,,,,,,,,200000000.0,1592,,,,0.0,,0.6927069876386376,3.1794589406581646,11.787638207788834,22.75629184608824,37.431308215686876,,,,,,,,,,,TR,,,0.0,,45.68485292982321,34.309027247661966,12.735532215244252,3.6024449367900413,0.6650683107812403,49.47748098143944,45.680728326707325,34.30405671667338,,,,267.926121351564,239.23154481020336,28.694576541360647,,,,,,,,,,4501252.062061655,-22.766670593546845,g3_tr_s00_pos1_tap0_dc_mc64_ac_bipolar_a0_f0_sec0,,,,0,ac,,,64,,1954828.942513939,,,,,,,1000.0,0.0,bipolar,,0.0,,,,0.005,0,20261003,,,,,,0,,,G3,,
5.343153984100408e-11,4.469268636888116e-11,2.2221288913305653e-10,5.550477008030071e-11,1,1160.6763801840023,1153.231600114085,507.5693717431369,508.077613467504,,,,,,,,,200000000.0,1592,,,,0.0,,0.5671957030463292,2.8898433207912313,11.223961652250926,21.910846204215435,36.40732212595369,,,,,,,,,,,TR,,,0.0,,46.349729275088805,35.47227633331217,13.589334660537336,3.9707134847927237,0.748279670627938,49.47741335799523,46.34554464454221,35.46708781954771,,,,264.9864215106859,232.116801945903,32.86961956478288,,,,,,,,,,4501252.062061655,-21.92103171485207,g3_tr_s00_pos1_tap0_dc_mc65_ac_bipolar_a0_f0_sec0,,,,0,ac,,,65,,2027465.1114501709,,,,,,,1000.0,0.0,bipolar,,0.0,,,,0.005,0,20261003,,,,,,0,,,G3,,
5.845230736766138e-11,4.8745417106136246e-11,2.2850214789150687e-10,5.7649117057261484e-11,1,1157.6593126356677,1152.5173304181521,512.6584592086253,506.3185821053256,,,,,,,,,200000000.0,1592,,,,0.0,,0.6838317617655727,3.4398106102165693,12.643403359608023,23.67676937134765,38.33557511014643,,,,,,,,,,,TR,,,0.0,,45.73149622729949,33.295840811005945,11.540719340518377,3.2402094441597344,0.5993113560002514,49.47741470667875,45.72736741343369,33.29108994292655,,,,273.7498349993358,243.6869469511771,30.062888048158698,,,,,,,,,,4501252.062061655,-23.687141508088025,g3_tr_s00_pos1_tap0_dc_mc66_ac_bipolar_a0_f0_sec0,,,,0,ac,,,66,,1899576.5843164015,,,,,,,1000.0,0.0,bipolar,,0.0,,,,0.005,0,20261003,,,,,,0,,,G3,,
5.5706918781448975e-11,4.8035891772944954e-11,2.1110297437823185e-10,5.659366108883613e-11,1,1143.043247930874,1154.151929754055,514.5709039362328,514.4735663578246,,,,,,,,,200000000.0,1592,,,,0.0,,0.754521024299257,3.5014665212017606,12.0587016885282,22.705841714091157,37.17412011451377,,,,,,,,,,,TR,,,0.0,,45.360838051977424,33.06049139960505,12.344199715603319,3.6234220775415853,0.6850530294162902,49.47742861309236,45.35674270240556,33.05559691567205,,,,262.97706805198607,240.90180667651896,22.075261375467107,,,,,,,,,,4501252.062061655,-22.71599379499834,g3_tr_s00_pos1_tap0_dc_mc67_ac_bipolar_a0_f0_sec0,,,,0,ac,,,67,,1878239.0065090847,,,,,,,1000.0,0.0,bipolar,,0.0,,,,0.005,0,20261003,,,,,,0,,,G3,,
5.472850120758249e-11,4.76500603118286e-11,2.2370943209311816e-10,5.5062904100540415e-11,1,1139.4395496528632,1147.2636000007128,511.56130800199026,508.1218414008335,,,,,,,,,200000000.0,1592,,,,0.0,,0.6737758677758958,3.172060096955557,11.68953780789575,22.463357342269525,36.991797511463155,,,,,,,,,,,TR,,,0.0,,45.784575639540854,34.33834484589059,12.880180382459749,3.7260113619717616,0.6995865257380436,49.4775272446327,45.7804420334609,34.33332610624131,,,,265.66115562439,237.3686479768822,28.29250764750782,,,,,,,,,,4501252.062061655,-22.473588586479988,g3_tr_s00_pos1_tap0_dc_mc68_ac_bipolar_a0_f0_sec0,,,,0,ac,,,68,,1957188.1917186137,,,,,,,1000.0,0.0,bipolar,,0.0,,,,0.005,0,20261003,,,,,,0,,,G3,,
5.861260133546275e-11,4.553062568850008e-11,2.2783287018167995e-10,5.3985394447448505e-11,1,1155.5801198039082,1149.171533494766,508.09839299675014,515.0072479729617,,,,,,,,,200000000.0,1592,,,,0.0,,0.4837030647104249,2.736736655753729,11.363093202407574,22.38148173859816,37.13318471474453,,,,,,,,,,,TR,,,0.0,,46.797420244724755,36.102973231220446,13.373450712784182,3.761294834424709,0.6882912621079069,49.47742236780558,46.79319519509805,36.09782091108038,,,,271.7272952282158,232.49940199823737,39.227893229978406,,,,,,,,,,4501252.062061655,-22.39191376059221,g3_tr_s00_pos1_tap0_dc_mc69_ac_bipolar_a0_f0_sec0,,,,0,ac,,,69,,2063529.6629136994,,,,,,,1000.0,0.0,bipolar,,0.0,,,,0.005,0,20261003,,,,,,0,,,G3,,
5.684527559581026e-11,4.5576487198104374e-11,2.2269860595169193e-10,5.821251745570303e-11,1,1143.6372951942137,1144.5783070975133,509.16720782443787,508.7460106549342,,,,,,,,,200000000.0,1592,,,,0.0,,0.5507961089947256,3.056364143443829,11.883886464289697,22.714037943446765,37.27451292627994,,,,,,,,,,,TR,,,0.0,,46.43743259374973,34.79873754077819,12.59524587239029,3.620014179278939,0.6771828451357106,49.47752947093926,46.43324004533042,34.79372992969551,,,,270.66148485974406,235.80524721733553,34.85623764240853,,,,,,,,,,4501252.062061655,-22.724291875977045,g3_tr_s00_pos1_tap0_dc_mc6_ac_bipolar_a0_f0_sec0,,,,0,ac,,,6,,1986939.734746881,,,,,,,1000.0,0.0,bipolar,,0.0,,,,0.005,0,20261003,,,,,,0,,,G3,,
5.7816729828965105e-11,4.92022606284608e-11,2.124544020892025e-10,5.543103352263164e-11,1,1152.757642849583,1159.637837820108,512.2789812475961,507.0689786840592,,,,,,,,,200000000.0,1592,,,,0.0,,0.7951001270829283,3.5799070778005757,12.081265393246289,22.811066615146757,37.392955590696204,,,,,,,,,,,TR,,,0.0,,45.149388581940585,32.76326108960058,12.31214338987513,3.5797900923847688,0.6680096233559896,49.47740114712362,45.14531232280084,32.7584005847664,,,,262.20017690136615,242.61347453605197,19.58670236531418,,,,,,,,,,4501252.062061655,-22.821313688195467,g3_tr_s00_pos1_tap0_dc_mc70_ac_bipolar_a0_f0_sec0,,,,0,ac,,,70,,1856923.376258548,,,,,,,1000.0,0.0,bipolar,,0.0,,,,0.005,0,20261003,,,,,,0,,,G3,,
5.660949159787811e-11,4.8588363378587695e-11,2.297650261519176e-10,5.837095117886039e-11,1,1155.6656307527078,1144.6563710974187,510.8288944880798,512.6288709764041,,,,,,,,,200000000.0,1592,,,,0.0,,0.6881493989138914,3.458342802371425,12.736366351836676,23.71747001059531,38.293469515034936,,,,,,,,,,,TR,,,0.0,,45.70879386184519,33.224895235293374,11.417889431570538,3.225063109231546,0.602223419801042,49.47744121353423,45.704667097626476,33.220160317731,,,,274.34482082705466,243.82497176844709,30.519849058607576,,,,,,,,,,4501252.062061655,-23.72777625824771,g3_tr_s00_pos1_tap0_dc_mc71_ac_bipolar_a0_f0_sec0,,,,0,ac,,,71,,1896513.5537528312,,,,,,,1000.0,0.0,bipolar,,0.0,,,,0.005,0,20261003,,,,,,0,,,G3,,
5.538120373299118e-11,4.7660189938817424e-11,2.232829425367402e-10,5.7704543610669917e-11,1,1160.3724380401825,1153.6974555599186,510.54308509917735,512.7244232304532,,,,,,,,,200000000.0,1592,,,,0.0,,0.6987689400668032,3.4148538393049614,12.365838530931672,23.20769900752323,37.73176917144565,,,,,,,,,,,TR,,,0.0,,45.652881576964205,33.39167423312657,11.915409786401591,3.419998559328575,0.6424534765486767,49.47737406860626,45.648759860601935,33.3868418016213,,,,269.6396333047844,241.68972529575728,27.949908009027126,,,,,,,,,,4501252.062061655,-23.217937705143477,g3_tr_s00_pos1_tap0_dc_mc72_ac_bipolar_a0_f0_sec0,,,,0,ac,,,72,,1903101.5877055598,,,,,,,1000.0,0.0,bipolar,,0.0,,,,0.005,0,20261003,,,,,,0,,,G3,,
5.71490719883104e-11,4.9342660260457376e-11,2.2881047772991544e-10,5.6828634760474854e-11,1,1147.3270923942052,1152.1946701781408,508.9371610269386,507.7839432899316,,,,,,,,,200000000.0,1592,,,,0.0,,0.7257233815217432,3.4528241793121217,12.488012124674745,23.45860674835433,38.07451314218297,,,,,,,,,,,TR,,,0.0,,45.511524908515405,33.246060971717405,11.749025713774616,3.322627520899982,0.6175980049084876,49.477478219278446,45.5074159541835,33.24127908719914,,,,271.15514266266865,243.5361769297095,27.61896573295914,,,,,,,,,,4501252.062061655,-23.468939509026168,g3_tr_s00_pos1_tap0_dc_mc73_ac_bipolar_a0_f0_sec0,,,,0,ac,,,73,,1893461.7627928643,,,,,,,1000.0,0.0,bipolar,,0.0,,,,0.005,0,20261003,,,,,,0,,,G3,,
5.865445043060957e-11,4.667623175183433e-11,2.1367751379609577e-10,5.763738321430023e-11,1,1142.8292286738993,1149.5835440099565,506.00097206968695,507.99164860013997,,,,,,,,,200000000.0,1592,,,,0.0,,0.6331790353754082,3.263680346450328,11.87011885164895,22.613364663897876,37.19297579713033,,,,,,,,,,,TR,,,0.0,,45.999068614467376,33.9780743786437,12.615162302107814,3.662214452572958,0.683569711725682,49.47752762766006,45.99491564283548,33.97309759530648,,,,265.898971660005,237.70473863218845,28.194233027816523,,,,,,,,,,4501252.062061655,-22.623606769362304,g3_tr_s00_pos1_tap0_dc_mc74_ac_bipolar_a0_f0_sec0,,,,0,ac,,,74,,1937281.7277017692,,,,,,,1000.0,0.0,bipolar,,0.0,,,,0.005,0,20261003,,,,,,0,,,G3,,
5.6305065097862935e-11,4.890830148670091e-11,2.2499825744574604e-10,5.822812826849549e-11,1,1144.0472008114098,1150.3036635925378,509.74368492705196,508.89071657706717,,,,,,,,,200000000.0,1592,,,,0.0,,0.734916769673744,3.530098111592266,12.58291513738578,23.458614486278574,37.99485175534992,,,,,,,,,,,TR,,,0.0,,45.463394497964686,32.95164358442724,11.62136181288665,3.322624608458441,0.6232879292703347,49.47749429865597,45.459289889138546,32.94688079445385,,,,270.3188839084878,243.80710350602186,26.511780402465945,,,,,,,,,,4501252.062061655,-23.468869407819284,g3_tr_s00_pos1_tap0_dc_mc75_ac_bipolar_a0_f0_sec0,,,,0,ac,,,75,,1877147.5985113238,,,,,,,1000.0,0.0,bipolar,,0.0,,,,0.005,0,20261003,,,,,,0,,,G3,,
5.4478703129298647e-11,4.502253469997357e-11,2.21674674285144e-10,5.855418466984776e-11,1,1154.5865981826394,1149.239302934801,514.9569656773483,515.1623332693571,,,,,,,,,200000000.0,1592,,,,0.0,,0.5667460355025701,3.1135276131976966,12.015514745472109,22.78696057370886,37.25748194417907,,,,,,,,,,,TR,,,0.0,,46.35210860108535,34.570386925028025,12.405804518889905,3.589738901308881,0.678509428932123,49.477391735629624,46.347923755617174,34.56540972917392,,,,270.85867936476166,236.38515401699922,34.47352534776243,,,,,,,,,,4501252.062061655,-22.79714286494071,g3_tr_s00_pos1_tap0_dc_mc76_ac_bipolar_a0_f0_sec0,,,,0,ac,,,76,,1973995.1775393414,,,,,,,1000.0,0.0,bipolar,,0.0,,,,0.005,0,20261003,,,,,,0,,,G3,,
5.7195726915593316e-11,4.8641282382194986e-11,2.1654545090484743e-10,5.7516320744451146e-11,1,1160.7042640159323,1148.3953149064457,508.5362788015188,510.5607860698791,,,,,,,,,200000000.0,1592,,,,0.0,,0.7596706903576953,3.5767022493309333,12.374592525885788,23.160082557479434,37.7078201048301,,,,,,,,,,,TR,,,0.0,,45.33394375539493,32.77532296229454,11.903374823528205,3.4388009973185163,0.6442280045192029,49.47741894334836,45.329850833906306,32.770518782664944,,,,266.26214177523195,243.25721709184123,23.004924683390726,,,,,,,,,,4501252.062061655,-23.170319763478496,g3_tr_s00_pos1_tap0_dc_mc77_ac_bipolar_a0_f0_sec0,,,,0,ac,,,77,,1863301.9314289524,,,,,,,1000.0,0.0,bipolar,,0.0,,,,0.005,0,20261003,,,,,,0,,,G3,,
5.715744734257928e-11,4.6095549351567215e-11,2.2635447845925596e-10,5.4133222599837534e-11,1,1157.7883529831827,1142.6321642902417,513.304030904011,507.8046779577747,,,,,,,,,200000000.0,1592,,,,0.0,,0.5434347194892168,2.857729936830412,11.396562633703367,22.322760939791888,37.001686044569595,,,,,,,,,,,TR,,,0.0,,46.47673392459086,35.603621256109335,13.322010400503503,3.7868102918585262,0.6987906461825131,49.477453248620314,46.47253782789045,35.59849145982029,,,,269.1941541512266,233.62490796444146,35.569246186785136,,,,,,,,,,4501252.062061655,-22.333124628459565,g3_tr_s00_pos1_tap0_dc_mc78_ac_bipolar_a0_f0_sec0,,,,0,ac,,,78,,2034925.294899317,,,,,,,1000.0,0.0,bipolar,,0.0,,,,0.005,0,20261003,,,,,,0,,,G3,,
5.6045694135528844e-11,4.5404542389068296e-11,2.275650094623721e-10,5.375205027037469e-11,1,1138.6109221182217,1149.4961903345115,510.7525493332238,515.2125160789475,,,,,,,,,200000000.0,1592,,,,0.0,,0.5021861353700631,2.710159401601516,11.19043132738981,22.08901958849167,36.73218691897803,,,,,,,,,,,TR,,,0.0,,46.69800809054387,36.213690117105955,13.641948029634083,3.8901010236855904,0.7208122282510133,49.47749035843277,46.69379201602601,36.20848314188246,,,,269.45067762308645,231.3245512745865,38.12612634849995,,,,,,,,,,4501252.062061655,-22.099354503013817,g3_tr_s00_pos1_tap0_dc_mc79_ac_bipolar_a0_f0_sec0,,,,0,ac,,,79,,2071391.5213380652,,,,,,,1000.0,0.0,bipolar,,0.0,,,,0.005,0,20261003,,,,,,0,,,G3,,
5.708511116087666e-11,4.589894799058123e-11,2.1231256635547012e-10,5.324877379371736e-11,1,1141.9101629752502,1145.731508770015,513.8277968031941,506.7319574042126,,,,,,,,,200000000.0,1592,,,,0.0,,0.5923422008150769,2.9285115675883255,10.928858708505322,21.56440316479672,36.16302515521771,,,,,,,,,,,TR,,,0.0,,46.21583490945688,35.31485127924289,14.058880610764147,4.1322967618836435,0.7696266306447465,49.47751888112131,46.21166236726097,35.30960808911605,,,,260.40939204664534,231.60879214847995,28.800599898165387,,,,,,,,,,4501252.062061655,-21.574638714910286,g3_tr_s00_pos1_tap0_dc_mc7_ac_bipolar_a0_f0_sec0,,,,0,ac,,,7,,2018505.108408926,,,,,,,1000.0,0.0,bipolar,,0.0,,,,0.005,0,20261003,,,,,,0,,,G3,,
5.6450362089112147e-11,4.649908709163323e-11,2.1386683648329445e-10,5.494189219187663e-11,1,1152.7255347318603,1140.194809822724,506.17488349292455,510.3110366682294,,,,,,,,,200000000.0,1592,,,,0.0,,0.6416166896999091,3.113635433075579,11.335549931005584,21.984083992330767,36.53415725939681,,,,,,,,,,,TR,,,0.0,,45.954391910514744,34.57014383200016,13.415850401790223,3.9373812818216822,0.7374342335395838,49.477512612412404,45.95024297254619,34.565024653278556,,,,261.738062456569,234.73387271780166,27.004189738767366,,,,,,,,,,4501252.062061655,-21.99429043476606,g3_tr_s00_pos1_tap0_dc_mc80_ac_bipolar_a0_f0_sec0,,,,0,ac,,,80,,1971304.8102648824,,,,,,,1000.0,0.0,bipolar,,0.0,,,,0.005,0,20261003,,,,,,0,,,G3,,
5.7133812569154633e-11,4.9029023790722507e-11,2.1289734406448067e-10,5.4028832299787364e-11,1,1158.4203108249462,1143.0256685013178,511.14468368491123,511.0764248288776,,,,,,,,,200000000.0,1592,,,,0.0,,0.7752363653264585,3.4485289941880066,11.763560101994793,22.462787218319423,37.04337038417547,,,,,,,,,,,TR,,,0.0,,45.25279548450787,33.262613153528946,12.770791209324269,3.726248413293617,0.6954441162228059,49.477441172906666,45.24870988932801,33.25766299414426,,,,260.7165121786574,240.37768397294766,20.338828205709746,,,,,,,,,,4501252.062061655,-22.47302944044048,g3_tr_s00_pos1_tap0_dc_mc81_ac_bipolar_a0_f0_sec0,,,,0,ac,,,81,,1886134.3414796477,,,,,,,1000.0,0.0,bipolar,,0.0,,,,0.005,0,20261003,,,,,,0,,,G3,,
5.811214868892129e-11,4.796868827608109e-11,2.3023552175483278e-10,5.3924372727860464e-11,1,1149.2500925017844,1139.4667712142077,511.31332739501136,511.68746447538325,,,,,,,,,200000000.0,1592,,,,0.0,,0.5998185416686068,3.0180491308416832,11.768524522514776,22.802583717677923,37.51997588536464,,,,,,,,,,,TR,,,0.0,,46.17605563804652,34.9525116191178,12.763622566645871,3.583298917286064,0.6583143184170871,49.47750140238739,46.171886687354494,34.94750761953397,,,,271.2508725954961,237.23308532203058,34.01778727346553,,,,,,,,,,4501252.062061655,-22.8130014145002,g3_tr_s00_pos1_tap0_dc_mc82_ac_bipolar_a0_f0_sec0,,,,0,ac,,,82,,1995643.772719,,,,,,,1000.0,0.0,bipolar,,0.0,,,,0.005,0,20261003,,,,,,0,,,G3,,
5.7988623057190594e-11,4.727410006633618e-11,2.2603811070494825e-10,5.4546197348465e-11,1,1154.8802250490587,1138.726805607813,508.0536033297983,507.00580621897865,,,,,,,,,200000000.0,1592,,,,0.0,,0.5983832828328495,3.0205517987972237,11.600154251664332,22.530898012469965,37.21791873458211,,,,,,,,,,,TR,,,0.0,,46.18370054336674,34.942499169276694,13.013406583086894,3.697151746776159,0.6816101848143473,49.47751654078955,46.17953090255285,34.937446507843745,,,,268.48360118489785,236.06663234615465,32.4169688387432,,,,,,,,,,4501252.062061655,-22.541267933638128,g3_tr_s00_pos1_tap0_dc_mc83_ac_bipolar_a0_f0_sec0,,,,0,ac,,,83,,1994985.6532798887,,,,,,,1000.0,0.0,bipolar,,0.0,,,,0.005,0,20261003,,,,,,0,,,G3,,
5.8006335580831304e-11,4.531139443565083e-11,2.285176658946627e-10,5.836751686542804e-11,1,1147.1294809820888,1157.9022541400868,514.2507284726348,511.28961078032484,,,,,,,,,200000000.0,1592,,,,0.0,,0.4938948095826852,2.9952300935716245,12.173769983953553,23.18509620591909,37.83297801054404,,,,,,,,,,,TR,,,0.0,,46.742529180521814,35.04435267516273,12.181875759754027,3.4289141823306797,0.6350123925614793,49.477408954753294,46.73830908683852,35.03941417268758,,,,276.6409728024159,236.64044389304362,40.000528909372264,,,,,,,,,,4501252.062061655,-23.19545054836871,g3_tr_s00_pos1_tap0_dc_mc84_ac_bipolar_a0_f0_sec0,,,,0,ac,,,84,,2001053.7076365005,,,,,,,1000.0,0.0,bipolar,,0.0,,,,0.005,0,20261003,,,,,,0,,,G3,,
5.551868153524555e-11,4.804577037111385e-11,2.1981635922621376e-10,5.766653848283078e-11,1,1147.6676189615337,1139.9032513891161,508.3552502359833,513.3247430814378,,,,,,,,,200000000.0,1592,,,,0.0,,0.7151363228992264,3.4320551966110524,12.232039183861142,22.98953177019565,37.47610954772867,,,,,,,,,,,TR,,,0.0,,45.5670637588594,33.325740868087,12.10037820003399,3.506996703545184,0.6616459172213058,49.47751289367606,45.562949790235464,33.320876187941614,,,,267.12281090269073,241.0926997382934,26.03011116439734,,,,,,,,,,4501252.062061655,-22.999724945697814,g3_tr_s00_pos1_tap0_dc_mc85_ac_bipolar_a0_f0_sec0,,,,0,ac,,,85,,1897579.1112991658,,,,,,,1000.0,0.0,bipolar,,0.0,,,,0.005,0,20261003,,,,,,0,,,G3,,
5.816645673074932e-11,4.739779602802224e-11,2.2859645190663236e-10,5.81625469378722e-11,1,1142.7238305494782,1145.014639551271,515.9350320948923,514.6337665929758,,,,,,,,,200000000.0,1592,,,,0.0,,0.5855155239634064,3.240058040611054,12.538102621718071,23.566079449233406,38.19590242945945,,,,,,,,,,,TR,,,0.0,,46.25212591137425,34.070421783439826,11.681515265624487,3.2817692635605056,0.6090269196766619,49.47746900883337,46.24795009298099,34.065608332123375,,,,276.4658506007598,240.67544109052096,35.79040951023882,,,,,,,,,,4501252.062061655,-23.576428645918877,g3_tr_s00_pos1_tap0_dc_mc86_ac_bipolar_a0_f0_sec0,,,,0,ac,,,86,,1946727.9844983818,,,,,,,1000.0,0.0,bipolar,,0.0,,,,0.005,0,20261003,,,,,,0,,,G3,,
5.828132917412053e-11,4.660572561993958e-11,2.189498446830925e-10,5.709198452554591e-11,1,1161.008020936645,1155.0195191717187,512.5564319329526,508.1952738586128,,,,,,,,,200000000.0,1592,,,,0.0,,0.6175322654482294,3.231320711571419,12.033037137757283,22.9061203261202,37.53591169975075,,,,,,,,,,,TR,,,0.0,,46.081866195381146,34.10473849390812,12.380759890063672,3.5408285185256827,0.6571053902608411,49.47737745739518,46.077705748808604,34.09980308662379,,,,269.2666419288997,238.5703172062825,30.696324722617163,,,,,,,,,,4501252.062061655,-22.91643037658433,g3_tr_s00_pos1_tap0_dc_mc87_ac_bipolar_a0_f0_sec0,,,,0,ac,,,87,,1945729.3838762785,,,,,,,1000.0,0.0,bipolar,,0.0,,,,0.005,0,20261003,,,,,,0,,,G3,,
5.3892415889879694e-11,4.468688610661895e-11,2.291355067825053e-10,5.5362839988967034e-11,1,1159.9768128291762,1146.1210086450205,510.150072928474,512.118478884499,,,,,,,,,200000000.0,1592,,,,0.0,,0.5114230466513798,2.7706790100840633,11.36988532144562,22.208345124094382,36.757672899130895,,,,,,,,,,,TR,,,0.0,,46.648307285809075,35.96219921800141,13.363011889382566,3.8370186803827737,0.7186986359321585,49.47741958003036,46.644095698442925,35.95703422602362,,,,270.09559478421687,231.97642396236006,38.11917082185681,,,,,,,,,,4501252.062061655,-22.218603326325464,g3_tr_s00_pos1_tap0_dc_mc88_ac_bipolar_a0_f0_sec0,,,,0,ac,,,88,,2055384.0503759973,,,,,,,1000.0,0.0,bipolar,,0.0,,,,0.005,0,20261003,,,,,,0,,,G3,,
5.588563472372493e-11,4.9235128200373125e-11,2.2757323502121019e-10,5.746718540939338e-11,1,1145.6874961433252,1138.5929424543108,509.45132053688496,507.30916761925454,,,,,,,,,200000000.0,1592,,,,0.0,,0.7349474190911108,3.4703803809066742,12.461851386224962,23.34615385904183,37.883814382037826,,,,,,,,,,,TR,,,0.0,,45.46328831778253,33.179003686404684,11.784478598428977,3.365928054919574,0.6313076941444975,49.47755333221734,45.4591837188357,33.17420955557831,,,,269.98411829312255,243.14317903506577,26.84093925805678,,,,,,,,,,4501252.062061655,-23.356414892708415,g3_tr_s00_pos1_tap0_dc_mc89_ac_bipolar_a0_f0_sec0,,,,0,ac,,,89,,1889278.9098483655,,,,,,,1000.0,0.0,bipolar,,0.0,,,,0.005,0,20261003,,,,,,0,,,G3,,
5.763548266197336e-11,4.7120813237497175e-11,2.1470120909891517e-10,5.63213344308333e-11,1,1155.2450326784335,1138.7019563516708,515.6857427311955,510.8069887381562,,,,,,,,,200000000.0,1592,,,,0.0,,0.6521722099938764,3.2660747260535357,11.88584859709448,22.655779996229374,37.22982143520132,,,,,,,,,,,TR,,,0.0,,45.8985291484928,33.968649792126705,12.59232889365407,3.6443698215342626,0.6806751689606374,49.47745801914289,45.8943852541776,33.96368254714997,,,,266.1501350799676,238.20900107301978,27.941134006947806,,,,,,,,,,4501252.062061655,-22.666029365389505,g3_tr_s00_pos1_tap0_dc_mc8_ac_bipolar_a0_f0_sec0,,,,0,ac,,,8,,1936141.2265776428,,,,,,,1000.0,0.0,bipolar,,0.0,,,,0.005,0,20261003,,,,,,0,,,G3,,
5.646877449965417e-11,4.7081891937682714e-11,2.1352060757262692e-10,5.772514327123104e-11,1,1147.8289238965424,1160.0032693959529,509.07141903406654,509.02583349816763,,,,,,,,,200000000.0,1592,,,,0.0,,0.7003054178319189,3.4114017132123955,12.036391774344628,22.725946629378143,37.2310034133983,,,,,,,,,,,TR,,,0.0,,45.64485870609181,33.405057113500696,12.375957962989672,3.615045430995129,0.6805816544743969,49.47743055892236,45.640737713855785,33.40014044699658,,,,264.7434889834077,239.74348808269986,25.000000900707846,,,,,,,,,,4501252.062061655,-22.7361299547899,g3_tr_s00_pos1_tap0_dc_mc90_ac_bipolar_a0_f0_sec0,,,,0,ac,,,90,,1901653.6479064608,,,,,,,1000.0,0.0,bipolar,,0.0,,,,0.005,0,20261003,,,,,,0,,,G3,,
5.668572073478592e-11,4.723295752342507e-11,2.1894818600914955e-10,5.809277527364357e-11,1,1153.4226571002216,1153.0814490083808,513.4638375833122,508.5357488380953,,,,,,,,,200000000.0,1592,,,,0.0,,0.6741979755799968,3.388033669168407,12.264455142332487,23.073178647269273,37.61296647869547,,,,,,,,,,,TR,,,0.0,,45.78224960864062,33.49498623301123,12.055290198246833,3.4733796966831094,0.6513017541705316,49.477417990896164,45.77811621224199,33.49012148964262,,,,268.7392931405578,240.640832128991,28.09846101156677,,,,,,,,,,4501252.062061655,-23.08341527775527,g3_tr_s00_pos1_tap0_dc_mc91_ac_bipolar_a0_f0_sec0,,,,0,ac,,,91,,1909591.6729590513,,,,,,,1000.0,0.0,bipolar,,0.0,,,,0.005,0,20261003,,,,,,0,,,G3,,
5.401415754541735e-11,4.656534085919937e-11,2.0939663358475616e-10,5.814602822057181e-11,1,1149.2333182555444,1143.3412515942605,506.79916796247113,508.69764919533185,,,,,,,,,200000000.0,1592,,,,0.0,,0.7238146862748402,3.4138696597426117,11.79383112536483,22.27842516918753,36.63861171397245,,,,,,,,,,,TR,,,0.0,,45.521564253349965,33.39568631641328,12.726412963169054,3.8061882948038295,0.728617817175498,49.477518695962544,45.51745439274658,33.39070151222279,,,,260.4800696497466,238.06131285719624,22.41875679255037,,,,,,,,,,4501252.062061655,-22.288464351384274,g3_tr_s00_pos1_tap0_dc_mc92_ac_bipolar_a0_f0_sec0,,,,0,ac,,,92,,1898769.6473803492,,,,,,,1000.0,0.0,bipolar,,0.0,,,,0.005,0,20261003,,,,,,0,,,G3,,
5.753723957282285e-11,4.701054808702943e-11,2.123001534273268e-10,5.459587354285126e-11,1,1148.597324793964,1145.859624634068,513.2499971339657,507.80031195680584,,,,,,,,,200000000.0,1592,,,,0.0,,0.65647519126558,3.1753496011788713,11.44363797077359,22.128989077342794,36.71628883949451,,,,,,,,,,,TR,,,0.0,,45.8758192625011,34.3253703156943,13.24993524479379,3.8722377881096457,0.7221321189620397,49.477482360336204,45.871677418434935,34.320290522275954,,,,262.0610303608425,235.8956398898493,26.165390470993202,,,,,,,,,,4501252.062061655,-22.139227961270006,g3_tr_s00_pos1_tap0_dc_mc93_ac_bipolar_a0_f0_sec0,,,,0,ac,,,93,,1955938.509585799,,,,,,,1000.0,0.0,bipolar,,0.0,,,,0.005,0,20261003,,,,,,0,,,G3,,
5.750771384679066e-11,4.752126941195376e-11,2.1346709557234038e-10,5.755956487342268e-11,1,1153.9291546839067,1144.3934765937654,511.9805603139122,507.12525599983695,,,,,,,,,200000000.0,1592,,,,0.0,,0.6989766791402123,3.422817469583866,12.084498720652821,22.810625969832593,37.348199179061,,,,,,,,,,,TR,,,0.0,,45.651880663384105,33.361203531784724,12.30761885348911,3.579976883401297,0.6714613173758989,49.47747263629035,45.64775903759029,33.356302393494595,,,,265.33523209403734,240.17105376347715,25.16417833056019,,,,,,,,,,4501252.062061655,-22.820838949267394,g3_tr_s00_pos1_tap0_dc_mc94_ac_bipolar_a0_f0_sec0,,,,0,ac,,,94,,1899302.1213139587,,,,,,,1000.0,0.0,bipolar,,0.0,,,,0.005,0,20261003,,,,,,0,,,G3,,
5.549762559876466e-11,4.5450832892216264e-11,2.1213237820870735e-10,5.7897389413698564e-11,1,1141.7205101605282,1156.514094057205,508.74901757289456,510.8057219043218,,,,,,,,,200000000.0,1592,,,,0.0,,0.6258243360347258,3.1988891188298063,11.684073445406762,22.29288671622727,36.74961240858743,,,,,,,,,,,TR,,,0.0,,46.03798199753063,34.23245913027186,12.888252855428549,3.7998543826141544,0.719365869976038,49.47747130066821,46.03382551268584,34.22741645077388,,,,264.0650093665029,235.7774479336272,28.28756143287572,,,,,,,,,,4501252.062061655,-22.30301700702261,g3_tr_s00_pos1_tap0_dc_mc95_ac_bipolar_a0_f0_sec0,,,,0,ac,,,95,,1952205.0141513476,,,,,,,1000.0,0.0,bipolar,,0.0,,,,0.005,0,20261003,,,,,,0,,,G3,,
5.871149829162944e-11,4.793960631783105e-11,2.1045312265106433e-10,5.338602561341862e-11,1,1153.1778107121943,1161.3673817686574,513.280577675337,509.7104958337531,,,,,,,,,200000000.0,1592,,,,0.0,,0.7089861108276673,3.3025633312396168,11.525553573972832,22.24390671104305,36.89553983581704,,,,,,,,,,,TR,,,0.0,,45.59921095884078,33.826253117944354,13.125514604479074,3.8213360610545988,0.7073811180584983,49.4773730682864,45.595094088225345,33.82122423539067,,,,260.79189522665746,237.92475119244205,22.867144034215414,,,,,,,,,,4501252.062061655,-22.254196494072723,g3_tr_s00_pos1_tap0_dc_mc96_ac_bipolar_a0_f0_sec0,,,,0,ac,,,96,,1923110.8293389971,,,,,,,1000.0,0.0,bipolar,,0.0,,,,0.005,0,20261003,,,,,,0,,,G3,,
5.872985900824266e-11,4.863022657610311e-11,2.1263255898042439e-10,5.829232165825644e-11,1,1141.4694055150733,1145.557923703201,512.2308083783105,513.9926197796169,,,,,,,,,200000000.0,1592,,,,0.0,,0.7356670823492925,3.5973571211001585,12.482663454344843,23.26596943950857,37.81579970894857,,,,,,,,,,,TR,,,0.0,,45.459466305691485,32.697527557288154,11.756221279163482,3.3971393143997366,0.6362698052119073,49.47749310114369,45.45536205150904,32.69274333332935,,,,267.3628125380591,243.31978115341158,24.04303138464749,,,,,,,,,,4501252.062061655,-23.276203023787655,g3_tr_s00_pos1_tap0_dc_mc97_ac_bipolar_a0_f0_sec0,,,,0,ac,,,97,,1861604.909340391,,,,,,,1000.0,0.0,bipolar,,0.0,,,,0.005,0,20261003,,,,,,0,,,G3,,
5.599248640961616e-11,4.6388101639996034e-11,2.2658822893961664e-10,5.551208868035532e-11,1,1142.8992225696443,1156.8744487035437,508.0669079554213,514.9468384481073,,,,,,,,,200000000.0,1592,,,,0.0,,0.5795132106563394,3.001907829600911,11.71430685207656,22.607042682005094,37.210497987902095,,,,,,,,,,,TR,,,0.0,,46.28407832272613,35.01751669319412,12.843523248786825,3.664876871169401,0.6821912310801651,49.4774467844983,46.27989961938895,35.01247792132172,,,,270.05014533697863,235.78309433017196,34.26705100680667,,,,,,,,,,4501252.062061655,-22.61734787894563,g3_tr_s00_pos1_tap0_dc_mc98_ac_bipolar_a0_f0_sec0,,,,0,ac,,,98,,1999544.0366966831,,,,,,,1000.0,0.0,bipolar,,0.0,,,,0.005,0,20261003,,,,,,0,,,G3,,
5.3602573048380695e-11,4.683901318347009e-11,2.1632611606607826e-10,5.611886516201123e-11,1,1152.2583579961877,1152.5711371068908,508.4378997102403,510.4960286705896,,,,,,,,,200000000.0,1592,,,,0.0,,0.7053255173742272,3.283333148574663,11.674425457432381,22.28734555515311,36.7242012587257,,,,,,,,,,,TR,,,0.0,,45.61849514437677,33.90125825441788,12.90255644320299,3.802277043069711,0.7214728642730589,49.47744111597043,45.614376532734106,33.89624001135238,,,,262.2637023684471,237.44628578972748,24.817416578719644,,,,,,,,,,4501252.062061655,-22.29747365295445,g3_tr_s00_pos1_tap0_dc_mc99_ac_bipolar_a0_f0_sec0,,,,0,ac,,,99,,1929414.0101679675,,,,,,,1000.0,0.0,bipolar,,0.0,,,,0.005,0,20261003,,,,,,0,,,G3,,
5.681011169635762e-11,4.495262418931393e-11,2.102850734320198e-10,5.7111707500829575e-11,1,1138.9665651778869,1143.9061153707069,512.3376527863137,512.526216016189,,,,,,,,,200000000.0,1592,,,,0.0,,0.5686190762309481,3.0434538307643297,11.448843667904496,22.073709512619875,36.57638352297745,,,,,,,,,,,TR,,,0.0,,46.342235687617425,34.850582883222344,13.24204654630935,3.8969627189039304,0.7338577621489812,49.477521413383286,46.338051733627694,34.84546029672317,,,,264.32963119737235,233.41515268532342,30.91447851204893,,,,,,,,,,4501252.062061655,-22.083871521363967,g3_tr_s00_pos1_tap0_dc_mc9_ac_bipolar_a0_f0_sec0,,,,0,ac,,,9,,1989511.525525605,,,,,,,1000.0,0.0,bipolar,,0.0,,,,0.005,0,20261003,,,,,,0,,,G3,,
,,,,1,,,,,0.0039299046569,0.003929904656895439,-0.00098605143081,0.00109352283562,1.27156021916e-05,1.2722618157e-05,1.2715602191576909e-05,1.2722618156958836e-05,,,1.9999292000944184,2.23090865581,0.229084655767,0.022494188436549992,-0.0012352395526216142,,,,,,0.00398527841122,0.003985278411215293,-0.00104717544677,0.00102722780929,1.28534112515e-05,1.28612650223e-05,1.2853411251481427e-05,1.2861265022325252e-05,0.02249214700641354,0.0224921470064,BE,,,1000000.0,1.9999752952089476,,,,,,,,,,,,,,,0.9999876476044738,2.527132701839712e-07,2.72507598687665e-05,1.28188163702391e-08,2.787188289434296e-07,2.433314889251744e-10,3.328015534462934e-09,5.6693004247990514e-11,9.070577355354464e-11,,,g4_be_s00_pos1_tap0_dc_mcnom_sine_bipolar_a0p0224941884365_f1000000_sec0,,,,0,sine,3.9999999999999996e-05,5.000000000010964e-10,-1,1.230943745138227,,,,,,,,,,bipolar,,,,,,0.005,0,,,,,,,0,2.0,,G4,0.002725369675460312,20.769887612450002
,,,,1,,,,,0.00860360455179,0.008603604551789646,-0.00117123189857,0.00100435990669,2.74413935816e-05,2.74505581549e-05,2.7441393581646407e-05,2.745055815489173e-05,,,1.999695739659217,2.2307924691,0.193242156578,0.030600794596966224,-0.014491519961701282,,,,,,0.00856311496213,0.00856311496212532,-0.00104403993375,0.00104898961075,2.73787792604e-05,2.73957177486e-05,2.737877926043373e-05,2.739571774859007e-05,0.030594312483845414,0.0305943124838,BE,,,2000000.0,1.999710169600766,,,,,,,,,,,,,,,0.999855084800383,8.558111440028119e-07,2.430310939247986e-05,1.0795949447024336e-08,2.3683461572354856e-07,2.0872566368343443e-10,4.084831531647638e-09,1.9712100071872043e-11,6.94781135082236e-11,,,g4_be_s00_pos1_tap0_dc_mcnom_sine_bipolar_a0p030600794597_f2000000_sec0,,,,0,sine,3.9999999999999996e-05,5.000000000010964e-10,-1,1.230943783137695,,,,,,,,,,bipolar,,,,,,0.005,0,,,,,,,0,2.0,,G4,0.0024322853746459932,21.3431067488
,,,,1,,,,,0.00333019744908,0.003330197449078212,-0.000974139164787,0.00111302409559,1.09054399659e-05,1.09106355573e-05,1.0905439965928801e-05,1.0910635557348861e-05,,,1.9999905306242494,2.23514497876,0.230949092232,0.020953873886196694,-0.00038206176975474904,,,,,,0.00416525318067,0.004165253180666323,-0.00107018043521,0.00101560520033,1.32570366959e-05,1.32650545261e-05,1.3257036695872034e-05,1.326505452612739e-05,0.02095196721045415,0.0209519672105,BU,,,1000000.0,1.999992358764605,,,,,,,,,,,,,,,0.9999961793823025,4.520501290606907e-07,8.597939782171265e-06,3.560147233778087e-09,2.790209811354331e-08,9.064432933659745e-11,2.043762653062254e-10,5.0641054688085146e-11,4.2134561266611805e-11,,,g4_bu_s00_pos1_tap0_dc_mcnom_sine_bipolar_a0p0209538738862_f1000000_sec0,,,,0,sine,3.9999999999999996e-05,5.000000000010964e-10,-1,1.230944401197688,,,,,,,,,,bipolar,,,,,,0.005,0,,,,,,,0,2.0,,G4,0.0008609894048063741,20.864744479585
,,,,1,,,,,0.0068913302311,0.006891330231095762,-0.00127519406788,0.00100159457784,2.15069547981e-05,2.15082622955e-05,2.150695479810199e-05,2.1508262295483024e-05,,,1.9998228439551549,2.23220860967,0.230249531965,0.030910812365104196,-0.010351553504528432,,,,,,0.00904681694086,0.009046816940859556,-0.000960698161544,0.00120967392813,2.73771866197e-05,2.73951618425e-05,2.737718661967154e-05,2.7395161842455864e-05,0.030904150239654423,0.0309041502397,BU,,,2000000.0,1.9997929689299094,,,,,,,,,,,,,,,0.9998964844649547,5.366233477175104e-06,2.2621711924792094e-05,2.1724491065210592e-07,4.703477726620859e-07,1.0413796643116319e-08,1.6421205671629293e-08,5.138790881372581e-10,6.471807799205986e-10,,,g4_bu_s00_pos1_tap0_dc_mcnom_sine_bipolar_a0p0309108123651_f2000000_sec0,,,,0,sine,3.9999999999999996e-05,5.000000000010964e-10,-1,1.230944542944376,,,,,,,,,,bipolar,,,,,,0.005,0,,,,,,,0,2.0,,G4,0.0023257667436076632,22.23580367697
,,,,1,,,,,0.00373019530567,0.0037301953056707027,-0.000986340859928,0.00109667304624,1.21307604567e-05,1.21371672587e-05,1.2130760456705718e-05,1.2137167258738895e-05,,,1.9999772797172721,2.23093292926,0.230953556938,0.021784702396580022,-0.0004555088617741454,,,,,,0.00401204278335,0.004012042783348324,-0.00104871255205,0.00103072564002,1.28875830212e-05,1.28954808081e-05,1.2887583021191126e-05,1.2895480808143412e-05,0.021782720104710773,0.0217827201047,TR,,,1000000.0,1.9999908898227645,,,,,,,,,,,,,,,0.9999954449113823,8.727032163703001e-08,1.7235053677352954e-05,5.3435041731259786e-09,8.884206032044202e-08,1.41096094810931e-10,7.324019698456161e-10,5.427912345197214e-11,4.066865206184247e-11,,,g4_tr_s00_pos1_tap0_dc_mcnom_sine_bipolar_a0p0217847023966_f1000000_sec0,,,,0,sine,3.9999999999999996e-05,5.000000000010964e-10,-1,1.2309441402568826,,,,,,,,,,bipolar,,,,,,0.005,0,,,,,,,0,2.0,,G4,0.0017235582952353696,20.812260491190003
,,,,1,,,,,0.00767873500694,0.0076787350069433494,-0.00121125741243,0.000988792863587,2.44944439575e-05,2.44984522823e-05,2.449444395750241e-05,2.4498452282316428e-05,,,1.9998518393283755,2.23087097488,0.231018981799,0.02922407173328713,-0.007525828103105425,,,,,,0.00874828982876,0.008748289828761122,-0.00100792666989,0.00111049336934,2.73785554547e-05,2.7395779958e-05,2.737855545471158e-05,2.7395779958000866e-05,0.029217841982760843,0.0292178419828,TR,,,2000000.0,1.999849483437938,,,,,,,,,,,,,,,0.999924741718969,2.3194065576380082e-06,3.0843081188598573e-06,3.4082041169857916e-08,7.316565604255532e-08,6.467649130750095e-10,1.2190941417864806e-09,1.9326321221799733e-11,2.9573978321287196e-11,,,g4_tr_s00_pos1_tap0_dc_mcnom_sine_bipolar_a0p0292240717333_f2000000_sec0,,,,0,sine,3.9999999999999996e-05,5.000000000010964e-10,-1,1.230944236508672,,,,,,,,,,bipolar,,,,,,0.005,0,,,,,,,0,2.0,,G4,0.0003860228344759969,21.592351576234996
,,,,1,,,,,,,,,,,,,,,,,,0.0,,,,,,,,,,,,,,,,,BE,,,0.0,,,,,,,,,,,,,,,,,,,,,,,,,,,g5_be_s00_pos1_tap0_dc_mcnom_noise_bipolar_a0_f0_sec0,,,,0,noise,,,-1,,,0.31345351351753686,v(onoise),783.6337837938422,,5.71029803623e-07,,,,bipolar,,,,,,0.005,0,,,,,,,0,,,G5,,
,,,,1,,,,,,,,,,,,,,,,,,0.0,,,,,,,,,,,,,,,,,BE,,,0.0,,,,,,,,,,,,,,,,,,,,,,,,,,,g5_be_s01_pos1_tap1_dc_mcnom_noise_bipolar_a0_f0_sec0,,,,1,noise,,,-1,,,0.26931689769681033,v(onoise),673.2922442420258,,4.92038688821e-07,,,,bipolar,,,,,,0.01,0,,,,,,,1,,,G5,,
,,,,1,,,,,,,,,,,,,,,,,,0.0,,,,,,,,,,,,,,,,,BE,,,0.0,,,,,,,,,,,,,,,,,,,,,,,,,,,g5_be_s02_pos1_tap2_dc_mcnom_noise_bipolar_a0_f0_sec0,,,,2,noise,,,-1,,,0.25400287595147686,v(onoise),635.0071898786921,,4.64563422292e-07,,,,bipolar,,,,,,0.02,0,,,,,,,2,,,G5,,
,,,,1,,,,,,,,,,,,,,,,,,0.0,,,,,,,,,,,,,,,,,BE,,,0.0,,,,,,,,,,,,,,,,,,,,,,,,,,,g5_be_s03_pos1_tap3_dc_mcnom_noise_bipolar_a0_f0_sec0,,,,3,noise,,,-1,,,0.24746487334126638,v(onoise),618.6621833531659,,4.52781800928e-07,,,,bipolar,,,,,,0.05,0,,,,,,,3,,,G5,,
,,,,1,,,,,,,,,,,,,,,,,,0.0,,,,,,,,,,,,,,,,,BE,,,0.0,,,,,,,,,,,,,,,,,,,,,,,,,,,g5_be_s04_pos1_tap4_dc_mcnom_noise_bipolar_a0_f0_sec0,,,,4,noise,,,-1,,,0.24578034290234246,v(onoise),614.4508572558561,,4.49731027561e-07,,,,bipolar,,,,,,0.1,0,,,,,,,4,,,G5,,
,,,,1,,,,,,,,,,,,,,,,,,0.0,,,,,,,,,,,,,,,,,BE,,,0.0,,,,,,,,,,,,,,,,,,,,,,,,,,,g5_be_s05_pos1_tap5_dc_mcnom_noise_bipolar_a0_f0_sec0,,,,5,noise,,,-1,,,0.24503490810123849,v(onoise),612.5872702530962,,4.48376968161e-07,,,,bipolar,,,,,,0.2,0,,,,,,,5,,,G5,,
,,,,100,,,,,,,,,,,,,,,,,,0.0,,,,,,,,,,,,,,,,,BE,,,0.0,,,,,,,,,,,,,,,,,,,,,,,,,,,g5_be_s06_pos100_tap0_dc_mcnom_noise_bipolar_a0_f0_sec0,,,,6,noise,,,-1,,,0.31262274867144696,v(onoise),781.5568716786174,,5.75268828946e-07,,,,bipolar,,,,,,0.5,0,,,,,,,0,,,G5,,
,,,,100,,,,,,,,,,,,,,,,,,0.0,,,,,,,,,,,,,,,,,BE,,,0.0,,,,,,,,,,,,,,,,,,,,,,,,,,,g5_be_s07_pos100_tap1_dc_mcnom_noise_bipolar_a0_f0_sec0,,,,7,noise,,,-1,,,0.2690756122829611,v(onoise),672.6890307074027,,4.93270792948e-07,,,,bipolar,,,,,,1.0,0,,,,,,,1,,,G5,,
,,,,100,,,,,,,,,,,,,,,,,,0.0,,,,,,,,,,,,,,,,,BE,,,0.0,,,,,,,,,,,,,,,,,,,,,,,,,,,g5_be_s08_pos100_tap2_dc_mcnom_noise_bipolar_a0_f0_sec0,,,,8,noise,,,-1,,,0.2539387499363048,v(onoise),634.8468748407619,,4.64890880659e-07,,,,bipolar,,,,,,2.0,0,,,,,,,2,,,G5,,
,,,,100,,,,,,,,,,,,,,,,,,0.0,,,,,,,,,,,,,,,,,BE,,,0.0,,,,,,,,,,,,,,,,,,,,,,,,,,,g5_be_s09_pos100_tap3_dc_mcnom_noise_bipolar_a0_f0_sec0,,,,9,noise,,,-1,,,0.24745437957116206,v(onoise),618.6359489279052,,4.52835380782e-07,,,,bipolar,,,,,,5.0,0,,,,,,,3,,,G5,,
,,,,100,,,,,,,,,,,,,,,,,,0.0,,,,,,,,,,,,,,,,,BE,,,0.0,,,,,,,,,,,,,,,,,,,,,,,,,,,g5_be_s10_pos100_tap4_dc_mcnom_noise_bipolar_a0_f0_sec0,,,,10,noise,,,-1,,,0.24577770671407378,v(onoise),614.4442667851845,,4.49744487063e-07,,,,bipolar,,,,,,10.0,0,,,,,,,4,,,G5,,
,,,,100,,,,,,,,,,,,,,,,,,0.0,,,,,,,,,,,,,,,,,BE,,,0.0,,,,,,,,,,,,,,,,,,,,,,,,,,,g5_be_s11_pos100_tap5_dc_mcnom_noise_bipolar_a0_f0_sec0,,,,11,noise,,,-1,,,0.2450342470421995,v(onoise),612.5856176054988,,4.48380343251e-07,,,,bipolar,,,,,,20.0,0,,,,,,,5,,,G5,,
,,,,1,,,,,,,,,,,,,,,,,,0.0,,,,,,,,,,,,,,,,,BU,,,0.0,,,,,,,,,,,,,,,,,,,,,,,,,,,g5_bu_s00_pos1_tap0_dc_mcnom_noise_bipolar_a0_f0_sec0,,,,0,noise,,,-1,,,0.3164977331816914,v(onoise),791.2443329542284,,5.7136756652e-07,,,,bipolar,,,,,,0.005,0,,,,,,,0,,,G5,,
,,,,1,,,,,,,,,,,,,,,,,,0.0,,,,,,,,,,,,,,,,,BU,,,0.0,,,,,,,,,,,,,,,,,,,,,,,,,,,g5_bu_s01_pos1_tap1_dc_mcnom_noise_bipolar_a0_f0_sec0,,,,1,noise,,,-1,,,0.2720640444851195,v(onoise),680.1601112127987,,4.92337700173e-07,,,,bipolar,,,,,,0.01,0,,,,,,,1,,,G5,,
,,,,1,,,,,,,,,,,,,,,,,,0.0,,,,,,,,,,,,,,,,,BU,,,0.0,,,,,,,,,,,,,,,,,,,,,,,,,,,g5_bu_s02_pos1_tap2_dc_mcnom_noise_bipolar_a0_f0_sec0,,,,2,noise,,,-1,,,0.2566530094296746,v(onoise),641.6325235741865,,4.64849296083e-07,,,,bipolar,,,,,,0.02,0,,,,,,,2,,,G5,,
,,,,1,,,,,,,,,,,,,,,,,,0.0,,,,,,,,,,,,,,,,,BU,,,0.0,,,,,,,,,,,,,,,,,,,,,,,,,,,g5_bu_s03_pos1_tap3_dc_mcnom_noise_bipolar_a0_f0_sec0,,,,3,noise,,,-1,,,0.2500756729479748,v(onoise),625.1891823699369,,4.53062109277e-07,,,,bipolar,,,,,,0.05,0,,,,,,,3,,,G5,,
,,,,1,,,,,,,,,,,,,,,,,,0.0,,,,,,,,,,,,,,,,,BU,,,0.0,,,,,,,,,,,,,,,,,,,,,,,,,,,g5_bu_s04_pos1_tap4_dc_mcnom_noise_bipolar_a0_f0_sec0,,,,4,noise,,,-1,,,0.24838125720744428,v(onoise),620.9531430186107,,4.50009902059e-07,,,,bipolar,,,,,,0.1,0,,,,,,,4,,,G5,,
,,,,1,,,,,,,,,,,,,,,,,,0.0,,,,,,,,,,,,,,,,,BU,,,0.0,,,,,,,,,,,,,,,,,,,,,,,,,,,g5_bu_s05_pos1_tap5_dc_mcnom_noise_bipolar_a0_f0_sec0,,,,5,noise,,,-1,,,0.24763147372272065,v(onoise),619.0786843068016,,4.48655207251e-07,,,,bipolar,,,,,,0.2,0,,,,,,,5,,,G5,,
,,,,100,,,,,,,,,,,,,,,,,,0.0,,,,,,,,,,,,,,,,,BU,,,0.0,,,,,,,,,,,,,,,,,,,,,,,,,,,g5_bu_s06_pos100_tap0_dc_mcnom_noise_bipolar_a0_f0_sec0,,,,6,noise,,,-1,,,0.31566136814430107,v(onoise),789.1534203607528,,5.7560870467e-07,,,,bipolar,,,,,,0.5,0,,,,,,,0,,,G5,,
,,,,100,,,,,,,,,,,,,,,,,,0.0,,,,,,,,,,,,,,,,,BU,,,0.0,,,,,,,,,,,,,,,,,,,,,,,,,,,g5_bu_s07_pos100_tap1_dc_mcnom_noise_bipolar_a0_f0_sec0,,,,7,noise,,,-1,,,0.27182123357057153,v(onoise),679.5530839264288,,4.93570398219e-07,,,,bipolar,,,,,,1.0,0,,,,,,,1,,,G5,,
,,,,100,,,,,,,,,,,,,,,,,,0.0,,,,,,,,,,,,,,,,,BU,,,0.0,,,,,,,,,,,,,,,,,,,,,,,,,,,g5_bu_s08_pos100_tap2_dc_mcnom_noise_bipolar_a0_f0_sec0,,,,8,noise,,,-1,,,0.2565884945276069,v(onoise),641.4712363190173,,4.65176909753e-07,,,,bipolar,,,,,,2.0,0,,,,,,,2,,,G5,,
,,,,100,,,,,,,,,,,,,,,,,,0.0,,,,,,,,,,,,,,,,,BU,,,0.0,,,,,,,,,,,,,,,,,,,,,,,,,,,g5_bu_s09_pos100_tap3_dc_mcnom_noise_bipolar_a0_f0_sec0,,,,9,noise,,,-1,,,0.2500651170476916,v(onoise),625.162792619229,,4.53115714341e-07,,,,bipolar,,,,,,5.0,0,,,,,,,3,,,G5,,
,,,,100,,,,,,,,,,,,,,,,,,0.0,,,,,,,,,,,,,,,,,BU,,,0.0,,,,,,,,,,,,,,,,,,,,,,,,,,,g5_bu_s10_pos100_tap4_dc_mcnom_noise_bipolar_a0_f0_sec0,,,,10,noise,,,-1,,,0.2483786055126554,v(onoise),620.9465137816385,,4.5002336788e-07,,,,bipolar,,,,,,10.0,0,,,,,,,4,,,G5,,
,,,,100,,,,,,,,,,,,,,,,,,0.0,,,,,,,,,,,,,,,,,BU,,,0.0,,,,,,,,,,,,,,,,,,,,,,,,,,,g5_bu_s11_pos100_tap5_dc_mcnom_noise_bipolar_a0_f0_sec0,,,,11,noise,,,-1,,,0.24763080878615296,v(onoise),619.0770219653824,,4.48658583925e-07,,,,bipolar,,,,,,20.0,0,,,,,,,5,,,G5,,
,,,,1,,,,,,,,,,,,,,,,,,0.0,,,,,,,,,,,,,,,,,TR,,,0.0,,,,,,,,,,,,,,,,,,,,,,,,,,,g5_tr_s00_pos1_tap0_dc_mcnom_noise_bipolar_a0_f0_sec0,,,,0,noise,,,-1,,,0.3188120743319457,v(onoise),797.0301858298642,,5.71204588784e-07,,,,bipolar,,,,,,0.005,0,,,,,,,0,,,G5,,
,,,,1,,,,,,,,,,,,,,,,,,0.0,,,,,,,,,,,,,,,,,TR,,,0.0,,,,,,,,,,,,,,,,,,,,,,,,,,,g5_tr_s01_pos1_tap1_dc_mcnom_noise_bipolar_a0_f0_sec0,,,,1,noise,,,-1,,,0.2740065563288412,v(onoise),685.016390822103,,4.92193919477e-07,,,,bipolar,,,,,,0.01,0,,,,,,,1,,,G5,,
,,,,1,,,,,,,,,,,,,,,,,,0.0,,,,,,,,,,,,,,,,,TR,,,0.0,,,,,,,,,,,,,,,,,,,,,,,,,,,g5_tr_s02_pos1_tap2_dc_mcnom_noise_bipolar_a0_f0_sec0,,,,2,noise,,,-1,,,0.25845836392739985,v(onoise),646.1459098184996,,4.64712049322e-07,,,,bipolar,,,,,,0.02,0,,,,,,,2,,,G5,,
,,,,1,,,,,,,,,,,,,,,,,,0.0,,,,,,,,,,,,,,,,,TR,,,0.0,,,,,,,,,,,,,,,,,,,,,,,,,,,g5_tr_s03_pos1_tap3_dc_mcnom_noise_bipolar_a0_f0_sec0,,,,3,noise,,,-1,,,0.25181809619022244,v(onoise),629.5452404755562,,4.52927635743e-07,,,,bipolar,,,,,,0.05,0,,,,,,,3,,,G5,,
,,,,1,,,,,,,,,,,,,,,,,,0.0,,,,,,,,,,,,,,,,,TR,,,0.0,,,,,,,,,,,,,,,,,,,,,,,,,,,g5_tr_s04_pos1_tap4_dc_mcnom_noise_bipolar_a0_f0_sec0,,,,4,noise,,,-1,,,0.25010653107166037,v(onoise),625.2663276791509,,4.49876143575e-07,,,,bipolar,,,,,,0.1,0,,,,,,,4,,,G5,,
,,,,1,,,,,,,,,,,,,,,,,,0.0,,,,,,,,,,,,,,,,,TR,,,0.0,,,,,,,,,,,,,,,,,,,,,,,,,,,g5_tr_s05_pos1_tap5_dc_mcnom_noise_bipolar_a0_f0_sec0,,,,5,noise,,,-1,,,0.24934895262214243,v(onoise),623.372381555356,,4.48521765719e-07,,,,bipolar,,,,,,0.2,0,,,,,,,5,,,G5,,
,,,,100,,,,,,,,,,,,,,,,,,0.0,,,,,,,,,,,,,,,,,TR,,,0.0,,,,,,,,,,,,,,,,,,,,,,,,,,,g5_tr_s06_pos100_tap0_dc_mcnom_noise_bipolar_a0_f0_sec0,,,,6,noise,,,-1,,,0.31796413191567485,v(onoise),794.9103297891871,,5.75444682773e-07,,,,bipolar,,,,,,0.5,0,,,,,,,0,,,G5,,
,,,,100,,,,,,,,,,,,,,,,,,0.0,,,,,,,,,,,,,,,,,TR,,,0.0,,,,,,,,,,,,,,,,,,,,,,,,,,,g5_tr_s07_pos100_tap1_dc_mcnom_noise_bipolar_a0_f0_sec0,,,,7,noise,,,-1,,,0.27376035629235523,v(onoise),684.400890730888,,4.93426322509e-07,,,,bipolar,,,,,,1.0,0,,,,,,,1,,,G5,,
,,,,100,,,,,,,,,,,,,,,,,,0.0,,,,,,,,,,,,,,,,,TR,,,0.0,,,,,,,,,,,,,,,,,,,,,,,,,,,g5_tr_s08_pos100_tap2_dc_mcnom_noise_bipolar_a0_f0_sec0,,,,8,noise,,,-1,,,0.2583929404205863,v(onoise),645.9823510514657,,4.65039585654e-07,,,,bipolar,,,,,,2.0,0,,,,,,,2,,,G5,,
,,,,100,,,,,,,,,,,,,,,,,,0.0,,,,,,,,,,,,,,,,,TR,,,0.0,,,,,,,,,,,,,,,,,,,,,,,,,,,g5_tr_s09_pos100_tap3_dc_mcnom_noise_bipolar_a0_f0_sec0,,,,9,noise,,,-1,,,0.2518073906883783,v(onoise),629.5184767209457,,4.52981228237e-07,,,,bipolar,,,,,,5.0,0,,,,,,,3,,,G5,,
,,,,100,,,,,,,,,,,,,,,,,,0.0,,,,,,,,,,,,,,,,,TR,,,0.0,,,,,,,,,,,,,,,,,,,,,,,,,,,g5_tr_s10_pos100_tap4_dc_mcnom_noise_bipolar_a0_f0_sec0,,,,10,noise,,,-1,,,0.2501038417250632,v(onoise),625.2596043126581,,4.49889606245e-07,,,,bipolar,,,,,,10.0,0,,,,,,,4,,,G5,,
,,,,100,,,,,,,,,,,,,,,,,,0.0,,,,,,,,,,,,,,,,,TR,,,0.0,,,,,,,,,,,,,,,,,,,,,,,,,,,g5_tr_s11_pos100_tap5_dc_mcnom_noise_bipolar_a0_f0_sec0,,,,11,noise,,,-1,,,0.2493482782359088,v(onoise),623.370695589772,,4.48525141603e-07,,,,bipolar,,,,,,20.0,0,,,,,,,5,,,G5,,
,,,,1,,,,,0.0338157116494,0.03381571164938535,-0.00103554395443,0.00103554357748,5.63716116666e-05,5.62610891582e-05,5.63716116665663e-05,5.626108915818008e-05,,,,3.28913947585,1.23094409418,-2,,,,,,,0.0152945296089,0.015294529608908425,-0.00107951159101,0.000992919038453,4.58858356548e-05,4.590457349e-05,4.588583565476966e-05,4.590457349002798e-05,2.0,2.0,BE,,,0.0,,,,,,,,,,,,,,,,,,,,,,,,,,,g6_be_s00_pos1_tap0_dc_mcnom_pulse_negative_an2_f0_sec0,1.2309440941815535,,,0,pulse,2.9999999999999997e-05,1.0000000000021927e-09,-1,,,,,,18.979999999999997,,,,,negative,1.1020000000000001e-05,,0.025,0.4470043993576983,,0.005,0,,,,,,,0,,0.001698333329091195,G6,,20.717590806864997
,,,,1,,,,,0.0348504108572,0.03485041085722784,-0.00103554395443,0.00103554357748,5.63176529439e-05,5.62035688314e-05,5.631765294394157e-05,5.6203568831379186e-05,,,,3.28913958543,1.23094409417,-4.5,,,,,,,0.0152949424736,0.015294942473614404,-0.00107951159101,0.000992919038453,4.58399813305e-05,4.58589554082e-05,4.58399813305338e-05,4.585895540816035e-05,4.5,4.5,BE,,,0.0,,,,,,,,,,,,,,,,,,,,,,,,,,,g6_be_s00_pos1_tap0_dc_mcnom_pulse_negative_an4p5_f0_sec0,1.2309440941815535,,,0,pulse,2.9999999999999997e-05,1.0000000000021927e-09,-1,,,,,,18.979999999999997,,,,,negative,1.1020000000000001e-05,,0.025,0.46264967764976334,,0.005,0,,,,,,,0,,0.00519008857037595,G6,,20.717590806864997
,,,,1,,,,,0.0337521305835,0.03375213058346782,-0.00103554395443,0.00103554357748,5.62607719952e-05,5.61509656095e-05,5.626077199523772e-05,5.615096560949352e-05,,,,1.23094409419,0.00662907800355,2,,,,,,,0.0152636826248,0.01526368262484512,-0.00107951159101,0.000992919038453,4.57962102118e-05,4.58148648084e-05,4.5796210211772075e-05,4.5814864808371005e-05,2.0,2.0,BE,,,0.0,,,,,,,,,,,,,,,,,,,,,,,,,,,g6_be_s00_pos1_tap0_dc_mcnom_pulse_positive_a2_f0_sec0,1.2309440941815535,,,0,pulse,2.9999999999999997e-05,1.0000000000021927e-09,-1,,,,,,18.979999999999997,,,,,positive,1.1020000000000001e-05,,0.025,0.44354667285434113,,0.005,0,,,,,,,0,,-0.00017400412045187608,G6,,20.717590806864997
,,,,1,,,,,0.0348075320361,0.03480753203611098,-0.00103554395443,0.00103554357748,5.6204437612e-05,5.60960979045e-05,5.6204437611973506e-05,5.609609790446144e-05,,,,1.2309440942,0.00662906203691,4.5,,,,,,,0.0152641089153,0.015264108915270524,-0.00107951159101,0.000992919038453,4.57497505099e-05,4.5769171034e-05,4.5749750509932744e-05,4.57691710339887e-05,4.5,4.5,BE,,,0.0,,,,,,,,,,,,,,,,,,,,,,,,,,,g6_be_s00_pos1_tap0_dc_mcnom_pulse_positive_a4p5_f0_sec0,1.2309440941815535,,,0,pulse,2.9999999999999997e-05,1.0000000000021927e-09,-1,,,,,,18.979999999999997,,,,,positive,1.1020000000000001e-05,,0.025,0.4582270394110342,,0.005,0,,,,,,,0,,-0.0036638011096765677,G6,,20.717590806864997
,,,,1,,,,,0.0128677048729,0.012867704872873587,-0.00103554395439,0.00103554357752,3.75220462726e-05,3.75121131272e-05,3.752204627262609e-05,3.751211312721936e-05,,,,3.28922788514,0.893255249523,-2,,,,,,,0.123672738138,0.12367273813756663,-0.00107951162257,0.0009929190088,3.69993797086e-05,3.7018958161e-05,3.699937970860957e-05,3.7018958161034825e-05,2.0,2.0,BU,,,0.0,,,,,,,,,,,,,,,,,,,,,,,,,,,g6_bu_s00_pos1_tap0_dc_mcnom_pulse_negative_an2_f0_sec0,1.2309447075274842,,,0,pulse,2.9999999999999997e-05,1.0000000000021927e-09,-1,,,,,,18.979999999999997,,,,,negative,1.1020000000000001e-05,,0.025,1.0637909736194708,,0.005,0,,,,,,,0,,0.00169757773108703,G6,,20.717590816399998
,,,,1,,,,,0.0128679574923,0.012867957492320059,-0.00103554395439,0.00103554357752,3.75227345933e-05,3.75126448484e-05,3.752273459329462e-05,3.7512644848359866e-05,,,,3.28922793334,0.897469909705,-4.5,,,,,,,0.123698631399,0.12369863139882087,-0.00107951162257,0.0009929190088,3.7000337441e-05,3.70198461701e-05,3.70003374409845e-05,3.701984617006557e-05,4.5,4.5,BU,,,0.0,,,,,,,,,,,,,,,,,,,,,,,,,,,g6_bu_s00_pos1_tap0_dc_mcnom_pulse_negative_an4p5_f0_sec0,1.2309447075274842,,,0,pulse,2.9999999999999997e-05,1.0000000000021927e-09,-1,,,,,,18.979999999999997,,,,,negative,1.1020000000000001e-05,,0.025,0.9287531470767987,,0.005,0,,,,,,,0,,0.005189795125720487,G6,,20.717590816399998
,,,,1,,,,,0.0128473110228,0.01284731102276826,-0.00103554395439,0.00103554357752,3.74493966769e-05,3.74394030043e-05,3.744939667689546e-05,3.7439403004323874e-05,,,,1.56994641266,0.0066128061732,2,,,,,,,0.121160366338,0.12116036633813332,-0.00107951162257,0.0009929190088,3.69279324537e-05,3.69477834142e-05,3.69279324537361e-05,3.694778341415337e-05,2.0,2.0,BU,,,0.0,,,,,,,,,,,,,,,,,,,,,,,,,,,g6_bu_s00_pos1_tap0_dc_mcnom_pulse_positive_a2_f0_sec0,1.2309447075274842,,,0,pulse,2.9999999999999997e-05,1.0000000000021927e-09,-1,,,,,,18.979999999999997,,,,,positive,1.1020000000000001e-05,,0.025,1.0814786136346834,,0.005,0,,,,,,,0,,-0.00017036089885036354,G6,,20.717590816399998
,,,,1,,,,,0.0128473487689,0.012847348768898037,-0.00103554395439,0.00103554357752,3.74498494937e-05,3.74406106871e-05,3.7449849493746404e-05,3.744061068705331e-05,,,,1.56573889698,0.00661280006427,4.5,,,,,,,0.121184166236,0.12118416623573314,-0.00107951162257,0.0009929190088,3.69286779077e-05,3.69485490741e-05,3.6928677907730964e-05,3.6948549074109475e-05,4.5,4.5,BU,,,0.0,,,,,,,,,,,,,,,,,,,,,,,,,,,g6_bu_s00_pos1_tap0_dc_mcnom_pulse_positive_a4p5_f0_sec0,1.2309447075274842,,,0,pulse,2.9999999999999997e-05,1.0000000000021927e-09,-1,,,,,,18.979999999999997,,,,,positive,1.1020000000000001e-05,,0.025,0.9267511220958339,,0.005,0,,,,,,,0,,-0.003660618911566438,G6,,20.717590816399998
,,,,1,,,,,0.0162975320465,0.01629753204646789,-0.0010355439544,0.00103554357751,4.7922907169e-05,4.78914840535e-05,4.792290716901726e-05,4.7891484053543985e-05,,,,3.28914094786,1.10943316698,-2,,,,,,,0.0437167638785,0.0437167638785132,-0.00107951161018,0.000992919020441,4.24666326815e-05,4.24866724413e-05,4.246663268146445e-05,4.248667244128847e-05,2.0,2.0,TR,,,0.0,,,,,,,,,,,,,,,,,,,,,,,,,,,g6_tr_s00_pos1_tap0_dc_mcnom_pulse_negative_an2_f0_sec0,1.230944466728061,,,0,pulse,2.9999999999999997e-05,1.0000000000021927e-09,-1,,,,,,18.979999999999997,,,,,negative,1.1020000000000001e-05,,0.025,0.5694019511535552,,0.005,0,,,,,,,0,,0.0016978168582997277,G6,,20.717590812655
,,,,1,,,,,0.0162979909347,0.01629799093471762,-0.0010355439544,0.00103554357751,4.78770107692e-05,4.78449147548e-05,4.787701076922691e-05,4.784491475479103e-05,,,,3.28914105476,1.11344210131,-4.5,,,,,,,0.0437420746901,0.04374207469005453,-0.00107951161018,0.000992919020441,4.24677887192e-05,4.24877427479e-05,4.246778871917249e-05,4.24877427479029e-05,4.5,4.5,TR,,,0.0,,,,,,,,,,,,,,,,,,,,,,,,,,,g6_tr_s00_pos1_tap0_dc_mcnom_pulse_negative_an4p5_f0_sec0,1.230944466728061,,,0,pulse,2.9999999999999997e-05,1.0000000000021927e-09,-1,,,,,,18.979999999999997,,,,,negative,1.1020000000000001e-05,,0.025,0.7066232279009845,,0.005,0,,,,,,,0,,0.00518959180087708,G6,,20.717590812655
,,,,1,,,,,0.0162708022681,0.016270802268056994,-0.0010355439544,0.00103554357751,4.78300151627e-05,4.77959097096e-05,4.7830015162669576e-05,4.779590970960037e-05,,,,1.35445829148,0.00662877912808,2,,,,,,,0.0407179754921,0.04071797549205147,-0.00107951161018,0.000992919020441,4.2384723613e-05,4.24047284339e-05,4.238472361295517e-05,4.240472843387808e-05,2.0,2.0,TR,,,0.0,,,,,,,,,,,,,,,,,,,,,,,,,,,g6_tr_s00_pos1_tap0_dc_mcnom_pulse_positive_a2_f0_sec0,1.230944466728061,,,0,pulse,2.9999999999999997e-05,1.0000000000021927e-09,-1,,,,,,18.979999999999997,,,,,positive,1.1020000000000001e-05,,0.025,0.570797953221302,,0.005,0,,,,,,,0,,-0.00017008708510801718,G6,,20.717590812655
,,,,1,,,,,0.0162709822789,0.016270982278879575,-0.0010355439544,0.00103554357751,4.77823008992e-05,4.77505588454e-05,4.778230089919557e-05,4.7750558845376376e-05,,,,1.35045706557,0.00662876357764,4.5,,,,,,,0.0407411702584,0.04074117025839197,-0.00107951161018,0.000992919020441,4.23858929288e-05,4.24058946516e-05,4.238589292881613e-05,4.2405894651626224e-05,4.5,4.5,TR,,,0.0,,,,,,,,,,,,,,,,,,,,,,,,,,,g6_tr_s00_pos1_tap0_dc_mcnom_pulse_positive_a4p5_f0_sec0,1.230944466728061,,,0,pulse,2.9999999999999997e-05,1.0000000000021927e-09,-1,,,,,,18.979999999999997,,,,,positive,1.1020000000000001e-05,,0.025,0.6915547757593051,,0.005,0,,,,,,,0,,-0.0036599003577377776,G6,,20.717590812655
