above_1000V_s,above_400V_s,above_work_s,category,energy_J,id,peak_V,piece,state
,,6.683441546641866e-11,contact4k,3.696767570975476e-08,e6_0231fe123ac11380bdca,276.7253303710445,r1a,am4000_chaingdtmov_g1_kprotection_i0_mreduced_qe6_r4d802_x0_s5em05_tau1em09_t25_ron60_u836_t2_vo_v_rel0_rs2700_rx100_none_none_p1_b0_r0d98_i0_tap0_ph0_gdc420_gimp1000_esd_am4000_t5em05_off10d0_reduced
,,6.683441546641865e-11,contact4k,3.696767570975476e-08,e6_0231fe123ac11380bdca,276.72533037104427,r1b,am4000_chaingdtmov_g1_kprotection_i0_mreduced_qe6_r4d802_x0_s5em05_tau1em09_t25_ron60_u836_t2_vo_v_rel0_rs2700_rx100_none_none_p1_b0_r0d98_i0_tap0_ph0_gdc420_gimp1000_esd_am4000_t5em05_off10d0_reduced
,,6.683441546641795e-11,contact4k,3.696767570975483e-08,e6_0231fe123ac11380bdca,276.72533037103847,r2a,am4000_chaingdtmov_g1_kprotection_i0_mreduced_qe6_r4d802_x0_s5em05_tau1em09_t25_ron60_u836_t2_vo_v_rel0_rs2700_rx100_none_none_p1_b0_r0d98_i0_tap0_ph0_gdc420_gimp1000_esd_am4000_t5em05_off10d0_reduced
,,6.683441546641795e-11,contact4k,3.696767570975483e-08,e6_0231fe123ac11380bdca,276.7253303710386,r2b,am4000_chaingdtmov_g1_kprotection_i0_mreduced_qe6_r4d802_x0_s5em05_tau1em09_t25_ron60_u836_t2_vo_v_rel0_rs2700_rx100_none_none_p1_b0_r0d98_i0_tap0_ph0_gdc420_gimp1000_esd_am4000_t5em05_off10d0_reduced
,,6.683441546641756e-11,contact4k,3.6967675709754876e-08,e6_0231fe123ac11380bdca,276.72533037103557,r3a,am4000_chaingdtmov_g1_kprotection_i0_mreduced_qe6_r4d802_x0_s5em05_tau1em09_t25_ron60_u836_t2_vo_v_rel0_rs2700_rx100_none_none_p1_b0_r0d98_i0_tap0_ph0_gdc420_gimp1000_esd_am4000_t5em05_off10d0_reduced
,,6.683441546641758e-11,contact4k,3.6967675709754876e-08,e6_0231fe123ac11380bdca,276.7253303710356,r3b,am4000_chaingdtmov_g1_kprotection_i0_mreduced_qe6_r4d802_x0_s5em05_tau1em09_t25_ron60_u836_t2_vo_v_rel0_rs2700_rx100_none_none_p1_b0_r0d98_i0_tap0_ph0_gdc420_gimp1000_esd_am4000_t5em05_off10d0_reduced
,,0.0,contact4k,2.1829412722057483e-08,e6_0231fe123ac11380bdca,44.440922253358956,r910k,am4000_chaingdtmov_g1_kprotection_i0_mreduced_qe6_r4d802_x0_s5em05_tau1em09_t25_ron60_u836_t2_vo_v_rel0_rs2700_rx100_none_none_p1_b0_r0d98_i0_tap0_ph0_gdc420_gimp1000_esd_am4000_t5em05_off10d0_reduced
,,0.0,contact4k,2.3958111137757792e-09,e6_0231fe123ac11380bdca,4.880377154776147,r100k,am4000_chaingdtmov_g1_kprotection_i0_mreduced_qe6_r4d802_x0_s5em05_tau1em09_t25_ron60_u836_t2_vo_v_rel0_rs2700_rx100_none_none_p1_b0_r0d98_i0_tap0_ph0_gdc420_gimp1000_esd_am4000_t5em05_off10d0_reduced
0.0,6.680014736336595e-11,,contact4k,1.791256313294095e-06,e6_0231fe123ac11380bdca,553.3445171487042,rc1,am4000_chaingdtmov_g1_kprotection_i0_mreduced_qe6_r4d802_x0_s5em05_tau1em09_t25_ron60_u836_t2_vo_v_rel0_rs2700_rx100_none_none_p1_b0_r0d98_i0_tap0_ph0_gdc420_gimp1000_esd_am4000_t5em05_off10d0_reduced
0.0,6.680014736336522e-11,,contact4k,1.7912563132940955e-06,e6_0231fe123ac11380bdca,553.3445171486926,rc2,am4000_chaingdtmov_g1_kprotection_i0_mreduced_qe6_r4d802_x0_s5em05_tau1em09_t25_ron60_u836_t2_vo_v_rel0_rs2700_rx100_none_none_p1_b0_r0d98_i0_tap0_ph0_gdc420_gimp1000_esd_am4000_t5em05_off10d0_reduced
0.0,6.680014736336486e-11,,contact4k,1.7912563132940955e-06,e6_0231fe123ac11380bdca,553.3445171486868,rc3,am4000_chaingdtmov_g1_kprotection_i0_mreduced_qe6_r4d802_x0_s5em05_tau1em09_t25_ron60_u836_t2_vo_v_rel0_rs2700_rx100_none_none_p1_b0_r0d98_i0_tap0_ph0_gdc420_gimp1000_esd_am4000_t5em05_off10d0_reduced
,,1.5811035265354062e-09,contact4k,3.472305277890934e-08,e6_6f7a2bcd7f3afe4dc503,412.69063769569493,r1a,am4000_chaingdtmov_g1_kprotection_i0_mreduced_qe6_r4d802_x0_s5em05_tau1em07_t25_ron60_u836_t2_vo_v_rel0_rs2700_rx100_none_none_p1_b0_r0d98_i0_tap0_ph0_gdc420_gimp1000_esd_am4000_t5em05_off10d0_reduced
,,1.5811035265354058e-09,contact4k,3.472305277890934e-08,e6_6f7a2bcd7f3afe4dc503,412.6906376956947,r1b,am4000_chaingdtmov_g1_kprotection_i0_mreduced_qe6_r4d802_x0_s5em05_tau1em07_t25_ron60_u836_t2_vo_v_rel0_rs2700_rx100_none_none_p1_b0_r0d98_i0_tap0_ph0_gdc420_gimp1000_esd_am4000_t5em05_off10d0_reduced
,,1.5811035265354078e-09,contact4k,3.472305277890941e-08,e6_6f7a2bcd7f3afe4dc503,412.69063769569425,r2a,am4000_chaingdtmov_g1_kprotection_i0_mreduced_qe6_r4d802_x0_s5em05_tau1em07_t25_ron60_u836_t2_vo_v_rel0_rs2700_rx100_none_none_p1_b0_r0d98_i0_tap0_ph0_gdc420_gimp1000_esd_am4000_t5em05_off10d0_reduced
,,1.5811035265354068e-09,contact4k,3.472305277890941e-08,e6_6f7a2bcd7f3afe4dc503,412.69063769569436,r2b,am4000_chaingdtmov_g1_kprotection_i0_mreduced_qe6_r4d802_x0_s5em05_tau1em07_t25_ron60_u836_t2_vo_v_rel0_rs2700_rx100_none_none_p1_b0_r0d98_i0_tap0_ph0_gdc420_gimp1000_esd_am4000_t5em05_off10d0_reduced
,,1.5811035265354064e-09,contact4k,3.472305277890946e-08,e6_6f7a2bcd7f3afe4dc503,412.690637695694,r3a,am4000_chaingdtmov_g1_kprotection_i0_mreduced_qe6_r4d802_x0_s5em05_tau1em07_t25_ron60_u836_t2_vo_v_rel0_rs2700_rx100_none_none_p1_b0_r0d98_i0_tap0_ph0_gdc420_gimp1000_esd_am4000_t5em05_off10d0_reduced
,,1.5811035265354068e-09,contact4k,3.472305277890946e-08,e6_6f7a2bcd7f3afe4dc503,412.690637695694,r3b,am4000_chaingdtmov_g1_kprotection_i0_mreduced_qe6_r4d802_x0_s5em05_tau1em07_t25_ron60_u836_t2_vo_v_rel0_rs2700_rx100_none_none_p1_b0_r0d98_i0_tap0_ph0_gdc420_gimp1000_esd_am4000_t5em05_off10d0_reduced
,,0.0,contact4k,2.0407551025120415e-08,e6_6f7a2bcd7f3afe4dc503,43.872827827778224,r910k,am4000_chaingdtmov_g1_kprotection_i0_mreduced_qe6_r4d802_x0_s5em05_tau1em07_t25_ron60_u836_t2_vo_v_rel0_rs2700_rx100_none_none_p1_b0_r0d98_i0_tap0_ph0_gdc420_gimp1000_esd_am4000_t5em05_off10d0_reduced
,,0.0,contact4k,2.239759345717289e-09,e6_6f7a2bcd7f3afe4dc503,4.817989139437682,r100k,am4000_chaingdtmov_g1_kprotection_i0_mreduced_qe6_r4d802_x0_s5em05_tau1em07_t25_ron60_u836_t2_vo_v_rel0_rs2700_rx100_none_none_p1_b0_r0d98_i0_tap0_ph0_gdc420_gimp1000_esd_am4000_t5em05_off10d0_reduced
0.0,1.5556437423259894e-09,,contact4k,1.9714667512134712e-06,e6_6f7a2bcd7f3afe4dc503,824.9015074843394,rc1,am4000_chaingdtmov_g1_kprotection_i0_mreduced_qe6_r4d802_x0_s5em05_tau1em07_t25_ron60_u836_t2_vo_v_rel0_rs2700_rx100_none_none_p1_b0_r0d98_i0_tap0_ph0_gdc420_gimp1000_esd_am4000_t5em05_off10d0_reduced
0.0,1.5556437423259909e-09,,contact4k,1.9714667512134712e-06,e6_6f7a2bcd7f3afe4dc503,824.9015074843384,rc2,am4000_chaingdtmov_g1_kprotection_i0_mreduced_qe6_r4d802_x0_s5em05_tau1em07_t25_ron60_u836_t2_vo_v_rel0_rs2700_rx100_none_none_p1_b0_r0d98_i0_tap0_ph0_gdc420_gimp1000_esd_am4000_t5em05_off10d0_reduced
0.0,1.55564374232599e-09,,contact4k,1.9714667512134712e-06,e6_6f7a2bcd7f3afe4dc503,824.9015074843378,rc3,am4000_chaingdtmov_g1_kprotection_i0_mreduced_qe6_r4d802_x0_s5em05_tau1em07_t25_ron60_u836_t2_vo_v_rel0_rs2700_rx100_none_none_p1_b0_r0d98_i0_tap0_ph0_gdc420_gimp1000_esd_am4000_t5em05_off10d0_reduced
,,6.683445194984025e-11,contact4k,3.696767531370915e-08,e6_622785901bcb62efbdbb,276.72545283561954,r1a,am4000_chaingdtmov_g1_kprotection_i0_mreduced_qe6_r4d802_x0_s5em05_tau1em09_t25_ron60_u837_t2_vo_v_rel0_rs2700_rx100_none_none_p1_b0_r0d98_i0_tap0_ph0_gdc780_gimp1000_esd_am4000_t5em05_off10d0_reduced
,,6.683445194984031e-11,contact4k,3.696767531370915e-08,e6_622785901bcb62efbdbb,276.7254528356193,r1b,am4000_chaingdtmov_g1_kprotection_i0_mreduced_qe6_r4d802_x0_s5em05_tau1em09_t25_ron60_u837_t2_vo_v_rel0_rs2700_rx100_none_none_p1_b0_r0d98_i0_tap0_ph0_gdc780_gimp1000_esd_am4000_t5em05_off10d0_reduced
,,6.683445194984008e-11,contact4k,3.696767531370923e-08,e6_622785901bcb62efbdbb,276.7254528356059,r2a,am4000_chaingdtmov_g1_kprotection_i0_mreduced_qe6_r4d802_x0_s5em05_tau1em09_t25_ron60_u837_t2_vo_v_rel0_rs2700_rx100_none_none_p1_b0_r0d98_i0_tap0_ph0_gdc780_gimp1000_esd_am4000_t5em05_off10d0_reduced
,,6.683445194984008e-11,contact4k,3.696767531370923e-08,e6_622785901bcb62efbdbb,276.7254528356059,r2b,am4000_chaingdtmov_g1_kprotection_i0_mreduced_qe6_r4d802_x0_s5em05_tau1em09_t25_ron60_u837_t2_vo_v_rel0_rs2700_rx100_none_none_p1_b0_r0d98_i0_tap0_ph0_gdc780_gimp1000_esd_am4000_t5em05_off10d0_reduced
,,6.683445194984e-11,contact4k,3.6967675313709276e-08,e6_622785901bcb62efbdbb,276.7254528355993,r3a,am4000_chaingdtmov_g1_kprotection_i0_mreduced_qe6_r4d802_x0_s5em05_tau1em09_t25_ron60_u837_t2_vo_v_rel0_rs2700_rx100_none_none_p1_b0_r0d98_i0_tap0_ph0_gdc780_gimp1000_esd_am4000_t5em05_off10d0_reduced
,,6.683445194984e-11,contact4k,3.696767531370928e-08,e6_622785901bcb62efbdbb,276.7254528355993,r3b,am4000_chaingdtmov_g1_kprotection_i0_mreduced_qe6_r4d802_x0_s5em05_tau1em09_t25_ron60_u837_t2_vo_v_rel0_rs2700_rx100_none_none_p1_b0_r0d98_i0_tap0_ph0_gdc780_gimp1000_esd_am4000_t5em05_off10d0_reduced
,,0.0,contact4k,2.1829412480999563e-08,e6_622785901bcb62efbdbb,44.44092202441919,r910k,am4000_chaingdtmov_g1_kprotection_i0_mreduced_qe6_r4d802_x0_s5em05_tau1em09_t25_ron60_u837_t2_vo_v_rel0_rs2700_rx100_none_none_p1_b0_r0d98_i0_tap0_ph0_gdc780_gimp1000_esd_am4000_t5em05_off10d0_reduced
,,0.0,contact4k,2.3958110873192995e-09,e6_622785901bcb62efbdbb,4.880377129635668,r100k,am4000_chaingdtmov_g1_kprotection_i0_mreduced_qe6_r4d802_x0_s5em05_tau1em09_t25_ron60_u837_t2_vo_v_rel0_rs2700_rx100_none_none_p1_b0_r0d98_i0_tap0_ph0_gdc780_gimp1000_esd_am4000_t5em05_off10d0_reduced
0.0,6.680018375583298e-11,,contact4k,1.7912563155856688e-06,e6_622785901bcb62efbdbb,553.3447619709302,rc1,am4000_chaingdtmov_g1_kprotection_i0_mreduced_qe6_r4d802_x0_s5em05_tau1em09_t25_ron60_u837_t2_vo_v_rel0_rs2700_rx100_none_none_p1_b0_r0d98_i0_tap0_ph0_gdc780_gimp1000_esd_am4000_t5em05_off10d0_reduced
0.0,6.680018375583278e-11,,contact4k,1.791256315585669e-06,e6_622785901bcb62efbdbb,553.3447619709033,rc2,am4000_chaingdtmov_g1_kprotection_i0_mreduced_qe6_r4d802_x0_s5em05_tau1em09_t25_ron60_u837_t2_vo_v_rel0_rs2700_rx100_none_none_p1_b0_r0d98_i0_tap0_ph0_gdc780_gimp1000_esd_am4000_t5em05_off10d0_reduced
0.0,6.68001837558327e-11,,contact4k,1.791256315585669e-06,e6_622785901bcb62efbdbb,553.34476197089,rc3,am4000_chaingdtmov_g1_kprotection_i0_mreduced_qe6_r4d802_x0_s5em05_tau1em09_t25_ron60_u837_t2_vo_v_rel0_rs2700_rx100_none_none_p1_b0_r0d98_i0_tap0_ph0_gdc780_gimp1000_esd_am4000_t5em05_off10d0_reduced
,,1.5811035265354078e-09,contact4k,3.472305269350761e-08,e6_bbeb7b1c90d6bad8d020,412.69063769569493,r1a,am4000_chaingdtmov_g1_kprotection_i0_mreduced_qe6_r4d802_x0_s5em05_tau1em07_t25_ron60_u837_t2_vo_v_rel0_rs2700_rx100_none_none_p1_b0_r0d98_i0_tap0_ph0_gdc780_gimp1000_esd_am4000_t5em05_off10d0_reduced
,,1.5811035265354101e-09,contact4k,3.472305269350761e-08,e6_bbeb7b1c90d6bad8d020,412.6906376956947,r1b,am4000_chaingdtmov_g1_kprotection_i0_mreduced_qe6_r4d802_x0_s5em05_tau1em07_t25_ron60_u837_t2_vo_v_rel0_rs2700_rx100_none_none_p1_b0_r0d98_i0_tap0_ph0_gdc780_gimp1000_esd_am4000_t5em05_off10d0_reduced
,,1.581103526535408e-09,contact4k,3.4723052693507686e-08,e6_bbeb7b1c90d6bad8d020,412.69063769569425,r2a,am4000_chaingdtmov_g1_kprotection_i0_mreduced_qe6_r4d802_x0_s5em05_tau1em07_t25_ron60_u837_t2_vo_v_rel0_rs2700_rx100_none_none_p1_b0_r0d98_i0_tap0_ph0_gdc780_gimp1000_esd_am4000_t5em05_off10d0_reduced
,,1.581103526535407e-09,contact4k,3.472305269350769e-08,e6_bbeb7b1c90d6bad8d020,412.6906376956945,r2b,am4000_chaingdtmov_g1_kprotection_i0_mreduced_qe6_r4d802_x0_s5em05_tau1em07_t25_ron60_u837_t2_vo_v_rel0_rs2700_rx100_none_none_p1_b0_r0d98_i0_tap0_ph0_gdc780_gimp1000_esd_am4000_t5em05_off10d0_reduced
,,1.5811035265354076e-09,contact4k,3.472305269350773e-08,e6_bbeb7b1c90d6bad8d020,412.6906376956942,r3a,am4000_chaingdtmov_g1_kprotection_i0_mreduced_qe6_r4d802_x0_s5em05_tau1em07_t25_ron60_u837_t2_vo_v_rel0_rs2700_rx100_none_none_p1_b0_r0d98_i0_tap0_ph0_gdc780_gimp1000_esd_am4000_t5em05_off10d0_reduced
,,1.581103526535408e-09,contact4k,3.472305269350773e-08,e6_bbeb7b1c90d6bad8d020,412.6906376956942,r3b,am4000_chaingdtmov_g1_kprotection_i0_mreduced_qe6_r4d802_x0_s5em05_tau1em07_t25_ron60_u837_t2_vo_v_rel0_rs2700_rx100_none_none_p1_b0_r0d98_i0_tap0_ph0_gdc780_gimp1000_esd_am4000_t5em05_off10d0_reduced
,,0.0,contact4k,2.0407550973372142e-08,e6_bbeb7b1c90d6bad8d020,43.872827804072514,r910k,am4000_chaingdtmov_g1_kprotection_i0_mreduced_qe6_r4d802_x0_s5em05_tau1em07_t25_ron60_u837_t2_vo_v_rel0_rs2700_rx100_none_none_p1_b0_r0d98_i0_tap0_ph0_gdc780_gimp1000_esd_am4000_t5em05_off10d0_reduced
,,0.0,contact4k,2.2397593400378333e-09,e6_bbeb7b1c90d6bad8d020,4.817989136832129,r100k,am4000_chaingdtmov_g1_kprotection_i0_mreduced_qe6_r4d802_x0_s5em05_tau1em07_t25_ron60_u837_t2_vo_v_rel0_rs2700_rx100_none_none_p1_b0_r0d98_i0_tap0_ph0_gdc780_gimp1000_esd_am4000_t5em05_off10d0_reduced
0.0,1.5556437423259917e-09,,contact4k,1.97146675102682e-06,e6_bbeb7b1c90d6bad8d020,824.9015074843394,rc1,am4000_chaingdtmov_g1_kprotection_i0_mreduced_qe6_r4d802_x0_s5em05_tau1em07_t25_ron60_u837_t2_vo_v_rel0_rs2700_rx100_none_none_p1_b0_r0d98_i0_tap0_ph0_gdc780_gimp1000_esd_am4000_t5em05_off10d0_reduced
0.0,1.5556437423259915e-09,,contact4k,1.97146675102682e-06,e6_bbeb7b1c90d6bad8d020,824.9015074843385,rc2,am4000_chaingdtmov_g1_kprotection_i0_mreduced_qe6_r4d802_x0_s5em05_tau1em07_t25_ron60_u837_t2_vo_v_rel0_rs2700_rx100_none_none_p1_b0_r0d98_i0_tap0_ph0_gdc780_gimp1000_esd_am4000_t5em05_off10d0_reduced
0.0,1.5556437423259917e-09,,contact4k,1.97146675102682e-06,e6_bbeb7b1c90d6bad8d020,824.9015074843381,rc3,am4000_chaingdtmov_g1_kprotection_i0_mreduced_qe6_r4d802_x0_s5em05_tau1em07_t25_ron60_u837_t2_vo_v_rel0_rs2700_rx100_none_none_p1_b0_r0d98_i0_tap0_ph0_gdc780_gimp1000_esd_am4000_t5em05_off10d0_reduced
,,7.018204552557285e-11,contact4k,3.719883715120429e-08,e6_822e766bb4cbf83f7b8f,281.7432479441252,r1a,am4000_chaingdtmov_g1_kprotection_i0_mreduced_qe6_r4d802_x0_s5em05_tau1em09_t25_ron60_u838_t2_vo_v_rel0_rs2700_rx100_none_none_p0_b0_r0d98_i0_tap0_ph0_gdc420_gimp1000_esd_am4000_t5em05_off10d0_reduced
,,7.018204552557285e-11,contact4k,3.719883715120429e-08,e6_822e766bb4cbf83f7b8f,281.7432479441252,r1b,am4000_chaingdtmov_g1_kprotection_i0_mreduced_qe6_r4d802_x0_s5em05_tau1em09_t25_ron60_u838_t2_vo_v_rel0_rs2700_rx100_none_none_p0_b0_r0d98_i0_tap0_ph0_gdc420_gimp1000_esd_am4000_t5em05_off10d0_reduced
,,7.018204552557267e-11,contact4k,3.719883715120423e-08,e6_822e766bb4cbf83f7b8f,281.74324794410995,r2a,am4000_chaingdtmov_g1_kprotection_i0_mreduced_qe6_r4d802_x0_s5em05_tau1em09_t25_ron60_u838_t2_vo_v_rel0_rs2700_rx100_none_none_p0_b0_r0d98_i0_tap0_ph0_gdc420_gimp1000_esd_am4000_t5em05_off10d0_reduced
,,7.018204552557271e-11,contact4k,3.719883715120423e-08,e6_822e766bb4cbf83f7b8f,281.74324794410995,r2b,am4000_chaingdtmov_g1_kprotection_i0_mreduced_qe6_r4d802_x0_s5em05_tau1em09_t25_ron60_u838_t2_vo_v_rel0_rs2700_rx100_none_none_p0_b0_r0d98_i0_tap0_ph0_gdc420_gimp1000_esd_am4000_t5em05_off10d0_reduced
,,7.018204552557259e-11,contact4k,3.7198837151204274e-08,e6_822e766bb4cbf83f7b8f,281.74324794410217,r3a,am4000_chaingdtmov_g1_kprotection_i0_mreduced_qe6_r4d802_x0_s5em05_tau1em09_t25_ron60_u838_t2_vo_v_rel0_rs2700_rx100_none_none_p0_b0_r0d98_i0_tap0_ph0_gdc420_gimp1000_esd_am4000_t5em05_off10d0_reduced
,,7.018204552557262e-11,contact4k,3.7198837151204274e-08,e6_822e766bb4cbf83f7b8f,281.7432479441022,r3b,am4000_chaingdtmov_g1_kprotection_i0_mreduced_qe6_r4d802_x0_s5em05_tau1em09_t25_ron60_u838_t2_vo_v_rel0_rs2700_rx100_none_none_p0_b0_r0d98_i0_tap0_ph0_gdc420_gimp1000_esd_am4000_t5em05_off10d0_reduced
,,0.0,contact4k,2.1966340499712258e-08,e6_822e766bb4cbf83f7b8f,44.78912358016336,r910k,am4000_chaingdtmov_g1_kprotection_i0_mreduced_qe6_r4d802_x0_s5em05_tau1em09_t25_ron60_u838_t2_vo_v_rel0_rs2700_rx100_none_none_p0_b0_r0d98_i0_tap0_ph0_gdc420_gimp1000_esd_am4000_t5em05_off10d0_reduced
,,0.0,contact4k,1.2054323377456448e-10,e6_822e766bb4cbf83f7b8f,0.5609836536569301,r100k,am4000_chaingdtmov_g1_kprotection_i0_mreduced_qe6_r4d802_x0_s5em05_tau1em09_t25_ron60_u838_t2_vo_v_rel0_rs2700_rx100_none_none_p0_b0_r0d98_i0_tap0_ph0_gdc420_gimp1000_esd_am4000_t5em05_off10d0_reduced
0.0,7.014783662303973e-11,,contact4k,1.8034292279936042e-06,e6_822e766bb4cbf83f7b8f,563.3758006576895,rc1,am4000_chaingdtmov_g1_kprotection_i0_mreduced_qe6_r4d802_x0_s5em05_tau1em09_t25_ron60_u838_t2_vo_v_rel0_rs2700_rx100_none_none_p0_b0_r0d98_i0_tap0_ph0_gdc420_gimp1000_esd_am4000_t5em05_off10d0_reduced
0.0,7.014783662303957e-11,,contact4k,1.8034292279936042e-06,e6_822e766bb4cbf83f7b8f,563.375800657659,rc2,am4000_chaingdtmov_g1_kprotection_i0_mreduced_qe6_r4d802_x0_s5em05_tau1em09_t25_ron60_u838_t2_vo_v_rel0_rs2700_rx100_none_none_p0_b0_r0d98_i0_tap0_ph0_gdc420_gimp1000_esd_am4000_t5em05_off10d0_reduced
0.0,7.014783662303948e-11,,contact4k,1.803429227993604e-06,e6_822e766bb4cbf83f7b8f,563.3758006576436,rc3,am4000_chaingdtmov_g1_kprotection_i0_mreduced_qe6_r4d802_x0_s5em05_tau1em09_t25_ron60_u838_t2_vo_v_rel0_rs2700_rx100_none_none_p0_b0_r0d98_i0_tap0_ph0_gdc420_gimp1000_esd_am4000_t5em05_off10d0_reduced
,,1.6020482357316305e-09,contact4k,3.4942763057666365e-08,e6_9e85e7670c121ae616c1,420.2386379655909,r1a,am4000_chaingdtmov_g1_kprotection_i0_mreduced_qe6_r4d802_x0_s5em05_tau1em07_t25_ron60_u838_t2_vo_v_rel0_rs2700_rx100_none_none_p0_b0_r0d98_i0_tap0_ph0_gdc420_gimp1000_esd_am4000_t5em05_off10d0_reduced
,,1.6020482357316317e-09,contact4k,3.494276305766636e-08,e6_9e85e7670c121ae616c1,420.23863796559044,r1b,am4000_chaingdtmov_g1_kprotection_i0_mreduced_qe6_r4d802_x0_s5em05_tau1em07_t25_ron60_u838_t2_vo_v_rel0_rs2700_rx100_none_none_p0_b0_r0d98_i0_tap0_ph0_gdc420_gimp1000_esd_am4000_t5em05_off10d0_reduced
,,1.6020482357316325e-09,contact4k,3.4942763057666305e-08,e6_9e85e7670c121ae616c1,420.2386379655909,r2a,am4000_chaingdtmov_g1_kprotection_i0_mreduced_qe6_r4d802_x0_s5em05_tau1em07_t25_ron60_u838_t2_vo_v_rel0_rs2700_rx100_none_none_p0_b0_r0d98_i0_tap0_ph0_gdc420_gimp1000_esd_am4000_t5em05_off10d0_reduced
,,1.6020482357316325e-09,contact4k,3.4942763057666305e-08,e6_9e85e7670c121ae616c1,420.2386379655909,r2b,am4000_chaingdtmov_g1_kprotection_i0_mreduced_qe6_r4d802_x0_s5em05_tau1em07_t25_ron60_u838_t2_vo_v_rel0_rs2700_rx100_none_none_p0_b0_r0d98_i0_tap0_ph0_gdc420_gimp1000_esd_am4000_t5em05_off10d0_reduced
,,1.6020482357316313e-09,contact4k,3.4942763057666345e-08,e6_9e85e7670c121ae616c1,420.23863796559095,r3a,am4000_chaingdtmov_g1_kprotection_i0_mreduced_qe6_r4d802_x0_s5em05_tau1em07_t25_ron60_u838_t2_vo_v_rel0_rs2700_rx100_none_none_p0_b0_r0d98_i0_tap0_ph0_gdc420_gimp1000_esd_am4000_t5em05_off10d0_reduced
,,1.6020482357316313e-09,contact4k,3.4942763057666345e-08,e6_9e85e7670c121ae616c1,420.23863796559095,r3b,am4000_chaingdtmov_g1_kprotection_i0_mreduced_qe6_r4d802_x0_s5em05_tau1em07_t25_ron60_u838_t2_vo_v_rel0_rs2700_rx100_none_none_p0_b0_r0d98_i0_tap0_ph0_gdc420_gimp1000_esd_am4000_t5em05_off10d0_reduced
,,0.0,contact4k,2.0536139517717798e-08,e6_9e85e7670c121ae616c1,44.19978627136846,r910k,am4000_chaingdtmov_g1_kprotection_i0_mreduced_qe6_r4d802_x0_s5em05_tau1em07_t25_ron60_u838_t2_vo_v_rel0_rs2700_rx100_none_none_p0_b0_r0d98_i0_tap0_ph0_gdc420_gimp1000_esd_am4000_t5em05_off10d0_reduced
,,0.0,contact4k,1.2072641019932596e-10,e6_9e85e7670c121ae616c1,0.5631483797053616,r100k,am4000_chaingdtmov_g1_kprotection_i0_mreduced_qe6_r4d802_x0_s5em05_tau1em07_t25_ron60_u838_t2_vo_v_rel0_rs2700_rx100_none_none_p0_b0_r0d98_i0_tap0_ph0_gdc420_gimp1000_esd_am4000_t5em05_off10d0_reduced
0.0,1.571668819644521e-09,,contact4k,1.987729804293017e-06,e6_9e85e7670c121ae616c1,839.9854029215039,rc1,am4000_chaingdtmov_g1_kprotection_i0_mreduced_qe6_r4d802_x0_s5em05_tau1em07_t25_ron60_u838_t2_vo_v_rel0_rs2700_rx100_none_none_p0_b0_r0d98_i0_tap0_ph0_gdc420_gimp1000_esd_am4000_t5em05_off10d0_reduced
0.0,1.5716688196445213e-09,,contact4k,1.9877298042930164e-06,e6_9e85e7670c121ae616c1,839.9854029215044,rc2,am4000_chaingdtmov_g1_kprotection_i0_mreduced_qe6_r4d802_x0_s5em05_tau1em07_t25_ron60_u838_t2_vo_v_rel0_rs2700_rx100_none_none_p0_b0_r0d98_i0_tap0_ph0_gdc420_gimp1000_esd_am4000_t5em05_off10d0_reduced
0.0,1.5716688196445207e-09,,contact4k,1.987729804293017e-06,e6_9e85e7670c121ae616c1,839.9854029215045,rc3,am4000_chaingdtmov_g1_kprotection_i0_mreduced_qe6_r4d802_x0_s5em05_tau1em07_t25_ron60_u838_t2_vo_v_rel0_rs2700_rx100_none_none_p0_b0_r0d98_i0_tap0_ph0_gdc420_gimp1000_esd_am4000_t5em05_off10d0_reduced
,,7.018203094824628e-11,contact4k,3.7198837153493585e-08,e6_490dc82f698c00202060,281.7432738741163,r1a,am4000_chaingdtmov_g1_kprotection_i0_mreduced_qe6_r4d802_x0_s5em05_tau1em09_t25_ron60_u839_t2_vo_v_rel0_rs2700_rx100_none_none_p0_b0_r0d98_i0_tap0_ph0_gdc780_gimp1000_esd_am4000_t5em05_off10d0_reduced
,,7.018203094824628e-11,contact4k,3.7198837153493585e-08,e6_490dc82f698c00202060,281.7432738741163,r1b,am4000_chaingdtmov_g1_kprotection_i0_mreduced_qe6_r4d802_x0_s5em05_tau1em09_t25_ron60_u839_t2_vo_v_rel0_rs2700_rx100_none_none_p0_b0_r0d98_i0_tap0_ph0_gdc780_gimp1000_esd_am4000_t5em05_off10d0_reduced
,,7.018203094824609e-11,contact4k,3.719883715349353e-08,e6_490dc82f698c00202060,281.7432738741047,r2a,am4000_chaingdtmov_g1_kprotection_i0_mreduced_qe6_r4d802_x0_s5em05_tau1em09_t25_ron60_u839_t2_vo_v_rel0_rs2700_rx100_none_none_p0_b0_r0d98_i0_tap0_ph0_gdc780_gimp1000_esd_am4000_t5em05_off10d0_reduced
,,7.01820309482461e-11,contact4k,3.719883715349353e-08,e6_490dc82f698c00202060,281.7432738741047,r2b,am4000_chaingdtmov_g1_kprotection_i0_mreduced_qe6_r4d802_x0_s5em05_tau1em09_t25_ron60_u839_t2_vo_v_rel0_rs2700_rx100_none_none_p0_b0_r0d98_i0_tap0_ph0_gdc780_gimp1000_esd_am4000_t5em05_off10d0_reduced
,,7.0182030948246e-11,contact4k,3.719883715349357e-08,e6_490dc82f698c00202060,281.743273874099,r3a,am4000_chaingdtmov_g1_kprotection_i0_mreduced_qe6_r4d802_x0_s5em05_tau1em09_t25_ron60_u839_t2_vo_v_rel0_rs2700_rx100_none_none_p0_b0_r0d98_i0_tap0_ph0_gdc780_gimp1000_esd_am4000_t5em05_off10d0_reduced
,,7.018203094824598e-11,contact4k,3.719883715349357e-08,e6_490dc82f698c00202060,281.743273874099,r3b,am4000_chaingdtmov_g1_kprotection_i0_mreduced_qe6_r4d802_x0_s5em05_tau1em09_t25_ron60_u839_t2_vo_v_rel0_rs2700_rx100_none_none_p0_b0_r0d98_i0_tap0_ph0_gdc780_gimp1000_esd_am4000_t5em05_off10d0_reduced
,,0.0,contact4k,2.19663405012541e-08,e6_490dc82f698c00202060,44.78912358161916,r910k,am4000_chaingdtmov_g1_kprotection_i0_mreduced_qe6_r4d802_x0_s5em05_tau1em09_t25_ron60_u839_t2_vo_v_rel0_rs2700_rx100_none_none_p0_b0_r0d98_i0_tap0_ph0_gdc780_gimp1000_esd_am4000_t5em05_off10d0_reduced
,,0.0,contact4k,1.2054323377507625e-10,e6_490dc82f698c00202060,0.5609836536532976,r100k,am4000_chaingdtmov_g1_kprotection_i0_mreduced_qe6_r4d802_x0_s5em05_tau1em09_t25_ron60_u839_t2_vo_v_rel0_rs2700_rx100_none_none_p0_b0_r0d98_i0_tap0_ph0_gdc780_gimp1000_esd_am4000_t5em05_off10d0_reduced
0.0,7.014782200017346e-11,,contact4k,1.8034292275352916e-06,e6_490dc82f698c00202060,563.3758525167484,rc1,am4000_chaingdtmov_g1_kprotection_i0_mreduced_qe6_r4d802_x0_s5em05_tau1em09_t25_ron60_u839_t2_vo_v_rel0_rs2700_rx100_none_none_p0_b0_r0d98_i0_tap0_ph0_gdc780_gimp1000_esd_am4000_t5em05_off10d0_reduced
0.0,7.014782200017328e-11,,contact4k,1.8034292275352916e-06,e6_490dc82f698c00202060,563.3758525167253,rc2,am4000_chaingdtmov_g1_kprotection_i0_mreduced_qe6_r4d802_x0_s5em05_tau1em09_t25_ron60_u839_t2_vo_v_rel0_rs2700_rx100_none_none_p0_b0_r0d98_i0_tap0_ph0_gdc780_gimp1000_esd_am4000_t5em05_off10d0_reduced
0.0,7.014782200017316e-11,,contact4k,1.8034292275352916e-06,e6_490dc82f698c00202060,563.3758525167137,rc3,am4000_chaingdtmov_g1_kprotection_i0_mreduced_qe6_r4d802_x0_s5em05_tau1em09_t25_ron60_u839_t2_vo_v_rel0_rs2700_rx100_none_none_p0_b0_r0d98_i0_tap0_ph0_gdc780_gimp1000_esd_am4000_t5em05_off10d0_reduced
,,1.6020482357316015e-09,contact4k,3.4942763057666365e-08,e6_eacb9cfc92061dd5e792,420.2386379655859,r1a,am4000_chaingdtmov_g1_kprotection_i0_mreduced_qe6_r4d802_x0_s5em05_tau1em07_t25_ron60_u839_t2_vo_v_rel0_rs2700_rx100_none_none_p0_b0_r0d98_i0_tap0_ph0_gdc780_gimp1000_esd_am4000_t5em05_off10d0_reduced
,,1.6020482357316044e-09,contact4k,3.4942763057666365e-08,e6_eacb9cfc92061dd5e792,420.2386379655861,r1b,am4000_chaingdtmov_g1_kprotection_i0_mreduced_qe6_r4d802_x0_s5em05_tau1em07_t25_ron60_u839_t2_vo_v_rel0_rs2700_rx100_none_none_p0_b0_r0d98_i0_tap0_ph0_gdc780_gimp1000_esd_am4000_t5em05_off10d0_reduced
,,1.6020482357316013e-09,contact4k,3.49427630576663e-08,e6_eacb9cfc92061dd5e792,420.2386379655852,r2a,am4000_chaingdtmov_g1_kprotection_i0_mreduced_qe6_r4d802_x0_s5em05_tau1em07_t25_ron60_u839_t2_vo_v_rel0_rs2700_rx100_none_none_p0_b0_r0d98_i0_tap0_ph0_gdc780_gimp1000_esd_am4000_t5em05_off10d0_reduced
,,1.6020482357316017e-09,contact4k,3.49427630576663e-08,e6_eacb9cfc92061dd5e792,420.2386379655852,r2b,am4000_chaingdtmov_g1_kprotection_i0_mreduced_qe6_r4d802_x0_s5em05_tau1em07_t25_ron60_u839_t2_vo_v_rel0_rs2700_rx100_none_none_p0_b0_r0d98_i0_tap0_ph0_gdc780_gimp1000_esd_am4000_t5em05_off10d0_reduced
,,1.602048235731602e-09,contact4k,3.4942763057666345e-08,e6_eacb9cfc92061dd5e792,420.2386379655849,r3a,am4000_chaingdtmov_g1_kprotection_i0_mreduced_qe6_r4d802_x0_s5em05_tau1em07_t25_ron60_u839_t2_vo_v_rel0_rs2700_rx100_none_none_p0_b0_r0d98_i0_tap0_ph0_gdc780_gimp1000_esd_am4000_t5em05_off10d0_reduced
,,1.6020482357316013e-09,contact4k,3.4942763057666345e-08,e6_eacb9cfc92061dd5e792,420.238637965585,r3b,am4000_chaingdtmov_g1_kprotection_i0_mreduced_qe6_r4d802_x0_s5em05_tau1em07_t25_ron60_u839_t2_vo_v_rel0_rs2700_rx100_none_none_p0_b0_r0d98_i0_tap0_ph0_gdc780_gimp1000_esd_am4000_t5em05_off10d0_reduced
,,0.0,contact4k,2.0536139517717794e-08,e6_eacb9cfc92061dd5e792,44.19978627136845,r910k,am4000_chaingdtmov_g1_kprotection_i0_mreduced_qe6_r4d802_x0_s5em05_tau1em07_t25_ron60_u839_t2_vo_v_rel0_rs2700_rx100_none_none_p0_b0_r0d98_i0_tap0_ph0_gdc780_gimp1000_esd_am4000_t5em05_off10d0_reduced
,,0.0,contact4k,1.2072641019932596e-10,e6_eacb9cfc92061dd5e792,0.5631483797053615,r100k,am4000_chaingdtmov_g1_kprotection_i0_mreduced_qe6_r4d802_x0_s5em05_tau1em07_t25_ron60_u839_t2_vo_v_rel0_rs2700_rx100_none_none_p0_b0_r0d98_i0_tap0_ph0_gdc780_gimp1000_esd_am4000_t5em05_off10d0_reduced
0.0,1.571668819644492e-09,,contact4k,1.987729804293015e-06,e6_eacb9cfc92061dd5e792,839.9854029214946,rc1,am4000_chaingdtmov_g1_kprotection_i0_mreduced_qe6_r4d802_x0_s5em05_tau1em07_t25_ron60_u839_t2_vo_v_rel0_rs2700_rx100_none_none_p0_b0_r0d98_i0_tap0_ph0_gdc780_gimp1000_esd_am4000_t5em05_off10d0_reduced
0.0,1.571668819644491e-09,,contact4k,1.987729804293015e-06,e6_eacb9cfc92061dd5e792,839.985402921493,rc2,am4000_chaingdtmov_g1_kprotection_i0_mreduced_qe6_r4d802_x0_s5em05_tau1em07_t25_ron60_u839_t2_vo_v_rel0_rs2700_rx100_none_none_p0_b0_r0d98_i0_tap0_ph0_gdc780_gimp1000_esd_am4000_t5em05_off10d0_reduced
0.0,1.5716688196444907e-09,,contact4k,1.987729804293015e-06,e6_eacb9cfc92061dd5e792,839.9854029214926,rc3,am4000_chaingdtmov_g1_kprotection_i0_mreduced_qe6_r4d802_x0_s5em05_tau1em07_t25_ron60_u839_t2_vo_v_rel0_rs2700_rx100_none_none_p0_b0_r0d98_i0_tap0_ph0_gdc780_gimp1000_esd_am4000_t5em05_off10d0_reduced
,,7.018204563914386e-11,contact4k,3.7198837154782114e-08,e6_717a6ac27d5074ddf508,281.74324812794885,r1a,am4000_chaingdtmov_g1_kprotection_i0_mreduced_qe6_r4d802_x0_s5em05_tau1em09_t25_ron60_u840_t2_vo_v_rel0_rs2700_rx100_none_none_p0_b1_r0d98_i0_tap0_ph0_gdc420_gimp1000_esd_am4000_t5em05_off10d0_reduced
,,7.018204563914384e-11,contact4k,3.7198837154782114e-08,e6_717a6ac27d5074ddf508,281.7432481279486,r1b,am4000_chaingdtmov_g1_kprotection_i0_mreduced_qe6_r4d802_x0_s5em05_tau1em09_t25_ron60_u840_t2_vo_v_rel0_rs2700_rx100_none_none_p0_b1_r0d98_i0_tap0_ph0_gdc420_gimp1000_esd_am4000_t5em05_off10d0_reduced
,,7.018204563914334e-11,contact4k,3.719883715478219e-08,e6_717a6ac27d5074ddf508,281.7432481279295,r2a,am4000_chaingdtmov_g1_kprotection_i0_mreduced_qe6_r4d802_x0_s5em05_tau1em09_t25_ron60_u840_t2_vo_v_rel0_rs2700_rx100_none_none_p0_b1_r0d98_i0_tap0_ph0_gdc420_gimp1000_esd_am4000_t5em05_off10d0_reduced
,,7.018204563914336e-11,contact4k,3.7198837154782194e-08,e6_717a6ac27d5074ddf508,281.7432481279294,r2b,am4000_chaingdtmov_g1_kprotection_i0_mreduced_qe6_r4d802_x0_s5em05_tau1em09_t25_ron60_u840_t2_vo_v_rel0_rs2700_rx100_none_none_p0_b1_r0d98_i0_tap0_ph0_gdc420_gimp1000_esd_am4000_t5em05_off10d0_reduced
,,7.018204563914299e-11,contact4k,3.719883715478231e-08,e6_717a6ac27d5074ddf508,281.74324812792105,r3a,am4000_chaingdtmov_g1_kprotection_i0_mreduced_qe6_r4d802_x0_s5em05_tau1em09_t25_ron60_u840_t2_vo_v_rel0_rs2700_rx100_none_none_p0_b1_r0d98_i0_tap0_ph0_gdc420_gimp1000_esd_am4000_t5em05_off10d0_reduced
,,7.018204563914299e-11,contact4k,3.719883715478231e-08,e6_717a6ac27d5074ddf508,281.7432481279211,r3b,am4000_chaingdtmov_g1_kprotection_i0_mreduced_qe6_r4d802_x0_s5em05_tau1em09_t25_ron60_u840_t2_vo_v_rel0_rs2700_rx100_none_none_p0_b1_r0d98_i0_tap0_ph0_gdc420_gimp1000_esd_am4000_t5em05_off10d0_reduced
,,0.0,contact4k,2.1966340501870355e-08,e6_717a6ac27d5074ddf508,44.789123580127196,r910k,am4000_chaingdtmov_g1_kprotection_i0_mreduced_qe6_r4d802_x0_s5em05_tau1em09_t25_ron60_u840_t2_vo_v_rel0_rs2700_rx100_none_none_p0_b1_r0d98_i0_tap0_ph0_gdc420_gimp1000_esd_am4000_t5em05_off10d0_reduced
,,0.0,contact4k,1.2054324275444595e-10,e6_717a6ac27d5074ddf508,0.5609836537528261,r100k,am4000_chaingdtmov_g1_kprotection_i0_mreduced_qe6_r4d802_x0_s5em05_tau1em09_t25_ron60_u840_t2_vo_v_rel0_rs2700_rx100_none_none_p0_b1_r0d98_i0_tap0_ph0_gdc420_gimp1000_esd_am4000_t5em05_off10d0_reduced
0.0,7.014783673659343e-11,,contact4k,1.8034292279979213e-06,e6_717a6ac27d5074ddf508,563.3758010251527,rc1,am4000_chaingdtmov_g1_kprotection_i0_mreduced_qe6_r4d802_x0_s5em05_tau1em09_t25_ron60_u840_t2_vo_v_rel0_rs2700_rx100_none_none_p0_b1_r0d98_i0_tap0_ph0_gdc420_gimp1000_esd_am4000_t5em05_off10d0_reduced
0.0,7.014783673659294e-11,,contact4k,1.803429227997921e-06,e6_717a6ac27d5074ddf508,563.375801025114,rc2,am4000_chaingdtmov_g1_kprotection_i0_mreduced_qe6_r4d802_x0_s5em05_tau1em09_t25_ron60_u840_t2_vo_v_rel0_rs2700_rx100_none_none_p0_b1_r0d98_i0_tap0_ph0_gdc420_gimp1000_esd_am4000_t5em05_off10d0_reduced
0.0,7.014783673659258e-11,,contact4k,1.8034292279979213e-06,e6_717a6ac27d5074ddf508,563.3758010250973,rc3,am4000_chaingdtmov_g1_kprotection_i0_mreduced_qe6_r4d802_x0_s5em05_tau1em09_t25_ron60_u840_t2_vo_v_rel0_rs2700_rx100_none_none_p0_b1_r0d98_i0_tap0_ph0_gdc420_gimp1000_esd_am4000_t5em05_off10d0_reduced
,,1.6020482358081928e-09,contact4k,3.494276306112693e-08,e6_458a9c1d3f5a556ebe10,420.2386380074613,r1a,am4000_chaingdtmov_g1_kprotection_i0_mreduced_qe6_r4d802_x0_s5em05_tau1em07_t25_ron60_u840_t2_vo_v_rel0_rs2700_rx100_none_none_p0_b1_r0d98_i0_tap0_ph0_gdc420_gimp1000_esd_am4000_t5em05_off10d0_reduced
,,1.6020482358081918e-09,contact4k,3.494276306112693e-08,e6_458a9c1d3f5a556ebe10,420.23863800746153,r1b,am4000_chaingdtmov_g1_kprotection_i0_mreduced_qe6_r4d802_x0_s5em05_tau1em07_t25_ron60_u840_t2_vo_v_rel0_rs2700_rx100_none_none_p0_b1_r0d98_i0_tap0_ph0_gdc420_gimp1000_esd_am4000_t5em05_off10d0_reduced
,,1.6020482358081906e-09,contact4k,3.4942763061127e-08,e6_458a9c1d3f5a556ebe10,420.23863800746085,r2a,am4000_chaingdtmov_g1_kprotection_i0_mreduced_qe6_r4d802_x0_s5em05_tau1em07_t25_ron60_u840_t2_vo_v_rel0_rs2700_rx100_none_none_p0_b1_r0d98_i0_tap0_ph0_gdc420_gimp1000_esd_am4000_t5em05_off10d0_reduced
,,1.6020482358081906e-09,contact4k,3.4942763061127e-08,e6_458a9c1d3f5a556ebe10,420.23863800746096,r2b,am4000_chaingdtmov_g1_kprotection_i0_mreduced_qe6_r4d802_x0_s5em05_tau1em07_t25_ron60_u840_t2_vo_v_rel0_rs2700_rx100_none_none_p0_b1_r0d98_i0_tap0_ph0_gdc420_gimp1000_esd_am4000_t5em05_off10d0_reduced
,,1.6020482358081897e-09,contact4k,3.494276306112712e-08,e6_458a9c1d3f5a556ebe10,420.2386380074605,r3a,am4000_chaingdtmov_g1_kprotection_i0_mreduced_qe6_r4d802_x0_s5em05_tau1em07_t25_ron60_u840_t2_vo_v_rel0_rs2700_rx100_none_none_p0_b1_r0d98_i0_tap0_ph0_gdc420_gimp1000_esd_am4000_t5em05_off10d0_reduced
,,1.6020482358081895e-09,contact4k,3.494276306112712e-08,e6_458a9c1d3f5a556ebe10,420.23863800746045,r3b,am4000_chaingdtmov_g1_kprotection_i0_mreduced_qe6_r4d802_x0_s5em05_tau1em07_t25_ron60_u840_t2_vo_v_rel0_rs2700_rx100_none_none_p0_b1_r0d98_i0_tap0_ph0_gdc420_gimp1000_esd_am4000_t5em05_off10d0_reduced
,,0.0,contact4k,2.053613951980043e-08,e6_458a9c1d3f5a556ebe10,44.19978627133145,r910k,am4000_chaingdtmov_g1_kprotection_i0_mreduced_qe6_r4d802_x0_s5em05_tau1em07_t25_ron60_u840_t2_vo_v_rel0_rs2700_rx100_none_none_p0_b1_r0d98_i0_tap0_ph0_gdc420_gimp1000_esd_am4000_t5em05_off10d0_reduced
,,0.0,contact4k,1.2072641919492587e-10,e6_458a9c1d3f5a556ebe10,0.5631483797966114,r100k,am4000_chaingdtmov_g1_kprotection_i0_mreduced_qe6_r4d802_x0_s5em05_tau1em07_t25_ron60_u840_t2_vo_v_rel0_rs2700_rx100_none_none_p0_b1_r0d98_i0_tap0_ph0_gdc420_gimp1000_esd_am4000_t5em05_off10d0_reduced
0.0,1.5716688197202317e-09,,contact4k,1.987729804311481e-06,e6_458a9c1d3f5a556ebe10,839.9854030050442,rc1,am4000_chaingdtmov_g1_kprotection_i0_mreduced_qe6_r4d802_x0_s5em05_tau1em07_t25_ron60_u840_t2_vo_v_rel0_rs2700_rx100_none_none_p0_b1_r0d98_i0_tap0_ph0_gdc420_gimp1000_esd_am4000_t5em05_off10d0_reduced
0.0,1.5716688197202311e-09,,contact4k,1.9877298043114804e-06,e6_458a9c1d3f5a556ebe10,839.985403005043,rc2,am4000_chaingdtmov_g1_kprotection_i0_mreduced_qe6_r4d802_x0_s5em05_tau1em07_t25_ron60_u840_t2_vo_v_rel0_rs2700_rx100_none_none_p0_b1_r0d98_i0_tap0_ph0_gdc420_gimp1000_esd_am4000_t5em05_off10d0_reduced
0.0,1.571668819720231e-09,,contact4k,1.987729804311481e-06,e6_458a9c1d3f5a556ebe10,839.9854030050421,rc3,am4000_chaingdtmov_g1_kprotection_i0_mreduced_qe6_r4d802_x0_s5em05_tau1em07_t25_ron60_u840_t2_vo_v_rel0_rs2700_rx100_none_none_p0_b1_r0d98_i0_tap0_ph0_gdc420_gimp1000_esd_am4000_t5em05_off10d0_reduced
,,7.01820310618195e-11,contact4k,3.7198837157071426e-08,e6_5724cb96a695959d086d,281.74327405793724,r1a,am4000_chaingdtmov_g1_kprotection_i0_mreduced_qe6_r4d802_x0_s5em05_tau1em09_t25_ron60_u841_t2_vo_v_rel0_rs2700_rx100_none_none_p0_b1_r0d98_i0_tap0_ph0_gdc780_gimp1000_esd_am4000_t5em05_off10d0_reduced
,,7.01820310618195e-11,contact4k,3.7198837157071426e-08,e6_5724cb96a695959d086d,281.74327405793747,r1b,am4000_chaingdtmov_g1_kprotection_i0_mreduced_qe6_r4d802_x0_s5em05_tau1em09_t25_ron60_u841_t2_vo_v_rel0_rs2700_rx100_none_none_p0_b1_r0d98_i0_tap0_ph0_gdc780_gimp1000_esd_am4000_t5em05_off10d0_reduced
,,7.01820310618192e-11,contact4k,3.7198837157071505e-08,e6_5724cb96a695959d086d,281.7432740579218,r2a,am4000_chaingdtmov_g1_kprotection_i0_mreduced_qe6_r4d802_x0_s5em05_tau1em09_t25_ron60_u841_t2_vo_v_rel0_rs2700_rx100_none_none_p0_b1_r0d98_i0_tap0_ph0_gdc780_gimp1000_esd_am4000_t5em05_off10d0_reduced
,,7.018203106181924e-11,contact4k,3.7198837157071505e-08,e6_5724cb96a695959d086d,281.7432740579218,r2b,am4000_chaingdtmov_g1_kprotection_i0_mreduced_qe6_r4d802_x0_s5em05_tau1em09_t25_ron60_u841_t2_vo_v_rel0_rs2700_rx100_none_none_p0_b1_r0d98_i0_tap0_ph0_gdc780_gimp1000_esd_am4000_t5em05_off10d0_reduced
,,7.018203106181917e-11,contact4k,3.719883715707164e-08,e6_5724cb96a695959d086d,281.7432740579154,r3a,am4000_chaingdtmov_g1_kprotection_i0_mreduced_qe6_r4d802_x0_s5em05_tau1em09_t25_ron60_u841_t2_vo_v_rel0_rs2700_rx100_none_none_p0_b1_r0d98_i0_tap0_ph0_gdc780_gimp1000_esd_am4000_t5em05_off10d0_reduced
,,7.018203106181919e-11,contact4k,3.719883715707164e-08,e6_5724cb96a695959d086d,281.7432740579154,r3b,am4000_chaingdtmov_g1_kprotection_i0_mreduced_qe6_r4d802_x0_s5em05_tau1em09_t25_ron60_u841_t2_vo_v_rel0_rs2700_rx100_none_none_p0_b1_r0d98_i0_tap0_ph0_gdc780_gimp1000_esd_am4000_t5em05_off10d0_reduced
,,0.0,contact4k,2.19663405034122e-08,e6_5724cb96a695959d086d,44.78912358158302,r910k,am4000_chaingdtmov_g1_kprotection_i0_mreduced_qe6_r4d802_x0_s5em05_tau1em09_t25_ron60_u841_t2_vo_v_rel0_rs2700_rx100_none_none_p0_b1_r0d98_i0_tap0_ph0_gdc780_gimp1000_esd_am4000_t5em05_off10d0_reduced
,,0.0,contact4k,1.2054324275495774e-10,e6_5724cb96a695959d086d,0.5609836537491937,r100k,am4000_chaingdtmov_g1_kprotection_i0_mreduced_qe6_r4d802_x0_s5em05_tau1em09_t25_ron60_u841_t2_vo_v_rel0_rs2700_rx100_none_none_p0_b1_r0d98_i0_tap0_ph0_gdc780_gimp1000_esd_am4000_t5em05_off10d0_reduced
0.0,7.014782211372935e-11,,contact4k,1.8034292275396087e-06,e6_5724cb96a695959d086d,563.3758528842063,rc1,am4000_chaingdtmov_g1_kprotection_i0_mreduced_qe6_r4d802_x0_s5em05_tau1em09_t25_ron60_u841_t2_vo_v_rel0_rs2700_rx100_none_none_p0_b1_r0d98_i0_tap0_ph0_gdc780_gimp1000_esd_am4000_t5em05_off10d0_reduced
0.0,7.01478221137291e-11,,contact4k,1.8034292275396087e-06,e6_5724cb96a695959d086d,563.3758528841753,rc2,am4000_chaingdtmov_g1_kprotection_i0_mreduced_qe6_r4d802_x0_s5em05_tau1em09_t25_ron60_u841_t2_vo_v_rel0_rs2700_rx100_none_none_p0_b1_r0d98_i0_tap0_ph0_gdc780_gimp1000_esd_am4000_t5em05_off10d0_reduced
0.0,7.014782211372907e-11,,contact4k,1.803429227539609e-06,e6_5724cb96a695959d086d,563.3758528841626,rc3,am4000_chaingdtmov_g1_kprotection_i0_mreduced_qe6_r4d802_x0_s5em05_tau1em09_t25_ron60_u841_t2_vo_v_rel0_rs2700_rx100_none_none_p0_b1_r0d98_i0_tap0_ph0_gdc780_gimp1000_esd_am4000_t5em05_off10d0_reduced
,,1.6020482358081924e-09,contact4k,3.494276306112692e-08,e6_d097544eb1d5a7fe6830,420.2386380074563,r1a,am4000_chaingdtmov_g1_kprotection_i0_mreduced_qe6_r4d802_x0_s5em05_tau1em07_t25_ron60_u841_t2_vo_v_rel0_rs2700_rx100_none_none_p0_b1_r0d98_i0_tap0_ph0_gdc780_gimp1000_esd_am4000_t5em05_off10d0_reduced
,,1.6020482358081939e-09,contact4k,3.494276306112692e-08,e6_d097544eb1d5a7fe6830,420.2386380074563,r1b,am4000_chaingdtmov_g1_kprotection_i0_mreduced_qe6_r4d802_x0_s5em05_tau1em07_t25_ron60_u841_t2_vo_v_rel0_rs2700_rx100_none_none_p0_b1_r0d98_i0_tap0_ph0_gdc780_gimp1000_esd_am4000_t5em05_off10d0_reduced
,,1.6020482358081914e-09,contact4k,3.4942763061127e-08,e6_d097544eb1d5a7fe6830,420.2386380074556,r2a,am4000_chaingdtmov_g1_kprotection_i0_mreduced_qe6_r4d802_x0_s5em05_tau1em07_t25_ron60_u841_t2_vo_v_rel0_rs2700_rx100_none_none_p0_b1_r0d98_i0_tap0_ph0_gdc780_gimp1000_esd_am4000_t5em05_off10d0_reduced
,,1.602048235808191e-09,contact4k,3.4942763061127e-08,e6_d097544eb1d5a7fe6830,420.23863800745573,r2b,am4000_chaingdtmov_g1_kprotection_i0_mreduced_qe6_r4d802_x0_s5em05_tau1em07_t25_ron60_u841_t2_vo_v_rel0_rs2700_rx100_none_none_p0_b1_r0d98_i0_tap0_ph0_gdc780_gimp1000_esd_am4000_t5em05_off10d0_reduced
,,1.602048235808191e-09,contact4k,3.4942763061127116e-08,e6_d097544eb1d5a7fe6830,420.23863800745517,r3a,am4000_chaingdtmov_g1_kprotection_i0_mreduced_qe6_r4d802_x0_s5em05_tau1em07_t25_ron60_u841_t2_vo_v_rel0_rs2700_rx100_none_none_p0_b1_r0d98_i0_tap0_ph0_gdc780_gimp1000_esd_am4000_t5em05_off10d0_reduced
,,1.6020482358081908e-09,contact4k,3.4942763061127116e-08,e6_d097544eb1d5a7fe6830,420.23863800745517,r3b,am4000_chaingdtmov_g1_kprotection_i0_mreduced_qe6_r4d802_x0_s5em05_tau1em07_t25_ron60_u841_t2_vo_v_rel0_rs2700_rx100_none_none_p0_b1_r0d98_i0_tap0_ph0_gdc780_gimp1000_esd_am4000_t5em05_off10d0_reduced
,,0.0,contact4k,2.0536139519800427e-08,e6_d097544eb1d5a7fe6830,44.19978627133145,r910k,am4000_chaingdtmov_g1_kprotection_i0_mreduced_qe6_r4d802_x0_s5em05_tau1em07_t25_ron60_u841_t2_vo_v_rel0_rs2700_rx100_none_none_p0_b1_r0d98_i0_tap0_ph0_gdc780_gimp1000_esd_am4000_t5em05_off10d0_reduced
,,0.0,contact4k,1.2072641919492585e-10,e6_d097544eb1d5a7fe6830,0.5631483797966113,r100k,am4000_chaingdtmov_g1_kprotection_i0_mreduced_qe6_r4d802_x0_s5em05_tau1em07_t25_ron60_u841_t2_vo_v_rel0_rs2700_rx100_none_none_p0_b1_r0d98_i0_tap0_ph0_gdc780_gimp1000_esd_am4000_t5em05_off10d0_reduced
0.0,1.5716688197202342e-09,,contact4k,1.987729804311477e-06,e6_d097544eb1d5a7fe6830,839.985403005034,rc1,am4000_chaingdtmov_g1_kprotection_i0_mreduced_qe6_r4d802_x0_s5em05_tau1em07_t25_ron60_u841_t2_vo_v_rel0_rs2700_rx100_none_none_p0_b1_r0d98_i0_tap0_ph0_gdc780_gimp1000_esd_am4000_t5em05_off10d0_reduced
0.0,1.5716688197202328e-09,,contact4k,1.987729804311477e-06,e6_d097544eb1d5a7fe6830,839.9854030050326,rc2,am4000_chaingdtmov_g1_kprotection_i0_mreduced_qe6_r4d802_x0_s5em05_tau1em07_t25_ron60_u841_t2_vo_v_rel0_rs2700_rx100_none_none_p0_b1_r0d98_i0_tap0_ph0_gdc780_gimp1000_esd_am4000_t5em05_off10d0_reduced
0.0,1.571668819720233e-09,,contact4k,1.987729804311477e-06,e6_d097544eb1d5a7fe6830,839.9854030050316,rc3,am4000_chaingdtmov_g1_kprotection_i0_mreduced_qe6_r4d802_x0_s5em05_tau1em07_t25_ron60_u841_t2_vo_v_rel0_rs2700_rx100_none_none_p0_b1_r0d98_i0_tap0_ph0_gdc780_gimp1000_esd_am4000_t5em05_off10d0_reduced
,,6.67886655687575e-11,contact4k,3.6980756340042826e-08,e6_7545d59997d7a62e7e89,276.6568818649773,r1a,am4000_chaingdtmov_g1_kprotection_i0_mreduced_qe6_r4d9_x0_s5em05_tau1em09_t25_ron60_u842_t2_vo_v_rel0_rs2700_rx100_none_none_p1_b0_r1_i0_tap0_ph0_gdc420_gimp1000_esd_am4000_t5em05_off10d0_reduced
,,6.678866556875748e-11,contact4k,3.6980756340042826e-08,e6_7545d59997d7a62e7e89,276.6568818649773,r1b,am4000_chaingdtmov_g1_kprotection_i0_mreduced_qe6_r4d9_x0_s5em05_tau1em09_t25_ron60_u842_t2_vo_v_rel0_rs2700_rx100_none_none_p1_b0_r1_i0_tap0_ph0_gdc420_gimp1000_esd_am4000_t5em05_off10d0_reduced
,,6.678866556875661e-11,contact4k,3.69807563400429e-08,e6_7545d59997d7a62e7e89,276.65688186495913,r2a,am4000_chaingdtmov_g1_kprotection_i0_mreduced_qe6_r4d9_x0_s5em05_tau1em09_t25_ron60_u842_t2_vo_v_rel0_rs2700_rx100_none_none_p1_b0_r1_i0_tap0_ph0_gdc420_gimp1000_esd_am4000_t5em05_off10d0_reduced
,,6.67886655687566e-11,contact4k,3.69807563400429e-08,e6_7545d59997d7a62e7e89,276.656881864959,r2b,am4000_chaingdtmov_g1_kprotection_i0_mreduced_qe6_r4d9_x0_s5em05_tau1em09_t25_ron60_u842_t2_vo_v_rel0_rs2700_rx100_none_none_p1_b0_r1_i0_tap0_ph0_gdc420_gimp1000_esd_am4000_t5em05_off10d0_reduced
,,6.678866556875619e-11,contact4k,3.698075634004296e-08,e6_7545d59997d7a62e7e89,276.65688186494987,r3a,am4000_chaingdtmov_g1_kprotection_i0_mreduced_qe6_r4d9_x0_s5em05_tau1em09_t25_ron60_u842_t2_vo_v_rel0_rs2700_rx100_none_none_p1_b0_r1_i0_tap0_ph0_gdc420_gimp1000_esd_am4000_t5em05_off10d0_reduced
,,6.678866556875619e-11,contact4k,3.698075634004296e-08,e6_7545d59997d7a62e7e89,276.65688186494987,r3b,am4000_chaingdtmov_g1_kprotection_i0_mreduced_qe6_r4d9_x0_s5em05_tau1em09_t25_ron60_u842_t2_vo_v_rel0_rs2700_rx100_none_none_p1_b0_r1_i0_tap0_ph0_gdc420_gimp1000_esd_am4000_t5em05_off10d0_reduced
,,0.0,contact4k,2.1837330845438982e-08,e6_7545d59997d7a62e7e89,44.441794851240374,r910k,am4000_chaingdtmov_g1_kprotection_i0_mreduced_qe6_r4d9_x0_s5em05_tau1em09_t25_ron60_u842_t2_vo_v_rel0_rs2700_rx100_none_none_p1_b0_r1_i0_tap0_ph0_gdc420_gimp1000_esd_am4000_t5em05_off10d0_reduced
,,0.0,contact4k,2.396680200787843e-09,e6_7545d59997d7a62e7e89,4.880472979426358,r100k,am4000_chaingdtmov_g1_kprotection_i0_mreduced_qe6_r4d9_x0_s5em05_tau1em09_t25_ron60_u842_t2_vo_v_rel0_rs2700_rx100_none_none_p1_b0_r1_i0_tap0_ph0_gdc420_gimp1000_esd_am4000_t5em05_off10d0_reduced
0.0,6.675442393154714e-11,,contact4k,1.7912520025525747e-06,e6_7545d59997d7a62e7e89,553.2077008577307,rc1,am4000_chaingdtmov_g1_kprotection_i0_mreduced_qe6_r4d9_x0_s5em05_tau1em09_t25_ron60_u842_t2_vo_v_rel0_rs2700_rx100_none_none_p1_b0_r1_i0_tap0_ph0_gdc420_gimp1000_esd_am4000_t5em05_off10d0_reduced
0.0,6.675442393154628e-11,,contact4k,1.791252002552575e-06,e6_7545d59997d7a62e7e89,553.2077008576941,rc2,am4000_chaingdtmov_g1_kprotection_i0_mreduced_qe6_r4d9_x0_s5em05_tau1em09_t25_ron60_u842_t2_vo_v_rel0_rs2700_rx100_none_none_p1_b0_r1_i0_tap0_ph0_gdc420_gimp1000_esd_am4000_t5em05_off10d0_reduced
0.0,6.675442393154584e-11,,contact4k,1.791252002552575e-06,e6_7545d59997d7a62e7e89,553.2077008576757,rc3,am4000_chaingdtmov_g1_kprotection_i0_mreduced_qe6_r4d9_x0_s5em05_tau1em09_t25_ron60_u842_t2_vo_v_rel0_rs2700_rx100_none_none_p1_b0_r1_i0_tap0_ph0_gdc420_gimp1000_esd_am4000_t5em05_off10d0_reduced
,,1.5810487951116373e-09,contact4k,3.4735190318912677e-08,e6_bb00f5b2a496bfa14622,412.695458967009,r1a,am4000_chaingdtmov_g1_kprotection_i0_mreduced_qe6_r4d9_x0_s5em05_tau1em07_t25_ron60_u842_t2_vo_v_rel0_rs2700_rx100_none_none_p1_b0_r1_i0_tap0_ph0_gdc420_gimp1000_esd_am4000_t5em05_off10d0_reduced
,,1.5810487951116373e-09,contact4k,3.4735190318912677e-08,e6_bb00f5b2a496bfa14622,412.69545896700924,r1b,am4000_chaingdtmov_g1_kprotection_i0_mreduced_qe6_r4d9_x0_s5em05_tau1em07_t25_ron60_u842_t2_vo_v_rel0_rs2700_rx100_none_none_p1_b0_r1_i0_tap0_ph0_gdc420_gimp1000_esd_am4000_t5em05_off10d0_reduced
,,1.5810487951116387e-09,contact4k,3.4735190318912756e-08,e6_bb00f5b2a496bfa14622,412.695458967009,r2a,am4000_chaingdtmov_g1_kprotection_i0_mreduced_qe6_r4d9_x0_s5em05_tau1em07_t25_ron60_u842_t2_vo_v_rel0_rs2700_rx100_none_none_p1_b0_r1_i0_tap0_ph0_gdc420_gimp1000_esd_am4000_t5em05_off10d0_reduced
,,1.5810487951116369e-09,contact4k,3.473519031891275e-08,e6_bb00f5b2a496bfa14622,412.695458967009,r2b,am4000_chaingdtmov_g1_kprotection_i0_mreduced_qe6_r4d9_x0_s5em05_tau1em07_t25_ron60_u842_t2_vo_v_rel0_rs2700_rx100_none_none_p1_b0_r1_i0_tap0_ph0_gdc420_gimp1000_esd_am4000_t5em05_off10d0_reduced
,,1.5810487951116375e-09,contact4k,3.4735190318912796e-08,e6_bb00f5b2a496bfa14622,412.69545896700896,r3a,am4000_chaingdtmov_g1_kprotection_i0_mreduced_qe6_r4d9_x0_s5em05_tau1em07_t25_ron60_u842_t2_vo_v_rel0_rs2700_rx100_none_none_p1_b0_r1_i0_tap0_ph0_gdc420_gimp1000_esd_am4000_t5em05_off10d0_reduced
,,1.5810487951116375e-09,contact4k,3.4735190318912796e-08,e6_bb00f5b2a496bfa14622,412.6954589670089,r3b,am4000_chaingdtmov_g1_kprotection_i0_mreduced_qe6_r4d9_x0_s5em05_tau1em07_t25_ron60_u842_t2_vo_v_rel0_rs2700_rx100_none_none_p1_b0_r1_i0_tap0_ph0_gdc420_gimp1000_esd_am4000_t5em05_off10d0_reduced
,,0.0,contact4k,2.0414898589341796e-08,e6_bb00f5b2a496bfa14622,43.87293731399003,r910k,am4000_chaingdtmov_g1_kprotection_i0_mreduced_qe6_r4d9_x0_s5em05_tau1em07_t25_ron60_u842_t2_vo_v_rel0_rs2700_rx100_none_none_p1_b0_r1_i0_tap0_ph0_gdc420_gimp1000_esd_am4000_t5em05_off10d0_reduced
,,0.0,contact4k,2.2405658112141092e-09,e6_bb00f5b2a496bfa14622,4.8180011606891044,r100k,am4000_chaingdtmov_g1_kprotection_i0_mreduced_qe6_r4d9_x0_s5em05_tau1em07_t25_ron60_u842_t2_vo_v_rel0_rs2700_rx100_none_none_p1_b0_r1_i0_tap0_ph0_gdc420_gimp1000_esd_am4000_t5em05_off10d0_reduced
0.0,1.5556047070165245e-09,,contact4k,1.971459248111548e-06,e6_bb00f5b2a496bfa14622,824.910909498969,rc1,am4000_chaingdtmov_g1_kprotection_i0_mreduced_qe6_r4d9_x0_s5em05_tau1em07_t25_ron60_u842_t2_vo_v_rel0_rs2700_rx100_none_none_p1_b0_r1_i0_tap0_ph0_gdc420_gimp1000_esd_am4000_t5em05_off10d0_reduced
0.0,1.555604707016525e-09,,contact4k,1.9714592481115484e-06,e6_bb00f5b2a496bfa14622,824.9109094989687,rc2,am4000_chaingdtmov_g1_kprotection_i0_mreduced_qe6_r4d9_x0_s5em05_tau1em07_t25_ron60_u842_t2_vo_v_rel0_rs2700_rx100_none_none_p1_b0_r1_i0_tap0_ph0_gdc420_gimp1000_esd_am4000_t5em05_off10d0_reduced
0.0,1.555604707016525e-09,,contact4k,1.9714592481115484e-06,e6_bb00f5b2a496bfa14622,824.9109094989685,rc3,am4000_chaingdtmov_g1_kprotection_i0_mreduced_qe6_r4d9_x0_s5em05_tau1em07_t25_ron60_u842_t2_vo_v_rel0_rs2700_rx100_none_none_p1_b0_r1_i0_tap0_ph0_gdc420_gimp1000_esd_am4000_t5em05_off10d0_reduced
,,6.678870234699333e-11,contact4k,3.698075679507127e-08,e6_444c765dbb3485016ea6,276.65700554689147,r1a,am4000_chaingdtmov_g1_kprotection_i0_mreduced_qe6_r4d9_x0_s5em05_tau1em09_t25_ron60_u843_t2_vo_v_rel0_rs2700_rx100_none_none_p1_b0_r1_i0_tap0_ph0_gdc780_gimp1000_esd_am4000_t5em05_off10d0_reduced
,,6.678870234699327e-11,contact4k,3.698075679507127e-08,e6_444c765dbb3485016ea6,276.65700554689147,r1b,am4000_chaingdtmov_g1_kprotection_i0_mreduced_qe6_r4d9_x0_s5em05_tau1em09_t25_ron60_u843_t2_vo_v_rel0_rs2700_rx100_none_none_p1_b0_r1_i0_tap0_ph0_gdc780_gimp1000_esd_am4000_t5em05_off10d0_reduced
,,6.67887023469926e-11,contact4k,3.698075679507134e-08,e6_444c765dbb3485016ea6,276.6570055468884,r2a,am4000_chaingdtmov_g1_kprotection_i0_mreduced_qe6_r4d9_x0_s5em05_tau1em09_t25_ron60_u843_t2_vo_v_rel0_rs2700_rx100_none_none_p1_b0_r1_i0_tap0_ph0_gdc780_gimp1000_esd_am4000_t5em05_off10d0_reduced
,,6.678870234699262e-11,contact4k,3.698075679507134e-08,e6_444c765dbb3485016ea6,276.6570055468884,r2b,am4000_chaingdtmov_g1_kprotection_i0_mreduced_qe6_r4d9_x0_s5em05_tau1em09_t25_ron60_u843_t2_vo_v_rel0_rs2700_rx100_none_none_p1_b0_r1_i0_tap0_ph0_gdc780_gimp1000_esd_am4000_t5em05_off10d0_reduced
,,6.678870234699223e-11,contact4k,3.69807567950714e-08,e6_444c765dbb3485016ea6,276.6570055468869,r3a,am4000_chaingdtmov_g1_kprotection_i0_mreduced_qe6_r4d9_x0_s5em05_tau1em09_t25_ron60_u843_t2_vo_v_rel0_rs2700_rx100_none_none_p1_b0_r1_i0_tap0_ph0_gdc780_gimp1000_esd_am4000_t5em05_off10d0_reduced
,,6.678870234699223e-11,contact4k,3.69807567950714e-08,e6_444c765dbb3485016ea6,276.6570055468869,r3b,am4000_chaingdtmov_g1_kprotection_i0_mreduced_qe6_r4d9_x0_s5em05_tau1em09_t25_ron60_u843_t2_vo_v_rel0_rs2700_rx100_none_none_p1_b0_r1_i0_tap0_ph0_gdc780_gimp1000_esd_am4000_t5em05_off10d0_reduced
,,0.0,contact4k,2.183733111958394e-08,e6_444c765dbb3485016ea6,44.44179511092576,r910k,am4000_chaingdtmov_g1_kprotection_i0_mreduced_qe6_r4d9_x0_s5em05_tau1em09_t25_ron60_u843_t2_vo_v_rel0_rs2700_rx100_none_none_p1_b0_r1_i0_tap0_ph0_gdc780_gimp1000_esd_am4000_t5em05_off10d0_reduced
,,0.0,contact4k,2.396680230875677e-09,e6_444c765dbb3485016ea6,4.8804730079435,r100k,am4000_chaingdtmov_g1_kprotection_i0_mreduced_qe6_r4d9_x0_s5em05_tau1em09_t25_ron60_u843_t2_vo_v_rel0_rs2700_rx100_none_none_p1_b0_r1_i0_tap0_ph0_gdc780_gimp1000_esd_am4000_t5em05_off10d0_reduced
0.0,6.675446061829488e-11,,contact4k,1.7912520082083e-06,e6_444c765dbb3485016ea6,553.2079481137882,rc1,am4000_chaingdtmov_g1_kprotection_i0_mreduced_qe6_r4d9_x0_s5em05_tau1em09_t25_ron60_u843_t2_vo_v_rel0_rs2700_rx100_none_none_p1_b0_r1_i0_tap0_ph0_gdc780_gimp1000_esd_am4000_t5em05_off10d0_reduced
0.0,6.675446061829416e-11,,contact4k,1.7912520082083e-06,e6_444c765dbb3485016ea6,553.2079481137821,rc2,am4000_chaingdtmov_g1_kprotection_i0_mreduced_qe6_r4d9_x0_s5em05_tau1em09_t25_ron60_u843_t2_vo_v_rel0_rs2700_rx100_none_none_p1_b0_r1_i0_tap0_ph0_gdc780_gimp1000_esd_am4000_t5em05_off10d0_reduced
0.0,6.675446061829381e-11,,contact4k,1.7912520082083e-06,e6_444c765dbb3485016ea6,553.2079481137791,rc3,am4000_chaingdtmov_g1_kprotection_i0_mreduced_qe6_r4d9_x0_s5em05_tau1em09_t25_ron60_u843_t2_vo_v_rel0_rs2700_rx100_none_none_p1_b0_r1_i0_tap0_ph0_gdc780_gimp1000_esd_am4000_t5em05_off10d0_reduced
,,1.5810487951116302e-09,contact4k,3.473519023334694e-08,e6_db424d035519f3fe7679,412.695458967009,r1a,am4000_chaingdtmov_g1_kprotection_i0_mreduced_qe6_r4d9_x0_s5em05_tau1em07_t25_ron60_u843_t2_vo_v_rel0_rs2700_rx100_none_none_p1_b0_r1_i0_tap0_ph0_gdc780_gimp1000_esd_am4000_t5em05_off10d0_reduced
,,1.5810487951116294e-09,contact4k,3.473519023334694e-08,e6_db424d035519f3fe7679,412.69545896700924,r1b,am4000_chaingdtmov_g1_kprotection_i0_mreduced_qe6_r4d9_x0_s5em05_tau1em07_t25_ron60_u843_t2_vo_v_rel0_rs2700_rx100_none_none_p1_b0_r1_i0_tap0_ph0_gdc780_gimp1000_esd_am4000_t5em05_off10d0_reduced
,,1.5810487951116313e-09,contact4k,3.4735190233347e-08,e6_db424d035519f3fe7679,412.695458967009,r2a,am4000_chaingdtmov_g1_kprotection_i0_mreduced_qe6_r4d9_x0_s5em05_tau1em07_t25_ron60_u843_t2_vo_v_rel0_rs2700_rx100_none_none_p1_b0_r1_i0_tap0_ph0_gdc780_gimp1000_esd_am4000_t5em05_off10d0_reduced
,,1.5810487951116294e-09,contact4k,3.4735190233347e-08,e6_db424d035519f3fe7679,412.695458967009,r2b,am4000_chaingdtmov_g1_kprotection_i0_mreduced_qe6_r4d9_x0_s5em05_tau1em07_t25_ron60_u843_t2_vo_v_rel0_rs2700_rx100_none_none_p1_b0_r1_i0_tap0_ph0_gdc780_gimp1000_esd_am4000_t5em05_off10d0_reduced
,,1.58104879511163e-09,contact4k,3.4735190233347056e-08,e6_db424d035519f3fe7679,412.6954589670089,r3a,am4000_chaingdtmov_g1_kprotection_i0_mreduced_qe6_r4d9_x0_s5em05_tau1em07_t25_ron60_u843_t2_vo_v_rel0_rs2700_rx100_none_none_p1_b0_r1_i0_tap0_ph0_gdc780_gimp1000_esd_am4000_t5em05_off10d0_reduced
,,1.58104879511163e-09,contact4k,3.4735190233347056e-08,e6_db424d035519f3fe7679,412.69545896700896,r3b,am4000_chaingdtmov_g1_kprotection_i0_mreduced_qe6_r4d9_x0_s5em05_tau1em07_t25_ron60_u843_t2_vo_v_rel0_rs2700_rx100_none_none_p1_b0_r1_i0_tap0_ph0_gdc780_gimp1000_esd_am4000_t5em05_off10d0_reduced
,,0.0,contact4k,2.0414898537493702e-08,e6_db424d035519f3fe7679,43.87293728922296,r910k,am4000_chaingdtmov_g1_kprotection_i0_mreduced_qe6_r4d9_x0_s5em05_tau1em07_t25_ron60_u843_t2_vo_v_rel0_rs2700_rx100_none_none_p1_b0_r1_i0_tap0_ph0_gdc780_gimp1000_esd_am4000_t5em05_off10d0_reduced
,,0.0,contact4k,2.2405658055236985e-09,e6_db424d035519f3fe7679,4.818001157969259,r100k,am4000_chaingdtmov_g1_kprotection_i0_mreduced_qe6_r4d9_x0_s5em05_tau1em07_t25_ron60_u843_t2_vo_v_rel0_rs2700_rx100_none_none_p1_b0_r1_i0_tap0_ph0_gdc780_gimp1000_esd_am4000_t5em05_off10d0_reduced
0.0,1.5556047070165192e-09,,contact4k,1.9714592479251075e-06,e6_db424d035519f3fe7679,824.910909498969,rc1,am4000_chaingdtmov_g1_kprotection_i0_mreduced_qe6_r4d9_x0_s5em05_tau1em07_t25_ron60_u843_t2_vo_v_rel0_rs2700_rx100_none_none_p1_b0_r1_i0_tap0_ph0_gdc780_gimp1000_esd_am4000_t5em05_off10d0_reduced
0.0,1.5556047070165196e-09,,contact4k,1.9714592479251075e-06,e6_db424d035519f3fe7679,824.9109094989687,rc2,am4000_chaingdtmov_g1_kprotection_i0_mreduced_qe6_r4d9_x0_s5em05_tau1em07_t25_ron60_u843_t2_vo_v_rel0_rs2700_rx100_none_none_p1_b0_r1_i0_tap0_ph0_gdc780_gimp1000_esd_am4000_t5em05_off10d0_reduced
0.0,1.5556047070165192e-09,,contact4k,1.971459247925108e-06,e6_db424d035519f3fe7679,824.9109094989685,rc3,am4000_chaingdtmov_g1_kprotection_i0_mreduced_qe6_r4d9_x0_s5em05_tau1em07_t25_ron60_u843_t2_vo_v_rel0_rs2700_rx100_none_none_p1_b0_r1_i0_tap0_ph0_gdc780_gimp1000_esd_am4000_t5em05_off10d0_reduced
,,7.018214826730834e-11,contact4k,3.7191421483941075e-08,e6_f214296db9f484809202,281.7446463530323,r1a,am4000_chaingdtmov_g1_kprotection_i0_mreduced_qe6_r4d9_x0_s5em05_tau1em09_t25_ron60_u844_t2_vo_v_rel0_rs2700_rx100_none_none_p0_b0_r1_i0_tap0_ph0_gdc420_gimp1000_esd_am4000_t5em05_off10d0_reduced
,,7.018214826730839e-11,contact4k,3.7191421483941075e-08,e6_f214296db9f484809202,281.7446463530325,r1b,am4000_chaingdtmov_g1_kprotection_i0_mreduced_qe6_r4d9_x0_s5em05_tau1em09_t25_ron60_u844_t2_vo_v_rel0_rs2700_rx100_none_none_p0_b0_r1_i0_tap0_ph0_gdc420_gimp1000_esd_am4000_t5em05_off10d0_reduced
,,7.018214826730764e-11,contact4k,3.719142148394101e-08,e6_f214296db9f484809202,281.74464635301695,r2a,am4000_chaingdtmov_g1_kprotection_i0_mreduced_qe6_r4d9_x0_s5em05_tau1em09_t25_ron60_u844_t2_vo_v_rel0_rs2700_rx100_none_none_p0_b0_r1_i0_tap0_ph0_gdc420_gimp1000_esd_am4000_t5em05_off10d0_reduced
,,7.018214826730761e-11,contact4k,3.7191421483941015e-08,e6_f214296db9f484809202,281.74464635301695,r2b,am4000_chaingdtmov_g1_kprotection_i0_mreduced_qe6_r4d9_x0_s5em05_tau1em09_t25_ron60_u844_t2_vo_v_rel0_rs2700_rx100_none_none_p0_b0_r1_i0_tap0_ph0_gdc420_gimp1000_esd_am4000_t5em05_off10d0_reduced
,,7.018214826730716e-11,contact4k,3.7191421483941055e-08,e6_f214296db9f484809202,281.7446463530093,r3a,am4000_chaingdtmov_g1_kprotection_i0_mreduced_qe6_r4d9_x0_s5em05_tau1em09_t25_ron60_u844_t2_vo_v_rel0_rs2700_rx100_none_none_p0_b0_r1_i0_tap0_ph0_gdc420_gimp1000_esd_am4000_t5em05_off10d0_reduced
,,7.018214826730717e-11,contact4k,3.7191421483941055e-08,e6_f214296db9f484809202,281.74464635300933,r3b,am4000_chaingdtmov_g1_kprotection_i0_mreduced_qe6_r4d9_x0_s5em05_tau1em09_t25_ron60_u844_t2_vo_v_rel0_rs2700_rx100_none_none_p0_b0_r1_i0_tap0_ph0_gdc420_gimp1000_esd_am4000_t5em05_off10d0_reduced
,,0.0,contact4k,2.1961851669066435e-08,e6_f214296db9f484809202,44.78486958495373,r910k,am4000_chaingdtmov_g1_kprotection_i0_mreduced_qe6_r4d9_x0_s5em05_tau1em09_t25_ron60_u844_t2_vo_v_rel0_rs2700_rx100_none_none_p0_b0_r1_i0_tap0_ph0_gdc420_gimp1000_esd_am4000_t5em05_off10d0_reduced
,,0.0,contact4k,1.205420215090666e-10,e6_f214296db9f484809202,0.5609838210480979,r100k,am4000_chaingdtmov_g1_kprotection_i0_mreduced_qe6_r4d9_x0_s5em05_tau1em09_t25_ron60_u844_t2_vo_v_rel0_rs2700_rx100_none_none_p0_b0_r1_i0_tap0_ph0_gdc420_gimp1000_esd_am4000_t5em05_off10d0_reduced
0.0,7.014793960214377e-11,,contact4k,1.8033988082901516e-06,e6_f214296db9f484809202,563.3785974376995,rc1,am4000_chaingdtmov_g1_kprotection_i0_mreduced_qe6_r4d9_x0_s5em05_tau1em09_t25_ron60_u844_t2_vo_v_rel0_rs2700_rx100_none_none_p0_b0_r1_i0_tap0_ph0_gdc420_gimp1000_esd_am4000_t5em05_off10d0_reduced
0.0,7.014793960214302e-11,,contact4k,1.8033988082901516e-06,e6_f214296db9f484809202,563.3785974376686,rc2,am4000_chaingdtmov_g1_kprotection_i0_mreduced_qe6_r4d9_x0_s5em05_tau1em09_t25_ron60_u844_t2_vo_v_rel0_rs2700_rx100_none_none_p0_b0_r1_i0_tap0_ph0_gdc420_gimp1000_esd_am4000_t5em05_off10d0_reduced
0.0,7.014793960214256e-11,,contact4k,1.8033988082901516e-06,e6_f214296db9f484809202,563.3785974376534,rc3,am4000_chaingdtmov_g1_kprotection_i0_mreduced_qe6_r4d9_x0_s5em05_tau1em09_t25_ron60_u844_t2_vo_v_rel0_rs2700_rx100_none_none_p0_b0_r1_i0_tap0_ph0_gdc420_gimp1000_esd_am4000_t5em05_off10d0_reduced
,,1.6020206502692196e-09,contact4k,3.494169284689112e-08,e6_6e8b66ae00367f54c89e,420.2402842640827,r1a,am4000_chaingdtmov_g1_kprotection_i0_mreduced_qe6_r4d9_x0_s5em05_tau1em07_t25_ron60_u844_t2_vo_v_rel0_rs2700_rx100_none_none_p0_b0_r1_i0_tap0_ph0_gdc420_gimp1000_esd_am4000_t5em05_off10d0_reduced
,,1.6020206502692184e-09,contact4k,3.494169284689112e-08,e6_6e8b66ae00367f54c89e,420.24028426408245,r1b,am4000_chaingdtmov_g1_kprotection_i0_mreduced_qe6_r4d9_x0_s5em05_tau1em07_t25_ron60_u844_t2_vo_v_rel0_rs2700_rx100_none_none_p0_b0_r1_i0_tap0_ph0_gdc420_gimp1000_esd_am4000_t5em05_off10d0_reduced
,,1.6020206502692167e-09,contact4k,3.494169284689106e-08,e6_6e8b66ae00367f54c89e,420.24028426408245,r2a,am4000_chaingdtmov_g1_kprotection_i0_mreduced_qe6_r4d9_x0_s5em05_tau1em07_t25_ron60_u844_t2_vo_v_rel0_rs2700_rx100_none_none_p0_b0_r1_i0_tap0_ph0_gdc420_gimp1000_esd_am4000_t5em05_off10d0_reduced
,,1.6020206502692163e-09,contact4k,3.494169284689106e-08,e6_6e8b66ae00367f54c89e,420.24028426408233,r2b,am4000_chaingdtmov_g1_kprotection_i0_mreduced_qe6_r4d9_x0_s5em05_tau1em07_t25_ron60_u844_t2_vo_v_rel0_rs2700_rx100_none_none_p0_b0_r1_i0_tap0_ph0_gdc420_gimp1000_esd_am4000_t5em05_off10d0_reduced
,,1.6020206502692153e-09,contact4k,3.49416928468911e-08,e6_6e8b66ae00367f54c89e,420.2402842640822,r3a,am4000_chaingdtmov_g1_kprotection_i0_mreduced_qe6_r4d9_x0_s5em05_tau1em07_t25_ron60_u844_t2_vo_v_rel0_rs2700_rx100_none_none_p0_b0_r1_i0_tap0_ph0_gdc420_gimp1000_esd_am4000_t5em05_off10d0_reduced
,,1.6020206502692153e-09,contact4k,3.49416928468911e-08,e6_6e8b66ae00367f54c89e,420.24028426408233,r3b,am4000_chaingdtmov_g1_kprotection_i0_mreduced_qe6_r4d9_x0_s5em05_tau1em07_t25_ron60_u844_t2_vo_v_rel0_rs2700_rx100_none_none_p0_b0_r1_i0_tap0_ph0_gdc420_gimp1000_esd_am4000_t5em05_off10d0_reduced
,,0.0,contact4k,2.0535489535401273e-08,e6_6e8b66ae00367f54c89e,44.19978191760309,r910k,am4000_chaingdtmov_g1_kprotection_i0_mreduced_qe6_r4d9_x0_s5em05_tau1em07_t25_ron60_u844_t2_vo_v_rel0_rs2700_rx100_none_none_p0_b0_r1_i0_tap0_ph0_gdc420_gimp1000_esd_am4000_t5em05_off10d0_reduced
,,0.0,contact4k,1.2072699603489113e-10,e6_6e8b66ae00367f54c89e,0.563148468766409,r100k,am4000_chaingdtmov_g1_kprotection_i0_mreduced_qe6_r4d9_x0_s5em05_tau1em07_t25_ron60_u844_t2_vo_v_rel0_rs2700_rx100_none_none_p0_b0_r1_i0_tap0_ph0_gdc420_gimp1000_esd_am4000_t5em05_off10d0_reduced
0.0,1.5716559510918791e-09,,contact4k,1.9877319791742064e-06,e6_6e8b66ae00367f54c89e,839.9885922111805,rc1,am4000_chaingdtmov_g1_kprotection_i0_mreduced_qe6_r4d9_x0_s5em05_tau1em07_t25_ron60_u844_t2_vo_v_rel0_rs2700_rx100_none_none_p0_b0_r1_i0_tap0_ph0_gdc420_gimp1000_esd_am4000_t5em05_off10d0_reduced
0.0,1.5716559510918764e-09,,contact4k,1.987731979174206e-06,e6_6e8b66ae00367f54c89e,839.9885922111799,rc2,am4000_chaingdtmov_g1_kprotection_i0_mreduced_qe6_r4d9_x0_s5em05_tau1em07_t25_ron60_u844_t2_vo_v_rel0_rs2700_rx100_none_none_p0_b0_r1_i0_tap0_ph0_gdc420_gimp1000_esd_am4000_t5em05_off10d0_reduced
0.0,1.5716559510918754e-09,,contact4k,1.987731979174206e-06,e6_6e8b66ae00367f54c89e,839.9885922111798,rc3,am4000_chaingdtmov_g1_kprotection_i0_mreduced_qe6_r4d9_x0_s5em05_tau1em07_t25_ron60_u844_t2_vo_v_rel0_rs2700_rx100_none_none_p0_b0_r1_i0_tap0_ph0_gdc420_gimp1000_esd_am4000_t5em05_off10d0_reduced
,,7.018213368991948e-11,contact4k,3.7191421394879677e-08,e6_5b5bc23ea97429ad1019,281.74467228245294,r1a,am4000_chaingdtmov_g1_kprotection_i0_mreduced_qe6_r4d9_x0_s5em05_tau1em09_t25_ron60_u845_t2_vo_v_rel0_rs2700_rx100_none_none_p0_b0_r1_i0_tap0_ph0_gdc780_gimp1000_esd_am4000_t5em05_off10d0_reduced
,,7.018213368991947e-11,contact4k,3.7191421394879677e-08,e6_5b5bc23ea97429ad1019,281.74467228245294,r1b,am4000_chaingdtmov_g1_kprotection_i0_mreduced_qe6_r4d9_x0_s5em05_tau1em09_t25_ron60_u845_t2_vo_v_rel0_rs2700_rx100_none_none_p0_b0_r1_i0_tap0_ph0_gdc780_gimp1000_esd_am4000_t5em05_off10d0_reduced
,,7.018213368991886e-11,contact4k,3.719142139487962e-08,e6_5b5bc23ea97429ad1019,281.74467228244146,r2a,am4000_chaingdtmov_g1_kprotection_i0_mreduced_qe6_r4d9_x0_s5em05_tau1em09_t25_ron60_u845_t2_vo_v_rel0_rs2700_rx100_none_none_p0_b0_r1_i0_tap0_ph0_gdc780_gimp1000_esd_am4000_t5em05_off10d0_reduced
,,7.018213368991888e-11,contact4k,3.719142139487962e-08,e6_5b5bc23ea97429ad1019,281.74467228244146,r2b,am4000_chaingdtmov_g1_kprotection_i0_mreduced_qe6_r4d9_x0_s5em05_tau1em09_t25_ron60_u845_t2_vo_v_rel0_rs2700_rx100_none_none_p0_b0_r1_i0_tap0_ph0_gdc780_gimp1000_esd_am4000_t5em05_off10d0_reduced
,,7.018213368991859e-11,contact4k,3.719142139487966e-08,e6_5b5bc23ea97429ad1019,281.7446722824357,r3a,am4000_chaingdtmov_g1_kprotection_i0_mreduced_qe6_r4d9_x0_s5em05_tau1em09_t25_ron60_u845_t2_vo_v_rel0_rs2700_rx100_none_none_p0_b0_r1_i0_tap0_ph0_gdc780_gimp1000_esd_am4000_t5em05_off10d0_reduced
,,7.018213368991859e-11,contact4k,3.719142139487966e-08,e6_5b5bc23ea97429ad1019,281.7446722824356,r3b,am4000_chaingdtmov_g1_kprotection_i0_mreduced_qe6_r4d9_x0_s5em05_tau1em09_t25_ron60_u845_t2_vo_v_rel0_rs2700_rx100_none_none_p0_b0_r1_i0_tap0_ph0_gdc780_gimp1000_esd_am4000_t5em05_off10d0_reduced
,,0.0,contact4k,2.1961851615286345e-08,e6_5b5bc23ea97429ad1019,44.78486953356682,r910k,am4000_chaingdtmov_g1_kprotection_i0_mreduced_qe6_r4d9_x0_s5em05_tau1em09_t25_ron60_u845_t2_vo_v_rel0_rs2700_rx100_none_none_p0_b0_r1_i0_tap0_ph0_gdc780_gimp1000_esd_am4000_t5em05_off10d0_reduced
,,0.0,contact4k,1.2054202149449527e-10,e6_5b5bc23ea97429ad1019,0.5609838210443415,r100k,am4000_chaingdtmov_g1_kprotection_i0_mreduced_qe6_r4d9_x0_s5em05_tau1em09_t25_ron60_u845_t2_vo_v_rel0_rs2700_rx100_none_none_p0_b0_r1_i0_tap0_ph0_gdc780_gimp1000_esd_am4000_t5em05_off10d0_reduced
0.0,7.014792497921498e-11,,contact4k,1.8033988074670489e-06,e6_5b5bc23ea97429ad1019,563.3786492956172,rc1,am4000_chaingdtmov_g1_kprotection_i0_mreduced_qe6_r4d9_x0_s5em05_tau1em09_t25_ron60_u845_t2_vo_v_rel0_rs2700_rx100_none_none_p0_b0_r1_i0_tap0_ph0_gdc780_gimp1000_esd_am4000_t5em05_off10d0_reduced
0.0,7.014792497921438e-11,,contact4k,1.8033988074670489e-06,e6_5b5bc23ea97429ad1019,563.3786492955941,rc2,am4000_chaingdtmov_g1_kprotection_i0_mreduced_qe6_r4d9_x0_s5em05_tau1em09_t25_ron60_u845_t2_vo_v_rel0_rs2700_rx100_none_none_p0_b0_r1_i0_tap0_ph0_gdc780_gimp1000_esd_am4000_t5em05_off10d0_reduced
0.0,7.01479249792141e-11,,contact4k,1.8033988074670486e-06,e6_5b5bc23ea97429ad1019,563.3786492955825,rc3,am4000_chaingdtmov_g1_kprotection_i0_mreduced_qe6_r4d9_x0_s5em05_tau1em09_t25_ron60_u845_t2_vo_v_rel0_rs2700_rx100_none_none_p0_b0_r1_i0_tap0_ph0_gdc780_gimp1000_esd_am4000_t5em05_off10d0_reduced
,,1.60202065026922e-09,contact4k,3.494169276042836e-08,e6_69e0402a09ed4941ec40,420.2402842640772,r1a,am4000_chaingdtmov_g1_kprotection_i0_mreduced_qe6_r4d9_x0_s5em05_tau1em07_t25_ron60_u845_t2_vo_v_rel0_rs2700_rx100_none_none_p0_b0_r1_i0_tap0_ph0_gdc780_gimp1000_esd_am4000_t5em05_off10d0_reduced
,,1.6020206502692188e-09,contact4k,3.494169276042836e-08,e6_69e0402a09ed4941ec40,420.2402842640777,r1b,am4000_chaingdtmov_g1_kprotection_i0_mreduced_qe6_r4d9_x0_s5em05_tau1em07_t25_ron60_u845_t2_vo_v_rel0_rs2700_rx100_none_none_p0_b0_r1_i0_tap0_ph0_gdc780_gimp1000_esd_am4000_t5em05_off10d0_reduced
,,1.6020206502692184e-09,contact4k,3.49416927604283e-08,e6_69e0402a09ed4941ec40,420.240284264077,r2a,am4000_chaingdtmov_g1_kprotection_i0_mreduced_qe6_r4d9_x0_s5em05_tau1em07_t25_ron60_u845_t2_vo_v_rel0_rs2700_rx100_none_none_p0_b0_r1_i0_tap0_ph0_gdc780_gimp1000_esd_am4000_t5em05_off10d0_reduced
,,1.602020650269217e-09,contact4k,3.49416927604283e-08,e6_69e0402a09ed4941ec40,420.2402842640771,r2b,am4000_chaingdtmov_g1_kprotection_i0_mreduced_qe6_r4d9_x0_s5em05_tau1em07_t25_ron60_u845_t2_vo_v_rel0_rs2700_rx100_none_none_p0_b0_r1_i0_tap0_ph0_gdc780_gimp1000_esd_am4000_t5em05_off10d0_reduced
,,1.6020206502692181e-09,contact4k,3.494169276042835e-08,e6_69e0402a09ed4941ec40,420.24028426407705,r3a,am4000_chaingdtmov_g1_kprotection_i0_mreduced_qe6_r4d9_x0_s5em05_tau1em07_t25_ron60_u845_t2_vo_v_rel0_rs2700_rx100_none_none_p0_b0_r1_i0_tap0_ph0_gdc780_gimp1000_esd_am4000_t5em05_off10d0_reduced
,,1.602020650269218e-09,contact4k,3.494169276042835e-08,e6_69e0402a09ed4941ec40,420.24028426407705,r3b,am4000_chaingdtmov_g1_kprotection_i0_mreduced_qe6_r4d9_x0_s5em05_tau1em07_t25_ron60_u845_t2_vo_v_rel0_rs2700_rx100_none_none_p0_b0_r1_i0_tap0_ph0_gdc780_gimp1000_esd_am4000_t5em05_off10d0_reduced
,,0.0,contact4k,2.0535489483005757e-08,e6_69e0402a09ed4941ec40,44.19978189096687,r910k,am4000_chaingdtmov_g1_kprotection_i0_mreduced_qe6_r4d9_x0_s5em05_tau1em07_t25_ron60_u845_t2_vo_v_rel0_rs2700_rx100_none_none_p0_b0_r1_i0_tap0_ph0_gdc780_gimp1000_esd_am4000_t5em05_off10d0_reduced
,,0.0,contact4k,1.207269960303321e-10,e6_69e0402a09ed4941ec40,0.5631484687664091,r100k,am4000_chaingdtmov_g1_kprotection_i0_mreduced_qe6_r4d9_x0_s5em05_tau1em07_t25_ron60_u845_t2_vo_v_rel0_rs2700_rx100_none_none_p0_b0_r1_i0_tap0_ph0_gdc780_gimp1000_esd_am4000_t5em05_off10d0_reduced
0.0,1.5716559510918795e-09,,contact4k,1.987731978994041e-06,e6_69e0402a09ed4941ec40,839.9885922111703,rc1,am4000_chaingdtmov_g1_kprotection_i0_mreduced_qe6_r4d9_x0_s5em05_tau1em07_t25_ron60_u845_t2_vo_v_rel0_rs2700_rx100_none_none_p0_b0_r1_i0_tap0_ph0_gdc780_gimp1000_esd_am4000_t5em05_off10d0_reduced
0.0,1.571655951091878e-09,,contact4k,1.9877319789940404e-06,e6_69e0402a09ed4941ec40,839.9885922111695,rc2,am4000_chaingdtmov_g1_kprotection_i0_mreduced_qe6_r4d9_x0_s5em05_tau1em07_t25_ron60_u845_t2_vo_v_rel0_rs2700_rx100_none_none_p0_b0_r1_i0_tap0_ph0_gdc780_gimp1000_esd_am4000_t5em05_off10d0_reduced
0.0,1.5716559510918787e-09,,contact4k,1.987731978994041e-06,e6_69e0402a09ed4941ec40,839.9885922111695,rc3,am4000_chaingdtmov_g1_kprotection_i0_mreduced_qe6_r4d9_x0_s5em05_tau1em07_t25_ron60_u845_t2_vo_v_rel0_rs2700_rx100_none_none_p0_b0_r1_i0_tap0_ph0_gdc780_gimp1000_esd_am4000_t5em05_off10d0_reduced
,,7.018214838083877e-11,contact4k,3.7191421487521046e-08,e6_82c06d9c96053979d9aa,281.7446465367866,r1a,am4000_chaingdtmov_g1_kprotection_i0_mreduced_qe6_r4d9_x0_s5em05_tau1em09_t25_ron60_u846_t2_vo_v_rel0_rs2700_rx100_none_none_p0_b1_r1_i0_tap0_ph0_gdc420_gimp1000_esd_am4000_t5em05_off10d0_reduced
,,7.018214838083872e-11,contact4k,3.7191421487521046e-08,e6_82c06d9c96053979d9aa,281.7446465367864,r1b,am4000_chaingdtmov_g1_kprotection_i0_mreduced_qe6_r4d9_x0_s5em05_tau1em09_t25_ron60_u846_t2_vo_v_rel0_rs2700_rx100_none_none_p0_b1_r1_i0_tap0_ph0_gdc420_gimp1000_esd_am4000_t5em05_off10d0_reduced
,,7.018214838083802e-11,contact4k,3.7191421487521126e-08,e6_82c06d9c96053979d9aa,281.7446465367673,r2a,am4000_chaingdtmov_g1_kprotection_i0_mreduced_qe6_r4d9_x0_s5em05_tau1em09_t25_ron60_u846_t2_vo_v_rel0_rs2700_rx100_none_none_p0_b1_r1_i0_tap0_ph0_gdc420_gimp1000_esd_am4000_t5em05_off10d0_reduced
,,7.018214838083802e-11,contact4k,3.719142148752112e-08,e6_82c06d9c96053979d9aa,281.74464653676716,r2b,am4000_chaingdtmov_g1_kprotection_i0_mreduced_qe6_r4d9_x0_s5em05_tau1em09_t25_ron60_u846_t2_vo_v_rel0_rs2700_rx100_none_none_p0_b1_r1_i0_tap0_ph0_gdc420_gimp1000_esd_am4000_t5em05_off10d0_reduced
,,7.018214838083765e-11,contact4k,3.719142148752126e-08,e6_82c06d9c96053979d9aa,281.7446465367588,r3a,am4000_chaingdtmov_g1_kprotection_i0_mreduced_qe6_r4d9_x0_s5em05_tau1em09_t25_ron60_u846_t2_vo_v_rel0_rs2700_rx100_none_none_p0_b1_r1_i0_tap0_ph0_gdc420_gimp1000_esd_am4000_t5em05_off10d0_reduced
,,7.018214838083766e-11,contact4k,3.719142148752126e-08,e6_82c06d9c96053979d9aa,281.7446465367588,r3b,am4000_chaingdtmov_g1_kprotection_i0_mreduced_qe6_r4d9_x0_s5em05_tau1em09_t25_ron60_u846_t2_vo_v_rel0_rs2700_rx100_none_none_p0_b1_r1_i0_tap0_ph0_gdc420_gimp1000_esd_am4000_t5em05_off10d0_reduced
,,0.0,contact4k,2.1961851671225837e-08,e6_82c06d9c96053979d9aa,44.78486958491924,r910k,am4000_chaingdtmov_g1_kprotection_i0_mreduced_qe6_r4d9_x0_s5em05_tau1em09_t25_ron60_u846_t2_vo_v_rel0_rs2700_rx100_none_none_p0_b1_r1_i0_tap0_ph0_gdc420_gimp1000_esd_am4000_t5em05_off10d0_reduced
,,0.0,contact4k,1.2054203048772603e-10,e6_82c06d9c96053979d9aa,0.5609838211439894,r100k,am4000_chaingdtmov_g1_kprotection_i0_mreduced_qe6_r4d9_x0_s5em05_tau1em09_t25_ron60_u846_t2_vo_v_rel0_rs2700_rx100_none_none_p0_b1_r1_i0_tap0_ph0_gdc420_gimp1000_esd_am4000_t5em05_off10d0_reduced
0.0,7.014793971565678e-11,,contact4k,1.8033988082944715e-06,e6_82c06d9c96053979d9aa,563.3785978050237,rc1,am4000_chaingdtmov_g1_kprotection_i0_mreduced_qe6_r4d9_x0_s5em05_tau1em09_t25_ron60_u846_t2_vo_v_rel0_rs2700_rx100_none_none_p0_b1_r1_i0_tap0_ph0_gdc420_gimp1000_esd_am4000_t5em05_off10d0_reduced
0.0,7.014793971565604e-11,,contact4k,1.8033988082944713e-06,e6_82c06d9c96053979d9aa,563.378597804985,rc2,am4000_chaingdtmov_g1_kprotection_i0_mreduced_qe6_r4d9_x0_s5em05_tau1em09_t25_ron60_u846_t2_vo_v_rel0_rs2700_rx100_none_none_p0_b1_r1_i0_tap0_ph0_gdc420_gimp1000_esd_am4000_t5em05_off10d0_reduced
0.0,7.014793971565568e-11,,contact4k,1.8033988082944713e-06,e6_82c06d9c96053979d9aa,563.3785978049682,rc3,am4000_chaingdtmov_g1_kprotection_i0_mreduced_qe6_r4d9_x0_s5em05_tau1em09_t25_ron60_u846_t2_vo_v_rel0_rs2700_rx100_none_none_p0_b1_r1_i0_tap0_ph0_gdc420_gimp1000_esd_am4000_t5em05_off10d0_reduced
,,1.6020206503450834e-09,contact4k,3.494169285035064e-08,e6_d8dc04d2511205a21057,420.24028430583894,r1a,am4000_chaingdtmov_g1_kprotection_i0_mreduced_qe6_r4d9_x0_s5em05_tau1em07_t25_ron60_u846_t2_vo_v_rel0_rs2700_rx100_none_none_p0_b1_r1_i0_tap0_ph0_gdc420_gimp1000_esd_am4000_t5em05_off10d0_reduced
,,1.6020206503450824e-09,contact4k,3.494169285035064e-08,e6_d8dc04d2511205a21057,420.2402843058394,r1b,am4000_chaingdtmov_g1_kprotection_i0_mreduced_qe6_r4d9_x0_s5em05_tau1em07_t25_ron60_u846_t2_vo_v_rel0_rs2700_rx100_none_none_p0_b1_r1_i0_tap0_ph0_gdc420_gimp1000_esd_am4000_t5em05_off10d0_reduced
,,1.6020206503450778e-09,contact4k,3.494169285035071e-08,e6_d8dc04d2511205a21057,420.2402843058387,r2a,am4000_chaingdtmov_g1_kprotection_i0_mreduced_qe6_r4d9_x0_s5em05_tau1em07_t25_ron60_u846_t2_vo_v_rel0_rs2700_rx100_none_none_p0_b1_r1_i0_tap0_ph0_gdc420_gimp1000_esd_am4000_t5em05_off10d0_reduced
,,1.6020206503450797e-09,contact4k,3.494169285035071e-08,e6_d8dc04d2511205a21057,420.2402843058385,r2b,am4000_chaingdtmov_g1_kprotection_i0_mreduced_qe6_r4d9_x0_s5em05_tau1em07_t25_ron60_u846_t2_vo_v_rel0_rs2700_rx100_none_none_p0_b1_r1_i0_tap0_ph0_gdc420_gimp1000_esd_am4000_t5em05_off10d0_reduced
,,1.602020650345077e-09,contact4k,3.494169285035084e-08,e6_d8dc04d2511205a21057,420.24028430583814,r3a,am4000_chaingdtmov_g1_kprotection_i0_mreduced_qe6_r4d9_x0_s5em05_tau1em07_t25_ron60_u846_t2_vo_v_rel0_rs2700_rx100_none_none_p0_b1_r1_i0_tap0_ph0_gdc420_gimp1000_esd_am4000_t5em05_off10d0_reduced
,,1.602020650345077e-09,contact4k,3.494169285035084e-08,e6_d8dc04d2511205a21057,420.2402843058381,r3b,am4000_chaingdtmov_g1_kprotection_i0_mreduced_qe6_r4d9_x0_s5em05_tau1em07_t25_ron60_u846_t2_vo_v_rel0_rs2700_rx100_none_none_p0_b1_r1_i0_tap0_ph0_gdc420_gimp1000_esd_am4000_t5em05_off10d0_reduced
,,0.0,contact4k,2.0535489537483273e-08,e6_d8dc04d2511205a21057,44.19978191756615,r910k,am4000_chaingdtmov_g1_kprotection_i0_mreduced_qe6_r4d9_x0_s5em05_tau1em07_t25_ron60_u846_t2_vo_v_rel0_rs2700_rx100_none_none_p0_b1_r1_i0_tap0_ph0_gdc420_gimp1000_esd_am4000_t5em05_off10d0_reduced
,,0.0,contact4k,1.2072700502932966e-10,e6_d8dc04d2511205a21057,0.5631484688576344,r100k,am4000_chaingdtmov_g1_kprotection_i0_mreduced_qe6_r4d9_x0_s5em05_tau1em07_t25_ron60_u846_t2_vo_v_rel0_rs2700_rx100_none_none_p0_b1_r1_i0_tap0_ph0_gdc420_gimp1000_esd_am4000_t5em05_off10d0_reduced
0.0,1.5716559511664271e-09,,contact4k,1.9877319791927213e-06,e6_d8dc04d2511205a21057,839.9885922945009,rc1,am4000_chaingdtmov_g1_kprotection_i0_mreduced_qe6_r4d9_x0_s5em05_tau1em07_t25_ron60_u846_t2_vo_v_rel0_rs2700_rx100_none_none_p0_b1_r1_i0_tap0_ph0_gdc420_gimp1000_esd_am4000_t5em05_off10d0_reduced
0.0,1.5716559511664236e-09,,contact4k,1.9877319791927213e-06,e6_d8dc04d2511205a21057,839.9885922944999,rc2,am4000_chaingdtmov_g1_kprotection_i0_mreduced_qe6_r4d9_x0_s5em05_tau1em07_t25_ron60_u846_t2_vo_v_rel0_rs2700_rx100_none_none_p0_b1_r1_i0_tap0_ph0_gdc420_gimp1000_esd_am4000_t5em05_off10d0_reduced
0.0,1.5716559511664217e-09,,contact4k,1.987731979192721e-06,e6_d8dc04d2511205a21057,839.9885922944989,rc3,am4000_chaingdtmov_g1_kprotection_i0_mreduced_qe6_r4d9_x0_s5em05_tau1em07_t25_ron60_u846_t2_vo_v_rel0_rs2700_rx100_none_none_p0_b1_r1_i0_tap0_ph0_gdc420_gimp1000_esd_am4000_t5em05_off10d0_reduced
,,7.018213380344194e-11,contact4k,3.719142139845962e-08,e6_af8c23ce775750aee05a,281.74467246620134,r1a,am4000_chaingdtmov_g1_kprotection_i0_mreduced_qe6_r4d9_x0_s5em05_tau1em09_t25_ron60_u847_t2_vo_v_rel0_rs2700_rx100_none_none_p0_b1_r1_i0_tap0_ph0_gdc780_gimp1000_esd_am4000_t5em05_off10d0_reduced
,,7.018213380344193e-11,contact4k,3.719142139845962e-08,e6_af8c23ce775750aee05a,281.74467246620156,r1b,am4000_chaingdtmov_g1_kprotection_i0_mreduced_qe6_r4d9_x0_s5em05_tau1em09_t25_ron60_u847_t2_vo_v_rel0_rs2700_rx100_none_none_p0_b1_r1_i0_tap0_ph0_gdc780_gimp1000_esd_am4000_t5em05_off10d0_reduced
,,7.01821338034413e-11,contact4k,3.7191421398459694e-08,e6_af8c23ce775750aee05a,281.7446724661986,r2a,am4000_chaingdtmov_g1_kprotection_i0_mreduced_qe6_r4d9_x0_s5em05_tau1em09_t25_ron60_u847_t2_vo_v_rel0_rs2700_rx100_none_none_p0_b1_r1_i0_tap0_ph0_gdc780_gimp1000_esd_am4000_t5em05_off10d0_reduced
,,7.01821338034413e-11,contact4k,3.71914213984597e-08,e6_af8c23ce775750aee05a,281.7446724661987,r2b,am4000_chaingdtmov_g1_kprotection_i0_mreduced_qe6_r4d9_x0_s5em05_tau1em09_t25_ron60_u847_t2_vo_v_rel0_rs2700_rx100_none_none_p0_b1_r1_i0_tap0_ph0_gdc780_gimp1000_esd_am4000_t5em05_off10d0_reduced
,,7.018213380344101e-11,contact4k,3.7191421398459833e-08,e6_af8c23ce775750aee05a,281.74467246619867,r3a,am4000_chaingdtmov_g1_kprotection_i0_mreduced_qe6_r4d9_x0_s5em05_tau1em09_t25_ron60_u847_t2_vo_v_rel0_rs2700_rx100_none_none_p0_b1_r1_i0_tap0_ph0_gdc780_gimp1000_esd_am4000_t5em05_off10d0_reduced
,,7.018213380344101e-11,contact4k,3.719142139845984e-08,e6_af8c23ce775750aee05a,281.7446724661987,r3b,am4000_chaingdtmov_g1_kprotection_i0_mreduced_qe6_r4d9_x0_s5em05_tau1em09_t25_ron60_u847_t2_vo_v_rel0_rs2700_rx100_none_none_p0_b1_r1_i0_tap0_ph0_gdc780_gimp1000_esd_am4000_t5em05_off10d0_reduced
,,0.0,contact4k,2.1961851617445733e-08,e6_af8c23ce775750aee05a,44.7848695335323,r910k,am4000_chaingdtmov_g1_kprotection_i0_mreduced_qe6_r4d9_x0_s5em05_tau1em09_t25_ron60_u847_t2_vo_v_rel0_rs2700_rx100_none_none_p0_b1_r1_i0_tap0_ph0_gdc780_gimp1000_esd_am4000_t5em05_off10d0_reduced
,,0.0,contact4k,1.2054203047315473e-10,e6_af8c23ce775750aee05a,0.560983821140233,r100k,am4000_chaingdtmov_g1_kprotection_i0_mreduced_qe6_r4d9_x0_s5em05_tau1em09_t25_ron60_u847_t2_vo_v_rel0_rs2700_rx100_none_none_p0_b1_r1_i0_tap0_ph0_gdc780_gimp1000_esd_am4000_t5em05_off10d0_reduced
0.0,7.014792509272009e-11,,contact4k,1.8033988074713683e-06,e6_af8c23ce775750aee05a,563.3786496629298,rc1,am4000_chaingdtmov_g1_kprotection_i0_mreduced_qe6_r4d9_x0_s5em05_tau1em09_t25_ron60_u847_t2_vo_v_rel0_rs2700_rx100_none_none_p0_b1_r1_i0_tap0_ph0_gdc780_gimp1000_esd_am4000_t5em05_off10d0_reduced
0.0,7.014792509271945e-11,,contact4k,1.8033988074713683e-06,e6_af8c23ce775750aee05a,563.3786496629242,rc2,am4000_chaingdtmov_g1_kprotection_i0_mreduced_qe6_r4d9_x0_s5em05_tau1em09_t25_ron60_u847_t2_vo_v_rel0_rs2700_rx100_none_none_p0_b1_r1_i0_tap0_ph0_gdc780_gimp1000_esd_am4000_t5em05_off10d0_reduced
0.0,7.014792509271917e-11,,contact4k,1.8033988074713683e-06,e6_af8c23ce775750aee05a,563.3786496629243,rc3,am4000_chaingdtmov_g1_kprotection_i0_mreduced_qe6_r4d9_x0_s5em05_tau1em09_t25_ron60_u847_t2_vo_v_rel0_rs2700_rx100_none_none_p0_b1_r1_i0_tap0_ph0_gdc780_gimp1000_esd_am4000_t5em05_off10d0_reduced
,,1.602020650345082e-09,contact4k,3.4941692763887846e-08,e6_04347c35a8fe03d227bd,420.2402843058335,r1a,am4000_chaingdtmov_g1_kprotection_i0_mreduced_qe6_r4d9_x0_s5em05_tau1em07_t25_ron60_u847_t2_vo_v_rel0_rs2700_rx100_none_none_p0_b1_r1_i0_tap0_ph0_gdc780_gimp1000_esd_am4000_t5em05_off10d0_reduced
,,1.6020206503450795e-09,contact4k,3.4941692763887846e-08,e6_04347c35a8fe03d227bd,420.2402843058335,r1b,am4000_chaingdtmov_g1_kprotection_i0_mreduced_qe6_r4d9_x0_s5em05_tau1em07_t25_ron60_u847_t2_vo_v_rel0_rs2700_rx100_none_none_p0_b1_r1_i0_tap0_ph0_gdc780_gimp1000_esd_am4000_t5em05_off10d0_reduced
,,1.602020650345079e-09,contact4k,3.4941692763887926e-08,e6_04347c35a8fe03d227bd,420.2402843058335,r2a,am4000_chaingdtmov_g1_kprotection_i0_mreduced_qe6_r4d9_x0_s5em05_tau1em07_t25_ron60_u847_t2_vo_v_rel0_rs2700_rx100_none_none_p0_b1_r1_i0_tap0_ph0_gdc780_gimp1000_esd_am4000_t5em05_off10d0_reduced
,,1.6020206503450787e-09,contact4k,3.4941692763887926e-08,e6_04347c35a8fe03d227bd,420.24028430583326,r2b,am4000_chaingdtmov_g1_kprotection_i0_mreduced_qe6_r4d9_x0_s5em05_tau1em07_t25_ron60_u847_t2_vo_v_rel0_rs2700_rx100_none_none_p0_b1_r1_i0_tap0_ph0_gdc780_gimp1000_esd_am4000_t5em05_off10d0_reduced
,,1.6020206503450764e-09,contact4k,3.4941692763888045e-08,e6_04347c35a8fe03d227bd,420.24028430583314,r3a,am4000_chaingdtmov_g1_kprotection_i0_mreduced_qe6_r4d9_x0_s5em05_tau1em07_t25_ron60_u847_t2_vo_v_rel0_rs2700_rx100_none_none_p0_b1_r1_i0_tap0_ph0_gdc780_gimp1000_esd_am4000_t5em05_off10d0_reduced
,,1.6020206503450766e-09,contact4k,3.4941692763888045e-08,e6_04347c35a8fe03d227bd,420.2402843058331,r3b,am4000_chaingdtmov_g1_kprotection_i0_mreduced_qe6_r4d9_x0_s5em05_tau1em07_t25_ron60_u847_t2_vo_v_rel0_rs2700_rx100_none_none_p0_b1_r1_i0_tap0_ph0_gdc780_gimp1000_esd_am4000_t5em05_off10d0_reduced
,,0.0,contact4k,2.053548948508773e-08,e6_04347c35a8fe03d227bd,44.19978189092993,r910k,am4000_chaingdtmov_g1_kprotection_i0_mreduced_qe6_r4d9_x0_s5em05_tau1em07_t25_ron60_u847_t2_vo_v_rel0_rs2700_rx100_none_none_p0_b1_r1_i0_tap0_ph0_gdc780_gimp1000_esd_am4000_t5em05_off10d0_reduced
,,0.0,contact4k,1.207270050247706e-10,e6_04347c35a8fe03d227bd,0.5631484688576344,r100k,am4000_chaingdtmov_g1_kprotection_i0_mreduced_qe6_r4d9_x0_s5em05_tau1em07_t25_ron60_u847_t2_vo_v_rel0_rs2700_rx100_none_none_p0_b1_r1_i0_tap0_ph0_gdc780_gimp1000_esd_am4000_t5em05_off10d0_reduced
0.0,1.5716559511664259e-09,,contact4k,1.987731979012554e-06,e6_04347c35a8fe03d227bd,839.9885922944898,rc1,am4000_chaingdtmov_g1_kprotection_i0_mreduced_qe6_r4d9_x0_s5em05_tau1em07_t25_ron60_u847_t2_vo_v_rel0_rs2700_rx100_none_none_p0_b1_r1_i0_tap0_ph0_gdc780_gimp1000_esd_am4000_t5em05_off10d0_reduced
0.0,1.5716559511664234e-09,,contact4k,1.987731979012554e-06,e6_04347c35a8fe03d227bd,839.9885922944894,rc2,am4000_chaingdtmov_g1_kprotection_i0_mreduced_qe6_r4d9_x0_s5em05_tau1em07_t25_ron60_u847_t2_vo_v_rel0_rs2700_rx100_none_none_p0_b1_r1_i0_tap0_ph0_gdc780_gimp1000_esd_am4000_t5em05_off10d0_reduced
0.0,1.5716559511664217e-09,,contact4k,1.987731979012554e-06,e6_04347c35a8fe03d227bd,839.988592294489,rc3,am4000_chaingdtmov_g1_kprotection_i0_mreduced_qe6_r4d9_x0_s5em05_tau1em07_t25_ron60_u847_t2_vo_v_rel0_rs2700_rx100_none_none_p0_b1_r1_i0_tap0_ph0_gdc780_gimp1000_esd_am4000_t5em05_off10d0_reduced
,,6.674432293977858e-11,contact4k,3.6994527986070884e-08,e6_677247d2a554d053cf8a,276.5906161272951,r1a,am4000_chaingdtmov_g1_kprotection_i0_mreduced_qe6_r4d998_x0_s5em05_tau1em09_t25_ron60_u848_t2_vo_v_rel0_rs2700_rx100_none_none_p1_b0_r1d02_i0_tap0_ph0_gdc420_gimp1000_esd_am4000_t5em05_off10d0_reduced
,,6.674432293977859e-11,contact4k,3.6994527986070884e-08,e6_677247d2a554d053cf8a,276.5906161272951,r1b,am4000_chaingdtmov_g1_kprotection_i0_mreduced_qe6_r4d998_x0_s5em05_tau1em09_t25_ron60_u848_t2_vo_v_rel0_rs2700_rx100_none_none_p1_b0_r1d02_i0_tap0_ph0_gdc420_gimp1000_esd_am4000_t5em05_off10d0_reduced
,,6.674432293977785e-11,contact4k,3.6994527986070957e-08,e6_677247d2a554d053cf8a,276.59061612727805,r2a,am4000_chaingdtmov_g1_kprotection_i0_mreduced_qe6_r4d998_x0_s5em05_tau1em09_t25_ron60_u848_t2_vo_v_rel0_rs2700_rx100_none_none_p1_b0_r1d02_i0_tap0_ph0_gdc420_gimp1000_esd_am4000_t5em05_off10d0_reduced
,,6.674432293977781e-11,contact4k,3.6994527986070957e-08,e6_677247d2a554d053cf8a,276.59061612727805,r2b,am4000_chaingdtmov_g1_kprotection_i0_mreduced_qe6_r4d998_x0_s5em05_tau1em09_t25_ron60_u848_t2_vo_v_rel0_rs2700_rx100_none_none_p1_b0_r1d02_i0_tap0_ph0_gdc420_gimp1000_esd_am4000_t5em05_off10d0_reduced
,,6.674432293977744e-11,contact4k,3.699452798607101e-08,e6_677247d2a554d053cf8a,276.5906161272694,r3a,am4000_chaingdtmov_g1_kprotection_i0_mreduced_qe6_r4d998_x0_s5em05_tau1em09_t25_ron60_u848_t2_vo_v_rel0_rs2700_rx100_none_none_p1_b0_r1d02_i0_tap0_ph0_gdc420_gimp1000_esd_am4000_t5em05_off10d0_reduced
,,6.674432293977744e-11,contact4k,3.699452798607101e-08,e6_677247d2a554d053cf8a,276.5906161272694,r3b,am4000_chaingdtmov_g1_kprotection_i0_mreduced_qe6_r4d998_x0_s5em05_tau1em09_t25_ron60_u848_t2_vo_v_rel0_rs2700_rx100_none_none_p1_b0_r1d02_i0_tap0_ph0_gdc420_gimp1000_esd_am4000_t5em05_off10d0_reduced
,,0.0,contact4k,2.1845667165404814e-08,e6_677247d2a554d053cf8a,44.443059484662726,r910k,am4000_chaingdtmov_g1_kprotection_i0_mreduced_qe6_r4d998_x0_s5em05_tau1em09_t25_ron60_u848_t2_vo_v_rel0_rs2700_rx100_none_none_p1_b0_r1d02_i0_tap0_ph0_gdc420_gimp1000_esd_am4000_t5em05_off10d0_reduced
,,0.0,contact4k,2.397595185541755e-09,e6_677247d2a554d053cf8a,4.8806118602696,r100k,am4000_chaingdtmov_g1_kprotection_i0_mreduced_qe6_r4d998_x0_s5em05_tau1em09_t25_ron60_u848_t2_vo_v_rel0_rs2700_rx100_none_none_p1_b0_r1d02_i0_tap0_ph0_gdc420_gimp1000_esd_am4000_t5em05_off10d0_reduced
0.0,6.671010700280891e-11,,contact4k,1.7912505556657478e-06,e6_677247d2a554d053cf8a,553.0752477202668,rc1,am4000_chaingdtmov_g1_kprotection_i0_mreduced_qe6_r4d998_x0_s5em05_tau1em09_t25_ron60_u848_t2_vo_v_rel0_rs2700_rx100_none_none_p1_b0_r1d02_i0_tap0_ph0_gdc420_gimp1000_esd_am4000_t5em05_off10d0_reduced
0.0,6.671010700280813e-11,,contact4k,1.7912505556657478e-06,e6_677247d2a554d053cf8a,553.0752477202327,rc2,am4000_chaingdtmov_g1_kprotection_i0_mreduced_qe6_r4d998_x0_s5em05_tau1em09_t25_ron60_u848_t2_vo_v_rel0_rs2700_rx100_none_none_p1_b0_r1d02_i0_tap0_ph0_gdc420_gimp1000_esd_am4000_t5em05_off10d0_reduced
0.0,6.671010700280775e-11,,contact4k,1.7912505556657478e-06,e6_677247d2a554d053cf8a,553.0752477202155,rc3,am4000_chaingdtmov_g1_kprotection_i0_mreduced_qe6_r4d998_x0_s5em05_tau1em09_t25_ron60_u848_t2_vo_v_rel0_rs2700_rx100_none_none_p1_b0_r1d02_i0_tap0_ph0_gdc420_gimp1000_esd_am4000_t5em05_off10d0_reduced
,,1.580997367473531e-09,contact4k,3.474630882845866e-08,e6_994a45265d0af1f2f0ba,412.70047048944707,r1a,am4000_chaingdtmov_g1_kprotection_i0_mreduced_qe6_r4d998_x0_s5em05_tau1em07_t25_ron60_u848_t2_vo_v_rel0_rs2700_rx100_none_none_p1_b0_r1d02_i0_tap0_ph0_gdc420_gimp1000_esd_am4000_t5em05_off10d0_reduced
,,1.5809973674735308e-09,contact4k,3.474630882845866e-08,e6_994a45265d0af1f2f0ba,412.7004704894473,r1b,am4000_chaingdtmov_g1_kprotection_i0_mreduced_qe6_r4d998_x0_s5em05_tau1em07_t25_ron60_u848_t2_vo_v_rel0_rs2700_rx100_none_none_p1_b0_r1d02_i0_tap0_ph0_gdc420_gimp1000_esd_am4000_t5em05_off10d0_reduced
,,1.5809973674735328e-09,contact4k,3.474630882845873e-08,e6_994a45265d0af1f2f0ba,412.7004704894466,r2a,am4000_chaingdtmov_g1_kprotection_i0_mreduced_qe6_r4d998_x0_s5em05_tau1em07_t25_ron60_u848_t2_vo_v_rel0_rs2700_rx100_none_none_p1_b0_r1d02_i0_tap0_ph0_gdc420_gimp1000_esd_am4000_t5em05_off10d0_reduced
,,1.5809973674735308e-09,contact4k,3.474630882845873e-08,e6_994a45265d0af1f2f0ba,412.7004704894466,r2b,am4000_chaingdtmov_g1_kprotection_i0_mreduced_qe6_r4d998_x0_s5em05_tau1em07_t25_ron60_u848_t2_vo_v_rel0_rs2700_rx100_none_none_p1_b0_r1d02_i0_tap0_ph0_gdc420_gimp1000_esd_am4000_t5em05_off10d0_reduced
,,1.5809973674735312e-09,contact4k,3.474630882845877e-08,e6_994a45265d0af1f2f0ba,412.7004704894462,r3a,am4000_chaingdtmov_g1_kprotection_i0_mreduced_qe6_r4d998_x0_s5em05_tau1em07_t25_ron60_u848_t2_vo_v_rel0_rs2700_rx100_none_none_p1_b0_r1d02_i0_tap0_ph0_gdc420_gimp1000_esd_am4000_t5em05_off10d0_reduced
,,1.5809973674735316e-09,contact4k,3.474630882845877e-08,e6_994a45265d0af1f2f0ba,412.7004704894462,r3b,am4000_chaingdtmov_g1_kprotection_i0_mreduced_qe6_r4d998_x0_s5em05_tau1em07_t25_ron60_u848_t2_vo_v_rel0_rs2700_rx100_none_none_p1_b0_r1d02_i0_tap0_ph0_gdc420_gimp1000_esd_am4000_t5em05_off10d0_reduced
,,0.0,contact4k,2.0421627095670352e-08,e6_994a45265d0af1f2f0ba,43.873060907797395,r910k,am4000_chaingdtmov_g1_kprotection_i0_mreduced_qe6_r4d998_x0_s5em05_tau1em07_t25_ron60_u848_t2_vo_v_rel0_rs2700_rx100_none_none_p1_b0_r1d02_i0_tap0_ph0_gdc420_gimp1000_esd_am4000_t5em05_off10d0_reduced
,,0.0,contact4k,2.2413043339040524e-09,e6_994a45265d0af1f2f0ba,4.81801473504834,r100k,am4000_chaingdtmov_g1_kprotection_i0_mreduced_qe6_r4d998_x0_s5em05_tau1em07_t25_ron60_u848_t2_vo_v_rel0_rs2700_rx100_none_none_p1_b0_r1d02_i0_tap0_ph0_gdc420_gimp1000_esd_am4000_t5em05_off10d0_reduced
0.0,1.5555681692919294e-09,,contact4k,1.971454417718761e-06,e6_994a45265d0af1f2f0ba,824.9206844498415,rc1,am4000_chaingdtmov_g1_kprotection_i0_mreduced_qe6_r4d998_x0_s5em05_tau1em07_t25_ron60_u848_t2_vo_v_rel0_rs2700_rx100_none_none_p1_b0_r1d02_i0_tap0_ph0_gdc420_gimp1000_esd_am4000_t5em05_off10d0_reduced
0.0,1.55556816929193e-09,,contact4k,1.9714544177187615e-06,e6_994a45265d0af1f2f0ba,824.9206844498403,rc2,am4000_chaingdtmov_g1_kprotection_i0_mreduced_qe6_r4d998_x0_s5em05_tau1em07_t25_ron60_u848_t2_vo_v_rel0_rs2700_rx100_none_none_p1_b0_r1d02_i0_tap0_ph0_gdc420_gimp1000_esd_am4000_t5em05_off10d0_reduced
0.0,1.5555681692919296e-09,,contact4k,1.971454417718761e-06,e6_994a45265d0af1f2f0ba,824.9206844498395,rc3,am4000_chaingdtmov_g1_kprotection_i0_mreduced_qe6_r4d998_x0_s5em05_tau1em07_t25_ron60_u848_t2_vo_v_rel0_rs2700_rx100_none_none_p1_b0_r1d02_i0_tap0_ph0_gdc420_gimp1000_esd_am4000_t5em05_off10d0_reduced
,,6.674436001916109e-11,contact4k,3.699452805032105e-08,e6_f76798d3204918007cd2,276.59074106010576,r1a,am4000_chaingdtmov_g1_kprotection_i0_mreduced_qe6_r4d998_x0_s5em05_tau1em09_t25_ron60_u849_t2_vo_v_rel0_rs2700_rx100_none_none_p1_b0_r1d02_i0_tap0_ph0_gdc780_gimp1000_esd_am4000_t5em05_off10d0_reduced
,,6.674436001916115e-11,contact4k,3.699452805032105e-08,e6_f76798d3204918007cd2,276.59074106010576,r1b,am4000_chaingdtmov_g1_kprotection_i0_mreduced_qe6_r4d998_x0_s5em05_tau1em09_t25_ron60_u849_t2_vo_v_rel0_rs2700_rx100_none_none_p1_b0_r1d02_i0_tap0_ph0_gdc780_gimp1000_esd_am4000_t5em05_off10d0_reduced
,,6.674436001916065e-11,contact4k,3.6994528050321125e-08,e6_f76798d3204918007cd2,276.590741060088,r2a,am4000_chaingdtmov_g1_kprotection_i0_mreduced_qe6_r4d998_x0_s5em05_tau1em09_t25_ron60_u849_t2_vo_v_rel0_rs2700_rx100_none_none_p1_b0_r1d02_i0_tap0_ph0_gdc780_gimp1000_esd_am4000_t5em05_off10d0_reduced
,,6.674436001916063e-11,contact4k,3.6994528050321125e-08,e6_f76798d3204918007cd2,276.59074106008813,r2b,am4000_chaingdtmov_g1_kprotection_i0_mreduced_qe6_r4d998_x0_s5em05_tau1em09_t25_ron60_u849_t2_vo_v_rel0_rs2700_rx100_none_none_p1_b0_r1d02_i0_tap0_ph0_gdc780_gimp1000_esd_am4000_t5em05_off10d0_reduced
,,6.674436001916043e-11,contact4k,3.699452805032118e-08,e6_f76798d3204918007cd2,276.5907410600793,r3a,am4000_chaingdtmov_g1_kprotection_i0_mreduced_qe6_r4d998_x0_s5em05_tau1em09_t25_ron60_u849_t2_vo_v_rel0_rs2700_rx100_none_none_p1_b0_r1d02_i0_tap0_ph0_gdc780_gimp1000_esd_am4000_t5em05_off10d0_reduced
,,6.674436001916043e-11,contact4k,3.699452805032118e-08,e6_f76798d3204918007cd2,276.5907410600793,r3b,am4000_chaingdtmov_g1_kprotection_i0_mreduced_qe6_r4d998_x0_s5em05_tau1em09_t25_ron60_u849_t2_vo_v_rel0_rs2700_rx100_none_none_p1_b0_r1d02_i0_tap0_ph0_gdc780_gimp1000_esd_am4000_t5em05_off10d0_reduced
,,0.0,contact4k,2.1845667202974815e-08,e6_f76798d3204918007cd2,44.44305951996316,r910k,am4000_chaingdtmov_g1_kprotection_i0_mreduced_qe6_r4d998_x0_s5em05_tau1em09_t25_ron60_u849_t2_vo_v_rel0_rs2700_rx100_none_none_p1_b0_r1d02_i0_tap0_ph0_gdc780_gimp1000_esd_am4000_t5em05_off10d0_reduced
,,0.0,contact4k,2.397595189665121e-09,e6_f76798d3204918007cd2,4.880611864145518,r100k,am4000_chaingdtmov_g1_kprotection_i0_mreduced_qe6_r4d998_x0_s5em05_tau1em09_t25_ron60_u849_t2_vo_v_rel0_rs2700_rx100_none_none_p1_b0_r1d02_i0_tap0_ph0_gdc780_gimp1000_esd_am4000_t5em05_off10d0_reduced
0.0,6.671014399016582e-11,,contact4k,1.7912505598195042e-06,e6_f76798d3204918007cd2,553.0754974772765,rc1,am4000_chaingdtmov_g1_kprotection_i0_mreduced_qe6_r4d998_x0_s5em05_tau1em09_t25_ron60_u849_t2_vo_v_rel0_rs2700_rx100_none_none_p1_b0_r1d02_i0_tap0_ph0_gdc780_gimp1000_esd_am4000_t5em05_off10d0_reduced
0.0,6.671014399016535e-11,,contact4k,1.7912505598195042e-06,e6_f76798d3204918007cd2,553.0754974772412,rc2,am4000_chaingdtmov_g1_kprotection_i0_mreduced_qe6_r4d998_x0_s5em05_tau1em09_t25_ron60_u849_t2_vo_v_rel0_rs2700_rx100_none_none_p1_b0_r1d02_i0_tap0_ph0_gdc780_gimp1000_esd_am4000_t5em05_off10d0_reduced
0.0,6.671014399016513e-11,,contact4k,1.7912505598195044e-06,e6_f76798d3204918007cd2,553.0754974772237,rc3,am4000_chaingdtmov_g1_kprotection_i0_mreduced_qe6_r4d998_x0_s5em05_tau1em09_t25_ron60_u849_t2_vo_v_rel0_rs2700_rx100_none_none_p1_b0_r1d02_i0_tap0_ph0_gdc780_gimp1000_esd_am4000_t5em05_off10d0_reduced
,,1.5809973674735256e-09,contact4k,3.4746308742668844e-08,e6_c827ab706fdf1f21eabf,412.7004704894466,r1a,am4000_chaingdtmov_g1_kprotection_i0_mreduced_qe6_r4d998_x0_s5em05_tau1em07_t25_ron60_u849_t2_vo_v_rel0_rs2700_rx100_none_none_p1_b0_r1d02_i0_tap0_ph0_gdc780_gimp1000_esd_am4000_t5em05_off10d0_reduced
,,1.580997367473528e-09,contact4k,3.474630874266884e-08,e6_c827ab706fdf1f21eabf,412.70047048944684,r1b,am4000_chaingdtmov_g1_kprotection_i0_mreduced_qe6_r4d998_x0_s5em05_tau1em07_t25_ron60_u849_t2_vo_v_rel0_rs2700_rx100_none_none_p1_b0_r1d02_i0_tap0_ph0_gdc780_gimp1000_esd_am4000_t5em05_off10d0_reduced
,,1.5809973674735277e-09,contact4k,3.474630874266891e-08,e6_c827ab706fdf1f21eabf,412.7004704894464,r2a,am4000_chaingdtmov_g1_kprotection_i0_mreduced_qe6_r4d998_x0_s5em05_tau1em07_t25_ron60_u849_t2_vo_v_rel0_rs2700_rx100_none_none_p1_b0_r1d02_i0_tap0_ph0_gdc780_gimp1000_esd_am4000_t5em05_off10d0_reduced
,,1.5809973674735275e-09,contact4k,3.474630874266891e-08,e6_c827ab706fdf1f21eabf,412.7004704894465,r2b,am4000_chaingdtmov_g1_kprotection_i0_mreduced_qe6_r4d998_x0_s5em05_tau1em07_t25_ron60_u849_t2_vo_v_rel0_rs2700_rx100_none_none_p1_b0_r1d02_i0_tap0_ph0_gdc780_gimp1000_esd_am4000_t5em05_off10d0_reduced
,,1.5809973674735285e-09,contact4k,3.474630874266896e-08,e6_c827ab706fdf1f21eabf,412.7004704894464,r3a,am4000_chaingdtmov_g1_kprotection_i0_mreduced_qe6_r4d998_x0_s5em05_tau1em07_t25_ron60_u849_t2_vo_v_rel0_rs2700_rx100_none_none_p1_b0_r1d02_i0_tap0_ph0_gdc780_gimp1000_esd_am4000_t5em05_off10d0_reduced
,,1.580997367473528e-09,contact4k,3.474630874266896e-08,e6_c827ab706fdf1f21eabf,412.7004704894464,r3b,am4000_chaingdtmov_g1_kprotection_i0_mreduced_qe6_r4d998_x0_s5em05_tau1em07_t25_ron60_u849_t2_vo_v_rel0_rs2700_rx100_none_none_p1_b0_r1d02_i0_tap0_ph0_gdc780_gimp1000_esd_am4000_t5em05_off10d0_reduced
,,0.0,contact4k,2.0421627043655594e-08,e6_c827ab706fdf1f21eabf,43.87306083995021,r910k,am4000_chaingdtmov_g1_kprotection_i0_mreduced_qe6_r4d998_x0_s5em05_tau1em07_t25_ron60_u849_t2_vo_v_rel0_rs2700_rx100_none_none_p1_b0_r1d02_i0_tap0_ph0_gdc780_gimp1000_esd_am4000_t5em05_off10d0_reduced
,,0.0,contact4k,2.2413043281953497e-09,e6_c827ab706fdf1f21eabf,4.8180147278076735,r100k,am4000_chaingdtmov_g1_kprotection_i0_mreduced_qe6_r4d998_x0_s5em05_tau1em07_t25_ron60_u849_t2_vo_v_rel0_rs2700_rx100_none_none_p1_b0_r1d02_i0_tap0_ph0_gdc780_gimp1000_esd_am4000_t5em05_off10d0_reduced
0.0,1.5555681692919257e-09,,contact4k,1.971454417533105e-06,e6_c827ab706fdf1f21eabf,824.9206844498406,rc1,am4000_chaingdtmov_g1_kprotection_i0_mreduced_qe6_r4d998_x0_s5em05_tau1em07_t25_ron60_u849_t2_vo_v_rel0_rs2700_rx100_none_none_p1_b0_r1d02_i0_tap0_ph0_gdc780_gimp1000_esd_am4000_t5em05_off10d0_reduced
0.0,1.555568169291926e-09,,contact4k,1.971454417533105e-06,e6_c827ab706fdf1f21eabf,824.92068444984,rc2,am4000_chaingdtmov_g1_kprotection_i0_mreduced_qe6_r4d998_x0_s5em05_tau1em07_t25_ron60_u849_t2_vo_v_rel0_rs2700_rx100_none_none_p1_b0_r1d02_i0_tap0_ph0_gdc780_gimp1000_esd_am4000_t5em05_off10d0_reduced
0.0,1.5555681692919265e-09,,contact4k,1.971454417533105e-06,e6_c827ab706fdf1f21eabf,824.9206844498399,rc3,am4000_chaingdtmov_g1_kprotection_i0_mreduced_qe6_r4d998_x0_s5em05_tau1em07_t25_ron60_u849_t2_vo_v_rel0_rs2700_rx100_none_none_p1_b0_r1d02_i0_tap0_ph0_gdc780_gimp1000_esd_am4000_t5em05_off10d0_reduced
,,7.018214826734571e-11,contact4k,3.719142148394203e-08,e6_b8fbf55e1fa19e576f52,281.7446463530814,r1a,am4000_chaingdtmov_g1_kprotection_i0_mreduced_qe6_r4d998_x0_s5em05_tau1em09_t25_ron60_u850_t2_vo_v_rel0_rs2700_rx100_none_none_p0_b0_r1d02_i0_tap0_ph0_gdc420_gimp1000_esd_am4000_t5em05_off10d0_reduced
,,7.018214826734566e-11,contact4k,3.719142148394202e-08,e6_b8fbf55e1fa19e576f52,281.7446463530814,r1b,am4000_chaingdtmov_g1_kprotection_i0_mreduced_qe6_r4d998_x0_s5em05_tau1em09_t25_ron60_u850_t2_vo_v_rel0_rs2700_rx100_none_none_p0_b0_r1d02_i0_tap0_ph0_gdc420_gimp1000_esd_am4000_t5em05_off10d0_reduced
,,7.018214826734551e-11,contact4k,3.719142148394197e-08,e6_b8fbf55e1fa19e576f52,281.7446463530662,r2a,am4000_chaingdtmov_g1_kprotection_i0_mreduced_qe6_r4d998_x0_s5em05_tau1em09_t25_ron60_u850_t2_vo_v_rel0_rs2700_rx100_none_none_p0_b0_r1d02_i0_tap0_ph0_gdc420_gimp1000_esd_am4000_t5em05_off10d0_reduced
,,7.018214826734552e-11,contact4k,3.719142148394197e-08,e6_b8fbf55e1fa19e576f52,281.7446463530662,r2b,am4000_chaingdtmov_g1_kprotection_i0_mreduced_qe6_r4d998_x0_s5em05_tau1em09_t25_ron60_u850_t2_vo_v_rel0_rs2700_rx100_none_none_p0_b0_r1d02_i0_tap0_ph0_gdc420_gimp1000_esd_am4000_t5em05_off10d0_reduced
,,7.018214826734534e-11,contact4k,3.7191421483942015e-08,e6_b8fbf55e1fa19e576f52,281.7446463530584,r3a,am4000_chaingdtmov_g1_kprotection_i0_mreduced_qe6_r4d998_x0_s5em05_tau1em09_t25_ron60_u850_t2_vo_v_rel0_rs2700_rx100_none_none_p0_b0_r1d02_i0_tap0_ph0_gdc420_gimp1000_esd_am4000_t5em05_off10d0_reduced
,,7.018214826734533e-11,contact4k,3.7191421483942015e-08,e6_b8fbf55e1fa19e576f52,281.74464635305844,r3b,am4000_chaingdtmov_g1_kprotection_i0_mreduced_qe6_r4d998_x0_s5em05_tau1em09_t25_ron60_u850_t2_vo_v_rel0_rs2700_rx100_none_none_p0_b0_r1d02_i0_tap0_ph0_gdc420_gimp1000_esd_am4000_t5em05_off10d0_reduced
,,0.0,contact4k,2.1961851669067008e-08,e6_b8fbf55e1fa19e576f52,44.78486958495372,r910k,am4000_chaingdtmov_g1_kprotection_i0_mreduced_qe6_r4d998_x0_s5em05_tau1em09_t25_ron60_u850_t2_vo_v_rel0_rs2700_rx100_none_none_p0_b0_r1d02_i0_tap0_ph0_gdc420_gimp1000_esd_am4000_t5em05_off10d0_reduced
,,0.0,contact4k,1.2054202151147687e-10,e6_b8fbf55e1fa19e576f52,0.5609838210481236,r100k,am4000_chaingdtmov_g1_kprotection_i0_mreduced_qe6_r4d998_x0_s5em05_tau1em09_t25_ron60_u850_t2_vo_v_rel0_rs2700_rx100_none_none_p0_b0_r1d02_i0_tap0_ph0_gdc420_gimp1000_esd_am4000_t5em05_off10d0_reduced
0.0,7.014793960218108e-11,,contact4k,1.803398808290153e-06,e6_b8fbf55e1fa19e576f52,563.3785974377977,rc1,am4000_chaingdtmov_g1_kprotection_i0_mreduced_qe6_r4d998_x0_s5em05_tau1em09_t25_ron60_u850_t2_vo_v_rel0_rs2700_rx100_none_none_p0_b0_r1d02_i0_tap0_ph0_gdc420_gimp1000_esd_am4000_t5em05_off10d0_reduced
0.0,7.01479396021809e-11,,contact4k,1.803398808290153e-06,e6_b8fbf55e1fa19e576f52,563.378597437767,rc2,am4000_chaingdtmov_g1_kprotection_i0_mreduced_qe6_r4d998_x0_s5em05_tau1em09_t25_ron60_u850_t2_vo_v_rel0_rs2700_rx100_none_none_p0_b0_r1d02_i0_tap0_ph0_gdc420_gimp1000_esd_am4000_t5em05_off10d0_reduced
0.0,7.014793960218072e-11,,contact4k,1.8033988082901527e-06,e6_b8fbf55e1fa19e576f52,563.3785974377515,rc3,am4000_chaingdtmov_g1_kprotection_i0_mreduced_qe6_r4d998_x0_s5em05_tau1em09_t25_ron60_u850_t2_vo_v_rel0_rs2700_rx100_none_none_p0_b0_r1d02_i0_tap0_ph0_gdc420_gimp1000_esd_am4000_t5em05_off10d0_reduced
,,1.602020650269255e-09,contact4k,3.494169284689205e-08,e6_4ab1b147542d2418685e,420.24028426409404,r1a,am4000_chaingdtmov_g1_kprotection_i0_mreduced_qe6_r4d998_x0_s5em05_tau1em07_t25_ron60_u850_t2_vo_v_rel0_rs2700_rx100_none_none_p0_b0_r1d02_i0_tap0_ph0_gdc420_gimp1000_esd_am4000_t5em05_off10d0_reduced
,,1.6020206502692552e-09,contact4k,3.494169284689205e-08,e6_4ab1b147542d2418685e,420.24028426409427,r1b,am4000_chaingdtmov_g1_kprotection_i0_mreduced_qe6_r4d998_x0_s5em05_tau1em07_t25_ron60_u850_t2_vo_v_rel0_rs2700_rx100_none_none_p0_b0_r1d02_i0_tap0_ph0_gdc420_gimp1000_esd_am4000_t5em05_off10d0_reduced
,,1.6020206502692527e-09,contact4k,3.494169284689199e-08,e6_4ab1b147542d2418685e,420.24028426409336,r2a,am4000_chaingdtmov_g1_kprotection_i0_mreduced_qe6_r4d998_x0_s5em05_tau1em07_t25_ron60_u850_t2_vo_v_rel0_rs2700_rx100_none_none_p0_b0_r1d02_i0_tap0_ph0_gdc420_gimp1000_esd_am4000_t5em05_off10d0_reduced
,,1.602020650269252e-09,contact4k,3.494169284689199e-08,e6_4ab1b147542d2418685e,420.24028426409336,r2b,am4000_chaingdtmov_g1_kprotection_i0_mreduced_qe6_r4d998_x0_s5em05_tau1em07_t25_ron60_u850_t2_vo_v_rel0_rs2700_rx100_none_none_p0_b0_r1d02_i0_tap0_ph0_gdc420_gimp1000_esd_am4000_t5em05_off10d0_reduced
,,1.6020206502692514e-09,contact4k,3.4941692846892046e-08,e6_4ab1b147542d2418685e,420.24028426409313,r3a,am4000_chaingdtmov_g1_kprotection_i0_mreduced_qe6_r4d998_x0_s5em05_tau1em07_t25_ron60_u850_t2_vo_v_rel0_rs2700_rx100_none_none_p0_b0_r1d02_i0_tap0_ph0_gdc420_gimp1000_esd_am4000_t5em05_off10d0_reduced
,,1.6020206502692514e-09,contact4k,3.4941692846892046e-08,e6_4ab1b147542d2418685e,420.2402842640931,r3b,am4000_chaingdtmov_g1_kprotection_i0_mreduced_qe6_r4d998_x0_s5em05_tau1em07_t25_ron60_u850_t2_vo_v_rel0_rs2700_rx100_none_none_p0_b0_r1d02_i0_tap0_ph0_gdc420_gimp1000_esd_am4000_t5em05_off10d0_reduced
,,0.0,contact4k,2.0535489535401845e-08,e6_4ab1b147542d2418685e,44.199781917603076,r910k,am4000_chaingdtmov_g1_kprotection_i0_mreduced_qe6_r4d998_x0_s5em05_tau1em07_t25_ron60_u850_t2_vo_v_rel0_rs2700_rx100_none_none_p0_b0_r1d02_i0_tap0_ph0_gdc420_gimp1000_esd_am4000_t5em05_off10d0_reduced
,,0.0,contact4k,1.2072699603730567e-10,e6_4ab1b147542d2418685e,0.5631484687664337,r100k,am4000_chaingdtmov_g1_kprotection_i0_mreduced_qe6_r4d998_x0_s5em05_tau1em07_t25_ron60_u850_t2_vo_v_rel0_rs2700_rx100_none_none_p0_b0_r1d02_i0_tap0_ph0_gdc420_gimp1000_esd_am4000_t5em05_off10d0_reduced
0.0,1.5716559510919145e-09,,contact4k,1.9877319791742115e-06,e6_4ab1b147542d2418685e,839.9885922112035,rc1,am4000_chaingdtmov_g1_kprotection_i0_mreduced_qe6_r4d998_x0_s5em05_tau1em07_t25_ron60_u850_t2_vo_v_rel0_rs2700_rx100_none_none_p0_b0_r1d02_i0_tap0_ph0_gdc420_gimp1000_esd_am4000_t5em05_off10d0_reduced
0.0,1.571655951091912e-09,,contact4k,1.9877319791742106e-06,e6_4ab1b147542d2418685e,839.988592211202,rc2,am4000_chaingdtmov_g1_kprotection_i0_mreduced_qe6_r4d998_x0_s5em05_tau1em07_t25_ron60_u850_t2_vo_v_rel0_rs2700_rx100_none_none_p0_b0_r1d02_i0_tap0_ph0_gdc420_gimp1000_esd_am4000_t5em05_off10d0_reduced
0.0,1.571655951091911e-09,,contact4k,1.987731979174211e-06,e6_4ab1b147542d2418685e,839.9885922112014,rc3,am4000_chaingdtmov_g1_kprotection_i0_mreduced_qe6_r4d998_x0_s5em05_tau1em07_t25_ron60_u850_t2_vo_v_rel0_rs2700_rx100_none_none_p0_b0_r1d02_i0_tap0_ph0_gdc420_gimp1000_esd_am4000_t5em05_off10d0_reduced
,,7.01821336899454e-11,contact4k,3.719142139488063e-08,e6_b7be076bbf51274e29e9,281.7446722825018,r1a,am4000_chaingdtmov_g1_kprotection_i0_mreduced_qe6_r4d998_x0_s5em05_tau1em09_t25_ron60_u851_t2_vo_v_rel0_rs2700_rx100_none_none_p0_b0_r1d02_i0_tap0_ph0_gdc780_gimp1000_esd_am4000_t5em05_off10d0_reduced
,,7.01821336899454e-11,contact4k,3.719142139488063e-08,e6_b7be076bbf51274e29e9,281.7446722825018,r1b,am4000_chaingdtmov_g1_kprotection_i0_mreduced_qe6_r4d998_x0_s5em05_tau1em09_t25_ron60_u851_t2_vo_v_rel0_rs2700_rx100_none_none_p0_b0_r1d02_i0_tap0_ph0_gdc780_gimp1000_esd_am4000_t5em05_off10d0_reduced
,,7.018213368994474e-11,contact4k,3.719142139488056e-08,e6_b7be076bbf51274e29e9,281.7446722824902,r2a,am4000_chaingdtmov_g1_kprotection_i0_mreduced_qe6_r4d998_x0_s5em05_tau1em09_t25_ron60_u851_t2_vo_v_rel0_rs2700_rx100_none_none_p0_b0_r1d02_i0_tap0_ph0_gdc780_gimp1000_esd_am4000_t5em05_off10d0_reduced
,,7.018213368994475e-11,contact4k,3.719142139488057e-08,e6_b7be076bbf51274e29e9,281.7446722824902,r2b,am4000_chaingdtmov_g1_kprotection_i0_mreduced_qe6_r4d998_x0_s5em05_tau1em09_t25_ron60_u851_t2_vo_v_rel0_rs2700_rx100_none_none_p0_b0_r1d02_i0_tap0_ph0_gdc780_gimp1000_esd_am4000_t5em05_off10d0_reduced
,,7.018213368994445e-11,contact4k,3.7191421394880616e-08,e6_b7be076bbf51274e29e9,281.74467228248443,r3a,am4000_chaingdtmov_g1_kprotection_i0_mreduced_qe6_r4d998_x0_s5em05_tau1em09_t25_ron60_u851_t2_vo_v_rel0_rs2700_rx100_none_none_p0_b0_r1d02_i0_tap0_ph0_gdc780_gimp1000_esd_am4000_t5em05_off10d0_reduced
,,7.018213368994445e-11,contact4k,3.7191421394880616e-08,e6_b7be076bbf51274e29e9,281.74467228248443,r3b,am4000_chaingdtmov_g1_kprotection_i0_mreduced_qe6_r4d998_x0_s5em05_tau1em09_t25_ron60_u851_t2_vo_v_rel0_rs2700_rx100_none_none_p0_b0_r1d02_i0_tap0_ph0_gdc780_gimp1000_esd_am4000_t5em05_off10d0_reduced
,,0.0,contact4k,2.1961851615286924e-08,e6_b7be076bbf51274e29e9,44.784869533566805,r910k,am4000_chaingdtmov_g1_kprotection_i0_mreduced_qe6_r4d998_x0_s5em05_tau1em09_t25_ron60_u851_t2_vo_v_rel0_rs2700_rx100_none_none_p0_b0_r1d02_i0_tap0_ph0_gdc780_gimp1000_esd_am4000_t5em05_off10d0_reduced
,,0.0,contact4k,1.2054202149690557e-10,e6_b7be076bbf51274e29e9,0.5609838210443673,r100k,am4000_chaingdtmov_g1_kprotection_i0_mreduced_qe6_r4d998_x0_s5em05_tau1em09_t25_ron60_u851_t2_vo_v_rel0_rs2700_rx100_none_none_p0_b0_r1d02_i0_tap0_ph0_gdc780_gimp1000_esd_am4000_t5em05_off10d0_reduced
0.0,7.01479249792409e-11,,contact4k,1.8033988074670497e-06,e6_b7be076bbf51274e29e9,563.3786492957147,rc1,am4000_chaingdtmov_g1_kprotection_i0_mreduced_qe6_r4d998_x0_s5em05_tau1em09_t25_ron60_u851_t2_vo_v_rel0_rs2700_rx100_none_none_p0_b0_r1d02_i0_tap0_ph0_gdc780_gimp1000_esd_am4000_t5em05_off10d0_reduced
0.0,7.014792497924027e-11,,contact4k,1.80339880746705e-06,e6_b7be076bbf51274e29e9,563.3786492956915,rc2,am4000_chaingdtmov_g1_kprotection_i0_mreduced_qe6_r4d998_x0_s5em05_tau1em09_t25_ron60_u851_t2_vo_v_rel0_rs2700_rx100_none_none_p0_b0_r1d02_i0_tap0_ph0_gdc780_gimp1000_esd_am4000_t5em05_off10d0_reduced
0.0,7.014792497923997e-11,,contact4k,1.8033988074670497e-06,e6_b7be076bbf51274e29e9,563.37864929568,rc3,am4000_chaingdtmov_g1_kprotection_i0_mreduced_qe6_r4d998_x0_s5em05_tau1em09_t25_ron60_u851_t2_vo_v_rel0_rs2700_rx100_none_none_p0_b0_r1d02_i0_tap0_ph0_gdc780_gimp1000_esd_am4000_t5em05_off10d0_reduced
,,1.6020206502692303e-09,contact4k,3.494169276042929e-08,e6_8a5a9b6c8cead59d9b45,420.2402842640895,r1a,am4000_chaingdtmov_g1_kprotection_i0_mreduced_qe6_r4d998_x0_s5em05_tau1em07_t25_ron60_u851_t2_vo_v_rel0_rs2700_rx100_none_none_p0_b0_r1d02_i0_tap0_ph0_gdc780_gimp1000_esd_am4000_t5em05_off10d0_reduced
,,1.6020206502692308e-09,contact4k,3.494169276042929e-08,e6_8a5a9b6c8cead59d9b45,420.24028426408927,r1b,am4000_chaingdtmov_g1_kprotection_i0_mreduced_qe6_r4d998_x0_s5em05_tau1em07_t25_ron60_u851_t2_vo_v_rel0_rs2700_rx100_none_none_p0_b0_r1d02_i0_tap0_ph0_gdc780_gimp1000_esd_am4000_t5em05_off10d0_reduced
,,1.602020650269234e-09,contact4k,3.494169276042923e-08,e6_8a5a9b6c8cead59d9b45,420.24028426408813,r2a,am4000_chaingdtmov_g1_kprotection_i0_mreduced_qe6_r4d998_x0_s5em05_tau1em07_t25_ron60_u851_t2_vo_v_rel0_rs2700_rx100_none_none_p0_b0_r1d02_i0_tap0_ph0_gdc780_gimp1000_esd_am4000_t5em05_off10d0_reduced
,,1.6020206502692337e-09,contact4k,3.494169276042923e-08,e6_8a5a9b6c8cead59d9b45,420.24028426408813,r2b,am4000_chaingdtmov_g1_kprotection_i0_mreduced_qe6_r4d998_x0_s5em05_tau1em07_t25_ron60_u851_t2_vo_v_rel0_rs2700_rx100_none_none_p0_b0_r1d02_i0_tap0_ph0_gdc780_gimp1000_esd_am4000_t5em05_off10d0_reduced
,,1.6020206502692328e-09,contact4k,3.494169276042928e-08,e6_8a5a9b6c8cead59d9b45,420.2402842640874,r3a,am4000_chaingdtmov_g1_kprotection_i0_mreduced_qe6_r4d998_x0_s5em05_tau1em07_t25_ron60_u851_t2_vo_v_rel0_rs2700_rx100_none_none_p0_b0_r1d02_i0_tap0_ph0_gdc780_gimp1000_esd_am4000_t5em05_off10d0_reduced
,,1.6020206502692332e-09,contact4k,3.494169276042928e-08,e6_8a5a9b6c8cead59d9b45,420.2402842640875,r3b,am4000_chaingdtmov_g1_kprotection_i0_mreduced_qe6_r4d998_x0_s5em05_tau1em07_t25_ron60_u851_t2_vo_v_rel0_rs2700_rx100_none_none_p0_b0_r1d02_i0_tap0_ph0_gdc780_gimp1000_esd_am4000_t5em05_off10d0_reduced
,,0.0,contact4k,2.0535489483006323e-08,e6_8a5a9b6c8cead59d9b45,44.19978189096686,r910k,am4000_chaingdtmov_g1_kprotection_i0_mreduced_qe6_r4d998_x0_s5em05_tau1em07_t25_ron60_u851_t2_vo_v_rel0_rs2700_rx100_none_none_p0_b0_r1d02_i0_tap0_ph0_gdc780_gimp1000_esd_am4000_t5em05_off10d0_reduced
,,0.0,contact4k,1.207269960327466e-10,e6_8a5a9b6c8cead59d9b45,0.5631484687664337,r100k,am4000_chaingdtmov_g1_kprotection_i0_mreduced_qe6_r4d998_x0_s5em05_tau1em07_t25_ron60_u851_t2_vo_v_rel0_rs2700_rx100_none_none_p0_b0_r1d02_i0_tap0_ph0_gdc780_gimp1000_esd_am4000_t5em05_off10d0_reduced
0.0,1.5716559510918886e-09,,contact4k,1.9877319789940463e-06,e6_8a5a9b6c8cead59d9b45,839.9885922111941,rc1,am4000_chaingdtmov_g1_kprotection_i0_mreduced_qe6_r4d998_x0_s5em05_tau1em07_t25_ron60_u851_t2_vo_v_rel0_rs2700_rx100_none_none_p0_b0_r1d02_i0_tap0_ph0_gdc780_gimp1000_esd_am4000_t5em05_off10d0_reduced
0.0,1.5716559510918923e-09,,contact4k,1.9877319789940463e-06,e6_8a5a9b6c8cead59d9b45,839.9885922111915,rc2,am4000_chaingdtmov_g1_kprotection_i0_mreduced_qe6_r4d998_x0_s5em05_tau1em07_t25_ron60_u851_t2_vo_v_rel0_rs2700_rx100_none_none_p0_b0_r1d02_i0_tap0_ph0_gdc780_gimp1000_esd_am4000_t5em05_off10d0_reduced
0.0,1.5716559510918915e-09,,contact4k,1.987731978994046e-06,e6_8a5a9b6c8cead59d9b45,839.9885922111902,rc3,am4000_chaingdtmov_g1_kprotection_i0_mreduced_qe6_r4d998_x0_s5em05_tau1em07_t25_ron60_u851_t2_vo_v_rel0_rs2700_rx100_none_none_p0_b0_r1d02_i0_tap0_ph0_gdc780_gimp1000_esd_am4000_t5em05_off10d0_reduced
,,7.018214838086956e-11,contact4k,3.719142148752153e-08,e6_3fbd08fb4eda711133f7,281.7446465368387,r1a,am4000_chaingdtmov_g1_kprotection_i0_mreduced_qe6_r4d998_x0_s5em05_tau1em09_t25_ron60_u852_t2_vo_v_rel0_rs2700_rx100_none_none_p0_b1_r1d02_i0_tap0_ph0_gdc420_gimp1000_esd_am4000_t5em05_off10d0_reduced
,,7.018214838086958e-11,contact4k,3.719142148752153e-08,e6_3fbd08fb4eda711133f7,281.7446465368389,r1b,am4000_chaingdtmov_g1_kprotection_i0_mreduced_qe6_r4d998_x0_s5em05_tau1em09_t25_ron60_u852_t2_vo_v_rel0_rs2700_rx100_none_none_p0_b1_r1d02_i0_tap0_ph0_gdc420_gimp1000_esd_am4000_t5em05_off10d0_reduced
,,7.018214838086892e-11,contact4k,3.71914214875216e-08,e6_3fbd08fb4eda711133f7,281.7446465368323,r2a,am4000_chaingdtmov_g1_kprotection_i0_mreduced_qe6_r4d998_x0_s5em05_tau1em09_t25_ron60_u852_t2_vo_v_rel0_rs2700_rx100_none_none_p0_b1_r1d02_i0_tap0_ph0_gdc420_gimp1000_esd_am4000_t5em05_off10d0_reduced
,,7.018214838086886e-11,contact4k,3.71914214875216e-08,e6_3fbd08fb4eda711133f7,281.7446465368324,r2b,am4000_chaingdtmov_g1_kprotection_i0_mreduced_qe6_r4d998_x0_s5em05_tau1em09_t25_ron60_u852_t2_vo_v_rel0_rs2700_rx100_none_none_p0_b1_r1d02_i0_tap0_ph0_gdc420_gimp1000_esd_am4000_t5em05_off10d0_reduced
,,7.018214838086852e-11,contact4k,3.7191421487521735e-08,e6_3fbd08fb4eda711133f7,281.74464653683043,r3a,am4000_chaingdtmov_g1_kprotection_i0_mreduced_qe6_r4d998_x0_s5em05_tau1em09_t25_ron60_u852_t2_vo_v_rel0_rs2700_rx100_none_none_p0_b1_r1d02_i0_tap0_ph0_gdc420_gimp1000_esd_am4000_t5em05_off10d0_reduced
,,7.018214838086852e-11,contact4k,3.7191421487521735e-08,e6_3fbd08fb4eda711133f7,281.74464653683043,r3b,am4000_chaingdtmov_g1_kprotection_i0_mreduced_qe6_r4d998_x0_s5em05_tau1em09_t25_ron60_u852_t2_vo_v_rel0_rs2700_rx100_none_none_p0_b1_r1d02_i0_tap0_ph0_gdc420_gimp1000_esd_am4000_t5em05_off10d0_reduced
,,0.0,contact4k,2.1961851671226128e-08,e6_3fbd08fb4eda711133f7,44.784869584919235,r910k,am4000_chaingdtmov_g1_kprotection_i0_mreduced_qe6_r4d998_x0_s5em05_tau1em09_t25_ron60_u852_t2_vo_v_rel0_rs2700_rx100_none_none_p0_b1_r1d02_i0_tap0_ph0_gdc420_gimp1000_esd_am4000_t5em05_off10d0_reduced
,,0.0,contact4k,1.2054203048893126e-10,e6_3fbd08fb4eda711133f7,0.5609838211440022,r100k,am4000_chaingdtmov_g1_kprotection_i0_mreduced_qe6_r4d998_x0_s5em05_tau1em09_t25_ron60_u852_t2_vo_v_rel0_rs2700_rx100_none_none_p0_b1_r1d02_i0_tap0_ph0_gdc420_gimp1000_esd_am4000_t5em05_off10d0_reduced
0.0,7.014793971568762e-11,,contact4k,1.8033988082944734e-06,e6_3fbd08fb4eda711133f7,563.378597805128,rc1,am4000_chaingdtmov_g1_kprotection_i0_mreduced_qe6_r4d998_x0_s5em05_tau1em09_t25_ron60_u852_t2_vo_v_rel0_rs2700_rx100_none_none_p0_b1_r1d02_i0_tap0_ph0_gdc420_gimp1000_esd_am4000_t5em05_off10d0_reduced
0.0,7.014793971568693e-11,,contact4k,1.8033988082944732e-06,e6_3fbd08fb4eda711133f7,563.3785978051152,rc2,am4000_chaingdtmov_g1_kprotection_i0_mreduced_qe6_r4d998_x0_s5em05_tau1em09_t25_ron60_u852_t2_vo_v_rel0_rs2700_rx100_none_none_p0_b1_r1d02_i0_tap0_ph0_gdc420_gimp1000_esd_am4000_t5em05_off10d0_reduced
0.0,7.014793971568656e-11,,contact4k,1.8033988082944736e-06,e6_3fbd08fb4eda711133f7,563.3785978051113,rc3,am4000_chaingdtmov_g1_kprotection_i0_mreduced_qe6_r4d998_x0_s5em05_tau1em09_t25_ron60_u852_t2_vo_v_rel0_rs2700_rx100_none_none_p0_b1_r1d02_i0_tap0_ph0_gdc420_gimp1000_esd_am4000_t5em05_off10d0_reduced
,,1.6020206503450832e-09,contact4k,3.494169285035113e-08,e6_f627e0f5005fde21312c,420.2402843058544,r1a,am4000_chaingdtmov_g1_kprotection_i0_mreduced_qe6_r4d998_x0_s5em05_tau1em07_t25_ron60_u852_t2_vo_v_rel0_rs2700_rx100_none_none_p0_b1_r1d02_i0_tap0_ph0_gdc420_gimp1000_esd_am4000_t5em05_off10d0_reduced
,,1.6020206503450832e-09,contact4k,3.494169285035113e-08,e6_f627e0f5005fde21312c,420.24028430585463,r1b,am4000_chaingdtmov_g1_kprotection_i0_mreduced_qe6_r4d998_x0_s5em05_tau1em07_t25_ron60_u852_t2_vo_v_rel0_rs2700_rx100_none_none_p0_b1_r1d02_i0_tap0_ph0_gdc420_gimp1000_esd_am4000_t5em05_off10d0_reduced
,,1.60202065034508e-09,contact4k,3.494169285035119e-08,e6_f627e0f5005fde21312c,420.2402843058544,r2a,am4000_chaingdtmov_g1_kprotection_i0_mreduced_qe6_r4d998_x0_s5em05_tau1em07_t25_ron60_u852_t2_vo_v_rel0_rs2700_rx100_none_none_p0_b1_r1d02_i0_tap0_ph0_gdc420_gimp1000_esd_am4000_t5em05_off10d0_reduced
,,1.6020206503450812e-09,contact4k,3.494169285035119e-08,e6_f627e0f5005fde21312c,420.2402843058543,r2b,am4000_chaingdtmov_g1_kprotection_i0_mreduced_qe6_r4d998_x0_s5em05_tau1em07_t25_ron60_u852_t2_vo_v_rel0_rs2700_rx100_none_none_p0_b1_r1d02_i0_tap0_ph0_gdc420_gimp1000_esd_am4000_t5em05_off10d0_reduced
,,1.6020206503450789e-09,contact4k,3.494169285035132e-08,e6_f627e0f5005fde21312c,420.2402843058543,r3a,am4000_chaingdtmov_g1_kprotection_i0_mreduced_qe6_r4d998_x0_s5em05_tau1em07_t25_ron60_u852_t2_vo_v_rel0_rs2700_rx100_none_none_p0_b1_r1d02_i0_tap0_ph0_gdc420_gimp1000_esd_am4000_t5em05_off10d0_reduced
,,1.602020650345079e-09,contact4k,3.494169285035132e-08,e6_f627e0f5005fde21312c,420.2402843058543,r3b,am4000_chaingdtmov_g1_kprotection_i0_mreduced_qe6_r4d998_x0_s5em05_tau1em07_t25_ron60_u852_t2_vo_v_rel0_rs2700_rx100_none_none_p0_b1_r1d02_i0_tap0_ph0_gdc420_gimp1000_esd_am4000_t5em05_off10d0_reduced
,,0.0,contact4k,2.0535489537483558e-08,e6_f627e0f5005fde21312c,44.19978191756615,r910k,am4000_chaingdtmov_g1_kprotection_i0_mreduced_qe6_r4d998_x0_s5em05_tau1em07_t25_ron60_u852_t2_vo_v_rel0_rs2700_rx100_none_none_p0_b1_r1d02_i0_tap0_ph0_gdc420_gimp1000_esd_am4000_t5em05_off10d0_reduced
,,0.0,contact4k,1.20727005030537e-10,e6_f627e0f5005fde21312c,0.5631484688576467,r100k,am4000_chaingdtmov_g1_kprotection_i0_mreduced_qe6_r4d998_x0_s5em05_tau1em07_t25_ron60_u852_t2_vo_v_rel0_rs2700_rx100_none_none_p0_b1_r1d02_i0_tap0_ph0_gdc420_gimp1000_esd_am4000_t5em05_off10d0_reduced
0.0,1.5716559511664302e-09,,contact4k,1.9877319791927293e-06,e6_f627e0f5005fde21312c,839.9885922945314,rc1,am4000_chaingdtmov_g1_kprotection_i0_mreduced_qe6_r4d998_x0_s5em05_tau1em07_t25_ron60_u852_t2_vo_v_rel0_rs2700_rx100_none_none_p0_b1_r1d02_i0_tap0_ph0_gdc420_gimp1000_esd_am4000_t5em05_off10d0_reduced
0.0,1.571655951166426e-09,,contact4k,1.9877319791927293e-06,e6_f627e0f5005fde21312c,839.9885922945311,rc2,am4000_chaingdtmov_g1_kprotection_i0_mreduced_qe6_r4d998_x0_s5em05_tau1em07_t25_ron60_u852_t2_vo_v_rel0_rs2700_rx100_none_none_p0_b1_r1d02_i0_tap0_ph0_gdc420_gimp1000_esd_am4000_t5em05_off10d0_reduced
0.0,1.5716559511664255e-09,,contact4k,1.9877319791927298e-06,e6_f627e0f5005fde21312c,839.988592294531,rc3,am4000_chaingdtmov_g1_kprotection_i0_mreduced_qe6_r4d998_x0_s5em05_tau1em07_t25_ron60_u852_t2_vo_v_rel0_rs2700_rx100_none_none_p0_b1_r1d02_i0_tap0_ph0_gdc420_gimp1000_esd_am4000_t5em05_off10d0_reduced
,,7.018213380348548e-11,contact4k,3.7191421398460125e-08,e6_ca7139196efa4e9a4aca,281.74467246627705,r1a,am4000_chaingdtmov_g1_kprotection_i0_mreduced_qe6_r4d998_x0_s5em05_tau1em09_t25_ron60_u853_t2_vo_v_rel0_rs2700_rx100_none_none_p0_b1_r1d02_i0_tap0_ph0_gdc780_gimp1000_esd_am4000_t5em05_off10d0_reduced
,,7.01821338034856e-11,contact4k,3.7191421398460125e-08,e6_ca7139196efa4e9a4aca,281.7446724662773,r1b,am4000_chaingdtmov_g1_kprotection_i0_mreduced_qe6_r4d998_x0_s5em05_tau1em09_t25_ron60_u853_t2_vo_v_rel0_rs2700_rx100_none_none_p0_b1_r1d02_i0_tap0_ph0_gdc780_gimp1000_esd_am4000_t5em05_off10d0_reduced
,,7.018213380348456e-11,contact4k,3.71914213984602e-08,e6_ca7139196efa4e9a4aca,281.74467246626136,r2a,am4000_chaingdtmov_g1_kprotection_i0_mreduced_qe6_r4d998_x0_s5em05_tau1em09_t25_ron60_u853_t2_vo_v_rel0_rs2700_rx100_none_none_p0_b1_r1d02_i0_tap0_ph0_gdc780_gimp1000_esd_am4000_t5em05_off10d0_reduced
,,7.01821338034846e-11,contact4k,3.71914213984602e-08,e6_ca7139196efa4e9a4aca,281.7446724662615,r2b,am4000_chaingdtmov_g1_kprotection_i0_mreduced_qe6_r4d998_x0_s5em05_tau1em09_t25_ron60_u853_t2_vo_v_rel0_rs2700_rx100_none_none_p0_b1_r1d02_i0_tap0_ph0_gdc780_gimp1000_esd_am4000_t5em05_off10d0_reduced
,,7.018213380348414e-11,contact4k,3.719142139846033e-08,e6_ca7139196efa4e9a4aca,281.7446724662551,r3a,am4000_chaingdtmov_g1_kprotection_i0_mreduced_qe6_r4d998_x0_s5em05_tau1em09_t25_ron60_u853_t2_vo_v_rel0_rs2700_rx100_none_none_p0_b1_r1d02_i0_tap0_ph0_gdc780_gimp1000_esd_am4000_t5em05_off10d0_reduced
,,7.018213380348413e-11,contact4k,3.719142139846033e-08,e6_ca7139196efa4e9a4aca,281.74467246625505,r3b,am4000_chaingdtmov_g1_kprotection_i0_mreduced_qe6_r4d998_x0_s5em05_tau1em09_t25_ron60_u853_t2_vo_v_rel0_rs2700_rx100_none_none_p0_b1_r1d02_i0_tap0_ph0_gdc780_gimp1000_esd_am4000_t5em05_off10d0_reduced
,,0.0,contact4k,2.1961851617446037e-08,e6_ca7139196efa4e9a4aca,44.7848695335323,r910k,am4000_chaingdtmov_g1_kprotection_i0_mreduced_qe6_r4d998_x0_s5em05_tau1em09_t25_ron60_u853_t2_vo_v_rel0_rs2700_rx100_none_none_p0_b1_r1d02_i0_tap0_ph0_gdc780_gimp1000_esd_am4000_t5em05_off10d0_reduced
,,0.0,contact4k,1.2054203047435998e-10,e6_ca7139196efa4e9a4aca,0.5609838211402458,r100k,am4000_chaingdtmov_g1_kprotection_i0_mreduced_qe6_r4d998_x0_s5em05_tau1em09_t25_ron60_u853_t2_vo_v_rel0_rs2700_rx100_none_none_p0_b1_r1d02_i0_tap0_ph0_gdc780_gimp1000_esd_am4000_t5em05_off10d0_reduced
0.0,7.014792509276365e-11,,contact4k,1.8033988074713713e-06,e6_ca7139196efa4e9a4aca,563.3786496630812,rc1,am4000_chaingdtmov_g1_kprotection_i0_mreduced_qe6_r4d998_x0_s5em05_tau1em09_t25_ron60_u853_t2_vo_v_rel0_rs2700_rx100_none_none_p0_b1_r1d02_i0_tap0_ph0_gdc780_gimp1000_esd_am4000_t5em05_off10d0_reduced
0.0,7.014792509276269e-11,,contact4k,1.8033988074713713e-06,e6_ca7139196efa4e9a4aca,563.3786496630497,rc2,am4000_chaingdtmov_g1_kprotection_i0_mreduced_qe6_r4d998_x0_s5em05_tau1em09_t25_ron60_u853_t2_vo_v_rel0_rs2700_rx100_none_none_p0_b1_r1d02_i0_tap0_ph0_gdc780_gimp1000_esd_am4000_t5em05_off10d0_reduced
0.0,7.014792509276225e-11,,contact4k,1.8033988074713715e-06,e6_ca7139196efa4e9a4aca,563.3786496630371,rc3,am4000_chaingdtmov_g1_kprotection_i0_mreduced_qe6_r4d998_x0_s5em05_tau1em09_t25_ron60_u853_t2_vo_v_rel0_rs2700_rx100_none_none_p0_b1_r1d02_i0_tap0_ph0_gdc780_gimp1000_esd_am4000_t5em05_off10d0_reduced
,,1.6020206503450812e-09,contact4k,3.494169276388832e-08,e6_3c6392209fe7317691d9,420.24028430584985,r1a,am4000_chaingdtmov_g1_kprotection_i0_mreduced_qe6_r4d998_x0_s5em05_tau1em07_t25_ron60_u853_t2_vo_v_rel0_rs2700_rx100_none_none_p0_b1_r1d02_i0_tap0_ph0_gdc780_gimp1000_esd_am4000_t5em05_off10d0_reduced
,,1.6020206503450803e-09,contact4k,3.494169276388832e-08,e6_3c6392209fe7317691d9,420.2402843058496,r1b,am4000_chaingdtmov_g1_kprotection_i0_mreduced_qe6_r4d998_x0_s5em05_tau1em07_t25_ron60_u853_t2_vo_v_rel0_rs2700_rx100_none_none_p0_b1_r1d02_i0_tap0_ph0_gdc780_gimp1000_esd_am4000_t5em05_off10d0_reduced
,,1.6020206503450785e-09,contact4k,3.4941692763888396e-08,e6_3c6392209fe7317691d9,420.24028430584895,r2a,am4000_chaingdtmov_g1_kprotection_i0_mreduced_qe6_r4d998_x0_s5em05_tau1em07_t25_ron60_u853_t2_vo_v_rel0_rs2700_rx100_none_none_p0_b1_r1d02_i0_tap0_ph0_gdc780_gimp1000_esd_am4000_t5em05_off10d0_reduced
,,1.6020206503450774e-09,contact4k,3.4941692763888396e-08,e6_3c6392209fe7317691d9,420.2402843058492,r2b,am4000_chaingdtmov_g1_kprotection_i0_mreduced_qe6_r4d998_x0_s5em05_tau1em07_t25_ron60_u853_t2_vo_v_rel0_rs2700_rx100_none_none_p0_b1_r1d02_i0_tap0_ph0_gdc780_gimp1000_esd_am4000_t5em05_off10d0_reduced
,,1.6020206503450772e-09,contact4k,3.4941692763888515e-08,e6_3c6392209fe7317691d9,420.24028430584866,r3a,am4000_chaingdtmov_g1_kprotection_i0_mreduced_qe6_r4d998_x0_s5em05_tau1em07_t25_ron60_u853_t2_vo_v_rel0_rs2700_rx100_none_none_p0_b1_r1d02_i0_tap0_ph0_gdc780_gimp1000_esd_am4000_t5em05_off10d0_reduced
,,1.6020206503450772e-09,contact4k,3.494169276388852e-08,e6_3c6392209fe7317691d9,420.24028430584866,r3b,am4000_chaingdtmov_g1_kprotection_i0_mreduced_qe6_r4d998_x0_s5em05_tau1em07_t25_ron60_u853_t2_vo_v_rel0_rs2700_rx100_none_none_p0_b1_r1d02_i0_tap0_ph0_gdc780_gimp1000_esd_am4000_t5em05_off10d0_reduced
,,0.0,contact4k,2.0535489485088015e-08,e6_3c6392209fe7317691d9,44.19978189092992,r910k,am4000_chaingdtmov_g1_kprotection_i0_mreduced_qe6_r4d998_x0_s5em05_tau1em07_t25_ron60_u853_t2_vo_v_rel0_rs2700_rx100_none_none_p0_b1_r1d02_i0_tap0_ph0_gdc780_gimp1000_esd_am4000_t5em05_off10d0_reduced
,,0.0,contact4k,1.2072700502597797e-10,e6_3c6392209fe7317691d9,0.5631484688576467,r100k,am4000_chaingdtmov_g1_kprotection_i0_mreduced_qe6_r4d998_x0_s5em05_tau1em07_t25_ron60_u853_t2_vo_v_rel0_rs2700_rx100_none_none_p0_b1_r1d02_i0_tap0_ph0_gdc780_gimp1000_esd_am4000_t5em05_off10d0_reduced
0.0,1.571655951166427e-09,,contact4k,1.987731979012563e-06,e6_3c6392209fe7317691d9,839.988592294522,rc1,am4000_chaingdtmov_g1_kprotection_i0_mreduced_qe6_r4d998_x0_s5em05_tau1em07_t25_ron60_u853_t2_vo_v_rel0_rs2700_rx100_none_none_p0_b1_r1d02_i0_tap0_ph0_gdc780_gimp1000_esd_am4000_t5em05_off10d0_reduced
0.0,1.5716559511664248e-09,,contact4k,1.987731979012563e-06,e6_3c6392209fe7317691d9,839.9885922945207,rc2,am4000_chaingdtmov_g1_kprotection_i0_mreduced_qe6_r4d998_x0_s5em05_tau1em07_t25_ron60_u853_t2_vo_v_rel0_rs2700_rx100_none_none_p0_b1_r1d02_i0_tap0_ph0_gdc780_gimp1000_esd_am4000_t5em05_off10d0_reduced
0.0,1.5716559511664236e-09,,contact4k,1.987731979012563e-06,e6_3c6392209fe7317691d9,839.9885922945199,rc3,am4000_chaingdtmov_g1_kprotection_i0_mreduced_qe6_r4d998_x0_s5em05_tau1em07_t25_ron60_u853_t2_vo_v_rel0_rs2700_rx100_none_none_p0_b1_r1d02_i0_tap0_ph0_gdc780_gimp1000_esd_am4000_t5em05_off10d0_reduced
,,6.861811619779963e-11,contact4k,3.697198396254732e-08,e6_2e8f0ac8684dbeb00620,279.21502101089095,r1a,a4000_chaingdtmov_g1_kprotection_i0_mreduced_qe6_r4d802_x0_s5em05_tau1em09_t25_ron60_u854_t2_vo_v_rel0_rs2700_rx100_none_none_p1_b0_r0d98_i0_tap0_ph0_gdc420_gimp1000_esd_a4000_t5em05_off10d0_reduced
,,6.861811619779958e-11,contact4k,3.697198396254732e-08,e6_2e8f0ac8684dbeb00620,279.2150210108907,r1b,a4000_chaingdtmov_g1_kprotection_i0_mreduced_qe6_r4d802_x0_s5em05_tau1em09_t25_ron60_u854_t2_vo_v_rel0_rs2700_rx100_none_none_p1_b0_r0d98_i0_tap0_ph0_gdc420_gimp1000_esd_a4000_t5em05_off10d0_reduced
,,6.861811619779875e-11,contact4k,3.697198396254739e-08,e6_2e8f0ac8684dbeb00620,279.2150210108972,r2a,a4000_chaingdtmov_g1_kprotection_i0_mreduced_qe6_r4d802_x0_s5em05_tau1em09_t25_ron60_u854_t2_vo_v_rel0_rs2700_rx100_none_none_p1_b0_r0d98_i0_tap0_ph0_gdc420_gimp1000_esd_a4000_t5em05_off10d0_reduced
,,6.861811619779878e-11,contact4k,3.697198396254739e-08,e6_2e8f0ac8684dbeb00620,279.2150210108971,r2b,a4000_chaingdtmov_g1_kprotection_i0_mreduced_qe6_r4d802_x0_s5em05_tau1em09_t25_ron60_u854_t2_vo_v_rel0_rs2700_rx100_none_none_p1_b0_r0d98_i0_tap0_ph0_gdc420_gimp1000_esd_a4000_t5em05_off10d0_reduced
,,6.861811619779836e-11,contact4k,3.697198396254744e-08,e6_2e8f0ac8684dbeb00620,279.2150210109003,r3a,a4000_chaingdtmov_g1_kprotection_i0_mreduced_qe6_r4d802_x0_s5em05_tau1em09_t25_ron60_u854_t2_vo_v_rel0_rs2700_rx100_none_none_p1_b0_r0d98_i0_tap0_ph0_gdc420_gimp1000_esd_a4000_t5em05_off10d0_reduced
,,6.861811619779835e-11,contact4k,3.697198396254744e-08,e6_2e8f0ac8684dbeb00620,279.2150210109003,r3b,a4000_chaingdtmov_g1_kprotection_i0_mreduced_qe6_r4d802_x0_s5em05_tau1em09_t25_ron60_u854_t2_vo_v_rel0_rs2700_rx100_none_none_p1_b0_r0d98_i0_tap0_ph0_gdc420_gimp1000_esd_a4000_t5em05_off10d0_reduced
,,0.0,contact4k,2.1831986473511755e-08,e6_2e8f0ac8684dbeb00620,44.443370988915134,r910k,a4000_chaingdtmov_g1_kprotection_i0_mreduced_qe6_r4d802_x0_s5em05_tau1em09_t25_ron60_u854_t2_vo_v_rel0_rs2700_rx100_none_none_p1_b0_r0d98_i0_tap0_ph0_gdc420_gimp1000_esd_a4000_t5em05_off10d0_reduced
,,0.0,contact4k,2.3960935869630633e-09,e6_2e8f0ac8684dbeb00620,4.8806460679053725,r100k,a4000_chaingdtmov_g1_kprotection_i0_mreduced_qe6_r4d802_x0_s5em05_tau1em09_t25_ron60_u854_t2_vo_v_rel0_rs2700_rx100_none_none_p1_b0_r0d98_i0_tap0_ph0_gdc420_gimp1000_esd_a4000_t5em05_off10d0_reduced
0.0,6.857996635324609e-11,,contact4k,1.791376308003589e-06,e6_2e8f0ac8684dbeb00620,558.3207968813924,rc1,a4000_chaingdtmov_g1_kprotection_i0_mreduced_qe6_r4d802_x0_s5em05_tau1em09_t25_ron60_u854_t2_vo_v_rel0_rs2700_rx100_none_none_p1_b0_r0d98_i0_tap0_ph0_gdc420_gimp1000_esd_a4000_t5em05_off10d0_reduced
0.0,6.857996635324526e-11,,contact4k,1.791376308003589e-06,e6_2e8f0ac8684dbeb00620,558.3207968814049,rc2,a4000_chaingdtmov_g1_kprotection_i0_mreduced_qe6_r4d802_x0_s5em05_tau1em09_t25_ron60_u854_t2_vo_v_rel0_rs2700_rx100_none_none_p1_b0_r0d98_i0_tap0_ph0_gdc420_gimp1000_esd_a4000_t5em05_off10d0_reduced
0.0,6.857996635324485e-11,,contact4k,1.791376308003589e-06,e6_2e8f0ac8684dbeb00620,558.3207968814112,rc3,a4000_chaingdtmov_g1_kprotection_i0_mreduced_qe6_r4d802_x0_s5em05_tau1em09_t25_ron60_u854_t2_vo_v_rel0_rs2700_rx100_none_none_p1_b0_r0d98_i0_tap0_ph0_gdc420_gimp1000_esd_a4000_t5em05_off10d0_reduced
,,1.5787754035764324e-09,contact4k,3.4722858178317264e-08,e6_257bb663f615483c4ff9,410.65615131211734,r1a,a4000_chaingdtmov_g1_kprotection_i0_mreduced_qe6_r4d802_x0_s5em05_tau1em07_t25_ron60_u854_t2_vo_v_rel0_rs2700_rx100_none_none_p1_b0_r0d98_i0_tap0_ph0_gdc420_gimp1000_esd_a4000_t5em05_off10d0_reduced
,,1.578775403576432e-09,contact4k,3.4722858178317264e-08,e6_257bb663f615483c4ff9,410.6561513121176,r1b,a4000_chaingdtmov_g1_kprotection_i0_mreduced_qe6_r4d802_x0_s5em05_tau1em07_t25_ron60_u854_t2_vo_v_rel0_rs2700_rx100_none_none_p1_b0_r0d98_i0_tap0_ph0_gdc420_gimp1000_esd_a4000_t5em05_off10d0_reduced
,,1.5787754035764345e-09,contact4k,3.4722858178317343e-08,e6_257bb663f615483c4ff9,410.6561513121169,r2a,a4000_chaingdtmov_g1_kprotection_i0_mreduced_qe6_r4d802_x0_s5em05_tau1em07_t25_ron60_u854_t2_vo_v_rel0_rs2700_rx100_none_none_p1_b0_r0d98_i0_tap0_ph0_gdc420_gimp1000_esd_a4000_t5em05_off10d0_reduced
,,1.5787754035764316e-09,contact4k,3.4722858178317343e-08,e6_257bb663f615483c4ff9,410.6561513121171,r2b,a4000_chaingdtmov_g1_kprotection_i0_mreduced_qe6_r4d802_x0_s5em05_tau1em07_t25_ron60_u854_t2_vo_v_rel0_rs2700_rx100_none_none_p1_b0_r0d98_i0_tap0_ph0_gdc420_gimp1000_esd_a4000_t5em05_off10d0_reduced
,,1.5787754035764316e-09,contact4k,3.472285817831739e-08,e6_257bb663f615483c4ff9,410.65615131211683,r3a,a4000_chaingdtmov_g1_kprotection_i0_mreduced_qe6_r4d802_x0_s5em05_tau1em07_t25_ron60_u854_t2_vo_v_rel0_rs2700_rx100_none_none_p1_b0_r0d98_i0_tap0_ph0_gdc420_gimp1000_esd_a4000_t5em05_off10d0_reduced
,,1.5787754035764322e-09,contact4k,3.472285817831739e-08,e6_257bb663f615483c4ff9,410.6561513121169,r3b,a4000_chaingdtmov_g1_kprotection_i0_mreduced_qe6_r4d802_x0_s5em05_tau1em07_t25_ron60_u854_t2_vo_v_rel0_rs2700_rx100_none_none_p1_b0_r0d98_i0_tap0_ph0_gdc420_gimp1000_esd_a4000_t5em05_off10d0_reduced
,,0.0,contact4k,2.0407675467294017e-08,e6_257bb663f615483c4ff9,43.87265969030207,r910k,a4000_chaingdtmov_g1_kprotection_i0_mreduced_qe6_r4d802_x0_s5em05_tau1em07_t25_ron60_u854_t2_vo_v_rel0_rs2700_rx100_none_none_p1_b0_r0d98_i0_tap0_ph0_gdc420_gimp1000_esd_a4000_t5em05_off10d0_reduced
,,0.0,contact4k,2.2397730035627394e-09,e6_257bb663f615483c4ff9,4.8179706782143,r100k,a4000_chaingdtmov_g1_kprotection_i0_mreduced_qe6_r4d802_x0_s5em05_tau1em07_t25_ron60_u854_t2_vo_v_rel0_rs2700_rx100_none_none_p1_b0_r0d98_i0_tap0_ph0_gdc420_gimp1000_esd_a4000_t5em05_off10d0_reduced
0.0,1.5442496551086178e-09,,contact4k,1.970739483893871e-06,e6_257bb663f615483c4ff9,820.8698157906636,rc1,a4000_chaingdtmov_g1_kprotection_i0_mreduced_qe6_r4d802_x0_s5em05_tau1em07_t25_ron60_u854_t2_vo_v_rel0_rs2700_rx100_none_none_p1_b0_r0d98_i0_tap0_ph0_gdc420_gimp1000_esd_a4000_t5em05_off10d0_reduced
0.0,1.544249655108618e-09,,contact4k,1.970739483893871e-06,e6_257bb663f615483c4ff9,820.8698157906626,rc2,a4000_chaingdtmov_g1_kprotection_i0_mreduced_qe6_r4d802_x0_s5em05_tau1em07_t25_ron60_u854_t2_vo_v_rel0_rs2700_rx100_none_none_p1_b0_r0d98_i0_tap0_ph0_gdc420_gimp1000_esd_a4000_t5em05_off10d0_reduced
0.0,1.5442496551086172e-09,,contact4k,1.970739483893871e-06,e6_257bb663f615483c4ff9,820.8698157906624,rc3,a4000_chaingdtmov_g1_kprotection_i0_mreduced_qe6_r4d802_x0_s5em05_tau1em07_t25_ron60_u854_t2_vo_v_rel0_rs2700_rx100_none_none_p1_b0_r0d98_i0_tap0_ph0_gdc420_gimp1000_esd_a4000_t5em05_off10d0_reduced
,,6.861809605220684e-11,contact4k,3.697198387244336e-08,e6_4c34a82390a11c6a2465,279.2150259498246,r1a,a4000_chaingdtmov_g1_kprotection_i0_mreduced_qe6_r4d802_x0_s5em05_tau1em09_t25_ron60_u855_t2_vo_v_rel0_rs2700_rx100_none_none_p1_b0_r0d98_i0_tap0_ph0_gdc780_gimp1000_esd_a4000_t5em05_off10d0_reduced
,,6.861809605220686e-11,contact4k,3.697198387244336e-08,e6_4c34a82390a11c6a2465,279.2150259498246,r1b,a4000_chaingdtmov_g1_kprotection_i0_mreduced_qe6_r4d802_x0_s5em05_tau1em09_t25_ron60_u855_t2_vo_v_rel0_rs2700_rx100_none_none_p1_b0_r0d98_i0_tap0_ph0_gdc780_gimp1000_esd_a4000_t5em05_off10d0_reduced
,,6.861809605220609e-11,contact4k,3.6971983872443446e-08,e6_4c34a82390a11c6a2465,279.215025949831,r2a,a4000_chaingdtmov_g1_kprotection_i0_mreduced_qe6_r4d802_x0_s5em05_tau1em09_t25_ron60_u855_t2_vo_v_rel0_rs2700_rx100_none_none_p1_b0_r0d98_i0_tap0_ph0_gdc780_gimp1000_esd_a4000_t5em05_off10d0_reduced
,,6.861809605220614e-11,contact4k,3.6971983872443446e-08,e6_4c34a82390a11c6a2465,279.215025949831,r2b,a4000_chaingdtmov_g1_kprotection_i0_mreduced_qe6_r4d802_x0_s5em05_tau1em09_t25_ron60_u855_t2_vo_v_rel0_rs2700_rx100_none_none_p1_b0_r0d98_i0_tap0_ph0_gdc780_gimp1000_esd_a4000_t5em05_off10d0_reduced
,,6.861809605220575e-11,contact4k,3.6971983872443485e-08,e6_4c34a82390a11c6a2465,279.2150259498341,r3a,a4000_chaingdtmov_g1_kprotection_i0_mreduced_qe6_r4d802_x0_s5em05_tau1em09_t25_ron60_u855_t2_vo_v_rel0_rs2700_rx100_none_none_p1_b0_r0d98_i0_tap0_ph0_gdc780_gimp1000_esd_a4000_t5em05_off10d0_reduced
,,6.861809605220575e-11,contact4k,3.6971983872443485e-08,e6_4c34a82390a11c6a2465,279.2150259498341,r3b,a4000_chaingdtmov_g1_kprotection_i0_mreduced_qe6_r4d802_x0_s5em05_tau1em09_t25_ron60_u855_t2_vo_v_rel0_rs2700_rx100_none_none_p1_b0_r0d98_i0_tap0_ph0_gdc780_gimp1000_esd_a4000_t5em05_off10d0_reduced
,,0.0,contact4k,2.1831986419027846e-08,e6_4c34a82390a11c6a2465,44.44337093675164,r910k,a4000_chaingdtmov_g1_kprotection_i0_mreduced_qe6_r4d802_x0_s5em05_tau1em09_t25_ron60_u855_t2_vo_v_rel0_rs2700_rx100_none_none_p1_b0_r0d98_i0_tap0_ph0_gdc780_gimp1000_esd_a4000_t5em05_off10d0_reduced
,,0.0,contact4k,2.3960935809833697e-09,e6_4c34a82390a11c6a2465,4.880646062176929,r100k,a4000_chaingdtmov_g1_kprotection_i0_mreduced_qe6_r4d802_x0_s5em05_tau1em09_t25_ron60_u855_t2_vo_v_rel0_rs2700_rx100_none_none_p1_b0_r0d98_i0_tap0_ph0_gdc780_gimp1000_esd_a4000_t5em05_off10d0_reduced
0.0,6.857994617861248e-11,,contact4k,1.7913763073970849e-06,e6_4c34a82390a11c6a2465,558.320806763649,rc1,a4000_chaingdtmov_g1_kprotection_i0_mreduced_qe6_r4d802_x0_s5em05_tau1em09_t25_ron60_u855_t2_vo_v_rel0_rs2700_rx100_none_none_p1_b0_r0d98_i0_tap0_ph0_gdc780_gimp1000_esd_a4000_t5em05_off10d0_reduced
0.0,6.857994617861176e-11,,contact4k,1.7913763073970849e-06,e6_4c34a82390a11c6a2465,558.3208067636617,rc2,a4000_chaingdtmov_g1_kprotection_i0_mreduced_qe6_r4d802_x0_s5em05_tau1em09_t25_ron60_u855_t2_vo_v_rel0_rs2700_rx100_none_none_p1_b0_r0d98_i0_tap0_ph0_gdc780_gimp1000_esd_a4000_t5em05_off10d0_reduced
0.0,6.857994617861138e-11,,contact4k,1.791376307397085e-06,e6_4c34a82390a11c6a2465,558.320806763668,rc3,a4000_chaingdtmov_g1_kprotection_i0_mreduced_qe6_r4d802_x0_s5em05_tau1em09_t25_ron60_u855_t2_vo_v_rel0_rs2700_rx100_none_none_p1_b0_r0d98_i0_tap0_ph0_gdc780_gimp1000_esd_a4000_t5em05_off10d0_reduced
,,1.5787754035764432e-09,contact4k,3.472285809301772e-08,e6_f45c4e460479a705464f,410.6561513121178,r1a,a4000_chaingdtmov_g1_kprotection_i0_mreduced_qe6_r4d802_x0_s5em05_tau1em07_t25_ron60_u855_t2_vo_v_rel0_rs2700_rx100_none_none_p1_b0_r0d98_i0_tap0_ph0_gdc780_gimp1000_esd_a4000_t5em05_off10d0_reduced
,,1.5787754035764409e-09,contact4k,3.472285809301772e-08,e6_f45c4e460479a705464f,410.65615131211734,r1b,a4000_chaingdtmov_g1_kprotection_i0_mreduced_qe6_r4d802_x0_s5em05_tau1em07_t25_ron60_u855_t2_vo_v_rel0_rs2700_rx100_none_none_p1_b0_r0d98_i0_tap0_ph0_gdc780_gimp1000_esd_a4000_t5em05_off10d0_reduced
,,1.5787754035764403e-09,contact4k,3.4722858093017784e-08,e6_f45c4e460479a705464f,410.6561513121169,r2a,a4000_chaingdtmov_g1_kprotection_i0_mreduced_qe6_r4d802_x0_s5em05_tau1em07_t25_ron60_u855_t2_vo_v_rel0_rs2700_rx100_none_none_p1_b0_r0d98_i0_tap0_ph0_gdc780_gimp1000_esd_a4000_t5em05_off10d0_reduced
,,1.5787754035764405e-09,contact4k,3.472285809301779e-08,e6_f45c4e460479a705464f,410.65615131211723,r2b,a4000_chaingdtmov_g1_kprotection_i0_mreduced_qe6_r4d802_x0_s5em05_tau1em07_t25_ron60_u855_t2_vo_v_rel0_rs2700_rx100_none_none_p1_b0_r0d98_i0_tap0_ph0_gdc780_gimp1000_esd_a4000_t5em05_off10d0_reduced
,,1.5787754035764409e-09,contact4k,3.4722858093017837e-08,e6_f45c4e460479a705464f,410.6561513121169,r3a,a4000_chaingdtmov_g1_kprotection_i0_mreduced_qe6_r4d802_x0_s5em05_tau1em07_t25_ron60_u855_t2_vo_v_rel0_rs2700_rx100_none_none_p1_b0_r0d98_i0_tap0_ph0_gdc780_gimp1000_esd_a4000_t5em05_off10d0_reduced
,,1.5787754035764403e-09,contact4k,3.4722858093017837e-08,e6_f45c4e460479a705464f,410.65615131211695,r3b,a4000_chaingdtmov_g1_kprotection_i0_mreduced_qe6_r4d802_x0_s5em05_tau1em07_t25_ron60_u855_t2_vo_v_rel0_rs2700_rx100_none_none_p1_b0_r0d98_i0_tap0_ph0_gdc780_gimp1000_esd_a4000_t5em05_off10d0_reduced
,,0.0,contact4k,2.0407675415608447e-08,e6_f45c4e460479a705464f,43.87265966563101,r910k,a4000_chaingdtmov_g1_kprotection_i0_mreduced_qe6_r4d802_x0_s5em05_tau1em07_t25_ron60_u855_t2_vo_v_rel0_rs2700_rx100_none_none_p1_b0_r0d98_i0_tap0_ph0_gdc780_gimp1000_esd_a4000_t5em05_off10d0_reduced
,,0.0,contact4k,2.239772997890166e-09,e6_f45c4e460479a705464f,4.817970675504997,r100k,a4000_chaingdtmov_g1_kprotection_i0_mreduced_qe6_r4d802_x0_s5em05_tau1em07_t25_ron60_u855_t2_vo_v_rel0_rs2700_rx100_none_none_p1_b0_r0d98_i0_tap0_ph0_gdc780_gimp1000_esd_a4000_t5em05_off10d0_reduced
0.0,1.544249655108628e-09,,contact4k,1.97073948370482e-06,e6_f45c4e460479a705464f,820.8698157906638,rc1,a4000_chaingdtmov_g1_kprotection_i0_mreduced_qe6_r4d802_x0_s5em05_tau1em07_t25_ron60_u855_t2_vo_v_rel0_rs2700_rx100_none_none_p1_b0_r0d98_i0_tap0_ph0_gdc780_gimp1000_esd_a4000_t5em05_off10d0_reduced
0.0,1.5442496551086267e-09,,contact4k,1.9707394837048197e-06,e6_f45c4e460479a705464f,820.8698157906628,rc2,a4000_chaingdtmov_g1_kprotection_i0_mreduced_qe6_r4d802_x0_s5em05_tau1em07_t25_ron60_u855_t2_vo_v_rel0_rs2700_rx100_none_none_p1_b0_r0d98_i0_tap0_ph0_gdc780_gimp1000_esd_a4000_t5em05_off10d0_reduced
0.0,1.5442496551086271e-09,,contact4k,1.9707394837048197e-06,e6_f45c4e460479a705464f,820.8698157906625,rc3,a4000_chaingdtmov_g1_kprotection_i0_mreduced_qe6_r4d802_x0_s5em05_tau1em07_t25_ron60_u855_t2_vo_v_rel0_rs2700_rx100_none_none_p1_b0_r0d98_i0_tap0_ph0_gdc780_gimp1000_esd_a4000_t5em05_off10d0_reduced
,,6.996155340949658e-11,contact4k,3.719407709045049e-08,e6_c8dda6b340b08c144fd3,281.37677858220286,r1a,a4000_chaingdtmov_g1_kprotection_i0_mreduced_qe6_r4d802_x0_s5em05_tau1em09_t25_ron60_u856_t2_vo_v_rel0_rs2700_rx100_none_none_p0_b0_r0d98_i0_tap0_ph0_gdc420_gimp1000_esd_a4000_t5em05_off10d0_reduced
,,6.996155340949657e-11,contact4k,3.719407709045049e-08,e6_c8dda6b340b08c144fd3,281.37677858220286,r1b,a4000_chaingdtmov_g1_kprotection_i0_mreduced_qe6_r4d802_x0_s5em05_tau1em09_t25_ron60_u856_t2_vo_v_rel0_rs2700_rx100_none_none_p0_b0_r0d98_i0_tap0_ph0_gdc420_gimp1000_esd_a4000_t5em05_off10d0_reduced
,,6.996155340949568e-11,contact4k,3.719407709045057e-08,e6_c8dda6b340b08c144fd3,281.3767785821851,r2a,a4000_chaingdtmov_g1_kprotection_i0_mreduced_qe6_r4d802_x0_s5em05_tau1em09_t25_ron60_u856_t2_vo_v_rel0_rs2700_rx100_none_none_p0_b0_r0d98_i0_tap0_ph0_gdc420_gimp1000_esd_a4000_t5em05_off10d0_reduced
,,6.996155340949572e-11,contact4k,3.719407709045057e-08,e6_c8dda6b340b08c144fd3,281.3767785821851,r2b,a4000_chaingdtmov_g1_kprotection_i0_mreduced_qe6_r4d802_x0_s5em05_tau1em09_t25_ron60_u856_t2_vo_v_rel0_rs2700_rx100_none_none_p0_b0_r0d98_i0_tap0_ph0_gdc420_gimp1000_esd_a4000_t5em05_off10d0_reduced
,,6.996155340949537e-11,contact4k,3.719407709045062e-08,e6_c8dda6b340b08c144fd3,281.3767785821774,r3a,a4000_chaingdtmov_g1_kprotection_i0_mreduced_qe6_r4d802_x0_s5em05_tau1em09_t25_ron60_u856_t2_vo_v_rel0_rs2700_rx100_none_none_p0_b0_r0d98_i0_tap0_ph0_gdc420_gimp1000_esd_a4000_t5em05_off10d0_reduced
,,6.996155340949536e-11,contact4k,3.719407709045062e-08,e6_c8dda6b340b08c144fd3,281.37677858217745,r3b,a4000_chaingdtmov_g1_kprotection_i0_mreduced_qe6_r4d802_x0_s5em05_tau1em09_t25_ron60_u856_t2_vo_v_rel0_rs2700_rx100_none_none_p0_b0_r0d98_i0_tap0_ph0_gdc420_gimp1000_esd_a4000_t5em05_off10d0_reduced
,,0.0,contact4k,2.1963464446078442e-08,e6_c8dda6b340b08c144fd3,44.786396941044046,r910k,a4000_chaingdtmov_g1_kprotection_i0_mreduced_qe6_r4d802_x0_s5em05_tau1em09_t25_ron60_u856_t2_vo_v_rel0_rs2700_rx100_none_none_p0_b0_r0d98_i0_tap0_ph0_gdc420_gimp1000_esd_a4000_t5em05_off10d0_reduced
,,0.0,contact4k,1.205426231511183e-10,e6_c8dda6b340b08c144fd3,0.5609834515632511,r100k,a4000_chaingdtmov_g1_kprotection_i0_mreduced_qe6_r4d802_x0_s5em05_tau1em09_t25_ron60_u856_t2_vo_v_rel0_rs2700_rx100_none_none_p0_b0_r0d98_i0_tap0_ph0_gdc420_gimp1000_esd_a4000_t5em05_off10d0_reduced
0.0,6.992735538503086e-11,,contact4k,1.8033938221884737e-06,e6_c8dda6b340b08c144fd3,562.6432081858372,rc1,a4000_chaingdtmov_g1_kprotection_i0_mreduced_qe6_r4d802_x0_s5em05_tau1em09_t25_ron60_u856_t2_vo_v_rel0_rs2700_rx100_none_none_p0_b0_r0d98_i0_tap0_ph0_gdc420_gimp1000_esd_a4000_t5em05_off10d0_reduced
0.0,6.992735538502999e-11,,contact4k,1.803393822188474e-06,e6_c8dda6b340b08c144fd3,562.6432081858017,rc2,a4000_chaingdtmov_g1_kprotection_i0_mreduced_qe6_r4d802_x0_s5em05_tau1em09_t25_ron60_u856_t2_vo_v_rel0_rs2700_rx100_none_none_p0_b0_r0d98_i0_tap0_ph0_gdc420_gimp1000_esd_a4000_t5em05_off10d0_reduced
0.0,6.992735538502965e-11,,contact4k,1.8033938221884737e-06,e6_c8dda6b340b08c144fd3,562.6432081857863,rc3,a4000_chaingdtmov_g1_kprotection_i0_mreduced_qe6_r4d802_x0_s5em05_tau1em09_t25_ron60_u856_t2_vo_v_rel0_rs2700_rx100_none_none_p0_b0_r0d98_i0_tap0_ph0_gdc420_gimp1000_esd_a4000_t5em05_off10d0_reduced
,,1.601790185201338e-09,contact4k,3.494217487213913e-08,e6_2dba62910bcb84f15274,420.0301469022679,r1a,a4000_chaingdtmov_g1_kprotection_i0_mreduced_qe6_r4d802_x0_s5em05_tau1em07_t25_ron60_u856_t2_vo_v_rel0_rs2700_rx100_none_none_p0_b0_r0d98_i0_tap0_ph0_gdc420_gimp1000_esd_a4000_t5em05_off10d0_reduced
,,1.6017901852013405e-09,contact4k,3.494217487213913e-08,e6_2dba62910bcb84f15274,420.0301469022679,r1b,a4000_chaingdtmov_g1_kprotection_i0_mreduced_qe6_r4d802_x0_s5em05_tau1em07_t25_ron60_u856_t2_vo_v_rel0_rs2700_rx100_none_none_p0_b0_r0d98_i0_tap0_ph0_gdc420_gimp1000_esd_a4000_t5em05_off10d0_reduced
,,1.6017901852013395e-09,contact4k,3.49421748721392e-08,e6_2dba62910bcb84f15274,420.03014690226746,r2a,a4000_chaingdtmov_g1_kprotection_i0_mreduced_qe6_r4d802_x0_s5em05_tau1em07_t25_ron60_u856_t2_vo_v_rel0_rs2700_rx100_none_none_p0_b0_r0d98_i0_tap0_ph0_gdc420_gimp1000_esd_a4000_t5em05_off10d0_reduced
,,1.6017901852013376e-09,contact4k,3.494217487213921e-08,e6_2dba62910bcb84f15274,420.03014690226746,r2b,a4000_chaingdtmov_g1_kprotection_i0_mreduced_qe6_r4d802_x0_s5em05_tau1em07_t25_ron60_u856_t2_vo_v_rel0_rs2700_rx100_none_none_p0_b0_r0d98_i0_tap0_ph0_gdc420_gimp1000_esd_a4000_t5em05_off10d0_reduced
,,1.6017901852013387e-09,contact4k,3.494217487213925e-08,e6_2dba62910bcb84f15274,420.0301469022672,r3a,a4000_chaingdtmov_g1_kprotection_i0_mreduced_qe6_r4d802_x0_s5em05_tau1em07_t25_ron60_u856_t2_vo_v_rel0_rs2700_rx100_none_none_p0_b0_r0d98_i0_tap0_ph0_gdc420_gimp1000_esd_a4000_t5em05_off10d0_reduced
,,1.6017901852013378e-09,contact4k,3.494217487213925e-08,e6_2dba62910bcb84f15274,420.0301469022672,r3b,a4000_chaingdtmov_g1_kprotection_i0_mreduced_qe6_r4d802_x0_s5em05_tau1em07_t25_ron60_u856_t2_vo_v_rel0_rs2700_rx100_none_none_p0_b0_r0d98_i0_tap0_ph0_gdc420_gimp1000_esd_a4000_t5em05_off10d0_reduced
,,0.0,contact4k,2.0535822714040452e-08,e6_2dba62910bcb84f15274,44.19978496905675,r910k,a4000_chaingdtmov_g1_kprotection_i0_mreduced_qe6_r4d802_x0_s5em05_tau1em07_t25_ron60_u856_t2_vo_v_rel0_rs2700_rx100_none_none_p0_b0_r0d98_i0_tap0_ph0_gdc420_gimp1000_esd_a4000_t5em05_off10d0_reduced
,,0.0,contact4k,1.2072641477328596e-10,e6_2dba62910bcb84f15274,0.5631536805850013,r100k,a4000_chaingdtmov_g1_kprotection_i0_mreduced_qe6_r4d802_x0_s5em05_tau1em07_t25_ron60_u856_t2_vo_v_rel0_rs2700_rx100_none_none_p0_b0_r0d98_i0_tap0_ph0_gdc420_gimp1000_esd_a4000_t5em05_off10d0_reduced
0.0,1.5716927759564084e-09,,contact4k,1.98761071741206e-06,e6_2dba62910bcb84f15274,839.5726879781607,rc1,a4000_chaingdtmov_g1_kprotection_i0_mreduced_qe6_r4d802_x0_s5em05_tau1em07_t25_ron60_u856_t2_vo_v_rel0_rs2700_rx100_none_none_p0_b0_r0d98_i0_tap0_ph0_gdc420_gimp1000_esd_a4000_t5em05_off10d0_reduced
0.0,1.5716927759564067e-09,,contact4k,1.98761071741206e-06,e6_2dba62910bcb84f15274,839.5726879781597,rc2,a4000_chaingdtmov_g1_kprotection_i0_mreduced_qe6_r4d802_x0_s5em05_tau1em07_t25_ron60_u856_t2_vo_v_rel0_rs2700_rx100_none_none_p0_b0_r0d98_i0_tap0_ph0_gdc420_gimp1000_esd_a4000_t5em05_off10d0_reduced
0.0,1.5716927759564057e-09,,contact4k,1.98761071741206e-06,e6_2dba62910bcb84f15274,839.5726879781593,rc3,a4000_chaingdtmov_g1_kprotection_i0_mreduced_qe6_r4d802_x0_s5em05_tau1em07_t25_ron60_u856_t2_vo_v_rel0_rs2700_rx100_none_none_p0_b0_r0d98_i0_tap0_ph0_gdc420_gimp1000_esd_a4000_t5em05_off10d0_reduced
,,6.996153879682941e-11,contact4k,3.719407709278482e-08,e6_eb9654f845f93e017685,281.3768043536629,r1a,a4000_chaingdtmov_g1_kprotection_i0_mreduced_qe6_r4d802_x0_s5em05_tau1em09_t25_ron60_u857_t2_vo_v_rel0_rs2700_rx100_none_none_p0_b0_r0d98_i0_tap0_ph0_gdc780_gimp1000_esd_a4000_t5em05_off10d0_reduced
,,6.99615387968294e-11,contact4k,3.719407709278482e-08,e6_eb9654f845f93e017685,281.3768043536629,r1b,a4000_chaingdtmov_g1_kprotection_i0_mreduced_qe6_r4d802_x0_s5em05_tau1em09_t25_ron60_u857_t2_vo_v_rel0_rs2700_rx100_none_none_p0_b0_r0d98_i0_tap0_ph0_gdc780_gimp1000_esd_a4000_t5em05_off10d0_reduced
,,6.996153879682834e-11,contact4k,3.71940770927849e-08,e6_eb9654f845f93e017685,281.37680435364587,r2a,a4000_chaingdtmov_g1_kprotection_i0_mreduced_qe6_r4d802_x0_s5em05_tau1em09_t25_ron60_u857_t2_vo_v_rel0_rs2700_rx100_none_none_p0_b0_r0d98_i0_tap0_ph0_gdc780_gimp1000_esd_a4000_t5em05_off10d0_reduced
,,6.996153879682838e-11,contact4k,3.71940770927849e-08,e6_eb9654f845f93e017685,281.37680435364575,r2b,a4000_chaingdtmov_g1_kprotection_i0_mreduced_qe6_r4d802_x0_s5em05_tau1em09_t25_ron60_u857_t2_vo_v_rel0_rs2700_rx100_none_none_p0_b0_r0d98_i0_tap0_ph0_gdc780_gimp1000_esd_a4000_t5em05_off10d0_reduced
,,6.9961538796828e-11,contact4k,3.7194077092784945e-08,e6_eb9654f845f93e017685,281.37680435363507,r3a,a4000_chaingdtmov_g1_kprotection_i0_mreduced_qe6_r4d802_x0_s5em05_tau1em09_t25_ron60_u857_t2_vo_v_rel0_rs2700_rx100_none_none_p0_b0_r0d98_i0_tap0_ph0_gdc780_gimp1000_esd_a4000_t5em05_off10d0_reduced
,,6.9961538796828e-11,contact4k,3.7194077092784945e-08,e6_eb9654f845f93e017685,281.3768043536351,r3b,a4000_chaingdtmov_g1_kprotection_i0_mreduced_qe6_r4d802_x0_s5em05_tau1em09_t25_ron60_u857_t2_vo_v_rel0_rs2700_rx100_none_none_p0_b0_r0d98_i0_tap0_ph0_gdc780_gimp1000_esd_a4000_t5em05_off10d0_reduced
,,0.0,contact4k,2.1963464447647157e-08,e6_eb9654f845f93e017685,44.786396942528214,r910k,a4000_chaingdtmov_g1_kprotection_i0_mreduced_qe6_r4d802_x0_s5em05_tau1em09_t25_ron60_u857_t2_vo_v_rel0_rs2700_rx100_none_none_p0_b0_r0d98_i0_tap0_ph0_gdc780_gimp1000_esd_a4000_t5em05_off10d0_reduced
,,0.0,contact4k,1.2054262315153365e-10,e6_eb9654f845f93e017685,0.5609834515610453,r100k,a4000_chaingdtmov_g1_kprotection_i0_mreduced_qe6_r4d802_x0_s5em05_tau1em09_t25_ron60_u857_t2_vo_v_rel0_rs2700_rx100_none_none_p0_b0_r0d98_i0_tap0_ph0_gdc780_gimp1000_esd_a4000_t5em05_off10d0_reduced
0.0,6.992734072692025e-11,,contact4k,1.8033938217314618e-06,e6_eb9654f845f93e017685,562.6432597279061,rc1,a4000_chaingdtmov_g1_kprotection_i0_mreduced_qe6_r4d802_x0_s5em05_tau1em09_t25_ron60_u857_t2_vo_v_rel0_rs2700_rx100_none_none_p0_b0_r0d98_i0_tap0_ph0_gdc780_gimp1000_esd_a4000_t5em05_off10d0_reduced
0.0,6.992734072691921e-11,,contact4k,1.8033938217314618e-06,e6_eb9654f845f93e017685,562.6432597278719,rc2,a4000_chaingdtmov_g1_kprotection_i0_mreduced_qe6_r4d802_x0_s5em05_tau1em09_t25_ron60_u857_t2_vo_v_rel0_rs2700_rx100_none_none_p0_b0_r0d98_i0_tap0_ph0_gdc780_gimp1000_esd_a4000_t5em05_off10d0_reduced
0.0,6.992734072691885e-11,,contact4k,1.8033938217314613e-06,e6_eb9654f845f93e017685,562.6432597278504,rc3,a4000_chaingdtmov_g1_kprotection_i0_mreduced_qe6_r4d802_x0_s5em05_tau1em09_t25_ron60_u857_t2_vo_v_rel0_rs2700_rx100_none_none_p0_b0_r0d98_i0_tap0_ph0_gdc780_gimp1000_esd_a4000_t5em05_off10d0_reduced
,,1.6017901852013554e-09,contact4k,3.494217487213914e-08,e6_8b717835a257bd3f438f,420.03014690226246,r1a,a4000_chaingdtmov_g1_kprotection_i0_mreduced_qe6_r4d802_x0_s5em05_tau1em07_t25_ron60_u857_t2_vo_v_rel0_rs2700_rx100_none_none_p0_b0_r0d98_i0_tap0_ph0_gdc780_gimp1000_esd_a4000_t5em05_off10d0_reduced
,,1.6017901852013567e-09,contact4k,3.494217487213914e-08,e6_8b717835a257bd3f438f,420.0301469022629,r1b,a4000_chaingdtmov_g1_kprotection_i0_mreduced_qe6_r4d802_x0_s5em05_tau1em07_t25_ron60_u857_t2_vo_v_rel0_rs2700_rx100_none_none_p0_b0_r0d98_i0_tap0_ph0_gdc780_gimp1000_esd_a4000_t5em05_off10d0_reduced
,,1.6017901852013573e-09,contact4k,3.494217487213921e-08,e6_8b717835a257bd3f438f,420.03014690226246,r2a,a4000_chaingdtmov_g1_kprotection_i0_mreduced_qe6_r4d802_x0_s5em05_tau1em07_t25_ron60_u857_t2_vo_v_rel0_rs2700_rx100_none_none_p0_b0_r0d98_i0_tap0_ph0_gdc780_gimp1000_esd_a4000_t5em05_off10d0_reduced
,,1.6017901852013552e-09,contact4k,3.494217487213921e-08,e6_8b717835a257bd3f438f,420.03014690226223,r2b,a4000_chaingdtmov_g1_kprotection_i0_mreduced_qe6_r4d802_x0_s5em05_tau1em07_t25_ron60_u857_t2_vo_v_rel0_rs2700_rx100_none_none_p0_b0_r0d98_i0_tap0_ph0_gdc780_gimp1000_esd_a4000_t5em05_off10d0_reduced
,,1.601790185201356e-09,contact4k,3.4942174872139254e-08,e6_8b717835a257bd3f438f,420.0301469022621,r3a,a4000_chaingdtmov_g1_kprotection_i0_mreduced_qe6_r4d802_x0_s5em05_tau1em07_t25_ron60_u857_t2_vo_v_rel0_rs2700_rx100_none_none_p0_b0_r0d98_i0_tap0_ph0_gdc780_gimp1000_esd_a4000_t5em05_off10d0_reduced
,,1.6017901852013562e-09,contact4k,3.4942174872139254e-08,e6_8b717835a257bd3f438f,420.03014690226206,r3b,a4000_chaingdtmov_g1_kprotection_i0_mreduced_qe6_r4d802_x0_s5em05_tau1em07_t25_ron60_u857_t2_vo_v_rel0_rs2700_rx100_none_none_p0_b0_r0d98_i0_tap0_ph0_gdc780_gimp1000_esd_a4000_t5em05_off10d0_reduced
,,0.0,contact4k,2.0535822714040455e-08,e6_8b717835a257bd3f438f,44.19978496905675,r910k,a4000_chaingdtmov_g1_kprotection_i0_mreduced_qe6_r4d802_x0_s5em05_tau1em07_t25_ron60_u857_t2_vo_v_rel0_rs2700_rx100_none_none_p0_b0_r0d98_i0_tap0_ph0_gdc780_gimp1000_esd_a4000_t5em05_off10d0_reduced
,,0.0,contact4k,1.2072641477328599e-10,e6_8b717835a257bd3f438f,0.5631536805850014,r100k,a4000_chaingdtmov_g1_kprotection_i0_mreduced_qe6_r4d802_x0_s5em05_tau1em07_t25_ron60_u857_t2_vo_v_rel0_rs2700_rx100_none_none_p0_b0_r0d98_i0_tap0_ph0_gdc780_gimp1000_esd_a4000_t5em05_off10d0_reduced
0.0,1.5716927759564144e-09,,contact4k,1.987610717412056e-06,e6_8b717835a257bd3f438f,839.5726879781505,rc1,a4000_chaingdtmov_g1_kprotection_i0_mreduced_qe6_r4d802_x0_s5em05_tau1em07_t25_ron60_u857_t2_vo_v_rel0_rs2700_rx100_none_none_p0_b0_r0d98_i0_tap0_ph0_gdc780_gimp1000_esd_a4000_t5em05_off10d0_reduced
0.0,1.571692775956414e-09,,contact4k,1.9876107174120557e-06,e6_8b717835a257bd3f438f,839.5726879781496,rc2,a4000_chaingdtmov_g1_kprotection_i0_mreduced_qe6_r4d802_x0_s5em05_tau1em07_t25_ron60_u857_t2_vo_v_rel0_rs2700_rx100_none_none_p0_b0_r0d98_i0_tap0_ph0_gdc780_gimp1000_esd_a4000_t5em05_off10d0_reduced
0.0,1.5716927759564131e-09,,contact4k,1.9876107174120553e-06,e6_8b717835a257bd3f438f,839.5726879781491,rc3,a4000_chaingdtmov_g1_kprotection_i0_mreduced_qe6_r4d802_x0_s5em05_tau1em07_t25_ron60_u857_t2_vo_v_rel0_rs2700_rx100_none_none_p0_b0_r0d98_i0_tap0_ph0_gdc780_gimp1000_esd_a4000_t5em05_off10d0_reduced
,,6.996155329483904e-11,contact4k,3.719407709395964e-08,e6_12f827e171844b82d5b4,281.37677839631465,r1a,a4000_chaingdtmov_g1_kprotection_i0_mreduced_qe6_r4d802_x0_s5em05_tau1em09_t25_ron60_u858_t2_vo_v_rel0_rs2700_rx100_none_none_p0_b1_r0d98_i0_tap0_ph0_gdc420_gimp1000_esd_a4000_t5em05_off10d0_reduced
,,6.996155329483904e-11,contact4k,3.719407709395964e-08,e6_12f827e171844b82d5b4,281.37677839631465,r1b,a4000_chaingdtmov_g1_kprotection_i0_mreduced_qe6_r4d802_x0_s5em05_tau1em09_t25_ron60_u858_t2_vo_v_rel0_rs2700_rx100_none_none_p0_b1_r0d98_i0_tap0_ph0_gdc420_gimp1000_esd_a4000_t5em05_off10d0_reduced
,,6.996155329483891e-11,contact4k,3.719407709395972e-08,e6_12f827e171844b82d5b4,281.37677839630487,r2a,a4000_chaingdtmov_g1_kprotection_i0_mreduced_qe6_r4d802_x0_s5em05_tau1em09_t25_ron60_u858_t2_vo_v_rel0_rs2700_rx100_none_none_p0_b1_r0d98_i0_tap0_ph0_gdc420_gimp1000_esd_a4000_t5em05_off10d0_reduced
,,6.996155329483887e-11,contact4k,3.719407709395972e-08,e6_12f827e171844b82d5b4,281.37677839630487,r2b,a4000_chaingdtmov_g1_kprotection_i0_mreduced_qe6_r4d802_x0_s5em05_tau1em09_t25_ron60_u858_t2_vo_v_rel0_rs2700_rx100_none_none_p0_b1_r0d98_i0_tap0_ph0_gdc420_gimp1000_esd_a4000_t5em05_off10d0_reduced
,,6.996155329483871e-11,contact4k,3.719407709395977e-08,e6_12f827e171844b82d5b4,281.3767783962993,r3a,a4000_chaingdtmov_g1_kprotection_i0_mreduced_qe6_r4d802_x0_s5em05_tau1em09_t25_ron60_u858_t2_vo_v_rel0_rs2700_rx100_none_none_p0_b1_r0d98_i0_tap0_ph0_gdc420_gimp1000_esd_a4000_t5em05_off10d0_reduced
,,6.996155329483873e-11,contact4k,3.719407709395977e-08,e6_12f827e171844b82d5b4,281.3767783962993,r3b,a4000_chaingdtmov_g1_kprotection_i0_mreduced_qe6_r4d802_x0_s5em05_tau1em09_t25_ron60_u858_t2_vo_v_rel0_rs2700_rx100_none_none_p0_b1_r0d98_i0_tap0_ph0_gdc420_gimp1000_esd_a4000_t5em05_off10d0_reduced
,,0.0,contact4k,2.196346444820037e-08,e6_12f827e171844b82d5b4,44.786396940973184,r910k,a4000_chaingdtmov_g1_kprotection_i0_mreduced_qe6_r4d802_x0_s5em05_tau1em09_t25_ron60_u858_t2_vo_v_rel0_rs2700_rx100_none_none_p0_b1_r0d98_i0_tap0_ph0_gdc420_gimp1000_esd_a4000_t5em05_off10d0_reduced
,,0.0,contact4k,1.2054263213106726e-10,e6_12f827e171844b82d5b4,0.5609834516589624,r100k,a4000_chaingdtmov_g1_kprotection_i0_mreduced_qe6_r4d802_x0_s5em05_tau1em09_t25_ron60_u858_t2_vo_v_rel0_rs2700_rx100_none_none_p0_b1_r0d98_i0_tap0_ph0_gdc420_gimp1000_esd_a4000_t5em05_off10d0_reduced
0.0,6.992735527039062e-11,,contact4k,1.803393822175919e-06,e6_12f827e171844b82d5b4,562.6432078142464,rc1,a4000_chaingdtmov_g1_kprotection_i0_mreduced_qe6_r4d802_x0_s5em05_tau1em09_t25_ron60_u858_t2_vo_v_rel0_rs2700_rx100_none_none_p0_b1_r0d98_i0_tap0_ph0_gdc420_gimp1000_esd_a4000_t5em05_off10d0_reduced
0.0,6.992735527039046e-11,,contact4k,1.803393822175919e-06,e6_12f827e171844b82d5b4,562.6432078142268,rc2,a4000_chaingdtmov_g1_kprotection_i0_mreduced_qe6_r4d802_x0_s5em05_tau1em09_t25_ron60_u858_t2_vo_v_rel0_rs2700_rx100_none_none_p0_b1_r0d98_i0_tap0_ph0_gdc420_gimp1000_esd_a4000_t5em05_off10d0_reduced
0.0,6.992735527039029e-11,,contact4k,1.803393822175919e-06,e6_12f827e171844b82d5b4,562.6432078142157,rc3,a4000_chaingdtmov_g1_kprotection_i0_mreduced_qe6_r4d802_x0_s5em05_tau1em09_t25_ron60_u858_t2_vo_v_rel0_rs2700_rx100_none_none_p0_b1_r0d98_i0_tap0_ph0_gdc420_gimp1000_esd_a4000_t5em05_off10d0_reduced
,,1.6017901851686967e-09,contact4k,3.494217487556935e-08,e6_bb76dfcfd51d010e0734,420.03014685713333,r1a,a4000_chaingdtmov_g1_kprotection_i0_mreduced_qe6_r4d802_x0_s5em05_tau1em07_t25_ron60_u858_t2_vo_v_rel0_rs2700_rx100_none_none_p0_b1_r0d98_i0_tap0_ph0_gdc420_gimp1000_esd_a4000_t5em05_off10d0_reduced
,,1.601790185168698e-09,contact4k,3.4942174875569354e-08,e6_bb76dfcfd51d010e0734,420.03014685713333,r1b,a4000_chaingdtmov_g1_kprotection_i0_mreduced_qe6_r4d802_x0_s5em05_tau1em07_t25_ron60_u858_t2_vo_v_rel0_rs2700_rx100_none_none_p0_b1_r0d98_i0_tap0_ph0_gdc420_gimp1000_esd_a4000_t5em05_off10d0_reduced
,,1.6017901851687004e-09,contact4k,3.494217487556942e-08,e6_bb76dfcfd51d010e0734,420.03014685713265,r2a,a4000_chaingdtmov_g1_kprotection_i0_mreduced_qe6_r4d802_x0_s5em05_tau1em07_t25_ron60_u858_t2_vo_v_rel0_rs2700_rx100_none_none_p0_b1_r0d98_i0_tap0_ph0_gdc420_gimp1000_esd_a4000_t5em05_off10d0_reduced
,,1.6017901851686998e-09,contact4k,3.494217487556942e-08,e6_bb76dfcfd51d010e0734,420.0301468571329,r2b,a4000_chaingdtmov_g1_kprotection_i0_mreduced_qe6_r4d802_x0_s5em05_tau1em07_t25_ron60_u858_t2_vo_v_rel0_rs2700_rx100_none_none_p0_b1_r0d98_i0_tap0_ph0_gdc420_gimp1000_esd_a4000_t5em05_off10d0_reduced
,,1.6017901851686994e-09,contact4k,3.4942174875569466e-08,e6_bb76dfcfd51d010e0734,420.0301468571323,r3a,a4000_chaingdtmov_g1_kprotection_i0_mreduced_qe6_r4d802_x0_s5em05_tau1em07_t25_ron60_u858_t2_vo_v_rel0_rs2700_rx100_none_none_p0_b1_r0d98_i0_tap0_ph0_gdc420_gimp1000_esd_a4000_t5em05_off10d0_reduced
,,1.6017901851686998e-09,contact4k,3.4942174875569466e-08,e6_bb76dfcfd51d010e0734,420.0301468571323,r3b,a4000_chaingdtmov_g1_kprotection_i0_mreduced_qe6_r4d802_x0_s5em05_tau1em07_t25_ron60_u858_t2_vo_v_rel0_rs2700_rx100_none_none_p0_b1_r0d98_i0_tap0_ph0_gdc420_gimp1000_esd_a4000_t5em05_off10d0_reduced
,,0.0,contact4k,2.0535822716119643e-08,e6_bb76dfcfd51d010e0734,44.1997849690092,r910k,a4000_chaingdtmov_g1_kprotection_i0_mreduced_qe6_r4d802_x0_s5em05_tau1em07_t25_ron60_u858_t2_vo_v_rel0_rs2700_rx100_none_none_p0_b1_r0d98_i0_tap0_ph0_gdc420_gimp1000_esd_a4000_t5em05_off10d0_reduced
,,0.0,contact4k,1.207264237689738e-10,e6_bb76dfcfd51d010e0734,0.5631536806758366,r100k,a4000_chaingdtmov_g1_kprotection_i0_mreduced_qe6_r4d802_x0_s5em05_tau1em07_t25_ron60_u858_t2_vo_v_rel0_rs2700_rx100_none_none_p0_b1_r0d98_i0_tap0_ph0_gdc420_gimp1000_esd_a4000_t5em05_off10d0_reduced
0.0,1.571692775895639e-09,,contact4k,1.9876107173853666e-06,e6_bb76dfcfd51d010e0734,839.5726878884375,rc1,a4000_chaingdtmov_g1_kprotection_i0_mreduced_qe6_r4d802_x0_s5em05_tau1em07_t25_ron60_u858_t2_vo_v_rel0_rs2700_rx100_none_none_p0_b1_r0d98_i0_tap0_ph0_gdc420_gimp1000_esd_a4000_t5em05_off10d0_reduced
0.0,1.5716927758956418e-09,,contact4k,1.9876107173853666e-06,e6_bb76dfcfd51d010e0734,839.5726878884363,rc2,a4000_chaingdtmov_g1_kprotection_i0_mreduced_qe6_r4d802_x0_s5em05_tau1em07_t25_ron60_u858_t2_vo_v_rel0_rs2700_rx100_none_none_p0_b1_r0d98_i0_tap0_ph0_gdc420_gimp1000_esd_a4000_t5em05_off10d0_reduced
0.0,1.571692775895641e-09,,contact4k,1.987610717385367e-06,e6_bb76dfcfd51d010e0734,839.5726878884354,rc3,a4000_chaingdtmov_g1_kprotection_i0_mreduced_qe6_r4d802_x0_s5em05_tau1em07_t25_ron60_u858_t2_vo_v_rel0_rs2700_rx100_none_none_p0_b1_r0d98_i0_tap0_ph0_gdc420_gimp1000_esd_a4000_t5em05_off10d0_reduced
,,6.996153868218956e-11,contact4k,3.719407709629408e-08,e6_22271d45e1ef8e56a40d,281.37680416779267,r1a,a4000_chaingdtmov_g1_kprotection_i0_mreduced_qe6_r4d802_x0_s5em05_tau1em09_t25_ron60_u859_t2_vo_v_rel0_rs2700_rx100_none_none_p0_b1_r0d98_i0_tap0_ph0_gdc780_gimp1000_esd_a4000_t5em05_off10d0_reduced
,,6.996153868218949e-11,contact4k,3.719407709629408e-08,e6_22271d45e1ef8e56a40d,281.37680416779244,r1b,a4000_chaingdtmov_g1_kprotection_i0_mreduced_qe6_r4d802_x0_s5em05_tau1em09_t25_ron60_u859_t2_vo_v_rel0_rs2700_rx100_none_none_p0_b1_r0d98_i0_tap0_ph0_gdc780_gimp1000_esd_a4000_t5em05_off10d0_reduced
,,6.996153868218908e-11,contact4k,3.7194077096294157e-08,e6_22271d45e1ef8e56a40d,281.3768041677704,r2a,a4000_chaingdtmov_g1_kprotection_i0_mreduced_qe6_r4d802_x0_s5em05_tau1em09_t25_ron60_u859_t2_vo_v_rel0_rs2700_rx100_none_none_p0_b1_r0d98_i0_tap0_ph0_gdc780_gimp1000_esd_a4000_t5em05_off10d0_reduced
,,6.996153868218912e-11,contact4k,3.7194077096294157e-08,e6_22271d45e1ef8e56a40d,281.3768041677706,r2b,a4000_chaingdtmov_g1_kprotection_i0_mreduced_qe6_r4d802_x0_s5em05_tau1em09_t25_ron60_u859_t2_vo_v_rel0_rs2700_rx100_none_none_p0_b1_r0d98_i0_tap0_ph0_gdc780_gimp1000_esd_a4000_t5em05_off10d0_reduced
,,6.996153868218887e-11,contact4k,3.719407709629421e-08,e6_22271d45e1ef8e56a40d,281.37680416776175,r3a,a4000_chaingdtmov_g1_kprotection_i0_mreduced_qe6_r4d802_x0_s5em05_tau1em09_t25_ron60_u859_t2_vo_v_rel0_rs2700_rx100_none_none_p0_b1_r0d98_i0_tap0_ph0_gdc780_gimp1000_esd_a4000_t5em05_off10d0_reduced
,,6.996153868218888e-11,contact4k,3.719407709629421e-08,e6_22271d45e1ef8e56a40d,281.37680416776186,r3b,a4000_chaingdtmov_g1_kprotection_i0_mreduced_qe6_r4d802_x0_s5em05_tau1em09_t25_ron60_u859_t2_vo_v_rel0_rs2700_rx100_none_none_p0_b1_r0d98_i0_tap0_ph0_gdc780_gimp1000_esd_a4000_t5em05_off10d0_reduced
,,0.0,contact4k,2.1963464449769153e-08,e6_22271d45e1ef8e56a40d,44.78639694245742,r910k,a4000_chaingdtmov_g1_kprotection_i0_mreduced_qe6_r4d802_x0_s5em05_tau1em09_t25_ron60_u859_t2_vo_v_rel0_rs2700_rx100_none_none_p0_b1_r0d98_i0_tap0_ph0_gdc780_gimp1000_esd_a4000_t5em05_off10d0_reduced
,,0.0,contact4k,1.2054263213148263e-10,e6_22271d45e1ef8e56a40d,0.5609834516567564,r100k,a4000_chaingdtmov_g1_kprotection_i0_mreduced_qe6_r4d802_x0_s5em05_tau1em09_t25_ron60_u859_t2_vo_v_rel0_rs2700_rx100_none_none_p0_b1_r0d98_i0_tap0_ph0_gdc780_gimp1000_esd_a4000_t5em05_off10d0_reduced
0.0,6.99273406122976e-11,,contact4k,1.8033938217189075e-06,e6_22271d45e1ef8e56a40d,562.6432593563509,rc1,a4000_chaingdtmov_g1_kprotection_i0_mreduced_qe6_r4d802_x0_s5em05_tau1em09_t25_ron60_u859_t2_vo_v_rel0_rs2700_rx100_none_none_p0_b1_r0d98_i0_tap0_ph0_gdc780_gimp1000_esd_a4000_t5em05_off10d0_reduced
0.0,6.992734061229718e-11,,contact4k,1.8033938217189075e-06,e6_22271d45e1ef8e56a40d,562.6432593563068,rc2,a4000_chaingdtmov_g1_kprotection_i0_mreduced_qe6_r4d802_x0_s5em05_tau1em09_t25_ron60_u859_t2_vo_v_rel0_rs2700_rx100_none_none_p0_b1_r0d98_i0_tap0_ph0_gdc780_gimp1000_esd_a4000_t5em05_off10d0_reduced
0.0,6.992734061229696e-11,,contact4k,1.8033938217189075e-06,e6_22271d45e1ef8e56a40d,562.6432593562894,rc3,a4000_chaingdtmov_g1_kprotection_i0_mreduced_qe6_r4d802_x0_s5em05_tau1em09_t25_ron60_u859_t2_vo_v_rel0_rs2700_rx100_none_none_p0_b1_r0d98_i0_tap0_ph0_gdc780_gimp1000_esd_a4000_t5em05_off10d0_reduced
,,1.6017901851686973e-09,contact4k,3.494217487556935e-08,e6_c90fc4ffa10642373349,420.03014685712924,r1a,a4000_chaingdtmov_g1_kprotection_i0_mreduced_qe6_r4d802_x0_s5em05_tau1em07_t25_ron60_u859_t2_vo_v_rel0_rs2700_rx100_none_none_p0_b1_r0d98_i0_tap0_ph0_gdc780_gimp1000_esd_a4000_t5em05_off10d0_reduced
,,1.6017901851686985e-09,contact4k,3.494217487556935e-08,e6_c90fc4ffa10642373349,420.030146857129,r1b,a4000_chaingdtmov_g1_kprotection_i0_mreduced_qe6_r4d802_x0_s5em05_tau1em07_t25_ron60_u859_t2_vo_v_rel0_rs2700_rx100_none_none_p0_b1_r0d98_i0_tap0_ph0_gdc780_gimp1000_esd_a4000_t5em05_off10d0_reduced
,,1.6017901851686973e-09,contact4k,3.494217487556942e-08,e6_c90fc4ffa10642373349,420.03014685712833,r2a,a4000_chaingdtmov_g1_kprotection_i0_mreduced_qe6_r4d802_x0_s5em05_tau1em07_t25_ron60_u859_t2_vo_v_rel0_rs2700_rx100_none_none_p0_b1_r0d98_i0_tap0_ph0_gdc780_gimp1000_esd_a4000_t5em05_off10d0_reduced
,,1.6017901851686973e-09,contact4k,3.494217487556942e-08,e6_c90fc4ffa10642373349,420.03014685712844,r2b,a4000_chaingdtmov_g1_kprotection_i0_mreduced_qe6_r4d802_x0_s5em05_tau1em07_t25_ron60_u859_t2_vo_v_rel0_rs2700_rx100_none_none_p0_b1_r0d98_i0_tap0_ph0_gdc780_gimp1000_esd_a4000_t5em05_off10d0_reduced
,,1.6017901851686956e-09,contact4k,3.4942174875569466e-08,e6_c90fc4ffa10642373349,420.03014685712793,r3a,a4000_chaingdtmov_g1_kprotection_i0_mreduced_qe6_r4d802_x0_s5em05_tau1em07_t25_ron60_u859_t2_vo_v_rel0_rs2700_rx100_none_none_p0_b1_r0d98_i0_tap0_ph0_gdc780_gimp1000_esd_a4000_t5em05_off10d0_reduced
,,1.6017901851686965e-09,contact4k,3.4942174875569466e-08,e6_c90fc4ffa10642373349,420.03014685712793,r3b,a4000_chaingdtmov_g1_kprotection_i0_mreduced_qe6_r4d802_x0_s5em05_tau1em07_t25_ron60_u859_t2_vo_v_rel0_rs2700_rx100_none_none_p0_b1_r0d98_i0_tap0_ph0_gdc780_gimp1000_esd_a4000_t5em05_off10d0_reduced
,,0.0,contact4k,2.0535822716119647e-08,e6_c90fc4ffa10642373349,44.1997849690092,r910k,a4000_chaingdtmov_g1_kprotection_i0_mreduced_qe6_r4d802_x0_s5em05_tau1em07_t25_ron60_u859_t2_vo_v_rel0_rs2700_rx100_none_none_p0_b1_r0d98_i0_tap0_ph0_gdc780_gimp1000_esd_a4000_t5em05_off10d0_reduced
,,0.0,contact4k,1.207264237689738e-10,e6_c90fc4ffa10642373349,0.5631536806758366,r100k,a4000_chaingdtmov_g1_kprotection_i0_mreduced_qe6_r4d802_x0_s5em05_tau1em07_t25_ron60_u859_t2_vo_v_rel0_rs2700_rx100_none_none_p0_b1_r0d98_i0_tap0_ph0_gdc780_gimp1000_esd_a4000_t5em05_off10d0_reduced
0.0,1.571692775895639e-09,,contact4k,1.987610717385363e-06,e6_c90fc4ffa10642373349,839.5726878884291,rc1,a4000_chaingdtmov_g1_kprotection_i0_mreduced_qe6_r4d802_x0_s5em05_tau1em07_t25_ron60_u859_t2_vo_v_rel0_rs2700_rx100_none_none_p0_b1_r0d98_i0_tap0_ph0_gdc780_gimp1000_esd_a4000_t5em05_off10d0_reduced
0.0,1.5716927758956367e-09,,contact4k,1.987610717385363e-06,e6_c90fc4ffa10642373349,839.5726878884276,rc2,a4000_chaingdtmov_g1_kprotection_i0_mreduced_qe6_r4d802_x0_s5em05_tau1em07_t25_ron60_u859_t2_vo_v_rel0_rs2700_rx100_none_none_p0_b1_r0d98_i0_tap0_ph0_gdc780_gimp1000_esd_a4000_t5em05_off10d0_reduced
0.0,1.5716927758956356e-09,,contact4k,1.9876107173853636e-06,e6_c90fc4ffa10642373349,839.5726878884267,rc3,a4000_chaingdtmov_g1_kprotection_i0_mreduced_qe6_r4d802_x0_s5em05_tau1em07_t25_ron60_u859_t2_vo_v_rel0_rs2700_rx100_none_none_p0_b1_r0d98_i0_tap0_ph0_gdc780_gimp1000_esd_a4000_t5em05_off10d0_reduced
,,6.8670675658736e-11,contact4k,3.698588876086465e-08,e6_ea77abe345b307cefd5e,279.30449124941765,r1a,a4000_chaingdtmov_g1_kprotection_i0_mreduced_qe6_r4d9_x0_s5em05_tau1em09_t25_ron60_u860_t2_vo_v_rel0_rs2700_rx100_none_none_p1_b0_r1_i0_tap0_ph0_gdc420_gimp1000_esd_a4000_t5em05_off10d0_reduced
,,6.867067565873602e-11,contact4k,3.698588876086465e-08,e6_ea77abe345b307cefd5e,279.3044912494179,r1b,a4000_chaingdtmov_g1_kprotection_i0_mreduced_qe6_r4d9_x0_s5em05_tau1em09_t25_ron60_u860_t2_vo_v_rel0_rs2700_rx100_none_none_p1_b0_r1_i0_tap0_ph0_gdc420_gimp1000_esd_a4000_t5em05_off10d0_reduced
,,6.8670675658735e-11,contact4k,3.698588876086473e-08,e6_ea77abe345b307cefd5e,279.30449124942163,r2a,a4000_chaingdtmov_g1_kprotection_i0_mreduced_qe6_r4d9_x0_s5em05_tau1em09_t25_ron60_u860_t2_vo_v_rel0_rs2700_rx100_none_none_p1_b0_r1_i0_tap0_ph0_gdc420_gimp1000_esd_a4000_t5em05_off10d0_reduced
,,6.867067565873499e-11,contact4k,3.6985888760864724e-08,e6_ea77abe345b307cefd5e,279.30449124942163,r2b,a4000_chaingdtmov_g1_kprotection_i0_mreduced_qe6_r4d9_x0_s5em05_tau1em09_t25_ron60_u860_t2_vo_v_rel0_rs2700_rx100_none_none_p1_b0_r1_i0_tap0_ph0_gdc420_gimp1000_esd_a4000_t5em05_off10d0_reduced
,,6.867067565873449e-11,contact4k,3.698588876086478e-08,e6_ea77abe345b307cefd5e,279.30449124942356,r3a,a4000_chaingdtmov_g1_kprotection_i0_mreduced_qe6_r4d9_x0_s5em05_tau1em09_t25_ron60_u860_t2_vo_v_rel0_rs2700_rx100_none_none_p1_b0_r1_i0_tap0_ph0_gdc420_gimp1000_esd_a4000_t5em05_off10d0_reduced
,,6.867067565873447e-11,contact4k,3.698588876086478e-08,e6_ea77abe345b307cefd5e,279.3044912494235,r3b,a4000_chaingdtmov_g1_kprotection_i0_mreduced_qe6_r4d9_x0_s5em05_tau1em09_t25_ron60_u860_t2_vo_v_rel0_rs2700_rx100_none_none_p1_b0_r1_i0_tap0_ph0_gdc420_gimp1000_esd_a4000_t5em05_off10d0_reduced
,,0.0,contact4k,2.18404012711692e-08,e6_ea77abe345b307cefd5e,44.44471582657939,r910k,a4000_chaingdtmov_g1_kprotection_i0_mreduced_qe6_r4d9_x0_s5em05_tau1em09_t25_ron60_u860_t2_vo_v_rel0_rs2700_rx100_none_none_p1_b0_r1_i0_tap0_ph0_gdc420_gimp1000_esd_a4000_t5em05_off10d0_reduced
,,0.0,contact4k,2.397017184747487e-09,e6_ea77abe345b307cefd5e,4.880793756527405,r100k,a4000_chaingdtmov_g1_kprotection_i0_mreduced_qe6_r4d9_x0_s5em05_tau1em09_t25_ron60_u860_t2_vo_v_rel0_rs2700_rx100_none_none_p1_b0_r1_i0_tap0_ph0_gdc420_gimp1000_esd_a4000_t5em05_off10d0_reduced
0.0,6.86325049787894e-11,,contact4k,1.7913819192524157e-06,e6_ea77abe345b307cefd5e,558.4996444388621,rc1,a4000_chaingdtmov_g1_kprotection_i0_mreduced_qe6_r4d9_x0_s5em05_tau1em09_t25_ron60_u860_t2_vo_v_rel0_rs2700_rx100_none_none_p1_b0_r1_i0_tap0_ph0_gdc420_gimp1000_esd_a4000_t5em05_off10d0_reduced
0.0,6.863250497878837e-11,,contact4k,1.7913819192524157e-06,e6_ea77abe345b307cefd5e,558.49964443887,rc2,a4000_chaingdtmov_g1_kprotection_i0_mreduced_qe6_r4d9_x0_s5em05_tau1em09_t25_ron60_u860_t2_vo_v_rel0_rs2700_rx100_none_none_p1_b0_r1_i0_tap0_ph0_gdc420_gimp1000_esd_a4000_t5em05_off10d0_reduced
0.0,6.863250497878788e-11,,contact4k,1.791381919252416e-06,e6_ea77abe345b307cefd5e,558.4996444388737,rc3,a4000_chaingdtmov_g1_kprotection_i0_mreduced_qe6_r4d9_x0_s5em05_tau1em09_t25_ron60_u860_t2_vo_v_rel0_rs2700_rx100_none_none_p1_b0_r1_i0_tap0_ph0_gdc420_gimp1000_esd_a4000_t5em05_off10d0_reduced
,,1.5788208705885705e-09,contact4k,3.473476546475436e-08,e6_ad09e30f110b2afc372b,410.6614398131969,r1a,a4000_chaingdtmov_g1_kprotection_i0_mreduced_qe6_r4d9_x0_s5em05_tau1em07_t25_ron60_u860_t2_vo_v_rel0_rs2700_rx100_none_none_p1_b0_r1_i0_tap0_ph0_gdc420_gimp1000_esd_a4000_t5em05_off10d0_reduced
,,1.578820870588565e-09,contact4k,3.473476546475436e-08,e6_ad09e30f110b2afc372b,410.6614398131969,r1b,a4000_chaingdtmov_g1_kprotection_i0_mreduced_qe6_r4d9_x0_s5em05_tau1em07_t25_ron60_u860_t2_vo_v_rel0_rs2700_rx100_none_none_p1_b0_r1_i0_tap0_ph0_gdc420_gimp1000_esd_a4000_t5em05_off10d0_reduced
,,1.5788208705885676e-09,contact4k,3.473476546475444e-08,e6_ad09e30f110b2afc372b,410.6614398131967,r2a,a4000_chaingdtmov_g1_kprotection_i0_mreduced_qe6_r4d9_x0_s5em05_tau1em07_t25_ron60_u860_t2_vo_v_rel0_rs2700_rx100_none_none_p1_b0_r1_i0_tap0_ph0_gdc420_gimp1000_esd_a4000_t5em05_off10d0_reduced
,,1.5788208705885672e-09,contact4k,3.473476546475444e-08,e6_ad09e30f110b2afc372b,410.66143981319647,r2b,a4000_chaingdtmov_g1_kprotection_i0_mreduced_qe6_r4d9_x0_s5em05_tau1em07_t25_ron60_u860_t2_vo_v_rel0_rs2700_rx100_none_none_p1_b0_r1_i0_tap0_ph0_gdc420_gimp1000_esd_a4000_t5em05_off10d0_reduced
,,1.5788208705885666e-09,contact4k,3.473476546475448e-08,e6_ad09e30f110b2afc372b,410.6614398131964,r3a,a4000_chaingdtmov_g1_kprotection_i0_mreduced_qe6_r4d9_x0_s5em05_tau1em07_t25_ron60_u860_t2_vo_v_rel0_rs2700_rx100_none_none_p1_b0_r1_i0_tap0_ph0_gdc420_gimp1000_esd_a4000_t5em05_off10d0_reduced
,,1.5788208705885666e-09,contact4k,3.473476546475448e-08,e6_ad09e30f110b2afc372b,410.6614398131964,r3b,a4000_chaingdtmov_g1_kprotection_i0_mreduced_qe6_r4d9_x0_s5em05_tau1em07_t25_ron60_u860_t2_vo_v_rel0_rs2700_rx100_none_none_p1_b0_r1_i0_tap0_ph0_gdc420_gimp1000_esd_a4000_t5em05_off10d0_reduced
,,0.0,contact4k,2.0414880125222306e-08,e6_ad09e30f110b2afc372b,43.87283222062931,r910k,a4000_chaingdtmov_g1_kprotection_i0_mreduced_qe6_r4d9_x0_s5em05_tau1em07_t25_ron60_u860_t2_vo_v_rel0_rs2700_rx100_none_none_p1_b0_r1_i0_tap0_ph0_gdc420_gimp1000_esd_a4000_t5em05_off10d0_reduced
,,0.0,contact4k,2.2405637847810794e-09,e6_ad09e30f110b2afc372b,4.817989619142359,r100k,a4000_chaingdtmov_g1_kprotection_i0_mreduced_qe6_r4d9_x0_s5em05_tau1em07_t25_ron60_u860_t2_vo_v_rel0_rs2700_rx100_none_none_p1_b0_r1_i0_tap0_ph0_gdc420_gimp1000_esd_a4000_t5em05_off10d0_reduced
0.0,1.5442911724529324e-09,,contact4k,1.9707446272709847e-06,e6_ad09e30f110b2afc372b,820.8803044571673,rc1,a4000_chaingdtmov_g1_kprotection_i0_mreduced_qe6_r4d9_x0_s5em05_tau1em07_t25_ron60_u860_t2_vo_v_rel0_rs2700_rx100_none_none_p1_b0_r1_i0_tap0_ph0_gdc420_gimp1000_esd_a4000_t5em05_off10d0_reduced
0.0,1.5442911724529322e-09,,contact4k,1.9707446272709847e-06,e6_ad09e30f110b2afc372b,820.8803044571667,rc2,a4000_chaingdtmov_g1_kprotection_i0_mreduced_qe6_r4d9_x0_s5em05_tau1em07_t25_ron60_u860_t2_vo_v_rel0_rs2700_rx100_none_none_p1_b0_r1_i0_tap0_ph0_gdc420_gimp1000_esd_a4000_t5em05_off10d0_reduced
0.0,1.5442911724529314e-09,,contact4k,1.9707446272709847e-06,e6_ad09e30f110b2afc372b,820.8803044571663,rc3,a4000_chaingdtmov_g1_kprotection_i0_mreduced_qe6_r4d9_x0_s5em05_tau1em07_t25_ron60_u860_t2_vo_v_rel0_rs2700_rx100_none_none_p1_b0_r1_i0_tap0_ph0_gdc420_gimp1000_esd_a4000_t5em05_off10d0_reduced
,,6.867065533463843e-11,contact4k,3.698588866989405e-08,e6_c4d967eb8eec644c161b,279.30449624138714,r1a,a4000_chaingdtmov_g1_kprotection_i0_mreduced_qe6_r4d9_x0_s5em05_tau1em09_t25_ron60_u861_t2_vo_v_rel0_rs2700_rx100_none_none_p1_b0_r1_i0_tap0_ph0_gdc780_gimp1000_esd_a4000_t5em05_off10d0_reduced
,,6.867065533463841e-11,contact4k,3.698588866989405e-08,e6_c4d967eb8eec644c161b,279.30449624138737,r1b,a4000_chaingdtmov_g1_kprotection_i0_mreduced_qe6_r4d9_x0_s5em05_tau1em09_t25_ron60_u861_t2_vo_v_rel0_rs2700_rx100_none_none_p1_b0_r1_i0_tap0_ph0_gdc780_gimp1000_esd_a4000_t5em05_off10d0_reduced
,,6.867065533463763e-11,contact4k,3.698588866989412e-08,e6_c4d967eb8eec644c161b,279.304496241391,r2a,a4000_chaingdtmov_g1_kprotection_i0_mreduced_qe6_r4d9_x0_s5em05_tau1em09_t25_ron60_u861_t2_vo_v_rel0_rs2700_rx100_none_none_p1_b0_r1_i0_tap0_ph0_gdc780_gimp1000_esd_a4000_t5em05_off10d0_reduced
,,6.867065533463764e-11,contact4k,3.698588866989413e-08,e6_c4d967eb8eec644c161b,279.3044962413911,r2b,a4000_chaingdtmov_g1_kprotection_i0_mreduced_qe6_r4d9_x0_s5em05_tau1em09_t25_ron60_u861_t2_vo_v_rel0_rs2700_rx100_none_none_p1_b0_r1_i0_tap0_ph0_gdc780_gimp1000_esd_a4000_t5em05_off10d0_reduced
,,6.867065533463723e-11,contact4k,3.698588866989418e-08,e6_c4d967eb8eec644c161b,279.30449624139305,r3a,a4000_chaingdtmov_g1_kprotection_i0_mreduced_qe6_r4d9_x0_s5em05_tau1em09_t25_ron60_u861_t2_vo_v_rel0_rs2700_rx100_none_none_p1_b0_r1_i0_tap0_ph0_gdc780_gimp1000_esd_a4000_t5em05_off10d0_reduced
,,6.867065533463724e-11,contact4k,3.698588866989418e-08,e6_c4d967eb8eec644c161b,279.304496241393,r3b,a4000_chaingdtmov_g1_kprotection_i0_mreduced_qe6_r4d9_x0_s5em05_tau1em09_t25_ron60_u861_t2_vo_v_rel0_rs2700_rx100_none_none_p1_b0_r1_i0_tap0_ph0_gdc780_gimp1000_esd_a4000_t5em05_off10d0_reduced
,,0.0,contact4k,2.1840401216161843e-08,e6_c4d967eb8eec644c161b,44.4447157739154,r910k,a4000_chaingdtmov_g1_kprotection_i0_mreduced_qe6_r4d9_x0_s5em05_tau1em09_t25_ron60_u861_t2_vo_v_rel0_rs2700_rx100_none_none_p1_b0_r1_i0_tap0_ph0_gdc780_gimp1000_esd_a4000_t5em05_off10d0_reduced
,,0.0,contact4k,2.397017178710344e-09,e6_c4d967eb8eec644c161b,4.880793750744002,r100k,a4000_chaingdtmov_g1_kprotection_i0_mreduced_qe6_r4d9_x0_s5em05_tau1em09_t25_ron60_u861_t2_vo_v_rel0_rs2700_rx100_none_none_p1_b0_r1_i0_tap0_ph0_gdc780_gimp1000_esd_a4000_t5em05_off10d0_reduced
0.0,6.863248462539869e-11,,contact4k,1.7913819186388701e-06,e6_c4d967eb8eec644c161b,558.4996544272378,rc1,a4000_chaingdtmov_g1_kprotection_i0_mreduced_qe6_r4d9_x0_s5em05_tau1em09_t25_ron60_u861_t2_vo_v_rel0_rs2700_rx100_none_none_p1_b0_r1_i0_tap0_ph0_gdc780_gimp1000_esd_a4000_t5em05_off10d0_reduced
0.0,6.863248462539789e-11,,contact4k,1.7913819186388701e-06,e6_c4d967eb8eec644c161b,558.4996544272454,rc2,a4000_chaingdtmov_g1_kprotection_i0_mreduced_qe6_r4d9_x0_s5em05_tau1em09_t25_ron60_u861_t2_vo_v_rel0_rs2700_rx100_none_none_p1_b0_r1_i0_tap0_ph0_gdc780_gimp1000_esd_a4000_t5em05_off10d0_reduced
0.0,6.863248462539749e-11,,contact4k,1.7913819186388701e-06,e6_c4d967eb8eec644c161b,558.4996544272493,rc3,a4000_chaingdtmov_g1_kprotection_i0_mreduced_qe6_r4d9_x0_s5em05_tau1em09_t25_ron60_u861_t2_vo_v_rel0_rs2700_rx100_none_none_p1_b0_r1_i0_tap0_ph0_gdc780_gimp1000_esd_a4000_t5em05_off10d0_reduced
,,1.5788208705885738e-09,contact4k,3.47347653792141e-08,e6_a79688fa2a8d41fd7412,410.6614398131969,r1a,a4000_chaingdtmov_g1_kprotection_i0_mreduced_qe6_r4d9_x0_s5em05_tau1em07_t25_ron60_u861_t2_vo_v_rel0_rs2700_rx100_none_none_p1_b0_r1_i0_tap0_ph0_gdc780_gimp1000_esd_a4000_t5em05_off10d0_reduced
,,1.5788208705885716e-09,contact4k,3.47347653792141e-08,e6_a79688fa2a8d41fd7412,410.6614398131969,r1b,a4000_chaingdtmov_g1_kprotection_i0_mreduced_qe6_r4d9_x0_s5em05_tau1em07_t25_ron60_u861_t2_vo_v_rel0_rs2700_rx100_none_none_p1_b0_r1_i0_tap0_ph0_gdc780_gimp1000_esd_a4000_t5em05_off10d0_reduced
,,1.5788208705885736e-09,contact4k,3.4734765379214176e-08,e6_a79688fa2a8d41fd7412,410.66143981319647,r2a,a4000_chaingdtmov_g1_kprotection_i0_mreduced_qe6_r4d9_x0_s5em05_tau1em07_t25_ron60_u861_t2_vo_v_rel0_rs2700_rx100_none_none_p1_b0_r1_i0_tap0_ph0_gdc780_gimp1000_esd_a4000_t5em05_off10d0_reduced
,,1.5788208705885753e-09,contact4k,3.4734765379214176e-08,e6_a79688fa2a8d41fd7412,410.6614398131967,r2b,a4000_chaingdtmov_g1_kprotection_i0_mreduced_qe6_r4d9_x0_s5em05_tau1em07_t25_ron60_u861_t2_vo_v_rel0_rs2700_rx100_none_none_p1_b0_r1_i0_tap0_ph0_gdc780_gimp1000_esd_a4000_t5em05_off10d0_reduced
,,1.5788208705885736e-09,contact4k,3.4734765379214216e-08,e6_a79688fa2a8d41fd7412,410.6614398131964,r3a,a4000_chaingdtmov_g1_kprotection_i0_mreduced_qe6_r4d9_x0_s5em05_tau1em07_t25_ron60_u861_t2_vo_v_rel0_rs2700_rx100_none_none_p1_b0_r1_i0_tap0_ph0_gdc780_gimp1000_esd_a4000_t5em05_off10d0_reduced
,,1.5788208705885736e-09,contact4k,3.4734765379214216e-08,e6_a79688fa2a8d41fd7412,410.6614398131964,r3b,a4000_chaingdtmov_g1_kprotection_i0_mreduced_qe6_r4d9_x0_s5em05_tau1em07_t25_ron60_u861_t2_vo_v_rel0_rs2700_rx100_none_none_p1_b0_r1_i0_tap0_ph0_gdc780_gimp1000_esd_a4000_t5em05_off10d0_reduced
,,0.0,contact4k,2.0414880073389994e-08,e6_a79688fa2a8d41fd7412,43.87283219587727,r910k,a4000_chaingdtmov_g1_kprotection_i0_mreduced_qe6_r4d9_x0_s5em05_tau1em07_t25_ron60_u861_t2_vo_v_rel0_rs2700_rx100_none_none_p1_b0_r1_i0_tap0_ph0_gdc780_gimp1000_esd_a4000_t5em05_off10d0_reduced
,,0.0,contact4k,2.2405637790924003e-09,e6_a79688fa2a8d41fd7412,4.817989616424164,r100k,a4000_chaingdtmov_g1_kprotection_i0_mreduced_qe6_r4d9_x0_s5em05_tau1em07_t25_ron60_u861_t2_vo_v_rel0_rs2700_rx100_none_none_p1_b0_r1_i0_tap0_ph0_gdc780_gimp1000_esd_a4000_t5em05_off10d0_reduced
0.0,1.5442911724529382e-09,,contact4k,1.970744627084186e-06,e6_a79688fa2a8d41fd7412,820.8803044571673,rc1,a4000_chaingdtmov_g1_kprotection_i0_mreduced_qe6_r4d9_x0_s5em05_tau1em07_t25_ron60_u861_t2_vo_v_rel0_rs2700_rx100_none_none_p1_b0_r1_i0_tap0_ph0_gdc780_gimp1000_esd_a4000_t5em05_off10d0_reduced
0.0,1.5442911724529395e-09,,contact4k,1.970744627084186e-06,e6_a79688fa2a8d41fd7412,820.8803044571666,rc2,a4000_chaingdtmov_g1_kprotection_i0_mreduced_qe6_r4d9_x0_s5em05_tau1em07_t25_ron60_u861_t2_vo_v_rel0_rs2700_rx100_none_none_p1_b0_r1_i0_tap0_ph0_gdc780_gimp1000_esd_a4000_t5em05_off10d0_reduced
0.0,1.5442911724529393e-09,,contact4k,1.9707446270841856e-06,e6_a79688fa2a8d41fd7412,820.8803044571663,rc3,a4000_chaingdtmov_g1_kprotection_i0_mreduced_qe6_r4d9_x0_s5em05_tau1em07_t25_ron60_u861_t2_vo_v_rel0_rs2700_rx100_none_none_p1_b0_r1_i0_tap0_ph0_gdc780_gimp1000_esd_a4000_t5em05_off10d0_reduced
,,6.996165726891744e-11,contact4k,3.718681159121675e-08,e6_214db16d9d1c7651b052,281.3781871579049,r1a,a4000_chaingdtmov_g1_kprotection_i0_mreduced_qe6_r4d9_x0_s5em05_tau1em09_t25_ron60_u862_t2_vo_v_rel0_rs2700_rx100_none_none_p0_b0_r1_i0_tap0_ph0_gdc420_gimp1000_esd_a4000_t5em05_off10d0_reduced
,,6.996165726891738e-11,contact4k,3.718681159121675e-08,e6_214db16d9d1c7651b052,281.37818715790513,r1b,a4000_chaingdtmov_g1_kprotection_i0_mreduced_qe6_r4d9_x0_s5em05_tau1em09_t25_ron60_u862_t2_vo_v_rel0_rs2700_rx100_none_none_p0_b0_r1_i0_tap0_ph0_gdc420_gimp1000_esd_a4000_t5em05_off10d0_reduced
,,6.996165726891634e-11,contact4k,3.718681159121682e-08,e6_214db16d9d1c7651b052,281.3781871578873,r2a,a4000_chaingdtmov_g1_kprotection_i0_mreduced_qe6_r4d9_x0_s5em05_tau1em09_t25_ron60_u862_t2_vo_v_rel0_rs2700_rx100_none_none_p0_b0_r1_i0_tap0_ph0_gdc420_gimp1000_esd_a4000_t5em05_off10d0_reduced
,,6.996165726891633e-11,contact4k,3.718681159121682e-08,e6_214db16d9d1c7651b052,281.3781871578873,r2b,a4000_chaingdtmov_g1_kprotection_i0_mreduced_qe6_r4d9_x0_s5em05_tau1em09_t25_ron60_u862_t2_vo_v_rel0_rs2700_rx100_none_none_p0_b0_r1_i0_tap0_ph0_gdc420_gimp1000_esd_a4000_t5em05_off10d0_reduced
,,6.99616572689159e-11,contact4k,3.718681159121687e-08,e6_214db16d9d1c7651b052,281.3781871578796,r3a,a4000_chaingdtmov_g1_kprotection_i0_mreduced_qe6_r4d9_x0_s5em05_tau1em09_t25_ron60_u862_t2_vo_v_rel0_rs2700_rx100_none_none_p0_b0_r1_i0_tap0_ph0_gdc420_gimp1000_esd_a4000_t5em05_off10d0_reduced
,,6.99616572689159e-11,contact4k,3.718681159121687e-08,e6_214db16d9d1c7651b052,281.3781871578796,r3b,a4000_chaingdtmov_g1_kprotection_i0_mreduced_qe6_r4d9_x0_s5em05_tau1em09_t25_ron60_u862_t2_vo_v_rel0_rs2700_rx100_none_none_p0_b0_r1_i0_tap0_ph0_gdc420_gimp1000_esd_a4000_t5em05_off10d0_reduced
,,0.0,contact4k,2.195906648158018e-08,e6_214db16d9d1c7651b052,44.78222899441277,r910k,a4000_chaingdtmov_g1_kprotection_i0_mreduced_qe6_r4d9_x0_s5em05_tau1em09_t25_ron60_u862_t2_vo_v_rel0_rs2700_rx100_none_none_p0_b0_r1_i0_tap0_ph0_gdc420_gimp1000_esd_a4000_t5em05_off10d0_reduced
,,0.0,contact4k,1.2054143416338173e-10,e6_214db16d9d1c7651b052,0.5609834910780618,r100k,a4000_chaingdtmov_g1_kprotection_i0_mreduced_qe6_r4d9_x0_s5em05_tau1em09_t25_ron60_u862_t2_vo_v_rel0_rs2700_rx100_none_none_p0_b0_r1_i0_tap0_ph0_gdc420_gimp1000_esd_a4000_t5em05_off10d0_reduced
0.0,6.99274594829115e-11,,contact4k,1.8033641167187888e-06,e6_214db16d9d1c7651b052,562.6460252991212,rc1,a4000_chaingdtmov_g1_kprotection_i0_mreduced_qe6_r4d9_x0_s5em05_tau1em09_t25_ron60_u862_t2_vo_v_rel0_rs2700_rx100_none_none_p0_b0_r1_i0_tap0_ph0_gdc420_gimp1000_esd_a4000_t5em05_off10d0_reduced
0.0,6.992745948291044e-11,,contact4k,1.8033641167187888e-06,e6_214db16d9d1c7651b052,562.6460252990859,rc2,a4000_chaingdtmov_g1_kprotection_i0_mreduced_qe6_r4d9_x0_s5em05_tau1em09_t25_ron60_u862_t2_vo_v_rel0_rs2700_rx100_none_none_p0_b0_r1_i0_tap0_ph0_gdc420_gimp1000_esd_a4000_t5em05_off10d0_reduced
0.0,6.992745948291e-11,,contact4k,1.8033641167187888e-06,e6_214db16d9d1c7651b052,562.6460252990705,rc3,a4000_chaingdtmov_g1_kprotection_i0_mreduced_qe6_r4d9_x0_s5em05_tau1em09_t25_ron60_u862_t2_vo_v_rel0_rs2700_rx100_none_none_p0_b0_r1_i0_tap0_ph0_gdc420_gimp1000_esd_a4000_t5em05_off10d0_reduced
,,1.6009286897578629e-09,contact4k,3.494108096934197e-08,e6_305f95b0ba58d7f5a9d6,420.03585410762025,r1a,a4000_chaingdtmov_g1_kprotection_i0_mreduced_qe6_r4d9_x0_s5em05_tau1em07_t25_ron60_u862_t2_vo_v_rel0_rs2700_rx100_none_none_p0_b0_r1_i0_tap0_ph0_gdc420_gimp1000_esd_a4000_t5em05_off10d0_reduced
,,1.6009286897578616e-09,contact4k,3.494108096934197e-08,e6_305f95b0ba58d7f5a9d6,420.03585410762025,r1b,a4000_chaingdtmov_g1_kprotection_i0_mreduced_qe6_r4d9_x0_s5em05_tau1em07_t25_ron60_u862_t2_vo_v_rel0_rs2700_rx100_none_none_p0_b0_r1_i0_tap0_ph0_gdc420_gimp1000_esd_a4000_t5em05_off10d0_reduced
,,1.6009286897578598e-09,contact4k,3.494108096934204e-08,e6_305f95b0ba58d7f5a9d6,420.03585410762025,r2a,a4000_chaingdtmov_g1_kprotection_i0_mreduced_qe6_r4d9_x0_s5em05_tau1em07_t25_ron60_u862_t2_vo_v_rel0_rs2700_rx100_none_none_p0_b0_r1_i0_tap0_ph0_gdc420_gimp1000_esd_a4000_t5em05_off10d0_reduced
,,1.6009286897578593e-09,contact4k,3.494108096934204e-08,e6_305f95b0ba58d7f5a9d6,420.03585410762014,r2b,a4000_chaingdtmov_g1_kprotection_i0_mreduced_qe6_r4d9_x0_s5em05_tau1em07_t25_ron60_u862_t2_vo_v_rel0_rs2700_rx100_none_none_p0_b0_r1_i0_tap0_ph0_gdc420_gimp1000_esd_a4000_t5em05_off10d0_reduced
,,1.600928689757859e-09,contact4k,3.4941080969342084e-08,e6_305f95b0ba58d7f5a9d6,420.0358541076201,r3a,a4000_chaingdtmov_g1_kprotection_i0_mreduced_qe6_r4d9_x0_s5em05_tau1em07_t25_ron60_u862_t2_vo_v_rel0_rs2700_rx100_none_none_p0_b0_r1_i0_tap0_ph0_gdc420_gimp1000_esd_a4000_t5em05_off10d0_reduced
,,1.600928689757859e-09,contact4k,3.4941080969342084e-08,e6_305f95b0ba58d7f5a9d6,420.0358541076201,r3b,a4000_chaingdtmov_g1_kprotection_i0_mreduced_qe6_r4d9_x0_s5em05_tau1em07_t25_ron60_u862_t2_vo_v_rel0_rs2700_rx100_none_none_p0_b0_r1_i0_tap0_ph0_gdc420_gimp1000_esd_a4000_t5em05_off10d0_reduced
,,0.0,contact4k,2.0535160931858208e-08,e6_305f95b0ba58d7f5a9d6,44.19977430309601,r910k,a4000_chaingdtmov_g1_kprotection_i0_mreduced_qe6_r4d9_x0_s5em05_tau1em07_t25_ron60_u862_t2_vo_v_rel0_rs2700_rx100_none_none_p0_b0_r1_i0_tap0_ph0_gdc420_gimp1000_esd_a4000_t5em05_off10d0_reduced
,,0.0,contact4k,1.2072697805486333e-10,e6_305f95b0ba58d7f5a9d6,0.5631535502524022,r100k,a4000_chaingdtmov_g1_kprotection_i0_mreduced_qe6_r4d9_x0_s5em05_tau1em07_t25_ron60_u862_t2_vo_v_rel0_rs2700_rx100_none_none_p0_b0_r1_i0_tap0_ph0_gdc420_gimp1000_esd_a4000_t5em05_off10d0_reduced
0.0,1.5706839219152663e-09,,contact4k,1.9876050774135612e-06,e6_305f95b0ba58d7f5a9d6,839.5837151508424,rc1,a4000_chaingdtmov_g1_kprotection_i0_mreduced_qe6_r4d9_x0_s5em05_tau1em07_t25_ron60_u862_t2_vo_v_rel0_rs2700_rx100_none_none_p0_b0_r1_i0_tap0_ph0_gdc420_gimp1000_esd_a4000_t5em05_off10d0_reduced
0.0,1.5706839219152626e-09,,contact4k,1.9876050774135612e-06,e6_305f95b0ba58d7f5a9d6,839.5837151508423,rc2,a4000_chaingdtmov_g1_kprotection_i0_mreduced_qe6_r4d9_x0_s5em05_tau1em07_t25_ron60_u862_t2_vo_v_rel0_rs2700_rx100_none_none_p0_b0_r1_i0_tap0_ph0_gdc420_gimp1000_esd_a4000_t5em05_off10d0_reduced
0.0,1.570683921915262e-09,,contact4k,1.9876050774135612e-06,e6_305f95b0ba58d7f5a9d6,839.5837151508421,rc3,a4000_chaingdtmov_g1_kprotection_i0_mreduced_qe6_r4d9_x0_s5em05_tau1em07_t25_ron60_u862_t2_vo_v_rel0_rs2700_rx100_none_none_p0_b0_r1_i0_tap0_ph0_gdc420_gimp1000_esd_a4000_t5em05_off10d0_reduced
,,6.996164265618518e-11,contact4k,3.718681150330667e-08,e6_7dcf03136ad6e9e6b186,281.3782129288163,r1a,a4000_chaingdtmov_g1_kprotection_i0_mreduced_qe6_r4d9_x0_s5em05_tau1em09_t25_ron60_u863_t2_vo_v_rel0_rs2700_rx100_none_none_p0_b0_r1_i0_tap0_ph0_gdc780_gimp1000_esd_a4000_t5em05_off10d0_reduced
,,6.996164265618518e-11,contact4k,3.718681150330667e-08,e6_7dcf03136ad6e9e6b186,281.3782129288163,r1b,a4000_chaingdtmov_g1_kprotection_i0_mreduced_qe6_r4d9_x0_s5em05_tau1em09_t25_ron60_u863_t2_vo_v_rel0_rs2700_rx100_none_none_p0_b0_r1_i0_tap0_ph0_gdc780_gimp1000_esd_a4000_t5em05_off10d0_reduced
,,6.996164265618435e-11,contact4k,3.7186811503306756e-08,e6_7dcf03136ad6e9e6b186,281.37821292879903,r2a,a4000_chaingdtmov_g1_kprotection_i0_mreduced_qe6_r4d9_x0_s5em05_tau1em09_t25_ron60_u863_t2_vo_v_rel0_rs2700_rx100_none_none_p0_b0_r1_i0_tap0_ph0_gdc780_gimp1000_esd_a4000_t5em05_off10d0_reduced
,,6.996164265618436e-11,contact4k,3.718681150330675e-08,e6_7dcf03136ad6e9e6b186,281.37821292879926,r2b,a4000_chaingdtmov_g1_kprotection_i0_mreduced_qe6_r4d9_x0_s5em05_tau1em09_t25_ron60_u863_t2_vo_v_rel0_rs2700_rx100_none_none_p0_b0_r1_i0_tap0_ph0_gdc780_gimp1000_esd_a4000_t5em05_off10d0_reduced
,,6.99616426561841e-11,contact4k,3.7186811503306795e-08,e6_7dcf03136ad6e9e6b186,281.3782129287884,r3a,a4000_chaingdtmov_g1_kprotection_i0_mreduced_qe6_r4d9_x0_s5em05_tau1em09_t25_ron60_u863_t2_vo_v_rel0_rs2700_rx100_none_none_p0_b0_r1_i0_tap0_ph0_gdc780_gimp1000_esd_a4000_t5em05_off10d0_reduced
,,6.996164265618412e-11,contact4k,3.7186811503306795e-08,e6_7dcf03136ad6e9e6b186,281.37821292878846,r3b,a4000_chaingdtmov_g1_kprotection_i0_mreduced_qe6_r4d9_x0_s5em05_tau1em09_t25_ron60_u863_t2_vo_v_rel0_rs2700_rx100_none_none_p0_b0_r1_i0_tap0_ph0_gdc780_gimp1000_esd_a4000_t5em05_off10d0_reduced
,,0.0,contact4k,2.195906642849645e-08,e6_7dcf03136ad6e9e6b186,44.78222894370538,r910k,a4000_chaingdtmov_g1_kprotection_i0_mreduced_qe6_r4d9_x0_s5em05_tau1em09_t25_ron60_u863_t2_vo_v_rel0_rs2700_rx100_none_none_p0_b0_r1_i0_tap0_ph0_gdc780_gimp1000_esd_a4000_t5em05_off10d0_reduced
,,0.0,contact4k,1.2054143414889728e-10,e6_7dcf03136ad6e9e6b186,0.5609834910752021,r100k,a4000_chaingdtmov_g1_kprotection_i0_mreduced_qe6_r4d9_x0_s5em05_tau1em09_t25_ron60_u863_t2_vo_v_rel0_rs2700_rx100_none_none_p0_b0_r1_i0_tap0_ph0_gdc780_gimp1000_esd_a4000_t5em05_off10d0_reduced
0.0,6.992744482473566e-11,,contact4k,1.8033641159023905e-06,e6_7dcf03136ad6e9e6b186,562.6460768400923,rc1,a4000_chaingdtmov_g1_kprotection_i0_mreduced_qe6_r4d9_x0_s5em05_tau1em09_t25_ron60_u863_t2_vo_v_rel0_rs2700_rx100_none_none_p0_b0_r1_i0_tap0_ph0_gdc780_gimp1000_esd_a4000_t5em05_off10d0_reduced
0.0,6.992744482473483e-11,,contact4k,1.8033641159023905e-06,e6_7dcf03136ad6e9e6b186,562.646076840058,rc2,a4000_chaingdtmov_g1_kprotection_i0_mreduced_qe6_r4d9_x0_s5em05_tau1em09_t25_ron60_u863_t2_vo_v_rel0_rs2700_rx100_none_none_p0_b0_r1_i0_tap0_ph0_gdc780_gimp1000_esd_a4000_t5em05_off10d0_reduced
0.0,6.992744482473457e-11,,contact4k,1.8033641159023905e-06,e6_7dcf03136ad6e9e6b186,562.6460768400366,rc3,a4000_chaingdtmov_g1_kprotection_i0_mreduced_qe6_r4d9_x0_s5em05_tau1em09_t25_ron60_u863_t2_vo_v_rel0_rs2700_rx100_none_none_p0_b0_r1_i0_tap0_ph0_gdc780_gimp1000_esd_a4000_t5em05_off10d0_reduced
,,1.60092868975786e-09,contact4k,3.494108088298362e-08,e6_a3555c294243692ac59d,420.03585410761616,r1a,a4000_chaingdtmov_g1_kprotection_i0_mreduced_qe6_r4d9_x0_s5em05_tau1em07_t25_ron60_u863_t2_vo_v_rel0_rs2700_rx100_none_none_p0_b0_r1_i0_tap0_ph0_gdc780_gimp1000_esd_a4000_t5em05_off10d0_reduced
,,1.6009286897578598e-09,contact4k,3.494108088298362e-08,e6_a3555c294243692ac59d,420.0358541076157,r1b,a4000_chaingdtmov_g1_kprotection_i0_mreduced_qe6_r4d9_x0_s5em05_tau1em07_t25_ron60_u863_t2_vo_v_rel0_rs2700_rx100_none_none_p0_b0_r1_i0_tap0_ph0_gdc780_gimp1000_esd_a4000_t5em05_off10d0_reduced
,,1.600928689757858e-09,contact4k,3.494108088298369e-08,e6_a3555c294243692ac59d,420.03585410761593,r2a,a4000_chaingdtmov_g1_kprotection_i0_mreduced_qe6_r4d9_x0_s5em05_tau1em07_t25_ron60_u863_t2_vo_v_rel0_rs2700_rx100_none_none_p0_b0_r1_i0_tap0_ph0_gdc780_gimp1000_esd_a4000_t5em05_off10d0_reduced
,,1.6009286897578554e-09,contact4k,3.49410808829837e-08,e6_a3555c294243692ac59d,420.0358541076158,r2b,a4000_chaingdtmov_g1_kprotection_i0_mreduced_qe6_r4d9_x0_s5em05_tau1em07_t25_ron60_u863_t2_vo_v_rel0_rs2700_rx100_none_none_p0_b0_r1_i0_tap0_ph0_gdc780_gimp1000_esd_a4000_t5em05_off10d0_reduced
,,1.600928689757856e-09,contact4k,3.4941080882983746e-08,e6_a3555c294243692ac59d,420.03585410761576,r3a,a4000_chaingdtmov_g1_kprotection_i0_mreduced_qe6_r4d9_x0_s5em05_tau1em07_t25_ron60_u863_t2_vo_v_rel0_rs2700_rx100_none_none_p0_b0_r1_i0_tap0_ph0_gdc780_gimp1000_esd_a4000_t5em05_off10d0_reduced
,,1.6009286897578558e-09,contact4k,3.4941080882983746e-08,e6_a3555c294243692ac59d,420.03585410761576,r3b,a4000_chaingdtmov_g1_kprotection_i0_mreduced_qe6_r4d9_x0_s5em05_tau1em07_t25_ron60_u863_t2_vo_v_rel0_rs2700_rx100_none_none_p0_b0_r1_i0_tap0_ph0_gdc780_gimp1000_esd_a4000_t5em05_off10d0_reduced
,,0.0,contact4k,2.0535160879526444e-08,e6_a3555c294243692ac59d,44.1997742764689,r910k,a4000_chaingdtmov_g1_kprotection_i0_mreduced_qe6_r4d9_x0_s5em05_tau1em07_t25_ron60_u863_t2_vo_v_rel0_rs2700_rx100_none_none_p0_b0_r1_i0_tap0_ph0_gdc780_gimp1000_esd_a4000_t5em05_off10d0_reduced
,,0.0,contact4k,1.207269780503365e-10,e6_a3555c294243692ac59d,0.5631535502524022,r100k,a4000_chaingdtmov_g1_kprotection_i0_mreduced_qe6_r4d9_x0_s5em05_tau1em07_t25_ron60_u863_t2_vo_v_rel0_rs2700_rx100_none_none_p0_b0_r1_i0_tap0_ph0_gdc780_gimp1000_esd_a4000_t5em05_off10d0_reduced
0.0,1.5706839219152655e-09,,contact4k,1.9876050772321585e-06,e6_a3555c294243692ac59d,839.5837151508338,rc1,a4000_chaingdtmov_g1_kprotection_i0_mreduced_qe6_r4d9_x0_s5em05_tau1em07_t25_ron60_u863_t2_vo_v_rel0_rs2700_rx100_none_none_p0_b0_r1_i0_tap0_ph0_gdc780_gimp1000_esd_a4000_t5em05_off10d0_reduced
0.0,1.5706839219152617e-09,,contact4k,1.987605077232159e-06,e6_a3555c294243692ac59d,839.5837151508337,rc2,a4000_chaingdtmov_g1_kprotection_i0_mreduced_qe6_r4d9_x0_s5em05_tau1em07_t25_ron60_u863_t2_vo_v_rel0_rs2700_rx100_none_none_p0_b0_r1_i0_tap0_ph0_gdc780_gimp1000_esd_a4000_t5em05_off10d0_reduced
0.0,1.5706839219152605e-09,,contact4k,1.9876050772321585e-06,e6_a3555c294243692ac59d,839.5837151508334,rc3,a4000_chaingdtmov_g1_kprotection_i0_mreduced_qe6_r4d9_x0_s5em05_tau1em07_t25_ron60_u863_t2_vo_v_rel0_rs2700_rx100_none_none_p0_b0_r1_i0_tap0_ph0_gdc780_gimp1000_esd_a4000_t5em05_off10d0_reduced
,,6.99616571542947e-11,contact4k,3.718681159471786e-08,e6_e5446fb6d89e1a605914,281.3781869720599,r1a,a4000_chaingdtmov_g1_kprotection_i0_mreduced_qe6_r4d9_x0_s5em05_tau1em09_t25_ron60_u864_t2_vo_v_rel0_rs2700_rx100_none_none_p0_b1_r1_i0_tap0_ph0_gdc420_gimp1000_esd_a4000_t5em05_off10d0_reduced
,,6.996165715429469e-11,contact4k,3.718681159471786e-08,e6_e5446fb6d89e1a605914,281.37818697205967,r1b,a4000_chaingdtmov_g1_kprotection_i0_mreduced_qe6_r4d9_x0_s5em05_tau1em09_t25_ron60_u864_t2_vo_v_rel0_rs2700_rx100_none_none_p0_b1_r1_i0_tap0_ph0_gdc420_gimp1000_esd_a4000_t5em05_off10d0_reduced
,,6.996165715429442e-11,contact4k,3.718681159471794e-08,e6_e5446fb6d89e1a605914,281.3781869720498,r2a,a4000_chaingdtmov_g1_kprotection_i0_mreduced_qe6_r4d9_x0_s5em05_tau1em09_t25_ron60_u864_t2_vo_v_rel0_rs2700_rx100_none_none_p0_b1_r1_i0_tap0_ph0_gdc420_gimp1000_esd_a4000_t5em05_off10d0_reduced
,,6.996165715429446e-11,contact4k,3.718681159471794e-08,e6_e5446fb6d89e1a605914,281.37818697205,r2b,a4000_chaingdtmov_g1_kprotection_i0_mreduced_qe6_r4d9_x0_s5em05_tau1em09_t25_ron60_u864_t2_vo_v_rel0_rs2700_rx100_none_none_p0_b1_r1_i0_tap0_ph0_gdc420_gimp1000_esd_a4000_t5em05_off10d0_reduced
,,6.996165715429425e-11,contact4k,3.718681159471799e-08,e6_e5446fb6d89e1a605914,281.37818697204426,r3a,a4000_chaingdtmov_g1_kprotection_i0_mreduced_qe6_r4d9_x0_s5em05_tau1em09_t25_ron60_u864_t2_vo_v_rel0_rs2700_rx100_none_none_p0_b1_r1_i0_tap0_ph0_gdc420_gimp1000_esd_a4000_t5em05_off10d0_reduced
,,6.996165715429426e-11,contact4k,3.718681159471799e-08,e6_e5446fb6d89e1a605914,281.37818697204426,r3b,a4000_chaingdtmov_g1_kprotection_i0_mreduced_qe6_r4d9_x0_s5em05_tau1em09_t25_ron60_u864_t2_vo_v_rel0_rs2700_rx100_none_none_p0_b1_r1_i0_tap0_ph0_gdc420_gimp1000_esd_a4000_t5em05_off10d0_reduced
,,0.0,contact4k,2.195906648369724e-08,e6_e5446fb6d89e1a605914,44.78222899433793,r910k,a4000_chaingdtmov_g1_kprotection_i0_mreduced_qe6_r4d9_x0_s5em05_tau1em09_t25_ron60_u864_t2_vo_v_rel0_rs2700_rx100_none_none_p0_b1_r1_i0_tap0_ph0_gdc420_gimp1000_esd_a4000_t5em05_off10d0_reduced
,,0.0,contact4k,1.2054144314205717e-10,e6_e5446fb6d89e1a605914,0.5609834911737697,r100k,a4000_chaingdtmov_g1_kprotection_i0_mreduced_qe6_r4d9_x0_s5em05_tau1em09_t25_ron60_u864_t2_vo_v_rel0_rs2700_rx100_none_none_p0_b1_r1_i0_tap0_ph0_gdc420_gimp1000_esd_a4000_t5em05_off10d0_reduced
0.0,6.992745936830608e-11,,contact4k,1.8033641167062163e-06,e6_e5446fb6d89e1a605914,562.6460249276165,rc1,a4000_chaingdtmov_g1_kprotection_i0_mreduced_qe6_r4d9_x0_s5em05_tau1em09_t25_ron60_u864_t2_vo_v_rel0_rs2700_rx100_none_none_p0_b1_r1_i0_tap0_ph0_gdc420_gimp1000_esd_a4000_t5em05_off10d0_reduced
0.0,6.992745936830584e-11,,contact4k,1.803364116706216e-06,e6_e5446fb6d89e1a605914,562.6460249275967,rc2,a4000_chaingdtmov_g1_kprotection_i0_mreduced_qe6_r4d9_x0_s5em05_tau1em09_t25_ron60_u864_t2_vo_v_rel0_rs2700_rx100_none_none_p0_b1_r1_i0_tap0_ph0_gdc420_gimp1000_esd_a4000_t5em05_off10d0_reduced
0.0,6.992745936830566e-11,,contact4k,1.8033641167062163e-06,e6_e5446fb6d89e1a605914,562.6460249275855,rc3,a4000_chaingdtmov_g1_kprotection_i0_mreduced_qe6_r4d9_x0_s5em05_tau1em09_t25_ron60_u864_t2_vo_v_rel0_rs2700_rx100_none_none_p0_b1_r1_i0_tap0_ph0_gdc420_gimp1000_esd_a4000_t5em05_off10d0_reduced
,,1.6009286897493613e-09,contact4k,3.4941080972740055e-08,e6_4e11e00b42eba7920371,420.0358540624902,r1a,a4000_chaingdtmov_g1_kprotection_i0_mreduced_qe6_r4d9_x0_s5em05_tau1em07_t25_ron60_u864_t2_vo_v_rel0_rs2700_rx100_none_none_p0_b1_r1_i0_tap0_ph0_gdc420_gimp1000_esd_a4000_t5em05_off10d0_reduced
,,1.6009286897493638e-09,contact4k,3.4941080972740055e-08,e6_4e11e00b42eba7920371,420.03585406249044,r1b,a4000_chaingdtmov_g1_kprotection_i0_mreduced_qe6_r4d9_x0_s5em05_tau1em07_t25_ron60_u864_t2_vo_v_rel0_rs2700_rx100_none_none_p0_b1_r1_i0_tap0_ph0_gdc420_gimp1000_esd_a4000_t5em05_off10d0_reduced
,,1.6009286897493628e-09,contact4k,3.4941080972740115e-08,e6_4e11e00b42eba7920371,420.03585406249044,r2a,a4000_chaingdtmov_g1_kprotection_i0_mreduced_qe6_r4d9_x0_s5em05_tau1em07_t25_ron60_u864_t2_vo_v_rel0_rs2700_rx100_none_none_p0_b1_r1_i0_tap0_ph0_gdc420_gimp1000_esd_a4000_t5em05_off10d0_reduced
,,1.6009286897493628e-09,contact4k,3.494108097274012e-08,e6_4e11e00b42eba7920371,420.03585406249033,r2b,a4000_chaingdtmov_g1_kprotection_i0_mreduced_qe6_r4d9_x0_s5em05_tau1em07_t25_ron60_u864_t2_vo_v_rel0_rs2700_rx100_none_none_p0_b1_r1_i0_tap0_ph0_gdc420_gimp1000_esd_a4000_t5em05_off10d0_reduced
,,1.6009286897493623e-09,contact4k,3.494108097274017e-08,e6_4e11e00b42eba7920371,420.0358540624902,r3a,a4000_chaingdtmov_g1_kprotection_i0_mreduced_qe6_r4d9_x0_s5em05_tau1em07_t25_ron60_u864_t2_vo_v_rel0_rs2700_rx100_none_none_p0_b1_r1_i0_tap0_ph0_gdc420_gimp1000_esd_a4000_t5em05_off10d0_reduced
,,1.6009286897493621e-09,contact4k,3.494108097274017e-08,e6_4e11e00b42eba7920371,420.0358540624903,r3b,a4000_chaingdtmov_g1_kprotection_i0_mreduced_qe6_r4d9_x0_s5em05_tau1em07_t25_ron60_u864_t2_vo_v_rel0_rs2700_rx100_none_none_p0_b1_r1_i0_tap0_ph0_gdc420_gimp1000_esd_a4000_t5em05_off10d0_reduced
,,0.0,contact4k,2.0535160933917894e-08,e6_4e11e00b42eba7920371,44.199774303047846,r910k,a4000_chaingdtmov_g1_kprotection_i0_mreduced_qe6_r4d9_x0_s5em05_tau1em07_t25_ron60_u864_t2_vo_v_rel0_rs2700_rx100_none_none_p0_b1_r1_i0_tap0_ph0_gdc420_gimp1000_esd_a4000_t5em05_off10d0_reduced
,,0.0,contact4k,1.207269870493516e-10,e6_4e11e00b42eba7920371,0.5631535503428141,r100k,a4000_chaingdtmov_g1_kprotection_i0_mreduced_qe6_r4d9_x0_s5em05_tau1em07_t25_ron60_u864_t2_vo_v_rel0_rs2700_rx100_none_none_p0_b1_r1_i0_tap0_ph0_gdc420_gimp1000_esd_a4000_t5em05_off10d0_reduced
0.0,1.5706839218868504e-09,,contact4k,1.9876050773868738e-06,e6_4e11e00b42eba7920371,839.583715061141,rc1,a4000_chaingdtmov_g1_kprotection_i0_mreduced_qe6_r4d9_x0_s5em05_tau1em07_t25_ron60_u864_t2_vo_v_rel0_rs2700_rx100_none_none_p0_b1_r1_i0_tap0_ph0_gdc420_gimp1000_esd_a4000_t5em05_off10d0_reduced
0.0,1.5706839218868508e-09,,contact4k,1.9876050773868738e-06,e6_4e11e00b42eba7920371,839.583715061141,rc2,a4000_chaingdtmov_g1_kprotection_i0_mreduced_qe6_r4d9_x0_s5em05_tau1em07_t25_ron60_u864_t2_vo_v_rel0_rs2700_rx100_none_none_p0_b1_r1_i0_tap0_ph0_gdc420_gimp1000_esd_a4000_t5em05_off10d0_reduced
0.0,1.57068392188685e-09,,contact4k,1.9876050773868738e-06,e6_4e11e00b42eba7920371,839.5837150611408,rc3,a4000_chaingdtmov_g1_kprotection_i0_mreduced_qe6_r4d9_x0_s5em05_tau1em07_t25_ron60_u864_t2_vo_v_rel0_rs2700_rx100_none_none_p0_b1_r1_i0_tap0_ph0_gdc420_gimp1000_esd_a4000_t5em05_off10d0_reduced
,,6.996164254157778e-11,contact4k,3.718681150680771e-08,e6_19626d8548cb8166349e,281.3782127429847,r1a,a4000_chaingdtmov_g1_kprotection_i0_mreduced_qe6_r4d9_x0_s5em05_tau1em09_t25_ron60_u865_t2_vo_v_rel0_rs2700_rx100_none_none_p0_b1_r1_i0_tap0_ph0_gdc780_gimp1000_esd_a4000_t5em05_off10d0_reduced
,,6.99616425415778e-11,contact4k,3.7186811506807715e-08,e6_19626d8548cb8166349e,281.3782127429847,r1b,a4000_chaingdtmov_g1_kprotection_i0_mreduced_qe6_r4d9_x0_s5em05_tau1em09_t25_ron60_u865_t2_vo_v_rel0_rs2700_rx100_none_none_p0_b1_r1_i0_tap0_ph0_gdc780_gimp1000_esd_a4000_t5em05_off10d0_reduced
,,6.99616425415773e-11,contact4k,3.718681150680779e-08,e6_19626d8548cb8166349e,281.3782127429628,r2a,a4000_chaingdtmov_g1_kprotection_i0_mreduced_qe6_r4d9_x0_s5em05_tau1em09_t25_ron60_u865_t2_vo_v_rel0_rs2700_rx100_none_none_p0_b1_r1_i0_tap0_ph0_gdc780_gimp1000_esd_a4000_t5em05_off10d0_reduced
,,6.996164254157733e-11,contact4k,3.718681150680779e-08,e6_19626d8548cb8166349e,281.3782127429628,r2b,a4000_chaingdtmov_g1_kprotection_i0_mreduced_qe6_r4d9_x0_s5em05_tau1em09_t25_ron60_u865_t2_vo_v_rel0_rs2700_rx100_none_none_p0_b1_r1_i0_tap0_ph0_gdc780_gimp1000_esd_a4000_t5em05_off10d0_reduced
,,6.996164254157704e-11,contact4k,3.718681150680785e-08,e6_19626d8548cb8166349e,281.37821274295413,r3a,a4000_chaingdtmov_g1_kprotection_i0_mreduced_qe6_r4d9_x0_s5em05_tau1em09_t25_ron60_u865_t2_vo_v_rel0_rs2700_rx100_none_none_p0_b1_r1_i0_tap0_ph0_gdc780_gimp1000_esd_a4000_t5em05_off10d0_reduced
,,6.996164254157704e-11,contact4k,3.718681150680785e-08,e6_19626d8548cb8166349e,281.3782127429541,r3b,a4000_chaingdtmov_g1_kprotection_i0_mreduced_qe6_r4d9_x0_s5em05_tau1em09_t25_ron60_u865_t2_vo_v_rel0_rs2700_rx100_none_none_p0_b1_r1_i0_tap0_ph0_gdc780_gimp1000_esd_a4000_t5em05_off10d0_reduced
,,0.0,contact4k,2.1959066430613468e-08,e6_19626d8548cb8166349e,44.782228943630486,r910k,a4000_chaingdtmov_g1_kprotection_i0_mreduced_qe6_r4d9_x0_s5em05_tau1em09_t25_ron60_u865_t2_vo_v_rel0_rs2700_rx100_none_none_p0_b1_r1_i0_tap0_ph0_gdc780_gimp1000_esd_a4000_t5em05_off10d0_reduced
,,0.0,contact4k,1.2054144312757272e-10,e6_19626d8548cb8166349e,0.5609834911709101,r100k,a4000_chaingdtmov_g1_kprotection_i0_mreduced_qe6_r4d9_x0_s5em05_tau1em09_t25_ron60_u865_t2_vo_v_rel0_rs2700_rx100_none_none_p0_b1_r1_i0_tap0_ph0_gdc780_gimp1000_esd_a4000_t5em05_off10d0_reduced
0.0,6.992744471014552e-11,,contact4k,1.8033641158898173e-06,e6_19626d8548cb8166349e,562.6460764686149,rc1,a4000_chaingdtmov_g1_kprotection_i0_mreduced_qe6_r4d9_x0_s5em05_tau1em09_t25_ron60_u865_t2_vo_v_rel0_rs2700_rx100_none_none_p0_b1_r1_i0_tap0_ph0_gdc780_gimp1000_esd_a4000_t5em05_off10d0_reduced
0.0,6.992744471014506e-11,,contact4k,1.8033641158898171e-06,e6_19626d8548cb8166349e,562.646076468571,rc2,a4000_chaingdtmov_g1_kprotection_i0_mreduced_qe6_r4d9_x0_s5em05_tau1em09_t25_ron60_u865_t2_vo_v_rel0_rs2700_rx100_none_none_p0_b1_r1_i0_tap0_ph0_gdc780_gimp1000_esd_a4000_t5em05_off10d0_reduced
0.0,6.992744471014478e-11,,contact4k,1.8033641158898171e-06,e6_19626d8548cb8166349e,562.6460764685537,rc3,a4000_chaingdtmov_g1_kprotection_i0_mreduced_qe6_r4d9_x0_s5em05_tau1em09_t25_ron60_u865_t2_vo_v_rel0_rs2700_rx100_none_none_p0_b1_r1_i0_tap0_ph0_gdc780_gimp1000_esd_a4000_t5em05_off10d0_reduced
,,1.6009286897495272e-09,contact4k,3.494108088638177e-08,e6_5ec2198606924d414c4d,420.035854062472,r1a,a4000_chaingdtmov_g1_kprotection_i0_mreduced_qe6_r4d9_x0_s5em05_tau1em07_t25_ron60_u865_t2_vo_v_rel0_rs2700_rx100_none_none_p0_b1_r1_i0_tap0_ph0_gdc780_gimp1000_esd_a4000_t5em05_off10d0_reduced
,,1.6009286897495296e-09,contact4k,3.494108088638177e-08,e6_5ec2198606924d414c4d,420.03585406247225,r1b,a4000_chaingdtmov_g1_kprotection_i0_mreduced_qe6_r4d9_x0_s5em05_tau1em07_t25_ron60_u865_t2_vo_v_rel0_rs2700_rx100_none_none_p0_b1_r1_i0_tap0_ph0_gdc780_gimp1000_esd_a4000_t5em05_off10d0_reduced
,,1.6009286897495263e-09,contact4k,3.494108088638183e-08,e6_5ec2198606924d414c4d,420.03585406247157,r2a,a4000_chaingdtmov_g1_kprotection_i0_mreduced_qe6_r4d9_x0_s5em05_tau1em07_t25_ron60_u865_t2_vo_v_rel0_rs2700_rx100_none_none_p0_b1_r1_i0_tap0_ph0_gdc780_gimp1000_esd_a4000_t5em05_off10d0_reduced
,,1.6009286897495263e-09,contact4k,3.494108088638183e-08,e6_5ec2198606924d414c4d,420.0358540624718,r2b,a4000_chaingdtmov_g1_kprotection_i0_mreduced_qe6_r4d9_x0_s5em05_tau1em07_t25_ron60_u865_t2_vo_v_rel0_rs2700_rx100_none_none_p0_b1_r1_i0_tap0_ph0_gdc780_gimp1000_esd_a4000_t5em05_off10d0_reduced
,,1.6009286897495253e-09,contact4k,3.4941080886381883e-08,e6_5ec2198606924d414c4d,420.0358540624716,r3a,a4000_chaingdtmov_g1_kprotection_i0_mreduced_qe6_r4d9_x0_s5em05_tau1em07_t25_ron60_u865_t2_vo_v_rel0_rs2700_rx100_none_none_p0_b1_r1_i0_tap0_ph0_gdc780_gimp1000_esd_a4000_t5em05_off10d0_reduced
,,1.600928689749525e-09,contact4k,3.494108088638188e-08,e6_5ec2198606924d414c4d,420.0358540624717,r3b,a4000_chaingdtmov_g1_kprotection_i0_mreduced_qe6_r4d9_x0_s5em05_tau1em07_t25_ron60_u865_t2_vo_v_rel0_rs2700_rx100_none_none_p0_b1_r1_i0_tap0_ph0_gdc780_gimp1000_esd_a4000_t5em05_off10d0_reduced
,,0.0,contact4k,2.0535160881586174e-08,e6_5ec2198606924d414c4d,44.19977427642075,r910k,a4000_chaingdtmov_g1_kprotection_i0_mreduced_qe6_r4d9_x0_s5em05_tau1em07_t25_ron60_u865_t2_vo_v_rel0_rs2700_rx100_none_none_p0_b1_r1_i0_tap0_ph0_gdc780_gimp1000_esd_a4000_t5em05_off10d0_reduced
,,0.0,contact4k,1.2072698704482477e-10,e6_5ec2198606924d414c4d,0.5631535503428149,r100k,a4000_chaingdtmov_g1_kprotection_i0_mreduced_qe6_r4d9_x0_s5em05_tau1em07_t25_ron60_u865_t2_vo_v_rel0_rs2700_rx100_none_none_p0_b1_r1_i0_tap0_ph0_gdc780_gimp1000_esd_a4000_t5em05_off10d0_reduced
0.0,1.5706839218869891e-09,,contact4k,1.9876050772054685e-06,e6_5ec2198606924d414c4d,839.5837150611057,rc1,a4000_chaingdtmov_g1_kprotection_i0_mreduced_qe6_r4d9_x0_s5em05_tau1em07_t25_ron60_u865_t2_vo_v_rel0_rs2700_rx100_none_none_p0_b1_r1_i0_tap0_ph0_gdc780_gimp1000_esd_a4000_t5em05_off10d0_reduced
0.0,1.5706839218869873e-09,,contact4k,1.9876050772054685e-06,e6_5ec2198606924d414c4d,839.5837150611048,rc2,a4000_chaingdtmov_g1_kprotection_i0_mreduced_qe6_r4d9_x0_s5em05_tau1em07_t25_ron60_u865_t2_vo_v_rel0_rs2700_rx100_none_none_p0_b1_r1_i0_tap0_ph0_gdc780_gimp1000_esd_a4000_t5em05_off10d0_reduced
0.0,1.5706839218869862e-09,,contact4k,1.9876050772054685e-06,e6_5ec2198606924d414c4d,839.5837150611048,rc3,a4000_chaingdtmov_g1_kprotection_i0_mreduced_qe6_r4d9_x0_s5em05_tau1em07_t25_ron60_u865_t2_vo_v_rel0_rs2700_rx100_none_none_p0_b1_r1_i0_tap0_ph0_gdc780_gimp1000_esd_a4000_t5em05_off10d0_reduced
,,6.872404749964418e-11,contact4k,3.699230316732861e-08,e6_56d7f566872ef6894e77,279.3952636614267,r1a,a4000_chaingdtmov_g1_kprotection_i0_mreduced_qe6_r4d998_x0_s5em05_tau1em09_t25_ron60_u866_t2_vo_v_rel0_rs2700_rx100_none_none_p1_b0_r1d02_i0_tap0_ph0_gdc420_gimp1000_esd_a4000_t5em05_off10d0_reduced
,,6.872404749964419e-11,contact4k,3.699230316732861e-08,e6_56d7f566872ef6894e77,279.39526366142695,r1b,a4000_chaingdtmov_g1_kprotection_i0_mreduced_qe6_r4d998_x0_s5em05_tau1em09_t25_ron60_u866_t2_vo_v_rel0_rs2700_rx100_none_none_p1_b0_r1d02_i0_tap0_ph0_gdc420_gimp1000_esd_a4000_t5em05_off10d0_reduced
,,6.87240474996432e-11,contact4k,3.699230316732869e-08,e6_56d7f566872ef6894e77,279.3952636614315,r2a,a4000_chaingdtmov_g1_kprotection_i0_mreduced_qe6_r4d998_x0_s5em05_tau1em09_t25_ron60_u866_t2_vo_v_rel0_rs2700_rx100_none_none_p1_b0_r1d02_i0_tap0_ph0_gdc420_gimp1000_esd_a4000_t5em05_off10d0_reduced
,,6.872404749964324e-11,contact4k,3.699230316732869e-08,e6_56d7f566872ef6894e77,279.3952636614314,r2b,a4000_chaingdtmov_g1_kprotection_i0_mreduced_qe6_r4d998_x0_s5em05_tau1em09_t25_ron60_u866_t2_vo_v_rel0_rs2700_rx100_none_none_p1_b0_r1d02_i0_tap0_ph0_gdc420_gimp1000_esd_a4000_t5em05_off10d0_reduced
,,6.87240474996427e-11,contact4k,3.6992303167328743e-08,e6_56d7f566872ef6894e77,279.3952636614338,r3a,a4000_chaingdtmov_g1_kprotection_i0_mreduced_qe6_r4d998_x0_s5em05_tau1em09_t25_ron60_u866_t2_vo_v_rel0_rs2700_rx100_none_none_p1_b0_r1d02_i0_tap0_ph0_gdc420_gimp1000_esd_a4000_t5em05_off10d0_reduced
,,6.872404749964272e-11,contact4k,3.6992303167328743e-08,e6_56d7f566872ef6894e77,279.3952636614337,r3b,a4000_chaingdtmov_g1_kprotection_i0_mreduced_qe6_r4d998_x0_s5em05_tau1em09_t25_ron60_u866_t2_vo_v_rel0_rs2700_rx100_none_none_p1_b0_r1d02_i0_tap0_ph0_gdc420_gimp1000_esd_a4000_t5em05_off10d0_reduced
,,0.0,contact4k,2.1844281681429427e-08,e6_56d7f566872ef6894e77,44.44175073878593,r910k,a4000_chaingdtmov_g1_kprotection_i0_mreduced_qe6_r4d998_x0_s5em05_tau1em09_t25_ron60_u866_t2_vo_v_rel0_rs2700_rx100_none_none_p1_b0_r1d02_i0_tap0_ph0_gdc420_gimp1000_esd_a4000_t5em05_off10d0_reduced
,,0.0,contact4k,2.397443126511179e-09,e6_56d7f566872ef6894e77,4.880468135915773,r100k,a4000_chaingdtmov_g1_kprotection_i0_mreduced_qe6_r4d998_x0_s5em05_tau1em09_t25_ron60_u866_t2_vo_v_rel0_rs2700_rx100_none_none_p1_b0_r1d02_i0_tap0_ph0_gdc420_gimp1000_esd_a4000_t5em05_off10d0_reduced
0.0,6.868585567779756e-11,,contact4k,1.7913579640369966e-06,e6_56d7f566872ef6894e77,558.6810949563517,rc1,a4000_chaingdtmov_g1_kprotection_i0_mreduced_qe6_r4d998_x0_s5em05_tau1em09_t25_ron60_u866_t2_vo_v_rel0_rs2700_rx100_none_none_p1_b0_r1d02_i0_tap0_ph0_gdc420_gimp1000_esd_a4000_t5em05_off10d0_reduced
0.0,6.868585567779659e-11,,contact4k,1.7913579640369966e-06,e6_56d7f566872ef6894e77,558.681094956361,rc2,a4000_chaingdtmov_g1_kprotection_i0_mreduced_qe6_r4d998_x0_s5em05_tau1em09_t25_ron60_u866_t2_vo_v_rel0_rs2700_rx100_none_none_p1_b0_r1d02_i0_tap0_ph0_gdc420_gimp1000_esd_a4000_t5em05_off10d0_reduced
0.0,6.86858556777961e-11,,contact4k,1.7913579640369966e-06,e6_56d7f566872ef6894e77,558.6810949563655,rc3,a4000_chaingdtmov_g1_kprotection_i0_mreduced_qe6_r4d998_x0_s5em05_tau1em09_t25_ron60_u866_t2_vo_v_rel0_rs2700_rx100_none_none_p1_b0_r1d02_i0_tap0_ph0_gdc420_gimp1000_esd_a4000_t5em05_off10d0_reduced
,,1.5788607533565508e-09,contact4k,3.474520282349963e-08,e6_a3bc303e44706d6684a8,410.6673426192806,r1a,a4000_chaingdtmov_g1_kprotection_i0_mreduced_qe6_r4d998_x0_s5em05_tau1em07_t25_ron60_u866_t2_vo_v_rel0_rs2700_rx100_none_none_p1_b0_r1d02_i0_tap0_ph0_gdc420_gimp1000_esd_a4000_t5em05_off10d0_reduced
,,1.5788607533565508e-09,contact4k,3.474520282349963e-08,e6_a3bc303e44706d6684a8,410.6673426192806,r1b,a4000_chaingdtmov_g1_kprotection_i0_mreduced_qe6_r4d998_x0_s5em05_tau1em07_t25_ron60_u866_t2_vo_v_rel0_rs2700_rx100_none_none_p1_b0_r1d02_i0_tap0_ph0_gdc420_gimp1000_esd_a4000_t5em05_off10d0_reduced
,,1.5788607533565503e-09,contact4k,3.47452028234997e-08,e6_a3bc303e44706d6684a8,410.66734261928036,r2a,a4000_chaingdtmov_g1_kprotection_i0_mreduced_qe6_r4d998_x0_s5em05_tau1em07_t25_ron60_u866_t2_vo_v_rel0_rs2700_rx100_none_none_p1_b0_r1d02_i0_tap0_ph0_gdc420_gimp1000_esd_a4000_t5em05_off10d0_reduced
,,1.5788607533565528e-09,contact4k,3.47452028234997e-08,e6_a3bc303e44706d6684a8,410.66734261928013,r2b,a4000_chaingdtmov_g1_kprotection_i0_mreduced_qe6_r4d998_x0_s5em05_tau1em07_t25_ron60_u866_t2_vo_v_rel0_rs2700_rx100_none_none_p1_b0_r1d02_i0_tap0_ph0_gdc420_gimp1000_esd_a4000_t5em05_off10d0_reduced
,,1.5788607533565508e-09,contact4k,3.474520282349974e-08,e6_a3bc303e44706d6684a8,410.66734261928013,r3a,a4000_chaingdtmov_g1_kprotection_i0_mreduced_qe6_r4d998_x0_s5em05_tau1em07_t25_ron60_u866_t2_vo_v_rel0_rs2700_rx100_none_none_p1_b0_r1d02_i0_tap0_ph0_gdc420_gimp1000_esd_a4000_t5em05_off10d0_reduced
,,1.5788607533565514e-09,contact4k,3.474520282349974e-08,e6_a3bc303e44706d6684a8,410.66734261928013,r3b,a4000_chaingdtmov_g1_kprotection_i0_mreduced_qe6_r4d998_x0_s5em05_tau1em07_t25_ron60_u866_t2_vo_v_rel0_rs2700_rx100_none_none_p1_b0_r1d02_i0_tap0_ph0_gdc420_gimp1000_esd_a4000_t5em05_off10d0_reduced
,,0.0,contact4k,2.04211970962694e-08,e6_a3bc303e44706d6684a8,43.87290489982594,r910k,a4000_chaingdtmov_g1_kprotection_i0_mreduced_qe6_r4d998_x0_s5em05_tau1em07_t25_ron60_u866_t2_vo_v_rel0_rs2700_rx100_none_none_p1_b0_r1d02_i0_tap0_ph0_gdc420_gimp1000_esd_a4000_t5em05_off10d0_reduced
,,0.0,contact4k,2.24125714069507e-09,e6_a3bc303e44706d6684a8,4.8179975981913055,r100k,a4000_chaingdtmov_g1_kprotection_i0_mreduced_qe6_r4d998_x0_s5em05_tau1em07_t25_ron60_u866_t2_vo_v_rel0_rs2700_rx100_none_none_p1_b0_r1d02_i0_tap0_ph0_gdc420_gimp1000_esd_a4000_t5em05_off10d0_reduced
0.0,1.5443257783689247e-09,,contact4k,1.970731907947067e-06,e6_a3bc303e44706d6684a8,820.8920126876314,rc1,a4000_chaingdtmov_g1_kprotection_i0_mreduced_qe6_r4d998_x0_s5em05_tau1em07_t25_ron60_u866_t2_vo_v_rel0_rs2700_rx100_none_none_p1_b0_r1d02_i0_tap0_ph0_gdc420_gimp1000_esd_a4000_t5em05_off10d0_reduced
0.0,1.5443257783689252e-09,,contact4k,1.970731907947067e-06,e6_a3bc303e44706d6684a8,820.8920126876309,rc2,a4000_chaingdtmov_g1_kprotection_i0_mreduced_qe6_r4d998_x0_s5em05_tau1em07_t25_ron60_u866_t2_vo_v_rel0_rs2700_rx100_none_none_p1_b0_r1d02_i0_tap0_ph0_gdc420_gimp1000_esd_a4000_t5em05_off10d0_reduced
0.0,1.5443257783689256e-09,,contact4k,1.970731907947067e-06,e6_a3bc303e44706d6684a8,820.8920126876307,rc3,a4000_chaingdtmov_g1_kprotection_i0_mreduced_qe6_r4d998_x0_s5em05_tau1em07_t25_ron60_u866_t2_vo_v_rel0_rs2700_rx100_none_none_p1_b0_r1d02_i0_tap0_ph0_gdc420_gimp1000_esd_a4000_t5em05_off10d0_reduced
,,6.872402699460756e-11,contact4k,3.6992303080847977e-08,e6_5212640d3c09539cfa47,279.3952687074409,r1a,a4000_chaingdtmov_g1_kprotection_i0_mreduced_qe6_r4d998_x0_s5em05_tau1em09_t25_ron60_u867_t2_vo_v_rel0_rs2700_rx100_none_none_p1_b0_r1d02_i0_tap0_ph0_gdc780_gimp1000_esd_a4000_t5em05_off10d0_reduced
,,6.872402699460761e-11,contact4k,3.6992303080847977e-08,e6_5212640d3c09539cfa47,279.3952687074411,r1b,a4000_chaingdtmov_g1_kprotection_i0_mreduced_qe6_r4d998_x0_s5em05_tau1em09_t25_ron60_u867_t2_vo_v_rel0_rs2700_rx100_none_none_p1_b0_r1d02_i0_tap0_ph0_gdc780_gimp1000_esd_a4000_t5em05_off10d0_reduced
,,6.872402699460694e-11,contact4k,3.699230308084805e-08,e6_5212640d3c09539cfa47,279.39526870744544,r2a,a4000_chaingdtmov_g1_kprotection_i0_mreduced_qe6_r4d998_x0_s5em05_tau1em09_t25_ron60_u867_t2_vo_v_rel0_rs2700_rx100_none_none_p1_b0_r1d02_i0_tap0_ph0_gdc780_gimp1000_esd_a4000_t5em05_off10d0_reduced
,,6.872402699460694e-11,contact4k,3.699230308084805e-08,e6_5212640d3c09539cfa47,279.39526870744555,r2b,a4000_chaingdtmov_g1_kprotection_i0_mreduced_qe6_r4d998_x0_s5em05_tau1em09_t25_ron60_u867_t2_vo_v_rel0_rs2700_rx100_none_none_p1_b0_r1d02_i0_tap0_ph0_gdc780_gimp1000_esd_a4000_t5em05_off10d0_reduced
,,6.872402699460662e-11,contact4k,3.69923030808481e-08,e6_5212640d3c09539cfa47,279.3952687074478,r3a,a4000_chaingdtmov_g1_kprotection_i0_mreduced_qe6_r4d998_x0_s5em05_tau1em09_t25_ron60_u867_t2_vo_v_rel0_rs2700_rx100_none_none_p1_b0_r1d02_i0_tap0_ph0_gdc780_gimp1000_esd_a4000_t5em05_off10d0_reduced
,,6.872402699460662e-11,contact4k,3.69923030808481e-08,e6_5212640d3c09539cfa47,279.3952687074478,r3b,a4000_chaingdtmov_g1_kprotection_i0_mreduced_qe6_r4d998_x0_s5em05_tau1em09_t25_ron60_u867_t2_vo_v_rel0_rs2700_rx100_none_none_p1_b0_r1d02_i0_tap0_ph0_gdc780_gimp1000_esd_a4000_t5em05_off10d0_reduced
,,0.0,contact4k,2.1844281629140684e-08,e6_5212640d3c09539cfa47,44.44175068873376,r910k,a4000_chaingdtmov_g1_kprotection_i0_mreduced_qe6_r4d998_x0_s5em05_tau1em09_t25_ron60_u867_t2_vo_v_rel0_rs2700_rx100_none_none_p1_b0_r1d02_i0_tap0_ph0_gdc780_gimp1000_esd_a4000_t5em05_off10d0_reduced
,,0.0,contact4k,2.3974431207724086e-09,e6_5212640d3c09539cfa47,4.880468130419189,r100k,a4000_chaingdtmov_g1_kprotection_i0_mreduced_qe6_r4d998_x0_s5em05_tau1em09_t25_ron60_u867_t2_vo_v_rel0_rs2700_rx100_none_none_p1_b0_r1d02_i0_tap0_ph0_gdc780_gimp1000_esd_a4000_t5em05_off10d0_reduced
0.0,6.86858351432112e-11,,contact4k,1.7913579634398627e-06,e6_5212640d3c09539cfa47,558.681105052865,rc1,a4000_chaingdtmov_g1_kprotection_i0_mreduced_qe6_r4d998_x0_s5em05_tau1em09_t25_ron60_u867_t2_vo_v_rel0_rs2700_rx100_none_none_p1_b0_r1d02_i0_tap0_ph0_gdc780_gimp1000_esd_a4000_t5em05_off10d0_reduced
0.0,6.868583514321056e-11,,contact4k,1.7913579634398627e-06,e6_5212640d3c09539cfa47,558.6811050528742,rc2,a4000_chaingdtmov_g1_kprotection_i0_mreduced_qe6_r4d998_x0_s5em05_tau1em09_t25_ron60_u867_t2_vo_v_rel0_rs2700_rx100_none_none_p1_b0_r1d02_i0_tap0_ph0_gdc780_gimp1000_esd_a4000_t5em05_off10d0_reduced
0.0,6.868583514321025e-11,,contact4k,1.7913579634398627e-06,e6_5212640d3c09539cfa47,558.6811050528788,rc3,a4000_chaingdtmov_g1_kprotection_i0_mreduced_qe6_r4d998_x0_s5em05_tau1em09_t25_ron60_u867_t2_vo_v_rel0_rs2700_rx100_none_none_p1_b0_r1d02_i0_tap0_ph0_gdc780_gimp1000_esd_a4000_t5em05_off10d0_reduced
,,1.5788607533565534e-09,contact4k,3.4745202737995775e-08,e6_b61864db8cb487e4406b,410.6673426192806,r1a,a4000_chaingdtmov_g1_kprotection_i0_mreduced_qe6_r4d998_x0_s5em05_tau1em07_t25_ron60_u867_t2_vo_v_rel0_rs2700_rx100_none_none_p1_b0_r1d02_i0_tap0_ph0_gdc780_gimp1000_esd_a4000_t5em05_off10d0_reduced
,,1.578860753356556e-09,contact4k,3.474520273799579e-08,e6_b61864db8cb487e4406b,410.66734261928036,r1b,a4000_chaingdtmov_g1_kprotection_i0_mreduced_qe6_r4d998_x0_s5em05_tau1em07_t25_ron60_u867_t2_vo_v_rel0_rs2700_rx100_none_none_p1_b0_r1d02_i0_tap0_ph0_gdc780_gimp1000_esd_a4000_t5em05_off10d0_reduced
,,1.5788607533565528e-09,contact4k,3.4745202737995854e-08,e6_b61864db8cb487e4406b,410.66734261928036,r2a,a4000_chaingdtmov_g1_kprotection_i0_mreduced_qe6_r4d998_x0_s5em05_tau1em07_t25_ron60_u867_t2_vo_v_rel0_rs2700_rx100_none_none_p1_b0_r1d02_i0_tap0_ph0_gdc780_gimp1000_esd_a4000_t5em05_off10d0_reduced
,,1.5788607533565557e-09,contact4k,3.4745202737995854e-08,e6_b61864db8cb487e4406b,410.66734261928036,r2b,a4000_chaingdtmov_g1_kprotection_i0_mreduced_qe6_r4d998_x0_s5em05_tau1em07_t25_ron60_u867_t2_vo_v_rel0_rs2700_rx100_none_none_p1_b0_r1d02_i0_tap0_ph0_gdc780_gimp1000_esd_a4000_t5em05_off10d0_reduced
,,1.5788607533565553e-09,contact4k,3.474520273799591e-08,e6_b61864db8cb487e4406b,410.66734261928013,r3a,a4000_chaingdtmov_g1_kprotection_i0_mreduced_qe6_r4d998_x0_s5em05_tau1em07_t25_ron60_u867_t2_vo_v_rel0_rs2700_rx100_none_none_p1_b0_r1d02_i0_tap0_ph0_gdc780_gimp1000_esd_a4000_t5em05_off10d0_reduced
,,1.5788607533565547e-09,contact4k,3.474520273799591e-08,e6_b61864db8cb487e4406b,410.66734261928013,r3b,a4000_chaingdtmov_g1_kprotection_i0_mreduced_qe6_r4d998_x0_s5em05_tau1em07_t25_ron60_u867_t2_vo_v_rel0_rs2700_rx100_none_none_p1_b0_r1d02_i0_tap0_ph0_gdc780_gimp1000_esd_a4000_t5em05_off10d0_reduced
,,0.0,contact4k,2.0421197044432716e-08,e6_b61864db8cb487e4406b,43.87290495924916,r910k,a4000_chaingdtmov_g1_kprotection_i0_mreduced_qe6_r4d998_x0_s5em05_tau1em07_t25_ron60_u867_t2_vo_v_rel0_rs2700_rx100_none_none_p1_b0_r1d02_i0_tap0_ph0_gdc780_gimp1000_esd_a4000_t5em05_off10d0_reduced
,,0.0,contact4k,2.2412571350059105e-09,e6_b61864db8cb487e4406b,4.817997604899209,r100k,a4000_chaingdtmov_g1_kprotection_i0_mreduced_qe6_r4d998_x0_s5em05_tau1em07_t25_ron60_u867_t2_vo_v_rel0_rs2700_rx100_none_none_p1_b0_r1d02_i0_tap0_ph0_gdc780_gimp1000_esd_a4000_t5em05_off10d0_reduced
0.0,1.5443257783689289e-09,,contact4k,1.9707319077594005e-06,e6_b61864db8cb487e4406b,820.8920126876314,rc1,a4000_chaingdtmov_g1_kprotection_i0_mreduced_qe6_r4d998_x0_s5em05_tau1em07_t25_ron60_u867_t2_vo_v_rel0_rs2700_rx100_none_none_p1_b0_r1d02_i0_tap0_ph0_gdc780_gimp1000_esd_a4000_t5em05_off10d0_reduced
0.0,1.5443257783689285e-09,,contact4k,1.9707319077594005e-06,e6_b61864db8cb487e4406b,820.892012687631,rc2,a4000_chaingdtmov_g1_kprotection_i0_mreduced_qe6_r4d998_x0_s5em05_tau1em07_t25_ron60_u867_t2_vo_v_rel0_rs2700_rx100_none_none_p1_b0_r1d02_i0_tap0_ph0_gdc780_gimp1000_esd_a4000_t5em05_off10d0_reduced
0.0,1.5443257783689297e-09,,contact4k,1.9707319077594005e-06,e6_b61864db8cb487e4406b,820.8920126876307,rc3,a4000_chaingdtmov_g1_kprotection_i0_mreduced_qe6_r4d998_x0_s5em05_tau1em07_t25_ron60_u867_t2_vo_v_rel0_rs2700_rx100_none_none_p1_b0_r1d02_i0_tap0_ph0_gdc780_gimp1000_esd_a4000_t5em05_off10d0_reduced
,,6.99616572688952e-11,contact4k,3.71868115912177e-08,e6_edb48104203e883ccb9f,281.37818715787444,r1a,a4000_chaingdtmov_g1_kprotection_i0_mreduced_qe6_r4d998_x0_s5em05_tau1em09_t25_ron60_u868_t2_vo_v_rel0_rs2700_rx100_none_none_p0_b0_r1d02_i0_tap0_ph0_gdc420_gimp1000_esd_a4000_t5em05_off10d0_reduced
,,6.996165726889535e-11,contact4k,3.71868115912177e-08,e6_edb48104203e883ccb9f,281.37818715787466,r1b,a4000_chaingdtmov_g1_kprotection_i0_mreduced_qe6_r4d998_x0_s5em05_tau1em09_t25_ron60_u868_t2_vo_v_rel0_rs2700_rx100_none_none_p0_b0_r1d02_i0_tap0_ph0_gdc420_gimp1000_esd_a4000_t5em05_off10d0_reduced
,,6.996165726889422e-11,contact4k,3.718681159121778e-08,e6_edb48104203e883ccb9f,281.37818715786955,r2a,a4000_chaingdtmov_g1_kprotection_i0_mreduced_qe6_r4d998_x0_s5em05_tau1em09_t25_ron60_u868_t2_vo_v_rel0_rs2700_rx100_none_none_p0_b0_r1d02_i0_tap0_ph0_gdc420_gimp1000_esd_a4000_t5em05_off10d0_reduced
,,6.996165726889422e-11,contact4k,3.718681159121778e-08,e6_edb48104203e883ccb9f,281.37818715786955,r2b,a4000_chaingdtmov_g1_kprotection_i0_mreduced_qe6_r4d998_x0_s5em05_tau1em09_t25_ron60_u868_t2_vo_v_rel0_rs2700_rx100_none_none_p0_b0_r1d02_i0_tap0_ph0_gdc420_gimp1000_esd_a4000_t5em05_off10d0_reduced
,,6.99616572688938e-11,contact4k,3.7186811591217824e-08,e6_edb48104203e883ccb9f,281.37818715786835,r3a,a4000_chaingdtmov_g1_kprotection_i0_mreduced_qe6_r4d998_x0_s5em05_tau1em09_t25_ron60_u868_t2_vo_v_rel0_rs2700_rx100_none_none_p0_b0_r1d02_i0_tap0_ph0_gdc420_gimp1000_esd_a4000_t5em05_off10d0_reduced
,,6.996165726889379e-11,contact4k,3.7186811591217824e-08,e6_edb48104203e883ccb9f,281.37818715786835,r3b,a4000_chaingdtmov_g1_kprotection_i0_mreduced_qe6_r4d998_x0_s5em05_tau1em09_t25_ron60_u868_t2_vo_v_rel0_rs2700_rx100_none_none_p0_b0_r1d02_i0_tap0_ph0_gdc420_gimp1000_esd_a4000_t5em05_off10d0_reduced
,,0.0,contact4k,2.1959066481580754e-08,e6_edb48104203e883ccb9f,44.782228994412755,r910k,a4000_chaingdtmov_g1_kprotection_i0_mreduced_qe6_r4d998_x0_s5em05_tau1em09_t25_ron60_u868_t2_vo_v_rel0_rs2700_rx100_none_none_p0_b0_r1d02_i0_tap0_ph0_gdc420_gimp1000_esd_a4000_t5em05_off10d0_reduced
,,0.0,contact4k,1.2054143416579206e-10,e6_edb48104203e883ccb9f,0.5609834910780874,r100k,a4000_chaingdtmov_g1_kprotection_i0_mreduced_qe6_r4d998_x0_s5em05_tau1em09_t25_ron60_u868_t2_vo_v_rel0_rs2700_rx100_none_none_p0_b0_r1d02_i0_tap0_ph0_gdc420_gimp1000_esd_a4000_t5em05_off10d0_reduced
0.0,6.992745948288938e-11,,contact4k,1.8033641167187865e-06,e6_edb48104203e883ccb9f,562.6460252990603,rc1,a4000_chaingdtmov_g1_kprotection_i0_mreduced_qe6_r4d998_x0_s5em05_tau1em09_t25_ron60_u868_t2_vo_v_rel0_rs2700_rx100_none_none_p0_b0_r1d02_i0_tap0_ph0_gdc420_gimp1000_esd_a4000_t5em05_off10d0_reduced
0.0,6.992745948288833e-11,,contact4k,1.8033641167187865e-06,e6_edb48104203e883ccb9f,562.6460252990504,rc2,a4000_chaingdtmov_g1_kprotection_i0_mreduced_qe6_r4d998_x0_s5em05_tau1em09_t25_ron60_u868_t2_vo_v_rel0_rs2700_rx100_none_none_p0_b0_r1d02_i0_tap0_ph0_gdc420_gimp1000_esd_a4000_t5em05_off10d0_reduced
0.0,6.99274594828879e-11,,contact4k,1.8033641167187865e-06,e6_edb48104203e883ccb9f,562.646025299048,rc3,a4000_chaingdtmov_g1_kprotection_i0_mreduced_qe6_r4d998_x0_s5em05_tau1em09_t25_ron60_u868_t2_vo_v_rel0_rs2700_rx100_none_none_p0_b0_r1d02_i0_tap0_ph0_gdc420_gimp1000_esd_a4000_t5em05_off10d0_reduced
,,1.6009286897579251e-09,contact4k,3.49410809693429e-08,e6_76d8221f61796b5508a0,420.03585410761025,r1a,a4000_chaingdtmov_g1_kprotection_i0_mreduced_qe6_r4d998_x0_s5em05_tau1em07_t25_ron60_u868_t2_vo_v_rel0_rs2700_rx100_none_none_p0_b0_r1d02_i0_tap0_ph0_gdc420_gimp1000_esd_a4000_t5em05_off10d0_reduced
,,1.6009286897579224e-09,contact4k,3.49410809693429e-08,e6_76d8221f61796b5508a0,420.03585410761025,r1b,a4000_chaingdtmov_g1_kprotection_i0_mreduced_qe6_r4d998_x0_s5em05_tau1em07_t25_ron60_u868_t2_vo_v_rel0_rs2700_rx100_none_none_p0_b0_r1d02_i0_tap0_ph0_gdc420_gimp1000_esd_a4000_t5em05_off10d0_reduced
,,1.6009286897579245e-09,contact4k,3.4941080969342964e-08,e6_76d8221f61796b5508a0,420.03585410760957,r2a,a4000_chaingdtmov_g1_kprotection_i0_mreduced_qe6_r4d998_x0_s5em05_tau1em07_t25_ron60_u868_t2_vo_v_rel0_rs2700_rx100_none_none_p0_b0_r1d02_i0_tap0_ph0_gdc420_gimp1000_esd_a4000_t5em05_off10d0_reduced
,,1.6009286897579222e-09,contact4k,3.494108096934297e-08,e6_76d8221f61796b5508a0,420.0358541076099,r2b,a4000_chaingdtmov_g1_kprotection_i0_mreduced_qe6_r4d998_x0_s5em05_tau1em07_t25_ron60_u868_t2_vo_v_rel0_rs2700_rx100_none_none_p0_b0_r1d02_i0_tap0_ph0_gdc420_gimp1000_esd_a4000_t5em05_off10d0_reduced
,,1.600928689757923e-09,contact4k,3.4941080969343017e-08,e6_76d8221f61796b5508a0,420.03585410760974,r3a,a4000_chaingdtmov_g1_kprotection_i0_mreduced_qe6_r4d998_x0_s5em05_tau1em07_t25_ron60_u868_t2_vo_v_rel0_rs2700_rx100_none_none_p0_b0_r1d02_i0_tap0_ph0_gdc420_gimp1000_esd_a4000_t5em05_off10d0_reduced
,,1.6009286897579226e-09,contact4k,3.4941080969343017e-08,e6_76d8221f61796b5508a0,420.03585410760974,r3b,a4000_chaingdtmov_g1_kprotection_i0_mreduced_qe6_r4d998_x0_s5em05_tau1em07_t25_ron60_u868_t2_vo_v_rel0_rs2700_rx100_none_none_p0_b0_r1d02_i0_tap0_ph0_gdc420_gimp1000_esd_a4000_t5em05_off10d0_reduced
,,0.0,contact4k,2.053516093185877e-08,e6_76d8221f61796b5508a0,44.19977430309599,r910k,a4000_chaingdtmov_g1_kprotection_i0_mreduced_qe6_r4d998_x0_s5em05_tau1em07_t25_ron60_u868_t2_vo_v_rel0_rs2700_rx100_none_none_p0_b0_r1d02_i0_tap0_ph0_gdc420_gimp1000_esd_a4000_t5em05_off10d0_reduced
,,0.0,contact4k,1.2072697805727792e-10,e6_76d8221f61796b5508a0,0.5631535502524267,r100k,a4000_chaingdtmov_g1_kprotection_i0_mreduced_qe6_r4d998_x0_s5em05_tau1em07_t25_ron60_u868_t2_vo_v_rel0_rs2700_rx100_none_none_p0_b0_r1d02_i0_tap0_ph0_gdc420_gimp1000_esd_a4000_t5em05_off10d0_reduced
0.0,1.5706839219153167e-09,,contact4k,1.9876050774135566e-06,e6_76d8221f61796b5508a0,839.5837151508229,rc1,a4000_chaingdtmov_g1_kprotection_i0_mreduced_qe6_r4d998_x0_s5em05_tau1em07_t25_ron60_u868_t2_vo_v_rel0_rs2700_rx100_none_none_p0_b0_r1d02_i0_tap0_ph0_gdc420_gimp1000_esd_a4000_t5em05_off10d0_reduced
0.0,1.5706839219153163e-09,,contact4k,1.987605077413557e-06,e6_76d8221f61796b5508a0,839.583715150822,rc2,a4000_chaingdtmov_g1_kprotection_i0_mreduced_qe6_r4d998_x0_s5em05_tau1em07_t25_ron60_u868_t2_vo_v_rel0_rs2700_rx100_none_none_p0_b0_r1d02_i0_tap0_ph0_gdc420_gimp1000_esd_a4000_t5em05_off10d0_reduced
0.0,1.5706839219153155e-09,,contact4k,1.9876050774135566e-06,e6_76d8221f61796b5508a0,839.583715150822,rc3,a4000_chaingdtmov_g1_kprotection_i0_mreduced_qe6_r4d998_x0_s5em05_tau1em07_t25_ron60_u868_t2_vo_v_rel0_rs2700_rx100_none_none_p0_b0_r1d02_i0_tap0_ph0_gdc420_gimp1000_esd_a4000_t5em05_off10d0_reduced
,,6.996164265617227e-11,contact4k,3.718681150330762e-08,e6_b18d284101ffcf3e12da,281.3782129287988,r1a,a4000_chaingdtmov_g1_kprotection_i0_mreduced_qe6_r4d998_x0_s5em05_tau1em09_t25_ron60_u869_t2_vo_v_rel0_rs2700_rx100_none_none_p0_b0_r1d02_i0_tap0_ph0_gdc780_gimp1000_esd_a4000_t5em05_off10d0_reduced
,,6.996164265617225e-11,contact4k,3.718681150330762e-08,e6_b18d284101ffcf3e12da,281.37821292879903,r1b,a4000_chaingdtmov_g1_kprotection_i0_mreduced_qe6_r4d998_x0_s5em05_tau1em09_t25_ron60_u869_t2_vo_v_rel0_rs2700_rx100_none_none_p0_b0_r1d02_i0_tap0_ph0_gdc780_gimp1000_esd_a4000_t5em05_off10d0_reduced
,,6.996164265617147e-11,contact4k,3.7186811503307695e-08,e6_b18d284101ffcf3e12da,281.37821292878164,r2a,a4000_chaingdtmov_g1_kprotection_i0_mreduced_qe6_r4d998_x0_s5em05_tau1em09_t25_ron60_u869_t2_vo_v_rel0_rs2700_rx100_none_none_p0_b0_r1d02_i0_tap0_ph0_gdc780_gimp1000_esd_a4000_t5em05_off10d0_reduced
,,6.996164265617147e-11,contact4k,3.7186811503307695e-08,e6_b18d284101ffcf3e12da,281.37821292878175,r2b,a4000_chaingdtmov_g1_kprotection_i0_mreduced_qe6_r4d998_x0_s5em05_tau1em09_t25_ron60_u869_t2_vo_v_rel0_rs2700_rx100_none_none_p0_b0_r1d02_i0_tap0_ph0_gdc780_gimp1000_esd_a4000_t5em05_off10d0_reduced
,,6.99616426561712e-11,contact4k,3.718681150330775e-08,e6_b18d284101ffcf3e12da,281.3782129287711,r3a,a4000_chaingdtmov_g1_kprotection_i0_mreduced_qe6_r4d998_x0_s5em05_tau1em09_t25_ron60_u869_t2_vo_v_rel0_rs2700_rx100_none_none_p0_b0_r1d02_i0_tap0_ph0_gdc780_gimp1000_esd_a4000_t5em05_off10d0_reduced
,,6.99616426561712e-11,contact4k,3.718681150330775e-08,e6_b18d284101ffcf3e12da,281.37821292877106,r3b,a4000_chaingdtmov_g1_kprotection_i0_mreduced_qe6_r4d998_x0_s5em05_tau1em09_t25_ron60_u869_t2_vo_v_rel0_rs2700_rx100_none_none_p0_b0_r1d02_i0_tap0_ph0_gdc780_gimp1000_esd_a4000_t5em05_off10d0_reduced
,,0.0,contact4k,2.1959066428497024e-08,e6_b18d284101ffcf3e12da,44.78222894370536,r910k,a4000_chaingdtmov_g1_kprotection_i0_mreduced_qe6_r4d998_x0_s5em05_tau1em09_t25_ron60_u869_t2_vo_v_rel0_rs2700_rx100_none_none_p0_b0_r1d02_i0_tap0_ph0_gdc780_gimp1000_esd_a4000_t5em05_off10d0_reduced
,,0.0,contact4k,1.205414341513076e-10,e6_b18d284101ffcf3e12da,0.5609834910752277,r100k,a4000_chaingdtmov_g1_kprotection_i0_mreduced_qe6_r4d998_x0_s5em05_tau1em09_t25_ron60_u869_t2_vo_v_rel0_rs2700_rx100_none_none_p0_b0_r1d02_i0_tap0_ph0_gdc780_gimp1000_esd_a4000_t5em05_off10d0_reduced
0.0,6.992744482472276e-11,,contact4k,1.8033641159023884e-06,e6_b18d284101ffcf3e12da,562.6460768400575,rc1,a4000_chaingdtmov_g1_kprotection_i0_mreduced_qe6_r4d998_x0_s5em05_tau1em09_t25_ron60_u869_t2_vo_v_rel0_rs2700_rx100_none_none_p0_b0_r1d02_i0_tap0_ph0_gdc780_gimp1000_esd_a4000_t5em05_off10d0_reduced
0.0,6.992744482472194e-11,,contact4k,1.8033641159023884e-06,e6_b18d284101ffcf3e12da,562.6460768400232,rc2,a4000_chaingdtmov_g1_kprotection_i0_mreduced_qe6_r4d998_x0_s5em05_tau1em09_t25_ron60_u869_t2_vo_v_rel0_rs2700_rx100_none_none_p0_b0_r1d02_i0_tap0_ph0_gdc780_gimp1000_esd_a4000_t5em05_off10d0_reduced
0.0,6.992744482472167e-11,,contact4k,1.8033641159023884e-06,e6_b18d284101ffcf3e12da,562.6460768400019,rc3,a4000_chaingdtmov_g1_kprotection_i0_mreduced_qe6_r4d998_x0_s5em05_tau1em09_t25_ron60_u869_t2_vo_v_rel0_rs2700_rx100_none_none_p0_b0_r1d02_i0_tap0_ph0_gdc780_gimp1000_esd_a4000_t5em05_off10d0_reduced
,,1.6009286897578962e-09,contact4k,3.494108088298456e-08,e6_23a473f7d2087b796331,420.0358541076075,r1a,a4000_chaingdtmov_g1_kprotection_i0_mreduced_qe6_r4d998_x0_s5em05_tau1em07_t25_ron60_u869_t2_vo_v_rel0_rs2700_rx100_none_none_p0_b0_r1d02_i0_tap0_ph0_gdc780_gimp1000_esd_a4000_t5em05_off10d0_reduced
,,1.6009286897578962e-09,contact4k,3.494108088298456e-08,e6_23a473f7d2087b796331,420.03585410760775,r1b,a4000_chaingdtmov_g1_kprotection_i0_mreduced_qe6_r4d998_x0_s5em05_tau1em07_t25_ron60_u869_t2_vo_v_rel0_rs2700_rx100_none_none_p0_b0_r1d02_i0_tap0_ph0_gdc780_gimp1000_esd_a4000_t5em05_off10d0_reduced
,,1.6009286897578933e-09,contact4k,3.494108088298463e-08,e6_23a473f7d2087b796331,420.03585410760775,r2a,a4000_chaingdtmov_g1_kprotection_i0_mreduced_qe6_r4d998_x0_s5em05_tau1em07_t25_ron60_u869_t2_vo_v_rel0_rs2700_rx100_none_none_p0_b0_r1d02_i0_tap0_ph0_gdc780_gimp1000_esd_a4000_t5em05_off10d0_reduced
,,1.6009286897578957e-09,contact4k,3.494108088298463e-08,e6_23a473f7d2087b796331,420.03585410760775,r2b,a4000_chaingdtmov_g1_kprotection_i0_mreduced_qe6_r4d998_x0_s5em05_tau1em07_t25_ron60_u869_t2_vo_v_rel0_rs2700_rx100_none_none_p0_b0_r1d02_i0_tap0_ph0_gdc780_gimp1000_esd_a4000_t5em05_off10d0_reduced
,,1.6009286897578933e-09,contact4k,3.494108088298467e-08,e6_23a473f7d2087b796331,420.03585410760775,r3a,a4000_chaingdtmov_g1_kprotection_i0_mreduced_qe6_r4d998_x0_s5em05_tau1em07_t25_ron60_u869_t2_vo_v_rel0_rs2700_rx100_none_none_p0_b0_r1d02_i0_tap0_ph0_gdc780_gimp1000_esd_a4000_t5em05_off10d0_reduced
,,1.6009286897578937e-09,contact4k,3.494108088298467e-08,e6_23a473f7d2087b796331,420.03585410760763,r3b,a4000_chaingdtmov_g1_kprotection_i0_mreduced_qe6_r4d998_x0_s5em05_tau1em07_t25_ron60_u869_t2_vo_v_rel0_rs2700_rx100_none_none_p0_b0_r1d02_i0_tap0_ph0_gdc780_gimp1000_esd_a4000_t5em05_off10d0_reduced
,,0.0,contact4k,2.053516087952701e-08,e6_23a473f7d2087b796331,44.199774276468894,r910k,a4000_chaingdtmov_g1_kprotection_i0_mreduced_qe6_r4d998_x0_s5em05_tau1em07_t25_ron60_u869_t2_vo_v_rel0_rs2700_rx100_none_none_p0_b0_r1d02_i0_tap0_ph0_gdc780_gimp1000_esd_a4000_t5em05_off10d0_reduced
,,0.0,contact4k,1.2072697805275107e-10,e6_23a473f7d2087b796331,0.5631535502524267,r100k,a4000_chaingdtmov_g1_kprotection_i0_mreduced_qe6_r4d998_x0_s5em05_tau1em07_t25_ron60_u869_t2_vo_v_rel0_rs2700_rx100_none_none_p0_b0_r1d02_i0_tap0_ph0_gdc780_gimp1000_esd_a4000_t5em05_off10d0_reduced
0.0,1.570683921915295e-09,,contact4k,1.9876050772321543e-06,e6_23a473f7d2087b796331,839.5837151508176,rc1,a4000_chaingdtmov_g1_kprotection_i0_mreduced_qe6_r4d998_x0_s5em05_tau1em07_t25_ron60_u869_t2_vo_v_rel0_rs2700_rx100_none_none_p0_b0_r1d02_i0_tap0_ph0_gdc780_gimp1000_esd_a4000_t5em05_off10d0_reduced
0.0,1.5706839219152932e-09,,contact4k,1.9876050772321547e-06,e6_23a473f7d2087b796331,839.5837151508179,rc2,a4000_chaingdtmov_g1_kprotection_i0_mreduced_qe6_r4d998_x0_s5em05_tau1em07_t25_ron60_u869_t2_vo_v_rel0_rs2700_rx100_none_none_p0_b0_r1d02_i0_tap0_ph0_gdc780_gimp1000_esd_a4000_t5em05_off10d0_reduced
0.0,1.570683921915292e-09,,contact4k,1.9876050772321547e-06,e6_23a473f7d2087b796331,839.5837151508177,rc3,a4000_chaingdtmov_g1_kprotection_i0_mreduced_qe6_r4d998_x0_s5em05_tau1em07_t25_ron60_u869_t2_vo_v_rel0_rs2700_rx100_none_none_p0_b0_r1d02_i0_tap0_ph0_gdc780_gimp1000_esd_a4000_t5em05_off10d0_reduced
,,6.996165715426276e-11,contact4k,3.718681159471831e-08,e6_87bf227d99fb9dd20a77,281.3781869720067,r1a,a4000_chaingdtmov_g1_kprotection_i0_mreduced_qe6_r4d998_x0_s5em05_tau1em09_t25_ron60_u870_t2_vo_v_rel0_rs2700_rx100_none_none_p0_b1_r1d02_i0_tap0_ph0_gdc420_gimp1000_esd_a4000_t5em05_off10d0_reduced
,,6.996165715426275e-11,contact4k,3.718681159471831e-08,e6_87bf227d99fb9dd20a77,281.3781869720067,r1b,a4000_chaingdtmov_g1_kprotection_i0_mreduced_qe6_r4d998_x0_s5em05_tau1em09_t25_ron60_u870_t2_vo_v_rel0_rs2700_rx100_none_none_p0_b1_r1d02_i0_tap0_ph0_gdc420_gimp1000_esd_a4000_t5em05_off10d0_reduced
,,6.996165715426267e-11,contact4k,3.718681159471839e-08,e6_87bf227d99fb9dd20a77,281.378186971997,r2a,a4000_chaingdtmov_g1_kprotection_i0_mreduced_qe6_r4d998_x0_s5em05_tau1em09_t25_ron60_u870_t2_vo_v_rel0_rs2700_rx100_none_none_p0_b1_r1d02_i0_tap0_ph0_gdc420_gimp1000_esd_a4000_t5em05_off10d0_reduced
,,6.996165715426273e-11,contact4k,3.718681159471839e-08,e6_87bf227d99fb9dd20a77,281.378186971997,r2b,a4000_chaingdtmov_g1_kprotection_i0_mreduced_qe6_r4d998_x0_s5em05_tau1em09_t25_ron60_u870_t2_vo_v_rel0_rs2700_rx100_none_none_p0_b1_r1d02_i0_tap0_ph0_gdc420_gimp1000_esd_a4000_t5em05_off10d0_reduced
,,6.996165715426258e-11,contact4k,3.718681159471843e-08,e6_87bf227d99fb9dd20a77,281.3781869719913,r3a,a4000_chaingdtmov_g1_kprotection_i0_mreduced_qe6_r4d998_x0_s5em05_tau1em09_t25_ron60_u870_t2_vo_v_rel0_rs2700_rx100_none_none_p0_b1_r1d02_i0_tap0_ph0_gdc420_gimp1000_esd_a4000_t5em05_off10d0_reduced
,,6.996165715426262e-11,contact4k,3.718681159471843e-08,e6_87bf227d99fb9dd20a77,281.37818697199134,r3b,a4000_chaingdtmov_g1_kprotection_i0_mreduced_qe6_r4d998_x0_s5em05_tau1em09_t25_ron60_u870_t2_vo_v_rel0_rs2700_rx100_none_none_p0_b1_r1d02_i0_tap0_ph0_gdc420_gimp1000_esd_a4000_t5em05_off10d0_reduced
,,0.0,contact4k,2.1959066483697512e-08,e6_87bf227d99fb9dd20a77,44.782228994337906,r910k,a4000_chaingdtmov_g1_kprotection_i0_mreduced_qe6_r4d998_x0_s5em05_tau1em09_t25_ron60_u870_t2_vo_v_rel0_rs2700_rx100_none_none_p0_b1_r1d02_i0_tap0_ph0_gdc420_gimp1000_esd_a4000_t5em05_off10d0_reduced
,,0.0,contact4k,1.2054144314326243e-10,e6_87bf227d99fb9dd20a77,0.5609834911737825,r100k,a4000_chaingdtmov_g1_kprotection_i0_mreduced_qe6_r4d998_x0_s5em05_tau1em09_t25_ron60_u870_t2_vo_v_rel0_rs2700_rx100_none_none_p0_b1_r1d02_i0_tap0_ph0_gdc420_gimp1000_esd_a4000_t5em05_off10d0_reduced
0.0,6.992745936827414e-11,,contact4k,1.803364116706213e-06,e6_87bf227d99fb9dd20a77,562.6460249275106,rc1,a4000_chaingdtmov_g1_kprotection_i0_mreduced_qe6_r4d998_x0_s5em05_tau1em09_t25_ron60_u870_t2_vo_v_rel0_rs2700_rx100_none_none_p0_b1_r1d02_i0_tap0_ph0_gdc420_gimp1000_esd_a4000_t5em05_off10d0_reduced
0.0,6.992745936827407e-11,,contact4k,1.8033641167062131e-06,e6_87bf227d99fb9dd20a77,562.646024927491,rc2,a4000_chaingdtmov_g1_kprotection_i0_mreduced_qe6_r4d998_x0_s5em05_tau1em09_t25_ron60_u870_t2_vo_v_rel0_rs2700_rx100_none_none_p0_b1_r1d02_i0_tap0_ph0_gdc420_gimp1000_esd_a4000_t5em05_off10d0_reduced
0.0,6.992745936827398e-11,,contact4k,1.8033641167062131e-06,e6_87bf227d99fb9dd20a77,562.6460249274796,rc3,a4000_chaingdtmov_g1_kprotection_i0_mreduced_qe6_r4d998_x0_s5em05_tau1em09_t25_ron60_u870_t2_vo_v_rel0_rs2700_rx100_none_none_p0_b1_r1d02_i0_tap0_ph0_gdc420_gimp1000_esd_a4000_t5em05_off10d0_reduced
,,1.6009286897494912e-09,contact4k,3.4941080972740565e-08,e6_67d2b7dc1f0ef8444ab4,420.0358540624661,r1a,a4000_chaingdtmov_g1_kprotection_i0_mreduced_qe6_r4d998_x0_s5em05_tau1em07_t25_ron60_u870_t2_vo_v_rel0_rs2700_rx100_none_none_p0_b1_r1d02_i0_tap0_ph0_gdc420_gimp1000_esd_a4000_t5em05_off10d0_reduced
,,1.6009286897494912e-09,contact4k,3.4941080972740565e-08,e6_67d2b7dc1f0ef8444ab4,420.03585406246634,r1b,a4000_chaingdtmov_g1_kprotection_i0_mreduced_qe6_r4d998_x0_s5em05_tau1em07_t25_ron60_u870_t2_vo_v_rel0_rs2700_rx100_none_none_p0_b1_r1d02_i0_tap0_ph0_gdc420_gimp1000_esd_a4000_t5em05_off10d0_reduced
,,1.6009286897494891e-09,contact4k,3.494108097274064e-08,e6_67d2b7dc1f0ef8444ab4,420.03585406246543,r2a,a4000_chaingdtmov_g1_kprotection_i0_mreduced_qe6_r4d998_x0_s5em05_tau1em07_t25_ron60_u870_t2_vo_v_rel0_rs2700_rx100_none_none_p0_b1_r1d02_i0_tap0_ph0_gdc420_gimp1000_esd_a4000_t5em05_off10d0_reduced
,,1.6009286897494885e-09,contact4k,3.494108097274064e-08,e6_67d2b7dc1f0ef8444ab4,420.0358540624651,r2b,a4000_chaingdtmov_g1_kprotection_i0_mreduced_qe6_r4d998_x0_s5em05_tau1em07_t25_ron60_u870_t2_vo_v_rel0_rs2700_rx100_none_none_p0_b1_r1d02_i0_tap0_ph0_gdc420_gimp1000_esd_a4000_t5em05_off10d0_reduced
,,1.6009286897494879e-09,contact4k,3.4941080972740684e-08,e6_67d2b7dc1f0ef8444ab4,420.03585406246486,r3a,a4000_chaingdtmov_g1_kprotection_i0_mreduced_qe6_r4d998_x0_s5em05_tau1em07_t25_ron60_u870_t2_vo_v_rel0_rs2700_rx100_none_none_p0_b1_r1d02_i0_tap0_ph0_gdc420_gimp1000_esd_a4000_t5em05_off10d0_reduced
,,1.6009286897494879e-09,contact4k,3.4941080972740684e-08,e6_67d2b7dc1f0ef8444ab4,420.03585406246486,r3b,a4000_chaingdtmov_g1_kprotection_i0_mreduced_qe6_r4d998_x0_s5em05_tau1em07_t25_ron60_u870_t2_vo_v_rel0_rs2700_rx100_none_none_p0_b1_r1d02_i0_tap0_ph0_gdc420_gimp1000_esd_a4000_t5em05_off10d0_reduced
,,0.0,contact4k,2.0535160933918212e-08,e6_67d2b7dc1f0ef8444ab4,44.19977430304784,r910k,a4000_chaingdtmov_g1_kprotection_i0_mreduced_qe6_r4d998_x0_s5em05_tau1em07_t25_ron60_u870_t2_vo_v_rel0_rs2700_rx100_none_none_p0_b1_r1d02_i0_tap0_ph0_gdc420_gimp1000_esd_a4000_t5em05_off10d0_reduced
,,0.0,contact4k,1.2072698705055896e-10,e6_67d2b7dc1f0ef8444ab4,0.5631535503428271,r100k,a4000_chaingdtmov_g1_kprotection_i0_mreduced_qe6_r4d998_x0_s5em05_tau1em07_t25_ron60_u870_t2_vo_v_rel0_rs2700_rx100_none_none_p0_b1_r1d02_i0_tap0_ph0_gdc420_gimp1000_esd_a4000_t5em05_off10d0_reduced
0.0,1.5706839218869575e-09,,contact4k,1.9876050773868636e-06,e6_67d2b7dc1f0ef8444ab4,839.5837150610939,rc1,a4000_chaingdtmov_g1_kprotection_i0_mreduced_qe6_r4d998_x0_s5em05_tau1em07_t25_ron60_u870_t2_vo_v_rel0_rs2700_rx100_none_none_p0_b1_r1d02_i0_tap0_ph0_gdc420_gimp1000_esd_a4000_t5em05_off10d0_reduced
0.0,1.5706839218869537e-09,,contact4k,1.9876050773868636e-06,e6_67d2b7dc1f0ef8444ab4,839.583715061092,rc2,a4000_chaingdtmov_g1_kprotection_i0_mreduced_qe6_r4d998_x0_s5em05_tau1em07_t25_ron60_u870_t2_vo_v_rel0_rs2700_rx100_none_none_p0_b1_r1d02_i0_tap0_ph0_gdc420_gimp1000_esd_a4000_t5em05_off10d0_reduced
0.0,1.5706839218869531e-09,,contact4k,1.9876050773868636e-06,e6_67d2b7dc1f0ef8444ab4,839.5837150610912,rc3,a4000_chaingdtmov_g1_kprotection_i0_mreduced_qe6_r4d998_x0_s5em05_tau1em07_t25_ron60_u870_t2_vo_v_rel0_rs2700_rx100_none_none_p0_b1_r1d02_i0_tap0_ph0_gdc420_gimp1000_esd_a4000_t5em05_off10d0_reduced
,,6.996164254153776e-11,contact4k,3.718681150680819e-08,e6_af9e4bfcead88da42de2,281.3782127429297,r1a,a4000_chaingdtmov_g1_kprotection_i0_mreduced_qe6_r4d998_x0_s5em05_tau1em09_t25_ron60_u871_t2_vo_v_rel0_rs2700_rx100_none_none_p0_b1_r1d02_i0_tap0_ph0_gdc780_gimp1000_esd_a4000_t5em05_off10d0_reduced
,,6.996164254153776e-11,contact4k,3.718681150680819e-08,e6_af9e4bfcead88da42de2,281.37821274292946,r1b,a4000_chaingdtmov_g1_kprotection_i0_mreduced_qe6_r4d998_x0_s5em05_tau1em09_t25_ron60_u871_t2_vo_v_rel0_rs2700_rx100_none_none_p0_b1_r1d02_i0_tap0_ph0_gdc780_gimp1000_esd_a4000_t5em05_off10d0_reduced
,,6.996164254153774e-11,contact4k,3.718681150680828e-08,e6_af9e4bfcead88da42de2,281.37821274290764,r2a,a4000_chaingdtmov_g1_kprotection_i0_mreduced_qe6_r4d998_x0_s5em05_tau1em09_t25_ron60_u871_t2_vo_v_rel0_rs2700_rx100_none_none_p0_b1_r1d02_i0_tap0_ph0_gdc780_gimp1000_esd_a4000_t5em05_off10d0_reduced
,,6.996164254153779e-11,contact4k,3.718681150680827e-08,e6_af9e4bfcead88da42de2,281.3782127429075,r2b,a4000_chaingdtmov_g1_kprotection_i0_mreduced_qe6_r4d998_x0_s5em05_tau1em09_t25_ron60_u871_t2_vo_v_rel0_rs2700_rx100_none_none_p0_b1_r1d02_i0_tap0_ph0_gdc780_gimp1000_esd_a4000_t5em05_off10d0_reduced
,,6.996164254153776e-11,contact4k,3.718681150680832e-08,e6_af9e4bfcead88da42de2,281.37821274289894,r3a,a4000_chaingdtmov_g1_kprotection_i0_mreduced_qe6_r4d998_x0_s5em05_tau1em09_t25_ron60_u871_t2_vo_v_rel0_rs2700_rx100_none_none_p0_b1_r1d02_i0_tap0_ph0_gdc780_gimp1000_esd_a4000_t5em05_off10d0_reduced
,,6.996164254153778e-11,contact4k,3.718681150680832e-08,e6_af9e4bfcead88da42de2,281.3782127428989,r3b,a4000_chaingdtmov_g1_kprotection_i0_mreduced_qe6_r4d998_x0_s5em05_tau1em09_t25_ron60_u871_t2_vo_v_rel0_rs2700_rx100_none_none_p0_b1_r1d02_i0_tap0_ph0_gdc780_gimp1000_esd_a4000_t5em05_off10d0_reduced
,,0.0,contact4k,2.195906643061376e-08,e6_af9e4bfcead88da42de2,44.78222894363048,r910k,a4000_chaingdtmov_g1_kprotection_i0_mreduced_qe6_r4d998_x0_s5em05_tau1em09_t25_ron60_u871_t2_vo_v_rel0_rs2700_rx100_none_none_p0_b1_r1d02_i0_tap0_ph0_gdc780_gimp1000_esd_a4000_t5em05_off10d0_reduced
,,0.0,contact4k,1.2054144312877795e-10,e6_af9e4bfcead88da42de2,0.5609834911709228,r100k,a4000_chaingdtmov_g1_kprotection_i0_mreduced_qe6_r4d998_x0_s5em05_tau1em09_t25_ron60_u871_t2_vo_v_rel0_rs2700_rx100_none_none_p0_b1_r1d02_i0_tap0_ph0_gdc780_gimp1000_esd_a4000_t5em05_off10d0_reduced
0.0,6.992744471010554e-11,,contact4k,1.8033641158898142e-06,e6_af9e4bfcead88da42de2,562.6460764685046,rc1,a4000_chaingdtmov_g1_kprotection_i0_mreduced_qe6_r4d998_x0_s5em05_tau1em09_t25_ron60_u871_t2_vo_v_rel0_rs2700_rx100_none_none_p0_b1_r1d02_i0_tap0_ph0_gdc780_gimp1000_esd_a4000_t5em05_off10d0_reduced
0.0,6.992744471010554e-11,,contact4k,1.8033641158898146e-06,e6_af9e4bfcead88da42de2,562.6460764684607,rc2,a4000_chaingdtmov_g1_kprotection_i0_mreduced_qe6_r4d998_x0_s5em05_tau1em09_t25_ron60_u871_t2_vo_v_rel0_rs2700_rx100_none_none_p0_b1_r1d02_i0_tap0_ph0_gdc780_gimp1000_esd_a4000_t5em05_off10d0_reduced
0.0,6.992744471010554e-11,,contact4k,1.8033641158898144e-06,e6_af9e4bfcead88da42de2,562.6460764684433,rc3,a4000_chaingdtmov_g1_kprotection_i0_mreduced_qe6_r4d998_x0_s5em05_tau1em09_t25_ron60_u871_t2_vo_v_rel0_rs2700_rx100_none_none_p0_b1_r1d02_i0_tap0_ph0_gdc780_gimp1000_esd_a4000_t5em05_off10d0_reduced
,,1.6009286897494442e-09,contact4k,3.4941080886382214e-08,e6_3720d947d9617df523dd,420.03585406246384,r1a,a4000_chaingdtmov_g1_kprotection_i0_mreduced_qe6_r4d998_x0_s5em05_tau1em07_t25_ron60_u871_t2_vo_v_rel0_rs2700_rx100_none_none_p0_b1_r1d02_i0_tap0_ph0_gdc780_gimp1000_esd_a4000_t5em05_off10d0_reduced
,,1.6009286897494428e-09,contact4k,3.4941080886382214e-08,e6_3720d947d9617df523dd,420.0358540624636,r1b,a4000_chaingdtmov_g1_kprotection_i0_mreduced_qe6_r4d998_x0_s5em05_tau1em07_t25_ron60_u871_t2_vo_v_rel0_rs2700_rx100_none_none_p0_b1_r1d02_i0_tap0_ph0_gdc780_gimp1000_esd_a4000_t5em05_off10d0_reduced
,,1.600928689749442e-09,contact4k,3.4941080886382294e-08,e6_3720d947d9617df523dd,420.03585406246316,r2a,a4000_chaingdtmov_g1_kprotection_i0_mreduced_qe6_r4d998_x0_s5em05_tau1em07_t25_ron60_u871_t2_vo_v_rel0_rs2700_rx100_none_none_p0_b1_r1d02_i0_tap0_ph0_gdc780_gimp1000_esd_a4000_t5em05_off10d0_reduced
,,1.6009286897494413e-09,contact4k,3.494108088638229e-08,e6_3720d947d9617df523dd,420.03585406246316,r2b,a4000_chaingdtmov_g1_kprotection_i0_mreduced_qe6_r4d998_x0_s5em05_tau1em07_t25_ron60_u871_t2_vo_v_rel0_rs2700_rx100_none_none_p0_b1_r1d02_i0_tap0_ph0_gdc780_gimp1000_esd_a4000_t5em05_off10d0_reduced
,,1.6009286897494399e-09,contact4k,3.4941080886382333e-08,e6_3720d947d9617df523dd,420.0358540624629,r3a,a4000_chaingdtmov_g1_kprotection_i0_mreduced_qe6_r4d998_x0_s5em05_tau1em07_t25_ron60_u871_t2_vo_v_rel0_rs2700_rx100_none_none_p0_b1_r1d02_i0_tap0_ph0_gdc780_gimp1000_esd_a4000_t5em05_off10d0_reduced
,,1.6009286897494403e-09,contact4k,3.4941080886382333e-08,e6_3720d947d9617df523dd,420.0358540624628,r3b,a4000_chaingdtmov_g1_kprotection_i0_mreduced_qe6_r4d998_x0_s5em05_tau1em07_t25_ron60_u871_t2_vo_v_rel0_rs2700_rx100_none_none_p0_b1_r1d02_i0_tap0_ph0_gdc780_gimp1000_esd_a4000_t5em05_off10d0_reduced
,,0.0,contact4k,2.053516088158645e-08,e6_3720d947d9617df523dd,44.19977427642074,r910k,a4000_chaingdtmov_g1_kprotection_i0_mreduced_qe6_r4d998_x0_s5em05_tau1em07_t25_ron60_u871_t2_vo_v_rel0_rs2700_rx100_none_none_p0_b1_r1d02_i0_tap0_ph0_gdc780_gimp1000_esd_a4000_t5em05_off10d0_reduced
,,0.0,contact4k,1.2072698704603214e-10,e6_3720d947d9617df523dd,0.563153550342827,r100k,a4000_chaingdtmov_g1_kprotection_i0_mreduced_qe6_r4d998_x0_s5em05_tau1em07_t25_ron60_u871_t2_vo_v_rel0_rs2700_rx100_none_none_p0_b1_r1d02_i0_tap0_ph0_gdc780_gimp1000_esd_a4000_t5em05_off10d0_reduced
0.0,1.570683921886916e-09,,contact4k,1.9876050772054634e-06,e6_3720d947d9617df523dd,839.5837150610887,rc1,a4000_chaingdtmov_g1_kprotection_i0_mreduced_qe6_r4d998_x0_s5em05_tau1em07_t25_ron60_u871_t2_vo_v_rel0_rs2700_rx100_none_none_p0_b1_r1d02_i0_tap0_ph0_gdc780_gimp1000_esd_a4000_t5em05_off10d0_reduced
0.0,1.5706839218869136e-09,,contact4k,1.987605077205463e-06,e6_3720d947d9617df523dd,839.5837150610876,rc2,a4000_chaingdtmov_g1_kprotection_i0_mreduced_qe6_r4d998_x0_s5em05_tau1em07_t25_ron60_u871_t2_vo_v_rel0_rs2700_rx100_none_none_p0_b1_r1d02_i0_tap0_ph0_gdc780_gimp1000_esd_a4000_t5em05_off10d0_reduced
0.0,1.5706839218869126e-09,,contact4k,1.987605077205463e-06,e6_3720d947d9617df523dd,839.583715061087,rc3,a4000_chaingdtmov_g1_kprotection_i0_mreduced_qe6_r4d998_x0_s5em05_tau1em07_t25_ron60_u871_t2_vo_v_rel0_rs2700_rx100_none_none_p0_b1_r1d02_i0_tap0_ph0_gdc780_gimp1000_esd_a4000_t5em05_off10d0_reduced
,,6.125772974832082e-11,air8k,4.044000241473067e-08,e6_b0231b3154218a358001,278.9999912821411,r1a,am8000_chaingdtmov_g1_kprotection_i0_mreduced_qe6_r4d802_x0_s5em05_tau1em09_t25_ron60_u872_t2_vo_v_rel0_rs2700_rx100_none_none_p1_b0_r0d98_i0_tap0_ph0_gdc420_gimp1000_esd_am8000_t5em05_off10d0_reduced
,,6.125772974832084e-11,air8k,4.044000241473067e-08,e6_b0231b3154218a358001,278.9999912821411,r1b,am8000_chaingdtmov_g1_kprotection_i0_mreduced_qe6_r4d802_x0_s5em05_tau1em09_t25_ron60_u872_t2_vo_v_rel0_rs2700_rx100_none_none_p1_b0_r0d98_i0_tap0_ph0_gdc420_gimp1000_esd_am8000_t5em05_off10d0_reduced
,,6.125772974832055e-11,air8k,4.0440002414730754e-08,e6_b0231b3154218a358001,278.9999912821461,r2a,am8000_chaingdtmov_g1_kprotection_i0_mreduced_qe6_r4d802_x0_s5em05_tau1em09_t25_ron60_u872_t2_vo_v_rel0_rs2700_rx100_none_none_p1_b0_r0d98_i0_tap0_ph0_gdc420_gimp1000_esd_am8000_t5em05_off10d0_reduced
,,6.125772974832053e-11,air8k,4.0440002414730754e-08,e6_b0231b3154218a358001,278.9999912821461,r2b,am8000_chaingdtmov_g1_kprotection_i0_mreduced_qe6_r4d802_x0_s5em05_tau1em09_t25_ron60_u872_t2_vo_v_rel0_rs2700_rx100_none_none_p1_b0_r0d98_i0_tap0_ph0_gdc420_gimp1000_esd_am8000_t5em05_off10d0_reduced
,,6.125772974832037e-11,air8k,4.0440002414730814e-08,e6_b0231b3154218a358001,278.99999128214847,r3a,am8000_chaingdtmov_g1_kprotection_i0_mreduced_qe6_r4d802_x0_s5em05_tau1em09_t25_ron60_u872_t2_vo_v_rel0_rs2700_rx100_none_none_p1_b0_r0d98_i0_tap0_ph0_gdc420_gimp1000_esd_am8000_t5em05_off10d0_reduced
,,6.125772974832037e-11,air8k,4.0440002414730814e-08,e6_b0231b3154218a358001,278.9999912821485,r3b,am8000_chaingdtmov_g1_kprotection_i0_mreduced_qe6_r4d802_x0_s5em05_tau1em09_t25_ron60_u872_t2_vo_v_rel0_rs2700_rx100_none_none_p1_b0_r0d98_i0_tap0_ph0_gdc420_gimp1000_esd_am8000_t5em05_off10d0_reduced
,,0.0,air8k,2.3861593704564717e-08,e6_b0231b3154218a358001,47.175319614550645,r910k,am8000_chaingdtmov_g1_kprotection_i0_mreduced_qe6_r4d802_x0_s5em05_tau1em09_t25_ron60_u872_t2_vo_v_rel0_rs2700_rx100_none_none_p1_b0_r0d98_i0_tap0_ph0_gdc420_gimp1000_esd_am8000_t5em05_off10d0_reduced
,,0.0,air8k,2.6188466501226383e-09,e6_b0231b3154218a358001,5.180658791792388,r100k,am8000_chaingdtmov_g1_kprotection_i0_mreduced_qe6_r4d802_x0_s5em05_tau1em09_t25_ron60_u872_t2_vo_v_rel0_rs2700_rx100_none_none_p1_b0_r0d98_i0_tap0_ph0_gdc420_gimp1000_esd_am8000_t5em05_off10d0_reduced
0.0,6.121638697172557e-11,,air8k,2.014225008329031e-06,e6_b0231b3154218a358001,557.8835309437443,rc1,am8000_chaingdtmov_g1_kprotection_i0_mreduced_qe6_r4d802_x0_s5em05_tau1em09_t25_ron60_u872_t2_vo_v_rel0_rs2700_rx100_none_none_p1_b0_r0d98_i0_tap0_ph0_gdc420_gimp1000_esd_am8000_t5em05_off10d0_reduced
0.0,6.121638697172527e-11,,air8k,2.014225008329031e-06,e6_b0231b3154218a358001,557.8835309437542,rc2,am8000_chaingdtmov_g1_kprotection_i0_mreduced_qe6_r4d802_x0_s5em05_tau1em09_t25_ron60_u872_t2_vo_v_rel0_rs2700_rx100_none_none_p1_b0_r0d98_i0_tap0_ph0_gdc420_gimp1000_esd_am8000_t5em05_off10d0_reduced
0.0,6.121638697172509e-11,,air8k,2.014225008329031e-06,e6_b0231b3154218a358001,557.8835309437591,rc3,am8000_chaingdtmov_g1_kprotection_i0_mreduced_qe6_r4d802_x0_s5em05_tau1em09_t25_ron60_u872_t2_vo_v_rel0_rs2700_rx100_none_none_p1_b0_r0d98_i0_tap0_ph0_gdc420_gimp1000_esd_am8000_t5em05_off10d0_reduced
,,2.090475649701447e-09,air8k,3.775418019968606e-08,e6_f5598c0355d59273d46d,553.0705504246184,r1a,am8000_chaingdtmov_g1_kprotection_i0_mreduced_qe6_r4d802_x0_s5em05_tau1em07_t25_ron60_u872_t2_vo_v_rel0_rs2700_rx100_none_none_p1_b0_r0d98_i0_tap0_ph0_gdc420_gimp1000_esd_am8000_t5em05_off10d0_reduced
,,2.090475649701449e-09,air8k,3.775418019968605e-08,e6_f5598c0355d59273d46d,553.070550424618,r1b,am8000_chaingdtmov_g1_kprotection_i0_mreduced_qe6_r4d802_x0_s5em05_tau1em07_t25_ron60_u872_t2_vo_v_rel0_rs2700_rx100_none_none_p1_b0_r0d98_i0_tap0_ph0_gdc420_gimp1000_esd_am8000_t5em05_off10d0_reduced
,,2.090475649701447e-09,air8k,3.775418019968614e-08,e6_f5598c0355d59273d46d,553.0705504246187,r2a,am8000_chaingdtmov_g1_kprotection_i0_mreduced_qe6_r4d802_x0_s5em05_tau1em07_t25_ron60_u872_t2_vo_v_rel0_rs2700_rx100_none_none_p1_b0_r0d98_i0_tap0_ph0_gdc420_gimp1000_esd_am8000_t5em05_off10d0_reduced
,,2.0904756497014485e-09,air8k,3.775418019968614e-08,e6_f5598c0355d59273d46d,553.0705504246187,r2b,am8000_chaingdtmov_g1_kprotection_i0_mreduced_qe6_r4d802_x0_s5em05_tau1em07_t25_ron60_u872_t2_vo_v_rel0_rs2700_rx100_none_none_p1_b0_r0d98_i0_tap0_ph0_gdc420_gimp1000_esd_am8000_t5em05_off10d0_reduced
,,2.0904756497014476e-09,air8k,3.7754180199686184e-08,e6_f5598c0355d59273d46d,553.0705504246185,r3a,am8000_chaingdtmov_g1_kprotection_i0_mreduced_qe6_r4d802_x0_s5em05_tau1em07_t25_ron60_u872_t2_vo_v_rel0_rs2700_rx100_none_none_p1_b0_r0d98_i0_tap0_ph0_gdc420_gimp1000_esd_am8000_t5em05_off10d0_reduced
,,2.090475649701448e-09,air8k,3.7754180199686184e-08,e6_f5598c0355d59273d46d,553.0705504246185,r3b,am8000_chaingdtmov_g1_kprotection_i0_mreduced_qe6_r4d802_x0_s5em05_tau1em07_t25_ron60_u872_t2_vo_v_rel0_rs2700_rx100_none_none_p1_b0_r0d98_i0_tap0_ph0_gdc420_gimp1000_esd_am8000_t5em05_off10d0_reduced
,,0.0,air8k,2.2134521390074394e-08,e6_f5598c0355d59273d46d,47.32837711408135,r910k,am8000_chaingdtmov_g1_kprotection_i0_mreduced_qe6_r4d802_x0_s5em05_tau1em07_t25_ron60_u872_t2_vo_v_rel0_rs2700_rx100_none_none_p1_b0_r0d98_i0_tap0_ph0_gdc420_gimp1000_esd_am8000_t5em05_off10d0_reduced
,,0.0,air8k,2.429297159328355e-09,e6_f5598c0355d59273d46d,5.197467057798741,r100k,am8000_chaingdtmov_g1_kprotection_i0_mreduced_qe6_r4d802_x0_s5em05_tau1em07_t25_ron60_u872_t2_vo_v_rel0_rs2700_rx100_none_none_p1_b0_r0d98_i0_tap0_ph0_gdc420_gimp1000_esd_am8000_t5em05_off10d0_reduced
2.5394488563361187e-10,2.044611572275164e-09,,air8k,2.307025383199903e-06,e6_f5598c0355d59273d46d,1105.5533155442276,rc1,am8000_chaingdtmov_g1_kprotection_i0_mreduced_qe6_r4d802_x0_s5em05_tau1em07_t25_ron60_u872_t2_vo_v_rel0_rs2700_rx100_none_none_p1_b0_r0d98_i0_tap0_ph0_gdc420_gimp1000_esd_am8000_t5em05_off10d0_reduced
2.5394488563361146e-10,2.0446115722751646e-09,,air8k,2.307025383199903e-06,e6_f5598c0355d59273d46d,1105.553315544228,rc2,am8000_chaingdtmov_g1_kprotection_i0_mreduced_qe6_r4d802_x0_s5em05_tau1em07_t25_ron60_u872_t2_vo_v_rel0_rs2700_rx100_none_none_p1_b0_r0d98_i0_tap0_ph0_gdc420_gimp1000_esd_am8000_t5em05_off10d0_reduced
2.5394488563361135e-10,2.044611572275164e-09,,air8k,2.307025383199903e-06,e6_f5598c0355d59273d46d,1105.553315544228,rc3,am8000_chaingdtmov_g1_kprotection_i0_mreduced_qe6_r4d802_x0_s5em05_tau1em07_t25_ron60_u872_t2_vo_v_rel0_rs2700_rx100_none_none_p1_b0_r0d98_i0_tap0_ph0_gdc420_gimp1000_esd_am8000_t5em05_off10d0_reduced
,,6.125772967905728e-11,air8k,4.044000232842173e-08,e6_bf27c869768e3f761644,278.99999127990077,r1a,am8000_chaingdtmov_g1_kprotection_i0_mreduced_qe6_r4d802_x0_s5em05_tau1em09_t25_ron60_u873_t2_vo_v_rel0_rs2700_rx100_none_none_p1_b0_r0d98_i0_tap0_ph0_gdc780_gimp1000_esd_am8000_t5em05_off10d0_reduced
,,6.125772967905722e-11,air8k,4.044000232842173e-08,e6_bf27c869768e3f761644,278.99999127990054,r1b,am8000_chaingdtmov_g1_kprotection_i0_mreduced_qe6_r4d802_x0_s5em05_tau1em09_t25_ron60_u873_t2_vo_v_rel0_rs2700_rx100_none_none_p1_b0_r0d98_i0_tap0_ph0_gdc780_gimp1000_esd_am8000_t5em05_off10d0_reduced
,,6.125772967905692e-11,air8k,4.04400023284218e-08,e6_bf27c869768e3f761644,278.99999127990213,r2a,am8000_chaingdtmov_g1_kprotection_i0_mreduced_qe6_r4d802_x0_s5em05_tau1em09_t25_ron60_u873_t2_vo_v_rel0_rs2700_rx100_none_none_p1_b0_r0d98_i0_tap0_ph0_gdc780_gimp1000_esd_am8000_t5em05_off10d0_reduced
,,6.125772967905689e-11,air8k,4.04400023284218e-08,e6_bf27c869768e3f761644,278.99999127990213,r2b,am8000_chaingdtmov_g1_kprotection_i0_mreduced_qe6_r4d802_x0_s5em05_tau1em09_t25_ron60_u873_t2_vo_v_rel0_rs2700_rx100_none_none_p1_b0_r0d98_i0_tap0_ph0_gdc780_gimp1000_esd_am8000_t5em05_off10d0_reduced
,,6.125772967905674e-11,air8k,4.0440002328421856e-08,e6_bf27c869768e3f761644,278.9999912799028,r3a,am8000_chaingdtmov_g1_kprotection_i0_mreduced_qe6_r4d802_x0_s5em05_tau1em09_t25_ron60_u873_t2_vo_v_rel0_rs2700_rx100_none_none_p1_b0_r0d98_i0_tap0_ph0_gdc780_gimp1000_esd_am8000_t5em05_off10d0_reduced
,,6.125772967905673e-11,air8k,4.0440002328421856e-08,e6_bf27c869768e3f761644,278.9999912799028,r3b,am8000_chaingdtmov_g1_kprotection_i0_mreduced_qe6_r4d802_x0_s5em05_tau1em09_t25_ron60_u873_t2_vo_v_rel0_rs2700_rx100_none_none_p1_b0_r0d98_i0_tap0_ph0_gdc780_gimp1000_esd_am8000_t5em05_off10d0_reduced
,,0.0,air8k,2.386159365214903e-08,e6_bf27c869768e3f761644,47.1753196146464,r910k,am8000_chaingdtmov_g1_kprotection_i0_mreduced_qe6_r4d802_x0_s5em05_tau1em09_t25_ron60_u873_t2_vo_v_rel0_rs2700_rx100_none_none_p1_b0_r0d98_i0_tap0_ph0_gdc780_gimp1000_esd_am8000_t5em05_off10d0_reduced
,,0.0,air8k,2.6188466443699268e-09,e6_bf27c869768e3f761644,5.180658791802902,r100k,am8000_chaingdtmov_g1_kprotection_i0_mreduced_qe6_r4d802_x0_s5em05_tau1em09_t25_ron60_u873_t2_vo_v_rel0_rs2700_rx100_none_none_p1_b0_r0d98_i0_tap0_ph0_gdc780_gimp1000_esd_am8000_t5em05_off10d0_reduced
0.0,6.12163869025015e-11,,air8k,2.0142250083696556e-06,e6_bf27c869768e3f761644,557.8835309392925,rc1,am8000_chaingdtmov_g1_kprotection_i0_mreduced_qe6_r4d802_x0_s5em05_tau1em09_t25_ron60_u873_t2_vo_v_rel0_rs2700_rx100_none_none_p1_b0_r0d98_i0_tap0_ph0_gdc780_gimp1000_esd_am8000_t5em05_off10d0_reduced
0.0,6.121638690250114e-11,,air8k,2.014225008369656e-06,e6_bf27c869768e3f761644,557.8835309392953,rc2,am8000_chaingdtmov_g1_kprotection_i0_mreduced_qe6_r4d802_x0_s5em05_tau1em09_t25_ron60_u873_t2_vo_v_rel0_rs2700_rx100_none_none_p1_b0_r0d98_i0_tap0_ph0_gdc780_gimp1000_esd_am8000_t5em05_off10d0_reduced
0.0,6.121638690250096e-11,,air8k,2.014225008369656e-06,e6_bf27c869768e3f761644,557.8835309392967,rc3,am8000_chaingdtmov_g1_kprotection_i0_mreduced_qe6_r4d802_x0_s5em05_tau1em09_t25_ron60_u873_t2_vo_v_rel0_rs2700_rx100_none_none_p1_b0_r0d98_i0_tap0_ph0_gdc780_gimp1000_esd_am8000_t5em05_off10d0_reduced
,,2.0904756497014526e-09,air8k,3.7754180107096556e-08,e6_ecb25bb36d7c73a6a38c,553.0705504246225,r1a,am8000_chaingdtmov_g1_kprotection_i0_mreduced_qe6_r4d802_x0_s5em05_tau1em07_t25_ron60_u873_t2_vo_v_rel0_rs2700_rx100_none_none_p1_b0_r0d98_i0_tap0_ph0_gdc780_gimp1000_esd_am8000_t5em05_off10d0_reduced
,,2.0904756497014526e-09,air8k,3.7754180107096556e-08,e6_ecb25bb36d7c73a6a38c,553.0705504246225,r1b,am8000_chaingdtmov_g1_kprotection_i0_mreduced_qe6_r4d802_x0_s5em05_tau1em07_t25_ron60_u873_t2_vo_v_rel0_rs2700_rx100_none_none_p1_b0_r0d98_i0_tap0_ph0_gdc780_gimp1000_esd_am8000_t5em05_off10d0_reduced
,,2.0904756497014526e-09,air8k,3.7754180107096635e-08,e6_ecb25bb36d7c73a6a38c,553.0705504246218,r2a,am8000_chaingdtmov_g1_kprotection_i0_mreduced_qe6_r4d802_x0_s5em05_tau1em07_t25_ron60_u873_t2_vo_v_rel0_rs2700_rx100_none_none_p1_b0_r0d98_i0_tap0_ph0_gdc780_gimp1000_esd_am8000_t5em05_off10d0_reduced
,,2.0904756497014534e-09,air8k,3.7754180107096635e-08,e6_ecb25bb36d7c73a6a38c,553.0705504246218,r2b,am8000_chaingdtmov_g1_kprotection_i0_mreduced_qe6_r4d802_x0_s5em05_tau1em07_t25_ron60_u873_t2_vo_v_rel0_rs2700_rx100_none_none_p1_b0_r0d98_i0_tap0_ph0_gdc780_gimp1000_esd_am8000_t5em05_off10d0_reduced
,,2.090475649701452e-09,air8k,3.775418010709668e-08,e6_ecb25bb36d7c73a6a38c,553.0705504246215,r3a,am8000_chaingdtmov_g1_kprotection_i0_mreduced_qe6_r4d802_x0_s5em05_tau1em07_t25_ron60_u873_t2_vo_v_rel0_rs2700_rx100_none_none_p1_b0_r0d98_i0_tap0_ph0_gdc780_gimp1000_esd_am8000_t5em05_off10d0_reduced
,,2.0904756497014518e-09,air8k,3.775418010709668e-08,e6_ecb25bb36d7c73a6a38c,553.0705504246215,r3b,am8000_chaingdtmov_g1_kprotection_i0_mreduced_qe6_r4d802_x0_s5em05_tau1em07_t25_ron60_u873_t2_vo_v_rel0_rs2700_rx100_none_none_p1_b0_r0d98_i0_tap0_ph0_gdc780_gimp1000_esd_am8000_t5em05_off10d0_reduced
,,0.0,air8k,2.213452133386062e-08,e6_ecb25bb36d7c73a6a38c,47.32837711322374,r910k,am8000_chaingdtmov_g1_kprotection_i0_mreduced_qe6_r4d802_x0_s5em05_tau1em07_t25_ron60_u873_t2_vo_v_rel0_rs2700_rx100_none_none_p1_b0_r0d98_i0_tap0_ph0_gdc780_gimp1000_esd_am8000_t5em05_off10d0_reduced
,,0.0,air8k,2.429297153158793e-09,e6_ecb25bb36d7c73a6a38c,5.197467057704561,r100k,am8000_chaingdtmov_g1_kprotection_i0_mreduced_qe6_r4d802_x0_s5em05_tau1em07_t25_ron60_u873_t2_vo_v_rel0_rs2700_rx100_none_none_p1_b0_r0d98_i0_tap0_ph0_gdc780_gimp1000_esd_am8000_t5em05_off10d0_reduced
2.539448856336097e-10,2.044611572275167e-09,,air8k,2.307025383327178e-06,e6_ecb25bb36d7c73a6a38c,1105.5533155442358,rc1,am8000_chaingdtmov_g1_kprotection_i0_mreduced_qe6_r4d802_x0_s5em05_tau1em07_t25_ron60_u873_t2_vo_v_rel0_rs2700_rx100_none_none_p1_b0_r0d98_i0_tap0_ph0_gdc780_gimp1000_esd_am8000_t5em05_off10d0_reduced
2.539448856336095e-10,2.0446115722751675e-09,,air8k,2.307025383327178e-06,e6_ecb25bb36d7c73a6a38c,1105.5533155442345,rc2,am8000_chaingdtmov_g1_kprotection_i0_mreduced_qe6_r4d802_x0_s5em05_tau1em07_t25_ron60_u873_t2_vo_v_rel0_rs2700_rx100_none_none_p1_b0_r0d98_i0_tap0_ph0_gdc780_gimp1000_esd_am8000_t5em05_off10d0_reduced
2.5394488563360934e-10,2.0446115722751667e-09,,air8k,2.307025383327178e-06,e6_ecb25bb36d7c73a6a38c,1105.5533155442338,rc3,am8000_chaingdtmov_g1_kprotection_i0_mreduced_qe6_r4d802_x0_s5em05_tau1em07_t25_ron60_u873_t2_vo_v_rel0_rs2700_rx100_none_none_p1_b0_r0d98_i0_tap0_ph0_gdc780_gimp1000_esd_am8000_t5em05_off10d0_reduced
,,6.52914053910305e-11,air8k,4.07707621043492e-08,e6_24d2a9cf63ddee7a0548,287.61403924233673,r1a,am8000_chaingdtmov_g1_kprotection_i0_mreduced_qe6_r4d802_x0_s5em05_tau1em09_t25_ron60_u874_t2_vo_v_rel0_rs2700_rx100_none_none_p0_b0_r0d98_i0_tap0_ph0_gdc420_gimp1000_esd_am8000_t5em05_off10d0_reduced
,,6.529140539103045e-11,air8k,4.07707621043492e-08,e6_24d2a9cf63ddee7a0548,287.61403924233673,r1b,am8000_chaingdtmov_g1_kprotection_i0_mreduced_qe6_r4d802_x0_s5em05_tau1em09_t25_ron60_u874_t2_vo_v_rel0_rs2700_rx100_none_none_p0_b0_r0d98_i0_tap0_ph0_gdc420_gimp1000_esd_am8000_t5em05_off10d0_reduced
,,6.529140539103063e-11,air8k,4.0770762104349124e-08,e6_24d2a9cf63ddee7a0548,287.61403924234503,r2a,am8000_chaingdtmov_g1_kprotection_i0_mreduced_qe6_r4d802_x0_s5em05_tau1em09_t25_ron60_u874_t2_vo_v_rel0_rs2700_rx100_none_none_p0_b0_r0d98_i0_tap0_ph0_gdc420_gimp1000_esd_am8000_t5em05_off10d0_reduced
,,6.529140539103067e-11,air8k,4.0770762104349124e-08,e6_24d2a9cf63ddee7a0548,287.61403924234503,r2b,am8000_chaingdtmov_g1_kprotection_i0_mreduced_qe6_r4d802_x0_s5em05_tau1em09_t25_ron60_u874_t2_vo_v_rel0_rs2700_rx100_none_none_p0_b0_r0d98_i0_tap0_ph0_gdc420_gimp1000_esd_am8000_t5em05_off10d0_reduced
,,6.529140539103076e-11,air8k,4.0770762104349184e-08,e6_24d2a9cf63ddee7a0548,287.61403924235003,r3a,am8000_chaingdtmov_g1_kprotection_i0_mreduced_qe6_r4d802_x0_s5em05_tau1em09_t25_ron60_u874_t2_vo_v_rel0_rs2700_rx100_none_none_p0_b0_r0d98_i0_tap0_ph0_gdc420_gimp1000_esd_am8000_t5em05_off10d0_reduced
,,6.529140539103074e-11,air8k,4.0770762104349184e-08,e6_24d2a9cf63ddee7a0548,287.61403924235003,r3b,am8000_chaingdtmov_g1_kprotection_i0_mreduced_qe6_r4d802_x0_s5em05_tau1em09_t25_ron60_u874_t2_vo_v_rel0_rs2700_rx100_none_none_p0_b0_r0d98_i0_tap0_ph0_gdc420_gimp1000_esd_am8000_t5em05_off10d0_reduced
,,0.0,air8k,2.4058202387951795e-08,e6_24d2a9cf63ddee7a0548,47.52788477066224,r910k,am8000_chaingdtmov_g1_kprotection_i0_mreduced_qe6_r4d802_x0_s5em05_tau1em09_t25_ron60_u874_t2_vo_v_rel0_rs2700_rx100_none_none_p0_b0_r0d98_i0_tap0_ph0_gdc420_gimp1000_esd_am8000_t5em05_off10d0_reduced
,,0.0,air8k,1.2123423505802305e-10,e6_24d2a9cf63ddee7a0548,0.5625058062081754,r100k,am8000_chaingdtmov_g1_kprotection_i0_mreduced_qe6_r4d802_x0_s5em05_tau1em09_t25_ron60_u874_t2_vo_v_rel0_rs2700_rx100_none_none_p0_b0_r0d98_i0_tap0_ph0_gdc420_gimp1000_esd_am8000_t5em05_off10d0_reduced
0.0,6.525367598097081e-11,,air8k,2.0287197895989906e-06,e6_24d2a9cf63ddee7a0548,575.1102603077072,rc1,am8000_chaingdtmov_g1_kprotection_i0_mreduced_qe6_r4d802_x0_s5em05_tau1em09_t25_ron60_u874_t2_vo_v_rel0_rs2700_rx100_none_none_p0_b0_r0d98_i0_tap0_ph0_gdc420_gimp1000_esd_am8000_t5em05_off10d0_reduced
0.0,6.525367598097099e-11,,air8k,2.02871978959899e-06,e6_24d2a9cf63ddee7a0548,575.1102603077238,rc2,am8000_chaingdtmov_g1_kprotection_i0_mreduced_qe6_r4d802_x0_s5em05_tau1em09_t25_ron60_u874_t2_vo_v_rel0_rs2700_rx100_none_none_p0_b0_r0d98_i0_tap0_ph0_gdc420_gimp1000_esd_am8000_t5em05_off10d0_reduced
0.0,6.52536759809711e-11,,air8k,2.02871978959899e-06,e6_24d2a9cf63ddee7a0548,575.1102603077338,rc3,am8000_chaingdtmov_g1_kprotection_i0_mreduced_qe6_r4d802_x0_s5em05_tau1em09_t25_ron60_u874_t2_vo_v_rel0_rs2700_rx100_none_none_p0_b0_r0d98_i0_tap0_ph0_gdc420_gimp1000_esd_am8000_t5em05_off10d0_reduced
,,2.0870073306737044e-09,air8k,3.806029238147181e-08,e6_84c6ee9b6a3bc7c4f6f3,555.0019173235123,r1a,am8000_chaingdtmov_g1_kprotection_i0_mreduced_qe6_r4d802_x0_s5em05_tau1em07_t25_ron60_u874_t2_vo_v_rel0_rs2700_rx100_none_none_p0_b0_r0d98_i0_tap0_ph0_gdc420_gimp1000_esd_am8000_t5em05_off10d0_reduced
,,2.087007330673699e-09,air8k,3.806029238147181e-08,e6_84c6ee9b6a3bc7c4f6f3,555.0019173235123,r1b,am8000_chaingdtmov_g1_kprotection_i0_mreduced_qe6_r4d802_x0_s5em05_tau1em07_t25_ron60_u874_t2_vo_v_rel0_rs2700_rx100_none_none_p0_b0_r0d98_i0_tap0_ph0_gdc420_gimp1000_esd_am8000_t5em05_off10d0_reduced
,,2.0870073306737027e-09,air8k,3.806029238147175e-08,e6_84c6ee9b6a3bc7c4f6f3,555.0019173235112,r2a,am8000_chaingdtmov_g1_kprotection_i0_mreduced_qe6_r4d802_x0_s5em05_tau1em07_t25_ron60_u874_t2_vo_v_rel0_rs2700_rx100_none_none_p0_b0_r0d98_i0_tap0_ph0_gdc420_gimp1000_esd_am8000_t5em05_off10d0_reduced
,,2.0870073306737007e-09,air8k,3.806029238147175e-08,e6_84c6ee9b6a3bc7c4f6f3,555.0019173235112,r2b,am8000_chaingdtmov_g1_kprotection_i0_mreduced_qe6_r4d802_x0_s5em05_tau1em07_t25_ron60_u874_t2_vo_v_rel0_rs2700_rx100_none_none_p0_b0_r0d98_i0_tap0_ph0_gdc420_gimp1000_esd_am8000_t5em05_off10d0_reduced
,,2.087007330673703e-09,air8k,3.80602923814718e-08,e6_84c6ee9b6a3bc7c4f6f3,555.0019173235108,r3a,am8000_chaingdtmov_g1_kprotection_i0_mreduced_qe6_r4d802_x0_s5em05_tau1em07_t25_ron60_u874_t2_vo_v_rel0_rs2700_rx100_none_none_p0_b0_r0d98_i0_tap0_ph0_gdc420_gimp1000_esd_am8000_t5em05_off10d0_reduced
,,2.0870073306737027e-09,air8k,3.80602923814718e-08,e6_84c6ee9b6a3bc7c4f6f3,555.0019173235106,r3b,am8000_chaingdtmov_g1_kprotection_i0_mreduced_qe6_r4d802_x0_s5em05_tau1em07_t25_ron60_u874_t2_vo_v_rel0_rs2700_rx100_none_none_p0_b0_r0d98_i0_tap0_ph0_gdc420_gimp1000_esd_am8000_t5em05_off10d0_reduced
,,0.0,air8k,2.2316308979531878e-08,e6_84c6ee9b6a3bc7c4f6f3,47.68100566561952,r910k,am8000_chaingdtmov_g1_kprotection_i0_mreduced_qe6_r4d802_x0_s5em05_tau1em07_t25_ron60_u874_t2_vo_v_rel0_rs2700_rx100_none_none_p0_b0_r0d98_i0_tap0_ph0_gdc420_gimp1000_esd_am8000_t5em05_off10d0_reduced
,,0.0,air8k,1.2285115504399797e-10,e6_84c6ee9b6a3bc7c4f6f3,0.5656787728440473,r100k,am8000_chaingdtmov_g1_kprotection_i0_mreduced_qe6_r4d802_x0_s5em05_tau1em07_t25_ron60_u874_t2_vo_v_rel0_rs2700_rx100_none_none_p0_b0_r0d98_i0_tap0_ph0_gdc420_gimp1000_esd_am8000_t5em05_off10d0_reduced
2.5204193510189343e-10,2.032764346241444e-09,,air8k,2.321026136886837e-06,e6_84c6ee9b6a3bc7c4f6f3,1109.209872485521,rc1,am8000_chaingdtmov_g1_kprotection_i0_mreduced_qe6_r4d802_x0_s5em05_tau1em07_t25_ron60_u874_t2_vo_v_rel0_rs2700_rx100_none_none_p0_b0_r0d98_i0_tap0_ph0_gdc420_gimp1000_esd_am8000_t5em05_off10d0_reduced
2.5204193510189327e-10,2.0327643462414436e-09,,air8k,2.3210261368868374e-06,e6_84c6ee9b6a3bc7c4f6f3,1109.2098724855184,rc2,am8000_chaingdtmov_g1_kprotection_i0_mreduced_qe6_r4d802_x0_s5em05_tau1em07_t25_ron60_u874_t2_vo_v_rel0_rs2700_rx100_none_none_p0_b0_r0d98_i0_tap0_ph0_gdc420_gimp1000_esd_am8000_t5em05_off10d0_reduced
2.520419351018935e-10,2.032764346241445e-09,,air8k,2.321026136886837e-06,e6_84c6ee9b6a3bc7c4f6f3,1109.2098724855175,rc3,am8000_chaingdtmov_g1_kprotection_i0_mreduced_qe6_r4d802_x0_s5em05_tau1em07_t25_ron60_u874_t2_vo_v_rel0_rs2700_rx100_none_none_p0_b0_r0d98_i0_tap0_ph0_gdc420_gimp1000_esd_am8000_t5em05_off10d0_reduced
,,6.529140534913137e-11,air8k,4.077076210434249e-08,e6_3b007c3a137112ef008d,287.6140392518664,r1a,am8000_chaingdtmov_g1_kprotection_i0_mreduced_qe6_r4d802_x0_s5em05_tau1em09_t25_ron60_u875_t2_vo_v_rel0_rs2700_rx100_none_none_p0_b0_r0d98_i0_tap0_ph0_gdc780_gimp1000_esd_am8000_t5em05_off10d0_reduced
,,6.52914053491314e-11,air8k,4.077076210434249e-08,e6_3b007c3a137112ef008d,287.61403925186664,r1b,am8000_chaingdtmov_g1_kprotection_i0_mreduced_qe6_r4d802_x0_s5em05_tau1em09_t25_ron60_u875_t2_vo_v_rel0_rs2700_rx100_none_none_p0_b0_r0d98_i0_tap0_ph0_gdc780_gimp1000_esd_am8000_t5em05_off10d0_reduced
,,6.529140534913156e-11,air8k,4.077076210434243e-08,e6_3b007c3a137112ef008d,287.6140392518689,r2a,am8000_chaingdtmov_g1_kprotection_i0_mreduced_qe6_r4d802_x0_s5em05_tau1em09_t25_ron60_u875_t2_vo_v_rel0_rs2700_rx100_none_none_p0_b0_r0d98_i0_tap0_ph0_gdc780_gimp1000_esd_am8000_t5em05_off10d0_reduced
,,6.529140534913156e-11,air8k,4.077076210434243e-08,e6_3b007c3a137112ef008d,287.61403925186903,r2b,am8000_chaingdtmov_g1_kprotection_i0_mreduced_qe6_r4d802_x0_s5em05_tau1em09_t25_ron60_u875_t2_vo_v_rel0_rs2700_rx100_none_none_p0_b0_r0d98_i0_tap0_ph0_gdc780_gimp1000_esd_am8000_t5em05_off10d0_reduced
,,6.529140534913167e-11,air8k,4.0770762104342487e-08,e6_3b007c3a137112ef008d,287.61403925187034,r3a,am8000_chaingdtmov_g1_kprotection_i0_mreduced_qe6_r4d802_x0_s5em05_tau1em09_t25_ron60_u875_t2_vo_v_rel0_rs2700_rx100_none_none_p0_b0_r0d98_i0_tap0_ph0_gdc780_gimp1000_esd_am8000_t5em05_off10d0_reduced
,,6.529140534913168e-11,air8k,4.0770762104342487e-08,e6_3b007c3a137112ef008d,287.6140392518704,r3b,am8000_chaingdtmov_g1_kprotection_i0_mreduced_qe6_r4d802_x0_s5em05_tau1em09_t25_ron60_u875_t2_vo_v_rel0_rs2700_rx100_none_none_p0_b0_r0d98_i0_tap0_ph0_gdc780_gimp1000_esd_am8000_t5em05_off10d0_reduced
,,0.0,air8k,2.40582023879479e-08,e6_3b007c3a137112ef008d,47.527884770662126,r910k,am8000_chaingdtmov_g1_kprotection_i0_mreduced_qe6_r4d802_x0_s5em05_tau1em09_t25_ron60_u875_t2_vo_v_rel0_rs2700_rx100_none_none_p0_b0_r0d98_i0_tap0_ph0_gdc780_gimp1000_esd_am8000_t5em05_off10d0_reduced
,,0.0,air8k,1.2123423505802326e-10,e6_3b007c3a137112ef008d,0.5625058062081539,r100k,am8000_chaingdtmov_g1_kprotection_i0_mreduced_qe6_r4d802_x0_s5em05_tau1em09_t25_ron60_u875_t2_vo_v_rel0_rs2700_rx100_none_none_p0_b0_r0d98_i0_tap0_ph0_gdc780_gimp1000_esd_am8000_t5em05_off10d0_reduced
0.0,6.525367593900179e-11,,air8k,2.028719789598497e-06,e6_3b007c3a137112ef008d,575.1102603267698,rc1,am8000_chaingdtmov_g1_kprotection_i0_mreduced_qe6_r4d802_x0_s5em05_tau1em09_t25_ron60_u875_t2_vo_v_rel0_rs2700_rx100_none_none_p0_b0_r0d98_i0_tap0_ph0_gdc780_gimp1000_esd_am8000_t5em05_off10d0_reduced
0.0,6.525367593900197e-11,,air8k,2.028719789598497e-06,e6_3b007c3a137112ef008d,575.1102603267747,rc2,am8000_chaingdtmov_g1_kprotection_i0_mreduced_qe6_r4d802_x0_s5em05_tau1em09_t25_ron60_u875_t2_vo_v_rel0_rs2700_rx100_none_none_p0_b0_r0d98_i0_tap0_ph0_gdc780_gimp1000_esd_am8000_t5em05_off10d0_reduced
0.0,6.525367593900208e-11,,air8k,2.028719789598497e-06,e6_3b007c3a137112ef008d,575.1102603267775,rc3,am8000_chaingdtmov_g1_kprotection_i0_mreduced_qe6_r4d802_x0_s5em05_tau1em09_t25_ron60_u875_t2_vo_v_rel0_rs2700_rx100_none_none_p0_b0_r0d98_i0_tap0_ph0_gdc780_gimp1000_esd_am8000_t5em05_off10d0_reduced
,,2.087007330673697e-09,air8k,3.806029238147181e-08,e6_210dc40fbd24d569efd8,555.001917323511,r1a,am8000_chaingdtmov_g1_kprotection_i0_mreduced_qe6_r4d802_x0_s5em05_tau1em07_t25_ron60_u875_t2_vo_v_rel0_rs2700_rx100_none_none_p0_b0_r0d98_i0_tap0_ph0_gdc780_gimp1000_esd_am8000_t5em05_off10d0_reduced
,,2.087007330673699e-09,air8k,3.806029238147181e-08,e6_210dc40fbd24d569efd8,555.0019173235114,r1b,am8000_chaingdtmov_g1_kprotection_i0_mreduced_qe6_r4d802_x0_s5em05_tau1em07_t25_ron60_u875_t2_vo_v_rel0_rs2700_rx100_none_none_p0_b0_r0d98_i0_tap0_ph0_gdc780_gimp1000_esd_am8000_t5em05_off10d0_reduced
,,2.0870073306737007e-09,air8k,3.806029238147175e-08,e6_210dc40fbd24d569efd8,555.001917323511,r2a,am8000_chaingdtmov_g1_kprotection_i0_mreduced_qe6_r4d802_x0_s5em05_tau1em07_t25_ron60_u875_t2_vo_v_rel0_rs2700_rx100_none_none_p0_b0_r0d98_i0_tap0_ph0_gdc780_gimp1000_esd_am8000_t5em05_off10d0_reduced
,,2.087007330673701e-09,air8k,3.806029238147175e-08,e6_210dc40fbd24d569efd8,555.0019173235107,r2b,am8000_chaingdtmov_g1_kprotection_i0_mreduced_qe6_r4d802_x0_s5em05_tau1em07_t25_ron60_u875_t2_vo_v_rel0_rs2700_rx100_none_none_p0_b0_r0d98_i0_tap0_ph0_gdc780_gimp1000_esd_am8000_t5em05_off10d0_reduced
,,2.087007330673703e-09,air8k,3.80602923814718e-08,e6_210dc40fbd24d569efd8,555.0019173235106,r3a,am8000_chaingdtmov_g1_kprotection_i0_mreduced_qe6_r4d802_x0_s5em05_tau1em07_t25_ron60_u875_t2_vo_v_rel0_rs2700_rx100_none_none_p0_b0_r0d98_i0_tap0_ph0_gdc780_gimp1000_esd_am8000_t5em05_off10d0_reduced
,,2.0870073306737027e-09,air8k,3.80602923814718e-08,e6_210dc40fbd24d569efd8,555.0019173235106,r3b,am8000_chaingdtmov_g1_kprotection_i0_mreduced_qe6_r4d802_x0_s5em05_tau1em07_t25_ron60_u875_t2_vo_v_rel0_rs2700_rx100_none_none_p0_b0_r0d98_i0_tap0_ph0_gdc780_gimp1000_esd_am8000_t5em05_off10d0_reduced
,,0.0,air8k,2.2316308979531878e-08,e6_210dc40fbd24d569efd8,47.68100566561952,r910k,am8000_chaingdtmov_g1_kprotection_i0_mreduced_qe6_r4d802_x0_s5em05_tau1em07_t25_ron60_u875_t2_vo_v_rel0_rs2700_rx100_none_none_p0_b0_r0d98_i0_tap0_ph0_gdc780_gimp1000_esd_am8000_t5em05_off10d0_reduced
,,0.0,air8k,1.2285115504399797e-10,e6_210dc40fbd24d569efd8,0.5656787728440473,r100k,am8000_chaingdtmov_g1_kprotection_i0_mreduced_qe6_r4d802_x0_s5em05_tau1em07_t25_ron60_u875_t2_vo_v_rel0_rs2700_rx100_none_none_p0_b0_r0d98_i0_tap0_ph0_gdc780_gimp1000_esd_am8000_t5em05_off10d0_reduced
2.5204193510188133e-10,2.0327643462414386e-09,,air8k,2.3210261368868353e-06,e6_210dc40fbd24d569efd8,1109.2098724855186,rc1,am8000_chaingdtmov_g1_kprotection_i0_mreduced_qe6_r4d802_x0_s5em05_tau1em07_t25_ron60_u875_t2_vo_v_rel0_rs2700_rx100_none_none_p0_b0_r0d98_i0_tap0_ph0_gdc780_gimp1000_esd_am8000_t5em05_off10d0_reduced
2.52041935101882e-10,2.032764346241442e-09,,air8k,2.3210261368868357e-06,e6_210dc40fbd24d569efd8,1109.2098724855177,rc2,am8000_chaingdtmov_g1_kprotection_i0_mreduced_qe6_r4d802_x0_s5em05_tau1em07_t25_ron60_u875_t2_vo_v_rel0_rs2700_rx100_none_none_p0_b0_r0d98_i0_tap0_ph0_gdc780_gimp1000_esd_am8000_t5em05_off10d0_reduced
2.520419351018822e-10,2.0327643462414444e-09,,air8k,2.3210261368868353e-06,e6_210dc40fbd24d569efd8,1109.2098724855173,rc3,am8000_chaingdtmov_g1_kprotection_i0_mreduced_qe6_r4d802_x0_s5em05_tau1em07_t25_ron60_u875_t2_vo_v_rel0_rs2700_rx100_none_none_p0_b0_r0d98_i0_tap0_ph0_gdc780_gimp1000_esd_am8000_t5em05_off10d0_reduced
,,6.529140550338954e-11,air8k,4.077076210814293e-08,e6_733db36e922a503a07d3,287.61403951230045,r1a,am8000_chaingdtmov_g1_kprotection_i0_mreduced_qe6_r4d802_x0_s5em05_tau1em09_t25_ron60_u876_t2_vo_v_rel0_rs2700_rx100_none_none_p0_b1_r0d98_i0_tap0_ph0_gdc420_gimp1000_esd_am8000_t5em05_off10d0_reduced
,,6.52914055033896e-11,air8k,4.077076210814293e-08,e6_733db36e922a503a07d3,287.61403951230045,r1b,am8000_chaingdtmov_g1_kprotection_i0_mreduced_qe6_r4d802_x0_s5em05_tau1em09_t25_ron60_u876_t2_vo_v_rel0_rs2700_rx100_none_none_p0_b1_r0d98_i0_tap0_ph0_gdc420_gimp1000_esd_am8000_t5em05_off10d0_reduced
,,6.529140550338918e-11,air8k,4.077076210814301e-08,e6_733db36e922a503a07d3,287.6140395123001,r2a,am8000_chaingdtmov_g1_kprotection_i0_mreduced_qe6_r4d802_x0_s5em05_tau1em09_t25_ron60_u876_t2_vo_v_rel0_rs2700_rx100_none_none_p0_b1_r0d98_i0_tap0_ph0_gdc420_gimp1000_esd_am8000_t5em05_off10d0_reduced
,,6.529140550338922e-11,air8k,4.077076210814301e-08,e6_733db36e922a503a07d3,287.6140395123002,r2b,am8000_chaingdtmov_g1_kprotection_i0_mreduced_qe6_r4d802_x0_s5em05_tau1em09_t25_ron60_u876_t2_vo_v_rel0_rs2700_rx100_none_none_p0_b1_r0d98_i0_tap0_ph0_gdc420_gimp1000_esd_am8000_t5em05_off10d0_reduced
,,6.529140550338896e-11,air8k,4.0770762108143157e-08,e6_733db36e922a503a07d3,287.6140395123013,r3a,am8000_chaingdtmov_g1_kprotection_i0_mreduced_qe6_r4d802_x0_s5em05_tau1em09_t25_ron60_u876_t2_vo_v_rel0_rs2700_rx100_none_none_p0_b1_r0d98_i0_tap0_ph0_gdc420_gimp1000_esd_am8000_t5em05_off10d0_reduced
,,6.529140550338896e-11,air8k,4.0770762108143157e-08,e6_733db36e922a503a07d3,287.61403951230136,r3b,am8000_chaingdtmov_g1_kprotection_i0_mreduced_qe6_r4d802_x0_s5em05_tau1em09_t25_ron60_u876_t2_vo_v_rel0_rs2700_rx100_none_none_p0_b1_r0d98_i0_tap0_ph0_gdc420_gimp1000_esd_am8000_t5em05_off10d0_reduced
,,0.0,air8k,2.405820239024002e-08,e6_733db36e922a503a07d3,47.527884770625846,r910k,am8000_chaingdtmov_g1_kprotection_i0_mreduced_qe6_r4d802_x0_s5em05_tau1em09_t25_ron60_u876_t2_vo_v_rel0_rs2700_rx100_none_none_p0_b1_r0d98_i0_tap0_ph0_gdc420_gimp1000_esd_am8000_t5em05_off10d0_reduced
,,0.0,air8k,1.2123424407178118e-10,e6_733db36e922a503a07d3,0.5625058063045781,r100k,am8000_chaingdtmov_g1_kprotection_i0_mreduced_qe6_r4d802_x0_s5em05_tau1em09_t25_ron60_u876_t2_vo_v_rel0_rs2700_rx100_none_none_p0_b1_r0d98_i0_tap0_ph0_gdc420_gimp1000_esd_am8000_t5em05_off10d0_reduced
0.0,6.52536760933449e-11,,air8k,2.0287197896043252e-06,e6_733db36e922a503a07d3,575.1102608474728,rc1,am8000_chaingdtmov_g1_kprotection_i0_mreduced_qe6_r4d802_x0_s5em05_tau1em09_t25_ron60_u876_t2_vo_v_rel0_rs2700_rx100_none_none_p0_b1_r0d98_i0_tap0_ph0_gdc420_gimp1000_esd_am8000_t5em05_off10d0_reduced
0.0,6.525367609334452e-11,,air8k,2.0287197896043244e-06,e6_733db36e922a503a07d3,575.1102608474722,rc2,am8000_chaingdtmov_g1_kprotection_i0_mreduced_qe6_r4d802_x0_s5em05_tau1em09_t25_ron60_u876_t2_vo_v_rel0_rs2700_rx100_none_none_p0_b1_r0d98_i0_tap0_ph0_gdc420_gimp1000_esd_am8000_t5em05_off10d0_reduced
0.0,6.525367609334429e-11,,air8k,2.028719789604325e-06,e6_733db36e922a503a07d3,575.1102608474745,rc3,am8000_chaingdtmov_g1_kprotection_i0_mreduced_qe6_r4d802_x0_s5em05_tau1em09_t25_ron60_u876_t2_vo_v_rel0_rs2700_rx100_none_none_p0_b1_r0d98_i0_tap0_ph0_gdc420_gimp1000_esd_am8000_t5em05_off10d0_reduced
,,2.0870073306292513e-09,air8k,3.8060292385137495e-08,e6_fb6c63c8f2ddb56644f8,555.0019172561538,r1a,am8000_chaingdtmov_g1_kprotection_i0_mreduced_qe6_r4d802_x0_s5em05_tau1em07_t25_ron60_u876_t2_vo_v_rel0_rs2700_rx100_none_none_p0_b1_r0d98_i0_tap0_ph0_gdc420_gimp1000_esd_am8000_t5em05_off10d0_reduced
,,2.0870073306292534e-09,air8k,3.8060292385137495e-08,e6_fb6c63c8f2ddb56644f8,555.0019172561538,r1b,am8000_chaingdtmov_g1_kprotection_i0_mreduced_qe6_r4d802_x0_s5em05_tau1em07_t25_ron60_u876_t2_vo_v_rel0_rs2700_rx100_none_none_p0_b1_r0d98_i0_tap0_ph0_gdc420_gimp1000_esd_am8000_t5em05_off10d0_reduced
,,2.0870073306292546e-09,air8k,3.806029238513757e-08,e6_fb6c63c8f2ddb56644f8,555.0019172561535,r2a,am8000_chaingdtmov_g1_kprotection_i0_mreduced_qe6_r4d802_x0_s5em05_tau1em07_t25_ron60_u876_t2_vo_v_rel0_rs2700_rx100_none_none_p0_b1_r0d98_i0_tap0_ph0_gdc420_gimp1000_esd_am8000_t5em05_off10d0_reduced
,,2.0870073306292546e-09,air8k,3.806029238513757e-08,e6_fb6c63c8f2ddb56644f8,555.0019172561533,r2b,am8000_chaingdtmov_g1_kprotection_i0_mreduced_qe6_r4d802_x0_s5em05_tau1em07_t25_ron60_u876_t2_vo_v_rel0_rs2700_rx100_none_none_p0_b1_r0d98_i0_tap0_ph0_gdc420_gimp1000_esd_am8000_t5em05_off10d0_reduced
,,2.0870073306292554e-09,air8k,3.80602923851377e-08,e6_fb6c63c8f2ddb56644f8,555.0019172561537,r3a,am8000_chaingdtmov_g1_kprotection_i0_mreduced_qe6_r4d802_x0_s5em05_tau1em07_t25_ron60_u876_t2_vo_v_rel0_rs2700_rx100_none_none_p0_b1_r0d98_i0_tap0_ph0_gdc420_gimp1000_esd_am8000_t5em05_off10d0_reduced
,,2.0870073306292554e-09,air8k,3.80602923851377e-08,e6_fb6c63c8f2ddb56644f8,555.0019172561537,r3b,am8000_chaingdtmov_g1_kprotection_i0_mreduced_qe6_r4d802_x0_s5em05_tau1em07_t25_ron60_u876_t2_vo_v_rel0_rs2700_rx100_none_none_p0_b1_r0d98_i0_tap0_ph0_gdc420_gimp1000_esd_am8000_t5em05_off10d0_reduced
,,0.0,air8k,2.2316308981727834e-08,e6_fb6c63c8f2ddb56644f8,47.681005665588295,r910k,am8000_chaingdtmov_g1_kprotection_i0_mreduced_qe6_r4d802_x0_s5em05_tau1em07_t25_ron60_u876_t2_vo_v_rel0_rs2700_rx100_none_none_p0_b1_r0d98_i0_tap0_ph0_gdc420_gimp1000_esd_am8000_t5em05_off10d0_reduced
,,0.0,air8k,1.2285116409491238e-10,e6_fb6c63c8f2ddb56644f8,0.5656787729338666,r100k,am8000_chaingdtmov_g1_kprotection_i0_mreduced_qe6_r4d802_x0_s5em05_tau1em07_t25_ron60_u876_t2_vo_v_rel0_rs2700_rx100_none_none_p0_b1_r0d98_i0_tap0_ph0_gdc420_gimp1000_esd_am8000_t5em05_off10d0_reduced
2.520419353529913e-10,2.03276434589325e-09,,air8k,2.321026136937244e-06,e6_fb6c63c8f2ddb56644f8,1109.2098723480153,rc1,am8000_chaingdtmov_g1_kprotection_i0_mreduced_qe6_r4d802_x0_s5em05_tau1em07_t25_ron60_u876_t2_vo_v_rel0_rs2700_rx100_none_none_p0_b1_r0d98_i0_tap0_ph0_gdc420_gimp1000_esd_am8000_t5em05_off10d0_reduced
2.520419353529908e-10,2.0327643458932522e-09,,air8k,2.321026136937244e-06,e6_fb6c63c8f2ddb56644f8,1109.209872348015,rc2,am8000_chaingdtmov_g1_kprotection_i0_mreduced_qe6_r4d802_x0_s5em05_tau1em07_t25_ron60_u876_t2_vo_v_rel0_rs2700_rx100_none_none_p0_b1_r0d98_i0_tap0_ph0_gdc420_gimp1000_esd_am8000_t5em05_off10d0_reduced
2.520419353529906e-10,2.0327643458932535e-09,,air8k,2.3210261369372443e-06,e6_fb6c63c8f2ddb56644f8,1109.2098723480153,rc3,am8000_chaingdtmov_g1_kprotection_i0_mreduced_qe6_r4d802_x0_s5em05_tau1em07_t25_ron60_u876_t2_vo_v_rel0_rs2700_rx100_none_none_p0_b1_r0d98_i0_tap0_ph0_gdc420_gimp1000_esd_am8000_t5em05_off10d0_reduced
,,6.529140546149564e-11,air8k,4.077076210813625e-08,e6_5d5cd6a2c61b5f5ad0f7,287.61403952182013,r1a,am8000_chaingdtmov_g1_kprotection_i0_mreduced_qe6_r4d802_x0_s5em05_tau1em09_t25_ron60_u877_t2_vo_v_rel0_rs2700_rx100_none_none_p0_b1_r0d98_i0_tap0_ph0_gdc780_gimp1000_esd_am8000_t5em05_off10d0_reduced
,,6.529140546149564e-11,air8k,4.077076210813626e-08,e6_5d5cd6a2c61b5f5ad0f7,287.61403952182036,r1b,am8000_chaingdtmov_g1_kprotection_i0_mreduced_qe6_r4d802_x0_s5em05_tau1em09_t25_ron60_u877_t2_vo_v_rel0_rs2700_rx100_none_none_p0_b1_r0d98_i0_tap0_ph0_gdc780_gimp1000_esd_am8000_t5em05_off10d0_reduced
,,6.529140546149517e-11,air8k,4.077076210813634e-08,e6_5d5cd6a2c61b5f5ad0f7,287.61403952182616,r2a,am8000_chaingdtmov_g1_kprotection_i0_mreduced_qe6_r4d802_x0_s5em05_tau1em09_t25_ron60_u877_t2_vo_v_rel0_rs2700_rx100_none_none_p0_b1_r0d98_i0_tap0_ph0_gdc780_gimp1000_esd_am8000_t5em05_off10d0_reduced
,,6.529140546149517e-11,air8k,4.077076210813634e-08,e6_5d5cd6a2c61b5f5ad0f7,287.61403952182593,r2b,am8000_chaingdtmov_g1_kprotection_i0_mreduced_qe6_r4d802_x0_s5em05_tau1em09_t25_ron60_u877_t2_vo_v_rel0_rs2700_rx100_none_none_p0_b1_r0d98_i0_tap0_ph0_gdc780_gimp1000_esd_am8000_t5em05_off10d0_reduced
,,6.52914054614948e-11,air8k,4.0770762108136486e-08,e6_5d5cd6a2c61b5f5ad0f7,287.6140395218298,r3a,am8000_chaingdtmov_g1_kprotection_i0_mreduced_qe6_r4d802_x0_s5em05_tau1em09_t25_ron60_u877_t2_vo_v_rel0_rs2700_rx100_none_none_p0_b1_r0d98_i0_tap0_ph0_gdc780_gimp1000_esd_am8000_t5em05_off10d0_reduced
,,6.52914054614948e-11,air8k,4.0770762108136486e-08,e6_5d5cd6a2c61b5f5ad0f7,287.6140395218297,r3b,am8000_chaingdtmov_g1_kprotection_i0_mreduced_qe6_r4d802_x0_s5em05_tau1em09_t25_ron60_u877_t2_vo_v_rel0_rs2700_rx100_none_none_p0_b1_r0d98_i0_tap0_ph0_gdc780_gimp1000_esd_am8000_t5em05_off10d0_reduced
,,0.0,air8k,2.405820239023614e-08,e6_5d5cd6a2c61b5f5ad0f7,47.52788477062572,r910k,am8000_chaingdtmov_g1_kprotection_i0_mreduced_qe6_r4d802_x0_s5em05_tau1em09_t25_ron60_u877_t2_vo_v_rel0_rs2700_rx100_none_none_p0_b1_r0d98_i0_tap0_ph0_gdc780_gimp1000_esd_am8000_t5em05_off10d0_reduced
,,0.0,air8k,1.2123424407178136e-10,e6_5d5cd6a2c61b5f5ad0f7,0.5625058063045568,r100k,am8000_chaingdtmov_g1_kprotection_i0_mreduced_qe6_r4d802_x0_s5em05_tau1em09_t25_ron60_u877_t2_vo_v_rel0_rs2700_rx100_none_none_p0_b1_r0d98_i0_tap0_ph0_gdc780_gimp1000_esd_am8000_t5em05_off10d0_reduced
0.0,6.525367605138106e-11,,air8k,2.0287197896038306e-06,e6_5d5cd6a2c61b5f5ad0f7,575.1102608665153,rc1,am8000_chaingdtmov_g1_kprotection_i0_mreduced_qe6_r4d802_x0_s5em05_tau1em09_t25_ron60_u877_t2_vo_v_rel0_rs2700_rx100_none_none_p0_b1_r0d98_i0_tap0_ph0_gdc780_gimp1000_esd_am8000_t5em05_off10d0_reduced
0.0,6.52536760513806e-11,,air8k,2.0287197896038306e-06,e6_5d5cd6a2c61b5f5ad0f7,575.110260866527,rc2,am8000_chaingdtmov_g1_kprotection_i0_mreduced_qe6_r4d802_x0_s5em05_tau1em09_t25_ron60_u877_t2_vo_v_rel0_rs2700_rx100_none_none_p0_b1_r0d98_i0_tap0_ph0_gdc780_gimp1000_esd_am8000_t5em05_off10d0_reduced
0.0,6.525367605138022e-11,,air8k,2.028719789603831e-06,e6_5d5cd6a2c61b5f5ad0f7,575.1102608665344,rc3,am8000_chaingdtmov_g1_kprotection_i0_mreduced_qe6_r4d802_x0_s5em05_tau1em09_t25_ron60_u877_t2_vo_v_rel0_rs2700_rx100_none_none_p0_b1_r0d98_i0_tap0_ph0_gdc780_gimp1000_esd_am8000_t5em05_off10d0_reduced
,,2.0870073306292484e-09,air8k,3.8060292385137495e-08,e6_5ad943e52d926e48ddb8,555.0019172561533,r1a,am8000_chaingdtmov_g1_kprotection_i0_mreduced_qe6_r4d802_x0_s5em05_tau1em07_t25_ron60_u877_t2_vo_v_rel0_rs2700_rx100_none_none_p0_b1_r0d98_i0_tap0_ph0_gdc780_gimp1000_esd_am8000_t5em05_off10d0_reduced
,,2.087007330629252e-09,air8k,3.8060292385137495e-08,e6_5ad943e52d926e48ddb8,555.0019172561538,r1b,am8000_chaingdtmov_g1_kprotection_i0_mreduced_qe6_r4d802_x0_s5em05_tau1em07_t25_ron60_u877_t2_vo_v_rel0_rs2700_rx100_none_none_p0_b1_r0d98_i0_tap0_ph0_gdc780_gimp1000_esd_am8000_t5em05_off10d0_reduced
,,2.0870073306292546e-09,air8k,3.806029238513757e-08,e6_5ad943e52d926e48ddb8,555.0019172561529,r2a,am8000_chaingdtmov_g1_kprotection_i0_mreduced_qe6_r4d802_x0_s5em05_tau1em07_t25_ron60_u877_t2_vo_v_rel0_rs2700_rx100_none_none_p0_b1_r0d98_i0_tap0_ph0_gdc780_gimp1000_esd_am8000_t5em05_off10d0_reduced
,,2.0870073306292538e-09,air8k,3.806029238513757e-08,e6_5ad943e52d926e48ddb8,555.0019172561531,r2b,am8000_chaingdtmov_g1_kprotection_i0_mreduced_qe6_r4d802_x0_s5em05_tau1em07_t25_ron60_u877_t2_vo_v_rel0_rs2700_rx100_none_none_p0_b1_r0d98_i0_tap0_ph0_gdc780_gimp1000_esd_am8000_t5em05_off10d0_reduced
,,2.0870073306292546e-09,air8k,3.80602923851377e-08,e6_5ad943e52d926e48ddb8,555.0019172561532,r3a,am8000_chaingdtmov_g1_kprotection_i0_mreduced_qe6_r4d802_x0_s5em05_tau1em07_t25_ron60_u877_t2_vo_v_rel0_rs2700_rx100_none_none_p0_b1_r0d98_i0_tap0_ph0_gdc780_gimp1000_esd_am8000_t5em05_off10d0_reduced
,,2.0870073306292554e-09,air8k,3.80602923851377e-08,e6_5ad943e52d926e48ddb8,555.0019172561532,r3b,am8000_chaingdtmov_g1_kprotection_i0_mreduced_qe6_r4d802_x0_s5em05_tau1em07_t25_ron60_u877_t2_vo_v_rel0_rs2700_rx100_none_none_p0_b1_r0d98_i0_tap0_ph0_gdc780_gimp1000_esd_am8000_t5em05_off10d0_reduced
,,0.0,air8k,2.2316308981727834e-08,e6_5ad943e52d926e48ddb8,47.6810056655883,r910k,am8000_chaingdtmov_g1_kprotection_i0_mreduced_qe6_r4d802_x0_s5em05_tau1em07_t25_ron60_u877_t2_vo_v_rel0_rs2700_rx100_none_none_p0_b1_r0d98_i0_tap0_ph0_gdc780_gimp1000_esd_am8000_t5em05_off10d0_reduced
,,0.0,air8k,1.228511640949124e-10,e6_5ad943e52d926e48ddb8,0.5656787729338666,r100k,am8000_chaingdtmov_g1_kprotection_i0_mreduced_qe6_r4d802_x0_s5em05_tau1em07_t25_ron60_u877_t2_vo_v_rel0_rs2700_rx100_none_none_p0_b1_r0d98_i0_tap0_ph0_gdc780_gimp1000_esd_am8000_t5em05_off10d0_reduced
2.520419353529876e-10,2.0327643458932448e-09,,air8k,2.3210261369372435e-06,e6_5ad943e52d926e48ddb8,1109.2098723480149,rc1,am8000_chaingdtmov_g1_kprotection_i0_mreduced_qe6_r4d802_x0_s5em05_tau1em07_t25_ron60_u877_t2_vo_v_rel0_rs2700_rx100_none_none_p0_b1_r0d98_i0_tap0_ph0_gdc780_gimp1000_esd_am8000_t5em05_off10d0_reduced
2.5204193535298736e-10,2.0327643458932477e-09,,air8k,2.321026136937244e-06,e6_5ad943e52d926e48ddb8,1109.209872348014,rc2,am8000_chaingdtmov_g1_kprotection_i0_mreduced_qe6_r4d802_x0_s5em05_tau1em07_t25_ron60_u877_t2_vo_v_rel0_rs2700_rx100_none_none_p0_b1_r0d98_i0_tap0_ph0_gdc780_gimp1000_esd_am8000_t5em05_off10d0_reduced
2.520419353529875e-10,2.0327643458932493e-09,,air8k,2.321026136937244e-06,e6_5ad943e52d926e48ddb8,1109.2098723480144,rc3,am8000_chaingdtmov_g1_kprotection_i0_mreduced_qe6_r4d802_x0_s5em05_tau1em07_t25_ron60_u877_t2_vo_v_rel0_rs2700_rx100_none_none_p0_b1_r0d98_i0_tap0_ph0_gdc780_gimp1000_esd_am8000_t5em05_off10d0_reduced
,,6.127182228946691e-11,air8k,4.0448944198095254e-08,e6_4429f9b6b7d227de1bc0,279.0249458528035,r1a,am8000_chaingdtmov_g1_kprotection_i0_mreduced_qe6_r4d9_x0_s5em05_tau1em09_t25_ron60_u878_t2_vo_v_rel0_rs2700_rx100_none_none_p1_b0_r1_i0_tap0_ph0_gdc420_gimp1000_esd_am8000_t5em05_off10d0_reduced
,,6.127182228946687e-11,air8k,4.044894419809525e-08,e6_4429f9b6b7d227de1bc0,279.0249458528035,r1b,am8000_chaingdtmov_g1_kprotection_i0_mreduced_qe6_r4d9_x0_s5em05_tau1em09_t25_ron60_u878_t2_vo_v_rel0_rs2700_rx100_none_none_p1_b0_r1_i0_tap0_ph0_gdc420_gimp1000_esd_am8000_t5em05_off10d0_reduced
,,6.12718222894666e-11,air8k,4.0448944198095346e-08,e6_4429f9b6b7d227de1bc0,279.0249458528085,r2a,am8000_chaingdtmov_g1_kprotection_i0_mreduced_qe6_r4d9_x0_s5em05_tau1em09_t25_ron60_u878_t2_vo_v_rel0_rs2700_rx100_none_none_p1_b0_r1_i0_tap0_ph0_gdc420_gimp1000_esd_am8000_t5em05_off10d0_reduced
,,6.127182228946661e-11,air8k,4.044894419809534e-08,e6_4429f9b6b7d227de1bc0,279.0249458528086,r2b,am8000_chaingdtmov_g1_kprotection_i0_mreduced_qe6_r4d9_x0_s5em05_tau1em09_t25_ron60_u878_t2_vo_v_rel0_rs2700_rx100_none_none_p1_b0_r1_i0_tap0_ph0_gdc420_gimp1000_esd_am8000_t5em05_off10d0_reduced
,,6.127182228946644e-11,air8k,4.044894419809539e-08,e6_4429f9b6b7d227de1bc0,279.02494585281113,r3a,am8000_chaingdtmov_g1_kprotection_i0_mreduced_qe6_r4d9_x0_s5em05_tau1em09_t25_ron60_u878_t2_vo_v_rel0_rs2700_rx100_none_none_p1_b0_r1_i0_tap0_ph0_gdc420_gimp1000_esd_am8000_t5em05_off10d0_reduced
,,6.127182228946646e-11,air8k,4.0448944198095406e-08,e6_4429f9b6b7d227de1bc0,279.0249458528112,r3b,am8000_chaingdtmov_g1_kprotection_i0_mreduced_qe6_r4d9_x0_s5em05_tau1em09_t25_ron60_u878_t2_vo_v_rel0_rs2700_rx100_none_none_p1_b0_r1_i0_tap0_ph0_gdc420_gimp1000_esd_am8000_t5em05_off10d0_reduced
,,0.0,air8k,2.3867000556302984e-08,e6_4429f9b6b7d227de1bc0,47.175355071736796,r910k,am8000_chaingdtmov_g1_kprotection_i0_mreduced_qe6_r4d9_x0_s5em05_tau1em09_t25_ron60_u878_t2_vo_v_rel0_rs2700_rx100_none_none_p1_b0_r1_i0_tap0_ph0_gdc420_gimp1000_esd_am8000_t5em05_off10d0_reduced
,,0.0,air8k,2.6194401238465014e-09,e6_4429f9b6b7d227de1bc0,5.180662679179485,r100k,am8000_chaingdtmov_g1_kprotection_i0_mreduced_qe6_r4d9_x0_s5em05_tau1em09_t25_ron60_u878_t2_vo_v_rel0_rs2700_rx100_none_none_p1_b0_r1_i0_tap0_ph0_gdc420_gimp1000_esd_am8000_t5em05_off10d0_reduced
0.0,6.123048285876325e-11,,air8k,2.014219420916908e-06,e6_4429f9b6b7d227de1bc0,557.9334454229254,rc1,am8000_chaingdtmov_g1_kprotection_i0_mreduced_qe6_r4d9_x0_s5em05_tau1em09_t25_ron60_u878_t2_vo_v_rel0_rs2700_rx100_none_none_p1_b0_r1_i0_tap0_ph0_gdc420_gimp1000_esd_am8000_t5em05_off10d0_reduced
0.0,6.123048285876297e-11,,air8k,2.0142194209169084e-06,e6_4429f9b6b7d227de1bc0,557.9334454229355,rc2,am8000_chaingdtmov_g1_kprotection_i0_mreduced_qe6_r4d9_x0_s5em05_tau1em09_t25_ron60_u878_t2_vo_v_rel0_rs2700_rx100_none_none_p1_b0_r1_i0_tap0_ph0_gdc420_gimp1000_esd_am8000_t5em05_off10d0_reduced
0.0,6.12304828587628e-11,,air8k,2.0142194209169084e-06,e6_4429f9b6b7d227de1bc0,557.9334454229407,rc3,am8000_chaingdtmov_g1_kprotection_i0_mreduced_qe6_r4d9_x0_s5em05_tau1em09_t25_ron60_u878_t2_vo_v_rel0_rs2700_rx100_none_none_p1_b0_r1_i0_tap0_ph0_gdc420_gimp1000_esd_am8000_t5em05_off10d0_reduced
,,2.0917056659466053e-09,air8k,3.776483203566905e-08,e6_7d27d8f833a9a0e81f2b,553.1144524564461,r1a,am8000_chaingdtmov_g1_kprotection_i0_mreduced_qe6_r4d9_x0_s5em05_tau1em07_t25_ron60_u878_t2_vo_v_rel0_rs2700_rx100_none_none_p1_b0_r1_i0_tap0_ph0_gdc420_gimp1000_esd_am8000_t5em05_off10d0_reduced
,,2.0917056659466057e-09,air8k,3.776483203566905e-08,e6_7d27d8f833a9a0e81f2b,553.1144524564461,r1b,am8000_chaingdtmov_g1_kprotection_i0_mreduced_qe6_r4d9_x0_s5em05_tau1em07_t25_ron60_u878_t2_vo_v_rel0_rs2700_rx100_none_none_p1_b0_r1_i0_tap0_ph0_gdc420_gimp1000_esd_am8000_t5em05_off10d0_reduced
,,2.0917056659466053e-09,air8k,3.776483203566912e-08,e6_7d27d8f833a9a0e81f2b,553.1144524564459,r2a,am8000_chaingdtmov_g1_kprotection_i0_mreduced_qe6_r4d9_x0_s5em05_tau1em07_t25_ron60_u878_t2_vo_v_rel0_rs2700_rx100_none_none_p1_b0_r1_i0_tap0_ph0_gdc420_gimp1000_esd_am8000_t5em05_off10d0_reduced
,,2.091705665946604e-09,air8k,3.776483203566912e-08,e6_7d27d8f833a9a0e81f2b,553.1144524564456,r2b,am8000_chaingdtmov_g1_kprotection_i0_mreduced_qe6_r4d9_x0_s5em05_tau1em07_t25_ron60_u878_t2_vo_v_rel0_rs2700_rx100_none_none_p1_b0_r1_i0_tap0_ph0_gdc420_gimp1000_esd_am8000_t5em05_off10d0_reduced
,,2.091705665946604e-09,air8k,3.776483203566917e-08,e6_7d27d8f833a9a0e81f2b,553.1144524564455,r3a,am8000_chaingdtmov_g1_kprotection_i0_mreduced_qe6_r4d9_x0_s5em05_tau1em07_t25_ron60_u878_t2_vo_v_rel0_rs2700_rx100_none_none_p1_b0_r1_i0_tap0_ph0_gdc420_gimp1000_esd_am8000_t5em05_off10d0_reduced
,,2.091705665946604e-09,air8k,3.776483203566917e-08,e6_7d27d8f833a9a0e81f2b,553.1144524564456,r3b,am8000_chaingdtmov_g1_kprotection_i0_mreduced_qe6_r4d9_x0_s5em05_tau1em07_t25_ron60_u878_t2_vo_v_rel0_rs2700_rx100_none_none_p1_b0_r1_i0_tap0_ph0_gdc420_gimp1000_esd_am8000_t5em05_off10d0_reduced
,,0.0,air8k,2.2140957651250022e-08,e6_7d27d8f833a9a0e81f2b,47.32846459181778,r910k,am8000_chaingdtmov_g1_kprotection_i0_mreduced_qe6_r4d9_x0_s5em05_tau1em07_t25_ron60_u878_t2_vo_v_rel0_rs2700_rx100_none_none_p1_b0_r1_i0_tap0_ph0_gdc420_gimp1000_esd_am8000_t5em05_off10d0_reduced
,,0.0,air8k,2.4300036100234777e-09,e6_7d27d8f833a9a0e81f2b,5.197476659692592,r100k,am8000_chaingdtmov_g1_kprotection_i0_mreduced_qe6_r4d9_x0_s5em05_tau1em07_t25_ron60_u878_t2_vo_v_rel0_rs2700_rx100_none_none_p1_b0_r1_i0_tap0_ph0_gdc420_gimp1000_esd_am8000_t5em05_off10d0_reduced
2.5399490487778345e-10,2.045419879349014e-09,,air8k,2.3070487762069793e-06,e6_7d27d8f833a9a0e81f2b,1105.6407798764853,rc1,am8000_chaingdtmov_g1_kprotection_i0_mreduced_qe6_r4d9_x0_s5em05_tau1em07_t25_ron60_u878_t2_vo_v_rel0_rs2700_rx100_none_none_p1_b0_r1_i0_tap0_ph0_gdc420_gimp1000_esd_am8000_t5em05_off10d0_reduced
2.5399490487778334e-10,2.045419879349013e-09,,air8k,2.3070487762069793e-06,e6_7d27d8f833a9a0e81f2b,1105.6407798764844,rc2,am8000_chaingdtmov_g1_kprotection_i0_mreduced_qe6_r4d9_x0_s5em05_tau1em07_t25_ron60_u878_t2_vo_v_rel0_rs2700_rx100_none_none_p1_b0_r1_i0_tap0_ph0_gdc420_gimp1000_esd_am8000_t5em05_off10d0_reduced
2.539949048777831e-10,2.0454198793490126e-09,,air8k,2.3070487762069793e-06,e6_7d27d8f833a9a0e81f2b,1105.6407798764842,rc3,am8000_chaingdtmov_g1_kprotection_i0_mreduced_qe6_r4d9_x0_s5em05_tau1em07_t25_ron60_u878_t2_vo_v_rel0_rs2700_rx100_none_none_p1_b0_r1_i0_tap0_ph0_gdc420_gimp1000_esd_am8000_t5em05_off10d0_reduced
,,6.127182222009773e-11,air8k,4.0448944111969863e-08,e6_9739024f65066cf194d9,279.0249458505725,r1a,am8000_chaingdtmov_g1_kprotection_i0_mreduced_qe6_r4d9_x0_s5em05_tau1em09_t25_ron60_u879_t2_vo_v_rel0_rs2700_rx100_none_none_p1_b0_r1_i0_tap0_ph0_gdc780_gimp1000_esd_am8000_t5em05_off10d0_reduced
,,6.127182222009782e-11,air8k,4.0448944111969863e-08,e6_9739024f65066cf194d9,279.02494585057275,r1b,am8000_chaingdtmov_g1_kprotection_i0_mreduced_qe6_r4d9_x0_s5em05_tau1em09_t25_ron60_u879_t2_vo_v_rel0_rs2700_rx100_none_none_p1_b0_r1_i0_tap0_ph0_gdc780_gimp1000_esd_am8000_t5em05_off10d0_reduced
,,6.127182222009789e-11,air8k,4.044894411196995e-08,e6_9739024f65066cf194d9,279.0249458505806,r2a,am8000_chaingdtmov_g1_kprotection_i0_mreduced_qe6_r4d9_x0_s5em05_tau1em09_t25_ron60_u879_t2_vo_v_rel0_rs2700_rx100_none_none_p1_b0_r1_i0_tap0_ph0_gdc780_gimp1000_esd_am8000_t5em05_off10d0_reduced
,,6.127182222009789e-11,air8k,4.044894411196995e-08,e6_9739024f65066cf194d9,279.0249458505807,r2b,am8000_chaingdtmov_g1_kprotection_i0_mreduced_qe6_r4d9_x0_s5em05_tau1em09_t25_ron60_u879_t2_vo_v_rel0_rs2700_rx100_none_none_p1_b0_r1_i0_tap0_ph0_gdc780_gimp1000_esd_am8000_t5em05_off10d0_reduced
,,6.127182222009797e-11,air8k,4.044894411197e-08,e6_9739024f65066cf194d9,279.02494585058474,r3a,am8000_chaingdtmov_g1_kprotection_i0_mreduced_qe6_r4d9_x0_s5em05_tau1em09_t25_ron60_u879_t2_vo_v_rel0_rs2700_rx100_none_none_p1_b0_r1_i0_tap0_ph0_gdc780_gimp1000_esd_am8000_t5em05_off10d0_reduced
,,6.127182222009797e-11,air8k,4.044894411197e-08,e6_9739024f65066cf194d9,279.0249458505847,r3b,am8000_chaingdtmov_g1_kprotection_i0_mreduced_qe6_r4d9_x0_s5em05_tau1em09_t25_ron60_u879_t2_vo_v_rel0_rs2700_rx100_none_none_p1_b0_r1_i0_tap0_ph0_gdc780_gimp1000_esd_am8000_t5em05_off10d0_reduced
,,0.0,air8k,2.3867000503998736e-08,e6_9739024f65066cf194d9,47.17535507183258,r910k,am8000_chaingdtmov_g1_kprotection_i0_mreduced_qe6_r4d9_x0_s5em05_tau1em09_t25_ron60_u879_t2_vo_v_rel0_rs2700_rx100_none_none_p1_b0_r1_i0_tap0_ph0_gdc780_gimp1000_esd_am8000_t5em05_off10d0_reduced
,,0.0,air8k,2.6194401181060214e-09,e6_9739024f65066cf194d9,5.180662679190003,r100k,am8000_chaingdtmov_g1_kprotection_i0_mreduced_qe6_r4d9_x0_s5em05_tau1em09_t25_ron60_u879_t2_vo_v_rel0_rs2700_rx100_none_none_p1_b0_r1_i0_tap0_ph0_gdc780_gimp1000_esd_am8000_t5em05_off10d0_reduced
0.0,6.123048278943365e-11,,air8k,2.0142194209576142e-06,e6_9739024f65066cf194d9,557.9334454184925,rc1,am8000_chaingdtmov_g1_kprotection_i0_mreduced_qe6_r4d9_x0_s5em05_tau1em09_t25_ron60_u879_t2_vo_v_rel0_rs2700_rx100_none_none_p1_b0_r1_i0_tap0_ph0_gdc780_gimp1000_esd_am8000_t5em05_off10d0_reduced
0.0,6.123048278943377e-11,,air8k,2.0142194209576142e-06,e6_9739024f65066cf194d9,557.9334454185087,rc2,am8000_chaingdtmov_g1_kprotection_i0_mreduced_qe6_r4d9_x0_s5em05_tau1em09_t25_ron60_u879_t2_vo_v_rel0_rs2700_rx100_none_none_p1_b0_r1_i0_tap0_ph0_gdc780_gimp1000_esd_am8000_t5em05_off10d0_reduced
0.0,6.123048278943385e-11,,air8k,2.0142194209576142e-06,e6_9739024f65066cf194d9,557.9334454185168,rc3,am8000_chaingdtmov_g1_kprotection_i0_mreduced_qe6_r4d9_x0_s5em05_tau1em09_t25_ron60_u879_t2_vo_v_rel0_rs2700_rx100_none_none_p1_b0_r1_i0_tap0_ph0_gdc780_gimp1000_esd_am8000_t5em05_off10d0_reduced
,,2.0917056659466073e-09,air8k,3.7764831942336525e-08,e6_bd21a39250a8fd32ad31,553.1144524564493,r1a,am8000_chaingdtmov_g1_kprotection_i0_mreduced_qe6_r4d9_x0_s5em05_tau1em07_t25_ron60_u879_t2_vo_v_rel0_rs2700_rx100_none_none_p1_b0_r1_i0_tap0_ph0_gdc780_gimp1000_esd_am8000_t5em05_off10d0_reduced
,,2.0917056659466057e-09,air8k,3.7764831942336525e-08,e6_bd21a39250a8fd32ad31,553.1144524564493,r1b,am8000_chaingdtmov_g1_kprotection_i0_mreduced_qe6_r4d9_x0_s5em05_tau1em07_t25_ron60_u879_t2_vo_v_rel0_rs2700_rx100_none_none_p1_b0_r1_i0_tap0_ph0_gdc780_gimp1000_esd_am8000_t5em05_off10d0_reduced
,,2.0917056659466077e-09,air8k,3.7764831942336605e-08,e6_bd21a39250a8fd32ad31,553.1144524564488,r2a,am8000_chaingdtmov_g1_kprotection_i0_mreduced_qe6_r4d9_x0_s5em05_tau1em07_t25_ron60_u879_t2_vo_v_rel0_rs2700_rx100_none_none_p1_b0_r1_i0_tap0_ph0_gdc780_gimp1000_esd_am8000_t5em05_off10d0_reduced
,,2.0917056659466073e-09,air8k,3.7764831942336605e-08,e6_bd21a39250a8fd32ad31,553.1144524564488,r2b,am8000_chaingdtmov_g1_kprotection_i0_mreduced_qe6_r4d9_x0_s5em05_tau1em07_t25_ron60_u879_t2_vo_v_rel0_rs2700_rx100_none_none_p1_b0_r1_i0_tap0_ph0_gdc780_gimp1000_esd_am8000_t5em05_off10d0_reduced
,,2.091705665946607e-09,air8k,3.776483194233666e-08,e6_bd21a39250a8fd32ad31,553.1144524564486,r3a,am8000_chaingdtmov_g1_kprotection_i0_mreduced_qe6_r4d9_x0_s5em05_tau1em07_t25_ron60_u879_t2_vo_v_rel0_rs2700_rx100_none_none_p1_b0_r1_i0_tap0_ph0_gdc780_gimp1000_esd_am8000_t5em05_off10d0_reduced
,,2.0917056659466073e-09,air8k,3.776483194233666e-08,e6_bd21a39250a8fd32ad31,553.1144524564486,r3b,am8000_chaingdtmov_g1_kprotection_i0_mreduced_qe6_r4d9_x0_s5em05_tau1em07_t25_ron60_u879_t2_vo_v_rel0_rs2700_rx100_none_none_p1_b0_r1_i0_tap0_ph0_gdc780_gimp1000_esd_am8000_t5em05_off10d0_reduced
,,0.0,air8k,2.2140957594585024e-08,e6_bd21a39250a8fd32ad31,47.32846459097082,r910k,am8000_chaingdtmov_g1_kprotection_i0_mreduced_qe6_r4d9_x0_s5em05_tau1em07_t25_ron60_u879_t2_vo_v_rel0_rs2700_rx100_none_none_p1_b0_r1_i0_tap0_ph0_gdc780_gimp1000_esd_am8000_t5em05_off10d0_reduced
,,0.0,air8k,2.430003603804393e-09,e6_bd21a39250a8fd32ad31,5.19747665959958,r100k,am8000_chaingdtmov_g1_kprotection_i0_mreduced_qe6_r4d9_x0_s5em05_tau1em07_t25_ron60_u879_t2_vo_v_rel0_rs2700_rx100_none_none_p1_b0_r1_i0_tap0_ph0_gdc780_gimp1000_esd_am8000_t5em05_off10d0_reduced
2.539949048777653e-10,2.045419879349016e-09,,air8k,2.3070487763356965e-06,e6_bd21a39250a8fd32ad31,1105.6407798764913,rc1,am8000_chaingdtmov_g1_kprotection_i0_mreduced_qe6_r4d9_x0_s5em05_tau1em07_t25_ron60_u879_t2_vo_v_rel0_rs2700_rx100_none_none_p1_b0_r1_i0_tap0_ph0_gdc780_gimp1000_esd_am8000_t5em05_off10d0_reduced
2.539949048777647e-10,2.045419879349016e-09,,air8k,2.3070487763356965e-06,e6_bd21a39250a8fd32ad31,1105.6407798764906,rc2,am8000_chaingdtmov_g1_kprotection_i0_mreduced_qe6_r4d9_x0_s5em05_tau1em07_t25_ron60_u879_t2_vo_v_rel0_rs2700_rx100_none_none_p1_b0_r1_i0_tap0_ph0_gdc780_gimp1000_esd_am8000_t5em05_off10d0_reduced
2.5399490487776426e-10,2.045419879349016e-09,,air8k,2.3070487763356965e-06,e6_bd21a39250a8fd32ad31,1105.6407798764901,rc3,am8000_chaingdtmov_g1_kprotection_i0_mreduced_qe6_r4d9_x0_s5em05_tau1em07_t25_ron60_u879_t2_vo_v_rel0_rs2700_rx100_none_none_p1_b0_r1_i0_tap0_ph0_gdc780_gimp1000_esd_am8000_t5em05_off10d0_reduced
,,6.508164888915988e-11,air8k,4.076297800806852e-08,e6_6a086763165e21bb0344,287.61472790408106,r1a,am8000_chaingdtmov_g1_kprotection_i0_mreduced_qe6_r4d9_x0_s5em05_tau1em09_t25_ron60_u880_t2_vo_v_rel0_rs2700_rx100_none_none_p0_b0_r1_i0_tap0_ph0_gdc420_gimp1000_esd_am8000_t5em05_off10d0_reduced
,,6.508164888915986e-11,air8k,4.076297800806852e-08,e6_6a086763165e21bb0344,287.61472790408106,r1b,am8000_chaingdtmov_g1_kprotection_i0_mreduced_qe6_r4d9_x0_s5em05_tau1em09_t25_ron60_u880_t2_vo_v_rel0_rs2700_rx100_none_none_p0_b0_r1_i0_tap0_ph0_gdc420_gimp1000_esd_am8000_t5em05_off10d0_reduced
,,6.508164888915879e-11,air8k,4.076297800806845e-08,e6_6a086763165e21bb0344,287.61472790408425,r2a,am8000_chaingdtmov_g1_kprotection_i0_mreduced_qe6_r4d9_x0_s5em05_tau1em09_t25_ron60_u880_t2_vo_v_rel0_rs2700_rx100_none_none_p0_b0_r1_i0_tap0_ph0_gdc420_gimp1000_esd_am8000_t5em05_off10d0_reduced
,,6.508164888915884e-11,air8k,4.076297800806845e-08,e6_6a086763165e21bb0344,287.61472790408436,r2b,am8000_chaingdtmov_g1_kprotection_i0_mreduced_qe6_r4d9_x0_s5em05_tau1em09_t25_ron60_u880_t2_vo_v_rel0_rs2700_rx100_none_none_p0_b0_r1_i0_tap0_ph0_gdc420_gimp1000_esd_am8000_t5em05_off10d0_reduced
,,6.508164888915848e-11,air8k,4.076297800806851e-08,e6_6a086763165e21bb0344,287.61472790408607,r3a,am8000_chaingdtmov_g1_kprotection_i0_mreduced_qe6_r4d9_x0_s5em05_tau1em09_t25_ron60_u880_t2_vo_v_rel0_rs2700_rx100_none_none_p0_b0_r1_i0_tap0_ph0_gdc420_gimp1000_esd_am8000_t5em05_off10d0_reduced
,,6.50816488891585e-11,air8k,4.076297800806851e-08,e6_6a086763165e21bb0344,287.61472790408607,r3b,am8000_chaingdtmov_g1_kprotection_i0_mreduced_qe6_r4d9_x0_s5em05_tau1em09_t25_ron60_u880_t2_vo_v_rel0_rs2700_rx100_none_none_p0_b0_r1_i0_tap0_ph0_gdc420_gimp1000_esd_am8000_t5em05_off10d0_reduced
,,0.0,air8k,2.4053480786141815e-08,e6_6a086763165e21bb0344,47.527883063852045,r910k,am8000_chaingdtmov_g1_kprotection_i0_mreduced_qe6_r4d9_x0_s5em05_tau1em09_t25_ron60_u880_t2_vo_v_rel0_rs2700_rx100_none_none_p0_b0_r1_i0_tap0_ph0_gdc420_gimp1000_esd_am8000_t5em05_off10d0_reduced
,,0.0,air8k,1.2123480636409942e-10,e6_6a086763165e21bb0344,0.5625048423803447,r100k,am8000_chaingdtmov_g1_kprotection_i0_mreduced_qe6_r4d9_x0_s5em05_tau1em09_t25_ron60_u880_t2_vo_v_rel0_rs2700_rx100_none_none_p0_b0_r1_i0_tap0_ph0_gdc420_gimp1000_esd_am8000_t5em05_off10d0_reduced
0.0,6.5044512227912e-11,,air8k,2.0287172145536484e-06,e6_6a086763165e21bb0344,575.1116376053662,rc1,am8000_chaingdtmov_g1_kprotection_i0_mreduced_qe6_r4d9_x0_s5em05_tau1em09_t25_ron60_u880_t2_vo_v_rel0_rs2700_rx100_none_none_p0_b0_r1_i0_tap0_ph0_gdc420_gimp1000_esd_am8000_t5em05_off10d0_reduced
0.0,6.504451222791094e-11,,air8k,2.0287172145536484e-06,e6_6a086763165e21bb0344,575.1116376053728,rc2,am8000_chaingdtmov_g1_kprotection_i0_mreduced_qe6_r4d9_x0_s5em05_tau1em09_t25_ron60_u880_t2_vo_v_rel0_rs2700_rx100_none_none_p0_b0_r1_i0_tap0_ph0_gdc420_gimp1000_esd_am8000_t5em05_off10d0_reduced
0.0,6.504451222791063e-11,,air8k,2.0287172145536484e-06,e6_6a086763165e21bb0344,575.1116376053765,rc3,am8000_chaingdtmov_g1_kprotection_i0_mreduced_qe6_r4d9_x0_s5em05_tau1em09_t25_ron60_u880_t2_vo_v_rel0_rs2700_rx100_none_none_p0_b0_r1_i0_tap0_ph0_gdc420_gimp1000_esd_am8000_t5em05_off10d0_reduced
,,2.086828357482823e-09,air8k,3.805889411667906e-08,e6_1ed2255e493d66c899e8,554.8694520043132,r1a,am8000_chaingdtmov_g1_kprotection_i0_mreduced_qe6_r4d9_x0_s5em05_tau1em07_t25_ron60_u880_t2_vo_v_rel0_rs2700_rx100_none_none_p0_b0_r1_i0_tap0_ph0_gdc420_gimp1000_esd_am8000_t5em05_off10d0_reduced
,,2.0868283574828253e-09,air8k,3.805889411667906e-08,e6_1ed2255e493d66c899e8,554.8694520043132,r1b,am8000_chaingdtmov_g1_kprotection_i0_mreduced_qe6_r4d9_x0_s5em05_tau1em07_t25_ron60_u880_t2_vo_v_rel0_rs2700_rx100_none_none_p0_b0_r1_i0_tap0_ph0_gdc420_gimp1000_esd_am8000_t5em05_off10d0_reduced
,,2.086828357482826e-09,air8k,3.8058894116679e-08,e6_1ed2255e493d66c899e8,554.8694520043136,r2a,am8000_chaingdtmov_g1_kprotection_i0_mreduced_qe6_r4d9_x0_s5em05_tau1em07_t25_ron60_u880_t2_vo_v_rel0_rs2700_rx100_none_none_p0_b0_r1_i0_tap0_ph0_gdc420_gimp1000_esd_am8000_t5em05_off10d0_reduced
,,2.086828357482826e-09,air8k,3.8058894116679e-08,e6_1ed2255e493d66c899e8,554.8694520043134,r2b,am8000_chaingdtmov_g1_kprotection_i0_mreduced_qe6_r4d9_x0_s5em05_tau1em07_t25_ron60_u880_t2_vo_v_rel0_rs2700_rx100_none_none_p0_b0_r1_i0_tap0_ph0_gdc420_gimp1000_esd_am8000_t5em05_off10d0_reduced
,,2.086828357482828e-09,air8k,3.805889411667905e-08,e6_1ed2255e493d66c899e8,554.8694520043134,r3a,am8000_chaingdtmov_g1_kprotection_i0_mreduced_qe6_r4d9_x0_s5em05_tau1em07_t25_ron60_u880_t2_vo_v_rel0_rs2700_rx100_none_none_p0_b0_r1_i0_tap0_ph0_gdc420_gimp1000_esd_am8000_t5em05_off10d0_reduced
,,2.0868283574828282e-09,air8k,3.805889411667905e-08,e6_1ed2255e493d66c899e8,554.8694520043134,r3b,am8000_chaingdtmov_g1_kprotection_i0_mreduced_qe6_r4d9_x0_s5em05_tau1em07_t25_ron60_u880_t2_vo_v_rel0_rs2700_rx100_none_none_p0_b0_r1_i0_tap0_ph0_gdc420_gimp1000_esd_am8000_t5em05_off10d0_reduced
,,0.0,air8k,2.2315461540268123e-08,e6_1ed2255e493d66c899e8,47.68100125783538,r910k,am8000_chaingdtmov_g1_kprotection_i0_mreduced_qe6_r4d9_x0_s5em05_tau1em07_t25_ron60_u880_t2_vo_v_rel0_rs2700_rx100_none_none_p0_b0_r1_i0_tap0_ph0_gdc420_gimp1000_esd_am8000_t5em05_off10d0_reduced
,,0.0,air8k,1.2285226865978258e-10,e6_1ed2255e493d66c899e8,0.5656788048513904,r100k,am8000_chaingdtmov_g1_kprotection_i0_mreduced_qe6_r4d9_x0_s5em05_tau1em07_t25_ron60_u880_t2_vo_v_rel0_rs2700_rx100_none_none_p0_b0_r1_i0_tap0_ph0_gdc420_gimp1000_esd_am8000_t5em05_off10d0_reduced
2.520555518122432e-10,2.032256902078591e-09,,air8k,2.3210234835132516e-06,e6_1ed2255e493d66c899e8,1108.9427802088408,rc1,am8000_chaingdtmov_g1_kprotection_i0_mreduced_qe6_r4d9_x0_s5em05_tau1em07_t25_ron60_u880_t2_vo_v_rel0_rs2700_rx100_none_none_p0_b0_r1_i0_tap0_ph0_gdc420_gimp1000_esd_am8000_t5em05_off10d0_reduced
2.5205555181224367e-10,2.0322569020785924e-09,,air8k,2.3210234835132516e-06,e6_1ed2255e493d66c899e8,1108.9427802088414,rc2,am8000_chaingdtmov_g1_kprotection_i0_mreduced_qe6_r4d9_x0_s5em05_tau1em07_t25_ron60_u880_t2_vo_v_rel0_rs2700_rx100_none_none_p0_b0_r1_i0_tap0_ph0_gdc420_gimp1000_esd_am8000_t5em05_off10d0_reduced
2.520555518122443e-10,2.0322569020785945e-09,,air8k,2.321023483513252e-06,e6_1ed2255e493d66c899e8,1108.9427802088412,rc3,am8000_chaingdtmov_g1_kprotection_i0_mreduced_qe6_r4d9_x0_s5em05_tau1em07_t25_ron60_u880_t2_vo_v_rel0_rs2700_rx100_none_none_p0_b0_r1_i0_tap0_ph0_gdc420_gimp1000_esd_am8000_t5em05_off10d0_reduced
,,6.508164884784265e-11,air8k,4.0762977920918594e-08,e6_cc7a14aba49301d7aaa4,287.6147279136069,r1a,am8000_chaingdtmov_g1_kprotection_i0_mreduced_qe6_r4d9_x0_s5em05_tau1em09_t25_ron60_u881_t2_vo_v_rel0_rs2700_rx100_none_none_p0_b0_r1_i0_tap0_ph0_gdc780_gimp1000_esd_am8000_t5em05_off10d0_reduced
,,6.50816488478427e-11,air8k,4.0762977920918594e-08,e6_cc7a14aba49301d7aaa4,287.6147279136069,r1b,am8000_chaingdtmov_g1_kprotection_i0_mreduced_qe6_r4d9_x0_s5em05_tau1em09_t25_ron60_u881_t2_vo_v_rel0_rs2700_rx100_none_none_p0_b0_r1_i0_tap0_ph0_gdc780_gimp1000_esd_am8000_t5em05_off10d0_reduced
,,6.508164884784182e-11,air8k,4.076297792091853e-08,e6_cc7a14aba49301d7aaa4,287.6147279136093,r2a,am8000_chaingdtmov_g1_kprotection_i0_mreduced_qe6_r4d9_x0_s5em05_tau1em09_t25_ron60_u881_t2_vo_v_rel0_rs2700_rx100_none_none_p0_b0_r1_i0_tap0_ph0_gdc780_gimp1000_esd_am8000_t5em05_off10d0_reduced
,,6.508164884784178e-11,air8k,4.076297792091853e-08,e6_cc7a14aba49301d7aaa4,287.6147279136093,r2b,am8000_chaingdtmov_g1_kprotection_i0_mreduced_qe6_r4d9_x0_s5em05_tau1em09_t25_ron60_u881_t2_vo_v_rel0_rs2700_rx100_none_none_p0_b0_r1_i0_tap0_ph0_gdc780_gimp1000_esd_am8000_t5em05_off10d0_reduced
,,6.508164884784155e-11,air8k,4.076297792091858e-08,e6_cc7a14aba49301d7aaa4,287.61472791361075,r3a,am8000_chaingdtmov_g1_kprotection_i0_mreduced_qe6_r4d9_x0_s5em05_tau1em09_t25_ron60_u881_t2_vo_v_rel0_rs2700_rx100_none_none_p0_b0_r1_i0_tap0_ph0_gdc780_gimp1000_esd_am8000_t5em05_off10d0_reduced
,,6.508164884784153e-11,air8k,4.076297792091858e-08,e6_cc7a14aba49301d7aaa4,287.61472791361075,r3b,am8000_chaingdtmov_g1_kprotection_i0_mreduced_qe6_r4d9_x0_s5em05_tau1em09_t25_ron60_u881_t2_vo_v_rel0_rs2700_rx100_none_none_p0_b0_r1_i0_tap0_ph0_gdc780_gimp1000_esd_am8000_t5em05_off10d0_reduced
,,0.0,air8k,2.405348073321593e-08,e6_cc7a14aba49301d7aaa4,47.52788306394809,r910k,am8000_chaingdtmov_g1_kprotection_i0_mreduced_qe6_r4d9_x0_s5em05_tau1em09_t25_ron60_u881_t2_vo_v_rel0_rs2700_rx100_none_none_p0_b0_r1_i0_tap0_ph0_gdc780_gimp1000_esd_am8000_t5em05_off10d0_reduced
,,0.0,air8k,1.212348063699816e-10,e6_cc7a14aba49301d7aaa4,0.5625048423803509,r100k,am8000_chaingdtmov_g1_kprotection_i0_mreduced_qe6_r4d9_x0_s5em05_tau1em09_t25_ron60_u881_t2_vo_v_rel0_rs2700_rx100_none_none_p0_b0_r1_i0_tap0_ph0_gdc780_gimp1000_esd_am8000_t5em05_off10d0_reduced
0.0,6.504451218652377e-11,,air8k,2.0287172145908886e-06,e6_cc7a14aba49301d7aaa4,575.1116376244211,rc1,am8000_chaingdtmov_g1_kprotection_i0_mreduced_qe6_r4d9_x0_s5em05_tau1em09_t25_ron60_u881_t2_vo_v_rel0_rs2700_rx100_none_none_p0_b0_r1_i0_tap0_ph0_gdc780_gimp1000_esd_am8000_t5em05_off10d0_reduced
0.0,6.504451218652288e-11,,air8k,2.0287172145908886e-06,e6_cc7a14aba49301d7aaa4,575.1116376244258,rc2,am8000_chaingdtmov_g1_kprotection_i0_mreduced_qe6_r4d9_x0_s5em05_tau1em09_t25_ron60_u881_t2_vo_v_rel0_rs2700_rx100_none_none_p0_b0_r1_i0_tap0_ph0_gdc780_gimp1000_esd_am8000_t5em05_off10d0_reduced
0.0,6.504451218652262e-11,,air8k,2.0287172145908886e-06,e6_cc7a14aba49301d7aaa4,575.1116376244288,rc3,am8000_chaingdtmov_g1_kprotection_i0_mreduced_qe6_r4d9_x0_s5em05_tau1em09_t25_ron60_u881_t2_vo_v_rel0_rs2700_rx100_none_none_p0_b0_r1_i0_tap0_ph0_gdc780_gimp1000_esd_am8000_t5em05_off10d0_reduced
,,2.0868283574828307e-09,air8k,3.805889402317289e-08,e6_dc6bece05c48d5f0c4e4,554.8694520043127,r1a,am8000_chaingdtmov_g1_kprotection_i0_mreduced_qe6_r4d9_x0_s5em05_tau1em07_t25_ron60_u881_t2_vo_v_rel0_rs2700_rx100_none_none_p0_b0_r1_i0_tap0_ph0_gdc780_gimp1000_esd_am8000_t5em05_off10d0_reduced
,,2.0868283574828307e-09,air8k,3.805889402317289e-08,e6_dc6bece05c48d5f0c4e4,554.8694520043127,r1b,am8000_chaingdtmov_g1_kprotection_i0_mreduced_qe6_r4d9_x0_s5em05_tau1em07_t25_ron60_u881_t2_vo_v_rel0_rs2700_rx100_none_none_p0_b0_r1_i0_tap0_ph0_gdc780_gimp1000_esd_am8000_t5em05_off10d0_reduced
,,2.08682835748283e-09,air8k,3.8058894023172826e-08,e6_dc6bece05c48d5f0c4e4,554.8694520043132,r2a,am8000_chaingdtmov_g1_kprotection_i0_mreduced_qe6_r4d9_x0_s5em05_tau1em07_t25_ron60_u881_t2_vo_v_rel0_rs2700_rx100_none_none_p0_b0_r1_i0_tap0_ph0_gdc780_gimp1000_esd_am8000_t5em05_off10d0_reduced
,,2.086828357482832e-09,air8k,3.8058894023172826e-08,e6_dc6bece05c48d5f0c4e4,554.869452004313,r2b,am8000_chaingdtmov_g1_kprotection_i0_mreduced_qe6_r4d9_x0_s5em05_tau1em07_t25_ron60_u881_t2_vo_v_rel0_rs2700_rx100_none_none_p0_b0_r1_i0_tap0_ph0_gdc780_gimp1000_esd_am8000_t5em05_off10d0_reduced
,,2.086828357482832e-09,air8k,3.805889402317288e-08,e6_dc6bece05c48d5f0c4e4,554.869452004313,r3a,am8000_chaingdtmov_g1_kprotection_i0_mreduced_qe6_r4d9_x0_s5em05_tau1em07_t25_ron60_u881_t2_vo_v_rel0_rs2700_rx100_none_none_p0_b0_r1_i0_tap0_ph0_gdc780_gimp1000_esd_am8000_t5em05_off10d0_reduced
,,2.086828357482832e-09,air8k,3.805889402317288e-08,e6_dc6bece05c48d5f0c4e4,554.869452004313,r3b,am8000_chaingdtmov_g1_kprotection_i0_mreduced_qe6_r4d9_x0_s5em05_tau1em07_t25_ron60_u881_t2_vo_v_rel0_rs2700_rx100_none_none_p0_b0_r1_i0_tap0_ph0_gdc780_gimp1000_esd_am8000_t5em05_off10d0_reduced
,,0.0,air8k,2.2315461483498102e-08,e6_dc6bece05c48d5f0c4e4,47.68100125698815,r910k,am8000_chaingdtmov_g1_kprotection_i0_mreduced_qe6_r4d9_x0_s5em05_tau1em07_t25_ron60_u881_t2_vo_v_rel0_rs2700_rx100_none_none_p0_b0_r1_i0_tap0_ph0_gdc780_gimp1000_esd_am8000_t5em05_off10d0_reduced
,,0.0,air8k,1.2285226870997097e-10,e6_dc6bece05c48d5f0c4e4,0.5656788048513904,r100k,am8000_chaingdtmov_g1_kprotection_i0_mreduced_qe6_r4d9_x0_s5em05_tau1em07_t25_ron60_u881_t2_vo_v_rel0_rs2700_rx100_none_none_p0_b0_r1_i0_tap0_ph0_gdc780_gimp1000_esd_am8000_t5em05_off10d0_reduced
2.5205555181224424e-10,2.0322569020785953e-09,,air8k,2.3210234836381797e-06,e6_dc6bece05c48d5f0c4e4,1108.9427802088398,rc1,am8000_chaingdtmov_g1_kprotection_i0_mreduced_qe6_r4d9_x0_s5em05_tau1em07_t25_ron60_u881_t2_vo_v_rel0_rs2700_rx100_none_none_p0_b0_r1_i0_tap0_ph0_gdc780_gimp1000_esd_am8000_t5em05_off10d0_reduced
2.520555518122441e-10,2.032256902078596e-09,,air8k,2.3210234836381792e-06,e6_dc6bece05c48d5f0c4e4,1108.9427802088405,rc2,am8000_chaingdtmov_g1_kprotection_i0_mreduced_qe6_r4d9_x0_s5em05_tau1em07_t25_ron60_u881_t2_vo_v_rel0_rs2700_rx100_none_none_p0_b0_r1_i0_tap0_ph0_gdc780_gimp1000_esd_am8000_t5em05_off10d0_reduced
2.5205555181224414e-10,2.032256902078597e-09,,air8k,2.3210234836381797e-06,e6_dc6bece05c48d5f0c4e4,1108.9427802088403,rc3,am8000_chaingdtmov_g1_kprotection_i0_mreduced_qe6_r4d9_x0_s5em05_tau1em07_t25_ron60_u881_t2_vo_v_rel0_rs2700_rx100_none_none_p0_b0_r1_i0_tap0_ph0_gdc780_gimp1000_esd_am8000_t5em05_off10d0_reduced
,,6.50816489996011e-11,air8k,4.076297801180845e-08,e6_68de59c50804fdc01500,287.61472817397157,r1a,am8000_chaingdtmov_g1_kprotection_i0_mreduced_qe6_r4d9_x0_s5em05_tau1em09_t25_ron60_u882_t2_vo_v_rel0_rs2700_rx100_none_none_p0_b1_r1_i0_tap0_ph0_gdc420_gimp1000_esd_am8000_t5em05_off10d0_reduced
,,6.50816489996011e-11,air8k,4.076297801180845e-08,e6_68de59c50804fdc01500,287.61472817397134,r1b,am8000_chaingdtmov_g1_kprotection_i0_mreduced_qe6_r4d9_x0_s5em05_tau1em09_t25_ron60_u882_t2_vo_v_rel0_rs2700_rx100_none_none_p0_b1_r1_i0_tap0_ph0_gdc420_gimp1000_esd_am8000_t5em05_off10d0_reduced
,,6.508164899960074e-11,air8k,4.076297801180853e-08,e6_68de59c50804fdc01500,287.6147281739778,r2a,am8000_chaingdtmov_g1_kprotection_i0_mreduced_qe6_r4d9_x0_s5em05_tau1em09_t25_ron60_u882_t2_vo_v_rel0_rs2700_rx100_none_none_p0_b1_r1_i0_tap0_ph0_gdc420_gimp1000_esd_am8000_t5em05_off10d0_reduced
,,6.508164899960073e-11,air8k,4.076297801180853e-08,e6_68de59c50804fdc01500,287.6147281739778,r2b,am8000_chaingdtmov_g1_kprotection_i0_mreduced_qe6_r4d9_x0_s5em05_tau1em09_t25_ron60_u882_t2_vo_v_rel0_rs2700_rx100_none_none_p0_b1_r1_i0_tap0_ph0_gdc420_gimp1000_esd_am8000_t5em05_off10d0_reduced
,,6.508164899960047e-11,air8k,4.076297801180868e-08,e6_68de59c50804fdc01500,287.6147281739823,r3a,am8000_chaingdtmov_g1_kprotection_i0_mreduced_qe6_r4d9_x0_s5em05_tau1em09_t25_ron60_u882_t2_vo_v_rel0_rs2700_rx100_none_none_p0_b1_r1_i0_tap0_ph0_gdc420_gimp1000_esd_am8000_t5em05_off10d0_reduced
,,6.508164899960047e-11,air8k,4.076297801180868e-08,e6_68de59c50804fdc01500,287.61472817398226,r3b,am8000_chaingdtmov_g1_kprotection_i0_mreduced_qe6_r4d9_x0_s5em05_tau1em09_t25_ron60_u882_t2_vo_v_rel0_rs2700_rx100_none_none_p0_b1_r1_i0_tap0_ph0_gdc420_gimp1000_esd_am8000_t5em05_off10d0_reduced
,,0.0,air8k,2.4053480788397414e-08,e6_68de59c50804fdc01500,47.52788306381572,r910k,am8000_chaingdtmov_g1_kprotection_i0_mreduced_qe6_r4d9_x0_s5em05_tau1em09_t25_ron60_u882_t2_vo_v_rel0_rs2700_rx100_none_none_p0_b1_r1_i0_tap0_ph0_gdc420_gimp1000_esd_am8000_t5em05_off10d0_reduced
,,0.0,air8k,1.212348153767192e-10,e6_68de59c50804fdc01500,0.562504842476583,r100k,am8000_chaingdtmov_g1_kprotection_i0_mreduced_qe6_r4d9_x0_s5em05_tau1em09_t25_ron60_u882_t2_vo_v_rel0_rs2700_rx100_none_none_p0_b1_r1_i0_tap0_ph0_gdc420_gimp1000_esd_am8000_t5em05_off10d0_reduced
0.0,6.504451233837022e-11,,air8k,2.028717214558937e-06,e6_68de59c50804fdc01500,575.1116381449849,rc1,am8000_chaingdtmov_g1_kprotection_i0_mreduced_qe6_r4d9_x0_s5em05_tau1em09_t25_ron60_u882_t2_vo_v_rel0_rs2700_rx100_none_none_p0_b1_r1_i0_tap0_ph0_gdc420_gimp1000_esd_am8000_t5em05_off10d0_reduced
0.0,6.504451233836986e-11,,air8k,2.028717214558937e-06,e6_68de59c50804fdc01500,575.1116381449978,rc2,am8000_chaingdtmov_g1_kprotection_i0_mreduced_qe6_r4d9_x0_s5em05_tau1em09_t25_ron60_u882_t2_vo_v_rel0_rs2700_rx100_none_none_p0_b1_r1_i0_tap0_ph0_gdc420_gimp1000_esd_am8000_t5em05_off10d0_reduced
0.0,6.504451233836959e-11,,air8k,2.0287172145589373e-06,e6_68de59c50804fdc01500,575.1116381450066,rc3,am8000_chaingdtmov_g1_kprotection_i0_mreduced_qe6_r4d9_x0_s5em05_tau1em09_t25_ron60_u882_t2_vo_v_rel0_rs2700_rx100_none_none_p0_b1_r1_i0_tap0_ph0_gdc420_gimp1000_esd_am8000_t5em05_off10d0_reduced
,,2.0868283574191936e-09,air8k,3.8058894120346987e-08,e6_16b975574279b78a9438,554.8694519482724,r1a,am8000_chaingdtmov_g1_kprotection_i0_mreduced_qe6_r4d9_x0_s5em05_tau1em07_t25_ron60_u882_t2_vo_v_rel0_rs2700_rx100_none_none_p0_b1_r1_i0_tap0_ph0_gdc420_gimp1000_esd_am8000_t5em05_off10d0_reduced
,,2.08682835741919e-09,air8k,3.8058894120346973e-08,e6_16b975574279b78a9438,554.8694519482724,r1b,am8000_chaingdtmov_g1_kprotection_i0_mreduced_qe6_r4d9_x0_s5em05_tau1em07_t25_ron60_u882_t2_vo_v_rel0_rs2700_rx100_none_none_p0_b1_r1_i0_tap0_ph0_gdc420_gimp1000_esd_am8000_t5em05_off10d0_reduced
,,2.0868283574191936e-09,air8k,3.805889412034705e-08,e6_16b975574279b78a9438,554.8694519482717,r2a,am8000_chaingdtmov_g1_kprotection_i0_mreduced_qe6_r4d9_x0_s5em05_tau1em07_t25_ron60_u882_t2_vo_v_rel0_rs2700_rx100_none_none_p0_b1_r1_i0_tap0_ph0_gdc420_gimp1000_esd_am8000_t5em05_off10d0_reduced
,,2.086828357419192e-09,air8k,3.805889412034705e-08,e6_16b975574279b78a9438,554.869451948272,r2b,am8000_chaingdtmov_g1_kprotection_i0_mreduced_qe6_r4d9_x0_s5em05_tau1em07_t25_ron60_u882_t2_vo_v_rel0_rs2700_rx100_none_none_p0_b1_r1_i0_tap0_ph0_gdc420_gimp1000_esd_am8000_t5em05_off10d0_reduced
,,2.0868283574191932e-09,air8k,3.805889412034719e-08,e6_16b975574279b78a9438,554.869451948272,r3a,am8000_chaingdtmov_g1_kprotection_i0_mreduced_qe6_r4d9_x0_s5em05_tau1em07_t25_ron60_u882_t2_vo_v_rel0_rs2700_rx100_none_none_p0_b1_r1_i0_tap0_ph0_gdc420_gimp1000_esd_am8000_t5em05_off10d0_reduced
,,2.0868283574191932e-09,air8k,3.805889412034719e-08,e6_16b975574279b78a9438,554.8694519482718,r3b,am8000_chaingdtmov_g1_kprotection_i0_mreduced_qe6_r4d9_x0_s5em05_tau1em07_t25_ron60_u882_t2_vo_v_rel0_rs2700_rx100_none_none_p0_b1_r1_i0_tap0_ph0_gdc420_gimp1000_esd_am8000_t5em05_off10d0_reduced
,,0.0,air8k,2.2315461542465254e-08,e6_16b975574279b78a9438,47.68100125780549,r910k,am8000_chaingdtmov_g1_kprotection_i0_mreduced_qe6_r4d9_x0_s5em05_tau1em07_t25_ron60_u882_t2_vo_v_rel0_rs2700_rx100_none_none_p0_b1_r1_i0_tap0_ph0_gdc420_gimp1000_esd_am8000_t5em05_off10d0_reduced
,,0.0,air8k,1.2285227770952256e-10,e6_16b975574279b78a9438,0.5656788049412473,r100k,am8000_chaingdtmov_g1_kprotection_i0_mreduced_qe6_r4d9_x0_s5em05_tau1em07_t25_ron60_u882_t2_vo_v_rel0_rs2700_rx100_none_none_p0_b1_r1_i0_tap0_ph0_gdc420_gimp1000_esd_am8000_t5em05_off10d0_reduced
2.520555520608325e-10,2.0322569017389868e-09,,air8k,2.3210234835642485e-06,e6_16b975574279b78a9438,1108.9427800942276,rc1,am8000_chaingdtmov_g1_kprotection_i0_mreduced_qe6_r4d9_x0_s5em05_tau1em07_t25_ron60_u882_t2_vo_v_rel0_rs2700_rx100_none_none_p0_b1_r1_i0_tap0_ph0_gdc420_gimp1000_esd_am8000_t5em05_off10d0_reduced
2.5205555206083197e-10,2.0322569017389868e-09,,air8k,2.3210234835642485e-06,e6_16b975574279b78a9438,1108.942780094227,rc2,am8000_chaingdtmov_g1_kprotection_i0_mreduced_qe6_r4d9_x0_s5em05_tau1em07_t25_ron60_u882_t2_vo_v_rel0_rs2700_rx100_none_none_p0_b1_r1_i0_tap0_ph0_gdc420_gimp1000_esd_am8000_t5em05_off10d0_reduced
2.5205555206083166e-10,2.032256901738987e-09,,air8k,2.321023483564249e-06,e6_16b975574279b78a9438,1108.942780094227,rc3,am8000_chaingdtmov_g1_kprotection_i0_mreduced_qe6_r4d9_x0_s5em05_tau1em07_t25_ron60_u882_t2_vo_v_rel0_rs2700_rx100_none_none_p0_b1_r1_i0_tap0_ph0_gdc420_gimp1000_esd_am8000_t5em05_off10d0_reduced
,,6.508164895827566e-11,air8k,4.076297792465861e-08,e6_4f0e4f279c3a76365c47,287.6147281834917,r1a,am8000_chaingdtmov_g1_kprotection_i0_mreduced_qe6_r4d9_x0_s5em05_tau1em09_t25_ron60_u883_t2_vo_v_rel0_rs2700_rx100_none_none_p0_b1_r1_i0_tap0_ph0_gdc780_gimp1000_esd_am8000_t5em05_off10d0_reduced
,,6.50816489582757e-11,air8k,4.076297792465861e-08,e6_4f0e4f279c3a76365c47,287.6147281834917,r1b,am8000_chaingdtmov_g1_kprotection_i0_mreduced_qe6_r4d9_x0_s5em05_tau1em09_t25_ron60_u883_t2_vo_v_rel0_rs2700_rx100_none_none_p0_b1_r1_i0_tap0_ph0_gdc780_gimp1000_esd_am8000_t5em05_off10d0_reduced
,,6.508164895827508e-11,air8k,4.076297792465869e-08,e6_4f0e4f279c3a76365c47,287.614728183504,r2a,am8000_chaingdtmov_g1_kprotection_i0_mreduced_qe6_r4d9_x0_s5em05_tau1em09_t25_ron60_u883_t2_vo_v_rel0_rs2700_rx100_none_none_p0_b1_r1_i0_tap0_ph0_gdc780_gimp1000_esd_am8000_t5em05_off10d0_reduced
,,6.508164895827511e-11,air8k,4.076297792465869e-08,e6_4f0e4f279c3a76365c47,287.614728183504,r2b,am8000_chaingdtmov_g1_kprotection_i0_mreduced_qe6_r4d9_x0_s5em05_tau1em09_t25_ron60_u883_t2_vo_v_rel0_rs2700_rx100_none_none_p0_b1_r1_i0_tap0_ph0_gdc780_gimp1000_esd_am8000_t5em05_off10d0_reduced
,,6.508164895827471e-11,air8k,4.076297792465883e-08,e6_4f0e4f279c3a76365c47,287.61472818351103,r3a,am8000_chaingdtmov_g1_kprotection_i0_mreduced_qe6_r4d9_x0_s5em05_tau1em09_t25_ron60_u883_t2_vo_v_rel0_rs2700_rx100_none_none_p0_b1_r1_i0_tap0_ph0_gdc780_gimp1000_esd_am8000_t5em05_off10d0_reduced
,,6.50816489582747e-11,air8k,4.076297792465883e-08,e6_4f0e4f279c3a76365c47,287.614728183511,r3b,am8000_chaingdtmov_g1_kprotection_i0_mreduced_qe6_r4d9_x0_s5em05_tau1em09_t25_ron60_u883_t2_vo_v_rel0_rs2700_rx100_none_none_p0_b1_r1_i0_tap0_ph0_gdc780_gimp1000_esd_am8000_t5em05_off10d0_reduced
,,0.0,air8k,2.4053480735471582e-08,e6_4f0e4f279c3a76365c47,47.52788306391176,r910k,am8000_chaingdtmov_g1_kprotection_i0_mreduced_qe6_r4d9_x0_s5em05_tau1em09_t25_ron60_u883_t2_vo_v_rel0_rs2700_rx100_none_none_p0_b1_r1_i0_tap0_ph0_gdc780_gimp1000_esd_am8000_t5em05_off10d0_reduced
,,0.0,air8k,1.2123481538260138e-10,e6_4f0e4f279c3a76365c47,0.5625048424765894,r100k,am8000_chaingdtmov_g1_kprotection_i0_mreduced_qe6_r4d9_x0_s5em05_tau1em09_t25_ron60_u883_t2_vo_v_rel0_rs2700_rx100_none_none_p0_b1_r1_i0_tap0_ph0_gdc780_gimp1000_esd_am8000_t5em05_off10d0_reduced
0.0,6.504451229697379e-11,,air8k,2.028717214596177e-06,e6_4f0e4f279c3a76365c47,575.1116381640284,rc1,am8000_chaingdtmov_g1_kprotection_i0_mreduced_qe6_r4d9_x0_s5em05_tau1em09_t25_ron60_u883_t2_vo_v_rel0_rs2700_rx100_none_none_p0_b1_r1_i0_tap0_ph0_gdc780_gimp1000_esd_am8000_t5em05_off10d0_reduced
0.0,6.504451229697319e-11,,air8k,2.028717214596177e-06,e6_4f0e4f279c3a76365c47,575.111638164053,rc2,am8000_chaingdtmov_g1_kprotection_i0_mreduced_qe6_r4d9_x0_s5em05_tau1em09_t25_ron60_u883_t2_vo_v_rel0_rs2700_rx100_none_none_p0_b1_r1_i0_tap0_ph0_gdc780_gimp1000_esd_am8000_t5em05_off10d0_reduced
0.0,6.50445122969728e-11,,air8k,2.028717214596177e-06,e6_4f0e4f279c3a76365c47,575.111638164067,rc3,am8000_chaingdtmov_g1_kprotection_i0_mreduced_qe6_r4d9_x0_s5em05_tau1em09_t25_ron60_u883_t2_vo_v_rel0_rs2700_rx100_none_none_p0_b1_r1_i0_tap0_ph0_gdc780_gimp1000_esd_am8000_t5em05_off10d0_reduced
,,2.0868283574191804e-09,air8k,3.805889402684078e-08,e6_c14de80297b116ca1dbd,554.8694519482724,r1a,am8000_chaingdtmov_g1_kprotection_i0_mreduced_qe6_r4d9_x0_s5em05_tau1em07_t25_ron60_u883_t2_vo_v_rel0_rs2700_rx100_none_none_p0_b1_r1_i0_tap0_ph0_gdc780_gimp1000_esd_am8000_t5em05_off10d0_reduced
,,2.0868283574191804e-09,air8k,3.805889402684078e-08,e6_c14de80297b116ca1dbd,554.8694519482724,r1b,am8000_chaingdtmov_g1_kprotection_i0_mreduced_qe6_r4d9_x0_s5em05_tau1em07_t25_ron60_u883_t2_vo_v_rel0_rs2700_rx100_none_none_p0_b1_r1_i0_tap0_ph0_gdc780_gimp1000_esd_am8000_t5em05_off10d0_reduced
,,2.0868283574191812e-09,air8k,3.805889402684086e-08,e6_c14de80297b116ca1dbd,554.8694519482717,r2a,am8000_chaingdtmov_g1_kprotection_i0_mreduced_qe6_r4d9_x0_s5em05_tau1em07_t25_ron60_u883_t2_vo_v_rel0_rs2700_rx100_none_none_p0_b1_r1_i0_tap0_ph0_gdc780_gimp1000_esd_am8000_t5em05_off10d0_reduced
,,2.0868283574191812e-09,air8k,3.805889402684086e-08,e6_c14de80297b116ca1dbd,554.8694519482713,r2b,am8000_chaingdtmov_g1_kprotection_i0_mreduced_qe6_r4d9_x0_s5em05_tau1em07_t25_ron60_u883_t2_vo_v_rel0_rs2700_rx100_none_none_p0_b1_r1_i0_tap0_ph0_gdc780_gimp1000_esd_am8000_t5em05_off10d0_reduced
,,2.0868283574191817e-09,air8k,3.8058894026840995e-08,e6_c14de80297b116ca1dbd,554.8694519482709,r3a,am8000_chaingdtmov_g1_kprotection_i0_mreduced_qe6_r4d9_x0_s5em05_tau1em07_t25_ron60_u883_t2_vo_v_rel0_rs2700_rx100_none_none_p0_b1_r1_i0_tap0_ph0_gdc780_gimp1000_esd_am8000_t5em05_off10d0_reduced
,,2.0868283574191812e-09,air8k,3.8058894026840995e-08,e6_c14de80297b116ca1dbd,554.8694519482708,r3b,am8000_chaingdtmov_g1_kprotection_i0_mreduced_qe6_r4d9_x0_s5em05_tau1em07_t25_ron60_u883_t2_vo_v_rel0_rs2700_rx100_none_none_p0_b1_r1_i0_tap0_ph0_gdc780_gimp1000_esd_am8000_t5em05_off10d0_reduced
,,0.0,air8k,2.2315461485695216e-08,e6_c14de80297b116ca1dbd,47.68100125695825,r910k,am8000_chaingdtmov_g1_kprotection_i0_mreduced_qe6_r4d9_x0_s5em05_tau1em07_t25_ron60_u883_t2_vo_v_rel0_rs2700_rx100_none_none_p0_b1_r1_i0_tap0_ph0_gdc780_gimp1000_esd_am8000_t5em05_off10d0_reduced
,,0.0,air8k,1.2285227775971094e-10,e6_c14de80297b116ca1dbd,0.5656788049412473,r100k,am8000_chaingdtmov_g1_kprotection_i0_mreduced_qe6_r4d9_x0_s5em05_tau1em07_t25_ron60_u883_t2_vo_v_rel0_rs2700_rx100_none_none_p0_b1_r1_i0_tap0_ph0_gdc780_gimp1000_esd_am8000_t5em05_off10d0_reduced
2.520555520608326e-10,2.032256901738973e-09,,air8k,2.321023483689176e-06,e6_c14de80297b116ca1dbd,1108.942780094228,rc1,am8000_chaingdtmov_g1_kprotection_i0_mreduced_qe6_r4d9_x0_s5em05_tau1em07_t25_ron60_u883_t2_vo_v_rel0_rs2700_rx100_none_none_p0_b1_r1_i0_tap0_ph0_gdc780_gimp1000_esd_am8000_t5em05_off10d0_reduced
2.520555520608326e-10,2.032256901738974e-09,,air8k,2.3210234836891765e-06,e6_c14de80297b116ca1dbd,1108.942780094226,rc2,am8000_chaingdtmov_g1_kprotection_i0_mreduced_qe6_r4d9_x0_s5em05_tau1em07_t25_ron60_u883_t2_vo_v_rel0_rs2700_rx100_none_none_p0_b1_r1_i0_tap0_ph0_gdc780_gimp1000_esd_am8000_t5em05_off10d0_reduced
2.520555520608325e-10,2.032256901738974e-09,,air8k,2.3210234836891765e-06,e6_c14de80297b116ca1dbd,1108.9427800942249,rc3,am8000_chaingdtmov_g1_kprotection_i0_mreduced_qe6_r4d9_x0_s5em05_tau1em07_t25_ron60_u883_t2_vo_v_rel0_rs2700_rx100_none_none_p0_b1_r1_i0_tap0_ph0_gdc780_gimp1000_esd_am8000_t5em05_off10d0_reduced
,,6.128631537222347e-11,air8k,4.0458461400344255e-08,e6_a843778ab33ca970bc81,279.05091803878304,r1a,am8000_chaingdtmov_g1_kprotection_i0_mreduced_qe6_r4d998_x0_s5em05_tau1em09_t25_ron60_u884_t2_vo_v_rel0_rs2700_rx100_none_none_p1_b0_r1d02_i0_tap0_ph0_gdc420_gimp1000_esd_am8000_t5em05_off10d0_reduced
,,6.12863153722234e-11,air8k,4.0458461400344255e-08,e6_a843778ab33ca970bc81,279.05091803878304,r1b,am8000_chaingdtmov_g1_kprotection_i0_mreduced_qe6_r4d998_x0_s5em05_tau1em09_t25_ron60_u884_t2_vo_v_rel0_rs2700_rx100_none_none_p1_b0_r1d02_i0_tap0_ph0_gdc420_gimp1000_esd_am8000_t5em05_off10d0_reduced
,,6.12863153722229e-11,air8k,4.045846140034433e-08,e6_a843778ab33ca970bc81,279.05091803878986,r2a,am8000_chaingdtmov_g1_kprotection_i0_mreduced_qe6_r4d998_x0_s5em05_tau1em09_t25_ron60_u884_t2_vo_v_rel0_rs2700_rx100_none_none_p1_b0_r1d02_i0_tap0_ph0_gdc420_gimp1000_esd_am8000_t5em05_off10d0_reduced
,,6.128631537222291e-11,air8k,4.045846140034433e-08,e6_a843778ab33ca970bc81,279.05091803878986,r2b,am8000_chaingdtmov_g1_kprotection_i0_mreduced_qe6_r4d998_x0_s5em05_tau1em09_t25_ron60_u884_t2_vo_v_rel0_rs2700_rx100_none_none_p1_b0_r1d02_i0_tap0_ph0_gdc420_gimp1000_esd_am8000_t5em05_off10d0_reduced
,,6.128631537222264e-11,air8k,4.045846140034439e-08,e6_a843778ab33ca970bc81,279.0509180387933,r3a,am8000_chaingdtmov_g1_kprotection_i0_mreduced_qe6_r4d998_x0_s5em05_tau1em09_t25_ron60_u884_t2_vo_v_rel0_rs2700_rx100_none_none_p1_b0_r1d02_i0_tap0_ph0_gdc420_gimp1000_esd_am8000_t5em05_off10d0_reduced
,,6.128631537222266e-11,air8k,4.045846140034438e-08,e6_a843778ab33ca970bc81,279.05091803879327,r3b,am8000_chaingdtmov_g1_kprotection_i0_mreduced_qe6_r4d998_x0_s5em05_tau1em09_t25_ron60_u884_t2_vo_v_rel0_rs2700_rx100_none_none_p1_b0_r1d02_i0_tap0_ph0_gdc420_gimp1000_esd_am8000_t5em05_off10d0_reduced
,,0.0,air8k,2.3872756495635198e-08,e6_a843778ab33ca970bc81,47.17539541210629,r910k,am8000_chaingdtmov_g1_kprotection_i0_mreduced_qe6_r4d998_x0_s5em05_tau1em09_t25_ron60_u884_t2_vo_v_rel0_rs2700_rx100_none_none_p1_b0_r1d02_i0_tap0_ph0_gdc420_gimp1000_esd_am8000_t5em05_off10d0_reduced
,,0.0,air8k,2.620071910546202e-09,e6_a843778ab33ca970bc81,5.180667113402563,r100k,am8000_chaingdtmov_g1_kprotection_i0_mreduced_qe6_r4d998_x0_s5em05_tau1em09_t25_ron60_u884_t2_vo_v_rel0_rs2700_rx100_none_none_p1_b0_r1d02_i0_tap0_ph0_gdc420_gimp1000_esd_am8000_t5em05_off10d0_reduced
0.0,6.1244979208661e-11,,air8k,2.0142136698364286e-06,e6_a843778ab33ca970bc81,557.9853939357711,rc1,am8000_chaingdtmov_g1_kprotection_i0_mreduced_qe6_r4d998_x0_s5em05_tau1em09_t25_ron60_u884_t2_vo_v_rel0_rs2700_rx100_none_none_p1_b0_r1d02_i0_tap0_ph0_gdc420_gimp1000_esd_am8000_t5em05_off10d0_reduced
0.0,6.124497920866048e-11,,air8k,2.014213669836428e-06,e6_a843778ab33ca970bc81,557.9853939357847,rc2,am8000_chaingdtmov_g1_kprotection_i0_mreduced_qe6_r4d998_x0_s5em05_tau1em09_t25_ron60_u884_t2_vo_v_rel0_rs2700_rx100_none_none_p1_b0_r1d02_i0_tap0_ph0_gdc420_gimp1000_esd_am8000_t5em05_off10d0_reduced
0.0,6.124497920866022e-11,,air8k,2.014213669836428e-06,e6_a843778ab33ca970bc81,557.9853939357916,rc3,am8000_chaingdtmov_g1_kprotection_i0_mreduced_qe6_r4d998_x0_s5em05_tau1em09_t25_ron60_u884_t2_vo_v_rel0_rs2700_rx100_none_none_p1_b0_r1d02_i0_tap0_ph0_gdc420_gimp1000_esd_am8000_t5em05_off10d0_reduced
,,2.09250444177801e-09,air8k,3.7775996513621144e-08,e6_ea8c890296950700fa61,553.1594373989215,r1a,am8000_chaingdtmov_g1_kprotection_i0_mreduced_qe6_r4d998_x0_s5em05_tau1em07_t25_ron60_u884_t2_vo_v_rel0_rs2700_rx100_none_none_p1_b0_r1d02_i0_tap0_ph0_gdc420_gimp1000_esd_am8000_t5em05_off10d0_reduced
,,2.0925044417780085e-09,air8k,3.7775996513621144e-08,e6_ea8c890296950700fa61,553.1594373989219,r1b,am8000_chaingdtmov_g1_kprotection_i0_mreduced_qe6_r4d998_x0_s5em05_tau1em07_t25_ron60_u884_t2_vo_v_rel0_rs2700_rx100_none_none_p1_b0_r1d02_i0_tap0_ph0_gdc420_gimp1000_esd_am8000_t5em05_off10d0_reduced
,,2.0925044417780085e-09,air8k,3.7775996513621224e-08,e6_ea8c890296950700fa61,553.1594373989215,r2a,am8000_chaingdtmov_g1_kprotection_i0_mreduced_qe6_r4d998_x0_s5em05_tau1em07_t25_ron60_u884_t2_vo_v_rel0_rs2700_rx100_none_none_p1_b0_r1d02_i0_tap0_ph0_gdc420_gimp1000_esd_am8000_t5em05_off10d0_reduced
,,2.0925044417780093e-09,air8k,3.7775996513621224e-08,e6_ea8c890296950700fa61,553.1594373989217,r2b,am8000_chaingdtmov_g1_kprotection_i0_mreduced_qe6_r4d998_x0_s5em05_tau1em07_t25_ron60_u884_t2_vo_v_rel0_rs2700_rx100_none_none_p1_b0_r1d02_i0_tap0_ph0_gdc420_gimp1000_esd_am8000_t5em05_off10d0_reduced
,,2.0925044417780077e-09,air8k,3.777599651362128e-08,e6_ea8c890296950700fa61,553.1594373989216,r3a,am8000_chaingdtmov_g1_kprotection_i0_mreduced_qe6_r4d998_x0_s5em05_tau1em07_t25_ron60_u884_t2_vo_v_rel0_rs2700_rx100_none_none_p1_b0_r1d02_i0_tap0_ph0_gdc420_gimp1000_esd_am8000_t5em05_off10d0_reduced
,,2.0925044417780085e-09,air8k,3.777599651362128e-08,e6_ea8c890296950700fa61,553.1594373989216,r3b,am8000_chaingdtmov_g1_kprotection_i0_mreduced_qe6_r4d998_x0_s5em05_tau1em07_t25_ron60_u884_t2_vo_v_rel0_rs2700_rx100_none_none_p1_b0_r1d02_i0_tap0_ph0_gdc420_gimp1000_esd_am8000_t5em05_off10d0_reduced
,,0.0,air8k,2.2147715918946127e-08,e6_ea8c890296950700fa61,47.328425581655395,r910k,am8000_chaingdtmov_g1_kprotection_i0_mreduced_qe6_r4d998_x0_s5em05_tau1em07_t25_ron60_u884_t2_vo_v_rel0_rs2700_rx100_none_none_p1_b0_r1d02_i0_tap0_ph0_gdc420_gimp1000_esd_am8000_t5em05_off10d0_reduced
,,0.0,air8k,2.430745401702951e-09,e6_ea8c890296950700fa61,5.197472377552451,r100k,am8000_chaingdtmov_g1_kprotection_i0_mreduced_qe6_r4d998_x0_s5em05_tau1em07_t25_ron60_u884_t2_vo_v_rel0_rs2700_rx100_none_none_p1_b0_r1d02_i0_tap0_ph0_gdc420_gimp1000_esd_am8000_t5em05_off10d0_reduced
2.540450974455425e-10,2.0460053677741264e-09,,air8k,2.307032431273504e-06,e6_ea8c890296950700fa61,1105.7304005018668,rc1,am8000_chaingdtmov_g1_kprotection_i0_mreduced_qe6_r4d998_x0_s5em05_tau1em07_t25_ron60_u884_t2_vo_v_rel0_rs2700_rx100_none_none_p1_b0_r1d02_i0_tap0_ph0_gdc420_gimp1000_esd_am8000_t5em05_off10d0_reduced
2.5404509744554215e-10,2.046005367774125e-09,,air8k,2.307032431273504e-06,e6_ea8c890296950700fa61,1105.7304005018666,rc2,am8000_chaingdtmov_g1_kprotection_i0_mreduced_qe6_r4d998_x0_s5em05_tau1em07_t25_ron60_u884_t2_vo_v_rel0_rs2700_rx100_none_none_p1_b0_r1d02_i0_tap0_ph0_gdc420_gimp1000_esd_am8000_t5em05_off10d0_reduced
2.5404509744554173e-10,2.046005367774125e-09,,air8k,2.307032431273504e-06,e6_ea8c890296950700fa61,1105.7304005018666,rc3,am8000_chaingdtmov_g1_kprotection_i0_mreduced_qe6_r4d998_x0_s5em05_tau1em07_t25_ron60_u884_t2_vo_v_rel0_rs2700_rx100_none_none_p1_b0_r1d02_i0_tap0_ph0_gdc420_gimp1000_esd_am8000_t5em05_off10d0_reduced
,,6.128631530273267e-11,air8k,4.0458461314464286e-08,e6_f32cfde6400057627caf,279.05091803652,r1a,am8000_chaingdtmov_g1_kprotection_i0_mreduced_qe6_r4d998_x0_s5em05_tau1em09_t25_ron60_u885_t2_vo_v_rel0_rs2700_rx100_none_none_p1_b0_r1d02_i0_tap0_ph0_gdc780_gimp1000_esd_am8000_t5em05_off10d0_reduced
,,6.128631530273265e-11,air8k,4.0458461314464286e-08,e6_f32cfde6400057627caf,279.0509180365202,r1b,am8000_chaingdtmov_g1_kprotection_i0_mreduced_qe6_r4d998_x0_s5em05_tau1em09_t25_ron60_u885_t2_vo_v_rel0_rs2700_rx100_none_none_p1_b0_r1d02_i0_tap0_ph0_gdc780_gimp1000_esd_am8000_t5em05_off10d0_reduced
,,6.128631530273249e-11,air8k,4.045846131446438e-08,e6_f32cfde6400057627caf,279.05091803652977,r2a,am8000_chaingdtmov_g1_kprotection_i0_mreduced_qe6_r4d998_x0_s5em05_tau1em09_t25_ron60_u885_t2_vo_v_rel0_rs2700_rx100_none_none_p1_b0_r1d02_i0_tap0_ph0_gdc780_gimp1000_esd_am8000_t5em05_off10d0_reduced
,,6.128631530273254e-11,air8k,4.045846131446438e-08,e6_f32cfde6400057627caf,279.05091803652977,r2b,am8000_chaingdtmov_g1_kprotection_i0_mreduced_qe6_r4d998_x0_s5em05_tau1em09_t25_ron60_u885_t2_vo_v_rel0_rs2700_rx100_none_none_p1_b0_r1d02_i0_tap0_ph0_gdc780_gimp1000_esd_am8000_t5em05_off10d0_reduced
,,6.128631530273245e-11,air8k,4.045846131446443e-08,e6_f32cfde6400057627caf,279.0509180365347,r3a,am8000_chaingdtmov_g1_kprotection_i0_mreduced_qe6_r4d998_x0_s5em05_tau1em09_t25_ron60_u885_t2_vo_v_rel0_rs2700_rx100_none_none_p1_b0_r1d02_i0_tap0_ph0_gdc780_gimp1000_esd_am8000_t5em05_off10d0_reduced
,,6.128631530273247e-11,air8k,4.045846131446443e-08,e6_f32cfde6400057627caf,279.05091803653465,r3b,am8000_chaingdtmov_g1_kprotection_i0_mreduced_qe6_r4d998_x0_s5em05_tau1em09_t25_ron60_u885_t2_vo_v_rel0_rs2700_rx100_none_none_p1_b0_r1d02_i0_tap0_ph0_gdc780_gimp1000_esd_am8000_t5em05_off10d0_reduced
,,0.0,air8k,2.387275644347993e-08,e6_f32cfde6400057627caf,47.17539541220248,r910k,am8000_chaingdtmov_g1_kprotection_i0_mreduced_qe6_r4d998_x0_s5em05_tau1em09_t25_ron60_u885_t2_vo_v_rel0_rs2700_rx100_none_none_p1_b0_r1d02_i0_tap0_ph0_gdc780_gimp1000_esd_am8000_t5em05_off10d0_reduced
,,0.0,air8k,2.6200719048220728e-09,e6_f32cfde6400057627caf,5.180667113413126,r100k,am8000_chaingdtmov_g1_kprotection_i0_mreduced_qe6_r4d998_x0_s5em05_tau1em09_t25_ron60_u885_t2_vo_v_rel0_rs2700_rx100_none_none_p1_b0_r1d02_i0_tap0_ph0_gdc780_gimp1000_esd_am8000_t5em05_off10d0_reduced
0.0,6.124497913920971e-11,,air8k,2.014213669877164e-06,e6_f32cfde6400057627caf,557.9853939312743,rc1,am8000_chaingdtmov_g1_kprotection_i0_mreduced_qe6_r4d998_x0_s5em05_tau1em09_t25_ron60_u885_t2_vo_v_rel0_rs2700_rx100_none_none_p1_b0_r1d02_i0_tap0_ph0_gdc780_gimp1000_esd_am8000_t5em05_off10d0_reduced
0.0,6.124497913920958e-11,,air8k,2.014213669877164e-06,e6_f32cfde6400057627caf,557.9853939312936,rc2,am8000_chaingdtmov_g1_kprotection_i0_mreduced_qe6_r4d998_x0_s5em05_tau1em09_t25_ron60_u885_t2_vo_v_rel0_rs2700_rx100_none_none_p1_b0_r1d02_i0_tap0_ph0_gdc780_gimp1000_esd_am8000_t5em05_off10d0_reduced
0.0,6.124497913920952e-11,,air8k,2.014213669877164e-06,e6_f32cfde6400057627caf,557.9853939313034,rc3,am8000_chaingdtmov_g1_kprotection_i0_mreduced_qe6_r4d998_x0_s5em05_tau1em09_t25_ron60_u885_t2_vo_v_rel0_rs2700_rx100_none_none_p1_b0_r1d02_i0_tap0_ph0_gdc780_gimp1000_esd_am8000_t5em05_off10d0_reduced
,,2.092504441778022e-09,air8k,3.777599642030967e-08,e6_27c845e3d69764a972e6,553.1594373989228,r1a,am8000_chaingdtmov_g1_kprotection_i0_mreduced_qe6_r4d998_x0_s5em05_tau1em07_t25_ron60_u885_t2_vo_v_rel0_rs2700_rx100_none_none_p1_b0_r1d02_i0_tap0_ph0_gdc780_gimp1000_esd_am8000_t5em05_off10d0_reduced
,,2.0925044417780217e-09,air8k,3.777599642030967e-08,e6_27c845e3d69764a972e6,553.1594373989233,r1b,am8000_chaingdtmov_g1_kprotection_i0_mreduced_qe6_r4d998_x0_s5em05_tau1em07_t25_ron60_u885_t2_vo_v_rel0_rs2700_rx100_none_none_p1_b0_r1d02_i0_tap0_ph0_gdc780_gimp1000_esd_am8000_t5em05_off10d0_reduced
,,2.092504441778024e-09,air8k,3.777599642030975e-08,e6_27c845e3d69764a972e6,553.1594373989228,r2a,am8000_chaingdtmov_g1_kprotection_i0_mreduced_qe6_r4d998_x0_s5em05_tau1em07_t25_ron60_u885_t2_vo_v_rel0_rs2700_rx100_none_none_p1_b0_r1d02_i0_tap0_ph0_gdc780_gimp1000_esd_am8000_t5em05_off10d0_reduced
,,2.0925044417780234e-09,air8k,3.777599642030975e-08,e6_27c845e3d69764a972e6,553.159437398923,r2b,am8000_chaingdtmov_g1_kprotection_i0_mreduced_qe6_r4d998_x0_s5em05_tau1em07_t25_ron60_u885_t2_vo_v_rel0_rs2700_rx100_none_none_p1_b0_r1d02_i0_tap0_ph0_gdc780_gimp1000_esd_am8000_t5em05_off10d0_reduced
,,2.0925044417780238e-09,air8k,3.77759964203098e-08,e6_27c845e3d69764a972e6,553.1594373989229,r3a,am8000_chaingdtmov_g1_kprotection_i0_mreduced_qe6_r4d998_x0_s5em05_tau1em07_t25_ron60_u885_t2_vo_v_rel0_rs2700_rx100_none_none_p1_b0_r1d02_i0_tap0_ph0_gdc780_gimp1000_esd_am8000_t5em05_off10d0_reduced
,,2.0925044417780238e-09,air8k,3.7775996420309804e-08,e6_27c845e3d69764a972e6,553.1594373989229,r3b,am8000_chaingdtmov_g1_kprotection_i0_mreduced_qe6_r4d998_x0_s5em05_tau1em07_t25_ron60_u885_t2_vo_v_rel0_rs2700_rx100_none_none_p1_b0_r1d02_i0_tap0_ph0_gdc780_gimp1000_esd_am8000_t5em05_off10d0_reduced
,,0.0,air8k,2.214771586229391e-08,e6_27c845e3d69764a972e6,47.32842558081197,r910k,am8000_chaingdtmov_g1_kprotection_i0_mreduced_qe6_r4d998_x0_s5em05_tau1em07_t25_ron60_u885_t2_vo_v_rel0_rs2700_rx100_none_none_p1_b0_r1d02_i0_tap0_ph0_gdc780_gimp1000_esd_am8000_t5em05_off10d0_reduced
,,0.0,air8k,2.43074539548527e-09,e6_27c845e3d69764a972e6,5.197472377459828,r100k,am8000_chaingdtmov_g1_kprotection_i0_mreduced_qe6_r4d998_x0_s5em05_tau1em07_t25_ron60_u885_t2_vo_v_rel0_rs2700_rx100_none_none_p1_b0_r1d02_i0_tap0_ph0_gdc780_gimp1000_esd_am8000_t5em05_off10d0_reduced
2.5404509744553873e-10,2.0460053677741355e-09,,air8k,2.3070324314022552e-06,e6_27c845e3d69764a972e6,1105.7304005018696,rc1,am8000_chaingdtmov_g1_kprotection_i0_mreduced_qe6_r4d998_x0_s5em05_tau1em07_t25_ron60_u885_t2_vo_v_rel0_rs2700_rx100_none_none_p1_b0_r1d02_i0_tap0_ph0_gdc780_gimp1000_esd_am8000_t5em05_off10d0_reduced
2.540450974455381e-10,2.0460053677741367e-09,,air8k,2.307032431402255e-06,e6_27c845e3d69764a972e6,1105.7304005018693,rc2,am8000_chaingdtmov_g1_kprotection_i0_mreduced_qe6_r4d998_x0_s5em05_tau1em07_t25_ron60_u885_t2_vo_v_rel0_rs2700_rx100_none_none_p1_b0_r1d02_i0_tap0_ph0_gdc780_gimp1000_esd_am8000_t5em05_off10d0_reduced
2.540450974455378e-10,2.046005367774137e-09,,air8k,2.307032431402255e-06,e6_27c845e3d69764a972e6,1105.7304005018693,rc3,am8000_chaingdtmov_g1_kprotection_i0_mreduced_qe6_r4d998_x0_s5em05_tau1em07_t25_ron60_u885_t2_vo_v_rel0_rs2700_rx100_none_none_p1_b0_r1d02_i0_tap0_ph0_gdc780_gimp1000_esd_am8000_t5em05_off10d0_reduced
,,6.508164888918438e-11,air8k,4.0762978008069476e-08,e6_0e15e2a9280dc00873f7,287.61472790412995,r1a,am8000_chaingdtmov_g1_kprotection_i0_mreduced_qe6_r4d998_x0_s5em05_tau1em09_t25_ron60_u886_t2_vo_v_rel0_rs2700_rx100_none_none_p0_b0_r1d02_i0_tap0_ph0_gdc420_gimp1000_esd_am8000_t5em05_off10d0_reduced
,,6.508164888918438e-11,air8k,4.0762978008069476e-08,e6_0e15e2a9280dc00873f7,287.6147279041297,r1b,am8000_chaingdtmov_g1_kprotection_i0_mreduced_qe6_r4d998_x0_s5em05_tau1em09_t25_ron60_u886_t2_vo_v_rel0_rs2700_rx100_none_none_p0_b0_r1d02_i0_tap0_ph0_gdc420_gimp1000_esd_am8000_t5em05_off10d0_reduced
,,6.508164888918353e-11,air8k,4.0762978008069424e-08,e6_0e15e2a9280dc00873f7,287.614727904138,r2a,am8000_chaingdtmov_g1_kprotection_i0_mreduced_qe6_r4d998_x0_s5em05_tau1em09_t25_ron60_u886_t2_vo_v_rel0_rs2700_rx100_none_none_p0_b0_r1d02_i0_tap0_ph0_gdc420_gimp1000_esd_am8000_t5em05_off10d0_reduced
,,6.508164888918353e-11,air8k,4.076297800806941e-08,e6_0e15e2a9280dc00873f7,287.614727904138,r2b,am8000_chaingdtmov_g1_kprotection_i0_mreduced_qe6_r4d998_x0_s5em05_tau1em09_t25_ron60_u886_t2_vo_v_rel0_rs2700_rx100_none_none_p0_b0_r1d02_i0_tap0_ph0_gdc420_gimp1000_esd_am8000_t5em05_off10d0_reduced
,,6.508164888918332e-11,air8k,4.0762978008069457e-08,e6_0e15e2a9280dc00873f7,287.6147279041431,r3a,am8000_chaingdtmov_g1_kprotection_i0_mreduced_qe6_r4d998_x0_s5em05_tau1em09_t25_ron60_u886_t2_vo_v_rel0_rs2700_rx100_none_none_p0_b0_r1d02_i0_tap0_ph0_gdc420_gimp1000_esd_am8000_t5em05_off10d0_reduced
,,6.508164888918332e-11,air8k,4.076297800806947e-08,e6_0e15e2a9280dc00873f7,287.6147279041431,r3b,am8000_chaingdtmov_g1_kprotection_i0_mreduced_qe6_r4d998_x0_s5em05_tau1em09_t25_ron60_u886_t2_vo_v_rel0_rs2700_rx100_none_none_p0_b0_r1d02_i0_tap0_ph0_gdc420_gimp1000_esd_am8000_t5em05_off10d0_reduced
,,0.0,air8k,2.4053480786142394e-08,e6_0e15e2a9280dc00873f7,47.52788306385203,r910k,am8000_chaingdtmov_g1_kprotection_i0_mreduced_qe6_r4d998_x0_s5em05_tau1em09_t25_ron60_u886_t2_vo_v_rel0_rs2700_rx100_none_none_p0_b0_r1d02_i0_tap0_ph0_gdc420_gimp1000_esd_am8000_t5em05_off10d0_reduced
,,0.0,air8k,1.2123480636651884e-10,e6_0e15e2a9280dc00873f7,0.5625048423803705,r100k,am8000_chaingdtmov_g1_kprotection_i0_mreduced_qe6_r4d998_x0_s5em05_tau1em09_t25_ron60_u886_t2_vo_v_rel0_rs2700_rx100_none_none_p0_b0_r1d02_i0_tap0_ph0_gdc420_gimp1000_esd_am8000_t5em05_off10d0_reduced
0.0,6.504451222793652e-11,,air8k,2.02871721455365e-06,e6_0e15e2a9280dc00873f7,575.111637605464,rc1,am8000_chaingdtmov_g1_kprotection_i0_mreduced_qe6_r4d998_x0_s5em05_tau1em09_t25_ron60_u886_t2_vo_v_rel0_rs2700_rx100_none_none_p0_b0_r1d02_i0_tap0_ph0_gdc420_gimp1000_esd_am8000_t5em05_off10d0_reduced
0.0,6.504451222793565e-11,,air8k,2.0287172145536492e-06,e6_0e15e2a9280dc00873f7,575.1116376054803,rc2,am8000_chaingdtmov_g1_kprotection_i0_mreduced_qe6_r4d998_x0_s5em05_tau1em09_t25_ron60_u886_t2_vo_v_rel0_rs2700_rx100_none_none_p0_b0_r1d02_i0_tap0_ph0_gdc420_gimp1000_esd_am8000_t5em05_off10d0_reduced
0.0,6.504451222793546e-11,,air8k,2.0287172145536497e-06,e6_0e15e2a9280dc00873f7,575.1116376054905,rc3,am8000_chaingdtmov_g1_kprotection_i0_mreduced_qe6_r4d998_x0_s5em05_tau1em09_t25_ron60_u886_t2_vo_v_rel0_rs2700_rx100_none_none_p0_b0_r1d02_i0_tap0_ph0_gdc420_gimp1000_esd_am8000_t5em05_off10d0_reduced
,,2.0868283574828394e-09,air8k,3.805889411668005e-08,e6_ebeef9d646720f5fd616,554.8694520042732,r1a,am8000_chaingdtmov_g1_kprotection_i0_mreduced_qe6_r4d998_x0_s5em05_tau1em07_t25_ron60_u886_t2_vo_v_rel0_rs2700_rx100_none_none_p0_b0_r1d02_i0_tap0_ph0_gdc420_gimp1000_esd_am8000_t5em05_off10d0_reduced
,,2.08682835748284e-09,air8k,3.805889411668005e-08,e6_ebeef9d646720f5fd616,554.8694520042732,r1b,am8000_chaingdtmov_g1_kprotection_i0_mreduced_qe6_r4d998_x0_s5em05_tau1em07_t25_ron60_u886_t2_vo_v_rel0_rs2700_rx100_none_none_p0_b0_r1d02_i0_tap0_ph0_gdc420_gimp1000_esd_am8000_t5em05_off10d0_reduced
,,2.086828357482842e-09,air8k,3.8058894116679976e-08,e6_ebeef9d646720f5fd616,554.8694520042723,r2a,am8000_chaingdtmov_g1_kprotection_i0_mreduced_qe6_r4d998_x0_s5em05_tau1em07_t25_ron60_u886_t2_vo_v_rel0_rs2700_rx100_none_none_p0_b0_r1d02_i0_tap0_ph0_gdc420_gimp1000_esd_am8000_t5em05_off10d0_reduced
,,2.086828357482842e-09,air8k,3.8058894116679976e-08,e6_ebeef9d646720f5fd616,554.869452004272,r2b,am8000_chaingdtmov_g1_kprotection_i0_mreduced_qe6_r4d998_x0_s5em05_tau1em07_t25_ron60_u886_t2_vo_v_rel0_rs2700_rx100_none_none_p0_b0_r1d02_i0_tap0_ph0_gdc420_gimp1000_esd_am8000_t5em05_off10d0_reduced
,,2.086828357482842e-09,air8k,3.805889411668003e-08,e6_ebeef9d646720f5fd616,554.8694520042718,r3a,am8000_chaingdtmov_g1_kprotection_i0_mreduced_qe6_r4d998_x0_s5em05_tau1em07_t25_ron60_u886_t2_vo_v_rel0_rs2700_rx100_none_none_p0_b0_r1d02_i0_tap0_ph0_gdc420_gimp1000_esd_am8000_t5em05_off10d0_reduced
,,2.086828357482842e-09,air8k,3.805889411668003e-08,e6_ebeef9d646720f5fd616,554.8694520042718,r3b,am8000_chaingdtmov_g1_kprotection_i0_mreduced_qe6_r4d998_x0_s5em05_tau1em07_t25_ron60_u886_t2_vo_v_rel0_rs2700_rx100_none_none_p0_b0_r1d02_i0_tap0_ph0_gdc420_gimp1000_esd_am8000_t5em05_off10d0_reduced
,,0.0,air8k,2.2315461540268715e-08,e6_ebeef9d646720f5fd616,47.68100125783538,r910k,am8000_chaingdtmov_g1_kprotection_i0_mreduced_qe6_r4d998_x0_s5em05_tau1em07_t25_ron60_u886_t2_vo_v_rel0_rs2700_rx100_none_none_p0_b0_r1d02_i0_tap0_ph0_gdc420_gimp1000_esd_am8000_t5em05_off10d0_reduced
,,0.0,air8k,1.22852268662212e-10,e6_ebeef9d646720f5fd616,0.5656788048514145,r100k,am8000_chaingdtmov_g1_kprotection_i0_mreduced_qe6_r4d998_x0_s5em05_tau1em07_t25_ron60_u886_t2_vo_v_rel0_rs2700_rx100_none_none_p0_b0_r1d02_i0_tap0_ph0_gdc420_gimp1000_esd_am8000_t5em05_off10d0_reduced
2.5205555181227935e-10,2.0322569020785676e-09,,air8k,2.3210234835132647e-06,e6_ebeef9d646720f5fd616,1108.9427802087598,rc1,am8000_chaingdtmov_g1_kprotection_i0_mreduced_qe6_r4d998_x0_s5em05_tau1em07_t25_ron60_u886_t2_vo_v_rel0_rs2700_rx100_none_none_p0_b0_r1d02_i0_tap0_ph0_gdc420_gimp1000_esd_am8000_t5em05_off10d0_reduced
2.520555518122792e-10,2.0322569020785705e-09,,air8k,2.3210234835132647e-06,e6_ebeef9d646720f5fd616,1108.9427802087575,rc2,am8000_chaingdtmov_g1_kprotection_i0_mreduced_qe6_r4d998_x0_s5em05_tau1em07_t25_ron60_u886_t2_vo_v_rel0_rs2700_rx100_none_none_p0_b0_r1d02_i0_tap0_ph0_gdc420_gimp1000_esd_am8000_t5em05_off10d0_reduced
2.520555518122791e-10,2.0322569020785705e-09,,air8k,2.3210234835132643e-06,e6_ebeef9d646720f5fd616,1108.9427802087569,rc3,am8000_chaingdtmov_g1_kprotection_i0_mreduced_qe6_r4d998_x0_s5em05_tau1em07_t25_ron60_u886_t2_vo_v_rel0_rs2700_rx100_none_none_p0_b0_r1d02_i0_tap0_ph0_gdc420_gimp1000_esd_am8000_t5em05_off10d0_reduced
,,6.508164884787193e-11,air8k,4.076297792091956e-08,e6_5545c36359cfe08d71be,287.61472791365986,r1a,am8000_chaingdtmov_g1_kprotection_i0_mreduced_qe6_r4d998_x0_s5em05_tau1em09_t25_ron60_u887_t2_vo_v_rel0_rs2700_rx100_none_none_p0_b0_r1d02_i0_tap0_ph0_gdc780_gimp1000_esd_am8000_t5em05_off10d0_reduced
,,6.508164884787193e-11,air8k,4.076297792091956e-08,e6_5545c36359cfe08d71be,287.6147279136601,r1b,am8000_chaingdtmov_g1_kprotection_i0_mreduced_qe6_r4d998_x0_s5em05_tau1em09_t25_ron60_u887_t2_vo_v_rel0_rs2700_rx100_none_none_p0_b0_r1d02_i0_tap0_ph0_gdc780_gimp1000_esd_am8000_t5em05_off10d0_reduced
,,6.508164884787105e-11,air8k,4.0762977920919494e-08,e6_5545c36359cfe08d71be,287.61472791366236,r2a,am8000_chaingdtmov_g1_kprotection_i0_mreduced_qe6_r4d998_x0_s5em05_tau1em09_t25_ron60_u887_t2_vo_v_rel0_rs2700_rx100_none_none_p0_b0_r1d02_i0_tap0_ph0_gdc780_gimp1000_esd_am8000_t5em05_off10d0_reduced
,,6.508164884787107e-11,air8k,4.0762977920919494e-08,e6_5545c36359cfe08d71be,287.61472791366236,r2b,am8000_chaingdtmov_g1_kprotection_i0_mreduced_qe6_r4d998_x0_s5em05_tau1em09_t25_ron60_u887_t2_vo_v_rel0_rs2700_rx100_none_none_p0_b0_r1d02_i0_tap0_ph0_gdc780_gimp1000_esd_am8000_t5em05_off10d0_reduced
,,6.508164884787082e-11,air8k,4.076297792091955e-08,e6_5545c36359cfe08d71be,287.61472791366384,r3a,am8000_chaingdtmov_g1_kprotection_i0_mreduced_qe6_r4d998_x0_s5em05_tau1em09_t25_ron60_u887_t2_vo_v_rel0_rs2700_rx100_none_none_p0_b0_r1d02_i0_tap0_ph0_gdc780_gimp1000_esd_am8000_t5em05_off10d0_reduced
,,6.508164884787082e-11,air8k,4.076297792091955e-08,e6_5545c36359cfe08d71be,287.61472791366384,r3b,am8000_chaingdtmov_g1_kprotection_i0_mreduced_qe6_r4d998_x0_s5em05_tau1em09_t25_ron60_u887_t2_vo_v_rel0_rs2700_rx100_none_none_p0_b0_r1d02_i0_tap0_ph0_gdc780_gimp1000_esd_am8000_t5em05_off10d0_reduced
,,0.0,air8k,2.4053480733216516e-08,e6_5545c36359cfe08d71be,47.52788306394808,r910k,am8000_chaingdtmov_g1_kprotection_i0_mreduced_qe6_r4d998_x0_s5em05_tau1em09_t25_ron60_u887_t2_vo_v_rel0_rs2700_rx100_none_none_p0_b0_r1d02_i0_tap0_ph0_gdc780_gimp1000_esd_am8000_t5em05_off10d0_reduced
,,0.0,air8k,1.2123480637240105e-10,e6_5545c36359cfe08d71be,0.5625048423803767,r100k,am8000_chaingdtmov_g1_kprotection_i0_mreduced_qe6_r4d998_x0_s5em05_tau1em09_t25_ron60_u887_t2_vo_v_rel0_rs2700_rx100_none_none_p0_b0_r1d02_i0_tap0_ph0_gdc780_gimp1000_esd_am8000_t5em05_off10d0_reduced
0.0,6.504451218655304e-11,,air8k,2.028717214590889e-06,e6_5545c36359cfe08d71be,575.1116376245272,rc1,am8000_chaingdtmov_g1_kprotection_i0_mreduced_qe6_r4d998_x0_s5em05_tau1em09_t25_ron60_u887_t2_vo_v_rel0_rs2700_rx100_none_none_p0_b0_r1d02_i0_tap0_ph0_gdc780_gimp1000_esd_am8000_t5em05_off10d0_reduced
0.0,6.504451218655218e-11,,air8k,2.028717214590889e-06,e6_5545c36359cfe08d71be,575.111637624532,rc2,am8000_chaingdtmov_g1_kprotection_i0_mreduced_qe6_r4d998_x0_s5em05_tau1em09_t25_ron60_u887_t2_vo_v_rel0_rs2700_rx100_none_none_p0_b0_r1d02_i0_tap0_ph0_gdc780_gimp1000_esd_am8000_t5em05_off10d0_reduced
0.0,6.504451218655193e-11,,air8k,2.028717214590889e-06,e6_5545c36359cfe08d71be,575.111637624535,rc3,am8000_chaingdtmov_g1_kprotection_i0_mreduced_qe6_r4d998_x0_s5em05_tau1em09_t25_ron60_u887_t2_vo_v_rel0_rs2700_rx100_none_none_p0_b0_r1d02_i0_tap0_ph0_gdc780_gimp1000_esd_am8000_t5em05_off10d0_reduced
,,2.0868283574828402e-09,air8k,3.805889402317388e-08,e6_e13843dfb0b821d9a9ac,554.8694520042727,r1a,am8000_chaingdtmov_g1_kprotection_i0_mreduced_qe6_r4d998_x0_s5em05_tau1em07_t25_ron60_u887_t2_vo_v_rel0_rs2700_rx100_none_none_p0_b0_r1d02_i0_tap0_ph0_gdc780_gimp1000_esd_am8000_t5em05_off10d0_reduced
,,2.086828357482841e-09,air8k,3.805889402317388e-08,e6_e13843dfb0b821d9a9ac,554.8694520042732,r1b,am8000_chaingdtmov_g1_kprotection_i0_mreduced_qe6_r4d998_x0_s5em05_tau1em07_t25_ron60_u887_t2_vo_v_rel0_rs2700_rx100_none_none_p0_b0_r1d02_i0_tap0_ph0_gdc780_gimp1000_esd_am8000_t5em05_off10d0_reduced
,,2.0868283574828427e-09,air8k,3.805889402317382e-08,e6_e13843dfb0b821d9a9ac,554.8694520042714,r2a,am8000_chaingdtmov_g1_kprotection_i0_mreduced_qe6_r4d998_x0_s5em05_tau1em07_t25_ron60_u887_t2_vo_v_rel0_rs2700_rx100_none_none_p0_b0_r1d02_i0_tap0_ph0_gdc780_gimp1000_esd_am8000_t5em05_off10d0_reduced
,,2.0868283574828435e-09,air8k,3.805889402317382e-08,e6_e13843dfb0b821d9a9ac,554.8694520042718,r2b,am8000_chaingdtmov_g1_kprotection_i0_mreduced_qe6_r4d998_x0_s5em05_tau1em07_t25_ron60_u887_t2_vo_v_rel0_rs2700_rx100_none_none_p0_b0_r1d02_i0_tap0_ph0_gdc780_gimp1000_esd_am8000_t5em05_off10d0_reduced
,,2.0868283574828444e-09,air8k,3.805889402317388e-08,e6_e13843dfb0b821d9a9ac,554.8694520042711,r3a,am8000_chaingdtmov_g1_kprotection_i0_mreduced_qe6_r4d998_x0_s5em05_tau1em07_t25_ron60_u887_t2_vo_v_rel0_rs2700_rx100_none_none_p0_b0_r1d02_i0_tap0_ph0_gdc780_gimp1000_esd_am8000_t5em05_off10d0_reduced
,,2.0868283574828444e-09,air8k,3.805889402317388e-08,e6_e13843dfb0b821d9a9ac,554.8694520042714,r3b,am8000_chaingdtmov_g1_kprotection_i0_mreduced_qe6_r4d998_x0_s5em05_tau1em07_t25_ron60_u887_t2_vo_v_rel0_rs2700_rx100_none_none_p0_b0_r1d02_i0_tap0_ph0_gdc780_gimp1000_esd_am8000_t5em05_off10d0_reduced
,,0.0,air8k,2.2315461483498698e-08,e6_e13843dfb0b821d9a9ac,47.68100125698814,r910k,am8000_chaingdtmov_g1_kprotection_i0_mreduced_qe6_r4d998_x0_s5em05_tau1em07_t25_ron60_u887_t2_vo_v_rel0_rs2700_rx100_none_none_p0_b0_r1d02_i0_tap0_ph0_gdc780_gimp1000_esd_am8000_t5em05_off10d0_reduced
,,0.0,air8k,1.2285226871240037e-10,e6_e13843dfb0b821d9a9ac,0.5656788048514145,r100k,am8000_chaingdtmov_g1_kprotection_i0_mreduced_qe6_r4d998_x0_s5em05_tau1em07_t25_ron60_u887_t2_vo_v_rel0_rs2700_rx100_none_none_p0_b0_r1d02_i0_tap0_ph0_gdc780_gimp1000_esd_am8000_t5em05_off10d0_reduced
2.5205555181227635e-10,2.032256902078567e-09,,air8k,2.321023483638193e-06,e6_e13843dfb0b821d9a9ac,1108.942780208759,rc1,am8000_chaingdtmov_g1_kprotection_i0_mreduced_qe6_r4d998_x0_s5em05_tau1em07_t25_ron60_u887_t2_vo_v_rel0_rs2700_rx100_none_none_p0_b0_r1d02_i0_tap0_ph0_gdc780_gimp1000_esd_am8000_t5em05_off10d0_reduced
2.520555518122756e-10,2.03225690207857e-09,,air8k,2.3210234836381924e-06,e6_e13843dfb0b821d9a9ac,1108.9427802087562,rc2,am8000_chaingdtmov_g1_kprotection_i0_mreduced_qe6_r4d998_x0_s5em05_tau1em07_t25_ron60_u887_t2_vo_v_rel0_rs2700_rx100_none_none_p0_b0_r1d02_i0_tap0_ph0_gdc780_gimp1000_esd_am8000_t5em05_off10d0_reduced
2.520555518122754e-10,2.0322569020785717e-09,,air8k,2.3210234836381928e-06,e6_e13843dfb0b821d9a9ac,1108.9427802087557,rc3,am8000_chaingdtmov_g1_kprotection_i0_mreduced_qe6_r4d998_x0_s5em05_tau1em07_t25_ron60_u887_t2_vo_v_rel0_rs2700_rx100_none_none_p0_b0_r1d02_i0_tap0_ph0_gdc780_gimp1000_esd_am8000_t5em05_off10d0_reduced
,,6.508164899959823e-11,air8k,4.076297801180898e-08,e6_b2ca09dcfad8a353c350,287.61472817397794,r1a,am8000_chaingdtmov_g1_kprotection_i0_mreduced_qe6_r4d998_x0_s5em05_tau1em09_t25_ron60_u888_t2_vo_v_rel0_rs2700_rx100_none_none_p0_b1_r1d02_i0_tap0_ph0_gdc420_gimp1000_esd_am8000_t5em05_off10d0_reduced
,,6.508164899959822e-11,air8k,4.076297801180898e-08,e6_b2ca09dcfad8a353c350,287.61472817397816,r1b,am8000_chaingdtmov_g1_kprotection_i0_mreduced_qe6_r4d998_x0_s5em05_tau1em09_t25_ron60_u888_t2_vo_v_rel0_rs2700_rx100_none_none_p0_b1_r1d02_i0_tap0_ph0_gdc420_gimp1000_esd_am8000_t5em05_off10d0_reduced
,,6.508164899959765e-11,air8k,4.0762978011809074e-08,e6_b2ca09dcfad8a353c350,287.614728173991,r2a,am8000_chaingdtmov_g1_kprotection_i0_mreduced_qe6_r4d998_x0_s5em05_tau1em09_t25_ron60_u888_t2_vo_v_rel0_rs2700_rx100_none_none_p0_b1_r1d02_i0_tap0_ph0_gdc420_gimp1000_esd_am8000_t5em05_off10d0_reduced
,,6.508164899959764e-11,air8k,4.076297801180908e-08,e6_b2ca09dcfad8a353c350,287.614728173991,r2b,am8000_chaingdtmov_g1_kprotection_i0_mreduced_qe6_r4d998_x0_s5em05_tau1em09_t25_ron60_u888_t2_vo_v_rel0_rs2700_rx100_none_none_p0_b1_r1d02_i0_tap0_ph0_gdc420_gimp1000_esd_am8000_t5em05_off10d0_reduced
,,6.508164899959726e-11,air8k,4.076297801180921e-08,e6_b2ca09dcfad8a353c350,287.6147281739988,r3a,am8000_chaingdtmov_g1_kprotection_i0_mreduced_qe6_r4d998_x0_s5em05_tau1em09_t25_ron60_u888_t2_vo_v_rel0_rs2700_rx100_none_none_p0_b1_r1d02_i0_tap0_ph0_gdc420_gimp1000_esd_am8000_t5em05_off10d0_reduced
,,6.508164899959726e-11,air8k,4.076297801180921e-08,e6_b2ca09dcfad8a353c350,287.61472817399874,r3b,am8000_chaingdtmov_g1_kprotection_i0_mreduced_qe6_r4d998_x0_s5em05_tau1em09_t25_ron60_u888_t2_vo_v_rel0_rs2700_rx100_none_none_p0_b1_r1d02_i0_tap0_ph0_gdc420_gimp1000_esd_am8000_t5em05_off10d0_reduced
,,0.0,air8k,2.405348078839774e-08,e6_b2ca09dcfad8a353c350,47.52788306381571,r910k,am8000_chaingdtmov_g1_kprotection_i0_mreduced_qe6_r4d998_x0_s5em05_tau1em09_t25_ron60_u888_t2_vo_v_rel0_rs2700_rx100_none_none_p0_b1_r1d02_i0_tap0_ph0_gdc420_gimp1000_esd_am8000_t5em05_off10d0_reduced
,,0.0,air8k,1.21234815377929e-10,e6_b2ca09dcfad8a353c350,0.5625048424765959,r100k,am8000_chaingdtmov_g1_kprotection_i0_mreduced_qe6_r4d998_x0_s5em05_tau1em09_t25_ron60_u888_t2_vo_v_rel0_rs2700_rx100_none_none_p0_b1_r1d02_i0_tap0_ph0_gdc420_gimp1000_esd_am8000_t5em05_off10d0_reduced
0.0,6.504451233836736e-11,,air8k,2.028717214558937e-06,e6_b2ca09dcfad8a353c350,575.1116381449981,rc1,am8000_chaingdtmov_g1_kprotection_i0_mreduced_qe6_r4d998_x0_s5em05_tau1em09_t25_ron60_u888_t2_vo_v_rel0_rs2700_rx100_none_none_p0_b1_r1d02_i0_tap0_ph0_gdc420_gimp1000_esd_am8000_t5em05_off10d0_reduced
0.0,6.50445123383668e-11,,air8k,2.028717214558937e-06,e6_b2ca09dcfad8a353c350,575.111638145024,rc2,am8000_chaingdtmov_g1_kprotection_i0_mreduced_qe6_r4d998_x0_s5em05_tau1em09_t25_ron60_u888_t2_vo_v_rel0_rs2700_rx100_none_none_p0_b1_r1d02_i0_tap0_ph0_gdc420_gimp1000_esd_am8000_t5em05_off10d0_reduced
0.0,6.504451233836641e-11,,air8k,2.0287172145589377e-06,e6_b2ca09dcfad8a353c350,575.1116381450396,rc3,am8000_chaingdtmov_g1_kprotection_i0_mreduced_qe6_r4d998_x0_s5em05_tau1em09_t25_ron60_u888_t2_vo_v_rel0_rs2700_rx100_none_none_p0_b1_r1d02_i0_tap0_ph0_gdc420_gimp1000_esd_am8000_t5em05_off10d0_reduced
,,2.0868283574191916e-09,air8k,3.8058894120347476e-08,e6_8064d248a430efe841cc,554.8694519482774,r1a,am8000_chaingdtmov_g1_kprotection_i0_mreduced_qe6_r4d998_x0_s5em05_tau1em07_t25_ron60_u888_t2_vo_v_rel0_rs2700_rx100_none_none_p0_b1_r1d02_i0_tap0_ph0_gdc420_gimp1000_esd_am8000_t5em05_off10d0_reduced
,,2.0868283574191916e-09,air8k,3.8058894120347476e-08,e6_8064d248a430efe841cc,554.8694519482779,r1b,am8000_chaingdtmov_g1_kprotection_i0_mreduced_qe6_r4d998_x0_s5em05_tau1em07_t25_ron60_u888_t2_vo_v_rel0_rs2700_rx100_none_none_p0_b1_r1d02_i0_tap0_ph0_gdc420_gimp1000_esd_am8000_t5em05_off10d0_reduced
,,2.0868283574191945e-09,air8k,3.805889412034755e-08,e6_8064d248a430efe841cc,554.8694519482772,r2a,am8000_chaingdtmov_g1_kprotection_i0_mreduced_qe6_r4d998_x0_s5em05_tau1em07_t25_ron60_u888_t2_vo_v_rel0_rs2700_rx100_none_none_p0_b1_r1d02_i0_tap0_ph0_gdc420_gimp1000_esd_am8000_t5em05_off10d0_reduced
,,2.0868283574191932e-09,air8k,3.805889412034755e-08,e6_8064d248a430efe841cc,554.8694519482774,r2b,am8000_chaingdtmov_g1_kprotection_i0_mreduced_qe6_r4d998_x0_s5em05_tau1em07_t25_ron60_u888_t2_vo_v_rel0_rs2700_rx100_none_none_p0_b1_r1d02_i0_tap0_ph0_gdc420_gimp1000_esd_am8000_t5em05_off10d0_reduced
,,2.0868283574191945e-09,air8k,3.805889412034768e-08,e6_8064d248a430efe841cc,554.8694519482774,r3a,am8000_chaingdtmov_g1_kprotection_i0_mreduced_qe6_r4d998_x0_s5em05_tau1em07_t25_ron60_u888_t2_vo_v_rel0_rs2700_rx100_none_none_p0_b1_r1d02_i0_tap0_ph0_gdc420_gimp1000_esd_am8000_t5em05_off10d0_reduced
,,2.0868283574191945e-09,air8k,3.805889412034768e-08,e6_8064d248a430efe841cc,554.8694519482773,r3b,am8000_chaingdtmov_g1_kprotection_i0_mreduced_qe6_r4d998_x0_s5em05_tau1em07_t25_ron60_u888_t2_vo_v_rel0_rs2700_rx100_none_none_p0_b1_r1d02_i0_tap0_ph0_gdc420_gimp1000_esd_am8000_t5em05_off10d0_reduced
,,0.0,air8k,2.2315461542465542e-08,e6_8064d248a430efe841cc,47.68100125780549,r910k,am8000_chaingdtmov_g1_kprotection_i0_mreduced_qe6_r4d998_x0_s5em05_tau1em07_t25_ron60_u888_t2_vo_v_rel0_rs2700_rx100_none_none_p0_b1_r1d02_i0_tap0_ph0_gdc420_gimp1000_esd_am8000_t5em05_off10d0_reduced
,,0.0,air8k,1.2285227771073732e-10,e6_8064d248a430efe841cc,0.5656788049412594,r100k,am8000_chaingdtmov_g1_kprotection_i0_mreduced_qe6_r4d998_x0_s5em05_tau1em07_t25_ron60_u888_t2_vo_v_rel0_rs2700_rx100_none_none_p0_b1_r1d02_i0_tap0_ph0_gdc420_gimp1000_esd_am8000_t5em05_off10d0_reduced
2.5205555206085513e-10,2.032256901738974e-09,,air8k,2.321023483564253e-06,e6_8064d248a430efe841cc,1108.942780094238,rc1,am8000_chaingdtmov_g1_kprotection_i0_mreduced_qe6_r4d998_x0_s5em05_tau1em07_t25_ron60_u888_t2_vo_v_rel0_rs2700_rx100_none_none_p0_b1_r1d02_i0_tap0_ph0_gdc420_gimp1000_esd_am8000_t5em05_off10d0_reduced
2.52055552060855e-10,2.032256901738976e-09,,air8k,2.321023483564253e-06,e6_8064d248a430efe841cc,1108.9427800942376,rc2,am8000_chaingdtmov_g1_kprotection_i0_mreduced_qe6_r4d998_x0_s5em05_tau1em07_t25_ron60_u888_t2_vo_v_rel0_rs2700_rx100_none_none_p0_b1_r1d02_i0_tap0_ph0_gdc420_gimp1000_esd_am8000_t5em05_off10d0_reduced
2.5205555206085487e-10,2.032256901738976e-09,,air8k,2.321023483564253e-06,e6_8064d248a430efe841cc,1108.9427800942376,rc3,am8000_chaingdtmov_g1_kprotection_i0_mreduced_qe6_r4d998_x0_s5em05_tau1em07_t25_ron60_u888_t2_vo_v_rel0_rs2700_rx100_none_none_p0_b1_r1d02_i0_tap0_ph0_gdc420_gimp1000_esd_am8000_t5em05_off10d0_reduced
,,6.508164895827123e-11,air8k,4.076297792465911e-08,e6_2cabcfd35593059c270b,287.614728183499,r1a,am8000_chaingdtmov_g1_kprotection_i0_mreduced_qe6_r4d998_x0_s5em05_tau1em09_t25_ron60_u889_t2_vo_v_rel0_rs2700_rx100_none_none_p0_b1_r1d02_i0_tap0_ph0_gdc780_gimp1000_esd_am8000_t5em05_off10d0_reduced
,,6.508164895827126e-11,air8k,4.076297792465911e-08,e6_2cabcfd35593059c270b,287.614728183499,r1b,am8000_chaingdtmov_g1_kprotection_i0_mreduced_qe6_r4d998_x0_s5em05_tau1em09_t25_ron60_u889_t2_vo_v_rel0_rs2700_rx100_none_none_p0_b1_r1d02_i0_tap0_ph0_gdc780_gimp1000_esd_am8000_t5em05_off10d0_reduced
,,6.508164895827097e-11,air8k,4.076297792465919e-08,e6_2cabcfd35593059c270b,287.6147281835049,r2a,am8000_chaingdtmov_g1_kprotection_i0_mreduced_qe6_r4d998_x0_s5em05_tau1em09_t25_ron60_u889_t2_vo_v_rel0_rs2700_rx100_none_none_p0_b1_r1d02_i0_tap0_ph0_gdc780_gimp1000_esd_am8000_t5em05_off10d0_reduced
,,6.508164895827105e-11,air8k,4.076297792465919e-08,e6_2cabcfd35593059c270b,287.6147281835048,r2b,am8000_chaingdtmov_g1_kprotection_i0_mreduced_qe6_r4d998_x0_s5em05_tau1em09_t25_ron60_u889_t2_vo_v_rel0_rs2700_rx100_none_none_p0_b1_r1d02_i0_tap0_ph0_gdc780_gimp1000_esd_am8000_t5em05_off10d0_reduced
,,6.50816489582708e-11,air8k,4.076297792465933e-08,e6_2cabcfd35593059c270b,287.6147281835084,r3a,am8000_chaingdtmov_g1_kprotection_i0_mreduced_qe6_r4d998_x0_s5em05_tau1em09_t25_ron60_u889_t2_vo_v_rel0_rs2700_rx100_none_none_p0_b1_r1d02_i0_tap0_ph0_gdc780_gimp1000_esd_am8000_t5em05_off10d0_reduced
,,6.50816489582708e-11,air8k,4.076297792465933e-08,e6_2cabcfd35593059c270b,287.6147281835085,r3b,am8000_chaingdtmov_g1_kprotection_i0_mreduced_qe6_r4d998_x0_s5em05_tau1em09_t25_ron60_u889_t2_vo_v_rel0_rs2700_rx100_none_none_p0_b1_r1d02_i0_tap0_ph0_gdc780_gimp1000_esd_am8000_t5em05_off10d0_reduced
,,0.0,air8k,2.4053480735471883e-08,e6_2cabcfd35593059c270b,47.52788306391175,r910k,am8000_chaingdtmov_g1_kprotection_i0_mreduced_qe6_r4d998_x0_s5em05_tau1em09_t25_ron60_u889_t2_vo_v_rel0_rs2700_rx100_none_none_p0_b1_r1d02_i0_tap0_ph0_gdc780_gimp1000_esd_am8000_t5em05_off10d0_reduced
,,0.0,air8k,1.2123481538381118e-10,e6_2cabcfd35593059c270b,0.5625048424766023,r100k,am8000_chaingdtmov_g1_kprotection_i0_mreduced_qe6_r4d998_x0_s5em05_tau1em09_t25_ron60_u889_t2_vo_v_rel0_rs2700_rx100_none_none_p0_b1_r1d02_i0_tap0_ph0_gdc780_gimp1000_esd_am8000_t5em05_off10d0_reduced
0.0,6.504451229696935e-11,,air8k,2.0287172145961762e-06,e6_2cabcfd35593059c270b,575.1116381640431,rc1,am8000_chaingdtmov_g1_kprotection_i0_mreduced_qe6_r4d998_x0_s5em05_tau1em09_t25_ron60_u889_t2_vo_v_rel0_rs2700_rx100_none_none_p0_b1_r1d02_i0_tap0_ph0_gdc780_gimp1000_esd_am8000_t5em05_off10d0_reduced
0.0,6.504451229696915e-11,,air8k,2.0287172145961767e-06,e6_2cabcfd35593059c270b,575.1116381640546,rc2,am8000_chaingdtmov_g1_kprotection_i0_mreduced_qe6_r4d998_x0_s5em05_tau1em09_t25_ron60_u889_t2_vo_v_rel0_rs2700_rx100_none_none_p0_b1_r1d02_i0_tap0_ph0_gdc780_gimp1000_esd_am8000_t5em05_off10d0_reduced
0.0,6.504451229696894e-11,,air8k,2.0287172145961767e-06,e6_2cabcfd35593059c270b,575.1116381640619,rc3,am8000_chaingdtmov_g1_kprotection_i0_mreduced_qe6_r4d998_x0_s5em05_tau1em09_t25_ron60_u889_t2_vo_v_rel0_rs2700_rx100_none_none_p0_b1_r1d02_i0_tap0_ph0_gdc780_gimp1000_esd_am8000_t5em05_off10d0_reduced
,,2.086828357419186e-09,air8k,3.805889402684127e-08,e6_6f99f036d82521064032,554.8694519482779,r1a,am8000_chaingdtmov_g1_kprotection_i0_mreduced_qe6_r4d998_x0_s5em05_tau1em07_t25_ron60_u889_t2_vo_v_rel0_rs2700_rx100_none_none_p0_b1_r1d02_i0_tap0_ph0_gdc780_gimp1000_esd_am8000_t5em05_off10d0_reduced
,,2.0868283574191854e-09,air8k,3.805889402684127e-08,e6_6f99f036d82521064032,554.8694519482779,r1b,am8000_chaingdtmov_g1_kprotection_i0_mreduced_qe6_r4d998_x0_s5em05_tau1em07_t25_ron60_u889_t2_vo_v_rel0_rs2700_rx100_none_none_p0_b1_r1d02_i0_tap0_ph0_gdc780_gimp1000_esd_am8000_t5em05_off10d0_reduced
,,2.086828357419189e-09,air8k,3.805889402684135e-08,e6_6f99f036d82521064032,554.869451948277,r2a,am8000_chaingdtmov_g1_kprotection_i0_mreduced_qe6_r4d998_x0_s5em05_tau1em07_t25_ron60_u889_t2_vo_v_rel0_rs2700_rx100_none_none_p0_b1_r1d02_i0_tap0_ph0_gdc780_gimp1000_esd_am8000_t5em05_off10d0_reduced
,,2.086828357419187e-09,air8k,3.805889402684135e-08,e6_6f99f036d82521064032,554.869451948277,r2b,am8000_chaingdtmov_g1_kprotection_i0_mreduced_qe6_r4d998_x0_s5em05_tau1em07_t25_ron60_u889_t2_vo_v_rel0_rs2700_rx100_none_none_p0_b1_r1d02_i0_tap0_ph0_gdc780_gimp1000_esd_am8000_t5em05_off10d0_reduced
,,2.086828357419188e-09,air8k,3.8058894026841484e-08,e6_6f99f036d82521064032,554.8694519482763,r3a,am8000_chaingdtmov_g1_kprotection_i0_mreduced_qe6_r4d998_x0_s5em05_tau1em07_t25_ron60_u889_t2_vo_v_rel0_rs2700_rx100_none_none_p0_b1_r1d02_i0_tap0_ph0_gdc780_gimp1000_esd_am8000_t5em05_off10d0_reduced
,,2.0868283574191887e-09,air8k,3.8058894026841484e-08,e6_6f99f036d82521064032,554.8694519482764,r3b,am8000_chaingdtmov_g1_kprotection_i0_mreduced_qe6_r4d998_x0_s5em05_tau1em07_t25_ron60_u889_t2_vo_v_rel0_rs2700_rx100_none_none_p0_b1_r1d02_i0_tap0_ph0_gdc780_gimp1000_esd_am8000_t5em05_off10d0_reduced
,,0.0,air8k,2.231546148569551e-08,e6_6f99f036d82521064032,47.68100125695825,r910k,am8000_chaingdtmov_g1_kprotection_i0_mreduced_qe6_r4d998_x0_s5em05_tau1em07_t25_ron60_u889_t2_vo_v_rel0_rs2700_rx100_none_none_p0_b1_r1d02_i0_tap0_ph0_gdc780_gimp1000_esd_am8000_t5em05_off10d0_reduced
,,0.0,air8k,1.2285227776092576e-10,e6_6f99f036d82521064032,0.5656788049412594,r100k,am8000_chaingdtmov_g1_kprotection_i0_mreduced_qe6_r4d998_x0_s5em05_tau1em07_t25_ron60_u889_t2_vo_v_rel0_rs2700_rx100_none_none_p0_b1_r1d02_i0_tap0_ph0_gdc780_gimp1000_esd_am8000_t5em05_off10d0_reduced
2.52055552060865e-10,2.0322569017389665e-09,,air8k,2.3210234836891837e-06,e6_6f99f036d82521064032,1108.942780094239,rc1,am8000_chaingdtmov_g1_kprotection_i0_mreduced_qe6_r4d998_x0_s5em05_tau1em07_t25_ron60_u889_t2_vo_v_rel0_rs2700_rx100_none_none_p0_b1_r1d02_i0_tap0_ph0_gdc780_gimp1000_esd_am8000_t5em05_off10d0_reduced
2.5205555206086496e-10,2.0322569017389678e-09,,air8k,2.3210234836891837e-06,e6_6f99f036d82521064032,1108.942780094237,rc2,am8000_chaingdtmov_g1_kprotection_i0_mreduced_qe6_r4d998_x0_s5em05_tau1em07_t25_ron60_u889_t2_vo_v_rel0_rs2700_rx100_none_none_p0_b1_r1d02_i0_tap0_ph0_gdc780_gimp1000_esd_am8000_t5em05_off10d0_reduced
2.5205555206086475e-10,2.0322569017389686e-09,,air8k,2.3210234836891837e-06,e6_6f99f036d82521064032,1108.9427800942356,rc3,am8000_chaingdtmov_g1_kprotection_i0_mreduced_qe6_r4d998_x0_s5em05_tau1em07_t25_ron60_u889_t2_vo_v_rel0_rs2700_rx100_none_none_p0_b1_r1d02_i0_tap0_ph0_gdc780_gimp1000_esd_am8000_t5em05_off10d0_reduced
,,6.510358327241686e-11,air8k,4.0439204375198844e-08,e6_fc7ebb5619700830792b,287.84680874826176,r1a,a8000_chaingdtmov_g1_kprotection_i0_mreduced_qe6_r4d802_x0_s5em05_tau1em09_t25_ron60_u890_t2_vo_v_rel0_rs2700_rx100_none_none_p1_b0_r0d98_i0_tap0_ph0_gdc420_gimp1000_esd_a8000_t5em05_off10d0_reduced
,,6.510358327241688e-11,air8k,4.0439204375198844e-08,e6_fc7ebb5619700830792b,287.84680874826154,r1b,a8000_chaingdtmov_g1_kprotection_i0_mreduced_qe6_r4d802_x0_s5em05_tau1em09_t25_ron60_u890_t2_vo_v_rel0_rs2700_rx100_none_none_p1_b0_r0d98_i0_tap0_ph0_gdc420_gimp1000_esd_a8000_t5em05_off10d0_reduced
,,6.510358327241683e-11,air8k,4.043920437519894e-08,e6_fc7ebb5619700830792b,287.846808748268,r2a,a8000_chaingdtmov_g1_kprotection_i0_mreduced_qe6_r4d802_x0_s5em05_tau1em09_t25_ron60_u890_t2_vo_v_rel0_rs2700_rx100_none_none_p1_b0_r0d98_i0_tap0_ph0_gdc420_gimp1000_esd_a8000_t5em05_off10d0_reduced
,,6.510358327241688e-11,air8k,4.043920437519893e-08,e6_fc7ebb5619700830792b,287.8468087482678,r2b,a8000_chaingdtmov_g1_kprotection_i0_mreduced_qe6_r4d802_x0_s5em05_tau1em09_t25_ron60_u890_t2_vo_v_rel0_rs2700_rx100_none_none_p1_b0_r0d98_i0_tap0_ph0_gdc420_gimp1000_esd_a8000_t5em05_off10d0_reduced
,,6.510358327241682e-11,air8k,4.043920437519899e-08,e6_fc7ebb5619700830792b,287.84680874827103,r3a,a8000_chaingdtmov_g1_kprotection_i0_mreduced_qe6_r4d802_x0_s5em05_tau1em09_t25_ron60_u890_t2_vo_v_rel0_rs2700_rx100_none_none_p1_b0_r0d98_i0_tap0_ph0_gdc420_gimp1000_esd_a8000_t5em05_off10d0_reduced
,,6.510358327241683e-11,air8k,4.043920437519899e-08,e6_fc7ebb5619700830792b,287.846808748271,r3b,a8000_chaingdtmov_g1_kprotection_i0_mreduced_qe6_r4d802_x0_s5em05_tau1em09_t25_ron60_u890_t2_vo_v_rel0_rs2700_rx100_none_none_p1_b0_r0d98_i0_tap0_ph0_gdc420_gimp1000_esd_a8000_t5em05_off10d0_reduced
,,0.0,air8k,2.386100561291198e-08,e6_fc7ebb5619700830792b,47.175433012445126,r910k,a8000_chaingdtmov_g1_kprotection_i0_mreduced_qe6_r4d802_x0_s5em05_tau1em09_t25_ron60_u890_t2_vo_v_rel0_rs2700_rx100_none_none_p1_b0_r0d98_i0_tap0_ph0_gdc420_gimp1000_esd_a8000_t5em05_off10d0_reduced
,,0.0,air8k,2.6187821060196565e-09,e6_fc7ebb5619700830792b,5.180671246529273,r100k,a8000_chaingdtmov_g1_kprotection_i0_mreduced_qe6_r4d802_x0_s5em05_tau1em09_t25_ron60_u890_t2_vo_v_rel0_rs2700_rx100_none_none_p1_b0_r0d98_i0_tap0_ph0_gdc420_gimp1000_esd_a8000_t5em05_off10d0_reduced
0.0,6.506182621670722e-11,,air8k,2.0145368059492443e-06,e6_fc7ebb5619700830792b,575.5694427781073,rc1,a8000_chaingdtmov_g1_kprotection_i0_mreduced_qe6_r4d802_x0_s5em05_tau1em09_t25_ron60_u890_t2_vo_v_rel0_rs2700_rx100_none_none_p1_b0_r0d98_i0_tap0_ph0_gdc420_gimp1000_esd_a8000_t5em05_off10d0_reduced
0.0,6.50618262167072e-11,,air8k,2.0145368059492443e-06,e6_fc7ebb5619700830792b,575.5694427781197,rc2,a8000_chaingdtmov_g1_kprotection_i0_mreduced_qe6_r4d802_x0_s5em05_tau1em09_t25_ron60_u890_t2_vo_v_rel0_rs2700_rx100_none_none_p1_b0_r0d98_i0_tap0_ph0_gdc420_gimp1000_esd_a8000_t5em05_off10d0_reduced
0.0,6.506182621670717e-11,,air8k,2.0145368059492448e-06,e6_fc7ebb5619700830792b,575.5694427781259,rc3,a8000_chaingdtmov_g1_kprotection_i0_mreduced_qe6_r4d802_x0_s5em05_tau1em09_t25_ron60_u890_t2_vo_v_rel0_rs2700_rx100_none_none_p1_b0_r0d98_i0_tap0_ph0_gdc420_gimp1000_esd_a8000_t5em05_off10d0_reduced
,,2.077804821302519e-09,air8k,3.77531913339568e-08,e6_92f0f3a5593aeff1fbe5,554.0472516905784,r1a,a8000_chaingdtmov_g1_kprotection_i0_mreduced_qe6_r4d802_x0_s5em05_tau1em07_t25_ron60_u890_t2_vo_v_rel0_rs2700_rx100_none_none_p1_b0_r0d98_i0_tap0_ph0_gdc420_gimp1000_esd_a8000_t5em05_off10d0_reduced
,,2.077804821302519e-09,air8k,3.77531913339568e-08,e6_92f0f3a5593aeff1fbe5,554.0472516905779,r1b,a8000_chaingdtmov_g1_kprotection_i0_mreduced_qe6_r4d802_x0_s5em05_tau1em07_t25_ron60_u890_t2_vo_v_rel0_rs2700_rx100_none_none_p1_b0_r0d98_i0_tap0_ph0_gdc420_gimp1000_esd_a8000_t5em05_off10d0_reduced
,,2.0778048213025216e-09,air8k,3.775319133395688e-08,e6_92f0f3a5593aeff1fbe5,554.0472516905782,r2a,a8000_chaingdtmov_g1_kprotection_i0_mreduced_qe6_r4d802_x0_s5em05_tau1em07_t25_ron60_u890_t2_vo_v_rel0_rs2700_rx100_none_none_p1_b0_r0d98_i0_tap0_ph0_gdc420_gimp1000_esd_a8000_t5em05_off10d0_reduced
,,2.0778048213025203e-09,air8k,3.775319133395688e-08,e6_92f0f3a5593aeff1fbe5,554.0472516905782,r2b,a8000_chaingdtmov_g1_kprotection_i0_mreduced_qe6_r4d802_x0_s5em05_tau1em07_t25_ron60_u890_t2_vo_v_rel0_rs2700_rx100_none_none_p1_b0_r0d98_i0_tap0_ph0_gdc420_gimp1000_esd_a8000_t5em05_off10d0_reduced
,,2.0778048213025207e-09,air8k,3.775319133395694e-08,e6_92f0f3a5593aeff1fbe5,554.047251690578,r3a,a8000_chaingdtmov_g1_kprotection_i0_mreduced_qe6_r4d802_x0_s5em05_tau1em07_t25_ron60_u890_t2_vo_v_rel0_rs2700_rx100_none_none_p1_b0_r0d98_i0_tap0_ph0_gdc420_gimp1000_esd_a8000_t5em05_off10d0_reduced
,,2.0778048213025207e-09,air8k,3.775319133395694e-08,e6_92f0f3a5593aeff1fbe5,554.0472516905782,r3b,a8000_chaingdtmov_g1_kprotection_i0_mreduced_qe6_r4d802_x0_s5em05_tau1em07_t25_ron60_u890_t2_vo_v_rel0_rs2700_rx100_none_none_p1_b0_r0d98_i0_tap0_ph0_gdc420_gimp1000_esd_a8000_t5em05_off10d0_reduced
,,0.0,air8k,2.213445666011013e-08,e6_92f0f3a5593aeff1fbe5,47.32813770828846,r910k,a8000_chaingdtmov_g1_kprotection_i0_mreduced_qe6_r4d802_x0_s5em05_tau1em07_t25_ron60_u890_t2_vo_v_rel0_rs2700_rx100_none_none_p1_b0_r0d98_i0_tap0_ph0_gdc420_gimp1000_esd_a8000_t5em05_off10d0_reduced
,,0.0,air8k,2.4292900551881835e-09,e6_92f0f3a5593aeff1fbe5,5.197440766526383,r100k,a8000_chaingdtmov_g1_kprotection_i0_mreduced_qe6_r4d802_x0_s5em05_tau1em07_t25_ron60_u890_t2_vo_v_rel0_rs2700_rx100_none_none_p1_b0_r0d98_i0_tap0_ph0_gdc420_gimp1000_esd_a8000_t5em05_off10d0_reduced
2.4979523081447874e-10,2.035467402782671e-09,,air8k,2.3054234127074315e-06,e6_92f0f3a5593aeff1fbe5,1107.3213930574111,rc1,a8000_chaingdtmov_g1_kprotection_i0_mreduced_qe6_r4d802_x0_s5em05_tau1em07_t25_ron60_u890_t2_vo_v_rel0_rs2700_rx100_none_none_p1_b0_r0d98_i0_tap0_ph0_gdc420_gimp1000_esd_a8000_t5em05_off10d0_reduced
2.497952308144781e-10,2.035467402782672e-09,,air8k,2.305423412707432e-06,e6_92f0f3a5593aeff1fbe5,1107.321393057411,rc2,a8000_chaingdtmov_g1_kprotection_i0_mreduced_qe6_r4d802_x0_s5em05_tau1em07_t25_ron60_u890_t2_vo_v_rel0_rs2700_rx100_none_none_p1_b0_r0d98_i0_tap0_ph0_gdc420_gimp1000_esd_a8000_t5em05_off10d0_reduced
2.4979523081447797e-10,2.035467402782672e-09,,air8k,2.3054234127074315e-06,e6_92f0f3a5593aeff1fbe5,1107.321393057411,rc3,a8000_chaingdtmov_g1_kprotection_i0_mreduced_qe6_r4d802_x0_s5em05_tau1em07_t25_ron60_u890_t2_vo_v_rel0_rs2700_rx100_none_none_p1_b0_r0d98_i0_tap0_ph0_gdc420_gimp1000_esd_a8000_t5em05_off10d0_reduced
,,6.510358324753408e-11,air8k,4.043920428898486e-08,e6_65f477a0420912979c84,287.84680874258584,r1a,a8000_chaingdtmov_g1_kprotection_i0_mreduced_qe6_r4d802_x0_s5em05_tau1em09_t25_ron60_u891_t2_vo_v_rel0_rs2700_rx100_none_none_p1_b0_r0d98_i0_tap0_ph0_gdc780_gimp1000_esd_a8000_t5em05_off10d0_reduced
,,6.5103583247534e-11,air8k,4.043920428898486e-08,e6_65f477a0420912979c84,287.8468087425856,r1b,a8000_chaingdtmov_g1_kprotection_i0_mreduced_qe6_r4d802_x0_s5em05_tau1em09_t25_ron60_u891_t2_vo_v_rel0_rs2700_rx100_none_none_p1_b0_r0d98_i0_tap0_ph0_gdc780_gimp1000_esd_a8000_t5em05_off10d0_reduced
,,6.510358324753408e-11,air8k,4.043920428898495e-08,e6_65f477a0420912979c84,287.846808742587,r2a,a8000_chaingdtmov_g1_kprotection_i0_mreduced_qe6_r4d802_x0_s5em05_tau1em09_t25_ron60_u891_t2_vo_v_rel0_rs2700_rx100_none_none_p1_b0_r0d98_i0_tap0_ph0_gdc780_gimp1000_esd_a8000_t5em05_off10d0_reduced
,,6.5103583247534e-11,air8k,4.043920428898495e-08,e6_65f477a0420912979c84,287.84680874258686,r2b,a8000_chaingdtmov_g1_kprotection_i0_mreduced_qe6_r4d802_x0_s5em05_tau1em09_t25_ron60_u891_t2_vo_v_rel0_rs2700_rx100_none_none_p1_b0_r0d98_i0_tap0_ph0_gdc780_gimp1000_esd_a8000_t5em05_off10d0_reduced
,,6.510358324753402e-11,air8k,4.0439204288985004e-08,e6_65f477a0420912979c84,287.8468087425876,r3a,a8000_chaingdtmov_g1_kprotection_i0_mreduced_qe6_r4d802_x0_s5em05_tau1em09_t25_ron60_u891_t2_vo_v_rel0_rs2700_rx100_none_none_p1_b0_r0d98_i0_tap0_ph0_gdc780_gimp1000_esd_a8000_t5em05_off10d0_reduced
,,6.510358324753402e-11,air8k,4.0439204288985004e-08,e6_65f477a0420912979c84,287.84680874258754,r3b,a8000_chaingdtmov_g1_kprotection_i0_mreduced_qe6_r4d802_x0_s5em05_tau1em09_t25_ron60_u891_t2_vo_v_rel0_rs2700_rx100_none_none_p1_b0_r0d98_i0_tap0_ph0_gdc780_gimp1000_esd_a8000_t5em05_off10d0_reduced
,,0.0,air8k,2.3861005560553735e-08,e6_65f477a0420912979c84,47.175433012541085,r910k,a8000_chaingdtmov_g1_kprotection_i0_mreduced_qe6_r4d802_x0_s5em05_tau1em09_t25_ron60_u891_t2_vo_v_rel0_rs2700_rx100_none_none_p1_b0_r0d98_i0_tap0_ph0_gdc780_gimp1000_esd_a8000_t5em05_off10d0_reduced
,,0.0,air8k,2.61878210027325e-09,e6_65f477a0420912979c84,5.180671246539811,r100k,a8000_chaingdtmov_g1_kprotection_i0_mreduced_qe6_r4d802_x0_s5em05_tau1em09_t25_ron60_u891_t2_vo_v_rel0_rs2700_rx100_none_none_p1_b0_r0d98_i0_tap0_ph0_gdc780_gimp1000_esd_a8000_t5em05_off10d0_reduced
0.0,6.506182619184375e-11,,air8k,2.0145368059904546e-06,e6_65f477a0420912979c84,575.5694427667731,rc1,a8000_chaingdtmov_g1_kprotection_i0_mreduced_qe6_r4d802_x0_s5em05_tau1em09_t25_ron60_u891_t2_vo_v_rel0_rs2700_rx100_none_none_p1_b0_r0d98_i0_tap0_ph0_gdc780_gimp1000_esd_a8000_t5em05_off10d0_reduced
0.0,6.506182619184372e-11,,air8k,2.0145368059904538e-06,e6_65f477a0420912979c84,575.5694427667755,rc2,a8000_chaingdtmov_g1_kprotection_i0_mreduced_qe6_r4d802_x0_s5em05_tau1em09_t25_ron60_u891_t2_vo_v_rel0_rs2700_rx100_none_none_p1_b0_r0d98_i0_tap0_ph0_gdc780_gimp1000_esd_a8000_t5em05_off10d0_reduced
0.0,6.506182619184371e-11,,air8k,2.0145368059904538e-06,e6_65f477a0420912979c84,575.5694427667768,rc3,a8000_chaingdtmov_g1_kprotection_i0_mreduced_qe6_r4d802_x0_s5em05_tau1em09_t25_ron60_u891_t2_vo_v_rel0_rs2700_rx100_none_none_p1_b0_r0d98_i0_tap0_ph0_gdc780_gimp1000_esd_a8000_t5em05_off10d0_reduced
,,2.0778048213025158e-09,air8k,3.775319124136737e-08,e6_3bb81092828adf6423e2,554.0472516905788,r1a,a8000_chaingdtmov_g1_kprotection_i0_mreduced_qe6_r4d802_x0_s5em05_tau1em07_t25_ron60_u891_t2_vo_v_rel0_rs2700_rx100_none_none_p1_b0_r0d98_i0_tap0_ph0_gdc780_gimp1000_esd_a8000_t5em05_off10d0_reduced
,,2.0778048213025158e-09,air8k,3.775319124136737e-08,e6_3bb81092828adf6423e2,554.0472516905788,r1b,a8000_chaingdtmov_g1_kprotection_i0_mreduced_qe6_r4d802_x0_s5em05_tau1em07_t25_ron60_u891_t2_vo_v_rel0_rs2700_rx100_none_none_p1_b0_r0d98_i0_tap0_ph0_gdc780_gimp1000_esd_a8000_t5em05_off10d0_reduced
,,2.0778048213025158e-09,air8k,3.775319124136745e-08,e6_3bb81092828adf6423e2,554.0472516905791,r2a,a8000_chaingdtmov_g1_kprotection_i0_mreduced_qe6_r4d802_x0_s5em05_tau1em07_t25_ron60_u891_t2_vo_v_rel0_rs2700_rx100_none_none_p1_b0_r0d98_i0_tap0_ph0_gdc780_gimp1000_esd_a8000_t5em05_off10d0_reduced
,,2.077804821302517e-09,air8k,3.7753191241367443e-08,e6_3bb81092828adf6423e2,554.0472516905791,r2b,a8000_chaingdtmov_g1_kprotection_i0_mreduced_qe6_r4d802_x0_s5em05_tau1em07_t25_ron60_u891_t2_vo_v_rel0_rs2700_rx100_none_none_p1_b0_r0d98_i0_tap0_ph0_gdc780_gimp1000_esd_a8000_t5em05_off10d0_reduced
,,2.0778048213025166e-09,air8k,3.77531912413675e-08,e6_3bb81092828adf6423e2,554.0472516905791,r3a,a8000_chaingdtmov_g1_kprotection_i0_mreduced_qe6_r4d802_x0_s5em05_tau1em07_t25_ron60_u891_t2_vo_v_rel0_rs2700_rx100_none_none_p1_b0_r0d98_i0_tap0_ph0_gdc780_gimp1000_esd_a8000_t5em05_off10d0_reduced
,,2.077804821302517e-09,air8k,3.775319124136751e-08,e6_3bb81092828adf6423e2,554.047251690579,r3b,a8000_chaingdtmov_g1_kprotection_i0_mreduced_qe6_r4d802_x0_s5em05_tau1em07_t25_ron60_u891_t2_vo_v_rel0_rs2700_rx100_none_none_p1_b0_r0d98_i0_tap0_ph0_gdc780_gimp1000_esd_a8000_t5em05_off10d0_reduced
,,0.0,air8k,2.2134456603896333e-08,e6_3bb81092828adf6423e2,47.32813770743797,r910k,a8000_chaingdtmov_g1_kprotection_i0_mreduced_qe6_r4d802_x0_s5em05_tau1em07_t25_ron60_u891_t2_vo_v_rel0_rs2700_rx100_none_none_p1_b0_r0d98_i0_tap0_ph0_gdc780_gimp1000_esd_a8000_t5em05_off10d0_reduced
,,0.0,air8k,2.4292900490186193e-09,e6_3bb81092828adf6423e2,5.197440766432984,r100k,a8000_chaingdtmov_g1_kprotection_i0_mreduced_qe6_r4d802_x0_s5em05_tau1em07_t25_ron60_u891_t2_vo_v_rel0_rs2700_rx100_none_none_p1_b0_r0d98_i0_tap0_ph0_gdc780_gimp1000_esd_a8000_t5em05_off10d0_reduced
2.497952308144723e-10,2.0354674027826676e-09,,air8k,2.305423412834893e-06,e6_3bb81092828adf6423e2,1107.3213930574125,rc1,a8000_chaingdtmov_g1_kprotection_i0_mreduced_qe6_r4d802_x0_s5em05_tau1em07_t25_ron60_u891_t2_vo_v_rel0_rs2700_rx100_none_none_p1_b0_r0d98_i0_tap0_ph0_gdc780_gimp1000_esd_a8000_t5em05_off10d0_reduced
2.4979523081447135e-10,2.0354674027826685e-09,,air8k,2.305423412834893e-06,e6_3bb81092828adf6423e2,1107.321393057413,rc2,a8000_chaingdtmov_g1_kprotection_i0_mreduced_qe6_r4d802_x0_s5em05_tau1em07_t25_ron60_u891_t2_vo_v_rel0_rs2700_rx100_none_none_p1_b0_r0d98_i0_tap0_ph0_gdc780_gimp1000_esd_a8000_t5em05_off10d0_reduced
2.4979523081447114e-10,2.0354674027826685e-09,,air8k,2.305423412834893e-06,e6_3bb81092828adf6423e2,1107.3213930574127,rc3,a8000_chaingdtmov_g1_kprotection_i0_mreduced_qe6_r4d802_x0_s5em05_tau1em07_t25_ron60_u891_t2_vo_v_rel0_rs2700_rx100_none_none_p1_b0_r0d98_i0_tap0_ph0_gdc780_gimp1000_esd_a8000_t5em05_off10d0_reduced
,,6.518241760839987e-11,air8k,4.0764611741978905e-08,e6_c8cc09c82668db844594,287.3663384676006,r1a,a8000_chaingdtmov_g1_kprotection_i0_mreduced_qe6_r4d802_x0_s5em05_tau1em09_t25_ron60_u892_t2_vo_v_rel0_rs2700_rx100_none_none_p0_b0_r0d98_i0_tap0_ph0_gdc420_gimp1000_esd_a8000_t5em05_off10d0_reduced
,,6.51824176083998e-11,air8k,4.076461174197892e-08,e6_c8cc09c82668db844594,287.3663384676006,r1b,a8000_chaingdtmov_g1_kprotection_i0_mreduced_qe6_r4d802_x0_s5em05_tau1em09_t25_ron60_u892_t2_vo_v_rel0_rs2700_rx100_none_none_p0_b0_r0d98_i0_tap0_ph0_gdc420_gimp1000_esd_a8000_t5em05_off10d0_reduced
,,6.518241760839966e-11,air8k,4.0764611741979004e-08,e6_c8cc09c82668db844594,287.3663384676114,r2a,a8000_chaingdtmov_g1_kprotection_i0_mreduced_qe6_r4d802_x0_s5em05_tau1em09_t25_ron60_u892_t2_vo_v_rel0_rs2700_rx100_none_none_p0_b0_r0d98_i0_tap0_ph0_gdc420_gimp1000_esd_a8000_t5em05_off10d0_reduced
,,6.518241760839966e-11,air8k,4.0764611741979e-08,e6_c8cc09c82668db844594,287.3663384676113,r2b,a8000_chaingdtmov_g1_kprotection_i0_mreduced_qe6_r4d802_x0_s5em05_tau1em09_t25_ron60_u892_t2_vo_v_rel0_rs2700_rx100_none_none_p0_b0_r0d98_i0_tap0_ph0_gdc420_gimp1000_esd_a8000_t5em05_off10d0_reduced
,,6.518241760839972e-11,air8k,4.0764611741979137e-08,e6_c8cc09c82668db844594,287.36633846761555,r3a,a8000_chaingdtmov_g1_kprotection_i0_mreduced_qe6_r4d802_x0_s5em05_tau1em09_t25_ron60_u892_t2_vo_v_rel0_rs2700_rx100_none_none_p0_b0_r0d98_i0_tap0_ph0_gdc420_gimp1000_esd_a8000_t5em05_off10d0_reduced
,,6.518241760839974e-11,air8k,4.0764611741979137e-08,e6_c8cc09c82668db844594,287.36633846761555,r3b,a8000_chaingdtmov_g1_kprotection_i0_mreduced_qe6_r4d802_x0_s5em05_tau1em09_t25_ron60_u892_t2_vo_v_rel0_rs2700_rx100_none_none_p0_b0_r0d98_i0_tap0_ph0_gdc420_gimp1000_esd_a8000_t5em05_off10d0_reduced
,,0.0,air8k,2.405447298085394e-08,e6_c8cc09c82668db844594,47.52788029880669,r910k,a8000_chaingdtmov_g1_kprotection_i0_mreduced_qe6_r4d802_x0_s5em05_tau1em09_t25_ron60_u892_t2_vo_v_rel0_rs2700_rx100_none_none_p0_b0_r0d98_i0_tap0_ph0_gdc420_gimp1000_esd_a8000_t5em05_off10d0_reduced
,,0.0,air8k,1.2123491895579227e-10,e6_c8cc09c82668db844594,0.5625119557377599,r100k,a8000_chaingdtmov_g1_kprotection_i0_mreduced_qe6_r4d802_x0_s5em05_tau1em09_t25_ron60_u892_t2_vo_v_rel0_rs2700_rx100_none_none_p0_b0_r0d98_i0_tap0_ph0_gdc420_gimp1000_esd_a8000_t5em05_off10d0_reduced
0.0,6.514482958376797e-11,,air8k,2.0287140847878736e-06,e6_c8cc09c82668db844594,574.6151174085653,rc1,a8000_chaingdtmov_g1_kprotection_i0_mreduced_qe6_r4d802_x0_s5em05_tau1em09_t25_ron60_u892_t2_vo_v_rel0_rs2700_rx100_none_none_p0_b0_r0d98_i0_tap0_ph0_gdc420_gimp1000_esd_a8000_t5em05_off10d0_reduced
0.0,6.514482958376779e-11,,air8k,2.0287140847878736e-06,e6_c8cc09c82668db844594,574.6151174085867,rc2,a8000_chaingdtmov_g1_kprotection_i0_mreduced_qe6_r4d802_x0_s5em05_tau1em09_t25_ron60_u892_t2_vo_v_rel0_rs2700_rx100_none_none_p0_b0_r0d98_i0_tap0_ph0_gdc420_gimp1000_esd_a8000_t5em05_off10d0_reduced
0.0,6.514482958376784e-11,,air8k,2.028714084787873e-06,e6_c8cc09c82668db844594,574.6151174085951,rc3,a8000_chaingdtmov_g1_kprotection_i0_mreduced_qe6_r4d802_x0_s5em05_tau1em09_t25_ron60_u892_t2_vo_v_rel0_rs2700_rx100_none_none_p0_b0_r0d98_i0_tap0_ph0_gdc420_gimp1000_esd_a8000_t5em05_off10d0_reduced
,,2.087449347014549e-09,air8k,3.806167466512275e-08,e6_fbaeacdef409afd50268,556.5404623150239,r1a,a8000_chaingdtmov_g1_kprotection_i0_mreduced_qe6_r4d802_x0_s5em05_tau1em07_t25_ron60_u892_t2_vo_v_rel0_rs2700_rx100_none_none_p0_b0_r0d98_i0_tap0_ph0_gdc420_gimp1000_esd_a8000_t5em05_off10d0_reduced
,,2.087449347014551e-09,air8k,3.806167466512275e-08,e6_fbaeacdef409afd50268,556.5404623150239,r1b,a8000_chaingdtmov_g1_kprotection_i0_mreduced_qe6_r4d802_x0_s5em05_tau1em07_t25_ron60_u892_t2_vo_v_rel0_rs2700_rx100_none_none_p0_b0_r0d98_i0_tap0_ph0_gdc420_gimp1000_esd_a8000_t5em05_off10d0_reduced
,,2.087449347014554e-09,air8k,3.806167466512284e-08,e6_fbaeacdef409afd50268,556.540462315023,r2a,a8000_chaingdtmov_g1_kprotection_i0_mreduced_qe6_r4d802_x0_s5em05_tau1em07_t25_ron60_u892_t2_vo_v_rel0_rs2700_rx100_none_none_p0_b0_r0d98_i0_tap0_ph0_gdc420_gimp1000_esd_a8000_t5em05_off10d0_reduced
,,2.087449347014553e-09,air8k,3.806167466512284e-08,e6_fbaeacdef409afd50268,556.5404623150228,r2b,a8000_chaingdtmov_g1_kprotection_i0_mreduced_qe6_r4d802_x0_s5em05_tau1em07_t25_ron60_u892_t2_vo_v_rel0_rs2700_rx100_none_none_p0_b0_r0d98_i0_tap0_ph0_gdc420_gimp1000_esd_a8000_t5em05_off10d0_reduced
,,2.0874493470145555e-09,air8k,3.806167466512297e-08,e6_fbaeacdef409afd50268,556.5404623150224,r3a,a8000_chaingdtmov_g1_kprotection_i0_mreduced_qe6_r4d802_x0_s5em05_tau1em07_t25_ron60_u892_t2_vo_v_rel0_rs2700_rx100_none_none_p0_b0_r0d98_i0_tap0_ph0_gdc420_gimp1000_esd_a8000_t5em05_off10d0_reduced
,,2.087449347014555e-09,air8k,3.806167466512297e-08,e6_fbaeacdef409afd50268,556.5404623150224,r3b,a8000_chaingdtmov_g1_kprotection_i0_mreduced_qe6_r4d802_x0_s5em05_tau1em07_t25_ron60_u892_t2_vo_v_rel0_rs2700_rx100_none_none_p0_b0_r0d98_i0_tap0_ph0_gdc420_gimp1000_esd_a8000_t5em05_off10d0_reduced
,,0.0,air8k,2.231714037226965e-08,e6_fbaeacdef409afd50268,47.68101319628583,r910k,a8000_chaingdtmov_g1_kprotection_i0_mreduced_qe6_r4d802_x0_s5em05_tau1em07_t25_ron60_u892_t2_vo_v_rel0_rs2700_rx100_none_none_p0_b0_r0d98_i0_tap0_ph0_gdc420_gimp1000_esd_a8000_t5em05_off10d0_reduced
,,0.0,air8k,1.2284948308056715e-10,e6_fbaeacdef409afd50268,0.5656770814185025,r100k,a8000_chaingdtmov_g1_kprotection_i0_mreduced_qe6_r4d802_x0_s5em05_tau1em07_t25_ron60_u892_t2_vo_v_rel0_rs2700_rx100_none_none_p0_b0_r0d98_i0_tap0_ph0_gdc420_gimp1000_esd_a8000_t5em05_off10d0_reduced
2.5157426089790605e-10,2.0343901572997284e-09,,air8k,2.3210469457965746e-06,e6_fbaeacdef409afd50268,1112.3183298207928,rc1,a8000_chaingdtmov_g1_kprotection_i0_mreduced_qe6_r4d802_x0_s5em05_tau1em07_t25_ron60_u892_t2_vo_v_rel0_rs2700_rx100_none_none_p0_b0_r0d98_i0_tap0_ph0_gdc420_gimp1000_esd_a8000_t5em05_off10d0_reduced
2.5157426089790584e-10,2.034390157299732e-09,,air8k,2.3210469457965746e-06,e6_fbaeacdef409afd50268,1112.318329820791,rc2,a8000_chaingdtmov_g1_kprotection_i0_mreduced_qe6_r4d802_x0_s5em05_tau1em07_t25_ron60_u892_t2_vo_v_rel0_rs2700_rx100_none_none_p0_b0_r0d98_i0_tap0_ph0_gdc420_gimp1000_esd_a8000_t5em05_off10d0_reduced
2.5157426089790543e-10,2.0343901572997338e-09,,air8k,2.3210469457965746e-06,e6_fbaeacdef409afd50268,1112.31832982079,rc3,a8000_chaingdtmov_g1_kprotection_i0_mreduced_qe6_r4d802_x0_s5em05_tau1em07_t25_ron60_u892_t2_vo_v_rel0_rs2700_rx100_none_none_p0_b0_r0d98_i0_tap0_ph0_gdc420_gimp1000_esd_a8000_t5em05_off10d0_reduced
,,6.51824175665405e-11,air8k,4.0764611741977575e-08,e6_9c1fb429483994162d32,287.36633847712096,r1a,a8000_chaingdtmov_g1_kprotection_i0_mreduced_qe6_r4d802_x0_s5em05_tau1em09_t25_ron60_u893_t2_vo_v_rel0_rs2700_rx100_none_none_p0_b0_r0d98_i0_tap0_ph0_gdc780_gimp1000_esd_a8000_t5em05_off10d0_reduced
,,6.518241756654047e-11,air8k,4.0764611741977575e-08,e6_9c1fb429483994162d32,287.36633847712073,r1b,a8000_chaingdtmov_g1_kprotection_i0_mreduced_qe6_r4d802_x0_s5em05_tau1em09_t25_ron60_u893_t2_vo_v_rel0_rs2700_rx100_none_none_p0_b0_r0d98_i0_tap0_ph0_gdc780_gimp1000_esd_a8000_t5em05_off10d0_reduced
,,6.518241756654022e-11,air8k,4.076461174197766e-08,e6_9c1fb429483994162d32,287.36633847713097,r2a,a8000_chaingdtmov_g1_kprotection_i0_mreduced_qe6_r4d802_x0_s5em05_tau1em09_t25_ron60_u893_t2_vo_v_rel0_rs2700_rx100_none_none_p0_b0_r0d98_i0_tap0_ph0_gdc780_gimp1000_esd_a8000_t5em05_off10d0_reduced
,,6.518241756654024e-11,air8k,4.076461174197766e-08,e6_9c1fb429483994162d32,287.36633847713097,r2b,a8000_chaingdtmov_g1_kprotection_i0_mreduced_qe6_r4d802_x0_s5em05_tau1em09_t25_ron60_u893_t2_vo_v_rel0_rs2700_rx100_none_none_p0_b0_r0d98_i0_tap0_ph0_gdc780_gimp1000_esd_a8000_t5em05_off10d0_reduced
,,6.518241756654033e-11,air8k,4.07646117419778e-08,e6_9c1fb429483994162d32,287.36633847713443,r3a,a8000_chaingdtmov_g1_kprotection_i0_mreduced_qe6_r4d802_x0_s5em05_tau1em09_t25_ron60_u893_t2_vo_v_rel0_rs2700_rx100_none_none_p0_b0_r0d98_i0_tap0_ph0_gdc780_gimp1000_esd_a8000_t5em05_off10d0_reduced
,,6.518241756654034e-11,air8k,4.07646117419778e-08,e6_9c1fb429483994162d32,287.36633847713443,r3b,a8000_chaingdtmov_g1_kprotection_i0_mreduced_qe6_r4d802_x0_s5em05_tau1em09_t25_ron60_u893_t2_vo_v_rel0_rs2700_rx100_none_none_p0_b0_r0d98_i0_tap0_ph0_gdc780_gimp1000_esd_a8000_t5em05_off10d0_reduced
,,0.0,air8k,2.4054472980853287e-08,e6_9c1fb429483994162d32,47.52788029880656,r910k,a8000_chaingdtmov_g1_kprotection_i0_mreduced_qe6_r4d802_x0_s5em05_tau1em09_t25_ron60_u893_t2_vo_v_rel0_rs2700_rx100_none_none_p0_b0_r0d98_i0_tap0_ph0_gdc780_gimp1000_esd_a8000_t5em05_off10d0_reduced
,,0.0,air8k,1.2123491895579232e-10,e6_9c1fb429483994162d32,0.5625119557377642,r100k,a8000_chaingdtmov_g1_kprotection_i0_mreduced_qe6_r4d802_x0_s5em05_tau1em09_t25_ron60_u893_t2_vo_v_rel0_rs2700_rx100_none_none_p0_b0_r0d98_i0_tap0_ph0_gdc780_gimp1000_esd_a8000_t5em05_off10d0_reduced
0.0,6.514482954183887e-11,,air8k,2.0287140847873756e-06,e6_9c1fb429483994162d32,574.6151174276088,rc1,a8000_chaingdtmov_g1_kprotection_i0_mreduced_qe6_r4d802_x0_s5em05_tau1em09_t25_ron60_u893_t2_vo_v_rel0_rs2700_rx100_none_none_p0_b0_r0d98_i0_tap0_ph0_gdc780_gimp1000_esd_a8000_t5em05_off10d0_reduced
0.0,6.514482954183862e-11,,air8k,2.0287140847873756e-06,e6_9c1fb429483994162d32,574.615117427629,rc2,a8000_chaingdtmov_g1_kprotection_i0_mreduced_qe6_r4d802_x0_s5em05_tau1em09_t25_ron60_u893_t2_vo_v_rel0_rs2700_rx100_none_none_p0_b0_r0d98_i0_tap0_ph0_gdc780_gimp1000_esd_a8000_t5em05_off10d0_reduced
0.0,6.514482954183872e-11,,air8k,2.028714084787376e-06,e6_9c1fb429483994162d32,574.6151174276359,rc3,a8000_chaingdtmov_g1_kprotection_i0_mreduced_qe6_r4d802_x0_s5em05_tau1em09_t25_ron60_u893_t2_vo_v_rel0_rs2700_rx100_none_none_p0_b0_r0d98_i0_tap0_ph0_gdc780_gimp1000_esd_a8000_t5em05_off10d0_reduced
,,2.0874493470145506e-09,air8k,3.806167466512276e-08,e6_cb58f673d9c92891ebf5,556.5404623150234,r1a,a8000_chaingdtmov_g1_kprotection_i0_mreduced_qe6_r4d802_x0_s5em05_tau1em07_t25_ron60_u893_t2_vo_v_rel0_rs2700_rx100_none_none_p0_b0_r0d98_i0_tap0_ph0_gdc780_gimp1000_esd_a8000_t5em05_off10d0_reduced
,,2.0874493470145477e-09,air8k,3.806167466512276e-08,e6_cb58f673d9c92891ebf5,556.5404623150234,r1b,a8000_chaingdtmov_g1_kprotection_i0_mreduced_qe6_r4d802_x0_s5em05_tau1em07_t25_ron60_u893_t2_vo_v_rel0_rs2700_rx100_none_none_p0_b0_r0d98_i0_tap0_ph0_gdc780_gimp1000_esd_a8000_t5em05_off10d0_reduced
,,2.0874493470145526e-09,air8k,3.806167466512283e-08,e6_cb58f673d9c92891ebf5,556.5404623150223,r2a,a8000_chaingdtmov_g1_kprotection_i0_mreduced_qe6_r4d802_x0_s5em05_tau1em07_t25_ron60_u893_t2_vo_v_rel0_rs2700_rx100_none_none_p0_b0_r0d98_i0_tap0_ph0_gdc780_gimp1000_esd_a8000_t5em05_off10d0_reduced
,,2.0874493470145514e-09,air8k,3.806167466512284e-08,e6_cb58f673d9c92891ebf5,556.5404623150223,r2b,a8000_chaingdtmov_g1_kprotection_i0_mreduced_qe6_r4d802_x0_s5em05_tau1em07_t25_ron60_u893_t2_vo_v_rel0_rs2700_rx100_none_none_p0_b0_r0d98_i0_tap0_ph0_gdc780_gimp1000_esd_a8000_t5em05_off10d0_reduced
,,2.087449347014553e-09,air8k,3.806167466512297e-08,e6_cb58f673d9c92891ebf5,556.5404623150218,r3a,a8000_chaingdtmov_g1_kprotection_i0_mreduced_qe6_r4d802_x0_s5em05_tau1em07_t25_ron60_u893_t2_vo_v_rel0_rs2700_rx100_none_none_p0_b0_r0d98_i0_tap0_ph0_gdc780_gimp1000_esd_a8000_t5em05_off10d0_reduced
,,2.0874493470145534e-09,air8k,3.806167466512297e-08,e6_cb58f673d9c92891ebf5,556.5404623150218,r3b,a8000_chaingdtmov_g1_kprotection_i0_mreduced_qe6_r4d802_x0_s5em05_tau1em07_t25_ron60_u893_t2_vo_v_rel0_rs2700_rx100_none_none_p0_b0_r0d98_i0_tap0_ph0_gdc780_gimp1000_esd_a8000_t5em05_off10d0_reduced
,,0.0,air8k,2.2317140372269646e-08,e6_cb58f673d9c92891ebf5,47.68101319628583,r910k,a8000_chaingdtmov_g1_kprotection_i0_mreduced_qe6_r4d802_x0_s5em05_tau1em07_t25_ron60_u893_t2_vo_v_rel0_rs2700_rx100_none_none_p0_b0_r0d98_i0_tap0_ph0_gdc780_gimp1000_esd_a8000_t5em05_off10d0_reduced
,,0.0,air8k,1.2284948308056715e-10,e6_cb58f673d9c92891ebf5,0.5656770814185025,r100k,a8000_chaingdtmov_g1_kprotection_i0_mreduced_qe6_r4d802_x0_s5em05_tau1em07_t25_ron60_u893_t2_vo_v_rel0_rs2700_rx100_none_none_p0_b0_r0d98_i0_tap0_ph0_gdc780_gimp1000_esd_a8000_t5em05_off10d0_reduced
2.515742608979006e-10,2.03439015729972e-09,,air8k,2.3210469457965737e-06,e6_cb58f673d9c92891ebf5,1112.3183298207919,rc1,a8000_chaingdtmov_g1_kprotection_i0_mreduced_qe6_r4d802_x0_s5em05_tau1em07_t25_ron60_u893_t2_vo_v_rel0_rs2700_rx100_none_none_p0_b0_r0d98_i0_tap0_ph0_gdc780_gimp1000_esd_a8000_t5em05_off10d0_reduced
2.515742608979015e-10,2.034390157299723e-09,,air8k,2.3210469457965733e-06,e6_cb58f673d9c92891ebf5,1112.3183298207898,rc2,a8000_chaingdtmov_g1_kprotection_i0_mreduced_qe6_r4d802_x0_s5em05_tau1em07_t25_ron60_u893_t2_vo_v_rel0_rs2700_rx100_none_none_p0_b0_r0d98_i0_tap0_ph0_gdc780_gimp1000_esd_a8000_t5em05_off10d0_reduced
2.51574260897902e-10,2.034390157299724e-09,,air8k,2.3210469457965733e-06,e6_cb58f673d9c92891ebf5,1112.3183298207887,rc3,a8000_chaingdtmov_g1_kprotection_i0_mreduced_qe6_r4d802_x0_s5em05_tau1em07_t25_ron60_u893_t2_vo_v_rel0_rs2700_rx100_none_none_p0_b0_r0d98_i0_tap0_ph0_gdc780_gimp1000_esd_a8000_t5em05_off10d0_reduced
,,6.518241749559922e-11,air8k,4.07646117457055e-08,e6_9762d8ea31fbe8d8b2b2,287.36633819608574,r1a,a8000_chaingdtmov_g1_kprotection_i0_mreduced_qe6_r4d802_x0_s5em05_tau1em09_t25_ron60_u894_t2_vo_v_rel0_rs2700_rx100_none_none_p0_b1_r0d98_i0_tap0_ph0_gdc420_gimp1000_esd_a8000_t5em05_off10d0_reduced
,,6.518241749559921e-11,air8k,4.07646117457055e-08,e6_9762d8ea31fbe8d8b2b2,287.36633819608574,r1b,a8000_chaingdtmov_g1_kprotection_i0_mreduced_qe6_r4d802_x0_s5em05_tau1em09_t25_ron60_u894_t2_vo_v_rel0_rs2700_rx100_none_none_p0_b1_r0d98_i0_tap0_ph0_gdc420_gimp1000_esd_a8000_t5em05_off10d0_reduced
,,6.518241749559876e-11,air8k,4.076461174570558e-08,e6_9762d8ea31fbe8d8b2b2,287.366338196087,r2a,a8000_chaingdtmov_g1_kprotection_i0_mreduced_qe6_r4d802_x0_s5em05_tau1em09_t25_ron60_u894_t2_vo_v_rel0_rs2700_rx100_none_none_p0_b1_r0d98_i0_tap0_ph0_gdc420_gimp1000_esd_a8000_t5em05_off10d0_reduced
,,6.518241749559874e-11,air8k,4.0764611745705585e-08,e6_9762d8ea31fbe8d8b2b2,287.366338196087,r2b,a8000_chaingdtmov_g1_kprotection_i0_mreduced_qe6_r4d802_x0_s5em05_tau1em09_t25_ron60_u894_t2_vo_v_rel0_rs2700_rx100_none_none_p0_b1_r0d98_i0_tap0_ph0_gdc420_gimp1000_esd_a8000_t5em05_off10d0_reduced
,,6.518241749559846e-11,air8k,4.0764611745705724e-08,e6_9762d8ea31fbe8d8b2b2,287.36633819608824,r3a,a8000_chaingdtmov_g1_kprotection_i0_mreduced_qe6_r4d802_x0_s5em05_tau1em09_t25_ron60_u894_t2_vo_v_rel0_rs2700_rx100_none_none_p0_b1_r0d98_i0_tap0_ph0_gdc420_gimp1000_esd_a8000_t5em05_off10d0_reduced
,,6.518241749559847e-11,air8k,4.0764611745705724e-08,e6_9762d8ea31fbe8d8b2b2,287.3663381960882,r3b,a8000_chaingdtmov_g1_kprotection_i0_mreduced_qe6_r4d802_x0_s5em05_tau1em09_t25_ron60_u894_t2_vo_v_rel0_rs2700_rx100_none_none_p0_b1_r0d98_i0_tap0_ph0_gdc420_gimp1000_esd_a8000_t5em05_off10d0_reduced
,,0.0,air8k,2.405447298310772e-08,e6_9762d8ea31fbe8d8b2b2,47.52788029876328,r910k,a8000_chaingdtmov_g1_kprotection_i0_mreduced_qe6_r4d802_x0_s5em05_tau1em09_t25_ron60_u894_t2_vo_v_rel0_rs2700_rx100_none_none_p0_b1_r0d98_i0_tap0_ph0_gdc420_gimp1000_esd_a8000_t5em05_off10d0_reduced
,,0.0,air8k,1.2123492796970622e-10,e6_9762d8ea31fbe8d8b2b2,0.5625119558336898,r100k,a8000_chaingdtmov_g1_kprotection_i0_mreduced_qe6_r4d802_x0_s5em05_tau1em09_t25_ron60_u894_t2_vo_v_rel0_rs2700_rx100_none_none_p0_b1_r0d98_i0_tap0_ph0_gdc420_gimp1000_esd_a8000_t5em05_off10d0_reduced
0.0,6.514482947095308e-11,,air8k,2.028714084773911e-06,e6_9762d8ea31fbe8d8b2b2,574.6151168656986,rc1,a8000_chaingdtmov_g1_kprotection_i0_mreduced_qe6_r4d802_x0_s5em05_tau1em09_t25_ron60_u894_t2_vo_v_rel0_rs2700_rx100_none_none_p0_b1_r0d98_i0_tap0_ph0_gdc420_gimp1000_esd_a8000_t5em05_off10d0_reduced
0.0,6.51448294709526e-11,,air8k,2.028714084773911e-06,e6_9762d8ea31fbe8d8b2b2,574.6151168657012,rc2,a8000_chaingdtmov_g1_kprotection_i0_mreduced_qe6_r4d802_x0_s5em05_tau1em09_t25_ron60_u894_t2_vo_v_rel0_rs2700_rx100_none_none_p0_b1_r0d98_i0_tap0_ph0_gdc420_gimp1000_esd_a8000_t5em05_off10d0_reduced
0.0,6.514482947095233e-11,,air8k,2.0287140847739116e-06,e6_9762d8ea31fbe8d8b2b2,574.6151168657036,rc3,a8000_chaingdtmov_g1_kprotection_i0_mreduced_qe6_r4d802_x0_s5em05_tau1em09_t25_ron60_u894_t2_vo_v_rel0_rs2700_rx100_none_none_p0_b1_r0d98_i0_tap0_ph0_gdc420_gimp1000_esd_a8000_t5em05_off10d0_reduced
,,2.087449692148059e-09,air8k,3.8061672753010306e-08,e6_7b32a2d01bb47c1cd988,556.5414545157114,r1a,a8000_chaingdtmov_g1_kprotection_i0_mreduced_qe6_r4d802_x0_s5em05_tau1em07_t25_ron60_u894_t2_vo_v_rel0_rs2700_rx100_none_none_p0_b1_r0d98_i0_tap0_ph0_gdc420_gimp1000_esd_a8000_t5em05_off10d0_reduced
,,2.0874496921480622e-09,air8k,3.8061672753010306e-08,e6_7b32a2d01bb47c1cd988,556.5414545157114,r1b,a8000_chaingdtmov_g1_kprotection_i0_mreduced_qe6_r4d802_x0_s5em05_tau1em07_t25_ron60_u894_t2_vo_v_rel0_rs2700_rx100_none_none_p0_b1_r0d98_i0_tap0_ph0_gdc420_gimp1000_esd_a8000_t5em05_off10d0_reduced
,,2.0874496921480606e-09,air8k,3.806167275301038e-08,e6_7b32a2d01bb47c1cd988,556.5414545157109,r2a,a8000_chaingdtmov_g1_kprotection_i0_mreduced_qe6_r4d802_x0_s5em05_tau1em07_t25_ron60_u894_t2_vo_v_rel0_rs2700_rx100_none_none_p0_b1_r0d98_i0_tap0_ph0_gdc420_gimp1000_esd_a8000_t5em05_off10d0_reduced
,,2.087449692148062e-09,air8k,3.806167275301038e-08,e6_7b32a2d01bb47c1cd988,556.5414545157109,r2b,a8000_chaingdtmov_g1_kprotection_i0_mreduced_qe6_r4d802_x0_s5em05_tau1em07_t25_ron60_u894_t2_vo_v_rel0_rs2700_rx100_none_none_p0_b1_r0d98_i0_tap0_ph0_gdc420_gimp1000_esd_a8000_t5em05_off10d0_reduced
,,2.087449692148062e-09,air8k,3.806167275301051e-08,e6_7b32a2d01bb47c1cd988,556.5414545157106,r3a,a8000_chaingdtmov_g1_kprotection_i0_mreduced_qe6_r4d802_x0_s5em05_tau1em07_t25_ron60_u894_t2_vo_v_rel0_rs2700_rx100_none_none_p0_b1_r0d98_i0_tap0_ph0_gdc420_gimp1000_esd_a8000_t5em05_off10d0_reduced
,,2.0874496921480627e-09,air8k,3.806167275301051e-08,e6_7b32a2d01bb47c1cd988,556.5414545157107,r3b,a8000_chaingdtmov_g1_kprotection_i0_mreduced_qe6_r4d802_x0_s5em05_tau1em07_t25_ron60_u894_t2_vo_v_rel0_rs2700_rx100_none_none_p0_b1_r0d98_i0_tap0_ph0_gdc420_gimp1000_esd_a8000_t5em05_off10d0_reduced
,,0.0,air8k,2.2317139194900635e-08,e6_7b32a2d01bb47c1cd988,47.681013304519915,r910k,a8000_chaingdtmov_g1_kprotection_i0_mreduced_qe6_r4d802_x0_s5em05_tau1em07_t25_ron60_u894_t2_vo_v_rel0_rs2700_rx100_none_none_p0_b1_r0d98_i0_tap0_ph0_gdc420_gimp1000_esd_a8000_t5em05_off10d0_reduced
,,0.0,air8k,1.2284949385699916e-10,e6_7b32a2d01bb47c1cd988,0.5656770332697735,r100k,a8000_chaingdtmov_g1_kprotection_i0_mreduced_qe6_r4d802_x0_s5em05_tau1em07_t25_ron60_u894_t2_vo_v_rel0_rs2700_rx100_none_none_p0_b1_r0d98_i0_tap0_ph0_gdc420_gimp1000_esd_a8000_t5em05_off10d0_reduced
2.5157401406055597e-10,2.034397707400121e-09,,air8k,2.321047002647426e-06,e6_7b32a2d01bb47c1cd988,1112.320339587984,rc1,a8000_chaingdtmov_g1_kprotection_i0_mreduced_qe6_r4d802_x0_s5em05_tau1em07_t25_ron60_u894_t2_vo_v_rel0_rs2700_rx100_none_none_p0_b1_r0d98_i0_tap0_ph0_gdc420_gimp1000_esd_a8000_t5em05_off10d0_reduced
2.5157401406055504e-10,2.0343977074001224e-09,,air8k,2.321047002647427e-06,e6_7b32a2d01bb47c1cd988,1112.3203395879832,rc2,a8000_chaingdtmov_g1_kprotection_i0_mreduced_qe6_r4d802_x0_s5em05_tau1em07_t25_ron60_u894_t2_vo_v_rel0_rs2700_rx100_none_none_p0_b1_r0d98_i0_tap0_ph0_gdc420_gimp1000_esd_a8000_t5em05_off10d0_reduced
2.515740140605547e-10,2.0343977074001236e-09,,air8k,2.3210470026474266e-06,e6_7b32a2d01bb47c1cd988,1112.3203395879827,rc3,a8000_chaingdtmov_g1_kprotection_i0_mreduced_qe6_r4d802_x0_s5em05_tau1em07_t25_ron60_u894_t2_vo_v_rel0_rs2700_rx100_none_none_p0_b1_r0d98_i0_tap0_ph0_gdc420_gimp1000_esd_a8000_t5em05_off10d0_reduced
,,6.51824174537334e-11,air8k,4.076461174570422e-08,e6_d8d091929ca6e7255eee,287.3663382055986,r1a,a8000_chaingdtmov_g1_kprotection_i0_mreduced_qe6_r4d802_x0_s5em05_tau1em09_t25_ron60_u895_t2_vo_v_rel0_rs2700_rx100_none_none_p0_b1_r0d98_i0_tap0_ph0_gdc780_gimp1000_esd_a8000_t5em05_off10d0_reduced
,,6.518241745373343e-11,air8k,4.076461174570422e-08,e6_d8d091929ca6e7255eee,287.36633820559837,r1b,a8000_chaingdtmov_g1_kprotection_i0_mreduced_qe6_r4d802_x0_s5em05_tau1em09_t25_ron60_u895_t2_vo_v_rel0_rs2700_rx100_none_none_p0_b1_r0d98_i0_tap0_ph0_gdc780_gimp1000_esd_a8000_t5em05_off10d0_reduced
,,6.518241745373307e-11,air8k,4.076461174570431e-08,e6_d8d091929ca6e7255eee,287.36633820560576,r2a,a8000_chaingdtmov_g1_kprotection_i0_mreduced_qe6_r4d802_x0_s5em05_tau1em09_t25_ron60_u895_t2_vo_v_rel0_rs2700_rx100_none_none_p0_b1_r0d98_i0_tap0_ph0_gdc780_gimp1000_esd_a8000_t5em05_off10d0_reduced
,,6.51824174537331e-11,air8k,4.076461174570431e-08,e6_d8d091929ca6e7255eee,287.36633820560576,r2b,a8000_chaingdtmov_g1_kprotection_i0_mreduced_qe6_r4d802_x0_s5em05_tau1em09_t25_ron60_u895_t2_vo_v_rel0_rs2700_rx100_none_none_p0_b1_r0d98_i0_tap0_ph0_gdc780_gimp1000_esd_a8000_t5em05_off10d0_reduced
,,6.518241745373272e-11,air8k,4.076461174570445e-08,e6_d8d091929ca6e7255eee,287.3663382056094,r3a,a8000_chaingdtmov_g1_kprotection_i0_mreduced_qe6_r4d802_x0_s5em05_tau1em09_t25_ron60_u895_t2_vo_v_rel0_rs2700_rx100_none_none_p0_b1_r0d98_i0_tap0_ph0_gdc780_gimp1000_esd_a8000_t5em05_off10d0_reduced
,,6.518241745373272e-11,air8k,4.076461174570445e-08,e6_d8d091929ca6e7255eee,287.36633820560945,r3b,a8000_chaingdtmov_g1_kprotection_i0_mreduced_qe6_r4d802_x0_s5em05_tau1em09_t25_ron60_u895_t2_vo_v_rel0_rs2700_rx100_none_none_p0_b1_r0d98_i0_tap0_ph0_gdc780_gimp1000_esd_a8000_t5em05_off10d0_reduced
,,0.0,air8k,2.4054472983107106e-08,e6_d8d091929ca6e7255eee,47.52788029876315,r910k,a8000_chaingdtmov_g1_kprotection_i0_mreduced_qe6_r4d802_x0_s5em05_tau1em09_t25_ron60_u895_t2_vo_v_rel0_rs2700_rx100_none_none_p0_b1_r0d98_i0_tap0_ph0_gdc780_gimp1000_esd_a8000_t5em05_off10d0_reduced
,,0.0,air8k,1.2123492796970625e-10,e6_d8d091929ca6e7255eee,0.5625119558336938,r100k,a8000_chaingdtmov_g1_kprotection_i0_mreduced_qe6_r4d802_x0_s5em05_tau1em09_t25_ron60_u895_t2_vo_v_rel0_rs2700_rx100_none_none_p0_b1_r0d98_i0_tap0_ph0_gdc780_gimp1000_esd_a8000_t5em05_off10d0_reduced
0.0,6.514482942901758e-11,,air8k,2.028714084773414e-06,e6_d8d091929ca6e7255eee,574.6151168847273,rc1,a8000_chaingdtmov_g1_kprotection_i0_mreduced_qe6_r4d802_x0_s5em05_tau1em09_t25_ron60_u895_t2_vo_v_rel0_rs2700_rx100_none_none_p0_b1_r0d98_i0_tap0_ph0_gdc780_gimp1000_esd_a8000_t5em05_off10d0_reduced
0.0,6.514482942901725e-11,,air8k,2.0287140847734144e-06,e6_d8d091929ca6e7255eee,574.6151168847418,rc2,a8000_chaingdtmov_g1_kprotection_i0_mreduced_qe6_r4d802_x0_s5em05_tau1em09_t25_ron60_u895_t2_vo_v_rel0_rs2700_rx100_none_none_p0_b1_r0d98_i0_tap0_ph0_gdc780_gimp1000_esd_a8000_t5em05_off10d0_reduced
0.0,6.514482942901687e-11,,air8k,2.0287140847734144e-06,e6_d8d091929ca6e7255eee,574.6151168847491,rc3,a8000_chaingdtmov_g1_kprotection_i0_mreduced_qe6_r4d802_x0_s5em05_tau1em09_t25_ron60_u895_t2_vo_v_rel0_rs2700_rx100_none_none_p0_b1_r0d98_i0_tap0_ph0_gdc780_gimp1000_esd_a8000_t5em05_off10d0_reduced
,,2.087449692148066e-09,air8k,3.8061672753010306e-08,e6_50dcad79f27338efe3b4,556.5414545157109,r1a,a8000_chaingdtmov_g1_kprotection_i0_mreduced_qe6_r4d802_x0_s5em05_tau1em07_t25_ron60_u895_t2_vo_v_rel0_rs2700_rx100_none_none_p0_b1_r0d98_i0_tap0_ph0_gdc780_gimp1000_esd_a8000_t5em05_off10d0_reduced
,,2.0874496921480676e-09,air8k,3.8061672753010306e-08,e6_50dcad79f27338efe3b4,556.5414545157109,r1b,a8000_chaingdtmov_g1_kprotection_i0_mreduced_qe6_r4d802_x0_s5em05_tau1em07_t25_ron60_u895_t2_vo_v_rel0_rs2700_rx100_none_none_p0_b1_r0d98_i0_tap0_ph0_gdc780_gimp1000_esd_a8000_t5em05_off10d0_reduced
,,2.0874496921480676e-09,air8k,3.8061672753010386e-08,e6_50dcad79f27338efe3b4,556.5414545157105,r2a,a8000_chaingdtmov_g1_kprotection_i0_mreduced_qe6_r4d802_x0_s5em05_tau1em07_t25_ron60_u895_t2_vo_v_rel0_rs2700_rx100_none_none_p0_b1_r0d98_i0_tap0_ph0_gdc780_gimp1000_esd_a8000_t5em05_off10d0_reduced
,,2.087449692148068e-09,air8k,3.8061672753010386e-08,e6_50dcad79f27338efe3b4,556.5414545157105,r2b,a8000_chaingdtmov_g1_kprotection_i0_mreduced_qe6_r4d802_x0_s5em05_tau1em07_t25_ron60_u895_t2_vo_v_rel0_rs2700_rx100_none_none_p0_b1_r0d98_i0_tap0_ph0_gdc780_gimp1000_esd_a8000_t5em05_off10d0_reduced
,,2.087449692148068e-09,air8k,3.806167275301052e-08,e6_50dcad79f27338efe3b4,556.5414545157101,r3a,a8000_chaingdtmov_g1_kprotection_i0_mreduced_qe6_r4d802_x0_s5em05_tau1em07_t25_ron60_u895_t2_vo_v_rel0_rs2700_rx100_none_none_p0_b1_r0d98_i0_tap0_ph0_gdc780_gimp1000_esd_a8000_t5em05_off10d0_reduced
,,2.0874496921480676e-09,air8k,3.806167275301052e-08,e6_50dcad79f27338efe3b4,556.5414545157103,r3b,a8000_chaingdtmov_g1_kprotection_i0_mreduced_qe6_r4d802_x0_s5em05_tau1em07_t25_ron60_u895_t2_vo_v_rel0_rs2700_rx100_none_none_p0_b1_r0d98_i0_tap0_ph0_gdc780_gimp1000_esd_a8000_t5em05_off10d0_reduced
,,0.0,air8k,2.2317139194900635e-08,e6_50dcad79f27338efe3b4,47.681013304519915,r910k,a8000_chaingdtmov_g1_kprotection_i0_mreduced_qe6_r4d802_x0_s5em05_tau1em07_t25_ron60_u895_t2_vo_v_rel0_rs2700_rx100_none_none_p0_b1_r0d98_i0_tap0_ph0_gdc780_gimp1000_esd_a8000_t5em05_off10d0_reduced
,,0.0,air8k,1.2284949385699916e-10,e6_50dcad79f27338efe3b4,0.5656770332697735,r100k,a8000_chaingdtmov_g1_kprotection_i0_mreduced_qe6_r4d802_x0_s5em05_tau1em07_t25_ron60_u895_t2_vo_v_rel0_rs2700_rx100_none_none_p0_b1_r0d98_i0_tap0_ph0_gdc780_gimp1000_esd_a8000_t5em05_off10d0_reduced
2.5157401406055933e-10,2.034397707400121e-09,,air8k,2.321047002647426e-06,e6_50dcad79f27338efe3b4,1112.3203395879832,rc1,a8000_chaingdtmov_g1_kprotection_i0_mreduced_qe6_r4d802_x0_s5em05_tau1em07_t25_ron60_u895_t2_vo_v_rel0_rs2700_rx100_none_none_p0_b1_r0d98_i0_tap0_ph0_gdc780_gimp1000_esd_a8000_t5em05_off10d0_reduced
2.515740140605593e-10,2.034397707400123e-09,,air8k,2.3210470026474266e-06,e6_50dcad79f27338efe3b4,1112.3203395879823,rc2,a8000_chaingdtmov_g1_kprotection_i0_mreduced_qe6_r4d802_x0_s5em05_tau1em07_t25_ron60_u895_t2_vo_v_rel0_rs2700_rx100_none_none_p0_b1_r0d98_i0_tap0_ph0_gdc780_gimp1000_esd_a8000_t5em05_off10d0_reduced
2.515740140605594e-10,2.034397707400123e-09,,air8k,2.321047002647426e-06,e6_50dcad79f27338efe3b4,1112.3203395879818,rc3,a8000_chaingdtmov_g1_kprotection_i0_mreduced_qe6_r4d802_x0_s5em05_tau1em07_t25_ron60_u895_t2_vo_v_rel0_rs2700_rx100_none_none_p0_b1_r0d98_i0_tap0_ph0_gdc780_gimp1000_esd_a8000_t5em05_off10d0_reduced
,,6.509759016107279e-11,air8k,4.045306485910589e-08,e6_4a0c017b0f8336ce2fd3,287.83930211230086,r1a,a8000_chaingdtmov_g1_kprotection_i0_mreduced_qe6_r4d9_x0_s5em05_tau1em09_t25_ron60_u896_t2_vo_v_rel0_rs2700_rx100_none_none_p1_b0_r1_i0_tap0_ph0_gdc420_gimp1000_esd_a8000_t5em05_off10d0_reduced
,,6.509759016107276e-11,air8k,4.04530648591059e-08,e6_4a0c017b0f8336ce2fd3,287.83930211230086,r1b,a8000_chaingdtmov_g1_kprotection_i0_mreduced_qe6_r4d9_x0_s5em05_tau1em09_t25_ron60_u896_t2_vo_v_rel0_rs2700_rx100_none_none_p1_b0_r1_i0_tap0_ph0_gdc420_gimp1000_esd_a8000_t5em05_off10d0_reduced
,,6.509759016107218e-11,air8k,4.045306485910599e-08,e6_4a0c017b0f8336ce2fd3,287.8393021123079,r2a,a8000_chaingdtmov_g1_kprotection_i0_mreduced_qe6_r4d9_x0_s5em05_tau1em09_t25_ron60_u896_t2_vo_v_rel0_rs2700_rx100_none_none_p1_b0_r1_i0_tap0_ph0_gdc420_gimp1000_esd_a8000_t5em05_off10d0_reduced
,,6.509759016107213e-11,air8k,4.045306485910599e-08,e6_4a0c017b0f8336ce2fd3,287.8393021123079,r2b,a8000_chaingdtmov_g1_kprotection_i0_mreduced_qe6_r4d9_x0_s5em05_tau1em09_t25_ron60_u896_t2_vo_v_rel0_rs2700_rx100_none_none_p1_b0_r1_i0_tap0_ph0_gdc420_gimp1000_esd_a8000_t5em05_off10d0_reduced
,,6.509759016107182e-11,air8k,4.0453064859106044e-08,e6_4a0c017b0f8336ce2fd3,287.8393021123115,r3a,a8000_chaingdtmov_g1_kprotection_i0_mreduced_qe6_r4d9_x0_s5em05_tau1em09_t25_ron60_u896_t2_vo_v_rel0_rs2700_rx100_none_none_p1_b0_r1_i0_tap0_ph0_gdc420_gimp1000_esd_a8000_t5em05_off10d0_reduced
,,6.509759016107183e-11,air8k,4.0453064859106044e-08,e6_4a0c017b0f8336ce2fd3,287.8393021123115,r3b,a8000_chaingdtmov_g1_kprotection_i0_mreduced_qe6_r4d9_x0_s5em05_tau1em09_t25_ron60_u896_t2_vo_v_rel0_rs2700_rx100_none_none_p1_b0_r1_i0_tap0_ph0_gdc420_gimp1000_esd_a8000_t5em05_off10d0_reduced
,,0.0,air8k,2.386939766781345e-08,e6_4a0c017b0f8336ce2fd3,47.17547073972444,r910k,a8000_chaingdtmov_g1_kprotection_i0_mreduced_qe6_r4d9_x0_s5em05_tau1em09_t25_ron60_u896_t2_vo_v_rel0_rs2700_rx100_none_none_p1_b0_r1_i0_tap0_ph0_gdc420_gimp1000_esd_a8000_t5em05_off10d0_reduced
,,0.0,air8k,2.6197032109089433e-09,e6_4a0c017b0f8336ce2fd3,5.180675387052758,r100k,a8000_chaingdtmov_g1_kprotection_i0_mreduced_qe6_r4d9_x0_s5em05_tau1em09_t25_ron60_u896_t2_vo_v_rel0_rs2700_rx100_none_none_p1_b0_r1_i0_tap0_ph0_gdc420_gimp1000_esd_a8000_t5em05_off10d0_reduced
0.0,6.505585912294932e-11,,air8k,2.0145276697968562e-06,e6_4a0c017b0f8336ce2fd3,575.5544939020981,rc1,a8000_chaingdtmov_g1_kprotection_i0_mreduced_qe6_r4d9_x0_s5em05_tau1em09_t25_ron60_u896_t2_vo_v_rel0_rs2700_rx100_none_none_p1_b0_r1_i0_tap0_ph0_gdc420_gimp1000_esd_a8000_t5em05_off10d0_reduced
0.0,6.505585912294868e-11,,air8k,2.0145276697968567e-06,e6_4a0c017b0f8336ce2fd3,575.5544939021123,rc2,a8000_chaingdtmov_g1_kprotection_i0_mreduced_qe6_r4d9_x0_s5em05_tau1em09_t25_ron60_u896_t2_vo_v_rel0_rs2700_rx100_none_none_p1_b0_r1_i0_tap0_ph0_gdc420_gimp1000_esd_a8000_t5em05_off10d0_reduced
0.0,6.505585912294835e-11,,air8k,2.0145276697968567e-06,e6_4a0c017b0f8336ce2fd3,575.5544939021195,rc3,a8000_chaingdtmov_g1_kprotection_i0_mreduced_qe6_r4d9_x0_s5em05_tau1em09_t25_ron60_u896_t2_vo_v_rel0_rs2700_rx100_none_none_p1_b0_r1_i0_tap0_ph0_gdc420_gimp1000_esd_a8000_t5em05_off10d0_reduced
,,2.080399960641947e-09,air8k,3.776467169336293e-08,e6_6cdc49644d90b5def8d3,554.0367137395133,r1a,a8000_chaingdtmov_g1_kprotection_i0_mreduced_qe6_r4d9_x0_s5em05_tau1em07_t25_ron60_u896_t2_vo_v_rel0_rs2700_rx100_none_none_p1_b0_r1_i0_tap0_ph0_gdc420_gimp1000_esd_a8000_t5em05_off10d0_reduced
,,2.0803999606419494e-09,air8k,3.776467169336293e-08,e6_6cdc49644d90b5def8d3,554.0367137395137,r1b,a8000_chaingdtmov_g1_kprotection_i0_mreduced_qe6_r4d9_x0_s5em05_tau1em07_t25_ron60_u896_t2_vo_v_rel0_rs2700_rx100_none_none_p1_b0_r1_i0_tap0_ph0_gdc420_gimp1000_esd_a8000_t5em05_off10d0_reduced
,,2.080399960641947e-09,air8k,3.776467169336301e-08,e6_6cdc49644d90b5def8d3,554.0367137395131,r2a,a8000_chaingdtmov_g1_kprotection_i0_mreduced_qe6_r4d9_x0_s5em05_tau1em07_t25_ron60_u896_t2_vo_v_rel0_rs2700_rx100_none_none_p1_b0_r1_i0_tap0_ph0_gdc420_gimp1000_esd_a8000_t5em05_off10d0_reduced
,,2.0803999606419494e-09,air8k,3.776467169336301e-08,e6_6cdc49644d90b5def8d3,554.0367137395128,r2b,a8000_chaingdtmov_g1_kprotection_i0_mreduced_qe6_r4d9_x0_s5em05_tau1em07_t25_ron60_u896_t2_vo_v_rel0_rs2700_rx100_none_none_p1_b0_r1_i0_tap0_ph0_gdc420_gimp1000_esd_a8000_t5em05_off10d0_reduced
,,2.0803999606419486e-09,air8k,3.776467169336306e-08,e6_6cdc49644d90b5def8d3,554.0367137395126,r3a,a8000_chaingdtmov_g1_kprotection_i0_mreduced_qe6_r4d9_x0_s5em05_tau1em07_t25_ron60_u896_t2_vo_v_rel0_rs2700_rx100_none_none_p1_b0_r1_i0_tap0_ph0_gdc420_gimp1000_esd_a8000_t5em05_off10d0_reduced
,,2.0803999606419486e-09,air8k,3.776467169336306e-08,e6_6cdc49644d90b5def8d3,554.0367137395126,r3b,a8000_chaingdtmov_g1_kprotection_i0_mreduced_qe6_r4d9_x0_s5em05_tau1em07_t25_ron60_u896_t2_vo_v_rel0_rs2700_rx100_none_none_p1_b0_r1_i0_tap0_ph0_gdc420_gimp1000_esd_a8000_t5em05_off10d0_reduced
,,0.0,air8k,2.2141402540440513e-08,e6_6cdc49644d90b5def8d3,47.32820732532295,r910k,a8000_chaingdtmov_g1_kprotection_i0_mreduced_qe6_r4d9_x0_s5em05_tau1em07_t25_ron60_u896_t2_vo_v_rel0_rs2700_rx100_none_none_p1_b0_r1_i0_tap0_ph0_gdc420_gimp1000_esd_a8000_t5em05_off10d0_reduced
,,0.0,air8k,2.430052437683743e-09,e6_6cdc49644d90b5def8d3,5.197448411477679,r100k,a8000_chaingdtmov_g1_kprotection_i0_mreduced_qe6_r4d9_x0_s5em05_tau1em07_t25_ron60_u896_t2_vo_v_rel0_rs2700_rx100_none_none_p1_b0_r1_i0_tap0_ph0_gdc420_gimp1000_esd_a8000_t5em05_off10d0_reduced
2.4982382406189204e-10,2.0374925602755918e-09,,air8k,2.3054245675853e-06,e6_6cdc49644d90b5def8d3,1107.2997876734667,rc1,a8000_chaingdtmov_g1_kprotection_i0_mreduced_qe6_r4d9_x0_s5em05_tau1em07_t25_ron60_u896_t2_vo_v_rel0_rs2700_rx100_none_none_p1_b0_r1_i0_tap0_ph0_gdc420_gimp1000_esd_a8000_t5em05_off10d0_reduced
2.4982382406189085e-10,2.0374925602755918e-09,,air8k,2.3054245675853e-06,e6_6cdc49644d90b5def8d3,1107.2997876734655,rc2,a8000_chaingdtmov_g1_kprotection_i0_mreduced_qe6_r4d9_x0_s5em05_tau1em07_t25_ron60_u896_t2_vo_v_rel0_rs2700_rx100_none_none_p1_b0_r1_i0_tap0_ph0_gdc420_gimp1000_esd_a8000_t5em05_off10d0_reduced
2.4982382406189023e-10,2.0374925602755926e-09,,air8k,2.3054245675853e-06,e6_6cdc49644d90b5def8d3,1107.2997876734648,rc3,a8000_chaingdtmov_g1_kprotection_i0_mreduced_qe6_r4d9_x0_s5em05_tau1em07_t25_ron60_u896_t2_vo_v_rel0_rs2700_rx100_none_none_p1_b0_r1_i0_tap0_ph0_gdc420_gimp1000_esd_a8000_t5em05_off10d0_reduced
,,6.509759013597425e-11,air8k,4.0453064772735425e-08,e6_0b7dabb6d23162ff6d8c,287.8393021064828,r1a,a8000_chaingdtmov_g1_kprotection_i0_mreduced_qe6_r4d9_x0_s5em05_tau1em09_t25_ron60_u897_t2_vo_v_rel0_rs2700_rx100_none_none_p1_b0_r1_i0_tap0_ph0_gdc780_gimp1000_esd_a8000_t5em05_off10d0_reduced
,,6.509759013597423e-11,air8k,4.045306477273543e-08,e6_0b7dabb6d23162ff6d8c,287.8393021064826,r1b,a8000_chaingdtmov_g1_kprotection_i0_mreduced_qe6_r4d9_x0_s5em05_tau1em09_t25_ron60_u897_t2_vo_v_rel0_rs2700_rx100_none_none_p1_b0_r1_i0_tap0_ph0_gdc780_gimp1000_esd_a8000_t5em05_off10d0_reduced
,,6.509759013597363e-11,air8k,4.045306477273551e-08,e6_0b7dabb6d23162ff6d8c,287.83930210648487,r2a,a8000_chaingdtmov_g1_kprotection_i0_mreduced_qe6_r4d9_x0_s5em05_tau1em09_t25_ron60_u897_t2_vo_v_rel0_rs2700_rx100_none_none_p1_b0_r1_i0_tap0_ph0_gdc780_gimp1000_esd_a8000_t5em05_off10d0_reduced
,,6.509759013597367e-11,air8k,4.045306477273551e-08,e6_0b7dabb6d23162ff6d8c,287.83930210648487,r2b,a8000_chaingdtmov_g1_kprotection_i0_mreduced_qe6_r4d9_x0_s5em05_tau1em09_t25_ron60_u897_t2_vo_v_rel0_rs2700_rx100_none_none_p1_b0_r1_i0_tap0_ph0_gdc780_gimp1000_esd_a8000_t5em05_off10d0_reduced
,,6.509759013597338e-11,air8k,4.045306477273557e-08,e6_0b7dabb6d23162ff6d8c,287.8393021064859,r3a,a8000_chaingdtmov_g1_kprotection_i0_mreduced_qe6_r4d9_x0_s5em05_tau1em09_t25_ron60_u897_t2_vo_v_rel0_rs2700_rx100_none_none_p1_b0_r1_i0_tap0_ph0_gdc780_gimp1000_esd_a8000_t5em05_off10d0_reduced
,,6.509759013597338e-11,air8k,4.045306477273557e-08,e6_0b7dabb6d23162ff6d8c,287.83930210648595,r3b,a8000_chaingdtmov_g1_kprotection_i0_mreduced_qe6_r4d9_x0_s5em05_tau1em09_t25_ron60_u897_t2_vo_v_rel0_rs2700_rx100_none_none_p1_b0_r1_i0_tap0_ph0_gdc780_gimp1000_esd_a8000_t5em05_off10d0_reduced
,,0.0,air8k,2.3869397615360255e-08,e6_0b7dabb6d23162ff6d8c,47.17547073982038,r910k,a8000_chaingdtmov_g1_kprotection_i0_mreduced_qe6_r4d9_x0_s5em05_tau1em09_t25_ron60_u897_t2_vo_v_rel0_rs2700_rx100_none_none_p1_b0_r1_i0_tap0_ph0_gdc780_gimp1000_esd_a8000_t5em05_off10d0_reduced
,,0.0,air8k,2.6197032051521157e-09,e6_0b7dabb6d23162ff6d8c,5.180675387063294,r100k,a8000_chaingdtmov_g1_kprotection_i0_mreduced_qe6_r4d9_x0_s5em05_tau1em09_t25_ron60_u897_t2_vo_v_rel0_rs2700_rx100_none_none_p1_b0_r1_i0_tap0_ph0_gdc780_gimp1000_esd_a8000_t5em05_off10d0_reduced
0.0,6.505585909787017e-11,,air8k,2.0145276698380326e-06,e6_0b7dabb6d23162ff6d8c,575.55449389048,rc1,a8000_chaingdtmov_g1_kprotection_i0_mreduced_qe6_r4d9_x0_s5em05_tau1em09_t25_ron60_u897_t2_vo_v_rel0_rs2700_rx100_none_none_p1_b0_r1_i0_tap0_ph0_gdc780_gimp1000_esd_a8000_t5em05_off10d0_reduced
0.0,6.505585909786959e-11,,air8k,2.0145276698380326e-06,e6_0b7dabb6d23162ff6d8c,575.5544938904842,rc2,a8000_chaingdtmov_g1_kprotection_i0_mreduced_qe6_r4d9_x0_s5em05_tau1em09_t25_ron60_u897_t2_vo_v_rel0_rs2700_rx100_none_none_p1_b0_r1_i0_tap0_ph0_gdc780_gimp1000_esd_a8000_t5em05_off10d0_reduced
0.0,6.50558590978693e-11,,air8k,2.0145276698380326e-06,e6_0b7dabb6d23162ff6d8c,575.5544938904864,rc3,a8000_chaingdtmov_g1_kprotection_i0_mreduced_qe6_r4d9_x0_s5em05_tau1em09_t25_ron60_u897_t2_vo_v_rel0_rs2700_rx100_none_none_p1_b0_r1_i0_tap0_ph0_gdc780_gimp1000_esd_a8000_t5em05_off10d0_reduced
,,2.080399960641966e-09,air8k,3.7764671600736286e-08,e6_1000cfb97329a72eb49a,554.0367137395128,r1a,a8000_chaingdtmov_g1_kprotection_i0_mreduced_qe6_r4d9_x0_s5em05_tau1em07_t25_ron60_u897_t2_vo_v_rel0_rs2700_rx100_none_none_p1_b0_r1_i0_tap0_ph0_gdc780_gimp1000_esd_a8000_t5em05_off10d0_reduced
,,2.080399960641962e-09,air8k,3.7764671600736286e-08,e6_1000cfb97329a72eb49a,554.0367137395124,r1b,a8000_chaingdtmov_g1_kprotection_i0_mreduced_qe6_r4d9_x0_s5em05_tau1em07_t25_ron60_u897_t2_vo_v_rel0_rs2700_rx100_none_none_p1_b0_r1_i0_tap0_ph0_gdc780_gimp1000_esd_a8000_t5em05_off10d0_reduced
,,2.0803999606419643e-09,air8k,3.7764671600736365e-08,e6_1000cfb97329a72eb49a,554.0367137395119,r2a,a8000_chaingdtmov_g1_kprotection_i0_mreduced_qe6_r4d9_x0_s5em05_tau1em07_t25_ron60_u897_t2_vo_v_rel0_rs2700_rx100_none_none_p1_b0_r1_i0_tap0_ph0_gdc780_gimp1000_esd_a8000_t5em05_off10d0_reduced
,,2.080399960641964e-09,air8k,3.7764671600736365e-08,e6_1000cfb97329a72eb49a,554.0367137395119,r2b,a8000_chaingdtmov_g1_kprotection_i0_mreduced_qe6_r4d9_x0_s5em05_tau1em07_t25_ron60_u897_t2_vo_v_rel0_rs2700_rx100_none_none_p1_b0_r1_i0_tap0_ph0_gdc780_gimp1000_esd_a8000_t5em05_off10d0_reduced
,,2.0803999606419635e-09,air8k,3.776467160073642e-08,e6_1000cfb97329a72eb49a,554.0367137395116,r3a,a8000_chaingdtmov_g1_kprotection_i0_mreduced_qe6_r4d9_x0_s5em05_tau1em07_t25_ron60_u897_t2_vo_v_rel0_rs2700_rx100_none_none_p1_b0_r1_i0_tap0_ph0_gdc780_gimp1000_esd_a8000_t5em05_off10d0_reduced
,,2.0803999606419635e-09,air8k,3.776467160073642e-08,e6_1000cfb97329a72eb49a,554.0367137395116,r3b,a8000_chaingdtmov_g1_kprotection_i0_mreduced_qe6_r4d9_x0_s5em05_tau1em07_t25_ron60_u897_t2_vo_v_rel0_rs2700_rx100_none_none_p1_b0_r1_i0_tap0_ph0_gdc780_gimp1000_esd_a8000_t5em05_off10d0_reduced
,,0.0,air8k,2.2141402484204212e-08,e6_1000cfb97329a72eb49a,47.3282073244656,r910k,a8000_chaingdtmov_g1_kprotection_i0_mreduced_qe6_r4d9_x0_s5em05_tau1em07_t25_ron60_u897_t2_vo_v_rel0_rs2700_rx100_none_none_p1_b0_r1_i0_tap0_ph0_gdc780_gimp1000_esd_a8000_t5em05_off10d0_reduced
,,0.0,air8k,2.4300524315117087e-09,e6_1000cfb97329a72eb49a,5.197448411383528,r100k,a8000_chaingdtmov_g1_kprotection_i0_mreduced_qe6_r4d9_x0_s5em05_tau1em07_t25_ron60_u897_t2_vo_v_rel0_rs2700_rx100_none_none_p1_b0_r1_i0_tap0_ph0_gdc780_gimp1000_esd_a8000_t5em05_off10d0_reduced
2.49823824061891e-10,2.0374925602756054e-09,,air8k,2.3054245677126116e-06,e6_1000cfb97329a72eb49a,1107.2997876734648,rc1,a8000_chaingdtmov_g1_kprotection_i0_mreduced_qe6_r4d9_x0_s5em05_tau1em07_t25_ron60_u897_t2_vo_v_rel0_rs2700_rx100_none_none_p1_b0_r1_i0_tap0_ph0_gdc780_gimp1000_esd_a8000_t5em05_off10d0_reduced
2.498238240618904e-10,2.037492560275605e-09,,air8k,2.305424567712611e-06,e6_1000cfb97329a72eb49a,1107.2997876734635,rc2,a8000_chaingdtmov_g1_kprotection_i0_mreduced_qe6_r4d9_x0_s5em05_tau1em07_t25_ron60_u897_t2_vo_v_rel0_rs2700_rx100_none_none_p1_b0_r1_i0_tap0_ph0_gdc780_gimp1000_esd_a8000_t5em05_off10d0_reduced
2.4982382406189e-10,2.0374925602756054e-09,,air8k,2.3054245677126116e-06,e6_1000cfb97329a72eb49a,1107.2997876734628,rc3,a8000_chaingdtmov_g1_kprotection_i0_mreduced_qe6_r4d9_x0_s5em05_tau1em07_t25_ron60_u897_t2_vo_v_rel0_rs2700_rx100_none_none_p1_b0_r1_i0_tap0_ph0_gdc780_gimp1000_esd_a8000_t5em05_off10d0_reduced
,,6.494642121647003e-11,air8k,4.0759348287369605e-08,e6_b056d32ea21df270bfdf,287.3670099502251,r1a,a8000_chaingdtmov_g1_kprotection_i0_mreduced_qe6_r4d9_x0_s5em05_tau1em09_t25_ron60_u898_t2_vo_v_rel0_rs2700_rx100_none_none_p0_b0_r1_i0_tap0_ph0_gdc420_gimp1000_esd_a8000_t5em05_off10d0_reduced
,,6.494642121647003e-11,air8k,4.0759348287369605e-08,e6_b056d32ea21df270bfdf,287.3670099502249,r1b,a8000_chaingdtmov_g1_kprotection_i0_mreduced_qe6_r4d9_x0_s5em05_tau1em09_t25_ron60_u898_t2_vo_v_rel0_rs2700_rx100_none_none_p0_b0_r1_i0_tap0_ph0_gdc420_gimp1000_esd_a8000_t5em05_off10d0_reduced
,,6.494642121647023e-11,air8k,4.075934828736969e-08,e6_b056d32ea21df270bfdf,287.3670099502291,r2a,a8000_chaingdtmov_g1_kprotection_i0_mreduced_qe6_r4d9_x0_s5em05_tau1em09_t25_ron60_u898_t2_vo_v_rel0_rs2700_rx100_none_none_p0_b0_r1_i0_tap0_ph0_gdc420_gimp1000_esd_a8000_t5em05_off10d0_reduced
,,6.494642121647021e-11,air8k,4.075934828736969e-08,e6_b056d32ea21df270bfdf,287.3670099502292,r2b,a8000_chaingdtmov_g1_kprotection_i0_mreduced_qe6_r4d9_x0_s5em05_tau1em09_t25_ron60_u898_t2_vo_v_rel0_rs2700_rx100_none_none_p0_b0_r1_i0_tap0_ph0_gdc420_gimp1000_esd_a8000_t5em05_off10d0_reduced
,,6.494642121647052e-11,air8k,4.075934828736983e-08,e6_b056d32ea21df270bfdf,287.36700995023006,r3a,a8000_chaingdtmov_g1_kprotection_i0_mreduced_qe6_r4d9_x0_s5em05_tau1em09_t25_ron60_u898_t2_vo_v_rel0_rs2700_rx100_none_none_p0_b0_r1_i0_tap0_ph0_gdc420_gimp1000_esd_a8000_t5em05_off10d0_reduced
,,6.494642121647052e-11,air8k,4.075934828736983e-08,e6_b056d32ea21df270bfdf,287.36700995023006,r3b,a8000_chaingdtmov_g1_kprotection_i0_mreduced_qe6_r4d9_x0_s5em05_tau1em09_t25_ron60_u898_t2_vo_v_rel0_rs2700_rx100_none_none_p0_b0_r1_i0_tap0_ph0_gdc420_gimp1000_esd_a8000_t5em05_off10d0_reduced
,,0.0,air8k,2.405128094255573e-08,e6_b056d32ea21df270bfdf,47.527879212862594,r910k,a8000_chaingdtmov_g1_kprotection_i0_mreduced_qe6_r4d9_x0_s5em05_tau1em09_t25_ron60_u898_t2_vo_v_rel0_rs2700_rx100_none_none_p0_b0_r1_i0_tap0_ph0_gdc420_gimp1000_esd_a8000_t5em05_off10d0_reduced
,,0.0,air8k,1.2123528517742386e-10,e6_b056d32ea21df270bfdf,0.5625011332395193,r100k,a8000_chaingdtmov_g1_kprotection_i0_mreduced_qe6_r4d9_x0_s5em05_tau1em09_t25_ron60_u898_t2_vo_v_rel0_rs2700_rx100_none_none_p0_b0_r1_i0_tap0_ph0_gdc420_gimp1000_esd_a8000_t5em05_off10d0_reduced
0.0,6.490947185264425e-11,,air8k,2.0287104889291736e-06,e6_b056d32ea21df270bfdf,574.6164603488899,rc1,a8000_chaingdtmov_g1_kprotection_i0_mreduced_qe6_r4d9_x0_s5em05_tau1em09_t25_ron60_u898_t2_vo_v_rel0_rs2700_rx100_none_none_p0_b0_r1_i0_tap0_ph0_gdc420_gimp1000_esd_a8000_t5em05_off10d0_reduced
0.0,6.490947185264445e-11,,air8k,2.0287104889291736e-06,e6_b056d32ea21df270bfdf,574.616460348898,rc2,a8000_chaingdtmov_g1_kprotection_i0_mreduced_qe6_r4d9_x0_s5em05_tau1em09_t25_ron60_u898_t2_vo_v_rel0_rs2700_rx100_none_none_p0_b0_r1_i0_tap0_ph0_gdc420_gimp1000_esd_a8000_t5em05_off10d0_reduced
0.0,6.490947185264474e-11,,air8k,2.0287104889291736e-06,e6_b056d32ea21df270bfdf,574.6164603489,rc3,a8000_chaingdtmov_g1_kprotection_i0_mreduced_qe6_r4d9_x0_s5em05_tau1em09_t25_ron60_u898_t2_vo_v_rel0_rs2700_rx100_none_none_p0_b0_r1_i0_tap0_ph0_gdc420_gimp1000_esd_a8000_t5em05_off10d0_reduced
,,2.087469684413272e-09,air8k,3.806025101052296e-08,e6_b579909370b4c31d1a86,556.5379510812027,r1a,a8000_chaingdtmov_g1_kprotection_i0_mreduced_qe6_r4d9_x0_s5em05_tau1em07_t25_ron60_u898_t2_vo_v_rel0_rs2700_rx100_none_none_p0_b0_r1_i0_tap0_ph0_gdc420_gimp1000_esd_a8000_t5em05_off10d0_reduced
,,2.087469684413271e-09,air8k,3.806025101052296e-08,e6_b579909370b4c31d1a86,556.5379510812031,r1b,a8000_chaingdtmov_g1_kprotection_i0_mreduced_qe6_r4d9_x0_s5em05_tau1em07_t25_ron60_u898_t2_vo_v_rel0_rs2700_rx100_none_none_p0_b0_r1_i0_tap0_ph0_gdc420_gimp1000_esd_a8000_t5em05_off10d0_reduced
,,2.0874696844132715e-09,air8k,3.806025101052303e-08,e6_b579909370b4c31d1a86,556.5379510812015,r2a,a8000_chaingdtmov_g1_kprotection_i0_mreduced_qe6_r4d9_x0_s5em05_tau1em07_t25_ron60_u898_t2_vo_v_rel0_rs2700_rx100_none_none_p0_b0_r1_i0_tap0_ph0_gdc420_gimp1000_esd_a8000_t5em05_off10d0_reduced
,,2.0874696844132727e-09,air8k,3.806025101052303e-08,e6_b579909370b4c31d1a86,556.5379510812018,r2b,a8000_chaingdtmov_g1_kprotection_i0_mreduced_qe6_r4d9_x0_s5em05_tau1em07_t25_ron60_u898_t2_vo_v_rel0_rs2700_rx100_none_none_p0_b0_r1_i0_tap0_ph0_gdc420_gimp1000_esd_a8000_t5em05_off10d0_reduced
,,2.0874696844132748e-09,air8k,3.806025101052317e-08,e6_b579909370b4c31d1a86,556.5379510812014,r3a,a8000_chaingdtmov_g1_kprotection_i0_mreduced_qe6_r4d9_x0_s5em05_tau1em07_t25_ron60_u898_t2_vo_v_rel0_rs2700_rx100_none_none_p0_b0_r1_i0_tap0_ph0_gdc420_gimp1000_esd_a8000_t5em05_off10d0_reduced
,,2.0874696844132748e-09,air8k,3.806025101052317e-08,e6_b579909370b4c31d1a86,556.5379510812012,r3b,a8000_chaingdtmov_g1_kprotection_i0_mreduced_qe6_r4d9_x0_s5em05_tau1em07_t25_ron60_u898_t2_vo_v_rel0_rs2700_rx100_none_none_p0_b0_r1_i0_tap0_ph0_gdc420_gimp1000_esd_a8000_t5em05_off10d0_reduced
,,0.0,air8k,2.2316280327564114e-08,e6_b579909370b4c31d1a86,47.68100896117597,r910k,a8000_chaingdtmov_g1_kprotection_i0_mreduced_qe6_r4d9_x0_s5em05_tau1em07_t25_ron60_u898_t2_vo_v_rel0_rs2700_rx100_none_none_p0_b0_r1_i0_tap0_ph0_gdc420_gimp1000_esd_a8000_t5em05_off10d0_reduced
,,0.0,air8k,1.2285061552744939e-10,e6_b579909370b4c31d1a86,0.5656766528494702,r100k,a8000_chaingdtmov_g1_kprotection_i0_mreduced_qe6_r4d9_x0_s5em05_tau1em07_t25_ron60_u898_t2_vo_v_rel0_rs2700_rx100_none_none_p0_b0_r1_i0_tap0_ph0_gdc420_gimp1000_esd_a8000_t5em05_off10d0_reduced
2.515755764833525e-10,2.0344419001018913e-09,,air8k,2.3210360447037575e-06,e6_b579909370b4c31d1a86,1112.313249824781,rc1,a8000_chaingdtmov_g1_kprotection_i0_mreduced_qe6_r4d9_x0_s5em05_tau1em07_t25_ron60_u898_t2_vo_v_rel0_rs2700_rx100_none_none_p0_b0_r1_i0_tap0_ph0_gdc420_gimp1000_esd_a8000_t5em05_off10d0_reduced
2.515755764833524e-10,2.034441900101893e-09,,air8k,2.321036044703757e-06,e6_b579909370b4c31d1a86,1112.3132498247787,rc2,a8000_chaingdtmov_g1_kprotection_i0_mreduced_qe6_r4d9_x0_s5em05_tau1em07_t25_ron60_u898_t2_vo_v_rel0_rs2700_rx100_none_none_p0_b0_r1_i0_tap0_ph0_gdc420_gimp1000_esd_a8000_t5em05_off10d0_reduced
2.515755764833524e-10,2.0344419001018955e-09,,air8k,2.321036044703757e-06,e6_b579909370b4c31d1a86,1112.313249824778,rc3,a8000_chaingdtmov_g1_kprotection_i0_mreduced_qe6_r4d9_x0_s5em05_tau1em07_t25_ron60_u898_t2_vo_v_rel0_rs2700_rx100_none_none_p0_b0_r1_i0_tap0_ph0_gdc420_gimp1000_esd_a8000_t5em05_off10d0_reduced
,,6.49464211752119e-11,air8k,4.075934820041969e-08,e6_feadcb11d7ed5f5598d4,287.3670099597414,r1a,a8000_chaingdtmov_g1_kprotection_i0_mreduced_qe6_r4d9_x0_s5em05_tau1em09_t25_ron60_u899_t2_vo_v_rel0_rs2700_rx100_none_none_p0_b0_r1_i0_tap0_ph0_gdc780_gimp1000_esd_a8000_t5em05_off10d0_reduced
,,6.49464211752119e-11,air8k,4.075934820041969e-08,e6_feadcb11d7ed5f5598d4,287.3670099597414,r1b,a8000_chaingdtmov_g1_kprotection_i0_mreduced_qe6_r4d9_x0_s5em05_tau1em09_t25_ron60_u899_t2_vo_v_rel0_rs2700_rx100_none_none_p0_b0_r1_i0_tap0_ph0_gdc780_gimp1000_esd_a8000_t5em05_off10d0_reduced
,,6.494642117521173e-11,air8k,4.075934820041979e-08,e6_feadcb11d7ed5f5598d4,287.367009959745,r2a,a8000_chaingdtmov_g1_kprotection_i0_mreduced_qe6_r4d9_x0_s5em05_tau1em09_t25_ron60_u899_t2_vo_v_rel0_rs2700_rx100_none_none_p0_b0_r1_i0_tap0_ph0_gdc780_gimp1000_esd_a8000_t5em05_off10d0_reduced
,,6.494642117521173e-11,air8k,4.0759348200419774e-08,e6_feadcb11d7ed5f5598d4,287.3670099597449,r2b,a8000_chaingdtmov_g1_kprotection_i0_mreduced_qe6_r4d9_x0_s5em05_tau1em09_t25_ron60_u899_t2_vo_v_rel0_rs2700_rx100_none_none_p0_b0_r1_i0_tap0_ph0_gdc780_gimp1000_esd_a8000_t5em05_off10d0_reduced
,,6.494642117521191e-11,air8k,4.075934820041992e-08,e6_feadcb11d7ed5f5598d4,287.36700995974513,r3a,a8000_chaingdtmov_g1_kprotection_i0_mreduced_qe6_r4d9_x0_s5em05_tau1em09_t25_ron60_u899_t2_vo_v_rel0_rs2700_rx100_none_none_p0_b0_r1_i0_tap0_ph0_gdc780_gimp1000_esd_a8000_t5em05_off10d0_reduced
,,6.49464211752119e-11,air8k,4.075934820041992e-08,e6_feadcb11d7ed5f5598d4,287.36700995974513,r3b,a8000_chaingdtmov_g1_kprotection_i0_mreduced_qe6_r4d9_x0_s5em05_tau1em09_t25_ron60_u899_t2_vo_v_rel0_rs2700_rx100_none_none_p0_b0_r1_i0_tap0_ph0_gdc780_gimp1000_esd_a8000_t5em05_off10d0_reduced
,,0.0,air8k,2.4051280889751255e-08,e6_feadcb11d7ed5f5598d4,47.527879212958574,r910k,a8000_chaingdtmov_g1_kprotection_i0_mreduced_qe6_r4d9_x0_s5em05_tau1em09_t25_ron60_u899_t2_vo_v_rel0_rs2700_rx100_none_none_p0_b0_r1_i0_tap0_ph0_gdc780_gimp1000_esd_a8000_t5em05_off10d0_reduced
,,0.0,air8k,1.2123528518334942e-10,e6_feadcb11d7ed5f5598d4,0.5625011332396239,r100k,a8000_chaingdtmov_g1_kprotection_i0_mreduced_qe6_r4d9_x0_s5em05_tau1em09_t25_ron60_u899_t2_vo_v_rel0_rs2700_rx100_none_none_p0_b0_r1_i0_tap0_ph0_gdc780_gimp1000_esd_a8000_t5em05_off10d0_reduced
0.0,6.490947181131534e-11,,air8k,2.0287104889665274e-06,e6_feadcb11d7ed5f5598d4,574.6164603679256,rc1,a8000_chaingdtmov_g1_kprotection_i0_mreduced_qe6_r4d9_x0_s5em05_tau1em09_t25_ron60_u899_t2_vo_v_rel0_rs2700_rx100_none_none_p0_b0_r1_i0_tap0_ph0_gdc780_gimp1000_esd_a8000_t5em05_off10d0_reduced
0.0,6.490947181131518e-11,,air8k,2.0287104889665278e-06,e6_feadcb11d7ed5f5598d4,574.6164603679327,rc2,a8000_chaingdtmov_g1_kprotection_i0_mreduced_qe6_r4d9_x0_s5em05_tau1em09_t25_ron60_u899_t2_vo_v_rel0_rs2700_rx100_none_none_p0_b0_r1_i0_tap0_ph0_gdc780_gimp1000_esd_a8000_t5em05_off10d0_reduced
0.0,6.490947181131534e-11,,air8k,2.0287104889665278e-06,e6_feadcb11d7ed5f5598d4,574.6164603679332,rc3,a8000_chaingdtmov_g1_kprotection_i0_mreduced_qe6_r4d9_x0_s5em05_tau1em09_t25_ron60_u899_t2_vo_v_rel0_rs2700_rx100_none_none_p0_b0_r1_i0_tap0_ph0_gdc780_gimp1000_esd_a8000_t5em05_off10d0_reduced
,,2.08746968441326e-09,air8k,3.806025091674113e-08,e6_ea7449e912906eb383a7,556.5379510812013,r1a,a8000_chaingdtmov_g1_kprotection_i0_mreduced_qe6_r4d9_x0_s5em05_tau1em07_t25_ron60_u899_t2_vo_v_rel0_rs2700_rx100_none_none_p0_b0_r1_i0_tap0_ph0_gdc780_gimp1000_esd_a8000_t5em05_off10d0_reduced
,,2.0874696844132586e-09,air8k,3.806025091674113e-08,e6_ea7449e912906eb383a7,556.5379510812018,r1b,a8000_chaingdtmov_g1_kprotection_i0_mreduced_qe6_r4d9_x0_s5em05_tau1em07_t25_ron60_u899_t2_vo_v_rel0_rs2700_rx100_none_none_p0_b0_r1_i0_tap0_ph0_gdc780_gimp1000_esd_a8000_t5em05_off10d0_reduced
,,2.0874696844132636e-09,air8k,3.80602509167412e-08,e6_ea7449e912906eb383a7,556.5379510812011,r2a,a8000_chaingdtmov_g1_kprotection_i0_mreduced_qe6_r4d9_x0_s5em05_tau1em07_t25_ron60_u899_t2_vo_v_rel0_rs2700_rx100_none_none_p0_b0_r1_i0_tap0_ph0_gdc780_gimp1000_esd_a8000_t5em05_off10d0_reduced
,,2.087469684413261e-09,air8k,3.80602509167412e-08,e6_ea7449e912906eb383a7,556.5379510812015,r2b,a8000_chaingdtmov_g1_kprotection_i0_mreduced_qe6_r4d9_x0_s5em05_tau1em07_t25_ron60_u899_t2_vo_v_rel0_rs2700_rx100_none_none_p0_b0_r1_i0_tap0_ph0_gdc780_gimp1000_esd_a8000_t5em05_off10d0_reduced
,,2.0874696844132628e-09,air8k,3.8060250916741335e-08,e6_ea7449e912906eb383a7,556.5379510812012,r3a,a8000_chaingdtmov_g1_kprotection_i0_mreduced_qe6_r4d9_x0_s5em05_tau1em07_t25_ron60_u899_t2_vo_v_rel0_rs2700_rx100_none_none_p0_b0_r1_i0_tap0_ph0_gdc780_gimp1000_esd_a8000_t5em05_off10d0_reduced
,,2.0874696844132636e-09,air8k,3.806025091674134e-08,e6_ea7449e912906eb383a7,556.5379510812012,r3b,a8000_chaingdtmov_g1_kprotection_i0_mreduced_qe6_r4d9_x0_s5em05_tau1em07_t25_ron60_u899_t2_vo_v_rel0_rs2700_rx100_none_none_p0_b0_r1_i0_tap0_ph0_gdc780_gimp1000_esd_a8000_t5em05_off10d0_reduced
,,0.0,air8k,2.231628027062672e-08,e6_ea7449e912906eb383a7,47.681008960329706,r910k,a8000_chaingdtmov_g1_kprotection_i0_mreduced_qe6_r4d9_x0_s5em05_tau1em07_t25_ron60_u899_t2_vo_v_rel0_rs2700_rx100_none_none_p0_b0_r1_i0_tap0_ph0_gdc780_gimp1000_esd_a8000_t5em05_off10d0_reduced
,,0.0,air8k,1.2285061557776115e-10,e6_ea7449e912906eb383a7,0.5656766528494703,r100k,a8000_chaingdtmov_g1_kprotection_i0_mreduced_qe6_r4d9_x0_s5em05_tau1em07_t25_ron60_u899_t2_vo_v_rel0_rs2700_rx100_none_none_p0_b0_r1_i0_tap0_ph0_gdc780_gimp1000_esd_a8000_t5em05_off10d0_reduced
2.5157557648335617e-10,2.0344419001018723e-09,,air8k,2.3210360448290964e-06,e6_ea7449e912906eb383a7,1112.3132498247783,rc1,a8000_chaingdtmov_g1_kprotection_i0_mreduced_qe6_r4d9_x0_s5em05_tau1em07_t25_ron60_u899_t2_vo_v_rel0_rs2700_rx100_none_none_p0_b0_r1_i0_tap0_ph0_gdc780_gimp1000_esd_a8000_t5em05_off10d0_reduced
2.5157557648335545e-10,2.034441900101876e-09,,air8k,2.321036044829096e-06,e6_ea7449e912906eb383a7,1112.3132498247778,rc2,a8000_chaingdtmov_g1_kprotection_i0_mreduced_qe6_r4d9_x0_s5em05_tau1em07_t25_ron60_u899_t2_vo_v_rel0_rs2700_rx100_none_none_p0_b0_r1_i0_tap0_ph0_gdc780_gimp1000_esd_a8000_t5em05_off10d0_reduced
2.515755764833555e-10,2.0344419001018773e-09,,air8k,2.3210360448290964e-06,e6_ea7449e912906eb383a7,1112.3132498247778,rc3,a8000_chaingdtmov_g1_kprotection_i0_mreduced_qe6_r4d9_x0_s5em05_tau1em07_t25_ron60_u899_t2_vo_v_rel0_rs2700_rx100_none_none_p0_b0_r1_i0_tap0_ph0_gdc780_gimp1000_esd_a8000_t5em05_off10d0_reduced
,,6.494642110560973e-11,air8k,4.0759348291012e-08,e6_47d10c7cafbd567b1002,287.367009678743,r1a,a8000_chaingdtmov_g1_kprotection_i0_mreduced_qe6_r4d9_x0_s5em05_tau1em09_t25_ron60_u900_t2_vo_v_rel0_rs2700_rx100_none_none_p0_b1_r1_i0_tap0_ph0_gdc420_gimp1000_esd_a8000_t5em05_off10d0_reduced
,,6.494642110560965e-11,air8k,4.075934829101199e-08,e6_47d10c7cafbd567b1002,287.367009678743,r1b,a8000_chaingdtmov_g1_kprotection_i0_mreduced_qe6_r4d9_x0_s5em05_tau1em09_t25_ron60_u900_t2_vo_v_rel0_rs2700_rx100_none_none_p0_b1_r1_i0_tap0_ph0_gdc420_gimp1000_esd_a8000_t5em05_off10d0_reduced
,,6.494642110560961e-11,air8k,4.075934829101208e-08,e6_47d10c7cafbd567b1002,287.3670096787441,r2a,a8000_chaingdtmov_g1_kprotection_i0_mreduced_qe6_r4d9_x0_s5em05_tau1em09_t25_ron60_u900_t2_vo_v_rel0_rs2700_rx100_none_none_p0_b1_r1_i0_tap0_ph0_gdc420_gimp1000_esd_a8000_t5em05_off10d0_reduced
,,6.494642110560963e-11,air8k,4.075934829101208e-08,e6_47d10c7cafbd567b1002,287.36700967874424,r2b,a8000_chaingdtmov_g1_kprotection_i0_mreduced_qe6_r4d9_x0_s5em05_tau1em09_t25_ron60_u900_t2_vo_v_rel0_rs2700_rx100_none_none_p0_b1_r1_i0_tap0_ph0_gdc420_gimp1000_esd_a8000_t5em05_off10d0_reduced
,,6.494642110560938e-11,air8k,4.075934829101222e-08,e6_47d10c7cafbd567b1002,287.36700967874543,r3a,a8000_chaingdtmov_g1_kprotection_i0_mreduced_qe6_r4d9_x0_s5em05_tau1em09_t25_ron60_u900_t2_vo_v_rel0_rs2700_rx100_none_none_p0_b1_r1_i0_tap0_ph0_gdc420_gimp1000_esd_a8000_t5em05_off10d0_reduced
,,6.49464211056094e-11,air8k,4.075934829101222e-08,e6_47d10c7cafbd567b1002,287.3670096787454,r3b,a8000_chaingdtmov_g1_kprotection_i0_mreduced_qe6_r4d9_x0_s5em05_tau1em09_t25_ron60_u900_t2_vo_v_rel0_rs2700_rx100_none_none_p0_b1_r1_i0_tap0_ph0_gdc420_gimp1000_esd_a8000_t5em05_off10d0_reduced
,,0.0,air8k,2.4051280944758415e-08,e6_47d10c7cafbd567b1002,47.527879212819066,r910k,a8000_chaingdtmov_g1_kprotection_i0_mreduced_qe6_r4d9_x0_s5em05_tau1em09_t25_ron60_u900_t2_vo_v_rel0_rs2700_rx100_none_none_p0_b1_r1_i0_tap0_ph0_gdc420_gimp1000_esd_a8000_t5em05_off10d0_reduced
,,0.0,air8k,1.212352941901825e-10,e6_47d10c7cafbd567b1002,0.5625011333356277,r100k,a8000_chaingdtmov_g1_kprotection_i0_mreduced_qe6_r4d9_x0_s5em05_tau1em09_t25_ron60_u900_t2_vo_v_rel0_rs2700_rx100_none_none_p0_b1_r1_i0_tap0_ph0_gdc420_gimp1000_esd_a8000_t5em05_off10d0_reduced
0.0,6.490947174176772e-11,,air8k,2.0287104889152776e-06,e6_47d10c7cafbd567b1002,574.6164598060889,rc1,a8000_chaingdtmov_g1_kprotection_i0_mreduced_qe6_r4d9_x0_s5em05_tau1em09_t25_ron60_u900_t2_vo_v_rel0_rs2700_rx100_none_none_p0_b1_r1_i0_tap0_ph0_gdc420_gimp1000_esd_a8000_t5em05_off10d0_reduced
0.0,6.490947174176765e-11,,air8k,2.0287104889152776e-06,e6_47d10c7cafbd567b1002,574.6164598060915,rc2,a8000_chaingdtmov_g1_kprotection_i0_mreduced_qe6_r4d9_x0_s5em05_tau1em09_t25_ron60_u900_t2_vo_v_rel0_rs2700_rx100_none_none_p0_b1_r1_i0_tap0_ph0_gdc420_gimp1000_esd_a8000_t5em05_off10d0_reduced
0.0,6.490947174176741e-11,,air8k,2.028710488915278e-06,e6_47d10c7cafbd567b1002,574.6164598060939,rc3,a8000_chaingdtmov_g1_kprotection_i0_mreduced_qe6_r4d9_x0_s5em05_tau1em09_t25_ron60_u900_t2_vo_v_rel0_rs2700_rx100_none_none_p0_b1_r1_i0_tap0_ph0_gdc420_gimp1000_esd_a8000_t5em05_off10d0_reduced
,,2.087469929058878e-09,air8k,3.8060247219650884e-08,e6_abf9e6eae1d1e51d4ddc,556.5388967340855,r1a,a8000_chaingdtmov_g1_kprotection_i0_mreduced_qe6_r4d9_x0_s5em05_tau1em07_t25_ron60_u900_t2_vo_v_rel0_rs2700_rx100_none_none_p0_b1_r1_i0_tap0_ph0_gdc420_gimp1000_esd_a8000_t5em05_off10d0_reduced
,,2.08746992905888e-09,air8k,3.8060247219650884e-08,e6_abf9e6eae1d1e51d4ddc,556.5388967340859,r1b,a8000_chaingdtmov_g1_kprotection_i0_mreduced_qe6_r4d9_x0_s5em05_tau1em07_t25_ron60_u900_t2_vo_v_rel0_rs2700_rx100_none_none_p0_b1_r1_i0_tap0_ph0_gdc420_gimp1000_esd_a8000_t5em05_off10d0_reduced
,,2.0874699290588814e-09,air8k,3.806024721965097e-08,e6_abf9e6eae1d1e51d4ddc,556.538896734085,r2a,a8000_chaingdtmov_g1_kprotection_i0_mreduced_qe6_r4d9_x0_s5em05_tau1em07_t25_ron60_u900_t2_vo_v_rel0_rs2700_rx100_none_none_p0_b1_r1_i0_tap0_ph0_gdc420_gimp1000_esd_a8000_t5em05_off10d0_reduced
,,2.0874699290588806e-09,air8k,3.806024721965097e-08,e6_abf9e6eae1d1e51d4ddc,556.538896734085,r2b,a8000_chaingdtmov_g1_kprotection_i0_mreduced_qe6_r4d9_x0_s5em05_tau1em07_t25_ron60_u900_t2_vo_v_rel0_rs2700_rx100_none_none_p0_b1_r1_i0_tap0_ph0_gdc420_gimp1000_esd_a8000_t5em05_off10d0_reduced
,,2.0874699290588806e-09,air8k,3.806024721965109e-08,e6_abf9e6eae1d1e51d4ddc,556.5388967340846,r3a,a8000_chaingdtmov_g1_kprotection_i0_mreduced_qe6_r4d9_x0_s5em05_tau1em07_t25_ron60_u900_t2_vo_v_rel0_rs2700_rx100_none_none_p0_b1_r1_i0_tap0_ph0_gdc420_gimp1000_esd_a8000_t5em05_off10d0_reduced
,,2.087469929058881e-09,air8k,3.8060247219651096e-08,e6_abf9e6eae1d1e51d4ddc,556.5388967340846,r3b,a8000_chaingdtmov_g1_kprotection_i0_mreduced_qe6_r4d9_x0_s5em05_tau1em07_t25_ron60_u900_t2_vo_v_rel0_rs2700_rx100_none_none_p0_b1_r1_i0_tap0_ph0_gdc420_gimp1000_esd_a8000_t5em05_off10d0_reduced
,,0.0,air8k,2.2316278006507505e-08,e6_abf9e6eae1d1e51d4ddc,47.681009093736584,r910k,a8000_chaingdtmov_g1_kprotection_i0_mreduced_qe6_r4d9_x0_s5em05_tau1em07_t25_ron60_u900_t2_vo_v_rel0_rs2700_rx100_none_none_p0_b1_r1_i0_tap0_ph0_gdc420_gimp1000_esd_a8000_t5em05_off10d0_reduced
,,0.0,air8k,1.228506278478443e-10,e6_abf9e6eae1d1e51d4ddc,0.5656765585887684,r100k,a8000_chaingdtmov_g1_kprotection_i0_mreduced_qe6_r4d9_x0_s5em05_tau1em07_t25_ron60_u900_t2_vo_v_rel0_rs2700_rx100_none_none_p0_b1_r1_i0_tap0_ph0_gdc420_gimp1000_esd_a8000_t5em05_off10d0_reduced
2.515753193524286e-10,2.0344490282962182e-09,,air8k,2.321036114027331e-06,e6_abf9e6eae1d1e51d4ddc,1112.315165147797,rc1,a8000_chaingdtmov_g1_kprotection_i0_mreduced_qe6_r4d9_x0_s5em05_tau1em07_t25_ron60_u900_t2_vo_v_rel0_rs2700_rx100_none_none_p0_b1_r1_i0_tap0_ph0_gdc420_gimp1000_esd_a8000_t5em05_off10d0_reduced
2.515753193524294e-10,2.034449028296219e-09,,air8k,2.3210361140273314e-06,e6_abf9e6eae1d1e51d4ddc,1112.3151651477956,rc2,a8000_chaingdtmov_g1_kprotection_i0_mreduced_qe6_r4d9_x0_s5em05_tau1em07_t25_ron60_u900_t2_vo_v_rel0_rs2700_rx100_none_none_p0_b1_r1_i0_tap0_ph0_gdc420_gimp1000_esd_a8000_t5em05_off10d0_reduced
2.515753193524294e-10,2.0344490282962186e-09,,air8k,2.3210361140273314e-06,e6_abf9e6eae1d1e51d4ddc,1112.3151651477947,rc3,a8000_chaingdtmov_g1_kprotection_i0_mreduced_qe6_r4d9_x0_s5em05_tau1em07_t25_ron60_u900_t2_vo_v_rel0_rs2700_rx100_none_none_p0_b1_r1_i0_tap0_ph0_gdc420_gimp1000_esd_a8000_t5em05_off10d0_reduced
,,6.494642106435156e-11,air8k,4.075934820406228e-08,e6_1fad3b1094ce98c23861,287.3670096882538,r1a,a8000_chaingdtmov_g1_kprotection_i0_mreduced_qe6_r4d9_x0_s5em05_tau1em09_t25_ron60_u901_t2_vo_v_rel0_rs2700_rx100_none_none_p0_b1_r1_i0_tap0_ph0_gdc780_gimp1000_esd_a8000_t5em05_off10d0_reduced
,,6.494642106435154e-11,air8k,4.075934820406228e-08,e6_1fad3b1094ce98c23861,287.36700968825403,r1b,a8000_chaingdtmov_g1_kprotection_i0_mreduced_qe6_r4d9_x0_s5em05_tau1em09_t25_ron60_u901_t2_vo_v_rel0_rs2700_rx100_none_none_p0_b1_r1_i0_tap0_ph0_gdc780_gimp1000_esd_a8000_t5em05_off10d0_reduced
,,6.4946421064351e-11,air8k,4.0759348204062366e-08,e6_1fad3b1094ce98c23861,287.3670096882614,r2a,a8000_chaingdtmov_g1_kprotection_i0_mreduced_qe6_r4d9_x0_s5em05_tau1em09_t25_ron60_u901_t2_vo_v_rel0_rs2700_rx100_none_none_p0_b1_r1_i0_tap0_ph0_gdc780_gimp1000_esd_a8000_t5em05_off10d0_reduced
,,6.494642106435096e-11,air8k,4.0759348204062366e-08,e6_1fad3b1094ce98c23861,287.3670096882612,r2b,a8000_chaingdtmov_g1_kprotection_i0_mreduced_qe6_r4d9_x0_s5em05_tau1em09_t25_ron60_u901_t2_vo_v_rel0_rs2700_rx100_none_none_p0_b1_r1_i0_tap0_ph0_gdc780_gimp1000_esd_a8000_t5em05_off10d0_reduced
,,6.494642106435057e-11,air8k,4.0759348204062505e-08,e6_1fad3b1094ce98c23861,287.367009688265,r3a,a8000_chaingdtmov_g1_kprotection_i0_mreduced_qe6_r4d9_x0_s5em05_tau1em09_t25_ron60_u901_t2_vo_v_rel0_rs2700_rx100_none_none_p0_b1_r1_i0_tap0_ph0_gdc780_gimp1000_esd_a8000_t5em05_off10d0_reduced
,,6.494642106435056e-11,air8k,4.0759348204062505e-08,e6_1fad3b1094ce98c23861,287.36700968826494,r3b,a8000_chaingdtmov_g1_kprotection_i0_mreduced_qe6_r4d9_x0_s5em05_tau1em09_t25_ron60_u901_t2_vo_v_rel0_rs2700_rx100_none_none_p0_b1_r1_i0_tap0_ph0_gdc780_gimp1000_esd_a8000_t5em05_off10d0_reduced
,,0.0,air8k,2.4051280891954064e-08,e6_1fad3b1094ce98c23861,47.52787921291504,r910k,a8000_chaingdtmov_g1_kprotection_i0_mreduced_qe6_r4d9_x0_s5em05_tau1em09_t25_ron60_u901_t2_vo_v_rel0_rs2700_rx100_none_none_p0_b1_r1_i0_tap0_ph0_gdc780_gimp1000_esd_a8000_t5em05_off10d0_reduced
,,0.0,air8k,1.2123529419610805e-10,e6_1fad3b1094ce98c23861,0.5625011333357314,r100k,a8000_chaingdtmov_g1_kprotection_i0_mreduced_qe6_r4d9_x0_s5em05_tau1em09_t25_ron60_u901_t2_vo_v_rel0_rs2700_rx100_none_none_p0_b1_r1_i0_tap0_ph0_gdc780_gimp1000_esd_a8000_t5em05_off10d0_reduced
0.0,6.49094717004388e-11,,air8k,2.028710488952632e-06,e6_1fad3b1094ce98c23861,574.6164598251139,rc1,a8000_chaingdtmov_g1_kprotection_i0_mreduced_qe6_r4d9_x0_s5em05_tau1em09_t25_ron60_u901_t2_vo_v_rel0_rs2700_rx100_none_none_p0_b1_r1_i0_tap0_ph0_gdc780_gimp1000_esd_a8000_t5em05_off10d0_reduced
0.0,6.490947170043821e-11,,air8k,2.028710488952632e-06,e6_1fad3b1094ce98c23861,574.6164598251287,rc2,a8000_chaingdtmov_g1_kprotection_i0_mreduced_qe6_r4d9_x0_s5em05_tau1em09_t25_ron60_u901_t2_vo_v_rel0_rs2700_rx100_none_none_p0_b1_r1_i0_tap0_ph0_gdc780_gimp1000_esd_a8000_t5em05_off10d0_reduced
0.0,6.49094717004378e-11,,air8k,2.028710488952632e-06,e6_1fad3b1094ce98c23861,574.6164598251361,rc3,a8000_chaingdtmov_g1_kprotection_i0_mreduced_qe6_r4d9_x0_s5em05_tau1em09_t25_ron60_u901_t2_vo_v_rel0_rs2700_rx100_none_none_p0_b1_r1_i0_tap0_ph0_gdc780_gimp1000_esd_a8000_t5em05_off10d0_reduced
,,2.0874699290588806e-09,air8k,3.806024712586987e-08,e6_942654ab96cfee4c8f68,556.5388967340855,r1a,a8000_chaingdtmov_g1_kprotection_i0_mreduced_qe6_r4d9_x0_s5em05_tau1em07_t25_ron60_u901_t2_vo_v_rel0_rs2700_rx100_none_none_p0_b1_r1_i0_tap0_ph0_gdc780_gimp1000_esd_a8000_t5em05_off10d0_reduced
,,2.0874699290588806e-09,air8k,3.806024712586987e-08,e6_942654ab96cfee4c8f68,556.5388967340855,r1b,a8000_chaingdtmov_g1_kprotection_i0_mreduced_qe6_r4d9_x0_s5em05_tau1em07_t25_ron60_u901_t2_vo_v_rel0_rs2700_rx100_none_none_p0_b1_r1_i0_tap0_ph0_gdc780_gimp1000_esd_a8000_t5em05_off10d0_reduced
,,2.087469929058884e-09,air8k,3.806024712586995e-08,e6_942654ab96cfee4c8f68,556.5388967340843,r2a,a8000_chaingdtmov_g1_kprotection_i0_mreduced_qe6_r4d9_x0_s5em05_tau1em07_t25_ron60_u901_t2_vo_v_rel0_rs2700_rx100_none_none_p0_b1_r1_i0_tap0_ph0_gdc780_gimp1000_esd_a8000_t5em05_off10d0_reduced
,,2.0874699290588822e-09,air8k,3.806024712586996e-08,e6_942654ab96cfee4c8f68,556.5388967340846,r2b,a8000_chaingdtmov_g1_kprotection_i0_mreduced_qe6_r4d9_x0_s5em05_tau1em07_t25_ron60_u901_t2_vo_v_rel0_rs2700_rx100_none_none_p0_b1_r1_i0_tap0_ph0_gdc780_gimp1000_esd_a8000_t5em05_off10d0_reduced
,,2.087469929058883e-09,air8k,3.806024712587008e-08,e6_942654ab96cfee4c8f68,556.5388967340842,r3a,a8000_chaingdtmov_g1_kprotection_i0_mreduced_qe6_r4d9_x0_s5em05_tau1em07_t25_ron60_u901_t2_vo_v_rel0_rs2700_rx100_none_none_p0_b1_r1_i0_tap0_ph0_gdc780_gimp1000_esd_a8000_t5em05_off10d0_reduced
,,2.087469929058884e-09,air8k,3.806024712587008e-08,e6_942654ab96cfee4c8f68,556.5388967340842,r3b,a8000_chaingdtmov_g1_kprotection_i0_mreduced_qe6_r4d9_x0_s5em05_tau1em07_t25_ron60_u901_t2_vo_v_rel0_rs2700_rx100_none_none_p0_b1_r1_i0_tap0_ph0_gdc780_gimp1000_esd_a8000_t5em05_off10d0_reduced
,,0.0,air8k,2.231627794957061e-08,e6_942654ab96cfee4c8f68,47.68100909289036,r910k,a8000_chaingdtmov_g1_kprotection_i0_mreduced_qe6_r4d9_x0_s5em05_tau1em07_t25_ron60_u901_t2_vo_v_rel0_rs2700_rx100_none_none_p0_b1_r1_i0_tap0_ph0_gdc780_gimp1000_esd_a8000_t5em05_off10d0_reduced
,,0.0,air8k,1.228506278981561e-10,e6_942654ab96cfee4c8f68,0.5656765585887685,r100k,a8000_chaingdtmov_g1_kprotection_i0_mreduced_qe6_r4d9_x0_s5em05_tau1em07_t25_ron60_u901_t2_vo_v_rel0_rs2700_rx100_none_none_p0_b1_r1_i0_tap0_ph0_gdc780_gimp1000_esd_a8000_t5em05_off10d0_reduced
2.515753193524246e-10,2.034449028296217e-09,,air8k,2.3210361141526707e-06,e6_942654ab96cfee4c8f68,1112.3151651477965,rc1,a8000_chaingdtmov_g1_kprotection_i0_mreduced_qe6_r4d9_x0_s5em05_tau1em07_t25_ron60_u901_t2_vo_v_rel0_rs2700_rx100_none_none_p0_b1_r1_i0_tap0_ph0_gdc780_gimp1000_esd_a8000_t5em05_off10d0_reduced
2.5157531935242476e-10,2.0344490282962186e-09,,air8k,2.3210361141526707e-06,e6_942654ab96cfee4c8f68,1112.3151651477947,rc2,a8000_chaingdtmov_g1_kprotection_i0_mreduced_qe6_r4d9_x0_s5em05_tau1em07_t25_ron60_u901_t2_vo_v_rel0_rs2700_rx100_none_none_p0_b1_r1_i0_tap0_ph0_gdc780_gimp1000_esd_a8000_t5em05_off10d0_reduced
2.5157531935242487e-10,2.0344490282962186e-09,,air8k,2.3210361141526716e-06,e6_942654ab96cfee4c8f68,1112.315165147794,rc3,a8000_chaingdtmov_g1_kprotection_i0_mreduced_qe6_r4d9_x0_s5em05_tau1em07_t25_ron60_u901_t2_vo_v_rel0_rs2700_rx100_none_none_p0_b1_r1_i0_tap0_ph0_gdc780_gimp1000_esd_a8000_t5em05_off10d0_reduced
,,6.509252984701168e-11,air8k,4.046310164987575e-08,e6_97e3577a39033d228a76,287.83351940507623,r1a,a8000_chaingdtmov_g1_kprotection_i0_mreduced_qe6_r4d998_x0_s5em05_tau1em09_t25_ron60_u902_t2_vo_v_rel0_rs2700_rx100_none_none_p1_b0_r1d02_i0_tap0_ph0_gdc420_gimp1000_esd_a8000_t5em05_off10d0_reduced
,,6.50925298470117e-11,air8k,4.046310164987575e-08,e6_97e3577a39033d228a76,287.83351940507646,r1b,a8000_chaingdtmov_g1_kprotection_i0_mreduced_qe6_r4d998_x0_s5em05_tau1em09_t25_ron60_u902_t2_vo_v_rel0_rs2700_rx100_none_none_p1_b0_r1d02_i0_tap0_ph0_gdc420_gimp1000_esd_a8000_t5em05_off10d0_reduced
,,6.509252984701122e-11,air8k,4.046310164987584e-08,e6_97e3577a39033d228a76,287.8335194050834,r2a,a8000_chaingdtmov_g1_kprotection_i0_mreduced_qe6_r4d998_x0_s5em05_tau1em09_t25_ron60_u902_t2_vo_v_rel0_rs2700_rx100_none_none_p1_b0_r1d02_i0_tap0_ph0_gdc420_gimp1000_esd_a8000_t5em05_off10d0_reduced
,,6.50925298470112e-11,air8k,4.046310164987584e-08,e6_97e3577a39033d228a76,287.8335194050835,r2b,a8000_chaingdtmov_g1_kprotection_i0_mreduced_qe6_r4d998_x0_s5em05_tau1em09_t25_ron60_u902_t2_vo_v_rel0_rs2700_rx100_none_none_p1_b0_r1d02_i0_tap0_ph0_gdc420_gimp1000_esd_a8000_t5em05_off10d0_reduced
,,6.509252984701096e-11,air8k,4.0463101649875896e-08,e6_97e3577a39033d228a76,287.8335194050869,r3a,a8000_chaingdtmov_g1_kprotection_i0_mreduced_qe6_r4d998_x0_s5em05_tau1em09_t25_ron60_u902_t2_vo_v_rel0_rs2700_rx100_none_none_p1_b0_r1d02_i0_tap0_ph0_gdc420_gimp1000_esd_a8000_t5em05_off10d0_reduced
,,6.509252984701096e-11,air8k,4.0463101649875896e-08,e6_97e3577a39033d228a76,287.83351940508703,r3b,a8000_chaingdtmov_g1_kprotection_i0_mreduced_qe6_r4d998_x0_s5em05_tau1em09_t25_ron60_u902_t2_vo_v_rel0_rs2700_rx100_none_none_p1_b0_r1d02_i0_tap0_ph0_gdc420_gimp1000_esd_a8000_t5em05_off10d0_reduced
,,0.0,air8k,2.3875469439315055e-08,e6_97e3577a39033d228a76,47.17550597947266,r910k,a8000_chaingdtmov_g1_kprotection_i0_mreduced_qe6_r4d998_x0_s5em05_tau1em09_t25_ron60_u902_t2_vo_v_rel0_rs2700_rx100_none_none_p1_b0_r1d02_i0_tap0_ph0_gdc420_gimp1000_esd_a8000_t5em05_off10d0_reduced
,,0.0,air8k,2.620369660733993e-09,e6_97e3577a39033d228a76,5.180679260329663,r100k,a8000_chaingdtmov_g1_kprotection_i0_mreduced_qe6_r4d998_x0_s5em05_tau1em09_t25_ron60_u902_t2_vo_v_rel0_rs2700_rx100_none_none_p1_b0_r1d02_i0_tap0_ph0_gdc420_gimp1000_esd_a8000_t5em05_off10d0_reduced
0.0,6.505082422155585e-11,,air8k,2.0145200561930005e-06,e6_97e3577a39033d228a76,575.5429905706967,rc1,a8000_chaingdtmov_g1_kprotection_i0_mreduced_qe6_r4d998_x0_s5em05_tau1em09_t25_ron60_u902_t2_vo_v_rel0_rs2700_rx100_none_none_p1_b0_r1d02_i0_tap0_ph0_gdc420_gimp1000_esd_a8000_t5em05_off10d0_reduced
0.0,6.505082422155537e-11,,air8k,2.0145200561930005e-06,e6_97e3577a39033d228a76,575.5429905707109,rc2,a8000_chaingdtmov_g1_kprotection_i0_mreduced_qe6_r4d998_x0_s5em05_tau1em09_t25_ron60_u902_t2_vo_v_rel0_rs2700_rx100_none_none_p1_b0_r1d02_i0_tap0_ph0_gdc420_gimp1000_esd_a8000_t5em05_off10d0_reduced
0.0,6.505082422155513e-11,,air8k,2.0145200561930005e-06,e6_97e3577a39033d228a76,575.542990570718,rc3,a8000_chaingdtmov_g1_kprotection_i0_mreduced_qe6_r4d998_x0_s5em05_tau1em09_t25_ron60_u902_t2_vo_v_rel0_rs2700_rx100_none_none_p1_b0_r1d02_i0_tap0_ph0_gdc420_gimp1000_esd_a8000_t5em05_off10d0_reduced
,,2.082310965896192e-09,air8k,3.777553017596127e-08,e6_9be8425bac873b6cd381,554.0257139138585,r1a,a8000_chaingdtmov_g1_kprotection_i0_mreduced_qe6_r4d998_x0_s5em05_tau1em07_t25_ron60_u902_t2_vo_v_rel0_rs2700_rx100_none_none_p1_b0_r1d02_i0_tap0_ph0_gdc420_gimp1000_esd_a8000_t5em05_off10d0_reduced
,,2.0823109658961895e-09,air8k,3.777553017596127e-08,e6_9be8425bac873b6cd381,554.0257139138589,r1b,a8000_chaingdtmov_g1_kprotection_i0_mreduced_qe6_r4d998_x0_s5em05_tau1em07_t25_ron60_u902_t2_vo_v_rel0_rs2700_rx100_none_none_p1_b0_r1d02_i0_tap0_ph0_gdc420_gimp1000_esd_a8000_t5em05_off10d0_reduced
,,2.0823109658961895e-09,air8k,3.777553017596135e-08,e6_9be8425bac873b6cd381,554.0257139138582,r2a,a8000_chaingdtmov_g1_kprotection_i0_mreduced_qe6_r4d998_x0_s5em05_tau1em07_t25_ron60_u902_t2_vo_v_rel0_rs2700_rx100_none_none_p1_b0_r1d02_i0_tap0_ph0_gdc420_gimp1000_esd_a8000_t5em05_off10d0_reduced
,,2.0823109658961903e-09,air8k,3.777553017596135e-08,e6_9be8425bac873b6cd381,554.0257139138585,r2b,a8000_chaingdtmov_g1_kprotection_i0_mreduced_qe6_r4d998_x0_s5em05_tau1em07_t25_ron60_u902_t2_vo_v_rel0_rs2700_rx100_none_none_p1_b0_r1d02_i0_tap0_ph0_gdc420_gimp1000_esd_a8000_t5em05_off10d0_reduced
,,2.0823109658961895e-09,air8k,3.7775530175961396e-08,e6_9be8425bac873b6cd381,554.025713913858,r3a,a8000_chaingdtmov_g1_kprotection_i0_mreduced_qe6_r4d998_x0_s5em05_tau1em07_t25_ron60_u902_t2_vo_v_rel0_rs2700_rx100_none_none_p1_b0_r1d02_i0_tap0_ph0_gdc420_gimp1000_esd_a8000_t5em05_off10d0_reduced
,,2.08231096589619e-09,air8k,3.7775530175961396e-08,e6_9be8425bac873b6cd381,554.0257139138582,r3b,a8000_chaingdtmov_g1_kprotection_i0_mreduced_qe6_r4d998_x0_s5em05_tau1em07_t25_ron60_u902_t2_vo_v_rel0_rs2700_rx100_none_none_p1_b0_r1d02_i0_tap0_ph0_gdc420_gimp1000_esd_a8000_t5em05_off10d0_reduced
,,0.0,air8k,2.2147970538179652e-08,e6_9be8425bac873b6cd381,47.32826656395393,r910k,a8000_chaingdtmov_g1_kprotection_i0_mreduced_qe6_r4d998_x0_s5em05_tau1em07_t25_ron60_u902_t2_vo_v_rel0_rs2700_rx100_none_none_p1_b0_r1d02_i0_tap0_ph0_gdc420_gimp1000_esd_a8000_t5em05_off10d0_reduced
,,0.0,air8k,2.430773346774479e-09,e6_9be8425bac873b6cd381,5.197454921865588,r100k,a8000_chaingdtmov_g1_kprotection_i0_mreduced_qe6_r4d998_x0_s5em05_tau1em07_t25_ron60_u902_t2_vo_v_rel0_rs2700_rx100_none_none_p1_b0_r1d02_i0_tap0_ph0_gdc420_gimp1000_esd_a8000_t5em05_off10d0_reduced
2.498535638160426e-10,2.039046002339614e-09,,air8k,2.3054269370791054e-06,e6_9be8425bac873b6cd381,1107.277242586782,rc1,a8000_chaingdtmov_g1_kprotection_i0_mreduced_qe6_r4d998_x0_s5em05_tau1em07_t25_ron60_u902_t2_vo_v_rel0_rs2700_rx100_none_none_p1_b0_r1d02_i0_tap0_ph0_gdc420_gimp1000_esd_a8000_t5em05_off10d0_reduced
2.4985356381604215e-10,2.0390460023396136e-09,,air8k,2.305426937079105e-06,e6_9be8425bac873b6cd381,1107.2772425867813,rc2,a8000_chaingdtmov_g1_kprotection_i0_mreduced_qe6_r4d998_x0_s5em05_tau1em07_t25_ron60_u902_t2_vo_v_rel0_rs2700_rx100_none_none_p1_b0_r1d02_i0_tap0_ph0_gdc420_gimp1000_esd_a8000_t5em05_off10d0_reduced
2.498535638160419e-10,2.0390460023396136e-09,,air8k,2.3054269370791046e-06,e6_9be8425bac873b6cd381,1107.2772425867809,rc3,a8000_chaingdtmov_g1_kprotection_i0_mreduced_qe6_r4d998_x0_s5em05_tau1em07_t25_ron60_u902_t2_vo_v_rel0_rs2700_rx100_none_none_p1_b0_r1d02_i0_tap0_ph0_gdc420_gimp1000_esd_a8000_t5em05_off10d0_reduced
,,6.50925298217685e-11,air8k,4.046310156396334e-08,e6_102f749c1f163e563c97,287.8335193992518,r1a,a8000_chaingdtmov_g1_kprotection_i0_mreduced_qe6_r4d998_x0_s5em05_tau1em09_t25_ron60_u903_t2_vo_v_rel0_rs2700_rx100_none_none_p1_b0_r1d02_i0_tap0_ph0_gdc780_gimp1000_esd_a8000_t5em05_off10d0_reduced
,,6.509252982176854e-11,air8k,4.0463101563963336e-08,e6_102f749c1f163e563c97,287.8335193992518,r1b,a8000_chaingdtmov_g1_kprotection_i0_mreduced_qe6_r4d998_x0_s5em05_tau1em09_t25_ron60_u903_t2_vo_v_rel0_rs2700_rx100_none_none_p1_b0_r1d02_i0_tap0_ph0_gdc780_gimp1000_esd_a8000_t5em05_off10d0_reduced
,,6.509252982176779e-11,air8k,4.046310156396341e-08,e6_102f749c1f163e563c97,287.8335193992606,r2a,a8000_chaingdtmov_g1_kprotection_i0_mreduced_qe6_r4d998_x0_s5em05_tau1em09_t25_ron60_u903_t2_vo_v_rel0_rs2700_rx100_none_none_p1_b0_r1d02_i0_tap0_ph0_gdc780_gimp1000_esd_a8000_t5em05_off10d0_reduced
,,6.509252982176777e-11,air8k,4.046310156396342e-08,e6_102f749c1f163e563c97,287.8335193992606,r2b,a8000_chaingdtmov_g1_kprotection_i0_mreduced_qe6_r4d998_x0_s5em05_tau1em09_t25_ron60_u903_t2_vo_v_rel0_rs2700_rx100_none_none_p1_b0_r1d02_i0_tap0_ph0_gdc780_gimp1000_esd_a8000_t5em05_off10d0_reduced
,,6.509252982176737e-11,air8k,4.046310156396349e-08,e6_102f749c1f163e563c97,287.83351939926484,r3a,a8000_chaingdtmov_g1_kprotection_i0_mreduced_qe6_r4d998_x0_s5em05_tau1em09_t25_ron60_u903_t2_vo_v_rel0_rs2700_rx100_none_none_p1_b0_r1d02_i0_tap0_ph0_gdc780_gimp1000_esd_a8000_t5em05_off10d0_reduced
,,6.509252982176739e-11,air8k,4.046310156396349e-08,e6_102f749c1f163e563c97,287.8335193992649,r3b,a8000_chaingdtmov_g1_kprotection_i0_mreduced_qe6_r4d998_x0_s5em05_tau1em09_t25_ron60_u903_t2_vo_v_rel0_rs2700_rx100_none_none_p1_b0_r1d02_i0_tap0_ph0_gdc780_gimp1000_esd_a8000_t5em05_off10d0_reduced
,,0.0,air8k,2.3875469387139854e-08,e6_102f749c1f163e563c97,47.17550597956907,r910k,a8000_chaingdtmov_g1_kprotection_i0_mreduced_qe6_r4d998_x0_s5em05_tau1em09_t25_ron60_u903_t2_vo_v_rel0_rs2700_rx100_none_none_p1_b0_r1d02_i0_tap0_ph0_gdc780_gimp1000_esd_a8000_t5em05_off10d0_reduced
,,0.0,air8k,2.6203696550076753e-09,e6_102f749c1f163e563c97,5.180679260340249,r100k,a8000_chaingdtmov_g1_kprotection_i0_mreduced_qe6_r4d998_x0_s5em05_tau1em09_t25_ron60_u903_t2_vo_v_rel0_rs2700_rx100_none_none_p1_b0_r1d02_i0_tap0_ph0_gdc780_gimp1000_esd_a8000_t5em05_off10d0_reduced
0.0,6.505082419633218e-11,,air8k,2.0145200562340965e-06,e6_102f749c1f163e563c97,575.5429905590659,rc1,a8000_chaingdtmov_g1_kprotection_i0_mreduced_qe6_r4d998_x0_s5em05_tau1em09_t25_ron60_u903_t2_vo_v_rel0_rs2700_rx100_none_none_p1_b0_r1d02_i0_tap0_ph0_gdc780_gimp1000_esd_a8000_t5em05_off10d0_reduced
0.0,6.505082419633143e-11,,air8k,2.0145200562340965e-06,e6_102f749c1f163e563c97,575.5429905590833,rc2,a8000_chaingdtmov_g1_kprotection_i0_mreduced_qe6_r4d998_x0_s5em05_tau1em09_t25_ron60_u903_t2_vo_v_rel0_rs2700_rx100_none_none_p1_b0_r1d02_i0_tap0_ph0_gdc780_gimp1000_esd_a8000_t5em05_off10d0_reduced
0.0,6.505082419633104e-11,,air8k,2.0145200562340965e-06,e6_102f749c1f163e563c97,575.5429905590918,rc3,a8000_chaingdtmov_g1_kprotection_i0_mreduced_qe6_r4d998_x0_s5em05_tau1em09_t25_ron60_u903_t2_vo_v_rel0_rs2700_rx100_none_none_p1_b0_r1d02_i0_tap0_ph0_gdc780_gimp1000_esd_a8000_t5em05_off10d0_reduced
,,2.0823109658961837e-09,air8k,3.777553008343271e-08,e6_b078f24ceaad6da709a0,554.0257139138589,r1a,a8000_chaingdtmov_g1_kprotection_i0_mreduced_qe6_r4d998_x0_s5em05_tau1em07_t25_ron60_u903_t2_vo_v_rel0_rs2700_rx100_none_none_p1_b0_r1d02_i0_tap0_ph0_gdc780_gimp1000_esd_a8000_t5em05_off10d0_reduced
,,2.0823109658961816e-09,air8k,3.777553008343271e-08,e6_b078f24ceaad6da709a0,554.0257139138594,r1b,a8000_chaingdtmov_g1_kprotection_i0_mreduced_qe6_r4d998_x0_s5em05_tau1em07_t25_ron60_u903_t2_vo_v_rel0_rs2700_rx100_none_none_p1_b0_r1d02_i0_tap0_ph0_gdc780_gimp1000_esd_a8000_t5em05_off10d0_reduced
,,2.0823109658961837e-09,air8k,3.777553008343279e-08,e6_b078f24ceaad6da709a0,554.0257139138585,r2a,a8000_chaingdtmov_g1_kprotection_i0_mreduced_qe6_r4d998_x0_s5em05_tau1em07_t25_ron60_u903_t2_vo_v_rel0_rs2700_rx100_none_none_p1_b0_r1d02_i0_tap0_ph0_gdc780_gimp1000_esd_a8000_t5em05_off10d0_reduced
,,2.0823109658961824e-09,air8k,3.777553008343279e-08,e6_b078f24ceaad6da709a0,554.0257139138587,r2b,a8000_chaingdtmov_g1_kprotection_i0_mreduced_qe6_r4d998_x0_s5em05_tau1em07_t25_ron60_u903_t2_vo_v_rel0_rs2700_rx100_none_none_p1_b0_r1d02_i0_tap0_ph0_gdc780_gimp1000_esd_a8000_t5em05_off10d0_reduced
,,2.0823109658961824e-09,air8k,3.7775530083432834e-08,e6_b078f24ceaad6da709a0,554.0257139138586,r3a,a8000_chaingdtmov_g1_kprotection_i0_mreduced_qe6_r4d998_x0_s5em05_tau1em07_t25_ron60_u903_t2_vo_v_rel0_rs2700_rx100_none_none_p1_b0_r1d02_i0_tap0_ph0_gdc780_gimp1000_esd_a8000_t5em05_off10d0_reduced
,,2.082310965896183e-09,air8k,3.777553008343284e-08,e6_b078f24ceaad6da709a0,554.0257139138586,r3b,a8000_chaingdtmov_g1_kprotection_i0_mreduced_qe6_r4d998_x0_s5em05_tau1em07_t25_ron60_u903_t2_vo_v_rel0_rs2700_rx100_none_none_p1_b0_r1d02_i0_tap0_ph0_gdc780_gimp1000_esd_a8000_t5em05_off10d0_reduced
,,0.0,air8k,2.2147970482002872e-08,e6_b078f24ceaad6da709a0,47.32826656310414,r910k,a8000_chaingdtmov_g1_kprotection_i0_mreduced_qe6_r4d998_x0_s5em05_tau1em07_t25_ron60_u903_t2_vo_v_rel0_rs2700_rx100_none_none_p1_b0_r1d02_i0_tap0_ph0_gdc780_gimp1000_esd_a8000_t5em05_off10d0_reduced
,,0.0,air8k,2.4307733406089773e-09,e6_b078f24ceaad6da709a0,5.197454921772266,r100k,a8000_chaingdtmov_g1_kprotection_i0_mreduced_qe6_r4d998_x0_s5em05_tau1em07_t25_ron60_u903_t2_vo_v_rel0_rs2700_rx100_none_none_p1_b0_r1d02_i0_tap0_ph0_gdc780_gimp1000_esd_a8000_t5em05_off10d0_reduced
2.4985356381605523e-10,2.0390460023396066e-09,,air8k,2.305426937206445e-06,e6_b078f24ceaad6da709a0,1107.277242586783,rc1,a8000_chaingdtmov_g1_kprotection_i0_mreduced_qe6_r4d998_x0_s5em05_tau1em07_t25_ron60_u903_t2_vo_v_rel0_rs2700_rx100_none_none_p1_b0_r1d02_i0_tap0_ph0_gdc780_gimp1000_esd_a8000_t5em05_off10d0_reduced
2.498535638160544e-10,2.0390460023396074e-09,,air8k,2.305426937206445e-06,e6_b078f24ceaad6da709a0,1107.277242586782,rc2,a8000_chaingdtmov_g1_kprotection_i0_mreduced_qe6_r4d998_x0_s5em05_tau1em07_t25_ron60_u903_t2_vo_v_rel0_rs2700_rx100_none_none_p1_b0_r1d02_i0_tap0_ph0_gdc780_gimp1000_esd_a8000_t5em05_off10d0_reduced
2.4985356381605415e-10,2.0390460023396074e-09,,air8k,2.3054269372064454e-06,e6_b078f24ceaad6da709a0,1107.2772425867818,rc3,a8000_chaingdtmov_g1_kprotection_i0_mreduced_qe6_r4d998_x0_s5em05_tau1em07_t25_ron60_u903_t2_vo_v_rel0_rs2700_rx100_none_none_p1_b0_r1d02_i0_tap0_ph0_gdc780_gimp1000_esd_a8000_t5em05_off10d0_reduced
,,6.49464212164455e-11,air8k,4.075934828737061e-08,e6_91da5a63e753f3aa1857,287.3670099501526,r1a,a8000_chaingdtmov_g1_kprotection_i0_mreduced_qe6_r4d998_x0_s5em05_tau1em09_t25_ron60_u904_t2_vo_v_rel0_rs2700_rx100_none_none_p0_b0_r1d02_i0_tap0_ph0_gdc420_gimp1000_esd_a8000_t5em05_off10d0_reduced
,,6.494642121644544e-11,air8k,4.0759348287370624e-08,e6_91da5a63e753f3aa1857,287.3670099501528,r1b,a8000_chaingdtmov_g1_kprotection_i0_mreduced_qe6_r4d998_x0_s5em05_tau1em09_t25_ron60_u904_t2_vo_v_rel0_rs2700_rx100_none_none_p0_b0_r1d02_i0_tap0_ph0_gdc420_gimp1000_esd_a8000_t5em05_off10d0_reduced
,,6.494642121644441e-11,air8k,4.07593482873707e-08,e6_91da5a63e753f3aa1857,287.36700995015667,r2a,a8000_chaingdtmov_g1_kprotection_i0_mreduced_qe6_r4d998_x0_s5em05_tau1em09_t25_ron60_u904_t2_vo_v_rel0_rs2700_rx100_none_none_p0_b0_r1d02_i0_tap0_ph0_gdc420_gimp1000_esd_a8000_t5em05_off10d0_reduced
,,6.494642121644442e-11,air8k,4.07593482873707e-08,e6_91da5a63e753f3aa1857,287.3670099501568,r2b,a8000_chaingdtmov_g1_kprotection_i0_mreduced_qe6_r4d998_x0_s5em05_tau1em09_t25_ron60_u904_t2_vo_v_rel0_rs2700_rx100_none_none_p0_b0_r1d02_i0_tap0_ph0_gdc420_gimp1000_esd_a8000_t5em05_off10d0_reduced
,,6.494642121644411e-11,air8k,4.0759348287370836e-08,e6_91da5a63e753f3aa1857,287.36700995015775,r3a,a8000_chaingdtmov_g1_kprotection_i0_mreduced_qe6_r4d998_x0_s5em05_tau1em09_t25_ron60_u904_t2_vo_v_rel0_rs2700_rx100_none_none_p0_b0_r1d02_i0_tap0_ph0_gdc420_gimp1000_esd_a8000_t5em05_off10d0_reduced
,,6.494642121644411e-11,air8k,4.0759348287370836e-08,e6_91da5a63e753f3aa1857,287.3670099501578,r3b,a8000_chaingdtmov_g1_kprotection_i0_mreduced_qe6_r4d998_x0_s5em05_tau1em09_t25_ron60_u904_t2_vo_v_rel0_rs2700_rx100_none_none_p0_b0_r1d02_i0_tap0_ph0_gdc420_gimp1000_esd_a8000_t5em05_off10d0_reduced
,,0.0,air8k,2.4051280942556345e-08,e6_91da5a63e753f3aa1857,47.52787921286259,r910k,a8000_chaingdtmov_g1_kprotection_i0_mreduced_qe6_r4d998_x0_s5em05_tau1em09_t25_ron60_u904_t2_vo_v_rel0_rs2700_rx100_none_none_p0_b0_r1d02_i0_tap0_ph0_gdc420_gimp1000_esd_a8000_t5em05_off10d0_reduced
,,0.0,air8k,1.212352851798433e-10,e6_91da5a63e753f3aa1857,0.562501133239545,r100k,a8000_chaingdtmov_g1_kprotection_i0_mreduced_qe6_r4d998_x0_s5em05_tau1em09_t25_ron60_u904_t2_vo_v_rel0_rs2700_rx100_none_none_p0_b0_r1d02_i0_tap0_ph0_gdc420_gimp1000_esd_a8000_t5em05_off10d0_reduced
0.0,6.490947185261975e-11,,air8k,2.02871048892917e-06,e6_91da5a63e753f3aa1857,574.6164603487452,rc1,a8000_chaingdtmov_g1_kprotection_i0_mreduced_qe6_r4d998_x0_s5em05_tau1em09_t25_ron60_u904_t2_vo_v_rel0_rs2700_rx100_none_none_p0_b0_r1d02_i0_tap0_ph0_gdc420_gimp1000_esd_a8000_t5em05_off10d0_reduced
0.0,6.49094718526187e-11,,air8k,2.0287104889291702e-06,e6_91da5a63e753f3aa1857,574.6164603487533,rc2,a8000_chaingdtmov_g1_kprotection_i0_mreduced_qe6_r4d998_x0_s5em05_tau1em09_t25_ron60_u904_t2_vo_v_rel0_rs2700_rx100_none_none_p0_b0_r1d02_i0_tap0_ph0_gdc420_gimp1000_esd_a8000_t5em05_off10d0_reduced
0.0,6.490947185261839e-11,,air8k,2.0287104889291702e-06,e6_91da5a63e753f3aa1857,574.6164603487554,rc3,a8000_chaingdtmov_g1_kprotection_i0_mreduced_qe6_r4d998_x0_s5em05_tau1em09_t25_ron60_u904_t2_vo_v_rel0_rs2700_rx100_none_none_p0_b0_r1d02_i0_tap0_ph0_gdc420_gimp1000_esd_a8000_t5em05_off10d0_reduced
,,2.087469684481539e-09,air8k,3.806025100951413e-08,e6_2a6b4e58d24962260a9b,556.5379513351063,r1a,a8000_chaingdtmov_g1_kprotection_i0_mreduced_qe6_r4d998_x0_s5em05_tau1em07_t25_ron60_u904_t2_vo_v_rel0_rs2700_rx100_none_none_p0_b0_r1d02_i0_tap0_ph0_gdc420_gimp1000_esd_a8000_t5em05_off10d0_reduced
,,2.0874696844815358e-09,air8k,3.806025100951413e-08,e6_2a6b4e58d24962260a9b,556.5379513351068,r1b,a8000_chaingdtmov_g1_kprotection_i0_mreduced_qe6_r4d998_x0_s5em05_tau1em07_t25_ron60_u904_t2_vo_v_rel0_rs2700_rx100_none_none_p0_b0_r1d02_i0_tap0_ph0_gdc420_gimp1000_esd_a8000_t5em05_off10d0_reduced
,,2.0874696844815383e-09,air8k,3.8060251009514213e-08,e6_2a6b4e58d24962260a9b,556.5379513351061,r2a,a8000_chaingdtmov_g1_kprotection_i0_mreduced_qe6_r4d998_x0_s5em05_tau1em07_t25_ron60_u904_t2_vo_v_rel0_rs2700_rx100_none_none_p0_b0_r1d02_i0_tap0_ph0_gdc420_gimp1000_esd_a8000_t5em05_off10d0_reduced
,,2.0874696844815374e-09,air8k,3.8060251009514213e-08,e6_2a6b4e58d24962260a9b,556.5379513351058,r2b,a8000_chaingdtmov_g1_kprotection_i0_mreduced_qe6_r4d998_x0_s5em05_tau1em07_t25_ron60_u904_t2_vo_v_rel0_rs2700_rx100_none_none_p0_b0_r1d02_i0_tap0_ph0_gdc420_gimp1000_esd_a8000_t5em05_off10d0_reduced
,,2.0874696844815387e-09,air8k,3.806025100951434e-08,e6_2a6b4e58d24962260a9b,556.5379513351057,r3a,a8000_chaingdtmov_g1_kprotection_i0_mreduced_qe6_r4d998_x0_s5em05_tau1em07_t25_ron60_u904_t2_vo_v_rel0_rs2700_rx100_none_none_p0_b0_r1d02_i0_tap0_ph0_gdc420_gimp1000_esd_a8000_t5em05_off10d0_reduced
,,2.0874696844815387e-09,air8k,3.806025100951434e-08,e6_2a6b4e58d24962260a9b,556.5379513351057,r3b,a8000_chaingdtmov_g1_kprotection_i0_mreduced_qe6_r4d998_x0_s5em05_tau1em07_t25_ron60_u904_t2_vo_v_rel0_rs2700_rx100_none_none_p0_b0_r1d02_i0_tap0_ph0_gdc420_gimp1000_esd_a8000_t5em05_off10d0_reduced
,,0.0,air8k,2.2316280326946402e-08,e6_2a6b4e58d24962260a9b,47.681008961211354,r910k,a8000_chaingdtmov_g1_kprotection_i0_mreduced_qe6_r4d998_x0_s5em05_tau1em07_t25_ron60_u904_t2_vo_v_rel0_rs2700_rx100_none_none_p0_b0_r1d02_i0_tap0_ph0_gdc420_gimp1000_esd_a8000_t5em05_off10d0_reduced
,,0.0,air8k,1.228506155307489e-10,e6_2a6b4e58d24962260a9b,0.5656766528243699,r100k,a8000_chaingdtmov_g1_kprotection_i0_mreduced_qe6_r4d998_x0_s5em05_tau1em07_t25_ron60_u904_t2_vo_v_rel0_rs2700_rx100_none_none_p0_b0_r1d02_i0_tap0_ph0_gdc420_gimp1000_esd_a8000_t5em05_off10d0_reduced
2.5157557641429155e-10,2.0344419020189097e-09,,air8k,2.3210360447223033e-06,e6_2a6b4e58d24962260a9b,1112.3132503390357,rc1,a8000_chaingdtmov_g1_kprotection_i0_mreduced_qe6_r4d998_x0_s5em05_tau1em07_t25_ron60_u904_t2_vo_v_rel0_rs2700_rx100_none_none_p0_b0_r1d02_i0_tap0_ph0_gdc420_gimp1000_esd_a8000_t5em05_off10d0_reduced
2.5157557641429114e-10,2.03444190201891e-09,,air8k,2.3210360447223033e-06,e6_2a6b4e58d24962260a9b,1112.3132503390348,rc2,a8000_chaingdtmov_g1_kprotection_i0_mreduced_qe6_r4d998_x0_s5em05_tau1em07_t25_ron60_u904_t2_vo_v_rel0_rs2700_rx100_none_none_p0_b0_r1d02_i0_tap0_ph0_gdc420_gimp1000_esd_a8000_t5em05_off10d0_reduced
2.5157557641429083e-10,2.03444190201891e-09,,air8k,2.3210360447223037e-06,e6_2a6b4e58d24962260a9b,1112.313250339034,rc3,a8000_chaingdtmov_g1_kprotection_i0_mreduced_qe6_r4d998_x0_s5em05_tau1em07_t25_ron60_u904_t2_vo_v_rel0_rs2700_rx100_none_none_p0_b0_r1d02_i0_tap0_ph0_gdc420_gimp1000_esd_a8000_t5em05_off10d0_reduced
,,6.494642117519082e-11,air8k,4.075934820042061e-08,e6_ed0bb1bb45aeaf227310,287.3670099596734,r1a,a8000_chaingdtmov_g1_kprotection_i0_mreduced_qe6_r4d998_x0_s5em05_tau1em09_t25_ron60_u905_t2_vo_v_rel0_rs2700_rx100_none_none_p0_b0_r1d02_i0_tap0_ph0_gdc780_gimp1000_esd_a8000_t5em05_off10d0_reduced
,,6.494642117519082e-11,air8k,4.075934820042061e-08,e6_ed0bb1bb45aeaf227310,287.3670099596736,r1b,a8000_chaingdtmov_g1_kprotection_i0_mreduced_qe6_r4d998_x0_s5em05_tau1em09_t25_ron60_u905_t2_vo_v_rel0_rs2700_rx100_none_none_p0_b0_r1d02_i0_tap0_ph0_gdc780_gimp1000_esd_a8000_t5em05_off10d0_reduced
,,6.494642117518999e-11,air8k,4.075934820042069e-08,e6_ed0bb1bb45aeaf227310,287.3670099596768,r2a,a8000_chaingdtmov_g1_kprotection_i0_mreduced_qe6_r4d998_x0_s5em05_tau1em09_t25_ron60_u905_t2_vo_v_rel0_rs2700_rx100_none_none_p0_b0_r1d02_i0_tap0_ph0_gdc780_gimp1000_esd_a8000_t5em05_off10d0_reduced
,,6.494642117518999e-11,air8k,4.075934820042069e-08,e6_ed0bb1bb45aeaf227310,287.3670099596769,r2b,a8000_chaingdtmov_g1_kprotection_i0_mreduced_qe6_r4d998_x0_s5em05_tau1em09_t25_ron60_u905_t2_vo_v_rel0_rs2700_rx100_none_none_p0_b0_r1d02_i0_tap0_ph0_gdc780_gimp1000_esd_a8000_t5em05_off10d0_reduced
,,6.494642117518985e-11,air8k,4.075934820042083e-08,e6_ed0bb1bb45aeaf227310,287.36700995967715,r3a,a8000_chaingdtmov_g1_kprotection_i0_mreduced_qe6_r4d998_x0_s5em05_tau1em09_t25_ron60_u905_t2_vo_v_rel0_rs2700_rx100_none_none_p0_b0_r1d02_i0_tap0_ph0_gdc780_gimp1000_esd_a8000_t5em05_off10d0_reduced
,,6.494642117518985e-11,air8k,4.075934820042083e-08,e6_ed0bb1bb45aeaf227310,287.3670099596772,r3b,a8000_chaingdtmov_g1_kprotection_i0_mreduced_qe6_r4d998_x0_s5em05_tau1em09_t25_ron60_u905_t2_vo_v_rel0_rs2700_rx100_none_none_p0_b0_r1d02_i0_tap0_ph0_gdc780_gimp1000_esd_a8000_t5em05_off10d0_reduced
,,0.0,air8k,2.4051280889751808e-08,e6_ed0bb1bb45aeaf227310,47.52787921295856,r910k,a8000_chaingdtmov_g1_kprotection_i0_mreduced_qe6_r4d998_x0_s5em05_tau1em09_t25_ron60_u905_t2_vo_v_rel0_rs2700_rx100_none_none_p0_b0_r1d02_i0_tap0_ph0_gdc780_gimp1000_esd_a8000_t5em05_off10d0_reduced
,,0.0,air8k,1.2123528518576892e-10,e6_ed0bb1bb45aeaf227310,0.5625011332396501,r100k,a8000_chaingdtmov_g1_kprotection_i0_mreduced_qe6_r4d998_x0_s5em05_tau1em09_t25_ron60_u905_t2_vo_v_rel0_rs2700_rx100_none_none_p0_b0_r1d02_i0_tap0_ph0_gdc780_gimp1000_esd_a8000_t5em05_off10d0_reduced
0.0,6.49094718112943e-11,,air8k,2.0287104889665244e-06,e6_ed0bb1bb45aeaf227310,574.6164603677898,rc1,a8000_chaingdtmov_g1_kprotection_i0_mreduced_qe6_r4d998_x0_s5em05_tau1em09_t25_ron60_u905_t2_vo_v_rel0_rs2700_rx100_none_none_p0_b0_r1d02_i0_tap0_ph0_gdc780_gimp1000_esd_a8000_t5em05_off10d0_reduced
0.0,6.490947181129346e-11,,air8k,2.028710488966525e-06,e6_ed0bb1bb45aeaf227310,574.6164603677967,rc2,a8000_chaingdtmov_g1_kprotection_i0_mreduced_qe6_r4d998_x0_s5em05_tau1em09_t25_ron60_u905_t2_vo_v_rel0_rs2700_rx100_none_none_p0_b0_r1d02_i0_tap0_ph0_gdc780_gimp1000_esd_a8000_t5em05_off10d0_reduced
0.0,6.490947181129331e-11,,air8k,2.028710488966525e-06,e6_ed0bb1bb45aeaf227310,574.6164603677972,rc3,a8000_chaingdtmov_g1_kprotection_i0_mreduced_qe6_r4d998_x0_s5em05_tau1em09_t25_ron60_u905_t2_vo_v_rel0_rs2700_rx100_none_none_p0_b0_r1d02_i0_tap0_ph0_gdc780_gimp1000_esd_a8000_t5em05_off10d0_reduced
,,2.0874696844815366e-09,air8k,3.80602509157323e-08,e6_eb45fd163e4eb87606fb,556.5379513351063,r1a,a8000_chaingdtmov_g1_kprotection_i0_mreduced_qe6_r4d998_x0_s5em05_tau1em07_t25_ron60_u905_t2_vo_v_rel0_rs2700_rx100_none_none_p0_b0_r1d02_i0_tap0_ph0_gdc780_gimp1000_esd_a8000_t5em05_off10d0_reduced
,,2.0874696844815337e-09,air8k,3.80602509157323e-08,e6_eb45fd163e4eb87606fb,556.5379513351063,r1b,a8000_chaingdtmov_g1_kprotection_i0_mreduced_qe6_r4d998_x0_s5em05_tau1em07_t25_ron60_u905_t2_vo_v_rel0_rs2700_rx100_none_none_p0_b0_r1d02_i0_tap0_ph0_gdc780_gimp1000_esd_a8000_t5em05_off10d0_reduced
,,2.0874696844815383e-09,air8k,3.8060250915732373e-08,e6_eb45fd163e4eb87606fb,556.5379513351054,r2a,a8000_chaingdtmov_g1_kprotection_i0_mreduced_qe6_r4d998_x0_s5em05_tau1em07_t25_ron60_u905_t2_vo_v_rel0_rs2700_rx100_none_none_p0_b0_r1d02_i0_tap0_ph0_gdc780_gimp1000_esd_a8000_t5em05_off10d0_reduced
,,2.087469684481538e-09,air8k,3.8060250915732373e-08,e6_eb45fd163e4eb87606fb,556.5379513351056,r2b,a8000_chaingdtmov_g1_kprotection_i0_mreduced_qe6_r4d998_x0_s5em05_tau1em07_t25_ron60_u905_t2_vo_v_rel0_rs2700_rx100_none_none_p0_b0_r1d02_i0_tap0_ph0_gdc780_gimp1000_esd_a8000_t5em05_off10d0_reduced
,,2.087469684481538e-09,air8k,3.8060250915732506e-08,e6_eb45fd163e4eb87606fb,556.5379513351053,r3a,a8000_chaingdtmov_g1_kprotection_i0_mreduced_qe6_r4d998_x0_s5em05_tau1em07_t25_ron60_u905_t2_vo_v_rel0_rs2700_rx100_none_none_p0_b0_r1d02_i0_tap0_ph0_gdc780_gimp1000_esd_a8000_t5em05_off10d0_reduced
,,2.0874696844815383e-09,air8k,3.806025091573251e-08,e6_eb45fd163e4eb87606fb,556.5379513351053,r3b,a8000_chaingdtmov_g1_kprotection_i0_mreduced_qe6_r4d998_x0_s5em05_tau1em07_t25_ron60_u905_t2_vo_v_rel0_rs2700_rx100_none_none_p0_b0_r1d02_i0_tap0_ph0_gdc780_gimp1000_esd_a8000_t5em05_off10d0_reduced
,,0.0,air8k,2.231628027000901e-08,e6_eb45fd163e4eb87606fb,47.68100896036508,r910k,a8000_chaingdtmov_g1_kprotection_i0_mreduced_qe6_r4d998_x0_s5em05_tau1em07_t25_ron60_u905_t2_vo_v_rel0_rs2700_rx100_none_none_p0_b0_r1d02_i0_tap0_ph0_gdc780_gimp1000_esd_a8000_t5em05_off10d0_reduced
,,0.0,air8k,1.2285061558106067e-10,e6_eb45fd163e4eb87606fb,0.56567665282437,r100k,a8000_chaingdtmov_g1_kprotection_i0_mreduced_qe6_r4d998_x0_s5em05_tau1em07_t25_ron60_u905_t2_vo_v_rel0_rs2700_rx100_none_none_p0_b0_r1d02_i0_tap0_ph0_gdc780_gimp1000_esd_a8000_t5em05_off10d0_reduced
2.5157557641428705e-10,2.0344419020188973e-09,,air8k,2.3210360448476405e-06,e6_eb45fd163e4eb87606fb,1112.3132503390352,rc1,a8000_chaingdtmov_g1_kprotection_i0_mreduced_qe6_r4d998_x0_s5em05_tau1em07_t25_ron60_u905_t2_vo_v_rel0_rs2700_rx100_none_none_p0_b0_r1d02_i0_tap0_ph0_gdc780_gimp1000_esd_a8000_t5em05_off10d0_reduced
2.515755764142871e-10,2.0344419020188994e-09,,air8k,2.3210360448476405e-06,e6_eb45fd163e4eb87606fb,1112.3132503390336,rc2,a8000_chaingdtmov_g1_kprotection_i0_mreduced_qe6_r4d998_x0_s5em05_tau1em07_t25_ron60_u905_t2_vo_v_rel0_rs2700_rx100_none_none_p0_b0_r1d02_i0_tap0_ph0_gdc780_gimp1000_esd_a8000_t5em05_off10d0_reduced
2.5157557641428695e-10,2.0344419020188998e-09,,air8k,2.321036044847641e-06,e6_eb45fd163e4eb87606fb,1112.3132503390332,rc3,a8000_chaingdtmov_g1_kprotection_i0_mreduced_qe6_r4d998_x0_s5em05_tau1em07_t25_ron60_u905_t2_vo_v_rel0_rs2700_rx100_none_none_p0_b0_r1d02_i0_tap0_ph0_gdc780_gimp1000_esd_a8000_t5em05_off10d0_reduced
,,6.494642110559343e-11,air8k,4.075934829101258e-08,e6_d5679473bea80f4d9d46,287.36700967868273,r1a,a8000_chaingdtmov_g1_kprotection_i0_mreduced_qe6_r4d998_x0_s5em05_tau1em09_t25_ron60_u906_t2_vo_v_rel0_rs2700_rx100_none_none_p0_b1_r1d02_i0_tap0_ph0_gdc420_gimp1000_esd_a8000_t5em05_off10d0_reduced
,,6.494642110559343e-11,air8k,4.075934829101258e-08,e6_d5679473bea80f4d9d46,287.36700967868273,r1b,a8000_chaingdtmov_g1_kprotection_i0_mreduced_qe6_r4d998_x0_s5em05_tau1em09_t25_ron60_u906_t2_vo_v_rel0_rs2700_rx100_none_none_p0_b1_r1d02_i0_tap0_ph0_gdc420_gimp1000_esd_a8000_t5em05_off10d0_reduced
,,6.494642110559333e-11,air8k,4.075934829101267e-08,e6_d5679473bea80f4d9d46,287.3670096786908,r2a,a8000_chaingdtmov_g1_kprotection_i0_mreduced_qe6_r4d998_x0_s5em05_tau1em09_t25_ron60_u906_t2_vo_v_rel0_rs2700_rx100_none_none_p0_b1_r1d02_i0_tap0_ph0_gdc420_gimp1000_esd_a8000_t5em05_off10d0_reduced
,,6.494642110559334e-11,air8k,4.075934829101267e-08,e6_d5679473bea80f4d9d46,287.3670096786908,r2b,a8000_chaingdtmov_g1_kprotection_i0_mreduced_qe6_r4d998_x0_s5em05_tau1em09_t25_ron60_u906_t2_vo_v_rel0_rs2700_rx100_none_none_p0_b1_r1d02_i0_tap0_ph0_gdc420_gimp1000_esd_a8000_t5em05_off10d0_reduced
,,6.494642110559308e-11,air8k,4.075934829101281e-08,e6_d5679473bea80f4d9d46,287.36700967869507,r3a,a8000_chaingdtmov_g1_kprotection_i0_mreduced_qe6_r4d998_x0_s5em05_tau1em09_t25_ron60_u906_t2_vo_v_rel0_rs2700_rx100_none_none_p0_b1_r1d02_i0_tap0_ph0_gdc420_gimp1000_esd_a8000_t5em05_off10d0_reduced
,,6.494642110559308e-11,air8k,4.075934829101281e-08,e6_d5679473bea80f4d9d46,287.3670096786951,r3b,a8000_chaingdtmov_g1_kprotection_i0_mreduced_qe6_r4d998_x0_s5em05_tau1em09_t25_ron60_u906_t2_vo_v_rel0_rs2700_rx100_none_none_p0_b1_r1d02_i0_tap0_ph0_gdc420_gimp1000_esd_a8000_t5em05_off10d0_reduced
,,0.0,air8k,2.4051280944758773e-08,e6_d5679473bea80f4d9d46,47.527879212819066,r910k,a8000_chaingdtmov_g1_kprotection_i0_mreduced_qe6_r4d998_x0_s5em05_tau1em09_t25_ron60_u906_t2_vo_v_rel0_rs2700_rx100_none_none_p0_b1_r1d02_i0_tap0_ph0_gdc420_gimp1000_esd_a8000_t5em05_off10d0_reduced
,,0.0,air8k,1.2123529419139232e-10,e6_d5679473bea80f4d9d46,0.5625011333356401,r100k,a8000_chaingdtmov_g1_kprotection_i0_mreduced_qe6_r4d998_x0_s5em05_tau1em09_t25_ron60_u906_t2_vo_v_rel0_rs2700_rx100_none_none_p0_b1_r1d02_i0_tap0_ph0_gdc420_gimp1000_esd_a8000_t5em05_off10d0_reduced
0.0,6.490947174175149e-11,,air8k,2.028710488915275e-06,e6_d5679473bea80f4d9d46,574.6164598059686,rc1,a8000_chaingdtmov_g1_kprotection_i0_mreduced_qe6_r4d998_x0_s5em05_tau1em09_t25_ron60_u906_t2_vo_v_rel0_rs2700_rx100_none_none_p0_b1_r1d02_i0_tap0_ph0_gdc420_gimp1000_esd_a8000_t5em05_off10d0_reduced
0.0,6.49094717417514e-11,,air8k,2.0287104889152755e-06,e6_d5679473bea80f4d9d46,574.6164598059846,rc2,a8000_chaingdtmov_g1_kprotection_i0_mreduced_qe6_r4d998_x0_s5em05_tau1em09_t25_ron60_u906_t2_vo_v_rel0_rs2700_rx100_none_none_p0_b1_r1d02_i0_tap0_ph0_gdc420_gimp1000_esd_a8000_t5em05_off10d0_reduced
0.0,6.490947174175115e-11,,air8k,2.0287104889152755e-06,e6_d5679473bea80f4d9d46,574.6164598059933,rc3,a8000_chaingdtmov_g1_kprotection_i0_mreduced_qe6_r4d998_x0_s5em05_tau1em09_t25_ron60_u906_t2_vo_v_rel0_rs2700_rx100_none_none_p0_b1_r1d02_i0_tap0_ph0_gdc420_gimp1000_esd_a8000_t5em05_off10d0_reduced
,,2.087469929090464e-09,air8k,3.80602472191375e-08,e6_d6820e60b87aebbcc948,556.5388968610168,r1a,a8000_chaingdtmov_g1_kprotection_i0_mreduced_qe6_r4d998_x0_s5em05_tau1em07_t25_ron60_u906_t2_vo_v_rel0_rs2700_rx100_none_none_p0_b1_r1d02_i0_tap0_ph0_gdc420_gimp1000_esd_a8000_t5em05_off10d0_reduced
,,2.0874699290904656e-09,air8k,3.80602472191375e-08,e6_d6820e60b87aebbcc948,556.5388968610168,r1b,a8000_chaingdtmov_g1_kprotection_i0_mreduced_qe6_r4d998_x0_s5em05_tau1em07_t25_ron60_u906_t2_vo_v_rel0_rs2700_rx100_none_none_p0_b1_r1d02_i0_tap0_ph0_gdc420_gimp1000_esd_a8000_t5em05_off10d0_reduced
,,2.087469929090467e-09,air8k,3.806024721913758e-08,e6_d6820e60b87aebbcc948,556.5388968610173,r2a,a8000_chaingdtmov_g1_kprotection_i0_mreduced_qe6_r4d998_x0_s5em05_tau1em07_t25_ron60_u906_t2_vo_v_rel0_rs2700_rx100_none_none_p0_b1_r1d02_i0_tap0_ph0_gdc420_gimp1000_esd_a8000_t5em05_off10d0_reduced
,,2.087469929090467e-09,air8k,3.806024721913758e-08,e6_d6820e60b87aebbcc948,556.5388968610171,r2b,a8000_chaingdtmov_g1_kprotection_i0_mreduced_qe6_r4d998_x0_s5em05_tau1em07_t25_ron60_u906_t2_vo_v_rel0_rs2700_rx100_none_none_p0_b1_r1d02_i0_tap0_ph0_gdc420_gimp1000_esd_a8000_t5em05_off10d0_reduced
,,2.0874699290904665e-09,air8k,3.806024721913772e-08,e6_d6820e60b87aebbcc948,556.5388968610173,r3a,a8000_chaingdtmov_g1_kprotection_i0_mreduced_qe6_r4d998_x0_s5em05_tau1em07_t25_ron60_u906_t2_vo_v_rel0_rs2700_rx100_none_none_p0_b1_r1d02_i0_tap0_ph0_gdc420_gimp1000_esd_a8000_t5em05_off10d0_reduced
,,2.087469929090467e-09,air8k,3.806024721913772e-08,e6_d6820e60b87aebbcc948,556.5388968610172,r3b,a8000_chaingdtmov_g1_kprotection_i0_mreduced_qe6_r4d998_x0_s5em05_tau1em07_t25_ron60_u906_t2_vo_v_rel0_rs2700_rx100_none_none_p0_b1_r1d02_i0_tap0_ph0_gdc420_gimp1000_esd_a8000_t5em05_off10d0_reduced
,,0.0,air8k,2.231627800619319e-08,e6_d6820e60b87aebbcc948,47.68100909375448,r910k,a8000_chaingdtmov_g1_kprotection_i0_mreduced_qe6_r4d998_x0_s5em05_tau1em07_t25_ron60_u906_t2_vo_v_rel0_rs2700_rx100_none_none_p0_b1_r1d02_i0_tap0_ph0_gdc420_gimp1000_esd_a8000_t5em05_off10d0_reduced
,,0.0,air8k,1.2285062784950216e-10,e6_d6820e60b87aebbcc948,0.5656765585760113,r100k,a8000_chaingdtmov_g1_kprotection_i0_mreduced_qe6_r4d998_x0_s5em05_tau1em07_t25_ron60_u906_t2_vo_v_rel0_rs2700_rx100_none_none_p0_b1_r1d02_i0_tap0_ph0_gdc420_gimp1000_esd_a8000_t5em05_off10d0_reduced
2.515753193179748e-10,2.0344490292515452e-09,,air8k,2.321036114036673e-06,e6_d6820e60b87aebbcc948,1112.3151654048843,rc1,a8000_chaingdtmov_g1_kprotection_i0_mreduced_qe6_r4d998_x0_s5em05_tau1em07_t25_ron60_u906_t2_vo_v_rel0_rs2700_rx100_none_none_p0_b1_r1d02_i0_tap0_ph0_gdc420_gimp1000_esd_a8000_t5em05_off10d0_reduced
2.5157531931797445e-10,2.0344490292515465e-09,,air8k,2.3210361140366725e-06,e6_d6820e60b87aebbcc948,1112.3151654048845,rc2,a8000_chaingdtmov_g1_kprotection_i0_mreduced_qe6_r4d998_x0_s5em05_tau1em07_t25_ron60_u906_t2_vo_v_rel0_rs2700_rx100_none_none_p0_b1_r1d02_i0_tap0_ph0_gdc420_gimp1000_esd_a8000_t5em05_off10d0_reduced
2.5157531931797403e-10,2.034449029251546e-09,,air8k,2.3210361140366725e-06,e6_d6820e60b87aebbcc948,1112.3151654048847,rc3,a8000_chaingdtmov_g1_kprotection_i0_mreduced_qe6_r4d998_x0_s5em05_tau1em07_t25_ron60_u906_t2_vo_v_rel0_rs2700_rx100_none_none_p0_b1_r1d02_i0_tap0_ph0_gdc420_gimp1000_esd_a8000_t5em05_off10d0_reduced
,,6.494642106433073e-11,air8k,4.075934820406287e-08,e6_9425b23a02949c804f6b,287.36700968819946,r1a,a8000_chaingdtmov_g1_kprotection_i0_mreduced_qe6_r4d998_x0_s5em05_tau1em09_t25_ron60_u907_t2_vo_v_rel0_rs2700_rx100_none_none_p0_b1_r1d02_i0_tap0_ph0_gdc780_gimp1000_esd_a8000_t5em05_off10d0_reduced
,,6.494642106433078e-11,air8k,4.075934820406287e-08,e6_9425b23a02949c804f6b,287.36700968819946,r1b,a8000_chaingdtmov_g1_kprotection_i0_mreduced_qe6_r4d998_x0_s5em05_tau1em09_t25_ron60_u907_t2_vo_v_rel0_rs2700_rx100_none_none_p0_b1_r1d02_i0_tap0_ph0_gdc780_gimp1000_esd_a8000_t5em05_off10d0_reduced
,,6.494642106433055e-11,air8k,4.0759348204062955e-08,e6_9425b23a02949c804f6b,287.3670096882066,r2a,a8000_chaingdtmov_g1_kprotection_i0_mreduced_qe6_r4d998_x0_s5em05_tau1em09_t25_ron60_u907_t2_vo_v_rel0_rs2700_rx100_none_none_p0_b1_r1d02_i0_tap0_ph0_gdc780_gimp1000_esd_a8000_t5em05_off10d0_reduced
,,6.494642106433052e-11,air8k,4.0759348204062955e-08,e6_9425b23a02949c804f6b,287.36700968820674,r2b,a8000_chaingdtmov_g1_kprotection_i0_mreduced_qe6_r4d998_x0_s5em05_tau1em09_t25_ron60_u907_t2_vo_v_rel0_rs2700_rx100_none_none_p0_b1_r1d02_i0_tap0_ph0_gdc780_gimp1000_esd_a8000_t5em05_off10d0_reduced
,,6.494642106433026e-11,air8k,4.0759348204063094e-08,e6_9425b23a02949c804f6b,287.3670096882103,r3a,a8000_chaingdtmov_g1_kprotection_i0_mreduced_qe6_r4d998_x0_s5em05_tau1em09_t25_ron60_u907_t2_vo_v_rel0_rs2700_rx100_none_none_p0_b1_r1d02_i0_tap0_ph0_gdc780_gimp1000_esd_a8000_t5em05_off10d0_reduced
,,6.494642106433026e-11,air8k,4.0759348204063094e-08,e6_9425b23a02949c804f6b,287.3670096882104,r3b,a8000_chaingdtmov_g1_kprotection_i0_mreduced_qe6_r4d998_x0_s5em05_tau1em09_t25_ron60_u907_t2_vo_v_rel0_rs2700_rx100_none_none_p0_b1_r1d02_i0_tap0_ph0_gdc780_gimp1000_esd_a8000_t5em05_off10d0_reduced
,,0.0,air8k,2.4051280891954418e-08,e6_9425b23a02949c804f6b,47.52787921291504,r910k,a8000_chaingdtmov_g1_kprotection_i0_mreduced_qe6_r4d998_x0_s5em05_tau1em09_t25_ron60_u907_t2_vo_v_rel0_rs2700_rx100_none_none_p0_b1_r1d02_i0_tap0_ph0_gdc780_gimp1000_esd_a8000_t5em05_off10d0_reduced
,,0.0,air8k,1.2123529419731788e-10,e6_9425b23a02949c804f6b,0.5625011333357438,r100k,a8000_chaingdtmov_g1_kprotection_i0_mreduced_qe6_r4d998_x0_s5em05_tau1em09_t25_ron60_u907_t2_vo_v_rel0_rs2700_rx100_none_none_p0_b1_r1d02_i0_tap0_ph0_gdc780_gimp1000_esd_a8000_t5em05_off10d0_reduced
0.0,6.4909471700418e-11,,air8k,2.0287104889526297e-06,e6_9425b23a02949c804f6b,574.616459825005,rc1,a8000_chaingdtmov_g1_kprotection_i0_mreduced_qe6_r4d998_x0_s5em05_tau1em09_t25_ron60_u907_t2_vo_v_rel0_rs2700_rx100_none_none_p0_b1_r1d02_i0_tap0_ph0_gdc780_gimp1000_esd_a8000_t5em05_off10d0_reduced
0.0,6.490947170041778e-11,,air8k,2.0287104889526297e-06,e6_9425b23a02949c804f6b,574.6164598250194,rc2,a8000_chaingdtmov_g1_kprotection_i0_mreduced_qe6_r4d998_x0_s5em05_tau1em09_t25_ron60_u907_t2_vo_v_rel0_rs2700_rx100_none_none_p0_b1_r1d02_i0_tap0_ph0_gdc780_gimp1000_esd_a8000_t5em05_off10d0_reduced
0.0,6.490947170041752e-11,,air8k,2.02871048895263e-06,e6_9425b23a02949c804f6b,574.6164598250268,rc3,a8000_chaingdtmov_g1_kprotection_i0_mreduced_qe6_r4d998_x0_s5em05_tau1em09_t25_ron60_u907_t2_vo_v_rel0_rs2700_rx100_none_none_p0_b1_r1d02_i0_tap0_ph0_gdc780_gimp1000_esd_a8000_t5em05_off10d0_reduced
,,2.087469929090465e-09,air8k,3.80602471253565e-08,e6_1c13649a5d51e2d8cba5,556.5388968610137,r1a,a8000_chaingdtmov_g1_kprotection_i0_mreduced_qe6_r4d998_x0_s5em05_tau1em07_t25_ron60_u907_t2_vo_v_rel0_rs2700_rx100_none_none_p0_b1_r1d02_i0_tap0_ph0_gdc780_gimp1000_esd_a8000_t5em05_off10d0_reduced
,,2.087469929090467e-09,air8k,3.80602471253565e-08,e6_1c13649a5d51e2d8cba5,556.5388968610132,r1b,a8000_chaingdtmov_g1_kprotection_i0_mreduced_qe6_r4d998_x0_s5em05_tau1em07_t25_ron60_u907_t2_vo_v_rel0_rs2700_rx100_none_none_p0_b1_r1d02_i0_tap0_ph0_gdc780_gimp1000_esd_a8000_t5em05_off10d0_reduced
,,2.087469929090468e-09,air8k,3.806024712535658e-08,e6_1c13649a5d51e2d8cba5,556.5388968610125,r2a,a8000_chaingdtmov_g1_kprotection_i0_mreduced_qe6_r4d998_x0_s5em05_tau1em07_t25_ron60_u907_t2_vo_v_rel0_rs2700_rx100_none_none_p0_b1_r1d02_i0_tap0_ph0_gdc780_gimp1000_esd_a8000_t5em05_off10d0_reduced
,,2.0874699290904685e-09,air8k,3.8060247125356576e-08,e6_1c13649a5d51e2d8cba5,556.5388968610125,r2b,a8000_chaingdtmov_g1_kprotection_i0_mreduced_qe6_r4d998_x0_s5em05_tau1em07_t25_ron60_u907_t2_vo_v_rel0_rs2700_rx100_none_none_p0_b1_r1d02_i0_tap0_ph0_gdc780_gimp1000_esd_a8000_t5em05_off10d0_reduced
,,2.087469929090469e-09,air8k,3.8060247125356714e-08,e6_1c13649a5d51e2d8cba5,556.5388968610121,r3a,a8000_chaingdtmov_g1_kprotection_i0_mreduced_qe6_r4d998_x0_s5em05_tau1em07_t25_ron60_u907_t2_vo_v_rel0_rs2700_rx100_none_none_p0_b1_r1d02_i0_tap0_ph0_gdc780_gimp1000_esd_a8000_t5em05_off10d0_reduced
,,2.087469929090469e-09,air8k,3.8060247125356714e-08,e6_1c13649a5d51e2d8cba5,556.5388968610122,r3b,a8000_chaingdtmov_g1_kprotection_i0_mreduced_qe6_r4d998_x0_s5em05_tau1em07_t25_ron60_u907_t2_vo_v_rel0_rs2700_rx100_none_none_p0_b1_r1d02_i0_tap0_ph0_gdc780_gimp1000_esd_a8000_t5em05_off10d0_reduced
,,0.0,air8k,2.2316277949256296e-08,e6_1c13649a5d51e2d8cba5,47.68100909290826,r910k,a8000_chaingdtmov_g1_kprotection_i0_mreduced_qe6_r4d998_x0_s5em05_tau1em07_t25_ron60_u907_t2_vo_v_rel0_rs2700_rx100_none_none_p0_b1_r1d02_i0_tap0_ph0_gdc780_gimp1000_esd_a8000_t5em05_off10d0_reduced
,,0.0,air8k,1.2285062789981392e-10,e6_1c13649a5d51e2d8cba5,0.5656765585760116,r100k,a8000_chaingdtmov_g1_kprotection_i0_mreduced_qe6_r4d998_x0_s5em05_tau1em07_t25_ron60_u907_t2_vo_v_rel0_rs2700_rx100_none_none_p0_b1_r1d02_i0_tap0_ph0_gdc780_gimp1000_esd_a8000_t5em05_off10d0_reduced
2.5157531931797543e-10,2.034449029251524e-09,,air8k,2.321036114162012e-06,e6_1c13649a5d51e2d8cba5,1112.3151654048766,rc1,a8000_chaingdtmov_g1_kprotection_i0_mreduced_qe6_r4d998_x0_s5em05_tau1em07_t25_ron60_u907_t2_vo_v_rel0_rs2700_rx100_none_none_p0_b1_r1d02_i0_tap0_ph0_gdc780_gimp1000_esd_a8000_t5em05_off10d0_reduced
2.515753193179752e-10,2.0344490292515266e-09,,air8k,2.3210361141620122e-06,e6_1c13649a5d51e2d8cba5,1112.315165404875,rc2,a8000_chaingdtmov_g1_kprotection_i0_mreduced_qe6_r4d998_x0_s5em05_tau1em07_t25_ron60_u907_t2_vo_v_rel0_rs2700_rx100_none_none_p0_b1_r1d02_i0_tap0_ph0_gdc780_gimp1000_esd_a8000_t5em05_off10d0_reduced
2.5157531931797517e-10,2.034449029251528e-09,,air8k,2.3210361141620122e-06,e6_1c13649a5d51e2d8cba5,1112.3151654048743,rc3,a8000_chaingdtmov_g1_kprotection_i0_mreduced_qe6_r4d998_x0_s5em05_tau1em07_t25_ron60_u907_t2_vo_v_rel0_rs2700_rx100_none_none_p0_b1_r1d02_i0_tap0_ph0_gdc780_gimp1000_esd_a8000_t5em05_off10d0_reduced
,,0.0,mains,0.0007919115098232419,e6_3508e47075c3b8d417fc,48.741624330139416,r1a,a230_chaingdtmov_g1_kprotection_i0_mreduced_qe6_r4d9_x0_s1_tau1em09_t25_ron60_u908_t3_vo_v_rel0_rs2700_rx100_none_none_p1_b0_r1_i0_tap0_ph0_gdc420_gimp1000_mains_a230_t1d0_off10d0_reduced
,,0.0,mains,0.0007919115098232419,e6_3508e47075c3b8d417fc,48.741624330139445,r1b,a230_chaingdtmov_g1_kprotection_i0_mreduced_qe6_r4d9_x0_s1_tau1em09_t25_ron60_u908_t3_vo_v_rel0_rs2700_rx100_none_none_p1_b0_r1_i0_tap0_ph0_gdc420_gimp1000_mains_a230_t1d0_off10d0_reduced
,,0.0,mains,0.000791911509823242,e6_3508e47075c3b8d417fc,48.741624330139416,r2a,a230_chaingdtmov_g1_kprotection_i0_mreduced_qe6_r4d9_x0_s1_tau1em09_t25_ron60_u908_t3_vo_v_rel0_rs2700_rx100_none_none_p1_b0_r1_i0_tap0_ph0_gdc420_gimp1000_mains_a230_t1d0_off10d0_reduced
,,0.0,mains,0.000791911509823242,e6_3508e47075c3b8d417fc,48.741624330139416,r2b,a230_chaingdtmov_g1_kprotection_i0_mreduced_qe6_r4d9_x0_s1_tau1em09_t25_ron60_u908_t3_vo_v_rel0_rs2700_rx100_none_none_p1_b0_r1_i0_tap0_ph0_gdc420_gimp1000_mains_a230_t1d0_off10d0_reduced
,,0.0,mains,0.000791911509823242,e6_3508e47075c3b8d417fc,48.741624330139416,r3a,a230_chaingdtmov_g1_kprotection_i0_mreduced_qe6_r4d9_x0_s1_tau1em09_t25_ron60_u908_t3_vo_v_rel0_rs2700_rx100_none_none_p1_b0_r1_i0_tap0_ph0_gdc420_gimp1000_mains_a230_t1d0_off10d0_reduced
,,0.0,mains,0.000791911509823242,e6_3508e47075c3b8d417fc,48.741624330139416,r3b,a230_chaingdtmov_g1_kprotection_i0_mreduced_qe6_r4d9_x0_s1_tau1em09_t25_ron60_u908_t3_vo_v_rel0_rs2700_rx100_none_none_p1_b0_r1_i0_tap0_ph0_gdc420_gimp1000_mains_a230_t1d0_off10d0_reduced
,,0.0,mains,0.00048042752073961626,e6_3508e47075c3b8d417fc,29.569955914412112,r910k,a230_chaingdtmov_g1_kprotection_i0_mreduced_qe6_r4d9_x0_s1_tau1em09_t25_ron60_u908_t3_vo_v_rel0_rs2700_rx100_none_none_p1_b0_r1_i0_tap0_ph0_gdc420_gimp1000_mains_a230_t1d0_off10d0_reduced
,,0.0,mains,5.279332237714588e-05,e6_3508e47075c3b8d417fc,3.2494176607416185,r100k,a230_chaingdtmov_g1_kprotection_i0_mreduced_qe6_r4d9_x0_s1_tau1em09_t25_ron60_u908_t3_vo_v_rel0_rs2700_rx100_none_none_p1_b0_r1_i0_tap0_ph0_gdc420_gimp1000_mains_a230_t1d0_off10d0_reduced
0.0,0.0,,mains,2.228478586009752e-08,e6_3508e47075c3b8d417fc,0.012319266823782982,rc1,a230_chaingdtmov_g1_kprotection_i0_mreduced_qe6_r4d9_x0_s1_tau1em09_t25_ron60_u908_t3_vo_v_rel0_rs2700_rx100_none_none_p1_b0_r1_i0_tap0_ph0_gdc420_gimp1000_mains_a230_t1d0_off10d0_reduced
0.0,0.0,,mains,2.228478586009733e-08,e6_3508e47075c3b8d417fc,0.012319266823782982,rc2,a230_chaingdtmov_g1_kprotection_i0_mreduced_qe6_r4d9_x0_s1_tau1em09_t25_ron60_u908_t3_vo_v_rel0_rs2700_rx100_none_none_p1_b0_r1_i0_tap0_ph0_gdc420_gimp1000_mains_a230_t1d0_off10d0_reduced
0.0,0.0,,mains,2.2284785860097218e-08,e6_3508e47075c3b8d417fc,0.012319266823782982,rc3,a230_chaingdtmov_g1_kprotection_i0_mreduced_qe6_r4d9_x0_s1_tau1em09_t25_ron60_u908_t3_vo_v_rel0_rs2700_rx100_none_none_p1_b0_r1_i0_tap0_ph0_gdc420_gimp1000_mains_a230_t1d0_off10d0_reduced
,,0.0,mains,0.0007919115098232419,e6_f174238b0529473d5305,48.741624330139416,r1a,a230_chaingdtmov_g1_kprotection_i0_mreduced_qe6_r4d9_x0_s1_tau1em07_t25_ron60_u908_t3_vo_v_rel0_rs2700_rx100_none_none_p1_b0_r1_i0_tap0_ph0_gdc420_gimp1000_mains_a230_t1d0_off10d0_reduced
,,0.0,mains,0.0007919115098232419,e6_f174238b0529473d5305,48.741624330139445,r1b,a230_chaingdtmov_g1_kprotection_i0_mreduced_qe6_r4d9_x0_s1_tau1em07_t25_ron60_u908_t3_vo_v_rel0_rs2700_rx100_none_none_p1_b0_r1_i0_tap0_ph0_gdc420_gimp1000_mains_a230_t1d0_off10d0_reduced
,,0.0,mains,0.000791911509823242,e6_f174238b0529473d5305,48.741624330139416,r2a,a230_chaingdtmov_g1_kprotection_i0_mreduced_qe6_r4d9_x0_s1_tau1em07_t25_ron60_u908_t3_vo_v_rel0_rs2700_rx100_none_none_p1_b0_r1_i0_tap0_ph0_gdc420_gimp1000_mains_a230_t1d0_off10d0_reduced
,,0.0,mains,0.000791911509823242,e6_f174238b0529473d5305,48.741624330139416,r2b,a230_chaingdtmov_g1_kprotection_i0_mreduced_qe6_r4d9_x0_s1_tau1em07_t25_ron60_u908_t3_vo_v_rel0_rs2700_rx100_none_none_p1_b0_r1_i0_tap0_ph0_gdc420_gimp1000_mains_a230_t1d0_off10d0_reduced
,,0.0,mains,0.000791911509823242,e6_f174238b0529473d5305,48.741624330139416,r3a,a230_chaingdtmov_g1_kprotection_i0_mreduced_qe6_r4d9_x0_s1_tau1em07_t25_ron60_u908_t3_vo_v_rel0_rs2700_rx100_none_none_p1_b0_r1_i0_tap0_ph0_gdc420_gimp1000_mains_a230_t1d0_off10d0_reduced
,,0.0,mains,0.000791911509823242,e6_f174238b0529473d5305,48.741624330139416,r3b,a230_chaingdtmov_g1_kprotection_i0_mreduced_qe6_r4d9_x0_s1_tau1em07_t25_ron60_u908_t3_vo_v_rel0_rs2700_rx100_none_none_p1_b0_r1_i0_tap0_ph0_gdc420_gimp1000_mains_a230_t1d0_off10d0_reduced
,,0.0,mains,0.00048042752073961626,e6_f174238b0529473d5305,29.569955914412112,r910k,a230_chaingdtmov_g1_kprotection_i0_mreduced_qe6_r4d9_x0_s1_tau1em07_t25_ron60_u908_t3_vo_v_rel0_rs2700_rx100_none_none_p1_b0_r1_i0_tap0_ph0_gdc420_gimp1000_mains_a230_t1d0_off10d0_reduced
,,0.0,mains,5.279332237714588e-05,e6_f174238b0529473d5305,3.2494176607416185,r100k,a230_chaingdtmov_g1_kprotection_i0_mreduced_qe6_r4d9_x0_s1_tau1em07_t25_ron60_u908_t3_vo_v_rel0_rs2700_rx100_none_none_p1_b0_r1_i0_tap0_ph0_gdc420_gimp1000_mains_a230_t1d0_off10d0_reduced
0.0,0.0,,mains,2.228478586009752e-08,e6_f174238b0529473d5305,0.012319266823782982,rc1,a230_chaingdtmov_g1_kprotection_i0_mreduced_qe6_r4d9_x0_s1_tau1em07_t25_ron60_u908_t3_vo_v_rel0_rs2700_rx100_none_none_p1_b0_r1_i0_tap0_ph0_gdc420_gimp1000_mains_a230_t1d0_off10d0_reduced
0.0,0.0,,mains,2.228478586009733e-08,e6_f174238b0529473d5305,0.012319266823782982,rc2,a230_chaingdtmov_g1_kprotection_i0_mreduced_qe6_r4d9_x0_s1_tau1em07_t25_ron60_u908_t3_vo_v_rel0_rs2700_rx100_none_none_p1_b0_r1_i0_tap0_ph0_gdc420_gimp1000_mains_a230_t1d0_off10d0_reduced
0.0,0.0,,mains,2.2284785860097218e-08,e6_f174238b0529473d5305,0.012319266823782982,rc3,a230_chaingdtmov_g1_kprotection_i0_mreduced_qe6_r4d9_x0_s1_tau1em07_t25_ron60_u908_t3_vo_v_rel0_rs2700_rx100_none_none_p1_b0_r1_i0_tap0_ph0_gdc420_gimp1000_mains_a230_t1d0_off10d0_reduced
,,0.0,mains,0.0009582133993968755,e6_9505de70a06936117230,53.615769595984546,r1a,a253_chaingdtmov_g1_kprotection_i0_mreduced_qe6_r4d9_x0_s1_tau1em09_t25_ron60_u909_t3_vo_v_rel0_rs2700_rx100_none_none_p1_b0_r1_i0_tap0_ph0_gdc420_gimp1000_mains_a253_t1d0_off10d0_reduced
,,0.0,mains,0.0009582133993968756,e6_9505de70a06936117230,53.61576959598452,r1b,a253_chaingdtmov_g1_kprotection_i0_mreduced_qe6_r4d9_x0_s1_tau1em09_t25_ron60_u909_t3_vo_v_rel0_rs2700_rx100_none_none_p1_b0_r1_i0_tap0_ph0_gdc420_gimp1000_mains_a253_t1d0_off10d0_reduced
,,0.0,mains,0.0009582133993968755,e6_9505de70a06936117230,53.615769595984546,r2a,a253_chaingdtmov_g1_kprotection_i0_mreduced_qe6_r4d9_x0_s1_tau1em09_t25_ron60_u909_t3_vo_v_rel0_rs2700_rx100_none_none_p1_b0_r1_i0_tap0_ph0_gdc420_gimp1000_mains_a253_t1d0_off10d0_reduced
,,0.0,mains,0.0009582133993968755,e6_9505de70a06936117230,53.615769595984546,r2b,a253_chaingdtmov_g1_kprotection_i0_mreduced_qe6_r4d9_x0_s1_tau1em09_t25_ron60_u909_t3_vo_v_rel0_rs2700_rx100_none_none_p1_b0_r1_i0_tap0_ph0_gdc420_gimp1000_mains_a253_t1d0_off10d0_reduced
,,0.0,mains,0.0009582133993968757,e6_9505de70a06936117230,53.61576959598456,r3a,a253_chaingdtmov_g1_kprotection_i0_mreduced_qe6_r4d9_x0_s1_tau1em09_t25_ron60_u909_t3_vo_v_rel0_rs2700_rx100_none_none_p1_b0_r1_i0_tap0_ph0_gdc420_gimp1000_mains_a253_t1d0_off10d0_reduced
,,0.0,mains,0.0009582133993968757,e6_9505de70a06936117230,53.61576959598455,r3b,a253_chaingdtmov_g1_kprotection_i0_mreduced_qe6_r4d9_x0_s1_tau1em09_t25_ron60_u909_t3_vo_v_rel0_rs2700_rx100_none_none_p1_b0_r1_i0_tap0_ph0_gdc420_gimp1000_mains_a253_t1d0_off10d0_reduced
,,0.0,mains,0.000581317586483383,e6_9505de70a06936117230,32.526943830254126,r910k,a253_chaingdtmov_g1_kprotection_i0_mreduced_qe6_r4d9_x0_s1_tau1em09_t25_ron60_u909_t3_vo_v_rel0_rs2700_rx100_none_none_p1_b0_r1_i0_tap0_ph0_gdc420_gimp1000_mains_a253_t1d0_off10d0_reduced
,,0.0,mains,6.387995152289523e-05,e6_9505de70a06936117230,3.574358763923005,r100k,a253_chaingdtmov_g1_kprotection_i0_mreduced_qe6_r4d9_x0_s1_tau1em09_t25_ron60_u909_t3_vo_v_rel0_rs2700_rx100_none_none_p1_b0_r1_i0_tap0_ph0_gdc420_gimp1000_mains_a253_t1d0_off10d0_reduced
0.0,0.0,,mains,2.6964559418549772e-08,e6_9505de70a06936117230,0.01355028431812147,rc1,a253_chaingdtmov_g1_kprotection_i0_mreduced_qe6_r4d9_x0_s1_tau1em09_t25_ron60_u909_t3_vo_v_rel0_rs2700_rx100_none_none_p1_b0_r1_i0_tap0_ph0_gdc420_gimp1000_mains_a253_t1d0_off10d0_reduced
0.0,0.0,,mains,2.696455941854959e-08,e6_9505de70a06936117230,0.013550284318121497,rc2,a253_chaingdtmov_g1_kprotection_i0_mreduced_qe6_r4d9_x0_s1_tau1em09_t25_ron60_u909_t3_vo_v_rel0_rs2700_rx100_none_none_p1_b0_r1_i0_tap0_ph0_gdc420_gimp1000_mains_a253_t1d0_off10d0_reduced
0.0,0.0,,mains,2.6964559418549557e-08,e6_9505de70a06936117230,0.013550284318121483,rc3,a253_chaingdtmov_g1_kprotection_i0_mreduced_qe6_r4d9_x0_s1_tau1em09_t25_ron60_u909_t3_vo_v_rel0_rs2700_rx100_none_none_p1_b0_r1_i0_tap0_ph0_gdc420_gimp1000_mains_a253_t1d0_off10d0_reduced
,,0.0,mains,0.0009582133993968755,e6_27b68b0e578c164488ce,53.615769595984546,r1a,a253_chaingdtmov_g1_kprotection_i0_mreduced_qe6_r4d9_x0_s1_tau1em07_t25_ron60_u909_t3_vo_v_rel0_rs2700_rx100_none_none_p1_b0_r1_i0_tap0_ph0_gdc420_gimp1000_mains_a253_t1d0_off10d0_reduced
,,0.0,mains,0.0009582133993968756,e6_27b68b0e578c164488ce,53.61576959598452,r1b,a253_chaingdtmov_g1_kprotection_i0_mreduced_qe6_r4d9_x0_s1_tau1em07_t25_ron60_u909_t3_vo_v_rel0_rs2700_rx100_none_none_p1_b0_r1_i0_tap0_ph0_gdc420_gimp1000_mains_a253_t1d0_off10d0_reduced
,,0.0,mains,0.0009582133993968755,e6_27b68b0e578c164488ce,53.615769595984546,r2a,a253_chaingdtmov_g1_kprotection_i0_mreduced_qe6_r4d9_x0_s1_tau1em07_t25_ron60_u909_t3_vo_v_rel0_rs2700_rx100_none_none_p1_b0_r1_i0_tap0_ph0_gdc420_gimp1000_mains_a253_t1d0_off10d0_reduced
,,0.0,mains,0.0009582133993968755,e6_27b68b0e578c164488ce,53.615769595984546,r2b,a253_chaingdtmov_g1_kprotection_i0_mreduced_qe6_r4d9_x0_s1_tau1em07_t25_ron60_u909_t3_vo_v_rel0_rs2700_rx100_none_none_p1_b0_r1_i0_tap0_ph0_gdc420_gimp1000_mains_a253_t1d0_off10d0_reduced
,,0.0,mains,0.0009582133993968757,e6_27b68b0e578c164488ce,53.61576959598456,r3a,a253_chaingdtmov_g1_kprotection_i0_mreduced_qe6_r4d9_x0_s1_tau1em07_t25_ron60_u909_t3_vo_v_rel0_rs2700_rx100_none_none_p1_b0_r1_i0_tap0_ph0_gdc420_gimp1000_mains_a253_t1d0_off10d0_reduced
,,0.0,mains,0.0009582133993968757,e6_27b68b0e578c164488ce,53.61576959598455,r3b,a253_chaingdtmov_g1_kprotection_i0_mreduced_qe6_r4d9_x0_s1_tau1em07_t25_ron60_u909_t3_vo_v_rel0_rs2700_rx100_none_none_p1_b0_r1_i0_tap0_ph0_gdc420_gimp1000_mains_a253_t1d0_off10d0_reduced
,,0.0,mains,0.000581317586483383,e6_27b68b0e578c164488ce,32.526943830254126,r910k,a253_chaingdtmov_g1_kprotection_i0_mreduced_qe6_r4d9_x0_s1_tau1em07_t25_ron60_u909_t3_vo_v_rel0_rs2700_rx100_none_none_p1_b0_r1_i0_tap0_ph0_gdc420_gimp1000_mains_a253_t1d0_off10d0_reduced
,,0.0,mains,6.387995152289523e-05,e6_27b68b0e578c164488ce,3.574358763923005,r100k,a253_chaingdtmov_g1_kprotection_i0_mreduced_qe6_r4d9_x0_s1_tau1em07_t25_ron60_u909_t3_vo_v_rel0_rs2700_rx100_none_none_p1_b0_r1_i0_tap0_ph0_gdc420_gimp1000_mains_a253_t1d0_off10d0_reduced
0.0,0.0,,mains,2.6964559418549772e-08,e6_27b68b0e578c164488ce,0.01355028431812147,rc1,a253_chaingdtmov_g1_kprotection_i0_mreduced_qe6_r4d9_x0_s1_tau1em07_t25_ron60_u909_t3_vo_v_rel0_rs2700_rx100_none_none_p1_b0_r1_i0_tap0_ph0_gdc420_gimp1000_mains_a253_t1d0_off10d0_reduced
0.0,0.0,,mains,2.696455941854959e-08,e6_27b68b0e578c164488ce,0.013550284318121497,rc2,a253_chaingdtmov_g1_kprotection_i0_mreduced_qe6_r4d9_x0_s1_tau1em07_t25_ron60_u909_t3_vo_v_rel0_rs2700_rx100_none_none_p1_b0_r1_i0_tap0_ph0_gdc420_gimp1000_mains_a253_t1d0_off10d0_reduced
0.0,0.0,,mains,2.6964559418549557e-08,e6_27b68b0e578c164488ce,0.013550284318121483,rc3,a253_chaingdtmov_g1_kprotection_i0_mreduced_qe6_r4d9_x0_s1_tau1em07_t25_ron60_u909_t3_vo_v_rel0_rs2700_rx100_none_none_p1_b0_r1_i0_tap0_ph0_gdc420_gimp1000_mains_a253_t1d0_off10d0_reduced
