DC_fit_residual_V,DC_method,ac_accuracy_scope,ac_error_after_wait_counts,all_channels_rail_pass,amp,base,bleak,buffer0_clamp_method,buffer0_clamp_peak_A,buffer0_clamp_tail_peak_A,buffer0_continuous_clamp_A,buffer0_i,buffer0_n_clamp_peak_A,buffer0_total_peak_A,buffer2_clamp_method,buffer2_clamp_peak_A,buffer2_clamp_tail_peak_A,buffer2_continuous_clamp_A,buffer2_n_clamp_peak_A,buffer2_total_peak_A,c100p1_v,c100p2_v,c100p3_v,chain,charge,continuous_clamp_pass,cross,elapsed_s,error_at_wait_counts,final,final_error_counts,freq,gain,id,in_range,input_current_pass,kind,last,leak,leakref25_A,leaksign,method,model,mux_channel_peak_V,offset_V,one_count_pass,physical_state,pm_deg,pm_grid_deg,pretime,q,r100k_v,r1a_v,r1b_v,r2a_v,r2b_v,r3a_v,r3b_v,r910k_v,rail,reaudited_exact_deck,returncode,rms,sel,settling_error_counts,signature,signature_history,slope,status,stop,tau,temp,tmux,unit,unity_hz,wait_s
2.4992410928412114e-07,21_plateaus_20ms_last2ms_mean,,,,0.2,,-4.2426406871192854e-10,,,,,,,,,,,,,,,,,,,,,21.441042299964465,,,,,10.1,e2_3f7931effa219dae31bd,,,dc,2.02057924721,-2.4622888266898326e-07,4e-07,-1,plateau,192,,0.0005851672866207374,,a0d2_bleakm4d24264em10_g10d1_kdc_im2d46229em07_leakref25_a4em07_leaksignm1_methodplateau_m192_qe2_r4d9_x0_s0d422_t18_ron60_u0_opa4192_rx0_10k_rx2_10k_x1com_waitx2_3ms_waitx0_0d1ms,,,,E2,,,,,,,,,4.9,True,0,,0,,771d56ecc6574cf73cf3a564b4ded2bf105220be4f0e9c19827fd722fab7d43a,"[{'signature': 'd984a1c6e0f3e1efd015a5d2f9635c03c8db74e56399120a9a8b95fc68284a5f', 'reason': 'exact_saved_deck_proof;AC_meas_prefix_only_source_revision'}]",10.099969825123774,ok,0.422,,18,60,0,,
2.4992436724628406e-07,21_plateaus_20ms_last2ms_mean,,,,0.2,,4.2426406871192854e-10,,,,,,,,,,,,,,,,,,,,,56.94889179995516,,,,,10.1,e2_1e5a34d0ee8a2e806a83,,,dc,2.01929693594,2.4622888266898326e-07,4e-07,1,plateau,192,,-0.0006971439845296248,,a0d2_bleak4d24264em10_g10d1_kdc_i2d46229em07_leakref25_a4em07_leaksign1_methodplateau_m192_qe2_r4d9_x0_s0d422_t18_ron60_u0_opa4192_rx0_10k_rx2_10k_x1com_waitx2_3ms_waitx0_0d1ms,,,,E2,,,,,,,,,4.9,True,0,,0,,6e970a75ccdf337a8229405dfa99645ce691f01760d4d673b602dd46c61d127e,"[{'signature': '45e1df203630deeeaf37d8085ad0d9b2b889f1c0bb61d1352b1e54fd7b14e083', 'reason': 'exact_saved_deck_proof;AC_meas_prefix_only_source_revision'}]",10.099969825123976,ok,0.422,,18,60,0,,
2.499242656881992e-07,21_plateaus_20ms_last2ms_mean,,,,0.2,,-6e-10,,,,,,,,,,,,,,,,,,,,,60.18098479998298,,,,,10.1,e2_e2841319b8895f9b4a4a,,,dc,2.02086503163,-3.4822022531844966e-07,4e-07,-1,plateau,192,,0.0008709545733714243,,a0d2_bleakm6em10_g10d1_kdc_im3d4822em07_leakref25_a4em07_leaksignm1_methodplateau_m192_qe2_r4d9_x0_s0d422_t23_ron60_u0_opa4192_rx0_10k_rx2_10k_x1com_waitx2_3ms_waitx0_0d1ms,,,,E2,,,,,,,,,4.9,True,0,,0,,46bf65f996211d080559c2e6451c9efeb915df3357a8cb70684537a8a32e77c3,"[{'signature': 'a7f18bcc5439b2d20d8bb712710b1024348be85d5c159c672b7f9894b843bc09', 'reason': 'exact_saved_deck_proof;AC_meas_prefix_only_source_revision'}]",10.099969810779264,ok,0.422,,23,60,0,,
2.4992478358349616e-07,21_plateaus_20ms_last2ms_mean,,,,0.2,,6e-10,,,,,,,,,,,,,,,,,,,,,59.49698970001191,,,,,10.1,e2_14ed0d65e254d6553a16,,,dc,2.01905156964,3.4822022531844966e-07,4e-07,1,plateau,192,,-0.0009425074150995399,,a0d2_bleak6em10_g10d1_kdc_i3d4822em07_leakref25_a4em07_leaksign1_methodplateau_m192_qe2_r4d9_x0_s0d422_t23_ron60_u0_opa4192_rx0_10k_rx2_10k_x1com_waitx2_3ms_waitx0_0d1ms,,,,E2,,,,,,,,,4.9,True,0,,0,,0bfc65fa841dc476a1da9ecf12477ff9ac28e31c9872e9ed178d06c677b9934d,"[{'signature': '060c5e8847ce3b2f6b701398573ee75abf19b14be07c5b0971af18b5146e1854', 'reason': 'exact_saved_deck_proof;AC_meas_prefix_only_source_revision'}]",10.09996981078512,ok,0.422,,23,60,0,,
2.499245833141161e-07,21_plateaus_20ms_last2ms_mean,,,,0.2,,-8.485281374238571e-10,,,,,,,,,,,,,,,,,,,,,57.74751209997339,,,,,10.1,e2_69c69057a575edb29ffc,,,dc,2.02126081972,-4.924577653379665e-07,4e-07,-1,plateau,192,,0.001266746775685438,,a0d2_bleakm8d48528em10_g10d1_kdc_im4d92458em07_leakref25_a4em07_leaksignm1_methodplateau_m192_qe2_r4d9_x0_s0d422_t28_ron60_u0_opa4192_rx0_10k_rx2_10k_x1com_waitx2_3ms_waitx0_0d1ms,,,,E2,,,,,,,,,4.9,True,0,,0,,8782f95a34b26df12806932c6ac9597fd3e64733fa39a64ea90688a816808d7a,"[{'signature': '9ed22372bf052d5621b53bb4fe51b4c27259bf80f9418846592d8bd158e6af90', 'reason': 'exact_saved_deck_proof;AC_meas_prefix_only_source_revision'}]",10.099969790237035,ok,0.422,,28,60,0,,
2.4992485320109344e-07,21_plateaus_20ms_last2ms_mean,,,,0.2,,8.485281374238571e-10,,,,,,,,,,,,,,,,,,,,,100.90333959995769,,,,,10.1,e2_ced47113e255ddaeb987,,,dc,2.01869619718,4.924577653379665e-07,4e-07,1,plateau,192,,-0.001297875760763511,,a0d2_bleak8d48528em10_g10d1_kdc_i4d92458em07_leakref25_a4em07_leaksign1_methodplateau_m192_qe2_r4d9_x0_s0d422_t28_ron60_u0_opa4192_rx0_10k_rx2_10k_x1com_waitx2_3ms_waitx0_0d1ms,,,,E2,,,,,,,,,4.9,True,0,,0,,72023fae9f01cfaed12091dd69574d221608fcf8755ce737968c7f240d55c13a,"[{'signature': 'c7c1a8fe44d52d6a61ac3fc8bc3fe6a8a8faba35a2c599f65ab83210e2cf0117', 'reason': 'exact_saved_deck_proof;AC_meas_prefix_only_source_revision'}]",10.099969790237909,ok,0.422,,28,60,0,,
2.962203723896737e-08,21_plateaus_20ms_last2ms_mean,,,,2,,-4.2426406871192854e-10,,,,,,,,,,,,,,,,,,,,,56.07293019996723,,,,,1,e2_36b063968a8c30d160aa,,,dc,2.00005609531,-2.4622888266898326e-07,4e-07,-1,plateau,192,,5.790994591151147e-05,,a2_bleakm4d24264em10_g1_kdc_im2d46229em07_leakref25_a4em07_leaksignm1_methodplateau_m192_qe2_r4d9_x0_s0d422_t18_ron60_u0_opa4192_rx0_10k_rx2_10k_x1com_waitx2_3ms_waitx0_0d1ms,,,,E2,,,,,,,,,4.9,True,0,,0,,2eae8b725d98034984bc03d5cf220db1ff9ce1aafd404838160e4f530a52ac5c,"[{'signature': '87c6cb83fd9e58dd957eb454620161d15bbc8f96503f264c86ac0ce71953eda8', 'reason': 'exact_saved_deck_proof;AC_meas_prefix_only_source_revision'}]",0.9999990859045482,ok,0.422,,18,60,0,,
2.9622761160209062e-08,21_plateaus_20ms_last2ms_mean,,,,2,,4.2426406871192854e-10,,,,,,,,,,,,,,,,,,,,,57.21767969999928,,,,,1,e2_e0cf5358f8cef8c7dd4e,,,dc,1.99992913355,2.4622888266898326e-07,4e-07,1,plateau,192,,-6.905181613972529e-05,,a2_bleak4d24264em10_g1_kdc_i2d46229em07_leakref25_a4em07_leaksign1_methodplateau_m192_qe2_r4d9_x0_s0d422_t18_ron60_u0_opa4192_rx0_10k_rx2_10k_x1com_waitx2_3ms_waitx0_0d1ms,,,,E2,,,,,,,,,4.9,True,0,,0,,ca9a51255153dfa9aceb859aa482b011af71f070bd0654efd1340788814a8f84,"[{'signature': '7e81da8f9cedace9c058455b74d111c8e0b8177d941c13af000a2e8c99b0bc44', 'reason': 'exact_saved_deck_proof;AC_meas_prefix_only_source_revision'}]",0.9999990859045238,ok,0.422,,18,60,0,,
2.9642633792055918e-08,21_plateaus_20ms_last2ms_mean,,,,2,,-6e-10,,,,,,,,,,,,,,,,,,,,,58.1605014000088,,,,,1,e2_b75536739a902b30526b,,,dc,2.00008438815,-3.4822022531844966e-07,4e-07,-1,plateau,192,,8.62056825922108e-05,,a2_bleakm6em10_g1_kdc_im3d4822em07_leakref25_a4em07_leaksignm1_methodplateau_m192_qe2_r4d9_x0_s0d422_t23_ron60_u0_opa4192_rx0_10k_rx2_10k_x1com_waitx2_3ms_waitx0_0d1ms,,,,E2,,,,,,,,,4.9,True,0,,0,,e81e1c89fd14479165d17b646b6b19283d7e34389174b0f15ef00ee06e82ccbc,"[{'signature': '5281a6946ee6f83ecfe3a3300f35651a6dea1cfc898ad25e0a72c8721dd1bfff', 'reason': 'exact_saved_deck_proof;AC_meas_prefix_only_source_revision'}]",0.9999990844666377,ok,0.422,,23,60,0,,
2.9643408368747767e-08,21_plateaus_20ms_last2ms_mean,,,,2,,6e-10,,,,,,,,,,,,,,,,,,,,,82.68423900002381,,,,,1,e2_59445ef5a379657367a7,,,dc,1.9999048371,3.4822022531844966e-07,4e-07,1,plateau,192,,-9.3345362990079e-05,,a2_bleak6em10_g1_kdc_i3d4822em07_leakref25_a4em07_leaksign1_methodplateau_m192_qe2_r4d9_x0_s0d422_t23_ron60_u0_opa4192_rx0_10k_rx2_10k_x1com_waitx2_3ms_waitx0_0d1ms,,,,E2,,,,,,,,,4.9,True,0,,0,,d20a8e8db9aa900c55c0316b48f7928241fff1dac3c0ea23c847be180dad1fd7,"[{'signature': '1ab400562f07575bd6377ea33aae7caeed2f1ca3d9eca8d0ad9c9f9170327da0', 'reason': 'exact_saved_deck_proof;AC_meas_prefix_only_source_revision'}]",0.9999990844666033,ok,0.422,,23,60,0,,
2.967014800736795e-08,21_plateaus_20ms_last2ms_mean,,,,2,,-8.485281374238571e-10,,,,,,,,,,,,,,,,,,,,,60.995788600004744,,,,,1,e2_e78a10700922e54a25f4,,,dc,2.00012357133,-4.924577653379665e-07,4e-07,-1,plateau,192,,0.00012539301634728383,,a2_bleakm8d48528em10_g1_kdc_im4d92458em07_leakref25_a4em07_leaksignm1_methodplateau_m192_qe2_r4d9_x0_s0d422_t28_ron60_u0_opa4192_rx0_10k_rx2_10k_x1com_waitx2_3ms_waitx0_0d1ms,,,,E2,,,,,,,,,4.9,True,0,,0,,9a1467dfd6d3d7a7b19e6fe431bedeb4d761512af2b96d680ce666afddc44d95,"[{'signature': '85a836c1538eaa2a8b8148e381176f689d502ab378a3f5d2330098e2833f725e', 'reason': 'exact_saved_deck_proof;AC_meas_prefix_only_source_revision'}]",0.9999990824067267,ok,0.422,,28,60,0,,
2.9670396023981707e-08,21_plateaus_20ms_last2ms_mean,,,,2,,8.485281374238571e-10,,,,,,,,,,,,,,,,,,,,,64.09791279997444,,,,,1,e2_26c49175cc8ad7a1efa3,,,dc,1.99986964781,4.924577653379665e-07,4e-07,1,plateau,192,,-0.00012853050719507431,,a2_bleak8d48528em10_g1_kdc_i4d92458em07_leakref25_a4em07_leaksign1_methodplateau_m192_qe2_r4d9_x0_s0d422_t28_ron60_u0_opa4192_rx0_10k_rx2_10k_x1com_waitx2_3ms_waitx0_0d1ms,,,,E2,,,,,,,,,4.9,True,0,,0,,dd5775d293f5f902cb4a11a1097f9dce1cf4ff822e09350bdcc8ae2049ce7966,"[{'signature': '8e3194e32cb8a5c807996a177871c5c3c87b34daed645e69e2a8664f99b81179', 'reason': 'exact_saved_deck_proof;AC_meas_prefix_only_source_revision'}]",0.9999990824067767,ok,0.422,,28,60,0,,
2.4968763550898936e-07,21_plateaus_20ms_last2ms_mean,,,,20,,-4.2426406871192854e-10,,,,,,,,,,,,,,,,,,,,,63.8776367000537,,,,,10.1,e2_65386d9c6ccea3b8414a,,,dc,2.01856168087,-2.4622888266898326e-07,4e-07,-1,plateau,192,,0.0005851716590936113,,a20_bleakm4d24264em10_g10d1_kdc_im2d46229em07_leakref25_a4em07_leaksignm1_methodplateau_m192_qe2_r4d9_x2_s0d422_t18_ron60_u0_opa4192_rx0_10k_rx2_10k_x1com_waitx2_3ms_waitx0_0d1ms,,,,E2,,,,,,,,,4.9,True,0,,2,,898246e2b059adf68e5a38b2cedccb19a24da86d77866403d8346758d11ce743,"[{'signature': '39da6e8c6fe22e394bfea734321813897efaaedec24f10ea9f132402041feaf8', 'reason': 'exact_saved_deck_proof;AC_meas_prefix_only_source_revision'}]",0.10089881972057463,ok,0.422,,18,60,0,,
2.4969043669958394e-07,21_plateaus_20ms_last2ms_mean,,,,20,,4.2426406871192854e-10,,,,,,,,,,,,,,,,,,,,,69.16420259996084,,,,,10.1,e2_25fae8c6e3d064c8a66d,,,dc,2.01727936086,2.4622888266898326e-07,4e-07,1,plateau,192,,-0.0006971483445500755,,a20_bleak4d24264em10_g10d1_kdc_i2d46229em07_leakref25_a4em07_leaksign1_methodplateau_m192_qe2_r4d9_x2_s0d422_t18_ron60_u0_opa4192_rx0_10k_rx2_10k_x1com_waitx2_3ms_waitx0_0d1ms,,,,E2,,,,,,,,,4.9,True,0,,2,,1a04c52b9832f57f510fc32acdc5f446e58f0b1ae46954fa88140beccfdb89b0,"[{'signature': 'c306b50ed3b04a347f65c06dcaf0a144a91de8621a84cdbac82f6a258e544d8c', 'reason': 'exact_saved_deck_proof;AC_meas_prefix_only_source_revision'}]",0.10089881972062047,ok,0.422,,18,60,0,,
2.4968922988390357e-07,21_plateaus_20ms_last2ms_mean,,,,20,,-6e-10,,,,,,,,,,,,,,,,,,,,,62.08326049998868,,,,,10.1,e2_35bfe2e95c60151b3345,,,dc,2.01884746996,-3.4822022531844966e-07,4e-07,-1,plateau,192,,0.0008709607561450864,,a20_bleakm6em10_g10d1_kdc_im3d4822em07_leakref25_a4em07_leaksignm1_methodplateau_m192_qe2_r4d9_x2_s0d422_t23_ron60_u0_opa4192_rx0_10k_rx2_10k_x1com_waitx2_3ms_waitx0_0d1ms,,,,E2,,,,,,,,,4.9,True,0,,2,,3e907c66ead7cdb38c9737fedc63c81745b5a0b77b8622bfbf4a292d8336962d,"[{'signature': 'c867595e7d21b76def5c61da6932f2e61d05cb4058da60cbb6716fffbaaafaa5', 'reason': 'exact_saved_deck_proof;AC_meas_prefix_only_source_revision'}]",0.10089881972056178,ok,0.422,,23,60,0,,
2.496904650597107e-07,21_plateaus_20ms_last2ms_mean,,,,20,,6e-10,,,,,,,,,,,,,,,,,,,,,59.555051899980754,,,,,10.1,e2_f64c02105597df642e05,,,dc,2.01703399562,3.4822022531844966e-07,4e-07,1,plateau,192,,-0.0009425135847663581,,a20_bleak6em10_g10d1_kdc_i3d4822em07_leakref25_a4em07_leaksign1_methodplateau_m192_qe2_r4d9_x2_s0d422_t23_ron60_u0_opa4192_rx0_10k_rx2_10k_x1com_waitx2_3ms_waitx0_0d1ms,,,,E2,,,,,,,,,4.9,True,0,,2,,a7922a288b878fc05191bd63b46ecc3ae026983b6fd5693e5cd1ba20d1a74bee,"[{'signature': 'f896e04c55ef31d8cbce8f9184220017688970801134a864054fcde547a8875a', 'reason': 'exact_saved_deck_proof;AC_meas_prefix_only_source_revision'}]",0.1008988197206046,ok,0.422,,23,60,0,,
2.496839851717954e-07,21_plateaus_20ms_last2ms_mean,,,,20,,-8.485281374238571e-10,,,,,,,,,,,,,,,,,,,,,57.79072799999267,,,,,10.1,e2_b5278c12a3a06de7e37a,,,dc,2.01924326473,-4.924577653379665e-07,4e-07,-1,plateau,192,,0.0012667555173096856,,a20_bleakm8d48528em10_g10d1_kdc_im4d92458em07_leakref25_a4em07_leaksignm1_methodplateau_m192_qe2_r4d9_x2_s0d422_t28_ron60_u0_opa4192_rx0_10k_rx2_10k_x1com_waitx2_3ms_waitx0_0d1ms,,,,E2,,,,,,,,,4.9,True,0,,2,,d88f7bf2db9085d4e099b788035d17b87949f7c27ab9bacbfe9f5a0d032b8697,"[{'signature': '0185f3df38c8af45f4f8069e41a884f3555fa37a027483ca8bf3ce635c11d896', 'reason': 'exact_saved_deck_proof;AC_meas_prefix_only_source_revision'}]",0.10089881972059582,ok,0.422,,28,60,0,,
2.4969545337665336e-07,21_plateaus_20ms_last2ms_mean,,,,20,,8.485281374238571e-10,,,,,,,,,,,,,,,,,,,,,60.934992700000294,,,,,10.1,e2_61ecf092fa87c4e74846,,,dc,2.01667862472,4.924577653379665e-07,4e-07,1,plateau,192,,-0.0012978844892421256,,a20_bleak8d48528em10_g10d1_kdc_i4d92458em07_leakref25_a4em07_leaksign1_methodplateau_m192_qe2_r4d9_x2_s0d422_t28_ron60_u0_opa4192_rx0_10k_rx2_10k_x1com_waitx2_3ms_waitx0_0d1ms,,,,E2,,,,,,,,,4.9,True,0,,2,,de3d993ff1fa87cf1a17f4dadb82c4ee5dbf211c135206f6fef344980683dc9b,"[{'signature': '1b2c1e6a114bb86a83a20a14318afce3a29fbda4d6dfa72e949f959a2ccfc75a', 'reason': 'exact_saved_deck_proof;AC_meas_prefix_only_source_revision'}]",0.10089881972056955,ok,0.422,,28,60,0,,
7.388567026843167e-09,21_plateaus_20ms_last2ms_mean,,,,50,,-4.2426406871192854e-10,,,,,,,,,,,,,,,,,,,,,60.566658600000665,,,,,1,e2_358b14663ffee546c02d,,,dc,0.499558062396,-2.4622888266898326e-07,4e-07,-1,plateau,192,,5.7915728462818696e-05,,a50_bleakm4d24264em10_g1_kdc_im2d46229em07_leakref25_a4em07_leaksignm1_methodplateau_m192_qe2_r4d9_x2_s0d422_t18_ron60_u0_opa4192_rx0_10k_rx2_10k_x1com_waitx2_3ms_waitx0_0d1ms,,,,E2,,,,,,,,,4.9,True,0,,2,,b0651c91146a1c8ddd76ec20fa7566e82ca0b70411c3406114929d1da6a8ae57,"[{'signature': '50d0d19593f4d458ddcba2f5c4d187a26cf0251f734acc81f270aa9fd2d8bd3a', 'reason': 'exact_saved_deck_proof;AC_meas_prefix_only_source_revision'}]",0.009990002865412578,ok,0.422,,18,60,0,,
7.3882413307826056e-09,21_plateaus_20ms_last2ms_mean,,,,50,,4.2426406871192854e-10,,,,,,,,,,,,,,,,,,,,,49.334906700009014,,,,,1,e2_5e1105bd99027f084d29,,,dc,0.499431099769,2.4622888266898326e-07,4e-07,1,plateau,192,,-6.904689817863835e-05,,a50_bleak4d24264em10_g1_kdc_i2d46229em07_leakref25_a4em07_leaksign1_methodplateau_m192_qe2_r4d9_x2_s0d422_t18_ron60_u0_opa4192_rx0_10k_rx2_10k_x1com_waitx2_3ms_waitx0_0d1ms,,,,E2,,,,,,,,,4.9,True,0,,2,,1afd11b76341347dc29f54a336058f3d9c84fbdeeb8ebfd8b4074c26bf291e31,"[{'signature': '5cbb8563d591e2897a20f12333ce197df46e9a8611f9d1fef5d3fd64428b980f', 'reason': 'exact_saved_deck_proof;AC_meas_prefix_only_source_revision'}]",0.00999000286541341,ok,0.422,,18,60,0,,
7.3882520693036805e-09,21_plateaus_20ms_last2ms_mean,,,,50,,-6e-10,,,,,,,,,,,,,,,,,,,,,37.85444030002691,,,,,1,e2_7b5fb6fd99b628eba1fc,,,dc,0.499586358312,-3.4822022531844966e-07,4e-07,-1,plateau,192,,8.621164425459321e-05,,a50_bleakm6em10_g1_kdc_im3d4822em07_leakref25_a4em07_leaksignm1_methodplateau_m192_qe2_r4d9_x2_s0d422_t23_ron60_u0_opa4192_rx0_10k_rx2_10k_x1com_waitx2_3ms_waitx0_0d1ms,,,,E2,,,,,,,,,4.9,True,0,,2,,e396b3fab0e09a078999c88fd327cb34fbb6ef9bacd0dbd6483d7676ebaae8c9,"[{'signature': 'f72686a0099343138c8e57539d5af6eddbb486258ef4c0e255a84932c812d688', 'reason': 'exact_saved_deck_proof;AC_meas_prefix_only_source_revision'}]",0.009990002865413787,ok,0.422,,23,60,0,,
7.388620689314498e-09,21_plateaus_20ms_last2ms_mean,,,,50,,6e-10,,,,,,,,,,,,,,,,,,,,,27.660380799963605,,,,,1,e2_8d5202607ade3852e1c5,,,dc,0.499406806043,3.4822022531844966e-07,4e-07,1,plateau,192,,-9.334062420649118e-05,,a50_bleak6em10_g1_kdc_i3d4822em07_leakref25_a4em07_leaksign1_methodplateau_m192_qe2_r4d9_x2_s0d422_t23_ron60_u0_opa4192_rx0_10k_rx2_10k_x1com_waitx2_3ms_waitx0_0d1ms,,,,E2,,,,,,,,,4.9,True,0,,2,,adec86607b8b32fa43c1af4abe01400a8e1f98a5475570c87447cf1a01b8f990,"[{'signature': 'eb8bde9b56346b456429e41f2658d85400ed418f7be10e1b495ddddfa19642a7', 'reason': 'exact_saved_deck_proof;AC_meas_prefix_only_source_revision'}]",0.009990002865412238,ok,0.422,,23,60,0,,
7.388600164500011e-09,21_plateaus_20ms_last2ms_mean,,,,50,,-8.485281374238571e-10,,,,,,,,,,,,,,,,,,,,,28.069498700031545,,,,,1,e2_27ac6e69f5ed49e51dca,,,dc,0.499625545899,-4.924577653379665e-07,4e-07,-1,plateau,192,,0.00012539923151012652,,a50_bleakm8d48528em10_g1_kdc_im4d92458em07_leakref25_a4em07_leaksignm1_methodplateau_m192_qe2_r4d9_x2_s0d422_t28_ron60_u0_opa4192_rx0_10k_rx2_10k_x1com_waitx2_3ms_waitx0_0d1ms,,,,E2,,,,,,,,,4.9,True,0,,2,,476079483e64663a7ebc846d9f186c822157314122abe94955c7cf0e9c3b418a,"[{'signature': '489da571dd2280c08e95ed56e8207c56f5d55431ea6b96abe723bea9f1096e42', 'reason': 'exact_saved_deck_proof;AC_meas_prefix_only_source_revision'}]",0.009990002865412542,ok,0.422,,28,60,0,,
7.388345470881385e-09,21_plateaus_20ms_last2ms_mean,,,,50,,8.485281374238571e-10,,,,,,,,,,,,,,,,,,,,,26.192699200008065,,,,,1,e2_31092b097518d7744411,,,dc,0.499371620646,4.924577653379665e-07,4e-07,1,plateau,192,,-0.00012852602175076545,,a50_bleak8d48528em10_g1_kdc_i4d92458em07_leakref25_a4em07_leaksign1_methodplateau_m192_qe2_r4d9_x2_s0d422_t28_ron60_u0_opa4192_rx0_10k_rx2_10k_x1com_waitx2_3ms_waitx0_0d1ms,,,,E2,,,,,,,,,4.9,True,0,,2,,2c643b2aeff910a7b9c87b50988839660e7a6cfbac98ddbcffdf634a84de22d3,"[{'signature': '66394df44c47081cbebd5cf5cec17233a83ad4baa9f76852b789fd1004978b10', 'reason': 'exact_saved_deck_proof;AC_meas_prefix_only_source_revision'}]",0.009990002865412543,ok,0.422,,28,60,0,,
,,,,True,-50,,,TI_direct_internal_ESD_switch_currents,4.0201689538799795e-11,4.019617152930942e-11,4.0201689538799795e-11,3.38158567707e-05,3.996107531741219e-05,3.381585677065776e-05,TI_direct_internal_ESD_switch_currents,2.159800613836786e-11,2.1598006127137784e-11,2.159800613836786e-11,2.1198494721298158e-11,1.048123708855508e-05,,,,,0,True,,12.38010219996795,,-4.86988060674,,,10.1,e3_2036960e77ceb0a3407d,False,True,zero,,0,,,,192,4.8965932322294625,,,am50_cq0_g10d1_kzero_i0_m192_pretime0d02_qe3_r4d9_x0_s0d028_t23_ron60_u0_opa4192_rx0_10k_rx2_10k_x1com_waitx2_3ms_waitx0_0d1ms,,,0.02,E3,,,,,,,,,4.9,True,0,,0,,bb529130def7531e02022cb1f2b8fcd9e7cd2cbaa8954c4888ad69587b0124e5,"[{'signature': '649d2cb42b2997ad29d300b9ce23cc8901feef6fd059df97aebc9a1f18d4ec28', 'reason': 'exact_saved_deck_proof;AC_meas_prefix_only_source_revision'}]",,ok,0.028,,23,60,0,,0.0001
,,,,True,-20,,,TI_direct_internal_ESD_switch_currents,4.0196721048281803e-11,4.018961004075794e-11,4.0196721048281803e-11,3.00654453884e-05,3.3078044752761776e-05,3.0065445388428955e-05,TI_direct_internal_ESD_switch_currents,2.03992056237905e-11,2.039920561970824e-11,2.03992056237905e-11,2.1199388509855312e-11,1.0480490484956356e-05,,,,,0,True,,45.59675850003259,,-4.86988060596,,,10.1,e3_0bcc76bf095b99eb3ad9,False,True,zero,,0,,,,192,4.896592968688838,,,am20_cq0_g10d1_kzero_i0_m192_pretime0d02_qe3_r4d9_x0_s0d028_t23_ron60_u0_opa4192_rx0_10k_rx2_10k_x1com_waitx2_3ms_waitx0_0d1ms,,,0.02,E3,,,,,,,,,4.9,True,0,,0,,41bc16ee91f0c7031dad01484f0e0b0a62493d0ca4387a10c9420019d2ad0056,"[{'signature': '69f331050f22dc44b4a1e5fecffe49057fd0a04f027c5927c0c696a4b68d74e1', 'reason': 'exact_saved_deck_proof;AC_meas_prefix_only_source_revision'}]",,ok,0.028,,23,60,0,,0.0001
,,,,True,-0.2,,,TI_direct_internal_ESD_switch_currents,2.0401021645891567e-11,2.0400004657507068e-11,2.0401021645891567e-11,7.40064058456e-06,2.1229009297372804e-11,7.400640584555253e-06,TI_direct_internal_ESD_switch_currents,1.963008541653841e-11,1.960799728389322e-11,1.960799728401014e-11,2.1199455562534716e-11,1.0477480961508247e-05,,,,,0,True,,45.48747260001255,-0.2892038958016344,-2.02002924638,-0.28955738157474015,,10.1,e3_b8fc23981a9259c742cc,True,True,zero,,0,,,,192,0.7042167882979488,,True,am0d2_cq0_g10d1_kzero_i0_m192_pretime0d02_qe3_r4d9_x0_s0d028_t23_ron60_u0_opa4192_rx0_10k_rx2_10k_x1com_waitx2_3ms_waitx0_0d1ms,,,0.02,E3,,,,,,,,,4.9,True,0,,0,0.0003534857731057328,bf3daf25628240b83666fac214c637ea4e6f857c4ba587963ebeb46de295b988,"[{'signature': '86374d880f97969e21351429580fd71d10066284d364f7ae7e9448547a4bbd3a', 'reason': 'exact_saved_deck_proof;AC_meas_prefix_only_source_revision'}]",,ok,0.028,,23,60,0,,0.0001
,,,,True,0,,,TI_direct_internal_ESD_switch_currents,1.9630089042710383e-11,1.9600005280486572e-11,1.9616796229639915e-11,7.3988013021e-06,2.1228996456257445e-11,7.398801302098959e-06,TI_direct_internal_ESD_switch_currents,1.9630085314169567e-11,1.9600005280507245e-11,1.960000528054958e-11,2.1199425463675122e-11,1.0477255734455627e-05,,,,,0,True,,65.1380441999645,-0.35185360794075987,-3.55518103595e-05,-0.35199613426556625,,10.1,e3_e43dc4b7579abd3e8fd5,True,True,zero,,0,,,,192,0.7042068386011431,,True,a0_cq0_g10d1_kzero_i0_m192_pretime0d02_qe3_r4d9_x0_s0d028_t23_ron60_u0_opa4192_rx0_10k_rx2_10k_x1com_waitx2_3ms_waitx0_0d1ms,,,0.02,E3,,,,,,,,,4.9,True,0,,0,0.00014252632480638017,9f4539eea78d63111f3b6fbfa4c382547aac95857cb40666441e92ce7288dc2d,"[{'signature': 'f4b3c26d33317739a0ac8834dd5ed46cf7df4a911e618ecbe300ef6adf01fe4c', 'reason': 'exact_saved_deck_proof;AC_meas_prefix_only_source_revision'}]",,ok,0.028,,23,60,0,,0.0001
,,,,True,0.2,,,TI_direct_internal_ESD_switch_currents,1.963008894550235e-11,1.880000590414985e-11,1.883433510603259e-11,7.39698329157e-06,2.122898549453843e-11,7.396983291571758e-06,TI_direct_internal_ESD_switch_currents,1.9630085218714343e-11,1.9592013277123308e-11,1.9592016547107016e-11,2.1199397266278764e-11,1.0477042487408385e-05,,,,,0,True,,45.22893480001949,-0.4145292222614596,2.01995814111,-0.4144394817560038,,10.1,e3_df86963537524873a377,True,True,zero,,0,,,,192,0.7041976677379148,,True,a0d2_cq0_g10d1_kzero_i0_m192_pretime0d02_qe3_r4d9_x0_s0d028_t23_ron60_u0_opa4192_rx0_10k_rx2_10k_x1com_waitx2_3ms_waitx0_0d1ms,,,0.02,E3,,,,,,,,,4.9,True,0,,0,-8.974050545579315e-05,38c8cf71777579d3aa515597967fad15a70fc314bd60f538af211bfeb2d209cb,"[{'signature': '39aeb1a621b6752ee817b5c9cedcbd7f5c889024d7d584ebd88f5bff4c2d172d', 'reason': 'exact_saved_deck_proof;AC_meas_prefix_only_source_revision'}]",,ok,0.028,,23,60,0,,0.0001
,,,,True,20,,,TI_direct_internal_ESD_switch_currents,3.249108649199093e-05,1.9406808240244613e-05,3.249108649199093e-05,2.80349753646e-05,4.019367594019189e-11,2.8034975364571034e-05,TI_direct_internal_ESD_switch_currents,1.963008524350029e-11,1.8800804941971656e-11,1.880114187416578e-11,2.1199441718603576e-11,1.0473889762838114e-05,,,,,0,True,,47.437759199994616,,4.88004561159,,,10.1,e3_33c2cc02f7207794e1df,False,True,zero,,0,,,,192,4.89662936123905,,,a20_cq0_g10d1_kzero_i0_m192_pretime0d02_qe3_r4d9_x0_s0d028_t23_ron60_u0_opa4192_rx0_10k_rx2_10k_x1com_waitx2_3ms_waitx0_0d1ms,,,0.02,E3,,,,,,,,,4.9,True,0,,0,,b85b32d373a4f65e2e7df0a035068e0c7057ac5ae63ec53d582cb819a9d3f2da,"[{'signature': '75ece96ab896a8cc2b1ee753eb999a2eddcabfbba3a3987df0658b91d6f866f6', 'reason': 'exact_saved_deck_proof;AC_meas_prefix_only_source_revision'}]",,ok,0.028,,23,60,0,,0.0001
,,,,True,50,,,TI_direct_internal_ESD_switch_currents,4.0048146728780554e-05,2.3223195999903767e-05,4.0048146728780554e-05,3.17266531718e-05,4.019888959453243e-11,3.1726653171788616e-05,TI_direct_internal_ESD_switch_currents,1.963008203978975e-11,1.7602004434486507e-11,1.7602846929403855e-11,2.1597995577196897e-11,1.0462990091654424e-05,,,,,0,True,,46.57982839999022,,4.88004561152,,,10.1,e3_e65b2f45653e45b080e9,False,True,zero,,0,,,,192,4.896632112845355,,,a50_cq0_g10d1_kzero_i0_m192_pretime0d02_qe3_r4d9_x0_s0d028_t23_ron60_u0_opa4192_rx0_10k_rx2_10k_x1com_waitx2_3ms_waitx0_0d1ms,,,0.02,E3,,,,,,,,,4.9,True,0,,0,,1644369af1bcd95fd4ecd2ef22fec586f08116338eddfa8df004e0191b4f7e53,"[{'signature': '3a4dd1f8479d26659b63ad47a136c2c3def1a342529b71da83c4df302bc8e6ca', 'reason': 'exact_saved_deck_proof;AC_meas_prefix_only_source_revision'}]",,ok,0.028,,23,60,0,,0.0001
,,,,True,-50,,,TI_direct_internal_ESD_switch_currents,4.020188476086959e-11,4.0196171526793715e-11,4.020188476086959e-11,3.30008599209e-05,4.0710658581229456e-05,3.300085992090894e-05,TI_direct_internal_ESD_switch_currents,2.159800613873966e-11,2.1598006127035537e-11,2.159800613873966e-11,2.1198494721298158e-11,1.048123708855508e-05,,,,,5e-12,True,,46.06838319997769,,-4.86988060557,,,10.1,e3_3daad5a7ccec5db87c5d,False,True,zero,,0,,,,192,4.896593314228461,,,am50_cq5em12_g10d1_kzero_i0_m192_pretime0d02_qe3_r4d9_x0_s0d028_t23_ron60_u0_opa4192_rx0_10k_rx2_10k_x1com_waitx2_3ms_waitx0_0d1ms,,,0.02,E3,,,,,,,,,4.9,True,0,,0,,78ce8f052b12629c7ac1c5b883c7960fde6672527f31b41f17f204e3664958ee,"[{'signature': 'c776e39933fba5b9248078b0aac105779b710c32b357931d4b4d7bcb5a38d60e', 'reason': 'exact_saved_deck_proof;AC_meas_prefix_only_source_revision'}]",,ok,0.028,,23,60,0,,0.0001
,,,,True,-20,,,TI_direct_internal_ESD_switch_currents,4.019666086284307e-11,4.018961003880822e-11,4.019666086284307e-11,2.76586231615e-05,3.332259377878278e-05,2.7658623161452302e-05,TI_direct_internal_ESD_switch_currents,2.0399205623433906e-11,2.039920561904707e-11,2.0399205623433906e-11,2.1199388509855312e-11,1.0480490484956356e-05,,,,,5e-12,True,,49.224000599991996,,-4.86988060486,,,10.1,e3_2c2bb6e1d1426bbc7070,False,True,zero,,0,,,,192,4.8965963968294846,,,am20_cq5em12_g10d1_kzero_i0_m192_pretime0d02_qe3_r4d9_x0_s0d028_t23_ron60_u0_opa4192_rx0_10k_rx2_10k_x1com_waitx2_3ms_waitx0_0d1ms,,,0.02,E3,,,,,,,,,4.9,True,0,,0,,3be5975f98a67807c046f1d5a028013705af61aee01267b67dd51a12d166dfa4,"[{'signature': '096621285a2f25169034b89c13ef638e634edfb83e528ccfb56a0a988e4ff6fc', 'reason': 'exact_saved_deck_proof;AC_meas_prefix_only_source_revision'}]",,ok,0.028,,23,60,0,,0.0001
,,,,True,-0.2,,,TI_direct_internal_ESD_switch_currents,2.0401074343257803e-11,2.0400004661205735e-11,2.0401074343257803e-11,7.40064058456e-06,2.1229009297372804e-11,7.400640584555253e-06,TI_direct_internal_ESD_switch_currents,1.963008541653841e-11,1.960799728390897e-11,1.9607997284011534e-11,2.1199455562534716e-11,1.0477480961508247e-05,,,,,5e-12,True,,47.584983699955046,-0.2891500337558978,-2.02002925381,-0.28955775141311346,,10.1,e3_56f216456f3346d3c001,True,True,zero,,0,,,,192,0.7042167882979488,,True,am0d2_cq5em12_g10d1_kzero_i0_m192_pretime0d02_qe3_r4d9_x0_s0d028_t23_ron60_u0_opa4192_rx0_10k_rx2_10k_x1com_waitx2_3ms_waitx0_0d1ms,,,0.02,E3,,,,,,,,,4.9,True,0,,0,0.0004077176572156449,219672bfd3d24100a7a99dbabcc3f69098cc1b85c3bd218fee67f1c5e1c396a2,"[{'signature': 'e5469a7d9d3623ab096eeafe2efc91965866624da8005cb864844d3a2caf77ab', 'reason': 'exact_saved_deck_proof;AC_meas_prefix_only_source_revision'}]",,ok,0.028,,23,60,0,,0.0001
,,,,True,0,,,TI_direct_internal_ESD_switch_currents,1.9645841488371907e-11,1.9600005280486533e-11,1.9645841488371907e-11,7.3988013021e-06,2.1228996456257445e-11,7.398801302098959e-06,TI_direct_internal_ESD_switch_currents,1.9630085314169567e-11,1.9600005280507213e-11,1.9600005280551367e-11,2.1199425463675122e-11,1.0477255734455627e-05,,,,,5e-12,True,,60.83197739999741,-0.3518536691845188,-3.5551813028e-05,-0.35199613378850414,,10.1,e3_2d99b3c1fa480f576fcd,True,True,zero,,0,,,,192,0.7042068386011431,,True,a0_cq5em12_g10d1_kzero_i0_m192_pretime0d02_qe3_r4d9_x0_s0d028_t23_ron60_u0_opa4192_rx0_10k_rx2_10k_x1com_waitx2_3ms_waitx0_0d1ms,,,0.02,E3,,,,,,,,,4.9,True,0,,0,0.00014246460398531502,494125798b68e33237616210a97284bf44732c1ddca943bb308a680583277e01,"[{'signature': 'a88e284209104ccb5168bad2a8975edfedbbd38d249ed58e766299c789efa8b7', 'reason': 'exact_saved_deck_proof;AC_meas_prefix_only_source_revision'}]",,ok,0.028,,23,60,0,,0.0001
,,,,True,0.2,,,TI_direct_internal_ESD_switch_currents,1.963008894550235e-11,1.8800005903759403e-11,1.8863646875508638e-11,7.39698329157e-06,2.122898549453843e-11,7.396983291571758e-06,TI_direct_internal_ESD_switch_currents,1.9630085218714343e-11,1.9592013277121815e-11,1.9592016547107016e-11,2.1199397266278764e-11,1.0477042487408385e-05,,,,,5e-12,True,,51.01595759997144,-0.4145606097129534,2.01995814204,-0.414439405245149,,10.1,e3_f0775fb70e94777c9871,True,True,zero,,0,,,,192,0.7041976677379148,,True,a0d2_cq5em12_g10d1_kzero_i0_m192_pretime0d02_qe3_r4d9_x0_s0d028_t23_ron60_u0_opa4192_rx0_10k_rx2_10k_x1com_waitx2_3ms_waitx0_0d1ms,,,0.02,E3,,,,,,,,,4.9,True,0,,0,-0.0001212044678043922,b37ab599dc4db4a694985122eac65943175ff933c9a311d55f5abc377197534b,"[{'signature': '9359ce017ed1136e6df36db3287fa526044152dde5e64deca2379340969fb8dd', 'reason': 'exact_saved_deck_proof;AC_meas_prefix_only_source_revision'}]",,ok,0.028,,23,60,0,,0.0001
,,,,True,20,,,TI_direct_internal_ESD_switch_currents,3.248043857588222e-05,1.940680794959744e-05,3.248043857588222e-05,3.42922088089e-05,4.019319414491067e-11,3.4292208808889236e-05,TI_direct_internal_ESD_switch_currents,1.963008524350029e-11,1.8800804942074508e-11,1.880114187416578e-11,2.1199441718603576e-11,1.0473889762838114e-05,,,,,5e-12,True,,44.34596619999502,,4.88004561145,,,10.1,e3_25f675e54581f609da76,False,True,zero,,0,,,,192,4.896532205201118,,,a20_cq5em12_g10d1_kzero_i0_m192_pretime0d02_qe3_r4d9_x0_s0d028_t23_ron60_u0_opa4192_rx0_10k_rx2_10k_x1com_waitx2_3ms_waitx0_0d1ms,,,0.02,E3,,,,,,,,,4.9,True,0,,0,,27d431ebfa2293f5bf3f7d3d2624f3b947ff3b91a3841b24f2f4f71272204054,"[{'signature': '4c27491d851de4dabfe148ac61bde851866f12c951c7ab01c37b407d3431209d', 'reason': 'exact_saved_deck_proof;AC_meas_prefix_only_source_revision'}]",,ok,0.028,,23,60,0,,0.0001
,,,,True,50,,,TI_direct_internal_ESD_switch_currents,3.979041977549437e-05,2.3223196820763966e-05,3.979041977549437e-05,3.81290929338e-05,4.019852724277205e-11,3.812909293382245e-05,TI_direct_internal_ESD_switch_currents,1.963008203978975e-11,1.7602004434168126e-11,1.7602846929403855e-11,2.159799557918391e-11,1.0462990091654424e-05,,,,,5e-12,True,,44.157884199987166,,4.88004561199,,,10.1,e3_230ce5772441d92dde44,False,True,zero,,0,,,,192,4.896533232313989,,,a50_cq5em12_g10d1_kzero_i0_m192_pretime0d02_qe3_r4d9_x0_s0d028_t23_ron60_u0_opa4192_rx0_10k_rx2_10k_x1com_waitx2_3ms_waitx0_0d1ms,,,0.02,E3,,,,,,,,,4.9,True,0,,0,,cd17ee229696e4fa3cadb51bd0d5b13163b483993284c686be2b1d7c06b5cd6b,"[{'signature': '9fdf9e13133031230ff8e5a60e6865a3ef9de5405b9afe7809982c638d283787', 'reason': 'exact_saved_deck_proof;AC_meas_prefix_only_source_revision'}]",,ok,0.028,,23,60,0,,0.0001
,,,,True,-50,,,TI_direct_internal_ESD_switch_currents,4.0203325053278833e-11,4.0196174875467994e-11,4.0203325053278833e-11,3.38135341985e-05,4.024101406819949e-05,3.381353419850037e-05,TI_direct_internal_ESD_switch_currents,2.1598006138312432e-11,2.159800613016717e-11,2.1598006138312432e-11,2.1199764542227947e-11,1.044483004637594e-05,,,,,0,True,,44.81046950002201,,-4.86769031832,,,1,e3_a299f5cfb048551fe6b7,False,True,zero,,0,,,,192,4.896613496293606,,,am50_cq0_g1_kzero_i0_m192_pretime0d02_qe3_r4d9_x0_s0d028_t23_ron60_u0_opa4192_rx0_10k_rx2_10k_x1com_waitx2_3ms_waitx0_0d1ms,,,0.02,E3,,,,,,,,,4.9,True,0,,0,,927fb6b7775df27fc5534a7841512935f7c1057a0a87c2c11faa87405cad52cb,"[{'signature': '959e8492dae134ce49dade90093081711c01e57e42dc9cc4ab07b806241d62e3', 'reason': 'exact_saved_deck_proof;AC_meas_prefix_only_source_revision'}]",,ok,0.028,,23,60,0,,0.0001
,,,,True,-20,,,TI_direct_internal_ESD_switch_currents,4.019797296342073e-11,4.018961338916446e-11,4.019797296342073e-11,3.00697888355e-05,3.284414644698101e-05,3.0069788835522374e-05,TI_direct_internal_ESD_switch_currents,2.0399205624425554e-11,2.0399205619047086e-11,2.0399205624425554e-11,2.1199743299751056e-11,1.0439778961030576e-05,,,,,0,True,,43.421577400004026,,-4.86769031828,,,1,e3_830c4393771c79d6d9c2,False,True,zero,,0,,,,192,4.896597954151335,,,am20_cq0_g1_kzero_i0_m192_pretime0d02_qe3_r4d9_x0_s0d028_t23_ron60_u0_opa4192_rx0_10k_rx2_10k_x1com_waitx2_3ms_waitx0_0d1ms,,,0.02,E3,,,,,,,,,4.9,True,0,,0,,c99fbd93c169db0039d26e0a1d7902ddcf709a3b38b4fa75960c3cacedc0b8ec,"[{'signature': '9f484c596a5e9c1050df1346b4c0a52803f36d1c6f779121498bda68b4a89d40', 'reason': 'exact_saved_deck_proof;AC_meas_prefix_only_source_revision'}]",,ok,0.028,,23,60,0,,0.0001
,,,,True,-2,,,TI_direct_internal_ESD_switch_currents,2.7649771357834068e-11,2.7599999049255025e-11,2.7649771357834068e-11,7.55875419427e-06,2.122467094488031e-11,7.5587541942704864e-06,TI_direct_internal_ESD_switch_currents,1.967992531516842e-11,1.9679925314361173e-11,1.967992531516842e-11,2.1200068610420307e-11,1.0437934939394794e-05,,,,,0,True,,43.74643250001827,-0.016852472253248152,-2.00000167586,-0.016759096257423778,,1,e3_2f7ff96bc5322dd5cc01,True,True,zero,,0,,,,192,2.020396484839177,,True,am2_cq0_g1_kzero_i0_m192_pretime0d02_qe3_r4d9_x0_s0d028_t23_ron60_u0_opa4192_rx0_10k_rx2_10k_x1com_waitx2_3ms_waitx0_0d1ms,,,0.02,E3,,,,,,,,,4.9,True,0,,0,-9.337599582437406e-05,042ed487fd128ebc6d2296313a38cfd3e6ddc596a596899fea07e26bd6ef1141,"[{'signature': 'a34d4724531e388f0316795c1a2e702dd5d3332bf9640a429d4d014f3bc268ca', 'reason': 'exact_saved_deck_proof;AC_meas_prefix_only_source_revision'}]",,ok,0.028,,23,60,0,,0.0001
,,,,True,0,,,TI_direct_internal_ESD_switch_currents,1.9629958937664745e-11,1.9600005280486508e-11,1.962478537952179e-11,7.54956460723e-06,2.122467105733676e-11,7.5495646072300115e-06,TI_direct_internal_ESD_switch_currents,1.9629956208065452e-11,1.9600005280507187e-11,1.9600005280550585e-11,2.1199887391105335e-11,1.0436971313462785e-05,,,,,0,True,,55.14695910003502,-0.035449996087183355,-3.54643848933e-06,-0.0354641780224433,,1,e3_5e6dda70e89c169b1b1b,True,True,zero,,0,,,,192,0.7024761162684745,,True,a0_cq0_g1_kzero_i0_m192_pretime0d02_qe3_r4d9_x0_s0d028_t23_ron60_u0_opa4192_rx0_10k_rx2_10k_x1com_waitx2_3ms_waitx0_0d1ms,,,0.02,E3,,,,,,,,,4.9,True,0,,0,1.4181935259947875e-05,c72722cd055712047c3a5fa258f4fa0a7f9fe3b6027f4906e710d71bed100a41,"[{'signature': '2d671eb77d39a1642d21ac468fc4d4965e98497bdbd6268d2e7ece4ca0694bf1', 'reason': 'exact_saved_deck_proof;AC_meas_prefix_only_source_revision'}]",,ok,0.028,,23,60,0,,0.0001
,,,,True,2,,,TI_direct_internal_ESD_switch_currents,1.962994544238606e-11,1.1600011513663877e-11,1.1811261827701517e-11,7.56549709802e-06,2.7670489665305636e-11,7.565497098019582e-06,TI_direct_internal_ESD_switch_currents,1.9629942806875635e-11,1.952008524668054e-11,1.9520118866344866e-11,2.1192025329966966e-11,1.0396169214663864e-05,,,,,0,True,,44.567049800010864,-0.05405705890915158,1.99999458259,-0.05416854428785811,,1,e3_681abd94944be8e9289c,True,True,zero,,0,,,,192,2.0288598507008406,,True,a2_cq0_g1_kzero_i0_m192_pretime0d02_qe3_r4d9_x0_s0d028_t23_ron60_u0_opa4192_rx0_10k_rx2_10k_x1com_waitx2_3ms_waitx0_0d1ms,,,0.02,E3,,,,,,,,,4.9,True,0,,0,0.00011148537870653286,9f4a7672746fd5366d21abca0adcbb86886edd987086b3e95cd954d879094c0f,"[{'signature': '1670da666195bf14454a6b4b3d469b06f6fe5a0ce7128743d05291473d68a156', 'reason': 'exact_saved_deck_proof;AC_meas_prefix_only_source_revision'}]",,ok,0.028,,23,60,0,,0.0001
,,,,True,20,,,TI_direct_internal_ESD_switch_currents,3.208991181466819e-05,1.940680866102431e-05,3.208991181466819e-05,3.040215348e-05,4.019575649152043e-11,3.0402153480006276e-05,TI_direct_internal_ESD_switch_currents,1.9629956736995755e-11,1.8800804941971673e-11,1.8801142061511117e-11,2.119997865549096e-11,1.0433977966800596e-05,,,,,0,True,,45.27446129999589,,4.87778001838,,,1,e3_9cb1250011ae58b0d846,False,True,zero,,0,,,,192,4.896593729227295,,,a20_cq0_g1_kzero_i0_m192_pretime0d02_qe3_r4d9_x0_s0d028_t23_ron60_u0_opa4192_rx0_10k_rx2_10k_x1com_waitx2_3ms_waitx0_0d1ms,,,0.02,E3,,,,,,,,,4.9,True,0,,0,,91d0d4c102925de6cd74da6bb4a4457fa3a74454a6af9400992529e163a73b01,"[{'signature': '5e8d138408eb12ab8fe4982d7337a13da2225f89e09bdb361dfbcad34f49f38a', 'reason': 'exact_saved_deck_proof;AC_meas_prefix_only_source_revision'}]",,ok,0.028,,23,60,0,,0.0001
,,,,True,50,,,TI_direct_internal_ESD_switch_currents,3.93619698380723e-05,2.322319620514146e-05,3.93619698380723e-05,3.7980130231e-05,4.020053213741114e-11,3.798013023098904e-05,TI_direct_internal_ESD_switch_currents,1.962995551358028e-11,1.76020044341681e-11,1.7602845715424693e-11,2.159799557697891e-11,1.0428616648234995e-05,,,,,0,True,,49.38850260002073,,4.87778001657,,,1,e3_64cdadbb1ad6daa52aa9,False,True,zero,,0,,,,192,4.896536293706965,,,a50_cq0_g1_kzero_i0_m192_pretime0d02_qe3_r4d9_x0_s0d028_t23_ron60_u0_opa4192_rx0_10k_rx2_10k_x1com_waitx2_3ms_waitx0_0d1ms,,,0.02,E3,,,,,,,,,4.9,True,0,,0,,723a6402f8ad61c9b0b440fed2acba3ccfee307461d46b46d216baf787c4ef96,"[{'signature': 'c6a36f7c671882678c642e5e68ddbf595da51476d01e1066cae82ccb1227762c', 'reason': 'exact_saved_deck_proof;AC_meas_prefix_only_source_revision'}]",,ok,0.028,,23,60,0,,0.0001
,,,,True,-50,,,TI_direct_internal_ESD_switch_currents,4.0204330146541733e-11,4.019617487697884e-11,4.0204330146541733e-11,3.31395852919e-05,4.16851672670812e-05,3.313958529187243e-05,TI_direct_internal_ESD_switch_currents,2.1598006138449078e-11,2.1598006128254988e-11,2.1598006138449078e-11,2.1199764542227947e-11,1.044483004637594e-05,,,,,5e-12,True,,51.8306317999959,,-4.86769031922,,,1,e3_85d31161fa04b054a82c,False,True,zero,,0,,,,192,4.899244090083473,,,am50_cq5em12_g1_kzero_i0_m192_pretime0d02_qe3_r4d9_x0_s0d028_t23_ron60_u0_opa4192_rx0_10k_rx2_10k_x1com_waitx2_3ms_waitx0_0d1ms,,,0.02,E3,,,,,,,,,4.9,True,0,,0,,22bcaba75ae0e86890f9cc59ae8a02d6001bf8e3e611df4c9f77b4aa780b9492,"[{'signature': '3a32abcb4620166238a0f166340fa9dd082bf575e98707b12512b059e9e3cde3', 'reason': 'exact_saved_deck_proof;AC_meas_prefix_only_source_revision'}]",,ok,0.028,,23,60,0,,0.0001
,,,,True,-20,,,TI_direct_internal_ESD_switch_currents,4.019893783148181e-11,4.01896133900079e-11,4.019893783148181e-11,2.92795074209e-05,3.398415669784226e-05,2.9279507420914858e-05,TI_direct_internal_ESD_switch_currents,2.0399205623734554e-11,2.039920562008146e-11,2.0399205623734554e-11,2.1199743299751056e-11,1.0439778961030576e-05,,,,,5e-12,True,,49.030986900033895,,-4.86769031808,,,1,e3_9792ce4d1d2a60a407c0,False,True,zero,,0,,,,192,4.89825116591279,,,am20_cq5em12_g1_kzero_i0_m192_pretime0d02_qe3_r4d9_x0_s0d028_t23_ron60_u0_opa4192_rx0_10k_rx2_10k_x1com_waitx2_3ms_waitx0_0d1ms,,,0.02,E3,,,,,,,,,4.9,True,0,,0,,830d5d18f789268dcc6f4a06c1dce419fc3c7fe6a0a2b8eac43268bae4213eae,"[{'signature': 'ec30426f25d337b43e9e592178ba1e0b0843c9ba78a38853f7f46a0c71992d70', 'reason': 'exact_saved_deck_proof;AC_meas_prefix_only_source_revision'}]",,ok,0.028,,23,60,0,,0.0001
,,,,True,-2,,,TI_direct_internal_ESD_switch_currents,2.764995737582209e-11,2.759999907578075e-11,2.764995737582209e-11,7.55875419427e-06,2.122467094488031e-11,7.5587541942704864e-06,TI_direct_internal_ESD_switch_currents,1.9679925315194593e-11,1.967992531447035e-11,1.9679925315194593e-11,2.1200068610420307e-11,1.0437934939394794e-05,,,,,5e-12,True,,45.93350830004783,-0.01687988328225032,-2.00000168256,-0.016759428840273927,,1,e3_620f5c196b75e67e142b,True,True,zero,,0,,,,192,2.0204470852865146,,True,am2_cq5em12_g1_kzero_i0_m192_pretime0d02_qe3_r4d9_x0_s0d028_t23_ron60_u0_opa4192_rx0_10k_rx2_10k_x1com_waitx2_3ms_waitx0_0d1ms,,,0.02,E3,,,,,,,,,4.9,True,0,,0,-0.00012045444197639199,395b8acceb522835beca5e3878f43554ae366b038c5b43875cda105b8c1b196a,"[{'signature': '787776263ce5d5166b98c27ba4de8e5b93df9bdbd05e0737253a40f423e67967', 'reason': 'exact_saved_deck_proof;AC_meas_prefix_only_source_revision'}]",,ok,0.028,,23,60,0,,0.0001
,,,,True,0,,,TI_direct_internal_ESD_switch_currents,1.9629958937664745e-11,1.960000528048651e-11,1.9622769963578228e-11,7.54956460723e-06,2.122467105733676e-11,7.5495646072300115e-06,TI_direct_internal_ESD_switch_currents,1.9629956208065452e-11,1.9600005280507187e-11,1.960000528055086e-11,2.1199887391105335e-11,1.0436971313462785e-05,,,,,5e-12,True,,59.17761870002141,-0.03544997957040527,-3.54644080079e-06,-0.03546417878499237,,1,e3_7471642e9ac2b9f9f59f,True,True,zero,,0,,,,192,0.7024761162684745,,True,a0_cq5em12_g1_kzero_i0_m192_pretime0d02_qe3_r4d9_x0_s0d028_t23_ron60_u0_opa4192_rx0_10k_rx2_10k_x1com_waitx2_3ms_waitx0_0d1ms,,,0.02,E3,,,,,,,,,4.9,True,0,,0,1.4199214587097553e-05,d40a0dd4fafc8c4f5112ece70f6f5f8c1f25c619af7161ce30407bab29e191fb,"[{'signature': 'd890fedd22516f460b71049788ae3803bdadce9cffdc9af23a7c103002577c7b', 'reason': 'exact_saved_deck_proof;AC_meas_prefix_only_source_revision'}]",,ok,0.028,,23,60,0,,0.0001
,,,,True,2,,,TI_direct_internal_ESD_switch_currents,1.962994544238606e-11,1.1600011510553232e-11,1.1836485473983226e-11,7.56549709802e-06,2.7675822802722724e-11,7.565497098019582e-06,TI_direct_internal_ESD_switch_currents,1.9629942806875635e-11,1.9520085246653615e-11,1.9520118866344866e-11,2.1192025329966966e-11,1.0396169214663864e-05,,,,,5e-12,True,,51.11714549997123,-0.053960316017676035,1.9999945868,-0.05416833737781346,,1,e3_ccc4bca552acaeec5586,True,True,zero,,0,,,,192,2.0309839183690377,,True,a2_cq5em12_g1_kzero_i0_m192_pretime0d02_qe3_r4d9_x0_s0d028_t23_ron60_u0_opa4192_rx0_10k_rx2_10k_x1com_waitx2_3ms_waitx0_0d1ms,,,0.02,E3,,,,,,,,,4.9,True,0,,0,0.00020802136013742256,4ede2f6f5e4a1ca46d2000a2fff901ceabbecdb1ecc38a007c42ee491556f7cd,"[{'signature': 'e8deebf66302f70f7c004fdeb78f3bf835394e45385902df141ca9896acd1d0c', 'reason': 'exact_saved_deck_proof;AC_meas_prefix_only_source_revision'}]",,ok,0.028,,23,60,0,,0.0001
,,,,True,20,,,TI_direct_internal_ESD_switch_currents,3.2390926281059464e-05,1.9406808139665633e-05,3.2390926281059464e-05,3.42279851955e-05,4.0195508387967785e-11,3.4227985195511824e-05,TI_direct_internal_ESD_switch_currents,1.9629956736995755e-11,1.8800804941971614e-11,1.8801142061511117e-11,2.119997865549096e-11,1.0433977966800596e-05,,,,,5e-12,True,,46.26416149997385,,4.87778001766,,,1,e3_174efcbeb620e41b2835,False,True,zero,,0,,,,192,4.896638090350955,,,a20_cq5em12_g1_kzero_i0_m192_pretime0d02_qe3_r4d9_x0_s0d028_t23_ron60_u0_opa4192_rx0_10k_rx2_10k_x1com_waitx2_3ms_waitx0_0d1ms,,,0.02,E3,,,,,,,,,4.9,True,0,,0,,18e5f0e054ac01336852aaf2908e573025d0214abcf33f5870df1048beaacec9,"[{'signature': '4d902c5048fbf991dd7dc76ab82e1730fa86cfdbd7fd17830c935e4e72bd0b84', 'reason': 'exact_saved_deck_proof;AC_meas_prefix_only_source_revision'}]",,ok,0.028,,23,60,0,,0.0001
,,,,True,50,,,TI_direct_internal_ESD_switch_currents,3.946631875579565e-05,2.322319601584074e-05,3.946631875579565e-05,3.19687930043e-05,4.020095010388276e-11,3.196879300428339e-05,TI_direct_internal_ESD_switch_currents,1.962995551358028e-11,1.7602004434322072e-11,1.7602845715424693e-11,2.1597995576945915e-11,1.0428616648234995e-05,,,,,5e-12,True,,44.59616700001061,,4.8777800175,,,1,e3_9f1df4a15c9180454e88,False,True,zero,,0,,,,192,4.896538718818755,,,a50_cq5em12_g1_kzero_i0_m192_pretime0d02_qe3_r4d9_x0_s0d028_t23_ron60_u0_opa4192_rx0_10k_rx2_10k_x1com_waitx2_3ms_waitx0_0d1ms,,,0.02,E3,,,,,,,,,4.9,True,0,,0,,ef1783170dc4d18fab0427854c03bc240c938a3a75df8db971f81ac4ea2fa6c8,"[{'signature': '8344249972260cbfd77246ae51a571e52fbc40b4109279494ce4d2cf2fd52276', 'reason': 'exact_saved_deck_proof;AC_meas_prefix_only_source_revision'}]",,ok,0.028,,23,60,0,,0.0001
,,,,True,-50,,,TI_direct_internal_ESD_switch_currents,4.019617488030112e-11,4.0196174874516116e-11,4.019617488030112e-11,2.32282773115e-05,2.3223208643693032e-05,2.3228277311503325e-05,TI_direct_internal_ESD_switch_currents,2.160803979543303e-11,2.1598006127554117e-11,2.160803979543303e-11,2.1198494721298158e-11,1.048123708855508e-05,,,,,0,True,,45.822923200030345,,-4.86760631183,,,10.1,e3_a7ad7e41932a846ce5c9,False,True,zero,,0,,,,192,4.896547121738107,,,am50_cq0_g10d1_kzero_i0_m192_pretime0d02_qe3_r4d9_x2_s0d028_t23_ron60_u0_opa4192_rx0_10k_rx2_10k_x1com_waitx2_3ms_waitx0_0d1ms,,,0.02,E3,,,,,,,,,4.9,True,0,,2,,aef64a5f4758562b2d8477cb3a7439d85d86ddbf41d3d7d965195585e1e37645,"[{'signature': '2f6ea53ac14f0c0eb3069d5c37b954102898497b17ef9bf204244b1142b881fa', 'reason': 'exact_saved_deck_proof;AC_meas_prefix_only_source_revision'}]",,ok,0.028,,23,60,0,,0.003
,,,,True,-20,,,TI_direct_internal_ESD_switch_currents,4.01896134056393e-11,4.018961338916446e-11,4.018961339591978e-11,1.94118569173e-05,1.9406826859170065e-05,1.9411856917277148e-05,TI_direct_internal_ESD_switch_currents,2.0400277622028832e-11,2.0399205619311587e-11,2.0400277622028832e-11,2.1199388509855312e-11,1.0480490484956356e-05,,,,,0,True,,44.20885709999129,-0.29370031836037397,-2.01801168639,-0.29402707384263205,,10.1,e3_2f84a544f1caf0cd8511,True,True,zero,,0,,,,192,4.896547803396504,,True,am20_cq0_g10d1_kzero_i0_m192_pretime0d02_qe3_r4d9_x2_s0d028_t23_ron60_u0_opa4192_rx0_10k_rx2_10k_x1com_waitx2_3ms_waitx0_0d1ms,,,0.02,E3,,,,,,,,,4.9,True,0,,2,0.0003267554822580787,8b586e18f8185716ef4689b53e2f2a03b9badfcc0f27b14277c2f9e4ebe71bb1,"[{'signature': 'bc00b1967110c5f6fd65db4388b03e4bff187566024ba577fa66e07f1099873a', 'reason': 'exact_saved_deck_proof;AC_meas_prefix_only_source_revision'}]",,ok,0.028,,23,60,0,,0.003
,,,,True,0,,,TI_direct_internal_ESD_switch_currents,1.9630089042710383e-11,1.9600005280486537e-11,1.9600005280529534e-11,7.3988013021e-06,2.1228996456257445e-11,7.398801302098959e-06,TI_direct_internal_ESD_switch_currents,1.9630085314169567e-11,1.960000528050716e-11,1.961679052492585e-11,2.1199425463675122e-11,1.0477255734455627e-05,,,,,0,True,,59.14421629998833,-0.3522684790053474,-3.55518786961e-05,-0.3523486480437094,,10.1,e3_34e2f4abc30018b1d1b5,True,True,zero,,0,,,,192,0.7042068386011431,,True,a0_cq0_g10d1_kzero_i0_m192_pretime0d02_qe3_r4d9_x2_s0d028_t23_ron60_u0_opa4192_rx0_10k_rx2_10k_x1com_waitx2_3ms_waitx0_0d1ms,,,0.02,E3,,,,,,,,,4.9,True,0,,2,8.016903836199907e-05,9bb9336d3c42bf7acf4ad67513d7a032e7600316160a45b746370297f0320dad,"[{'signature': 'b5d55223572a8f26a50796fd8316c1210f6359d080aed918f3df5f81bc14b3cf', 'reason': 'exact_saved_deck_proof;AC_meas_prefix_only_source_revision'}]",,ok,0.028,,23,60,0,,0.003
,,,,True,20,,,TI_direct_internal_ESD_switch_currents,1.940681653098615e-05,1.9406807989488454e-05,1.9406809774788555e-05,1.94118577757e-05,4.0189474422082684e-11,1.9411857775687063e-05,TI_direct_internal_ESD_switch_currents,1.963008524350029e-11,1.880080494197157e-11,1.8835093799412302e-11,2.1199441718603576e-11,1.0473889762838114e-05,,,,,0,True,,12.58851600001799,-0.41083651331122656,2.01794058224,-0.4106701260114424,,10.1,e3_d4f8f9fe4e3c4b9ee2ff,True,True,zero,,0,,,,192,4.896476527220655,,True,a20_cq0_g10d1_kzero_i0_m192_pretime0d02_qe3_r4d9_x2_s0d028_t23_ron60_u0_opa4192_rx0_10k_rx2_10k_x1com_waitx2_3ms_waitx0_0d1ms,,,0.02,E3,,,,,,,,,4.9,True,0,,2,-0.00016638729978413203,13b7dc9021e30a8f5a5d3579a12e4228cd36d17fecc7abc4b17d26518c81dd37,"[{'signature': 'b324ca91ae199794c87d5a79616ba6ca71b4f5d213621ecb56f88c930573a0e5', 'reason': 'exact_saved_deck_proof;AC_meas_prefix_only_source_revision'}]",,ok,0.028,,23,60,0,,0.003
,,,,True,50,,,TI_direct_internal_ESD_switch_currents,2.32231997633656e-05,2.322319619855255e-05,2.322319792110434e-05,2.3228278171e-05,4.0196035900258484e-11,2.3228278171036365e-05,TI_direct_internal_ESD_switch_currents,1.963008203978975e-11,1.7602004434168272e-11,1.7664360171840872e-11,2.161849640983182e-11,1.0462990091654424e-05,,,,,0,True,,44.566006599983666,,4.87776404196,,,10.1,e3_6780b8a495e2c9f350b4,False,True,zero,,0,,,,192,4.896479517809896,,,a50_cq0_g10d1_kzero_i0_m192_pretime0d02_qe3_r4d9_x2_s0d028_t23_ron60_u0_opa4192_rx0_10k_rx2_10k_x1com_waitx2_3ms_waitx0_0d1ms,,,0.02,E3,,,,,,,,,4.9,True,0,,2,,96da4bbf197d983428f9c98afe17b409bcdb6efe6e3a61a3c38f9420e2b23d13,"[{'signature': '98dfc92d7cb5ee1e825c1b8c736b4fd69bc0a51aa1d69b82a9bae633abb4d005', 'reason': 'exact_saved_deck_proof;AC_meas_prefix_only_source_revision'}]",,ok,0.028,,23,60,0,,0.003
,,,,True,-50,,,TI_direct_internal_ESD_switch_currents,4.019617488030112e-11,4.019617487395826e-11,4.019617488030112e-11,2.32282773115e-05,2.3223208643693032e-05,2.3228277311503325e-05,TI_direct_internal_ESD_switch_currents,2.1616656371182088e-11,2.1598006127997657e-11,2.1616656371182088e-11,2.1198494721298158e-11,1.048123708855508e-05,,,,,5e-12,True,,45.64759939996293,,-4.86760631117,,,10.1,e3_c16d67dc0e6f766f5fb1,False,True,zero,,0,,,,192,4.896547121738107,,,am50_cq5em12_g10d1_kzero_i0_m192_pretime0d02_qe3_r4d9_x2_s0d028_t23_ron60_u0_opa4192_rx0_10k_rx2_10k_x1com_waitx2_3ms_waitx0_0d1ms,,,0.02,E3,,,,,,,,,4.9,True,0,,2,,e27eb6384e4b8f3416dd00a625e34553ca7aa4d7e38850a845a2297712229c49,"[{'signature': '5e1f3ed5549cfdf3a189af4063c7205d1ae5351b456ad9b0b29df52a7236cadc', 'reason': 'exact_saved_deck_proof;AC_meas_prefix_only_source_revision'}]",,ok,0.028,,23,60,0,,0.003
,,,,True,-20,,,TI_direct_internal_ESD_switch_currents,4.01896134056393e-11,4.018961339077135e-11,4.018961339591978e-11,1.94118569173e-05,1.9406826859170065e-05,1.9411856917277148e-05,TI_direct_internal_ESD_switch_currents,2.0403302160953943e-11,2.039920561930627e-11,2.0403302160953943e-11,2.1199388509855312e-11,1.0480490484956356e-05,,,,,5e-12,True,,51.29904469999019,-0.2937003162873524,-2.01801168628,-0.29402709819073314,,10.1,e3_af6dbeb02ed6bd3d238e,True,True,zero,,0,,,,192,4.896547803396504,,True,am20_cq5em12_g10d1_kzero_i0_m192_pretime0d02_qe3_r4d9_x2_s0d028_t23_ron60_u0_opa4192_rx0_10k_rx2_10k_x1com_waitx2_3ms_waitx0_0d1ms,,,0.02,E3,,,,,,,,,4.9,True,0,,2,0.0003267819033807573,f0c4188930cb9f4333d6eb5437670f5f33dfc44ba896fde9ff1a0724b6b1b1e6,"[{'signature': 'b8be1e622ca29394ff84e79fef1bb1de2313e6f53d25f1cff9ce94259c974144', 'reason': 'exact_saved_deck_proof;AC_meas_prefix_only_source_revision'}]",,ok,0.028,,23,60,0,,0.003
,,,,True,0,,,TI_direct_internal_ESD_switch_currents,1.9630089042710383e-11,1.9600005280486714e-11,1.960000528053132e-11,7.3988013021e-06,2.1228996456257445e-11,7.398801302098959e-06,TI_direct_internal_ESD_switch_currents,1.9645850528775468e-11,1.9600005280507323e-11,1.9645850528775468e-11,2.1199425463675122e-11,1.0477255734455627e-05,,,,,5e-12,True,,55.153095500019845,-0.3522684788246718,-3.55518511229e-05,-0.35234865998943676,,10.1,e3_7d5c4a16d41b6f010368,True,True,zero,,0,,,,192,0.7042068386011431,,True,a0_cq5em12_g10d1_kzero_i0_m192_pretime0d02_qe3_r4d9_x2_s0d028_t23_ron60_u0_opa4192_rx0_10k_rx2_10k_x1com_waitx2_3ms_waitx0_0d1ms,,,0.02,E3,,,,,,,,,4.9,True,0,,2,8.018116476493642e-05,cb75eb38a8bd35c4d0f8451b1bfe07f3710e9e7a1db518f5532f7ca3870170d4,"[{'signature': 'f5a033e195ce6217dac58f24acd9a0a26eb899fdafa66d44a7a8f5bcb8c38a73', 'reason': 'exact_saved_deck_proof;AC_meas_prefix_only_source_revision'}]",,ok,0.028,,23,60,0,,0.003
,,,,True,20,,,TI_direct_internal_ESD_switch_currents,1.940681653098615e-05,1.940680860159821e-05,1.9406809774788555e-05,1.94118577757e-05,4.0189474422082684e-11,1.9411857775687063e-05,TI_direct_internal_ESD_switch_currents,1.963008524350029e-11,1.880080494197158e-11,1.8863870655345244e-11,2.1199441718603576e-11,1.0473889762838114e-05,,,,,5e-12,True,,50.16741539997747,-0.41083651266863386,2.01794058414,-0.41067002917360435,,10.1,e3_bd75787902c06991cfd6,True,True,zero,,0,,,,192,4.896476527220655,,True,a20_cq5em12_g10d1_kzero_i0_m192_pretime0d02_qe3_r4d9_x2_s0d028_t23_ron60_u0_opa4192_rx0_10k_rx2_10k_x1com_waitx2_3ms_waitx0_0d1ms,,,0.02,E3,,,,,,,,,4.9,True,0,,2,-0.00016648349502951243,9b770ccf7eab0bc3e4bc52af693eec08ff12f8b3a4a90131cd31c48d1afee38f,"[{'signature': 'f601510a2ddaf66158742b3003d2c8502ee72d56fc35a92dbb3e73e6be70f851', 'reason': 'exact_saved_deck_proof;AC_meas_prefix_only_source_revision'}]",,ok,0.028,,23,60,0,,0.003
,,,,True,50,,,TI_direct_internal_ESD_switch_currents,2.32231997633656e-05,2.322319601582827e-05,2.3223198069471768e-05,2.3228278171e-05,4.0196035900258484e-11,2.3228278171036365e-05,TI_direct_internal_ESD_switch_currents,1.963008203978975e-11,1.7602004434884723e-11,1.770064737060985e-11,2.1630486491146615e-11,1.0462990091654424e-05,,,,,5e-12,True,,46.17379139998229,,4.87776404188,,,10.1,e3_9973f354334752f1d155,False,True,zero,,0,,,,192,4.896479517809896,,,a50_cq5em12_g10d1_kzero_i0_m192_pretime0d02_qe3_r4d9_x2_s0d028_t23_ron60_u0_opa4192_rx0_10k_rx2_10k_x1com_waitx2_3ms_waitx0_0d1ms,,,0.02,E3,,,,,,,,,4.9,True,0,,2,,ffc36ea659db8417bce47842850c896c37368f5b4cdc0e7b7fe8655bbb4d1123,"[{'signature': 'b3a8a3f01c440299581245706a1f4bc521172e779ae55346938156c032fde46b', 'reason': 'exact_saved_deck_proof;AC_meas_prefix_only_source_revision'}]",,ok,0.028,,23,60,0,,0.003
,,,,True,-50,,,TI_direct_internal_ESD_switch_currents,4.019617488030108e-11,4.0196174874025436e-11,4.019617488030108e-11,2.32282774056e-05,2.3223209901216845e-05,2.322827740559516e-05,TI_direct_internal_ESD_switch_currents,2.1617194090470053e-11,2.1598006127697362e-11,2.1617194090470053e-11,2.1199764542227947e-11,1.044483004637594e-05,,,,,0,True,,43.87746839999454,-0.03182815053656085,-0.499503680887,-0.03184325696774515,,1,e3_9f676da0b79979fe9376,True,True,zero,,0,,,,192,4.896613496293606,,True,am50_cq0_g1_kzero_i0_m192_pretime0d02_qe3_r4d9_x2_s0d028_t23_ron60_u0_opa4192_rx0_10k_rx2_10k_x1com_waitx2_3ms_waitx0_0d1ms,,,0.02,E3,,,,,,,,,4.9,True,0,,2,1.5106431184297442e-05,b28f1bdb36f1f176ebd5184de39415f16392bca9296b7ade093e840cde306bd0,"[{'signature': '85ce07c5cf12d55ba1ee30ff44e3ff8f8ec4145a44992e118261240263572bb6', 'reason': 'exact_saved_deck_proof;AC_meas_prefix_only_source_revision'}]",,ok,0.028,,23,60,0,,0.003
,,,,True,-20,,,TI_direct_internal_ESD_switch_currents,4.0189613395919714e-11,4.018961338916458e-11,4.0189613395919714e-11,1.94118562316e-05,1.9406819672215803e-05,1.9411856231605468e-05,TI_direct_internal_ESD_switch_currents,2.0431153090116553e-11,2.039920561910894e-11,2.0431153090116553e-11,2.1199743299751056e-11,1.0439778961030576e-05,,,,,0,True,,51.448448100010864,-0.034030327671109306,-0.199803600556,-0.03404117564443393,,1,e3_c22b868b28eb98ab62f2,True,True,zero,,0,,,,192,4.896567135595352,,True,am20_cq0_g1_kzero_i0_m192_pretime0d02_qe3_r4d9_x2_s0d028_t23_ron60_u0_opa4192_rx0_10k_rx2_10k_x1com_waitx2_3ms_waitx0_0d1ms,,,0.02,E3,,,,,,,,,4.9,True,0,,2,1.0847973324623617e-05,2d0653bd93b28b7c7d8c6fd3bea98723399bb7b8520373518489609238d91ee2,"[{'signature': '63a9cc4d00953c1d226d81ffc33de7f306522fc539ca6888c98387bc5be7b3f4', 'reason': 'exact_saved_deck_proof;AC_meas_prefix_only_source_revision'}]",,ok,0.028,,23,60,0,,0.003
,,,,True,0,,,TI_direct_internal_ESD_switch_currents,1.9629958937664745e-11,1.9600005280486533e-11,1.9600005280532384e-11,7.54956460723e-06,2.122467105733676e-11,7.5495646072300115e-06,TI_direct_internal_ESD_switch_currents,1.9654182532045635e-11,1.960000528050714e-11,1.9654182532045635e-11,2.1199887391105335e-11,1.0436971313462785e-05,,,,,0,True,,55.776729200035334,-0.035491677891470244,-3.54644449725e-06,-0.03549969386396833,,1,e3_a62b3483527b4002819c,True,True,zero,,0,,,,192,0.7024761162684745,,True,a0_cq0_g1_kzero_i0_m192_pretime0d02_qe3_r4d9_x2_s0d028_t23_ron60_u0_opa4192_rx0_10k_rx2_10k_x1com_waitx2_3ms_waitx0_0d1ms,,,0.02,E3,,,,,,,,,4.9,True,0,,2,8.015972498089108e-06,35548a64a957162ae9b67d7e622561d80f33300cef553a68c9b4ed912f32bd8c,"[{'signature': 'e55e2bf4babda0c4885c15edeb3ab3f4114aea897204c887eb51c72927a9f2b8', 'reason': 'exact_saved_deck_proof;AC_meas_prefix_only_source_revision'}]",,ok,0.028,,23,60,0,,0.003
,,,,True,20,,,TI_direct_internal_ESD_switch_currents,1.940681255455705e-05,1.9406808421442514e-05,1.940680977483225e-05,1.94118574323e-05,4.0189474417420145e-11,1.94118574322657e-05,TI_direct_internal_ESD_switch_currents,1.9629956736995755e-11,1.8800804941971537e-11,1.8863875727282376e-11,2.119997865549096e-11,1.0433977966800596e-05,,,,,0,True,,47.30609359999653,-0.03695301554067221,0.199796507708,-0.036958197829856654,,1,e3_26c70cee67777dca6d62,True,True,zero,,0,,,,192,4.896487011614648,,True,a20_cq0_g1_kzero_i0_m192_pretime0d02_qe3_r4d9_x2_s0d028_t23_ron60_u0_opa4192_rx0_10k_rx2_10k_x1com_waitx2_3ms_waitx0_0d1ms,,,0.02,E3,,,,,,,,,4.9,True,0,,2,5.182289184446631e-06,c00e39a25b34464fbc67362e89b450ecb98d84a797204ca06fbd5b5f9c869ce4,"[{'signature': 'd3ca463e62f87c5ec3f82a869f5ad063c1e45c61186af15050cd7304a72366ec', 'reason': 'exact_saved_deck_proof;AC_meas_prefix_only_source_revision'}]",,ok,0.028,,23,60,0,,0.003
,,,,True,50,,,TI_direct_internal_ESD_switch_currents,2.3223198123115598e-05,2.3223196679951325e-05,2.3223197904030435e-05,2.32282780526e-05,4.01960359002585e-11,2.322827805263314e-05,TI_direct_internal_ESD_switch_currents,1.962995551358028e-11,1.76020044341681e-11,1.766614633539879e-11,2.1621043538034136e-11,1.0428616648234995e-05,,,,,0,True,,56.6402024999843,-0.03915528269793689,0.499496588475,-0.03915618532613463,,1,e3_8959925252f8fc3b027f,True,True,zero,,0,,,,192,4.8964868479487835,,True,a50_cq0_g1_kzero_i0_m192_pretime0d02_qe3_r4d9_x2_s0d028_t23_ron60_u0_opa4192_rx0_10k_rx2_10k_x1com_waitx2_3ms_waitx0_0d1ms,,,0.02,E3,,,,,,,,,4.9,True,0,,2,9.026281977408956e-07,d9e94c067b90351d50bfd328df43decf0d6457c543224cfa317ddfd2134ef776,"[{'signature': '4dd3788d3d9457b7585e16f3c9f1e222d26262f4ab651ec6ae278c48648cfc07', 'reason': 'exact_saved_deck_proof;AC_meas_prefix_only_source_revision'}]",,ok,0.028,,23,60,0,,0.003
,,,,True,-50,,,TI_direct_internal_ESD_switch_currents,4.019617488030108e-11,4.019617487395826e-11,4.019617488030108e-11,2.32282774056e-05,2.3223209901216845e-05,2.322827740559516e-05,TI_direct_internal_ESD_switch_currents,2.1617086782758477e-11,2.1598006126856814e-11,2.1617086782758477e-11,2.1199764542227947e-11,1.044483004637594e-05,,,,,5e-12,True,,46.82271799998125,-0.031828150539339184,-0.499503680631,-0.03184324151132234,,1,e3_9a69dd93f7fdbf06a349,True,True,zero,,0,,,,192,4.896613496293606,,True,am50_cq5em12_g1_kzero_i0_m192_pretime0d02_qe3_r4d9_x2_s0d028_t23_ron60_u0_opa4192_rx0_10k_rx2_10k_x1com_waitx2_3ms_waitx0_0d1ms,,,0.02,E3,,,,,,,,,4.9,True,0,,2,1.509097198315601e-05,4def9d71657683384d0528954e758d958f0ad9aaad8b29b2086a023a047e49f9,"[{'signature': '3651714da351d85aaf798783641bb21c961a2e54a74a358da2746e646ee7f337', 'reason': 'exact_saved_deck_proof;AC_meas_prefix_only_source_revision'}]",,ok,0.028,,23,60,0,,0.003
,,,,True,-20,,,TI_direct_internal_ESD_switch_currents,4.0189613395919714e-11,4.0189613390442376e-11,4.0189613395919714e-11,1.94118562241e-05,1.9406819672215803e-05,1.9411856224060505e-05,TI_direct_internal_ESD_switch_currents,2.0402525481222537e-11,2.0399205619509716e-11,2.0402525481222537e-11,2.1199743299751056e-11,1.0439778961030576e-05,,,,,5e-12,True,,46.05592670000624,-0.03403032768222264,-0.199803600642,-0.03404118108107618,,1,e3_db77c60299588cb5534d,True,True,zero,,0,,,,192,4.896567135595352,,True,am20_cq5em12_g1_kzero_i0_m192_pretime0d02_qe3_r4d9_x2_s0d028_t23_ron60_u0_opa4192_rx0_10k_rx2_10k_x1com_waitx2_3ms_waitx0_0d1ms,,,0.02,E3,,,,,,,,,4.9,True,0,,2,1.0853398853538643e-05,c5369951fd2d1b3223942ffdae547fb37c1bef4f393fdafc1353da508299f9d5,"[{'signature': '3cbc2d9a793cca327b73d2dc5374a24977893805faba93c5d6ccbe308a6937d1', 'reason': 'exact_saved_deck_proof;AC_meas_prefix_only_source_revision'}]",,ok,0.028,,23,60,0,,0.003
,,,,True,0,,,TI_direct_internal_ESD_switch_currents,1.9629958937664745e-11,1.9600005280486537e-11,1.9600005280530904e-11,7.54956460723e-06,2.122467105733676e-11,7.5495646072300115e-06,TI_direct_internal_ESD_switch_currents,1.9629956208065452e-11,1.9600005280507142e-11,1.9622804194030834e-11,2.1199887391105335e-11,1.0436971313462785e-05,,,,,5e-12,True,,53.464191899984144,-0.03549167796073733,-3.54645681745e-06,-0.03549969531253519,,1,e3_01688a7583c8d1fea780,True,True,zero,,0,,,,192,0.7024761162684745,,True,a0_cq5em12_g1_kzero_i0_m192_pretime0d02_qe3_r4d9_x2_s0d028_t23_ron60_u0_opa4192_rx0_10k_rx2_10k_x1com_waitx2_3ms_waitx0_0d1ms,,,0.02,E3,,,,,,,,,4.9,True,0,,2,8.017351797860728e-06,1de28dc5a2ae17e74cd2a6518bd2209b898bf3029ea5de85da53494719a26d5e,"[{'signature': '104a8c3155bac20ad2fb25b4110cf4c23bb0db1b707ec474b84300c35fa766c5', 'reason': 'exact_saved_deck_proof;AC_meas_prefix_only_source_revision'}]",,ok,0.028,,23,60,0,,0.003
,,,,True,20,,,TI_direct_internal_ESD_switch_currents,1.940681255455705e-05,1.9406809315113397e-05,1.940680977483225e-05,1.94118574323e-05,4.0189474417420145e-11,1.94118574322657e-05,TI_direct_internal_ESD_switch_currents,1.9629956736995755e-11,1.8800804941971582e-11,1.883504034060769e-11,2.119997865549096e-11,1.0433977966800596e-05,,,,,5e-12,True,,46.520569399988744,-0.03695301570765003,0.199796507855,-0.03695819060230088,,1,e3_f9366f6323a460a72118,True,True,zero,,0,,,,192,4.896487011614648,,True,a20_cq5em12_g1_kzero_i0_m192_pretime0d02_qe3_r4d9_x2_s0d028_t23_ron60_u0_opa4192_rx0_10k_rx2_10k_x1com_waitx2_3ms_waitx0_0d1ms,,,0.02,E3,,,,,,,,,4.9,True,0,,2,5.1748946508500815e-06,b919c141fb6bcac7f0ddb1e8ca3c661bd0960a33673efa6bb6481760f687d9f4,"[{'signature': '505f53556ae54bf4a2ab3bd833cf59fdd07d6629b6a6bb4d9e34389e87068afe', 'reason': 'exact_saved_deck_proof;AC_meas_prefix_only_source_revision'}]",,ok,0.028,,23,60,0,,0.003
,,,,True,50,,,TI_direct_internal_ESD_switch_currents,2.3223198123115598e-05,2.3223196015826754e-05,2.3223197904030435e-05,2.32282780526e-05,4.01960359002585e-11,2.322827805263314e-05,TI_direct_internal_ESD_switch_currents,1.962995551358028e-11,1.760200443428382e-11,1.7664239596701364e-11,2.1619959561702308e-11,1.0428616648234995e-05,,,,,5e-12,True,,48.64557440002682,-0.039155282882973874,0.499496587747,-0.03915622155115317,,1,e3_10a71ff8bcf6bdc3681f,True,True,zero,,0,,,,192,4.8964868479487835,,True,a50_cq5em12_g1_kzero_i0_m192_pretime0d02_qe3_r4d9_x2_s0d028_t23_ron60_u0_opa4192_rx0_10k_rx2_10k_x1com_waitx2_3ms_waitx0_0d1ms,,,0.02,E3,,,,,,,,,4.9,True,0,,2,9.386681792955542e-07,080dcd13608317cc68d26ece8c6b2b9e88a1d30ecd26533936cfd6d3895ec2d8,"[{'signature': '598cd4016b9c228799db8f7975e7db1d8326021870b423b4efe484f37b90529f', 'reason': 'exact_saved_deck_proof;AC_meas_prefix_only_source_revision'}]",,ok,0.028,,23,60,0,,0.003
,,,,,0.1,,,,,,,,,,,,,,,,,,,,,,8967888.79972,1.0548977000289597,,,,,1,e5_2057035ed11d35dc7117,,,loop,,0,,,,192,,,,a0d1_g1_kloop_i0_m192_qe5_r4d9_x0_s0d006_t23_ron60_u0_opa4192_rx0_10k_rx2_10k_x1com_waitx2_3ms_waitx0_0d1ms,49.03201915702113,48.32823043015807,,E5,,,,,,,,,4.9,True,0,,0,,15dbe5a15ccc4688ec8a0f208177d03c27e63d133c97ab1967f0aa0baf3ccaa1,"[{'signature': '4253678b58650f2034e08a7e9b2a077617ef7102669e6f69994bb7117c281990', 'reason': 'exact_saved_deck_proof;AC_meas_prefix_only_source_revision'}]",,ok,0.006,,23,60,0,8968923.449353162,
,,,,,0.1,,,,,,,,,,,,,,,,,,,,,,8151946.25629,1.0238824000116438,,,,,1,e5_2e54e1c05cf50543c809,,,loop,,0,,,,192,,,,a0d1_g1_kloop_i0_m192_qe5_r4d9_x0_s0d006_t23_ron400_u0_opa4192_rx0_10k_rx2_10k_x1com_waitx2_3ms_waitx0_0d1ms,43.61172479380435,42.46478097449497,,E5,,,,,,,,,4.9,True,0,,0,,0703687d3ef90d7dc3652bbd5a9f942d5ea8d6c8a04b9a8fe0fd500aaa286417,"[{'signature': '8b9422e9996b334530c5245493f3ad739d55ef8afdcc3696409f77a7bf2c0178', 'reason': 'exact_saved_deck_proof;AC_meas_prefix_only_source_revision'}]",,ok,0.006,,23,400,0,8152905.306467246,
,,,,,0.1,,,,,,,,,,,,,,,,,,,,,,707362.751785,1.0223417999804951,,,,,10.1,e5_afac1f0414e497531cee,,,loop,,0,,,,192,,,,a0d1_g10d1_kloop_i0_m192_qe5_r4d9_x0_s0d006_t23_ron60_u0_opa4192_rx0_10k_rx2_10k_x1com_waitx2_3ms_waitx0_0d1ms,64.52980716474455,64.50906099738694,,E5,,,,,,,,,4.9,True,0,,0,,fec3b5716528d509f33cea0603c9f5cf0bdb59e0b4710c246ce6f8b362b48418,"[{'signature': '28ce0a88a84ce199ea0581e64a0ea69e20deaf52fdf5f04cddcf07b21b899afb', 'reason': 'exact_saved_deck_proof;AC_meas_prefix_only_source_revision'}]",,ok,0.006,,23,60,0,707365.8588440778,
,,,,,0.1,,,,,,,,,,,,,,,,,,,,,,702297.918815,1.0056195000070147,,,,,10.1,e5_42164e5a8a8979eea060,,,loop,,0,,,,192,,,,a0d1_g10d1_kloop_i0_m192_qe5_r4d9_x0_s0d006_t23_ron400_u0_opa4192_rx0_10k_rx2_10k_x1com_waitx2_3ms_waitx0_0d1ms,64.14771561249496,63.93809934038438,,E5,,,,,,,,,4.9,True,0,,0,,0e96c33e4e65fe17d7ce44c40e501bc7f49b6f26ac55a4d524d63681ef535b88,"[{'signature': '3e0aa0bcf0f1d9b119de5bb0cd38e5b3a7f60e45fee90c7505f24ae7bd1a45ae', 'reason': 'exact_saved_deck_proof;AC_meas_prefix_only_source_revision'}]",,ok,0.006,,23,400,0,702318.6488774802,
,,,,,-4000,"{'q': 'T2', 'borne': 'vo', 'mode': 'v', 'relay': 0, 'power': 1, 'body': 0, 'rail': 0.98, 'source': 0, 'tap': 0, 'phase': 0, 'grid': 0.5, 'arc': 1, 'idss': 0.007, 'vp': 1.6, 'ron': 700, 'temp': 25, 'stimulus': 'esd', 'amplitude': -4000, 'frequency': 60, 'stop': 5e-05, 'step': 1e-09, 'remove': 10.0, 'load': 0, 'zbv': 5.6, 'macro': 'reduced', 'rx0': 100, 'rx2': 1e-06, 'gdc': 420}",,reduced_PINOPA_direct_diode_conduction_Vf0.5_Ron1_assumed,8.303112008745307e-05,8.303112008745307e-05,,,,0.0005213412058246886,reduced_PINOPA_direct_diode_conduction_Vf0.5_Ron1_assumed,9.755807550088598e-12,9.755807550088598e-12,,,9.296924586539584e-05,146.494606831,146.494606831,146.494606831,gdtmov,,,,12.820157099980861,,,,,1,e8_b19988880df4a7e557f5,,True,protection,,0,,,,reduced,,,,am4000_chaingdtmov_g1_kprotection_i0_mreduced_qe8_r4d802_x0_s5em05_tau1em09_t25_ron60_u40_t2_vo_v_rel0_rs2700_rx10000_none_10000_p1_b0_r0d98_i0_tap0_ph0_gdc420_gimp1000_esd_am4000_t5em05_off10d0_reduced_opa4192_rx0_10k_rx2_10k_x1com_waitx2_3ms_waitx0_0d1ms,,,,E8,4.87810998497,278.474116648,278.474116648,278.474116648,278.474116648,278.474116648,278.474116648,44.441123435,4.8020000000000005,True,0,,0,,2d78a0d35cc24f1c53774fd97b4fff626b49020c61a973a7471ae563ebedeff7,"[{'signature': '7623e362dd0b05c0060a3341f445f9bff405326502c69e610f558b01f52da5b1', 'reason': 'exact_saved_deck_proof;AC_meas_prefix_only_source_revision'}]",,ok,5e-05,1e-09,25,60,40,,
,,,,,-4000,"{'q': 'T2', 'borne': 'vo', 'mode': 'v', 'relay': 0, 'power': 1, 'body': 0, 'rail': 0.98, 'source': 0, 'tap': 0, 'phase': 0, 'grid': 0.5, 'arc': 1, 'idss': 0.007, 'vp': 1.6, 'ron': 700, 'temp': 25, 'stimulus': 'esd', 'amplitude': -4000, 'frequency': 60, 'stop': 5e-05, 'step': 1e-09, 'remove': 10.0, 'load': 0, 'zbv': 5.6, 'macro': 'reduced', 'rx0': 100, 'rx2': 1e-06, 'gdc': 420}",,reduced_PINOPA_direct_diode_conduction_Vf0.5_Ron1_assumed,7.716769317634425e-05,7.716769317634425e-05,,,,0.0005281484424970083,reduced_PINOPA_direct_diode_conduction_Vf0.5_Ron1_assumed,9.628083696674972e-12,9.628083696674972e-12,,,9.43106759549702e-05,144.621685749,144.621685749,144.621685749,gdtmov,,,,31.817110900010448,,,,,1,e8_b4491358970b5a692233,,True,protection,,0,,,,reduced,,,,am4000_chaingdtmov_g1_kprotection_i0_mreduced_qe8_r4d802_x0_s5em05_tau1em07_t25_ron60_u40_t2_vo_v_rel0_rs2700_rx10000_none_10000_p1_b0_r0d98_i0_tap0_ph0_gdc420_gimp1000_esd_am4000_t5em05_off10d0_reduced_opa4192_rx0_10k_rx2_10k_x1com_waitx2_3ms_waitx0_0d1ms,,,,E8,4.8157803296,410.986935929,410.986935929,410.986935929,410.986935929,410.986935929,410.986935929,43.8729494826,4.8020000000000005,True,0,,0,,2f53f864bc9ba54295ea3ae26ce22d96bb49a65ba18ad21fee22c2d0c58d1e59,"[{'signature': 'e15dede3533b8fdbaaade4ae0ca0aedd778e73c571b0ab7319da6f12a57e53b7', 'reason': 'exact_saved_deck_proof;AC_meas_prefix_only_source_revision'}]",,ok,5e-05,1e-07,25,60,40,,
,,,,,-4000,"{'q': 'T2', 'borne': 'vo', 'mode': 'v', 'relay': 0, 'power': 1, 'body': 0, 'rail': 0.98, 'source': 0, 'tap': 0, 'phase': 0, 'grid': 0.5, 'arc': 1, 'idss': 0.007, 'vp': 1.6, 'ron': 700, 'temp': 25, 'stimulus': 'esd', 'amplitude': -4000, 'frequency': 60, 'stop': 5e-05, 'step': 1e-09, 'remove': 10.0, 'load': 0, 'zbv': 5.6, 'macro': 'reduced', 'rx0': 100, 'rx2': 1e-06, 'gdc': 780}",,reduced_PINOPA_direct_diode_conduction_Vf0.5_Ron1_assumed,8.303110479125473e-05,8.303110479125473e-05,,,,0.0005213412058833988,reduced_PINOPA_direct_diode_conduction_Vf0.5_Ron1_assumed,9.75580753787514e-12,9.75580753787514e-12,,,9.296924586474665e-05,146.494606647,146.494606647,146.494606647,gdtmov,,,,30.038076099997852,,,,,1,e8_b047b448384dd309ce77,,True,protection,,0,,,,reduced,,,,am4000_chaingdtmov_g1_kprotection_i0_mreduced_qe8_r4d802_x0_s5em05_tau1em09_t25_ron60_u41_t2_vo_v_rel0_rs2700_rx10000_none_10000_p1_b0_r0d98_i0_tap0_ph0_gdc780_gimp1000_esd_am4000_t5em05_off10d0_reduced_opa4192_rx0_10k_rx2_10k_x1com_waitx2_3ms_waitx0_0d1ms,,,,E8,4.87810997883,278.474128019,278.474128019,278.474128019,278.474128019,278.474128019,278.474128019,44.4411233792,4.8020000000000005,True,0,,0,,5c69e75f6f9af8bca824d26f3234675e86f34d7fc753e6fe6fda3a781e0fa852,"[{'signature': '7d5106d6c9788dd05376222bb35fda90f8f5fb5dc1d57c4348dd634295908763', 'reason': 'exact_saved_deck_proof;AC_meas_prefix_only_source_revision'}]",,ok,5e-05,1e-09,25,60,41,,
,,,,,-4000,"{'q': 'T2', 'borne': 'vo', 'mode': 'v', 'relay': 0, 'power': 1, 'body': 0, 'rail': 0.98, 'source': 0, 'tap': 0, 'phase': 0, 'grid': 0.5, 'arc': 1, 'idss': 0.007, 'vp': 1.6, 'ron': 700, 'temp': 25, 'stimulus': 'esd', 'amplitude': -4000, 'frequency': 60, 'stop': 5e-05, 'step': 1e-09, 'remove': 10.0, 'load': 0, 'zbv': 5.6, 'macro': 'reduced', 'rx0': 100, 'rx2': 1e-06, 'gdc': 780}",,reduced_PINOPA_direct_diode_conduction_Vf0.5_Ron1_assumed,7.716769317674237e-05,7.716769317674237e-05,,,,0.0005281484424970083,reduced_PINOPA_direct_diode_conduction_Vf0.5_Ron1_assumed,9.628083691284808e-12,9.628083691284808e-12,,,9.431067595497016e-05,144.621685682,144.621685682,144.621685682,gdtmov,,,,24.984567800012883,,,,,1,e8_0b18b3df5fe532c69799,,True,protection,,0,,,,reduced,,,,am4000_chaingdtmov_g1_kprotection_i0_mreduced_qe8_r4d802_x0_s5em05_tau1em07_t25_ron60_u41_t2_vo_v_rel0_rs2700_rx10000_none_10000_p1_b0_r0d98_i0_tap0_ph0_gdc780_gimp1000_esd_am4000_t5em05_off10d0_reduced_opa4192_rx0_10k_rx2_10k_x1com_waitx2_3ms_waitx0_0d1ms,,,,E8,4.81578032656,410.986935929,410.986935929,410.986935929,410.986935929,410.986935929,410.986935929,43.8729494622,4.8020000000000005,True,0,,0,,22df1292ccb880da95834bd7e962db5775c04492b58e1586f181cbe8c0cede62,"[{'signature': 'fc00a723fb00bb598ae16657f2e0bcee9bc32e79cf436bbf7790920f5ce87588', 'reason': 'exact_saved_deck_proof;AC_meas_prefix_only_source_revision'}]",,ok,5e-05,1e-07,25,60,41,,
,,,,,-4000,"{'q': 'T2', 'borne': 'vo', 'mode': 'v', 'relay': 0, 'power': 0, 'body': 0, 'rail': 0.98, 'source': 0, 'tap': 0, 'phase': 0, 'grid': 0.5, 'arc': 1, 'idss': 0.007, 'vp': 1.6, 'ron': 700, 'temp': 25, 'stimulus': 'esd', 'amplitude': -4000, 'frequency': 60, 'stop': 5e-05, 'step': 1e-09, 'remove': 10.0, 'load': 0, 'zbv': 5.6, 'macro': 'reduced', 'rx0': 100, 'rx2': 1e-06, 'gdc': 420}",,reduced_PINOPA_direct_diode_conduction_Vf0.5_Ron1_assumed,3.453674474637694e-05,3.453674474637694e-05,,,,5.402425553749577e-05,reduced_PINOPA_direct_diode_conduction_Vf0.5_Ron1_assumed,0.0004271734953264511,0.0004271734953264511,,,0.00042721224882215884,146.505378838,146.505378838,146.505378838,gdtmov,,,,42.012978599988855,,,,,1,e8_4977fe1dc4aaadfa6136,,True,protection,,0,,,,reduced,,,,am4000_chaingdtmov_g1_kprotection_i0_mreduced_qe8_r4d802_x0_s5em05_tau1em09_t25_ron60_u42_t2_vo_v_rel0_rs2700_rx10000_none_10000_p0_b0_r0d98_i0_tap0_ph0_gdc420_gimp1000_esd_am4000_t5em05_off10d0_reduced_opa4192_rx0_10k_rx2_10k_x1com_waitx2_3ms_waitx0_0d1ms,,,,E8,4.77794122342,278.111565845,278.111565845,278.111565845,278.111565845,278.111565845,278.111565845,44.4443912867,4.8020000000000005,True,0,,0,,6e4c7093f0aa791e3fa6f5a187f3d64b210379f16917aaf46d83fbee523d7b1a,"[{'signature': 'a33fee034b6345ea5f10437d38530f795ef76383d1abcee39d5b5cdfa5d46a92', 'reason': 'exact_saved_deck_proof;AC_meas_prefix_only_source_revision'}]",,ok,5e-05,1e-09,25,60,42,,
,,,,,-4000,"{'q': 'T2', 'borne': 'vo', 'mode': 'v', 'relay': 0, 'power': 0, 'body': 0, 'rail': 0.98, 'source': 0, 'tap': 0, 'phase': 0, 'grid': 0.5, 'arc': 1, 'idss': 0.007, 'vp': 1.6, 'ron': 700, 'temp': 25, 'stimulus': 'esd', 'amplitude': -4000, 'frequency': 60, 'stop': 5e-05, 'step': 1e-09, 'remove': 10.0, 'load': 0, 'zbv': 5.6, 'macro': 'reduced', 'rx0': 100, 'rx2': 1e-06, 'gdc': 420}",,reduced_PINOPA_direct_diode_conduction_Vf0.5_Ron1_assumed,3.4359192764764967e-05,3.4359192764764967e-05,,,,5.574914763337672e-05,reduced_PINOPA_direct_diode_conduction_Vf0.5_Ron1_assumed,0.000422724438839113,0.000422724438839113,,,0.0004227626547444509,144.617265532,144.617265532,144.617265532,gdtmov,,,,41.1967580000055,,,,,1,e8_002470c0af10baef274a,,True,protection,,0,,,,reduced,,,,am4000_chaingdtmov_g1_kprotection_i0_mreduced_qe8_r4d802_x0_s5em05_tau1em07_t25_ron60_u42_t2_vo_v_rel0_rs2700_rx10000_none_10000_p0_b0_r0d98_i0_tap0_ph0_gdc420_gimp1000_esd_am4000_t5em05_off10d0_reduced_opa4192_rx0_10k_rx2_10k_x1com_waitx2_3ms_waitx0_0d1ms,,,,E8,4.73284700392,410.666834944,410.666834944,410.666834944,410.666834944,410.666834944,410.666834944,43.8716085583,4.8020000000000005,True,0,,0,,922de4aebb4d52de11202b3bdf8483b0ce08a9259984d394073d125456a600c8,"[{'signature': 'eaad8b02bad805831eac32b0026cdb0ac3c3655b850328b208836b227a0c5aa8', 'reason': 'exact_saved_deck_proof;AC_meas_prefix_only_source_revision'}]",,ok,5e-05,1e-07,25,60,42,,
,,,,,-4000,"{'q': 'T2', 'borne': 'vo', 'mode': 'v', 'relay': 0, 'power': 0, 'body': 0, 'rail': 0.98, 'source': 0, 'tap': 0, 'phase': 0, 'grid': 0.5, 'arc': 1, 'idss': 0.007, 'vp': 1.6, 'ron': 700, 'temp': 25, 'stimulus': 'esd', 'amplitude': -4000, 'frequency': 60, 'stop': 5e-05, 'step': 1e-09, 'remove': 10.0, 'load': 0, 'zbv': 5.6, 'macro': 'reduced', 'rx0': 100, 'rx2': 1e-06, 'gdc': 780}",,reduced_PINOPA_direct_diode_conduction_Vf0.5_Ron1_assumed,3.4536744746166005e-05,3.4536744746166005e-05,,,,5.402425553585641e-05,reduced_PINOPA_direct_diode_conduction_Vf0.5_Ron1_assumed,0.00042717349530966913,0.00042717349530966913,,,0.00042721224880537393,146.505378832,146.505378832,146.505378832,gdtmov,,,,48.25434559996938,,,,,1,e8_1ad0da2e44a0ba463eb1,,True,protection,,0,,,,reduced,,,,am4000_chaingdtmov_g1_kprotection_i0_mreduced_qe8_r4d802_x0_s5em05_tau1em09_t25_ron60_u43_t2_vo_v_rel0_rs2700_rx10000_none_10000_p0_b0_r0d98_i0_tap0_ph0_gdc780_gimp1000_esd_am4000_t5em05_off10d0_reduced_opa4192_rx0_10k_rx2_10k_x1com_waitx2_3ms_waitx0_0d1ms,,,,E8,4.77794122326,278.111574689,278.111574689,278.111574689,278.111574689,278.111574689,278.111574689,44.444391285,4.8020000000000005,True,0,,0,,dbe83dfed455bc0852e0c54095e2efea5f1c8ab6e93d674942093524ca976cdc,"[{'signature': 'ecf4fa6b5f2aa1da8850c875d6dbcb6918bc65f8ed4a13371a10ae73afbb1c8c', 'reason': 'exact_saved_deck_proof;AC_meas_prefix_only_source_revision'}]",,ok,5e-05,1e-09,25,60,43,,
,,,,,-4000,"{'q': 'T2', 'borne': 'vo', 'mode': 'v', 'relay': 0, 'power': 0, 'body': 0, 'rail': 0.98, 'source': 0, 'tap': 0, 'phase': 0, 'grid': 0.5, 'arc': 1, 'idss': 0.007, 'vp': 1.6, 'ron': 700, 'temp': 25, 'stimulus': 'esd', 'amplitude': -4000, 'frequency': 60, 'stop': 5e-05, 'step': 1e-09, 'remove': 10.0, 'load': 0, 'zbv': 5.6, 'macro': 'reduced', 'rx0': 100, 'rx2': 1e-06, 'gdc': 780}",,reduced_PINOPA_direct_diode_conduction_Vf0.5_Ron1_assumed,3.435919276476502e-05,3.435919276476502e-05,,,,5.574914763337673e-05,reduced_PINOPA_direct_diode_conduction_Vf0.5_Ron1_assumed,0.00042272443883911313,0.00042272443883911313,,,0.00042276265474445096,144.617265532,144.617265532,144.617265532,gdtmov,,,,53.31262520002201,,,,,1,e8_9ea40042f9e0bff72fbb,,True,protection,,0,,,,reduced,,,,am4000_chaingdtmov_g1_kprotection_i0_mreduced_qe8_r4d802_x0_s5em05_tau1em07_t25_ron60_u43_t2_vo_v_rel0_rs2700_rx10000_none_10000_p0_b0_r0d98_i0_tap0_ph0_gdc780_gimp1000_esd_am4000_t5em05_off10d0_reduced_opa4192_rx0_10k_rx2_10k_x1com_waitx2_3ms_waitx0_0d1ms,,,,E8,4.73284700392,410.666834944,410.666834944,410.666834944,410.666834944,410.666834944,410.666834944,43.8716085583,4.8020000000000005,True,0,,0,,59292643f43db49bbb571c451350f1bb81a1ebb1d95e9c66e657ed0b6e1259fc,"[{'signature': 'bfce51c4b8d09119cd18e4a73cc642c1e75e0ec9a5a9b213d27006f3e2ca9d5c', 'reason': 'exact_saved_deck_proof;AC_meas_prefix_only_source_revision'}]",,ok,5e-05,1e-07,25,60,43,,
,,,,,-4000,"{'q': 'T2', 'borne': 'vo', 'mode': 'v', 'relay': 0, 'power': 0, 'body': 1, 'rail': 0.98, 'source': 0, 'tap': 0, 'phase': 0, 'grid': 0.5, 'arc': 1, 'idss': 0.007, 'vp': 1.6, 'ron': 700, 'temp': 25, 'stimulus': 'esd', 'amplitude': -4000, 'frequency': 60, 'stop': 5e-05, 'step': 1e-09, 'remove': 10.0, 'load': 0, 'zbv': 5.6, 'macro': 'reduced', 'rx0': 100, 'rx2': 1e-06, 'gdc': 420}",,reduced_PINOPA_direct_diode_conduction_Vf0.5_Ron1_assumed,3.453674474077888e-05,3.453674474077888e-05,,,,5.402425554473653e-05,reduced_PINOPA_direct_diode_conduction_Vf0.5_Ron1_assumed,0.0004271734951746668,0.0004271734951746668,,,0.0004272122486761887,146.505378814,146.505378814,146.505378814,gdtmov,,,,41.02586320001865,,,,,1,e8_10aa20417896bd4de502,,True,protection,,0,,,,reduced,,,,am4000_chaingdtmov_g1_kprotection_i0_mreduced_qe8_r4d802_x0_s5em05_tau1em09_t25_ron60_u44_t2_vo_v_rel0_rs2700_rx10000_none_10000_p0_b1_r0d98_i0_tap0_ph0_gdc420_gimp1000_esd_am4000_t5em05_off10d0_reduced_opa4192_rx0_10k_rx2_10k_x1com_waitx2_3ms_waitx0_0d1ms,,,,E8,4.77794122271,278.111566149,278.111566149,278.111566149,278.111566149,278.111566149,278.111566149,44.4443912795,4.8020000000000005,True,0,,0,,02006f4eb16a4b03465db5bebc32dc7f9576ad5e5c0315c444581a101f56d3fe,"[{'signature': 'd62a36036d7143fa35efd6888ed19b8646828508a375cea20ae2f9b1dd6c40f4', 'reason': 'exact_saved_deck_proof;AC_meas_prefix_only_source_revision'}]",,ok,5e-05,1e-09,25,60,44,,
,,,,,-4000,"{'q': 'T2', 'borne': 'vo', 'mode': 'v', 'relay': 0, 'power': 0, 'body': 1, 'rail': 0.98, 'source': 0, 'tap': 0, 'phase': 0, 'grid': 0.5, 'arc': 1, 'idss': 0.007, 'vp': 1.6, 'ron': 700, 'temp': 25, 'stimulus': 'esd', 'amplitude': -4000, 'frequency': 60, 'stop': 5e-05, 'step': 1e-09, 'remove': 10.0, 'load': 0, 'zbv': 5.6, 'macro': 'reduced', 'rx0': 100, 'rx2': 1e-06, 'gdc': 420}",,reduced_PINOPA_direct_diode_conduction_Vf0.5_Ron1_assumed,3.4359192760191266e-05,3.4359192760191266e-05,,,,5.574914764073923e-05,reduced_PINOPA_direct_diode_conduction_Vf0.5_Ron1_assumed,0.00042272443876788306,0.00042272443876788306,,,0.00042276265467905666,144.617265532,144.617265532,144.617265532,gdtmov,,,,45.96858089999296,,,,,1,e8_479b56c9c2adb8a1f8e6,,True,protection,,0,,,,reduced,,,,am4000_chaingdtmov_g1_kprotection_i0_mreduced_qe8_r4d802_x0_s5em05_tau1em07_t25_ron60_u44_t2_vo_v_rel0_rs2700_rx10000_none_10000_p0_b1_r0d98_i0_tap0_ph0_gdc420_gimp1000_esd_am4000_t5em05_off10d0_reduced_opa4192_rx0_10k_rx2_10k_x1com_waitx2_3ms_waitx0_0d1ms,,,,E8,4.73284700393,410.666834985,410.666834985,410.666834985,410.666834985,410.666834985,410.666834985,43.8716085583,4.8020000000000005,True,0,,0,,db2729d54d87c695154eb7788ea82f8428044d1ca779cb5db6438ec12b581c53,"[{'signature': 'd33094bebf4c2726d6e55f3ddba825d4fc248765dc4f6c9255f97930c371e938', 'reason': 'exact_saved_deck_proof;AC_meas_prefix_only_source_revision'}]",,ok,5e-05,1e-07,25,60,44,,
,,,,,-4000,"{'q': 'T2', 'borne': 'vo', 'mode': 'v', 'relay': 0, 'power': 0, 'body': 1, 'rail': 0.98, 'source': 0, 'tap': 0, 'phase': 0, 'grid': 0.5, 'arc': 1, 'idss': 0.007, 'vp': 1.6, 'ron': 700, 'temp': 25, 'stimulus': 'esd', 'amplitude': -4000, 'frequency': 60, 'stop': 5e-05, 'step': 1e-09, 'remove': 10.0, 'load': 0, 'zbv': 5.6, 'macro': 'reduced', 'rx0': 100, 'rx2': 1e-06, 'gdc': 780}",,reduced_PINOPA_direct_diode_conduction_Vf0.5_Ron1_assumed,3.453674474056795e-05,3.453674474056795e-05,,,,5.402425554309718e-05,reduced_PINOPA_direct_diode_conduction_Vf0.5_Ron1_assumed,0.00042717349515788815,0.00042717349515788815,,,0.0004272122486594071,146.505378808,146.505378808,146.505378808,gdtmov,,,,53.67988830001559,,,,,1,e8_72eb7d7ba2231058523b,,True,protection,,0,,,,reduced,,,,am4000_chaingdtmov_g1_kprotection_i0_mreduced_qe8_r4d802_x0_s5em05_tau1em09_t25_ron60_u45_t2_vo_v_rel0_rs2700_rx10000_none_10000_p0_b1_r0d98_i0_tap0_ph0_gdc780_gimp1000_esd_am4000_t5em05_off10d0_reduced_opa4192_rx0_10k_rx2_10k_x1com_waitx2_3ms_waitx0_0d1ms,,,,E8,4.77794122254,278.111574993,278.111574993,278.111574993,278.111574993,278.111574993,278.111574993,44.4443912779,4.8020000000000005,True,0,,0,,db01670d2eda4a750fb4f09625fc09d11e4953ff2583b1f71d66779624fc0d99,"[{'signature': 'fa834eea7a558244858d30ce7dca4eb7e0df2611cd12d00c6cc90c3f1d47df45', 'reason': 'exact_saved_deck_proof;AC_meas_prefix_only_source_revision'}]",,ok,5e-05,1e-09,25,60,45,,
,,,,,-4000,"{'q': 'T2', 'borne': 'vo', 'mode': 'v', 'relay': 0, 'power': 0, 'body': 1, 'rail': 0.98, 'source': 0, 'tap': 0, 'phase': 0, 'grid': 0.5, 'arc': 1, 'idss': 0.007, 'vp': 1.6, 'ron': 700, 'temp': 25, 'stimulus': 'esd', 'amplitude': -4000, 'frequency': 60, 'stop': 5e-05, 'step': 1e-09, 'remove': 10.0, 'load': 0, 'zbv': 5.6, 'macro': 'reduced', 'rx0': 100, 'rx2': 1e-06, 'gdc': 780}",,reduced_PINOPA_direct_diode_conduction_Vf0.5_Ron1_assumed,3.435919276019121e-05,3.435919276019121e-05,,,,5.5749147640739245e-05,reduced_PINOPA_direct_diode_conduction_Vf0.5_Ron1_assumed,0.00042272443876788306,0.00042272443876788306,,,0.0004227626546790567,144.617265532,144.617265532,144.617265532,gdtmov,,,,49.45110130001558,,,,,1,e8_bf095d1f487a3dd06732,,True,protection,,0,,,,reduced,,,,am4000_chaingdtmov_g1_kprotection_i0_mreduced_qe8_r4d802_x0_s5em05_tau1em07_t25_ron60_u45_t2_vo_v_rel0_rs2700_rx10000_none_10000_p0_b1_r0d98_i0_tap0_ph0_gdc780_gimp1000_esd_am4000_t5em05_off10d0_reduced_opa4192_rx0_10k_rx2_10k_x1com_waitx2_3ms_waitx0_0d1ms,,,,E8,4.73284700393,410.666834985,410.666834985,410.666834985,410.666834985,410.666834985,410.666834985,43.8716085583,4.8020000000000005,True,0,,0,,64de5eee998c85f281096d3ec99f2710432b4dad37b1fa46db97a95b98ee070e,"[{'signature': '4125ccfcea6d3239b7897eabf0fc9b46e858b686261214aed1a38a42adb24b9e', 'reason': 'exact_saved_deck_proof;AC_meas_prefix_only_source_revision'}]",,ok,5e-05,1e-07,25,60,45,,
,,,,,-4000,"{'q': 'T2', 'borne': 'vo', 'mode': 'v', 'relay': 0, 'power': 1, 'body': 0, 'rail': 1, 'source': 0, 'tap': 0, 'phase': 0, 'grid': 0.5, 'arc': 1, 'idss': 0.007, 'vp': 1.6, 'ron': 700, 'temp': 25, 'stimulus': 'esd', 'amplitude': -4000, 'frequency': 60, 'stop': 5e-05, 'step': 1e-09, 'remove': 10.0, 'load': 0, 'zbv': 5.6, 'macro': 'reduced', 'rx0': 100, 'rx2': 1e-06, 'gdc': 420}",,reduced_PINOPA_direct_diode_conduction_Vf0.5_Ron1_assumed,8.233761874826315e-05,8.233761874826315e-05,,,,0.0005308636090735109,reduced_PINOPA_direct_diode_conduction_Vf0.5_Ron1_assumed,9.759408393938244e-12,9.759408393938244e-12,,,9.296921740128172e-05,146.497112447,146.497112447,146.497112447,gdtmov,,,,34.460089200001676,,,,,1,e8_38022eac2f9b007f1c70,,True,protection,,0,,,,reduced,,,,am4000_chaingdtmov_g1_kprotection_i0_mreduced_qe8_r4d9_x0_s5em05_tau1em09_t25_ron60_u46_t2_vo_v_rel0_rs2700_rx10000_none_10000_p1_b0_r1_i0_tap0_ph0_gdc420_gimp1000_esd_am4000_t5em05_off10d0_reduced_opa4192_rx0_10k_rx2_10k_x1com_waitx2_3ms_waitx0_0d1ms,,,,E8,4.87822528174,278.505707299,278.505707299,278.505707299,278.505707299,278.505707299,278.505707299,44.4418835447,4.9,True,0,,0,,bd902c55e47e27b1fedd7adfd2e049a125e23c557cbec6e5f7ec2caa3874b55d,"[{'signature': '0c0d9f6b9f4a5a89a17a57ea538c87991e4e5f59c5f2a3e84648ba2700c9c0b8', 'reason': 'exact_saved_deck_proof;AC_meas_prefix_only_source_revision'}]",,ok,5e-05,1e-09,25,60,46,,
,,,,,-4000,"{'q': 'T2', 'borne': 'vo', 'mode': 'v', 'relay': 0, 'power': 1, 'body': 0, 'rail': 1, 'source': 0, 'tap': 0, 'phase': 0, 'grid': 0.5, 'arc': 1, 'idss': 0.007, 'vp': 1.6, 'ron': 700, 'temp': 25, 'stimulus': 'esd', 'amplitude': -4000, 'frequency': 60, 'stop': 5e-05, 'step': 1e-09, 'remove': 10.0, 'load': 0, 'zbv': 5.6, 'macro': 'reduced', 'rx0': 100, 'rx2': 1e-06, 'gdc': 420}",,reduced_PINOPA_direct_diode_conduction_Vf0.5_Ron1_assumed,8.261648547822084e-05,8.261648547822084e-05,,,,0.0005378142823069088,reduced_PINOPA_direct_diode_conduction_Vf0.5_Ron1_assumed,9.631095564012282e-12,9.631095564012282e-12,,,9.431087760704382e-05,144.622087165,144.622087165,144.622087165,gdtmov,,,,30.69449840002926,,,,,1,e8_c9aba864277a62e33b81,,True,protection,,0,,,,reduced,,,,am4000_chaingdtmov_g1_kprotection_i0_mreduced_qe8_r4d9_x0_s5em05_tau1em07_t25_ron60_u46_t2_vo_v_rel0_rs2700_rx10000_none_10000_p1_b0_r1_i0_tap0_ph0_gdc420_gimp1000_esd_am4000_t5em05_off10d0_reduced_opa4192_rx0_10k_rx2_10k_x1com_waitx2_3ms_waitx0_0d1ms,,,,E8,4.81579502365,411.015441159,411.015441159,411.015441159,411.015441159,411.015441159,411.015441159,43.8730712677,4.9,True,0,,0,,a6ce9bccf1dd0c44cc6ca6b3b0fdf2bea5ecc4b3e83e0b00f0bbf67988f1058e,"[{'signature': 'bba200eafe7e090ab6d0501858fc39c449e1874b9f3c0bc359da6909e3419963', 'reason': 'exact_saved_deck_proof;AC_meas_prefix_only_source_revision'}]",,ok,5e-05,1e-07,25,60,46,,
,,,,,-4000,"{'q': 'T2', 'borne': 'vo', 'mode': 'v', 'relay': 0, 'power': 1, 'body': 0, 'rail': 1, 'source': 0, 'tap': 0, 'phase': 0, 'grid': 0.5, 'arc': 1, 'idss': 0.007, 'vp': 1.6, 'ron': 700, 'temp': 25, 'stimulus': 'esd', 'amplitude': -4000, 'frequency': 60, 'stop': 5e-05, 'step': 1e-09, 'remove': 10.0, 'load': 0, 'zbv': 5.6, 'macro': 'reduced', 'rx0': 100, 'rx2': 1e-06, 'gdc': 780}",,reduced_PINOPA_direct_diode_conduction_Vf0.5_Ron1_assumed,8.233762128930301e-05,8.233762128930301e-05,,,,0.0005308636091000599,reduced_PINOPA_direct_diode_conduction_Vf0.5_Ron1_assumed,9.759408382517735e-12,9.759408382517735e-12,,,9.296921740017372e-05,146.497112275,146.497112275,146.497112275,gdtmov,,,,28.988266900007147,,,,,1,e8_9df3e98874124c7b1dcc,,True,protection,,0,,,,reduced,,,,am4000_chaingdtmov_g1_kprotection_i0_mreduced_qe8_r4d9_x0_s5em05_tau1em09_t25_ron60_u47_t2_vo_v_rel0_rs2700_rx10000_none_10000_p1_b0_r1_i0_tap0_ph0_gdc780_gimp1000_esd_am4000_t5em05_off10d0_reduced_opa4192_rx0_10k_rx2_10k_x1com_waitx2_3ms_waitx0_0d1ms,,,,E8,4.87822527603,278.505718716,278.505718716,278.505718716,278.505718716,278.505718716,278.505718716,44.4418834927,4.9,True,0,,0,,7cb0ed7ee4253389064b3a2d5309dbcb51ee68893fde54a5b8411e1b4fd3c8d4,"[{'signature': '2483ab22955da8d81986e772b89d2ea8002ed8c27d7972db57d96cd57c825111', 'reason': 'exact_saved_deck_proof;AC_meas_prefix_only_source_revision'}]",,ok,5e-05,1e-09,25,60,47,,
,,,,,-4000,"{'q': 'T2', 'borne': 'vo', 'mode': 'v', 'relay': 0, 'power': 1, 'body': 0, 'rail': 1, 'source': 0, 'tap': 0, 'phase': 0, 'grid': 0.5, 'arc': 1, 'idss': 0.007, 'vp': 1.6, 'ron': 700, 'temp': 25, 'stimulus': 'esd', 'amplitude': -4000, 'frequency': 60, 'stop': 5e-05, 'step': 1e-09, 'remove': 10.0, 'load': 0, 'zbv': 5.6, 'macro': 'reduced', 'rx0': 100, 'rx2': 1e-06, 'gdc': 780}",,reduced_PINOPA_direct_diode_conduction_Vf0.5_Ron1_assumed,8.261648547833707e-05,8.261648547833707e-05,,,,0.0005378142823069088,reduced_PINOPA_direct_diode_conduction_Vf0.5_Ron1_assumed,9.631095558095107e-12,9.631095558095107e-12,,,9.431087760704381e-05,144.622087079,144.622087079,144.622087079,gdtmov,,,,27.84174780000467,,,,,1,e8_72e97eeb58e94ff1586d,,True,protection,,0,,,,reduced,,,,am4000_chaingdtmov_g1_kprotection_i0_mreduced_qe8_r4d9_x0_s5em05_tau1em07_t25_ron60_u47_t2_vo_v_rel0_rs2700_rx10000_none_10000_p1_b0_r1_i0_tap0_ph0_gdc780_gimp1000_esd_am4000_t5em05_off10d0_reduced_opa4192_rx0_10k_rx2_10k_x1com_waitx2_3ms_waitx0_0d1ms,,,,E8,4.81579502087,411.015441159,411.015441159,411.015441159,411.015441159,411.015441159,411.015441159,43.8730712417,4.9,True,0,,0,,bef9c92e9bb662456d998e2271848539f9f08d4c458d30260e236a1d0cdd82dc,"[{'signature': '52131f4a7b1f28b9e7c235e9f9a72a75821f007a96a8bf772955616024bd311c', 'reason': 'exact_saved_deck_proof;AC_meas_prefix_only_source_revision'}]",,ok,5e-05,1e-07,25,60,47,,
,,,,,-4000,"{'q': 'T2', 'borne': 'vo', 'mode': 'v', 'relay': 0, 'power': 0, 'body': 0, 'rail': 1, 'source': 0, 'tap': 0, 'phase': 0, 'grid': 0.5, 'arc': 1, 'idss': 0.007, 'vp': 1.6, 'ron': 700, 'temp': 25, 'stimulus': 'esd', 'amplitude': -4000, 'frequency': 60, 'stop': 5e-05, 'step': 1e-09, 'remove': 10.0, 'load': 0, 'zbv': 5.6, 'macro': 'reduced', 'rx0': 100, 'rx2': 1e-06, 'gdc': 420}",,reduced_PINOPA_direct_diode_conduction_Vf0.5_Ron1_assumed,3.453621199099386e-05,3.453621199099386e-05,,,,5.402425566916629e-05,reduced_PINOPA_direct_diode_conduction_Vf0.5_Ron1_assumed,0.000427131832226282,0.000427131832226282,,,0.0004271705812545399,146.491773721,146.491773721,146.491773721,gdtmov,,,,46.73700329998974,,,,,1,e8_88fe1c351784f29f802c,,True,protection,,0,,,,reduced,,,,am4000_chaingdtmov_g1_kprotection_i0_mreduced_qe8_r4d9_x0_s5em05_tau1em09_t25_ron60_u48_t2_vo_v_rel0_rs2700_rx10000_none_10000_p0_b0_r1_i0_tap0_ph0_gdc420_gimp1000_esd_am4000_t5em05_off10d0_reduced_opa4192_rx0_10k_rx2_10k_x1com_waitx2_3ms_waitx0_0d1ms,,,,E8,4.77752295961,278.111608589,278.111608589,278.111608589,278.111608589,278.111608589,278.111608589,44.4402639894,4.9,True,0,,0,,fac0f6ac77574a84dbdc4a574239fc22ece38614d0ed417bb790f8489c613ae6,"[{'signature': '99de5a3f168ce2017c4ce9f809d5a06dfb0e9cdc3e1728f7d89c4b76abf7efc8', 'reason': 'exact_saved_deck_proof;AC_meas_prefix_only_source_revision'}]",,ok,5e-05,1e-09,25,60,48,,
,,,,,-4000,"{'q': 'T2', 'borne': 'vo', 'mode': 'v', 'relay': 0, 'power': 0, 'body': 0, 'rail': 1, 'source': 0, 'tap': 0, 'phase': 0, 'grid': 0.5, 'arc': 1, 'idss': 0.007, 'vp': 1.6, 'ron': 700, 'temp': 25, 'stimulus': 'esd', 'amplitude': -4000, 'frequency': 60, 'stop': 5e-05, 'step': 1e-09, 'remove': 10.0, 'load': 0, 'zbv': 5.6, 'macro': 'reduced', 'rx0': 100, 'rx2': 1e-06, 'gdc': 420}",,reduced_PINOPA_direct_diode_conduction_Vf0.5_Ron1_assumed,3.4359116429254856e-05,3.4359116429254856e-05,,,,5.5750980051155776e-05,reduced_PINOPA_direct_diode_conduction_Vf0.5_Ron1_assumed,0.00042272440835436256,0.00042272440835436256,,,0.0004227626242620593,144.617249855,144.617249855,144.617249855,gdtmov,,,,43.93481050000992,,,,,1,e8_a17b4e78faadb3414224,,True,protection,,0,,,,reduced,,,,am4000_chaingdtmov_g1_kprotection_i0_mreduced_qe8_r4d9_x0_s5em05_tau1em07_t25_ron60_u48_t2_vo_v_rel0_rs2700_rx10000_none_10000_p0_b0_r1_i0_tap0_ph0_gdc420_gimp1000_esd_am4000_t5em05_off10d0_reduced_opa4192_rx0_10k_rx2_10k_x1com_waitx2_3ms_waitx0_0d1ms,,,,E8,4.73284668585,410.697336242,410.697336242,410.697336242,410.697336242,410.697336242,410.697336242,43.8716038025,4.9,True,0,,0,,ab7e29ab1825040e3f74e37a14a708746d33f7f1a84ea5cdadee68a1442a36ee,"[{'signature': '4e89a44ce8ca54a8f890cebf6dd396c1f865620c3658ecfeece2ba2fb52e80eb', 'reason': 'exact_saved_deck_proof;AC_meas_prefix_only_source_revision'}]",,ok,5e-05,1e-07,25,60,48,,
,,,,,-4000,"{'q': 'T2', 'borne': 'vo', 'mode': 'v', 'relay': 0, 'power': 0, 'body': 0, 'rail': 1, 'source': 0, 'tap': 0, 'phase': 0, 'grid': 0.5, 'arc': 1, 'idss': 0.007, 'vp': 1.6, 'ron': 700, 'temp': 25, 'stimulus': 'esd', 'amplitude': -4000, 'frequency': 60, 'stop': 5e-05, 'step': 1e-09, 'remove': 10.0, 'load': 0, 'zbv': 5.6, 'macro': 'reduced', 'rx0': 100, 'rx2': 1e-06, 'gdc': 780}",,reduced_PINOPA_direct_diode_conduction_Vf0.5_Ron1_assumed,3.4536211984962606e-05,3.4536211984962606e-05,,,,5.402425566752462e-05,reduced_PINOPA_direct_diode_conduction_Vf0.5_Ron1_assumed,0.00042713183168103803,0.00042713183168103803,,,0.0004271705807092373,146.491773543,146.491773543,146.491773543,gdtmov,,,,43.74825519998558,,,,,1,e8_983a0106edf1ffb7d4bb,,True,protection,,0,,,,reduced,,,,am4000_chaingdtmov_g1_kprotection_i0_mreduced_qe8_r4d9_x0_s5em05_tau1em09_t25_ron60_u49_t2_vo_v_rel0_rs2700_rx10000_none_10000_p0_b0_r1_i0_tap0_ph0_gdc780_gimp1000_esd_am4000_t5em05_off10d0_reduced_opa4192_rx0_10k_rx2_10k_x1com_waitx2_3ms_waitx0_0d1ms,,,,E8,4.77752295414,278.111617446,278.111617446,278.111617446,278.111617446,278.111617446,278.111617446,44.4402639356,4.9,True,0,,0,,3b16c773c47da1b626794c1c846897c476038f8169688e40415772b40c101ba6,"[{'signature': 'c7cc58d1d3568a5998cb9813aea132c791e0e218eedaf1a57a7306c38ecceb13', 'reason': 'exact_saved_deck_proof;AC_meas_prefix_only_source_revision'}]",,ok,5e-05,1e-09,25,60,49,,
,,,,,-4000,"{'q': 'T2', 'borne': 'vo', 'mode': 'v', 'relay': 0, 'power': 0, 'body': 0, 'rail': 1, 'source': 0, 'tap': 0, 'phase': 0, 'grid': 0.5, 'arc': 1, 'idss': 0.007, 'vp': 1.6, 'ron': 700, 'temp': 25, 'stimulus': 'esd', 'amplitude': -4000, 'frequency': 60, 'stop': 5e-05, 'step': 1e-09, 'remove': 10.0, 'load': 0, 'zbv': 5.6, 'macro': 'reduced', 'rx0': 100, 'rx2': 1e-06, 'gdc': 780}",,reduced_PINOPA_direct_diode_conduction_Vf0.5_Ron1_assumed,3.435911642327098e-05,3.435911642327098e-05,,,,5.575098005115578e-05,reduced_PINOPA_direct_diode_conduction_Vf0.5_Ron1_assumed,0.0004227244082166913,0.0004227244082166913,,,0.00042276262412485805,144.617249773,144.617249773,144.617249773,gdtmov,,,,35.14706270000897,,,,,1,e8_2d7877f7ebce38be0a7b,,True,protection,,0,,,,reduced,,,,am4000_chaingdtmov_g1_kprotection_i0_mreduced_qe8_r4d9_x0_s5em05_tau1em07_t25_ron60_u49_t2_vo_v_rel0_rs2700_rx10000_none_10000_p0_b0_r1_i0_tap0_ph0_gdc780_gimp1000_esd_am4000_t5em05_off10d0_reduced_opa4192_rx0_10k_rx2_10k_x1com_waitx2_3ms_waitx0_0d1ms,,,,E8,4.73284668444,410.697336242,410.697336242,410.697336242,410.697336242,410.697336242,410.697336242,43.8716037774,4.9,True,0,,0,,6df59a246843c013f1610df65ddafb28043ea40396b341faa2b9d4ad75d0f661,"[{'signature': '03f5806f21371e530676e3f3749497d1acc2a4713fd5fdd4a9139ee382582586', 'reason': 'exact_saved_deck_proof;AC_meas_prefix_only_source_revision'}]",,ok,5e-05,1e-07,25,60,49,,
,,,,,-4000,"{'q': 'T2', 'borne': 'vo', 'mode': 'v', 'relay': 0, 'power': 0, 'body': 1, 'rail': 1, 'source': 0, 'tap': 0, 'phase': 0, 'grid': 0.5, 'arc': 1, 'idss': 0.007, 'vp': 1.6, 'ron': 700, 'temp': 25, 'stimulus': 'esd', 'amplitude': -4000, 'frequency': 60, 'stop': 5e-05, 'step': 1e-09, 'remove': 10.0, 'load': 0, 'zbv': 5.6, 'macro': 'reduced', 'rx0': 100, 'rx2': 1e-06, 'gdc': 420}",,reduced_PINOPA_direct_diode_conduction_Vf0.5_Ron1_assumed,3.4536211985518856e-05,3.4536211985518856e-05,,,,5.402425567640608e-05,reduced_PINOPA_direct_diode_conduction_Vf0.5_Ron1_assumed,0.0004271318320840945,0.0004271318320840945,,,0.00042717058111816763,146.4917737,146.4917737,146.4917737,gdtmov,,,,50.10407930001384,,,,,1,e8_d5dd89379fa142fb6fdf,,True,protection,,0,,,,reduced,,,,am4000_chaingdtmov_g1_kprotection_i0_mreduced_qe8_r4d9_x0_s5em05_tau1em09_t25_ron60_u50_t2_vo_v_rel0_rs2700_rx10000_none_10000_p0_b1_r1_i0_tap0_ph0_gdc420_gimp1000_esd_am4000_t5em05_off10d0_reduced_opa4192_rx0_10k_rx2_10k_x1com_waitx2_3ms_waitx0_0d1ms,,,,E8,4.77752295899,278.111608893,278.111608893,278.111608893,278.111608893,278.111608893,278.111608893,44.4402639832,4.9,True,0,,0,,e2086adb74478e6e15172787e40023dce47365e1e1117c0f2bbb999c63fd7fc7,"[{'signature': '617d9c37cbb033a75dc5d831a26757cec4b5d3008cd8766531082c8c6b189a37', 'reason': 'exact_saved_deck_proof;AC_meas_prefix_only_source_revision'}]",,ok,5e-05,1e-09,25,60,50,,
,,,,,-4000,"{'q': 'T2', 'borne': 'vo', 'mode': 'v', 'relay': 0, 'power': 0, 'body': 1, 'rail': 1, 'source': 0, 'tap': 0, 'phase': 0, 'grid': 0.5, 'arc': 1, 'idss': 0.007, 'vp': 1.6, 'ron': 700, 'temp': 25, 'stimulus': 'esd', 'amplitude': -4000, 'frequency': 60, 'stop': 5e-05, 'step': 1e-09, 'remove': 10.0, 'load': 0, 'zbv': 5.6, 'macro': 'reduced', 'rx0': 100, 'rx2': 1e-06, 'gdc': 420}",,reduced_PINOPA_direct_diode_conduction_Vf0.5_Ron1_assumed,3.43591164246522e-05,3.43591164246522e-05,,,,5.575098005847791e-05,reduced_PINOPA_direct_diode_conduction_Vf0.5_Ron1_assumed,0.00042272440828308917,0.00042272440828308917,,,0.00042276262419661896,144.617249855,144.617249855,144.617249855,gdtmov,,,,49.871434100030456,,,,,1,e8_5e5a10eb3c929dce4757,,True,protection,,0,,,,reduced,,,,am4000_chaingdtmov_g1_kprotection_i0_mreduced_qe8_r4d9_x0_s5em05_tau1em07_t25_ron60_u50_t2_vo_v_rel0_rs2700_rx10000_none_10000_p0_b1_r1_i0_tap0_ph0_gdc420_gimp1000_esd_am4000_t5em05_off10d0_reduced_opa4192_rx0_10k_rx2_10k_x1com_waitx2_3ms_waitx0_0d1ms,,,,E8,4.73284668586,410.697336283,410.697336283,410.697336283,410.697336283,410.697336283,410.697336283,43.8716038025,4.9,True,0,,0,,502ed83af6d595916b69b884b7276c9c5fcd27b9aee9d7310b4ef121a688862e,"[{'signature': '732102ac0daab8fe4b88d8c5d8347da518a505373a573248bcc8f0e4e8854d49', 'reason': 'exact_saved_deck_proof;AC_meas_prefix_only_source_revision'}]",,ok,5e-05,1e-07,25,60,50,,
,,,,,-4000,"{'q': 'T2', 'borne': 'vo', 'mode': 'v', 'relay': 0, 'power': 0, 'body': 1, 'rail': 1, 'source': 0, 'tap': 0, 'phase': 0, 'grid': 0.5, 'arc': 1, 'idss': 0.007, 'vp': 1.6, 'ron': 700, 'temp': 25, 'stimulus': 'esd', 'amplitude': -4000, 'frequency': 60, 'stop': 5e-05, 'step': 1e-09, 'remove': 10.0, 'load': 0, 'zbv': 5.6, 'macro': 'reduced', 'rx0': 100, 'rx2': 1e-06, 'gdc': 780}",,reduced_PINOPA_direct_diode_conduction_Vf0.5_Ron1_assumed,3.45362119794876e-05,3.45362119794876e-05,,,,5.402425567476442e-05,reduced_PINOPA_direct_diode_conduction_Vf0.5_Ron1_assumed,0.0004271318315388501,0.0004271318315388501,,,0.00042717058057286446,146.491773523,146.491773523,146.491773523,gdtmov,,,,36.290068999980576,,,,,1,e8_a3d9a1f3ccc5008e770e,,True,protection,,0,,,,reduced,,,,am4000_chaingdtmov_g1_kprotection_i0_mreduced_qe8_r4d9_x0_s5em05_tau1em09_t25_ron60_u51_t2_vo_v_rel0_rs2700_rx10000_none_10000_p0_b1_r1_i0_tap0_ph0_gdc780_gimp1000_esd_am4000_t5em05_off10d0_reduced_opa4192_rx0_10k_rx2_10k_x1com_waitx2_3ms_waitx0_0d1ms,,,,E8,4.77752295352,278.11161775,278.11161775,278.11161775,278.11161775,278.11161775,278.11161775,44.4402639294,4.9,True,0,,0,,520bb155643367afc40255efa55f676c4a22f32b39464d6dbf70377b220add0d,"[{'signature': '186dbdb5136827154aa41876f8f22a4b8a1e30d1bc265a91fb0d34ab6e879a96', 'reason': 'exact_saved_deck_proof;AC_meas_prefix_only_source_revision'}]",,ok,5e-05,1e-09,25,60,51,,
,,,,,-4000,"{'q': 'T2', 'borne': 'vo', 'mode': 'v', 'relay': 0, 'power': 0, 'body': 1, 'rail': 1, 'source': 0, 'tap': 0, 'phase': 0, 'grid': 0.5, 'arc': 1, 'idss': 0.007, 'vp': 1.6, 'ron': 700, 'temp': 25, 'stimulus': 'esd', 'amplitude': -4000, 'frequency': 60, 'stop': 5e-05, 'step': 1e-09, 'remove': 10.0, 'load': 0, 'zbv': 5.6, 'macro': 'reduced', 'rx0': 100, 'rx2': 1e-06, 'gdc': 780}",,reduced_PINOPA_direct_diode_conduction_Vf0.5_Ron1_assumed,3.435911641866827e-05,3.435911641866827e-05,,,,5.575098005847792e-05,reduced_PINOPA_direct_diode_conduction_Vf0.5_Ron1_assumed,0.000422724408145418,0.000422724408145418,,,0.00042276262405941767,144.617249773,144.617249773,144.617249773,gdtmov,,,,32.64624079997884,,,,,1,e8_95a5cd60a3eb2f007125,,True,protection,,0,,,,reduced,,,,am4000_chaingdtmov_g1_kprotection_i0_mreduced_qe8_r4d9_x0_s5em05_tau1em07_t25_ron60_u51_t2_vo_v_rel0_rs2700_rx10000_none_10000_p0_b1_r1_i0_tap0_ph0_gdc780_gimp1000_esd_am4000_t5em05_off10d0_reduced_opa4192_rx0_10k_rx2_10k_x1com_waitx2_3ms_waitx0_0d1ms,,,,E8,4.73284668445,410.697336283,410.697336283,410.697336283,410.697336283,410.697336283,410.697336283,43.8716037774,4.9,True,0,,0,,57cfdfba788f68285cb265772f22f63ed8451364956051d82e3499d3179b723d,"[{'signature': '940da51e5074d9464708c988d1d2ab39037318bd2e76c6851e0d86332909d005', 'reason': 'exact_saved_deck_proof;AC_meas_prefix_only_source_revision'}]",,ok,5e-05,1e-07,25,60,51,,
,,,,,-4000,"{'q': 'T2', 'borne': 'vo', 'mode': 'v', 'relay': 0, 'power': 1, 'body': 0, 'rail': 1.02, 'source': 0, 'tap': 0, 'phase': 0, 'grid': 0.5, 'arc': 1, 'idss': 0.007, 'vp': 1.6, 'ron': 700, 'temp': 25, 'stimulus': 'esd', 'amplitude': -4000, 'frequency': 60, 'stop': 5e-05, 'step': 1e-09, 'remove': 10.0, 'load': 0, 'zbv': 5.6, 'macro': 'reduced', 'rx0': 100, 'rx2': 1e-06, 'gdc': 420}",,reduced_PINOPA_direct_diode_conduction_Vf0.5_Ron1_assumed,8.140367286610023e-05,8.140367286610023e-05,,,,0.0005403741444252502,reduced_PINOPA_direct_diode_conduction_Vf0.5_Ron1_assumed,9.759854163197475e-12,9.759854163197475e-12,,,9.296923871801897e-05,146.503785578,146.503785578,146.503785578,gdtmov,,,,30.725626900035422,,,,,1,e8_5e364799b47723650b91,,True,protection,,0,,,,reduced,,,,am4000_chaingdtmov_g1_kprotection_i0_mreduced_qe8_r4d998_x0_s5em05_tau1em09_t25_ron60_u52_t2_vo_v_rel0_rs2700_rx10000_none_10000_p1_b0_r1d02_i0_tap0_ph0_gdc420_gimp1000_esd_am4000_t5em05_off10d0_reduced_opa4192_rx0_10k_rx2_10k_x1com_waitx2_3ms_waitx0_0d1ms,,,,E8,4.87844752892,278.538820005,278.538820005,278.538820005,278.538820005,278.538820005,278.538820005,44.4439079323,4.998,True,0,,0,,226e654a3b8b832c638a85210b470b05e147f6dc53b30e7051d8b4443fcf2878,"[{'signature': 'a24ab9140814e20497d496e55f0b3e605fd9d73194c7c38e5503e7fb1ded7f87', 'reason': 'exact_saved_deck_proof;AC_meas_prefix_only_source_revision'}]",,ok,5e-05,1e-09,25,60,52,,
,,,,,-4000,"{'q': 'T2', 'borne': 'vo', 'mode': 'v', 'relay': 0, 'power': 1, 'body': 0, 'rail': 1.02, 'source': 0, 'tap': 0, 'phase': 0, 'grid': 0.5, 'arc': 1, 'idss': 0.007, 'vp': 1.6, 'ron': 700, 'temp': 25, 'stimulus': 'esd', 'amplitude': -4000, 'frequency': 60, 'stop': 5e-05, 'step': 1e-09, 'remove': 10.0, 'load': 0, 'zbv': 5.6, 'macro': 'reduced', 'rx0': 100, 'rx2': 1e-06, 'gdc': 420}",,reduced_PINOPA_direct_diode_conduction_Vf0.5_Ron1_assumed,6.725726305098583e-05,6.725726305098583e-05,,,,0.0005474539799638283,reduced_PINOPA_direct_diode_conduction_Vf0.5_Ron1_assumed,9.631123004305143e-12,9.631123004305143e-12,,,9.431033183279712e-05,144.622481057,144.622481057,144.622481057,gdtmov,,,,30.73465350002516,,,,,1,e8_3592ad555419f5fbc261,,True,protection,,0,,,,reduced,,,,am4000_chaingdtmov_g1_kprotection_i0_mreduced_qe8_r4d998_x0_s5em05_tau1em07_t25_ron60_u52_t2_vo_v_rel0_rs2700_rx10000_none_10000_p1_b0_r1d02_i0_tap0_ph0_gdc420_gimp1000_esd_am4000_t5em05_off10d0_reduced_opa4192_rx0_10k_rx2_10k_x1com_waitx2_3ms_waitx0_0d1ms,,,,E8,4.81580797646,411.044555922,411.044555922,411.044555922,411.044555922,411.044555922,411.044555922,43.8731907522,4.998,True,0,,0,,70ce54477054dacd86c48f7862222fd9b323c3473bca94b191a5b8ecd6b145b1,"[{'signature': 'eb55664357c2dd6494de6b789108bd728a31b6c28013bd9ea42b71207da02cdc', 'reason': 'exact_saved_deck_proof;AC_meas_prefix_only_source_revision'}]",,ok,5e-05,1e-07,25,60,52,,
,,,,,-4000,"{'q': 'T2', 'borne': 'vo', 'mode': 'v', 'relay': 0, 'power': 1, 'body': 0, 'rail': 1.02, 'source': 0, 'tap': 0, 'phase': 0, 'grid': 0.5, 'arc': 1, 'idss': 0.007, 'vp': 1.6, 'ron': 700, 'temp': 25, 'stimulus': 'esd', 'amplitude': -4000, 'frequency': 60, 'stop': 5e-05, 'step': 1e-09, 'remove': 10.0, 'load': 0, 'zbv': 5.6, 'macro': 'reduced', 'rx0': 100, 'rx2': 1e-06, 'gdc': 780}",,reduced_PINOPA_direct_diode_conduction_Vf0.5_Ron1_assumed,8.140367163400595e-05,8.140367163400595e-05,,,,0.0005403741444345184,reduced_PINOPA_direct_diode_conduction_Vf0.5_Ron1_assumed,9.759854151646019e-12,9.759854151646019e-12,,,9.296923871680771e-05,146.503785405,146.503785405,146.503785405,gdtmov,,,,27.045030599983875,,,,,1,e8_2390744021c1e04f3b29,,True,protection,,0,,,,reduced,,,,am4000_chaingdtmov_g1_kprotection_i0_mreduced_qe8_r4d998_x0_s5em05_tau1em09_t25_ron60_u53_t2_vo_v_rel0_rs2700_rx10000_none_10000_p1_b0_r1d02_i0_tap0_ph0_gdc780_gimp1000_esd_am4000_t5em05_off10d0_reduced_opa4192_rx0_10k_rx2_10k_x1com_waitx2_3ms_waitx0_0d1ms,,,,E8,4.87844752315,278.538831488,278.538831488,278.538831488,278.538831488,278.538831488,278.538831488,44.4439078797,4.998,True,0,,0,,dd6dd53ce18a816c18a8b74b9a251a78b28a8d21c50273b08b9b4f925f340517,"[{'signature': 'ac346bf32db3066c114dd4848620861c4128ca7aa672550a0db8e138dff3f7d2', 'reason': 'exact_saved_deck_proof;AC_meas_prefix_only_source_revision'}]",,ok,5e-05,1e-09,25,60,53,,
,,,,,-4000,"{'q': 'T2', 'borne': 'vo', 'mode': 'v', 'relay': 0, 'power': 1, 'body': 0, 'rail': 1.02, 'source': 0, 'tap': 0, 'phase': 0, 'grid': 0.5, 'arc': 1, 'idss': 0.007, 'vp': 1.6, 'ron': 700, 'temp': 25, 'stimulus': 'esd', 'amplitude': -4000, 'frequency': 60, 'stop': 5e-05, 'step': 1e-09, 'remove': 10.0, 'load': 0, 'zbv': 5.6, 'macro': 'reduced', 'rx0': 100, 'rx2': 1e-06, 'gdc': 780}",,reduced_PINOPA_direct_diode_conduction_Vf0.5_Ron1_assumed,6.725726305064452e-05,6.725726305064452e-05,,,,0.0005474539799638283,reduced_PINOPA_direct_diode_conduction_Vf0.5_Ron1_assumed,9.631122998125973e-12,9.631122998125973e-12,,,9.431033183279717e-05,144.622480976,144.622480976,144.622480976,gdtmov,,,,26.87396019999869,,,,,1,e8_fcf8af63a3b99b405297,,True,protection,,0,,,,reduced,,,,am4000_chaingdtmov_g1_kprotection_i0_mreduced_qe8_r4d998_x0_s5em05_tau1em07_t25_ron60_u53_t2_vo_v_rel0_rs2700_rx10000_none_10000_p1_b0_r1d02_i0_tap0_ph0_gdc780_gimp1000_esd_am4000_t5em05_off10d0_reduced_opa4192_rx0_10k_rx2_10k_x1com_waitx2_3ms_waitx0_0d1ms,,,,E8,4.81580797378,411.044555922,411.044555922,411.044555922,411.044555922,411.044555922,411.044555922,43.8731907277,4.998,True,0,,0,,f0955ba6b905b42723a7b57ec94299d939cb29005222183f9dd5bbdc888799d0,"[{'signature': '6f7eee815a0b460f8ee5003f5505db71d7992ebcf16e20af456aa979184de8b1', 'reason': 'exact_saved_deck_proof;AC_meas_prefix_only_source_revision'}]",,ok,5e-05,1e-07,25,60,53,,
,,,,,-4000,"{'q': 'T2', 'borne': 'vo', 'mode': 'v', 'relay': 0, 'power': 0, 'body': 0, 'rail': 1.02, 'source': 0, 'tap': 0, 'phase': 0, 'grid': 0.5, 'arc': 1, 'idss': 0.007, 'vp': 1.6, 'ron': 700, 'temp': 25, 'stimulus': 'esd', 'amplitude': -4000, 'frequency': 60, 'stop': 5e-05, 'step': 1e-09, 'remove': 10.0, 'load': 0, 'zbv': 5.6, 'macro': 'reduced', 'rx0': 100, 'rx2': 1e-06, 'gdc': 420}",,reduced_PINOPA_direct_diode_conduction_Vf0.5_Ron1_assumed,3.453621199099229e-05,3.453621199099229e-05,,,,5.402425566916824e-05,reduced_PINOPA_direct_diode_conduction_Vf0.5_Ron1_assumed,0.0004271318322262405,0.0004271318322262405,,,0.00042717058125450003,146.491773721,146.491773721,146.491773721,gdtmov,,,,41.19859039998846,,,,,1,e8_4a408562ed3a656f4fdf,,True,protection,,0,,,,reduced,,,,am4000_chaingdtmov_g1_kprotection_i0_mreduced_qe8_r4d998_x0_s5em05_tau1em09_t25_ron60_u54_t2_vo_v_rel0_rs2700_rx10000_none_10000_p0_b0_r1d02_i0_tap0_ph0_gdc420_gimp1000_esd_am4000_t5em05_off10d0_reduced_opa4192_rx0_10k_rx2_10k_x1com_waitx2_3ms_waitx0_0d1ms,,,,E8,4.77752295961,278.111608589,278.111608589,278.111608589,278.111608589,278.111608589,278.111608589,44.4402639894,4.998,True,0,,0,,5a8383c80db41bb481170dddcff716e03d2bd8cc9e4e5dc78bfba34e4f44ceef,"[{'signature': 'e7f10a5ddd879bcd935ecfa88b28f45a5b77e926ceafc6caeb4b64c3d93e58df', 'reason': 'exact_saved_deck_proof;AC_meas_prefix_only_source_revision'}]",,ok,5e-05,1e-09,25,60,54,,
,,,,,-4000,"{'q': 'T2', 'borne': 'vo', 'mode': 'v', 'relay': 0, 'power': 0, 'body': 0, 'rail': 1.02, 'source': 0, 'tap': 0, 'phase': 0, 'grid': 0.5, 'arc': 1, 'idss': 0.007, 'vp': 1.6, 'ron': 700, 'temp': 25, 'stimulus': 'esd', 'amplitude': -4000, 'frequency': 60, 'stop': 5e-05, 'step': 1e-09, 'remove': 10.0, 'load': 0, 'zbv': 5.6, 'macro': 'reduced', 'rx0': 100, 'rx2': 1e-06, 'gdc': 420}",,reduced_PINOPA_direct_diode_conduction_Vf0.5_Ron1_assumed,3.435911642925361e-05,3.435911642925361e-05,,,,5.575098005115774e-05,reduced_PINOPA_direct_diode_conduction_Vf0.5_Ron1_assumed,0.0004227244083543434,0.0004227244083543434,,,0.0004227626242620417,144.617249855,144.617249855,144.617249855,gdtmov,,,,40.70607379998546,,,,,1,e8_b9f60f80526900e4591d,,True,protection,,0,,,,reduced,,,,am4000_chaingdtmov_g1_kprotection_i0_mreduced_qe8_r4d998_x0_s5em05_tau1em07_t25_ron60_u54_t2_vo_v_rel0_rs2700_rx10000_none_10000_p0_b0_r1d02_i0_tap0_ph0_gdc420_gimp1000_esd_am4000_t5em05_off10d0_reduced_opa4192_rx0_10k_rx2_10k_x1com_waitx2_3ms_waitx0_0d1ms,,,,E8,4.73284668585,410.697336242,410.697336242,410.697336242,410.697336242,410.697336242,410.697336242,43.8716038025,4.998,True,0,,0,,e806d4b1adcb07b20ce088ef5cabf870a1de3670c8100440bce0b8751cfbe73a,"[{'signature': 'f42a1f0f58dd3e59c34f4d7598f52023503fef13106cf3e7f9c92e526dca636f', 'reason': 'exact_saved_deck_proof;AC_meas_prefix_only_source_revision'}]",,ok,5e-05,1e-07,25,60,54,,
,,,,,-4000,"{'q': 'T2', 'borne': 'vo', 'mode': 'v', 'relay': 0, 'power': 0, 'body': 0, 'rail': 1.02, 'source': 0, 'tap': 0, 'phase': 0, 'grid': 0.5, 'arc': 1, 'idss': 0.007, 'vp': 1.6, 'ron': 700, 'temp': 25, 'stimulus': 'esd', 'amplitude': -4000, 'frequency': 60, 'stop': 5e-05, 'step': 1e-09, 'remove': 10.0, 'load': 0, 'zbv': 5.6, 'macro': 'reduced', 'rx0': 100, 'rx2': 1e-06, 'gdc': 780}",,reduced_PINOPA_direct_diode_conduction_Vf0.5_Ron1_assumed,3.453621198496125e-05,3.453621198496125e-05,,,,5.4024255667528994e-05,reduced_PINOPA_direct_diode_conduction_Vf0.5_Ron1_assumed,0.00042713183168102063,0.00042713183168102063,,,0.00042717058070922137,146.491773543,146.491773543,146.491773543,gdtmov,,,,34.33968299999833,,,,,1,e8_93835bdc6b5599a12ab5,,True,protection,,0,,,,reduced,,,,am4000_chaingdtmov_g1_kprotection_i0_mreduced_qe8_r4d998_x0_s5em05_tau1em09_t25_ron60_u55_t2_vo_v_rel0_rs2700_rx10000_none_10000_p0_b0_r1d02_i0_tap0_ph0_gdc780_gimp1000_esd_am4000_t5em05_off10d0_reduced_opa4192_rx0_10k_rx2_10k_x1com_waitx2_3ms_waitx0_0d1ms,,,,E8,4.77752295414,278.111617433,278.111617433,278.111617433,278.111617433,278.111617433,278.111617433,44.4402639356,4.998,True,0,,0,,5b8876dabd35927d4563b30db90b15cc6a0680a4c93c9c2e4b612639d0a0c3eb,"[{'signature': '5c495cfb2a0f30db449c92746eda89bf61be2b4610c6db638eef73d89cb25693', 'reason': 'exact_saved_deck_proof;AC_meas_prefix_only_source_revision'}]",,ok,5e-05,1e-09,25,60,55,,
,,,,,-4000,"{'q': 'T2', 'borne': 'vo', 'mode': 'v', 'relay': 0, 'power': 0, 'body': 0, 'rail': 1.02, 'source': 0, 'tap': 0, 'phase': 0, 'grid': 0.5, 'arc': 1, 'idss': 0.007, 'vp': 1.6, 'ron': 700, 'temp': 25, 'stimulus': 'esd', 'amplitude': -4000, 'frequency': 60, 'stop': 5e-05, 'step': 1e-09, 'remove': 10.0, 'load': 0, 'zbv': 5.6, 'macro': 'reduced', 'rx0': 100, 'rx2': 1e-06, 'gdc': 780}",,reduced_PINOPA_direct_diode_conduction_Vf0.5_Ron1_assumed,3.435911642326984e-05,3.435911642326984e-05,,,,5.5750980051157755e-05,reduced_PINOPA_direct_diode_conduction_Vf0.5_Ron1_assumed,0.00042272440821667224,0.00042272440821667224,,,0.0004227626241248405,144.617249773,144.617249773,144.617249773,gdtmov,,,,34.48196430003736,,,,,1,e8_04b80104a1d3b2d17cee,,True,protection,,0,,,,reduced,,,,am4000_chaingdtmov_g1_kprotection_i0_mreduced_qe8_r4d998_x0_s5em05_tau1em07_t25_ron60_u55_t2_vo_v_rel0_rs2700_rx10000_none_10000_p0_b0_r1d02_i0_tap0_ph0_gdc780_gimp1000_esd_am4000_t5em05_off10d0_reduced_opa4192_rx0_10k_rx2_10k_x1com_waitx2_3ms_waitx0_0d1ms,,,,E8,4.73284668444,410.697336242,410.697336242,410.697336242,410.697336242,410.697336242,410.697336242,43.8716037774,4.998,True,0,,0,,bd25ecf3c89bea5bb848c8ab81cd9dc87541c0e7fc0200223cb0d0f3a90b3e98,"[{'signature': '682908b0cee195d593a18eb456a76e65c1337eac7ba20eb7050463f0c2ea9872', 'reason': 'exact_saved_deck_proof;AC_meas_prefix_only_source_revision'}]",,ok,5e-05,1e-07,25,60,55,,
,,,,,-4000,"{'q': 'T2', 'borne': 'vo', 'mode': 'v', 'relay': 0, 'power': 0, 'body': 1, 'rail': 1.02, 'source': 0, 'tap': 0, 'phase': 0, 'grid': 0.5, 'arc': 1, 'idss': 0.007, 'vp': 1.6, 'ron': 700, 'temp': 25, 'stimulus': 'esd', 'amplitude': -4000, 'frequency': 60, 'stop': 5e-05, 'step': 1e-09, 'remove': 10.0, 'load': 0, 'zbv': 5.6, 'macro': 'reduced', 'rx0': 100, 'rx2': 1e-06, 'gdc': 420}",,reduced_PINOPA_direct_diode_conduction_Vf0.5_Ron1_assumed,3.45362119855181e-05,3.45362119855181e-05,,,,5.402425567640706e-05,reduced_PINOPA_direct_diode_conduction_Vf0.5_Ron1_assumed,0.0004271318320840758,0.0004271318320840758,,,0.00042717058111814963,146.4917737,146.4917737,146.4917737,gdtmov,,,,44.95145679998677,,,,,1,e8_314d6af7446cb3fd188a,,True,protection,,0,,,,reduced,,,,am4000_chaingdtmov_g1_kprotection_i0_mreduced_qe8_r4d998_x0_s5em05_tau1em09_t25_ron60_u56_t2_vo_v_rel0_rs2700_rx10000_none_10000_p0_b1_r1d02_i0_tap0_ph0_gdc420_gimp1000_esd_am4000_t5em05_off10d0_reduced_opa4192_rx0_10k_rx2_10k_x1com_waitx2_3ms_waitx0_0d1ms,,,,E8,4.77752295899,278.111608893,278.111608893,278.111608893,278.111608893,278.111608893,278.111608893,44.4402639832,4.998,True,0,,0,,243836bb9f4a70ee50225c6432a95da3759deda7056b0d1eb7d8fd5ff287b713,"[{'signature': 'f28fd7c251b1289e302b2b236c1d5db509ef7d90796f55be0ebad25f20848234', 'reason': 'exact_saved_deck_proof;AC_meas_prefix_only_source_revision'}]",,ok,5e-05,1e-09,25,60,56,,
,,,,,-4000,"{'q': 'T2', 'borne': 'vo', 'mode': 'v', 'relay': 0, 'power': 0, 'body': 1, 'rail': 1.02, 'source': 0, 'tap': 0, 'phase': 0, 'grid': 0.5, 'arc': 1, 'idss': 0.007, 'vp': 1.6, 'ron': 700, 'temp': 25, 'stimulus': 'esd', 'amplitude': -4000, 'frequency': 60, 'stop': 5e-05, 'step': 1e-09, 'remove': 10.0, 'load': 0, 'zbv': 5.6, 'macro': 'reduced', 'rx0': 100, 'rx2': 1e-06, 'gdc': 420}",,reduced_PINOPA_direct_diode_conduction_Vf0.5_Ron1_assumed,3.4359116424651604e-05,3.4359116424651604e-05,,,,5.575098005847889e-05,reduced_PINOPA_direct_diode_conduction_Vf0.5_Ron1_assumed,0.00042272440828307957,0.00042272440828307957,,,0.00042276262419661023,144.617249855,144.617249855,144.617249855,gdtmov,,,,44.31542289996287,,,,,1,e8_af29604e881e15006a9b,,True,protection,,0,,,,reduced,,,,am4000_chaingdtmov_g1_kprotection_i0_mreduced_qe8_r4d998_x0_s5em05_tau1em07_t25_ron60_u56_t2_vo_v_rel0_rs2700_rx10000_none_10000_p0_b1_r1d02_i0_tap0_ph0_gdc420_gimp1000_esd_am4000_t5em05_off10d0_reduced_opa4192_rx0_10k_rx2_10k_x1com_waitx2_3ms_waitx0_0d1ms,,,,E8,4.73284668586,410.697336283,410.697336283,410.697336283,410.697336283,410.697336283,410.697336283,43.8716038025,4.998,True,0,,0,,44d6aee6822778a57a3cdda07e10f961589f865ee2e59441ce49ce5857df2fcd,"[{'signature': '07d26719689f6fac8e963925889a3dd6752463d268091c76f815ae4c44beaf1b', 'reason': 'exact_saved_deck_proof;AC_meas_prefix_only_source_revision'}]",,ok,5e-05,1e-07,25,60,56,,
,,,,,-4000,"{'q': 'T2', 'borne': 'vo', 'mode': 'v', 'relay': 0, 'power': 0, 'body': 1, 'rail': 1.02, 'source': 0, 'tap': 0, 'phase': 0, 'grid': 0.5, 'arc': 1, 'idss': 0.007, 'vp': 1.6, 'ron': 700, 'temp': 25, 'stimulus': 'esd', 'amplitude': -4000, 'frequency': 60, 'stop': 5e-05, 'step': 1e-09, 'remove': 10.0, 'load': 0, 'zbv': 5.6, 'macro': 'reduced', 'rx0': 100, 'rx2': 1e-06, 'gdc': 780}",,reduced_PINOPA_direct_diode_conduction_Vf0.5_Ron1_assumed,3.453621197948728e-05,3.453621197948728e-05,,,,5.4024255674767826e-05,reduced_PINOPA_direct_diode_conduction_Vf0.5_Ron1_assumed,0.0004271318315388534,0.0004271318315388534,,,0.0004271705805728686,146.491773523,146.491773523,146.491773523,gdtmov,,,,33.95085590000963,,,,,1,e8_ab8c3fdbe748a6f77cd2,,True,protection,,0,,,,reduced,,,,am4000_chaingdtmov_g1_kprotection_i0_mreduced_qe8_r4d998_x0_s5em05_tau1em09_t25_ron60_u57_t2_vo_v_rel0_rs2700_rx10000_none_10000_p0_b1_r1d02_i0_tap0_ph0_gdc780_gimp1000_esd_am4000_t5em05_off10d0_reduced_opa4192_rx0_10k_rx2_10k_x1com_waitx2_3ms_waitx0_0d1ms,,,,E8,4.77752295352,278.111617737,278.111617737,278.111617737,278.111617737,278.111617737,278.111617737,44.4402639294,4.998,True,0,,0,,476b9cb941b32992a680d9923452c3c0f019bb7ef47686e7aff2d1cac74d21be,"[{'signature': '5ba767479610c954019b1e983c11f04e95cb9735cca47506689e777498a7842c', 'reason': 'exact_saved_deck_proof;AC_meas_prefix_only_source_revision'}]",,ok,5e-05,1e-09,25,60,57,,
,,,,,-4000,"{'q': 'T2', 'borne': 'vo', 'mode': 'v', 'relay': 0, 'power': 0, 'body': 1, 'rail': 1.02, 'source': 0, 'tap': 0, 'phase': 0, 'grid': 0.5, 'arc': 1, 'idss': 0.007, 'vp': 1.6, 'ron': 700, 'temp': 25, 'stimulus': 'esd', 'amplitude': -4000, 'frequency': 60, 'stop': 5e-05, 'step': 1e-09, 'remove': 10.0, 'load': 0, 'zbv': 5.6, 'macro': 'reduced', 'rx0': 100, 'rx2': 1e-06, 'gdc': 780}",,reduced_PINOPA_direct_diode_conduction_Vf0.5_Ron1_assumed,3.435911641866762e-05,3.435911641866762e-05,,,,5.575098005847891e-05,reduced_PINOPA_direct_diode_conduction_Vf0.5_Ron1_assumed,0.00042272440814540845,0.00042272440814540845,,,0.00042276262405940883,144.617249773,144.617249773,144.617249773,gdtmov,,,,42.838306899997406,,,,,1,e8_703b52a940bdabfc9372,,True,protection,,0,,,,reduced,,,,am4000_chaingdtmov_g1_kprotection_i0_mreduced_qe8_r4d998_x0_s5em05_tau1em07_t25_ron60_u57_t2_vo_v_rel0_rs2700_rx10000_none_10000_p0_b1_r1d02_i0_tap0_ph0_gdc780_gimp1000_esd_am4000_t5em05_off10d0_reduced_opa4192_rx0_10k_rx2_10k_x1com_waitx2_3ms_waitx0_0d1ms,,,,E8,4.73284668445,410.697336283,410.697336283,410.697336283,410.697336283,410.697336283,410.697336283,43.8716037774,4.998,True,0,,0,,4b2c1855a3107370358bde6eb1fae38a2829b79b6f641d50aec55803f48041cd,"[{'signature': 'cca0430d3378edfab034493b7335996f024713def9a2cce7e1aa8effe490b6b0', 'reason': 'exact_saved_deck_proof;AC_meas_prefix_only_source_revision'}]",,ok,5e-05,1e-07,25,60,57,,
,,,,,4000,"{'q': 'T2', 'borne': 'vo', 'mode': 'v', 'relay': 0, 'power': 1, 'body': 0, 'rail': 0.98, 'source': 0, 'tap': 0, 'phase': 0, 'grid': 0.5, 'arc': 1, 'idss': 0.007, 'vp': 1.6, 'ron': 700, 'temp': 25, 'stimulus': 'esd', 'amplitude': 4000, 'frequency': 60, 'stop': 5e-05, 'step': 1e-09, 'remove': 10.0, 'load': 0, 'zbv': 5.6, 'macro': 'reduced', 'rx0': 100, 'rx2': 1e-06, 'gdc': 420}",,reduced_PINOPA_direct_diode_conduction_Vf0.5_Ron1_assumed,7.57794506771838e-05,7.57794506771838e-05,,,,0.0005213163168615257,reduced_PINOPA_direct_diode_conduction_Vf0.5_Ron1_assumed,9.75620851534312e-12,9.75620851534312e-12,,,9.296949917238605e-05,146.50064514,146.50064514,146.50064514,gdtmov,,,,30.666892000008374,,,,,1,e8_aa1a4e3e000eb00635f3,,True,protection,,0,,,,reduced,,,,a4000_chaingdtmov_g1_kprotection_i0_mreduced_qe8_r4d802_x0_s5em05_tau1em09_t25_ron60_u58_t2_vo_v_rel0_rs2700_rx10000_none_10000_p1_b0_r0d98_i0_tap0_ph0_gdc420_gimp1000_esd_a4000_t5em05_off10d0_reduced_opa4192_rx0_10k_rx2_10k_x1com_waitx2_3ms_waitx0_0d1ms,,,,E8,4.87831092577,279.848023981,279.848023981,279.848023981,279.848023981,279.848023981,279.848023981,44.4429552364,4.8020000000000005,True,0,,0,,08f18b38b85c5704a89b057b1d6dd7dd49e0d650cab78056e1f4441052636ef8,"[{'signature': 'a922f50dc27e237d3c588b356dc60d8f0039e77c1a0fbe52331613c61dc24ea8', 'reason': 'exact_saved_deck_proof;AC_meas_prefix_only_source_revision'}]",,ok,5e-05,1e-09,25,60,58,,
,,,,,4000,"{'q': 'T2', 'borne': 'vo', 'mode': 'v', 'relay': 0, 'power': 1, 'body': 0, 'rail': 0.98, 'source': 0, 'tap': 0, 'phase': 0, 'grid': 0.5, 'arc': 1, 'idss': 0.007, 'vp': 1.6, 'ron': 700, 'temp': 25, 'stimulus': 'esd', 'amplitude': 4000, 'frequency': 60, 'stop': 5e-05, 'step': 1e-09, 'remove': 10.0, 'load': 0, 'zbv': 5.6, 'macro': 'reduced', 'rx0': 100, 'rx2': 1e-06, 'gdc': 420}",,reduced_PINOPA_direct_diode_conduction_Vf0.5_Ron1_assumed,7.362740604618279e-05,7.362740604618279e-05,,,,0.0005281418930006041,reduced_PINOPA_direct_diode_conduction_Vf0.5_Ron1_assumed,9.62806624097087e-12,9.62806624097087e-12,,,9.431005102138998e-05,144.621446428,144.621446428,144.621446428,gdtmov,,,,42.70357589999912,,,,,1,e8_80daab1f3e56d828064c,,True,protection,,0,,,,reduced,,,,a4000_chaingdtmov_g1_kprotection_i0_mreduced_qe8_r4d802_x0_s5em05_tau1em07_t25_ron60_u58_t2_vo_v_rel0_rs2700_rx10000_none_10000_p1_b0_r0d98_i0_tap0_ph0_gdc420_gimp1000_esd_a4000_t5em05_off10d0_reduced_opa4192_rx0_10k_rx2_10k_x1com_waitx2_3ms_waitx0_0d1ms,,,,E8,4.81577227725,410.071698433,410.071698433,410.071698433,410.071698433,410.071698433,410.071698433,43.8728768853,4.8020000000000005,True,0,,0,,4ec145a946986a11f9391b092997c0165e4d058d3c8749b1231b7dc02aeaae94,"[{'signature': 'e0cc33224210691e278ce4cc67cf12fea8bf7cdfb77887a30bdc06164364a8a4', 'reason': 'exact_saved_deck_proof;AC_meas_prefix_only_source_revision'}]",,ok,5e-05,1e-07,25,60,58,,
,,,,,4000,"{'q': 'T2', 'borne': 'vo', 'mode': 'v', 'relay': 0, 'power': 1, 'body': 0, 'rail': 0.98, 'source': 0, 'tap': 0, 'phase': 0, 'grid': 0.5, 'arc': 1, 'idss': 0.007, 'vp': 1.6, 'ron': 700, 'temp': 25, 'stimulus': 'esd', 'amplitude': 4000, 'frequency': 60, 'stop': 5e-05, 'step': 1e-09, 'remove': 10.0, 'load': 0, 'zbv': 5.6, 'macro': 'reduced', 'rx0': 100, 'rx2': 1e-06, 'gdc': 780}",,reduced_PINOPA_direct_diode_conduction_Vf0.5_Ron1_assumed,7.577945237676048e-05,7.577945237676048e-05,,,,0.0005213163168653496,reduced_PINOPA_direct_diode_conduction_Vf0.5_Ron1_assumed,9.756208503892496e-12,9.756208503892496e-12,,,9.296949917187462e-05,146.500644966,146.500644966,146.500644966,gdtmov,,,,26.2000992000103,,,,,1,e8_47c5487d59f1d9e934c1,,True,protection,,0,,,,reduced,,,,a4000_chaingdtmov_g1_kprotection_i0_mreduced_qe8_r4d802_x0_s5em05_tau1em09_t25_ron60_u59_t2_vo_v_rel0_rs2700_rx10000_none_10000_p1_b0_r0d98_i0_tap0_ph0_gdc780_gimp1000_esd_a4000_t5em05_off10d0_reduced_opa4192_rx0_10k_rx2_10k_x1com_waitx2_3ms_waitx0_0d1ms,,,,E8,4.8783109202,279.848029211,279.848029211,279.848029211,279.848029211,279.848029211,279.848029211,44.4429551837,4.8020000000000005,True,0,,0,,c038620ac73e72fb20e2cd905f548d0b4477a8116cfe7f26118c26ef9bd30388,"[{'signature': '1b6ff35b26b7138c9b15d912c0fd272989b34f118a77ae341876e0480df43251', 'reason': 'exact_saved_deck_proof;AC_meas_prefix_only_source_revision'}]",,ok,5e-05,1e-09,25,60,59,,
,,,,,4000,"{'q': 'T2', 'borne': 'vo', 'mode': 'v', 'relay': 0, 'power': 1, 'body': 0, 'rail': 0.98, 'source': 0, 'tap': 0, 'phase': 0, 'grid': 0.5, 'arc': 1, 'idss': 0.007, 'vp': 1.6, 'ron': 700, 'temp': 25, 'stimulus': 'esd', 'amplitude': 4000, 'frequency': 60, 'stop': 5e-05, 'step': 1e-09, 'remove': 10.0, 'load': 0, 'zbv': 5.6, 'macro': 'reduced', 'rx0': 100, 'rx2': 1e-06, 'gdc': 780}",,reduced_PINOPA_direct_diode_conduction_Vf0.5_Ron1_assumed,7.362740604618019e-05,7.362740604618019e-05,,,,0.0005281418930006041,reduced_PINOPA_direct_diode_conduction_Vf0.5_Ron1_assumed,9.628066235090971e-12,9.628066235090971e-12,,,9.431005102138998e-05,144.621446351,144.621446351,144.621446351,gdtmov,,,,37.78976170002716,,,,,1,e8_613882dea23760d6d5ec,,True,protection,,0,,,,reduced,,,,a4000_chaingdtmov_g1_kprotection_i0_mreduced_qe8_r4d802_x0_s5em05_tau1em07_t25_ron60_u59_t2_vo_v_rel0_rs2700_rx10000_none_10000_p1_b0_r0d98_i0_tap0_ph0_gdc780_gimp1000_esd_a4000_t5em05_off10d0_reduced_opa4192_rx0_10k_rx2_10k_x1com_waitx2_3ms_waitx0_0d1ms,,,,E8,4.8157722748,410.071698433,410.071698433,410.071698433,410.071698433,410.071698433,410.071698433,43.872876862,4.8020000000000005,True,0,,0,,4879d8a8d37a68ca060a97386d902a33ef296e3fead6e65947205feb31f72d61,"[{'signature': 'cac8ef14d1cf33e015977094de5b685d4954291c754e74c8d22a89452765e190', 'reason': 'exact_saved_deck_proof;AC_meas_prefix_only_source_revision'}]",,ok,5e-05,1e-07,25,60,59,,
,,,,,4000,"{'q': 'T2', 'borne': 'vo', 'mode': 'v', 'relay': 0, 'power': 0, 'body': 0, 'rail': 0.98, 'source': 0, 'tap': 0, 'phase': 0, 'grid': 0.5, 'arc': 1, 'idss': 0.007, 'vp': 1.6, 'ron': 700, 'temp': 25, 'stimulus': 'esd', 'amplitude': 4000, 'frequency': 60, 'stop': 5e-05, 'step': 1e-09, 'remove': 10.0, 'load': 0, 'zbv': 5.6, 'macro': 'reduced', 'rx0': 100, 'rx2': 1e-06, 'gdc': 420}",,reduced_PINOPA_direct_diode_conduction_Vf0.5_Ron1_assumed,3.453682082875136e-05,3.453682082875136e-05,,,,5.402530041925371e-05,reduced_PINOPA_direct_diode_conduction_Vf0.5_Ron1_assumed,0.0004271793886908435,0.0004271793886908435,,,0.0004272181475947217,146.507309687,146.507309687,146.507309687,gdtmov,,,,41.74771070003044,,,,,1,e8_6aa4d386ab9e43cdcfb6,,True,protection,,0,,,,reduced,,,,a4000_chaingdtmov_g1_kprotection_i0_mreduced_qe8_r4d802_x0_s5em05_tau1em09_t25_ron60_u60_t2_vo_v_rel0_rs2700_rx10000_none_10000_p0_b0_r0d98_i0_tap0_ph0_gdc420_gimp1000_esd_a4000_t5em05_off10d0_reduced_opa4192_rx0_10k_rx2_10k_x1com_waitx2_3ms_waitx0_0d1ms,,,,E8,4.77800071287,278.089854329,278.089854329,278.089854329,278.089854329,278.089854329,278.089854329,44.4449770383,4.8020000000000005,True,0,,0,,3a27602ef87d754418cd1a6153bb475a23fd8ec687b04344fef6dc8fc43270ea,"[{'signature': '47ef7c2a1069a0356c36a0b697dc6e9a2bfba5463794b9dc2f055570f567bef4', 'reason': 'exact_saved_deck_proof;AC_meas_prefix_only_source_revision'}]",,ok,5e-05,1e-09,25,60,60,,
,,,,,4000,"{'q': 'T2', 'borne': 'vo', 'mode': 'v', 'relay': 0, 'power': 0, 'body': 0, 'rail': 0.98, 'source': 0, 'tap': 0, 'phase': 0, 'grid': 0.5, 'arc': 1, 'idss': 0.007, 'vp': 1.6, 'ron': 700, 'temp': 25, 'stimulus': 'esd', 'amplitude': 4000, 'frequency': 60, 'stop': 5e-05, 'step': 1e-09, 'remove': 10.0, 'load': 0, 'zbv': 5.6, 'macro': 'reduced', 'rx0': 100, 'rx2': 1e-06, 'gdc': 420}",,reduced_PINOPA_direct_diode_conduction_Vf0.5_Ron1_assumed,3.435922166719272e-05,3.435922166719272e-05,,,,5.574830756863693e-05,reduced_PINOPA_direct_diode_conduction_Vf0.5_Ron1_assumed,0.0004227245652731125,0.0004227245652731125,,,0.00042276280343624947,144.617271959,144.617271959,144.617271959,gdtmov,,,,41.913075699994806,,,,,1,e8_e4c5a8834b06a24a13b2,,True,protection,,0,,,,reduced,,,,a4000_chaingdtmov_g1_kprotection_i0_mreduced_qe8_r4d802_x0_s5em05_tau1em07_t25_ron60_u60_t2_vo_v_rel0_rs2700_rx10000_none_10000_p0_b0_r0d98_i0_tap0_ph0_gdc420_gimp1000_esd_a4000_t5em05_off10d0_reduced_opa4192_rx0_10k_rx2_10k_x1com_waitx2_3ms_waitx0_0d1ms,,,,E8,4.73284728178,410.664686267,410.664686267,410.664686267,410.664686267,410.664686267,410.664686267,43.8716105133,4.8020000000000005,True,0,,0,,f18e0c8d8098287c1ae311ab7677654d09b46bd4b410f6f8ec5b78fded335fc3,"[{'signature': '04a7f7d29c7c46bef2ab4be53c06a4a92955f01e12ee168f0017d87cc64e55b0', 'reason': 'exact_saved_deck_proof;AC_meas_prefix_only_source_revision'}]",,ok,5e-05,1e-07,25,60,60,,
,,,,,4000,"{'q': 'T2', 'borne': 'vo', 'mode': 'v', 'relay': 0, 'power': 0, 'body': 0, 'rail': 0.98, 'source': 0, 'tap': 0, 'phase': 0, 'grid': 0.5, 'arc': 1, 'idss': 0.007, 'vp': 1.6, 'ron': 700, 'temp': 25, 'stimulus': 'esd', 'amplitude': 4000, 'frequency': 60, 'stop': 5e-05, 'step': 1e-09, 'remove': 10.0, 'load': 0, 'zbv': 5.6, 'macro': 'reduced', 'rx0': 100, 'rx2': 1e-06, 'gdc': 780}",,reduced_PINOPA_direct_diode_conduction_Vf0.5_Ron1_assumed,3.4536820828731844e-05,3.4536820828731844e-05,,,,5.402530041605059e-05,reduced_PINOPA_direct_diode_conduction_Vf0.5_Ron1_assumed,0.0004271793886890188,0.0004271793886890188,,,0.00042721814759289704,146.507309687,146.507309687,146.507309687,gdtmov,,,,44.49879260000307,,,,,1,e8_2bfa3ed97bf2239d755b,,True,protection,,0,,,,reduced,,,,a4000_chaingdtmov_g1_kprotection_i0_mreduced_qe8_r4d802_x0_s5em05_tau1em09_t25_ron60_u61_t2_vo_v_rel0_rs2700_rx10000_none_10000_p0_b0_r0d98_i0_tap0_ph0_gdc780_gimp1000_esd_a4000_t5em05_off10d0_reduced_opa4192_rx0_10k_rx2_10k_x1com_waitx2_3ms_waitx0_0d1ms,,,,E8,4.77800071285,278.089863153,278.089863153,278.089863153,278.089863153,278.089863153,278.089863153,44.4449770382,4.8020000000000005,True,0,,0,,ac6a61d4a252968afdd312f44b183cf32ac30b483d315a5995eaf133df85ad7a,"[{'signature': 'e4188596b098e7ecbc8b1e9fbddeee46b4650fcc70d0031a60ac627c0191eed2', 'reason': 'exact_saved_deck_proof;AC_meas_prefix_only_source_revision'}]",,ok,5e-05,1e-09,25,60,61,,
,,,,,4000,"{'q': 'T2', 'borne': 'vo', 'mode': 'v', 'relay': 0, 'power': 0, 'body': 0, 'rail': 0.98, 'source': 0, 'tap': 0, 'phase': 0, 'grid': 0.5, 'arc': 1, 'idss': 0.007, 'vp': 1.6, 'ron': 700, 'temp': 25, 'stimulus': 'esd', 'amplitude': 4000, 'frequency': 60, 'stop': 5e-05, 'step': 1e-09, 'remove': 10.0, 'load': 0, 'zbv': 5.6, 'macro': 'reduced', 'rx0': 100, 'rx2': 1e-06, 'gdc': 780}",,reduced_PINOPA_direct_diode_conduction_Vf0.5_Ron1_assumed,3.4359221667192666e-05,3.4359221667192666e-05,,,,5.574830756863695e-05,reduced_PINOPA_direct_diode_conduction_Vf0.5_Ron1_assumed,0.0004227245652731125,0.0004227245652731125,,,0.0004227628034362494,144.617271959,144.617271959,144.617271959,gdtmov,,,,43.37057719996665,,,,,1,e8_091df9d60d0f04363c60,,True,protection,,0,,,,reduced,,,,a4000_chaingdtmov_g1_kprotection_i0_mreduced_qe8_r4d802_x0_s5em05_tau1em07_t25_ron60_u61_t2_vo_v_rel0_rs2700_rx10000_none_10000_p0_b0_r0d98_i0_tap0_ph0_gdc780_gimp1000_esd_a4000_t5em05_off10d0_reduced_opa4192_rx0_10k_rx2_10k_x1com_waitx2_3ms_waitx0_0d1ms,,,,E8,4.73284728178,410.664686267,410.664686267,410.664686267,410.664686267,410.664686267,410.664686267,43.8716105133,4.8020000000000005,True,0,,0,,dece8ca62de0d7197b84f2e7a5462b06e6f9e712c22849b49f941b910591d6c5,"[{'signature': 'dbb972a62b8c8094a3bc8176bceaf3ed535b8175cb435c5fcc3f3ce0df38741f', 'reason': 'exact_saved_deck_proof;AC_meas_prefix_only_source_revision'}]",,ok,5e-05,1e-07,25,60,61,,
,,,,,4000,"{'q': 'T2', 'borne': 'vo', 'mode': 'v', 'relay': 0, 'power': 0, 'body': 1, 'rail': 0.98, 'source': 0, 'tap': 0, 'phase': 0, 'grid': 0.5, 'arc': 1, 'idss': 0.007, 'vp': 1.6, 'ron': 700, 'temp': 25, 'stimulus': 'esd', 'amplitude': 4000, 'frequency': 60, 'stop': 5e-05, 'step': 1e-09, 'remove': 10.0, 'load': 0, 'zbv': 5.6, 'macro': 'reduced', 'rx0': 100, 'rx2': 1e-06, 'gdc': 420}",,reduced_PINOPA_direct_diode_conduction_Vf0.5_Ron1_assumed,3.453682087597384e-05,3.453682087597384e-05,,,,5.4025300426292755e-05,reduced_PINOPA_direct_diode_conduction_Vf0.5_Ron1_assumed,0.0004271793926825301,0.0004271793926825301,,,0.0004272181515930108,146.507311012,146.507311012,146.507311012,gdtmov,,,,47.56567670003278,,,,,1,e8_abf8f0476812936e689a,,True,protection,,0,,,,reduced,,,,a4000_chaingdtmov_g1_kprotection_i0_mreduced_qe8_r4d802_x0_s5em05_tau1em09_t25_ron60_u62_t2_vo_v_rel0_rs2700_rx10000_none_10000_p0_b1_r0d98_i0_tap0_ph0_gdc420_gimp1000_esd_a4000_t5em05_off10d0_reduced_opa4192_rx0_10k_rx2_10k_x1com_waitx2_3ms_waitx0_0d1ms,,,,E8,4.77800075369,278.089854024,278.089854024,278.089854024,278.089854024,278.089854024,278.089854024,44.4449774402,4.8020000000000005,True,0,,0,,5d1da3166c1b598d919e271f18d8993244d5bc60770c881fca696d29f38a48a7,"[{'signature': 'c0b8f28a87b5db5f1e35b66d77981e19e4f1ba3513b62aa20bbc6e632a44aa80', 'reason': 'exact_saved_deck_proof;AC_meas_prefix_only_source_revision'}]",,ok,5e-05,1e-09,25,60,62,,
,,,,,4000,"{'q': 'T2', 'borne': 'vo', 'mode': 'v', 'relay': 0, 'power': 0, 'body': 1, 'rail': 0.98, 'source': 0, 'tap': 0, 'phase': 0, 'grid': 0.5, 'arc': 1, 'idss': 0.007, 'vp': 1.6, 'ron': 700, 'temp': 25, 'stimulus': 'esd', 'amplitude': 4000, 'frequency': 60, 'stop': 5e-05, 'step': 1e-09, 'remove': 10.0, 'load': 0, 'zbv': 5.6, 'macro': 'reduced', 'rx0': 100, 'rx2': 1e-06, 'gdc': 420}",,reduced_PINOPA_direct_diode_conduction_Vf0.5_Ron1_assumed,3.4359221662483223e-05,3.4359221662483223e-05,,,,5.57483075756786e-05,reduced_PINOPA_direct_diode_conduction_Vf0.5_Ron1_assumed,0.00042272456520154683,0.00042272456520154683,,,0.00042276280337051023,144.617271959,144.617271959,144.617271959,gdtmov,,,,43.73358349996852,,,,,1,e8_3f9e130c278ed2f6a9c5,,True,protection,,0,,,,reduced,,,,a4000_chaingdtmov_g1_kprotection_i0_mreduced_qe8_r4d802_x0_s5em05_tau1em07_t25_ron60_u62_t2_vo_v_rel0_rs2700_rx10000_none_10000_p0_b1_r0d98_i0_tap0_ph0_gdc420_gimp1000_esd_a4000_t5em05_off10d0_reduced_opa4192_rx0_10k_rx2_10k_x1com_waitx2_3ms_waitx0_0d1ms,,,,E8,4.73284728179,410.664686231,410.664686231,410.664686231,410.664686231,410.664686231,410.664686231,43.8716105133,4.8020000000000005,True,0,,0,,c1a149204964cbe71c42d36edf9f804acb68d8529b5e6f1e09b897b51a6c0ba6,"[{'signature': '9ee959475cafc3f77870be1b944863a5b29f87b8e0c3764dd926503e147d25f2', 'reason': 'exact_saved_deck_proof;AC_meas_prefix_only_source_revision'}]",,ok,5e-05,1e-07,25,60,62,,
,,,,,4000,"{'q': 'T2', 'borne': 'vo', 'mode': 'v', 'relay': 0, 'power': 0, 'body': 1, 'rail': 0.98, 'source': 0, 'tap': 0, 'phase': 0, 'grid': 0.5, 'arc': 1, 'idss': 0.007, 'vp': 1.6, 'ron': 700, 'temp': 25, 'stimulus': 'esd', 'amplitude': 4000, 'frequency': 60, 'stop': 5e-05, 'step': 1e-09, 'remove': 10.0, 'load': 0, 'zbv': 5.6, 'macro': 'reduced', 'rx0': 100, 'rx2': 1e-06, 'gdc': 780}",,reduced_PINOPA_direct_diode_conduction_Vf0.5_Ron1_assumed,3.453682087595438e-05,3.453682087595438e-05,,,,5.402530042308962e-05,reduced_PINOPA_direct_diode_conduction_Vf0.5_Ron1_assumed,0.00042717939268070086,0.00042717939268070086,,,0.0004272181515911816,146.507311011,146.507311011,146.507311011,gdtmov,,,,44.41641110001365,,,,,1,e8_7149b73dee074638b8eb,,True,protection,,0,,,,reduced,,,,a4000_chaingdtmov_g1_kprotection_i0_mreduced_qe8_r4d802_x0_s5em05_tau1em09_t25_ron60_u63_t2_vo_v_rel0_rs2700_rx10000_none_10000_p0_b1_r0d98_i0_tap0_ph0_gdc780_gimp1000_esd_a4000_t5em05_off10d0_reduced_opa4192_rx0_10k_rx2_10k_x1com_waitx2_3ms_waitx0_0d1ms,,,,E8,4.77800075367,278.089862849,278.089862849,278.089862848,278.089862848,278.089862848,278.089862848,44.44497744,4.8020000000000005,True,0,,0,,75fea884a5ba5451bec471a924d14d36c78360192e6e1d513bf35e583c0e7f37,"[{'signature': 'd94ef2dad77eb9c500e0e88e1d58ccfd46a634f6aea1040c817ee13d51be9a1f', 'reason': 'exact_saved_deck_proof;AC_meas_prefix_only_source_revision'}]",,ok,5e-05,1e-09,25,60,63,,
,,,,,4000,"{'q': 'T2', 'borne': 'vo', 'mode': 'v', 'relay': 0, 'power': 0, 'body': 1, 'rail': 0.98, 'source': 0, 'tap': 0, 'phase': 0, 'grid': 0.5, 'arc': 1, 'idss': 0.007, 'vp': 1.6, 'ron': 700, 'temp': 25, 'stimulus': 'esd', 'amplitude': 4000, 'frequency': 60, 'stop': 5e-05, 'step': 1e-09, 'remove': 10.0, 'load': 0, 'zbv': 5.6, 'macro': 'reduced', 'rx0': 100, 'rx2': 1e-06, 'gdc': 780}",,reduced_PINOPA_direct_diode_conduction_Vf0.5_Ron1_assumed,3.435922166248328e-05,3.435922166248328e-05,,,,5.574830757567862e-05,reduced_PINOPA_direct_diode_conduction_Vf0.5_Ron1_assumed,0.00042272456520154683,0.00042272456520154683,,,0.00042276280337051023,144.617271959,144.617271959,144.617271959,gdtmov,,,,47.41408529999899,,,,,1,e8_1b855078192e55d56fba,,True,protection,,0,,,,reduced,,,,a4000_chaingdtmov_g1_kprotection_i0_mreduced_qe8_r4d802_x0_s5em05_tau1em07_t25_ron60_u63_t2_vo_v_rel0_rs2700_rx10000_none_10000_p0_b1_r0d98_i0_tap0_ph0_gdc780_gimp1000_esd_a4000_t5em05_off10d0_reduced_opa4192_rx0_10k_rx2_10k_x1com_waitx2_3ms_waitx0_0d1ms,,,,E8,4.73284728179,410.664686231,410.664686231,410.664686231,410.664686231,410.664686231,410.664686231,43.8716105133,4.8020000000000005,True,0,,0,,3b74eb299362c5af356285e63518f4994606aebd5a4abfbe73220f50791aee16,"[{'signature': '35eddcbb607fdd6f34d802ec000c82556545d3501fec8d2d093d0fe2a24e46c1', 'reason': 'exact_saved_deck_proof;AC_meas_prefix_only_source_revision'}]",,ok,5e-05,1e-07,25,60,63,,
,,,,,4000,"{'q': 'T2', 'borne': 'vo', 'mode': 'v', 'relay': 0, 'power': 1, 'body': 0, 'rail': 1, 'source': 0, 'tap': 0, 'phase': 0, 'grid': 0.5, 'arc': 1, 'idss': 0.007, 'vp': 1.6, 'ron': 700, 'temp': 25, 'stimulus': 'esd', 'amplitude': 4000, 'frequency': 60, 'stop': 5e-05, 'step': 1e-09, 'remove': 10.0, 'load': 0, 'zbv': 5.6, 'macro': 'reduced', 'rx0': 100, 'rx2': 1e-06, 'gdc': 420}",,reduced_PINOPA_direct_diode_conduction_Vf0.5_Ron1_assumed,8.710606776568476e-05,8.710606776568476e-05,,,,0.000530822682280956,reduced_PINOPA_direct_diode_conduction_Vf0.5_Ron1_assumed,9.75956394934565e-12,9.75956394934565e-12,,,9.296956123093152e-05,146.499427572,146.499427572,146.499427572,gdtmov,,,,32.06131319998531,,,,,1,e8_21e184d97a13bd730748,,True,protection,,0,,,,reduced,,,,a4000_chaingdtmov_g1_kprotection_i0_mreduced_qe8_r4d9_x0_s5em05_tau1em09_t25_ron60_u64_t2_vo_v_rel0_rs2700_rx10000_none_10000_p1_b0_r1_i0_tap0_ph0_gdc420_gimp1000_esd_a4000_t5em05_off10d0_reduced_opa4192_rx0_10k_rx2_10k_x1com_waitx2_3ms_waitx0_0d1ms,,,,E8,4.8783023497,279.948647514,279.948647514,279.948647514,279.948647514,279.948647514,279.948647514,44.4425858689,4.9,True,0,,0,,9584fece3f4e9863395bdcc06a8fedabf1b5c8c44911c32176f97edcaf9e0a8e,"[{'signature': '4850cf0836c851294990976aa8f29277c984f67ba0919c9326974cd107a1fbce', 'reason': 'exact_saved_deck_proof;AC_meas_prefix_only_source_revision'}]",,ok,5e-05,1e-09,25,60,64,,
,,,,,4000,"{'q': 'T2', 'borne': 'vo', 'mode': 'v', 'relay': 0, 'power': 1, 'body': 0, 'rail': 1, 'source': 0, 'tap': 0, 'phase': 0, 'grid': 0.5, 'arc': 1, 'idss': 0.007, 'vp': 1.6, 'ron': 700, 'temp': 25, 'stimulus': 'esd', 'amplitude': 4000, 'frequency': 60, 'stop': 5e-05, 'step': 1e-09, 'remove': 10.0, 'load': 0, 'zbv': 5.6, 'macro': 'reduced', 'rx0': 100, 'rx2': 1e-06, 'gdc': 420}",,reduced_PINOPA_direct_diode_conduction_Vf0.5_Ron1_assumed,6.774565166964274e-05,6.774565166964274e-05,,,,0.0005377951484161024,reduced_PINOPA_direct_diode_conduction_Vf0.5_Ron1_assumed,9.6310988738999e-12,9.6310988738999e-12,,,9.431086875712465e-05,144.622111968,144.622111968,144.622111968,gdtmov,,,,34.4337921999977,,,,,1,e8_7cb259cd2af3ee9d6124,,True,protection,,0,,,,reduced,,,,a4000_chaingdtmov_g1_kprotection_i0_mreduced_qe8_r4d9_x0_s5em05_tau1em07_t25_ron60_u64_t2_vo_v_rel0_rs2700_rx10000_none_10000_p1_b0_r1_i0_tap0_ph0_gdc420_gimp1000_esd_a4000_t5em05_off10d0_reduced_opa4192_rx0_10k_rx2_10k_x1com_waitx2_3ms_waitx0_0d1ms,,,,E8,4.81579578663,410.036489818,410.036489818,410.036489818,410.036489818,410.036489818,410.036489818,43.87307879,4.9,True,0,,0,,9abdc3ef86f99c0da1d98818500048cc3281afa301f287f11870d134d639f83e,"[{'signature': 'eda012181a55494adf13d672094b2e4ebcb5de0939340ab88c9751e83b79e26e', 'reason': 'exact_saved_deck_proof;AC_meas_prefix_only_source_revision'}]",,ok,5e-05,1e-07,25,60,64,,
,,,,,4000,"{'q': 'T2', 'borne': 'vo', 'mode': 'v', 'relay': 0, 'power': 1, 'body': 0, 'rail': 1, 'source': 0, 'tap': 0, 'phase': 0, 'grid': 0.5, 'arc': 1, 'idss': 0.007, 'vp': 1.6, 'ron': 700, 'temp': 25, 'stimulus': 'esd', 'amplitude': 4000, 'frequency': 60, 'stop': 5e-05, 'step': 1e-09, 'remove': 10.0, 'load': 0, 'zbv': 5.6, 'macro': 'reduced', 'rx0': 100, 'rx2': 1e-06, 'gdc': 780}",,reduced_PINOPA_direct_diode_conduction_Vf0.5_Ron1_assumed,8.71060680783704e-05,8.71060680783704e-05,,,,0.0005308226822823847,reduced_PINOPA_direct_diode_conduction_Vf0.5_Ron1_assumed,9.759563937868496e-12,9.759563937868496e-12,,,9.296956123036346e-05,146.499427399,146.499427399,146.499427399,gdtmov,,,,30.379714899987448,,,,,1,e8_dca578dbf8cabcbc6edf,,True,protection,,0,,,,reduced,,,,a4000_chaingdtmov_g1_kprotection_i0_mreduced_qe8_r4d9_x0_s5em05_tau1em09_t25_ron60_u65_t2_vo_v_rel0_rs2700_rx10000_none_10000_p1_b0_r1_i0_tap0_ph0_gdc780_gimp1000_esd_a4000_t5em05_off10d0_reduced_opa4192_rx0_10k_rx2_10k_x1com_waitx2_3ms_waitx0_0d1ms,,,,E8,4.87830234397,279.948652813,279.948652813,279.948652813,279.948652813,279.948652813,279.948652813,44.4425858166,4.9,True,0,,0,,afd566a6aedf345a7f419cadb3d55a22ac75d2c74c9e823e91d492c8bdd47c38,"[{'signature': 'de8b785a3353092451c814fbb5cf0dd4d6b24e7d01e63a9f4eb2631853671430', 'reason': 'exact_saved_deck_proof;AC_meas_prefix_only_source_revision'}]",,ok,5e-05,1e-09,25,60,65,,
,,,,,4000,"{'q': 'T2', 'borne': 'vo', 'mode': 'v', 'relay': 0, 'power': 1, 'body': 0, 'rail': 1, 'source': 0, 'tap': 0, 'phase': 0, 'grid': 0.5, 'arc': 1, 'idss': 0.007, 'vp': 1.6, 'ron': 700, 'temp': 25, 'stimulus': 'esd', 'amplitude': 4000, 'frequency': 60, 'stop': 5e-05, 'step': 1e-09, 'remove': 10.0, 'load': 0, 'zbv': 5.6, 'macro': 'reduced', 'rx0': 100, 'rx2': 1e-06, 'gdc': 780}",,reduced_PINOPA_direct_diode_conduction_Vf0.5_Ron1_assumed,6.774565166981968e-05,6.774565166981968e-05,,,,0.0005377951484161024,reduced_PINOPA_direct_diode_conduction_Vf0.5_Ron1_assumed,9.631098880977611e-12,9.631098880977611e-12,,,9.431086875712465e-05,144.622111974,144.622111974,144.622111974,gdtmov,,,,27.52787089999765,,,,,1,e8_77cffb75742c069d6549,,True,protection,,0,,,,reduced,,,,a4000_chaingdtmov_g1_kprotection_i0_mreduced_qe8_r4d9_x0_s5em05_tau1em07_t25_ron60_u65_t2_vo_v_rel0_rs2700_rx10000_none_10000_p1_b0_r1_i0_tap0_ph0_gdc780_gimp1000_esd_a4000_t5em05_off10d0_reduced_opa4192_rx0_10k_rx2_10k_x1com_waitx2_3ms_waitx0_0d1ms,,,,E8,4.81579578419,410.036489818,410.036489818,410.036489818,410.036489818,410.036489818,410.036489818,43.8730787917,4.9,True,0,,0,,6db4aff655fa80764fbf1877e7965111c4a06170a65b421e1420870b1b46bdd0,"[{'signature': '442b9e0a6179c852b0bb79e85bcb590071154f8ea8c66b37853a735c1c71ab40', 'reason': 'exact_saved_deck_proof;AC_meas_prefix_only_source_revision'}]",,ok,5e-05,1e-07,25,60,65,,
,,,,,4000,"{'q': 'T2', 'borne': 'vo', 'mode': 'v', 'relay': 0, 'power': 0, 'body': 0, 'rail': 1, 'source': 0, 'tap': 0, 'phase': 0, 'grid': 0.5, 'arc': 1, 'idss': 0.007, 'vp': 1.6, 'ron': 700, 'temp': 25, 'stimulus': 'esd', 'amplitude': 4000, 'frequency': 60, 'stop': 5e-05, 'step': 1e-09, 'remove': 10.0, 'load': 0, 'zbv': 5.6, 'macro': 'reduced', 'rx0': 100, 'rx2': 1e-06, 'gdc': 420}",,reduced_PINOPA_direct_diode_conduction_Vf0.5_Ron1_assumed,3.453628482537576e-05,3.453628482537576e-05,,,,5.402530025954423e-05,reduced_PINOPA_direct_diode_conduction_Vf0.5_Ron1_assumed,0.0004271374636846092,0.0004271374636846092,,,0.0004271762215844624,146.493621417,146.493621417,146.493621417,gdtmov,,,,47.98143899999559,,,,,1,e8_b9dcb3d6da889bf4fa85,,True,protection,,0,,,,reduced,,,,a4000_chaingdtmov_g1_kprotection_i0_mreduced_qe8_r4d9_x0_s5em05_tau1em09_t25_ron60_u66_t2_vo_v_rel0_rs2700_rx10000_none_10000_p0_b0_r1_i0_tap0_ph0_gdc420_gimp1000_esd_a4000_t5em05_off10d0_reduced_opa4192_rx0_10k_rx2_10k_x1com_waitx2_3ms_waitx0_0d1ms,,,,E8,4.77757973718,278.089897048,278.089897048,278.089897048,278.089897048,278.089897048,278.089897048,44.4408245154,4.9,True,0,,0,,256eb683805d69d7ef87c5e4e5b704da6b44eb9a36c609b17dd2be6bd801466c,"[{'signature': '42b4516eb22548779bad0524ec9899da58d2dff58729fa2b0d8027319bc58172', 'reason': 'exact_saved_deck_proof;AC_meas_prefix_only_source_revision'}]",,ok,5e-05,1e-09,25,60,66,,
,,,,,4000,"{'q': 'T2', 'borne': 'vo', 'mode': 'v', 'relay': 0, 'power': 0, 'body': 0, 'rail': 1, 'source': 0, 'tap': 0, 'phase': 0, 'grid': 0.5, 'arc': 1, 'idss': 0.007, 'vp': 1.6, 'ron': 700, 'temp': 25, 'stimulus': 'esd', 'amplitude': 4000, 'frequency': 60, 'stop': 5e-05, 'step': 1e-09, 'remove': 10.0, 'load': 0, 'zbv': 5.6, 'macro': 'reduced', 'rx0': 100, 'rx2': 1e-06, 'gdc': 420}",,reduced_PINOPA_direct_diode_conduction_Vf0.5_Ron1_assumed,3.4359143206481966e-05,3.4359143206481966e-05,,,,5.574862361259529e-05,reduced_PINOPA_direct_diode_conduction_Vf0.5_Ron1_assumed,0.00042272453494875904,0.00042272453494875904,,,0.0004227627730813352,144.617256634,144.617256634,144.617256634,gdtmov,,,,44.4601783999824,,,,,1,e8_5b2ed39a374fbdea6c38,,True,protection,,0,,,,reduced,,,,a4000_chaingdtmov_g1_kprotection_i0_mreduced_qe8_r4d9_x0_s5em05_tau1em07_t25_ron60_u66_t2_vo_v_rel0_rs2700_rx10000_none_10000_p0_b0_r1_i0_tap0_ph0_gdc420_gimp1000_esd_a4000_t5em05_off10d0_reduced_opa4192_rx0_10k_rx2_10k_x1com_waitx2_3ms_waitx0_0d1ms,,,,E8,4.73284697429,410.665431917,410.665431917,410.665431917,410.665431917,410.665431917,410.665431917,43.8716058642,4.9,True,0,,0,,c0bcb72b2978f56338fe18813caafdaf944d67498e8b8f32a24e087fcb1ac6b7,"[{'signature': '4197fc7eacffe9dc404013882e264b03711ec4b6c34aa1a4c94413f4bc3b3b34', 'reason': 'exact_saved_deck_proof;AC_meas_prefix_only_source_revision'}]",,ok,5e-05,1e-07,25,60,66,,
,,,,,4000,"{'q': 'T2', 'borne': 'vo', 'mode': 'v', 'relay': 0, 'power': 0, 'body': 0, 'rail': 1, 'source': 0, 'tap': 0, 'phase': 0, 'grid': 0.5, 'arc': 1, 'idss': 0.007, 'vp': 1.6, 'ron': 700, 'temp': 25, 'stimulus': 'esd', 'amplitude': 4000, 'frequency': 60, 'stop': 5e-05, 'step': 1e-09, 'remove': 10.0, 'load': 0, 'zbv': 5.6, 'macro': 'reduced', 'rx0': 100, 'rx2': 1e-06, 'gdc': 780}",,reduced_PINOPA_direct_diode_conduction_Vf0.5_Ron1_assumed,3.453628481951272e-05,3.453628481951272e-05,,,,5.402530025634011e-05,reduced_PINOPA_direct_diode_conduction_Vf0.5_Ron1_assumed,0.00042713746315245716,0.00042713746315245716,,,0.00042717622105225417,146.493621244,146.493621244,146.493621244,gdtmov,,,,35.24154879996786,,,,,1,e8_56ad216999eb840851c1,,True,protection,,0,,,,reduced,,,,a4000_chaingdtmov_g1_kprotection_i0_mreduced_qe8_r4d9_x0_s5em05_tau1em09_t25_ron60_u67_t2_vo_v_rel0_rs2700_rx10000_none_10000_p0_b0_r1_i0_tap0_ph0_gdc780_gimp1000_esd_a4000_t5em05_off10d0_reduced_opa4192_rx0_10k_rx2_10k_x1com_waitx2_3ms_waitx0_0d1ms,,,,E8,4.77757973184,278.089905872,278.089905872,278.089905872,278.089905872,278.089905872,278.089905872,44.4408244629,4.9,True,0,,0,,5a09242ae1e5acfc9a3384fcf7d64c281ef3792b73f9797ec5cbc325f35ca975,"[{'signature': 'd8a9c028973c1c013c3012050d759080776b89abfc2e09060faa871e0b5b9b60', 'reason': 'exact_saved_deck_proof;AC_meas_prefix_only_source_revision'}]",,ok,5e-05,1e-09,25,60,67,,
,,,,,4000,"{'q': 'T2', 'borne': 'vo', 'mode': 'v', 'relay': 0, 'power': 0, 'body': 0, 'rail': 1, 'source': 0, 'tap': 0, 'phase': 0, 'grid': 0.5, 'arc': 1, 'idss': 0.007, 'vp': 1.6, 'ron': 700, 'temp': 25, 'stimulus': 'esd', 'amplitude': 4000, 'frequency': 60, 'stop': 5e-05, 'step': 1e-09, 'remove': 10.0, 'load': 0, 'zbv': 5.6, 'macro': 'reduced', 'rx0': 100, 'rx2': 1e-06, 'gdc': 780}",,reduced_PINOPA_direct_diode_conduction_Vf0.5_Ron1_assumed,3.435914321690272e-05,3.435914321690272e-05,,,,5.574862361259531e-05,reduced_PINOPA_direct_diode_conduction_Vf0.5_Ron1_assumed,0.00042272453482225026,0.00042272453482225026,,,0.0004227627729564251,144.617256554,144.617256554,144.617256554,gdtmov,,,,36.22651870001573,,,,,1,e8_04c31deceb8f3e7db1ff,,True,protection,,0,,,,reduced,,,,a4000_chaingdtmov_g1_kprotection_i0_mreduced_qe8_r4d9_x0_s5em05_tau1em07_t25_ron60_u67_t2_vo_v_rel0_rs2700_rx10000_none_10000_p0_b0_r1_i0_tap0_ph0_gdc780_gimp1000_esd_a4000_t5em05_off10d0_reduced_opa4192_rx0_10k_rx2_10k_x1com_waitx2_3ms_waitx0_0d1ms,,,,E8,4.73284697294,410.665431917,410.665431917,410.665431917,410.665431917,410.665431917,410.665431917,43.8716058397,4.9,True,0,,0,,9109b719ef3519b74fe718b976ab07df9a0e9cc7f1148f25828ebd83d5f5dc7a,"[{'signature': '30b7681dda63464b9c99906f5abefd0e74b07186a5fe18cddbe1fc3a9e98bde5', 'reason': 'exact_saved_deck_proof;AC_meas_prefix_only_source_revision'}]",,ok,5e-05,1e-07,25,60,67,,
,,,,,4000,"{'q': 'T2', 'borne': 'vo', 'mode': 'v', 'relay': 0, 'power': 0, 'body': 1, 'rail': 1, 'source': 0, 'tap': 0, 'phase': 0, 'grid': 0.5, 'arc': 1, 'idss': 0.007, 'vp': 1.6, 'ron': 700, 'temp': 25, 'stimulus': 'esd', 'amplitude': 4000, 'frequency': 60, 'stop': 5e-05, 'step': 1e-09, 'remove': 10.0, 'load': 0, 'zbv': 5.6, 'macro': 'reduced', 'rx0': 100, 'rx2': 1e-06, 'gdc': 420}",,reduced_PINOPA_direct_diode_conduction_Vf0.5_Ron1_assumed,3.4536284879072774e-05,3.4536284879072774e-05,,,,5.402530026658226e-05,reduced_PINOPA_direct_diode_conduction_Vf0.5_Ron1_assumed,0.0004271374681618169,0.0004271374681618169,,,0.00042717622606837065,146.493622907,146.493622907,146.493622907,gdtmov,,,,43.561737600015476,,,,,1,e8_629bc52ff74ea704c024,,True,protection,,0,,,,reduced,,,,a4000_chaingdtmov_g1_kprotection_i0_mreduced_qe8_r4d9_x0_s5em05_tau1em09_t25_ron60_u68_t2_vo_v_rel0_rs2700_rx10000_none_10000_p0_b1_r1_i0_tap0_ph0_gdc420_gimp1000_esd_a4000_t5em05_off10d0_reduced_opa4192_rx0_10k_rx2_10k_x1com_waitx2_3ms_waitx0_0d1ms,,,,E8,4.77757978309,278.089896743,278.089896743,278.089896743,278.089896743,278.089896743,278.089896743,44.4408249674,4.9,True,0,,0,,de44ff20dd468596d025b1199026ab87fc236b48f7f92b06ddffd31376bdc06f,"[{'signature': '7b31815b3169e84063d5fa3dbfba91e80980dc86a11a6afdc11c1ddb932c192a', 'reason': 'exact_saved_deck_proof;AC_meas_prefix_only_source_revision'}]",,ok,5e-05,1e-09,25,60,68,,
,,,,,4000,"{'q': 'T2', 'borne': 'vo', 'mode': 'v', 'relay': 0, 'power': 0, 'body': 1, 'rail': 1, 'source': 0, 'tap': 0, 'phase': 0, 'grid': 0.5, 'arc': 1, 'idss': 0.007, 'vp': 1.6, 'ron': 700, 'temp': 25, 'stimulus': 'esd', 'amplitude': 4000, 'frequency': 60, 'stop': 5e-05, 'step': 1e-09, 'remove': 10.0, 'load': 0, 'zbv': 5.6, 'macro': 'reduced', 'rx0': 100, 'rx2': 1e-06, 'gdc': 420}",,reduced_PINOPA_direct_diode_conduction_Vf0.5_Ron1_assumed,3.435914320176179e-05,3.435914320176179e-05,,,,5.574862361963809e-05,reduced_PINOPA_direct_diode_conduction_Vf0.5_Ron1_assumed,0.0004227245348771943,0.0004227245348771943,,,0.0004227627730155954,144.617256634,144.617256634,144.617256634,gdtmov,,,,46.32946169999195,,,,,1,e8_ab519ede768476113b8e,,True,protection,,0,,,,reduced,,,,a4000_chaingdtmov_g1_kprotection_i0_mreduced_qe8_r4d9_x0_s5em05_tau1em07_t25_ron60_u68_t2_vo_v_rel0_rs2700_rx10000_none_10000_p0_b1_r1_i0_tap0_ph0_gdc420_gimp1000_esd_a4000_t5em05_off10d0_reduced_opa4192_rx0_10k_rx2_10k_x1com_waitx2_3ms_waitx0_0d1ms,,,,E8,4.7328469743,410.66543188,410.66543188,410.66543188,410.66543188,410.66543188,410.66543188,43.8716058642,4.9,True,0,,0,,c4c6f8e7710cc7a76e2783b3fd5f34acfc22dab63a4df242c48f4ec67db1fa8d,"[{'signature': '289c9d9d06db74b4ad750e9573a6e6d0cd1dc057c77acaa3f892ed3fcb1af29e', 'reason': 'exact_saved_deck_proof;AC_meas_prefix_only_source_revision'}]",,ok,5e-05,1e-07,25,60,68,,
,,,,,4000,"{'q': 'T2', 'borne': 'vo', 'mode': 'v', 'relay': 0, 'power': 0, 'body': 1, 'rail': 1, 'source': 0, 'tap': 0, 'phase': 0, 'grid': 0.5, 'arc': 1, 'idss': 0.007, 'vp': 1.6, 'ron': 700, 'temp': 25, 'stimulus': 'esd', 'amplitude': 4000, 'frequency': 60, 'stop': 5e-05, 'step': 1e-09, 'remove': 10.0, 'load': 0, 'zbv': 5.6, 'macro': 'reduced', 'rx0': 100, 'rx2': 1e-06, 'gdc': 780}",,reduced_PINOPA_direct_diode_conduction_Vf0.5_Ron1_assumed,3.4536284873209734e-05,3.4536284873209734e-05,,,,5.402530026337815e-05,reduced_PINOPA_direct_diode_conduction_Vf0.5_Ron1_assumed,0.0004271374676296607,0.0004271374676296607,,,0.0004271762255361582,146.493622734,146.493622734,146.493622734,gdtmov,,,,33.56484010000713,,,,,1,e8_4e9a6cb3c9a2c8e89e13,,True,protection,,0,,,,reduced,,,,a4000_chaingdtmov_g1_kprotection_i0_mreduced_qe8_r4d9_x0_s5em05_tau1em09_t25_ron60_u69_t2_vo_v_rel0_rs2700_rx10000_none_10000_p0_b1_r1_i0_tap0_ph0_gdc780_gimp1000_esd_a4000_t5em05_off10d0_reduced_opa4192_rx0_10k_rx2_10k_x1com_waitx2_3ms_waitx0_0d1ms,,,,E8,4.77757977775,278.089905567,278.089905567,278.089905567,278.089905567,278.089905567,278.089905567,44.4408249149,4.9,True,0,,0,,ba2ef91bd7cf7abc90d5e946806df8bf77d74c16ee6b531354d29cba7fea003a,"[{'signature': '497f5abdd8f966e2a1b312ba064ab51eb01d8262123d9231473daaa8456d419a', 'reason': 'exact_saved_deck_proof;AC_meas_prefix_only_source_revision'}]",,ok,5e-05,1e-09,25,60,69,,
,,,,,4000,"{'q': 'T2', 'borne': 'vo', 'mode': 'v', 'relay': 0, 'power': 0, 'body': 1, 'rail': 1, 'source': 0, 'tap': 0, 'phase': 0, 'grid': 0.5, 'arc': 1, 'idss': 0.007, 'vp': 1.6, 'ron': 700, 'temp': 25, 'stimulus': 'esd', 'amplitude': 4000, 'frequency': 60, 'stop': 5e-05, 'step': 1e-09, 'remove': 10.0, 'load': 0, 'zbv': 5.6, 'macro': 'reduced', 'rx0': 100, 'rx2': 1e-06, 'gdc': 780}",,reduced_PINOPA_direct_diode_conduction_Vf0.5_Ron1_assumed,3.43591432121826e-05,3.43591432121826e-05,,,,5.574862361963811e-05,reduced_PINOPA_direct_diode_conduction_Vf0.5_Ron1_assumed,0.00042272453475068565,0.00042272453475068565,,,0.00042276277289068535,144.617256554,144.617256554,144.617256554,gdtmov,,,,35.71590280003147,,,,,1,e8_fcb44e9f6c4ad57461c3,,True,protection,,0,,,,reduced,,,,a4000_chaingdtmov_g1_kprotection_i0_mreduced_qe8_r4d9_x0_s5em05_tau1em07_t25_ron60_u69_t2_vo_v_rel0_rs2700_rx10000_none_10000_p0_b1_r1_i0_tap0_ph0_gdc780_gimp1000_esd_a4000_t5em05_off10d0_reduced_opa4192_rx0_10k_rx2_10k_x1com_waitx2_3ms_waitx0_0d1ms,,,,E8,4.73284697295,410.66543188,410.66543188,410.66543188,410.66543188,410.66543188,410.66543188,43.8716058397,4.9,True,0,,0,,eeaf2879b0c84d723775ce16427c2988959f9de4c5ace334c27c5af485a43181,"[{'signature': '7f6eaad50d021ee3d1bb4f76a364d62f7b1fb2c7e1492b75fd5106af71581caa', 'reason': 'exact_saved_deck_proof;AC_meas_prefix_only_source_revision'}]",,ok,5e-05,1e-07,25,60,69,,
,,,,,4000,"{'q': 'T2', 'borne': 'vo', 'mode': 'v', 'relay': 0, 'power': 1, 'body': 0, 'rail': 1.02, 'source': 0, 'tap': 0, 'phase': 0, 'grid': 0.5, 'arc': 1, 'idss': 0.007, 'vp': 1.6, 'ron': 700, 'temp': 25, 'stimulus': 'esd', 'amplitude': 4000, 'frequency': 60, 'stop': 5e-05, 'step': 1e-09, 'remove': 10.0, 'load': 0, 'zbv': 5.6, 'macro': 'reduced', 'rx0': 100, 'rx2': 1e-06, 'gdc': 420}",,reduced_PINOPA_direct_diode_conduction_Vf0.5_Ron1_assumed,7.447114535355401e-05,7.447114535355401e-05,,,,0.0005403189565640492,reduced_PINOPA_direct_diode_conduction_Vf0.5_Ron1_assumed,9.7599064450385e-12,9.7599064450385e-12,,,9.296956190230631e-05,146.504547765,146.504547765,146.504547765,gdtmov,,,,32.63109809998423,,,,,1,e8_73cf480b7cce7463afd2,,True,protection,,0,,,,reduced,,,,a4000_chaingdtmov_g1_kprotection_i0_mreduced_qe8_r4d998_x0_s5em05_tau1em09_t25_ron60_u70_t2_vo_v_rel0_rs2700_rx10000_none_10000_p1_b0_r1d02_i0_tap0_ph0_gdc420_gimp1000_esd_a4000_t5em05_off10d0_reduced_opa4192_rx0_10k_rx2_10k_x1com_waitx2_3ms_waitx0_0d1ms,,,,E8,4.87847297536,280.05053678,280.05053678,280.05053678,280.05053678,280.05053678,280.05053678,44.4441391592,4.998,True,0,,0,,9d79776c8daf21653b897f3b2919a542b9a66583936df4ebfebb411b6be56354,"[{'signature': 'b9a56499c270eb6b7caaa246afa1fbfa7459e6c167930a9b64c1bbc179572973', 'reason': 'exact_saved_deck_proof;AC_meas_prefix_only_source_revision'}]",,ok,5e-05,1e-09,25,60,70,,
,,,,,4000,"{'q': 'T2', 'borne': 'vo', 'mode': 'v', 'relay': 0, 'power': 1, 'body': 0, 'rail': 1.02, 'source': 0, 'tap': 0, 'phase': 0, 'grid': 0.5, 'arc': 1, 'idss': 0.007, 'vp': 1.6, 'ron': 700, 'temp': 25, 'stimulus': 'esd', 'amplitude': 4000, 'frequency': 60, 'stop': 5e-05, 'step': 1e-09, 'remove': 10.0, 'load': 0, 'zbv': 5.6, 'macro': 'reduced', 'rx0': 100, 'rx2': 1e-06, 'gdc': 420}",,reduced_PINOPA_direct_diode_conduction_Vf0.5_Ron1_assumed,7.506433482763134e-05,7.506433482763134e-05,,,,0.0005474197689453607,reduced_PINOPA_direct_diode_conduction_Vf0.5_Ron1_assumed,9.631116139579224e-12,9.631116139579224e-12,,,9.431035188171686e-05,144.622345394,144.622345394,144.622345394,gdtmov,,,,31.67346900003031,,,,,1,e8_79beb14281dc67733502,,True,protection,,0,,,,reduced,,,,a4000_chaingdtmov_g1_kprotection_i0_mreduced_qe8_r4d998_x0_s5em05_tau1em07_t25_ron60_u70_t2_vo_v_rel0_rs2700_rx10000_none_10000_p1_b0_r1d02_i0_tap0_ph0_gdc420_gimp1000_esd_a4000_t5em05_off10d0_reduced_opa4192_rx0_10k_rx2_10k_x1com_waitx2_3ms_waitx0_0d1ms,,,,E8,4.81580342321,410.000850687,410.000850687,410.000850687,410.000850687,410.000850687,410.000850687,43.8731495963,4.998,True,0,,0,,b8b7fd020914378872dc19d8f891c98a85ba5a4210aa6b135f308359f3982336,"[{'signature': '696398eef1018d73082c4f37c508b1b28e279e0f4ded0f51a0986b85ee7c5158', 'reason': 'exact_saved_deck_proof;AC_meas_prefix_only_source_revision'}]",,ok,5e-05,1e-07,25,60,70,,
,,,,,4000,"{'q': 'T2', 'borne': 'vo', 'mode': 'v', 'relay': 0, 'power': 1, 'body': 0, 'rail': 1.02, 'source': 0, 'tap': 0, 'phase': 0, 'grid': 0.5, 'arc': 1, 'idss': 0.007, 'vp': 1.6, 'ron': 700, 'temp': 25, 'stimulus': 'esd', 'amplitude': 4000, 'frequency': 60, 'stop': 5e-05, 'step': 1e-09, 'remove': 10.0, 'load': 0, 'zbv': 5.6, 'macro': 'reduced', 'rx0': 100, 'rx2': 1e-06, 'gdc': 780}",,reduced_PINOPA_direct_diode_conduction_Vf0.5_Ron1_assumed,7.447114489663912e-05,7.447114489663912e-05,,,,0.0005403189565625834,reduced_PINOPA_direct_diode_conduction_Vf0.5_Ron1_assumed,9.759906433515348e-12,9.759906433515348e-12,,,9.29695619017348e-05,146.504547592,146.504547592,146.504547592,gdtmov,,,,26.293414299958386,,,,,1,e8_a7ce827b286581767b76,,True,protection,,0,,,,reduced,,,,a4000_chaingdtmov_g1_kprotection_i0_mreduced_qe8_r4d998_x0_s5em05_tau1em09_t25_ron60_u71_t2_vo_v_rel0_rs2700_rx10000_none_10000_p1_b0_r1d02_i0_tap0_ph0_gdc780_gimp1000_esd_a4000_t5em05_off10d0_reduced_opa4192_rx0_10k_rx2_10k_x1com_waitx2_3ms_waitx0_0d1ms,,,,E8,4.8784729696,280.050542134,280.050542134,280.050542134,280.050542134,280.050542134,280.050542134,44.4441391068,4.998,True,0,,0,,92fe239ba0c5405bb52d39f4ae3f3d4bdf0a74b3534e73a00dfa21d93e9f4eb5,"[{'signature': '2a33d7ddd21122afea5d9bd4658db6858a5cd5f94d518a90d55efcda7ee61b70', 'reason': 'exact_saved_deck_proof;AC_meas_prefix_only_source_revision'}]",,ok,5e-05,1e-09,25,60,71,,
,,,,,4000,"{'q': 'T2', 'borne': 'vo', 'mode': 'v', 'relay': 0, 'power': 1, 'body': 0, 'rail': 1.02, 'source': 0, 'tap': 0, 'phase': 0, 'grid': 0.5, 'arc': 1, 'idss': 0.007, 'vp': 1.6, 'ron': 700, 'temp': 25, 'stimulus': 'esd', 'amplitude': 4000, 'frequency': 60, 'stop': 5e-05, 'step': 1e-09, 'remove': 10.0, 'load': 0, 'zbv': 5.6, 'macro': 'reduced', 'rx0': 100, 'rx2': 1e-06, 'gdc': 780}",,reduced_PINOPA_direct_diode_conduction_Vf0.5_Ron1_assumed,7.506433482762744e-05,7.506433482762744e-05,,,,0.0005474197689453607,reduced_PINOPA_direct_diode_conduction_Vf0.5_Ron1_assumed,9.631116133340572e-12,9.631116133340572e-12,,,9.431035188171686e-05,144.622345312,144.622345312,144.622345312,gdtmov,,,,27.52968450001208,,,,,1,e8_3f0e973419afee18bc16,,True,protection,,0,,,,reduced,,,,a4000_chaingdtmov_g1_kprotection_i0_mreduced_qe8_r4d998_x0_s5em05_tau1em07_t25_ron60_u71_t2_vo_v_rel0_rs2700_rx10000_none_10000_p1_b0_r1d02_i0_tap0_ph0_gdc780_gimp1000_esd_a4000_t5em05_off10d0_reduced_opa4192_rx0_10k_rx2_10k_x1com_waitx2_3ms_waitx0_0d1ms,,,,E8,4.81580342049,410.000850687,410.000850687,410.000850687,410.000850687,410.000850687,410.000850687,43.8731495715,4.998,True,0,,0,,4338bc868874786437ef9be61e889dd39bb47660b1d1b6a0b3eb86fe2a6f9d2b,"[{'signature': '2bb5744890b9b2c0c8ef645714d76df840c2fc792dc52536efd328a4b4c0b136', 'reason': 'exact_saved_deck_proof;AC_meas_prefix_only_source_revision'}]",,ok,5e-05,1e-07,25,60,71,,
,,,,,4000,"{'q': 'T2', 'borne': 'vo', 'mode': 'v', 'relay': 0, 'power': 0, 'body': 0, 'rail': 1.02, 'source': 0, 'tap': 0, 'phase': 0, 'grid': 0.5, 'arc': 1, 'idss': 0.007, 'vp': 1.6, 'ron': 700, 'temp': 25, 'stimulus': 'esd', 'amplitude': 4000, 'frequency': 60, 'stop': 5e-05, 'step': 1e-09, 'remove': 10.0, 'load': 0, 'zbv': 5.6, 'macro': 'reduced', 'rx0': 100, 'rx2': 1e-06, 'gdc': 420}",,reduced_PINOPA_direct_diode_conduction_Vf0.5_Ron1_assumed,3.453628482539023e-05,3.453628482539023e-05,,,,5.402530025954613e-05,reduced_PINOPA_direct_diode_conduction_Vf0.5_Ron1_assumed,0.0004271374636858181,0.0004271374636858181,,,0.00042717622158567313,146.493621418,146.493621418,146.493621418,gdtmov,,,,49.84418070001993,,,,,1,e8_e31309a4638b05660a3e,,True,protection,,0,,,,reduced,,,,a4000_chaingdtmov_g1_kprotection_i0_mreduced_qe8_r4d998_x0_s5em05_tau1em09_t25_ron60_u72_t2_vo_v_rel0_rs2700_rx10000_none_10000_p0_b0_r1d02_i0_tap0_ph0_gdc420_gimp1000_esd_a4000_t5em05_off10d0_reduced_opa4192_rx0_10k_rx2_10k_x1com_waitx2_3ms_waitx0_0d1ms,,,,E8,4.7775797372,278.089897048,278.089897048,278.089897048,278.089897048,278.089897048,278.089897048,44.4408245155,4.998,True,0,,0,,4fde9b69b10c9b5c976cbcb45af43f4c56b55e89f64327e6fd4f1821d409bf34,"[{'signature': '8eba0598369a4482b929e9dc13fd7c8e4a017719e467fc0d3eee3c1bcedd9930', 'reason': 'exact_saved_deck_proof;AC_meas_prefix_only_source_revision'}]",,ok,5e-05,1e-09,25,60,72,,
,,,,,4000,"{'q': 'T2', 'borne': 'vo', 'mode': 'v', 'relay': 0, 'power': 0, 'body': 0, 'rail': 1.02, 'source': 0, 'tap': 0, 'phase': 0, 'grid': 0.5, 'arc': 1, 'idss': 0.007, 'vp': 1.6, 'ron': 700, 'temp': 25, 'stimulus': 'esd', 'amplitude': 4000, 'frequency': 60, 'stop': 5e-05, 'step': 1e-09, 'remove': 10.0, 'load': 0, 'zbv': 5.6, 'macro': 'reduced', 'rx0': 100, 'rx2': 1e-06, 'gdc': 420}",,reduced_PINOPA_direct_diode_conduction_Vf0.5_Ron1_assumed,3.4359143206480665e-05,3.4359143206480665e-05,,,,5.574862361259718e-05,reduced_PINOPA_direct_diode_conduction_Vf0.5_Ron1_assumed,0.00042272453494873995,0.00042272453494873995,,,0.0004227627730813177,144.617256634,144.617256634,144.617256634,gdtmov,,,,43.627842999994755,,,,,1,e8_5ede256d803cacde413f,,True,protection,,0,,,,reduced,,,,a4000_chaingdtmov_g1_kprotection_i0_mreduced_qe8_r4d998_x0_s5em05_tau1em07_t25_ron60_u72_t2_vo_v_rel0_rs2700_rx10000_none_10000_p0_b0_r1d02_i0_tap0_ph0_gdc420_gimp1000_esd_a4000_t5em05_off10d0_reduced_opa4192_rx0_10k_rx2_10k_x1com_waitx2_3ms_waitx0_0d1ms,,,,E8,4.73284697429,410.665431917,410.665431917,410.665431917,410.665431917,410.665431917,410.665431917,43.8716058642,4.998,True,0,,0,,c1094ac19941a4e2c5c6a0fbf0dd603dcf0d75c97372f4af730481f71dbd8118,"[{'signature': 'f123ad701ce7a12e5c9dfb52166ef897f02715b95b250ccf3b9fda894248c57a', 'reason': 'exact_saved_deck_proof;AC_meas_prefix_only_source_revision'}]",,ok,5e-05,1e-07,25,60,72,,
,,,,,4000,"{'q': 'T2', 'borne': 'vo', 'mode': 'v', 'relay': 0, 'power': 0, 'body': 0, 'rail': 1.02, 'source': 0, 'tap': 0, 'phase': 0, 'grid': 0.5, 'arc': 1, 'idss': 0.007, 'vp': 1.6, 'ron': 700, 'temp': 25, 'stimulus': 'esd', 'amplitude': 4000, 'frequency': 60, 'stop': 5e-05, 'step': 1e-09, 'remove': 10.0, 'load': 0, 'zbv': 5.6, 'macro': 'reduced', 'rx0': 100, 'rx2': 1e-06, 'gdc': 780}",,reduced_PINOPA_direct_diode_conduction_Vf0.5_Ron1_assumed,3.453628481952719e-05,3.453628481952719e-05,,,,5.402530025634199e-05,reduced_PINOPA_direct_diode_conduction_Vf0.5_Ron1_assumed,0.00042713746315366593,0.00042713746315366593,,,0.0004271762210534648,146.493621245,146.493621245,146.493621245,gdtmov,,,,33.63890900003025,,,,,1,e8_afce899bdabb58efcf32,,True,protection,,0,,,,reduced,,,,a4000_chaingdtmov_g1_kprotection_i0_mreduced_qe8_r4d998_x0_s5em05_tau1em09_t25_ron60_u73_t2_vo_v_rel0_rs2700_rx10000_none_10000_p0_b0_r1d02_i0_tap0_ph0_gdc780_gimp1000_esd_a4000_t5em05_off10d0_reduced_opa4192_rx0_10k_rx2_10k_x1com_waitx2_3ms_waitx0_0d1ms,,,,E8,4.77757973185,278.089905872,278.089905872,278.089905872,278.089905872,278.089905872,278.089905872,44.440824463,4.998,True,0,,0,,57d13ff7cf6531952c17223dd2a3fe81e34283355e04577ff148b83c68d67908,"[{'signature': 'a93f94f8e5dc89430cc7905b9919448ad8f15d109ce0237efe8137a8a7a133e9', 'reason': 'exact_saved_deck_proof;AC_meas_prefix_only_source_revision'}]",,ok,5e-05,1e-09,25,60,73,,
,,,,,4000,"{'q': 'T2', 'borne': 'vo', 'mode': 'v', 'relay': 0, 'power': 0, 'body': 0, 'rail': 1.02, 'source': 0, 'tap': 0, 'phase': 0, 'grid': 0.5, 'arc': 1, 'idss': 0.007, 'vp': 1.6, 'ron': 700, 'temp': 25, 'stimulus': 'esd', 'amplitude': 4000, 'frequency': 60, 'stop': 5e-05, 'step': 1e-09, 'remove': 10.0, 'load': 0, 'zbv': 5.6, 'macro': 'reduced', 'rx0': 100, 'rx2': 1e-06, 'gdc': 780}",,reduced_PINOPA_direct_diode_conduction_Vf0.5_Ron1_assumed,3.435914321690153e-05,3.435914321690153e-05,,,,5.5748623612597226e-05,reduced_PINOPA_direct_diode_conduction_Vf0.5_Ron1_assumed,0.00042272453482223107,0.00042272453482223107,,,0.00042276277295640746,144.617256554,144.617256554,144.617256554,gdtmov,,,,33.82140029995935,,,,,1,e8_d711cca2217b0011cffa,,True,protection,,0,,,,reduced,,,,a4000_chaingdtmov_g1_kprotection_i0_mreduced_qe8_r4d998_x0_s5em05_tau1em07_t25_ron60_u73_t2_vo_v_rel0_rs2700_rx10000_none_10000_p0_b0_r1d02_i0_tap0_ph0_gdc780_gimp1000_esd_a4000_t5em05_off10d0_reduced_opa4192_rx0_10k_rx2_10k_x1com_waitx2_3ms_waitx0_0d1ms,,,,E8,4.73284697294,410.665431917,410.665431917,410.665431917,410.665431917,410.665431917,410.665431917,43.8716058397,4.998,True,0,,0,,c854a6b6aa2de19775f2061bce210a622da5897edc13faf74581b8d51edd744c,"[{'signature': '2b237c8d94fdcdb40832a5722908466015e4552047410e3531b5d457dcf9aae5', 'reason': 'exact_saved_deck_proof;AC_meas_prefix_only_source_revision'}]",,ok,5e-05,1e-07,25,60,73,,
,,,,,4000,"{'q': 'T2', 'borne': 'vo', 'mode': 'v', 'relay': 0, 'power': 0, 'body': 1, 'rail': 1.02, 'source': 0, 'tap': 0, 'phase': 0, 'grid': 0.5, 'arc': 1, 'idss': 0.007, 'vp': 1.6, 'ron': 700, 'temp': 25, 'stimulus': 'esd', 'amplitude': 4000, 'frequency': 60, 'stop': 5e-05, 'step': 1e-09, 'remove': 10.0, 'load': 0, 'zbv': 5.6, 'macro': 'reduced', 'rx0': 100, 'rx2': 1e-06, 'gdc': 420}",,reduced_PINOPA_direct_diode_conduction_Vf0.5_Ron1_assumed,3.4536284879079984e-05,3.4536284879079984e-05,,,,5.4025300266583196e-05,reduced_PINOPA_direct_diode_conduction_Vf0.5_Ron1_assumed,0.0004271374681624145,0.0004271374681624145,,,0.00042717622606896924,146.493622907,146.493622907,146.493622907,gdtmov,,,,41.82588419999229,,,,,1,e8_37d4e806801c314b12e9,,True,protection,,0,,,,reduced,,,,a4000_chaingdtmov_g1_kprotection_i0_mreduced_qe8_r4d998_x0_s5em05_tau1em09_t25_ron60_u74_t2_vo_v_rel0_rs2700_rx10000_none_10000_p0_b1_r1d02_i0_tap0_ph0_gdc420_gimp1000_esd_a4000_t5em05_off10d0_reduced_opa4192_rx0_10k_rx2_10k_x1com_waitx2_3ms_waitx0_0d1ms,,,,E8,4.7775797831,278.089896743,278.089896743,278.089896743,278.089896743,278.089896743,278.089896743,44.4408249674,4.998,True,0,,0,,ff0ec29dc4e28eb4c682b45176e032aa5ee5d4b7e775f922bd9a470b0f42c072,"[{'signature': '15d2e5fd9f567e15a4081dfbfe2a0a6545884497755217ad9337eb644421ef79', 'reason': 'exact_saved_deck_proof;AC_meas_prefix_only_source_revision'}]",,ok,5e-05,1e-09,25,60,74,,
,,,,,4000,"{'q': 'T2', 'borne': 'vo', 'mode': 'v', 'relay': 0, 'power': 0, 'body': 1, 'rail': 1.02, 'source': 0, 'tap': 0, 'phase': 0, 'grid': 0.5, 'arc': 1, 'idss': 0.007, 'vp': 1.6, 'ron': 700, 'temp': 25, 'stimulus': 'esd', 'amplitude': 4000, 'frequency': 60, 'stop': 5e-05, 'step': 1e-09, 'remove': 10.0, 'load': 0, 'zbv': 5.6, 'macro': 'reduced', 'rx0': 100, 'rx2': 1e-06, 'gdc': 420}",,reduced_PINOPA_direct_diode_conduction_Vf0.5_Ron1_assumed,3.43591432017613e-05,3.43591432017613e-05,,,,5.574862361963903e-05,reduced_PINOPA_direct_diode_conduction_Vf0.5_Ron1_assumed,0.0004227245348771848,0.0004227245348771848,,,0.00042276277301558663,144.617256634,144.617256634,144.617256634,gdtmov,,,,42.8045328000444,,,,,1,e8_fdb82f18b521e3b19b72,,True,protection,,0,,,,reduced,,,,a4000_chaingdtmov_g1_kprotection_i0_mreduced_qe8_r4d998_x0_s5em05_tau1em07_t25_ron60_u74_t2_vo_v_rel0_rs2700_rx10000_none_10000_p0_b1_r1d02_i0_tap0_ph0_gdc420_gimp1000_esd_a4000_t5em05_off10d0_reduced_opa4192_rx0_10k_rx2_10k_x1com_waitx2_3ms_waitx0_0d1ms,,,,E8,4.7328469743,410.66543188,410.66543188,410.66543188,410.66543188,410.66543188,410.66543188,43.8716058642,4.998,True,0,,0,,6348e52c5d9bee0084b5b6f46a69920b5d1b434b0a55389f70a8106b703f10ca,"[{'signature': 'ebb1744f6680ac5ba9ddab012439fd330d3554c98356879b3d133192e112500e', 'reason': 'exact_saved_deck_proof;AC_meas_prefix_only_source_revision'}]",,ok,5e-05,1e-07,25,60,74,,
,,,,,4000,"{'q': 'T2', 'borne': 'vo', 'mode': 'v', 'relay': 0, 'power': 0, 'body': 1, 'rail': 1.02, 'source': 0, 'tap': 0, 'phase': 0, 'grid': 0.5, 'arc': 1, 'idss': 0.007, 'vp': 1.6, 'ron': 700, 'temp': 25, 'stimulus': 'esd', 'amplitude': 4000, 'frequency': 60, 'stop': 5e-05, 'step': 1e-09, 'remove': 10.0, 'load': 0, 'zbv': 5.6, 'macro': 'reduced', 'rx0': 100, 'rx2': 1e-06, 'gdc': 780}",,reduced_PINOPA_direct_diode_conduction_Vf0.5_Ron1_assumed,3.453628487321689e-05,3.453628487321689e-05,,,,5.40253002633791e-05,reduced_PINOPA_direct_diode_conduction_Vf0.5_Ron1_assumed,0.00042713746763025815,0.00042713746763025815,,,0.0004271762255367566,146.493622734,146.493622734,146.493622734,gdtmov,,,,38.57787850004388,,,,,1,e8_e300ef9d5e846d5bc6e3,,True,protection,,0,,,,reduced,,,,a4000_chaingdtmov_g1_kprotection_i0_mreduced_qe8_r4d998_x0_s5em05_tau1em09_t25_ron60_u75_t2_vo_v_rel0_rs2700_rx10000_none_10000_p0_b1_r1d02_i0_tap0_ph0_gdc780_gimp1000_esd_a4000_t5em05_off10d0_reduced_opa4192_rx0_10k_rx2_10k_x1com_waitx2_3ms_waitx0_0d1ms,,,,E8,4.77757977776,278.089905567,278.089905567,278.089905567,278.089905567,278.089905567,278.089905567,44.4408249149,4.998,True,0,,0,,bcfa43ae2bd737d5ee7d0141f4602d0b5dc0c198fd8f159cc44804182957ce91,"[{'signature': '21a41e624393b844a25a4e359589b6126b7132e136e022be6f179bfc3e4e3a3f', 'reason': 'exact_saved_deck_proof;AC_meas_prefix_only_source_revision'}]",,ok,5e-05,1e-09,25,60,75,,
,,,,,4000,"{'q': 'T2', 'borne': 'vo', 'mode': 'v', 'relay': 0, 'power': 0, 'body': 1, 'rail': 1.02, 'source': 0, 'tap': 0, 'phase': 0, 'grid': 0.5, 'arc': 1, 'idss': 0.007, 'vp': 1.6, 'ron': 700, 'temp': 25, 'stimulus': 'esd', 'amplitude': 4000, 'frequency': 60, 'stop': 5e-05, 'step': 1e-09, 'remove': 10.0, 'load': 0, 'zbv': 5.6, 'macro': 'reduced', 'rx0': 100, 'rx2': 1e-06, 'gdc': 780}",,reduced_PINOPA_direct_diode_conduction_Vf0.5_Ron1_assumed,3.4359143212182e-05,3.4359143212182e-05,,,,5.574862361963905e-05,reduced_PINOPA_direct_diode_conduction_Vf0.5_Ron1_assumed,0.00042272453475067606,0.00042272453475067606,,,0.00042276277289067656,144.617256554,144.617256554,144.617256554,gdtmov,,,,32.51473900000565,,,,,1,e8_25de16bf87cf9aa9d0cf,,True,protection,,0,,,,reduced,,,,a4000_chaingdtmov_g1_kprotection_i0_mreduced_qe8_r4d998_x0_s5em05_tau1em07_t25_ron60_u75_t2_vo_v_rel0_rs2700_rx10000_none_10000_p0_b1_r1d02_i0_tap0_ph0_gdc780_gimp1000_esd_a4000_t5em05_off10d0_reduced_opa4192_rx0_10k_rx2_10k_x1com_waitx2_3ms_waitx0_0d1ms,,,,E8,4.73284697295,410.66543188,410.66543188,410.66543188,410.66543188,410.66543188,410.66543188,43.8716058397,4.998,True,0,,0,,d325f374ec24536cc00bb1829c4c561ccb95210cfad81ee7f2a00a8eabc1b550,"[{'signature': '14f3e1e227c4bd74067559ab656d90744d199a45769281167faea9f5af29f286', 'reason': 'exact_saved_deck_proof;AC_meas_prefix_only_source_revision'}]",,ok,5e-05,1e-07,25,60,75,,
,,,,,-8000,"{'q': 'T2', 'borne': 'vo', 'mode': 'v', 'relay': 0, 'power': 1, 'body': 0, 'rail': 0.98, 'source': 0, 'tap': 0, 'phase': 0, 'grid': 0.5, 'arc': 1, 'idss': 0.007, 'vp': 1.6, 'ron': 700, 'temp': 25, 'stimulus': 'esd', 'amplitude': -8000, 'frequency': 60, 'stop': 5e-05, 'step': 1e-09, 'remove': 10.0, 'load': 0, 'zbv': 5.6, 'macro': 'reduced', 'rx0': 100, 'rx2': 1e-06, 'gdc': 420}",,reduced_PINOPA_direct_diode_conduction_Vf0.5_Ron1_assumed,7.995849687904416e-05,7.995849687904416e-05,,,,0.0005136277091263771,reduced_PINOPA_direct_diode_conduction_Vf0.5_Ron1_assumed,1.0337539068866826e-11,1.0337539068866826e-11,,,9.66644010856323e-05,155.508099468,155.508099468,155.508099468,gdtmov,,,,31.448163099994417,,,,,1,e8_4e996b76c627fa25c68c,,True,protection,,0,,,,reduced,,,,am8000_chaingdtmov_g1_kprotection_i0_mreduced_qe8_r4d802_x0_s5em05_tau1em09_t25_ron60_u76_t2_vo_v_rel0_rs2700_rx10000_none_10000_p1_b0_r0d98_i0_tap0_ph0_gdc420_gimp1000_esd_am8000_t5em05_off10d0_reduced_opa4192_rx0_10k_rx2_10k_x1com_waitx2_3ms_waitx0_0d1ms,,,,E8,5.17814913889,279.776956817,279.776956817,279.776956817,279.776956817,279.776956817,279.776956817,47.1754915268,4.8020000000000005,True,0,,0,,0d0f81b02b82925ec72c68f6e4842ee239ebf8d114cc509ae8da1fa8e84ab392,"[{'signature': '2507edb7132ef3753a212489d6fb9467a2d15bd57eb9552c772707913dd040b1', 'reason': 'exact_saved_deck_proof;AC_meas_prefix_only_source_revision'}]",,ok,5e-05,1e-09,25,60,76,,
,,,,,-8000,"{'q': 'T2', 'borne': 'vo', 'mode': 'v', 'relay': 0, 'power': 1, 'body': 0, 'rail': 0.98, 'source': 0, 'tap': 0, 'phase': 0, 'grid': 0.5, 'arc': 1, 'idss': 0.007, 'vp': 1.6, 'ron': 700, 'temp': 25, 'stimulus': 'esd', 'amplitude': -8000, 'frequency': 60, 'stop': 5e-05, 'step': 1e-09, 'remove': 10.0, 'load': 0, 'zbv': 5.6, 'macro': 'reduced', 'rx0': 100, 'rx2': 1e-06, 'gdc': 420}",,reduced_PINOPA_direct_diode_conduction_Vf0.5_Ron1_assumed,7.32698930621224e-05,7.32698930621224e-05,,,,0.0005219139783862243,reduced_PINOPA_direct_diode_conduction_Vf0.5_Ron1_assumed,1.0370259736356651e-11,1.0370259736356651e-11,,,9.837509355777948e-05,156.012859075,156.012859075,156.012859075,gdtmov,,,,32.873766899982,,,,,1,e8_f1e61d545cd22af8d484,,True,protection,,0,,,,reduced,,,,am8000_chaingdtmov_g1_kprotection_i0_mreduced_qe8_r4d802_x0_s5em05_tau1em07_t25_ron60_u76_t2_vo_v_rel0_rs2700_rx10000_none_10000_p1_b0_r0d98_i0_tap0_ph0_gdc420_gimp1000_esd_am8000_t5em05_off10d0_reduced_opa4192_rx0_10k_rx2_10k_x1com_waitx2_3ms_waitx0_0d1ms,,,,E8,5.19495064951,557.813912629,557.813912629,557.813912629,557.813912629,557.813912629,557.813912629,47.3286173012,4.8020000000000005,True,0,,0,,a3bf9334dd2edfdef07e16081afdde5baf0fe27309560e8cc1bca1480fca930d,"[{'signature': '72af376c13176210d4605b45103feae738d44d4b5494e39d48dc6612da61a356', 'reason': 'exact_saved_deck_proof;AC_meas_prefix_only_source_revision'}]",,ok,5e-05,1e-07,25,60,76,,
,,,,,-8000,"{'q': 'T2', 'borne': 'vo', 'mode': 'v', 'relay': 0, 'power': 1, 'body': 0, 'rail': 0.98, 'source': 0, 'tap': 0, 'phase': 0, 'grid': 0.5, 'arc': 1, 'idss': 0.007, 'vp': 1.6, 'ron': 700, 'temp': 25, 'stimulus': 'esd', 'amplitude': -8000, 'frequency': 60, 'stop': 5e-05, 'step': 1e-09, 'remove': 10.0, 'load': 0, 'zbv': 5.6, 'macro': 'reduced', 'rx0': 100, 'rx2': 1e-06, 'gdc': 780}",,reduced_PINOPA_direct_diode_conduction_Vf0.5_Ron1_assumed,7.995849688047227e-05,7.995849688047227e-05,,,,0.0005136277091264161,reduced_PINOPA_direct_diode_conduction_Vf0.5_Ron1_assumed,1.0337539068938081e-11,1.0337539068938081e-11,,,9.666440108563146e-05,155.508099468,155.508099468,155.508099468,gdtmov,,,,26.709345999988727,,,,,1,e8_d495fa7e8632f4e0558f,,True,protection,,0,,,,reduced,,,,am8000_chaingdtmov_g1_kprotection_i0_mreduced_qe8_r4d802_x0_s5em05_tau1em09_t25_ron60_u77_t2_vo_v_rel0_rs2700_rx10000_none_10000_p1_b0_r0d98_i0_tap0_ph0_gdc780_gimp1000_esd_am8000_t5em05_off10d0_reduced_opa4192_rx0_10k_rx2_10k_x1com_waitx2_3ms_waitx0_0d1ms,,,,E8,5.17814913891,279.776956822,279.776956822,279.776956822,279.776956822,279.776956822,279.776956822,47.1754915269,4.8020000000000005,True,0,,0,,c1b37b0cbfda86e2229126c662578abbeeb3ca07f8adc3fa20f49f4a22aa4d34,"[{'signature': 'ed1daff6e30940ab605a478148a1de8a085ab0e40deedba18733461e96688390', 'reason': 'exact_saved_deck_proof;AC_meas_prefix_only_source_revision'}]",,ok,5e-05,1e-09,25,60,77,,
,,,,,-8000,"{'q': 'T2', 'borne': 'vo', 'mode': 'v', 'relay': 0, 'power': 1, 'body': 0, 'rail': 0.98, 'source': 0, 'tap': 0, 'phase': 0, 'grid': 0.5, 'arc': 1, 'idss': 0.007, 'vp': 1.6, 'ron': 700, 'temp': 25, 'stimulus': 'esd', 'amplitude': -8000, 'frequency': 60, 'stop': 5e-05, 'step': 1e-09, 'remove': 10.0, 'load': 0, 'zbv': 5.6, 'macro': 'reduced', 'rx0': 100, 'rx2': 1e-06, 'gdc': 780}",,reduced_PINOPA_direct_diode_conduction_Vf0.5_Ron1_assumed,7.326989306213454e-05,7.326989306213454e-05,,,,0.0005219139783862243,reduced_PINOPA_direct_diode_conduction_Vf0.5_Ron1_assumed,1.037025973618003e-11,1.037025973618003e-11,,,9.837509355777948e-05,156.012859072,156.012859072,156.012859072,gdtmov,,,,26.790047799993772,,,,,1,e8_2e22cd29ad0f1f308889,,True,protection,,0,,,,reduced,,,,am8000_chaingdtmov_g1_kprotection_i0_mreduced_qe8_r4d802_x0_s5em05_tau1em07_t25_ron60_u77_t2_vo_v_rel0_rs2700_rx10000_none_10000_p1_b0_r0d98_i0_tap0_ph0_gdc780_gimp1000_esd_am8000_t5em05_off10d0_reduced_opa4192_rx0_10k_rx2_10k_x1com_waitx2_3ms_waitx0_0d1ms,,,,E8,5.19495064942,557.813912629,557.813912629,557.813912629,557.813912629,557.813912629,557.813912629,47.3286173003,4.8020000000000005,True,0,,0,,470191a24c641235ffd489903588fc4058414abac2def248d9a942da842e0141,"[{'signature': 'b9d9075532580097172d9a2c2587a9ee695a18c126b2b728b3807c682b4528e1', 'reason': 'exact_saved_deck_proof;AC_meas_prefix_only_source_revision'}]",,ok,5e-05,1e-07,25,60,77,,
,,,,,-8000,"{'q': 'T2', 'borne': 'vo', 'mode': 'v', 'relay': 0, 'power': 0, 'body': 0, 'rail': 0.98, 'source': 0, 'tap': 0, 'phase': 0, 'grid': 0.5, 'arc': 1, 'idss': 0.007, 'vp': 1.6, 'ron': 700, 'temp': 25, 'stimulus': 'esd', 'amplitude': -8000, 'frequency': 60, 'stop': 5e-05, 'step': 1e-09, 'remove': 10.0, 'load': 0, 'zbv': 5.6, 'macro': 'reduced', 'rx0': 100, 'rx2': 1e-06, 'gdc': 420}",,reduced_PINOPA_direct_diode_conduction_Vf0.5_Ron1_assumed,3.476821251561904e-05,3.476821251561904e-05,,,,4.648875451482682e-05,reduced_PINOPA_direct_diode_conduction_Vf0.5_Ron1_assumed,0.00045953868896858314,0.00045953868896858314,,,0.0004595799973596727,155.515004584,155.515004584,155.515004584,gdtmov,,,,43.499939500004984,,,,,1,e8_10821a7d046ee44c00e0,,True,protection,,0,,,,reduced,,,,am8000_chaingdtmov_g1_kprotection_i0_mreduced_qe8_r4d802_x0_s5em05_tau1em09_t25_ron60_u78_t2_vo_v_rel0_rs2700_rx10000_none_10000_p0_b0_r0d98_i0_tap0_ph0_gdc420_gimp1000_esd_am8000_t5em05_off10d0_reduced_opa4192_rx0_10k_rx2_10k_x1com_waitx2_3ms_waitx0_0d1ms,,,,E8,5.10103038784,280.713503825,280.713503825,280.713503825,280.713503825,280.713503825,280.713503825,47.1775862924,4.8020000000000005,True,0,,0,,22b209c1fe2150cf35cb56e06f76ade895cf5a7574a4963f3d0077e9981b34b2,"[{'signature': '319a67aa1d10f2343c2503c60c2554de22861a918c26441942299c75b70898b6', 'reason': 'exact_saved_deck_proof;AC_meas_prefix_only_source_revision'}]",,ok,5e-05,1e-09,25,60,78,,
,,,,,-8000,"{'q': 'T2', 'borne': 'vo', 'mode': 'v', 'relay': 0, 'power': 0, 'body': 0, 'rail': 0.98, 'source': 0, 'tap': 0, 'phase': 0, 'grid': 0.5, 'arc': 1, 'idss': 0.007, 'vp': 1.6, 'ron': 700, 'temp': 25, 'stimulus': 'esd', 'amplitude': -8000, 'frequency': 60, 'stop': 5e-05, 'step': 1e-09, 'remove': 10.0, 'load': 0, 'zbv': 5.6, 'macro': 'reduced', 'rx0': 100, 'rx2': 1e-06, 'gdc': 420}",,reduced_PINOPA_direct_diode_conduction_Vf0.5_Ron1_assumed,3.457848045186086e-05,3.457848045186086e-05,,,,4.8535285280806995e-05,reduced_PINOPA_direct_diode_conduction_Vf0.5_Ron1_assumed,0.00046126733931951336,0.00046126733931951336,,,0.0004613087898957763,156.019582621,156.019582621,156.019582621,gdtmov,,,,42.605348799959756,,,,,1,e8_0136b7f40c048635d356,,True,protection,,0,,,,reduced,,,,am8000_chaingdtmov_g1_kprotection_i0_mreduced_qe8_r4d802_x0_s5em05_tau1em07_t25_ron60_u78_t2_vo_v_rel0_rs2700_rx10000_none_10000_p0_b0_r0d98_i0_tap0_ph0_gdc420_gimp1000_esd_am8000_t5em05_off10d0_reduced_opa4192_rx0_10k_rx2_10k_x1com_waitx2_3ms_waitx0_0d1ms,,,,E8,5.11830392055,550.999111458,550.999111458,550.999111458,550.999111458,550.999111458,550.999111458,47.330656987,4.8020000000000005,True,0,,0,,fef00a6521b52c0096902bf6be5f989e46692d190ab9429daaef884de2501fb3,"[{'signature': '876cec9c5d2e47096914bfdafc251eaf36db6ff53da3d59ae47561e78bf8b1cc', 'reason': 'exact_saved_deck_proof;AC_meas_prefix_only_source_revision'}]",,ok,5e-05,1e-07,25,60,78,,
,,,,,-8000,"{'q': 'T2', 'borne': 'vo', 'mode': 'v', 'relay': 0, 'power': 0, 'body': 0, 'rail': 0.98, 'source': 0, 'tap': 0, 'phase': 0, 'grid': 0.5, 'arc': 1, 'idss': 0.007, 'vp': 1.6, 'ron': 700, 'temp': 25, 'stimulus': 'esd', 'amplitude': -8000, 'frequency': 60, 'stop': 5e-05, 'step': 1e-09, 'remove': 10.0, 'load': 0, 'zbv': 5.6, 'macro': 'reduced', 'rx0': 100, 'rx2': 1e-06, 'gdc': 780}",,reduced_PINOPA_direct_diode_conduction_Vf0.5_Ron1_assumed,3.476821251561909e-05,3.476821251561909e-05,,,,4.648875451482358e-05,reduced_PINOPA_direct_diode_conduction_Vf0.5_Ron1_assumed,0.00045953868896858087,0.00045953868896858087,,,0.0004595799973596705,155.515004584,155.515004584,155.515004584,gdtmov,,,,46.04426970001077,,,,,1,e8_c35d280607487f8b83be,,True,protection,,0,,,,reduced,,,,am8000_chaingdtmov_g1_kprotection_i0_mreduced_qe8_r4d802_x0_s5em05_tau1em09_t25_ron60_u79_t2_vo_v_rel0_rs2700_rx10000_none_10000_p0_b0_r0d98_i0_tap0_ph0_gdc780_gimp1000_esd_am8000_t5em05_off10d0_reduced_opa4192_rx0_10k_rx2_10k_x1com_waitx2_3ms_waitx0_0d1ms,,,,E8,5.10103038784,280.713503829,280.713503829,280.713503829,280.713503829,280.713503829,280.713503829,47.1775862924,4.8020000000000005,True,0,,0,,55918f48fbdb27512514c07641147e0b7f588869f02a10d84926b582be70707a,"[{'signature': '779375d68bbc82b8fdf24a846ad65fe0fdc822bcbc3e2d438d0e0bb8da98e716', 'reason': 'exact_saved_deck_proof;AC_meas_prefix_only_source_revision'}]",,ok,5e-05,1e-09,25,60,79,,
,,,,,-8000,"{'q': 'T2', 'borne': 'vo', 'mode': 'v', 'relay': 0, 'power': 0, 'body': 0, 'rail': 0.98, 'source': 0, 'tap': 0, 'phase': 0, 'grid': 0.5, 'arc': 1, 'idss': 0.007, 'vp': 1.6, 'ron': 700, 'temp': 25, 'stimulus': 'esd', 'amplitude': -8000, 'frequency': 60, 'stop': 5e-05, 'step': 1e-09, 'remove': 10.0, 'load': 0, 'zbv': 5.6, 'macro': 'reduced', 'rx0': 100, 'rx2': 1e-06, 'gdc': 780}",,reduced_PINOPA_direct_diode_conduction_Vf0.5_Ron1_assumed,3.457848045186086e-05,3.457848045186086e-05,,,,4.8535285280806995e-05,reduced_PINOPA_direct_diode_conduction_Vf0.5_Ron1_assumed,0.00046126733931951336,0.00046126733931951336,,,0.0004613087898957763,156.019582621,156.019582621,156.019582621,gdtmov,,,,44.60269420000259,,,,,1,e8_90f2236e9f5ca79de87c,,True,protection,,0,,,,reduced,,,,am8000_chaingdtmov_g1_kprotection_i0_mreduced_qe8_r4d802_x0_s5em05_tau1em07_t25_ron60_u79_t2_vo_v_rel0_rs2700_rx10000_none_10000_p0_b0_r0d98_i0_tap0_ph0_gdc780_gimp1000_esd_am8000_t5em05_off10d0_reduced_opa4192_rx0_10k_rx2_10k_x1com_waitx2_3ms_waitx0_0d1ms,,,,E8,5.11830392055,550.999111458,550.999111458,550.999111458,550.999111458,550.999111458,550.999111458,47.330656987,4.8020000000000005,True,0,,0,,4205fd7e9fccd9e1fb27545193fea8c81ccbf8f6bcba2082ea1857c9f026c770,"[{'signature': '2e3dc847a65416ae9c196e986a6da13cb0581e479270de8d6fbf9f2a184ef9b0', 'reason': 'exact_saved_deck_proof;AC_meas_prefix_only_source_revision'}]",,ok,5e-05,1e-07,25,60,79,,
,,,,,-8000,"{'q': 'T2', 'borne': 'vo', 'mode': 'v', 'relay': 0, 'power': 0, 'body': 1, 'rail': 0.98, 'source': 0, 'tap': 0, 'phase': 0, 'grid': 0.5, 'arc': 1, 'idss': 0.007, 'vp': 1.6, 'ron': 700, 'temp': 25, 'stimulus': 'esd', 'amplitude': -8000, 'frequency': 60, 'stop': 5e-05, 'step': 1e-09, 'remove': 10.0, 'load': 0, 'zbv': 5.6, 'macro': 'reduced', 'rx0': 100, 'rx2': 1e-06, 'gdc': 420}",,reduced_PINOPA_direct_diode_conduction_Vf0.5_Ron1_assumed,3.4768212510643804e-05,3.4768212510643804e-05,,,,4.6488754522174306e-05,reduced_PINOPA_direct_diode_conduction_Vf0.5_Ron1_assumed,0.0004595386889014908,0.0004595386889014908,,,0.00045957999729840277,155.515004584,155.515004584,155.515004584,gdtmov,,,,38.60046920005698,,,,,1,e8_ddba04e462706ebfa14c,,True,protection,,0,,,,reduced,,,,am8000_chaingdtmov_g1_kprotection_i0_mreduced_qe8_r4d802_x0_s5em05_tau1em09_t25_ron60_u80_t2_vo_v_rel0_rs2700_rx10000_none_10000_p0_b1_r0d98_i0_tap0_ph0_gdc420_gimp1000_esd_am8000_t5em05_off10d0_reduced_opa4192_rx0_10k_rx2_10k_x1com_waitx2_3ms_waitx0_0d1ms,,,,E8,5.10103038785,280.713504116,280.713504116,280.713504116,280.713504116,280.713504116,280.713504116,47.1775862924,4.8020000000000005,True,0,,0,,1ea8ac2c4d069d55e2a6643411e2c8d598c958a43d8bc8b3ea298c2f85e3185d,"[{'signature': 'fbe26328dd69f57391e799b702e048db8d5b9fe37c70a2b854bb47b68bd78455', 'reason': 'exact_saved_deck_proof;AC_meas_prefix_only_source_revision'}]",,ok,5e-05,1e-09,25,60,80,,
,,,,,-8000,"{'q': 'T2', 'borne': 'vo', 'mode': 'v', 'relay': 0, 'power': 0, 'body': 1, 'rail': 0.98, 'source': 0, 'tap': 0, 'phase': 0, 'grid': 0.5, 'arc': 1, 'idss': 0.007, 'vp': 1.6, 'ron': 700, 'temp': 25, 'stimulus': 'esd', 'amplitude': -8000, 'frequency': 60, 'stop': 5e-05, 'step': 1e-09, 'remove': 10.0, 'load': 0, 'zbv': 5.6, 'macro': 'reduced', 'rx0': 100, 'rx2': 1e-06, 'gdc': 420}",,reduced_PINOPA_direct_diode_conduction_Vf0.5_Ron1_assumed,3.457848044716432e-05,3.457848044716432e-05,,,,4.853528528795861e-05,reduced_PINOPA_direct_diode_conduction_Vf0.5_Ron1_assumed,0.0004612673392535065,0.0004612673392535065,,,0.00046130878983559516,156.019582621,156.019582621,156.019582621,gdtmov,,,,43.4574416000396,,,,,1,e8_c30016c6e2513e13c897,,True,protection,,0,,,,reduced,,,,am8000_chaingdtmov_g1_kprotection_i0_mreduced_qe8_r4d802_x0_s5em05_tau1em07_t25_ron60_u80_t2_vo_v_rel0_rs2700_rx10000_none_10000_p0_b1_r0d98_i0_tap0_ph0_gdc420_gimp1000_esd_am8000_t5em05_off10d0_reduced_opa4192_rx0_10k_rx2_10k_x1com_waitx2_3ms_waitx0_0d1ms,,,,E8,5.11830392056,550.99911096,550.99911096,550.99911096,550.99911096,550.99911096,550.99911096,47.330656987,4.8020000000000005,True,0,,0,,ec4ed8e08cf81825836fe4ed76210811022c32ce83a8bbdd1524c7b7f633cf6b,"[{'signature': 'd9bdcf90b00f713f887da277378289a8592a0d7ebae30396c12aafae7d854702', 'reason': 'exact_saved_deck_proof;AC_meas_prefix_only_source_revision'}]",,ok,5e-05,1e-07,25,60,80,,
,,,,,-8000,"{'q': 'T2', 'borne': 'vo', 'mode': 'v', 'relay': 0, 'power': 0, 'body': 1, 'rail': 0.98, 'source': 0, 'tap': 0, 'phase': 0, 'grid': 0.5, 'arc': 1, 'idss': 0.007, 'vp': 1.6, 'ron': 700, 'temp': 25, 'stimulus': 'esd', 'amplitude': -8000, 'frequency': 60, 'stop': 5e-05, 'step': 1e-09, 'remove': 10.0, 'load': 0, 'zbv': 5.6, 'macro': 'reduced', 'rx0': 100, 'rx2': 1e-06, 'gdc': 780}",,reduced_PINOPA_direct_diode_conduction_Vf0.5_Ron1_assumed,3.476821251064386e-05,3.476821251064386e-05,,,,4.648875452217108e-05,reduced_PINOPA_direct_diode_conduction_Vf0.5_Ron1_assumed,0.00045953868890148865,0.00045953868890148865,,,0.0004595799972984006,155.515004584,155.515004584,155.515004584,gdtmov,,,,53.85979600000428,,,,,1,e8_304398468780e2277eb2,,True,protection,,0,,,,reduced,,,,am8000_chaingdtmov_g1_kprotection_i0_mreduced_qe8_r4d802_x0_s5em05_tau1em09_t25_ron60_u81_t2_vo_v_rel0_rs2700_rx10000_none_10000_p0_b1_r0d98_i0_tap0_ph0_gdc780_gimp1000_esd_am8000_t5em05_off10d0_reduced_opa4192_rx0_10k_rx2_10k_x1com_waitx2_3ms_waitx0_0d1ms,,,,E8,5.10103038785,280.71350412,280.71350412,280.71350412,280.71350412,280.71350412,280.71350412,47.1775862924,4.8020000000000005,True,0,,0,,7a05a317b3af6f247a954e807fbb15469060786e0e6809a29d75fd77e8a5a645,"[{'signature': '6453cc096d5e0766b0e6793e07e750deea630cccf66abb1178d066a389a91765', 'reason': 'exact_saved_deck_proof;AC_meas_prefix_only_source_revision'}]",,ok,5e-05,1e-09,25,60,81,,
,,,,,-8000,"{'q': 'T2', 'borne': 'vo', 'mode': 'v', 'relay': 0, 'power': 0, 'body': 1, 'rail': 0.98, 'source': 0, 'tap': 0, 'phase': 0, 'grid': 0.5, 'arc': 1, 'idss': 0.007, 'vp': 1.6, 'ron': 700, 'temp': 25, 'stimulus': 'esd', 'amplitude': -8000, 'frequency': 60, 'stop': 5e-05, 'step': 1e-09, 'remove': 10.0, 'load': 0, 'zbv': 5.6, 'macro': 'reduced', 'rx0': 100, 'rx2': 1e-06, 'gdc': 780}",,reduced_PINOPA_direct_diode_conduction_Vf0.5_Ron1_assumed,3.457848044716432e-05,3.457848044716432e-05,,,,4.85352852879586e-05,reduced_PINOPA_direct_diode_conduction_Vf0.5_Ron1_assumed,0.00046126733925350654,0.00046126733925350654,,,0.0004613087898355952,156.019582621,156.019582621,156.019582621,gdtmov,,,,47.3976783999824,,,,,1,e8_f0dfde37419b6e4dbe40,,True,protection,,0,,,,reduced,,,,am8000_chaingdtmov_g1_kprotection_i0_mreduced_qe8_r4d802_x0_s5em05_tau1em07_t25_ron60_u81_t2_vo_v_rel0_rs2700_rx10000_none_10000_p0_b1_r0d98_i0_tap0_ph0_gdc780_gimp1000_esd_am8000_t5em05_off10d0_reduced_opa4192_rx0_10k_rx2_10k_x1com_waitx2_3ms_waitx0_0d1ms,,,,E8,5.11830392056,550.99911096,550.99911096,550.99911096,550.99911096,550.99911096,550.99911096,47.330656987,4.8020000000000005,True,0,,0,,18db36929e32505493633a99195f6b645d1bf1c1a5188dcd66a57a4680f9f7ac,"[{'signature': '63c4c464aee89d3232acc9191d96ce33aa1826fd30b4dc9e5a159ffa7c465594', 'reason': 'exact_saved_deck_proof;AC_meas_prefix_only_source_revision'}]",,ok,5e-05,1e-07,25,60,81,,
,,,,,-8000,"{'q': 'T2', 'borne': 'vo', 'mode': 'v', 'relay': 0, 'power': 1, 'body': 0, 'rail': 1, 'source': 0, 'tap': 0, 'phase': 0, 'grid': 0.5, 'arc': 1, 'idss': 0.007, 'vp': 1.6, 'ron': 700, 'temp': 25, 'stimulus': 'esd', 'amplitude': -8000, 'frequency': 60, 'stop': 5e-05, 'step': 1e-09, 'remove': 10.0, 'load': 0, 'zbv': 5.6, 'macro': 'reduced', 'rx0': 100, 'rx2': 1e-06, 'gdc': 420}",,reduced_PINOPA_direct_diode_conduction_Vf0.5_Ron1_assumed,7.512985918759372e-05,7.512985918759372e-05,,,,0.0005231750721027344,reduced_PINOPA_direct_diode_conduction_Vf0.5_Ron1_assumed,1.0338249467819557e-11,1.0338249467819557e-11,,,9.666392863181949e-05,155.508212144,155.508212144,155.508212144,gdtmov,,,,33.05039479996776,,,,,1,e8_3daed200338f8becd286,,True,protection,,0,,,,reduced,,,,am8000_chaingdtmov_g1_kprotection_i0_mreduced_qe8_r4d9_x0_s5em05_tau1em09_t25_ron60_u82_t2_vo_v_rel0_rs2700_rx10000_none_10000_p1_b0_r1_i0_tap0_ph0_gdc420_gimp1000_esd_am8000_t5em05_off10d0_reduced_opa4192_rx0_10k_rx2_10k_x1com_waitx2_3ms_waitx0_0d1ms,,,,E8,5.17820221488,279.780804426,279.780804426,279.780804426,279.780804426,279.780804426,279.780804426,47.1755257072,4.9,True,0,,0,,6cd38148c5cb0aebd1640b6e3e57830b6236fbf4d2bdd2ae0b863169b6a31b6c,"[{'signature': '9a6505b9da32701f00980ff0875d15e129209c4fc48593dfc276e25eb78f4edb', 'reason': 'exact_saved_deck_proof;AC_meas_prefix_only_source_revision'}]",,ok,5e-05,1e-09,25,60,82,,
,,,,,-8000,"{'q': 'T2', 'borne': 'vo', 'mode': 'v', 'relay': 0, 'power': 1, 'body': 0, 'rail': 1, 'source': 0, 'tap': 0, 'phase': 0, 'grid': 0.5, 'arc': 1, 'idss': 0.007, 'vp': 1.6, 'ron': 700, 'temp': 25, 'stimulus': 'esd', 'amplitude': -8000, 'frequency': 60, 'stop': 5e-05, 'step': 1e-09, 'remove': 10.0, 'load': 0, 'zbv': 5.6, 'macro': 'reduced', 'rx0': 100, 'rx2': 1e-06, 'gdc': 420}",,reduced_PINOPA_direct_diode_conduction_Vf0.5_Ron1_assumed,7.364453178619456e-05,7.364453178619456e-05,,,,0.0005316024400136606,reduced_PINOPA_direct_diode_conduction_Vf0.5_Ron1_assumed,1.0370951675071548e-11,1.0370951675071548e-11,,,9.837555453342434e-05,156.012918824,156.012918824,156.012918824,gdtmov,,,,41.863525599997956,,,,,1,e8_9ddc50930421d7fb7df9,,True,protection,,0,,,,reduced,,,,am8000_chaingdtmov_g1_kprotection_i0_mreduced_qe8_r4d9_x0_s5em05_tau1em07_t25_ron60_u82_t2_vo_v_rel0_rs2700_rx10000_none_10000_p1_b0_r1_i0_tap0_ph0_gdc420_gimp1000_esd_am8000_t5em05_off10d0_reduced_opa4192_rx0_10k_rx2_10k_x1com_waitx2_3ms_waitx0_0d1ms,,,,E8,5.19500225401,557.787855899,557.787855899,557.787855899,557.787855899,557.787855899,557.787855899,47.3286354325,4.9,True,0,,0,,27d96625eac0f8302ca1098523cbddf4d2073d4f27c525653473d92f3ade1d8c,"[{'signature': '09fe8dbf780471271e196919e6902daf8e8b087f26f18e66df722b301d8079d2', 'reason': 'exact_saved_deck_proof;AC_meas_prefix_only_source_revision'}]",,ok,5e-05,1e-07,25,60,82,,
,,,,,-8000,"{'q': 'T2', 'borne': 'vo', 'mode': 'v', 'relay': 0, 'power': 1, 'body': 0, 'rail': 1, 'source': 0, 'tap': 0, 'phase': 0, 'grid': 0.5, 'arc': 1, 'idss': 0.007, 'vp': 1.6, 'ron': 700, 'temp': 25, 'stimulus': 'esd', 'amplitude': -8000, 'frequency': 60, 'stop': 5e-05, 'step': 1e-09, 'remove': 10.0, 'load': 0, 'zbv': 5.6, 'macro': 'reduced', 'rx0': 100, 'rx2': 1e-06, 'gdc': 780}",,reduced_PINOPA_direct_diode_conduction_Vf0.5_Ron1_assumed,7.512985919294013e-05,7.512985919294013e-05,,,,0.0005231750721027671,reduced_PINOPA_direct_diode_conduction_Vf0.5_Ron1_assumed,1.0338249467840118e-11,1.0338249467840118e-11,,,9.666392863181918e-05,155.508212144,155.508212144,155.508212144,gdtmov,,,,26.592725299997255,,,,,1,e8_61236951108c0f73a242,,True,protection,,0,,,,reduced,,,,am8000_chaingdtmov_g1_kprotection_i0_mreduced_qe8_r4d9_x0_s5em05_tau1em09_t25_ron60_u83_t2_vo_v_rel0_rs2700_rx10000_none_10000_p1_b0_r1_i0_tap0_ph0_gdc780_gimp1000_esd_am8000_t5em05_off10d0_reduced_opa4192_rx0_10k_rx2_10k_x1com_waitx2_3ms_waitx0_0d1ms,,,,E8,5.17820221489,279.780804431,279.780804431,279.780804431,279.780804431,279.780804431,279.780804431,47.1755257073,4.9,True,0,,0,,944e1f757f8e665c160aba59aece57cf24f1194850d07e9a0255915a2c878f16,"[{'signature': '76e4f4434145c10d8e98d8fc16c31c69d99a766db709a7358d814a30d5465a59', 'reason': 'exact_saved_deck_proof;AC_meas_prefix_only_source_revision'}]",,ok,5e-05,1e-09,25,60,83,,
,,,,,-8000,"{'q': 'T2', 'borne': 'vo', 'mode': 'v', 'relay': 0, 'power': 1, 'body': 0, 'rail': 1, 'source': 0, 'tap': 0, 'phase': 0, 'grid': 0.5, 'arc': 1, 'idss': 0.007, 'vp': 1.6, 'ron': 700, 'temp': 25, 'stimulus': 'esd', 'amplitude': -8000, 'frequency': 60, 'stop': 5e-05, 'step': 1e-09, 'remove': 10.0, 'load': 0, 'zbv': 5.6, 'macro': 'reduced', 'rx0': 100, 'rx2': 1e-06, 'gdc': 780}",,reduced_PINOPA_direct_diode_conduction_Vf0.5_Ron1_assumed,7.36445317862362e-05,7.36445317862362e-05,,,,0.0005316024400136606,reduced_PINOPA_direct_diode_conduction_Vf0.5_Ron1_assumed,1.0370951674891718e-11,1.0370951674891718e-11,,,9.837555453342434e-05,156.012918821,156.012918821,156.012918821,gdtmov,,,,25.914715000020806,,,,,1,e8_06c3a24e430300ba9d22,,True,protection,,0,,,,reduced,,,,am8000_chaingdtmov_g1_kprotection_i0_mreduced_qe8_r4d9_x0_s5em05_tau1em07_t25_ron60_u83_t2_vo_v_rel0_rs2700_rx10000_none_10000_p1_b0_r1_i0_tap0_ph0_gdc780_gimp1000_esd_am8000_t5em05_off10d0_reduced_opa4192_rx0_10k_rx2_10k_x1com_waitx2_3ms_waitx0_0d1ms,,,,E8,5.19500225392,557.787855899,557.787855899,557.787855899,557.787855899,557.787855899,557.787855899,47.3286354316,4.9,True,0,,0,,e8be15c8df98a78b1776b2842cf2a4cb3c06938991e3561ccf7e06509452df5d,"[{'signature': 'abd3d60996b5552a62c70055e498454aa604e0a06af3e3d186acf27e7de6a3b7', 'reason': 'exact_saved_deck_proof;AC_meas_prefix_only_source_revision'}]",,ok,5e-05,1e-07,25,60,83,,
,,,,,-8000,"{'q': 'T2', 'borne': 'vo', 'mode': 'v', 'relay': 0, 'power': 0, 'body': 0, 'rail': 1, 'source': 0, 'tap': 0, 'phase': 0, 'grid': 0.5, 'arc': 1, 'idss': 0.007, 'vp': 1.6, 'ron': 700, 'temp': 25, 'stimulus': 'esd', 'amplitude': -8000, 'frequency': 60, 'stop': 5e-05, 'step': 1e-09, 'remove': 10.0, 'load': 0, 'zbv': 5.6, 'macro': 'reduced', 'rx0': 100, 'rx2': 1e-06, 'gdc': 420}",,reduced_PINOPA_direct_diode_conduction_Vf0.5_Ron1_assumed,3.4767631207901764e-05,3.4767631207901764e-05,,,,4.648863206927015e-05,reduced_PINOPA_direct_diode_conduction_Vf0.5_Ron1_assumed,0.0004595386730545912,0.0004595386730545912,,,0.0004595799797056336,155.515002144,155.515002144,155.515002144,gdtmov,,,,44.23015459999442,,,,,1,e8_9c418c0a80ced3c83c70,,True,protection,,0,,,,reduced,,,,am8000_chaingdtmov_g1_kprotection_i0_mreduced_qe8_r4d9_x0_s5em05_tau1em09_t25_ron60_u84_t2_vo_v_rel0_rs2700_rx10000_none_10000_p0_b0_r1_i0_tap0_ph0_gdc420_gimp1000_esd_am8000_t5em05_off10d0_reduced_opa4192_rx0_10k_rx2_10k_x1com_waitx2_3ms_waitx0_0d1ms,,,,E8,5.10103046554,280.714214415,280.714214415,280.714214415,280.714214415,280.714214415,280.714214415,47.1775855497,4.9,True,0,,0,,c1e3ddd787ba136f8bf144cc6c22ad5d0cada19ff21d24d7d55d597628bc4670,"[{'signature': '856c9651585eba0726f0519f9df83307f6f182c43c44986d48f69d8d9148df49', 'reason': 'exact_saved_deck_proof;AC_meas_prefix_only_source_revision'}]",,ok,5e-05,1e-09,25,60,84,,
,,,,,-8000,"{'q': 'T2', 'borne': 'vo', 'mode': 'v', 'relay': 0, 'power': 0, 'body': 0, 'rail': 1, 'source': 0, 'tap': 0, 'phase': 0, 'grid': 0.5, 'arc': 1, 'idss': 0.007, 'vp': 1.6, 'ron': 700, 'temp': 25, 'stimulus': 'esd', 'amplitude': -8000, 'frequency': 60, 'stop': 5e-05, 'step': 1e-09, 'remove': 10.0, 'load': 0, 'zbv': 5.6, 'macro': 'reduced', 'rx0': 100, 'rx2': 1e-06, 'gdc': 420}",,reduced_PINOPA_direct_diode_conduction_Vf0.5_Ron1_assumed,3.457842447420982e-05,3.457842447420982e-05,,,,4.853609317277894e-05,reduced_PINOPA_direct_diode_conduction_Vf0.5_Ron1_assumed,0.0004612673227464071,0.0004612673227464071,,,0.0004613087652499208,156.019575202,156.019575202,156.019575202,gdtmov,,,,45.17891110002529,,,,,1,e8_5d94438c460c9b9699f4,,True,protection,,0,,,,reduced,,,,am8000_chaingdtmov_g1_kprotection_i0_mreduced_qe8_r4d9_x0_s5em05_tau1em07_t25_ron60_u84_t2_vo_v_rel0_rs2700_rx10000_none_10000_p0_b0_r1_i0_tap0_ph0_gdc420_gimp1000_esd_am8000_t5em05_off10d0_reduced_opa4192_rx0_10k_rx2_10k_x1com_waitx2_3ms_waitx0_0d1ms,,,,E8,5.11830395411,550.794617647,550.794617647,550.794617647,550.794617647,550.794617647,550.794617647,47.330654725,4.9,True,0,,0,,bed85d4585d7daf8a6ce0592399fd690d97409025eefbd1dc29d0432fda1052e,"[{'signature': '762f1e31613d88c96f2d03772736c76820218dd1a3bb5629d24760686867c690', 'reason': 'exact_saved_deck_proof;AC_meas_prefix_only_source_revision'}]",,ok,5e-05,1e-07,25,60,84,,
,,,,,-8000,"{'q': 'T2', 'borne': 'vo', 'mode': 'v', 'relay': 0, 'power': 0, 'body': 0, 'rail': 1, 'source': 0, 'tap': 0, 'phase': 0, 'grid': 0.5, 'arc': 1, 'idss': 0.007, 'vp': 1.6, 'ron': 700, 'temp': 25, 'stimulus': 'esd', 'amplitude': -8000, 'frequency': 60, 'stop': 5e-05, 'step': 1e-09, 'remove': 10.0, 'load': 0, 'zbv': 5.6, 'macro': 'reduced', 'rx0': 100, 'rx2': 1e-06, 'gdc': 780}",,reduced_PINOPA_direct_diode_conduction_Vf0.5_Ron1_assumed,3.4767631202417056e-05,3.4767631202417056e-05,,,,4.6488632069267015e-05,reduced_PINOPA_direct_diode_conduction_Vf0.5_Ron1_assumed,0.0004595386730556702,0.0004595386730556702,,,0.00045957997970671273,155.515002144,155.515002144,155.515002144,gdtmov,,,,33.11072600004263,,,,,1,e8_134e50baf07d1f4ad63c,,True,protection,,0,,,,reduced,,,,am8000_chaingdtmov_g1_kprotection_i0_mreduced_qe8_r4d9_x0_s5em05_tau1em09_t25_ron60_u85_t2_vo_v_rel0_rs2700_rx10000_none_10000_p0_b0_r1_i0_tap0_ph0_gdc780_gimp1000_esd_am8000_t5em05_off10d0_reduced_opa4192_rx0_10k_rx2_10k_x1com_waitx2_3ms_waitx0_0d1ms,,,,E8,5.10103046555,280.714214419,280.714214419,280.714214419,280.714214419,280.714214419,280.714214419,47.1775855498,4.9,True,0,,0,,69ceb8063941f0f8b54ec8fd9b09e592008b472d0c3d0267011a5075c85c30f7,"[{'signature': '4cb6b491057351500e8a5b28643de3b50270858d9ff29778caff0f712e6c8bc7', 'reason': 'exact_saved_deck_proof;AC_meas_prefix_only_source_revision'}]",,ok,5e-05,1e-09,25,60,85,,
,,,,,-8000,"{'q': 'T2', 'borne': 'vo', 'mode': 'v', 'relay': 0, 'power': 0, 'body': 0, 'rail': 1, 'source': 0, 'tap': 0, 'phase': 0, 'grid': 0.5, 'arc': 1, 'idss': 0.007, 'vp': 1.6, 'ron': 700, 'temp': 25, 'stimulus': 'esd', 'amplitude': -8000, 'frequency': 60, 'stop': 5e-05, 'step': 1e-09, 'remove': 10.0, 'load': 0, 'zbv': 5.6, 'macro': 'reduced', 'rx0': 100, 'rx2': 1e-06, 'gdc': 780}",,reduced_PINOPA_direct_diode_conduction_Vf0.5_Ron1_assumed,3.457842446795289e-05,3.457842446795289e-05,,,,4.853609317277894e-05,reduced_PINOPA_direct_diode_conduction_Vf0.5_Ron1_assumed,0.0004612673227367122,0.0004612673227367122,,,0.0004613087652402254,156.019575199,156.019575199,156.019575199,gdtmov,,,,35.15162070002407,,,,,1,e8_10d7e009e50e0ef35cd9,,True,protection,,0,,,,reduced,,,,am8000_chaingdtmov_g1_kprotection_i0_mreduced_qe8_r4d9_x0_s5em05_tau1em07_t25_ron60_u85_t2_vo_v_rel0_rs2700_rx10000_none_10000_p0_b0_r1_i0_tap0_ph0_gdc780_gimp1000_esd_am8000_t5em05_off10d0_reduced_opa4192_rx0_10k_rx2_10k_x1com_waitx2_3ms_waitx0_0d1ms,,,,E8,5.11830395401,550.794617647,550.794617647,550.794617647,550.794617647,550.794617647,550.794617647,47.3306547242,4.9,True,0,,0,,bce9a2ae46be75cc66ce9f3749d23af55c568b7da44fdf07ac49237add129b92,"[{'signature': 'ec1419bc576d46a3572ae708c19424117a58d08d1d6120a6a8f10d1d188dbe34', 'reason': 'exact_saved_deck_proof;AC_meas_prefix_only_source_revision'}]",,ok,5e-05,1e-07,25,60,85,,
,,,,,-8000,"{'q': 'T2', 'borne': 'vo', 'mode': 'v', 'relay': 0, 'power': 0, 'body': 1, 'rail': 1, 'source': 0, 'tap': 0, 'phase': 0, 'grid': 0.5, 'arc': 1, 'idss': 0.007, 'vp': 1.6, 'ron': 700, 'temp': 25, 'stimulus': 'esd', 'amplitude': -8000, 'frequency': 60, 'stop': 5e-05, 'step': 1e-09, 'remove': 10.0, 'load': 0, 'zbv': 5.6, 'macro': 'reduced', 'rx0': 100, 'rx2': 1e-06, 'gdc': 420}",,reduced_PINOPA_direct_diode_conduction_Vf0.5_Ron1_assumed,3.4767631203030505e-05,3.4767631203030505e-05,,,,4.6488632076629046e-05,reduced_PINOPA_direct_diode_conduction_Vf0.5_Ron1_assumed,0.00045953867298748654,0.00045953867298748654,,,0.00045957997964435267,155.515002144,155.515002144,155.515002144,gdtmov,,,,44.06331030000001,,,,,1,e8_e4614e5fd6caeced4c33,,True,protection,,0,,,,reduced,,,,am8000_chaingdtmov_g1_kprotection_i0_mreduced_qe8_r4d9_x0_s5em05_tau1em09_t25_ron60_u86_t2_vo_v_rel0_rs2700_rx10000_none_10000_p0_b1_r1_i0_tap0_ph0_gdc420_gimp1000_esd_am8000_t5em05_off10d0_reduced_opa4192_rx0_10k_rx2_10k_x1com_waitx2_3ms_waitx0_0d1ms,,,,E8,5.10103046555,280.714214706,280.714214706,280.714214706,280.714214706,280.714214706,280.714214706,47.1775855497,4.9,True,0,,0,,956be60bb7bde0cb9bfbddb06c882045978a0a1b00d15dde564e61c4cda3c507,"[{'signature': '1c4475abfc224bf12b3bc6e241c2168221e0901b38c9c2cd01f6b571b74b1349', 'reason': 'exact_saved_deck_proof;AC_meas_prefix_only_source_revision'}]",,ok,5e-05,1e-09,25,60,86,,
,,,,,-8000,"{'q': 'T2', 'borne': 'vo', 'mode': 'v', 'relay': 0, 'power': 0, 'body': 1, 'rail': 1, 'source': 0, 'tap': 0, 'phase': 0, 'grid': 0.5, 'arc': 1, 'idss': 0.007, 'vp': 1.6, 'ron': 700, 'temp': 25, 'stimulus': 'esd', 'amplitude': -8000, 'frequency': 60, 'stop': 5e-05, 'step': 1e-09, 'remove': 10.0, 'load': 0, 'zbv': 5.6, 'macro': 'reduced', 'rx0': 100, 'rx2': 1e-06, 'gdc': 420}",,reduced_PINOPA_direct_diode_conduction_Vf0.5_Ron1_assumed,3.4578424469503254e-05,3.4578424469503254e-05,,,,4.853609317993186e-05,reduced_PINOPA_direct_diode_conduction_Vf0.5_Ron1_assumed,0.00046126732268025205,0.00046126732268025205,,,0.0004613087651895893,156.019575202,156.019575202,156.019575202,gdtmov,,,,45.65342009998858,,,,,1,e8_8826343f61cd31364383,,True,protection,,0,,,,reduced,,,,am8000_chaingdtmov_g1_kprotection_i0_mreduced_qe8_r4d9_x0_s5em05_tau1em07_t25_ron60_u86_t2_vo_v_rel0_rs2700_rx10000_none_10000_p0_b1_r1_i0_tap0_ph0_gdc420_gimp1000_esd_am8000_t5em05_off10d0_reduced_opa4192_rx0_10k_rx2_10k_x1com_waitx2_3ms_waitx0_0d1ms,,,,E8,5.11830395411,550.794617144,550.794617144,550.794617144,550.794617144,550.794617144,550.794617144,47.330654725,4.9,True,0,,0,,1385992319d265b9fa846e9d8ddb7a94de6035ba4210a91407c963f6ffae8e86,"[{'signature': '4e565b2018d21cc6e6f8a45be4d4953d96c30bbbdeaea56abada957e4bc56694', 'reason': 'exact_saved_deck_proof;AC_meas_prefix_only_source_revision'}]",,ok,5e-05,1e-07,25,60,86,,
,,,,,-8000,"{'q': 'T2', 'borne': 'vo', 'mode': 'v', 'relay': 0, 'power': 0, 'body': 1, 'rail': 1, 'source': 0, 'tap': 0, 'phase': 0, 'grid': 0.5, 'arc': 1, 'idss': 0.007, 'vp': 1.6, 'ron': 700, 'temp': 25, 'stimulus': 'esd', 'amplitude': -8000, 'frequency': 60, 'stop': 5e-05, 'step': 1e-09, 'remove': 10.0, 'load': 0, 'zbv': 5.6, 'macro': 'reduced', 'rx0': 100, 'rx2': 1e-06, 'gdc': 780}",,reduced_PINOPA_direct_diode_conduction_Vf0.5_Ron1_assumed,3.4767631197404905e-05,3.4767631197404905e-05,,,,4.648863207662587e-05,reduced_PINOPA_direct_diode_conduction_Vf0.5_Ron1_assumed,0.0004595386729885268,0.0004595386729885268,,,0.00045957997964538993,155.515002144,155.515002144,155.515002144,gdtmov,,,,34.44220180000411,,,,,1,e8_e61105fb2065c11d1359,,True,protection,,0,,,,reduced,,,,am8000_chaingdtmov_g1_kprotection_i0_mreduced_qe8_r4d9_x0_s5em05_tau1em09_t25_ron60_u87_t2_vo_v_rel0_rs2700_rx10000_none_10000_p0_b1_r1_i0_tap0_ph0_gdc780_gimp1000_esd_am8000_t5em05_off10d0_reduced_opa4192_rx0_10k_rx2_10k_x1com_waitx2_3ms_waitx0_0d1ms,,,,E8,5.10103046556,280.71421471,280.71421471,280.71421471,280.71421471,280.71421471,280.71421471,47.1775855498,4.9,True,0,,0,,315ccb070072a72d914a33522893f49a91f619d6755bc73fe3281fa92fe802b8,"[{'signature': 'dfe2e7387562c53f72f8b0023f95f5da5ac69e807f0e605dd2a580b39251ca16', 'reason': 'exact_saved_deck_proof;AC_meas_prefix_only_source_revision'}]",,ok,5e-05,1e-09,25,60,87,,
,,,,,-8000,"{'q': 'T2', 'borne': 'vo', 'mode': 'v', 'relay': 0, 'power': 0, 'body': 1, 'rail': 1, 'source': 0, 'tap': 0, 'phase': 0, 'grid': 0.5, 'arc': 1, 'idss': 0.007, 'vp': 1.6, 'ron': 700, 'temp': 25, 'stimulus': 'esd', 'amplitude': -8000, 'frequency': 60, 'stop': 5e-05, 'step': 1e-09, 'remove': 10.0, 'load': 0, 'zbv': 5.6, 'macro': 'reduced', 'rx0': 100, 'rx2': 1e-06, 'gdc': 780}",,reduced_PINOPA_direct_diode_conduction_Vf0.5_Ron1_assumed,3.457842446324627e-05,3.457842446324627e-05,,,,4.853609317993186e-05,reduced_PINOPA_direct_diode_conduction_Vf0.5_Ron1_assumed,0.0004612673226705574,0.0004612673226705574,,,0.00046130876517989406,156.019575199,156.019575199,156.019575199,gdtmov,,,,35.41861319995951,,,,,1,e8_b1f416a29151b141ec9b,,True,protection,,0,,,,reduced,,,,am8000_chaingdtmov_g1_kprotection_i0_mreduced_qe8_r4d9_x0_s5em05_tau1em07_t25_ron60_u87_t2_vo_v_rel0_rs2700_rx10000_none_10000_p0_b1_r1_i0_tap0_ph0_gdc780_gimp1000_esd_am8000_t5em05_off10d0_reduced_opa4192_rx0_10k_rx2_10k_x1com_waitx2_3ms_waitx0_0d1ms,,,,E8,5.11830395402,550.794617144,550.794617144,550.794617144,550.794617144,550.794617144,550.794617144,47.3306547242,4.9,True,0,,0,,6f079b7f12d49fa691ef5fd336d7bf13a8836b8ad6433b8f72c4988baf35c354,"[{'signature': '044a11d3f2bece070ce83cd90c5be65953748bed95682d77190e8f9d1873b9ae', 'reason': 'exact_saved_deck_proof;AC_meas_prefix_only_source_revision'}]",,ok,5e-05,1e-07,25,60,87,,
,,,,,-8000,"{'q': 'T2', 'borne': 'vo', 'mode': 'v', 'relay': 0, 'power': 1, 'body': 0, 'rail': 1.02, 'source': 0, 'tap': 0, 'phase': 0, 'grid': 0.5, 'arc': 1, 'idss': 0.007, 'vp': 1.6, 'ron': 700, 'temp': 25, 'stimulus': 'esd', 'amplitude': -8000, 'frequency': 60, 'stop': 5e-05, 'step': 1e-09, 'remove': 10.0, 'load': 0, 'zbv': 5.6, 'macro': 'reduced', 'rx0': 100, 'rx2': 1e-06, 'gdc': 420}",,reduced_PINOPA_direct_diode_conduction_Vf0.5_Ron1_assumed,8.776305431962644e-05,8.776305431962644e-05,,,,0.0005327051795692317,reduced_PINOPA_direct_diode_conduction_Vf0.5_Ron1_assumed,1.0339390645606736e-11,1.0339390645606736e-11,,,9.666430439041132e-05,155.508342195,155.508342195,155.508342195,gdtmov,,,,30.51150319998851,,,,,1,e8_2a6442b08300891089c4,,True,protection,,0,,,,reduced,,,,am8000_chaingdtmov_g1_kprotection_i0_mreduced_qe8_r4d998_x0_s5em05_tau1em09_t25_ron60_u88_t2_vo_v_rel0_rs2700_rx10000_none_10000_p1_b0_r1d02_i0_tap0_ph0_gdc420_gimp1000_esd_am8000_t5em05_off10d0_reduced_opa4192_rx0_10k_rx2_10k_x1com_waitx2_3ms_waitx0_0d1ms,,,,E8,5.17825315497,279.786142796,279.786142796,279.786142796,279.786142796,279.786142796,279.786142796,47.1755651658,4.998,True,0,,0,,65bfc070ad1ed03a4f07ea99909feb9e129d463b8a78ef2c3b36f4cfd021b6b9,"[{'signature': '2b02603f89d42f3893add49a5c4a4b497c2b620d792f00786e7aa527928a8288', 'reason': 'exact_saved_deck_proof;AC_meas_prefix_only_source_revision'}]",,ok,5e-05,1e-09,25,60,88,,
,,,,,-8000,"{'q': 'T2', 'borne': 'vo', 'mode': 'v', 'relay': 0, 'power': 1, 'body': 0, 'rail': 1.02, 'source': 0, 'tap': 0, 'phase': 0, 'grid': 0.5, 'arc': 1, 'idss': 0.007, 'vp': 1.6, 'ron': 700, 'temp': 25, 'stimulus': 'esd', 'amplitude': -8000, 'frequency': 60, 'stop': 5e-05, 'step': 1e-09, 'remove': 10.0, 'load': 0, 'zbv': 5.6, 'macro': 'reduced', 'rx0': 100, 'rx2': 1e-06, 'gdc': 420}",,reduced_PINOPA_direct_diode_conduction_Vf0.5_Ron1_assumed,8.015132065723031e-05,8.015132065723031e-05,,,,0.0005412882742263554,reduced_PINOPA_direct_diode_conduction_Vf0.5_Ron1_assumed,1.0372037032634582e-11,1.0372037032634582e-11,,,9.83755164889174e-05,156.012997056,156.012997056,156.012997056,gdtmov,,,,37.695517499989364,,,,,1,e8_a9becaff387b7befccb0,,True,protection,,0,,,,reduced,,,,am8000_chaingdtmov_g1_kprotection_i0_mreduced_qe8_r4d998_x0_s5em05_tau1em07_t25_ron60_u88_t2_vo_v_rel0_rs2700_rx10000_none_10000_p1_b0_r1d02_i0_tap0_ph0_gdc420_gimp1000_esd_am8000_t5em05_off10d0_reduced_opa4192_rx0_10k_rx2_10k_x1com_waitx2_3ms_waitx0_0d1ms,,,,E8,5.19505211636,557.761634407,557.761634407,557.761634407,557.761634407,557.761634407,557.761634407,47.3286591621,4.998,True,0,,0,,16209a579022143a367696d15e0de5f047e449f58a1e2c83eda06a61212f7da5,"[{'signature': 'a59430d77295b8672e3bfb17970c208f818ff8e942717c180250ff9e8538ef00', 'reason': 'exact_saved_deck_proof;AC_meas_prefix_only_source_revision'}]",,ok,5e-05,1e-07,25,60,88,,
,,,,,-8000,"{'q': 'T2', 'borne': 'vo', 'mode': 'v', 'relay': 0, 'power': 1, 'body': 0, 'rail': 1.02, 'source': 0, 'tap': 0, 'phase': 0, 'grid': 0.5, 'arc': 1, 'idss': 0.007, 'vp': 1.6, 'ron': 700, 'temp': 25, 'stimulus': 'esd', 'amplitude': -8000, 'frequency': 60, 'stop': 5e-05, 'step': 1e-09, 'remove': 10.0, 'load': 0, 'zbv': 5.6, 'macro': 'reduced', 'rx0': 100, 'rx2': 1e-06, 'gdc': 780}",,reduced_PINOPA_direct_diode_conduction_Vf0.5_Ron1_assumed,8.776305430854546e-05,8.776305430854546e-05,,,,0.000532705179569244,reduced_PINOPA_direct_diode_conduction_Vf0.5_Ron1_assumed,1.0339390645627018e-11,1.0339390645627018e-11,,,9.666430439041066e-05,155.508342195,155.508342195,155.508342195,gdtmov,,,,30.940068600000814,,,,,1,e8_32166c13be08dac0c2e7,,True,protection,,0,,,,reduced,,,,am8000_chaingdtmov_g1_kprotection_i0_mreduced_qe8_r4d998_x0_s5em05_tau1em09_t25_ron60_u89_t2_vo_v_rel0_rs2700_rx10000_none_10000_p1_b0_r1d02_i0_tap0_ph0_gdc780_gimp1000_esd_am8000_t5em05_off10d0_reduced_opa4192_rx0_10k_rx2_10k_x1com_waitx2_3ms_waitx0_0d1ms,,,,E8,5.17825315498,279.786142801,279.786142801,279.786142801,279.786142801,279.786142801,279.786142801,47.1755651659,4.998,True,0,,0,,11ee97c3b8e39d669400ae6ba4ce42518786a7c46457fa4a777726afadab9a3d,"[{'signature': '56115e9bd397ffa7f68b483c4669e73d8f1601d79c66578727004ffdb2dc2910', 'reason': 'exact_saved_deck_proof;AC_meas_prefix_only_source_revision'}]",,ok,5e-05,1e-09,25,60,89,,
,,,,,-8000,"{'q': 'T2', 'borne': 'vo', 'mode': 'v', 'relay': 0, 'power': 1, 'body': 0, 'rail': 1.02, 'source': 0, 'tap': 0, 'phase': 0, 'grid': 0.5, 'arc': 1, 'idss': 0.007, 'vp': 1.6, 'ron': 700, 'temp': 25, 'stimulus': 'esd', 'amplitude': -8000, 'frequency': 60, 'stop': 5e-05, 'step': 1e-09, 'remove': 10.0, 'load': 0, 'zbv': 5.6, 'macro': 'reduced', 'rx0': 100, 'rx2': 1e-06, 'gdc': 780}",,reduced_PINOPA_direct_diode_conduction_Vf0.5_Ron1_assumed,8.015132065729667e-05,8.015132065729667e-05,,,,0.0005412882742263554,reduced_PINOPA_direct_diode_conduction_Vf0.5_Ron1_assumed,1.0372037032455477e-11,1.0372037032455477e-11,,,9.83755164889174e-05,156.012997054,156.012997054,156.012997054,gdtmov,,,,27.055354900017846,,,,,1,e8_31e8a4d1efa1a90d1042,,True,protection,,0,,,,reduced,,,,am8000_chaingdtmov_g1_kprotection_i0_mreduced_qe8_r4d998_x0_s5em05_tau1em07_t25_ron60_u89_t2_vo_v_rel0_rs2700_rx10000_none_10000_p1_b0_r1d02_i0_tap0_ph0_gdc780_gimp1000_esd_am8000_t5em05_off10d0_reduced_opa4192_rx0_10k_rx2_10k_x1com_waitx2_3ms_waitx0_0d1ms,,,,E8,5.19505211626,557.761634407,557.761634407,557.761634407,557.761634407,557.761634407,557.761634407,47.3286591612,4.998,True,0,,0,,1c84aeff372eef4963a624779a2061dcfe49a885089efc96bf7e83f1819dcfa5,"[{'signature': '431cb82b0816df96f64f49a0e9df53bd86ea03a456b57447501ccf9e0abfac65', 'reason': 'exact_saved_deck_proof;AC_meas_prefix_only_source_revision'}]",,ok,5e-05,1e-07,25,60,89,,
,,,,,-8000,"{'q': 'T2', 'borne': 'vo', 'mode': 'v', 'relay': 0, 'power': 0, 'body': 0, 'rail': 1.02, 'source': 0, 'tap': 0, 'phase': 0, 'grid': 0.5, 'arc': 1, 'idss': 0.007, 'vp': 1.6, 'ron': 700, 'temp': 25, 'stimulus': 'esd', 'amplitude': -8000, 'frequency': 60, 'stop': 5e-05, 'step': 1e-09, 'remove': 10.0, 'load': 0, 'zbv': 5.6, 'macro': 'reduced', 'rx0': 100, 'rx2': 1e-06, 'gdc': 420}",,reduced_PINOPA_direct_diode_conduction_Vf0.5_Ron1_assumed,3.4767631207900626e-05,3.4767631207900626e-05,,,,4.6488632069272125e-05,reduced_PINOPA_direct_diode_conduction_Vf0.5_Ron1_assumed,0.0004595386730545733,0.0004595386730545733,,,0.0004595799797056172,155.515002144,155.515002144,155.515002144,gdtmov,,,,47.53758979996201,,,,,1,e8_f155299a46e6434ca433,,True,protection,,0,,,,reduced,,,,am8000_chaingdtmov_g1_kprotection_i0_mreduced_qe8_r4d998_x0_s5em05_tau1em09_t25_ron60_u90_t2_vo_v_rel0_rs2700_rx10000_none_10000_p0_b0_r1d02_i0_tap0_ph0_gdc420_gimp1000_esd_am8000_t5em05_off10d0_reduced_opa4192_rx0_10k_rx2_10k_x1com_waitx2_3ms_waitx0_0d1ms,,,,E8,5.10103046554,280.714214416,280.714214416,280.714214416,280.714214416,280.714214416,280.714214416,47.1775855497,4.998,True,0,,0,,447894c5f692d2e897de9c4fc1db2cc316df6931140a1e1ed7d6d12918b1e3d4,"[{'signature': '5bf7522f259c9bdfc5e9f275029f35cdb495e6cbb5d50c73cd6dab88f99b388d', 'reason': 'exact_saved_deck_proof;AC_meas_prefix_only_source_revision'}]",,ok,5e-05,1e-09,25,60,90,,
,,,,,-8000,"{'q': 'T2', 'borne': 'vo', 'mode': 'v', 'relay': 0, 'power': 0, 'body': 0, 'rail': 1.02, 'source': 0, 'tap': 0, 'phase': 0, 'grid': 0.5, 'arc': 1, 'idss': 0.007, 'vp': 1.6, 'ron': 700, 'temp': 25, 'stimulus': 'esd', 'amplitude': -8000, 'frequency': 60, 'stop': 5e-05, 'step': 1e-09, 'remove': 10.0, 'load': 0, 'zbv': 5.6, 'macro': 'reduced', 'rx0': 100, 'rx2': 1e-06, 'gdc': 420}",,reduced_PINOPA_direct_diode_conduction_Vf0.5_Ron1_assumed,3.457842447420852e-05,3.457842447420852e-05,,,,4.853609317278086e-05,reduced_PINOPA_direct_diode_conduction_Vf0.5_Ron1_assumed,0.00046126732274638925,0.00046126732274638925,,,0.0004613087652499046,156.019575202,156.019575202,156.019575202,gdtmov,,,,37.61401650001062,,,,,1,e8_d1b5812847238ee22d68,,True,protection,,0,,,,reduced,,,,am8000_chaingdtmov_g1_kprotection_i0_mreduced_qe8_r4d998_x0_s5em05_tau1em07_t25_ron60_u90_t2_vo_v_rel0_rs2700_rx10000_none_10000_p0_b0_r1d02_i0_tap0_ph0_gdc420_gimp1000_esd_am8000_t5em05_off10d0_reduced_opa4192_rx0_10k_rx2_10k_x1com_waitx2_3ms_waitx0_0d1ms,,,,E8,5.11830395411,550.794617647,550.794617647,550.794617647,550.794617647,550.794617647,550.794617647,47.330654725,4.998,True,0,,0,,cae880628c384ed66603cc1a188364fb6c3fc6753cb5e757cbb03d5a0bceb2c1,"[{'signature': '615d879cf9072d325a9e718ce0a8a6a577ca30d7af8517f0584cb214a928ee96', 'reason': 'exact_saved_deck_proof;AC_meas_prefix_only_source_revision'}]",,ok,5e-05,1e-07,25,60,90,,
,,,,,-8000,"{'q': 'T2', 'borne': 'vo', 'mode': 'v', 'relay': 0, 'power': 0, 'body': 0, 'rail': 1.02, 'source': 0, 'tap': 0, 'phase': 0, 'grid': 0.5, 'arc': 1, 'idss': 0.007, 'vp': 1.6, 'ron': 700, 'temp': 25, 'stimulus': 'esd', 'amplitude': -8000, 'frequency': 60, 'stop': 5e-05, 'step': 1e-09, 'remove': 10.0, 'load': 0, 'zbv': 5.6, 'macro': 'reduced', 'rx0': 100, 'rx2': 1e-06, 'gdc': 780}",,reduced_PINOPA_direct_diode_conduction_Vf0.5_Ron1_assumed,3.476763120255643e-05,3.476763120255643e-05,,,,4.648863206926899e-05,reduced_PINOPA_direct_diode_conduction_Vf0.5_Ron1_assumed,0.0004595386730556907,0.0004595386730556907,,,0.00045957997970673777,155.515002144,155.515002144,155.515002144,gdtmov,,,,32.40588119998574,,,,,1,e8_e52c27456a5fc8316cc2,,True,protection,,0,,,,reduced,,,,am8000_chaingdtmov_g1_kprotection_i0_mreduced_qe8_r4d998_x0_s5em05_tau1em09_t25_ron60_u91_t2_vo_v_rel0_rs2700_rx10000_none_10000_p0_b0_r1d02_i0_tap0_ph0_gdc780_gimp1000_esd_am8000_t5em05_off10d0_reduced_opa4192_rx0_10k_rx2_10k_x1com_waitx2_3ms_waitx0_0d1ms,,,,E8,5.10103046555,280.71421442,280.71421442,280.71421442,280.71421442,280.71421442,280.71421442,47.1775855498,4.998,True,0,,0,,1dd6fdbc5ddf3655359091c1b2abffd476c1f2d6b0164571ba93f32cb0a1ee44,"[{'signature': '6fcf55b62ee3150de2d237be1793f341bf4c54324620b6a1078ed5370b5579dc', 'reason': 'exact_saved_deck_proof;AC_meas_prefix_only_source_revision'}]",,ok,5e-05,1e-09,25,60,91,,
,,,,,-8000,"{'q': 'T2', 'borne': 'vo', 'mode': 'v', 'relay': 0, 'power': 0, 'body': 0, 'rail': 1.02, 'source': 0, 'tap': 0, 'phase': 0, 'grid': 0.5, 'arc': 1, 'idss': 0.007, 'vp': 1.6, 'ron': 700, 'temp': 25, 'stimulus': 'esd', 'amplitude': -8000, 'frequency': 60, 'stop': 5e-05, 'step': 1e-09, 'remove': 10.0, 'load': 0, 'zbv': 5.6, 'macro': 'reduced', 'rx0': 100, 'rx2': 1e-06, 'gdc': 780}",,reduced_PINOPA_direct_diode_conduction_Vf0.5_Ron1_assumed,3.457842446795159e-05,3.457842446795159e-05,,,,4.853609317278086e-05,reduced_PINOPA_direct_diode_conduction_Vf0.5_Ron1_assumed,0.0004612673227366945,0.0004612673227366945,,,0.0004613087652402093,156.019575199,156.019575199,156.019575199,gdtmov,,,,32.731038200028706,,,,,1,e8_d8797e96fdb1919248c1,,True,protection,,0,,,,reduced,,,,am8000_chaingdtmov_g1_kprotection_i0_mreduced_qe8_r4d998_x0_s5em05_tau1em07_t25_ron60_u91_t2_vo_v_rel0_rs2700_rx10000_none_10000_p0_b0_r1d02_i0_tap0_ph0_gdc780_gimp1000_esd_am8000_t5em05_off10d0_reduced_opa4192_rx0_10k_rx2_10k_x1com_waitx2_3ms_waitx0_0d1ms,,,,E8,5.11830395401,550.794617647,550.794617647,550.794617647,550.794617647,550.794617647,550.794617647,47.3306547242,4.998,True,0,,0,,d492d1c8c20d99918874fc54842149e343bf08f1db5e9dfa996feeca35e3c1a4,"[{'signature': '95b1063ce3cec1bbb0d67c31ef6d023fdf88a9b4b30c0d8464da1f3d782a47eb', 'reason': 'exact_saved_deck_proof;AC_meas_prefix_only_source_revision'}]",,ok,5e-05,1e-07,25,60,91,,
,,,,,-8000,"{'q': 'T2', 'borne': 'vo', 'mode': 'v', 'relay': 0, 'power': 0, 'body': 1, 'rail': 1.02, 'source': 0, 'tap': 0, 'phase': 0, 'grid': 0.5, 'arc': 1, 'idss': 0.007, 'vp': 1.6, 'ron': 700, 'temp': 25, 'stimulus': 'esd', 'amplitude': -8000, 'frequency': 60, 'stop': 5e-05, 'step': 1e-09, 'remove': 10.0, 'load': 0, 'zbv': 5.6, 'macro': 'reduced', 'rx0': 100, 'rx2': 1e-06, 'gdc': 420}",,reduced_PINOPA_direct_diode_conduction_Vf0.5_Ron1_assumed,3.47676312030298e-05,3.47676312030298e-05,,,,4.648863207663002e-05,reduced_PINOPA_direct_diode_conduction_Vf0.5_Ron1_assumed,0.00045953867298747744,0.00045953867298747744,,,0.00045957997964434443,155.515002144,155.515002144,155.515002144,gdtmov,,,,39.735838900029194,,,,,1,e8_1e72e723d7f0da3a0974,,True,protection,,0,,,,reduced,,,,am8000_chaingdtmov_g1_kprotection_i0_mreduced_qe8_r4d998_x0_s5em05_tau1em09_t25_ron60_u92_t2_vo_v_rel0_rs2700_rx10000_none_10000_p0_b1_r1d02_i0_tap0_ph0_gdc420_gimp1000_esd_am8000_t5em05_off10d0_reduced_opa4192_rx0_10k_rx2_10k_x1com_waitx2_3ms_waitx0_0d1ms,,,,E8,5.10103046555,280.714214706,280.714214706,280.714214706,280.714214706,280.714214706,280.714214706,47.1775855497,4.998,True,0,,0,,923a953dea0af93df27f4ee27116d217d083ff99fdd440c41a52120fa111821f,"[{'signature': '10130cd9abc6f3480d93d6231d381268446068f86727a0b48c4951baa3a760d1', 'reason': 'exact_saved_deck_proof;AC_meas_prefix_only_source_revision'}]",,ok,5e-05,1e-09,25,60,92,,
,,,,,-8000,"{'q': 'T2', 'borne': 'vo', 'mode': 'v', 'relay': 0, 'power': 0, 'body': 1, 'rail': 1.02, 'source': 0, 'tap': 0, 'phase': 0, 'grid': 0.5, 'arc': 1, 'idss': 0.007, 'vp': 1.6, 'ron': 700, 'temp': 25, 'stimulus': 'esd', 'amplitude': -8000, 'frequency': 60, 'stop': 5e-05, 'step': 1e-09, 'remove': 10.0, 'load': 0, 'zbv': 5.6, 'macro': 'reduced', 'rx0': 100, 'rx2': 1e-06, 'gdc': 420}",,reduced_PINOPA_direct_diode_conduction_Vf0.5_Ron1_assumed,3.4578424469502604e-05,3.4578424469502604e-05,,,,4.8536093179932815e-05,reduced_PINOPA_direct_diode_conduction_Vf0.5_Ron1_assumed,0.00046126732268024316,0.00046126732268024316,,,0.0004613087651895813,156.019575202,156.019575202,156.019575202,gdtmov,,,,45.934771900007036,,,,,1,e8_6dce836e87c273d2f056,,True,protection,,0,,,,reduced,,,,am8000_chaingdtmov_g1_kprotection_i0_mreduced_qe8_r4d998_x0_s5em05_tau1em07_t25_ron60_u92_t2_vo_v_rel0_rs2700_rx10000_none_10000_p0_b1_r1d02_i0_tap0_ph0_gdc420_gimp1000_esd_am8000_t5em05_off10d0_reduced_opa4192_rx0_10k_rx2_10k_x1com_waitx2_3ms_waitx0_0d1ms,,,,E8,5.11830395411,550.794617144,550.794617144,550.794617144,550.794617144,550.794617144,550.794617144,47.330654725,4.998,True,0,,0,,aae87c6cf32a4f3459ed9d42d716e4dc165713b847d70c52d9aba800f7350ddc,"[{'signature': '99024ea4c0b59ee67626216425c4c060d102c1e50ff867ab816fa0c67edd1dd7', 'reason': 'exact_saved_deck_proof;AC_meas_prefix_only_source_revision'}]",,ok,5e-05,1e-07,25,60,92,,
,,,,,-8000,"{'q': 'T2', 'borne': 'vo', 'mode': 'v', 'relay': 0, 'power': 0, 'body': 1, 'rail': 1.02, 'source': 0, 'tap': 0, 'phase': 0, 'grid': 0.5, 'arc': 1, 'idss': 0.007, 'vp': 1.6, 'ron': 700, 'temp': 25, 'stimulus': 'esd', 'amplitude': -8000, 'frequency': 60, 'stop': 5e-05, 'step': 1e-09, 'remove': 10.0, 'load': 0, 'zbv': 5.6, 'macro': 'reduced', 'rx0': 100, 'rx2': 1e-06, 'gdc': 780}",,reduced_PINOPA_direct_diode_conduction_Vf0.5_Ron1_assumed,3.476763119754493e-05,3.476763119754493e-05,,,,4.6488632076626844e-05,reduced_PINOPA_direct_diode_conduction_Vf0.5_Ron1_assumed,0.0004595386729885562,0.0004595386729885562,,,0.0004595799796454233,155.515002144,155.515002144,155.515002144,gdtmov,,,,35.45795840001665,,,,,1,e8_67bd34b379b9800c64c4,,True,protection,,0,,,,reduced,,,,am8000_chaingdtmov_g1_kprotection_i0_mreduced_qe8_r4d998_x0_s5em05_tau1em09_t25_ron60_u93_t2_vo_v_rel0_rs2700_rx10000_none_10000_p0_b1_r1d02_i0_tap0_ph0_gdc780_gimp1000_esd_am8000_t5em05_off10d0_reduced_opa4192_rx0_10k_rx2_10k_x1com_waitx2_3ms_waitx0_0d1ms,,,,E8,5.10103046556,280.71421471,280.71421471,280.71421471,280.71421471,280.71421471,280.71421471,47.1775855498,4.998,True,0,,0,,cc48a76d2a6e9fc1d3520d20e8a3f7227e48893219000db71f81654939aab7cc,"[{'signature': '32d829da1687ac3c767ae6437f4964cc7b67389699bd446ac99be1c013d62485', 'reason': 'exact_saved_deck_proof;AC_meas_prefix_only_source_revision'}]",,ok,5e-05,1e-09,25,60,93,,
,,,,,-8000,"{'q': 'T2', 'borne': 'vo', 'mode': 'v', 'relay': 0, 'power': 0, 'body': 1, 'rail': 1.02, 'source': 0, 'tap': 0, 'phase': 0, 'grid': 0.5, 'arc': 1, 'idss': 0.007, 'vp': 1.6, 'ron': 700, 'temp': 25, 'stimulus': 'esd', 'amplitude': -8000, 'frequency': 60, 'stop': 5e-05, 'step': 1e-09, 'remove': 10.0, 'load': 0, 'zbv': 5.6, 'macro': 'reduced', 'rx0': 100, 'rx2': 1e-06, 'gdc': 780}",,reduced_PINOPA_direct_diode_conduction_Vf0.5_Ron1_assumed,3.457842446324567e-05,3.457842446324567e-05,,,,4.8536093179932815e-05,reduced_PINOPA_direct_diode_conduction_Vf0.5_Ron1_assumed,0.00046126732267054855,0.00046126732267054855,,,0.00046130876517988593,156.019575199,156.019575199,156.019575199,gdtmov,,,,31.25099059997592,,,,,1,e8_53a9afea1d9fab71a3ba,,True,protection,,0,,,,reduced,,,,am8000_chaingdtmov_g1_kprotection_i0_mreduced_qe8_r4d998_x0_s5em05_tau1em07_t25_ron60_u93_t2_vo_v_rel0_rs2700_rx10000_none_10000_p0_b1_r1d02_i0_tap0_ph0_gdc780_gimp1000_esd_am8000_t5em05_off10d0_reduced_opa4192_rx0_10k_rx2_10k_x1com_waitx2_3ms_waitx0_0d1ms,,,,E8,5.11830395402,550.794617144,550.794617144,550.794617144,550.794617144,550.794617144,550.794617144,47.3306547242,4.998,True,0,,0,,bbcd0708dd007cef15e566eba263eb1e4fc9fa9f2b6f949baa746b43626cf0f2,"[{'signature': '0fa49f613335e448ff5c22600ad23cc5df7f5a7775a1ac7a2b788efa7d9c9fb4', 'reason': 'exact_saved_deck_proof;AC_meas_prefix_only_source_revision'}]",,ok,5e-05,1e-07,25,60,93,,
,,,,,8000,"{'q': 'T2', 'borne': 'vo', 'mode': 'v', 'relay': 0, 'power': 1, 'body': 0, 'rail': 0.98, 'source': 0, 'tap': 0, 'phase': 0, 'grid': 0.5, 'arc': 1, 'idss': 0.007, 'vp': 1.6, 'ron': 700, 'temp': 25, 'stimulus': 'esd', 'amplitude': 8000, 'frequency': 60, 'stop': 5e-05, 'step': 1e-09, 'remove': 10.0, 'load': 0, 'zbv': 5.6, 'macro': 'reduced', 'rx0': 100, 'rx2': 1e-06, 'gdc': 420}",,reduced_PINOPA_direct_diode_conduction_Vf0.5_Ron1_assumed,7.747120343227506e-05,7.747120343227506e-05,,,,0.0005137028679351755,reduced_PINOPA_direct_diode_conduction_Vf0.5_Ron1_assumed,1.0337561781489555e-11,1.0337561781489555e-11,,,9.666481336569527e-05,155.508443774,155.508443774,155.508443774,gdtmov,,,,35.0447016999824,,,,,1,e8_36f7501d7335187c78f7,,True,protection,,0,,,,reduced,,,,a8000_chaingdtmov_g1_kprotection_i0_mreduced_qe8_r4d802_x0_s5em05_tau1em09_t25_ron60_u94_t2_vo_v_rel0_rs2700_rx10000_none_10000_p1_b0_r0d98_i0_tap0_ph0_gdc420_gimp1000_esd_a8000_t5em05_off10d0_reduced_opa4192_rx0_10k_rx2_10k_x1com_waitx2_3ms_waitx0_0d1ms,,,,E8,5.17816040661,289.082833279,289.082833279,289.082833279,289.082833279,289.082833279,289.082833279,47.175595978,4.8020000000000005,True,0,,0,,aea07721f5342f93c0ad6ddb0b836b71bbe200cffe8a68f179b4e23cf494cbc1,"[{'signature': '6db5fd7b282daa425cf8bc8af9211345251e338e60413bbc3a76a74d0be5e2aa', 'reason': 'exact_saved_deck_proof;AC_meas_prefix_only_source_revision'}]",,ok,5e-05,1e-09,25,60,94,,
,,,,,8000,"{'q': 'T2', 'borne': 'vo', 'mode': 'v', 'relay': 0, 'power': 1, 'body': 0, 'rail': 0.98, 'source': 0, 'tap': 0, 'phase': 0, 'grid': 0.5, 'arc': 1, 'idss': 0.007, 'vp': 1.6, 'ron': 700, 'temp': 25, 'stimulus': 'esd', 'amplitude': 8000, 'frequency': 60, 'stop': 5e-05, 'step': 1e-09, 'remove': 10.0, 'load': 0, 'zbv': 5.6, 'macro': 'reduced', 'rx0': 100, 'rx2': 1e-06, 'gdc': 420}",,reduced_PINOPA_direct_diode_conduction_Vf0.5_Ron1_assumed,8.608845095818343e-05,8.608845095818343e-05,,,,0.0005218761313978361,reduced_PINOPA_direct_diode_conduction_Vf0.5_Ron1_assumed,1.0370178907713306e-11,1.0370178907713306e-11,,,9.83719194156879e-05,156.011598378,156.011598378,156.011598378,gdtmov,,,,40.33853780000936,,,,,1,e8_f7b4c201b2d97a54acce,,True,protection,,0,,,,reduced,,,,a8000_chaingdtmov_g1_kprotection_i0_mreduced_qe8_r4d802_x0_s5em05_tau1em07_t25_ron60_u94_t2_vo_v_rel0_rs2700_rx10000_none_10000_p1_b0_r0d98_i0_tap0_ph0_gdc420_gimp1000_esd_a8000_t5em05_off10d0_reduced_opa4192_rx0_10k_rx2_10k_x1com_waitx2_3ms_waitx0_0d1ms,,,,E8,5.19490882207,558.142757247,558.142757247,558.142757247,558.142757247,558.142757247,558.142757247,47.3282348501,4.8020000000000005,True,0,,0,,6b1f6a3d84150b914cedf54d82443f25d1e0243391e47f794600f77cb9274537,"[{'signature': 'b66ef1d275657eb611c247b7cae9ccd19a93b977c8b92c6fc60a66e0d87b600f', 'reason': 'exact_saved_deck_proof;AC_meas_prefix_only_source_revision'}]",,ok,5e-05,1e-07,25,60,94,,
,,,,,8000,"{'q': 'T2', 'borne': 'vo', 'mode': 'v', 'relay': 0, 'power': 1, 'body': 0, 'rail': 0.98, 'source': 0, 'tap': 0, 'phase': 0, 'grid': 0.5, 'arc': 1, 'idss': 0.007, 'vp': 1.6, 'ron': 700, 'temp': 25, 'stimulus': 'esd', 'amplitude': 8000, 'frequency': 60, 'stop': 5e-05, 'step': 1e-09, 'remove': 10.0, 'load': 0, 'zbv': 5.6, 'macro': 'reduced', 'rx0': 100, 'rx2': 1e-06, 'gdc': 780}",,reduced_PINOPA_direct_diode_conduction_Vf0.5_Ron1_assumed,7.747120343170086e-05,7.747120343170086e-05,,,,0.0005137028679351725,reduced_PINOPA_direct_diode_conduction_Vf0.5_Ron1_assumed,1.033756178150911e-11,1.033756178150911e-11,,,9.666481336569494e-05,155.508443775,155.508443775,155.508443775,gdtmov,,,,26.882685100019444,,,,,1,e8_39de09e5e42cef3ed6b7,,True,protection,,0,,,,reduced,,,,a8000_chaingdtmov_g1_kprotection_i0_mreduced_qe8_r4d802_x0_s5em05_tau1em09_t25_ron60_u95_t2_vo_v_rel0_rs2700_rx10000_none_10000_p1_b0_r0d98_i0_tap0_ph0_gdc780_gimp1000_esd_a8000_t5em05_off10d0_reduced_opa4192_rx0_10k_rx2_10k_x1com_waitx2_3ms_waitx0_0d1ms,,,,E8,5.17816040662,289.08283328,289.08283328,289.08283328,289.08283328,289.08283328,289.08283328,47.1755959781,4.8020000000000005,True,0,,0,,12b8671f57051d8b2e639156dc0d69bca99bd118c556688148e24a6904e0007f,"[{'signature': 'c8eb53fa7ea1ac8a857460423a00895ee7e39d2a54cb195e49e33d6e6f63b6c6', 'reason': 'exact_saved_deck_proof;AC_meas_prefix_only_source_revision'}]",,ok,5e-05,1e-09,25,60,95,,
,,,,,8000,"{'q': 'T2', 'borne': 'vo', 'mode': 'v', 'relay': 0, 'power': 1, 'body': 0, 'rail': 0.98, 'source': 0, 'tap': 0, 'phase': 0, 'grid': 0.5, 'arc': 1, 'idss': 0.007, 'vp': 1.6, 'ron': 700, 'temp': 25, 'stimulus': 'esd', 'amplitude': 8000, 'frequency': 60, 'stop': 5e-05, 'step': 1e-09, 'remove': 10.0, 'load': 0, 'zbv': 5.6, 'macro': 'reduced', 'rx0': 100, 'rx2': 1e-06, 'gdc': 780}",,reduced_PINOPA_direct_diode_conduction_Vf0.5_Ron1_assumed,8.608845095816825e-05,8.608845095816825e-05,,,,0.0005218761313978364,reduced_PINOPA_direct_diode_conduction_Vf0.5_Ron1_assumed,1.0370178907536472e-11,1.0370178907536472e-11,,,9.837191941568791e-05,156.011598375,156.011598375,156.011598375,gdtmov,,,,29.48847320000641,,,,,1,e8_27c233fb88b7e9dc426b,,True,protection,,0,,,,reduced,,,,a8000_chaingdtmov_g1_kprotection_i0_mreduced_qe8_r4d802_x0_s5em05_tau1em07_t25_ron60_u95_t2_vo_v_rel0_rs2700_rx10000_none_10000_p1_b0_r0d98_i0_tap0_ph0_gdc780_gimp1000_esd_a8000_t5em05_off10d0_reduced_opa4192_rx0_10k_rx2_10k_x1com_waitx2_3ms_waitx0_0d1ms,,,,E8,5.19490882198,558.142757247,558.142757247,558.142757247,558.142757247,558.142757247,558.142757247,47.3282348493,4.8020000000000005,True,0,,0,,3dc05c43bff2e387c826d4f1d78b58b6dffef33d7afe1d1b3c352824dd67f86d,"[{'signature': 'a6276f68b1c3801a2db2e0866c5bf86bb4c9d5547d01acfa4562d44e7a2ff47b', 'reason': 'exact_saved_deck_proof;AC_meas_prefix_only_source_revision'}]",,ok,5e-05,1e-07,25,60,95,,
,,,,,8000,"{'q': 'T2', 'borne': 'vo', 'mode': 'v', 'relay': 0, 'power': 0, 'body': 0, 'rail': 0.98, 'source': 0, 'tap': 0, 'phase': 0, 'grid': 0.5, 'arc': 1, 'idss': 0.007, 'vp': 1.6, 'ron': 700, 'temp': 25, 'stimulus': 'esd', 'amplitude': 8000, 'frequency': 60, 'stop': 5e-05, 'step': 1e-09, 'remove': 10.0, 'load': 0, 'zbv': 5.6, 'macro': 'reduced', 'rx0': 100, 'rx2': 1e-06, 'gdc': 420}",,reduced_PINOPA_direct_diode_conduction_Vf0.5_Ron1_assumed,3.4767983459478054e-05,3.4767983459478054e-05,,,,4.648995427941818e-05,reduced_PINOPA_direct_diode_conduction_Vf0.5_Ron1_assumed,0.0004595386469864472,0.0004595386469864472,,,0.00045957996484483884,155.514993456,155.514993456,155.514993456,gdtmov,,,,44.17400160001125,,,,,1,e8_adad4d0f76ec78a506e0,,True,protection,,0,,,,reduced,,,,a8000_chaingdtmov_g1_kprotection_i0_mreduced_qe8_r4d802_x0_s5em05_tau1em09_t25_ron60_u96_t2_vo_v_rel0_rs2700_rx10000_none_10000_p0_b0_r0d98_i0_tap0_ph0_gdc420_gimp1000_esd_a8000_t5em05_off10d0_reduced_opa4192_rx0_10k_rx2_10k_x1com_waitx2_3ms_waitx0_0d1ms,,,,E8,5.10103040229,280.696175325,280.696175325,280.696175325,280.696175325,280.696175325,280.696175325,47.177582925,4.8020000000000005,True,0,,0,,753b3804a36e500e392ed9cd7d0958b04f74cd549da6a85183065bfc27401799,"[{'signature': 'fd66089fb271fbf3e6d3b49436a30ff19c0949566519fb507bc36bd52b57ce47', 'reason': 'exact_saved_deck_proof;AC_meas_prefix_only_source_revision'}]",,ok,5e-05,1e-09,25,60,96,,
,,,,,8000,"{'q': 'T2', 'borne': 'vo', 'mode': 'v', 'relay': 0, 'power': 0, 'body': 0, 'rail': 0.98, 'source': 0, 'tap': 0, 'phase': 0, 'grid': 0.5, 'arc': 1, 'idss': 0.007, 'vp': 1.6, 'ron': 700, 'temp': 25, 'stimulus': 'esd', 'amplitude': 8000, 'frequency': 60, 'stop': 5e-05, 'step': 1e-09, 'remove': 10.0, 'load': 0, 'zbv': 5.6, 'macro': 'reduced', 'rx0': 100, 'rx2': 1e-06, 'gdc': 420}",,reduced_PINOPA_direct_diode_conduction_Vf0.5_Ron1_assumed,3.4578504385725576e-05,3.4578504385725576e-05,,,,4.853672553081788e-05,reduced_PINOPA_direct_diode_conduction_Vf0.5_Ron1_assumed,0.0004612673531040618,0.0004612673531040618,,,0.00046130879891953156,156.019549053,156.019549053,156.019549053,gdtmov,,,,42.99858989997301,,,,,1,e8_feaca83b20c3bb7b5d55,,True,protection,,0,,,,reduced,,,,a8000_chaingdtmov_g1_kprotection_i0_mreduced_qe8_r4d802_x0_s5em05_tau1em07_t25_ron60_u96_t2_vo_v_rel0_rs2700_rx10000_none_10000_p0_b0_r0d98_i0_tap0_ph0_gdc420_gimp1000_esd_a8000_t5em05_off10d0_reduced_opa4192_rx0_10k_rx2_10k_x1com_waitx2_3ms_waitx0_0d1ms,,,,E8,5.11830299546,554.191414928,554.191414928,554.191414928,554.191414928,554.191414928,554.191414928,47.3306467927,4.8020000000000005,True,0,,0,,013c7f31da96c4eae89e5dd9238b6ea7d92502ab1a1c97c39af472b4e5603853,"[{'signature': '0c37e6d2e035b54038cc64a9ac7fee6877f7aa6e7552b6b2eb6d17a4b044d4c0', 'reason': 'exact_saved_deck_proof;AC_meas_prefix_only_source_revision'}]",,ok,5e-05,1e-07,25,60,96,,
,,,,,8000,"{'q': 'T2', 'borne': 'vo', 'mode': 'v', 'relay': 0, 'power': 0, 'body': 0, 'rail': 0.98, 'source': 0, 'tap': 0, 'phase': 0, 'grid': 0.5, 'arc': 1, 'idss': 0.007, 'vp': 1.6, 'ron': 700, 'temp': 25, 'stimulus': 'esd', 'amplitude': 8000, 'frequency': 60, 'stop': 5e-05, 'step': 1e-09, 'remove': 10.0, 'load': 0, 'zbv': 5.6, 'macro': 'reduced', 'rx0': 100, 'rx2': 1e-06, 'gdc': 780}",,reduced_PINOPA_direct_diode_conduction_Vf0.5_Ron1_assumed,3.4767983459477945e-05,3.4767983459477945e-05,,,,4.6489954279414815e-05,reduced_PINOPA_direct_diode_conduction_Vf0.5_Ron1_assumed,0.0004595386469864451,0.0004595386469864451,,,0.0004595799648448366,155.514993456,155.514993456,155.514993456,gdtmov,,,,45.96171639999375,,,,,1,e8_a04df5c8c5efa9ec3f3d,,True,protection,,0,,,,reduced,,,,a8000_chaingdtmov_g1_kprotection_i0_mreduced_qe8_r4d802_x0_s5em05_tau1em09_t25_ron60_u97_t2_vo_v_rel0_rs2700_rx10000_none_10000_p0_b0_r0d98_i0_tap0_ph0_gdc780_gimp1000_esd_a8000_t5em05_off10d0_reduced_opa4192_rx0_10k_rx2_10k_x1com_waitx2_3ms_waitx0_0d1ms,,,,E8,5.10103040229,280.696175329,280.696175329,280.696175329,280.696175329,280.696175329,280.696175329,47.177582925,4.8020000000000005,True,0,,0,,f58daceb7868940ca63de1beeae0348165d3f5bfc3e228401986f1f73a6c2c08,"[{'signature': '80d9e438fa4b6cde32335f00ec8f7e213666e6db385e4f70376847d7bcdc7d0a', 'reason': 'exact_saved_deck_proof;AC_meas_prefix_only_source_revision'}]",,ok,5e-05,1e-09,25,60,97,,
,,,,,8000,"{'q': 'T2', 'borne': 'vo', 'mode': 'v', 'relay': 0, 'power': 0, 'body': 0, 'rail': 0.98, 'source': 0, 'tap': 0, 'phase': 0, 'grid': 0.5, 'arc': 1, 'idss': 0.007, 'vp': 1.6, 'ron': 700, 'temp': 25, 'stimulus': 'esd', 'amplitude': 8000, 'frequency': 60, 'stop': 5e-05, 'step': 1e-09, 'remove': 10.0, 'load': 0, 'zbv': 5.6, 'macro': 'reduced', 'rx0': 100, 'rx2': 1e-06, 'gdc': 780}",,reduced_PINOPA_direct_diode_conduction_Vf0.5_Ron1_assumed,3.457850438572563e-05,3.457850438572563e-05,,,,4.853672553081788e-05,reduced_PINOPA_direct_diode_conduction_Vf0.5_Ron1_assumed,0.00046126735310406185,0.00046126735310406185,,,0.0004613087989195316,156.019549053,156.019549053,156.019549053,gdtmov,,,,47.32093609997537,,,,,1,e8_d5331181f5ac92b508c6,,True,protection,,0,,,,reduced,,,,a8000_chaingdtmov_g1_kprotection_i0_mreduced_qe8_r4d802_x0_s5em05_tau1em07_t25_ron60_u97_t2_vo_v_rel0_rs2700_rx10000_none_10000_p0_b0_r0d98_i0_tap0_ph0_gdc780_gimp1000_esd_a8000_t5em05_off10d0_reduced_opa4192_rx0_10k_rx2_10k_x1com_waitx2_3ms_waitx0_0d1ms,,,,E8,5.11830299546,554.191414928,554.191414928,554.191414928,554.191414928,554.191414928,554.191414928,47.3306467927,4.8020000000000005,True,0,,0,,e1fc75ed9c6faeba950b9f3d0482cb06424f384c633595db5761d2b560d58104,"[{'signature': '2fb718a7c67d9c906f2ada9c2544394f79ae68b77bb3bbe70f7b69467cde9a9d', 'reason': 'exact_saved_deck_proof;AC_meas_prefix_only_source_revision'}]",,ok,5e-05,1e-07,25,60,97,,
,,,,,8000,"{'q': 'T2', 'borne': 'vo', 'mode': 'v', 'relay': 0, 'power': 0, 'body': 1, 'rail': 0.98, 'source': 0, 'tap': 0, 'phase': 0, 'grid': 0.5, 'arc': 1, 'idss': 0.007, 'vp': 1.6, 'ron': 700, 'temp': 25, 'stimulus': 'esd', 'amplitude': 8000, 'frequency': 60, 'stop': 5e-05, 'step': 1e-09, 'remove': 10.0, 'load': 0, 'zbv': 5.6, 'macro': 'reduced', 'rx0': 100, 'rx2': 1e-06, 'gdc': 420}",,reduced_PINOPA_direct_diode_conduction_Vf0.5_Ron1_assumed,3.4767983454647127e-05,3.4767983454647127e-05,,,,4.648995428632692e-05,reduced_PINOPA_direct_diode_conduction_Vf0.5_Ron1_assumed,0.0004595386469193885,0.0004595386469193885,,,0.00045957996478360544,155.514993456,155.514993456,155.514993456,gdtmov,,,,55.13664639997296,,,,,1,e8_971a4424ccd831673e07,,True,protection,,0,,,,reduced,,,,a8000_chaingdtmov_g1_kprotection_i0_mreduced_qe8_r4d802_x0_s5em05_tau1em09_t25_ron60_u98_t2_vo_v_rel0_rs2700_rx10000_none_10000_p0_b1_r0d98_i0_tap0_ph0_gdc420_gimp1000_esd_a8000_t5em05_off10d0_reduced_opa4192_rx0_10k_rx2_10k_x1com_waitx2_3ms_waitx0_0d1ms,,,,E8,5.1010304023,280.696175033,280.696175033,280.696175034,280.696175034,280.696175034,280.696175034,47.177582925,4.8020000000000005,True,0,,0,,a5cea755480de8201e2b5c4b57e443bc0088687db22f23ba363851a9e74ae7cc,"[{'signature': 'd532b6a8c381a27ebd6021837d15f47ff2488821c3eaf742760848c0e414fcd0', 'reason': 'exact_saved_deck_proof;AC_meas_prefix_only_source_revision'}]",,ok,5e-05,1e-09,25,60,98,,
,,,,,8000,"{'q': 'T2', 'borne': 'vo', 'mode': 'v', 'relay': 0, 'power': 0, 'body': 1, 'rail': 0.98, 'source': 0, 'tap': 0, 'phase': 0, 'grid': 0.5, 'arc': 1, 'idss': 0.007, 'vp': 1.6, 'ron': 700, 'temp': 25, 'stimulus': 'esd', 'amplitude': 8000, 'frequency': 60, 'stop': 5e-05, 'step': 1e-09, 'remove': 10.0, 'load': 0, 'zbv': 5.6, 'macro': 'reduced', 'rx0': 100, 'rx2': 1e-06, 'gdc': 420}",,reduced_PINOPA_direct_diode_conduction_Vf0.5_Ron1_assumed,3.4578504747763754e-05,3.4578504747763754e-05,,,,4.853672505439763e-05,reduced_PINOPA_direct_diode_conduction_Vf0.5_Ron1_assumed,0.00046126735391313547,0.00046126735391313547,,,0.0004613087997861906,156.019549283,156.019549283,156.019549283,gdtmov,,,,47.41980120004155,,,,,1,e8_9b478c7bbe2ef71895ec,,True,protection,,0,,,,reduced,,,,a8000_chaingdtmov_g1_kprotection_i0_mreduced_qe8_r4d802_x0_s5em05_tau1em07_t25_ron60_u98_t2_vo_v_rel0_rs2700_rx10000_none_10000_p0_b1_r0d98_i0_tap0_ph0_gdc420_gimp1000_esd_a8000_t5em05_off10d0_reduced_opa4192_rx0_10k_rx2_10k_x1com_waitx2_3ms_waitx0_0d1ms,,,,E8,5.11830299783,554.193624254,554.193624254,554.193624254,554.193624254,554.193624254,554.193624254,47.3306468625,4.8020000000000005,True,0,,0,,0f09d8711bb52bddb36ea7d3a1933e8e50f0e033730bd4f6b90bac7655927e37,"[{'signature': '01ed55f00b025a504aa781537180974804210130f6eec207ae07c6e6e0ac77cc', 'reason': 'exact_saved_deck_proof;AC_meas_prefix_only_source_revision'}]",,ok,5e-05,1e-07,25,60,98,,
,,,,,8000,"{'q': 'T2', 'borne': 'vo', 'mode': 'v', 'relay': 0, 'power': 0, 'body': 1, 'rail': 0.98, 'source': 0, 'tap': 0, 'phase': 0, 'grid': 0.5, 'arc': 1, 'idss': 0.007, 'vp': 1.6, 'ron': 700, 'temp': 25, 'stimulus': 'esd', 'amplitude': 8000, 'frequency': 60, 'stop': 5e-05, 'step': 1e-09, 'remove': 10.0, 'load': 0, 'zbv': 5.6, 'macro': 'reduced', 'rx0': 100, 'rx2': 1e-06, 'gdc': 780}",,reduced_PINOPA_direct_diode_conduction_Vf0.5_Ron1_assumed,3.476798345464707e-05,3.476798345464707e-05,,,,4.6489954286323534e-05,reduced_PINOPA_direct_diode_conduction_Vf0.5_Ron1_assumed,0.0004595386469193864,0.0004595386469193864,,,0.0004595799647836033,155.514993456,155.514993456,155.514993456,gdtmov,,,,49.82580810005311,,,,,1,e8_77bdbde40bbb74ca7422,,True,protection,,0,,,,reduced,,,,a8000_chaingdtmov_g1_kprotection_i0_mreduced_qe8_r4d802_x0_s5em05_tau1em09_t25_ron60_u99_t2_vo_v_rel0_rs2700_rx10000_none_10000_p0_b1_r0d98_i0_tap0_ph0_gdc780_gimp1000_esd_a8000_t5em05_off10d0_reduced_opa4192_rx0_10k_rx2_10k_x1com_waitx2_3ms_waitx0_0d1ms,,,,E8,5.1010304023,280.696175037,280.696175037,280.696175037,280.696175037,280.696175037,280.696175037,47.177582925,4.8020000000000005,True,0,,0,,cd4ca892b16a5d49df8eb517eaabf67dfab9997430ae3b25907062efc9cb52f4,"[{'signature': '8c5b8ab6348a8f33c262e6db228ee3968a22a574932cc74df318526dc652ff24', 'reason': 'exact_saved_deck_proof;AC_meas_prefix_only_source_revision'}]",,ok,5e-05,1e-09,25,60,99,,
,,,,,8000,"{'q': 'T2', 'borne': 'vo', 'mode': 'v', 'relay': 0, 'power': 0, 'body': 1, 'rail': 0.98, 'source': 0, 'tap': 0, 'phase': 0, 'grid': 0.5, 'arc': 1, 'idss': 0.007, 'vp': 1.6, 'ron': 700, 'temp': 25, 'stimulus': 'esd', 'amplitude': 8000, 'frequency': 60, 'stop': 5e-05, 'step': 1e-09, 'remove': 10.0, 'load': 0, 'zbv': 5.6, 'macro': 'reduced', 'rx0': 100, 'rx2': 1e-06, 'gdc': 780}",,reduced_PINOPA_direct_diode_conduction_Vf0.5_Ron1_assumed,3.457850474776386e-05,3.457850474776386e-05,,,,4.853672505439763e-05,reduced_PINOPA_direct_diode_conduction_Vf0.5_Ron1_assumed,0.0004612673539131356,0.0004612673539131356,,,0.0004613087997861906,156.019549283,156.019549283,156.019549283,gdtmov,,,,49.03072590002557,,,,,1,e8_4425993663b4fa46050b,,True,protection,,0,,,,reduced,,,,a8000_chaingdtmov_g1_kprotection_i0_mreduced_qe8_r4d802_x0_s5em05_tau1em07_t25_ron60_u99_t2_vo_v_rel0_rs2700_rx10000_none_10000_p0_b1_r0d98_i0_tap0_ph0_gdc780_gimp1000_esd_a8000_t5em05_off10d0_reduced_opa4192_rx0_10k_rx2_10k_x1com_waitx2_3ms_waitx0_0d1ms,,,,E8,5.11830299783,554.193624254,554.193624254,554.193624254,554.193624254,554.193624254,554.193624254,47.3306468625,4.8020000000000005,True,0,,0,,56c2f34ce671e2ef9d6b6e6a3593570360d9d465c451f254bb7298efa2598727,"[{'signature': '6fe1f090f80c8b00f8dd536f15eb4058e2a0bc62d69d709f66673e730b91fea3', 'reason': 'exact_saved_deck_proof;AC_meas_prefix_only_source_revision'}]",,ok,5e-05,1e-07,25,60,99,,
,,,,,8000,"{'q': 'T2', 'borne': 'vo', 'mode': 'v', 'relay': 0, 'power': 1, 'body': 0, 'rail': 1, 'source': 0, 'tap': 0, 'phase': 0, 'grid': 0.5, 'arc': 1, 'idss': 0.007, 'vp': 1.6, 'ron': 700, 'temp': 25, 'stimulus': 'esd', 'amplitude': 8000, 'frequency': 60, 'stop': 5e-05, 'step': 1e-09, 'remove': 10.0, 'load': 0, 'zbv': 5.6, 'macro': 'reduced', 'rx0': 100, 'rx2': 1e-06, 'gdc': 420}",,reduced_PINOPA_direct_diode_conduction_Vf0.5_Ron1_assumed,8.314951232386096e-05,8.314951232386096e-05,,,,0.0005232073645150535,reduced_PINOPA_direct_diode_conduction_Vf0.5_Ron1_assumed,1.0338272598251587e-11,1.0338272598251587e-11,,,9.666478648296309e-05,155.508565785,155.508565785,155.508565785,gdtmov,,,,53.782878199999686,,,,,1,e8_1d4dec907c0fd1cb74b4,,True,protection,,0,,,,reduced,,,,a8000_chaingdtmov_g1_kprotection_i0_mreduced_qe8_r4d9_x0_s5em05_tau1em09_t25_ron60_u100_t2_vo_v_rel0_rs2700_rx10000_none_10000_p1_b0_r1_i0_tap0_ph0_gdc420_gimp1000_esd_a8000_t5em05_off10d0_reduced_opa4192_rx0_10k_rx2_10k_x1com_waitx2_3ms_waitx0_0d1ms,,,,E8,5.1782134255,289.164964686,289.164964686,289.164964686,289.164964686,289.164964686,289.164964686,47.1756329927,4.9,True,0,,0,,8227407dd7df21a63a34040a4faedf875f1efdbf3acfb3861ba086eb578edde5,"[{'signature': '08d5ef20908da5b038534792e0b574bb92986d56cf2e589ddcea5bed3aece6bc', 'reason': 'exact_saved_deck_proof;AC_meas_prefix_only_source_revision'}]",,ok,5e-05,1e-09,25,60,100,,
,,,,,8000,"{'q': 'T2', 'borne': 'vo', 'mode': 'v', 'relay': 0, 'power': 1, 'body': 0, 'rail': 1, 'source': 0, 'tap': 0, 'phase': 0, 'grid': 0.5, 'arc': 1, 'idss': 0.007, 'vp': 1.6, 'ron': 700, 'temp': 25, 'stimulus': 'esd', 'amplitude': 8000, 'frequency': 60, 'stop': 5e-05, 'step': 1e-09, 'remove': 10.0, 'load': 0, 'zbv': 5.6, 'macro': 'reduced', 'rx0': 100, 'rx2': 1e-06, 'gdc': 420}",,reduced_PINOPA_direct_diode_conduction_Vf0.5_Ron1_assumed,7.24164463802543e-05,7.24164463802543e-05,,,,0.0005315865490440166,reduced_PINOPA_direct_diode_conduction_Vf0.5_Ron1_assumed,1.0370875475421479e-11,1.0370875475421479e-11,,,9.837195138715989e-05,156.011727315,156.011727315,156.011727315,gdtmov,,,,31.378736799990293,,,,,1,e8_560b1d5f75b9ca2473a1,,True,protection,,0,,,,reduced,,,,a8000_chaingdtmov_g1_kprotection_i0_mreduced_qe8_r4d9_x0_s5em05_tau1em07_t25_ron60_u100_t2_vo_v_rel0_rs2700_rx10000_none_10000_p1_b0_r1_i0_tap0_ph0_gdc420_gimp1000_esd_a8000_t5em05_off10d0_reduced_opa4192_rx0_10k_rx2_10k_x1com_waitx2_3ms_waitx0_0d1ms,,,,E8,5.19496231581,558.134985567,558.134985567,558.134985567,558.134985567,558.134985567,558.134985567,47.3282739682,4.9,True,0,,0,,da6dd4388fede2884e56bba31b50c52e1ded1a8e0a2ce6a6b1fa40c8d5e207c7,"[{'signature': '82669bb2a364e874ca05b10f1480513dff55bf3c0c0eb83ababf8690a5e4d865', 'reason': 'exact_saved_deck_proof;AC_meas_prefix_only_source_revision'}]",,ok,5e-05,1e-07,25,60,100,,
,,,,,8000,"{'q': 'T2', 'borne': 'vo', 'mode': 'v', 'relay': 0, 'power': 1, 'body': 0, 'rail': 1, 'source': 0, 'tap': 0, 'phase': 0, 'grid': 0.5, 'arc': 1, 'idss': 0.007, 'vp': 1.6, 'ron': 700, 'temp': 25, 'stimulus': 'esd', 'amplitude': 8000, 'frequency': 60, 'stop': 5e-05, 'step': 1e-09, 'remove': 10.0, 'load': 0, 'zbv': 5.6, 'macro': 'reduced', 'rx0': 100, 'rx2': 1e-06, 'gdc': 780}",,reduced_PINOPA_direct_diode_conduction_Vf0.5_Ron1_assumed,8.31495123237521e-05,8.31495123237521e-05,,,,0.0005232073645150473,reduced_PINOPA_direct_diode_conduction_Vf0.5_Ron1_assumed,1.0338272598270992e-11,1.0338272598270992e-11,,,9.666478648296276e-05,155.508565785,155.508565785,155.508565785,gdtmov,,,,24.449935299984645,,,,,1,e8_32693f14fe911108acce,,True,protection,,0,,,,reduced,,,,a8000_chaingdtmov_g1_kprotection_i0_mreduced_qe8_r4d9_x0_s5em05_tau1em09_t25_ron60_u101_t2_vo_v_rel0_rs2700_rx10000_none_10000_p1_b0_r1_i0_tap0_ph0_gdc780_gimp1000_esd_a8000_t5em05_off10d0_reduced_opa4192_rx0_10k_rx2_10k_x1com_waitx2_3ms_waitx0_0d1ms,,,,E8,5.17821342551,289.164964688,289.164964688,289.164964688,289.164964688,289.164964688,289.164964688,47.1756329928,4.9,True,0,,0,,bb4e6483cb5b776065de31ab0717ece076b770113749e57da36387ecaa7df3c5,"[{'signature': '30b4078f4fd8658c7189b81b482afd3fab08df4588b1ded930a02827bfccd021', 'reason': 'exact_saved_deck_proof;AC_meas_prefix_only_source_revision'}]",,ok,5e-05,1e-09,25,60,101,,
,,,,,8000,"{'q': 'T2', 'borne': 'vo', 'mode': 'v', 'relay': 0, 'power': 1, 'body': 0, 'rail': 1, 'source': 0, 'tap': 0, 'phase': 0, 'grid': 0.5, 'arc': 1, 'idss': 0.007, 'vp': 1.6, 'ron': 700, 'temp': 25, 'stimulus': 'esd', 'amplitude': 8000, 'frequency': 60, 'stop': 5e-05, 'step': 1e-09, 'remove': 10.0, 'load': 0, 'zbv': 5.6, 'macro': 'reduced', 'rx0': 100, 'rx2': 1e-06, 'gdc': 780}",,reduced_PINOPA_direct_diode_conduction_Vf0.5_Ron1_assumed,7.241644638040262e-05,7.241644638040262e-05,,,,0.0005315865490440181,reduced_PINOPA_direct_diode_conduction_Vf0.5_Ron1_assumed,1.037087547524481e-11,1.037087547524481e-11,,,9.837195138715986e-05,156.011727312,156.011727312,156.011727312,gdtmov,,,,26.715163099986967,,,,,1,e8_c47b027049b58ad8ccd2,,True,protection,,0,,,,reduced,,,,a8000_chaingdtmov_g1_kprotection_i0_mreduced_qe8_r4d9_x0_s5em05_tau1em07_t25_ron60_u101_t2_vo_v_rel0_rs2700_rx10000_none_10000_p1_b0_r1_i0_tap0_ph0_gdc780_gimp1000_esd_a8000_t5em05_off10d0_reduced_opa4192_rx0_10k_rx2_10k_x1com_waitx2_3ms_waitx0_0d1ms,,,,E8,5.19496231572,558.134985567,558.134985567,558.134985567,558.134985567,558.134985567,558.134985567,47.3282739674,4.9,True,0,,0,,eaf37878db55ef9d1050b6668f5082b26f407002a1a3bcd4bd5ac89c6cb2cc0a,"[{'signature': 'eb0df63bc2c087eff435aeb1094f6f1fcfd33686393266e368e96c3081425f81', 'reason': 'exact_saved_deck_proof;AC_meas_prefix_only_source_revision'}]",,ok,5e-05,1e-07,25,60,101,,
,,,,,8000,"{'q': 'T2', 'borne': 'vo', 'mode': 'v', 'relay': 0, 'power': 0, 'body': 0, 'rail': 1, 'source': 0, 'tap': 0, 'phase': 0, 'grid': 0.5, 'arc': 1, 'idss': 0.007, 'vp': 1.6, 'ron': 700, 'temp': 25, 'stimulus': 'esd', 'amplitude': 8000, 'frequency': 60, 'stop': 5e-05, 'step': 1e-09, 'remove': 10.0, 'load': 0, 'zbv': 5.6, 'macro': 'reduced', 'rx0': 100, 'rx2': 1e-06, 'gdc': 420}",,reduced_PINOPA_direct_diode_conduction_Vf0.5_Ron1_assumed,3.476747902352289e-05,3.476747902352289e-05,,,,4.6489986915596685e-05,reduced_PINOPA_direct_diode_conduction_Vf0.5_Ron1_assumed,0.0004595386479541308,0.0004595386479541308,,,0.0004595799657527829,155.51499372,155.51499372,155.51499372,gdtmov,,,,72.48234799999045,,,,,1,e8_c65f214f386852287f45,,True,protection,,0,,,,reduced,,,,a8000_chaingdtmov_g1_kprotection_i0_mreduced_qe8_r4d9_x0_s5em05_tau1em09_t25_ron60_u102_t2_vo_v_rel0_rs2700_rx10000_none_10000_p0_b0_r1_i0_tap0_ph0_gdc420_gimp1000_esd_a8000_t5em05_off10d0_reduced_opa4192_rx0_10k_rx2_10k_x1com_waitx2_3ms_waitx0_0d1ms,,,,E8,5.10103039717,280.696885538,280.696885538,280.696885538,280.696885538,280.696885538,280.696885538,47.1775830051,4.9,True,0,,0,,39a39a4a02d1f48b830d5376730dcb89ae425b3cac2b1afc2117b615eb5d5057,"[{'signature': 'a6f9ed529ed61cac8865e3dd6e011afb971c0c26a8b1bda5bf26b69f1ed61e9c', 'reason': 'exact_saved_deck_proof;AC_meas_prefix_only_source_revision'}]",,ok,5e-05,1e-09,25,60,102,,
,,,,,8000,"{'q': 'T2', 'borne': 'vo', 'mode': 'v', 'relay': 0, 'power': 0, 'body': 0, 'rail': 1, 'source': 0, 'tap': 0, 'phase': 0, 'grid': 0.5, 'arc': 1, 'idss': 0.007, 'vp': 1.6, 'ron': 700, 'temp': 25, 'stimulus': 'esd', 'amplitude': 8000, 'frequency': 60, 'stop': 5e-05, 'step': 1e-09, 'remove': 10.0, 'load': 0, 'zbv': 5.6, 'macro': 'reduced', 'rx0': 100, 'rx2': 1e-06, 'gdc': 420}",,reduced_PINOPA_direct_diode_conduction_Vf0.5_Ron1_assumed,3.45784304909244e-05,3.45784304909244e-05,,,,4.8537223742098226e-05,reduced_PINOPA_direct_diode_conduction_Vf0.5_Ron1_assumed,0.00046126734821449203,0.00046126734821449203,,,0.0004613087948782591,156.019548222,156.019548222,156.019548222,gdtmov,,,,41.539800100028515,,,,,1,e8_bc5ce1b8c13f85a0b64b,,True,protection,,0,,,,reduced,,,,a8000_chaingdtmov_g1_kprotection_i0_mreduced_qe8_r4d9_x0_s5em05_tau1em07_t25_ron60_u102_t2_vo_v_rel0_rs2700_rx10000_none_10000_p0_b0_r1_i0_tap0_ph0_gdc420_gimp1000_esd_a8000_t5em05_off10d0_reduced_opa4192_rx0_10k_rx2_10k_x1com_waitx2_3ms_waitx0_0d1ms,,,,E8,5.11830284127,554.104778278,554.104778278,554.104778278,554.104778278,554.104778278,554.104778278,47.3306465416,4.9,True,0,,0,,1509d9b3dc2045f3b10c0ee77d75d4317af85b6090bbcf88082c68572e94513a,"[{'signature': '87acd48ce9395afc26b6a562efea5c7638a13e73b23ab99bd0f9d5ac6ebadc94', 'reason': 'exact_saved_deck_proof;AC_meas_prefix_only_source_revision'}]",,ok,5e-05,1e-07,25,60,102,,
,,,,,8000,"{'q': 'T2', 'borne': 'vo', 'mode': 'v', 'relay': 0, 'power': 0, 'body': 0, 'rail': 1, 'source': 0, 'tap': 0, 'phase': 0, 'grid': 0.5, 'arc': 1, 'idss': 0.007, 'vp': 1.6, 'ron': 700, 'temp': 25, 'stimulus': 'esd', 'amplitude': 8000, 'frequency': 60, 'stop': 5e-05, 'step': 1e-09, 'remove': 10.0, 'load': 0, 'zbv': 5.6, 'macro': 'reduced', 'rx0': 100, 'rx2': 1e-06, 'gdc': 780}",,reduced_PINOPA_direct_diode_conduction_Vf0.5_Ron1_assumed,3.4767479018048156e-05,3.4767479018048156e-05,,,,4.648998691559328e-05,reduced_PINOPA_direct_diode_conduction_Vf0.5_Ron1_assumed,0.0004595386479552103,0.0004595386479552103,,,0.0004595799657538625,155.51499372,155.51499372,155.51499372,gdtmov,,,,36.51114289998077,,,,,1,e8_6881612010bfadee00be,,True,protection,,0,,,,reduced,,,,a8000_chaingdtmov_g1_kprotection_i0_mreduced_qe8_r4d9_x0_s5em05_tau1em09_t25_ron60_u103_t2_vo_v_rel0_rs2700_rx10000_none_10000_p0_b0_r1_i0_tap0_ph0_gdc780_gimp1000_esd_a8000_t5em05_off10d0_reduced_opa4192_rx0_10k_rx2_10k_x1com_waitx2_3ms_waitx0_0d1ms,,,,E8,5.10103039718,280.696885542,280.696885542,280.696885542,280.696885542,280.696885542,280.696885542,47.1775830052,4.9,True,0,,0,,97c0ae6a25f4766a4f9a40fbbc1e1cf4d9fbabb1e157ef7c56e1f24ecca317f4,"[{'signature': '58dc0f303e1696656c1b26e4d9de368188ee7ee105f7b81ebf9905a336711098', 'reason': 'exact_saved_deck_proof;AC_meas_prefix_only_source_revision'}]",,ok,5e-05,1e-09,25,60,103,,
,,,,,8000,"{'q': 'T2', 'borne': 'vo', 'mode': 'v', 'relay': 0, 'power': 0, 'body': 0, 'rail': 1, 'source': 0, 'tap': 0, 'phase': 0, 'grid': 0.5, 'arc': 1, 'idss': 0.007, 'vp': 1.6, 'ron': 700, 'temp': 25, 'stimulus': 'esd', 'amplitude': 8000, 'frequency': 60, 'stop': 5e-05, 'step': 1e-09, 'remove': 10.0, 'load': 0, 'zbv': 5.6, 'macro': 'reduced', 'rx0': 100, 'rx2': 1e-06, 'gdc': 780}",,reduced_PINOPA_direct_diode_conduction_Vf0.5_Ron1_assumed,3.4578430484664707e-05,3.4578430484664707e-05,,,,4.853722374209824e-05,reduced_PINOPA_direct_diode_conduction_Vf0.5_Ron1_assumed,0.0004612673482047796,0.0004612673482047796,,,0.00046130879486854616,156.019548219,156.019548219,156.019548219,gdtmov,,,,28.906987400026992,,,,,1,e8_b515ca72367e1e8aca69,,True,protection,,0,,,,reduced,,,,a8000_chaingdtmov_g1_kprotection_i0_mreduced_qe8_r4d9_x0_s5em05_tau1em07_t25_ron60_u103_t2_vo_v_rel0_rs2700_rx10000_none_10000_p0_b0_r1_i0_tap0_ph0_gdc780_gimp1000_esd_a8000_t5em05_off10d0_reduced_opa4192_rx0_10k_rx2_10k_x1com_waitx2_3ms_waitx0_0d1ms,,,,E8,5.11830284117,554.104778278,554.104778278,554.104778278,554.104778278,554.104778278,554.104778278,47.3306465407,4.9,True,0,,0,,6bf14163811f246f1a9c19d13457963b82c1dcb03d43eb453e0ba3243367e48b,"[{'signature': 'bda3c5dc811871df74752218e4f8ab71bd158a1905e399e4a8bfc3fa43511c08', 'reason': 'exact_saved_deck_proof;AC_meas_prefix_only_source_revision'}]",,ok,5e-05,1e-07,25,60,103,,
,,,,,8000,"{'q': 'T2', 'borne': 'vo', 'mode': 'v', 'relay': 0, 'power': 0, 'body': 1, 'rail': 1, 'source': 0, 'tap': 0, 'phase': 0, 'grid': 0.5, 'arc': 1, 'idss': 0.007, 'vp': 1.6, 'ron': 700, 'temp': 25, 'stimulus': 'esd', 'amplitude': 8000, 'frequency': 60, 'stop': 5e-05, 'step': 1e-09, 'remove': 10.0, 'load': 0, 'zbv': 5.6, 'macro': 'reduced', 'rx0': 100, 'rx2': 1e-06, 'gdc': 420}",,reduced_PINOPA_direct_diode_conduction_Vf0.5_Ron1_assumed,3.4767479018693256e-05,3.4767479018693256e-05,,,,4.64899869225079e-05,reduced_PINOPA_direct_diode_conduction_Vf0.5_Ron1_assumed,0.00045953864788707966,0.00045953864788707966,,,0.0004595799656915566,155.51499372,155.51499372,155.51499372,gdtmov,,,,45.67454929999076,,,,,1,e8_e85559bd155239357de4,,True,protection,,0,,,,reduced,,,,a8000_chaingdtmov_g1_kprotection_i0_mreduced_qe8_r4d9_x0_s5em05_tau1em09_t25_ron60_u104_t2_vo_v_rel0_rs2700_rx10000_none_10000_p0_b1_r1_i0_tap0_ph0_gdc420_gimp1000_esd_a8000_t5em05_off10d0_reduced_opa4192_rx0_10k_rx2_10k_x1com_waitx2_3ms_waitx0_0d1ms,,,,E8,5.10103039718,280.696885246,280.696885246,280.696885246,280.696885246,280.696885246,280.696885246,47.1775830051,4.9,True,0,,0,,189d2b426fdf0c4f8bcefe420cdfa9b323caa1232c7dd1a8ca39dde848cb0cc5,"[{'signature': '16344dd914f1b91f9036f4656afec23ae9e06a86a9cde8d55e2d7cf368fb894b', 'reason': 'exact_saved_deck_proof;AC_meas_prefix_only_source_revision'}]",,ok,5e-05,1e-09,25,60,104,,
,,,,,8000,"{'q': 'T2', 'borne': 'vo', 'mode': 'v', 'relay': 0, 'power': 0, 'body': 1, 'rail': 1, 'source': 0, 'tap': 0, 'phase': 0, 'grid': 0.5, 'arc': 1, 'idss': 0.007, 'vp': 1.6, 'ron': 700, 'temp': 25, 'stimulus': 'esd', 'amplitude': 8000, 'frequency': 60, 'stop': 5e-05, 'step': 1e-09, 'remove': 10.0, 'load': 0, 'zbv': 5.6, 'macro': 'reduced', 'rx0': 100, 'rx2': 1e-06, 'gdc': 420}",,reduced_PINOPA_direct_diode_conduction_Vf0.5_Ron1_assumed,3.4578430397150957e-05,3.4578430397150957e-05,,,,4.853722310153569e-05,reduced_PINOPA_direct_diode_conduction_Vf0.5_Ron1_assumed,0.00046126734825976604,0.00046126734825976604,,,0.0004613087949166692,156.019548258,156.019548258,156.019548258,gdtmov,,,,39.180603899993,,,,,1,e8_32cfcbe407eec8dcc249,,True,protection,,0,,,,reduced,,,,a8000_chaingdtmov_g1_kprotection_i0_mreduced_qe8_r4d9_x0_s5em05_tau1em07_t25_ron60_u104_t2_vo_v_rel0_rs2700_rx10000_none_10000_p0_b1_r1_i0_tap0_ph0_gdc420_gimp1000_esd_a8000_t5em05_off10d0_reduced_opa4192_rx0_10k_rx2_10k_x1com_waitx2_3ms_waitx0_0d1ms,,,,E8,5.11830284397,554.107040973,554.107040973,554.107040973,554.107040973,554.107040973,554.107040973,47.3306465524,4.9,True,0,,0,,e610febd11070c0737cd16367d42bd87a42982a4d9a44aac33aa7ac5e287a658,"[{'signature': '36591a9790fee956b995c314bb13673a073cc445002bd6452ae4c89ee0834b0f', 'reason': 'exact_saved_deck_proof;AC_meas_prefix_only_source_revision'}]",,ok,5e-05,1e-07,25,60,104,,
,,,,,8000,"{'q': 'T2', 'borne': 'vo', 'mode': 'v', 'relay': 0, 'power': 0, 'body': 1, 'rail': 1, 'source': 0, 'tap': 0, 'phase': 0, 'grid': 0.5, 'arc': 1, 'idss': 0.007, 'vp': 1.6, 'ron': 700, 'temp': 25, 'stimulus': 'esd', 'amplitude': 8000, 'frequency': 60, 'stop': 5e-05, 'step': 1e-09, 'remove': 10.0, 'load': 0, 'zbv': 5.6, 'macro': 'reduced', 'rx0': 100, 'rx2': 1e-06, 'gdc': 780}",,reduced_PINOPA_direct_diode_conduction_Vf0.5_Ron1_assumed,3.476747901321863e-05,3.476747901321863e-05,,,,4.6489986922504476e-05,reduced_PINOPA_direct_diode_conduction_Vf0.5_Ron1_assumed,0.0004595386478881592,0.0004595386478881592,,,0.00045957996569263604,155.51499372,155.51499372,155.51499372,gdtmov,,,,32.25862959999358,,,,,1,e8_71bfe3170edc9e047177,,True,protection,,0,,,,reduced,,,,a8000_chaingdtmov_g1_kprotection_i0_mreduced_qe8_r4d9_x0_s5em05_tau1em09_t25_ron60_u105_t2_vo_v_rel0_rs2700_rx10000_none_10000_p0_b1_r1_i0_tap0_ph0_gdc780_gimp1000_esd_a8000_t5em05_off10d0_reduced_opa4192_rx0_10k_rx2_10k_x1com_waitx2_3ms_waitx0_0d1ms,,,,E8,5.10103039719,280.69688525,280.69688525,280.69688525,280.69688525,280.69688525,280.69688525,47.1775830052,4.9,True,0,,0,,6ae314ee3f9716b27992d6eeaca1eb56571596636eb84fd13b3ca802134d27cf,"[{'signature': 'a5da69fd1edb8d16d41a47eb607ecb5c70543f62838a8fa360ce9137b4aa4f42', 'reason': 'exact_saved_deck_proof;AC_meas_prefix_only_source_revision'}]",,ok,5e-05,1e-09,25,60,105,,
,,,,,8000,"{'q': 'T2', 'borne': 'vo', 'mode': 'v', 'relay': 0, 'power': 0, 'body': 1, 'rail': 1, 'source': 0, 'tap': 0, 'phase': 0, 'grid': 0.5, 'arc': 1, 'idss': 0.007, 'vp': 1.6, 'ron': 700, 'temp': 25, 'stimulus': 'esd', 'amplitude': 8000, 'frequency': 60, 'stop': 5e-05, 'step': 1e-09, 'remove': 10.0, 'load': 0, 'zbv': 5.6, 'macro': 'reduced', 'rx0': 100, 'rx2': 1e-06, 'gdc': 780}",,reduced_PINOPA_direct_diode_conduction_Vf0.5_Ron1_assumed,3.457843039089121e-05,3.457843039089121e-05,,,,4.853722310153569e-05,reduced_PINOPA_direct_diode_conduction_Vf0.5_Ron1_assumed,0.000461267348250054,0.000461267348250054,,,0.0004613087949069566,156.019548255,156.019548255,156.019548255,gdtmov,,,,42.87413910002215,,,,,1,e8_6373114ccd7cadfc1a7e,,True,protection,,0,,,,reduced,,,,a8000_chaingdtmov_g1_kprotection_i0_mreduced_qe8_r4d9_x0_s5em05_tau1em07_t25_ron60_u105_t2_vo_v_rel0_rs2700_rx10000_none_10000_p0_b1_r1_i0_tap0_ph0_gdc780_gimp1000_esd_a8000_t5em05_off10d0_reduced_opa4192_rx0_10k_rx2_10k_x1com_waitx2_3ms_waitx0_0d1ms,,,,E8,5.11830284387,554.107040973,554.107040973,554.107040973,554.107040973,554.107040973,554.107040973,47.3306465516,4.9,True,0,,0,,b7584a61ba74cedf9dac7c9a188dd11e9c4862a254db7698898a68603e2f10c3,"[{'signature': 'e363233212453ca0b045081a8bbefa2d5346e97f07d8c9aa794dc1e3dc0fe041', 'reason': 'exact_saved_deck_proof;AC_meas_prefix_only_source_revision'}]",,ok,5e-05,1e-07,25,60,105,,
,,,,,8000,"{'q': 'T2', 'borne': 'vo', 'mode': 'v', 'relay': 0, 'power': 1, 'body': 0, 'rail': 1.02, 'source': 0, 'tap': 0, 'phase': 0, 'grid': 0.5, 'arc': 1, 'idss': 0.007, 'vp': 1.6, 'ron': 700, 'temp': 25, 'stimulus': 'esd', 'amplitude': 8000, 'frequency': 60, 'stop': 5e-05, 'step': 1e-09, 'remove': 10.0, 'load': 0, 'zbv': 5.6, 'macro': 'reduced', 'rx0': 100, 'rx2': 1e-06, 'gdc': 420}",,reduced_PINOPA_direct_diode_conduction_Vf0.5_Ron1_assumed,8.674309603150808e-05,8.674309603150808e-05,,,,0.0005326602496130825,reduced_PINOPA_direct_diode_conduction_Vf0.5_Ron1_assumed,1.0339412835729854e-11,1.0339412835729854e-11,,,9.666459746038926e-05,155.508683478,155.508683478,155.508683478,gdtmov,,,,42.039144499984104,,,,,1,e8_f236bb3d9cab37abe1de,,True,protection,,0,,,,reduced,,,,a8000_chaingdtmov_g1_kprotection_i0_mreduced_qe8_r4d998_x0_s5em05_tau1em09_t25_ron60_u106_t2_vo_v_rel0_rs2700_rx10000_none_10000_p1_b0_r1d02_i0_tap0_ph0_gdc420_gimp1000_esd_a8000_t5em05_off10d0_reduced_opa4192_rx0_10k_rx2_10k_x1com_waitx2_3ms_waitx0_0d1ms,,,,E8,5.17826488833,289.24834955,289.24834955,289.24834955,289.24834955,289.24834955,289.24834955,47.1756686941,4.998,True,0,,0,,b5fc39f8ff2b7d87698124be2e2659c37246ba428f9b47b08dc2c59a9da68b8c,"[{'signature': '50cc170630dadaf43c8bd091016c5d3c174f95c4ea46e1de698db0c5537d8221', 'reason': 'exact_saved_deck_proof;AC_meas_prefix_only_source_revision'}]",,ok,5e-05,1e-09,25,60,106,,
,,,,,8000,"{'q': 'T2', 'borne': 'vo', 'mode': 'v', 'relay': 0, 'power': 1, 'body': 0, 'rail': 1.02, 'source': 0, 'tap': 0, 'phase': 0, 'grid': 0.5, 'arc': 1, 'idss': 0.007, 'vp': 1.6, 'ron': 700, 'temp': 25, 'stimulus': 'esd', 'amplitude': 8000, 'frequency': 60, 'stop': 5e-05, 'step': 1e-09, 'remove': 10.0, 'load': 0, 'zbv': 5.6, 'macro': 'reduced', 'rx0': 100, 'rx2': 1e-06, 'gdc': 420}",,reduced_PINOPA_direct_diode_conduction_Vf0.5_Ron1_assumed,7.697920021385138e-05,7.697920021385138e-05,,,,0.0005412295993980687,reduced_PINOPA_direct_diode_conduction_Vf0.5_Ron1_assumed,1.0371959605162627e-11,1.0371959605162627e-11,,,9.837192622494873e-05,156.011787232,156.011787232,156.011787232,gdtmov,,,,27.83316510001896,,,,,1,e8_05fac53fdbeda76c631e,,True,protection,,0,,,,reduced,,,,a8000_chaingdtmov_g1_kprotection_i0_mreduced_qe8_r4d998_x0_s5em05_tau1em07_t25_ron60_u106_t2_vo_v_rel0_rs2700_rx10000_none_10000_p1_b0_r1d02_i0_tap0_ph0_gdc420_gimp1000_esd_a8000_t5em05_off10d0_reduced_opa4192_rx0_10k_rx2_10k_x1com_waitx2_3ms_waitx0_0d1ms,,,,E8,5.19501165001,558.126929887,558.126929887,558.126929887,558.126929887,558.126929887,558.126929887,47.3282921426,4.998,True,0,,0,,49227ebdd8a4a4b90b651627c3850742285b9e6c09a7a14e54ec88ebe072e438,"[{'signature': 'a0142ce1a79af56b6fef6ed7ad858682af84ceeea7f5dd1cb8ec856794df2ae4', 'reason': 'exact_saved_deck_proof;AC_meas_prefix_only_source_revision'}]",,ok,5e-05,1e-07,25,60,106,,
,,,,,8000,"{'q': 'T2', 'borne': 'vo', 'mode': 'v', 'relay': 0, 'power': 1, 'body': 0, 'rail': 1.02, 'source': 0, 'tap': 0, 'phase': 0, 'grid': 0.5, 'arc': 1, 'idss': 0.007, 'vp': 1.6, 'ron': 700, 'temp': 25, 'stimulus': 'esd', 'amplitude': 8000, 'frequency': 60, 'stop': 5e-05, 'step': 1e-09, 'remove': 10.0, 'load': 0, 'zbv': 5.6, 'macro': 'reduced', 'rx0': 100, 'rx2': 1e-06, 'gdc': 780}",,reduced_PINOPA_direct_diode_conduction_Vf0.5_Ron1_assumed,8.674309603200074e-05,8.674309603200074e-05,,,,0.0005326602496130883,reduced_PINOPA_direct_diode_conduction_Vf0.5_Ron1_assumed,1.0339412835750152e-11,1.0339412835750152e-11,,,9.666459746038896e-05,155.508683479,155.508683479,155.508683479,gdtmov,,,,25.122180100006517,,,,,1,e8_d4d8a792bb734a2e4b46,,True,protection,,0,,,,reduced,,,,a8000_chaingdtmov_g1_kprotection_i0_mreduced_qe8_r4d998_x0_s5em05_tau1em09_t25_ron60_u107_t2_vo_v_rel0_rs2700_rx10000_none_10000_p1_b0_r1d02_i0_tap0_ph0_gdc780_gimp1000_esd_a8000_t5em05_off10d0_reduced_opa4192_rx0_10k_rx2_10k_x1com_waitx2_3ms_waitx0_0d1ms,,,,E8,5.17826488834,289.248349552,289.248349552,289.248349552,289.248349552,289.248349552,289.248349552,47.1756686942,4.998,True,0,,0,,b71356206d6f9ea66bbc939b2deaa5ff602a40c8c7adfc1224cd7e82c81ad2bb,"[{'signature': 'f1c8d62063b3890496ff7bed675b1b2933632561b44518c144ca38fc687d2451', 'reason': 'exact_saved_deck_proof;AC_meas_prefix_only_source_revision'}]",,ok,5e-05,1e-09,25,60,107,,
,,,,,8000,"{'q': 'T2', 'borne': 'vo', 'mode': 'v', 'relay': 0, 'power': 1, 'body': 0, 'rail': 1.02, 'source': 0, 'tap': 0, 'phase': 0, 'grid': 0.5, 'arc': 1, 'idss': 0.007, 'vp': 1.6, 'ron': 700, 'temp': 25, 'stimulus': 'esd', 'amplitude': 8000, 'frequency': 60, 'stop': 5e-05, 'step': 1e-09, 'remove': 10.0, 'load': 0, 'zbv': 5.6, 'macro': 'reduced', 'rx0': 100, 'rx2': 1e-06, 'gdc': 780}",,reduced_PINOPA_direct_diode_conduction_Vf0.5_Ron1_assumed,7.697920021389822e-05,7.697920021389822e-05,,,,0.0005412295993980687,reduced_PINOPA_direct_diode_conduction_Vf0.5_Ron1_assumed,1.0371959604984171e-11,1.0371959604984171e-11,,,9.837192622494873e-05,156.011787229,156.011787229,156.011787229,gdtmov,,,,29.856599399994593,,,,,1,e8_ae270d68bb097007012b,,True,protection,,0,,,,reduced,,,,a8000_chaingdtmov_g1_kprotection_i0_mreduced_qe8_r4d998_x0_s5em05_tau1em07_t25_ron60_u107_t2_vo_v_rel0_rs2700_rx10000_none_10000_p1_b0_r1d02_i0_tap0_ph0_gdc780_gimp1000_esd_a8000_t5em05_off10d0_reduced_opa4192_rx0_10k_rx2_10k_x1com_waitx2_3ms_waitx0_0d1ms,,,,E8,5.19501164992,558.126929887,558.126929887,558.126929887,558.126929887,558.126929887,558.126929887,47.3282921418,4.998,True,0,,0,,b9686c062d41d4b3a1f9dd6e7d9b5c88a9b878c672ad3a6d14865f5c0073750d,"[{'signature': 'b381685f271c34c6688efeb062729a9951ee8537044081474ef289387726e22d', 'reason': 'exact_saved_deck_proof;AC_meas_prefix_only_source_revision'}]",,ok,5e-05,1e-07,25,60,107,,
,,,,,8000,"{'q': 'T2', 'borne': 'vo', 'mode': 'v', 'relay': 0, 'power': 0, 'body': 0, 'rail': 1.02, 'source': 0, 'tap': 0, 'phase': 0, 'grid': 0.5, 'arc': 1, 'idss': 0.007, 'vp': 1.6, 'ron': 700, 'temp': 25, 'stimulus': 'esd', 'amplitude': 8000, 'frequency': 60, 'stop': 5e-05, 'step': 1e-09, 'remove': 10.0, 'load': 0, 'zbv': 5.6, 'macro': 'reduced', 'rx0': 100, 'rx2': 1e-06, 'gdc': 420}",,reduced_PINOPA_direct_diode_conduction_Vf0.5_Ron1_assumed,3.476747902352159e-05,3.476747902352159e-05,,,,4.6489986915598535e-05,reduced_PINOPA_direct_diode_conduction_Vf0.5_Ron1_assumed,0.0004595386479541128,0.0004595386479541128,,,0.0004595799657527665,155.51499372,155.51499372,155.51499372,gdtmov,,,,40.9013874999946,,,,,1,e8_bdcf2c7ca988f0bd9d33,,True,protection,,0,,,,reduced,,,,a8000_chaingdtmov_g1_kprotection_i0_mreduced_qe8_r4d998_x0_s5em05_tau1em09_t25_ron60_u108_t2_vo_v_rel0_rs2700_rx10000_none_10000_p0_b0_r1d02_i0_tap0_ph0_gdc420_gimp1000_esd_a8000_t5em05_off10d0_reduced_opa4192_rx0_10k_rx2_10k_x1com_waitx2_3ms_waitx0_0d1ms,,,,E8,5.10103039717,280.696885538,280.696885538,280.696885538,280.696885538,280.696885538,280.696885538,47.1775830051,4.998,True,0,,0,,f950b198002ad1f785c2de31c856ae82117515bf0c03c6053da2d686b9e9a154,"[{'signature': '027030a18b2dd156b621f4f7e1b16930f3adb2218afff7159d16f95130b8f481', 'reason': 'exact_saved_deck_proof;AC_meas_prefix_only_source_revision'}]",,ok,5e-05,1e-09,25,60,108,,
,,,,,8000,"{'q': 'T2', 'borne': 'vo', 'mode': 'v', 'relay': 0, 'power': 0, 'body': 0, 'rail': 1.02, 'source': 0, 'tap': 0, 'phase': 0, 'grid': 0.5, 'arc': 1, 'idss': 0.007, 'vp': 1.6, 'ron': 700, 'temp': 25, 'stimulus': 'esd', 'amplitude': 8000, 'frequency': 60, 'stop': 5e-05, 'step': 1e-09, 'remove': 10.0, 'load': 0, 'zbv': 5.6, 'macro': 'reduced', 'rx0': 100, 'rx2': 1e-06, 'gdc': 420}",,reduced_PINOPA_direct_diode_conduction_Vf0.5_Ron1_assumed,3.457843049074968e-05,3.457843049074968e-05,,,,4.8537223741926245e-05,reduced_PINOPA_direct_diode_conduction_Vf0.5_Ron1_assumed,0.0004612673482142835,0.0004612673482142835,,,0.00046130879487802756,156.019548222,156.019548222,156.019548222,gdtmov,,,,43.77322520001326,,,,,1,e8_59286a44357b9992bc16,,True,protection,,0,,,,reduced,,,,a8000_chaingdtmov_g1_kprotection_i0_mreduced_qe8_r4d998_x0_s5em05_tau1em07_t25_ron60_u108_t2_vo_v_rel0_rs2700_rx10000_none_10000_p0_b0_r1d02_i0_tap0_ph0_gdc420_gimp1000_esd_a8000_t5em05_off10d0_reduced_opa4192_rx0_10k_rx2_10k_x1com_waitx2_3ms_waitx0_0d1ms,,,,E8,5.11830284127,554.104778885,554.104778885,554.104778885,554.104778885,554.104778885,554.104778885,47.3306465416,4.998,True,0,,0,,9ecbaeb2d35eb3b0b9131c3c3c8b14ce63f06c13988d1b3207588e66c85ce0fd,"[{'signature': 'd21f3e3f4b7448c0aa9252a4ff49207459f159b9491e943ad5b87b338db013bb', 'reason': 'exact_saved_deck_proof;AC_meas_prefix_only_source_revision'}]",,ok,5e-05,1e-07,25,60,108,,
,,,,,8000,"{'q': 'T2', 'borne': 'vo', 'mode': 'v', 'relay': 0, 'power': 0, 'body': 0, 'rail': 1.02, 'source': 0, 'tap': 0, 'phase': 0, 'grid': 0.5, 'arc': 1, 'idss': 0.007, 'vp': 1.6, 'ron': 700, 'temp': 25, 'stimulus': 'esd', 'amplitude': 8000, 'frequency': 60, 'stop': 5e-05, 'step': 1e-09, 'remove': 10.0, 'load': 0, 'zbv': 5.6, 'macro': 'reduced', 'rx0': 100, 'rx2': 1e-06, 'gdc': 780}",,reduced_PINOPA_direct_diode_conduction_Vf0.5_Ron1_assumed,3.476747901804696e-05,3.476747901804696e-05,,,,4.648998691559513e-05,reduced_PINOPA_direct_diode_conduction_Vf0.5_Ron1_assumed,0.0004595386479551923,0.0004595386479551923,,,0.0004595799657538461,155.51499372,155.51499372,155.51499372,gdtmov,,,,34.2917045999784,,,,,1,e8_23781e533c5df8eb59e7,,True,protection,,0,,,,reduced,,,,a8000_chaingdtmov_g1_kprotection_i0_mreduced_qe8_r4d998_x0_s5em05_tau1em09_t25_ron60_u109_t2_vo_v_rel0_rs2700_rx10000_none_10000_p0_b0_r1d02_i0_tap0_ph0_gdc780_gimp1000_esd_a8000_t5em05_off10d0_reduced_opa4192_rx0_10k_rx2_10k_x1com_waitx2_3ms_waitx0_0d1ms,,,,E8,5.10103039718,280.696885542,280.696885542,280.696885542,280.696885542,280.696885542,280.696885542,47.1775830052,4.998,True,0,,0,,984c4c12dbb56d0f65e91ec835dc693e93810339bc388a0794e2f5791a46db59,"[{'signature': '8a9cbaa684f37ffb931da8c7fd76163d124bb76436569cb86d4f20621f109fdd', 'reason': 'exact_saved_deck_proof;AC_meas_prefix_only_source_revision'}]",,ok,5e-05,1e-09,25,60,109,,
,,,,,8000,"{'q': 'T2', 'borne': 'vo', 'mode': 'v', 'relay': 0, 'power': 0, 'body': 0, 'rail': 1.02, 'source': 0, 'tap': 0, 'phase': 0, 'grid': 0.5, 'arc': 1, 'idss': 0.007, 'vp': 1.6, 'ron': 700, 'temp': 25, 'stimulus': 'esd', 'amplitude': 8000, 'frequency': 60, 'stop': 5e-05, 'step': 1e-09, 'remove': 10.0, 'load': 0, 'zbv': 5.6, 'macro': 'reduced', 'rx0': 100, 'rx2': 1e-06, 'gdc': 780}",,reduced_PINOPA_direct_diode_conduction_Vf0.5_Ron1_assumed,3.457843048449004e-05,3.457843048449004e-05,,,,4.8537223741926245e-05,reduced_PINOPA_direct_diode_conduction_Vf0.5_Ron1_assumed,0.0004612673482045711,0.0004612673482045711,,,0.00046130879486831457,156.019548219,156.019548219,156.019548219,gdtmov,,,,33.18846139998641,,,,,1,e8_285557e1699b40f613a6,,True,protection,,0,,,,reduced,,,,a8000_chaingdtmov_g1_kprotection_i0_mreduced_qe8_r4d998_x0_s5em05_tau1em07_t25_ron60_u109_t2_vo_v_rel0_rs2700_rx10000_none_10000_p0_b0_r1d02_i0_tap0_ph0_gdc780_gimp1000_esd_a8000_t5em05_off10d0_reduced_opa4192_rx0_10k_rx2_10k_x1com_waitx2_3ms_waitx0_0d1ms,,,,E8,5.11830284118,554.104778885,554.104778885,554.104778885,554.104778885,554.104778885,554.104778885,47.3306465407,4.998,True,0,,0,,df64a3709e98fefbb6750531ccf2cadd8f4cd1fff7b506e6872d9a1d4af18d81,"[{'signature': 'c5984cb709a52420a9a9cda2c891ab55cb5b610a61f0e814082914ec076952df', 'reason': 'exact_saved_deck_proof;AC_meas_prefix_only_source_revision'}]",,ok,5e-05,1e-07,25,60,109,,
,,,,,8000,"{'q': 'T2', 'borne': 'vo', 'mode': 'v', 'relay': 0, 'power': 0, 'body': 1, 'rail': 1.02, 'source': 0, 'tap': 0, 'phase': 0, 'grid': 0.5, 'arc': 1, 'idss': 0.007, 'vp': 1.6, 'ron': 700, 'temp': 25, 'stimulus': 'esd', 'amplitude': 8000, 'frequency': 60, 'stop': 5e-05, 'step': 1e-09, 'remove': 10.0, 'load': 0, 'zbv': 5.6, 'macro': 'reduced', 'rx0': 100, 'rx2': 1e-06, 'gdc': 420}",,reduced_PINOPA_direct_diode_conduction_Vf0.5_Ron1_assumed,3.476747901869266e-05,3.476747901869266e-05,,,,4.6489986922508826e-05,reduced_PINOPA_direct_diode_conduction_Vf0.5_Ron1_assumed,0.00045953864788707066,0.00045953864788707066,,,0.0004595799656915482,155.51499372,155.51499372,155.51499372,gdtmov,,,,43.10544779995689,,,,,1,e8_d71c278b669055a494c2,,True,protection,,0,,,,reduced,,,,a8000_chaingdtmov_g1_kprotection_i0_mreduced_qe8_r4d998_x0_s5em05_tau1em09_t25_ron60_u110_t2_vo_v_rel0_rs2700_rx10000_none_10000_p0_b1_r1d02_i0_tap0_ph0_gdc420_gimp1000_esd_a8000_t5em05_off10d0_reduced_opa4192_rx0_10k_rx2_10k_x1com_waitx2_3ms_waitx0_0d1ms,,,,E8,5.10103039718,280.696885246,280.696885246,280.696885246,280.696885246,280.696885246,280.696885246,47.1775830051,4.998,True,0,,0,,cc0ac50d06f88494cf10811ee7c450c8173ed058b0b7207c376c10aea384b68d,"[{'signature': '0ed9722011ef11330dc88b5693e55336b4f4d129552339876dec52c62d2cca01', 'reason': 'exact_saved_deck_proof;AC_meas_prefix_only_source_revision'}]",,ok,5e-05,1e-09,25,60,110,,
,,,,,8000,"{'q': 'T2', 'borne': 'vo', 'mode': 'v', 'relay': 0, 'power': 0, 'body': 1, 'rail': 1.02, 'source': 0, 'tap': 0, 'phase': 0, 'grid': 0.5, 'arc': 1, 'idss': 0.007, 'vp': 1.6, 'ron': 700, 'temp': 25, 'stimulus': 'esd', 'amplitude': 8000, 'frequency': 60, 'stop': 5e-05, 'step': 1e-09, 'remove': 10.0, 'load': 0, 'zbv': 5.6, 'macro': 'reduced', 'rx0': 100, 'rx2': 1e-06, 'gdc': 420}",,reduced_PINOPA_direct_diode_conduction_Vf0.5_Ron1_assumed,3.45784303971522e-05,3.45784303971522e-05,,,,4.8537223101449735e-05,reduced_PINOPA_direct_diode_conduction_Vf0.5_Ron1_assumed,0.0004612673482597926,0.0004612673482597926,,,0.0004613087949166968,156.019548258,156.019548258,156.019548258,gdtmov,,,,47.507540600025095,,,,,1,e8_588534d7b8a7404738a6,,True,protection,,0,,,,reduced,,,,a8000_chaingdtmov_g1_kprotection_i0_mreduced_qe8_r4d998_x0_s5em05_tau1em07_t25_ron60_u110_t2_vo_v_rel0_rs2700_rx10000_none_10000_p0_b1_r1d02_i0_tap0_ph0_gdc420_gimp1000_esd_a8000_t5em05_off10d0_reduced_opa4192_rx0_10k_rx2_10k_x1com_waitx2_3ms_waitx0_0d1ms,,,,E8,5.11830284397,554.107041277,554.107041277,554.107041277,554.107041277,554.107041277,554.107041277,47.3306465524,4.998,True,0,,0,,d781f0a76ce8e91bccd7c7f3e47ae57cdffee59356048355cd069dc9f3809c46,"[{'signature': '64e18cc60037dfd36fc231350eafa8eee402a0d9448be04a587b386c9f57fc43', 'reason': 'exact_saved_deck_proof;AC_meas_prefix_only_source_revision'}]",,ok,5e-05,1e-07,25,60,110,,
,,,,,8000,"{'q': 'T2', 'borne': 'vo', 'mode': 'v', 'relay': 0, 'power': 0, 'body': 1, 'rail': 1.02, 'source': 0, 'tap': 0, 'phase': 0, 'grid': 0.5, 'arc': 1, 'idss': 0.007, 'vp': 1.6, 'ron': 700, 'temp': 25, 'stimulus': 'esd', 'amplitude': 8000, 'frequency': 60, 'stop': 5e-05, 'step': 1e-09, 'remove': 10.0, 'load': 0, 'zbv': 5.6, 'macro': 'reduced', 'rx0': 100, 'rx2': 1e-06, 'gdc': 780}",,reduced_PINOPA_direct_diode_conduction_Vf0.5_Ron1_assumed,3.476747901321793e-05,3.476747901321793e-05,,,,4.648998692250541e-05,reduced_PINOPA_direct_diode_conduction_Vf0.5_Ron1_assumed,0.0004595386478881502,0.0004595386478881502,,,0.00045957996569262786,155.51499372,155.51499372,155.51499372,gdtmov,,,,40.37153180001769,,,,,1,e8_053833dbe4cdd7caced0,,True,protection,,0,,,,reduced,,,,a8000_chaingdtmov_g1_kprotection_i0_mreduced_qe8_r4d998_x0_s5em05_tau1em09_t25_ron60_u111_t2_vo_v_rel0_rs2700_rx10000_none_10000_p0_b1_r1d02_i0_tap0_ph0_gdc780_gimp1000_esd_a8000_t5em05_off10d0_reduced_opa4192_rx0_10k_rx2_10k_x1com_waitx2_3ms_waitx0_0d1ms,,,,E8,5.10103039719,280.69688525,280.69688525,280.69688525,280.69688525,280.69688525,280.69688525,47.1775830052,4.998,True,0,,0,,7101f18832c7b349d328bc3217175bca2eec443bd032dda35def9b399e9c6327,"[{'signature': 'b61650692c3ae243fcb52f219789d406b417b779ea22c9170414c3372ffe0e5c', 'reason': 'exact_saved_deck_proof;AC_meas_prefix_only_source_revision'}]",,ok,5e-05,1e-09,25,60,111,,
,,,,,8000,"{'q': 'T2', 'borne': 'vo', 'mode': 'v', 'relay': 0, 'power': 0, 'body': 1, 'rail': 1.02, 'source': 0, 'tap': 0, 'phase': 0, 'grid': 0.5, 'arc': 1, 'idss': 0.007, 'vp': 1.6, 'ron': 700, 'temp': 25, 'stimulus': 'esd', 'amplitude': 8000, 'frequency': 60, 'stop': 5e-05, 'step': 1e-09, 'remove': 10.0, 'load': 0, 'zbv': 5.6, 'macro': 'reduced', 'rx0': 100, 'rx2': 1e-06, 'gdc': 780}",,reduced_PINOPA_direct_diode_conduction_Vf0.5_Ron1_assumed,3.4578430390892454e-05,3.4578430390892454e-05,,,,4.853722310144975e-05,reduced_PINOPA_direct_diode_conduction_Vf0.5_Ron1_assumed,0.0004612673482500803,0.0004612673482500803,,,0.00046130879490698405,156.019548255,156.019548255,156.019548255,gdtmov,,,,38.1998445999925,,,,,1,e8_e658bf8b2143d522f838,,True,protection,,0,,,,reduced,,,,a8000_chaingdtmov_g1_kprotection_i0_mreduced_qe8_r4d998_x0_s5em05_tau1em07_t25_ron60_u111_t2_vo_v_rel0_rs2700_rx10000_none_10000_p0_b1_r1d02_i0_tap0_ph0_gdc780_gimp1000_esd_a8000_t5em05_off10d0_reduced_opa4192_rx0_10k_rx2_10k_x1com_waitx2_3ms_waitx0_0d1ms,,,,E8,5.11830284387,554.107041277,554.107041277,554.107041277,554.107041277,554.107041277,554.107041277,47.3306465516,4.998,True,0,,0,,fba99638bd811da9b76770415b8964b3058d67cfdb7fe060d2cf459256648956,"[{'signature': '0c93fe7a25294de9064fe3d9a47eba4c11fff5851275cc739feeae0086489a36', 'reason': 'exact_saved_deck_proof;AC_meas_prefix_only_source_revision'}]",,ok,5e-05,1e-07,25,60,111,,
,,,,,230,"{'q': 'T3', 'borne': 'vo', 'mode': 'v', 'relay': 0, 'power': 1, 'body': 0, 'rail': 1, 'source': 0, 'tap': 0, 'phase': 0, 'grid': 0.5, 'arc': 1, 'idss': 0.007, 'vp': 1.6, 'ron': 700, 'temp': 25, 'stimulus': 'mains', 'amplitude': 230, 'frequency': 60, 'stop': 1.0, 'step': 5e-05, 'remove': 10.0, 'load': 0, 'zbv': 5.6, 'macro': 'reduced', 'rx0': 100, 'rx2': 1e-06, 'gdc': 420}",,reduced_PINOPA_direct_diode_conduction_Vf0.5_Ron1_assumed,3.292902613600774e-05,2.006547529007215e-05,,,,3.2929026135134654e-05,reduced_PINOPA_direct_diode_conduction_Vf0.5_Ron1_assumed,6.503680511983151e-12,4.899574115930617e-13,,,7.839967307201258e-09,97.4832536415,97.4832536415,97.4832536415,gdtmov,,,,108.91704670002218,,,,,1,e8_fe1b6abe340b60971b7e,,True,protection,,0,,,,reduced,,,,a230_chaingdtmov_g1_kprotection_i0_mreduced_qe8_r4d9_x0_s1_tau1em09_t25_ron60_u112_t3_vo_v_rel0_rs2700_rx10000_none_10000_p1_b0_r1_i0_tap0_ph0_gdc420_gimp1000_mains_a230_t1d0_off10d0_reduced_opa4192_rx0_10k_rx2_10k_x1com_waitx2_3ms_waitx0_0d1ms,,,,E8,3.24939865531,48.7416269667,48.7416269667,48.7416269667,48.7416269667,48.7416269667,48.7416269667,29.5699576612,4.9,True,0,,0,,6fc80289644d07eb0ac374782436f261bcd598e93ba18333b8f35f98918fd83d,"[{'signature': '61a68dd64b31f47545d81b278684fe601d79e0da75bdc7cd11e5cb013659c776', 'reason': 'exact_saved_deck_proof;AC_meas_prefix_only_source_revision'}]",,ok,1.0,1e-09,25,60,112,,
,,,,,230,"{'q': 'T3', 'borne': 'vo', 'mode': 'v', 'relay': 0, 'power': 1, 'body': 0, 'rail': 1, 'source': 0, 'tap': 0, 'phase': 0, 'grid': 0.5, 'arc': 1, 'idss': 0.007, 'vp': 1.6, 'ron': 700, 'temp': 25, 'stimulus': 'mains', 'amplitude': 230, 'frequency': 60, 'stop': 1.0, 'step': 5e-05, 'remove': 10.0, 'load': 0, 'zbv': 5.6, 'macro': 'reduced', 'rx0': 100, 'rx2': 1e-06, 'gdc': 420}",,reduced_PINOPA_direct_diode_conduction_Vf0.5_Ron1_assumed,3.292902613600774e-05,2.006547529007215e-05,,,,3.2929026135134654e-05,reduced_PINOPA_direct_diode_conduction_Vf0.5_Ron1_assumed,6.503680511983151e-12,4.899574115930617e-13,,,7.839967307201258e-09,97.4832536415,97.4832536415,97.4832536415,gdtmov,,,,108.54693300003419,,,,,1,e8_b10a070ffa0bef8de078,,True,protection,,0,,,,reduced,,,,a230_chaingdtmov_g1_kprotection_i0_mreduced_qe8_r4d9_x0_s1_tau1em07_t25_ron60_u112_t3_vo_v_rel0_rs2700_rx10000_none_10000_p1_b0_r1_i0_tap0_ph0_gdc420_gimp1000_mains_a230_t1d0_off10d0_reduced_opa4192_rx0_10k_rx2_10k_x1com_waitx2_3ms_waitx0_0d1ms,,,,E8,3.24939865531,48.7416269667,48.7416269667,48.7416269667,48.7416269667,48.7416269667,48.7416269667,29.5699576612,4.9,True,0,,0,,ff5bffb90669671801a1f7725f15136612fe563b77bf21dc2d712cc189313abf,"[{'signature': '0b86fab715b8266aab248197f14c44e5a66a211260a7cdf2dd76bd8cfd26022c', 'reason': 'exact_saved_deck_proof;AC_meas_prefix_only_source_revision'}]",,ok,1.0,1e-07,25,60,112,,
,,,,,253,"{'q': 'T3', 'borne': 'vo', 'mode': 'v', 'relay': 0, 'power': 1, 'body': 0, 'rail': 1, 'source': 0, 'tap': 0, 'phase': 0, 'grid': 0.5, 'arc': 1, 'idss': 0.007, 'vp': 1.6, 'ron': 700, 'temp': 25, 'stimulus': 'mains', 'amplitude': 253, 'frequency': 60, 'stop': 1.0, 'step': 5e-05, 'remove': 10.0, 'load': 0, 'zbv': 5.6, 'macro': 'reduced', 'rx0': 100, 'rx2': 1e-06, 'gdc': 420}",,reduced_PINOPA_direct_diode_conduction_Vf0.5_Ron1_assumed,3.343935611232922e-05,2.050489588718526e-05,,,,3.343935611014367e-05,reduced_PINOPA_direct_diode_conduction_Vf0.5_Ron1_assumed,7.1540450085321254e-12,5.394500443857811e-13,,,8.623964037097644e-09,107.231561179,107.231561179,107.231561179,gdtmov,,,,114.72047840000596,,,,,1,e8_c6ec7d520a2fc14a3b42,,True,protection,,0,,,,reduced,,,,a253_chaingdtmov_g1_kprotection_i0_mreduced_qe8_r4d9_x0_s1_tau1em09_t25_ron60_u113_t3_vo_v_rel0_rs2700_rx10000_none_10000_p1_b0_r1_i0_tap0_ph0_gdc420_gimp1000_mains_a253_t1d0_off10d0_reduced_opa4192_rx0_10k_rx2_10k_x1com_waitx2_3ms_waitx0_0d1ms,,,,E8,3.57433814001,53.6157767415,53.6157767415,53.6157767415,53.6157767415,53.6157767415,53.6157767415,32.5269478016,4.9,True,0,,0,,c742ecb31755a1ffa642ac8d952c9818a6a3882d8bb84901deb008e2657b9c4a,"[{'signature': '217585c8de7f98c81dfde120409b49fd26d7ef61ee096c90dc10088e28498916', 'reason': 'exact_saved_deck_proof;AC_meas_prefix_only_source_revision'}]",,ok,1.0,1e-09,25,60,113,,
,,,,,253,"{'q': 'T3', 'borne': 'vo', 'mode': 'v', 'relay': 0, 'power': 1, 'body': 0, 'rail': 1, 'source': 0, 'tap': 0, 'phase': 0, 'grid': 0.5, 'arc': 1, 'idss': 0.007, 'vp': 1.6, 'ron': 700, 'temp': 25, 'stimulus': 'mains', 'amplitude': 253, 'frequency': 60, 'stop': 1.0, 'step': 5e-05, 'remove': 10.0, 'load': 0, 'zbv': 5.6, 'macro': 'reduced', 'rx0': 100, 'rx2': 1e-06, 'gdc': 420}",,reduced_PINOPA_direct_diode_conduction_Vf0.5_Ron1_assumed,3.343935611232922e-05,2.050489588718526e-05,,,,3.343935611014367e-05,reduced_PINOPA_direct_diode_conduction_Vf0.5_Ron1_assumed,7.1540450085321254e-12,5.394500443857811e-13,,,8.623964037097644e-09,107.231561179,107.231561179,107.231561179,gdtmov,,,,109.61486480000895,,,,,1,e8_dca2f4b43319ee6d43c7,,True,protection,,0,,,,reduced,,,,a253_chaingdtmov_g1_kprotection_i0_mreduced_qe8_r4d9_x0_s1_tau1em07_t25_ron60_u113_t3_vo_v_rel0_rs2700_rx10000_none_10000_p1_b0_r1_i0_tap0_ph0_gdc420_gimp1000_mains_a253_t1d0_off10d0_reduced_opa4192_rx0_10k_rx2_10k_x1com_waitx2_3ms_waitx0_0d1ms,,,,E8,3.57433814001,53.6157767415,53.6157767415,53.6157767415,53.6157767415,53.6157767415,53.6157767415,32.5269478016,4.9,True,0,,0,,6e1a39e2a9b6822bcb1bb2536b018f15eb42897ef389d3ba442c431777f35e5c,"[{'signature': '9817d2d8e231415178278d46b07648a75dc6cdd06c8a02dbd9bd4d316467f14f', 'reason': 'exact_saved_deck_proof;AC_meas_prefix_only_source_revision'}]",,ok,1.0,1e-07,25,60,113,,
,,,,True,-50,,,TI_direct_internal_ESD_switch_currents,4.019725254608512e-11,4.019725254608512e-11,4.019725254608512e-11,2.39198751388e-05,2.3914798827977042e-05,2.3919875138779185e-05,TI_direct_internal_ESD_switch_currents,2.1598006984900065e-11,2.1598006984900065e-11,2.1598006984900065e-11,1.9599992715129005e-11,1.5836041688256346e-07,,,,,,True,,28.68344579997938,,,,,1,e8_4267b44e6f4c6b6066f7,,True,stress50,-0.499505410771,0,,,,192,4.896545664865236,,,am50_g1_kstress50_i0_m192_qe8_r4d9_x2_s0d003_t18_ron60_u0_opa4192_rx0_10k_rx2_10k_x1com_waitx2_3ms_waitx0_0d1ms,,,,E8,,,,,,,,,4.9,True,0,,2,,ded5236294ca66a45c521f3d8585cce11b947c59fd97db4da175f36f78f8b104,"[{'signature': '0aca7ec55771f5d7488e3242802233a33f567e2133f24e5804e07a12d033c58f', 'reason': 'exact_saved_deck_proof;AC_meas_prefix_only_source_revision'}]",,ok,0.003,,18,60,0,,
,,,,True,50,,,TI_direct_internal_ESD_switch_currents,2.391478878990563e-05,2.3914788789905614e-05,2.391478878990563e-05,2.39198758956e-05,4.0197113566450396e-11,2.3919875895567213e-05,TI_direct_internal_ESD_switch_currents,1.9600007284870996e-11,1.7602008660344608e-11,1.7602849828568026e-11,2.1597992415157503e-11,1.583705675782031e-07,,,,,,True,,21.889239700045437,,,,,1,e8_7d0d96489ea3f8527228,,True,stress50,0.499494283167,0,,,,192,4.89647622823173,,,a50_g1_kstress50_i0_m192_qe8_r4d9_x2_s0d003_t18_ron60_u0_opa4192_rx0_10k_rx2_10k_x1com_waitx2_3ms_waitx0_0d1ms,,,,E8,,,,,,,,,4.9,True,0,,2,,00871ea42ecca366b726d6d4c6a98c36dca2ece36691beaf3cb4bf4eb9d95092,"[{'signature': '88812a638c4248ef2f863ac6d0428a89e90d23d86b3260a7522b3babbd32be63', 'reason': 'exact_saved_deck_proof;AC_meas_prefix_only_source_revision'}]",,ok,0.003,,18,60,0,,
,,all_range_rails_clamps;50V_range_periodic_tail_after_3ms;not_raw_phase_error,,True,70.71067811865476,,0,TI_direct_internal_ESD_switch_currents,2.4738136942826195e-05,4.0198261857856107e-11,2.473800526814663e-05,2.47431339407e-05,2.4738031883608915e-05,2.4743133940701876e-05,TI_direct_internal_ESD_switch_currents,2.2425426076807452e-11,2.232825873595723e-11,2.242542606786009e-11,2.2425415514463428e-11,1.0477017300448403e-05,,,,,0,True,,146.1610265999916,,-4.86889008697,,40,10.1,e3_61ac5215ab1d3f4627d7,False,True,railac,,0,,,,192,4.896693677414133,,,a70d7107_bleak0_cq0_freq40_g10d1_krailac_i0_m192_pretime0d02_qe3_r4d9_rms50_x2_s0d17_t23_ron60_u0_opa4192_rx0_10k_rx2_10k_x1com_waitx2_3ms_waitx0_0d1ms,,,0.02,E3,,,,,,,,,4.9,,0,50,2,,6d66f2c7a1732936d035ca02f9f1035872293b7e666d130b69c98e0b1a8b4912,,,ok,0.16999999999999998,,23,60,0,,
,,all_range_rails_clamps;50V_range_periodic_tail_after_3ms;not_raw_phase_error,,True,70.71067811865476,,0,TI_direct_internal_ESD_switch_currents,2.4738136942826195e-05,4.019825897892922e-11,2.4738005363701853e-05,3.45682805247e-05,4.2061365883960854e-05,3.456828052467089e-05,TI_direct_internal_ESD_switch_currents,2.2425426076807452e-11,2.232824864596792e-11,2.242542606482112e-11,2.242541550708356e-11,1.0477017300448403e-05,,,,,0,True,,152.57002619997365,,-4.86988060533,,40,10.1,e3_9eff3a52e91e47b71476,False,True,railac,,0,,,,192,4.89688793228704,,,a70d7107_bleak0_cq0_freq40_g10d1_krailac_i0_m192_pretime0d02_qe3_r4d9_rms50_x0_s0d17_t23_ron60_u0_opa4192_rx0_10k_rx2_10k_x1com_waitx2_3ms_waitx0_0d1ms,,,0.02,E3,,,,,,,,,4.9,,0,50,0,,738c748239dfc45abb49d95cf35e154d1da37f150b97a9d2174458c495816e12,,,ok,0.16999999999999998,,23,60,0,,
,,all_range_rails_clamps;50V_range_periodic_tail_after_3ms;not_raw_phase_error,0.00014729135435986862,True,70.71067811865476,,0,TI_direct_internal_ESD_switch_currents,2.473803619324618e-05,4.019826222951202e-11,2.473803588226626e-05,2.47431580921e-05,2.4738036095580757e-05,2.474315809212807e-05,TI_direct_internal_ESD_switch_currents,2.2425426076895185e-11,2.2328208754206676e-11,2.2425426076895185e-11,2.24254155161697e-11,1.0437258656397379e-05,,,,,0,True,,160.273845800024,,-0.671990944319,,40,1,e3_68a85525270bfc05583a,True,True,railac,,0,,,,192,4.896712862173479,,True,a70d7107_bleak0_cq0_freq40_g1_krailac_i0_m192_pretime0d02_qe3_r4d9_rms50_x2_s0d17_t23_ron60_u0_opa4192_rx0_10k_rx2_10k_x1com_waitx2_3ms_waitx0_0d1ms,,,0.02,E3,,,,,,,,,4.9,,0,50,2,,d51e7a6c214a1d44b415c88e9eb4a5559116a21bdbd71613b5086afa45e31cc0,,,ok,0.16999999999999998,,23,60,0,,
,,all_range_rails_clamps;50V_range_periodic_tail_after_3ms;not_raw_phase_error,,True,70.71067811865476,,0,TI_direct_internal_ESD_switch_currents,2.4738035074599545e-05,4.01982624063724e-11,2.4738035074599545e-05,3.4421251612e-05,4.138450327671817e-05,3.442125161204465e-05,TI_direct_internal_ESD_switch_currents,2.242542607703742e-11,2.2328292000442252e-11,2.242542607703742e-11,2.242541551298814e-11,1.0437258656397379e-05,,,,,0,True,,166.0521488999948,,-4.86769194912,,40,1,e3_c5f792da96d9b9abb091,False,True,railac,,0,,,,192,4.896881553263786,,,a70d7107_bleak0_cq0_freq40_g1_krailac_i0_m192_pretime0d02_qe3_r4d9_rms50_x0_s0d17_t23_ron60_u0_opa4192_rx0_10k_rx2_10k_x1com_waitx2_3ms_waitx0_0d1ms,,,0.02,E3,,,,,,,,,4.9,,0,50,0,,3331a25f87aff9054a3ad63f21aceada0e1f6c1f7e9b7219b5bc21fd6ab3e016,,,ok,0.16999999999999998,,23,60,0,,
,,all_range_rails_clamps;50V_range_periodic_tail_after_3ms;not_raw_phase_error,0.12715285470990323,True,70.71067811865476,,0,TI_direct_internal_ESD_switch_currents,2.4701772259626598e-05,2.470174795933598e-05,2.4701772259626598e-05,5.36873841664e-05,2.4701779320586643e-05,5.368738416643712e-05,TI_direct_internal_ESD_switch_currents,2.239241058644261e-11,2.239241049072008e-11,2.239241058644261e-11,2.239316504897557e-11,1.0494576823837008e-05,,,,,0,True,,211.46758120000595,,-0.0345724758556,,20000,1,e3_ebbb7742a667955c5682,True,True,railac,,0,,,,192,4.897698330581679,,True,a70d7107_bleak0_cq0_freq20000_g1_krailac_i0_m192_pretime0d02_qe3_r4d9_rms50_x2_s0d028_t23_ron60_u0_opa4192_rx0_10k_rx2_10k_x1com_waitx2_3ms_waitx0_0d1ms,,,0.02,E3,,,,,,,,,4.9,,0,50,2,,8ab157579077aa90bfe640c8af27ab73c2146f564232c1a3014885924dad3543,,,ok,0.028,,23,60,0,,
,,all_range_rails_clamps;50V_range_periodic_tail_after_3ms;not_raw_phase_error,,True,70.71067811865476,,0,TI_direct_internal_ESD_switch_currents,2.9700533029427546e-05,2.4701727818327023e-05,2.9700533029427546e-05,5.36921689275e-05,2.4701781433514816e-05,5.369216892748822e-05,TI_direct_internal_ESD_switch_currents,2.2392409178245597e-11,2.2392402397697178e-11,2.2392409178245597e-11,2.239316504897557e-11,1.0494576823837008e-05,,,,,0,True,,218.5327497999533,,-4.86769034417,,20000,1,e3_8bcacd410ba4764a23c2,False,True,railac,,0,,,,192,4.897696460893712,,,a70d7107_bleak0_cq0_freq20000_g1_krailac_i0_m192_pretime0d02_qe3_r4d9_rms50_x0_s0d028_t23_ron60_u0_opa4192_rx0_10k_rx2_10k_x1com_waitx2_3ms_waitx0_0d1ms,,,0.02,E3,,,,,,,,,4.9,,0,50,0,,9b266bc4ce1b3617a2aede3aaf723357a1c9d104b8b44487906c0bed1cdf0d92,,,ok,0.028,,23,60,0,,
,,all_range_rails_clamps;50V_range_periodic_tail_after_3ms;not_raw_phase_error,,True,70.71067811865476,,0,TI_direct_internal_ESD_switch_currents,2.945932165755256e-05,2.4701663202991798e-05,2.945932165755256e-05,5.38259943895e-05,2.470178444188535e-05,5.3825994389486355e-05,TI_direct_internal_ESD_switch_currents,2.239240918015661e-11,2.239238871288603e-11,2.239240918015661e-11,2.2393182507731336e-11,1.0416852031641856e-05,,,,,0,True,,225.9373238000553,,-4.86988060592,,20000,10.1,e3_d1d550212b2acc0d8cea,False,True,railac,,0,,,,192,4.897700127265305,,,a70d7107_bleak0_cq0_freq20000_g10d1_krailac_i0_m192_pretime0d02_qe3_r4d9_rms50_x0_s0d028_t23_ron60_u0_opa4192_rx0_10k_rx2_10k_x1com_waitx2_3ms_waitx0_0d1ms,,,0.02,E3,,,,,,,,,4.9,,0,50,0,,d5684f09cfa1e3690f4b63cb03eea6d3e183796bc79bf228cb9804843f772dad,,,ok,0.028,,23,60,0,,
,,all_range_rails_clamps;50V_range_periodic_tail_after_3ms;not_raw_phase_error,,True,70.71067811865476,,0,TI_direct_internal_ESD_switch_currents,2.470176776511799e-05,2.4701756026536723e-05,2.470176776511799e-05,5.38259943895e-05,2.470178444188535e-05,5.3825994389486355e-05,TI_direct_internal_ESD_switch_currents,2.239241078083168e-11,2.2392410531473946e-11,2.239241078083168e-11,2.2393182507731336e-11,1.0416852031641856e-05,,,,,0,True,,237.74777940002969,,-0.347104714509,,20000,10.1,e3_0a08e5172e17c329a8f4,False,True,railac,,0,,,,192,4.897716484349803,,,a70d7107_bleak0_cq0_freq20000_g10d1_krailac_i0_m192_pretime0d02_qe3_r4d9_rms50_x2_s0d028_t23_ron60_u0_opa4192_rx0_10k_rx2_10k_x1com_waitx2_3ms_waitx0_0d1ms,,,0.02,E3,,,,,,,,,4.9,,0,50,2,,2d9f7b481e9c111858b2b8f55e6b96181934ff4ba6a15df6cafbecbe982cb6bd,,,ok,0.028,,23,60,0,,
