id,test,variant,ix,scale_V_div,POS,tap,mc,kind,amplitude_V,freq_Hz,M,vdac_V,CPL,rail_plus_set_V,rail_minus_set_V,dc_limit_V,F1,F2,state,RSW,minus3_Hz,peak_db,peak_Hz,atten_1p73m_db,atten_2p47m_db,rebound_excess_db,rebound_Hz,gd_min_ns,gd_max_ns,gd_variation_ns,gain_dc_signed,gain_nominal_signed,gain_error_pct,center_V,offset_uncal_V,dac_center_V,position_plus_div,position_minus_div,position_pass,offset_compensable,noise_pin_uV,noise_pct_div,noise_with_adc_low_pct,noise_with_adc_high_pct,rise_ns,overshoot_pct,recovery_us,bav199_conducts,bav199_forward_max_V,bav199_peak_A,adc_min_V,adc_max_V,mux_low_margin_V,mux_high_margin_V,mux_supply_max_V,protection_pass,sfdr_db,reference_sfdr_db,residual_rms_LSB,residual_max_LSB,error_max_LSB,error_rms_LSB,gain_delta_db,phase_delta_deg,fundamental_pp_V,sample_width_ns,sample_period_ns,closing_time_error_ps,returncode
s9_k5ac_a_s00_pos1_tap0_mc0_cpl0_rp4p9844424025_rn4p84719952244_f12370_f21100_a0_dac1p25,K5AC,A,0,0.005,1,0,0,ac,0.0,0.0,0,1.25,0,4.984442402501529,4.847199522437094,40.0,2370.0,1100.0,,0,1003526.3178492449,0.009109501991449694,9847.666521102343,13.257629512715408,24.79341451427773,0,2473621.9916389273,435.07898926295735,484.7858737987799,49.70688453582255,-48.15327100611727,-50.0,-3.6934579877654583,,,,,,,,,,,,,,,,,,,,,,,,,,,,,,,,,,,,0
s9_k5ac_a_s00_pos1_tap0_mc100_cpl0_rp4p85918728673_rn4p85296983013_f12370_f21100_a0_dac1p25,K5AC,A,0,0.005,1,0,100,ac,0.0,0.0,0,1.25,0,4.859187286732117,4.852969830130256,40.0,2370.0,1100.0,,0,1014996.3265717913,0.0025263731545840675,8446.303185840326,13.761664510415965,25.409748779237255,0,2473621.9916389273,436.64136915562773,503.5011145631549,66.85974540752716,-49.56957364281936,-50.0,-0.8608527143612821,,,,,,,,,,,,,,,,,,,,,,,,,,,,,,,,,,,,0
s9_k5ac_a_s00_pos1_tap0_mc101_cpl0_rp4p92114416875_rn4p93251453173_f12370_f21100_a0_dac1p25,K5AC,A,0,0.005,1,0,101,ac,0.0,0.0,0,1.25,0,4.921144168752844,4.9325145317305,40.0,2370.0,1100.0,,0,1009551.2753170382,0.0011711088407316335,7822.279563860615,13.72326941554973,25.3019412930499,0,2473621.9916389273,434.7738181847711,500.06873157353516,65.29491338876409,-48.80193206222393,-50.0,-2.39613587555213,,,,,,,,,,,,,,,,,,,,,,,,,,,,,,,,,,,,0
s9_k5ac_a_s00_pos1_tap0_mc102_cpl0_rp4p8407269707_rn4p90041833888_f12370_f21100_a0_dac1p25,K5AC,A,0,0.005,1,0,102,ac,0.0,0.0,0,1.25,0,4.840726970704301,4.900418338883661,40.0,2370.0,1100.0,,0,973146.2563494893,1.72271598620596e-05,10.311772745930755,14.035968602068527,25.6697702464934,0,2473621.9916389273,444.55080172459486,494.4390932460429,49.888291521448025,-49.265092740476305,-50.0,-1.4698145190473855,,,,,,,,,,,,,,,,,,,,,,,,,,,,,,,,,,,,0
s9_k5ac_a_s00_pos1_tap0_mc103_cpl0_rp4p92039929382_rn4p93280884376_f12370_f21100_a0_dac1p25,K5AC,A,0,0.005,1,0,103,ac,0.0,0.0,0,1.25,0,4.920399293820216,4.932808843759211,40.0,2370.0,1100.0,,0,1036145.0373086629,0.0007193375329508942,7585.775750292407,13.163925771134739,24.711045557829227,0,2473621.9916389273,427.7320222638784,494.91303052038035,67.18100825650197,-49.676171742470714,-50.0,-0.64765651505857,,,,,,,,,,,,,,,,,,,,,,,,,,,,,,,,,,,,0
s9_k5ac_a_s00_pos1_tap0_mc104_cpl0_rp4p96672224013_rn4p89966174409_f12370_f21100_a0_dac1p25,K5AC,A,0,0.005,1,0,104,ac,0.0,0.0,0,1.25,0,4.966722240131348,4.899661744085006,40.0,2370.0,1100.0,,0,1006045.4349170658,0.0010053469368349213,7527.775638142228,13.691058744536601,25.248214602026323,0,2473621.9916389273,435.052137531507,496.8706605426628,61.818523011155776,-48.52279634515236,-50.0,-2.954407309695284,,,,,,,,,,,,,,,,,,,,,,,,,,,,,,,,,,,,0
s9_k5ac_a_s00_pos1_tap0_mc105_cpl0_rp4p84375365941_rn4p9045927206_f12370_f21100_a0_dac1p25,K5AC,A,0,0.005,1,0,105,ac,0.0,0.0,0,1.25,0,4.8437536594097,4.904592720598521,40.0,2370.0,1100.0,,0,1066277.469405366,0.012265501976548169,11839.499222293953,12.876958733640782,24.464957822592503,0,2473621.9916389273,421.60572458660624,497.5645039413185,75.95877935471225,-49.28808292955783,-50.0,-1.4238341408843391,,,,,,,,,,,,,,,,,,,,,,,,,,,,,,,,,,,,0
s9_k5ac_a_s00_pos1_tap0_mc106_cpl0_rp4p92012976805_rn4p93835919917_f12370_f21100_a0_dac1p25,K5AC,A,0,0.005,1,0,106,ac,0.0,0.0,0,1.25,0,4.92012976804918,4.938359199166201,40.0,2370.0,1100.0,,0,1010146.3091948787,0.00807653399180005,10311.772745931354,13.735784285581666,25.298188813420136,0,2473621.9916389273,435.4319262618112,500.35023822374166,64.91831196193044,-49.07390210270243,-50.0,-1.8521957945951462,,,,,,,,,,,,,,,,,,,,,,,,,,,,,,,,,,,,0
s9_k5ac_a_s00_pos1_tap0_mc107_cpl0_rp4p90582543511_rn4p83419667144_f12370_f21100_a0_dac1p25,K5AC,A,0,0.005,1,0,107,ac,0.0,0.0,0,1.25,0,4.905825435114754,4.834196671439539,40.0,2370.0,1100.0,,0,958341.0992925196,0.0086583182179339,9404.44851726424,14.053479798388034,25.543108300794025,0,2473621.9916389273,447.1697088113394,489.38020783770605,42.210499026366676,-48.34992083150068,-50.0,-3.3001583369986376,,,,,,,,,,,,,,,,,,,,,,,,,,,,,,,,,,,,0
s9_k5ac_a_s00_pos1_tap0_mc108_cpl0_rp4p91359279791_rn4p87505767384_f12370_f21100_a0_dac1p25,K5AC,A,0,0.005,1,0,108,ac,0.0,0.0,0,1.25,0,4.913592797910243,4.875057673836121,40.0,2370.0,1100.0,,0,994296.4633268393,0.005842838246551371,9549.925860215095,14.092592827424792,25.735719657786728,0,2473621.9916389273,440.9186885209705,504.13749468196806,63.21880616099759,-49.595487722286926,-50.0,-0.8090245554261521,,,,,,,,,,,,,,,,,,,,,,,,,,,,,,,,,,,,0
s9_k5ac_a_s00_pos1_tap0_mc109_cpl0_rp4p82924750101_rn4p86687646339_f12370_f21100_a0_dac1p25,K5AC,A,0,0.005,1,0,109,ac,0.0,0.0,0,1.25,0,4.8292475010116025,4.866876463390133,40.0,2370.0,1100.0,,0,1030703.872691865,0.006118971209319537,10077.048141361822,13.423683159522449,25.08912402332568,0,2473621.9916389273,430.2840164308649,499.4846488835725,69.20063245270762,-49.6704152065585,-50.0,-0.6591695868829905,,,,,,,,,,,,,,,,,,,,,,,,,,,,,,,,,,,,0
s9_k5ac_a_s00_pos1_tap0_mc10_cpl0_rp4p80977508378_rn4p87988575949_f12370_f21100_a0_dac1p25,K5AC,A,0,0.005,1,0,10,ac,0.0,0.0,0,1.25,0,4.809775083776429,4.879885759487983,40.0,2370.0,1100.0,,0,1026601.9975660272,0.005262738936556714,10077.048141361822,13.613052289452472,25.204329200496524,0,2473621.9916389273,430.44583276517693,502.8736907125063,72.42785794732936,-49.56307298234582,-50.0,-0.8738540353083524,,,,,,,,,,,,,,,,,,,,,,,,,,,,,,,,,,,,0
s9_k5ac_a_s00_pos1_tap0_mc110_cpl0_rp4p99198766562_rn4p92434456387_f12370_f21100_a0_dac1p25,K5AC,A,0,0.005,1,0,110,ac,0.0,0.0,0,1.25,0,4.9919876656183435,4.924344563871135,40.0,2370.0,1100.0,,0,1037047.5005971974,0.0009190341154331993,7585.775750292407,13.127909039426854,24.594144212824254,0,2473621.9916389273,425.7897305343008,492.91684035880746,67.12710982450665,-49.32830495590051,-50.0,-1.3433900881989924,,,,,,,,,,,,,,,,,,,,,,,,,,,,,,,,,,,,0
s9_k5ac_a_s00_pos1_tap0_mc111_cpl0_rp4p82611353312_rn4p86150940778_f12370_f21100_a0_dac1p25,K5AC,A,0,0.005,1,0,111,ac,0.0,0.0,0,1.25,0,4.826113533124238,4.861509407777478,40.0,2370.0,1100.0,,0,982910.5920825608,0.005780697225653974,8844.365191386672,14.250872330465995,25.961329508399636,0,2473621.9916389273,446.88376916676447,504.71874917025167,57.8349800034872,-50.29217448606314,-50.0,0.5843489721262696,,,,,,,,,,,,,,,,,,,,,,,,,,,,,,,,,,,,0
s9_k5ac_a_s00_pos1_tap0_mc112_cpl0_rp4p88511874725_rn4p980220806_f12370_f21100_a0_dac1p25,K5AC,A,0,0.005,1,0,112,ac,0.0,0.0,0,1.25,0,4.885118747254004,4.980220805996054,40.0,2370.0,1100.0,,0,973960.0142997876,0.0014174817282956306,7134.003750713094,13.81833662640357,25.422821291275486,0,2473621.9916389273,443.03894721799134,489.5849821480396,46.54603493004828,-49.10315493003564,-50.0,-1.7936901399287164,,,,,,,,,,,,,,,,,,,,,,,,,,,,,,,,,,,,0
s9_k5ac_a_s00_pos1_tap0_mc113_cpl0_rp4p90002746548_rn4p85282848452_f12370_f21100_a0_dac1p25,K5AC,A,0,0.005,1,0,113,ac,0.0,0.0,0,1.25,0,4.900027465477874,4.852828484519198,40.0,2370.0,1100.0,,0,975322.8046264512,0.0020615612151757305,7413.10241300973,13.819641927979477,25.464807092795663,0,2473621.9916389273,445.0496916170998,490.10533885377436,45.05564723667453,-49.72632455003622,-50.0,-0.5473508999275678,,,,,,,,,,,,,,,,,,,,,,,,,,,,,,,,,,,,0
s9_k5ac_a_s00_pos1_tap0_mc114_cpl0_rp4p93365385003_rn4p86413831942_f12370_f21100_a0_dac1p25,K5AC,A,0,0.005,1,0,114,ac,0.0,0.0,0,1.25,0,4.93365385002722,4.864138319422693,40.0,2370.0,1100.0,,0,983663.3892306971,1.7056195742035476e-05,8.91250938133762,13.90008142040951,25.454573686002174,0,2473621.9916389273,437.5811805362555,495.76120993911877,58.18002940286328,-49.064344801433066,-50.0,-1.871310397133863,,,,,,,,,,,,,,,,,,,,,,,,,,,,,,,,,,,,0
s9_k5ac_a_s00_pos1_tap0_mc115_cpl0_rp4p81012700746_rn4p84166406041_f12370_f21100_a0_dac1p25,K5AC,A,0,0.005,1,0,115,ac,0.0,0.0,0,1.25,0,4.810127007461495,4.841664060408574,40.0,2370.0,1100.0,,0,979608.3895389622,1.733707625118138e-05,11.30663397949662,13.487727038432764,24.9263240835583,0,2473621.9916389273,440.49091174613864,482.83775138083627,42.34683963469763,-48.48780785993183,-50.0,-3.0243842801363496,,,,,,,,,,,,,,,,,,,,,,,,,,,,,,,,,,,,0
s9_k5ac_a_s00_pos1_tap0_mc116_cpl0_rp4p92258035934_rn4p98840519069_f12370_f21100_a0_dac1p25,K5AC,A,0,0.005,1,0,116,ac,0.0,0.0,0,1.25,0,4.922580359338926,4.988405190694473,40.0,2370.0,1100.0,,0,974707.3570932753,0.007240948715758406,9549.925860215095,14.13491128664922,25.71103579814482,0,2473621.9916389273,445.0531987132975,497.62495992705016,52.571761213752666,-49.15928547269774,-50.0,-1.6814290546045219,,,,,,,,,,,,,,,,,,,,,,,,,,,,,,,,,,,,0
s9_k5ac_a_s00_pos1_tap0_mc117_cpl0_rp4p96130097874_rn4p9181603723_f12370_f21100_a0_dac1p25,K5AC,A,0,0.005,1,0,117,ac,0.0,0.0,0,1.25,0,4.961300978744207,4.918160372304763,40.0,2370.0,1100.0,,0,1013744.9078810635,1.735730148083421e-05,12.20862254059097,13.798528300260193,25.47411608564915,0,2473621.9916389273,434.7879096070276,504.3669807844108,69.57907117738324,-49.95654012221173,-50.0,-0.08691975557654219,,,,,,,,,,,,,,,,,,,,,,,,,,,,,,,,,,,,0
s9_k5ac_a_s00_pos1_tap0_mc118_cpl0_rp4p86723481232_rn4p91570768746_f12370_f21100_a0_dac1p25,K5AC,A,0,0.005,1,0,118,ac,0.0,0.0,0,1.25,0,4.867234812322484,4.9157076874611025,40.0,2370.0,1100.0,,0,945609.6710123285,1.693081448115177e-05,8.317637711026858,14.569822081854133,26.235183165467205,0,2473621.9916389273,451.0138622185016,499.61140950529034,48.59754728678877,-48.828244403871956,-50.0,-2.343511192256087,,,,,,,,,,,,,,,,,,,,,,,,,,,,,,,,,,,,0
s9_k5ac_a_s00_pos1_tap0_mc119_cpl0_rp4p90847958678_rn4p94708902258_f12370_f21100_a0_dac1p25,K5AC,A,0,0.005,1,0,119,ac,0.0,0.0,0,1.25,0,4.9084795867817945,4.947089022579152,40.0,2370.0,1100.0,,0,965374.0969691933,0.0019729700949468595,7527.775638142228,14.025738228282572,25.43671745400083,0,2473621.9916389273,443.0251550793362,490.74218868957416,47.71703361023799,-49.01232934918961,-50.0,-1.97534130162077,,,,,,,,,,,,,,,,,,,,,,,,,,,,,,,,,,,,0
s9_k5ac_a_s00_pos1_tap0_mc11_cpl0_rp4p81403429595_rn4p86073426048_f12370_f21100_a0_dac1p25,K5AC,A,0,0.005,1,0,11,ac,0.0,0.0,0,1.25,0,4.814034295954164,4.860734260482612,40.0,2370.0,1100.0,,0,1009317.2943748783,1.707469768204567e-05,9.772372209558293,13.537247268631429,25.140615604023733,0,2473621.9916389273,432.0631266352924,494.463446064188,62.400319428895614,-48.535057406392674,-50.0,-2.9298851872146536,,,,,,,,,,,,,,,,,,,,,,,,,,,,,,,,,,,,0
s9_k5ac_a_s00_pos1_tap0_mc120_cpl0_rp4p93906018383_rn4p85236494221_f12370_f21100_a0_dac1p25,K5AC,A,0,0.005,1,0,120,ac,0.0,0.0,0,1.25,0,4.939060183833369,4.852364942205818,40.0,2370.0,1100.0,,0,991842.5086632757,1.7010626023945595e-05,9.623506263981069,13.717495585700226,25.182107459545332,0,2473621.9916389273,436.55284622445487,491.86130091208435,55.30845468762948,-49.66891131949825,-50.0,-0.662177361003502,,,,,,,,,,,,,,,,,,,,,,,,,,,,,,,,,,,,0
s9_k5ac_a_s00_pos1_tap0_mc121_cpl0_rp4p82168351776_rn4p88631659153_f12370_f21100_a0_dac1p25,K5AC,A,0,0.005,1,0,121,ac,0.0,0.0,0,1.25,0,4.821683517762753,4.886316591525253,40.0,2370.0,1100.0,,0,987508.8074443378,1.7255870568580698e-05,10.96478196143207,14.358583127548464,26.04802021869365,0,2473621.9916389273,442.8469750528304,508.44138224383414,65.59440719100377,-49.22479647340231,-50.0,-1.5504070531953906,,,,,,,,,,,,,,,,,,,,,,,,,,,,,,,,,,,,0
s9_k5ac_a_s00_pos1_tap0_mc122_cpl0_rp4p87332779102_rn4p98320984985_f12370_f21100_a0_dac1p25,K5AC,A,0,0.005,1,0,122,ac,0.0,0.0,0,1.25,0,4.87332779101636,4.983209849847075,40.0,2370.0,1100.0,,0,980202.3024668157,0.008581055951452298,10000.000000000775,14.383097721742324,26.12920122848406,0,2473621.9916389273,447.26923176642913,507.5943924695349,60.32516070310578,-49.80058666242925,-50.0,-0.39882667514150594,,,,,,,,,,,,,,,,,,,,,,,,,,,,,,,,,,,,0
s9_k5ac_a_s00_pos1_tap0_mc123_cpl0_rp4p93802185779_rn4p87359583326_f12370_f21100_a0_dac1p25,K5AC,A,0,0.005,1,0,123,ac,0.0,0.0,0,1.25,0,4.938021857791068,4.873595833259847,40.0,2370.0,1100.0,,0,962532.4919862304,1.704069136174758e-05,9.190377133632765,14.49201648581573,26.036967144043572,0,2473621.9916389273,447.5477953813124,501.9577433188208,54.40994793750838,-50.250406652156414,-50.0,0.5008133043128193,,,,,,,,,,,,,,,,,,,,,,,,,,,,,,,,,,,,0
s9_k5ac_a_s00_pos1_tap0_mc124_cpl0_rp4p93182421472_rn4p96637895535_f12370_f21100_a0_dac1p25,K5AC,A,0,0.005,1,0,124,ac,0.0,0.0,0,1.25,0,4.931824214724982,4.966378955354066,40.0,2370.0,1100.0,,0,989522.3501748138,1.7184603523375186e-05,10.880946292622482,13.582438817511889,24.97979700635815,0,2473621.9916389273,436.12333565021254,488.17039149834557,52.04705584813303,-49.686249748533136,-50.0,-0.627500502933731,,,,,,,,,,,,,,,,,,,,,,,,,,,,,,,,,,,,0
s9_k5ac_a_s00_pos1_tap0_mc125_cpl0_rp4p85982138726_rn4p95505701389_f12370_f21100_a0_dac1p25,K5AC,A,0,0.005,1,0,125,ac,0.0,0.0,0,1.25,0,4.859821387255269,4.955057013894097,40.0,2370.0,1100.0,,0,943790.6729239456,0.0028482202630948795,7585.775750292407,14.25196970688585,25.700139538380213,0,2473621.9916389273,449.55892765483236,489.2027034062375,39.643775751405144,-49.305933250859994,-50.0,-1.3881334982800086,,,,,,,,,,,,,,,,,,,,,,,,,,,,,,,,,,,,0
s9_k5ac_a_s00_pos1_tap0_mc126_cpl0_rp4p86915861907_rn4p92980098716_f12370_f21100_a0_dac1p25,K5AC,A,0,0.005,1,0,126,ac,0.0,0.0,0,1.25,0,4.869158619071663,4.929800987164194,40.0,2370.0,1100.0,,0,963741.9554942619,1.7056811799499074e-05,9.332543007970086,13.822002126161191,25.215557480024223,0,2473621.9916389273,441.5904574358795,485.3024333793785,43.711975943499,-49.62147015583234,-50.0,-0.7570596883353153,,,,,,,,,,,,,,,,,,,,,,,,,,,,,,,,,,,,0
s9_k5ac_a_s00_pos1_tap0_mc127_cpl0_rp4p94799692892_rn4p89786034915_f12370_f21100_a0_dac1p25,K5AC,A,0,0.005,1,0,127,ac,0.0,0.0,0,1.25,0,4.947996928921808,4.897860349152504,40.0,2370.0,1100.0,,0,1065372.9199994414,1.7153064791116347e-05,10.311772745930755,12.850625641719727,24.536235120750437,0,2473621.9916389273,420.0844819350104,497.4974503242749,77.4129683892645,-49.39080645161446,-50.0,-1.2183870967710786,,,,,,,,,,,,,,,,,,,,,,,,,,,,,,,,,,,,0
s9_k5ac_a_s00_pos1_tap0_mc128_cpl0_rp4p896603987_rn4p82852263541_f12370_f21100_a0_dac1p25,K5AC,A,0,0.005,1,0,128,ac,0.0,0.0,0,1.25,0,4.896603987000213,4.828522635408777,40.0,2370.0,1100.0,,0,985681.0514405872,1.678154395910211e-05,8.25404185268033,13.537787272083152,25.063959247139298,0,2473621.9916389273,437.22200736718423,485.7596251419937,48.53761777480946,-49.91694386617132,-50.0,-0.16611226765735898,,,,,,,,,,,,,,,,,,,,,,,,,,,,,,,,,,,,0
s9_k5ac_a_s00_pos1_tap0_mc129_cpl0_rp4p81174207234_rn4p89100641234_f12370_f21100_a0_dac1p25,K5AC,A,0,0.005,1,0,129,ac,0.0,0.0,0,1.25,0,4.81174207233888,4.891006412336964,40.0,2370.0,1100.0,,0,1005149.7348343722,0.002538346274733616,8190.932242153593,13.716375257342598,25.202583955358,0,2473621.9916389273,434.796025009258,496.7427372207666,61.94671221150861,-49.44033052267948,-50.0,-1.119338954641036,,,,,,,,,,,,,,,,,,,,,,,,,,,,,,,,,,,,0
s9_k5ac_a_s00_pos1_tap0_mc12_cpl0_rp4p91919084993_rn4p83952044191_f12370_f21100_a0_dac1p25,K5AC,A,0,0.005,1,0,12,ac,0.0,0.0,0,1.25,0,4.9191908499269505,4.839520441911695,40.0,2370.0,1100.0,,0,1026174.812120089,0.007319274200153941,10471.28548050981,13.628246165074291,25.228356076386213,0,2473621.9916389273,431.747271498,503.8600251308921,72.11275363289212,-49.314258146667555,-50.0,-1.3714837066648888,,,,,,,,,,,,,,,,,,,,,,,,,,,,,,,,,,,,0
s9_k5ac_a_s00_pos1_tap0_mc130_cpl0_rp4p85501338975_rn4p96252654024_f12370_f21100_a0_dac1p25,K5AC,A,0,0.005,1,0,130,ac,0.0,0.0,0,1.25,0,4.85501338974774,4.962526540242999,40.0,2370.0,1100.0,,0,1001429.9815401875,0.0031731563146223216,8643.042860749016,13.556219401094816,25.103690814152372,0,2473621.9916389273,435.66934240519674,491.27334147910176,55.603999073905015,-50.60634523806334,-50.0,1.2126904761266877,,,,,,,,,,,,,,,,,,,,,,,,,,,,,,,,,,,,0
s9_k5ac_a_s00_pos1_tap0_mc131_cpl0_rp4p8967242161_rn4p94469868095_f12370_f21100_a0_dac1p25,K5AC,A,0,0.005,1,0,131,ac,0.0,0.0,0,1.25,0,4.8967242160962146,4.944698680946013,40.0,2370.0,1100.0,,0,1024299.9087385136,0.00900366266999543,10471.28548050981,13.214643011323776,24.851947578561727,0,2473621.9916389273,431.49757030837026,491.67783701827796,60.1802667099077,-49.51453525337428,-50.0,-0.970929493251449,,,,,,,,,,,,,,,,,,,,,,,,,,,,,,,,,,,,0
s9_k5ac_a_s00_pos1_tap0_mc132_cpl0_rp4p80935322722_rn4p97553544082_f12370_f21100_a0_dac1p25,K5AC,A,0,0.005,1,0,132,ac,0.0,0.0,0,1.25,0,4.8093532272229425,4.975535440822829,40.0,2370.0,1100.0,,0,1050624.9152728643,1.7175705575721612e-05,10.471285480509202,12.93410986010408,24.500499186440205,0,2473621.9916389273,421.82820222773364,493.50916850195534,71.6809662742217,-50.29852684365879,-50.0,0.5970536873175725,,,,,,,,,,,,,,,,,,,,,,,,,,,,,,,,,,,,0
s9_k5ac_a_s00_pos1_tap0_mc133_cpl0_rp4p91180058942_rn4p9663359003_f12370_f21100_a0_dac1p25,K5AC,A,0,0.005,1,0,133,ac,0.0,0.0,0,1.25,0,4.911800589417648,4.966335900304529,40.0,2370.0,1100.0,,0,1003991.2381128675,0.007567048734853437,9549.925860215095,13.646836133171773,25.30814223406498,0,2473621.9916389273,437.3386274859111,494.6404087978537,57.30178131194259,-49.4011085325636,-50.0,-1.1977829348728042,,,,,,,,,,,,,,,,,,,,,,,,,,,,,,,,,,,,0
s9_k5ac_a_s00_pos1_tap0_mc134_cpl0_rp4p84727441152_rn4p93179886146_f12370_f21100_a0_dac1p25,K5AC,A,0,0.005,1,0,134,ac,0.0,0.0,0,1.25,0,4.847274411519917,4.931798861456543,40.0,2370.0,1100.0,,0,1006406.4399807312,1.697202860330286e-05,8.844365191386158,13.268471153903066,24.558989551042792,0,2473621.9916389273,426.54772608799465,484.59890640201417,58.05118031401952,-49.1223667303068,-50.0,-1.755266539386402,,,,,,,,,,,,,,,,,,,,,,,,,,,,,,,,,,,,0
s9_k5ac_a_s00_pos1_tap0_mc135_cpl0_rp4p96566735305_rn4p98672133428_f12370_f21100_a0_dac1p25,K5AC,A,0,0.005,1,0,135,ac,0.0,0.0,0,1.25,0,4.965667353051266,4.98672133428323,40.0,2370.0,1100.0,,0,982781.6377454579,1.723589040660177e-05,10.633265716371824,13.471673746986129,24.820764863998864,0,2473621.9916389273,435.39417512138135,482.35946958230727,46.96529446092592,-49.26743909753042,-50.0,-1.4651218049391623,,,,,,,,,,,,,,,,,,,,,,,,,,,,,,,,,,,,0
s9_k5ac_a_s00_pos1_tap0_mc136_cpl0_rp4p95839821386_rn4p99312383553_f12370_f21100_a0_dac1p25,K5AC,A,0,0.005,1,0,136,ac,0.0,0.0,0,1.25,0,4.95839821385987,4.993123835529475,40.0,2370.0,1100.0,,0,997978.0936148267,0.004048609975497781,9050.376921517814,13.581810853550241,24.97427727721419,0,2473621.9916389273,434.4541860586658,491.37150448017627,56.91731842151046,-50.50070240269977,-50.0,1.0014048053995417,,,,,,,,,,,,,,,,,,,,,,,,,,,,,,,,,,,,0
s9_k5ac_a_s00_pos1_tap0_mc137_cpl0_rp4p87926539564_rn4p96140284038_f12370_f21100_a0_dac1p25,K5AC,A,0,0.005,1,0,137,ac,0.0,0.0,0,1.25,0,4.879265395643575,4.961402840377342,40.0,2370.0,1100.0,,0,965564.275661768,1.6830379627400028e-05,8.576958985909096,13.720707242404044,25.03828018671382,0,2473621.9916389273,438.88205385114037,482.99380484327577,44.1117509921354,-49.48778591390286,-50.0,-1.0244281721942805,,,,,,,,,,,,,,,,,,,,,,,,,,,,,,,,,,,,0
s9_k5ac_a_s00_pos1_tap0_mc138_cpl0_rp4p97932660215_rn4p9286091668_f12370_f21100_a0_dac1p25,K5AC,A,0,0.005,1,0,138,ac,0.0,0.0,0,1.25,0,4.979326602154579,4.9286091668046845,40.0,2370.0,1100.0,,0,982063.131143119,0.009419267624281838,9923.540961321773,13.916353952720565,25.584204413591355,0,2473621.9916389273,444.2105368858288,494.8815394018453,50.67100251601653,-48.16886191709207,-50.0,-3.6622761658158587,,,,,,,,,,,,,,,,,,,,,,,,,,,,,,,,,,,,0
s9_k5ac_a_s00_pos1_tap0_mc139_cpl0_rp4p90121338316_rn4p97484744683_f12370_f21100_a0_dac1p25,K5AC,A,0,0.005,1,0,139,ac,0.0,0.0,0,1.25,0,4.901213383164669,4.974847446832431,40.0,2370.0,1100.0,,0,1001829.5306553564,1.711774064309305e-05,9.332543007970086,13.59331717638779,25.164862642611578,0,2473621.9916389273,434.28341298112906,494.3106214639479,60.02720848281882,-49.0501404747945,-50.0,-1.8997190504109973,,,,,,,,,,,,,,,,,,,,,,,,,,,,,,,,,,,,0
s9_k5ac_a_s00_pos1_tap0_mc13_cpl0_rp4p91427790823_rn4p93463710581_f12370_f21100_a0_dac1p25,K5AC,A,0,0.005,1,0,13,ac,0.0,0.0,0,1.25,0,4.914277908230624,4.934637105812456,40.0,2370.0,1100.0,,0,1004766.5809724056,1.71218017285638e-05,9.476908045141773,13.35125038774627,24.92382254058142,0,2473621.9916389273,432.58632782166086,488.54404159757377,55.95771377591291,-50.38428899307005,-50.0,0.7685779861400954,,,,,,,,,,,,,,,,,,,,,,,,,,,,,,,,,,,,0
s9_k5ac_a_s00_pos1_tap0_mc140_cpl0_rp4p85254918843_rn4p8502021529_f12370_f21100_a0_dac1p25,K5AC,A,0,0.005,1,0,140,ac,0.0,0.0,0,1.25,0,4.8525491884265115,4.8502021528972366,40.0,2370.0,1100.0,,0,992534.0978207369,0.003841320993446765,8776.742025360732,13.759851556149089,25.261207991264193,0,2473621.9916389273,438.4547973740891,494.2073016419591,55.752504267869995,-49.884506416256706,-50.0,-0.23098716748658488,,,,,,,,,,,,,,,,,,,,,,,,,,,,,,,,,,,,0
s9_k5ac_a_s00_pos1_tap0_mc141_cpl0_rp4p89492282845_rn4p91685348832_f12370_f21100_a0_dac1p25,K5AC,A,0,0.005,1,0,141,ac,0.0,0.0,0,1.25,0,4.894922828448854,4.91685348831504,40.0,2370.0,1100.0,,0,1028715.4667287312,1.7017866905555005e-05,8.981178609607111,13.20771472813853,24.799899024063542,0,2473621.9916389273,427.9146788330017,492.22121208924636,64.30653325624468,-49.118604324129066,-50.0,-1.7627913517418659,,,,,,,,,,,,,,,,,,,,,,,,,,,,,,,,,,,,0
s9_k5ac_a_s00_pos1_tap0_mc142_cpl0_rp4p90395176581_rn4p87504253596_f12370_f21100_a0_dac1p25,K5AC,A,0,0.005,1,0,142,ac,0.0,0.0,0,1.25,0,4.90395176580954,4.875042535962196,40.0,2370.0,1100.0,,0,964155.9233007175,1.7029546089836622e-05,9.05037692151729,14.049144261852948,25.661075393259292,0,2473621.9916389273,446.0985656433609,492.9939267901788,46.89536114681789,-49.006260849998434,-50.0,-1.9874783000031315,,,,,,,,,,,,,,,,,,,,,,,,,,,,,,,,,,,,0
s9_k5ac_a_s00_pos1_tap0_mc143_cpl0_rp4p90228050802_rn4p95802414624_f12370_f21100_a0_dac1p25,K5AC,A,0,0.005,1,0,143,ac,0.0,0.0,0,1.25,0,4.902280508021619,4.958024146237914,40.0,2370.0,1100.0,,0,976039.8334271803,0.008076980338083304,9623.506263981628,14.344380571318421,25.906743588647473,0,2473621.9916389273,446.39909084086185,503.6542575415288,57.25516670066696,-49.632499695531294,-50.0,-0.7350006089374084,,,,,,,,,,,,,,,,,,,,,,,,,,,,,,,,,,,,0
s9_k5ac_a_s00_pos1_tap0_mc144_cpl0_rp4p83676342514_rn4p8647450437_f12370_f21100_a0_dac1p25,K5AC,A,0,0.005,1,0,144,ac,0.0,0.0,0,1.25,0,4.836763425135522,4.8647450436974164,40.0,2370.0,1100.0,,0,965983.5889908985,1.698672341503054e-05,8.91250938133762,14.109518975111762,25.547133812291214,0,2473621.9916389273,442.79665728725115,492.33246578089734,49.535808493646186,-48.65298804866967,-50.0,-2.6940239026606583,,,,,,,,,,,,,,,,,,,,,,,,,,,,,,,,,,,,0
s9_k5ac_a_s00_pos1_tap0_mc145_cpl0_rp4p86558931643_rn4p98929888802_f12370_f21100_a0_dac1p25,K5AC,A,0,0.005,1,0,145,ac,0.0,0.0,0,1.25,0,4.865589316433562,4.989298888021306,40.0,2370.0,1100.0,,0,1024738.1328807296,1.6876025910030336e-05,8.511380382023917,13.075035822205738,24.6061337046904,0,2473621.9916389273,427.24983435535324,487.0379887247323,59.78815436937907,-48.72414026228286,-50.0,-2.5517194754342776,,,,,,,,,,,,,,,,,,,,,,,,,,,,,,,,,,,,0
s9_k5ac_a_s00_pos1_tap0_mc146_cpl0_rp4p95031265862_rn4p85034969278_f12370_f21100_a0_dac1p25,K5AC,A,0,0.005,1,0,146,ac,0.0,0.0,0,1.25,0,4.950312658622311,4.850349692781062,40.0,2370.0,1100.0,,0,980930.5600439481,1.7131344476418682e-05,9.697653591082679,13.412045374579192,24.9400331658196,0,2473621.9916389273,439.44188761598986,481.6094136331291,42.16752601713927,-48.551193526687996,-50.0,-2.8976129466240064,,,,,,,,,,,,,,,,,,,,,,,,,,,,,,,,,,,,0
s9_k5ac_a_s00_pos1_tap0_mc147_cpl0_rp4p83980621356_rn4p97330543168_f12370_f21100_a0_dac1p25,K5AC,A,0,0.005,1,0,147,ac,0.0,0.0,0,1.25,0,4.839806213564023,4.973305431679933,40.0,2370.0,1100.0,,0,1013604.3468237378,1.692709776397355e-05,8.709635899560965,12.842077614783834,24.188606697231155,0,2473621.9916389273,426.5056447864436,476.55099386095503,50.04534907451142,-48.91292711203924,-50.0,-2.174145775921521,,,,,,,,,,,,,,,,,,,,,,,,,,,,,,,,,,,,0
s9_k5ac_a_s00_pos1_tap0_mc148_cpl0_rp4p88631761595_rn4p9856822019_f12370_f21100_a0_dac1p25,K5AC,A,0,0.005,1,0,148,ac,0.0,0.0,0,1.25,0,4.886317615952683,4.985682201896054,40.0,2370.0,1100.0,,0,1022693.1100599022,0.009341461957890256,9847.666521102343,13.13412555411497,24.664255022087126,0,2473621.9916389273,432.0213923793758,487.8310479216111,55.809655542235305,-49.21363817910839,-50.0,-1.5727236417832136,,,,,,,,,,,,,,,,,,,,,,,,,,,,,,,,,,,,0
s9_k5ac_a_s00_pos1_tap0_mc149_cpl0_rp4p99245108005_rn4p94455573913_f12370_f21100_a0_dac1p25,K5AC,A,0,0.005,1,0,149,ac,0.0,0.0,0,1.25,0,4.992451080053054,4.9445557391309505,40.0,2370.0,1100.0,,0,1007430.8586134044,1.6753888481665993e-05,8.128305161641135,13.343924623868318,24.827193074181626,0,2473621.9916389273,430.33738236731773,488.69617046858747,58.35878810126974,-48.36611759131496,-50.0,-3.267764817370078,,,,,,,,,,,,,,,,,,,,,,,,,,,,,,,,,,,,0
s9_k5ac_a_s00_pos1_tap0_mc14_cpl0_rp4p82902472704_rn4p81684089148_f12370_f21100_a0_dac1p25,K5AC,A,0,0.005,1,0,14,ac,0.0,0.0,0,1.25,0,4.829024727041403,4.816840891477387,40.0,2370.0,1100.0,,0,994807.7583719882,1.7229888712440408e-05,10.96478196143207,13.75693458995347,25.337751175881642,0,2473621.9916389273,439.3988447337974,494.43342156860547,55.03457683480809,-48.84483210597498,-50.0,-2.310335788050044,,,,,,,,,,,,,,,,,,,,,,,,,,,,,,,,,,,,0
s9_k5ac_a_s00_pos1_tap0_mc150_cpl0_rp4p89777934343_rn4p96419270372_f12370_f21100_a0_dac1p25,K5AC,A,0,0.005,1,0,150,ac,0.0,0.0,0,1.25,0,4.897779343429821,4.96419270371882,40.0,2370.0,1100.0,,0,982259.0797305254,1.7072800429344284e-05,9.190377133632765,13.399295510998368,24.85614699129232,0,2473621.9916389273,436.54610076522897,480.7524314790289,44.20633071379996,-48.857871536883025,-50.0,-2.284256926233952,,,,,,,,,,,,,,,,,,,,,,,,,,,,,,,,,,,,0
s9_k5ac_a_s00_pos1_tap0_mc151_cpl0_rp4p84213760085_rn4p9569401187_f12370_f21100_a0_dac1p25,K5AC,A,0,0.005,1,0,151,ac,0.0,0.0,0,1.25,0,4.842137600852539,4.95694011870484,40.0,2370.0,1100.0,,0,990753.3230220018,1.7397475317432914e-05,12.98175275049877,13.648225767698715,25.064121005092684,0,2473621.9916389273,436.68422048835293,491.6861871111077,55.001966622754765,-50.751694355566755,-50.0,1.5033887111335131,,,,,,,,,,,,,,,,,,,,,,,,,,,,,,,,,,,,0
s9_k5ac_a_s00_pos1_tap0_mc152_cpl0_rp4p83377326818_rn4p84127069443_f12370_f21100_a0_dac1p25,K5AC,A,0,0.005,1,0,152,ac,0.0,0.0,0,1.25,0,4.833773268184968,4.841270694425295,40.0,2370.0,1100.0,,0,1049359.8443056238,0.0033070105242736314,9190.3771336333,13.111276533812516,24.832698442785873,0,2473621.9916389273,426.8689395518083,498.66245175138664,71.79351219957834,-49.152535997080854,-50.0,-1.694928005838292,,,,,,,,,,,,,,,,,,,,,,,,,,,,,,,,,,,,0
s9_k5ac_a_s00_pos1_tap0_mc153_cpl0_rp4p84761410021_rn4p99185717144_f12370_f21100_a0_dac1p25,K5AC,A,0,0.005,1,0,153,ac,0.0,0.0,0,1.25,0,4.847614100209813,4.991857171435159,40.0,2370.0,1100.0,,0,1042426.3257037034,0.002334262776166795,8446.303185840326,12.927393145157078,24.557453348959655,0,2473621.9916389273,426.1460050704324,489.8886373736677,63.74263230323527,-49.30585460420801,-50.0,-1.3882907915839793,,,,,,,,,,,,,,,,,,,,,,,,,,,,,,,,,,,,0
s9_k5ac_a_s00_pos1_tap0_mc154_cpl0_rp4p80524095525_rn4p98943494655_f12370_f21100_a0_dac1p25,K5AC,A,0,0.005,1,0,154,ac,0.0,0.0,0,1.25,0,4.805240955247534,4.989434946553245,40.0,2370.0,1100.0,,0,1025526.0298795713,1.726825871697163e-05,10.880946292622482,13.389104686320175,24.87273034150029,0,2473621.9916389273,428.352670895759,496.9263670235144,68.5736961277554,-49.15457008609739,-50.0,-1.6908598278052245,,,,,,,,,,,,,,,,,,,,,,,,,,,,,,,,,,,,0
s9_k5ac_a_s00_pos1_tap0_mc155_cpl0_rp4p9900527303_rn4p84754466055_f12370_f21100_a0_dac1p25,K5AC,A,0,0.005,1,0,155,ac,0.0,0.0,0,1.25,0,4.990052730299024,4.847544660549819,40.0,2370.0,1100.0,,0,996986.7775427942,0.00932540032003409,10232.929922808335,13.751967743869677,25.232826735972978,0,2473621.9916389273,437.3618605603381,495.87002653055697,58.5081659702189,-49.014489814763344,-50.0,-1.9710203704733087,,,,,,,,,,,,,,,,,,,,,,,,,,,,,,,,,,,,0
s9_k5ac_a_s00_pos1_tap0_mc156_cpl0_rp4p92979378923_rn4p83412639373_f12370_f21100_a0_dac1p25,K5AC,A,0,0.005,1,0,156,ac,0.0,0.0,0,1.25,0,4.9297937892303265,4.834126393733247,40.0,2370.0,1100.0,,0,988576.5306049202,0.00013856621130456273,6865.412978225057,13.80581582710829,25.261223459560714,0,2473621.9916389273,437.9982654829136,493.63329836024155,55.635032877327944,-49.90180926473859,-50.0,-0.19638147052282173,,,,,,,,,,,,,,,,,,,,,,,,,,,,,,,,,,,,0
s9_k5ac_a_s00_pos1_tap0_mc157_cpl0_rp4p85705755482_rn4p97314747879_f12370_f21100_a0_dac1p25,K5AC,A,0,0.005,1,0,157,ac,0.0,0.0,0,1.25,0,4.857057554822637,4.973147478791156,40.0,2370.0,1100.0,,0,1064200.2418967683,1.7371786034227104e-05,11.13439609062384,12.67370086995575,24.204231428261284,0,2473621.9916389273,420.6989403215261,491.9716726649491,71.272732343423,-48.65878075475957,-50.0,-2.682438490480865,,,,,,,,,,,,,,,,,,,,,,,,,,,,,,,,,,,,0
s9_k5ac_a_s00_pos1_tap0_mc158_cpl0_rp4p85315207368_rn4p87249143015_f12370_f21100_a0_dac1p25,K5AC,A,0,0.005,1,0,158,ac,0.0,0.0,0,1.25,0,4.85315207367575,4.872491430145047,40.0,2370.0,1100.0,,0,939120.3796927735,0.005404629837567023,8446.303185840326,14.118621277678134,25.44334826132405,0,2473621.9916389273,449.69921350894623,484.0972840138753,34.39807050492908,-49.45976929921284,-50.0,-1.0804614015743286,,,,,,,,,,,,,,,,,,,,,,,,,,,,,,,,,,,,0
s9_k5ac_a_s00_pos1_tap0_mc159_cpl0_rp4p82823981138_rn4p82199598699_f12370_f21100_a0_dac1p25,K5AC,A,0,0.005,1,0,159,ac,0.0,0.0,0,1.25,0,4.828239811383179,4.8219959869925875,40.0,2370.0,1100.0,,0,952848.7353347711,1.675709327124111e-05,8.128305161641135,13.91271344054493,25.31847696502712,0,2473621.9916389273,442.7705742001721,484.0644360862715,41.293861886099364,-50.187461505237955,-50.0,0.3749230104759027,,,,,,,,,,,,,,,,,,,,,,,,,,,,,,,,,,,,0
s9_k5ac_a_s00_pos1_tap0_mc15_cpl0_rp4p93539662469_rn4p87853197466_f12370_f21100_a0_dac1p25,K5AC,A,0,0.005,1,0,15,ac,0.0,0.0,0,1.25,0,4.935396624694563,4.878531974660734,40.0,2370.0,1100.0,,0,1018046.6043904757,0.009034473109173751,10154.68992433159,13.372360039065079,25.033347865590976,0,2473621.9916389273,434.4641423659288,493.1050342558258,58.64089188989698,-49.04944075174335,-50.0,-1.9011184965133099,,,,,,,,,,,,,,,,,,,,,,,,,,,,,,,,,,,,0
s9_k5ac_a_s00_pos1_tap0_mc160_cpl0_rp4p91628999036_rn4p83085327092_f12370_f21100_a0_dac1p25,K5AC,A,0,0.005,1,0,160,ac,0.0,0.0,0,1.25,0,4.916289990358626,4.830853270917888,40.0,2370.0,1100.0,,0,1029401.1084712852,1.7359687472943265e-05,11.659144011798558,13.261895604055933,24.84410913769945,0,2473621.9916389273,429.86283837727694,494.10268761418035,64.23984923690341,-48.978473347893406,-50.0,-2.0430533042131938,,,,,,,,,,,,,,,,,,,,,,,,,,,,,,,,,,,,0
s9_k5ac_a_s00_pos1_tap0_mc161_cpl0_rp4p98717834767_rn4p90662045163_f12370_f21100_a0_dac1p25,K5AC,A,0,0.005,1,0,161,ac,0.0,0.0,0,1.25,0,4.987178347672382,4.9066204516289975,40.0,2370.0,1100.0,,0,1009037.8478964095,0.00890384829032391,10232.929922808335,13.552836799135065,25.059831080593522,0,2473621.9916389273,434.6523465339992,494.68217573514323,60.029829201144025,-48.9358818578671,-50.0,-2.1282362842657943,,,,,,,,,,,,,,,,,,,,,,,,,,,,,,,,,,,,0
s9_k5ac_a_s00_pos1_tap0_mc162_cpl0_rp4p92572995358_rn4p92617839895_f12370_f21100_a0_dac1p25,K5AC,A,0,0.005,1,0,162,ac,0.0,0.0,0,1.25,0,4.925729953575903,4.926178398948278,40.0,2370.0,1100.0,,0,1026175.9258195028,0.006305819546389835,10311.772745931354,13.467504978070775,25.14463712025859,0,2473621.9916389273,431.1414714501787,498.8759001537647,67.73442870358599,-48.65879991021484,-50.0,-2.682400179570321,,,,,,,,,,,,,,,,,,,,,,,,,,,,,,,,,,,,0
s9_k5ac_a_s00_pos1_tap0_mc163_cpl0_rp4p84565866856_rn4p85953130541_f12370_f21100_a0_dac1p25,K5AC,A,0,0.005,1,0,163,ac,0.0,0.0,0,1.25,0,4.845658668562648,4.859531305409868,40.0,2370.0,1100.0,,0,1029057.6151127615,1.7187874043150092e-05,10.077048141361237,12.814797431303111,24.3448771039527,0,2473621.9916389273,425.9700413030039,482.0767081365208,56.1066668335169,-50.44538270767886,-50.0,0.8907654153577305,,,,,,,,,,,,,,,,,,,,,,,,,,,,,,,,,,,,0
s9_k5ac_a_s00_pos1_tap0_mc164_cpl0_rp4p90468991922_rn4p86306893025_f12370_f21100_a0_dac1p25,K5AC,A,0,0.005,1,0,164,ac,0.0,0.0,0,1.25,0,4.904689919223663,4.8630689302496535,40.0,2370.0,1100.0,,0,1034726.3424226937,0.0004619739454909359,7300.176045009326,13.288586637964087,24.99339892991474,0,2473621.9916389273,430.08211027522475,498.21625609833865,68.1341458231139,-49.26686779745333,-50.0,-1.4662644050933427,,,,,,,,,,,,,,,,,,,,,,,,,,,,,,,,,,,,0
s9_k5ac_a_s00_pos1_tap0_mc165_cpl0_rp4p89668701226_rn4p92646031675_f12370_f21100_a0_dac1p25,K5AC,A,0,0.005,1,0,165,ac,0.0,0.0,0,1.25,0,4.896687012261691,4.926460316752722,40.0,2370.0,1100.0,,0,1001628.0766956268,1.685668902178104e-05,8.381723563641772,13.790268816414093,25.391762606094396,0,2473621.9916389273,433.53181922644796,498.9240453371397,65.39222611069175,-48.60748978114889,-50.0,-2.7850204377022125,,,,,,,,,,,,,,,,,,,,,,,,,,,,,,,,,,,,0
s9_k5ac_a_s00_pos1_tap0_mc166_cpl0_rp4p96004529087_rn4p90829612998_f12370_f21100_a0_dac1p25,K5AC,A,0,0.005,1,0,166,ac,0.0,0.0,0,1.25,0,4.96004529086772,4.908296129984379,40.0,2370.0,1100.0,,0,1032941.9892345796,1.6809135247080914e-05,8.25404185268033,12.536797539019686,23.85615786238151,0,2473621.9916389273,419.9415353845805,474.59346286017706,54.65192747559655,-48.85126304956462,-50.0,-2.297473900870761,,,,,,,,,,,,,,,,,,,,,,,,,,,,,,,,,,,,0
s9_k5ac_a_s00_pos1_tap0_mc167_cpl0_rp4p98561720724_rn4p94842851895_f12370_f21100_a0_dac1p25,K5AC,A,0,0.005,1,0,167,ac,0.0,0.0,0,1.25,0,4.985617207244762,4.948428518954744,40.0,2370.0,1100.0,,0,982532.7228795923,1.7154249158413877e-05,10.232929922807742,14.450529719110484,26.188880810689344,0,2473621.9916389273,444.6081185625027,509.96176405982254,65.35364549731986,-50.230153433216245,-50.0,0.46030686643248053,,,,,,,,,,,,,,,,,,,,,,,,,,,,,,,,,,,,0
s9_k5ac_a_s00_pos1_tap0_mc168_cpl0_rp4p86230494424_rn4p88092825475_f12370_f21100_a0_dac1p25,K5AC,A,0,0.005,1,0,168,ac,0.0,0.0,0,1.25,0,4.862304944238102,4.880928254749572,40.0,2370.0,1100.0,,0,974956.9392073707,1.680884789926716e-05,8.643042860748515,13.95560533935498,25.419595028456037,0,2473621.9916389273,438.0592944063649,493.28998971466797,55.23069530830304,-48.6499282635636,-50.0,-2.7001434728727958,,,,,,,,,,,,,,,,,,,,,,,,,,,,,,,,,,,,0
s9_k5ac_a_s00_pos1_tap0_mc169_cpl0_rp4p92184606912_rn4p81788766396_f12370_f21100_a0_dac1p25,K5AC,A,0,0.005,1,0,169,ac,0.0,0.0,0,1.25,0,4.921846069117906,4.817887663955189,40.0,2370.0,1100.0,,0,991977.7074708813,1.7527549583232662e-05,14.677992676221027,13.47527253159859,24.832121710520394,0,2473621.9916389273,435.12086381420136,487.05986409499394,51.939000280792584,-50.415605899025714,-50.0,0.8312117980514344,,,,,,,,,,,,,,,,,,,,,,,,,,,,,,,,,,,,0
s9_k5ac_a_s00_pos1_tap0_mc16_cpl0_rp4p89606759492_rn4p92671988323_f12370_f21100_a0_dac1p25,K5AC,A,0,0.005,1,0,16,ac,0.0,0.0,0,1.25,0,4.896067594915554,4.926719883233981,40.0,2370.0,1100.0,,0,973536.3322417033,1.728162856803923e-05,10.96478196143207,13.759085973265016,25.213931319528044,0,2473621.9916389273,439.9310355204626,487.0167492673662,47.08571374690359,-49.45206051896894,-50.0,-1.0958789620621134,,,,,,,,,,,,,,,,,,,,,,,,,,,,,,,,,,,,0
s9_k5ac_a_s00_pos1_tap0_mc170_cpl0_rp4p87977769754_rn4p98540825275_f12370_f21100_a0_dac1p25,K5AC,A,0,0.005,1,0,170,ac,0.0,0.0,0,1.25,0,4.879777697541702,4.985408252745102,40.0,2370.0,1100.0,,0,934397.9030541898,0.010352902043568373,9261.187281288645,14.225392368735234,25.55464878318632,0,2473621.9916389273,451.2099986386494,484.7219707667982,33.51197212814884,-50.235101769775184,-50.0,0.4702035395503623,,,,,,,,,,,,,,,,,,,,,,,,,,,,,,,,,,,,0
s9_k5ac_a_s00_pos1_tap0_mc171_cpl0_rp4p91969495616_rn4p97384398985_f12370_f21100_a0_dac1p25,K5AC,A,0,0.005,1,0,171,ac,0.0,0.0,0,1.25,0,4.919694956157783,4.973843989846043,40.0,2370.0,1100.0,,0,1002759.2901781356,1.6914419185301204e-05,8.709635899560965,14.065374601146416,25.692673754319475,0,2473621.9916389273,435.5940367490631,507.9581946821951,72.36415793313199,-48.47568758176322,-50.0,-3.048624836473568,,,,,,,,,,,,,,,,,,,,,,,,,,,,,,,,,,,,0
s9_k5ac_a_s00_pos1_tap0_mc172_cpl0_rp4p98141126174_rn4p9373977353_f12370_f21100_a0_dac1p25,K5AC,A,0,0.005,1,0,172,ac,0.0,0.0,0,1.25,0,4.981411261740097,4.937397735303051,40.0,2370.0,1100.0,,0,986687.6642463015,1.7505317849073558e-05,13.910198687980836,13.744536271517122,25.361574763778027,0,2473621.9916389273,441.3202154527913,491.7654873217302,50.4452718689389,-48.425224274368965,-50.0,-3.149551451262067,,,,,,,,,,,,,,,,,,,,,,,,,,,,,,,,,,,,0
s9_k5ac_a_s00_pos1_tap0_mc173_cpl0_rp4p81635422291_rn4p8251161718_f12370_f21100_a0_dac1p25,K5AC,A,0,0.005,1,0,173,ac,0.0,0.0,0,1.25,0,4.816354222913955,4.825116171795079,40.0,2370.0,1100.0,,0,1048132.8677035453,0.0007163093841645532,7882.548774020808,13.159562134130963,24.799999122247627,0,2473621.9916389273,426.158458849326,499.340072105515,73.181613256189,-50.47211666448883,-50.0,0.9442333289776617,,,,,,,,,,,,,,,,,,,,,,,,,,,,,,,,,,,,0
s9_k5ac_a_s00_pos1_tap0_mc174_cpl0_rp4p81675841155_rn4p92438442468_f12370_f21100_a0_dac1p25,K5AC,A,0,0.005,1,0,174,ac,0.0,0.0,0,1.25,0,4.816758411547818,4.924384424679093,40.0,2370.0,1100.0,,0,989069.6122394196,1.6788021498113283e-05,8.381723563641772,14.045832817255485,25.571876470024524,0,2473621.9916389273,437.0005786307266,500.63148167913926,63.63090304841268,-49.03376334604457,-50.0,-1.9324733079108536,,,,,,,,,,,,,,,,,,,,,,,,,,,,,,,,,,,,0
s9_k5ac_a_s00_pos1_tap0_mc175_cpl0_rp4p90832979475_rn4p97211588636_f12370_f21100_a0_dac1p25,K5AC,A,0,0.005,1,0,175,ac,0.0,0.0,0,1.25,0,4.90832979475302,4.972115886361461,40.0,2370.0,1100.0,,0,1007551.9152252511,0.00119639689702825,7762.471166287502,14.06898807931555,25.719540269066965,0,2473621.9916389273,437.8727477541075,508.6499431675246,70.77719541341713,-49.73068353858437,-50.0,-0.5386329228312503,,,,,,,,,,,,,,,,,,,,,,,,,,,,,,,,,,,,0
s9_k5ac_a_s00_pos1_tap0_mc176_cpl0_rp4p85359236684_rn4p93257617059_f12370_f21100_a0_dac1p25,K5AC,A,0,0.005,1,0,176,ac,0.0,0.0,0,1.25,0,4.853592366840775,4.932576170591163,40.0,2370.0,1100.0,,0,989673.4067246747,1.6900348866846162e-05,8.844365191386158,14.207358259724534,25.87350995722757,0,2473621.9916389273,440.02173388334523,506.33935593079207,66.31762204744683,-50.08422123056192,-50.0,0.1684424611238411,,,,,,,,,,,,,,,,,,,,,,,,,,,,,,,,,,,,0
s9_k5ac_a_s00_pos1_tap0_mc177_cpl0_rp4p8775218094_rn4p8097902573_f12370_f21100_a0_dac1p25,K5AC,A,0,0.005,1,0,177,ac,0.0,0.0,0,1.25,0,4.87752180939829,4.809790257300452,40.0,2370.0,1100.0,,0,1000717.9379621053,1.697743723548103e-05,8.776742025360223,13.2689617852268,24.707847877864523,0,2473621.9916389273,431.168357043106,482.750083245062,51.58172620195597,-48.65916805516876,-50.0,-2.681663889662478,,,,,,,,,,,,,,,,,,,,,,,,,,,,,,,,,,,,0
s9_k5ac_a_s00_pos1_tap0_mc178_cpl0_rp4p90960633162_rn4p9032157808_f12370_f21100_a0_dac1p25,K5AC,A,0,0.005,1,0,178,ac,0.0,0.0,0,1.25,0,4.909606331621514,4.903215780799557,40.0,2370.0,1100.0,,0,999329.4590074187,1.718697793012442e-05,10.000000000000194,13.402295003410666,24.889796178441497,0,2473621.9916389273,432.85957726469854,486.864309546833,54.004732282134455,-49.08503151213863,-50.0,-1.8299369757227457,,,,,,,,,,,,,,,,,,,,,,,,,,,,,,,,,,,,0
s9_k5ac_a_s00_pos1_tap0_mc179_cpl0_rp4p91383832735_rn4p86687449907_f12370_f21100_a0_dac1p25,K5AC,A,0,0.005,1,0,179,ac,0.0,0.0,0,1.25,0,4.9138383273465065,4.866874499066905,40.0,2370.0,1100.0,,0,991662.2223300256,0.005646097907962143,8844.365191386672,13.89458681492263,25.615509003348205,0,2473621.9916389273,443.779302087958,498.61162827886614,54.832326190908134,-49.745755934895016,-50.0,-0.508488130209972,,,,,,,,,,,,,,,,,,,,,,,,,,,,,,,,,,,,0
s9_k5ac_a_s00_pos1_tap0_mc17_cpl0_rp4p88475723429_rn4p86389060167_f12370_f21100_a0_dac1p25,K5AC,A,0,0.005,1,0,17,ac,0.0,0.0,0,1.25,0,4.884757234291846,4.8638906016743055,40.0,2370.0,1100.0,,0,1012239.4927340421,1.712522009490072e-05,10.077048141361237,13.867558784934296,25.54197117922266,0,2473621.9916389273,435.40295993019924,505.5290693012396,70.12610937104034,-50.46893606271855,-50.0,0.9378721254371003,,,,,,,,,,,,,,,,,,,,,,,,,,,,,,,,,,,,0
s9_k5ac_a_s00_pos1_tap0_mc180_cpl0_rp4p85885219939_rn4p96182281801_f12370_f21100_a0_dac1p25,K5AC,A,0,0.005,1,0,180,ac,0.0,0.0,0,1.25,0,4.858852199389098,4.961822818012852,40.0,2370.0,1100.0,,0,1029239.335903414,1.677823445534735e-05,8.128305161641135,12.976653862020534,24.56124426759928,0,2473621.9916389273,424.44088376412947,486.56466206716556,62.12377830303609,-49.26250332598124,-50.0,-1.4749933480375121,,,,,,,,,,,,,,,,,,,,,,,,,,,,,,,,,,,,0
s9_k5ac_a_s00_pos1_tap0_mc181_cpl0_rp4p96329998946_rn4p93146062468_f12370_f21100_a0_dac1p25,K5AC,A,0,0.005,1,0,181,ac,0.0,0.0,0,1.25,0,4.963299989455141,4.93146062467727,40.0,2370.0,1100.0,,0,975064.2192352095,1.756495226380886e-05,14.565766155244907,14.221036918066227,25.877362895449984,0,2473621.9916389273,446.302415345887,499.2998299865339,52.997414640646866,-48.79154365744012,-50.0,-2.416912685119754,,,,,,,,,,,,,,,,,,,,,,,,,,,,,,,,,,,,0
s9_k5ac_a_s00_pos1_tap0_mc182_cpl0_rp4p86771770553_rn4p84743468837_f12370_f21100_a0_dac1p25,K5AC,A,0,0.005,1,0,182,ac,0.0,0.0,0,1.25,0,4.867717705528115,4.847434688365604,40.0,2370.0,1100.0,,0,949902.8351665393,1.7196433412230712e-05,9.923540961321196,13.952548073406028,25.478368124987455,0,2473621.9916389273,447.68714109943636,485.10859636626816,37.4214552668318,-50.620918676517675,-50.0,1.2418373530353577,,,,,,,,,,,,,,,,,,,,,,,,,,,,,,,,,,,,0
s9_k5ac_a_s00_pos1_tap0_mc183_cpl0_rp4p82243249354_rn4p83336115486_f12370_f21100_a0_dac1p25,K5AC,A,0,0.005,1,0,183,ac,0.0,0.0,0,1.25,0,4.82243249354455,4.8333611548629944,40.0,2370.0,1100.0,,0,1009504.3410778899,0.00885903837846202,10154.68992433159,13.558518493091082,25.253322564351315,0,2473621.9916389273,437.0702347117599,495.5724173206301,58.502182608870214,-49.48516322907358,-50.0,-1.029673541852849,,,,,,,,,,,,,,,,,,,,,,,,,,,,,,,,,,,,0
s9_k5ac_a_s00_pos1_tap0_mc184_cpl0_rp4p89408313222_rn4p85654131884_f12370_f21100_a0_dac1p25,K5AC,A,0,0.005,1,0,184,ac,0.0,0.0,0,1.25,0,4.894083132218432,4.856541318838992,40.0,2370.0,1100.0,,0,1003336.1257254533,0.0064725688488268,9772.372209558862,13.90909235271084,25.500290483483518,0,2473621.9916389273,437.1929718360434,501.0412871707842,63.84831533474079,-49.28701404526113,-50.0,-1.4259719094777412,,,,,,,,,,,,,,,,,,,,,,,,,,,,,,,,,,,,0
s9_k5ac_a_s00_pos1_tap0_mc185_cpl0_rp4p85219833639_rn4p84607428991_f12370_f21100_a0_dac1p25,K5AC,A,0,0.005,1,0,185,ac,0.0,0.0,0,1.25,0,4.8521983363916785,4.846074289911345,40.0,2370.0,1100.0,,0,1033039.357095353,1.6910247460730004e-05,8.844365191386158,12.894759945392263,24.463579788710256,0,2473621.9916389273,425.5085154281947,485.9358267675241,60.42731133932938,-50.59322694929369,-50.0,1.1864538985873807,,,,,,,,,,,,,,,,,,,,,,,,,,,,,,,,,,,,0
s9_k5ac_a_s00_pos1_tap0_mc186_cpl0_rp4p85131785258_rn4p8091446777_f12370_f21100_a0_dac1p25,K5AC,A,0,0.005,1,0,186,ac,0.0,0.0,0,1.25,0,4.851317852576308,4.8091446777017195,40.0,2370.0,1100.0,,0,981513.1164683842,0.00519671196232325,8844.365191386672,13.706098285658534,25.296449613461682,0,2473621.9916389273,441.48847781961314,489.5350032328131,48.04652541319996,-50.2460193219107,-50.0,0.49203864382141305,,,,,,,,,,,,,,,,,,,,,,,,,,,,,,,,,,,,0
s9_k5ac_a_s00_pos1_tap0_mc187_cpl0_rp4p90225376233_rn4p84471689686_f12370_f21100_a0_dac1p25,K5AC,A,0,0.005,1,0,187,ac,0.0,0.0,0,1.25,0,4.9022537623313465,4.844716896862485,40.0,2370.0,1100.0,,0,988389.4606980642,1.7203623994464197e-05,10.633265716371824,13.869588508068269,25.487880256952575,0,2473621.9916389273,441.59079931518215,496.5298174913675,54.93901817618536,-50.793018296223494,-50.0,1.5860365924469821,,,,,,,,,,,,,,,,,,,,,,,,,,,,,,,,,,,,0
s9_k5ac_a_s00_pos1_tap0_mc188_cpl0_rp4p88207619519_rn4p84145287485_f12370_f21100_a0_dac1p25,K5AC,A,0,0.005,1,0,188,ac,0.0,0.0,0,1.25,0,4.882076195192883,4.841452874846127,40.0,2370.0,1100.0,,0,1015272.0652027363,1.7086958665082145e-05,9.261187281288109,13.183375065655024,24.80133921641642,0,2473621.9916389273,430.82462860806817,487.64283203229667,56.8182034242285,-49.525567340384484,-50.0,-0.9488653192310292,,,,,,,,,,,,,,,,,,,,,,,,,,,,,,,,,,,,0
s9_k5ac_a_s00_pos1_tap0_mc189_cpl0_rp4p81624464285_rn4p98947815992_f12370_f21100_a0_dac1p25,K5AC,A,0,0.005,1,0,189,ac,0.0,0.0,0,1.25,0,4.816244642850169,4.989478159920619,40.0,2370.0,1100.0,,0,1031417.2997930021,1.7341381224122225e-05,12.397477630289705,12.932181264787156,24.27704452543739,0,2473621.9916389273,422.78805239106055,484.1100322107597,61.32197981969915,-48.91937179123413,-50.0,-2.161256417531743,,,,,,,,,,,,,,,,,,,,,,,,,,,,,,,,,,,,0
s9_k5ac_a_s00_pos1_tap0_mc18_cpl0_rp4p91672976817_rn4p80622671392_f12370_f21100_a0_dac1p25,K5AC,A,0,0.005,1,0,18,ac,0.0,0.0,0,1.25,0,4.916729768169673,4.806226713918411,40.0,2370.0,1100.0,,0,980791.092203316,0.008808012041220264,9772.372209558862,14.037207042620878,25.518904572947992,0,2473621.9916389273,442.11603306728955,497.22772428991084,55.11169122262129,-49.315320715857624,-50.0,-1.3693585682847509,,,,,,,,,,,,,,,,,,,,,,,,,,,,,,,,,,,,0
s9_k5ac_a_s00_pos1_tap0_mc190_cpl0_rp4p94637445265_rn4p93657142038_f12370_f21100_a0_dac1p25,K5AC,A,0,0.005,1,0,190,ac,0.0,0.0,0,1.25,0,4.946374452649898,4.93657142038477,40.0,2370.0,1100.0,,0,1007126.9691668747,1.7409170549509637e-05,13.698299792150001,14.129006663092316,25.775586263115702,0,2473621.9916389273,436.0810595175312,510.3302689910905,74.24920947355935,-48.91049507149806,-50.0,-2.1790098570038774,,,,,,,,,,,,,,,,,,,,,,,,,,,,,,,,,,,,0
s9_k5ac_a_s00_pos1_tap0_mc191_cpl0_rp4p84191333333_rn4p86339037845_f12370_f21100_a0_dac1p25,K5AC,A,0,0.005,1,0,191,ac,0.0,0.0,0,1.25,0,4.841913333328711,4.8633903784516175,40.0,2370.0,1100.0,,0,982688.4177211684,0.0031631125140445036,8254.04185268081,14.369283576293938,25.961535996840166,0,2473621.9916389273,444.7968490286537,506.81134461714356,62.014495588489865,-50.0389446072055,-50.0,0.07788921441100882,,,,,,,,,,,,,,,,,,,,,,,,,,,,,,,,,,,,0
s9_k5ac_a_s00_pos1_tap0_mc192_cpl0_rp4p82400982039_rn4p88129233143_f12370_f21100_a0_dac1p25,K5AC,A,0,0.005,1,0,192,ac,0.0,0.0,0,1.25,0,4.824009820385426,4.881292331429425,40.0,2370.0,1100.0,,0,1042849.2542555276,0.005675006103988578,10551.964788903226,13.241210461006299,24.914582102309247,0,2473621.9916389273,426.8746274134483,499.6405243435802,72.76589693013187,-48.959271890454175,-50.0,-2.0814562190916486,,,,,,,,,,,,,,,,,,,,,,,,,,,,,,,,,,,,0
s9_k5ac_a_s00_pos1_tap0_mc193_cpl0_rp4p86673991029_rn4p97276401967_f12370_f21100_a0_dac1p25,K5AC,A,0,0.005,1,0,193,ac,0.0,0.0,0,1.25,0,4.866739910285656,4.972764019673274,40.0,2370.0,1100.0,,0,1041787.3495061161,0.009003266643465287,11049.263568488455,12.739355444819973,24.252005597626518,0,2473621.9916389273,423.10264776533427,483.64483857866765,60.54219081333338,-48.49883398946822,-50.0,-3.0023320210635696,,,,,,,,,,,,,,,,,,,,,,,,,,,,,,,,,,,,0
s9_k5ac_a_s00_pos1_tap0_mc194_cpl0_rp4p93841997562_rn4p86384276844_f12370_f21100_a0_dac1p25,K5AC,A,0,0.005,1,0,194,ac,0.0,0.0,0,1.25,0,4.938419975617892,4.863842768439841,40.0,2370.0,1100.0,,0,1011747.2147310636,1.72506606975726e-05,10.880946292622482,13.236075828952174,24.72017387895801,0,2473621.9916389273,432.11735462631367,486.94053054815674,54.823175921843074,-50.05798245798948,-50.0,0.11596491597896108,,,,,,,,,,,,,,,,,,,,,,,,,,,,,,,,,,,,0
s9_k5ac_a_s00_pos1_tap0_mc195_cpl0_rp4p94423666829_rn4p98029972903_f12370_f21100_a0_dac1p25,K5AC,A,0,0.005,1,0,195,ac,0.0,0.0,0,1.25,0,4.944236668293492,4.980299729026487,40.0,2370.0,1100.0,,0,992885.6497404203,1.6952416656823535e-05,8.844365191386158,13.960887656594585,25.503378826248003,0,2473621.9916389273,439.25030942431124,499.4742144250914,60.22390500078018,-50.42923893166136,-50.0,0.8584778633227153,,,,,,,,,,,,,,,,,,,,,,,,,,,,,,,,,,,,0
s9_k5ac_a_s00_pos1_tap0_mc196_cpl0_rp4p92679538891_rn4p83357704076_f12370_f21100_a0_dac1p25,K5AC,A,0,0.005,1,0,196,ac,0.0,0.0,0,1.25,0,4.926795388905471,4.833577040762126,40.0,2370.0,1100.0,,0,998823.7322697341,1.6725364989588134e-05,8.128305161641135,13.143892747917612,24.650207412222894,0,2473621.9916389273,431.74268086771525,479.8452339641625,48.10255309644725,-49.32098777949554,-50.0,-1.3580244410089204,,,,,,,,,,,,,,,,,,,,,,,,,,,,,,,,,,,,0
s9_k5ac_a_s00_pos1_tap0_mc197_cpl0_rp4p94246238901_rn4p88478689993_f12370_f21100_a0_dac1p25,K5AC,A,0,0.005,1,0,197,ac,0.0,0.0,0,1.25,0,4.942462389006465,4.884786899925654,40.0,2370.0,1100.0,,0,1009266.0436311339,0.004210953534892255,8981.178609607632,13.47611854244894,24.975883112351486,0,2473621.9916389273,433.4560795423922,491.90573990638717,58.44966036399495,-48.86924179030022,-50.0,-2.2615164193995563,,,,,,,,,,,,,,,,,,,,,,,,,,,,,,,,,,,,0
s9_k5ac_a_s00_pos1_tap0_mc198_cpl0_rp4p91810594637_rn4p98941381651_f12370_f21100_a0_dac1p25,K5AC,A,0,0.005,1,0,198,ac,0.0,0.0,0,1.25,0,4.9181059463689305,4.989413816510473,40.0,2370.0,1100.0,,0,1032074.9556901935,1.6986986727987634e-05,9.332543007970086,12.901735713780687,24.466866586353945,0,2473621.9916389273,425.2713600070256,486.5273393524073,61.25597934538172,-49.96018991663546,-50.0,-0.07962016672908856,,,,,,,,,,,,,,,,,,,,,,,,,,,,,,,,,,,,0
s9_k5ac_a_s00_pos1_tap0_mc199_cpl0_rp4p83017342432_rn4p87618495362_f12370_f21100_a0_dac1p25,K5AC,A,0,0.005,1,0,199,ac,0.0,0.0,0,1.25,0,4.830173424324059,4.876184953622124,40.0,2370.0,1100.0,,0,996988.5144089635,1.7100619025292135e-05,9.476908045141773,14.074182899940416,25.746819904364433,0,2473621.9916389273,438.0597223205794,504.6476544949142,66.58793217433481,-49.69552540818966,-50.0,-0.6089491836206773,,,,,,,,,,,,,,,,,,,,,,,,,,,,,,,,,,,,0
s9_k5ac_a_s00_pos1_tap0_mc19_cpl0_rp4p86375349404_rn4p94352011247_f12370_f21100_a0_dac1p25,K5AC,A,0,0.005,1,0,19,ac,0.0,0.0,0,1.25,0,4.8637534940378595,4.943520112468119,40.0,2370.0,1100.0,,0,1032809.2698654135,1.7378135003131533e-05,12.492997891187597,13.628921529415667,25.270288421786354,0,2473621.9916389273,428.1737126356558,506.0913569270688,77.91764429141296,-49.16863977401455,-50.0,-1.6627204519709005,,,,,,,,,,,,,,,,,,,,,,,,,,,,,,,,,,,,0
s9_k5ac_a_s00_pos1_tap0_mc1_cpl0_rp4p87968282413_rn4p81765685527_f12370_f21100_a0_dac1p25,K5AC,A,0,0.005,1,0,1,ac,0.0,0.0,0,1.25,0,4.879682824126003,4.817656855272235,40.0,2370.0,1100.0,,0,993259.6055822491,0.006084940142504048,9623.506263981628,13.990609327807752,25.56979805599305,0,2473621.9916389273,439.1269272246718,500.5441083573624,61.41718113269059,-48.46855744094683,-50.0,-3.06288511810634,,,,,,,,,,,,,,,,,,,,,,,,,,,,,,,,,,,,0
s9_k5ac_a_s00_pos1_tap0_mc200_cpl0_rp4p87609300253_rn4p9245221704_f12370_f21100_a0_dac1p25,K5AC,A,0,0.005,1,0,200,ac,0.0,0.0,0,1.25,0,4.876093002533232,4.924522170397594,40.0,2370.0,1100.0,,0,978745.3460483875,1.7316284738663584e-05,11.659144011798558,13.88100642982234,25.390651850114626,0,2473621.9916389273,442.7092620464673,493.3190779087881,50.60981586232077,-50.32779366387964,-50.0,0.6555873277592772,,,,,,,,,,,,,,,,,,,,,,,,,,,,,,,,,,,,0
s9_k5ac_a_s00_pos1_tap0_mc201_cpl0_rp4p90836585454_rn4p99134886186_f12370_f21100_a0_dac1p25,K5AC,A,0,0.005,1,0,201,ac,0.0,0.0,0,1.25,0,4.908365854541344,4.991348861856531,40.0,2370.0,1100.0,,0,924775.7159545855,1.7294908136999947e-05,10.471285480509202,14.327526054636472,25.660716022590567,0,2473621.9916389273,451.8845668649053,483.96385064282083,32.07928377791552,-50.267478130591655,-50.0,0.534956261183317,,,,,,,,,,,,,,,,,,,,,,,,,,,,,,,,,,,,0
s9_k5ac_a_s00_pos1_tap0_mc202_cpl0_rp4p87329785859_rn4p97684612666_f12370_f21100_a0_dac1p25,K5AC,A,0,0.005,1,0,202,ac,0.0,0.0,0,1.25,0,4.873297858592152,4.976846126657074,40.0,2370.0,1100.0,,0,1020210.7534158671,1.699600344217292e-05,8.91250938133762,13.5616247203864,25.194540511900275,0,2473621.9916389273,431.6863744390116,499.07113898557674,67.38476454656512,-48.436128748070594,-50.0,-3.1277425038588103,,,,,,,,,,,,,,,,,,,,,,,,,,,,,,,,,,,,0
s9_k5ac_a_s00_pos1_tap0_mc203_cpl0_rp4p94803093471_rn4p82992067818_f12370_f21100_a0_dac1p25,K5AC,A,0,0.005,1,0,203,ac,0.0,0.0,0,1.25,0,4.9480309347144935,4.829920678184828,40.0,2370.0,1100.0,,0,1018574.6185451071,1.7209960521763222e-05,10.311772745930755,13.946522728319641,25.57592983118786,0,2473621.9916389273,432.6117387628073,509.08221929311566,76.47048053030835,-49.537654052530215,-50.0,-0.9246918949395666,,,,,,,,,,,,,,,,,,,,,,,,,,,,,,,,,,,,0
s9_k5ac_a_s00_pos1_tap0_mc204_cpl0_rp4p93387894829_rn4p82433507688_f12370_f21100_a0_dac1p25,K5AC,A,0,0.005,1,0,204,ac,0.0,0.0,0,1.25,0,4.933878948293206,4.824335076880513,40.0,2370.0,1100.0,,0,1008954.96941685,1.7104955244427217e-05,9.261187281288109,13.802329091367097,25.3186225608849,0,2473621.9916389273,432.043155460405,501.7421844275834,69.69902896717844,-48.613564131272724,-50.0,-2.772871737454552,,,,,,,,,,,,,,,,,,,,,,,,,,,,,,,,,,,,0
s9_k5ac_a_s00_pos1_tap0_mc205_cpl0_rp4p99208266475_rn4p98908573222_f12370_f21100_a0_dac1p25,K5AC,A,0,0.005,1,0,205,ac,0.0,0.0,0,1.25,0,4.992082664746407,4.9890857322176,40.0,2370.0,1100.0,,0,1008576.6966817608,0.0028032278136234635,8776.742025360732,13.627208725721479,25.20512186932327,0,2473621.9916389273,434.16753732201767,497.0004566016378,62.832919279620114,-49.20187200993333,-50.0,-1.596255980133332,,,,,,,,,,,,,,,,,,,,,,,,,,,,,,,,,,,,0
s9_k5ac_a_s00_pos1_tap0_mc206_cpl0_rp4p87119070211_rn4p99012623424_f12370_f21100_a0_dac1p25,K5AC,A,0,0.005,1,0,206,ac,0.0,0.0,0,1.25,0,4.871190702106201,4.990126234243969,40.0,2370.0,1100.0,,0,949925.3912469132,1.705504325725667e-05,9.261187281288109,14.441696654250226,25.99405249877137,0,2473621.9916389273,448.8199334003705,495.9925097044458,47.172576304075335,-48.911122250781816,-50.0,-2.1777554984363734,,,,,,,,,,,,,,,,,,,,,,,,,,,,,,,,,,,,0
s9_k5ac_a_s00_pos1_tap0_mc207_cpl0_rp4p99053952676_rn4p82050546785_f12370_f21100_a0_dac1p25,K5AC,A,0,0.005,1,0,207,ac,0.0,0.0,0,1.25,0,4.990539526757092,4.8205054678513175,40.0,2370.0,1100.0,,0,1009712.9645387459,1.7364830622201952e-05,12.58925411794194,13.210628526748817,24.743099836064797,0,2473621.9916389273,433.2591268052868,484.81383270889944,51.554705903612614,-49.73079046332279,-50.0,-0.5384190733544236,,,,,,,,,,,,,,,,,,,,,,,,,,,,,,,,,,,,0
s9_k5ac_a_s00_pos1_tap0_mc208_cpl0_rp4p82338440834_rn4p98424448028_f12370_f21100_a0_dac1p25,K5AC,A,0,0.005,1,0,208,ac,0.0,0.0,0,1.25,0,4.823384408343893,4.984244480282307,40.0,2370.0,1100.0,,0,980791.5460145125,1.7234603691587115e-05,10.633265716371824,13.829429892380364,25.44237986809524,0,2473621.9916389273,441.465404213328,491.7667946933877,50.301390480059695,-49.320828964412236,-50.0,-1.3583420711755334,,,,,,,,,,,,,,,,,,,,,,,,,,,,,,,,,,,,0
s9_k5ac_a_s00_pos1_tap0_mc209_cpl0_rp4p9975563268_rn4p88046750345_f12370_f21100_a0_dac1p25,K5AC,A,0,0.005,1,0,209,ac,0.0,0.0,0,1.25,0,4.9975563268025445,4.880467503451389,40.0,2370.0,1100.0,,0,1009561.7540166319,0.007787633610813971,11049.263568488455,13.997873485150317,25.511544340597712,0,2473621.9916389273,434.5202303778764,507.5866432569008,73.06641287902443,-49.97783938882593,-50.0,-0.04432122234814262,,,,,,,,,,,,,,,,,,,,,,,,,,,,,,,,,,,,0
s9_k5ac_a_s00_pos1_tap0_mc20_cpl0_rp4p96286065434_rn4p94707300674_f12370_f21100_a0_dac1p25,K5AC,A,0,0.005,1,0,20,ac,0.0,0.0,0,1.25,0,4.9628606543405684,4.94707300674488,40.0,2370.0,1100.0,,0,950676.2722542175,0.00436704521280975,8381.723563642257,14.425335007630558,25.961458512441176,0,2473621.9916389273,451.2328223982417,496.248943353304,45.01612095506232,-50.17006671843603,-50.0,0.34013343687206987,,,,,,,,,,,,,,,,,,,,,,,,,,,,,,,,,,,,0
s9_k5ac_a_s00_pos1_tap0_mc210_cpl0_rp4p9688588778_rn4p91437653172_f12370_f21100_a0_dac1p25,K5AC,A,0,0.005,1,0,210,ac,0.0,0.0,0,1.25,0,4.968858877800824,4.9143765317209285,40.0,2370.0,1100.0,,0,1071758.2108221808,0.008505373983217235,11748.97554939622,12.688017980828251,24.42743335201609,0,2473621.9916389273,420.0003706701823,495.53134268926306,75.53097201908076,-49.887561033656134,-50.0,-0.22487793268772815,,,,,,,,,,,,,,,,,,,,,,,,,,,,,,,,,,,,0
s9_k5ac_a_s00_pos1_tap0_mc211_cpl0_rp4p96709753257_rn4p91084455633_f12370_f21100_a0_dac1p25,K5AC,A,0,0.005,1,0,211,ac,0.0,0.0,0,1.25,0,4.967097532565387,4.910844556333429,40.0,2370.0,1100.0,,0,1009067.3368596546,0.005824899973755671,9476.908045142321,13.249206053726455,24.74194575762177,0,2473621.9916389273,431.61610511783385,485.7218440258382,54.105738908004355,-49.889442555597924,-50.0,-0.22111488880415253,,,,,,,,,,,,,,,,,,,,,,,,,,,,,,,,,,,,0
s9_k5ac_a_s00_pos1_tap0_mc212_cpl0_rp4p8300395484_rn4p99760949024_f12370_f21100_a0_dac1p25,K5AC,A,0,0.005,1,0,212,ac,0.0,0.0,0,1.25,0,4.830039548397559,4.99760949023594,40.0,2370.0,1100.0,,0,1011116.1700670893,1.7388370198156547e-05,12.98175275049877,13.020451717281814,24.393659575963273,0,2473621.9916389273,428.9229253804511,479.83163998055767,50.90871460010658,-48.43981097676239,-50.0,-3.120378046475225,,,,,,,,,,,,,,,,,,,,,,,,,,,,,,,,,,,,0
s9_k5ac_a_s00_pos1_tap0_mc213_cpl0_rp4p99178545096_rn4p87438824931_f12370_f21100_a0_dac1p25,K5AC,A,0,0.005,1,0,213,ac,0.0,0.0,0,1.25,0,4.991785450964725,4.874388249309158,40.0,2370.0,1100.0,,0,1042276.381743051,1.6966535002465567e-05,8.643042860748515,12.7656654966593,24.19578108299514,0,2473621.9916389273,420.57946153051597,483.96352392271984,63.38406239220387,-49.7071093178908,-50.0,-0.5857813642184073,,,,,,,,,,,,,,,,,,,,,,,,,,,,,,,,,,,,0
s9_k5ac_a_s00_pos1_tap0_mc214_cpl0_rp4p94597574195_rn4p83648419083_f12370_f21100_a0_dac1p25,K5AC,A,0,0.005,1,0,214,ac,0.0,0.0,0,1.25,0,4.945975741946487,4.836484190833586,40.0,2370.0,1100.0,,0,945021.7275921518,0.006075195875140751,8446.303185840326,14.238032488211267,25.73248177907927,0,2473621.9916389273,451.0763943136719,489.7788431893478,38.702448875675884,-49.17174865148729,-50.0,-1.6565026970254193,,,,,,,,,,,,,,,,,,,,,,,,,,,,,,,,,,,,0
s9_k5ac_a_s00_pos1_tap0_mc215_cpl0_rp4p8838776552_rn4p8125330308_f12370_f21100_a0_dac1p25,K5AC,A,0,0.005,1,0,215,ac,0.0,0.0,0,1.25,0,4.883877655199192,4.812533030802979,40.0,2370.0,1100.0,,0,1006049.3838258096,0.0007766129410771263,7300.176045009326,13.69660078621675,25.346197588811467,0,2473621.9916389273,436.8627436331877,497.52711394794704,60.66437031475937,-49.325329806510716,-50.0,-1.3493403869785703,,,,,,,,,,,,,,,,,,,,,,,,,,,,,,,,,,,,0
s9_k5ac_a_s00_pos1_tap0_mc216_cpl0_rp4p92934161604_rn4p86046879292_f12370_f21100_a0_dac1p25,K5AC,A,0,0.005,1,0,216,ac,0.0,0.0,0,1.25,0,4.92934161604249,4.8604687929204635,40.0,2370.0,1100.0,,0,989486.7656977358,1.676222623950686e-05,8.066156921766275,13.50227847742921,24.92433338271273,0,2473621.9916389273,433.2071381245653,485.34995620288197,52.14281807831668,-50.252632261469294,-50.0,0.5052645229385977,,,,,,,,,,,,,,,,,,,,,,,,,,,,,,,,,,,,0
s9_k5ac_a_s00_pos1_tap0_mc217_cpl0_rp4p99303909397_rn4p9377031678_f12370_f21100_a0_dac1p25,K5AC,A,0,0.005,1,0,217,ac,0.0,0.0,0,1.25,0,4.993039093967263,4.937703167795284,40.0,2370.0,1100.0,,0,1044440.0500070222,0.008425557613274366,10633.265716372442,13.274022730806884,24.912318437920607,0,2473621.9916389273,428.26354793848094,500.9419530119946,72.67840507351366,-49.31831750359411,-50.0,-1.3633649928117775,,,,,,,,,,,,,,,,,,,,,,,,,,,,,,,,,,,,0
s9_k5ac_a_s00_pos1_tap0_mc218_cpl0_rp4p89757233022_rn4p89017495296_f12370_f21100_a0_dac1p25,K5AC,A,0,0.005,1,0,218,ac,0.0,0.0,0,1.25,0,4.897572330219129,4.890174952963784,40.0,2370.0,1100.0,,0,952918.4934175112,0.001646779334485028,7079.457843841907,14.08334686643653,25.51906410546109,0,2473621.9916389273,447.6557474683606,487.82517072742115,40.16942325906058,-50.164731541536,-50.0,0.32946308307200134,,,,,,,,,,,,,,,,,,,,,,,,,,,,,,,,,,,,0
s9_k5ac_a_s00_pos1_tap0_mc219_cpl0_rp4p86955742959_rn4p98260407532_f12370_f21100_a0_dac1p25,K5AC,A,0,0.005,1,0,219,ac,0.0,0.0,0,1.25,0,4.8695574295933435,4.982604075316092,40.0,2370.0,1100.0,,0,979819.4285086563,0.005276278672484785,9190.3771336333,14.395016025326479,26.113996175724473,0,2473621.9916389273,447.9148355900856,507.22457780377295,59.30974221368734,-49.84159601008149,-50.0,-0.31680797983701936,,,,,,,,,,,,,,,,,,,,,,,,,,,,,,,,,,,,0
s9_k5ac_a_s00_pos1_tap0_mc21_cpl0_rp4p88893683381_rn4p85239743988_f12370_f21100_a0_dac1p25,K5AC,A,0,0.005,1,0,21,ac,0.0,0.0,0,1.25,0,4.888936833814934,4.852397439877141,40.0,2370.0,1100.0,,0,976672.2135527448,0.0004693945463675776,6309.573444802397,13.66136393961854,25.162789296415728,0,2473621.9916389273,442.63122646608264,486.1739615169188,43.54273505083614,-49.11443956186949,-50.0,-1.771120876261023,,,,,,,,,,,,,,,,,,,,,,,,,,,,,,,,,,,,0
s9_k5ac_a_s00_pos1_tap0_mc220_cpl0_rp4p9747860182_rn4p84823286829_f12370_f21100_a0_dac1p25,K5AC,A,0,0.005,1,0,220,ac,0.0,0.0,0,1.25,0,4.974786018204106,4.848232868289286,40.0,2370.0,1100.0,,0,1041905.5933995394,0.0060770723507139225,10633.265716372442,13.099113885624433,24.648444599223623,0,2473621.9916389273,424.523896840035,494.30075732320887,69.77686048317389,-48.632291321312486,-50.0,-2.735417357375025,,,,,,,,,,,,,,,,,,,,,,,,,,,,,,,,,,,,0
s9_k5ac_a_s00_pos1_tap0_mc221_cpl0_rp4p95709132515_rn4p9533377626_f12370_f21100_a0_dac1p25,K5AC,A,0,0.005,1,0,221,ac,0.0,0.0,0,1.25,0,4.957091325146115,4.953337762595706,40.0,2370.0,1100.0,,0,1055993.752831876,0.007269133724601256,10880.946292623114,12.695507818773832,24.17977163941505,0,2473621.9916389273,420.2906590357932,487.95718780110434,67.66652876531111,-49.29727042449338,-50.0,-1.4054591510132441,,,,,,,,,,,,,,,,,,,,,,,,,,,,,,,,,,,,0
s9_k5ac_a_s00_pos1_tap0_mc222_cpl0_rp4p95820886116_rn4p82531137377_f12370_f21100_a0_dac1p25,K5AC,A,0,0.005,1,0,222,ac,0.0,0.0,0,1.25,0,4.958208861157256,4.825311373766492,40.0,2370.0,1100.0,,0,993797.6871685185,1.72354796232027e-05,10.96478196143207,13.52203791897587,24.924124400128516,0,2473621.9916389273,434.2257282990113,487.8355774605229,53.60984916151165,-48.89476101812243,-50.0,-2.210477963755142,,,,,,,,,,,,,,,,,,,,,,,,,,,,,,,,,,,,0
s9_k5ac_a_s00_pos1_tap0_mc223_cpl0_rp4p97843931178_rn4p82159454777_f12370_f21100_a0_dac1p25,K5AC,A,0,0.005,1,0,223,ac,0.0,0.0,0,1.25,0,4.978439311778949,4.821594547770245,40.0,2370.0,1100.0,,0,1049529.3587894463,0.0025950859120055045,9050.376921517814,13.18670472091959,24.911745860291713,0,2473621.9916389273,425.5908506558062,499.9554491528407,74.36459849703448,-48.69809893998875,-50.0,-2.6038021200224915,,,,,,,,,,,,,,,,,,,,,,,,,,,,,,,,,,,,0
s9_k5ac_a_s00_pos1_tap0_mc224_cpl0_rp4p82657894055_rn4p93307495497_f12370_f21100_a0_dac1p25,K5AC,A,0,0.005,1,0,224,ac,0.0,0.0,0,1.25,0,4.82657894054647,4.933074954973275,40.0,2370.0,1100.0,,0,968277.5753421647,0.010012501661334288,9549.925860215095,13.64204247388196,25.01297282159255,0,2473621.9916389273,441.12635638781427,481.48971514992616,40.363358762111886,-49.339779716982584,-50.0,-1.3204405660348306,,,,,,,,,,,,,,,,,,,,,,,,,,,,,,,,,,,,0
s9_k5ac_a_s00_pos1_tap0_mc225_cpl0_rp4p91033180571_rn4p92327324586_f12370_f21100_a0_dac1p25,K5AC,A,0,0.005,1,0,225,ac,0.0,0.0,0,1.25,0,4.910331805710256,4.923273245855662,40.0,2370.0,1100.0,,0,975486.9549432158,0.003448834239914603,8004.483861359523,13.706295667278214,25.20941610323133,0,2473621.9916389273,443.4056574036463,486.70167293291286,43.29601552926658,-48.411105814712315,-50.0,-3.177788370575374,,,,,,,,,,,,,,,,,,,,,,,,,,,,,,,,,,,,0
s9_k5ac_a_s00_pos1_tap0_mc226_cpl0_rp4p96173419505_rn4p95577109073_f12370_f21100_a0_dac1p25,K5AC,A,0,0.005,1,0,226,ac,0.0,0.0,0,1.25,0,4.961734195045354,4.955771090734503,40.0,2370.0,1100.0,,0,1007483.0181976588,1.7586889892034113e-05,14.565766155244907,14.034357905094732,25.69403453284917,0,2473621.9916389273,437.7165849765198,508.67622474784713,70.95963977132732,-49.596621072732944,-50.0,-0.8067578545341125,,,,,,,,,,,,,,,,,,,,,,,,,,,,,,,,,,,,0
s9_k5ac_a_s00_pos1_tap0_mc227_cpl0_rp4p86653885895_rn4p97235310029_f12370_f21100_a0_dac1p25,K5AC,A,0,0.005,1,0,227,ac,0.0,0.0,0,1.25,0,4.866538858950978,4.9723531002915,40.0,2370.0,1100.0,,0,1010503.8471437478,1.7283624885858516e-05,10.880946292622482,13.933436925431181,25.811475272808146,0,2473621.9916389273,440.3037076575363,507.3774583133621,67.07375065582585,-49.891002560168054,-50.0,-0.2179948796638964,,,,,,,,,,,,,,,,,,,,,,,,,,,,,,,,,,,,0
s9_k5ac_a_s00_pos1_tap0_mc228_cpl0_rp4p96348419926_rn4p99125268425_f12370_f21100_a0_dac1p25,K5AC,A,0,0.005,1,0,228,ac,0.0,0.0,0,1.25,0,4.9634841992590335,4.991252684245683,40.0,2370.0,1100.0,,0,1012847.4004492391,0.0025072178325654757,7882.548774020808,13.104605298941365,24.5423549847859,0,2473621.9916389273,430.90674189298977,483.3289194792128,52.42217758622303,-49.65477697740022,-50.0,-0.6904460451995664,,,,,,,,,,,,,,,,,,,,,,,,,,,,,,,,,,,,0
s9_k5ac_a_s00_pos1_tap0_mc229_cpl0_rp4p91253212238_rn4p85189192822_f12370_f21100_a0_dac1p25,K5AC,A,0,0.005,1,0,229,ac,0.0,0.0,0,1.25,0,4.9125321223795915,4.851891928216548,40.0,2370.0,1100.0,,0,1023358.9291787399,1.7031013953441057e-05,8.776742025360223,12.941796730870301,24.29988744252247,0,2473621.9916389273,423.9581493608972,482.82077742058846,58.86262805969125,-50.14731755005308,-50.0,0.29463510010616645,,,,,,,,,,,,,,,,,,,,,,,,,,,,,,,,,,,,0
s9_k5ac_a_s00_pos1_tap0_mc22_cpl0_rp4p92425147698_rn4p80676320219_f12370_f21100_a0_dac1p25,K5AC,A,0,0.005,1,0,22,ac,0.0,0.0,0,1.25,0,4.924251476982826,4.80676320218761,40.0,2370.0,1100.0,,0,1011113.9235409155,1.743174616239928e-05,13.803842646029153,13.436715415669875,24.962538384665315,0,2473621.9916389273,431.09837881633376,491.23258623144403,60.13420741511027,-49.09906055763642,-50.0,-1.8018788847271594,,,,,,,,,,,,,,,,,,,,,,,,,,,,,,,,,,,,0
s9_k5ac_a_s00_pos1_tap0_mc230_cpl0_rp4p94158449776_rn4p93388173557_f12370_f21100_a0_dac1p25,K5AC,A,0,0.005,1,0,230,ac,0.0,0.0,0,1.25,0,4.941584497758334,4.933881735571261,40.0,2370.0,1100.0,,0,1012118.0797238438,0.0017737846710357726,7585.775750292407,13.511634370630667,25.09727604794497,0,2473621.9916389273,436.27259857970284,495.1107423707865,58.83814379108367,-50.019632622715264,-50.0,0.03926524543051979,,,,,,,,,,,,,,,,,,,,,,,,,,,,,,,,,,,,0
s9_k5ac_a_s00_pos1_tap0_mc231_cpl0_rp4p84593088809_rn4p89252190322_f12370_f21100_a0_dac1p25,K5AC,A,0,0.005,1,0,231,ac,0.0,0.0,0,1.25,0,4.8459308880914875,4.892521903217098,40.0,2370.0,1100.0,,0,1033795.4502858749,0.0018522613291612764,8576.958985909594,13.26259829889643,24.736072839685942,0,2473621.9916389273,425.6768326412266,495.8580036582386,70.18117101701199,-49.542439861991284,-50.0,-0.9151202760174337,,,,,,,,,,,,,,,,,,,,,,,,,,,,,,,,,,,,0
s9_k5ac_a_s00_pos1_tap0_mc232_cpl0_rp4p91884978598_rn4p84125086367_f12370_f21100_a0_dac1p25,K5AC,A,0,0.005,1,0,232,ac,0.0,0.0,0,1.25,0,4.918849785980269,4.841250863673151,40.0,2370.0,1100.0,,0,996312.9056650847,1.7284422921180074e-05,10.311772745930755,13.004008216451076,24.33901647741234,0,2473621.9916389273,432.3145239605586,475.0086911548224,42.6941671942638,-49.167209113168305,-50.0,-1.6655817736633938,,,,,,,,,,,,,,,,,,,,,,,,,,,,,,,,,,,,0
s9_k5ac_a_s00_pos1_tap0_mc233_cpl0_rp4p90482749968_rn4p978777546_f12370_f21100_a0_dac1p25,K5AC,A,0,0.005,1,0,233,ac,0.0,0.0,0,1.25,0,4.904827499680167,4.978777546003827,40.0,2370.0,1100.0,,0,1024552.4921306707,0.0006818563692185824,7413.10241300973,12.95327192149316,24.31524920155965,0,2473621.9916389273,426.04559449561236,482.80044443306696,56.754849937454594,-48.66431945639859,-50.0,-2.671361087202828,,,,,,,,,,,,,,,,,,,,,,,,,,,,,,,,,,,,0
s9_k5ac_a_s00_pos1_tap0_mc234_cpl0_rp4p94911058996_rn4p81410277629_f12370_f21100_a0_dac1p25,K5AC,A,0,0.005,1,0,234,ac,0.0,0.0,0,1.25,0,4.949110589958199,4.814102776289683,40.0,2370.0,1100.0,,0,1021352.0989453299,0.002586041502985338,8317.63771102734,13.659477006273502,25.426166124463755,0,2473621.9916389273,435.87164985647854,503.01122932960345,67.13957947312491,-49.34026261709367,-50.0,-1.319474765812656,,,,,,,,,,,,,,,,,,,,,,,,,,,,,,,,,,,,0
s9_k5ac_a_s00_pos1_tap0_mc235_cpl0_rp4p9153709398_rn4p90964172791_f12370_f21100_a0_dac1p25,K5AC,A,0,0.005,1,0,235,ac,0.0,0.0,0,1.25,0,4.915370939804115,4.909641727913646,40.0,2370.0,1100.0,,0,975880.7575352462,1.701143650680679e-05,9.190377133632765,14.125433942714956,25.633529253686426,0,2473621.9916389273,441.3533572084072,497.7279712565835,56.374614048176284,-49.420338060659624,-50.0,-1.1593238786807514,,,,,,,,,,,,,,,,,,,,,,,,,,,,,,,,,,,,0
s9_k5ac_a_s00_pos1_tap0_mc236_cpl0_rp4p94951352822_rn4p89532038323_f12370_f21100_a0_dac1p25,K5AC,A,0,0.005,1,0,236,ac,0.0,0.0,0,1.25,0,4.949513528216103,4.895320383234305,40.0,2370.0,1100.0,,0,1001654.7045150065,1.71575799138321e-05,10.232929922807742,13.993178207483107,25.812502428226207,0,2473621.9916389273,441.20380034975636,505.36844703276944,64.16464668301307,-50.21366645466266,-50.0,0.42733290932530643,,,,,,,,,,,,,,,,,,,,,,,,,,,,,,,,,,,,0
s9_k5ac_a_s00_pos1_tap0_mc237_cpl0_rp4p93173514821_rn4p92000156183_f12370_f21100_a0_dac1p25,K5AC,A,0,0.005,1,0,237,ac,0.0,0.0,0,1.25,0,4.931735148212523,4.920001561829357,40.0,2370.0,1100.0,,0,1045913.7150915647,0.007585984940818545,10797.75162327794,13.35022800991507,24.94469689688755,0,2473621.9916389273,426.85574204372625,503.0517430352254,76.19600099149915,-49.89111691758304,-50.0,-0.2177661648339213,,,,,,,,,,,,,,,,,,,,,,,,,,,,,,,,,,,,0
s9_k5ac_a_s00_pos1_tap0_mc238_cpl0_rp4p88963276925_rn4p85821760049_f12370_f21100_a0_dac1p25,K5AC,A,0,0.005,1,0,238,ac,0.0,0.0,0,1.25,0,4.889632769247549,4.85821760048949,40.0,2370.0,1100.0,,0,1022338.9524539992,0.006777797428271994,9549.925860215095,13.317985573213305,24.782075986049414,0,2473621.9916389273,430.46966847397425,492.37835883713046,61.90869036315621,-50.569524830804376,-50.0,1.1390496616087598,,,,,,,,,,,,,,,,,,,,,,,,,,,,,,,,,,,,0
s9_k5ac_a_s00_pos1_tap0_mc239_cpl0_rp4p94176165779_rn4p9259712967_f12370_f21100_a0_dac1p25,K5AC,A,0,0.005,1,0,239,ac,0.0,0.0,0,1.25,0,4.94176165779403,4.925971296700741,40.0,2370.0,1100.0,,0,984590.9814370968,1.7404708887203635e-05,13.910198687980836,13.83283896659712,25.358121074566746,0,2473621.9916389273,440.15799893358695,492.36512977578536,52.20713084219841,-49.305156366263205,-50.0,-1.3896872674735938,,,,,,,,,,,,,,,,,,,,,,,,,,,,,,,,,,,,0
s9_k5ac_a_s00_pos1_tap0_mc23_cpl0_rp4p9897299409_rn4p99451175924_f12370_f21100_a0_dac1p25,K5AC,A,0,0.005,1,0,23,ac,0.0,0.0,0,1.25,0,4.989729940895217,4.994511759235949,40.0,2370.0,1100.0,,0,993127.2044917006,1.7465214655604492e-05,13.593563908785555,14.108629073111276,25.745763883846536,0,2473621.9916389273,440.24385685418645,502.60785640253056,62.36399954834411,-48.65070758970585,-50.0,-2.69858482058829,,,,,,,,,,,,,,,,,,,,,,,,,,,,,,,,,,,,0
s9_k5ac_a_s00_pos1_tap0_mc240_cpl0_rp4p97652967904_rn4p85595368377_f12370_f21100_a0_dac1p25,K5AC,A,0,0.005,1,0,240,ac,0.0,0.0,0,1.25,0,4.976529679038606,4.855953683770988,40.0,2370.0,1100.0,,0,979909.9029607676,1.7279827007335838e-05,10.715193052376279,14.169824746114166,25.786340946368497,0,2473621.9916389273,444.5285982572315,501.0875048482202,56.55890659098867,-49.20029343441476,-50.0,-1.5994131311704796,,,,,,,,,,,,,,,,,,,,,,,,,,,,,,,,,,,,0
s9_k5ac_a_s00_pos1_tap0_mc241_cpl0_rp4p99714199044_rn4p97460890294_f12370_f21100_a0_dac1p25,K5AC,A,0,0.005,1,0,241,ac,0.0,0.0,0,1.25,0,4.997141990437619,4.974608902935586,40.0,2370.0,1100.0,,0,1033545.9423945957,0.0002695695537933993,7413.10241300973,12.895757377889616,24.452984554904443,0,2473621.9916389273,426.32295608048366,486.2194179463604,59.896461865876745,-49.35920109248051,-50.0,-1.2815978150389817,,,,,,,,,,,,,,,,,,,,,,,,,,,,,,,,,,,,0
s9_k5ac_a_s00_pos1_tap0_mc242_cpl0_rp4p96365611923_rn4p81610003039_f12370_f21100_a0_dac1p25,K5AC,A,0,0.005,1,0,242,ac,0.0,0.0,0,1.25,0,4.963656119225819,4.816100030390195,40.0,2370.0,1100.0,,0,1014209.1094235425,0.003467981655325362,8511.380382024412,13.176535292415945,24.558432086416918,0,2473621.9916389273,428.83724593514165,484.8285830973546,55.99133716221297,-49.2582637201679,-50.0,-1.4834725596641896,,,,,,,,,,,,,,,,,,,,,,,,,,,,,,,,,,,,0
s9_k5ac_a_s00_pos1_tap0_mc243_cpl0_rp4p93636149461_rn4p88398417069_f12370_f21100_a0_dac1p25,K5AC,A,0,0.005,1,0,243,ac,0.0,0.0,0,1.25,0,4.936361494608106,4.883984170689021,40.0,2370.0,1100.0,,0,962512.1062567303,1.6920433909647888e-05,8.381723563641772,14.399659393081903,25.950862414060982,0,2473621.9916389273,445.02975269332387,500.00949673804774,54.97974404472387,-49.52750894020405,-50.0,-0.9449821195918973,,,,,,,,,,,,,,,,,,,,,,,,,,,,,,,,,,,,0
s9_k5ac_a_s00_pos1_tap0_mc244_cpl0_rp4p92283608296_rn4p91456992577_f12370_f21100_a0_dac1p25,K5AC,A,0,0.005,1,0,244,ac,0.0,0.0,0,1.25,0,4.922836082955919,4.91456992576517,40.0,2370.0,1100.0,,0,968033.555674333,0.0007202115541685751,6358.187535472698,14.052048274701837,25.711157004086612,0,2473621.9916389273,447.6632147292197,494.0400617553084,46.37684702608868,-49.57398699051337,-50.0,-0.852026018973262,,,,,,,,,,,,,,,,,,,,,,,,,,,,,,,,,,,,0
s9_k5ac_a_s00_pos1_tap0_mc245_cpl0_rp4p88532259635_rn4p84707416577_f12370_f21100_a0_dac1p25,K5AC,A,0,0.005,1,0,245,ac,0.0,0.0,0,1.25,0,4.885322596348982,4.847074165771614,40.0,2370.0,1100.0,,0,990978.2976610125,0.0011060169619884392,7527.775638142228,13.935510574771849,25.49685147995389,0,2473621.9916389273,439.16360210742056,499.11120313530597,59.94760102788541,-50.13204786504545,-50.0,0.2640957300908964,,,,,,,,,,,,,,,,,,,,,,,,,,,,,,,,,,,,0
s9_k5ac_a_s00_pos1_tap0_mc246_cpl0_rp4p97229677993_rn4p90202300027_f12370_f21100_a0_dac1p25,K5AC,A,0,0.005,1,0,246,ac,0.0,0.0,0,1.25,0,4.972296779927454,4.90202300026721,40.0,2370.0,1100.0,,0,991949.4353715975,1.7548696819499236e-05,13.489628825916832,14.178042443827703,25.976301153247753,0,2473621.9916389273,443.91566295706036,506.4226644766466,62.507001519586254,-49.294534598276336,-50.0,-1.41093080344733,,,,,,,,,,,,,,,,,,,,,,,,,,,,,,,,,,,,0
s9_k5ac_a_s00_pos1_tap0_mc247_cpl0_rp4p9067598612_rn4p83667745746_f12370_f21100_a0_dac1p25,K5AC,A,0,0.005,1,0,247,ac,0.0,0.0,0,1.25,0,4.906759861198976,4.836677457462542,40.0,2370.0,1100.0,,0,1009421.8473154122,1.6908684057511724e-05,8.91250938133762,13.915870620293553,25.57168806506584,0,2473621.9916389273,433.71832895294784,505.90845901990866,72.19013006696082,-49.90871152552919,-50.0,-0.18257694894161514,,,,,,,,,,,,,,,,,,,,,,,,,,,,,,,,,,,,0
s9_k5ac_a_s00_pos1_tap0_mc248_cpl0_rp4p91276697059_rn4p88094372504_f12370_f21100_a0_dac1p25,K5AC,A,0,0.005,1,0,248,ac,0.0,0.0,0,1.25,0,4.912766970587882,4.880943725040297,40.0,2370.0,1100.0,,0,985689.6395799745,1.718443553400556e-05,10.633265716371824,14.286839757868721,25.884080052611107,0,2473621.9916389273,443.2360942363198,505.8992047155681,62.6631104792483,-50.20239294181989,-50.0,0.40478588363976886,,,,,,,,,,,,,,,,,,,,,,,,,,,,,,,,,,,,0
s9_k5ac_a_s00_pos1_tap0_mc249_cpl0_rp4p80321874913_rn4p90064253942_f12370_f21100_a0_dac1p25,K5AC,A,0,0.005,1,0,249,ac,0.0,0.0,0,1.25,0,4.803218749129418,4.900642539415244,40.0,2370.0,1100.0,,0,991476.246316827,1.7012223195898608e-05,8.981178609607111,14.191003921966585,25.942482345613236,0,2473621.9916389273,441.97822328525746,506.08676073335386,64.1085374480964,-49.211556602237586,-50.0,-1.5768867955248234,,,,,,,,,,,,,,,,,,,,,,,,,,,,,,,,,,,,0
s9_k5ac_a_s00_pos1_tap0_mc24_cpl0_rp4p87095090022_rn4p94382442661_f12370_f21100_a0_dac1p25,K5AC,A,0,0.005,1,0,24,ac,0.0,0.0,0,1.25,0,4.8709509002161315,4.943824426609955,40.0,2370.0,1100.0,,0,952096.2924778897,0.006157582740078972,8844.365191386672,13.963735536812695,25.321630723815563,0,2473621.9916389273,445.72313729598824,484.28240583585824,38.559268539870004,-49.81246226358978,-50.0,-0.37507547282044085,,,,,,,,,,,,,,,,,,,,,,,,,,,,,,,,,,,,0
s9_k5ac_a_s00_pos1_tap0_mc250_cpl0_rp4p90639839029_rn4p94429674382_f12370_f21100_a0_dac1p25,K5AC,A,0,0.005,1,0,250,ac,0.0,0.0,0,1.25,0,4.906398390294764,4.944296743823049,40.0,2370.0,1100.0,,0,985674.9480484638,1.7472260145196717e-05,13.386488420700225,14.22270655399252,25.801909139220427,0,2473621.9916389273,443.7200129500142,504.46077786386553,60.74076491385131,-49.15337411880538,-50.0,-1.6932517623892362,,,,,,,,,,,,,,,,,,,,,,,,,,,,,,,,,,,,0
s9_k5ac_a_s00_pos1_tap0_mc251_cpl0_rp4p88829184932_rn4p83881567663_f12370_f21100_a0_dac1p25,K5AC,A,0,0.005,1,0,251,ac,0.0,0.0,0,1.25,0,4.888291849315955,4.838815676632653,40.0,2370.0,1100.0,,0,964971.9203582888,1.708876382468857e-05,10.077048141361237,14.358079072506005,26.007069153792866,0,2473621.9916389273,447.90794174022835,500.73251191984986,52.8245701796215,-50.777512059708954,-50.0,1.5550241194179026,,,,,,,,,,,,,,,,,,,,,,,,,,,,,,,,,,,,0
s9_k5ac_a_s00_pos1_tap0_mc252_cpl0_rp4p82748749781_rn4p95954260264_f12370_f21100_a0_dac1p25,K5AC,A,0,0.005,1,0,252,ac,0.0,0.0,0,1.25,0,4.827487497808149,4.959542602643575,40.0,2370.0,1100.0,,0,975640.3675962392,1.6807180387438795e-05,8.446303185839836,13.610010568368251,24.977133282516437,0,2473621.9916389273,437.3304452157285,483.4019414394141,46.071496223685585,-49.8891630344971,-50.0,-0.2216739310057947,,,,,,,,,,,,,,,,,,,,,,,,,,,,,,,,,,,,0
s9_k5ac_a_s00_pos1_tap0_mc253_cpl0_rp4p88764588563_rn4p88894758767_f12370_f21100_a0_dac1p25,K5AC,A,0,0.005,1,0,253,ac,0.0,0.0,0,1.25,0,4.887645885627932,4.888947587665772,40.0,2370.0,1100.0,,0,1031101.7119297246,1.6807107922227212e-05,8.190932242153117,12.72059334641156,24.123089936800096,0,2473621.9916389273,420.7383423561126,479.0067718251271,58.26842946901451,-48.83429354147969,-50.0,-2.3314129170406206,,,,,,,,,,,,,,,,,,,,,,,,,,,,,,,,,,,,0
s9_k5ac_a_s00_pos1_tap0_mc254_cpl0_rp4p96697839098_rn4p94604752154_f12370_f21100_a0_dac1p25,K5AC,A,0,0.005,1,0,254,ac,0.0,0.0,0,1.25,0,4.966978390981929,4.946047521542091,40.0,2370.0,1100.0,,0,975892.6948558267,1.700075386234027e-05,9.476908045141773,14.18971270383113,25.730173930913175,0,2473621.9916389273,441.8850973065408,498.9272780098803,57.04218070333951,-49.615274702121255,-50.0,-0.7694505957574926,,,,,,,,,,,,,,,,,,,,,,,,,,,,,,,,,,,,0
s9_k5ac_a_s00_pos1_tap0_mc255_cpl0_rp4p95577092362_rn4p82720877893_f12370_f21100_a0_dac1p25,K5AC,A,0,0.005,1,0,255,ac,0.0,0.0,0,1.25,0,4.955770923615263,4.827208778925075,40.0,2370.0,1100.0,,0,945048.1928054309,1.693188565787089e-05,8.981178609607111,14.162111114675,25.54861678872909,0,2473621.9916389273,446.78170096771123,486.80861783519606,40.02691686748483,-48.812088061921585,-50.0,-2.375823876156824,,,,,,,,,,,,,,,,,,,,,,,,,,,,,,,,,,,,0
s9_k5ac_a_s00_pos1_tap0_mc256_cpl0_rp4p96150384685_rn4p82679675165_f12370_f21100_a0_dac1p25,K5AC,A,0,0.005,1,0,256,ac,0.0,0.0,0,1.25,0,4.9615038468530726,4.82679675165486,40.0,2370.0,1100.0,,0,1005856.0053442311,0.008175948928268211,10232.929922808335,13.66408091698366,25.25894865080355,0,2473621.9916389273,435.56830589205634,495.49742869698883,59.92912280493249,-48.32879479568147,-50.0,-3.3424104086370643,,,,,,,,,,,,,,,,,,,,,,,,,,,,,,,,,,,,0
s9_k5ac_a_s00_pos1_tap0_mc257_cpl0_rp4p86717588036_rn4p88837970906_f12370_f21100_a0_dac1p25,K5AC,A,0,0.005,1,0,257,ac,0.0,0.0,0,1.25,0,4.867175880356308,4.888379709062037,40.0,2370.0,1100.0,,0,1019296.3200945319,1.72159043776202e-05,10.551964788902612,13.543529912075956,25.153862161427693,0,2473621.9916389273,432.22544354607277,497.22538445502215,64.99994090894938,-49.24573064167007,-50.0,-1.5085387166598574,,,,,,,,,,,,,,,,,,,,,,,,,,,,,,,,,,,,0
s9_k5ac_a_s00_pos1_tap0_mc258_cpl0_rp4p88877692796_rn4p85246225886_f12370_f21100_a0_dac1p25,K5AC,A,0,0.005,1,0,258,ac,0.0,0.0,0,1.25,0,4.8887769279612066,4.852462258858391,40.0,2370.0,1100.0,,0,995978.2859598942,0.009241647539575626,9549.925860215095,13.890139290475322,25.587221273010663,0,2473621.9916389273,442.67567528776755,499.1832878728991,56.50761258513154,-48.75352631855659,-50.0,-2.4929473628868215,,,,,,,,,,,,,,,,,,,,,,,,,,,,,,,,,,,,0
s9_k5ac_a_s00_pos1_tap0_mc259_cpl0_rp4p9579517246_rn4p81782168776_f12370_f21100_a0_dac1p25,K5AC,A,0,0.005,1,0,259,ac,0.0,0.0,0,1.25,0,4.957951724600125,4.817821687756452,40.0,2370.0,1100.0,,0,1036430.2135333983,1.690253315109708e-05,8.643042860748515,13.493680412011338,25.02445438979196,0,2473621.9916389273,423.6744777855184,503.8680815411737,80.19360375565532,-48.29938833885859,-50.0,-3.4012233222828203,,,,,,,,,,,,,,,,,,,,,,,,,,,,,,,,,,,,0
s9_k5ac_a_s00_pos1_tap0_mc25_cpl0_rp4p94809069737_rn4p86893407988_f12370_f21100_a0_dac1p25,K5AC,A,0,0.005,1,0,25,ac,0.0,0.0,0,1.25,0,4.948090697367347,4.868934079880725,40.0,2370.0,1100.0,,0,1011462.3279636016,1.7043219233236717e-05,9.190377133632765,13.477498673390732,25.122232765625064,0,2473621.9916389273,433.4061378275661,493.82268107616335,60.416543248597236,-48.38079615890682,-50.0,-3.2384076821863617,,,,,,,,,,,,,,,,,,,,,,,,,,,,,,,,,,,,0
s9_k5ac_a_s00_pos1_tap0_mc260_cpl0_rp4p8152422395_rn4p80619927478_f12370_f21100_a0_dac1p25,K5AC,A,0,0.005,1,0,260,ac,0.0,0.0,0,1.25,0,4.81524223950122,4.806199274783992,40.0,2370.0,1100.0,,0,984687.9463530973,0.0008683513961360717,6812.920690580118,13.761376851758216,25.351411451224738,0,2473621.9916389273,441.8631308125958,491.47929483012655,49.616164017530764,-49.81553554896369,-50.0,-0.3689289020726294,,,,,,,,,,,,,,,,,,,,,,,,,,,,,,,,,,,,0
s9_k5ac_a_s00_pos1_tap0_mc261_cpl0_rp4p99674292571_rn4p92532545127_f12370_f21100_a0_dac1p25,K5AC,A,0,0.005,1,0,261,ac,0.0,0.0,0,1.25,0,4.996742925711324,4.925325451272178,40.0,2370.0,1100.0,,0,987643.776724948,0.002173505151893663,7882.548774020808,13.59700759310235,25.177328643338864,0,2473621.9916389273,439.7081463699669,488.346532467972,48.63838609800507,-49.48636518034071,-50.0,-1.0272696393185732,,,,,,,,,,,,,,,,,,,,,,,,,,,,,,,,,,,,0
s9_k5ac_a_s00_pos1_tap0_mc262_cpl0_rp4p91344335367_rn4p99383127602_f12370_f21100_a0_dac1p25,K5AC,A,0,0.005,1,0,262,ac,0.0,0.0,0,1.25,0,4.913443353669787,4.993831276024584,40.0,2370.0,1100.0,,0,1059310.2945434663,0.008197325722712829,10551.964788903226,12.981586786306314,24.568654597238595,0,2473621.9916389273,423.40130902273484,497.54251350163014,74.1412044788953,-49.61590142041199,-50.0,-0.7681971591760206,,,,,,,,,,,,,,,,,,,,,,,,,,,,,,,,,,,,0
s9_k5ac_a_s00_pos1_tap0_mc263_cpl0_rp4p88067085141_rn4p88387044565_f12370_f21100_a0_dac1p25,K5AC,A,0,0.005,1,0,263,ac,0.0,0.0,0,1.25,0,4.880670851412191,4.883870445650321,40.0,2370.0,1100.0,,0,1002603.4475545136,1.6693789576572765e-05,8.128305161641135,13.800901634908865,25.37562482630003,0,2473621.9916389273,431.6961660206196,499.0797473714218,67.38358135080216,-49.44205900894414,-50.0,-1.1158819821117216,,,,,,,,,,,,,,,,,,,,,,,,,,,,,,,,,,,,0
s9_k5ac_a_s00_pos1_tap0_mc264_cpl0_rp4p98667603636_rn4p86889694564_f12370_f21100_a0_dac1p25,K5AC,A,0,0.005,1,0,264,ac,0.0,0.0,0,1.25,0,4.9866760363581975,4.868896945639033,40.0,2370.0,1100.0,,0,1017248.8503559339,0.005743539526801081,10077.048141361822,13.243325167486036,24.76548000352364,0,2473621.9916389273,430.43193933612645,489.5953827985944,59.16344346246797,-48.60742203604346,-50.0,-2.7851559279130855,,,,,,,,,,,,,,,,,,,,,,,,,,,,,,,,,,,,0
s9_k5ac_a_s00_pos1_tap0_mc265_cpl0_rp4p86689686023_rn4p86443380961_f12370_f21100_a0_dac1p25,K5AC,A,0,0.005,1,0,265,ac,0.0,0.0,0,1.25,0,4.866896860230826,4.864433809607853,40.0,2370.0,1100.0,,0,1005268.0747216519,1.6944695635521993e-05,8.709635899560965,13.066293415358121,24.574651398144702,0,2473621.9916389273,432.2404553937405,481.1163107178935,48.87585532415301,-50.50536496544086,-50.0,1.0107299308817153,,,,,,,,,,,,,,,,,,,,,,,,,,,,,,,,,,,,0
s9_k5ac_a_s00_pos1_tap0_mc266_cpl0_rp4p98984824733_rn4p98947853282_f12370_f21100_a0_dac1p25,K5AC,A,0,0.005,1,0,266,ac,0.0,0.0,0,1.25,0,4.98984824733454,4.989478532816551,40.0,2370.0,1100.0,,0,987109.5971663939,1.687324515182032e-05,8.709635899560965,13.928110576884913,25.497872519748846,0,2473621.9916389273,437.8784791672814,496.860494569818,58.982015402536604,-50.948716300924275,-50.0,1.8974326018485588,,,,,,,,,,,,,,,,,,,,,,,,,,,,,,,,,,,,0
s9_k5ac_a_s00_pos1_tap0_mc267_cpl0_rp4p90256861613_rn4p8911348467_f12370_f21100_a0_dac1p25,K5AC,A,0,0.005,1,0,267,ac,0.0,0.0,0,1.25,0,4.902568616128807,4.891134846700927,40.0,2370.0,1100.0,,0,996807.9479052554,1.729473788339607e-05,10.311772745930755,13.573516159027703,25.203281626810956,0,2473621.9916389273,437.54437995717836,490.646474679341,53.10209472216263,-48.29977168221308,-50.0,-3.4004566355738453,,,,,,,,,,,,,,,,,,,,,,,,,,,,,,,,,,,,0
s9_k5ac_a_s00_pos1_tap0_mc268_cpl0_rp4p88868272998_rn4p83524608328_f12370_f21100_a0_dac1p25,K5AC,A,0,0.005,1,0,268,ac,0.0,0.0,0,1.25,0,4.888682729983905,4.835246083280259,40.0,2370.0,1100.0,,0,959688.2165169389,1.75401904809547e-05,14.4543977074596,14.091142077384358,25.553809470885167,0,2473621.9916389273,446.9393709103514,491.0501163144501,44.110745404098736,-50.171862507129504,-50.0,0.3437250142590109,,,,,,,,,,,,,,,,,,,,,,,,,,,,,,,,,,,,0
s9_k5ac_a_s00_pos1_tap0_mc269_cpl0_rp4p89013787621_rn4p82028690977_f12370_f21100_a0_dac1p25,K5AC,A,0,0.005,1,0,269,ac,0.0,0.0,0,1.25,0,4.890137876206749,4.820286909772111,40.0,2370.0,1100.0,,0,1011470.1434521185,1.7018695560166703e-05,8.91250938133762,13.839343114274191,25.599819971146758,0,2473621.9916389273,435.2078617404255,503.7065740510285,68.49871231060297,-49.778709990883165,-50.0,-0.44258001823367366,,,,,,,,,,,,,,,,,,,,,,,,,,,,,,,,,,,,0
s9_k5ac_a_s00_pos1_tap0_mc26_cpl0_rp4p96840511781_rn4p83667719361_f12370_f21100_a0_dac1p25,K5AC,A,0,0.005,1,0,26,ac,0.0,0.0,0,1.25,0,4.968405117807948,4.836677193612291,40.0,2370.0,1100.0,,0,974351.9212565642,1.723693830832172e-05,10.232929922807742,13.687249528888827,25.121391952886178,0,2473621.9916389273,439.43035307053566,484.5785927824143,45.14823971187866,-50.62831005465221,-50.0,1.2566201093044294,,,,,,,,,,,,,,,,,,,,,,,,,,,,,,,,,,,,0
s9_k5ac_a_s00_pos1_tap0_mc270_cpl0_rp4p85602543953_rn4p83284111694_f12370_f21100_a0_dac1p25,K5AC,A,0,0.005,1,0,270,ac,0.0,0.0,0,1.25,0,4.856025439530272,4.832841116941261,40.0,2370.0,1100.0,,0,1007332.7771222936,0.005688951954906889,9190.3771336333,13.808189023941488,25.440721514915957,0,2473621.9916389273,437.820810106457,500.6776513907486,62.85684128429165,-48.46188577054285,-50.0,-3.0762284589142985,,,,,,,,,,,,,,,,,,,,,,,,,,,,,,,,,,,,0
s9_k5ac_a_s00_pos1_tap0_mc271_cpl0_rp4p95544005807_rn4p91742540498_f12370_f21100_a0_dac1p25,K5AC,A,0,0.005,1,0,271,ac,0.0,0.0,0,1.25,0,4.955440058069738,4.917425404978769,40.0,2370.0,1100.0,,0,1031336.9138154904,0.0076863108544465404,11481.53621496973,13.678144900245982,25.318560928458034,0,2473621.9916389273,429.5483547074857,507.1882360636724,77.63988135618666,-49.72843821540515,-50.0,-0.5431235691897074,,,,,,,,,,,,,,,,,,,,,,,,,,,,,,,,,,,,0
s9_k5ac_a_s00_pos1_tap0_mc272_cpl0_rp4p89203969634_rn4p88601287793_f12370_f21100_a0_dac1p25,K5AC,A,0,0.005,1,0,272,ac,0.0,0.0,0,1.25,0,4.892039696343678,4.8860128779308205,40.0,2370.0,1100.0,,0,1005636.4244709299,1.6809162385131957e-05,8.511380382023917,13.509227911491294,25.128427667219274,0,2473621.9916389273,435.04937931619287,493.06881773631375,58.01943842012088,-49.338535048722946,-50.0,-1.3229299025541041,,,,,,,,,,,,,,,,,,,,,,,,,,,,,,,,,,,,0
s9_k5ac_a_s00_pos1_tap0_mc273_cpl0_rp4p87314728285_rn4p84524904536_f12370_f21100_a0_dac1p25,K5AC,A,0,0.005,1,0,273,ac,0.0,0.0,0,1.25,0,4.87314728285174,4.845249045357976,40.0,2370.0,1100.0,,0,999641.3154984029,1.6828162899360534e-05,8.446303185839836,13.882185281115667,25.50920964878379,0,2473621.9916389273,437.11372503833434,500.2830765463567,63.16935150802237,-48.62349935381068,-50.0,-2.753001292378643,,,,,,,,,,,,,,,,,,,,,,,,,,,,,,,,,,,,0
s9_k5ac_a_s00_pos1_tap0_mc274_cpl0_rp4p91018433355_rn4p81113553494_f12370_f21100_a0_dac1p25,K5AC,A,0,0.005,1,0,274,ac,0.0,0.0,0,1.25,0,4.910184333553857,4.811135534942751,40.0,2370.0,1100.0,,0,1001802.5430473163,0.0005499314111209325,6971.613999635192,13.53120160271138,25.05270036090606,0,2473621.9916389273,436.6709566495409,491.2401469731716,54.569190323630664,-49.488011541625134,-50.0,-1.023976916749736,,,,,,,,,,,,,,,,,,,,,,,,,,,,,,,,,,,,0
s9_k5ac_a_s00_pos1_tap0_mc275_cpl0_rp4p91968061208_rn4p81334763513_f12370_f21100_a0_dac1p25,K5AC,A,0,0.005,1,0,275,ac,0.0,0.0,0,1.25,0,4.919680612079673,4.813347635132701,40.0,2370.0,1100.0,,0,962204.5871587713,1.683071421752411e-05,8.066156921766275,14.143163072281116,25.730680607028276,0,2473621.9916389273,442.240863930167,492.9980586628437,50.75719473267668,-48.82564320128708,-50.0,-2.3487135974258444,,,,,,,,,,,,,,,,,,,,,,,,,,,,,,,,,,,,0
s9_k5ac_a_s00_pos1_tap0_mc276_cpl0_rp4p97496122356_rn4p97857918554_f12370_f21100_a0_dac1p25,K5AC,A,0,0.005,1,0,276,ac,0.0,0.0,0,1.25,0,4.974961223561711,4.978579185542484,40.0,2370.0,1100.0,,0,985882.419155963,1.734849116547672e-05,11.481536214969063,14.147512022768671,25.800859764629536,0,2473621.9916389273,442.17410962972895,501.9939155307852,59.81980590105627,-48.768928611497344,-50.0,-2.462142777005316,,,,,,,,,,,,,,,,,,,,,,,,,,,,,,,,,,,,0
s9_k5ac_a_s00_pos1_tap0_mc277_cpl0_rp4p95207148224_rn4p82414989704_f12370_f21100_a0_dac1p25,K5AC,A,0,0.005,1,0,277,ac,0.0,0.0,0,1.25,0,4.952071482241088,4.824149897040279,40.0,2370.0,1100.0,,0,990843.761310816,1.701079783011922e-05,9.332543007970086,13.73079563422702,25.434435283569144,0,2473621.9916389273,439.879186507966,493.1965711122405,53.31738460427454,-49.718013463311095,-50.0,-0.5639730733778103,,,,,,,,,,,,,,,,,,,,,,,,,,,,,,,,,,,,0
s9_k5ac_a_s00_pos1_tap0_mc278_cpl0_rp4p81673972575_rn4p91947154548_f12370_f21100_a0_dac1p25,K5AC,A,0,0.005,1,0,278,ac,0.0,0.0,0,1.25,0,4.816739725753125,4.919471545478923,40.0,2370.0,1100.0,,0,993863.2328705649,0.005638700956889078,8912.509381338137,13.396383125819373,24.847092208918806,0,2473621.9916389273,436.4458698492141,484.2442780286952,47.7984081794811,-49.77786247035317,-50.0,-0.44427505929366395,,,,,,,,,,,,,,,,,,,,,,,,,,,,,,,,,,,,0
s9_k5ac_a_s00_pos1_tap0_mc279_cpl0_rp4p99656962876_rn4p93923706344_f12370_f21100_a0_dac1p25,K5AC,A,0,0.005,1,0,279,ac,0.0,0.0,0,1.25,0,4.996569628759205,4.939237063439288,40.0,2370.0,1100.0,,0,988782.7217085928,1.73395588706439e-05,12.02264434617438,13.814510211640213,25.360655311155178,0,2473621.9916389273,438.3199233644504,493.5267540634045,55.20683069895409,-49.90558943134665,-50.0,-0.18882113730670502,,,,,,,,,,,,,,,,,,,,,,,,,,,,,,,,,,,,0
s9_k5ac_a_s00_pos1_tap0_mc27_cpl0_rp4p84221243785_rn4p99596913471_f12370_f21100_a0_dac1p25,K5AC,A,0,0.005,1,0,27,ac,0.0,0.0,0,1.25,0,4.842212437846862,4.995969134714784,40.0,2370.0,1100.0,,0,1036258.358008486,1.7099054709856135e-05,9.772372209558293,13.432239762577368,25.119531051740577,0,2473621.9916389273,428.2979262169168,501.89139168799363,73.59346547107685,-49.7091623718102,-50.0,-0.581675256379599,,,,,,,,,,,,,,,,,,,,,,,,,,,,,,,,,,,,0
s9_k5ac_a_s00_pos1_tap0_mc280_cpl0_rp4p88628711239_rn4p99181917924_f12370_f21100_a0_dac1p25,K5AC,A,0,0.005,1,0,280,ac,0.0,0.0,0,1.25,0,4.886287112390138,4.991819179244,40.0,2370.0,1100.0,,0,977784.9144890878,1.6790057255034505e-05,8.381723563641772,13.813117604324399,25.388355754987064,0,2473621.9916389273,441.7611852449398,490.8029116518961,49.04172640695634,-49.04108411540909,-50.0,-1.9178317691818214,,,,,,,,,,,,,,,,,,,,,,,,,,,,,,,,,,,,0
s9_k5ac_a_s00_pos1_tap0_mc281_cpl0_rp4p96582010468_rn4p85196234501_f12370_f21100_a0_dac1p25,K5AC,A,0,0.005,1,0,281,ac,0.0,0.0,0,1.25,0,4.965820104684439,4.851962345011119,40.0,2370.0,1100.0,,0,978827.9520004925,1.691373830779008e-05,8.576958985909096,13.250037473055809,24.622331287641245,0,2473621.9916389273,435.18068124645885,475.2387599175372,40.05807867107836,-49.88404423961979,-50.0,-0.23191152076041943,,,,,,,,,,,,,,,,,,,,,,,,,,,,,,,,,,,,0
s9_k5ac_a_s00_pos1_tap0_mc282_cpl0_rp4p91440963991_rn4p90249827447_f12370_f21100_a0_dac1p25,K5AC,A,0,0.005,1,0,282,ac,0.0,0.0,0,1.25,0,4.9144096399146555,4.902498274473063,40.0,2370.0,1100.0,,0,989536.6663002865,1.6881579387829553e-05,8.576958985909096,14.080878840441999,25.805803851256456,0,2473621.9916389273,441.8845502393749,502.91082363401586,61.02627339464095,-50.289282142356086,-50.0,0.5785642847121686,,,,,,,,,,,,,,,,,,,,,,,,,,,,,,,,,,,,0
s9_k5ac_a_s00_pos1_tap0_mc283_cpl0_rp4p86388330479_rn4p80711897752_f12370_f21100_a0_dac1p25,K5AC,A,0,0.005,1,0,283,ac,0.0,0.0,0,1.25,0,4.863883304787585,4.807118977521,40.0,2370.0,1100.0,,0,1063939.0418243324,0.010328612186919533,12115.276586286842,13.011818175825782,24.734412997968786,0,2473621.9916389273,421.78829140178743,500.1710218923252,78.38273049053777,-50.11639896430571,-50.0,0.2327979286114168,,,,,,,,,,,,,,,,,,,,,,,,,,,,,,,,,,,,0
s9_k5ac_a_s00_pos1_tap0_mc284_cpl0_rp4p87305197018_rn4p87796273137_f12370_f21100_a0_dac1p25,K5AC,A,0,0.005,1,0,284,ac,0.0,0.0,0,1.25,0,4.873051970181386,4.8779627313650185,40.0,2370.0,1100.0,,0,1061543.3014693204,0.010364811181799657,12492.997891188323,13.153996669461913,24.829591532901595,0,2473621.9916389273,423.257356481333,505.26244181186297,82.00508533053,-49.970299360844514,-50.0,-0.05940127831096653,,,,,,,,,,,,,,,,,,,,,,,,,,,,,,,,,,,,0
s9_k5ac_a_s00_pos1_tap0_mc285_cpl0_rp4p94436651477_rn4p99774297282_f12370_f21100_a0_dac1p25,K5AC,A,0,0.005,1,0,285,ac,0.0,0.0,0,1.25,0,4.9443665147688325,4.997742972819162,40.0,2370.0,1100.0,,0,990287.0311668083,0.0018519598250656903,7470.218989273876,13.780043502112715,25.351120333036793,0,2473621.9916389273,440.0824371842381,493.96568417304997,53.88324698881189,-50.25380971485637,-50.0,0.5076194297127357,,,,,,,,,,,,,,,,,,,,,,,,,,,,,,,,,,,,0
s9_k5ac_a_s00_pos1_tap0_mc286_cpl0_rp4p9239685101_rn4p89417343446_f12370_f21100_a0_dac1p25,K5AC,A,0,0.005,1,0,286,ac,0.0,0.0,0,1.25,0,4.9239685101041575,4.894173434460581,40.0,2370.0,1100.0,,0,1004318.5810991607,0.001385109035568564,7644.222742526577,13.867892510155745,25.600222455993116,0,2473621.9916389273,441.03238469811805,502.68166684909005,61.649282150972,-50.82655271994599,-50.0,1.6531054398919665,,,,,,,,,,,,,,,,,,,,,,,,,,,,,,,,,,,,0
s9_k5ac_a_s00_pos1_tap0_mc287_cpl0_rp4p81787448104_rn4p97519879239_f12370_f21100_a0_dac1p25,K5AC,A,0,0.005,1,0,287,ac,0.0,0.0,0,1.25,0,4.817874481037555,4.975198792386667,40.0,2370.0,1100.0,,0,973385.4494757201,1.7453171226869926e-05,13.081774742602224,13.718064094302663,25.11551928341683,0,2473621.9916389273,441.1144747360103,484.95926602269014,43.84479128667982,-48.79748663394368,-50.0,-2.4050267321126473,,,,,,,,,,,,,,,,,,,,,,,,,,,,,,,,,,,,0
s9_k5ac_a_s00_pos1_tap0_mc288_cpl0_rp4p96893330957_rn4p92910243027_f12370_f21100_a0_dac1p25,K5AC,A,0,0.005,1,0,288,ac,0.0,0.0,0,1.25,0,4.9689333095693735,4.929102430269127,40.0,2370.0,1100.0,,0,1030795.2424622736,1.7039710565492056e-05,9.120108393559267,13.435386393329173,25.007575489622038,0,2473621.9916389273,426.41564518839175,498.792167219785,72.37652203139322,-49.10879122588083,-50.0,-1.7824175482383464,,,,,,,,,,,,,,,,,,,,,,,,,,,,,,,,,,,,0
s9_k5ac_a_s00_pos1_tap0_mc289_cpl0_rp4p80903046599_rn4p88305635389_f12370_f21100_a0_dac1p25,K5AC,A,0,0.005,1,0,289,ac,0.0,0.0,0,1.25,0,4.809030465986894,4.883056353894581,40.0,2370.0,1100.0,,0,1041980.0269650122,1.7250989501727184e-05,10.880946292622482,13.178571703939832,24.759988088829623,0,2473621.9916389273,424.030745517414,496.6883344680324,72.65758895061839,-50.49279808208317,-50.0,0.9855961641663358,,,,,,,,,,,,,,,,,,,,,,,,,,,,,,,,,,,,0
s9_k5ac_a_s00_pos1_tap0_mc28_cpl0_rp4p96950778313_rn4p90427093524_f12370_f21100_a0_dac1p25,K5AC,A,0,0.005,1,0,28,ac,0.0,0.0,0,1.25,0,4.969507783131816,4.904270935236131,40.0,2370.0,1100.0,,0,986690.2667952927,1.6839105277424286e-05,8.776742025360223,13.447423285136944,24.85234486276385,0,2473621.9916389273,433.945155830541,482.9579954477031,49.012839617162115,-49.4826904588182,-50.0,-1.0346190823636081,,,,,,,,,,,,,,,,,,,,,,,,,,,,,,,,,,,,0
s9_k5ac_a_s00_pos1_tap0_mc290_cpl0_rp4p85100514753_rn4p88882970306_f12370_f21100_a0_dac1p25,K5AC,A,0,0.005,1,0,290,ac,0.0,0.0,0,1.25,0,4.85100514752832,4.8888297030556735,40.0,2370.0,1100.0,,0,1045304.456433873,0.006275469343413656,10077.048141361822,12.611149609895008,24.02849985438273,0,2473621.9916389273,421.5358658298061,480.726287309965,59.19042148015893,-50.34851642380166,-50.0,0.6970328476033183,,,,,,,,,,,,,,,,,,,,,,,,,,,,,,,,,,,,0
s9_k5ac_a_s00_pos1_tap0_mc291_cpl0_rp4p87694019521_rn4p8306926344_f12370_f21100_a0_dac1p25,K5AC,A,0,0.005,1,0,291,ac,0.0,0.0,0,1.25,0,4.876940195209088,4.830692634401663,40.0,2370.0,1100.0,,0,1028868.6546520278,1.7283331763679084e-05,10.154689924331,13.188489754548774,24.680419489329253,0,2473621.9916389273,426.9882455049459,492.68774602790864,65.69950052296275,-49.426815412774104,-50.0,-1.146369174451789,,,,,,,,,,,,,,,,,,,,,,,,,,,,,,,,,,,,0
s9_k5ac_a_s00_pos1_tap0_mc292_cpl0_rp4p89265193245_rn4p83600217757_f12370_f21100_a0_dac1p25,K5AC,A,0,0.005,1,0,292,ac,0.0,0.0,0,1.25,0,4.8926519324505735,4.836002177568029,40.0,2370.0,1100.0,,0,994016.8175876788,1.6933691565826193e-05,8.776742025360223,13.155752450460678,24.537126728188138,0,2473621.9916389273,432.0284233364641,477.87315356172473,45.84473022526066,-50.1710369446631,-50.0,0.34207388932621097,,,,,,,,,,,,,,,,,,,,,,,,,,,,,,,,,,,,0
s9_k5ac_a_s00_pos1_tap0_mc293_cpl0_rp4p92492418595_rn4p89121378688_f12370_f21100_a0_dac1p25,K5AC,A,0,0.005,1,0,293,ac,0.0,0.0,0,1.25,0,4.924924185946928,4.891213786876586,40.0,2370.0,1100.0,,0,985825.5998173864,0.0025379977248887776,7943.282347243415,13.692662823230657,25.191033546731294,0,2473621.9916389273,439.63249245866297,489.96082685649384,50.32833439783087,-49.93177890796241,-50.0,-0.1364421840751806,,,,,,,,,,,,,,,,,,,,,,,,,,,,,,,,,,,,0
s9_k5ac_a_s00_pos1_tap0_mc294_cpl0_rp4p88144653138_rn4p96123606146_f12370_f21100_a0_dac1p25,K5AC,A,0,0.005,1,0,294,ac,0.0,0.0,0,1.25,0,4.881446531383991,4.961236061463274,40.0,2370.0,1100.0,,0,1005010.2918036025,1.6907018154197603e-05,8.981178609607111,13.959326910480044,25.76206653808593,0,2473621.9916389273,439.04435310200205,505.90940811597443,66.86505501397238,-49.277974137963795,-50.0,-1.4440517240724038,,,,,,,,,,,,,,,,,,,,,,,,,,,,,,,,,,,,0
s9_k5ac_a_s00_pos1_tap0_mc295_cpl0_rp4p9067341631_rn4p86006960624_f12370_f21100_a0_dac1p25,K5AC,A,0,0.005,1,0,295,ac,0.0,0.0,0,1.25,0,4.906734163100417,4.860069606237508,40.0,2370.0,1100.0,,0,1004938.5597519389,0.006391500599660465,9404.44851726424,13.887105898407235,25.523570621038658,0,2473621.9916389273,439.8221978539358,502.748982212883,62.9267843589472,-49.06561921317587,-50.0,-1.8687615736482588,,,,,,,,,,,,,,,,,,,,,,,,,,,,,,,,,,,,0
s9_k5ac_a_s00_pos1_tap0_mc296_cpl0_rp4p92067480854_rn4p84523268671_f12370_f21100_a0_dac1p25,K5AC,A,0,0.005,1,0,296,ac,0.0,0.0,0,1.25,0,4.920674808541191,4.845232686707793,40.0,2370.0,1100.0,,0,975802.207528812,0.00543512961747176,9120.108393559796,14.221490883753535,25.75865025370417,0,2473621.9916389273,443.8654455813382,500.1123895299534,56.24694394861524,-48.8969323835799,-50.0,-2.2061352328402006,,,,,,,,,,,,,,,,,,,,,,,,,,,,,,,,,,,,0
s9_k5ac_a_s00_pos1_tap0_mc297_cpl0_rp4p87105347092_rn4p98739239032_f12370_f21100_a0_dac1p25,K5AC,A,0,0.005,1,0,297,ac,0.0,0.0,0,1.25,0,4.8710534709176745,4.987392390316434,40.0,2370.0,1100.0,,0,1029664.2273390847,0.0010492681976131094,7079.457843841907,13.06969030935151,24.59415613273677,0,2473621.9916389273,430.137552318759,489.24856999602287,59.111017677263874,-48.28930960716454,-50.0,-3.4213807856709244,,,,,,,,,,,,,,,,,,,,,,,,,,,,,,,,,,,,0
s9_k5ac_a_s00_pos1_tap0_mc298_cpl0_rp4p86118575176_rn4p86699901285_f12370_f21100_a0_dac1p25,K5AC,A,0,0.005,1,0,298,ac,0.0,0.0,0,1.25,0,4.861185751759431,4.866999012846953,40.0,2370.0,1100.0,,0,983409.8353701998,1.7020551923546796e-05,9.332543007970086,13.480733015908049,24.86855175523427,0,2473621.9916389273,436.0669630426757,482.82286908660035,46.755906043924654,-48.23466668102317,-50.0,-3.530666637953661,,,,,,,,,,,,,,,,,,,,,,,,,,,,,,,,,,,,0
s9_k5ac_a_s00_pos1_tap0_mc299_cpl0_rp4p90416621044_rn4p82388538802_f12370_f21100_a0_dac1p25,K5AC,A,0,0.005,1,0,299,ac,0.0,0.0,0,1.25,0,4.90416621044304,4.823885388018154,40.0,2370.0,1100.0,,0,992407.2052086791,1.702303248715765e-05,9.332543007970086,13.883592260869426,25.53241207213589,0,2473621.9916389273,439.1495826276161,496.5303691290156,57.380786501399484,-48.23957621155299,-50.0,-3.520847576894015,,,,,,,,,,,,,,,,,,,,,,,,,,,,,,,,,,,,0
s9_k5ac_a_s00_pos1_tap0_mc29_cpl0_rp4p85078460467_rn4p80797514988_f12370_f21100_a0_dac1p25,K5AC,A,0,0.005,1,0,29,ac,0.0,0.0,0,1.25,0,4.850784604666872,4.8079751498766194,40.0,2370.0,1100.0,,0,992295.5989376103,1.6934639800675944e-05,8.776742025360223,13.459054955519585,25.068413308417956,0,2473621.9916389273,436.35263279658693,486.2971148696405,49.944482073053564,-48.85356112679514,-50.0,-2.292877746409716,,,,,,,,,,,,,,,,,,,,,,,,,,,,,,,,,,,,0
s9_k5ac_a_s00_pos1_tap0_mc2_cpl0_rp4p98200254129_rn4p81433455753_f12370_f21100_a0_dac1p25,K5AC,A,0,0.005,1,0,2,ac,0.0,0.0,0,1.25,0,4.982002541288809,4.814334557529274,40.0,2370.0,1100.0,,0,1037889.140620716,0.004199189385101402,9923.540961321773,13.55022802468515,25.279232919237465,0,2473621.9916389273,430.08236173922194,506.9865219978138,76.90416025859184,-49.0322426095069,-50.0,-1.9355147809861917,,,,,,,,,,,,,,,,,,,,,,,,,,,,,,,,,,,,0
s9_k5ac_a_s00_pos1_tap0_mc300_cpl0_rp4p81684727174_rn4p82551800787_f12370_f21100_a0_dac1p25,K5AC,A,0,0.005,1,0,300,ac,0.0,0.0,0,1.25,0,4.816847271740415,4.82551800787176,40.0,2370.0,1100.0,,0,1019032.0707319796,1.702222563980496e-05,8.643042860748515,13.452208799608,25.007034123082597,0,2473621.9916389273,429.65241248702284,496.3329338703439,66.68052138332104,-49.38916935975887,-50.0,-1.2216612804822669,,,,,,,,,,,,,,,,,,,,,,,,,,,,,,,,,,,,0
s9_k5ac_a_s00_pos1_tap0_mc301_cpl0_rp4p85482141735_rn4p83460072682_f12370_f21100_a0_dac1p25,K5AC,A,0,0.005,1,0,301,ac,0.0,0.0,0,1.25,0,4.854821417348775,4.834600726821064,40.0,2370.0,1100.0,,0,1008682.7014466104,1.7138259944337303e-05,9.332543007970086,13.251670585090867,24.649232767593748,0,2473621.9916389273,430.1940361656556,484.6187315845822,54.4246954189266,-49.35817010930898,-50.0,-1.2836597813820405,,,,,,,,,,,,,,,,,,,,,,,,,,,,,,,,,,,,0
s9_k5ac_a_s00_pos1_tap0_mc302_cpl0_rp4p8218068001_rn4p96010867454_f12370_f21100_a0_dac1p25,K5AC,A,0,0.005,1,0,302,ac,0.0,0.0,0,1.25,0,4.821806800096206,4.960108674539765,40.0,2370.0,1100.0,,0,1002315.4487507903,0.002301771815323585,7882.548774020808,13.603408801426138,25.195772532308208,0,2473621.9916389273,437.2255914221121,493.6916660936553,56.4660746715432,-50.1342491626638,-50.0,0.2684983253276041,,,,,,,,,,,,,,,,,,,,,,,,,,,,,,,,,,,,0
s9_k5ac_a_s00_pos1_tap0_mc303_cpl0_rp4p85285258319_rn4p96337075079_f12370_f21100_a0_dac1p25,K5AC,A,0,0.005,1,0,303,ac,0.0,0.0,0,1.25,0,4.852852583191121,4.963370750787262,40.0,2370.0,1100.0,,0,1009844.2101666954,0.008630472567408568,10232.929922808335,13.176158938074902,24.739307590058818,0,2473621.9916389273,432.2236318949832,484.5041303508314,52.2804984558482,-49.89591173957888,-50.0,-0.20817652084224036,,,,,,,,,,,,,,,,,,,,,,,,,,,,,,,,,,,,0
s9_k5ac_a_s00_pos1_tap0_mc304_cpl0_rp4p92094634383_rn4p86088210914_f12370_f21100_a0_dac1p25,K5AC,A,0,0.005,1,0,304,ac,0.0,0.0,0,1.25,0,4.9209463438299474,4.860882109135308,40.0,2370.0,1100.0,,0,1011031.7748400768,0.004186993598561982,8912.509381338137,13.114579184296156,24.484521677985402,0,2473621.9916389273,429.0996200220082,481.7563862416163,52.65676621960813,-49.533275743774404,-50.0,-0.933448512451196,,,,,,,,,,,,,,,,,,,,,,,,,,,,,,,,,,,,0
s9_k5ac_a_s00_pos1_tap0_mc305_cpl0_rp4p97839483225_rn4p8682588316_f12370_f21100_a0_dac1p25,K5AC,A,0,0.005,1,0,305,ac,0.0,0.0,0,1.25,0,4.978394832248415,4.868258831598659,40.0,2370.0,1100.0,,0,993906.9193110802,6.177799319381487e-05,6261.331052795986,13.524242210132392,24.99845773087711,0,2473621.9916389273,437.2222187920289,488.5711298467319,51.34891105470297,-50.0712301794385,-50.0,0.1424603588769946,,,,,,,,,,,,,,,,,,,,,,,,,,,,,,,,,,,,0
s9_k5ac_a_s00_pos1_tap0_mc306_cpl0_rp4p87490229678_rn4p91103944073_f12370_f21100_a0_dac1p25,K5AC,A,0,0.005,1,0,306,ac,0.0,0.0,0,1.25,0,4.874902296777043,4.911039440734405,40.0,2370.0,1100.0,,0,964036.3291572355,0.00143698302915913,7244.359600750442,14.497635602853913,26.174151864428683,0,2473621.9916389273,449.26617588582525,504.3802423043278,55.114066418502546,-49.42895951662052,-50.0,-1.1420809667589515,,,,,,,,,,,,,,,,,,,,,,,,,,,,,,,,,,,,0
s9_k5ac_a_s00_pos1_tap0_mc307_cpl0_rp4p87833686804_rn4p96320569423_f12370_f21100_a0_dac1p25,K5AC,A,0,0.005,1,0,307,ac,0.0,0.0,0,1.25,0,4.878336868035609,4.963205694230483,40.0,2370.0,1100.0,,0,992848.3744259285,1.7518246260482232e-05,12.58925411794194,14.105800250550068,25.69333426131725,0,2473621.9916389273,440.3720951944891,502.9704286105007,62.5983334160116,-49.6844631669404,-50.0,-0.6310736661192085,,,,,,,,,,,,,,,,,,,,,,,,,,,,,,,,,,,,0
s9_k5ac_a_s00_pos1_tap0_mc308_cpl0_rp4p93235483041_rn4p88495127237_f12370_f21100_a0_dac1p25,K5AC,A,0,0.005,1,0,308,ac,0.0,0.0,0,1.25,0,4.932354830405883,4.884951272365861,40.0,2370.0,1100.0,,0,1014296.4714074209,0.002350132519307276,8128.305161641608,13.677964624891574,25.285452067884854,0,2473621.9916389273,436.72333860150707,500.49090417034694,63.76756556883987,-49.21782565428096,-50.0,-1.5643486914380889,,,,,,,,,,,,,,,,,,,,,,,,,,,,,,,,,,,,0
s9_k5ac_a_s00_pos1_tap0_mc309_cpl0_rp4p97100834128_rn4p89161582944_f12370_f21100_a0_dac1p25,K5AC,A,0,0.005,1,0,309,ac,0.0,0.0,0,1.25,0,4.9710083412809585,4.891615829444031,40.0,2370.0,1100.0,,0,996689.1351901764,1.6834932603920527e-05,8.511380382023917,13.821860414406316,25.384575777923185,0,2473621.9916389273,433.27750208705174,496.4971576093453,63.21965552229358,-49.955743829648895,-50.0,-0.08851234070220704,,,,,,,,,,,,,,,,,,,,,,,,,,,,,,,,,,,,0
s9_k5ac_a_s00_pos1_tap0_mc30_cpl0_rp4p83594831187_rn4p89289841018_f12370_f21100_a0_dac1p25,K5AC,A,0,0.005,1,0,30,ac,0.0,0.0,0,1.25,0,4.835948311874664,4.892898410183164,40.0,2370.0,1100.0,,0,1041724.4525722695,0.0001843008640631469,7300.176045009326,13.214621479009939,24.83864453513464,0,2473621.9916389273,427.6481377972312,497.95304431610305,70.30490651887186,-48.7568998068243,-50.0,-2.4862003863514004,,,,,,,,,,,,,,,,,,,,,,,,,,,,,,,,,,,,0
s9_k5ac_a_s00_pos1_tap0_mc310_cpl0_rp4p91915065957_rn4p88698581371_f12370_f21100_a0_dac1p25,K5AC,A,0,0.005,1,0,310,ac,0.0,0.0,0,1.25,0,4.919150659565614,4.8869858137088515,40.0,2370.0,1100.0,,0,1036806.9150558001,1.692778870132815e-05,8.381723563641772,13.593472712537562,25.213240587630274,0,2473621.9916389273,425.2235739294133,507.29061621834734,82.06704228893403,-49.3885773033748,-50.0,-1.2228453932503935,,,,,,,,,,,,,,,,,,,,,,,,,,,,,,,,,,,,0
s9_k5ac_a_s00_pos1_tap0_mc311_cpl0_rp4p97950094251_rn4p81502723685_f12370_f21100_a0_dac1p25,K5AC,A,0,0.005,1,0,311,ac,0.0,0.0,0,1.25,0,4.979500942505569,4.815027236851347,40.0,2370.0,1100.0,,0,1001153.7021879698,0.00305234038164364,8511.380382024412,13.828769848014911,25.399721408782824,0,2473621.9916389273,437.4061982610582,498.98655185909115,61.58035359803296,-49.50859476592934,-50.0,-0.9828104681413263,,,,,,,,,,,,,,,,,,,,,,,,,,,,,,,,,,,,0
s9_k5ac_a_s00_pos1_tap0_mc312_cpl0_rp4p85421677397_rn4p93578066086_f12370_f21100_a0_dac1p25,K5AC,A,0,0.005,1,0,312,ac,0.0,0.0,0,1.25,0,4.854216773966086,4.93578066086069,40.0,2370.0,1100.0,,0,976552.710737355,0.0004093079675254505,6456.542290347031,13.688584918430298,25.259984107483753,0,2473621.9916389273,443.02034459117385,487.1971731727566,44.176828581582754,-48.91142049414644,-50.0,-2.1771590117071193,,,,,,,,,,,,,,,,,,,,,,,,,,,,,,,,,,,,0
s9_k5ac_a_s00_pos1_tap0_mc313_cpl0_rp4p98338584299_rn4p91619498451_f12370_f21100_a0_dac1p25,K5AC,A,0,0.005,1,0,313,ac,0.0,0.0,0,1.25,0,4.983385842985257,4.916194984507036,40.0,2370.0,1100.0,,0,961857.9019691646,1.685258101788881e-05,8.709635899560965,14.010217173692382,25.435141829905913,0,2473621.9916389273,442.1750767588835,489.8126835436481,47.637606784764614,-49.77827467433624,-50.0,-0.44345065132752604,,,,,,,,,,,,,,,,,,,,,,,,,,,,,,,,,,,,0
s9_k5ac_a_s00_pos1_tap0_mc314_cpl0_rp4p89178270321_rn4p94014608917_f12370_f21100_a0_dac1p25,K5AC,A,0,0.005,1,0,314,ac,0.0,0.0,0,1.25,0,4.891782703214047,4.940146089174542,40.0,2370.0,1100.0,,0,963614.9137700229,0.002319154014268719,7762.471166287502,13.857092186920147,25.354875872397628,0,2473621.9916389273,444.30061285388905,486.353611536479,42.05299868258993,-50.37982127465988,-50.0,0.7596425493197723,,,,,,,,,,,,,,,,,,,,,,,,,,,,,,,,,,,,0
s9_k5ac_a_s00_pos1_tap0_mc315_cpl0_rp4p95978440736_rn4p8024986592_f12370_f21100_a0_dac1p25,K5AC,A,0,0.005,1,0,315,ac,0.0,0.0,0,1.25,0,4.959784407358611,4.802498659200176,40.0,2370.0,1100.0,,0,995803.356268626,0.005406818488369806,9332.543007970628,13.380613748226688,24.940428470900148,0,2473621.9916389273,436.8099344958078,486.11575190294684,49.305817407139045,-49.80832841450595,-50.0,-0.383343170988093,,,,,,,,,,,,,,,,,,,,,,,,,,,,,,,,,,,,0
s9_k5ac_a_s00_pos1_tap0_mc316_cpl0_rp4p8583602032_rn4p98732433574_f12370_f21100_a0_dac1p25,K5AC,A,0,0.005,1,0,316,ac,0.0,0.0,0,1.25,0,4.858360203204931,4.987324335735985,40.0,2370.0,1100.0,,0,1011765.6385881773,0.010609128988676522,10154.68992433159,12.881433951639409,24.266279643908405,0,2473621.9916389273,429.84335388068695,476.4196894031038,46.576335522416855,-50.19845262206288,-50.0,0.396905244125767,,,,,,,,,,,,,,,,,,,,,,,,,,,,,,,,,,,,0
s9_k5ac_a_s00_pos1_tap0_mc317_cpl0_rp4p82552376357_rn4p82055786459_f12370_f21100_a0_dac1p25,K5AC,A,0,0.005,1,0,317,ac,0.0,0.0,0,1.25,0,4.82552376357094,4.820557864589539,40.0,2370.0,1100.0,,0,981892.9648255748,1.6993799998724883e-05,8.643042860748515,13.534373265752386,24.993663858264135,0,2473621.9916389273,437.07306589821707,484.2047017997884,47.131635901571315,-49.94524266979778,-50.0,-0.10951466040444169,,,,,,,,,,,,,,,,,,,,,,,,,,,,,,,,,,,,0
s9_k5ac_a_s00_pos1_tap0_mc318_cpl0_rp4p84069031269_rn4p98513015361_f12370_f21100_a0_dac1p25,K5AC,A,0,0.005,1,0,318,ac,0.0,0.0,0,1.25,0,4.840690312693934,4.985130153606704,40.0,2370.0,1100.0,,0,1017055.5126364548,1.6879309257380462e-05,8.709635899560965,13.364807327233793,24.942576537140525,0,2473621.9916389273,428.9311043002321,492.69569621812457,63.76459191789246,-50.35624266480547,-50.0,0.7124853296109457,,,,,,,,,,,,,,,,,,,,,,,,,,,,,,,,,,,,0
s9_k5ac_a_s00_pos1_tap0_mc319_cpl0_rp4p96200176157_rn4p84345370776_f12370_f21100_a0_dac1p25,K5AC,A,0,0.005,1,0,319,ac,0.0,0.0,0,1.25,0,4.962001761568163,4.843453707764987,40.0,2370.0,1100.0,,0,1006385.1308513107,0.005725495483580452,9120.108393559796,13.61144596257029,25.221170406995274,0,2473621.9916389273,438.19789184457863,495.10002233606457,56.902130491485934,-49.810682525453316,-50.0,-0.3786349490933705,,,,,,,,,,,,,,,,,,,,,,,,,,,,,,,,,,,,0
s9_k5ac_a_s00_pos1_tap0_mc31_cpl0_rp4p91238377778_rn4p90702706778_f12370_f21100_a0_dac1p25,K5AC,A,0,0.005,1,0,31,ac,0.0,0.0,0,1.25,0,4.91238377777619,4.907027067784478,40.0,2370.0,1100.0,,0,988271.2751683538,1.715603542686856e-05,10.471285480509202,14.021847245719087,25.626792972281347,0,2473621.9916389273,441.8942680757196,498.8369301388123,56.94266206309271,-50.21016939884163,-50.0,0.42033879768326177,,,,,,,,,,,,,,,,,,,,,,,,,,,,,,,,,,,,0
s9_k5ac_a_s00_pos1_tap0_mc320_cpl0_rp4p94079104441_rn4p85031532654_f12370_f21100_a0_dac1p25,K5AC,A,0,0.005,1,0,320,ac,0.0,0.0,0,1.25,0,4.94079104441064,4.850315326540354,40.0,2370.0,1100.0,,0,994906.1307744394,0.005801804225536163,8844.365191386672,13.471577271196024,24.97461891378275,0,2473621.9916389273,438.30602348786647,487.2123041377385,48.90628064987203,-49.11456080676447,-50.0,-1.7708783864710531,,,,,,,,,,,,,,,,,,,,,,,,,,,,,,,,,,,,0
s9_k5ac_a_s00_pos1_tap0_mc321_cpl0_rp4p84593878108_rn4p95414659732_f12370_f21100_a0_dac1p25,K5AC,A,0,0.005,1,0,321,ac,0.0,0.0,0,1.25,0,4.84593878108377,4.954146597320956,40.0,2370.0,1100.0,,0,1047784.4993550823,1.7117878836732624e-05,9.549925860214541,13.391329343211648,25.092944560863334,0,2473621.9916389273,424.5953822211261,506.1363694127539,81.54098719162778,-50.099382731027475,-50.0,0.1987654620549506,,,,,,,,,,,,,,,,,,,,,,,,,,,,,,,,,,,,0
s9_k5ac_a_s00_pos1_tap0_mc322_cpl0_rp4p88794486298_rn4p92582512111_f12370_f21100_a0_dac1p25,K5AC,A,0,0.005,1,0,322,ac,0.0,0.0,0,1.25,0,4.887944862983555,4.925825121113205,40.0,2370.0,1100.0,,0,986631.7630049877,1.6897096306562793e-05,8.709635899560965,13.825543459450884,25.33606919964393,0,2473621.9916389273,438.7346323243314,493.45902296441585,54.72439064008444,-50.41765353103954,-50.0,0.8353070620790826,,,,,,,,,,,,,,,,,,,,,,,,,,,,,,,,,,,,0
s9_k5ac_a_s00_pos1_tap0_mc323_cpl0_rp4p90553250384_rn4p94125211623_f12370_f21100_a0_dac1p25,K5AC,A,0,0.005,1,0,323,ac,0.0,0.0,0,1.25,0,4.905532503835353,4.941252116231823,40.0,2370.0,1100.0,,0,1039638.7445674201,0.0038904458704216625,9697.65359108324,13.401939782768537,25.063829675192974,0,2473621.9916389273,429.11594796469535,503.19746803491114,74.08152007021579,-49.8377792336495,-50.0,-0.32444153270100307,,,,,,,,,,,,,,,,,,,,,,,,,,,,,,,,,,,,0
s9_k5ac_a_s00_pos1_tap0_mc324_cpl0_rp4p92711695148_rn4p94017579379_f12370_f21100_a0_dac1p25,K5AC,A,0,0.005,1,0,324,ac,0.0,0.0,0,1.25,0,4.927116951481417,4.940175793790639,40.0,2370.0,1100.0,,0,999554.581726097,0.009610970629791292,10391.2230383525,13.504054600526038,24.876092323465652,0,2473621.9916389273,433.6700300383838,488.70962926592534,55.039599227541544,-49.80220454083517,-50.0,-0.395590918329658,,,,,,,,,,,,,,,,,,,,,,,,,,,,,,,,,,,,0
s9_k5ac_a_s00_pos1_tap0_mc325_cpl0_rp4p97719083858_rn4p83856473353_f12370_f21100_a0_dac1p25,K5AC,A,0,0.005,1,0,325,ac,0.0,0.0,0,1.25,0,4.977190838577252,4.83856473352589,40.0,2370.0,1100.0,,0,983119.6781899197,1.7181930362781183e-05,10.000000000000194,13.375801634197405,24.871091094460215,0,2473621.9916389273,437.65423102292215,480.2388150133818,42.584583990459635,-50.42709089430266,-50.0,0.8541817886053238,,,,,,,,,,,,,,,,,,,,,,,,,,,,,,,,,,,,0
s9_k5ac_a_s00_pos1_tap0_mc326_cpl0_rp4p80220230232_rn4p9260628808_f12370_f21100_a0_dac1p25,K5AC,A,0,0.005,1,0,326,ac,0.0,0.0,0,1.25,0,4.802202302320365,4.9260628807986935,40.0,2370.0,1100.0,,0,963834.5724663131,0.012388139941485427,10232.929922808335,14.072943174716395,25.629971335153733,0,2473621.9916389273,445.9275536512503,491.7960649517705,45.8685113005202,-50.30465336723317,-50.0,0.6093067344663528,,,,,,,,,,,,,,,,,,,,,,,,,,,,,,,,,,,,0
s9_k5ac_a_s00_pos1_tap0_mc327_cpl0_rp4p98419978995_rn4p98528530742_f12370_f21100_a0_dac1p25,K5AC,A,0,0.005,1,0,327,ac,0.0,0.0,0,1.25,0,4.984199789948746,4.985285307417603,40.0,2370.0,1100.0,,0,1018826.5464505907,1.7215703313813286e-05,10.391223038351896,14.065299699478206,25.72885060633299,0,2473621.9916389273,433.04280329756887,514.1523156281918,81.10951233062292,-48.824283893208786,-50.0,-2.3514322135824273,,,,,,,,,,,,,,,,,,,,,,,,,,,,,,,,,,,,0
s9_k5ac_a_s00_pos1_tap0_mc328_cpl0_rp4p90300382731_rn4p86494179242_f12370_f21100_a0_dac1p25,K5AC,A,0,0.005,1,0,328,ac,0.0,0.0,0,1.25,0,4.903003827305519,4.864941792415385,40.0,2370.0,1100.0,,0,1021004.8578093403,1.698015049279564e-05,9.120108393559267,13.576824736249844,25.28840760526688,0,2473621.9916389273,433.92608195481563,500.5823150518031,66.65623309698748,-48.9933724547743,-50.0,-2.0132550904513935,,,,,,,,,,,,,,,,,,,,,,,,,,,,,,,,,,,,0
s9_k5ac_a_s00_pos1_tap0_mc329_cpl0_rp4p99221349543_rn4p95927698213_f12370_f21100_a0_dac1p25,K5AC,A,0,0.005,1,0,329,ac,0.0,0.0,0,1.25,0,4.992213495431391,4.9592769821292695,40.0,2370.0,1100.0,,0,957695.6414268472,0.0007291899008423212,6556.418494180273,14.637070718888339,26.23113882205845,0,2473621.9916389273,451.70065614448527,504.9457696227441,53.245113478258816,-49.68913210373514,-50.0,-0.6217357925297207,,,,,,,,,,,,,,,,,,,,,,,,,,,,,,,,,,,,0
s9_k5ac_a_s00_pos1_tap0_mc32_cpl0_rp4p96050602795_rn4p96200633114_f12370_f21100_a0_dac1p25,K5AC,A,0,0.005,1,0,32,ac,0.0,0.0,0,1.25,0,4.9605060279521584,4.962006331137889,40.0,2370.0,1100.0,,0,1011715.6072216392,0.013792539408868591,12208.622540591678,13.90242848639535,25.560835203621767,0,2473621.9916389273,434.48054047178374,505.4467650888821,70.96622461709836,-48.47673407329386,-50.0,-3.046531853412271,,,,,,,,,,,,,,,,,,,,,,,,,,,,,,,,,,,,0
s9_k5ac_a_s00_pos1_tap0_mc330_cpl0_rp4p91558154065_rn4p96510370256_f12370_f21100_a0_dac1p25,K5AC,A,0,0.005,1,0,330,ac,0.0,0.0,0,1.25,0,4.915581540647153,4.965103702564974,40.0,2370.0,1100.0,,0,1040366.3341164953,0.003643843555085108,8981.178609607632,13.226359076883739,24.882215677591667,0,2473621.9916389273,428.4644491058193,497.595568556159,69.13111945033967,-48.47861297800542,-50.0,-3.0427740439891604,,,,,,,,,,,,,,,,,,,,,,,,,,,,,,,,,,,,0
s9_k5ac_a_s00_pos1_tap0_mc331_cpl0_rp4p97558872925_rn4p83245917806_f12370_f21100_a0_dac1p25,K5AC,A,0,0.005,1,0,331,ac,0.0,0.0,0,1.25,0,4.975588729248402,4.832459178060731,40.0,2370.0,1100.0,,0,997285.6607184799,0.0024750547189110743,8128.305161641608,13.739037572384282,25.235654512435726,0,2473621.9916389273,437.9211704487809,495.4487882744352,57.52761782565426,-49.74585506668401,-50.0,-0.5082898666319835,,,,,,,,,,,,,,,,,,,,,,,,,,,,,,,,,,,,0
s9_k5ac_a_s00_pos1_tap0_mc332_cpl0_rp4p90246655749_rn4p86125622139_f12370_f21100_a0_dac1p25,K5AC,A,0,0.005,1,0,332,ac,0.0,0.0,0,1.25,0,4.902466557485988,4.861256221385882,40.0,2370.0,1100.0,,0,956470.3196666712,1.6679789773106577e-05,7.88254877402035,13.796002519311081,25.170842130963933,0,2473621.9916389273,440.1574283659053,481.7758376578597,41.618409291954436,-48.73338151289992,-50.0,-2.5332369742001593,,,,,,,,,,,,,,,,,,,,,,,,,,,,,,,,,,,,0
s9_k5ac_a_s00_pos1_tap0_mc333_cpl0_rp4p82998402142_rn4p83369798188_f12370_f21100_a0_dac1p25,K5AC,A,0,0.005,1,0,333,ac,0.0,0.0,0,1.25,0,4.829984021423327,4.83369798188037,40.0,2370.0,1100.0,,0,1064099.2436071094,0.0036394143630536138,9261.187281288645,12.915557714647214,24.569791670050435,0,2473621.9916389273,423.5194454777803,499.1652257110111,75.64578023323077,-49.01026187413008,-50.0,-1.9794762517398423,,,,,,,,,,,,,,,,,,,,,,,,,,,,,,,,,,,,0
s9_k5ac_a_s00_pos1_tap0_mc334_cpl0_rp4p9407138088_rn4p89653783335_f12370_f21100_a0_dac1p25,K5AC,A,0,0.005,1,0,334,ac,0.0,0.0,0,1.25,0,4.940713808798093,4.896537833346362,40.0,2370.0,1100.0,,0,1036302.3619246903,0.0019143592555509212,8381.723563642257,12.798609234300821,24.230362716883498,0,2473621.9916389273,423.6651069608726,482.9299932427045,59.26488628183188,-49.17915515368578,-50.0,-1.6416896926284452,,,,,,,,,,,,,,,,,,,,,,,,,,,,,,,,,,,,0
s9_k5ac_a_s00_pos1_tap0_mc335_cpl0_rp4p90257119724_rn4p88311731641_f12370_f21100_a0_dac1p25,K5AC,A,0,0.005,1,0,335,ac,0.0,0.0,0,1.25,0,4.902571197242816,4.883117316405052,40.0,2370.0,1100.0,,0,966185.9217466093,0.008022839214810229,8912.509381338137,13.385915522147096,24.724006118309223,0,2473621.9916389273,441.1994688340872,473.70067596033823,32.50120712625102,-49.978656363738786,-50.0,-0.04268727252242366,,,,,,,,,,,,,,,,,,,,,,,,,,,,,,,,,,,,0
s9_k5ac_a_s00_pos1_tap0_mc336_cpl0_rp4p81947198874_rn4p819389373_f12370_f21100_a0_dac1p25,K5AC,A,0,0.005,1,0,336,ac,0.0,0.0,0,1.25,0,4.819471988738018,4.819389372999971,40.0,2370.0,1100.0,,0,1032257.6824985335,1.702578122585328e-05,8.844365191386158,13.754462223501626,25.418198545640767,0,2473621.9916389273,427.788812107973,510.35738270089604,82.56857059292304,-49.581240428614514,-50.0,-0.8375191427709705,,,,,,,,,,,,,,,,,,,,,,,,,,,,,,,,,,,,0
s9_k5ac_a_s00_pos1_tap0_mc337_cpl0_rp4p95491820271_rn4p96581853132_f12370_f21100_a0_dac1p25,K5AC,A,0,0.005,1,0,337,ac,0.0,0.0,0,1.25,0,4.954918202712485,4.96581853132089,40.0,2370.0,1100.0,,0,1002852.6357799936,0.0076709795358376135,10232.929922808335,14.019852277384505,25.733355340832297,0,2473621.9916389273,438.9768199380452,505.8508591630287,66.8740392249835,-48.68900205036972,-50.0,-2.621995899260554,,,,,,,,,,,,,,,,,,,,,,,,,,,,,,,,,,,,0
s9_k5ac_a_s00_pos1_tap0_mc338_cpl0_rp4p9956170884_rn4p81202203629_f12370_f21100_a0_dac1p25,K5AC,A,0,0.005,1,0,338,ac,0.0,0.0,0,1.25,0,4.99561708840307,4.81202203629184,40.0,2370.0,1100.0,,0,1021644.5669485863,1.7065145479880645e-05,9.332543007970086,13.915555426043941,25.535266898564174,0,2473621.9916389273,430.45949033688674,510.1360831722087,79.67659283532197,-50.15952760688463,-50.0,0.3190552137692704,,,,,,,,,,,,,,,,,,,,,,,,,,,,,,,,,,,,0
s9_k5ac_a_s00_pos1_tap0_mc339_cpl0_rp4p95748339794_rn4p95452081035_f12370_f21100_a0_dac1p25,K5AC,A,0,0.005,1,0,339,ac,0.0,0.0,0,1.25,0,4.957483397936279,4.954520810347603,40.0,2370.0,1100.0,,0,1010231.6339128223,0.010941547125184392,10471.28548050981,13.246986361466435,24.81173785458973,0,2473621.9916389273,433.0199311322527,486.43435840192944,53.414427269676764,-49.222423668826444,-50.0,-1.5551526623471146,,,,,,,,,,,,,,,,,,,,,,,,,,,,,,,,,,,,0
s9_k5ac_a_s00_pos1_tap0_mc33_cpl0_rp4p95988642499_rn4p935069326_f12370_f21100_a0_dac1p25,K5AC,A,0,0.005,1,0,33,ac,0.0,0.0,0,1.25,0,4.95988642498907,4.935069325999115,40.0,2370.0,1100.0,,0,1014194.9799116954,0.008048467695478172,10633.265716372442,13.854775880341345,25.423725948421435,0,2473621.9916389273,435.25935490660186,505.95866263907965,70.69930773247779,-48.37872592048329,-50.0,-3.2425481590334204,,,,,,,,,,,,,,,,,,,,,,,,,,,,,,,,,,,,0
s9_k5ac_a_s00_pos1_tap0_mc340_cpl0_rp4p90220318843_rn4p92986892134_f12370_f21100_a0_dac1p25,K5AC,A,0,0.005,1,0,340,ac,0.0,0.0,0,1.25,0,4.902203188428109,4.929868921336512,40.0,2370.0,1100.0,,0,1039016.5851167719,1.6786648913694648e-05,8.190932242153117,12.749667418152239,24.17579629793158,0,2473621.9916389273,419.22629852265624,483.2621302432803,64.03583172062406,-49.07299711852477,-50.0,-1.8540057629504614,,,,,,,,,,,,,,,,,,,,,,,,,,,,,,,,,,,,0
s9_k5ac_a_s00_pos1_tap0_mc341_cpl0_rp4p90534040307_rn4p81497340489_f12370_f21100_a0_dac1p25,K5AC,A,0,0.005,1,0,341,ac,0.0,0.0,0,1.25,0,4.905340403071286,4.814973404890863,40.0,2370.0,1100.0,,0,1021444.8642404173,1.7071564879491632e-05,9.261187281288109,13.265255881634731,24.75884604134948,0,2473621.9916389273,426.49141840205016,492.0887546224858,65.59733622043564,-49.15904667891813,-50.0,-1.681906642163744,,,,,,,,,,,,,,,,,,,,,,,,,,,,,,,,,,,,0
s9_k5ac_a_s00_pos1_tap0_mc342_cpl0_rp4p98656084792_rn4p90291156487_f12370_f21100_a0_dac1p25,K5AC,A,0,0.005,1,0,342,ac,0.0,0.0,0,1.25,0,4.986560847916738,4.902911564867305,40.0,2370.0,1100.0,,0,984405.9088484879,1.6954418799245016e-05,9.05037692151729,13.637420587104243,25.075905866210455,0,2473621.9916389273,436.9082745661612,488.3992719675986,51.490997401437426,-49.425287740307475,-50.0,-1.149424519385045,,,,,,,,,,,,,,,,,,,,,,,,,,,,,,,,,,,,0
s9_k5ac_a_s00_pos1_tap0_mc343_cpl0_rp4p99656131957_rn4p97065165292_f12370_f21100_a0_dac1p25,K5AC,A,0,0.005,1,0,343,ac,0.0,0.0,0,1.25,0,4.996561319573822,4.970651652916327,40.0,2370.0,1100.0,,0,980219.7883188818,1.7215463460975235e-05,10.154689924331,13.709667209010679,25.234361264676586,0,2473621.9916389273,439.68096466017596,488.03861307713805,48.35764841696209,-49.09540571211661,-50.0,-1.8091885757667847,,,,,,,,,,,,,,,,,,,,,,,,,,,,,,,,,,,,0
s9_k5ac_a_s00_pos1_tap0_mc344_cpl0_rp4p8299055002_rn4p9577330151_f12370_f21100_a0_dac1p25,K5AC,A,0,0.005,1,0,344,ac,0.0,0.0,0,1.25,0,4.829905500199244,4.9577330150973475,40.0,2370.0,1100.0,,0,994693.2981063199,0.005350948802092763,9120.108393559796,13.814344229847782,25.438305305018527,0,2473621.9916389273,439.7392146636295,496.89597685053803,57.15676218690851,-48.81233954561059,-50.0,-2.375320908778822,,,,,,,,,,,,,,,,,,,,,,,,,,,,,,,,,,,,0
s9_k5ac_a_s00_pos1_tap0_mc345_cpl0_rp4p91178804964_rn4p95803916_f12370_f21100_a0_dac1p25,K5AC,A,0,0.005,1,0,345,ac,0.0,0.0,0,1.25,0,4.911788049635343,4.958039159999634,40.0,2370.0,1100.0,,0,988521.0545172156,1.6960959034719403e-05,8.643042860748515,13.290504210928905,24.72951887655098,0,2473621.9916389273,434.8816939336864,479.6423622486522,44.76066831496581,-48.242909183473444,-50.0,-3.514181633053115,,,,,,,,,,,,,,,,,,,,,,,,,,,,,,,,,,,,0
s9_k5ac_a_s00_pos1_tap0_mc346_cpl0_rp4p95091706066_rn4p83074072944_f12370_f21100_a0_dac1p25,K5AC,A,0,0.005,1,0,346,ac,0.0,0.0,0,1.25,0,4.950917060659432,4.830740729440689,40.0,2370.0,1100.0,,0,996571.3011136048,0.0044750082908882015,8576.958985909594,13.966071234032084,25.663698734127085,0,2473621.9916389273,441.8515315133837,501.40732377998773,59.555792266604044,-48.80800114492732,-50.0,-2.383997710145369,,,,,,,,,,,,,,,,,,,,,,,,,,,,,,,,,,,,0
s9_k5ac_a_s00_pos1_tap0_mc347_cpl0_rp4p81050197929_rn4p99799788589_f12370_f21100_a0_dac1p25,K5AC,A,0,0.005,1,0,347,ac,0.0,0.0,0,1.25,0,4.810501979291309,4.997997885892762,40.0,2370.0,1100.0,,0,959001.9855454535,1.690244116022175e-05,8.776742025360223,13.552014928505686,24.950963290352973,0,2473621.9916389273,441.54454558603675,476.5080127728831,34.963467186846344,-50.08859439796831,-50.0,0.1771887959366225,,,,,,,,,,,,,,,,,,,,,,,,,,,,,,,,,,,,0
s9_k5ac_a_s00_pos1_tap0_mc348_cpl0_rp4p90435188009_rn4p95296849483_f12370_f21100_a0_dac1p25,K5AC,A,0,0.005,1,0,348,ac,0.0,0.0,0,1.25,0,4.904351880087993,4.952968494829702,40.0,2370.0,1100.0,,0,987686.9270946936,0.005072631012519343,8709.63589956147,13.924108942609234,25.376433063275538,0,2473621.9916389273,439.18044502402194,495.41138626493324,56.23094124091131,-49.41462868825849,-50.0,-1.1707426234830232,,,,,,,,,,,,,,,,,,,,,,,,,,,,,,,,,,,,0
s9_k5ac_a_s00_pos1_tap0_mc349_cpl0_rp4p80775995127_rn4p94290003584_f12370_f21100_a0_dac1p25,K5AC,A,0,0.005,1,0,349,ac,0.0,0.0,0,1.25,0,4.807759951268537,4.942900035838714,40.0,2370.0,1100.0,,0,1014140.1054059243,0.005647850435289705,10077.048141361822,13.484922320250579,24.94154639140658,0,2473621.9916389273,429.94835931179506,494.1940417023184,64.24568239052331,-48.80765799717408,-50.0,-2.384684005651838,,,,,,,,,,,,,,,,,,,,,,,,,,,,,,,,,,,,0
s9_k5ac_a_s00_pos1_tap0_mc34_cpl0_rp4p94041079688_rn4p86686414758_f12370_f21100_a0_dac1p25,K5AC,A,0,0.005,1,0,34,ac,0.0,0.0,0,1.25,0,4.940410796875379,4.86686414757738,40.0,2370.0,1100.0,,0,1017448.3486747713,0.0008571689889571974,7025.328989731044,13.160087204990152,24.69749739441647,0,2473621.9916389273,431.9481016212562,486.64078823657445,54.69268661531822,-48.96466435666043,-50.0,-2.070671286679149,,,,,,,,,,,,,,,,,,,,,,,,,,,,,,,,,,,,0
s9_k5ac_a_s00_pos1_tap0_mc350_cpl0_rp4p9821021453_rn4p83073120294_f12370_f21100_a0_dac1p25,K5AC,A,0,0.005,1,0,350,ac,0.0,0.0,0,1.25,0,4.9821021453014485,4.830731202937128,40.0,2370.0,1100.0,,0,978782.5170177479,0.007158325222659255,9261.187281288645,13.422680298500774,24.88418368770357,0,2473621.9916389273,439.94156506753194,480.2048517629641,40.26328669543216,-49.354008214652325,-50.0,-1.2919835706953542,,,,,,,,,,,,,,,,,,,,,,,,,,,,,,,,,,,,0
s9_k5ac_a_s00_pos1_tap0_mc351_cpl0_rp4p95947545201_rn4p92850750481_f12370_f21100_a0_dac1p25,K5AC,A,0,0.005,1,0,351,ac,0.0,0.0,0,1.25,0,4.959475452006212,4.928507504812834,40.0,2370.0,1100.0,,0,999470.5353049638,1.7131422812441596e-05,9.623506263981069,13.581495839796402,25.235252384355494,0,2473621.9916389273,437.6821149997337,492.6363774847471,54.95426248501337,-50.31950416295692,-50.0,0.6390083259138368,,,,,,,,,,,,,,,,,,,,,,,,,,,,,,,,,,,,0
s9_k5ac_a_s00_pos1_tap0_mc352_cpl0_rp4p86151125407_rn4p80872221969_f12370_f21100_a0_dac1p25,K5AC,A,0,0.005,1,0,352,ac,0.0,0.0,0,1.25,0,4.861511254074463,4.808722219690718,40.0,2370.0,1100.0,,0,1029161.4353011681,1.738405546626456e-05,11.930720363265586,12.855613707548509,24.276101063644074,0,2473621.9916389273,426.13421548810123,482.4663733816124,56.33215789351118,-49.25407444282607,-50.0,-1.491851114347864,,,,,,,,,,,,,,,,,,,,,,,,,,,,,,,,,,,,0
s9_k5ac_a_s00_pos1_tap0_mc353_cpl0_rp4p95643416182_rn4p82999746377_f12370_f21100_a0_dac1p25,K5AC,A,0,0.005,1,0,353,ac,0.0,0.0,0,1.25,0,4.956434161817279,4.8299974637653555,40.0,2370.0,1100.0,,0,1001849.0839988469,0.010922231337496794,10633.265716372442,13.386429218383705,24.91105125629187,0,2473621.9916389273,434.26831963571874,487.4141788750318,53.14585923931304,-49.78093625561064,-50.0,-0.43812748877871677,,,,,,,,,,,,,,,,,,,,,,,,,,,,,,,,,,,,0
s9_k5ac_a_s00_pos1_tap0_mc354_cpl0_rp4p84962509036_rn4p80721882217_f12370_f21100_a0_dac1p25,K5AC,A,0,0.005,1,0,354,ac,0.0,0.0,0,1.25,0,4.8496250903626885,4.807218822168093,40.0,2370.0,1100.0,,0,1018803.1172749884,0.0019003393571757462,7822.279563860615,12.882804666085946,24.386043996420632,0,2473621.9916389273,429.20038451077505,480.41567701586376,51.21529250508871,-48.20478281175922,-50.0,-3.590434376481555,,,,,,,,,,,,,,,,,,,,,,,,,,,,,,,,,,,,0
s9_k5ac_a_s00_pos1_tap0_mc355_cpl0_rp4p94433603634_rn4p87460786106_f12370_f21100_a0_dac1p25,K5AC,A,0,0.005,1,0,355,ac,0.0,0.0,0,1.25,0,4.944336036342694,4.8746078610627555,40.0,2370.0,1100.0,,0,1014146.5914357872,0.003524275217623726,9120.108393559796,13.603298986681194,25.120691210817352,0,2473621.9916389273,432.24489896446886,498.1065207610306,65.86162179656174,-49.5727006779412,-50.0,-0.854598644117599,,,,,,,,,,,,,,,,,,,,,,,,,,,,,,,,,,,,0
s9_k5ac_a_s00_pos1_tap0_mc356_cpl0_rp4p83543496854_rn4p92643634125_f12370_f21100_a0_dac1p25,K5AC,A,0,0.005,1,0,356,ac,0.0,0.0,0,1.25,0,4.835434968537871,4.926436341247537,40.0,2370.0,1100.0,,0,994141.0111652289,0.0028456536937464983,8004.483861359523,13.538368105783082,25.121349806314658,0,2473621.9916389273,438.4036042695376,488.814528807214,50.41092453767641,-48.861896084645636,-50.0,-2.276207830708732,,,,,,,,,,,,,,,,,,,,,,,,,,,,,,,,,,,,0
s9_k5ac_a_s00_pos1_tap0_mc357_cpl0_rp4p85171281517_rn4p97429835531_f12370_f21100_a0_dac1p25,K5AC,A,0,0.005,1,0,357,ac,0.0,0.0,0,1.25,0,4.851712815170218,4.974298355305494,40.0,2370.0,1100.0,,0,1013374.1185160372,0.0030372410738761894,9050.376921517814,13.461149563292986,24.853199282432954,0,2473621.9916389273,430.4617813592933,493.4605045918629,62.9987232325696,-49.15371557986919,-50.0,-1.6925688402616101,,,,,,,,,,,,,,,,,,,,,,,,,,,,,,,,,,,,0
s9_k5ac_a_s00_pos1_tap0_mc358_cpl0_rp4p95073484148_rn4p83316653686_f12370_f21100_a0_dac1p25,K5AC,A,0,0.005,1,0,358,ac,0.0,0.0,0,1.25,0,4.950734841476744,4.83316653685868,40.0,2370.0,1100.0,,0,998973.8455369326,1.721680007405425e-05,10.797751623277312,13.826756430481613,25.407923622968717,0,2473621.9916389273,437.8754536369343,498.06763375769356,60.19218012075925,-48.22127890629367,-50.0,-3.5574421874126627,,,,,,,,,,,,,,,,,,,,,,,,,,,,,,,,,,,,0
s9_k5ac_a_s00_pos1_tap0_mc359_cpl0_rp4p93716222101_rn4p91789299485_f12370_f21100_a0_dac1p25,K5AC,A,0,0.005,1,0,359,ac,0.0,0.0,0,1.25,0,4.937162221005011,4.9178929948462615,40.0,2370.0,1100.0,,0,970021.4702525743,0.003864557431211814,7882.548774020808,13.519127429568053,24.899937322532697,0,2473621.9916389273,441.28744023134385,478.43857998685246,37.15113975550861,-49.147500372020225,-50.0,-1.7049992559595495,,,,,,,,,,,,,,,,,,,,,,,,,,,,,,,,,,,,0
s9_k5ac_a_s00_pos1_tap0_mc35_cpl0_rp4p95208791014_rn4p99208304511_f12370_f21100_a0_dac1p25,K5AC,A,0,0.005,1,0,35,ac,0.0,0.0,0,1.25,0,4.952087910136527,4.992083045111767,40.0,2370.0,1100.0,,0,1062388.0467508456,0.0020710570869822086,9404.44851726424,13.11291938706323,24.83513675419855,0,2473621.9916389273,422.75165681115135,503.14475849963196,80.39310168848061,-48.61731882604164,-50.0,-2.765362347916722,,,,,,,,,,,,,,,,,,,,,,,,,,,,,,,,,,,,0
s9_k5ac_a_s00_pos1_tap0_mc360_cpl0_rp4p82135856404_rn4p87489965256_f12370_f21100_a0_dac1p25,K5AC,A,0,0.005,1,0,360,ac,0.0,0.0,0,1.25,0,4.821358564040581,4.874899652559036,40.0,2370.0,1100.0,,0,1043466.2356301772,1.692522786529954e-05,9.05037692151729,13.291501149919561,25.00362856662443,0,2473621.9916389273,427.49331825246014,501.93196195329705,74.4386437008369,-50.19718027462062,-50.0,0.3943605492412461,,,,,,,,,,,,,,,,,,,,,,,,,,,,,,,,,,,,0
s9_k5ac_a_s00_pos1_tap0_mc361_cpl0_rp4p86248091917_rn4p82293002995_f12370_f21100_a0_dac1p25,K5AC,A,0,0.005,1,0,361,ac,0.0,0.0,0,1.25,0,4.862480919167026,4.822930029950884,40.0,2370.0,1100.0,,0,985761.5743962263,0.0038020030651212885,8576.958985909594,14.240805361426634,25.83311789079566,0,2473621.9916389273,442.51281643994076,505.19929828011254,62.68648184017178,-50.609438131554896,-50.0,1.2188762631097916,,,,,,,,,,,,,,,,,,,,,,,,,,,,,,,,,,,,0
s9_k5ac_a_s00_pos1_tap0_mc362_cpl0_rp4p9542069252_rn4p96607958157_f12370_f21100_a0_dac1p25,K5AC,A,0,0.005,1,0,362,ac,0.0,0.0,0,1.25,0,4.954206925200493,4.966079581566705,40.0,2370.0,1100.0,,0,947900.9127088401,1.6784267831774155e-05,8.066156921766275,14.207577017494295,25.674782517302305,0,2473621.9916389273,443.5682972006756,489.58346123467595,46.01516403400035,-49.08046910652506,-50.0,-1.8390617869498804,,,,,,,,,,,,,,,,,,,,,,,,,,,,,,,,,,,,0
s9_k5ac_a_s00_pos1_tap0_mc363_cpl0_rp4p90238655191_rn4p98796905454_f12370_f21100_a0_dac1p25,K5AC,A,0,0.005,1,0,363,ac,0.0,0.0,0,1.25,0,4.902386551911495,4.987969054540464,40.0,2370.0,1100.0,,0,1001877.6112790031,0.009800239546711727,10715.1930523769,13.467848529789089,25.000963023265477,0,2473621.9916389273,434.0206421087935,489.781275958128,55.76063384933451,-50.01777428210273,-50.0,0.03554856420544539,,,,,,,,,,,,,,,,,,,,,,,,,,,,,,,,,,,,0
s9_k5ac_a_s00_pos1_tap0_mc364_cpl0_rp4p93064728425_rn4p90218938398_f12370_f21100_a0_dac1p25,K5AC,A,0,0.005,1,0,364,ac,0.0,0.0,0,1.25,0,4.930647284245638,4.902189383984671,40.0,2370.0,1100.0,,0,1009025.912703311,0.002061289118155554,8511.380382024412,13.87041173835151,25.533599115420643,0,2473621.9916389273,436.73362097877873,504.0761517834559,67.34253080467715,-49.18514347321052,-50.0,-1.6297130535789517,,,,,,,,,,,,,,,,,,,,,,,,,,,,,,,,,,,,0
s9_k5ac_a_s00_pos1_tap0_mc365_cpl0_rp4p89352669764_rn4p99713850694_f12370_f21100_a0_dac1p25,K5AC,A,0,0.005,1,0,365,ac,0.0,0.0,0,1.25,0,4.893526697639626,4.9971385069410745,40.0,2370.0,1100.0,,0,1017533.9509623074,0.0039007202668144025,9050.376921517814,13.799976852091488,25.43173658689926,0,2473621.9916389273,435.115325231588,505.2386965319511,70.12337130036315,-49.346220011072866,-50.0,-1.3075599778542668,,,,,,,,,,,,,,,,,,,,,,,,,,,,,,,,,,,,0
s9_k5ac_a_s00_pos1_tap0_mc366_cpl0_rp4p92708777645_rn4p95060794107_f12370_f21100_a0_dac1p25,K5AC,A,0,0.005,1,0,366,ac,0.0,0.0,0,1.25,0,4.927087776453835,4.950607941074332,40.0,2370.0,1100.0,,0,932247.0556494604,0.0065916347058851705,8576.958985909594,14.413903528965095,25.829768370117186,0,2473621.9916389273,453.8363657209058,489.42977831917744,35.59341259827164,-48.13058801177125,-50.0,-3.738823976457495,,,,,,,,,,,,,,,,,,,,,,,,,,,,,,,,,,,,0
s9_k5ac_a_s00_pos1_tap0_mc367_cpl0_rp4p9587155105_rn4p84268748339_f12370_f21100_a0_dac1p25,K5AC,A,0,0.005,1,0,367,ac,0.0,0.0,0,1.25,0,4.958715510498481,4.842687483386079,40.0,2370.0,1100.0,,0,1049356.397359417,1.7156199825090343e-05,9.697653591082679,12.921024350742666,24.526591848940647,0,2473621.9916389273,422.9656516414708,492.5900518398046,69.62440019833377,-50.37568924727201,-50.0,0.7513784945440083,,,,,,,,,,,,,,,,,,,,,,,,,,,,,,,,,,,,0
s9_k5ac_a_s00_pos1_tap0_mc368_cpl0_rp4p810449634_rn4p86473871651_f12370_f21100_a0_dac1p25,K5AC,A,0,0.005,1,0,368,ac,0.0,0.0,0,1.25,0,4.810449634000735,4.864738716514117,40.0,2370.0,1100.0,,0,962870.7823256348,0.003641064383280503,8004.483861359523,14.19281715524533,25.763514487974355,0,2473621.9916389273,447.4875443254318,494.5801832492777,47.09263892384587,-49.265434220029526,-50.0,-1.4691315599409505,,,,,,,,,,,,,,,,,,,,,,,,,,,,,,,,,,,,0
s9_k5ac_a_s00_pos1_tap0_mc369_cpl0_rp4p83780655351_rn4p96173884227_f12370_f21100_a0_dac1p25,K5AC,A,0,0.005,1,0,369,ac,0.0,0.0,0,1.25,0,4.8378065535060415,4.961738842269194,40.0,2370.0,1100.0,,0,1040078.9615985677,1.7160366629554405e-05,10.633265716371824,12.959393567122685,24.511594148917762,0,2473621.9916389273,424.5090231970276,490.28801832413,65.7789951271024,-49.216944266824626,-50.0,-1.5661114663507503,,,,,,,,,,,,,,,,,,,,,,,,,,,,,,,,,,,,0
s9_k5ac_a_s00_pos1_tap0_mc36_cpl0_rp4p89051213336_rn4p91102046899_f12370_f21100_a0_dac1p25,K5AC,A,0,0.005,1,0,36,ac,0.0,0.0,0,1.25,0,4.890512133363556,4.911020468986035,40.0,2370.0,1100.0,,0,980667.5980244668,0.004886915580492349,8511.380382024412,13.637055341492696,25.025194118968248,0,2473621.9916389273,440.0648307520839,485.828537013058,45.76370626097412,-50.78804397661431,-50.0,1.5760879532286332,,,,,,,,,,,,,,,,,,,,,,,,,,,,,,,,,,,,0
s9_k5ac_a_s00_pos1_tap0_mc370_cpl0_rp4p87013601696_rn4p83252297655_f12370_f21100_a0_dac1p25,K5AC,A,0,0.005,1,0,370,ac,0.0,0.0,0,1.25,0,4.870136016964239,4.832522976546414,40.0,2370.0,1100.0,,0,982051.36092104,1.6684469103362585e-05,7.9432823472429535,14.232524612380914,25.82507389984939,0,2473621.9916389273,441.3544014061216,503.6470064457102,62.29260503958858,-50.79385362128963,-50.0,1.5877072425792615,,,,,,,,,,,,,,,,,,,,,,,,,,,,,,,,,,,,0
s9_k5ac_a_s00_pos1_tap0_mc371_cpl0_rp4p86654325462_rn4p88635229818_f12370_f21100_a0_dac1p25,K5AC,A,0,0.005,1,0,371,ac,0.0,0.0,0,1.25,0,4.8665432546165865,4.886352298180757,40.0,2370.0,1100.0,,0,1021237.0044615536,1.73022878986088e-05,11.049263568487813,13.3289359433912,24.941679308172848,0,2473621.9916389273,430.2304790399815,493.58937856747355,63.35889952749204,-48.80196828049332,-50.0,-2.396063439013363,,,,,,,,,,,,,,,,,,,,,,,,,,,,,,,,,,,,0
s9_k5ac_a_s00_pos1_tap0_mc372_cpl0_rp4p86454746998_rn4p81397610298_f12370_f21100_a0_dac1p25,K5AC,A,0,0.005,1,0,372,ac,0.0,0.0,0,1.25,0,4.864547469978217,4.813976102978372,40.0,2370.0,1100.0,,0,1008428.3798170114,0.0011280142806884537,7188.969923658608,12.991167294615469,24.36840790305132,0,2473621.9916389273,430.5637173317601,477.3205106798957,46.7567933481356,-48.13208227399537,-50.0,-3.7358354520092507,,,,,,,,,,,,,,,,,,,,,,,,,,,,,,,,,,,,0
s9_k5ac_a_s00_pos1_tap0_mc373_cpl0_rp4p82021042013_rn4p87152732858_f12370_f21100_a0_dac1p25,K5AC,A,0,0.005,1,0,373,ac,0.0,0.0,0,1.25,0,4.820210420133134,4.87152732857917,40.0,2370.0,1100.0,,0,1031034.3211394906,1.6921707382590112e-05,8.776742025360223,13.446683992033243,25.088430243670512,0,2473621.9916389273,425.871477280175,501.68591316605807,75.81443588588309,-50.540036109583276,-50.0,1.0800722191665502,,,,,,,,,,,,,,,,,,,,,,,,,,,,,,,,,,,,0
s9_k5ac_a_s00_pos1_tap0_mc374_cpl0_rp4p96597706609_rn4p9266079295_f12370_f21100_a0_dac1p25,K5AC,A,0,0.005,1,0,374,ac,0.0,0.0,0,1.25,0,4.9659770660885005,4.926607929503884,40.0,2370.0,1100.0,,0,1034965.2000454388,1.7147858657772465e-05,10.077048141361237,13.082728460291436,24.604754896794574,0,2473621.9916389273,426.47090586159925,490.83376974784073,64.36286388624148,-49.089495912077744,-50.0,-1.8210081758445074,,,,,,,,,,,,,,,,,,,,,,,,,,,,,,,,,,,,0
s9_k5ac_a_s00_pos1_tap0_mc375_cpl0_rp4p96166779053_rn4p84369760712_f12370_f21100_a0_dac1p25,K5AC,A,0,0.005,1,0,375,ac,0.0,0.0,0,1.25,0,4.961667790527332,4.843697607124357,40.0,2370.0,1100.0,,0,973818.0323349948,0.005954160137447077,9404.44851726424,14.091231647729114,25.646437589606908,0,2473621.9916389273,443.0984569867404,496.02119716742595,52.92274018068554,-50.644727884865496,-50.0,1.289455769730985,,,,,,,,,,,,,,,,,,,,,,,,,,,,,,,,,,,,0
s9_k5ac_a_s00_pos1_tap0_mc376_cpl0_rp4p81682870265_rn4p98341790765_f12370_f21100_a0_dac1p25,K5AC,A,0,0.005,1,0,376,ac,0.0,0.0,0,1.25,0,4.816828702649654,4.983417907650963,40.0,2370.0,1100.0,,0,916034.8777165614,1.7486468154909755e-05,13.182567385564356,14.623759130677163,26.042161822618414,0,2473621.9916389273,458.47169668437186,489.83352354828156,31.361826863909698,-48.644001369813644,-50.0,-2.7119972603727116,,,,,,,,,,,,,,,,,,,,,,,,,,,,,,,,,,,,0
s9_k5ac_a_s00_pos1_tap0_mc377_cpl0_rp4p97531267993_rn4p96638275321_f12370_f21100_a0_dac1p25,K5AC,A,0,0.005,1,0,377,ac,0.0,0.0,0,1.25,0,4.975312679925663,4.96638275321214,40.0,2370.0,1100.0,,0,984564.3056902293,0.007994102756905307,9772.372209558862,14.003885925718569,25.557707627294228,0,2473621.9916389273,441.6377652361348,497.844908292043,56.207143055908205,-50.28474620005322,-50.0,0.5694924001064416,,,,,,,,,,,,,,,,,,,,,,,,,,,,,,,,,,,,0
s9_k5ac_a_s00_pos1_tap0_mc378_cpl0_rp4p98102116802_rn4p95759466643_f12370_f21100_a0_dac1p25,K5AC,A,0,0.005,1,0,378,ac,0.0,0.0,0,1.25,0,4.981021168023387,4.957594666434592,40.0,2370.0,1100.0,,0,1027388.5054988512,1.6935223370019156e-05,9.190377133632765,13.241836868139087,24.78460752453232,0,2473621.9916389273,428.21152819796924,492.815911861709,64.60438366373978,-49.08153421797679,-50.0,-1.836931564046429,,,,,,,,,,,,,,,,,,,,,,,,,,,,,,,,,,,,0
s9_k5ac_a_s00_pos1_tap0_mc379_cpl0_rp4p85025387931_rn4p81333884203_f12370_f21100_a0_dac1p25,K5AC,A,0,0.005,1,0,379,ac,0.0,0.0,0,1.25,0,4.8502538793082275,4.813338842027529,40.0,2370.0,1100.0,,0,1021085.6608793085,1.7026013857826652e-05,8.981178609607111,13.624317070849404,25.144607531796048,0,2473621.9916389273,429.4194956189386,501.60433989284405,72.18484427390547,-49.832410217755104,-50.0,-0.3351795644897959,,,,,,,,,,,,,,,,,,,,,,,,,,,,,,,,,,,,0
s9_k5ac_a_s00_pos1_tap0_mc37_cpl0_rp4p91353117255_rn4p90618399729_f12370_f21100_a0_dac1p25,K5AC,A,0,0.005,1,0,37,ac,0.0,0.0,0,1.25,0,4.913531172554432,4.9061839972879255,40.0,2370.0,1100.0,,0,969962.1408362198,0.002466591544666612,7413.10241300973,13.639450233923183,25.094551364843422,0,2473621.9916389273,441.5667330393003,482.29171021749545,40.72497717819516,-49.02343608662171,-50.0,-1.9531278267565844,,,,,,,,,,,,,,,,,,,,,,,,,,,,,,,,,,,,0
s9_k5ac_a_s00_pos1_tap0_mc380_cpl0_rp4p8342499485_rn4p80841874944_f12370_f21100_a0_dac1p25,K5AC,A,0,0.005,1,0,380,ac,0.0,0.0,0,1.25,0,4.834249948504327,4.808418749436675,40.0,2370.0,1100.0,,0,994814.8453278505,1.729254707654578e-05,11.659144011798558,13.93151740503175,25.63997258529395,0,2473621.9916389273,440.7636593735734,500.06221466839247,59.298555294819096,-49.974706119077915,-50.0,-0.05058776184416747,,,,,,,,,,,,,,,,,,,,,,,,,,,,,,,,,,,,0
s9_k5ac_a_s00_pos1_tap0_mc381_cpl0_rp4p93833998422_rn4p95849003087_f12370_f21100_a0_dac1p25,K5AC,A,0,0.005,1,0,381,ac,0.0,0.0,0,1.25,0,4.938339984218674,4.958490030869813,40.0,2370.0,1100.0,,0,1026597.3328730542,1.7006297847238748e-05,8.844365191386158,13.627687457507259,25.269036384220314,0,2473621.9916389273,427.6252142478877,504.69638154256774,77.07116729468004,-48.727951715326604,-50.0,-2.5440965693467876,,,,,,,,,,,,,,,,,,,,,,,,,,,,,,,,,,,,0
s9_k5ac_a_s00_pos1_tap0_mc382_cpl0_rp4p85980346978_rn4p9255657309_f12370_f21100_a0_dac1p25,K5AC,A,0,0.005,1,0,382,ac,0.0,0.0,0,1.25,0,4.8598034697783765,4.925565730900889,40.0,2370.0,1100.0,,0,1002174.2594593393,1.6986244203076478e-05,8.776742025360223,13.495376026331604,25.103244765381742,0,2473621.9916389273,434.87927383224076,490.3598164408725,55.480542608631765,-50.37805048597657,-50.0,0.7561009719531553,,,,,,,,,,,,,,,,,,,,,,,,,,,,,,,,,,,,0
s9_k5ac_a_s00_pos1_tap0_mc383_cpl0_rp4p93533219708_rn4p99686233652_f12370_f21100_a0_dac1p25,K5AC,A,0,0.005,1,0,383,ac,0.0,0.0,0,1.25,0,4.93533219707689,4.9968623365198095,40.0,2370.0,1100.0,,0,967547.8383288973,1.705528919306487e-05,9.332543007970086,13.375439896093024,24.825210512703748,0,2473621.9916389273,441.1452474194569,476.42263575531774,35.27738833586085,-48.99523264464404,-50.0,-2.0095347107119133,,,,,,,,,,,,,,,,,,,,,,,,,,,,,,,,,,,,0
s9_k5ac_a_s00_pos1_tap0_mc384_cpl0_rp4p82681854755_rn4p89418104924_f12370_f21100_a0_dac1p25,K5AC,A,0,0.005,1,0,384,ac,0.0,0.0,0,1.25,0,4.826818547547624,4.894181049244806,40.0,2370.0,1100.0,,0,982439.0280398865,0.01041765611249455,9697.65359108324,13.45529414352643,24.92825581414986,0,2473621.9916389273,440.68939133556484,482.01643179150125,41.32704045593641,-50.270891858331964,-50.0,0.541783716663935,,,,,,,,,,,,,,,,,,,,,,,,,,,,,,,,,,,,0
s9_k5ac_a_s00_pos1_tap0_mc385_cpl0_rp4p82334653952_rn4p96920156457_f12370_f21100_a0_dac1p25,K5AC,A,0,0.005,1,0,385,ac,0.0,0.0,0,1.25,0,4.823346539518324,4.969201564568424,40.0,2370.0,1100.0,,0,994411.3463740967,1.7083262717614867e-05,9.404448517263694,13.333660964957675,24.95072721552884,0,2473621.9916389273,437.3840458344637,484.4529402457066,47.06889441124292,-50.67859913455506,-50.0,1.3571982691101159,,,,,,,,,,,,,,,,,,,,,,,,,,,,,,,,,,,,0
s9_k5ac_a_s00_pos1_tap0_mc386_cpl0_rp4p9492909582_rn4p92820090188_f12370_f21100_a0_dac1p25,K5AC,A,0,0.005,1,0,386,ac,0.0,0.0,0,1.25,0,4.949290958203621,4.928200901884112,40.0,2370.0,1100.0,,0,1051244.6453404708,0.005891354991591328,10311.772745931354,12.73483335938085,24.314769013202625,0,2473621.9916389273,422.81861011169394,488.0547651725014,65.23615506080745,-48.519423077352506,-50.0,-2.9611538452949837,,,,,,,,,,,,,,,,,,,,,,,,,,,,,,,,,,,,0
s9_k5ac_a_s00_pos1_tap0_mc387_cpl0_rp4p91077197555_rn4p87562027692_f12370_f21100_a0_dac1p25,K5AC,A,0,0.005,1,0,387,ac,0.0,0.0,0,1.25,0,4.91077197555383,4.875620276920817,40.0,2370.0,1100.0,,0,1004678.1660179902,0.009213509975441651,10715.1930523769,14.086533506107633,25.868010278801805,0,2473621.9916389273,440.16120318165173,508.5241708236647,68.36296764201296,-49.51809695548278,-50.0,-0.9638060890344358,,,,,,,,,,,,,,,,,,,,,,,,,,,,,,,,,,,,0
s9_k5ac_a_s00_pos1_tap0_mc388_cpl0_rp4p8967202948_rn4p96860524371_f12370_f21100_a0_dac1p25,K5AC,A,0,0.005,1,0,388,ac,0.0,0.0,0,1.25,0,4.896720294796431,4.9686052437063335,40.0,2370.0,1100.0,,0,980145.4637581991,0.0005286351099371677,6709.137099554609,13.993350403560257,25.62087531499383,0,2473621.9916389273,444.0024768733591,495.41517795432054,51.412701080961426,-50.13910346064686,-50.0,0.27820692129372215,,,,,,,,,,,,,,,,,,,,,,,,,,,,,,,,,,,,0
s9_k5ac_a_s00_pos1_tap0_mc389_cpl0_rp4p80341691496_rn4p80398045639_f12370_f21100_a0_dac1p25,K5AC,A,0,0.005,1,0,389,ac,0.0,0.0,0,1.25,0,4.803416914963317,4.803980456388981,40.0,2370.0,1100.0,,0,1007867.4559143226,0.0017289463732964442,8190.932242153593,13.395210372375395,24.853903388587653,0,2473621.9916389273,430.8309520010493,489.52569575416834,58.69474375311904,-49.56088455641135,-50.0,-0.8782308871773004,,,,,,,,,,,,,,,,,,,,,,,,,,,,,,,,,,,,0
s9_k5ac_a_s00_pos1_tap0_mc38_cpl0_rp4p95872617372_rn4p86957208005_f12370_f21100_a0_dac1p25,K5AC,A,0,0.005,1,0,38,ac,0.0,0.0,0,1.25,0,4.958726173715687,4.869572080054028,40.0,2370.0,1100.0,,0,963864.4426642853,0.009706159256588368,9476.908045142321,13.589933896273733,24.87078133221275,0,2473621.9916389273,441.24298384127724,477.7793670826053,36.53638324132805,-49.228248526279735,-50.0,-1.5435029474405337,,,,,,,,,,,,,,,,,,,,,,,,,,,,,,,,,,,,0
s9_k5ac_a_s00_pos1_tap0_mc390_cpl0_rp4p8339069814_rn4p91507442577_f12370_f21100_a0_dac1p25,K5AC,A,0,0.005,1,0,390,ac,0.0,0.0,0,1.25,0,4.833906981402235,4.915074425769694,40.0,2370.0,1100.0,,0,1013870.9060460184,0.0028915517159745253,8709.63589956147,13.275743912880534,24.749810782815793,0,2473621.9916389273,430.87036605791997,489.07022775642395,58.19986169850398,-50.07227224106218,-50.0,0.14454448212435356,,,,,,,,,,,,,,,,,,,,,,,,,,,,,,,,,,,,0
s9_k5ac_a_s00_pos1_tap0_mc391_cpl0_rp4p88553270259_rn4p9329426081_f12370_f21100_a0_dac1p25,K5AC,A,0,0.005,1,0,391,ac,0.0,0.0,0,1.25,0,4.885532702587025,4.932942608102221,40.0,2370.0,1100.0,,0,981467.5049377986,0.004902492864595219,9261.187281288645,14.520912805095243,26.151552112685323,0,2473621.9916389273,444.1658498643844,510.5297479390233,66.36389807463888,-48.71280335534363,-50.0,-2.5743932893127375,,,,,,,,,,,,,,,,,,,,,,,,,,,,,,,,,,,,0
s9_k5ac_a_s00_pos1_tap0_mc392_cpl0_rp4p83513013559_rn4p89780080987_f12370_f21100_a0_dac1p25,K5AC,A,0,0.005,1,0,392,ac,0.0,0.0,0,1.25,0,4.83513013559402,4.897800809870664,40.0,2370.0,1100.0,,0,1022406.0719818813,1.7080231138390375e-05,9.772372209558293,13.04007952372764,24.484649851387143,0,2473621.9916389273,425.79548142690146,485.31374249705874,59.51826107015728,-50.35861216987467,-50.0,0.717224339749345,,,,,,,,,,,,,,,,,,,,,,,,,,,,,,,,,,,,0
s9_k5ac_a_s00_pos1_tap0_mc393_cpl0_rp4p80353684907_rn4p93527749599_f12370_f21100_a0_dac1p25,K5AC,A,0,0.005,1,0,393,ac,0.0,0.0,0,1.25,0,4.80353684906974,4.935277495986037,40.0,2370.0,1100.0,,0,1017162.7315016041,0.006887300443500633,10797.75162327794,13.339939227155433,24.78676963815834,0,2473621.9916389273,428.20319577413414,491.26379621089194,63.060600436757795,-48.598102290824194,-50.0,-2.8037954183516067,,,,,,,,,,,,,,,,,,,,,,,,,,,,,,,,,,,,0
s9_k5ac_a_s00_pos1_tap0_mc394_cpl0_rp4p82055042637_rn4p8023678576_f12370_f21100_a0_dac1p25,K5AC,A,0,0.005,1,0,394,ac,0.0,0.0,0,1.25,0,4.820550426374241,4.802367857598705,40.0,2370.0,1100.0,,0,983505.4994447331,1.723318121882088e-05,10.96478196143207,14.169282145706822,25.713750730790093,0,2473621.9916389273,439.9897389163396,501.45907962594094,61.46934070960134,-48.66053545199438,-50.0,-2.67892909601124,,,,,,,,,,,,,,,,,,,,,,,,,,,,,,,,,,,,0
s9_k5ac_a_s00_pos1_tap0_mc395_cpl0_rp4p89495892087_rn4p93433731851_f12370_f21100_a0_dac1p25,K5AC,A,0,0.005,1,0,395,ac,0.0,0.0,0,1.25,0,4.894958920869686,4.93433731850674,40.0,2370.0,1100.0,,0,955230.3523702578,0.006740883618334705,9050.376921517814,14.181209471810496,25.620575375785283,0,2473621.9916389273,446.97710463784387,491.1777402885568,44.20063565071291,-50.172747118256595,-50.0,0.34549423651319966,,,,,,,,,,,,,,,,,,,,,,,,,,,,,,,,,,,,0
s9_k5ac_a_s00_pos1_tap0_mc396_cpl0_rp4p98745526316_rn4p86824203872_f12370_f21100_a0_dac1p25,K5AC,A,0,0.005,1,0,396,ac,0.0,0.0,0,1.25,0,4.987455263162662,4.868242038715888,40.0,2370.0,1100.0,,0,1011743.9489341883,1.7322069201078734e-05,11.839499222293265,14.092168773318603,25.701801686041804,0,2473621.9916389273,434.5340016763226,511.3915654997762,76.85756382345363,-50.559992557288034,-50.0,1.119985114576072,,,,,,,,,,,,,,,,,,,,,,,,,,,,,,,,,,,,0
s9_k5ac_a_s00_pos1_tap0_mc397_cpl0_rp4p90265991512_rn4p90356505476_f12370_f21100_a0_dac1p25,K5AC,A,0,0.005,1,0,397,ac,0.0,0.0,0,1.25,0,4.902659915120735,4.90356505476135,40.0,2370.0,1100.0,,0,964902.7063646107,1.7122034451181206e-05,10.471285480509202,14.46405164146275,25.970024579638686,0,2473621.9916389273,446.8663925218282,502.301102710898,55.43471018906985,-49.218992595522984,-50.0,-1.5620148089540375,,,,,,,,,,,,,,,,,,,,,,,,,,,,,,,,,,,,0
s9_k5ac_a_s00_pos1_tap0_mc398_cpl0_rp4p80471789267_rn4p89921458537_f12370_f21100_a0_dac1p25,K5AC,A,0,0.005,1,0,398,ac,0.0,0.0,0,1.25,0,4.804717892669463,4.899214585370171,40.0,2370.0,1100.0,,0,986374.1566156705,0.005862783114930622,8981.178609607632,13.611220809243415,25.216045564309603,0,2473621.9916389273,441.07792523560494,488.3689449410039,47.29101970539898,-49.464177664369515,-50.0,-1.071644671260974,,,,,,,,,,,,,,,,,,,,,,,,,,,,,,,,,,,,0
s9_k5ac_a_s00_pos1_tap0_mc399_cpl0_rp4p94975224819_rn4p92047709746_f12370_f21100_a0_dac1p25,K5AC,A,0,0.005,1,0,399,ac,0.0,0.0,0,1.25,0,4.949752248185426,4.920477097461969,40.0,2370.0,1100.0,,0,1066182.6730007816,0.0015869643141831723,9404.44851726424,13.194635133372577,24.949857234044714,0,2473621.9916389273,423.4957778897087,508.75788060556397,85.26210271585529,-50.292190709071185,-50.0,0.5843814181423657,,,,,,,,,,,,,,,,,,,,,,,,,,,,,,,,,,,,0
s9_k5ac_a_s00_pos1_tap0_mc39_cpl0_rp4p8405063552_rn4p81892231565_f12370_f21100_a0_dac1p25,K5AC,A,0,0.005,1,0,39,ac,0.0,0.0,0,1.25,0,4.84050635520103,4.818922315649883,40.0,2370.0,1100.0,,0,1043288.4060729936,0.010228372871795685,12783.997194631253,13.634110204921202,25.366136646679916,0,2473621.9916389273,428.4327645149959,511.98039029300537,83.54762577800949,-50.12387293396618,-50.0,0.24774586793236963,,,,,,,,,,,,,,,,,,,,,,,,,,,,,,,,,,,,0
s9_k5ac_a_s00_pos1_tap0_mc3_cpl0_rp4p84546201527_rn4p84758850786_f12370_f21100_a0_dac1p25,K5AC,A,0,0.005,1,0,3,ac,0.0,0.0,0,1.25,0,4.845462015270863,4.847588507857414,40.0,2370.0,1100.0,,0,1031654.115063644,0.006532627050414665,9923.540961321773,12.964671144949724,24.60841444114676,0,2473621.9916389273,429.468850474536,488.23301610946265,58.764165634926655,-49.52148711399491,-50.0,-0.9570257720101782,,,,,,,,,,,,,,,,,,,,,,,,,,,,,,,,,,,,0
s9_k5ac_a_s00_pos1_tap0_mc400_cpl0_rp4p96530491431_rn4p91631368562_f12370_f21100_a0_dac1p25,K5AC,A,0,0.005,1,0,400,ac,0.0,0.0,0,1.25,0,4.965304914305209,4.916313685616408,40.0,2370.0,1100.0,,0,1055385.415450705,1.7156756412589455e-05,10.000000000000194,13.18843609106926,24.93385869907848,0,2473621.9916389273,425.34972981853394,503.8608001676503,78.51107034911638,-49.249754144693405,-50.0,-1.5004917106131943,,,,,,,,,,,,,,,,,,,,,,,,,,,,,,,,,,,,0
s9_k5ac_a_s00_pos1_tap0_mc401_cpl0_rp4p95092194907_rn4p84362522238_f12370_f21100_a0_dac1p25,K5AC,A,0,0.005,1,0,401,ac,0.0,0.0,0,1.25,0,4.950921949066017,4.84362522237532,40.0,2370.0,1100.0,,0,1025733.4941730298,1.7127950183507576e-05,9.476908045141773,13.319680721668943,24.945989476722097,0,2473621.9916389273,429.58912892807416,494.8109603622178,65.22183143414367,-48.641915207164026,-50.0,-2.716169585671946,,,,,,,,,,,,,,,,,,,,,,,,,,,,,,,,,,,,0
s9_k5ac_a_s00_pos1_tap0_mc402_cpl0_rp4p98126867566_rn4p82711134242_f12370_f21100_a0_dac1p25,K5AC,A,0,0.005,1,0,402,ac,0.0,0.0,0,1.25,0,4.9812686756609805,4.827111342419783,40.0,2370.0,1100.0,,0,1005442.9810990528,1.7351982106864573e-05,13.593563908785555,14.306623923458947,26.001588792888768,0,2473621.9916389273,437.23111214401257,514.3891855536052,77.15807340959265,-48.34370948959507,-50.0,-3.312581020809857,,,,,,,,,,,,,,,,,,,,,,,,,,,,,,,,,,,,0
s9_k5ac_a_s00_pos1_tap0_mc403_cpl0_rp4p99032477697_rn4p97633558441_f12370_f21100_a0_dac1p25,K5AC,A,0,0.005,1,0,403,ac,0.0,0.0,0,1.25,0,4.9903247769715176,4.9763355844074555,40.0,2370.0,1100.0,,0,957734.6401835927,0.0021997135312357913,7413.10241300973,14.837347504636668,26.423344732479414,0,2473621.9916389273,451.6823684339467,509.74177521326084,58.059406779314145,-49.83448705300439,-50.0,-0.3310258939912214,,,,,,,,,,,,,,,,,,,,,,,,,,,,,,,,,,,,0
s9_k5ac_a_s00_pos1_tap0_mc404_cpl0_rp4p86031491887_rn4p8693215276_f12370_f21100_a0_dac1p25,K5AC,A,0,0.005,1,0,404,ac,0.0,0.0,0,1.25,0,4.860314918872622,4.869321527601691,40.0,2370.0,1100.0,,0,1010291.8082340409,1.756679081983722e-05,14.4543977074596,13.764199756545688,25.331446617953308,0,2473621.9916389273,434.81616256255825,502.30594748789514,67.48978492533689,-50.03941767035372,-50.0,0.07883534070745046,,,,,,,,,,,,,,,,,,,,,,,,,,,,,,,,,,,,0
s9_k5ac_a_s00_pos1_tap0_mc405_cpl0_rp4p84107779984_rn4p84599880095_f12370_f21100_a0_dac1p25,K5AC,A,0,0.005,1,0,405,ac,0.0,0.0,0,1.25,0,4.8410777998379455,4.845998800947448,40.0,2370.0,1100.0,,0,998073.0977234943,1.7100818492178574e-05,9.476908045141773,13.853301611860509,25.421583702927293,0,2473621.9916389273,435.7307333930846,498.0785364346867,62.347803041602106,-49.3863260438018,-50.0,-1.2273479123963926,,,,,,,,,,,,,,,,,,,,,,,,,,,,,,,,,,,,0
s9_k5ac_a_s00_pos1_tap0_mc406_cpl0_rp4p89299198434_rn4p98436690755_f12370_f21100_a0_dac1p25,K5AC,A,0,0.005,1,0,406,ac,0.0,0.0,0,1.25,0,4.89299198433958,4.984366907551315,40.0,2370.0,1100.0,,0,1014975.860747272,0.00139379215578361,7882.548774020808,13.262199781447348,24.85117473053021,0,2473621.9916389273,432.2597306888592,489.7668821107325,57.507151421873345,-48.70181249983361,-50.0,-2.5963750003327846,,,,,,,,,,,,,,,,,,,,,,,,,,,,,,,,,,,,0
s9_k5ac_a_s00_pos1_tap0_mc407_cpl0_rp4p96593796823_rn4p9707304606_f12370_f21100_a0_dac1p25,K5AC,A,0,0.005,1,0,407,ac,0.0,0.0,0,1.25,0,4.965937968229974,4.970730460595229,40.0,2370.0,1100.0,,0,991024.9525122852,1.7276131648189212e-05,12.302687708124076,13.567147998643861,25.02285298101762,0,2473621.9916389273,436.2543118657629,487.24359326807263,50.98928140230976,-48.53490208521915,-50.0,-2.930195829561699,,,,,,,,,,,,,,,,,,,,,,,,,,,,,,,,,,,,0
s9_k5ac_a_s00_pos1_tap0_mc408_cpl0_rp4p82589970076_rn4p98712990102_f12370_f21100_a0_dac1p25,K5AC,A,0,0.005,1,0,408,ac,0.0,0.0,0,1.25,0,4.825899700761262,4.987129901023796,40.0,2370.0,1100.0,,0,999818.6524324769,1.7075369361806882e-05,9.549925860214541,13.472810127887332,24.991889360011516,0,2473621.9916389273,435.7050448237573,489.3906555988714,53.68561077511407,-48.3750246127344,-50.0,-3.249950774531196,,,,,,,,,,,,,,,,,,,,,,,,,,,,,,,,,,,,0
s9_k5ac_a_s00_pos1_tap0_mc409_cpl0_rp4p93634229341_rn4p88383298296_f12370_f21100_a0_dac1p25,K5AC,A,0,0.005,1,0,409,ac,0.0,0.0,0,1.25,0,4.936342293409816,4.883832982963993,40.0,2370.0,1100.0,,0,992361.632271768,0.0034720623007296,8576.958985909594,13.972662299136164,25.62650397368905,0,2473621.9916389273,440.9983093536839,500.19361405619196,59.195304702508054,-49.25313293340025,-50.0,-1.493734133199498,,,,,,,,,,,,,,,,,,,,,,,,,,,,,,,,,,,,0
s9_k5ac_a_s00_pos1_tap0_mc40_cpl0_rp4p82617360232_rn4p86377609097_f12370_f21100_a0_dac1p25,K5AC,A,0,0.005,1,0,40,ac,0.0,0.0,0,1.25,0,4.826173602315599,4.863776090965167,40.0,2370.0,1100.0,,0,990418.3411392324,0.001003116200178135,7413.10241300973,13.892292687561238,25.54944935354583,0,2473621.9916389273,440.62567517919035,497.45838530101946,56.83271012182911,-49.03823471178843,-50.0,-1.9235305764231492,,,,,,,,,,,,,,,,,,,,,,,,,,,,,,,,,,,,0
s9_k5ac_a_s00_pos1_tap0_mc410_cpl0_rp4p88217981417_rn4p91530499969_f12370_f21100_a0_dac1p25,K5AC,A,0,0.005,1,0,410,ac,0.0,0.0,0,1.25,0,4.882179814174154,4.915304999687279,40.0,2370.0,1100.0,,0,1040027.978361001,1.7144182519506823e-05,9.404448517263694,13.004480918954046,24.505624254964104,0,2473621.9916389273,421.52195037442954,489.8155879626841,68.29363758825457,-49.93323274609043,-50.0,-0.133534507819133,,,,,,,,,,,,,,,,,,,,,,,,,,,,,,,,,,,,0
s9_k5ac_a_s00_pos1_tap0_mc411_cpl0_rp4p90140702224_rn4p91673451838_f12370_f21100_a0_dac1p25,K5AC,A,0,0.005,1,0,411,ac,0.0,0.0,0,1.25,0,4.901407022235087,4.916734518378269,40.0,2370.0,1100.0,,0,1014681.0291171643,1.7258807558979296e-05,10.311772745930755,13.705969412402123,25.29462829276546,0,2473621.9916389273,433.0189082748896,501.50841788275795,68.48950960786834,-49.64195344405683,-50.0,-0.7160931118863401,,,,,,,,,,,,,,,,,,,,,,,,,,,,,,,,,,,,0
s9_k5ac_a_s00_pos1_tap0_mc412_cpl0_rp4p80263980605_rn4p9274688818_f12370_f21100_a0_dac1p25,K5AC,A,0,0.005,1,0,412,ac,0.0,0.0,0,1.25,0,4.802639806050018,4.927468881796134,40.0,2370.0,1100.0,,0,984840.1122230502,1.6985550627331736e-05,8.844365191386158,14.3960412084278,26.00546760312807,0,2473621.9916389273,441.9344171355775,509.49534687623503,67.56092974065751,-49.56699987815012,-50.0,-0.8660002436997605,,,,,,,,,,,,,,,,,,,,,,,,,,,,,,,,,,,,0
s9_k5ac_a_s00_pos1_tap0_mc413_cpl0_rp4p85968246261_rn4p80562276972_f12370_f21100_a0_dac1p25,K5AC,A,0,0.005,1,0,413,ac,0.0,0.0,0,1.25,0,4.859682462612504,4.805622769718563,40.0,2370.0,1100.0,,0,945121.3090773227,1.7273912389873237e-05,11.13439609062384,14.113836982460377,25.580420533356833,0,2473621.9916389273,447.7646725602885,486.29134519374287,38.52667263345438,-49.16826460859488,-50.0,-1.663470782810239,,,,,,,,,,,,,,,,,,,,,,,,,,,,,,,,,,,,0
s9_k5ac_a_s00_pos1_tap0_mc414_cpl0_rp4p98184854148_rn4p8516092388_f12370_f21100_a0_dac1p25,K5AC,A,0,0.005,1,0,414,ac,0.0,0.0,0,1.25,0,4.981848541479969,4.851609238797026,40.0,2370.0,1100.0,,0,1007159.7967445609,0.010534146667412569,11569.999317503021,13.807422851186491,25.431259323818946,0,2473621.9916389273,435.2017306162798,501.817250332743,66.61551971646321,-48.843846078373225,-50.0,-2.312307843253547,,,,,,,,,,,,,,,,,,,,,,,,,,,,,,,,,,,,0
s9_k5ac_a_s00_pos1_tap0_mc415_cpl0_rp4p98902381976_rn4p83479926401_f12370_f21100_a0_dac1p25,K5AC,A,0,0.005,1,0,415,ac,0.0,0.0,0,1.25,0,4.989023819761244,4.834799264007673,40.0,2370.0,1100.0,,0,992789.0847725923,1.6697105840282247e-05,8.190932242153117,13.428972373571549,24.770759963248025,0,2473621.9916389273,431.1446293783078,483.8397083574707,52.69507897916293,-48.99916744124857,-50.0,-2.001665117502871,,,,,,,,,,,,,,,,,,,,,,,,,,,,,,,,,,,,0
s9_k5ac_a_s00_pos1_tap0_mc416_cpl0_rp4p81568951694_rn4p93831818861_f12370_f21100_a0_dac1p25,K5AC,A,0,0.005,1,0,416,ac,0.0,0.0,0,1.25,0,4.8156895169444285,4.938318188608376,40.0,2370.0,1100.0,,0,1002998.9167702127,1.6712148363217957e-05,7.88254877402035,13.686353305988177,25.16746971595321,0,2473621.9916389273,429.65201112969004,495.2882603636028,65.63624923391274,-50.11145630201887,-50.0,0.22291260403775048,,,,,,,,,,,,,,,,,,,,,,,,,,,,,,,,,,,,0
s9_k5ac_a_s00_pos1_tap0_mc417_cpl0_rp4p96149420523_rn4p81489206956_f12370_f21100_a0_dac1p25,K5AC,A,0,0.005,1,0,417,ac,0.0,0.0,0,1.25,0,4.961494205229407,4.814892069559012,40.0,2370.0,1100.0,,0,1058084.8334968125,0.00258856902477055,9623.506263981628,13.098104463844514,24.857296980586355,0,2473621.9916389273,423.6190243726064,501.40020925530143,77.78118488269502,-48.400056672237895,-50.0,-3.199886655524209,,,,,,,,,,,,,,,,,,,,,,,,,,,,,,,,,,,,0
s9_k5ac_a_s00_pos1_tap0_mc418_cpl0_rp4p8426734305_rn4p85663682175_f12370_f21100_a0_dac1p25,K5AC,A,0,0.005,1,0,418,ac,0.0,0.0,0,1.25,0,4.842673430497197,4.856636821747744,40.0,2370.0,1100.0,,0,981144.6873206605,0.0022657981972271837,7644.222742526577,13.416707040056465,24.812289421070627,0,2473621.9916389273,437.1496520544707,479.57585194458255,42.42619989011183,-49.68998880818277,-50.0,-0.6200223836344665,,,,,,,,,,,,,,,,,,,,,,,,,,,,,,,,,,,,0
s9_k5ac_a_s00_pos1_tap0_mc419_cpl0_rp4p90978219288_rn4p98810507864_f12370_f21100_a0_dac1p25,K5AC,A,0,0.005,1,0,419,ac,0.0,0.0,0,1.25,0,4.909782192875641,4.988105078638066,40.0,2370.0,1100.0,,0,1025154.5292382389,1.7238759822858345e-05,10.232929922807742,13.315380383293702,24.900920727839214,0,2473621.9916389273,430.24302550861984,493.4334839168761,63.19045840825629,-48.848137580007666,-50.0,-2.3037248399846666,,,,,,,,,,,,,,,,,,,,,,,,,,,,,,,,,,,,0
s9_k5ac_a_s00_pos1_tap0_mc41_cpl0_rp4p89027141912_rn4p97801839902_f12370_f21100_a0_dac1p25,K5AC,A,0,0.005,1,0,41,ac,0.0,0.0,0,1.25,0,4.890271419118427,4.978018399020955,40.0,2370.0,1100.0,,0,1014469.4983185652,1.721358960091392e-05,10.715193052376279,13.56574757129052,25.122601557047222,0,2473621.9916389273,431.5599386032522,498.3800690345731,66.82013043132093,-49.03361949210901,-50.0,-1.9327610157819808,,,,,,,,,,,,,,,,,,,,,,,,,,,,,,,,,,,,0
s9_k5ac_a_s00_pos1_tap0_mc420_cpl0_rp4p87611739853_rn4p9185599481_f12370_f21100_a0_dac1p25,K5AC,A,0,0.005,1,0,420,ac,0.0,0.0,0,1.25,0,4.876117398528499,4.918559948095463,40.0,2370.0,1100.0,,0,1011068.7355768137,1.7306631218936512e-05,12.02264434617438,13.471061595059778,24.909091301001094,0,2473621.9916389273,429.9331827018263,492.9537011761827,63.02051847435638,-49.59494725539937,-50.0,-0.8101054892012627,,,,,,,,,,,,,,,,,,,,,,,,,,,,,,,,,,,,0
s9_k5ac_a_s00_pos1_tap0_mc421_cpl0_rp4p87900528971_rn4p94147219615_f12370_f21100_a0_dac1p25,K5AC,A,0,0.005,1,0,421,ac,0.0,0.0,0,1.25,0,4.879005289711984,4.941472196154558,40.0,2370.0,1100.0,,0,984188.7122982983,0.006393559691220919,9261.187281288645,13.788470020125315,25.329034786156488,0,2473621.9916389273,440.6907037335633,491.565192624755,50.87448889119173,-50.01420113643267,-50.0,0.028402272865335476,,,,,,,,,,,,,,,,,,,,,,,,,,,,,,,,,,,,0
s9_k5ac_a_s00_pos1_tap0_mc422_cpl0_rp4p82462707523_rn4p90248850271_f12370_f21100_a0_dac1p25,K5AC,A,0,0.005,1,0,422,ac,0.0,0.0,0,1.25,0,4.8246270752332405,4.9024885027091925,40.0,2370.0,1100.0,,0,981035.081580193,0.0018619574878523703,7356.422544596963,13.922131525591396,25.461671646514443,0,2473621.9916389273,444.35840247441723,495.0765698195651,50.71816734514789,-50.325531958751,-50.0,0.6510639175020039,,,,,,,,,,,,,,,,,,,,,,,,,,,,,,,,,,,,0
s9_k5ac_a_s00_pos1_tap0_mc423_cpl0_rp4p83341517313_rn4p9478789508_f12370_f21100_a0_dac1p25,K5AC,A,0,0.005,1,0,423,ac,0.0,0.0,0,1.25,0,4.833415173128162,4.947878950800543,40.0,2370.0,1100.0,,0,1018264.9150587581,0.009645785177275478,10797.75162327794,13.256195764067948,24.713727315948617,0,2473621.9916389273,429.5275400899865,489.61447377913885,60.086933689152374,-50.18549911909609,-50.0,0.37099823819217725,,,,,,,,,,,,,,,,,,,,,,,,,,,,,,,,,,,,0
s9_k5ac_a_s00_pos1_tap0_mc424_cpl0_rp4p98497470264_rn4p87863981118_f12370_f21100_a0_dac1p25,K5AC,A,0,0.005,1,0,424,ac,0.0,0.0,0,1.25,0,4.984974702641672,4.878639811180132,40.0,2370.0,1100.0,,0,1041859.8651819576,1.6901844553194353e-05,8.446303185839836,13.312224274077334,24.989340078028413,0,2473621.9916389273,423.3834975096197,501.9835104940651,78.60001298444541,-49.77548404193162,-50.0,-0.4490319161367662,,,,,,,,,,,,,,,,,,,,,,,,,,,,,,,,,,,,0
s9_k5ac_a_s00_pos1_tap0_mc425_cpl0_rp4p88982410079_rn4p89862494377_f12370_f21100_a0_dac1p25,K5AC,A,0,0.005,1,0,425,ac,0.0,0.0,0,1.25,0,4.889824100787956,4.898624943770372,40.0,2370.0,1100.0,,0,961078.408481235,1.6956945108551812e-05,8.844365191386158,13.794668576849793,25.26438595659713,0,2473621.9916389273,441.8582458024477,483.46854492221973,41.61029911977204,-47.81643667907648,-50.0,-4.367126641847041,,,,,,,,,,,,,,,,,,,,,,,,,,,,,,,,,,,,0
s9_k5ac_a_s00_pos1_tap0_mc426_cpl0_rp4p91339773929_rn4p87662957089_f12370_f21100_a0_dac1p25,K5AC,A,0,0.005,1,0,426,ac,0.0,0.0,0,1.25,0,4.913397739285786,4.8766295708922005,40.0,2370.0,1100.0,,0,1020949.6209004878,1.701283766029947e-05,9.623506263981069,13.69749473952878,25.44355716078416,0,2473621.9916389273,432.9119341712692,503.31818162947263,70.40624745820344,-49.594020630706176,-50.0,-0.8119587385876481,,,,,,,,,,,,,,,,,,,,,,,,,,,,,,,,,,,,0
s9_k5ac_a_s00_pos1_tap0_mc427_cpl0_rp4p90178926913_rn4p81648021279_f12370_f21100_a0_dac1p25,K5AC,A,0,0.005,1,0,427,ac,0.0,0.0,0,1.25,0,4.901789269129636,4.816480212786739,40.0,2370.0,1100.0,,0,988672.6504832581,0.003983704701820329,9050.376921517814,14.133646613009665,25.71448163482227,0,2473621.9916389273,441.74391415575855,503.46306585948736,61.71915170372881,-49.940152069851216,-50.0,-0.11969586029756396,,,,,,,,,,,,,,,,,,,,,,,,,,,,,,,,,,,,0
s9_k5ac_a_s00_pos1_tap0_mc428_cpl0_rp4p9627612632_rn4p95493428922_f12370_f21100_a0_dac1p25,K5AC,A,0,0.005,1,0,428,ac,0.0,0.0,0,1.25,0,4.962761263201627,4.954934289218422,40.0,2370.0,1100.0,,0,1020397.426353054,0.006849557884857503,9847.666521102343,13.495898497066985,25.17025068457903,0,2473621.9916389273,433.401735063497,497.2404436667745,63.83870860327755,-49.84930216941857,-50.0,-0.3013956611628621,,,,,,,,,,,,,,,,,,,,,,,,,,,,,,,,,,,,0
s9_k5ac_a_s00_pos1_tap0_mc429_cpl0_rp4p86282359383_rn4p91195043688_f12370_f21100_a0_dac1p25,K5AC,A,0,0.005,1,0,429,ac,0.0,0.0,0,1.25,0,4.8628235938318385,4.9119504368805424,40.0,2370.0,1100.0,,0,969303.0115553673,0.003274139733991527,8004.483861359523,14.031988974748016,25.536218126412148,0,2473621.9916389273,445.5508940141763,493.2599880507111,47.70909403653479,-48.670868641365296,-50.0,-2.6582627172694107,,,,,,,,,,,,,,,,,,,,,,,,,,,,,,,,,,,,0
s9_k5ac_a_s00_pos1_tap0_mc42_cpl0_rp4p86668659914_rn4p82600599647_f12370_f21100_a0_dac1p25,K5AC,A,0,0.005,1,0,42,ac,0.0,0.0,0,1.25,0,4.866686599144292,4.826005996469422,40.0,2370.0,1100.0,,0,977213.5368126238,0.006188624063178041,9261.187281288645,13.71167877980016,25.152945639057616,0,2473621.9916389273,440.47540167125186,486.7139015346263,46.23849986337444,-50.26988226970343,-50.0,0.5397645394068507,,,,,,,,,,,,,,,,,,,,,,,,,,,,,,,,,,,,0
s9_k5ac_a_s00_pos1_tap0_mc430_cpl0_rp4p99434612323_rn4p82596910836_f12370_f21100_a0_dac1p25,K5AC,A,0,0.005,1,0,430,ac,0.0,0.0,0,1.25,0,4.994346123227494,4.825969108361858,40.0,2370.0,1100.0,,0,1027347.2022136298,0.006629832817970135,10311.772745931354,13.253851811947081,24.800075169568235,0,2473621.9916389273,428.4933330113948,493.7916363235674,65.2983033121726,-50.80115036147199,-50.0,1.6023007229439834,,,,,,,,,,,,,,,,,,,,,,,,,,,,,,,,,,,,0
s9_k5ac_a_s00_pos1_tap0_mc431_cpl0_rp4p91116573768_rn4p8298137622_f12370_f21100_a0_dac1p25,K5AC,A,0,0.005,1,0,431,ac,0.0,0.0,0,1.25,0,4.91116573767908,4.829813762201956,40.0,2370.0,1100.0,,0,1013469.4449715468,1.6970326892663365e-05,8.709635899560965,13.315122595809012,24.905903452228987,0,2473621.9916389273,430.730116213196,490.1485207025888,59.4184044893928,-48.9932207342254,-50.0,-2.0135585315491977,,,,,,,,,,,,,,,,,,,,,,,,,,,,,,,,,,,,0
s9_k5ac_a_s00_pos1_tap0_mc432_cpl0_rp4p89014342738_rn4p99554185829_f12370_f21100_a0_dac1p25,K5AC,A,0,0.005,1,0,432,ac,0.0,0.0,0,1.25,0,4.89014342737591,4.9955418582863675,40.0,2370.0,1100.0,,0,988373.3624440585,0.00829821207134163,10633.265716372442,14.365115359601068,26.04837347092583,0,2473621.9916389273,442.67835832894826,509.68430614099793,67.00594781204967,-48.17901386437671,-50.0,-3.641972271246585,,,,,,,,,,,,,,,,,,,,,,,,,,,,,,,,,,,,0
s9_k5ac_a_s00_pos1_tap0_mc433_cpl0_rp4p93677229798_rn4p97592014524_f12370_f21100_a0_dac1p25,K5AC,A,0,0.005,1,0,433,ac,0.0,0.0,0,1.25,0,4.936772297977573,4.975920145237492,40.0,2370.0,1100.0,,0,963861.5383834111,0.00909253125578485,9549.925860215095,13.965068081191095,25.469051019058227,0,2473621.9916389273,444.817970288126,488.8531279133925,44.03515762526649,-49.70151038159263,-50.0,-0.5969792368147431,,,,,,,,,,,,,,,,,,,,,,,,,,,,,,,,,,,,0
s9_k5ac_a_s00_pos1_tap0_mc434_cpl0_rp4p97491088108_rn4p86882693556_f12370_f21100_a0_dac1p25,K5AC,A,0,0.005,1,0,434,ac,0.0,0.0,0,1.25,0,4.974910881079785,4.868826935558604,40.0,2370.0,1100.0,,0,1001020.0315659723,0.0015208476821948675,8317.63771102734,13.911193642942203,25.51231408642505,0,2473621.9916389273,436.370927147647,501.80547769774535,65.43455055009832,-50.98924201084221,-50.0,1.9784840216844124,,,,,,,,,,,,,,,,,,,,,,,,,,,,,,,,,,,,0
s9_k5ac_a_s00_pos1_tap0_mc435_cpl0_rp4p9182471955_rn4p81836957152_f12370_f21100_a0_dac1p25,K5AC,A,0,0.005,1,0,435,ac,0.0,0.0,0,1.25,0,4.918247195501483,4.818369571516747,40.0,2370.0,1100.0,,0,1015471.1708639428,1.7166720217732805e-05,9.772372209558293,13.177388044457015,24.634520501930407,0,2473621.9916389273,429.95108706644913,485.72216260671064,55.771075540261506,-48.04709936980115,-50.0,-3.90580126039769,,,,,,,,,,,,,,,,,,,,,,,,,,,,,,,,,,,,0
s9_k5ac_a_s00_pos1_tap0_mc436_cpl0_rp4p88771955369_rn4p91132094399_f12370_f21100_a0_dac1p25,K5AC,A,0,0.005,1,0,436,ac,0.0,0.0,0,1.25,0,4.8877195536887275,4.9113209439946255,40.0,2370.0,1100.0,,0,1042292.16175208,1.7128008073899896e-05,9.476908045141773,13.047947104709607,24.75261787740059,0,2473621.9916389273,425.78627206706426,494.3610547181906,68.57478265112633,-50.22496152127728,-50.0,0.4499230425545564,,,,,,,,,,,,,,,,,,,,,,,,,,,,,,,,,,,,0
s9_k5ac_a_s00_pos1_tap0_mc437_cpl0_rp4p93445364917_rn4p80865497354_f12370_f21100_a0_dac1p25,K5AC,A,0,0.005,1,0,437,ac,0.0,0.0,0,1.25,0,4.934453649171059,4.808654973540427,40.0,2370.0,1100.0,,0,972986.8352815442,1.7453471290258786e-05,12.58925411794194,13.999766652339943,25.40116164910921,0,2473621.9916389273,441.68074657228993,492.8405060242674,51.15975945197749,-48.831375046688315,-50.0,-2.337249906623373,,,,,,,,,,,,,,,,,,,,,,,,,,,,,,,,,,,,0
s9_k5ac_a_s00_pos1_tap0_mc438_cpl0_rp4p84421385802_rn4p82762531564_f12370_f21100_a0_dac1p25,K5AC,A,0,0.005,1,0,438,ac,0.0,0.0,0,1.25,0,4.844213858015451,4.827625315639734,40.0,2370.0,1100.0,,0,997187.3374633361,1.7228961280053738e-05,10.633265716371824,13.480142715210361,25.083448213293323,0,2473621.9916389273,437.61252006271553,488.8309969875198,51.21847692480429,-49.818924990094644,-50.0,-0.36215001981071415,,,,,,,,,,,,,,,,,,,,,,,,,,,,,,,,,,,,0
s9_k5ac_a_s00_pos1_tap0_mc439_cpl0_rp4p91373172506_rn4p930527309_f12370_f21100_a0_dac1p25,K5AC,A,0,0.005,1,0,439,ac,0.0,0.0,0,1.25,0,4.91373172505646,4.930527309003868,40.0,2370.0,1100.0,,0,1020281.032912502,0.009867188842543898,10715.1930523769,13.16323891934457,24.581114764672662,0,2473621.9916389273,429.08690896389066,488.128715110103,59.04180614621231,-48.77583378482134,-50.0,-2.448332430357325,,,,,,,,,,,,,,,,,,,,,,,,,,,,,,,,,,,,0
s9_k5ac_a_s00_pos1_tap0_mc43_cpl0_rp4p91618072202_rn4p87284003786_f12370_f21100_a0_dac1p25,K5AC,A,0,0.005,1,0,43,ac,0.0,0.0,0,1.25,0,4.916180722023276,4.872840037858758,40.0,2370.0,1100.0,,0,1036680.584982829,1.7041739097627086e-05,9.623506263981069,13.612397354108476,25.35075501598475,0,2473621.9916389273,428.0910747590794,507.6109967513446,79.51992199226521,-49.674372527237246,-50.0,-0.6512549455255034,,,,,,,,,,,,,,,,,,,,,,,,,,,,,,,,,,,,0
s9_k5ac_a_s00_pos1_tap0_mc440_cpl0_rp4p94731480802_rn4p81983101758_f12370_f21100_a0_dac1p25,K5AC,A,0,0.005,1,0,440,ac,0.0,0.0,0,1.25,0,4.9473148080236165,4.819831017576631,40.0,2370.0,1100.0,,0,1019179.0864636403,1.7299369988370153e-05,11.481536214969063,13.36640773810457,24.78067398458244,0,2473621.9916389273,427.7420936320969,493.0129492436664,65.27085561156952,-49.40776850821441,-50.0,-1.1844629835711773,,,,,,,,,,,,,,,,,,,,,,,,,,,,,,,,,,,,0
s9_k5ac_a_s00_pos1_tap0_mc441_cpl0_rp4p93868404524_rn4p94219884705_f12370_f21100_a0_dac1p25,K5AC,A,0,0.005,1,0,441,ac,0.0,0.0,0,1.25,0,4.938684045243629,4.942198847048544,40.0,2370.0,1100.0,,0,1015296.5472235424,1.6986634224557583e-05,8.576958985909096,13.631387622985088,25.126664944439707,0,2473621.9916389273,428.3752481851894,498.54487419027356,70.16962600508418,-49.90201954051854,-50.0,-0.195960918962923,,,,,,,,,,,,,,,,,,,,,,,,,,,,,,,,,,,,0
s9_k5ac_a_s00_pos1_tap0_mc442_cpl0_rp4p83993282853_rn4p82015738078_f12370_f21100_a0_dac1p25,K5AC,A,0,0.005,1,0,442,ac,0.0,0.0,0,1.25,0,4.839932828527066,4.820157380784122,40.0,2370.0,1100.0,,0,985472.4837073351,0.00856796368740432,9261.187281288645,13.485613233609692,24.981636074199617,0,2473621.9916389273,440.54886690514815,484.9031214207509,44.35425451560275,-50.64709172634,-50.0,1.2941834526799978,,,,,,,,,,,,,,,,,,,,,,,,,,,,,,,,,,,,0
s9_k5ac_a_s00_pos1_tap0_mc443_cpl0_rp4p96483957111_rn4p9682278316_f12370_f21100_a0_dac1p25,K5AC,A,0,0.005,1,0,443,ac,0.0,0.0,0,1.25,0,4.964839571106617,4.968227831597427,40.0,2370.0,1100.0,,0,990283.8422144667,0.0077470388543009455,9476.908045142321,13.766005563508884,25.29468574477895,0,2473621.9916389273,440.09575004752816,492.9409855843467,52.845235536818564,-49.43601604967947,-50.0,-1.1279679006410581,,,,,,,,,,,,,,,,,,,,,,,,,,,,,,,,,,,,0
s9_k5ac_a_s00_pos1_tap0_mc444_cpl0_rp4p84650185077_rn4p91420142673_f12370_f21100_a0_dac1p25,K5AC,A,0,0.005,1,0,444,ac,0.0,0.0,0,1.25,0,4.846501850768853,4.914201426727646,40.0,2370.0,1100.0,,0,1031908.2586489867,1.711792940210801e-05,9.549925860214541,13.302958307531462,24.83246355225912,0,2473621.9916389273,427.2256751338549,496.4488341166889,69.22315898283398,-49.9774135021099,-50.0,-0.04517299578020717,,,,,,,,,,,,,,,,,,,,,,,,,,,,,,,,,,,,0
s9_k5ac_a_s00_pos1_tap0_mc445_cpl0_rp4p87222682255_rn4p92161223144_f12370_f21100_a0_dac1p25,K5AC,A,0,0.005,1,0,445,ac,0.0,0.0,0,1.25,0,4.872226822548897,4.921612231443327,40.0,2370.0,1100.0,,0,1023188.7797260163,1.7127954434254666e-05,9.923540961321196,13.793502973370268,25.477511548932494,0,2473621.9916389273,432.26821249851486,507.4365485779022,75.16833607938736,-49.169714657384006,-50.0,-1.660570685231988,,,,,,,,,,,,,,,,,,,,,,,,,,,,,,,,,,,,0
s9_k5ac_a_s00_pos1_tap0_mc446_cpl0_rp4p83587136549_rn4p89235603238_f12370_f21100_a0_dac1p25,K5AC,A,0,0.005,1,0,446,ac,0.0,0.0,0,1.25,0,4.8358713654866365,4.892356032379998,40.0,2370.0,1100.0,,0,1041928.0811073448,1.7064687405947446e-05,9.549925860214541,13.113689534506703,24.723639175158738,0,2473621.9916389273,425.52169953044216,494.56843367339127,69.0467341429491,-49.55038234788553,-50.0,-0.8992353042289403,,,,,,,,,,,,,,,,,,,,,,,,,,,,,,,,,,,,0
s9_k5ac_a_s00_pos1_tap0_mc447_cpl0_rp4p91808955789_rn4p84124517631_f12370_f21100_a0_dac1p25,K5AC,A,0,0.005,1,0,447,ac,0.0,0.0,0,1.25,0,4.91808955788955,4.841245176312512,40.0,2370.0,1100.0,,0,982172.312715555,1.726611125847677e-05,10.96478196143207,13.540104538103305,24.978816574287066,0,2473621.9916389273,438.8158473637993,483.9963690225656,45.18052165876628,-49.15240129326952,-50.0,-1.6951974134609582,,,,,,,,,,,,,,,,,,,,,,,,,,,,,,,,,,,,0
s9_k5ac_a_s00_pos1_tap0_mc448_cpl0_rp4p91326034605_rn4p80768961249_f12370_f21100_a0_dac1p25,K5AC,A,0,0.005,1,0,448,ac,0.0,0.0,0,1.25,0,4.913260346054073,4.807689612488507,40.0,2370.0,1100.0,,0,1034410.8391286342,0.00746804646663245,10633.265716372442,13.54734998477199,25.24064636565542,0,2473621.9916389273,430.6737682536945,504.9041607078437,74.23039245414918,-48.775578762723306,-50.0,-2.448842474553392,,,,,,,,,,,,,,,,,,,,,,,,,,,,,,,,,,,,0
s9_k5ac_a_s00_pos1_tap0_mc449_cpl0_rp4p89853833736_rn4p97944014372_f12370_f21100_a0_dac1p25,K5AC,A,0,0.005,1,0,449,ac,0.0,0.0,0,1.25,0,4.898538337363991,4.97944014371821,40.0,2370.0,1100.0,,0,992687.7045876081,0.010244641719099359,10000.000000000775,13.622966642062526,24.981580822281085,0,2473621.9916389273,436.37289825159115,489.2830612114211,52.91016295982996,-49.581994696037164,-50.0,-0.8360106079256746,,,,,,,,,,,,,,,,,,,,,,,,,,,,,,,,,,,,0
s9_k5ac_a_s00_pos1_tap0_mc44_cpl0_rp4p99711894844_rn4p82368120501_f12370_f21100_a0_dac1p25,K5AC,A,0,0.005,1,0,44,ac,0.0,0.0,0,1.25,0,4.997118948444106,4.823681205007997,40.0,2370.0,1100.0,,0,980060.6151700296,1.6982908807257857e-05,9.120108393559267,14.099610618034063,25.720608120669397,0,2473621.9916389273,443.0174806459818,499.137562363193,56.120081717211235,-48.306161955978226,-50.0,-3.3876760880435453,,,,,,,,,,,,,,,,,,,,,,,,,,,,,,,,,,,,0
s9_k5ac_a_s00_pos1_tap0_mc450_cpl0_rp4p89239110364_rn4p80615369179_f12370_f21100_a0_dac1p25,K5AC,A,0,0.005,1,0,450,ac,0.0,0.0,0,1.25,0,4.892391103642157,4.806153691794557,40.0,2370.0,1100.0,,0,1004709.6879524582,1.7061256410779007e-05,9.190377133632765,13.364327016624552,24.72205451598242,0,2473621.9916389273,428.74421078090836,487.09009073054835,58.34587994963999,-50.08027570658365,-50.0,0.16055141316728694,,,,,,,,,,,,,,,,,,,,,,,,,,,,,,,,,,,,0
s9_k5ac_a_s00_pos1_tap0_mc451_cpl0_rp4p92126212577_rn4p99481129844_f12370_f21100_a0_dac1p25,K5AC,A,0,0.005,1,0,451,ac,0.0,0.0,0,1.25,0,4.921262125773868,4.994811298436988,40.0,2370.0,1100.0,,0,979841.3501448927,1.7367539838871544e-05,11.220184543019862,14.009978658402877,25.576806264296618,0,2473621.9916389273,442.9315904343721,497.09079804268936,54.159207608317274,-49.99138980994463,-50.0,-0.017220380110738454,,,,,,,,,,,,,,,,,,,,,,,,,,,,,,,,,,,,0
s9_k5ac_a_s00_pos1_tap0_mc452_cpl0_rp4p96816879058_rn4p83494627596_f12370_f21100_a0_dac1p25,K5AC,A,0,0.005,1,0,452,ac,0.0,0.0,0,1.25,0,4.968168790584767,4.8349462759630715,40.0,2370.0,1100.0,,0,1019764.6263420882,1.7366520434915665e-05,11.13439609062384,12.91137772144833,24.308357977990728,0,2473621.9916389273,427.63007227636376,480.47488085963704,52.84480858327328,-48.71355535133369,-50.0,-2.5728892973326256,,,,,,,,,,,,,,,,,,,,,,,,,,,,,,,,,,,,0
s9_k5ac_a_s00_pos1_tap0_mc453_cpl0_rp4p81189616737_rn4p92513478479_f12370_f21100_a0_dac1p25,K5AC,A,0,0.005,1,0,453,ac,0.0,0.0,0,1.25,0,4.811896167372134,4.925134784791296,40.0,2370.0,1100.0,,0,950128.340720019,0.005538267375698884,8317.63771102734,14.123847178013225,25.547660005933665,0,2473621.9916389273,448.6814511405314,487.9689885121398,39.28753737160838,-48.94280655341743,-50.0,-2.1143868931651433,,,,,,,,,,,,,,,,,,,,,,,,,,,,,,,,,,,,0
s9_k5ac_a_s00_pos1_tap0_mc454_cpl0_rp4p84477285746_rn4p85156316116_f12370_f21100_a0_dac1p25,K5AC,A,0,0.005,1,0,454,ac,0.0,0.0,0,1.25,0,4.8447728574641715,4.851563161162482,40.0,2370.0,1100.0,,0,972695.3211706898,1.6763762414053706e-05,8.004483861359057,14.082479115260707,25.575588486144586,0,2473621.9916389273,440.73776517706415,495.74964748685966,55.01188230979551,-49.63998137171481,-50.0,-0.7200372565703828,,,,,,,,,,,,,,,,,,,,,,,,,,,,,,,,,,,,0
s9_k5ac_a_s00_pos1_tap0_mc455_cpl0_rp4p9611795944_rn4p94607428095_f12370_f21100_a0_dac1p25,K5AC,A,0,0.005,1,0,455,ac,0.0,0.0,0,1.25,0,4.961179594399361,4.946074280945574,40.0,2370.0,1100.0,,0,1033118.4225224216,0.003827951189050358,10000.000000000775,13.719583025622809,25.51582825436679,0,2473621.9916389273,431.75149528739547,509.75882098893965,78.00732570154418,-48.80535290729768,-50.0,-2.3892941854046335,,,,,,,,,,,,,,,,,,,,,,,,,,,,,,,,,,,,0
s9_k5ac_a_s00_pos1_tap0_mc456_cpl0_rp4p8081696137_rn4p89844934998_f12370_f21100_a0_dac1p25,K5AC,A,0,0.005,1,0,456,ac,0.0,0.0,0,1.25,0,4.808169613704869,4.898449349976364,40.0,2370.0,1100.0,,0,969424.3988969281,0.007951313716589652,9549.925860215095,14.022616014163871,25.65568722008215,0,2473621.9916389273,445.8505337642544,493.4054341342423,47.55490036998788,-49.917285304811195,-50.0,-0.16542939037761384,,,,,,,,,,,,,,,,,,,,,,,,,,,,,,,,,,,,0
s9_k5ac_a_s00_pos1_tap0_mc457_cpl0_rp4p80901387006_rn4p89893927897_f12370_f21100_a0_dac1p25,K5AC,A,0,0.005,1,0,457,ac,0.0,0.0,0,1.25,0,4.809013870061053,4.898939278974989,40.0,2370.0,1100.0,,0,1004949.4634672616,1.6817211171181986e-05,8.381723563641772,13.279559925541932,24.70562753190212,0,2473621.9916389273,429.31670884115147,485.23675352380417,55.9200446826527,-49.02961327483219,-50.0,-1.940773450335631,,,,,,,,,,,,,,,,,,,,,,,,,,,,,,,,,,,,0
s9_k5ac_a_s00_pos1_tap0_mc458_cpl0_rp4p97886635009_rn4p86955244537_f12370_f21100_a0_dac1p25,K5AC,A,0,0.005,1,0,458,ac,0.0,0.0,0,1.25,0,4.97886635008926,4.869552445369452,40.0,2370.0,1100.0,,0,981522.389083294,0.005986185381414598,8576.958985909594,13.534546954266292,24.955875513660974,0,2473621.9916389273,438.8981031008517,482.61762371621666,43.71952061536496,-48.32620103922566,-50.0,-3.347597921548684,,,,,,,,,,,,,,,,,,,,,,,,,,,,,,,,,,,,0
s9_k5ac_a_s00_pos1_tap0_mc459_cpl0_rp4p83963177594_rn4p8663180674_f12370_f21100_a0_dac1p25,K5AC,A,0,0.005,1,0,459,ac,0.0,0.0,0,1.25,0,4.839631775943394,4.866318067395099,40.0,2370.0,1100.0,,0,941873.64403202,1.6966202902235368e-05,9.261187281288109,14.241636663710288,25.73697326656865,0,2473621.9916389273,449.11643427066747,489.2679556533178,40.151521382650344,-49.76686353673045,-50.0,-0.4662729265391019,,,,,,,,,,,,,,,,,,,,,,,,,,,,,,,,,,,,0
s9_k5ac_a_s00_pos1_tap0_mc45_cpl0_rp4p82760566967_rn4p99722862818_f12370_f21100_a0_dac1p25,K5AC,A,0,0.005,1,0,45,ac,0.0,0.0,0,1.25,0,4.827605669673552,4.997228628177117,40.0,2370.0,1100.0,,0,1001507.0897358509,1.6686798817613635e-05,8.004483861359057,13.62602231328735,25.13436783589465,0,2473621.9916389273,430.4813976908559,494.4125431874469,63.931145496591,-49.32085681047911,-50.0,-1.3582863790417843,,,,,,,,,,,,,,,,,,,,,,,,,,,,,,,,,,,,0
s9_k5ac_a_s00_pos1_tap0_mc460_cpl0_rp4p92007457843_rn4p99419478961_f12370_f21100_a0_dac1p25,K5AC,A,0,0.005,1,0,460,ac,0.0,0.0,0,1.25,0,4.920074578427743,4.994194789613285,40.0,2370.0,1100.0,,0,988961.2407271236,1.683237241396269e-05,8.381723563641772,13.585594374778038,25.14611441075373,0,2473621.9916389273,436.2304356318736,488.6372214858908,52.40678585401719,-49.137752467892085,-50.0,-1.7244950642158252,,,,,,,,,,,,,,,,,,,,,,,,,,,,,,,,,,,,0
s9_k5ac_a_s00_pos1_tap0_mc461_cpl0_rp4p91074305468_rn4p85079696789_f12370_f21100_a0_dac1p25,K5AC,A,0,0.005,1,0,461,ac,0.0,0.0,0,1.25,0,4.910743054677111,4.850796967891991,40.0,2370.0,1100.0,,0,1005148.9295595279,0.004710949040718229,8844.365191386672,13.335048824690919,24.9506593792761,0,2473621.9916389273,435.8900058856318,488.3408991978367,52.45089331220487,-49.24538786800056,-50.0,-1.5092242639988762,,,,,,,,,,,,,,,,,,,,,,,,,,,,,,,,,,,,0
s9_k5ac_a_s00_pos1_tap0_mc462_cpl0_rp4p81682487932_rn4p80385501731_f12370_f21100_a0_dac1p25,K5AC,A,0,0.005,1,0,462,ac,0.0,0.0,0,1.25,0,4.816824879322612,4.8038550173147785,40.0,2370.0,1100.0,,0,991477.6776158159,0.0010262699507014431,7356.422544596963,14.122348820526932,25.82986417570493,0,2473621.9916389273,442.1611454524712,504.1451951485498,61.984049696078614,-48.59000993201591,-50.0,-2.819980135968181,,,,,,,,,,,,,,,,,,,,,,,,,,,,,,,,,,,,0
s9_k5ac_a_s00_pos1_tap0_mc463_cpl0_rp4p81980051483_rn4p93994820809_f12370_f21100_a0_dac1p25,K5AC,A,0,0.005,1,0,463,ac,0.0,0.0,0,1.25,0,4.819800514826301,4.939948208085681,40.0,2370.0,1100.0,,0,972482.4373218489,0.0021715400750647413,7527.775638142228,14.248869874250225,25.87637350261007,0,2473621.9916389273,448.1777896503045,500.27390043951596,52.09611078921148,-49.015786646576956,-50.0,-1.9684267068460937,,,,,,,,,,,,,,,,,,,,,,,,,,,,,,,,,,,,0
s9_k5ac_a_s00_pos1_tap0_mc464_cpl0_rp4p93819973582_rn4p89022032526_f12370_f21100_a0_dac1p25,K5AC,A,0,0.005,1,0,464,ac,0.0,0.0,0,1.25,0,4.93819973581738,4.890220325258228,40.0,2370.0,1100.0,,0,970967.6314620405,0.005282439929594961,8776.742025360732,13.74036352829654,25.277425985093014,0,2473621.9916389273,444.31217761193784,486.20653246615535,41.89435485421751,-50.649345459797225,-50.0,1.2986909195944474,,,,,,,,,,,,,,,,,,,,,,,,,,,,,,,,,,,,0
s9_k5ac_a_s00_pos1_tap0_mc465_cpl0_rp4p97378126426_rn4p99197721852_f12370_f21100_a0_dac1p25,K5AC,A,0,0.005,1,0,465,ac,0.0,0.0,0,1.25,0,4.973781264259639,4.991977218520064,40.0,2370.0,1100.0,,0,1065154.7639001925,0.006043894288344547,10471.28548050981,12.91456523315713,24.545590919468456,0,2473621.9916389273,421.5681218112206,498.199532134578,76.63141032335744,-48.5198078954228,-50.0,-2.9603842091543986,,,,,,,,,,,,,,,,,,,,,,,,,,,,,,,,,,,,0
s9_k5ac_a_s00_pos1_tap0_mc466_cpl0_rp4p87794000204_rn4p89205780317_f12370_f21100_a0_dac1p25,K5AC,A,0,0.005,1,0,466,ac,0.0,0.0,0,1.25,0,4.8779400020416315,4.892057803174942,40.0,2370.0,1100.0,,0,997957.2763261969,0.009248478000433864,9923.540961321773,13.549268906020323,24.986392058797495,0,2473621.9916389273,435.99728464301535,489.283145346499,53.28586070348365,-47.881055752794715,-50.0,-4.237888494410569,,,,,,,,,,,,,,,,,,,,,,,,,,,,,,,,,,,,0
s9_k5ac_a_s00_pos1_tap0_mc467_cpl0_rp4p96689425009_rn4p99443766455_f12370_f21100_a0_dac1p25,K5AC,A,0,0.005,1,0,467,ac,0.0,0.0,0,1.25,0,4.96689425008728,4.994437664548066,40.0,2370.0,1100.0,,0,1022982.364591131,0.007701257467114515,10077.048141361822,12.923563344870868,24.343315647744912,0,2473621.9916389273,427.41873551208585,482.22836130768735,54.809625795601505,-50.075905040959285,-50.0,0.1518100819185797,,,,,,,,,,,,,,,,,,,,,,,,,,,,,,,,,,,,0
s9_k5ac_a_s00_pos1_tap0_mc468_cpl0_rp4p99627994237_rn4p80677673773_f12370_f21100_a0_dac1p25,K5AC,A,0,0.005,1,0,468,ac,0.0,0.0,0,1.25,0,4.996279942373079,4.806776737728935,40.0,2370.0,1100.0,,0,1000003.9638963105,0.006706683825557134,9549.925860215095,13.837830635445687,25.47595338489138,0,2473621.9916389273,439.8481712093467,499.6234309185335,59.7752597091868,-49.06974316266571,-50.0,-1.8605136746685846,,,,,,,,,,,,,,,,,,,,,,,,,,,,,,,,,,,,0
s9_k5ac_a_s00_pos1_tap0_mc469_cpl0_rp4p86746515181_rn4p82442949935_f12370_f21100_a0_dac1p25,K5AC,A,0,0.005,1,0,469,ac,0.0,0.0,0,1.25,0,4.867465151813388,4.824429499351856,40.0,2370.0,1100.0,,0,977246.1646920453,1.7233573683891847e-05,10.154689924331,13.82654774834329,25.358936554393857,0,2473621.9916389273,442.3429968568489,490.3130830889066,47.97008623205767,-49.81095192180425,-50.0,-0.3780961563915053,,,,,,,,,,,,,,,,,,,,,,,,,,,,,,,,,,,,0
s9_k5ac_a_s00_pos1_tap0_mc46_cpl0_rp4p98614128366_rn4p95326093094_f12370_f21100_a0_dac1p25,K5AC,A,0,0.005,1,0,46,ac,0.0,0.0,0,1.25,0,4.9861412836618335,4.9532609309445235,40.0,2370.0,1100.0,,0,1011095.7894835853,1.6906538645226862e-05,8.576958985909096,13.579052055381363,25.27712578776341,0,2473621.9916389273,434.7207798478109,496.73313011285944,62.01235026504855,-50.57208633699334,-50.0,1.1441726739866764,,,,,,,,,,,,,,,,,,,,,,,,,,,,,,,,,,,,0
s9_k5ac_a_s00_pos1_tap0_mc470_cpl0_rp4p91328404321_rn4p86674408431_f12370_f21100_a0_dac1p25,K5AC,A,0,0.005,1,0,470,ac,0.0,0.0,0,1.25,0,4.9132840432076454,4.866744084313133,40.0,2370.0,1100.0,,0,941346.6497265826,1.710632759542876e-05,9.772372209558293,14.499057157269599,26.0351046389328,0,2473621.9916389273,453.1984702958389,496.495851818397,43.29738152255811,-50.22944139446066,-50.0,0.45888278892132206,,,,,,,,,,,,,,,,,,,,,,,,,,,,,,,,,,,,0
s9_k5ac_a_s00_pos1_tap0_mc471_cpl0_rp4p89736193895_rn4p8066346075_f12370_f21100_a0_dac1p25,K5AC,A,0,0.005,1,0,471,ac,0.0,0.0,0,1.25,0,4.897361938947755,4.806634607495522,40.0,2370.0,1100.0,,0,978177.0430432193,0.0009551979345306879,7244.359600750442,14.36361730175818,25.946545194748325,0,2473621.9916389273,445.97394425311376,506.0367870149684,60.062842761854654,-49.21880416926738,-50.0,-1.5623916614652456,,,,,,,,,,,,,,,,,,,,,,,,,,,,,,,,,,,,0
s9_k5ac_a_s00_pos1_tap0_mc472_cpl0_rp4p82442057089_rn4p90328400898_f12370_f21100_a0_dac1p25,K5AC,A,0,0.005,1,0,472,ac,0.0,0.0,0,1.25,0,4.824420570887314,4.9032840089774,40.0,2370.0,1100.0,,0,993695.0356466481,0.006609894550336017,8912.509381338137,13.169541396173965,24.61501521169056,0,2473621.9916389273,435.8006325129969,478.63772631991316,42.83709380691624,-49.87871693941187,-50.0,-0.24256612117625753,,,,,,,,,,,,,,,,,,,,,,,,,,,,,,,,,,,,0
s9_k5ac_a_s00_pos1_tap0_mc473_cpl0_rp4p81133556306_rn4p83594098262_f12370_f21100_a0_dac1p25,K5AC,A,0,0.005,1,0,473,ac,0.0,0.0,0,1.25,0,4.811335563056074,4.835940982615407,40.0,2370.0,1100.0,,0,1025903.694882152,1.7421237874291904e-05,13.489628825916832,12.895667493083604,24.37056436377275,0,2473621.9916389273,428.20535723102,482.71815496915355,54.51279773813354,-49.54988944338859,-50.0,-0.9002211132228322,,,,,,,,,,,,,,,,,,,,,,,,,,,,,,,,,,,,0
s9_k5ac_a_s00_pos1_tap0_mc474_cpl0_rp4p84073641539_rn4p87162305829_f12370_f21100_a0_dac1p25,K5AC,A,0,0.005,1,0,474,ac,0.0,0.0,0,1.25,0,4.840736415390106,4.871623058289732,40.0,2370.0,1100.0,,0,983996.4834439646,1.7341771043079023e-05,12.78399719463051,14.555481473316021,26.299302237965996,0,2473621.9916389273,446.0762055022785,513.4075092421414,67.33130373986285,-49.89199760410726,-50.0,-0.2160047917854846,,,,,,,,,,,,,,,,,,,,,,,,,,,,,,,,,,,,0
s9_k5ac_a_s00_pos1_tap0_mc475_cpl0_rp4p84031180256_rn4p85577913513_f12370_f21100_a0_dac1p25,K5AC,A,0,0.005,1,0,475,ac,0.0,0.0,0,1.25,0,4.840311802564188,4.855779135131709,40.0,2370.0,1100.0,,0,975039.5452440598,1.7491460850025017e-05,13.489628825916832,13.852107218119043,25.398593095435196,0,2473621.9916389273,442.1497993242242,490.6021251086506,48.45232578442642,-49.46641573054125,-50.0,-1.0671685389174956,,,,,,,,,,,,,,,,,,,,,,,,,,,,,,,,,,,,0
s9_k5ac_a_s00_pos1_tap0_mc476_cpl0_rp4p80826104094_rn4p87299243737_f12370_f21100_a0_dac1p25,K5AC,A,0,0.005,1,0,476,ac,0.0,0.0,0,1.25,0,4.8082610409374436,4.872992437372049,40.0,2370.0,1100.0,,0,979793.86439031,0.0025590765657270624,8128.305161641608,13.972970460973405,25.479530104556947,0,2473621.9916389273,440.88901770427714,494.19916784840126,53.31015014412412,-48.556274479100075,-50.0,-2.887451041799849,,,,,,,,,,,,,,,,,,,,,,,,,,,,,,,,,,,,0
s9_k5ac_a_s00_pos1_tap0_mc477_cpl0_rp4p9011025822_rn4p98272173248_f12370_f21100_a0_dac1p25,K5AC,A,0,0.005,1,0,477,ac,0.0,0.0,0,1.25,0,4.901102582197919,4.982721732480511,40.0,2370.0,1100.0,,0,1037831.3856176764,1.7195014015656752e-05,9.923540961321196,13.016882717616387,24.66460229829559,0,2473621.9916389273,426.16743446818526,491.1792951585345,65.01186069034924,-50.21155387503108,-50.0,0.4231077500621572,,,,,,,,,,,,,,,,,,,,,,,,,,,,,,,,,,,,0
s9_k5ac_a_s00_pos1_tap0_mc478_cpl0_rp4p94375421175_rn4p94783314723_f12370_f21100_a0_dac1p25,K5AC,A,0,0.005,1,0,478,ac,0.0,0.0,0,1.25,0,4.943754211749966,4.947833147232941,40.0,2370.0,1100.0,,0,996532.6907636286,1.6817325574913805e-05,7.822279563860161,14.048127799899355,25.69514439179726,0,2473621.9916389273,436.0569339366578,503.0916224187013,67.03468848204352,-49.35043407014252,-50.0,-1.2991318597149637,,,,,,,,,,,,,,,,,,,,,,,,,,,,,,,,,,,,0
s9_k5ac_a_s00_pos1_tap0_mc479_cpl0_rp4p94451228521_rn4p87916699196_f12370_f21100_a0_dac1p25,K5AC,A,0,0.005,1,0,479,ac,0.0,0.0,0,1.25,0,4.944512285207889,4.8791669919552785,40.0,2370.0,1100.0,,0,972677.7087419536,0.0010099407510735267,7300.176045009326,14.43003626116939,26.16442146767666,0,2473621.9916389273,448.120894417205,506.00924799362394,57.88835357641892,-50.15424320064022,-50.0,0.3084864012804278,,,,,,,,,,,,,,,,,,,,,,,,,,,,,,,,,,,,0
s9_k5ac_a_s00_pos1_tap0_mc47_cpl0_rp4p8941099336_rn4p90077857548_f12370_f21100_a0_dac1p25,K5AC,A,0,0.005,1,0,47,ac,0.0,0.0,0,1.25,0,4.894109933598021,4.900778575478652,40.0,2370.0,1100.0,,0,1011698.2168879771,1.7006875738628142e-05,9.261187281288109,13.874080013467337,25.43885221149572,0,2473621.9916389273,431.456999297735,505.2741270840442,73.81712778630919,-48.49307591893646,-50.0,-3.013848162127075,,,,,,,,,,,,,,,,,,,,,,,,,,,,,,,,,,,,0
s9_k5ac_a_s00_pos1_tap0_mc480_cpl0_rp4p9165168846_rn4p81704233275_f12370_f21100_a0_dac1p25,K5AC,A,0,0.005,1,0,480,ac,0.0,0.0,0,1.25,0,4.916516884599978,4.817042332753258,40.0,2370.0,1100.0,,0,970553.0046008211,1.702374355769401e-05,9.190377133632765,13.917612196499157,25.469575838782955,0,2473621.9916389273,441.96786827457174,491.7493199078471,49.78145163327537,-48.768846747134155,-50.0,-2.462306505731693,,,,,,,,,,,,,,,,,,,,,,,,,,,,,,,,,,,,0
s9_k5ac_a_s00_pos1_tap0_mc481_cpl0_rp4p90897657852_rn4p83863291458_f12370_f21100_a0_dac1p25,K5AC,A,0,0.005,1,0,481,ac,0.0,0.0,0,1.25,0,4.908976578521395,4.83863291458142,40.0,2370.0,1100.0,,0,992422.0817418848,1.746216612367053e-05,14.125375446227858,13.73605922867091,25.280081058817622,0,2473621.9916389273,436.6228584134265,493.13378243473915,56.51092402131263,-50.13463304724939,-50.0,0.2692660944987768,,,,,,,,,,,,,,,,,,,,,,,,,,,,,,,,,,,,0
s9_k5ac_a_s00_pos1_tap0_mc482_cpl0_rp4p86288100731_rn4p91113469178_f12370_f21100_a0_dac1p25,K5AC,A,0,0.005,1,0,482,ac,0.0,0.0,0,1.25,0,4.862881007312245,4.911134691775557,40.0,2370.0,1100.0,,0,997642.4782440356,0.00511724461458569,9190.3771336333,13.953761912981177,25.445240303610078,0,2473621.9916389273,438.0832536272569,500.84900440827647,62.76575078101956,-48.54580496638471,-50.0,-2.908390067230582,,,,,,,,,,,,,,,,,,,,,,,,,,,,,,,,,,,,0
s9_k5ac_a_s00_pos1_tap0_mc483_cpl0_rp4p83291461281_rn4p81672175434_f12370_f21100_a0_dac1p25,K5AC,A,0,0.005,1,0,483,ac,0.0,0.0,0,1.25,0,4.83291461281191,4.81672175434094,40.0,2370.0,1100.0,,0,980386.1671674346,0.004484711409227657,8128.305161641608,13.65470714616637,25.182967903859076,0,2473621.9916389273,443.3621502609878,487.4157377400679,44.053587479080136,-49.55462313581834,-50.0,-0.8907537283633249,,,,,,,,,,,,,,,,,,,,,,,,,,,,,,,,,,,,0
s9_k5ac_a_s00_pos1_tap0_mc484_cpl0_rp4p80955583217_rn4p93161747833_f12370_f21100_a0_dac1p25,K5AC,A,0,0.005,1,0,484,ac,0.0,0.0,0,1.25,0,4.80955583216582,4.931617478327593,40.0,2370.0,1100.0,,0,951916.7361423988,1.7099599881672833e-05,8.91250938133762,14.518917379049336,26.114334211474894,0,2473621.9916389273,449.06107289372636,499.69914938242334,50.63807648869698,-48.966833417357016,-50.0,-2.0663331652859718,,,,,,,,,,,,,,,,,,,,,,,,,,,,,,,,,,,,0
s9_k5ac_a_s00_pos1_tap0_mc485_cpl0_rp4p89514580487_rn4p91137783103_f12370_f21100_a0_dac1p25,K5AC,A,0,0.005,1,0,485,ac,0.0,0.0,0,1.25,0,4.895145804869464,4.9113778310291725,40.0,2370.0,1100.0,,0,990652.357908293,0.002854787376938865,7762.471166287502,13.889480208432074,25.46897252935683,0,2473621.9916389273,441.6526366222669,496.19995956036604,54.547322938099114,-48.71598836106789,-50.0,-2.5680232778642176,,,,,,,,,,,,,,,,,,,,,,,,,,,,,,,,,,,,0
s9_k5ac_a_s00_pos1_tap0_mc486_cpl0_rp4p95705388401_rn4p94764671172_f12370_f21100_a0_dac1p25,K5AC,A,0,0.005,1,0,486,ac,0.0,0.0,0,1.25,0,4.957053884006331,4.947646711724817,40.0,2370.0,1100.0,,0,1013122.4725124369,0.003724326420869369,8128.305161641608,13.285653723645753,24.782744557038082,0,2473621.9916389273,433.2517976804581,488.2865864759566,55.034788795498514,-48.44281709034472,-50.0,-3.1143658193105606,,,,,,,,,,,,,,,,,,,,,,,,,,,,,,,,,,,,0
s9_k5ac_a_s00_pos1_tap0_mc487_cpl0_rp4p84482012182_rn4p95383071947_f12370_f21100_a0_dac1p25,K5AC,A,0,0.005,1,0,487,ac,0.0,0.0,0,1.25,0,4.84482012181883,4.953830719470984,40.0,2370.0,1100.0,,0,1010821.0061221716,0.004513526387692703,8709.63589956147,13.496469153240296,25.131873313318344,0,2473621.9916389273,436.9789794762954,493.60961023679795,56.63063076050253,-49.49910515653475,-50.0,-1.0017896869304987,,,,,,,,,,,,,,,,,,,,,,,,,,,,,,,,,,,,0
s9_k5ac_a_s00_pos1_tap0_mc488_cpl0_rp4p88763720285_rn4p83155380993_f12370_f21100_a0_dac1p25,K5AC,A,0,0.005,1,0,488,ac,0.0,0.0,0,1.25,0,4.887637202849622,4.831553809926781,40.0,2370.0,1100.0,,0,948797.9663953858,1.747541531995845e-05,13.593563908785555,14.399451325548366,25.82327285164035,0,2473621.9916389273,449.6268694877646,494.06504367924543,44.43817419148081,-48.86956193553614,-50.0,-2.2608761289277246,,,,,,,,,,,,,,,,,,,,,,,,,,,,,,,,,,,,0
s9_k5ac_a_s00_pos1_tap0_mc489_cpl0_rp4p84766955943_rn4p875178525_f12370_f21100_a0_dac1p25,K5AC,A,0,0.005,1,0,489,ac,0.0,0.0,0,1.25,0,4.847669559428117,4.875178525002907,40.0,2370.0,1100.0,,0,1019385.5248153366,1.6907518382667933e-05,8.576958985909096,13.809495323571939,25.344173731709958,0,2473621.9916389273,428.5576885461849,506.5692424100863,78.01155386390138,-50.04291860383651,-50.0,0.08583720767303404,,,,,,,,,,,,,,,,,,,,,,,,,,,,,,,,,,,,0
s9_k5ac_a_s00_pos1_tap0_mc48_cpl0_rp4p84579746796_rn4p94824174979_f12370_f21100_a0_dac1p25,K5AC,A,0,0.005,1,0,48,ac,0.0,0.0,0,1.25,0,4.845797467955072,4.948241749788483,40.0,2370.0,1100.0,,0,986377.7870815722,0.00484698002285679,9261.187281288645,13.77314949731936,25.149127646902357,0,2473621.9916389273,436.9394897733381,491.20416492709694,54.264675153758844,-49.50157743359492,-50.0,-0.9968451328101646,,,,,,,,,,,,,,,,,,,,,,,,,,,,,,,,,,,,0
s9_k5ac_a_s00_pos1_tap0_mc490_cpl0_rp4p88142816359_rn4p98473046386_f12370_f21100_a0_dac1p25,K5AC,A,0,0.005,1,0,490,ac,0.0,0.0,0,1.25,0,4.881428163586611,4.984730463863299,40.0,2370.0,1100.0,,0,1017232.681605327,1.7392112442762965e-05,12.492997891187597,13.515198609826383,24.958187923332098,0,2473621.9916389273,429.80481295990666,496.39974401137727,66.59493105147061,-49.238534526221265,-50.0,-1.522930947557466,,,,,,,,,,,,,,,,,,,,,,,,,,,,,,,,,,,,0
s9_k5ac_a_s00_pos1_tap0_mc491_cpl0_rp4p86846818018_rn4p85896451487_f12370_f21100_a0_dac1p25,K5AC,A,0,0.005,1,0,491,ac,0.0,0.0,0,1.25,0,4.86846818017839,4.858964514867365,40.0,2370.0,1100.0,,0,1031426.9507252785,0.0038581146694443304,9476.908045142321,13.344540763824913,24.970368716378626,0,2473621.9916389273,429.21151219310093,497.3852587268968,68.17374653379585,-49.4398099890658,-50.0,-1.1203800218683946,,,,,,,,,,,,,,,,,,,,,,,,,,,,,,,,,,,,0
s9_k5ac_a_s00_pos1_tap0_mc492_cpl0_rp4p84718679302_rn4p96650176044_f12370_f21100_a0_dac1p25,K5AC,A,0,0.005,1,0,492,ac,0.0,0.0,0,1.25,0,4.847186793022051,4.966501760442533,40.0,2370.0,1100.0,,0,1034415.7520113117,0.002143049675925381,8576.958985909594,13.327318979286556,24.989815338664194,0,2473621.9916389273,429.98514619262824,498.78291094721476,68.79776475458652,-49.742713736235835,-50.0,-0.5145725275283342,,,,,,,,,,,,,,,,,,,,,,,,,,,,,,,,,,,,0
s9_k5ac_a_s00_pos1_tap0_mc493_cpl0_rp4p92914468276_rn4p81937382261_f12370_f21100_a0_dac1p25,K5AC,A,0,0.005,1,0,493,ac,0.0,0.0,0,1.25,0,4.929144682763958,4.819373822611605,40.0,2370.0,1100.0,,0,1007486.198667482,0.004807472660758957,9332.543007970628,13.737675765556626,25.404745522455904,0,2473621.9916389273,437.1226631942138,499.19437739790266,62.07171420368883,-49.28940886062138,-50.0,-1.4211822787572381,,,,,,,,,,,,,,,,,,,,,,,,,,,,,,,,,,,,0
s9_k5ac_a_s00_pos1_tap0_mc494_cpl0_rp4p83246035377_rn4p87140084391_f12370_f21100_a0_dac1p25,K5AC,A,0,0.005,1,0,494,ac,0.0,0.0,0,1.25,0,4.832460353767677,4.871400843910421,40.0,2370.0,1100.0,,0,1034532.4119906244,0.004547895379492848,9404.44851726424,13.34025805045422,25.021195456198082,0,2473621.9916389273,430.02972416165704,498.6734626606341,68.64373849897703,-49.944043042961795,-50.0,-0.11191391407641138,,,,,,,,,,,,,,,,,,,,,,,,,,,,,,,,,,,,0
s9_k5ac_a_s00_pos1_tap0_mc495_cpl0_rp4p89615372738_rn4p95659479426_f12370_f21100_a0_dac1p25,K5AC,A,0,0.005,1,0,495,ac,0.0,0.0,0,1.25,0,4.896153727381476,4.956594794260359,40.0,2370.0,1100.0,,0,1029123.3007796296,1.7003763036452002e-05,9.332543007970086,12.995682015643679,24.40079175497527,0,2473621.9916389273,423.8639770685372,485.74015982632295,61.87618275778573,-48.92577543415982,-50.0,-2.1484491316803633,,,,,,,,,,,,,,,,,,,,,,,,,,,,,,,,,,,,0
s9_k5ac_a_s00_pos1_tap0_mc496_cpl0_rp4p82124294855_rn4p89418312606_f12370_f21100_a0_dac1p25,K5AC,A,0,0.005,1,0,496,ac,0.0,0.0,0,1.25,0,4.821242948548383,4.894183126064418,40.0,2370.0,1100.0,,0,977772.9445452789,0.009360735915990853,10391.2230383525,14.205981009664466,25.79410602228827,0,2473621.9916389273,444.67501787530654,501.874483227287,57.19946535198045,-49.51188841101757,-50.0,-0.9762231779648523,,,,,,,,,,,,,,,,,,,,,,,,,,,,,,,,,,,,0
s9_k5ac_a_s00_pos1_tap0_mc497_cpl0_rp4p94590527831_rn4p89269603778_f12370_f21100_a0_dac1p25,K5AC,A,0,0.005,1,0,497,ac,0.0,0.0,0,1.25,0,4.945905278313416,4.892696037778297,40.0,2370.0,1100.0,,0,952327.1659480414,0.00013244469192526712,6165.950018615274,13.943944591383323,25.27879909130733,0,2473621.9916389273,445.4847427272542,484.4074055561708,38.9226628289166,-48.94112782991192,-50.0,-2.117744340176164,,,,,,,,,,,,,,,,,,,,,,,,,,,,,,,,,,,,0
s9_k5ac_a_s00_pos1_tap0_mc498_cpl0_rp4p98483368934_rn4p86744459047_f12370_f21100_a0_dac1p25,K5AC,A,0,0.005,1,0,498,ac,0.0,0.0,0,1.25,0,4.984833689338516,4.867444590474708,40.0,2370.0,1100.0,,0,958105.4365052985,1.6688621798040567e-05,7.88254877402035,14.319977616216176,25.900296754036255,0,2473621.9916389273,444.60473814763105,496.8722897044841,52.26755155685305,-48.901316303934976,-50.0,-2.197367392130045,,,,,,,,,,,,,,,,,,,,,,,,,,,,,,,,,,,,0
s9_k5ac_a_s00_pos1_tap0_mc499_cpl0_rp4p83548282447_rn4p91934024335_f12370_f21100_a0_dac1p25,K5AC,A,0,0.005,1,0,499,ac,0.0,0.0,0,1.25,0,4.835482824471407,4.919340243345649,40.0,2370.0,1100.0,,0,1015020.2339332185,0.0010940756010983672,7882.548774020808,13.75984767929796,25.44569498314951,0,2473621.9916389273,434.3916386513082,503.4787027438579,69.08706409254972,-49.28154518026686,-50.0,-1.4369096394662773,,,,,,,,,,,,,,,,,,,,,,,,,,,,,,,,,,,,0
s9_k5ac_a_s00_pos1_tap0_mc49_cpl0_rp4p89650450288_rn4p92668320918_f12370_f21100_a0_dac1p25,K5AC,A,0,0.005,1,0,49,ac,0.0,0.0,0,1.25,0,4.896504502883394,4.926683209181735,40.0,2370.0,1100.0,,0,969431.986256328,1.6879100099016734e-05,8.511380382023917,14.450962042034023,26.03621611610716,0,2473621.9916389273,444.39228349653706,504.0495337456132,59.65725024907613,-49.47572845605684,-50.0,-1.0485430878863111,,,,,,,,,,,,,,,,,,,,,,,,,,,,,,,,,,,,0
s9_k5ac_a_s00_pos1_tap0_mc4_cpl0_rp4p9639242883_rn4p9501632796_f12370_f21100_a0_dac1p25,K5AC,A,0,0.005,1,0,4,ac,0.0,0.0,0,1.25,0,4.963924288299439,4.950163279600443,40.0,2370.0,1100.0,,0,977783.8988445712,1.6789979227592707e-05,7.9432823472429535,13.518159135461179,25.000586898508644,0,2473621.9916389273,435.6368377370773,482.1374119312563,46.50057419417897,-49.15183684134464,-50.0,-1.6963263173107257,,,,,,,,,,,,,,,,,,,,,,,,,,,,,,,,,,,,0
s9_k5ac_a_s00_pos1_tap0_mc50_cpl0_rp4p93838286104_rn4p81764389731_f12370_f21100_a0_dac1p25,K5AC,A,0,0.005,1,0,50,ac,0.0,0.0,0,1.25,0,4.938382861036046,4.817643897306691,40.0,2370.0,1100.0,,0,967823.5164411372,0.009257693905456893,9404.44851726424,13.65604395635959,25.02525792903592,0,2473621.9916389273,442.7624167041176,482.4270924516687,39.664675747551144,-49.05868726939608,-50.0,-1.882625461207832,,,,,,,,,,,,,,,,,,,,,,,,,,,,,,,,,,,,0
s9_k5ac_a_s00_pos1_tap0_mc51_cpl0_rp4p94108494795_rn4p84597086392_f12370_f21100_a0_dac1p25,K5AC,A,0,0.005,1,0,51,ac,0.0,0.0,0,1.25,0,4.941084947954228,4.845970863919445,40.0,2370.0,1100.0,,0,1020375.0451587922,0.009627497548346383,10391.2230383525,13.718235093020015,25.414540759118392,0,2473621.9916389273,435.64671399953704,503.911661664473,68.26494766493596,-49.84224749166108,-50.0,-0.3155050166778417,,,,,,,,,,,,,,,,,,,,,,,,,,,,,,,,,,,,0
s9_k5ac_a_s00_pos1_tap0_mc52_cpl0_rp4p90067306704_rn4p92869417858_f12370_f21100_a0_dac1p25,K5AC,A,0,0.005,1,0,52,ac,0.0,0.0,0,1.25,0,4.900673067044964,4.928694178577813,40.0,2370.0,1100.0,,0,1029776.1805076067,1.6869591875669624e-05,8.844365191386158,13.10153646440844,24.55579480378106,0,2473621.9916389273,424.5688506234607,489.6982332370587,65.12938261359795,-48.30238998265481,-50.0,-3.3952200346903827,,,,,,,,,,,,,,,,,,,,,,,,,,,,,,,,,,,,0
s9_k5ac_a_s00_pos1_tap0_mc53_cpl0_rp4p90671802168_rn4p84604051155_f12370_f21100_a0_dac1p25,K5AC,A,0,0.005,1,0,53,ac,0.0,0.0,0,1.25,0,4.906718021679604,4.846040511552379,40.0,2370.0,1100.0,,0,967853.2630948569,1.7053782721725888e-05,8.91250938133762,14.084081195897094,25.659892332664533,0,2473621.9916389273,442.86792342173794,493.2828799679624,50.41495654622446,-49.36584304551904,-50.0,-1.2683139089619155,,,,,,,,,,,,,,,,,,,,,,,,,,,,,,,,,,,,0
s9_k5ac_a_s00_pos1_tap0_mc54_cpl0_rp4p98569420512_rn4p85186384419_f12370_f21100_a0_dac1p25,K5AC,A,0,0.005,1,0,54,ac,0.0,0.0,0,1.25,0,4.985694205117068,4.851863844192985,40.0,2370.0,1100.0,,0,953285.142716092,0.00359179659455329,7943.282347243415,13.953307947114073,25.362867641786565,0,2473621.9916389273,447.74605489298483,485.71398119122625,37.96792629824142,-50.50957520413994,-50.0,1.0191504082798897,,,,,,,,,,,,,,,,,,,,,,,,,,,,,,,,,,,,0
s9_k5ac_a_s00_pos1_tap0_mc55_cpl0_rp4p81692971849_rn4p86324679714_f12370_f21100_a0_dac1p25,K5AC,A,0,0.005,1,0,55,ac,0.0,0.0,0,1.25,0,4.816929718488971,4.86324679713733,40.0,2370.0,1100.0,,0,985422.5725283709,1.717804008832489e-05,10.000000000000194,13.560534315534968,24.90176347328024,0,2473621.9916389273,435.25440296312416,485.7190827523379,50.46467978921373,-49.850107566854646,-50.0,-0.2997848662907088,,,,,,,,,,,,,,,,,,,,,,,,,,,,,,,,,,,,0
s9_k5ac_a_s00_pos1_tap0_mc56_cpl0_rp4p89383174788_rn4p94109310762_f12370_f21100_a0_dac1p25,K5AC,A,0,0.005,1,0,56,ac,0.0,0.0,0,1.25,0,4.893831747878307,4.9410931076228115,40.0,2370.0,1100.0,,0,994835.4108260042,0.0021882539961322212,8511.380382024412,14.0433670324353,25.628986871223248,0,2473621.9916389273,438.61559793022775,502.436985556999,63.82138762677124,-49.200013699849436,-50.0,-1.599972600301125,,,,,,,,,,,,,,,,,,,,,,,,,,,,,,,,,,,,0
s9_k5ac_a_s00_pos1_tap0_mc57_cpl0_rp4p85647483821_rn4p83451618039_f12370_f21100_a0_dac1p25,K5AC,A,0,0.005,1,0,57,ac,0.0,0.0,0,1.25,0,4.856474838211144,4.834516180392071,40.0,2370.0,1100.0,,0,981004.1962545444,0.0003091969834916854,6118.805757518668,13.466453236750105,24.985471813535856,0,2473621.9916389273,442.1121550530604,482.7781321529235,40.665977099863085,-49.79165888504217,-50.0,-0.41668222991566584,,,,,,,,,,,,,,,,,,,,,,,,,,,,,,,,,,,,0
s9_k5ac_a_s00_pos1_tap0_mc58_cpl0_rp4p89346033217_rn4p83607483876_f12370_f21100_a0_dac1p25,K5AC,A,0,0.005,1,0,58,ac,0.0,0.0,0,1.25,0,4.893460332174911,4.836074838764913,40.0,2370.0,1100.0,,0,965696.545826173,1.6954673280909388e-05,9.120108393559267,14.175250724040838,25.641875612270947,0,2473621.9916389273,444.46968927667336,495.53245691176124,51.06276763508788,-48.954198105560785,-50.0,-2.0916037888784267,,,,,,,,,,,,,,,,,,,,,,,,,,,,,,,,,,,,0
s9_k5ac_a_s00_pos1_tap0_mc59_cpl0_rp4p82373364137_rn4p91750785234_f12370_f21100_a0_dac1p25,K5AC,A,0,0.005,1,0,59,ac,0.0,0.0,0,1.25,0,4.823733641370459,4.917507852337766,40.0,2370.0,1100.0,,0,976215.83120828,1.7533728288780787e-05,14.565766155244907,13.498456142618979,24.89372657183923,0,2473621.9916389273,440.0810154911797,481.2884185338468,41.207403042667124,-49.05370028691332,-50.0,-1.892599426173358,,,,,,,,,,,,,,,,,,,,,,,,,,,,,,,,,,,,0
s9_k5ac_a_s00_pos1_tap0_mc5_cpl0_rp4p82480901845_rn4p85891971041_f12370_f21100_a0_dac1p25,K5AC,A,0,0.005,1,0,5,ac,0.0,0.0,0,1.25,0,4.824809018452469,4.858919710414241,40.0,2370.0,1100.0,,0,991457.7412089937,1.6984927584288576e-05,9.190377133632765,13.789647030376432,25.46640397965717,0,2473621.9916389273,438.80088201799646,495.2490576845859,56.448175666589464,-49.2737568861596,-50.0,-1.4524862276807937,,,,,,,,,,,,,,,,,,,,,,,,,,,,,,,,,,,,0
s9_k5ac_a_s00_pos1_tap0_mc60_cpl0_rp4p84684747008_rn4p97109424672_f12370_f21100_a0_dac1p25,K5AC,A,0,0.005,1,0,60,ac,0.0,0.0,0,1.25,0,4.846847470081567,4.971094246724969,40.0,2370.0,1100.0,,0,1011714.5835592783,1.698223384299657e-05,8.643042860748515,13.693174207188102,25.441538926602075,0,2473621.9916389273,434.910931355198,500.31422449092764,65.40329313572965,-48.722471386071284,-50.0,-2.555057227857427,,,,,,,,,,,,,,,,,,,,,,,,,,,,,,,,,,,,0
s9_k5ac_a_s00_pos1_tap0_mc61_cpl0_rp4p94483197358_rn4p95053325516_f12370_f21100_a0_dac1p25,K5AC,A,0,0.005,1,0,61,ac,0.0,0.0,0,1.25,0,4.944831973580668,4.950533255157358,40.0,2370.0,1100.0,,0,967269.0743641474,1.723607362267088e-05,10.880946292622482,13.756715423341145,25.272215413905244,0,2473621.9916389273,443.17301180858345,485.2326558325559,42.05964402397245,-50.09200388417687,-50.0,0.18400776835374444,,,,,,,,,,,,,,,,,,,,,,,,,,,,,,,,,,,,0
s9_k5ac_a_s00_pos1_tap0_mc62_cpl0_rp4p81530518808_rn4p84368973926_f12370_f21100_a0_dac1p25,K5AC,A,0,0.005,1,0,62,ac,0.0,0.0,0,1.25,0,4.815305188076907,4.843689739264638,40.0,2370.0,1100.0,,0,1019077.300149835,0.00513718957560887,9623.506263981628,13.681418036530088,25.27522290003507,0,2473621.9916389273,432.9579383878729,501.78432554288946,68.82638715501656,-48.933489018389096,-50.0,-2.133021963221804,,,,,,,,,,,,,,,,,,,,,,,,,,,,,,,,,,,,0
s9_k5ac_a_s00_pos1_tap0_mc63_cpl0_rp4p92941797896_rn4p92106168524_f12370_f21100_a0_dac1p25,K5AC,A,0,0.005,1,0,63,ac,0.0,0.0,0,1.25,0,4.929417978963851,4.921061685235077,40.0,2370.0,1100.0,,0,1007261.441776684,1.7030393296142633e-05,10.000000000000194,13.67432909336422,25.136491151170183,0,2473621.9916389273,431.30279667007164,497.08212703705595,65.77933036698431,-50.240408389574135,-50.0,0.48081677914826315,,,,,,,,,,,,,,,,,,,,,,,,,,,,,,,,,,,,0
s9_k5ac_a_s00_pos1_tap0_mc64_cpl0_rp4p81847647918_rn4p86125477416_f12370_f21100_a0_dac1p25,K5AC,A,0,0.005,1,0,64,ac,0.0,0.0,0,1.25,0,4.818476479179087,4.861254774161835,40.0,2370.0,1100.0,,0,1001975.477093713,1.7064947154754866e-05,9.120108393559267,13.785130704763112,25.40050544659434,0,2473621.9916389273,434.51572513415056,499.5281822093603,65.01245707520974,-49.2656854386567,-50.0,-1.4686291226865933,,,,,,,,,,,,,,,,,,,,,,,,,,,,,,,,,,,,0
s9_k5ac_a_s00_pos1_tap0_mc65_cpl0_rp4p98548728336_rn4p8322453739_f12370_f21100_a0_dac1p25,K5AC,A,0,0.005,1,0,65,ac,0.0,0.0,0,1.25,0,4.985487283362776,4.832245373900748,40.0,2370.0,1100.0,,0,1010766.6368739173,0.006374243985778947,10471.28548050981,14.056835039055125,25.653915321552194,0,2473621.9916389273,435.72592541625977,509.8964897276829,74.1705643114231,-50.453976684082484,-50.0,0.9079533681649599,,,,,,,,,,,,,,,,,,,,,,,,,,,,,,,,,,,,0
s9_k5ac_a_s00_pos1_tap0_mc66_cpl0_rp4p86891949042_rn4p81968547826_f12370_f21100_a0_dac1p25,K5AC,A,0,0.005,1,0,66,ac,0.0,0.0,0,1.25,0,4.8689194904222814,4.81968547825727,40.0,2370.0,1100.0,,0,977628.7837037275,1.6940409360657653e-05,8.91250938133762,14.088700566792344,25.52744148860665,0,2473621.9916389273,439.43699985218507,496.61545274452607,57.178452892341,-47.998530885941655,-50.0,-4.002938228116692,,,,,,,,,,,,,,,,,,,,,,,,,,,,,,,,,,,,0
s9_k5ac_a_s00_pos1_tap0_mc67_cpl0_rp4p87381940208_rn4p84921330081_f12370_f21100_a0_dac1p25,K5AC,A,0,0.005,1,0,67,ac,0.0,0.0,0,1.25,0,4.873819402079665,4.8492133008067695,40.0,2370.0,1100.0,,0,1065013.733739127,1.7158060643625142e-05,9.772372209558293,12.807266048468964,24.52894688536187,0,2473621.9916389273,420.0840782969499,496.25486302335446,76.17078472640458,-49.71388074158072,-50.0,-0.5722385168385635,,,,,,,,,,,,,,,,,,,,,,,,,,,,,,,,,,,,0
s9_k5ac_a_s00_pos1_tap0_mc68_cpl0_rp4p93398577308_rn4p85144702565_f12370_f21100_a0_dac1p25,K5AC,A,0,0.005,1,0,68,ac,0.0,0.0,0,1.25,0,4.933985773077202,4.851447025649973,40.0,2370.0,1100.0,,0,957614.826173118,1.682302656756606e-05,8.190932242153117,14.165231270369956,25.698675178480983,0,2473621.9916389273,444.6256300916218,492.469186307189,47.84355621556716,-50.49114447650535,-50.0,0.9822889530106904,,,,,,,,,,,,,,,,,,,,,,,,,,,,,,,,,,,,0
s9_k5ac_a_s00_pos1_tap0_mc69_cpl0_rp4p91143479711_rn4p82654788787_f12370_f21100_a0_dac1p25,K5AC,A,0,0.005,1,0,69,ac,0.0,0.0,0,1.25,0,4.911434797113318,4.8265478878736365,40.0,2370.0,1100.0,,0,977838.9911257703,1.7418288390146628e-05,12.302687708124076,14.389594984851804,26.11748194697504,0,2473621.9916389273,447.222887486453,506.74315690991415,59.52026942346117,-49.12837849268401,-50.0,-1.74324301463199,,,,,,,,,,,,,,,,,,,,,,,,,,,,,,,,,,,,0
s9_k5ac_a_s00_pos1_tap0_mc6_cpl0_rp4p99017081879_rn4p92930515062_f12370_f21100_a0_dac1p25,K5AC,A,0,0.005,1,0,6,ac,0.0,0.0,0,1.25,0,4.990170818793452,4.929305150616864,40.0,2370.0,1100.0,,0,944912.8018763495,1.688947589137238e-05,8.776742025360223,13.946486791516948,25.40349716664463,0,2473621.9916389273,447.67765535087824,482.939394645958,35.261739295079735,-49.04297904530574,-50.0,-1.9140419093885197,,,,,,,,,,,,,,,,,,,,,,,,,,,,,,,,,,,,0
s9_k5ac_a_s00_pos1_tap0_mc70_cpl0_rp4p88881714958_rn4p81017969097_f12370_f21100_a0_dac1p25,K5AC,A,0,0.005,1,0,70,ac,0.0,0.0,0,1.25,0,4.8888171495826835,4.810179690974999,40.0,2370.0,1100.0,,0,995503.222721176,1.699635208444297e-05,9.05037692151729,13.484350296092616,25.061950123996297,0,2473621.9916389273,437.0014952933057,488.25748140311003,51.255986109804326,-49.13193678322731,-50.0,-1.7361264335453819,,,,,,,,,,,,,,,,,,,,,,,,,,,,,,,,,,,,0
s9_k5ac_a_s00_pos1_tap0_mc71_cpl0_rp4p80947156083_rn4p89461668416_f12370_f21100_a0_dac1p25,K5AC,A,0,0.005,1,0,71,ac,0.0,0.0,0,1.25,0,4.809471560826176,4.894616684158554,40.0,2370.0,1100.0,,0,981291.6578619585,1.6850299240307595e-05,8.25404185268033,13.43226910231744,24.878902201058033,0,2473621.9916389273,437.63083752571333,482.1009911132838,44.47015358757045,-49.24492755716357,-50.0,-1.5101448856728594,,,,,,,,,,,,,,,,,,,,,,,,,,,,,,,,,,,,0
s9_k5ac_a_s00_pos1_tap0_mc72_cpl0_rp4p8591984229_rn4p98977652785_f12370_f21100_a0_dac1p25,K5AC,A,0,0.005,1,0,72,ac,0.0,0.0,0,1.25,0,4.859198422902416,4.9897765278485515,40.0,2370.0,1100.0,,0,980710.6913078083,1.7053516619941258e-05,9.697653591082679,13.707658790048523,25.134219232353946,0,2473621.9916389273,436.7593954015224,487.79822607957357,51.03883067805117,-50.488566091543525,-50.0,0.9771321830870594,,,,,,,,,,,,,,,,,,,,,,,,,,,,,,,,,,,,0
s9_k5ac_a_s00_pos1_tap0_mc73_cpl0_rp4p97210393659_rn4p882087731_f12370_f21100_a0_dac1p25,K5AC,A,0,0.005,1,0,73,ac,0.0,0.0,0,1.25,0,4.972103936593898,4.882087730999263,40.0,2370.0,1100.0,,0,1017911.9473683431,0.00046580355515461427,7188.969923658608,13.633019877892488,25.257599922474203,0,2473621.9916389273,434.1291157032665,500.6859442253027,66.5568285220362,-48.29998237778143,-50.0,-3.4000352444371384,,,,,,,,,,,,,,,,,,,,,,,,,,,,,,,,,,,,0
s9_k5ac_a_s00_pos1_tap0_mc74_cpl0_rp4p81224899117_rn4p97047798808_f12370_f21100_a0_dac1p25,K5AC,A,0,0.005,1,0,74,ac,0.0,0.0,0,1.25,0,4.812248991171771,4.970477988080208,40.0,2370.0,1100.0,,0,995468.1860454588,1.7278038611604453e-05,10.154689924331,14.077827926883526,25.73987135068352,0,2473621.9916389273,440.69545483173266,504.1700831173791,63.47462828564642,-49.077707381281265,-50.0,-1.8445852374374683,,,,,,,,,,,,,,,,,,,,,,,,,,,,,,,,,,,,0
s9_k5ac_a_s00_pos1_tap0_mc75_cpl0_rp4p87408261124_rn4p83842753066_f12370_f21100_a0_dac1p25,K5AC,A,0,0.005,1,0,75,ac,0.0,0.0,0,1.25,0,4.874082611238789,4.838427530657912,40.0,2370.0,1100.0,,0,1027623.847970081,1.72244484331834e-05,9.772372209558293,13.100411786254934,24.688162794582666,0,2473621.9916389273,427.18991284185563,489.58327382907896,62.39336098722333,-49.785002647429984,-50.0,-0.42999470514003546,,,,,,,,,,,,,,,,,,,,,,,,,,,,,,,,,,,,0
s9_k5ac_a_s00_pos1_tap0_mc76_cpl0_rp4p88235051161_rn4p88834123809_f12370_f21100_a0_dac1p25,K5AC,A,0,0.005,1,0,76,ac,0.0,0.0,0,1.25,0,4.8823505116112305,4.88834123809309,40.0,2370.0,1100.0,,0,963663.6097896073,1.689514518659511e-05,8.317637711026858,13.323904821816456,24.680870784532885,0,2473621.9916389273,439.28746200133304,473.16288599630207,33.875423994969026,-48.2071884765909,-50.0,-3.585623046818198,,,,,,,,,,,,,,,,,,,,,,,,,,,,,,,,,,,,0
s9_k5ac_a_s00_pos1_tap0_mc77_cpl0_rp4p94042145621_rn4p95409641466_f12370_f21100_a0_dac1p25,K5AC,A,0,0.005,1,0,77,ac,0.0,0.0,0,1.25,0,4.940421456214767,4.95409641465923,40.0,2370.0,1100.0,,0,952881.4871108107,0.0036892211977312913,8190.932242153593,14.339876951058166,25.764846981264196,0,2473621.9916389273,448.3357868115571,493.89243243837865,45.556645626821535,-50.61854965230648,-50.0,1.2370993046129541,,,,,,,,,,,,,,,,,,,,,,,,,,,,,,,,,,,,0
s9_k5ac_a_s00_pos1_tap0_mc78_cpl0_rp4p86823976616_rn4p87579310451_f12370_f21100_a0_dac1p25,K5AC,A,0,0.005,1,0,78,ac,0.0,0.0,0,1.25,0,4.8682397661630965,4.875793104508594,40.0,2370.0,1100.0,,0,1015848.1124180087,0.0003892253958035423,6709.137099554609,13.031336088048924,24.59490014376563,0,2473621.9916389273,430.8079711446821,482.88163768095507,52.07366653627298,-49.109729515966485,-50.0,-1.7805409680670348,,,,,,,,,,,,,,,,,,,,,,,,,,,,,,,,,,,,0
s9_k5ac_a_s00_pos1_tap0_mc79_cpl0_rp4p89509926023_rn4p88681577062_f12370_f21100_a0_dac1p25,K5AC,A,0,0.005,1,0,79,ac,0.0,0.0,0,1.25,0,4.895099260228807,4.886815770623871,40.0,2370.0,1100.0,,0,989457.2530690754,0.003301498001697988,8004.483861359523,13.405882949843603,24.93246111776182,0,2473621.9916389273,440.28220958923674,484.68284634771595,44.40063675847921,-49.92536075916583,-50.0,-0.14927848166834679,,,,,,,,,,,,,,,,,,,,,,,,,,,,,,,,,,,,0
s9_k5ac_a_s00_pos1_tap0_mc7_cpl0_rp4p9191824958_rn4p94462443839_f12370_f21100_a0_dac1p25,K5AC,A,0,0.005,1,0,7,ac,0.0,0.0,0,1.25,0,4.919182495796655,4.9446244383908775,40.0,2370.0,1100.0,,0,983433.7561812159,1.7112543335235583e-05,9.549925860214541,14.232070552382266,25.847925872662874,0,2473621.9916389273,440.4175237139422,503.9982977757236,63.58077406178137,-49.67868581659943,-50.0,-0.6426283668011346,,,,,,,,,,,,,,,,,,,,,,,,,,,,,,,,,,,,0
s9_k5ac_a_s00_pos1_tap0_mc80_cpl0_rp4p90407268595_rn4p99116117843_f12370_f21100_a0_dac1p25,K5AC,A,0,0.005,1,0,80,ac,0.0,0.0,0,1.25,0,4.9040726859476464,4.991161178425712,40.0,2370.0,1100.0,,0,1043115.8238044506,0.0043721526854905044,9923.540961321773,13.031452788368341,24.6578552896601,0,2473621.9916389273,425.1271173074268,492.40113349409415,67.27401618666738,-49.49150233452899,-50.0,-1.0169953309420277,,,,,,,,,,,,,,,,,,,,,,,,,,,,,,,,,,,,0
s9_k5ac_a_s00_pos1_tap0_mc81_cpl0_rp4p9204357772_rn4p91598929712_f12370_f21100_a0_dac1p25,K5AC,A,0,0.005,1,0,81,ac,0.0,0.0,0,1.25,0,4.920435777199089,4.915989297122961,40.0,2370.0,1100.0,,0,995792.9612314989,1.7353761974085656e-05,11.30663397949662,13.242531242536804,24.64580484989196,0,2473621.9916389273,434.5800061898893,481.6743056144998,47.09429942461054,-50.327596499779055,-50.0,0.6551929995581185,,,,,,,,,,,,,,,,,,,,,,,,,,,,,,,,,,,,0
s9_k5ac_a_s00_pos1_tap0_mc82_cpl0_rp4p83199788371_rn4p83944375677_f12370_f21100_a0_dac1p25,K5AC,A,0,0.005,1,0,82,ac,0.0,0.0,0,1.25,0,4.831997883708647,4.839443756766406,40.0,2370.0,1100.0,,0,1016272.4317097017,0.010136051207200613,11659.144011799235,14.096517087177917,25.85714066040837,0,2473621.9916389273,436.28374238216355,513.7732728701744,77.48953048801087,-49.08988531215718,-50.0,-1.8202293756856447,,,,,,,,,,,,,,,,,,,,,,,,,,,,,,,,,,,,0
s9_k5ac_a_s00_pos1_tap0_mc83_cpl0_rp4p98994570318_rn4p92885374731_f12370_f21100_a0_dac1p25,K5AC,A,0,0.005,1,0,83,ac,0.0,0.0,0,1.25,0,4.9899457031827525,4.928853747310462,40.0,2370.0,1100.0,,0,969568.4309148862,0.0004394766619143352,6709.137099554609,14.696589253284467,26.39110325092563,0,2473621.9916389273,448.8916183497966,511.0897938814333,62.19817553163671,-48.93485119882322,-50.0,-2.1302976023535702,,,,,,,,,,,,,,,,,,,,,,,,,,,,,,,,,,,,0
s9_k5ac_a_s00_pos1_tap0_mc84_cpl0_rp4p94962874674_rn4p95231937264_f12370_f21100_a0_dac1p25,K5AC,A,0,0.005,1,0,84,ac,0.0,0.0,0,1.25,0,4.949628746742632,4.9523193726378425,40.0,2370.0,1100.0,,0,974736.3842875091,0.011640792030240881,10471.28548050981,13.853430407998323,25.30488070310744,0,2473621.9916389273,441.7178265475564,490.4682498881811,48.75042334062471,-50.64842068045432,-50.0,1.2968413609086404,,,,,,,,,,,,,,,,,,,,,,,,,,,,,,,,,,,,0
s9_k5ac_a_s00_pos1_tap0_mc85_cpl0_rp4p99052628228_rn4p95771412663_f12370_f21100_a0_dac1p25,K5AC,A,0,0.005,1,0,85,ac,0.0,0.0,0,1.25,0,4.990526282278525,4.9577141266308535,40.0,2370.0,1100.0,,0,977715.6563547824,1.681647084106138e-05,8.190932242153117,13.98101087410287,25.575033279222943,0,2473621.9916389273,443.6051717830562,495.6616189327506,52.05644714969441,-50.09242449969318,-50.0,0.18484899938635557,,,,,,,,,,,,,,,,,,,,,,,,,,,,,,,,,,,,0
s9_k5ac_a_s00_pos1_tap0_mc86_cpl0_rp4p81534552746_rn4p95489274822_f12370_f21100_a0_dac1p25,K5AC,A,0,0.005,1,0,86,ac,0.0,0.0,0,1.25,0,4.815345527458427,4.954892748219966,40.0,2370.0,1100.0,,0,992714.5683675532,1.7145825460255145e-05,10.391223038351896,14.391482621402735,26.17347151389762,0,2473621.9916389273,443.0948140573578,513.1216207444949,70.02680668713708,-49.283676461016874,-50.0,-1.4326470779662537,,,,,,,,,,,,,,,,,,,,,,,,,,,,,,,,,,,,0
s9_k5ac_a_s00_pos1_tap0_mc87_cpl0_rp4p80472956662_rn4p84793417503_f12370_f21100_a0_dac1p25,K5AC,A,0,0.005,1,0,87,ac,0.0,0.0,0,1.25,0,4.804729566620188,4.8479341750315745,40.0,2370.0,1100.0,,0,1066292.2145579217,0.0011511778434741004,9261.187281288645,13.201541371588677,24.98574968921543,0,2473621.9916389273,422.06226127765314,507.71367036487476,85.65140908722162,-50.056501094023226,-50.0,0.11300218804644047,,,,,,,,,,,,,,,,,,,,,,,,,,,,,,,,,,,,0
s9_k5ac_a_s00_pos1_tap0_mc88_cpl0_rp4p89721161764_rn4p89687305656_f12370_f21100_a0_dac1p25,K5AC,A,0,0.005,1,0,88,ac,0.0,0.0,0,1.25,0,4.897211617639955,4.896873056557508,40.0,2370.0,1100.0,,0,1008352.0176075677,0.0002845756393350949,6606.934480076448,13.584957226486813,25.132216517930186,0,2473621.9916389273,436.152360155451,494.8085048605298,58.656144705078816,-48.60094656646112,-50.0,-2.7981068670777653,,,,,,,,,,,,,,,,,,,,,,,,,,,,,,,,,,,,0
s9_k5ac_a_s00_pos1_tap0_mc89_cpl0_rp4p96618907878_rn4p86040501269_f12370_f21100_a0_dac1p25,K5AC,A,0,0.005,1,0,89,ac,0.0,0.0,0,1.25,0,4.966189078779873,4.860405012692762,40.0,2370.0,1100.0,,0,952900.1901408745,1.729278759090903e-05,10.715193052376279,14.270004459298422,25.77463370690166,0,2473621.9916389273,449.00032760471913,493.46110941869335,44.46078181397422,-49.345096516493534,-50.0,-1.3098069670129275,,,,,,,,,,,,,,,,,,,,,,,,,,,,,,,,,,,,0
s9_k5ac_a_s00_pos1_tap0_mc8_cpl0_rp4p96507607737_rn4p86843366932_f12370_f21100_a0_dac1p25,K5AC,A,0,0.005,1,0,8,ac,0.0,0.0,0,1.25,0,4.965076077369363,4.868433669320858,40.0,2370.0,1100.0,,0,971159.8061260013,0.0008776480073923489,7025.328989731044,14.0559778773954,25.66414964045065,0,2473621.9916389273,444.57189031380307,494.7286112695549,50.15672095575184,-49.9941923729356,-50.0,-0.01161525412879394,,,,,,,,,,,,,,,,,,,,,,,,,,,,,,,,,,,,0
s9_k5ac_a_s00_pos1_tap0_mc90_cpl0_rp4p90843644284_rn4p80246070609_f12370_f21100_a0_dac1p25,K5AC,A,0,0.005,1,0,90,ac,0.0,0.0,0,1.25,0,4.908436442841985,4.802460706089642,40.0,2370.0,1100.0,,0,1003821.7692073116,1.713328938221937e-05,10.633265716371824,13.77288109830459,25.480590437519282,0,2473621.9916389273,438.76659207992,499.0032536395336,60.23666155961365,-48.828113516746505,-50.0,-2.343772966506985,,,,,,,,,,,,,,,,,,,,,,,,,,,,,,,,,,,,0
s9_k5ac_a_s00_pos1_tap0_mc91_cpl0_rp4p83038297979_rn4p98626428712_f12370_f21100_a0_dac1p25,K5AC,A,0,0.005,1,0,91,ac,0.0,0.0,0,1.25,0,4.830382979787494,4.986264287124217,40.0,2370.0,1100.0,,0,1034868.2985101189,0.0011994872453369289,8381.723563642257,12.893899490907407,24.44549418036161,0,2473621.9916389273,424.5619948618426,485.20264243025895,60.64064756841634,-49.51085049125226,-50.0,-0.9782990174954764,,,,,,,,,,,,,,,,,,,,,,,,,,,,,,,,,,,,0
s9_k5ac_a_s00_pos1_tap0_mc92_cpl0_rp4p81562875086_rn4p85682619388_f12370_f21100_a0_dac1p25,K5AC,A,0,0.005,1,0,92,ac,0.0,0.0,0,1.25,0,4.815628750856108,4.856826193884682,40.0,2370.0,1100.0,,0,1026564.354798304,0.0056972904207653035,10471.28548050981,13.781040295414623,25.491772749177322,0,2473621.9916389273,433.46394359750246,509.3221681886803,75.85822459117782,-48.98569686536981,-50.0,-2.02860626926038,,,,,,,,,,,,,,,,,,,,,,,,,,,,,,,,,,,,0
s9_k5ac_a_s00_pos1_tap0_mc93_cpl0_rp4p86363635694_rn4p88328915379_f12370_f21100_a0_dac1p25,K5AC,A,0,0.005,1,0,93,ac,0.0,0.0,0,1.25,0,4.863636356935841,4.883289153789947,40.0,2370.0,1100.0,,0,1041103.6445290078,1.6985112698155726e-05,9.190377133632765,13.383603028218872,25.009567952276377,0,2473621.9916389273,425.8712815487231,502.7103179046883,76.83903635596516,-49.89463767441236,-50.0,-0.21072465117528694,,,,,,,,,,,,,,,,,,,,,,,,,,,,,,,,,,,,0
s9_k5ac_a_s00_pos1_tap0_mc94_cpl0_rp4p92071985605_rn4p82299512814_f12370_f21100_a0_dac1p25,K5AC,A,0,0.005,1,0,94,ac,0.0,0.0,0,1.25,0,4.9207198560453085,4.822995128137165,40.0,2370.0,1100.0,,0,1018518.0603382068,1.6727408085041932e-05,8.190932242153117,13.722651516771334,25.33854049220673,0,2473621.9916389273,430.13045861141006,503.1199628458417,72.98950423443165,-48.92504334717639,-50.0,-2.149913305647222,,,,,,,,,,,,,,,,,,,,,,,,,,,,,,,,,,,,0
s9_k5ac_a_s00_pos1_tap0_mc95_cpl0_rp4p91235641176_rn4p95100309897_f12370_f21100_a0_dac1p25,K5AC,A,0,0.005,1,0,95,ac,0.0,0.0,0,1.25,0,4.912356411756327,4.951003098965599,40.0,2370.0,1100.0,,0,979030.9923793211,1.7174969590882536e-05,9.923540961321196,13.58713787686475,25.079034145144547,0,2473621.9916389273,440.3679196430914,484.75850901540855,44.39058937231715,-48.63658456842077,-50.0,-2.726830863158458,,,,,,,,,,,,,,,,,,,,,,,,,,,,,,,,,,,,0
s9_k5ac_a_s00_pos1_tap0_mc96_cpl0_rp4p98887721291_rn4p89671470465_f12370_f21100_a0_dac1p25,K5AC,A,0,0.005,1,0,96,ac,0.0,0.0,0,1.25,0,4.988877212910134,4.8967147046477155,40.0,2370.0,1100.0,,0,959527.0192221272,0.0038019269352341225,8317.63771102734,14.304316344144018,25.782358863846383,0,2473621.9916389273,446.55832987904995,496.1356160561581,49.577286177108135,-49.76666972230225,-50.0,-0.4666605553955039,,,,,,,,,,,,,,,,,,,,,,,,,,,,,,,,,,,,0
s9_k5ac_a_s00_pos1_tap0_mc97_cpl0_rp4p95689485016_rn4p90423819188_f12370_f21100_a0_dac1p25,K5AC,A,0,0.005,1,0,97,ac,0.0,0.0,0,1.25,0,4.956894850161169,4.904238191883401,40.0,2370.0,1100.0,,0,1036872.1346575373,1.7355759626514908e-05,11.220184543019862,12.682584961251056,24.169644395372302,0,2473621.9916389273,423.8189896571716,480.51650118371543,56.69751152654385,-49.32704647844732,-50.0,-1.3459070431053544,,,,,,,,,,,,,,,,,,,,,,,,,,,,,,,,,,,,0
s9_k5ac_a_s00_pos1_tap0_mc98_cpl0_rp4p87507940839_rn4p96037974902_f12370_f21100_a0_dac1p25,K5AC,A,0,0.005,1,0,98,ac,0.0,0.0,0,1.25,0,4.87507940839033,4.9603797490179335,40.0,2370.0,1100.0,,0,1005905.4567053111,1.7381057011727247e-05,11.481536214969063,13.480900914031563,24.978077866551896,0,2473621.9916389273,434.4790612751358,490.48426779785547,56.005206522719675,-49.20690063845007,-50.0,-1.586198723099852,,,,,,,,,,,,,,,,,,,,,,,,,,,,,,,,,,,,0
s9_k5ac_a_s00_pos1_tap0_mc99_cpl0_rp4p93584667049_rn4p99418230324_f12370_f21100_a0_dac1p25,K5AC,A,0,0.005,1,0,99,ac,0.0,0.0,0,1.25,0,4.935846670489885,4.994182303244085,40.0,2370.0,1100.0,,0,993865.3321839238,1.7246042222349888e-05,10.715193052376279,13.472902185888362,24.971802285866993,0,2473621.9916389273,437.57959985839256,486.2126358096622,48.63303595126962,-48.867887033825085,-50.0,-2.264225932349828,,,,,,,,,,,,,,,,,,,,,,,,,,,,,,,,,,,,0
s9_k5ac_a_s00_pos1_tap0_mc9_cpl0_rp4p98797808192_rn4p9062057733_f12370_f21100_a0_dac1p25,K5AC,A,0,0.005,1,0,9,ac,0.0,0.0,0,1.25,0,4.987978081923813,4.906205773299968,40.0,2370.0,1100.0,,0,1034715.619509391,0.0009339226459320469,7644.222742526577,12.932988653123292,24.44798137294726,0,2473621.9916389273,427.25405667814846,487.8000952185555,60.54603854040704,-49.7191904273059,-50.0,-0.5616191453882036,,,,,,,,,,,,,,,,,,,,,,,,,,,,,,,,,,,,0
s9_k5ac_a_s03_pos1_tap3_mc0_cpl0_rp4p9844424025_rn4p84719952244_f12370_f21100_a0_dac1p25,K5AC,A,3,0.05,1,3,0,ac,0.0,0.0,0,1.25,0,4.984442402501529,4.847199522437094,40.0,2370.0,1100.0,,0,1003515.0143204739,0.009199555054883107,9772.372209558862,13.257908514621901,24.793990323279754,0,2473621.9916389273,435.7004062912522,485.4129187478387,49.71251245658652,-4.8024963721571705,-5.0,-3.9500725568565875,,,,,,,,,,,,,,,,,,,,,,,,,,,,,,,,,,,,0
s9_k5ac_a_s03_pos1_tap3_mc100_cpl0_rp4p85918728673_rn4p85296983013_f12370_f21100_a0_dac1p25,K5AC,A,3,0.05,1,3,100,ac,0.0,0.0,0,1.25,0,4.859187286732117,4.852969830130256,40.0,2370.0,1100.0,,0,1014986.2796421199,0.0026283893814150697,8317.63771102734,13.76192367263425,25.41028253061283,0,2473621.9916389273,437.2594690529559,504.1167709654427,66.85730191248678,-4.934407786304652,-5.0,-1.3118442739069591,,,,,,,,,,,,,,,,,,,,,,,,,,,,,,,,,,,,0
s9_k5ac_a_s03_pos1_tap3_mc101_cpl0_rp4p92114416875_rn4p93251453173_f12370_f21100_a0_dac1p25,K5AC,A,3,0.05,1,3,101,ac,0.0,0.0,0,1.25,0,4.921144168752844,4.9325145317305,40.0,2370.0,1100.0,,0,1009542.2526490234,0.0012662173166422082,7762.471166287502,13.723510697106732,25.302439095534886,0,2473621.9916389273,435.38635079317345,500.6706199235204,65.28426913034696,-4.886434306945223,-5.0,-2.2713138610955363,,,,,,,,,,,,,,,,,,,,,,,,,,,,,,,,,,,,0
s9_k5ac_a_s03_pos1_tap3_mc102_cpl0_rp4p8407269707_rn4p90041833888_f12370_f21100_a0_dac1p25,K5AC,A,3,0.05,1,3,102,ac,0.0,0.0,0,1.25,0,4.840726970704301,4.900418338883661,40.0,2370.0,1100.0,,0,973127.9563962218,1.723197878200189e-05,10.391223038351896,14.036456864407992,25.670772005757694,0,2473621.9916389273,445.37282482002075,495.1910588270738,49.818234007053036,-4.918180770645982,-5.0,-1.6363845870803528,,,,,,,,,,,,,,,,,,,,,,,,,,,,,,,,,,,,0
s9_k5ac_a_s03_pos1_tap3_mc103_cpl0_rp4p92039929382_rn4p93280884376_f12370_f21100_a0_dac1p25,K5AC,A,3,0.05,1,3,103,ac,0.0,0.0,0,1.25,0,4.920399293820216,4.932808843759211,40.0,2370.0,1100.0,,0,1036124.9323455113,0.0008155552256796185,7527.775638142228,13.164433583059852,24.712085803636857,0,2473621.9916389273,428.5124165816223,495.679049317885,67.16663273626273,-4.981616768990773,-5.0,-0.36766462018453794,,,,,,,,,,,,,,,,,,,,,,,,,,,,,,,,,,,,0
s9_k5ac_a_s03_pos1_tap3_mc104_cpl0_rp4p96672224013_rn4p89966174409_f12370_f21100_a0_dac1p25,K5AC,A,3,0.05,1,3,104,ac,0.0,0.0,0,1.25,0,4.966722240131348,4.899661744085006,40.0,2370.0,1100.0,,0,1006029.6557034507,0.001101446052368063,7527.775638142228,13.691476240115922,25.24907268236563,0,2473621.9916389273,435.7757793227446,497.58329080798245,61.80751148523785,-4.84815769895565,-5.0,-3.0368460208869963,,,,,,,,,,,,,,,,,,,,,,,,,,,,,,,,,,,,0
s9_k5ac_a_s03_pos1_tap3_mc105_cpl0_rp4p84375365941_rn4p9045927206_f12370_f21100_a0_dac1p25,K5AC,A,3,0.05,1,3,105,ac,0.0,0.0,0,1.25,0,4.8437536594097,4.904592720598521,40.0,2370.0,1100.0,,0,1066263.7798114794,0.012352923095602252,11659.144011799235,12.877299023259706,24.46565737038722,0,2473621.9916389273,422.26639241651174,498.23064469859247,75.96425228208074,-4.909163840601542,-5.0,-1.8167231879691714,,,,,,,,,,,,,,,,,,,,,,,,,,,,,,,,,,,,0
s9_k5ac_a_s03_pos1_tap3_mc106_cpl0_rp4p92012976805_rn4p93835919917_f12370_f21100_a0_dac1p25,K5AC,A,3,0.05,1,3,106,ac,0.0,0.0,0,1.25,0,4.92012976804918,4.938359199166201,40.0,2370.0,1100.0,,0,1010141.3387479037,0.008168269325235579,10232.929922808335,13.735915248942906,25.298463400126963,0,2473621.9916389273,435.9472294590593,500.8693600938881,64.92213063482876,-4.907069322183589,-5.0,-1.8586135563282147,,,,,,,,,,,,,,,,,,,,,,,,,,,,,,,,,,,,0
s9_k5ac_a_s03_pos1_tap3_mc107_cpl0_rp4p90582543511_rn4p83419667144_f12370_f21100_a0_dac1p25,K5AC,A,3,0.05,1,3,107,ac,0.0,0.0,0,1.25,0,4.905825435114754,4.834196671439539,40.0,2370.0,1100.0,,0,958328.4828469566,0.008751059819007534,9332.543007970628,14.053818757718574,25.54380560826472,0,2473621.9916389273,447.829199690347,490.0459200341203,42.21672034377326,-4.867930900554768,-5.0,-2.6413819889046453,,,,,,,,,,,,,,,,,,,,,,,,,,,,,,,,,,,,0
s9_k5ac_a_s03_pos1_tap3_mc108_cpl0_rp4p91359279791_rn4p87505767384_f12370_f21100_a0_dac1p25,K5AC,A,3,0.05,1,3,108,ac,0.0,0.0,0,1.25,0,4.913592797910243,4.875057673836121,40.0,2370.0,1100.0,,0,994283.4892548678,0.005934081861161704,9404.44851726424,14.09295042179777,25.736453487263866,0,2473621.9916389273,441.59368797942483,504.81442553872307,63.22073755929824,-4.971368045178445,-5.0,-0.5726390964311046,,,,,,,,,,,,,,,,,,,,,,,,,,,,,,,,,,,,0
s9_k5ac_a_s03_pos1_tap3_mc109_cpl0_rp4p82924750101_rn4p86687646339_f12370_f21100_a0_dac1p25,K5AC,A,3,0.05,1,3,109,ac,0.0,0.0,0,1.25,0,4.8292475010116025,4.866876463390133,40.0,2370.0,1100.0,,0,1030692.1422520068,0.006209634121636153,9923.540961321773,13.423980085015234,25.089733514662573,0,2473621.9916389273,430.92173247815185,500.12381847091126,69.20208599275941,-4.9654731220532,-5.0,-0.6905375589359997,,,,,,,,,,,,,,,,,,,,,,,,,,,,,,,,,,,,0
s9_k5ac_a_s03_pos1_tap3_mc10_cpl0_rp4p80977508378_rn4p87988575949_f12370_f21100_a0_dac1p25,K5AC,A,3,0.05,1,3,10,ac,0.0,0.0,0,1.25,0,4.809775083776429,4.879885759487983,40.0,2370.0,1100.0,,0,1026597.1752016663,0.005356248754711581,9923.540961321773,13.613177207133372,25.204589491389097,0,2473621.9916389273,430.9619107087945,503.3898771194847,72.4279664106902,-4.9657444665424615,-5.0,-0.685110669150768,,,,,,,,,,,,,,,,,,,,,,,,,,,,,,,,,,,,0
s9_k5ac_a_s03_pos1_tap3_mc110_cpl0_rp4p99198766562_rn4p92434456387_f12370_f21100_a0_dac1p25,K5AC,A,3,0.05,1,3,110,ac,0.0,0.0,0,1.25,0,4.9919876656183435,4.924344563871135,40.0,2370.0,1100.0,,0,1037027.143844032,0.001010650177187716,7527.775638142228,13.128424770651575,24.595202064760628,0,2473621.9916389273,426.5688777012246,493.68488534584753,67.11600764462293,-4.936468416610889,-5.0,-1.2706316677822072,,,,,,,,,,,,,,,,,,,,,,,,,,,,,,,,,,,,0
s9_k5ac_a_s03_pos1_tap3_mc111_cpl0_rp4p82611353312_rn4p86150940778_f12370_f21100_a0_dac1p25,K5AC,A,3,0.05,1,3,111,ac,0.0,0.0,0,1.25,0,4.826113533124238,4.861509407777478,40.0,2370.0,1100.0,,0,982896.3735652717,0.0058740543272403885,8776.742025360732,14.251253480093663,25.96211089357288,0,2473621.9916389273,447.5709519157281,505.4105997005986,57.83964778487052,-5.0450828213006655,-5.0,0.9016564260133197,,,,,,,,,,,,,,,,,,,,,,,,,,,,,,,,,,,,0
s9_k5ac_a_s03_pos1_tap3_mc112_cpl0_rp4p88511874725_rn4p980220806_f12370_f21100_a0_dac1p25,K5AC,A,3,0.05,1,3,112,ac,0.0,0.0,0,1.25,0,4.885118747254004,4.980220805996054,40.0,2370.0,1100.0,,0,973942.401720484,0.0015115277536826613,7134.003750713094,13.818797841910094,25.423765570962594,0,2473621.9916389273,443.7818058985934,490.32083530011954,46.539029401526136,-4.906157332522957,-5.0,-1.8768533495408635,,,,,,,,,,,,,,,,,,,,,,,,,,,,,,,,,,,,0
s9_k5ac_a_s03_pos1_tap3_mc113_cpl0_rp4p90002746548_rn4p85282848452_f12370_f21100_a0_dac1p25,K5AC,A,3,0.05,1,3,113,ac,0.0,0.0,0,1.25,0,4.900027465477874,4.852828484519198,40.0,2370.0,1100.0,,0,975305.5238831794,0.002163545019539001,7413.10241300973,13.820082901097607,25.465712270784845,0,2473621.9916389273,445.7751426849158,490.8324039758416,45.057261290925794,-4.966905875831088,-5.0,-0.66188248337824,,,,,,,,,,,,,,,,,,,,,,,,,,,,,,,,,,,,0
s9_k5ac_a_s03_pos1_tap3_mc114_cpl0_rp4p93365385003_rn4p86413831942_f12370_f21100_a0_dac1p25,K5AC,A,3,0.05,1,3,114,ac,0.0,0.0,0,1.25,0,4.93365385002722,4.864138319422693,40.0,2370.0,1100.0,,0,983656.9763869019,1.705942131271514e-05,8.91250938133762,13.90024821901416,25.4549195542948,0,2473621.9916389273,438.199770688881,496.30759502372996,58.10782433484894,-4.907972463278383,-5.0,-1.8405507344323446,,,,,,,,,,,,,,,,,,,,,,,,,,,,,,,,,,,,0
s9_k5ac_a_s03_pos1_tap3_mc115_cpl0_rp4p81012700746_rn4p84166406041_f12370_f21100_a0_dac1p25,K5AC,A,3,0.05,1,3,115,ac,0.0,0.0,0,1.25,0,4.810127007461495,4.841664060408574,40.0,2370.0,1100.0,,0,979598.5814588486,1.7343185500353576e-05,11.30663397949662,13.487967464681143,24.926819771295342,0,2473621.9916389273,441.1602301901234,483.4365448185505,42.27631462842709,-4.837920051866392,-5.0,-3.2415989626721653,,,,,,,,,,,,,,,,,,,,,,,,,,,,,,,,,,,,0
s9_k5ac_a_s03_pos1_tap3_mc116_cpl0_rp4p92258035934_rn4p98840519069_f12370_f21100_a0_dac1p25,K5AC,A,3,0.05,1,3,116,ac,0.0,0.0,0,1.25,0,4.922580359338926,4.988405190694473,40.0,2370.0,1100.0,,0,974694.7620163735,0.00733770453577566,9476.908045142321,14.135253754206968,25.71174113594288,0,2473621.9916389273,445.71880697505566,498.295598341258,52.57679136620237,-4.887506531571523,-5.0,-2.249869368569546,,,,,,,,,,,,,,,,,,,,,,,,,,,,,,,,,,,,0
s9_k5ac_a_s03_pos1_tap3_mc117_cpl0_rp4p96130097874_rn4p9181603723_f12370_f21100_a0_dac1p25,K5AC,A,3,0.05,1,3,117,ac,0.0,0.0,0,1.25,0,4.961300978744207,4.918160372304763,40.0,2370.0,1100.0,,0,1013735.7553595316,1.7364945456015746e-05,12.302687708124076,13.798771827061842,25.474618184993922,0,2473621.9916389273,435.4662129246213,504.9750941569246,69.50888123230334,-4.995161841883688,-5.0,-0.09676316232625215,,,,,,,,,,,,,,,,,,,,,,,,,,,,,,,,,,,,0
s9_k5ac_a_s03_pos1_tap3_mc118_cpl0_rp4p86723481232_rn4p91570768746_f12370_f21100_a0_dac1p25,K5AC,A,3,0.05,1,3,118,ac,0.0,0.0,0,1.25,0,4.867234812322484,4.9157076874611025,40.0,2370.0,1100.0,,0,945597.9500631006,1.6933345430800153e-05,8.317637711026858,14.570149160887224,26.235856079714775,0,2473621.9916389273,451.7478831311296,500.27312273057504,48.525239599445456,-4.9018325189383045,-5.0,-1.9633496212339119,,,,,,,,,,,,,,,,,,,,,,,,,,,,,,,,,,,,0
s9_k5ac_a_s03_pos1_tap3_mc119_cpl0_rp4p90847958678_rn4p94708902258_f12370_f21100_a0_dac1p25,K5AC,A,3,0.05,1,3,119,ac,0.0,0.0,0,1.25,0,4.9084795867817945,4.947089022579152,40.0,2370.0,1100.0,,0,965366.8622734059,0.00206702206827771,7470.218989273876,14.025929468577642,25.437112432832926,0,2473621.9916389273,443.5915068635998,491.30471271392764,47.713205850327824,-4.915397217241557,-5.0,-1.692055655168867,,,,,,,,,,,,,,,,,,,,,,,,,,,,,,,,,,,,0
s9_k5ac_a_s03_pos1_tap3_mc11_cpl0_rp4p81403429595_rn4p86073426048_f12370_f21100_a0_dac1p25,K5AC,A,3,0.05,1,3,11,ac,0.0,0.0,0,1.25,0,4.814034295954164,4.860734260482612,40.0,2370.0,1100.0,,0,1009302.8939419253,1.707881228181975e-05,9.847666521101772,13.537628706424695,25.141400315135538,0,2473621.9916389273,432.8236393345494,495.15432941025,62.3306900757006,-4.8271465509684806,-5.0,-3.4570689806303845,,,,,,,,,,,,,,,,,,,,,,,,,,,,,,,,,,,,0
s9_k5ac_a_s03_pos1_tap3_mc120_cpl0_rp4p93906018383_rn4p85236494221_f12370_f21100_a0_dac1p25,K5AC,A,3,0.05,1,3,120,ac,0.0,0.0,0,1.25,0,4.939060183833369,4.852364942205818,40.0,2370.0,1100.0,,0,991830.0853298999,1.7014297273137086e-05,9.623506263981069,13.717811253595446,25.18275499219138,0,2473621.9916389273,437.27818290059327,492.5105156137635,55.23233271317025,-4.934345776637278,-5.0,-1.313084467254444,,,,,,,,,,,,,,,,,,,,,,,,,,,,,,,,,,,,0
s9_k5ac_a_s03_pos1_tap3_mc121_cpl0_rp4p82168351776_rn4p88631659153_f12370_f21100_a0_dac1p25,K5AC,A,3,0.05,1,3,121,ac,0.0,0.0,0,1.25,0,4.821683517762753,4.886316591525253,40.0,2370.0,1100.0,,0,987496.545587455,1.726175254363571e-05,11.049263568487813,14.35893023437565,26.048734166023483,0,2473621.9916389273,443.592402038593,509.1173078981803,65.5249058595873,-4.9276615787655205,-5.0,-1.4467684246895929,,,,,,,,,,,,,,,,,,,,,,,,,,,,,,,,,,,,0
s9_k5ac_a_s03_pos1_tap3_mc122_cpl0_rp4p87332779102_rn4p98320984985_f12370_f21100_a0_dac1p25,K5AC,A,3,0.05,1,3,122,ac,0.0,0.0,0,1.25,0,4.87332779101636,4.983209849847075,40.0,2370.0,1100.0,,0,980196.1151690756,0.008673076949150697,9847.666521102343,14.383264048469266,26.12954522638772,0,2473621.9916389273,447.8141249181873,508.14355372561687,60.329428807429565,-4.935263739852424,-5.0,-1.29472520295153,,,,,,,,,,,,,,,,,,,,,,,,,,,,,,,,,,,,0
s9_k5ac_a_s03_pos1_tap3_mc123_cpl0_rp4p93802185779_rn4p87359583326_f12370_f21100_a0_dac1p25,K5AC,A,3,0.05,1,3,123,ac,0.0,0.0,0,1.25,0,4.938021857791068,4.873595833259847,40.0,2370.0,1100.0,,0,962517.9058687862,1.7044139751428855e-05,9.190377133632765,14.492426421215715,26.03780700173645,0,2473621.9916389273,448.3289614241881,502.6655504009219,54.33658897673382,-5.018635387679875,-5.0,0.37270775359750097,,,,,,,,,,,,,,,,,,,,,,,,,,,,,,,,,,,,0
s9_k5ac_a_s03_pos1_tap3_mc124_cpl0_rp4p93182421472_rn4p96637895535_f12370_f21100_a0_dac1p25,K5AC,A,3,0.05,1,3,124,ac,0.0,0.0,0,1.25,0,4.931824214724982,4.966378955354066,40.0,2370.0,1100.0,,0,989509.13776008,1.719006681725092e-05,10.96478196143207,13.582778338719669,24.98049306513572,0,2473621.9916389273,436.85878911049747,488.83422721423415,51.97543810373668,-4.93762992239993,-5.0,-1.2474015520014037,,,,,,,,,,,,,,,,,,,,,,,,,,,,,,,,,,,,0
s9_k5ac_a_s03_pos1_tap3_mc125_cpl0_rp4p85982138726_rn4p95505701389_f12370_f21100_a0_dac1p25,K5AC,A,3,0.05,1,3,125,ac,0.0,0.0,0,1.25,0,4.859821387255269,4.955057013894097,40.0,2370.0,1100.0,,0,943774.4328992399,0.0029432057274225757,7585.775750292407,14.252422780124176,25.70106951127097,0,2473621.9916389273,450.29323786588503,489.938011833162,39.64477396727699,-4.9626918197797085,-5.0,-0.7461636044058251,,,,,,,,,,,,,,,,,,,,,,,,,,,,,,,,,,,,0
s9_k5ac_a_s03_pos1_tap3_mc126_cpl0_rp4p86915861907_rn4p92980098716_f12370_f21100_a0_dac1p25,K5AC,A,3,0.05,1,3,126,ac,0.0,0.0,0,1.25,0,4.869158619071663,4.929800987164194,40.0,2370.0,1100.0,,0,963725.2244435238,1.706042846205769e-05,9.404448517263694,13.822446917666753,25.21646863048856,0,2473621.9916389273,442.38792499141226,486.02858126775254,43.64065627634028,-4.949647567826634,-5.0,-1.007048643467312,,,,,,,,,,,,,,,,,,,,,,,,,,,,,,,,,,,,0
s9_k5ac_a_s03_pos1_tap3_mc127_cpl0_rp4p94799692892_rn4p89786034915_f12370_f21100_a0_dac1p25,K5AC,A,3,0.05,1,3,127,ac,0.0,0.0,0,1.25,0,4.947996928921808,4.897860349152504,40.0,2370.0,1100.0,,0,1065358.3572792592,1.7157600114523964e-05,10.391223038351896,12.850985420523813,24.536972929528567,0,2473621.9916389273,420.8404436600865,498.177347541904,77.33690388181748,-4.939700869920243,-5.0,-1.2059826015951458,,,,,,,,,,,,,,,,,,,,,,,,,,,,,,,,,,,,0
s9_k5ac_a_s03_pos1_tap3_mc128_cpl0_rp4p896603987_rn4p82852263541_f12370_f21100_a0_dac1p25,K5AC,A,3,0.05,1,3,128,ac,0.0,0.0,0,1.25,0,4.896603987000213,4.828522635408777,40.0,2370.0,1100.0,,0,985674.1125360432,1.6783959320869892e-05,8.25404185268033,13.53795545730785,25.064307539073077,0,2473621.9916389273,437.8415091547266,486.30544322570915,48.46393407098253,-4.958012843939123,-5.0,-0.8397431212175399,,,,,,,,,,,,,,,,,,,,,,,,,,,,,,,,,,,,0
s9_k5ac_a_s03_pos1_tap3_mc129_cpl0_rp4p81174207234_rn4p89100641234_f12370_f21100_a0_dac1p25,K5AC,A,3,0.05,1,3,129,ac,0.0,0.0,0,1.25,0,4.81174207233888,4.891006412336964,40.0,2370.0,1100.0,,0,1005143.7688901417,0.0026336699106441954,8128.305161641608,13.716527236036073,25.202899377579115,0,2473621.9916389273,435.33592373600374,497.2802333472065,61.944309611202755,-4.969628660907108,-5.0,-0.6074267818578449,,,,,,,,,,,,,,,,,,,,,,,,,,,,,,,,,,,,0
s9_k5ac_a_s03_pos1_tap3_mc12_cpl0_rp4p91919084993_rn4p83952044191_f12370_f21100_a0_dac1p25,K5AC,A,3,0.05,1,3,12,ac,0.0,0.0,0,1.25,0,4.9191908499269505,4.839520441911695,40.0,2370.0,1100.0,,0,1026166.6583433622,0.007409883351986962,10311.772745931354,13.628460852080993,25.228798407690466,0,2473621.9916389273,432.3293870818175,504.44475757102833,72.11537048921082,-4.932836803637585,-5.0,-1.343263927248306,,,,,,,,,,,,,,,,,,,,,,,,,,,,,,,,,,,,0
s9_k5ac_a_s03_pos1_tap3_mc130_cpl0_rp4p85501338975_rn4p96252654024_f12370_f21100_a0_dac1p25,K5AC,A,3,0.05,1,3,130,ac,0.0,0.0,0,1.25,0,4.85501338974774,4.962526540242999,40.0,2370.0,1100.0,,0,1001414.4254137583,0.003274025998267144,8576.958985909594,13.556625086353689,25.104524309993067,0,2473621.9916389273,436.3775613014853,491.98135569678954,55.60379439530425,-5.0655126440321725,-5.0,1.3102528806434588,,,,,,,,,,,,,,,,,,,,,,,,,,,,,,,,,,,,0
s9_k5ac_a_s03_pos1_tap3_mc131_cpl0_rp4p8967242161_rn4p94469868095_f12370_f21100_a0_dac1p25,K5AC,A,3,0.05,1,3,131,ac,0.0,0.0,0,1.25,0,4.8967242160962146,4.944698680946013,40.0,2370.0,1100.0,,0,1024285.9437890252,0.00909323013511504,10311.772745931354,13.214994473564378,24.85266987889593,0,2473621.9916389273,432.16741218879247,492.35201556354355,60.18460337475108,-4.95617945658999,-5.0,-0.8764108682001948,,,,,,,,,,,,,,,,,,,,,,,,,,,,,,,,,,,,0
s9_k5ac_a_s03_pos1_tap3_mc132_cpl0_rp4p80935322722_rn4p97553544082_f12370_f21100_a0_dac1p25,K5AC,A,3,0.05,1,3,132,ac,0.0,0.0,0,1.25,0,4.8093532272229425,4.975535440822829,40.0,2370.0,1100.0,,0,1050611.7436838758,1.7180520069438132e-05,10.551964788902612,12.934436014247032,24.501169102228733,0,2473621.9916389273,422.56362624368967,494.1670876216654,71.60346137797575,-4.9843219134078245,-5.0,-0.31356173184351466,,,,,,,,,,,,,,,,,,,,,,,,,,,,,,,,,,,,0
s9_k5ac_a_s03_pos1_tap3_mc133_cpl0_rp4p91180058942_rn4p9663359003_f12370_f21100_a0_dac1p25,K5AC,A,3,0.05,1,3,133,ac,0.0,0.0,0,1.25,0,4.911800589417648,4.966335900304529,40.0,2370.0,1100.0,,0,1003976.400323844,0.007657585588216026,9476.908045142321,13.647216806916509,25.30892338896377,0,2473621.9916389273,438.0275786776888,495.3338929772112,57.3063142995224,-4.940690394911452,-5.0,-1.1861921017709554,,,,,,,,,,,,,,,,,,,,,,,,,,,,,,,,,,,,0
s9_k5ac_a_s03_pos1_tap3_mc134_cpl0_rp4p84727441152_rn4p93179886146_f12370_f21100_a0_dac1p25,K5AC,A,3,0.05,1,3,134,ac,0.0,0.0,0,1.25,0,4.847274411519917,4.931798861456543,40.0,2370.0,1100.0,,0,1006386.0580242082,1.697501445038872e-05,8.844365191386158,13.268995366252781,24.560063586657282,0,2473621.9916389273,427.39239192526867,485.371676057288,57.97928413201936,-4.939868381751337,-5.0,-1.2026323649732662,,,,,,,,,,,,,,,,,,,,,,,,,,,,,,,,,,,,0
s9_k5ac_a_s03_pos1_tap3_mc135_cpl0_rp4p96566735305_rn4p98672133428_f12370_f21100_a0_dac1p25,K5AC,A,3,0.05,1,3,135,ac,0.0,0.0,0,1.25,0,4.965667353051266,4.98672133428323,40.0,2370.0,1100.0,,0,982762.6219564325,1.724106549053875e-05,10.715193052376279,13.47216537245001,24.821772576300084,0,2473621.9916389273,436.21747165692796,483.1136183822513,46.89614672532332,-4.938417115680616,-5.0,-1.2316576863876882,,,,,,,,,,,,,,,,,,,,,,,,,,,,,,,,,,,,0
s9_k5ac_a_s03_pos1_tap3_mc136_cpl0_rp4p95839821386_rn4p99312383553_f12370_f21100_a0_dac1p25,K5AC,A,3,0.05,1,3,136,ac,0.0,0.0,0,1.25,0,4.95839821385987,4.993123835529475,40.0,2370.0,1100.0,,0,997965.3174098964,0.004147690840718093,8981.178609607632,13.582145862110684,24.974965740071177,0,2473621.9916389273,435.12353058888004,492.04069004412844,56.917159455248395,-5.09309533261935,-5.0,1.861906652386991,,,,,,,,,,,,,,,,,,,,,,,,,,,,,,,,,,,,0
s9_k5ac_a_s03_pos1_tap3_mc137_cpl0_rp4p87926539564_rn4p96140284038_f12370_f21100_a0_dac1p25,K5AC,A,3,0.05,1,3,137,ac,0.0,0.0,0,1.25,0,4.879265395643575,4.961402840377342,40.0,2370.0,1100.0,,0,965544.3262400226,1.6833267929143074e-05,8.576958985909096,13.721236718352399,25.039364750689185,0,2473621.9916389273,439.7324725085097,483.77191638091466,44.039443872404945,-4.937516460112412,-5.0,-1.2496707977517674,,,,,,,,,,,,,,,,,,,,,,,,,,,,,,,,,,,,0
s9_k5ac_a_s03_pos1_tap3_mc138_cpl0_rp4p97932660215_rn4p9286091668_f12370_f21100_a0_dac1p25,K5AC,A,3,0.05,1,3,138,ac,0.0,0.0,0,1.25,0,4.979326602154579,4.9286091668046845,40.0,2370.0,1100.0,,0,982048.9560152378,0.009514011274129324,9847.666521102343,13.916724846301992,25.584967046051673,0,2473621.9916389273,444.8924435707016,495.5696095262414,50.677165955539806,-4.831780379723425,-5.0,-3.364392405531491,,,,,,,,,,,,,,,,,,,,,,,,,,,,,,,,,,,,0
s9_k5ac_a_s03_pos1_tap3_mc139_cpl0_rp4p90121338316_rn4p97484744683_f12370_f21100_a0_dac1p25,K5AC,A,3,0.05,1,3,139,ac,0.0,0.0,0,1.25,0,4.901213383164669,4.974847446832431,40.0,2370.0,1100.0,,0,1001816.9261960797,1.7121171078930347e-05,9.404448517263694,13.593645970605868,25.165537280272964,0,2473621.9916389273,435.0161500093,494.9705165145205,59.95436650522049,-4.917532173551181,-5.0,-1.6493565289763756,,,,,,,,,,,,,,,,,,,,,,,,,,,,,,,,,,,,0
s9_k5ac_a_s03_pos1_tap3_mc13_cpl0_rp4p91427790823_rn4p93463710581_f12370_f21100_a0_dac1p25,K5AC,A,3,0.05,1,3,13,ac,0.0,0.0,0,1.25,0,4.914277908230624,4.934637105812456,40.0,2370.0,1100.0,,0,1004755.4637645415,1.7125720103492253e-05,9.549925860214541,13.351526398219692,24.924389411971546,0,2473621.9916389273,433.2826609013997,489.1697764481227,55.88711554672301,-5.0448439019115705,-5.0,0.896878038231419,,,,,,,,,,,,,,,,,,,,,,,,,,,,,,,,,,,,0
s9_k5ac_a_s03_pos1_tap3_mc140_cpl0_rp4p85254918843_rn4p8502021529_f12370_f21100_a0_dac1p25,K5AC,A,3,0.05,1,3,140,ac,0.0,0.0,0,1.25,0,4.8525491884265115,4.8502021528972366,40.0,2370.0,1100.0,,0,992519.9897057503,0.003941830910660437,8709.63589956147,13.760229816389039,25.26198488866359,0,2473621.9916389273,439.1430665781973,494.896889607366,55.7538230291687,-4.972200379273056,-5.0,-0.5559924145388861,,,,,,,,,,,,,,,,,,,,,,,,,,,,,,,,,,,,0
s9_k5ac_a_s03_pos1_tap3_mc141_cpl0_rp4p89492282845_rn4p91685348832_f12370_f21100_a0_dac1p25,K5AC,A,3,0.05,1,3,141,ac,0.0,0.0,0,1.25,0,4.894922828448854,4.91685348831504,40.0,2370.0,1100.0,,0,1028699.7332315566,1.7020900062437907e-05,9.05037692151729,13.208101449429845,24.80069296009696,0,2473621.9916389273,428.68593023341964,492.91710889115,64.23117865773037,-4.898835836540322,-5.0,-2.0232832691935543,,,,,,,,,,,,,,,,,,,,,,,,,,,,,,,,,,,,0
s9_k5ac_a_s03_pos1_tap3_mc142_cpl0_rp4p90395176581_rn4p87504253596_f12370_f21100_a0_dac1p25,K5AC,A,3,0.05,1,3,142,ac,0.0,0.0,0,1.25,0,4.90395176580954,4.875042535962196,40.0,2370.0,1100.0,,0,964138.5150114022,1.703257900563405e-05,9.05037692151729,14.049611411839336,25.662034822528117,0,2473621.9916389273,446.9139511060691,493.7329536146232,46.81900250855415,-4.895430737153191,-5.0,-2.0913852569361735,,,,,,,,,,,,,,,,,,,,,,,,,,,,,,,,,,,,0
s9_k5ac_a_s03_pos1_tap3_mc143_cpl0_rp4p90228050802_rn4p95802414624_f12370_f21100_a0_dac1p25,K5AC,A,3,0.05,1,3,143,ac,0.0,0.0,0,1.25,0,4.902280508021619,4.958024146237914,40.0,2370.0,1100.0,,0,976029.5773293742,0.008173805911961126,9549.925860215095,14.344660476949832,25.907319301100035,0,2473621.9916389273,447.021049834284,504.2822273853242,57.26117755104019,-4.973955976284818,-5.0,-0.5208804743036533,,,,,,,,,,,,,,,,,,,,,,,,,,,,,,,,,,,,0
s9_k5ac_a_s03_pos1_tap3_mc144_cpl0_rp4p83676342514_rn4p8647450437_f12370_f21100_a0_dac1p25,K5AC,A,3,0.05,1,3,144,ac,0.0,0.0,0,1.25,0,4.836763425135522,4.8647450436974164,40.0,2370.0,1100.0,,0,965965.5422306171,1.6989815195204993e-05,8.91250938133762,14.110009779335456,25.548141738714012,0,2473621.9916389273,443.6258192208088,493.0886759591717,49.462856738362916,-4.8742692700775025,-5.0,-2.514614598449949,,,,,,,,,,,,,,,,,,,,,,,,,,,,,,,,,,,,0
s9_k5ac_a_s03_pos1_tap3_mc145_cpl0_rp4p86558931643_rn4p98929888802_f12370_f21100_a0_dac1p25,K5AC,A,3,0.05,1,3,145,ac,0.0,0.0,0,1.25,0,4.865589316433562,4.989298888021306,40.0,2370.0,1100.0,,0,1024731.542005585,1.68785496484679e-05,8.511380382023917,13.075192618371704,24.60645979835996,0,2473621.9916389273,427.86229519954645,487.5783225127731,59.716027313226675,-4.85918596727624,-5.0,-2.8162806544752117,,,,,,,,,,,,,,,,,,,,,,,,,,,,,,,,,,,,0
s9_k5ac_a_s03_pos1_tap3_mc146_cpl0_rp4p95031265862_rn4p85034969278_f12370_f21100_a0_dac1p25,K5AC,A,3,0.05,1,3,146,ac,0.0,0.0,0,1.25,0,4.950312658622311,4.850349692781062,40.0,2370.0,1100.0,,0,980920.8469105802,1.7135531682166302e-05,9.772372209558293,13.412280668110338,24.940518751069263,0,2473621.9916389273,440.10612599600097,482.2050904154839,42.09896441948291,-4.82517563372663,-5.0,-3.496487325467401,,,,,,,,,,,,,,,,,,,,,,,,,,,,,,,,,,,,0
s9_k5ac_a_s03_pos1_tap3_mc147_cpl0_rp4p83980621356_rn4p97330543168_f12370_f21100_a0_dac1p25,K5AC,A,3,0.05,1,3,147,ac,0.0,0.0,0,1.25,0,4.839806213564023,4.973305431679933,40.0,2370.0,1100.0,,0,1013585.4748304535,1.693002474864103e-05,8.709635899560965,12.842523012086229,24.189520052274364,0,2473621.9916389273,427.3074193849799,477.2810176503499,49.973598265370015,-4.878391041693811,-5.0,-2.4321791661237824,,,,,,,,,,,,,,,,,,,,,,,,,,,,,,,,,,,,0
s9_k5ac_a_s03_pos1_tap3_mc148_cpl0_rp4p88631761595_rn4p9856822019_f12370_f21100_a0_dac1p25,K5AC,A,3,0.05,1,3,148,ac,0.0,0.0,0,1.25,0,4.886317615952683,4.985682201896054,40.0,2370.0,1100.0,,0,1022673.2121372451,0.009433963864564814,9772.372209558862,13.13459945140849,24.66522489703453,0,2473621.9916389273,432.7597286217814,488.57636023187916,55.81663161009777,-4.955481873660026,-5.0,-0.8903625267994819,,,,,,,,,,,,,,,,,,,,,,,,,,,,,,,,,,,,0
s9_k5ac_a_s03_pos1_tap3_mc149_cpl0_rp4p99245108005_rn4p94455573913_f12370_f21100_a0_dac1p25,K5AC,A,3,0.05,1,3,149,ac,0.0,0.0,0,1.25,0,4.992451080053054,4.9445557391309505,40.0,2370.0,1100.0,,0,1007421.638595032,1.6756088575107732e-05,8.190932242153117,13.344150496937567,24.827659198473988,0,2473621.9916389273,430.9990900481543,489.2846622550884,58.28557220693409,-4.812086081984579,-5.0,-3.75827836030842,,,,,,,,,,,,,,,,,,,,,,,,,,,,,,,,,,,,0
s9_k5ac_a_s03_pos1_tap3_mc14_cpl0_rp4p82902472704_rn4p81684089148_f12370_f21100_a0_dac1p25,K5AC,A,3,0.05,1,3,14,ac,0.0,0.0,0,1.25,0,4.829024727041403,4.816840891477387,40.0,2370.0,1100.0,,0,994799.291502631,1.7235716841502786e-05,11.049263568487813,13.757147520948013,25.33819013984852,0,2473621.9916389273,440.0488136978645,495.01422877584093,54.965415077976445,-4.883880528675622,-5.0,-2.322389426487559,,,,,,,,,,,,,,,,,,,,,,,,,,,,,,,,,,,,0
s9_k5ac_a_s03_pos1_tap3_mc150_cpl0_rp4p89777934343_rn4p96419270372_f12370_f21100_a0_dac1p25,K5AC,A,3,0.05,1,3,150,ac,0.0,0.0,0,1.25,0,4.897779343429821,4.96419270371882,40.0,2370.0,1100.0,,0,982244.0934804509,1.7076190922834194e-05,9.261187281288109,13.399666596647213,24.85690846141915,0,2473621.9916389273,437.30163855251055,481.4358863008874,44.13424774837682,-4.884063620943739,-5.0,-2.318727581125213,,,,,,,,,,,,,,,,,,,,,,,,,,,,,,,,,,,,0
s9_k5ac_a_s03_pos1_tap3_mc151_cpl0_rp4p84213760085_rn4p9569401187_f12370_f21100_a0_dac1p25,K5AC,A,3,0.05,1,3,151,ac,0.0,0.0,0,1.25,0,4.842137600852539,4.95694011870484,40.0,2370.0,1100.0,,0,990735.6999784198,1.740597373321863e-05,13.182567385564356,13.64869669893812,25.06508807618099,0,2473621.9916389273,437.5044865174982,492.4309040979848,54.9264175804866,-5.046203411569929,-5.0,0.9240682313985671,,,,,,,,,,,,,,,,,,,,,,,,,,,,,,,,,,,,0
s9_k5ac_a_s03_pos1_tap3_mc152_cpl0_rp4p83377326818_rn4p84127069443_f12370_f21100_a0_dac1p25,K5AC,A,3,0.05,1,3,152,ac,0.0,0.0,0,1.25,0,4.833773268184968,4.841270694425295,40.0,2370.0,1100.0,,0,1049354.6912155729,0.0034011771616512367,9120.108393559796,13.111401001480026,24.832957820675478,0,2473621.9916389273,427.3802699856404,499.1715213582121,71.79125137257171,-4.898821023883792,-5.0,-2.0235795223241704,,,,,,,,,,,,,,,,,,,,,,,,,,,,,,,,,,,,0
s9_k5ac_a_s03_pos1_tap3_mc153_cpl0_rp4p84761410021_rn4p99185717144_f12370_f21100_a0_dac1p25,K5AC,A,3,0.05,1,3,153,ac,0.0,0.0,0,1.25,0,4.847614100209813,4.991857171435159,40.0,2370.0,1100.0,,0,1042418.7446067266,0.0024288247409866843,8381.723563642257,12.927572840506867,24.557825270948516,0,2473621.9916389273,426.7091074871242,490.4481998386016,63.73909235147744,-4.934638083078352,-5.0,-1.307238338432959,,,,,,,,,,,,,,,,,,,,,,,,,,,,,,,,,,,,0
s9_k5ac_a_s03_pos1_tap3_mc154_cpl0_rp4p80524095525_rn4p98943494655_f12370_f21100_a0_dac1p25,K5AC,A,3,0.05,1,3,154,ac,0.0,0.0,0,1.25,0,4.805240955247534,4.989434946553245,40.0,2370.0,1100.0,,0,1025506.5257735783,1.7273410468068347e-05,10.880946292622482,13.38961909777979,24.873783395951094,0,2473621.9916389273,429.1987094305616,497.6946135763392,68.49590414577756,-4.915987918959152,-5.0,-1.680241620816969,,,,,,,,,,,,,,,,,,,,,,,,,,,,,,,,,,,,0
s9_k5ac_a_s03_pos1_tap3_mc155_cpl0_rp4p9900527303_rn4p84754466055_f12370_f21100_a0_dac1p25,K5AC,A,3,0.05,1,3,155,ac,0.0,0.0,0,1.25,0,4.990052730299024,4.847544660549819,40.0,2370.0,1100.0,,0,996981.4905526531,0.009414973950089736,10077.048141361822,13.752103477629461,25.233109390258726,0,2473621.9916389273,437.8789788904826,496.3916131590728,58.512634268590205,-4.8867400455153795,-5.0,-2.2651990896924046,,,,,,,,,,,,,,,,,,,,,,,,,,,,,,,,,,,,0
s9_k5ac_a_s03_pos1_tap3_mc156_cpl0_rp4p92979378923_rn4p83412639373_f12370_f21100_a0_dac1p25,K5AC,A,3,0.05,1,3,156,ac,0.0,0.0,0,1.25,0,4.9297937892303265,4.834126393733247,40.0,2370.0,1100.0,,0,988571.0321998391,0.00024029042243782866,6865.412978225057,13.805954800140148,25.26151157787806,0,2473621.9916389273,438.54380574344896,494.15832817739823,55.614522433949276,-4.996521531909247,-5.0,-0.06956936181505835,,,,,,,,,,,,,,,,,,,,,,,,,,,,,,,,,,,,0
s9_k5ac_a_s03_pos1_tap3_mc157_cpl0_rp4p85705755482_rn4p97314747879_f12370_f21100_a0_dac1p25,K5AC,A,3,0.05,1,3,157,ac,0.0,0.0,0,1.25,0,4.857057554822637,4.973147478791156,40.0,2370.0,1100.0,,0,1064188.5326700206,1.737736887156466e-05,11.220184543019862,12.673980846468002,24.204806421696976,0,2473621.9916389273,421.3991571942917,492.5973994104342,71.19824221614249,-4.871609581667616,-5.0,-2.5678083666476836,,,,,,,,,,,,,,,,,,,,,,,,,,,,,,,,,,,,0
s9_k5ac_a_s03_pos1_tap3_mc158_cpl0_rp4p85315207368_rn4p87249143015_f12370_f21100_a0_dac1p25,K5AC,A,3,0.05,1,3,158,ac,0.0,0.0,0,1.25,0,4.85315207367575,4.872491430145047,40.0,2370.0,1100.0,,0,939115.3649099828,0.0055014959461767,8446.303185840326,14.118742754893018,25.443599382113533,0,2473621.9916389273,450.20116475199495,484.6059589255853,34.404794173590346,-4.9632955957534115,-5.0,-0.7340880849317721,,,,,,,,,,,,,,,,,,,,,,,,,,,,,,,,,,,,0
s9_k5ac_a_s03_pos1_tap3_mc159_cpl0_rp4p82823981138_rn4p82199598699_f12370_f21100_a0_dac1p25,K5AC,A,3,0.05,1,3,159,ac,0.0,0.0,0,1.25,0,4.828239811383179,4.8219959869925875,40.0,2370.0,1100.0,,0,952830.8287930868,1.6759482904808528e-05,8.128305161641135,13.913188580040142,25.31945112914825,0,2473621.9916389273,443.5892595701027,484.8104864770821,41.22122690697944,-4.996556543590909,-5.0,-0.06886912818181434,,,,,,,,,,,,,,,,,,,,,,,,,,,,,,,,,,,,0
s9_k5ac_a_s03_pos1_tap3_mc15_cpl0_rp4p93539662469_rn4p87853197466_f12370_f21100_a0_dac1p25,K5AC,A,3,0.05,1,3,15,ac,0.0,0.0,0,1.25,0,4.935396624694563,4.878531974660734,40.0,2370.0,1100.0,,0,1018031.4026556938,0.009127595503104496,10000.000000000775,13.372741101318374,25.03413106217923,0,2473621.9916389273,435.15099081752396,493.79743742094337,58.646446603419406,-4.901523481850388,-5.0,-1.9695303629922334,,,,,,,,,,,,,,,,,,,,,,,,,,,,,,,,,,,,0
s9_k5ac_a_s03_pos1_tap3_mc160_cpl0_rp4p91628999036_rn4p83085327092_f12370_f21100_a0_dac1p25,K5AC,A,3,0.05,1,3,160,ac,0.0,0.0,0,1.25,0,4.916289990358626,4.830853270917888,40.0,2370.0,1100.0,,0,1029394.5158794932,1.7366540814971595e-05,11.748975549395539,13.26205135377879,24.844430105289664,0,2473621.9916389273,430.4697637709,494.6405372436976,64.17077347279763,-4.916668259694424,-5.0,-1.6666348061115221,,,,,,,,,,,,,,,,,,,,,,,,,,,,,,,,,,,,0
s9_k5ac_a_s03_pos1_tap3_mc161_cpl0_rp4p98717834767_rn4p90662045163_f12370_f21100_a0_dac1p25,K5AC,A,3,0.05,1,3,161,ac,0.0,0.0,0,1.25,0,4.987178347672382,4.9066204516289975,40.0,2370.0,1100.0,,0,1009024.1404579992,0.008994002705417226,10154.68992433159,13.553194241545341,25.060563689306615,0,2473621.9916389273,435.3236817010355,495.35858680186817,60.034905100832646,-4.928387129821957,-5.0,-1.432257403560866,,,,,,,,,,,,,,,,,,,,,,,,,,,,,,,,,,,,0
s9_k5ac_a_s03_pos1_tap3_mc162_cpl0_rp4p92572995358_rn4p92617839895_f12370_f21100_a0_dac1p25,K5AC,A,3,0.05,1,3,162,ac,0.0,0.0,0,1.25,0,4.925729953575903,4.926178398948278,40.0,2370.0,1100.0,,0,1026157.7582181643,0.00639822279315131,10154.68992433159,13.467980920462093,25.145613144296046,0,2473621.9916389273,431.886730650451,499.62285007011604,67.73611941966504,-4.881375145950548,-5.0,-2.3724970809890444,,,,,,,,,,,,,,,,,,,,,,,,,,,,,,,,,,,,0
s9_k5ac_a_s03_pos1_tap3_mc163_cpl0_rp4p84565866856_rn4p85953130541_f12370_f21100_a0_dac1p25,K5AC,A,3,0.05,1,3,163,ac,0.0,0.0,0,1.25,0,4.845658668562648,4.859531305409868,40.0,2370.0,1100.0,,0,1029050.5583144897,1.7192236493825436e-05,10.077048141361237,12.814958017089177,24.345210154456495,0,2473621.9916389273,426.5949887474925,482.6245454791033,56.029556731610796,-5.067877079372414,-5.0,1.3575415874482744,,,,,,,,,,,,,,,,,,,,,,,,,,,,,,,,,,,,0
s9_k5ac_a_s03_pos1_tap3_mc164_cpl0_rp4p90468991922_rn4p86306893025_f12370_f21100_a0_dac1p25,K5AC,A,3,0.05,1,3,164,ac,0.0,0.0,0,1.25,0,4.904689919223663,4.8630689302496535,40.0,2370.0,1100.0,,0,1034719.1089023578,0.0005551122167216739,7244.359600750442,13.288766667812956,24.993771798290556,0,2473621.9916389273,430.66100806603976,498.77731347667117,68.11630541063141,-4.9519642363053995,-5.0,-0.96071527389201,,,,,,,,,,,,,,,,,,,,,,,,,,,,,,,,,,,,0
s9_k5ac_a_s03_pos1_tap3_mc165_cpl0_rp4p89668701226_rn4p92646031675_f12370_f21100_a0_dac1p25,K5AC,A,3,0.05,1,3,165,ac,0.0,0.0,0,1.25,0,4.896687012261691,4.926460316752722,40.0,2370.0,1100.0,,0,1001616.810162102,1.6859212499856313e-05,8.381723563641772,13.790573685828361,25.392391231094155,0,2473621.9916389273,434.2504667073817,499.5690080395239,65.31854133214222,-4.825259474285095,-5.0,-3.494810514298108,,,,,,,,,,,,,,,,,,,,,,,,,,,,,,,,,,,,0
s9_k5ac_a_s03_pos1_tap3_mc166_cpl0_rp4p96004529087_rn4p90829612998_f12370_f21100_a0_dac1p25,K5AC,A,3,0.05,1,3,166,ac,0.0,0.0,0,1.25,0,4.96004529086772,4.908296129984379,40.0,2370.0,1100.0,,0,1032930.9119784237,1.681155611706885e-05,8.25404185268033,12.537051158955888,23.85668047520152,0,2473621.9916389273,420.6284171036183,475.2059277029134,54.577510599295124,-4.841293138380531,-5.0,-3.1741372323893735,,,,,,,,,,,,,,,,,,,,,,,,,,,,,,,,,,,,0
s9_k5ac_a_s03_pos1_tap3_mc167_cpl0_rp4p98561720724_rn4p94842851895_f12370_f21100_a0_dac1p25,K5AC,A,3,0.05,1,3,167,ac,0.0,0.0,0,1.25,0,4.985617207244762,4.948428518954744,40.0,2370.0,1100.0,,0,982526.4037274038,1.7158988201381707e-05,10.311772745930755,14.45070342749204,26.18924077678755,0,2473621.9916389273,445.2390342658645,510.5199834151391,65.28094914927459,-5.011109003304417,-5.0,0.22218006608833996,,,,,,,,,,,,,,,,,,,,,,,,,,,,,,,,,,,,0
s9_k5ac_a_s03_pos1_tap3_mc168_cpl0_rp4p86230494424_rn4p88092825475_f12370_f21100_a0_dac1p25,K5AC,A,3,0.05,1,3,168,ac,0.0,0.0,0,1.25,0,4.862304944238102,4.880928254749572,40.0,2370.0,1100.0,,0,974939.6088791373,1.681163353891398e-05,8.643042860748515,13.956081273197862,25.420571167549852,0,2473621.9916389273,438.881013196165,494.0382434366207,55.1572302404557,-4.853588055668226,-5.0,-2.9282388866354814,,,,,,,,,,,,,,,,,,,,,,,,,,,,,,,,,,,,0
s9_k5ac_a_s03_pos1_tap3_mc169_cpl0_rp4p92184606912_rn4p81788766396_f12370_f21100_a0_dac1p25,K5AC,A,3,0.05,1,3,169,ac,0.0,0.0,0,1.25,0,4.921846069117906,4.817887663955189,40.0,2370.0,1100.0,,0,991958.3331554063,7.247184442543682e-05,6657.839682254856,13.475778831447439,24.83316077885553,0,2473621.9916389273,435.9089774471497,487.8237511398808,51.9147736927311,-5.021799735791432,-5.0,0.435994715828647,,,,,,,,,,,,,,,,,,,,,,,,,,,,,,,,,,,,0
s9_k5ac_a_s03_pos1_tap3_mc16_cpl0_rp4p89606759492_rn4p92671988323_f12370_f21100_a0_dac1p25,K5AC,A,3,0.05,1,3,16,ac,0.0,0.0,0,1.25,0,4.896067594915554,4.926719883233981,40.0,2370.0,1100.0,,0,973530.7584550082,1.7287242290853365e-05,11.049263568487813,13.759226879624869,25.214224752434635,0,2473621.9916389273,440.52949419283794,487.5436612219208,47.01416702908284,-4.925798058613975,-5.0,-1.4840388277204908,,,,,,,,,,,,,,,,,,,,,,,,,,,,,,,,,,,,0
s9_k5ac_a_s03_pos1_tap3_mc170_cpl0_rp4p87977769754_rn4p98540825275_f12370_f21100_a0_dac1p25,K5AC,A,3,0.05,1,3,170,ac,0.0,0.0,0,1.25,0,4.879777697541702,4.985408252745102,40.0,2370.0,1100.0,,0,934390.0613673617,0.010446121566781827,9261.187281288645,14.22560265261298,25.55508293440226,0,2473621.9916389273,451.78492503767256,485.3038580112686,33.51893297359601,-5.014612423074418,-5.0,0.2922484614883647,,,,,,,,,,,,,,,,,,,,,,,,,,,,,,,,,,,,0
s9_k5ac_a_s03_pos1_tap3_mc171_cpl0_rp4p91969495616_rn4p97384398985_f12370_f21100_a0_dac1p25,K5AC,A,3,0.05,1,3,171,ac,0.0,0.0,0,1.25,0,4.919694956157783,4.973843989846043,40.0,2370.0,1100.0,,0,1002742.8782087101,1.6917107042299504e-05,8.709635899560965,14.065836176948011,25.693619373626724,0,2473621.9916389273,436.40753544021624,508.6966376749602,72.28910223474395,-4.850324652390633,-5.0,-2.9935069521873414,,,,,,,,,,,,,,,,,,,,,,,,,,,,,,,,,,,,0
s9_k5ac_a_s03_pos1_tap3_mc172_cpl0_rp4p98141126174_rn4p9373977353_f12370_f21100_a0_dac1p25,K5AC,A,3,0.05,1,3,172,ac,0.0,0.0,0,1.25,0,4.981411261740097,4.937397735303051,40.0,2370.0,1100.0,,0,986673.3873561142,1.7515206073839953e-05,14.234208838643733,13.74490313877967,25.36232736595851,0,2473621.9916389273,442.0281617717632,492.4477258089363,50.419564037173075,-4.861608772084447,-5.0,-2.7678245583110495,,,,,,,,,,,,,,,,,,,,,,,,,,,,,,,,,,,,0
s9_k5ac_a_s03_pos1_tap3_mc173_cpl0_rp4p81635422291_rn4p8251161718_f12370_f21100_a0_dac1p25,K5AC,A,3,0.05,1,3,173,ac,0.0,0.0,0,1.25,0,4.816354222913955,4.825116171795079,40.0,2370.0,1100.0,,0,1048117.7029037937,0.0008176283728197972,7762.471166287502,13.159948388779979,24.800791216765976,0,2473621.9916389273,426.8727247260223,500.0380149977111,73.16529027168883,-5.038344333443884,-5.0,0.7668866688776976,,,,,,,,,,,,,,,,,,,,,,,,,,,,,,,,,,,,0
s9_k5ac_a_s03_pos1_tap3_mc174_cpl0_rp4p81675841155_rn4p92438442468_f12370_f21100_a0_dac1p25,K5AC,A,3,0.05,1,3,174,ac,0.0,0.0,0,1.25,0,4.816758411547818,4.924384424679093,40.0,2370.0,1100.0,,0,989061.2562241942,1.6790505454288017e-05,8.381723563641772,14.04606045166843,25.572347825098355,0,2473621.9916389273,437.6698877479705,501.2260653298985,63.55617758192801,-4.875954952911099,-5.0,-2.4809009417780303,,,,,,,,,,,,,,,,,,,,,,,,,,,,,,,,,,,,0
s9_k5ac_a_s03_pos1_tap3_mc175_cpl0_rp4p90832979475_rn4p97211588636_f12370_f21100_a0_dac1p25,K5AC,A,3,0.05,1,3,175,ac,0.0,0.0,0,1.25,0,4.90832979475302,4.972115886361461,40.0,2370.0,1100.0,,0,1007544.9317599826,0.001290235575937744,7703.120057972726,14.069175268149356,25.71992713507012,0,2473621.9916389273,438.4440393718526,509.2112246175016,70.76718524564899,-4.970701706040518,-5.0,-0.5859658791896427,,,,,,,,,,,,,,,,,,,,,,,,,,,,,,,,,,,,0
s9_k5ac_a_s03_pos1_tap3_mc176_cpl0_rp4p85359236684_rn4p93257617059_f12370_f21100_a0_dac1p25,K5AC,A,3,0.05,1,3,176,ac,0.0,0.0,0,1.25,0,4.853592366840775,4.932576170591163,40.0,2370.0,1100.0,,0,989668.8952188841,1.6903523420902697e-05,8.844365191386158,14.207478780016231,25.87376228746841,0,2473621.9916389273,440.6078854090993,506.85377137668434,66.24588596758502,-4.985182187404752,-5.0,-0.2963562519049612,,,,,,,,,,,,,,,,,,,,,,,,,,,,,,,,,,,,0
s9_k5ac_a_s03_pos1_tap3_mc177_cpl0_rp4p8775218094_rn4p8097902573_f12370_f21100_a0_dac1p25,K5AC,A,3,0.05,1,3,177,ac,0.0,0.0,0,1.25,0,4.87752180939829,4.809790257300452,40.0,2370.0,1100.0,,0,1000710.1709524586,1.6980498492825492e-05,8.844365191386158,13.269152414151547,24.70824289314572,0,2473621.9916389273,431.8012142524516,483.31402334949496,51.51280909704337,-4.889185477788415,-5.0,-2.2162904442316944,,,,,,,,,,,,,,,,,,,,,,,,,,,,,,,,,,,,0
s9_k5ac_a_s03_pos1_tap3_mc178_cpl0_rp4p90960633162_rn4p9032157808_f12370_f21100_a0_dac1p25,K5AC,A,3,0.05,1,3,178,ac,0.0,0.0,0,1.25,0,4.909606331621514,4.903215780799557,40.0,2370.0,1100.0,,0,999320.3928937261,1.7191741698381696e-05,10.077048141361237,13.40251888833534,24.890257398979777,0,2473621.9916389273,433.51697038770953,487.453181036748,53.93621064903846,-4.930334272201422,-5.0,-1.3933145559715698,,,,,,,,,,,,,,,,,,,,,,,,,,,,,,,,,,,,0
s9_k5ac_a_s03_pos1_tap3_mc179_cpl0_rp4p91383832735_rn4p86687449907_f12370_f21100_a0_dac1p25,K5AC,A,3,0.05,1,3,179,ac,0.0,0.0,0,1.25,0,4.9138383273465065,4.866874499066905,40.0,2370.0,1100.0,,0,991652.131189453,0.0057416272578977,8776.742025360732,13.894841719969227,25.616033517760783,0,2473621.9916389273,444.3882943889902,499.225405761292,54.83711137230182,-5.005987951870648,-5.0,0.11975903741296978,,,,,,,,,,,,,,,,,,,,,,,,,,,,,,,,,,,,0
s9_k5ac_a_s03_pos1_tap3_mc17_cpl0_rp4p88475723429_rn4p86389060167_f12370_f21100_a0_dac1p25,K5AC,A,3,0.05,1,3,17,ac,0.0,0.0,0,1.25,0,4.884757234291846,4.8638906016743055,40.0,2370.0,1100.0,,0,1012228.5156965189,1.712953091561679e-05,10.077048141361237,13.86785037434236,25.542569781179413,0,2473621.9916389273,436.1169895425454,506.16603159333647,70.04904205079106,-5.035436142155522,-5.0,0.708722843110432,,,,,,,,,,,,,,,,,,,,,,,,,,,,,,,,,,,,0
s9_k5ac_a_s03_pos1_tap3_mc180_cpl0_rp4p85885219939_rn4p96182281801_f12370_f21100_a0_dac1p25,K5AC,A,3,0.05,1,3,180,ac,0.0,0.0,0,1.25,0,4.858852199389098,4.961822818012852,40.0,2370.0,1100.0,,0,1029223.5158436624,1.67804092680229e-05,8.128305161641135,12.977032258842874,24.562020041530374,0,2473621.9916389273,425.2055303887933,487.25323037576067,62.04769998696736,-4.884595576665965,-5.0,-2.3080884666807022,,,,,,,,,,,,,,,,,,,,,,,,,,,,,,,,,,,,0
s9_k5ac_a_s03_pos1_tap3_mc181_cpl0_rp4p96329998946_rn4p93146062468_f12370_f21100_a0_dac1p25,K5AC,A,3,0.05,1,3,181,ac,0.0,0.0,0,1.25,0,4.963299989455141,4.93146062467727,40.0,2370.0,1100.0,,0,975046.2208009686,1.757576209247369e-05,14.9050464338623,14.221520114953616,25.87835297934065,0,2473621.9916389273,447.06856047543005,500.0486417971813,52.98008132175124,-4.879419687379752,-5.0,-2.411606252404963,,,,,,,,,,,,,,,,,,,,,,,,,,,,,,,,,,,,0
s9_k5ac_a_s03_pos1_tap3_mc182_cpl0_rp4p86771770553_rn4p84743468837_f12370_f21100_a0_dac1p25,K5AC,A,3,0.05,1,3,182,ac,0.0,0.0,0,1.25,0,4.867717705528115,4.847434688365604,40.0,2370.0,1100.0,,0,949886.3972218143,1.7200677302931837e-05,9.923540961321196,13.952984378259455,25.479263740514234,0,2473621.9916389273,448.49027735745574,485.8361571537122,37.34587979625644,-5.091330943321505,-5.0,1.8266188664300964,,,,,,,,,,,,,,,,,,,,,,,,,,,,,,,,,,,,0
s9_k5ac_a_s03_pos1_tap3_mc183_cpl0_rp4p82243249354_rn4p83336115486_f12370_f21100_a0_dac1p25,K5AC,A,3,0.05,1,3,183,ac,0.0,0.0,0,1.25,0,4.82243249354455,4.8333611548629944,40.0,2370.0,1100.0,,0,1009489.8831755708,0.008954029627979096,10077.048141361822,13.558890691615327,25.254087907506783,0,2473621.9916389273,437.7554794525928,496.2627845387209,58.5073050861281,-4.963859233704219,-5.0,-0.7228153259156267,,,,,,,,,,,,,,,,,,,,,,,,,,,,,,,,,,,,0
s9_k5ac_a_s03_pos1_tap3_mc184_cpl0_rp4p89408313222_rn4p85654131884_f12370_f21100_a0_dac1p25,K5AC,A,3,0.05,1,3,184,ac,0.0,0.0,0,1.25,0,4.894083132218432,4.856541318838992,40.0,2370.0,1100.0,,0,1003323.7548410874,0.006570166818081458,9697.65359108324,13.909425610082348,25.5009754261352,0,2473621.9916389273,437.8510406943467,501.70308710206035,63.85204640771366,-4.904520502133663,-5.0,-1.9095899573267294,,,,,,,,,,,,,,,,,,,,,,,,,,,,,,,,,,,,0
s9_k5ac_a_s03_pos1_tap3_mc185_cpl0_rp4p85219833639_rn4p84607428991_f12370_f21100_a0_dac1p25,K5AC,A,3,0.05,1,3,185,ac,0.0,0.0,0,1.25,0,4.8521983363916785,4.846074289911345,40.0,2370.0,1100.0,,0,1033027.6008749539,1.6913208873755327e-05,8.844365191386158,12.895038375034522,24.464152701780257,0,2473621.9916389273,426.2133206358806,486.5630671761635,60.349746540282865,-5.027165913998003,-5.0,0.5433182799600589,,,,,,,,,,,,,,,,,,,,,,,,,,,,,,,,,,,,0
s9_k5ac_a_s03_pos1_tap3_mc186_cpl0_rp4p85131785258_rn4p8091446777_f12370_f21100_a0_dac1p25,K5AC,A,3,0.05,1,3,186,ac,0.0,0.0,0,1.25,0,4.851317852576308,4.8091446777017195,40.0,2370.0,1100.0,,0,981507.1398570153,0.0052899079674371755,8776.742025360732,13.706243930661914,25.296750953015287,0,2473621.9916389273,442.0174103397919,490.0664634505408,48.0490531107489,-5.005117423981025,-5.0,0.10234847962049543,,,,,,,,,,,,,,,,,,,,,,,,,,,,,,,,,,,,0
s9_k5ac_a_s03_pos1_tap3_mc187_cpl0_rp4p90225376233_rn4p84471689686_f12370_f21100_a0_dac1p25,K5AC,A,3,0.05,1,3,187,ac,0.0,0.0,0,1.25,0,4.9022537623313465,4.844716896862485,40.0,2370.0,1100.0,,0,988373.3725912926,1.720874500675783e-05,10.715193052376279,13.870012787351278,25.48875214554729,0,2473621.9916389273,442.3816741751414,497.2471810494557,54.86550687431429,-5.055243654172072,-5.0,1.1048730834414489,,,,,,,,,,,,,,,,,,,,,,,,,,,,,,,,,,,,0
s9_k5ac_a_s03_pos1_tap3_mc188_cpl0_rp4p88207619519_rn4p84145287485_f12370_f21100_a0_dac1p25,K5AC,A,3,0.05,1,3,188,ac,0.0,0.0,0,1.25,0,4.882076195192883,4.841452874846127,40.0,2370.0,1100.0,,0,1015262.7852679831,1.709046135977515e-05,9.261187281288109,13.183597199588228,24.801798445406302,0,2473621.9916389273,431.48645579140293,488.232124866612,56.74566907520909,-4.954777403487728,-5.0,-0.9044519302454423,,,,,,,,,,,,,,,,,,,,,,,,,,,,,,,,,,,,0
s9_k5ac_a_s03_pos1_tap3_mc189_cpl0_rp4p81624464285_rn4p98947815992_f12370_f21100_a0_dac1p25,K5AC,A,3,0.05,1,3,189,ac,0.0,0.0,0,1.25,0,4.816244642850169,4.989478159920619,40.0,2370.0,1100.0,,0,1031396.7131180888,1.734888784078779e-05,12.58925411794194,12.932705248131736,24.27812069600265,0,2473621.9916389273,423.63622858049985,484.88445642166715,61.24822784116731,-4.875675700455368,-5.0,-2.4864859908926507,,,,,,,,,,,,,,,,,,,,,,,,,,,,,,,,,,,,0
s9_k5ac_a_s03_pos1_tap3_mc18_cpl0_rp4p91672976817_rn4p80622671392_f12370_f21100_a0_dac1p25,K5AC,A,3,0.05,1,3,18,ac,0.0,0.0,0,1.25,0,4.916729768169673,4.806226713918411,40.0,2370.0,1100.0,,0,980776.1077170961,0.008898607085981065,9697.65359108324,14.037618441559093,25.5197483611481,0,2473621.9916389273,442.825457871456,497.9419236792235,55.1164658077675,-4.988821421989981,-5.0,-0.22357156020037516,,,,,,,,,,,,,,,,,,,,,,,,,,,,,,,,,,,,0
s9_k5ac_a_s03_pos1_tap3_mc190_cpl0_rp4p94637445265_rn4p93657142038_f12370_f21100_a0_dac1p25,K5AC,A,3,0.05,1,3,190,ac,0.0,0.0,0,1.25,0,4.946374452649898,4.93657142038477,40.0,2370.0,1100.0,,0,1007111.1347863175,1.741912775837679e-05,13.910198687980836,14.129452009404584,25.776498407017147,0,2473621.9916389273,436.847550251045,511.05883948557386,74.21128923452886,-4.859478449690451,-5.0,-2.810431006190972,,,,,,,,,,,,,,,,,,,,,,,,,,,,,,,,,,,,0
s9_k5ac_a_s03_pos1_tap3_mc191_cpl0_rp4p84191333333_rn4p86339037845_f12370_f21100_a0_dac1p25,K5AC,A,3,0.05,1,3,191,ac,0.0,0.0,0,1.25,0,4.841913333328711,4.8633903784516175,40.0,2370.0,1100.0,,0,982679.0054588555,0.003258310484478099,8190.932242153593,14.369546638211807,25.96207992891065,0,2473621.9916389273,445.416113652934,507.43098174505957,62.014868092125596,-4.997592615821219,-5.0,-0.04814768357561672,,,,,,,,,,,,,,,,,,,,,,,,,,,,,,,,,,,,0
s9_k5ac_a_s03_pos1_tap3_mc192_cpl0_rp4p82400982039_rn4p88129233143_f12370_f21100_a0_dac1p25,K5AC,A,3,0.05,1,3,192,ac,0.0,0.0,0,1.25,0,4.824009820385426,4.881292331429425,40.0,2370.0,1100.0,,0,1042839.8420616463,0.00576888611679831,10391.2230383525,13.241448737627314,24.915072847854926,0,2473621.9916389273,427.4761628632632,500.2424338183278,72.76627095506461,-4.937202380066411,-5.0,-1.255952398671778,,,,,,,,,,,,,,,,,,,,,,,,,,,,,,,,,,,,0
s9_k5ac_a_s03_pos1_tap3_mc193_cpl0_rp4p86673991029_rn4p97276401967_f12370_f21100_a0_dac1p25,K5AC,A,3,0.05,1,3,193,ac,0.0,0.0,0,1.25,0,4.866739910285656,4.972764019673274,40.0,2370.0,1100.0,,0,1041778.0455194967,0.00909511314404962,10880.946292623114,12.73957661430191,24.252462457593722,0,2473621.9916389273,423.684145430675,484.23036204838354,60.546216617708524,-4.834955252317065,-5.0,-3.300894953658706,,,,,,,,,,,,,,,,,,,,,,,,,,,,,,,,,,,,0
s9_k5ac_a_s03_pos1_tap3_mc194_cpl0_rp4p93841997562_rn4p86384276844_f12370_f21100_a0_dac1p25,K5AC,A,3,0.05,1,3,194,ac,0.0,0.0,0,1.25,0,4.938419975617892,4.863842768439841,40.0,2370.0,1100.0,,0,1011739.6404700733,1.7256365566529148e-05,10.96478196143207,13.236259734851018,24.72055567959772,0,2473621.9916389273,432.7536609945864,487.50634838787175,54.75268739328533,-5.006165436861734,-5.0,0.12330873723467306,,,,,,,,,,,,,,,,,,,,,,,,,,,,,,,,,,,,0
s9_k5ac_a_s03_pos1_tap3_mc195_cpl0_rp4p94423666829_rn4p98029972903_f12370_f21100_a0_dac1p25,K5AC,A,3,0.05,1,3,195,ac,0.0,0.0,0,1.25,0,4.944236668293492,4.980299729026487,40.0,2370.0,1100.0,,0,992869.3056532063,1.6955616757774416e-05,8.844365191386158,13.961328312426263,25.50428323493537,0,2473621.9916389273,440.04835010342384,500.202747533769,60.15439743034517,-5.035243239506987,-5.0,0.7048647901397365,,,,,,,,,,,,,,,,,,,,,,,,,,,,,,,,,,,,0
s9_k5ac_a_s03_pos1_tap3_mc196_cpl0_rp4p92679538891_rn4p83357704076_f12370_f21100_a0_dac1p25,K5AC,A,3,0.05,1,3,196,ac,0.0,0.0,0,1.25,0,4.926795388905471,4.833577040762126,40.0,2370.0,1100.0,,0,998810.5988250558,1.6727521908250915e-05,8.128305161641135,13.144201692492999,24.650843808700692,0,2473621.9916389273,432.46555531074523,480.49200282612424,48.026447515379004,-4.897955828059699,-5.0,-2.0408834388060293,,,,,,,,,,,,,,,,,,,,,,,,,,,,,,,,,,,,0
s9_k5ac_a_s03_pos1_tap3_mc197_cpl0_rp4p94246238901_rn4p88478689993_f12370_f21100_a0_dac1p25,K5AC,A,3,0.05,1,3,197,ac,0.0,0.0,0,1.25,0,4.942462389006465,4.884786899925654,40.0,2370.0,1100.0,,0,1009250.2465249083,0.004306864716453779,8912.509381338137,13.476530239357105,24.976728726617242,0,2473621.9916389273,434.16629798916256,492.61758634784445,58.45128835868189,-4.8816783316298915,-5.0,-2.3664333674021654,,,,,,,,,,,,,,,,,,,,,,,,,,,,,,,,,,,,0
s9_k5ac_a_s03_pos1_tap3_mc198_cpl0_rp4p91810594637_rn4p98941381651_f12370_f21100_a0_dac1p25,K5AC,A,3,0.05,1,3,198,ac,0.0,0.0,0,1.25,0,4.9181059463689305,4.989413816510473,40.0,2370.0,1100.0,,0,1032057.7252621338,1.6990300202755597e-05,9.404448517263694,12.902158732604411,24.46773462456408,0,2473621.9916389273,426.06595521132994,487.2447609026376,61.17880569130767,-4.981037315945479,-5.0,-0.379253681090419,,,,,,,,,,,,,,,,,,,,,,,,,,,,,,,,,,,,0
s9_k5ac_a_s03_pos1_tap3_mc199_cpl0_rp4p83017342432_rn4p87618495362_f12370_f21100_a0_dac1p25,K5AC,A,3,0.05,1,3,199,ac,0.0,0.0,0,1.25,0,4.830173424324059,4.876184953622124,40.0,2370.0,1100.0,,0,996974.1743424076,1.7104468655389084e-05,9.476908045141773,14.074573853796922,25.747620737212408,0,2473621.9916389273,438.8279594741591,505.342297793351,66.51433831919189,-4.94648167374691,-5.0,-1.0703665250617944,,,,,,,,,,,,,,,,,,,,,,,,,,,,,,,,,,,,0
s9_k5ac_a_s03_pos1_tap3_mc19_cpl0_rp4p86375349404_rn4p94352011247_f12370_f21100_a0_dac1p25,K5AC,A,3,0.05,1,3,19,ac,0.0,0.0,0,1.25,0,4.8637534940378595,4.943520112468119,40.0,2370.0,1100.0,,0,1032794.7193651559,1.7385705286465895e-05,12.58925411794194,13.629320674886023,25.27110737313071,0,2473621.9916389273,428.95045489080644,506.7932421588735,77.84278726806707,-4.893870526831007,-5.0,-2.1225894633798648,,,,,,,,,,,,,,,,,,,,,,,,,,,,,,,,,,,,0
s9_k5ac_a_s03_pos1_tap3_mc1_cpl0_rp4p87968282413_rn4p81765685527_f12370_f21100_a0_dac1p25,K5AC,A,3,0.05,1,3,1,ac,0.0,0.0,0,1.25,0,4.879682824126003,4.817656855272235,40.0,2370.0,1100.0,,0,993241.8633864013,0.006177341212381436,9549.925860215095,13.99110359387892,25.570810670715616,0,2473621.9916389273,439.8806889963124,501.29998184207994,61.41929284576753,-4.839968478361031,-5.0,-3.2006304327793833,,,,,,,,,,,,,,,,,,,,,,,,,,,,,,,,,,,,0
s9_k5ac_a_s03_pos1_tap3_mc200_cpl0_rp4p87609300253_rn4p9245221704_f12370_f21100_a0_dac1p25,K5AC,A,3,0.05,1,3,200,ac,0.0,0.0,0,1.25,0,4.876093002533232,4.924522170397594,40.0,2370.0,1100.0,,0,978728.9569484736,1.7323151656501153e-05,11.748975549395539,13.88144643126247,25.39155501404218,0,2473621.9916389273,443.5035899424608,494.044993337479,50.54140339501822,-5.044438914266113,-5.0,0.8887782853222559,,,,,,,,,,,,,,,,,,,,,,,,,,,,,,,,,,,,0
s9_k5ac_a_s03_pos1_tap3_mc201_cpl0_rp4p90836585454_rn4p99134886186_f12370_f21100_a0_dac1p25,K5AC,A,3,0.05,1,3,201,ac,0.0,0.0,0,1.25,0,4.908365854541344,4.991348861856531,40.0,2370.0,1100.0,,0,924769.2311304767,1.72999730524941e-05,10.471285480509202,14.32769587366706,25.6610676392945,0,2473621.9916389273,452.50546203872216,484.51516230068984,32.00970026196768,-5.077864494909414,-5.0,1.5572898981882854,,,,,,,,,,,,,,,,,,,,,,,,,,,,,,,,,,,,0
s9_k5ac_a_s03_pos1_tap3_mc202_cpl0_rp4p87329785859_rn4p97684612666_f12370_f21100_a0_dac1p25,K5AC,A,3,0.05,1,3,202,ac,0.0,0.0,0,1.25,0,4.873297858592152,4.976846126657074,40.0,2370.0,1100.0,,0,1020197.6112856587,1.699899313883825e-05,8.91250938133762,13.56196095120042,25.1952312893684,0,2473621.9916389273,432.4232030809491,499.734631545975,67.31142846502587,-4.832555732859525,-5.0,-3.3488853428094933,,,,,,,,,,,,,,,,,,,,,,,,,,,,,,,,,,,,0
s9_k5ac_a_s03_pos1_tap3_mc203_cpl0_rp4p94803093471_rn4p82992067818_f12370_f21100_a0_dac1p25,K5AC,A,3,0.05,1,3,203,ac,0.0,0.0,0,1.25,0,4.9480309347144935,4.829920678184828,40.0,2370.0,1100.0,,0,1018569.0961173538,1.721488513951052e-05,10.391223038351896,13.946670824611775,25.576236042366634,0,2473621.9916389273,433.21766679104564,509.6178580562569,76.40019126521128,-4.9460182433726825,-5.0,-1.0796351325463527,,,,,,,,,,,,,,,,,,,,,,,,,,,,,,,,,,,,0
s9_k5ac_a_s03_pos1_tap3_mc204_cpl0_rp4p93387894829_rn4p82433507688_f12370_f21100_a0_dac1p25,K5AC,A,3,0.05,1,3,204,ac,0.0,0.0,0,1.25,0,4.933878948293206,4.824335076880513,40.0,2370.0,1100.0,,0,1008944.998267018,1.7108282200421603e-05,9.261187281288109,13.802601885101783,25.319184402602193,0,2473621.9916389273,432.7390961508977,502.36249384560807,69.62339769471038,-4.858032653726005,-5.0,-2.839346925479913,,,,,,,,,,,,,,,,,,,,,,,,,,,,,,,,,,,,0
s9_k5ac_a_s03_pos1_tap3_mc205_cpl0_rp4p99208266475_rn4p98908573222_f12370_f21100_a0_dac1p25,K5AC,A,3,0.05,1,3,205,ac,0.0,0.0,0,1.25,0,4.992082664746407,4.9890857322176,40.0,2370.0,1100.0,,0,1008557.5939162435,0.0028976824059713845,8709.63589956147,13.627722831600389,25.20617470476995,0,2473621.9916389273,434.94024855816014,497.76891184756926,62.82866328940912,-4.930689789156844,-5.0,-1.3862042168631183,,,,,,,,,,,,,,,,,,,,,,,,,,,,,,,,,,,,0
s9_k5ac_a_s03_pos1_tap3_mc206_cpl0_rp4p87119070211_rn4p99012623424_f12370_f21100_a0_dac1p25,K5AC,A,3,0.05,1,3,206,ac,0.0,0.0,0,1.25,0,4.871190702106201,4.990126234243969,40.0,2370.0,1100.0,,0,949912.795859722,1.705871896739949e-05,9.261187281288109,14.442046218986109,25.9947694268743,0,2473621.9916389273,449.5596699610055,496.66521624329994,47.105546282294426,-4.92530676697714,-5.0,-1.4938646604571892,,,,,,,,,,,,,,,,,,,,,,,,,,,,,,,,,,,,0
s9_k5ac_a_s03_pos1_tap3_mc207_cpl0_rp4p99053952676_rn4p82050546785_f12370_f21100_a0_dac1p25,K5AC,A,3,0.05,1,3,207,ac,0.0,0.0,0,1.25,0,4.990539526757092,4.8205054678513175,40.0,2370.0,1100.0,,0,1009706.3134489934,1.737284110665536e-05,12.78399719463051,13.210787797405594,24.743431807804175,0,2473621.9916389273,433.8640895891477,485.3555437753018,51.4914541861541,-4.930958539510303,-5.0,-1.3808292097939434,,,,,,,,,,,,,,,,,,,,,,,,,,,,,,,,,,,,0
s9_k5ac_a_s03_pos1_tap3_mc208_cpl0_rp4p82338440834_rn4p98424448028_f12370_f21100_a0_dac1p25,K5AC,A,3,0.05,1,3,208,ac,0.0,0.0,0,1.25,0,4.823384408343893,4.984244480282307,40.0,2370.0,1100.0,,0,980781.8866633672,1.7239909783008477e-05,10.715193052376279,13.82967831814136,25.442891799645896,0,2473621.9916389273,442.1413135513759,492.3732995280627,50.231985976686815,-4.91292859660787,-5.0,-1.7414280678426097,,,,,,,,,,,,,,,,,,,,,,,,,,,,,,,,,,,,0
s9_k5ac_a_s03_pos1_tap3_mc209_cpl0_rp4p9975563268_rn4p88046750345_f12370_f21100_a0_dac1p25,K5AC,A,3,0.05,1,3,209,ac,0.0,0.0,0,1.25,0,4.9975563268025445,4.880467503451389,40.0,2370.0,1100.0,,0,1009552.8230013293,0.00788330340441636,10880.946292623114,13.99812478014509,25.51206127423006,0,2473621.9916389273,435.13053294460656,508.19954159100155,73.06900864639499,-5.033466892048869,-5.0,0.6693378409773798,,,,,,,,,,,,,,,,,,,,,,,,,,,,,,,,,,,,0
s9_k5ac_a_s03_pos1_tap3_mc20_cpl0_rp4p96286065434_rn4p94707300674_f12370_f21100_a0_dac1p25,K5AC,A,3,0.05,1,3,20,ac,0.0,0.0,0,1.25,0,4.9628606543405684,4.94707300674488,40.0,2370.0,1100.0,,0,950671.5040705779,0.004468812502059522,8317.63771102734,14.425453064893132,25.961704089664472,0,2473621.9916389273,451.73987246608164,496.7607787129907,45.02090624690908,-5.005301120588078,-5.0,0.1060224117615638,,,,,,,,,,,,,,,,,,,,,,,,,,,,,,,,,,,,0
s9_k5ac_a_s03_pos1_tap3_mc210_cpl0_rp4p9688588778_rn4p91437653172_f12370_f21100_a0_dac1p25,K5AC,A,3,0.05,1,3,210,ac,0.0,0.0,0,1.25,0,4.968858877800824,4.9143765317209285,40.0,2370.0,1100.0,,0,1071747.7452648138,0.008593465206364496,11481.53621496973,12.688273443739124,24.427959502310383,0,2473621.9916389273,420.6096693812767,496.1433336561318,75.53366427485508,-5.010922031172864,-5.0,0.21844062345728332,,,,,,,,,,,,,,,,,,,,,,,,,,,,,,,,,,,,0
s9_k5ac_a_s03_pos1_tap3_mc211_cpl0_rp4p96709753257_rn4p91084455633_f12370_f21100_a0_dac1p25,K5AC,A,3,0.05,1,3,211,ac,0.0,0.0,0,1.25,0,4.967097532565387,4.910844556333429,40.0,2370.0,1100.0,,0,1009059.4039328503,0.005917590708351692,9332.543007970628,13.249400717777524,24.74234723643319,0,2473621.9916389273,432.18231750036944,486.29039619040475,54.10807869003531,-4.989407292804305,-5.0,-0.21185414391389212,,,,,,,,,,,,,,,,,,,,,,,,,,,,,,,,,,,,0
s9_k5ac_a_s03_pos1_tap3_mc212_cpl0_rp4p8300395484_rn4p99760949024_f12370_f21100_a0_dac1p25,K5AC,A,3,0.05,1,3,212,ac,0.0,0.0,0,1.25,0,4.830039548397559,4.99760949023594,40.0,2370.0,1100.0,,0,1011102.8877218412,1.7396555165721927e-05,13.081774742602224,13.020777665306461,24.39433100526762,0,2473621.9916389273,429.63937440750925,480.48984792166925,50.85047351416,-4.844254150811985,-5.0,-3.1149169837602964,,,,,,,,,,,,,,,,,,,,,,,,,,,,,,,,,,,,0
s9_k5ac_a_s03_pos1_tap3_mc213_cpl0_rp4p99178545096_rn4p87438824931_f12370_f21100_a0_dac1p25,K5AC,A,3,0.05,1,3,213,ac,0.0,0.0,0,1.25,0,4.991785450964725,4.874388249309158,40.0,2370.0,1100.0,,0,1042261.0280589717,1.6969442891544565e-05,8.643042860748515,12.766035322825553,24.1965419291932,0,2473621.9916389273,421.33459784250357,484.65006108872143,63.31546324621786,-4.981191936796614,-5.0,-0.3761612640677092,,,,,,,,,,,,,,,,,,,,,,,,,,,,,,,,,,,,0
s9_k5ac_a_s03_pos1_tap3_mc214_cpl0_rp4p94597574195_rn4p83648419083_f12370_f21100_a0_dac1p25,K5AC,A,3,0.05,1,3,214,ac,0.0,0.0,0,1.25,0,4.945975741946487,4.836484190833586,40.0,2370.0,1100.0,,0,945015.2092740593,0.006167291226571741,8446.303185840326,14.238199585922814,25.732826934227077,0,2473621.9916389273,451.6185327565342,490.3267232232582,38.708190466724034,-4.946864549407994,-5.0,-1.0627090118401128,,,,,,,,,,,,,,,,,,,,,,,,,,,,,,,,,,,,0
s9_k5ac_a_s03_pos1_tap3_mc215_cpl0_rp4p8838776552_rn4p8125330308_f12370_f21100_a0_dac1p25,K5AC,A,3,0.05,1,3,215,ac,0.0,0.0,0,1.25,0,4.883877655199192,4.812533030802979,40.0,2370.0,1100.0,,0,1006038.3472516425,0.0008744616957702748,7300.176045009326,13.696883603475246,25.34677881191547,0,2473621.9916389273,437.50679748488784,498.15906287314834,60.6522653882605,-4.938247362528256,-5.0,-1.235052749434884,,,,,,,,,,,,,,,,,,,,,,,,,,,,,,,,,,,,0
s9_k5ac_a_s03_pos1_tap3_mc216_cpl0_rp4p92934161604_rn4p86046879292_f12370_f21100_a0_dac1p25,K5AC,A,3,0.05,1,3,216,ac,0.0,0.0,0,1.25,0,4.92934161604249,4.8604687929204635,40.0,2370.0,1100.0,,0,989470.0186652361,1.676438112150481e-05,8.128305161641135,13.502705558018157,24.925211184117043,0,2473621.9916389273,434.00245153648115,486.0691799552749,52.06672841879373,-4.99185736788613,-5.0,-0.16285264227740015,,,,,,,,,,,,,,,,,,,,,,,,,,,,,,,,,,,,0
s9_k5ac_a_s03_pos1_tap3_mc217_cpl0_rp4p99303909397_rn4p9377031678_f12370_f21100_a0_dac1p25,K5AC,A,3,0.05,1,3,217,ac,0.0,0.0,0,1.25,0,4.993039093967263,4.937703167795284,40.0,2370.0,1100.0,,0,1044434.6020811482,0.00851560589245864,10471.28548050981,13.274154722844091,24.912591359369713,0,2473621.9916389273,428.7769347104857,501.4596815262564,72.68274681577071,-4.928752024408646,-5.0,-1.4249595118270841,,,,,,,,,,,,,,,,,,,,,,,,,,,,,,,,,,,,0
s9_k5ac_a_s03_pos1_tap3_mc218_cpl0_rp4p89757233022_rn4p89017495296_f12370_f21100_a0_dac1p25,K5AC,A,3,0.05,1,3,218,ac,0.0,0.0,0,1.25,0,4.897572330219129,4.890174952963784,40.0,2370.0,1100.0,,0,952905.407331743,0.0017453531921416575,7079.457843841907,14.083693836922613,25.519777160118785,0,2473621.9916389273,448.32764634625875,488.49776307570284,40.17011672944409,-4.98032010611032,-5.0,-0.39359787779359445,,,,,,,,,,,,,,,,,,,,,,,,,,,,,,,,,,,,0
s9_k5ac_a_s03_pos1_tap3_mc219_cpl0_rp4p86955742959_rn4p98260407532_f12370_f21100_a0_dac1p25,K5AC,A,3,0.05,1,3,219,ac,0.0,0.0,0,1.25,0,4.8695574295933435,4.982604075316092,40.0,2370.0,1100.0,,0,979805.4182851719,0.005376811912879173,9120.108393559796,14.395401696607793,26.114785977797737,0,2473621.9916389273,448.6076007638711,507.9215483926566,59.313947628785456,-5.002301508194064,-5.0,0.046030163881272124,,,,,,,,,,,,,,,,,,,,,,,,,,,,,,,,,,,,0
s9_k5ac_a_s03_pos1_tap3_mc21_cpl0_rp4p88893683381_rn4p85239743988_f12370_f21100_a0_dac1p25,K5AC,A,3,0.05,1,3,21,ac,0.0,0.0,0,1.25,0,4.888936833814934,4.852397439877141,40.0,2370.0,1100.0,,0,976659.7997680985,0.0005706487040381911,6358.187535472698,13.661670876809133,25.163419474412315,0,2473621.9916389273,443.28231208357744,486.8169588291695,43.534646745592056,-4.911460159555653,-5.0,-1.770796808886943,,,,,,,,,,,,,,,,,,,,,,,,,,,,,,,,,,,,0
s9_k5ac_a_s03_pos1_tap3_mc220_cpl0_rp4p9747860182_rn4p84823286829_f12370_f21100_a0_dac1p25,K5AC,A,3,0.05,1,3,220,ac,0.0,0.0,0,1.25,0,4.974786018204106,4.848232868289286,40.0,2370.0,1100.0,,0,1041898.3075558359,0.006168914924570352,10471.28548050981,13.099294212577249,24.648816487776454,0,2473621.9916389273,425.0809056408804,494.858535171421,69.7776295305406,-4.8913286022130285,-5.0,-2.1734279557394265,,,,,,,,,,,,,,,,,,,,,,,,,,,,,,,,,,,,0
s9_k5ac_a_s03_pos1_tap3_mc221_cpl0_rp4p95709132515_rn4p9533377626_f12370_f21100_a0_dac1p25,K5AC,A,3,0.05,1,3,221,ac,0.0,0.0,0,1.25,0,4.957091325146115,4.953337762595706,40.0,2370.0,1100.0,,0,1055979.1922235708,0.007363895498197549,10715.1930523769,12.695862373182544,24.180498643189008,0,2473621.9916389273,420.96210357345836,488.63197553929604,67.66987196583767,-4.935745164139678,-5.0,-1.2850967172064465,,,,,,,,,,,,,,,,,,,,,,,,,,,,,,,,,,,,0
s9_k5ac_a_s03_pos1_tap3_mc222_cpl0_rp4p95820886116_rn4p82531137377_f12370_f21100_a0_dac1p25,K5AC,A,3,0.05,1,3,222,ac,0.0,0.0,0,1.25,0,4.958208861157256,4.825311373766492,40.0,2370.0,1100.0,,0,993780.1685843727,1.7241025906903474e-05,10.96478196143207,13.522501927741361,24.92507710494554,0,2473621.9916389273,435.0354430551935,488.57345581165646,53.53801275646293,-4.852916790651603,-5.0,-2.9416641869679294,,,,,,,,,,,,,,,,,,,,,,,,,,,,,,,,,,,,0
s9_k5ac_a_s03_pos1_tap3_mc223_cpl0_rp4p97843931178_rn4p82159454777_f12370_f21100_a0_dac1p25,K5AC,A,3,0.05,1,3,223,ac,0.0,0.0,0,1.25,0,4.978439311778949,4.821594547770245,40.0,2370.0,1100.0,,0,1049517.7331490966,0.0026857678524572458,8912.509381338137,13.18700217452662,24.912359605941358,0,2473621.9916389273,426.23615441024845,500.59537544828476,74.35922103803631,-4.883100424259106,-5.0,-2.337991514817883,,,,,,,,,,,,,,,,,,,,,,,,,,,,,,,,,,,,0
s9_k5ac_a_s03_pos1_tap3_mc224_cpl0_rp4p82657894055_rn4p93307495497_f12370_f21100_a0_dac1p25,K5AC,A,3,0.05,1,3,224,ac,0.0,0.0,0,1.25,0,4.82657894054647,4.933074954973275,40.0,2370.0,1100.0,,0,968269.461516035,0.010103173863854079,9476.908045142321,13.64224398371771,25.01338856495429,0,2473621.9916389273,441.6960481184529,482.06566154534676,40.369613426893864,-4.954597933157873,-5.0,-0.9080413368425355,,,,,,,,,,,,,,,,,,,,,,,,,,,,,,,,,,,,0
s9_k5ac_a_s03_pos1_tap3_mc225_cpl0_rp4p91033180571_rn4p92327324586_f12370_f21100_a0_dac1p25,K5AC,A,3,0.05,1,3,225,ac,0.0,0.0,0,1.25,0,4.910331805710256,4.923273245855662,40.0,2370.0,1100.0,,0,975471.8521049848,0.0035489119919246363,7943.282347243415,13.706673304207607,25.210189987228787,0,2473621.9916389273,444.0889486793118,487.3907077301323,43.30175905082052,-4.845220649653584,-5.0,-3.0955870069283242,,,,,,,,,,,,,,,,,,,,,,,,,,,,,,,,,,,,0
s9_k5ac_a_s03_pos1_tap3_mc226_cpl0_rp4p96173419505_rn4p95577109073_f12370_f21100_a0_dac1p25,K5AC,A,3,0.05,1,3,226,ac,0.0,0.0,0,1.25,0,4.961734195045354,4.955771090734503,40.0,2370.0,1100.0,,0,1007469.294350442,1.7598194527664162e-05,14.9050464338623,14.034734060057993,25.694806821775845,0,2473621.9916389273,438.43748243044786,509.3662981969064,70.92881576645857,-4.967295131250505,-5.0,-0.6540973749899037,,,,,,,,,,,,,,,,,,,,,,,,,,,,,,,,,,,,0
s9_k5ac_a_s03_pos1_tap3_mc227_cpl0_rp4p86653885895_rn4p97235310029_f12370_f21100_a0_dac1p25,K5AC,A,3,0.05,1,3,227,ac,0.0,0.0,0,1.25,0,4.866538858950978,4.9723531002915,40.0,2370.0,1100.0,,0,1010490.0579079709,1.7289405190123658e-05,10.96478196143207,13.93380144153071,25.81222438975514,0,2473621.9916389273,441.05801424911687,508.06195028889977,67.0039360397829,-4.994439048578195,-5.0,-0.11121902843610476,,,,,,,,,,,,,,,,,,,,,,,,,,,,,,,,,,,,0
s9_k5ac_a_s03_pos1_tap3_mc228_cpl0_rp4p96348419926_rn4p99125268425_f12370_f21100_a0_dac1p25,K5AC,A,3,0.05,1,3,228,ac,0.0,0.0,0,1.25,0,4.9634841992590335,4.991252684245683,40.0,2370.0,1100.0,,0,1012836.4412612279,0.002601047332499805,7822.279563860615,13.104869836225618,24.542899622997357,0,2473621.9916389273,431.52890620535516,483.94989105627303,52.420984850917876,-4.995772092849922,-5.0,-0.08455814300155629,,,,,,,,,,,,,,,,,,,,,,,,,,,,,,,,,,,,0
s9_k5ac_a_s03_pos1_tap3_mc229_cpl0_rp4p91253212238_rn4p85189192822_f12370_f21100_a0_dac1p25,K5AC,A,3,0.05,1,3,229,ac,0.0,0.0,0,1.25,0,4.9125321223795915,4.851891928216548,40.0,2370.0,1100.0,,0,1023341.2468935495,1.7033960837896088e-05,8.844365191386158,12.942239848948496,24.300797505227365,0,2473621.9916389273,424.7610421851712,483.54912793736617,58.788085752194945,-5.036419550068331,-5.0,0.7283910013666128,,,,,,,,,,,,,,,,,,,,,,,,,,,,,,,,,,,,0
s9_k5ac_a_s03_pos1_tap3_mc22_cpl0_rp4p92425147698_rn4p80676320219_f12370_f21100_a0_dac1p25,K5AC,A,3,0.05,1,3,22,ac,0.0,0.0,0,1.25,0,4.924251476982826,4.80676320218761,40.0,2370.0,1100.0,,0,1011104.5133559806,1.7441353978743118e-05,14.01737418346801,13.436955617622605,24.96303354689241,0,2473621.9916389273,431.74116594064253,491.8337570322699,60.092591091627355,-4.8698577525390085,-5.0,-2.602844949219829,,,,,,,,,,,,,,,,,,,,,,,,,,,,,,,,,,,,0
s9_k5ac_a_s03_pos1_tap3_mc230_cpl0_rp4p94158449776_rn4p93388173557_f12370_f21100_a0_dac1p25,K5AC,A,3,0.05,1,3,230,ac,0.0,0.0,0,1.25,0,4.941584497758334,4.933881735571261,40.0,2370.0,1100.0,,0,1012113.0665078367,0.0018689902567997864,7527.775638142228,13.511757031625315,25.097533455033428,0,2473621.9916389273,436.785395722776,495.6225868686949,58.837191145918894,-5.020818965080851,-5.0,0.4163793016170203,,,,,,,,,,,,,,,,,,,,,,,,,,,,,,,,,,,,0
s9_k5ac_a_s03_pos1_tap3_mc231_cpl0_rp4p84593088809_rn4p89252190322_f12370_f21100_a0_dac1p25,K5AC,A,3,0.05,1,3,231,ac,0.0,0.0,0,1.25,0,4.8459308880914875,4.892521903217098,40.0,2370.0,1100.0,,0,1033781.3218615769,0.001944159479588273,8511.380382024412,13.262970960253398,24.736839839416078,0,2473621.9916389273,426.3697942984666,496.54241283228816,70.17261853382155,-4.942146731700052,-5.0,-1.157065365998966,,,,,,,,,,,,,,,,,,,,,,,,,,,,,,,,,,,,0
s9_k5ac_a_s03_pos1_tap3_mc232_cpl0_rp4p91884978598_rn4p84125086367_f12370_f21100_a0_dac1p25,K5AC,A,3,0.05,1,3,232,ac,0.0,0.0,0,1.25,0,4.918849785980269,4.841250863673151,40.0,2370.0,1100.0,,0,996306.6036838434,1.728912829754338e-05,10.311772745930755,13.004151073674368,24.339313311613424,0,2473621.9916389273,432.91339792183095,475.5365485688698,42.62315064703887,-4.951956560517927,-5.0,-0.9608687896414558,,,,,,,,,,,,,,,,,,,,,,,,,,,,,,,,,,,,0
s9_k5ac_a_s03_pos1_tap3_mc233_cpl0_rp4p90482749968_rn4p978777546_f12370_f21100_a0_dac1p25,K5AC,A,3,0.05,1,3,233,ac,0.0,0.0,0,1.25,0,4.904827499680167,4.978777546003827,40.0,2370.0,1100.0,,0,1024532.563849576,0.0007795614488485837,7356.422544596963,12.95376662152499,24.316262063532367,0,2473621.9916389273,426.81322400396454,483.55602052646236,56.74279652249783,-4.860594544330261,-5.0,-2.7881091133947877,,,,,,,,,,,,,,,,,,,,,,,,,,,,,,,,,,,,0
s9_k5ac_a_s03_pos1_tap3_mc234_cpl0_rp4p94911058996_rn4p81410277629_f12370_f21100_a0_dac1p25,K5AC,A,3,0.05,1,3,234,ac,0.0,0.0,0,1.25,0,4.949110589958199,4.814102776289683,40.0,2370.0,1100.0,,0,1021346.0936931642,0.002678267485042367,8254.04185268081,13.65962592065318,25.42647482667817,0,2473621.9916389273,436.40438357819835,503.541169856621,67.13678627842268,-4.927545238717299,-5.0,-1.449095225654029,,,,,,,,,,,,,,,,,,,,,,,,,,,,,,,,,,,,0
s9_k5ac_a_s03_pos1_tap3_mc235_cpl0_rp4p9153709398_rn4p90964172791_f12370_f21100_a0_dac1p25,K5AC,A,3,0.05,1,3,235,ac,0.0,0.0,0,1.25,0,4.915370939804115,4.909641727913646,40.0,2370.0,1100.0,,0,975875.5904646822,1.7015077119374345e-05,9.261187281288109,14.125566135237575,25.633803717994155,0,2473621.9916389273,441.946551576599,498.25121604571694,56.30466446911794,-4.959762927417746,-5.0,-0.8047414516450857,,,,,,,,,,,,,,,,,,,,,,,,,,,,,,,,,,,,0
s9_k5ac_a_s03_pos1_tap3_mc236_cpl0_rp4p94951352822_rn4p89532038323_f12370_f21100_a0_dac1p25,K5AC,A,3,0.05,1,3,236,ac,0.0,0.0,0,1.25,0,4.949513528216103,4.895320383234305,40.0,2370.0,1100.0,,0,1001647.0378121015,1.7162574751867806e-05,10.311772745930755,13.993379037112923,25.812917306330853,0,2473621.9916389273,441.8491693718683,505.9443477171762,64.09517834530789,-5.009081158508157,-5.0,0.18162317016314766,,,,,,,,,,,,,,,,,,,,,,,,,,,,,,,,,,,,0
s9_k5ac_a_s03_pos1_tap3_mc237_cpl0_rp4p93173514821_rn4p92000156183_f12370_f21100_a0_dac1p25,K5AC,A,3,0.05,1,3,237,ac,0.0,0.0,0,1.25,0,4.931735148212523,4.920001561829357,40.0,2370.0,1100.0,,0,1045906.5652375892,0.0076795228526420276,10633.265716372442,13.350406705490848,24.94506484497612,0,2473621.9916389273,427.4085754369392,503.6081374403673,76.19956200342807,-5.003002069097774,-5.0,0.060041381955477924,,,,,,,,,,,,,,,,,,,,,,,,,,,,,,,,,,,,0
s9_k5ac_a_s03_pos1_tap3_mc238_cpl0_rp4p88963276925_rn4p85821760049_f12370_f21100_a0_dac1p25,K5AC,A,3,0.05,1,3,238,ac,0.0,0.0,0,1.25,0,4.889632769247549,4.85821760048949,40.0,2370.0,1100.0,,0,1022329.9250363233,0.006868925541615836,9476.908045142321,13.318209185304145,24.782537821598883,0,2473621.9916389273,431.0580191908614,492.97075923386166,61.91274004300027,-5.070857253501734,-5.0,1.4171450700346977,,,,,,,,,,,,,,,,,,,,,,,,,,,,,,,,,,,,0
s9_k5ac_a_s03_pos1_tap3_mc239_cpl0_rp4p94176165779_rn4p9259712967_f12370_f21100_a0_dac1p25,K5AC,A,3,0.05,1,3,239,ac,0.0,0.0,0,1.25,0,4.94176165779403,4.925971296700741,40.0,2370.0,1100.0,,0,984580.4615464002,1.7414583545952963e-05,14.125375446227858,13.833110098500411,25.358679678674626,0,2473621.9916389273,440.8063762045139,492.98765010187867,52.18127389736475,-4.903644062678837,-5.0,-1.927118746423262,,,,,,,,,,,,,,,,,,,,,,,,,,,,,,,,,,,,0
s9_k5ac_a_s03_pos1_tap3_mc23_cpl0_rp4p9897299409_rn4p99451175924_f12370_f21100_a0_dac1p25,K5AC,A,3,0.05,1,3,23,ac,0.0,0.0,0,1.25,0,4.989729940895217,4.994511759235949,40.0,2370.0,1100.0,,0,993115.0836662614,1.747439512719695e-05,13.803842646029153,14.108964811367006,25.74645553366918,0,2473621.9916389273,440.934639323173,503.2725561524451,62.3379168292721,-4.855649607478072,-5.0,-2.887007850438561,,,,,,,,,,,,,,,,,,,,,,,,,,,,,,,,,,,,0
s9_k5ac_a_s03_pos1_tap3_mc240_cpl0_rp4p97652967904_rn4p85595368377_f12370_f21100_a0_dac1p25,K5AC,A,3,0.05,1,3,240,ac,0.0,0.0,0,1.25,0,4.976529679038606,4.855953683770988,40.0,2370.0,1100.0,,0,979892.9805096146,1.7285437461087525e-05,10.797751623277312,14.170285135328305,25.787283326889966,0,2473621.9916389273,445.3325521567783,501.8233123132369,56.49076015645858,-4.9124029239142475,-5.0,-1.7519415217150502,,,,,,,,,,,,,,,,,,,,,,,,,,,,,,,,,,,,0
s9_k5ac_a_s03_pos1_tap3_mc241_cpl0_rp4p99714199044_rn4p97460890294_f12370_f21100_a0_dac1p25,K5AC,A,3,0.05,1,3,241,ac,0.0,0.0,0,1.25,0,4.997141990437619,4.974608902935586,40.0,2370.0,1100.0,,0,1033535.895559453,0.0003697297713277083,7356.422544596963,12.896001819218295,24.453490160973406,0,2473621.9916389273,426.94839237590253,486.825071455202,59.87667907929949,-4.9321804188040135,-5.0,-1.3563916239197282,,,,,,,,,,,,,,,,,,,,,,,,,,,,,,,,,,,,0
s9_k5ac_a_s03_pos1_tap3_mc242_cpl0_rp4p96365611923_rn4p81610003039_f12370_f21100_a0_dac1p25,K5AC,A,3,0.05,1,3,242,ac,0.0,0.0,0,1.25,0,4.963656119225819,4.816100030390195,40.0,2370.0,1100.0,,0,1014196.4012933346,0.0035595382423679205,8446.303185840326,13.17684936802137,24.559077116586007,0,2473621.9916389273,429.4857742783657,485.47612844794963,55.99035416958395,-4.902450528035387,-5.0,-1.950989439292261,,,,,,,,,,,,,,,,,,,,,,,,,,,,,,,,,,,,0
s9_k5ac_a_s03_pos1_tap3_mc243_cpl0_rp4p93636149461_rn4p88398417069_f12370_f21100_a0_dac1p25,K5AC,A,3,0.05,1,3,243,ac,0.0,0.0,0,1.25,0,4.936361494608106,4.883984170689021,40.0,2370.0,1100.0,,0,962504.9824716235,1.6923031089180662e-05,8.446303185839836,14.399857799183033,25.951273796937883,0,2473621.9916389273,445.6735634211437,500.58130023312407,54.907736811980385,-4.952089732589236,-5.0,-0.9582053482152686,,,,,,,,,,,,,,,,,,,,,,,,,,,,,,,,,,,,0
s9_k5ac_a_s03_pos1_tap3_mc244_cpl0_rp4p92283608296_rn4p91456992577_f12370_f21100_a0_dac1p25,K5AC,A,3,0.05,1,3,244,ac,0.0,0.0,0,1.25,0,4.922836082955919,4.91456992576517,40.0,2370.0,1100.0,,0,968021.7812122012,0.0008129911145341747,6358.187535472698,14.052357397915356,25.711794510709353,0,2473621.9916389273,448.3165310842276,494.6856780437493,46.369146959521686,-4.923536209921194,-5.0,-1.5292758015761243,,,,,,,,,,,,,,,,,,,,,,,,,,,,,,,,,,,,0
s9_k5ac_a_s03_pos1_tap3_mc245_cpl0_rp4p88532259635_rn4p84707416577_f12370_f21100_a0_dac1p25,K5AC,A,3,0.05,1,3,245,ac,0.0,0.0,0,1.25,0,4.885322596348982,4.847074165771614,40.0,2370.0,1100.0,,0,990960.5200213821,0.0012016955195109922,7470.218989273876,13.935995212131699,25.49784434061989,0,2473621.9916389273,439.9299693583301,499.8656150445594,59.93564568622929,-5.06347394406793,-5.0,1.2694788813585989,,,,,,,,,,,,,,,,,,,,,,,,,,,,,,,,,,,,0
s9_k5ac_a_s03_pos1_tap3_mc246_cpl0_rp4p97229677993_rn4p90202300027_f12370_f21100_a0_dac1p25,K5AC,A,3,0.05,1,3,246,ac,0.0,0.0,0,1.25,0,4.972296779927454,4.90202300026721,40.0,2370.0,1100.0,,0,991932.2896679251,1.7558585011429182e-05,13.698299792150001,14.178508628077921,25.97725893029104,0,2473621.9916389273,444.6919666721647,507.16902602734103,62.47705935517632,-4.969171529995677,-5.0,-0.6165694000864641,,,,,,,,,,,,,,,,,,,,,,,,,,,,,,,,,,,,0
s9_k5ac_a_s03_pos1_tap3_mc247_cpl0_rp4p9067598612_rn4p83667745746_f12370_f21100_a0_dac1p25,K5AC,A,3,0.05,1,3,247,ac,0.0,0.0,0,1.25,0,4.906759861198976,4.836677457462542,40.0,2370.0,1100.0,,0,1009414.3160640969,1.6911925304322944e-05,8.981178609607111,13.916076333124415,25.57211315471706,0,2473621.9916389273,434.3690047118806,506.487665054303,72.1186603424224,-4.968259174034357,-5.0,-0.634816519312853,,,,,,,,,,,,,,,,,,,,,,,,,,,,,,,,,,,,0
s9_k5ac_a_s03_pos1_tap3_mc248_cpl0_rp4p91276697059_rn4p88094372504_f12370_f21100_a0_dac1p25,K5AC,A,3,0.05,1,3,248,ac,0.0,0.0,0,1.25,0,4.912766970587882,4.880943725040297,40.0,2370.0,1100.0,,0,985674.4778237123,1.7189885930991387e-05,10.715193052376279,14.287267226659392,25.884957163621443,0,2473621.9916389273,444.0218539410179,506.61637118340525,62.594517242387326,-4.991520332155103,-5.0,-0.16959335689794575,,,,,,,,,,,,,,,,,,,,,,,,,,,,,,,,,,,,0
s9_k5ac_a_s03_pos1_tap3_mc249_cpl0_rp4p80321874913_rn4p90064253942_f12370_f21100_a0_dac1p25,K5AC,A,3,0.05,1,3,249,ac,0.0,0.0,0,1.25,0,4.803218749129418,4.900642539415244,40.0,2370.0,1100.0,,0,991459.1161503225,1.701555808061341e-05,9.05037692151729,14.191467994382958,25.94343463139512,0,2473621.9916389273,442.7885960545802,506.826472842383,64.03787678780282,-4.912698270798699,-5.0,-1.7460345840260239,,,,,,,,,,,,,,,,,,,,,,,,,,,,,,,,,,,,0
s9_k5ac_a_s03_pos1_tap3_mc24_cpl0_rp4p87095090022_rn4p94382442661_f12370_f21100_a0_dac1p25,K5AC,A,3,0.05,1,3,24,ac,0.0,0.0,0,1.25,0,4.8709509002161315,4.943824426609955,40.0,2370.0,1100.0,,0,952090.9168822839,0.006254115886421274,8776.742025360732,13.963868190635718,25.32190549270738,0,2473621.9916389273,446.2398190683333,484.8048077157947,38.564988647461405,-5.012826191546533,-5.0,0.2565238309306661,,,,,,,,,,,,,,,,,,,,,,,,,,,,,,,,,,,,0
s9_k5ac_a_s03_pos1_tap3_mc250_cpl0_rp4p90639839029_rn4p94429674382_f12370_f21100_a0_dac1p25,K5AC,A,3,0.05,1,3,250,ac,0.0,0.0,0,1.25,0,4.906398390294764,4.944296743823049,40.0,2370.0,1100.0,,0,985661.5537717114,1.74816435359448e-05,13.489628825916832,14.223078563831201,25.80267276621426,0,2473621.9916389273,444.4353258619988,505.14687628633425,60.71155042433543,-4.891504782019574,-5.0,-2.169904359608521,,,,,,,,,,,,,,,,,,,,,,,,,,,,,,,,,,,,0
s9_k5ac_a_s03_pos1_tap3_mc251_cpl0_rp4p88829184932_rn4p83881567663_f12370_f21100_a0_dac1p25,K5AC,A,3,0.05,1,3,251,ac,0.0,0.0,0,1.25,0,4.888291849315955,4.838815676632653,40.0,2370.0,1100.0,,0,964962.9942199719,1.709349717817127e-05,10.154689924331,14.358319847851902,26.00756431715735,0,2473621.9916389273,448.5815573614105,501.3357606322905,52.75420327088,-5.031163798687291,-5.0,0.6232759737458071,,,,,,,,,,,,,,,,,,,,,,,,,,,,,,,,,,,,0
s9_k5ac_a_s03_pos1_tap3_mc252_cpl0_rp4p82748749781_rn4p95954260264_f12370_f21100_a0_dac1p25,K5AC,A,3,0.05,1,3,252,ac,0.0,0.0,0,1.25,0,4.827487497808149,4.959542602643575,40.0,2370.0,1100.0,,0,975630.0603124228,1.6809710421013884e-05,8.511380382023917,13.610270373992202,24.977670117906033,0,2473621.9916389273,438.0212912007478,484.01800194200007,45.996710741252286,-4.945440711195802,-5.0,-1.0911857760839583,,,,,,,,,,,,,,,,,,,,,,,,,,,,,,,,,,,,0
s9_k5ac_a_s03_pos1_tap3_mc253_cpl0_rp4p88764588563_rn4p88894758767_f12370_f21100_a0_dac1p25,K5AC,A,3,0.05,1,3,253,ac,0.0,0.0,0,1.25,0,4.887645885627932,4.888947587665772,40.0,2370.0,1100.0,,0,1031094.6713316009,1.680933845170007e-05,8.190932242153117,12.720754213349238,24.123424097923422,0,2473621.9916389273,421.35330817309745,479.54745747387756,58.19414930078011,-4.876515185586232,-5.0,-2.469696288275358,,,,,,,,,,,,,,,,,,,,,,,,,,,,,,,,,,,,0
s9_k5ac_a_s03_pos1_tap3_mc254_cpl0_rp4p96697839098_rn4p94604752154_f12370_f21100_a0_dac1p25,K5AC,A,3,0.05,1,3,254,ac,0.0,0.0,0,1.25,0,4.966978390981929,4.946047521542091,40.0,2370.0,1100.0,,0,975886.8278592633,1.7004647018280796e-05,9.549925860214541,14.189868904888078,25.730499245742863,0,2473621.9916389273,442.49901296877084,499.46971887056065,56.97070590178981,-4.908652529288051,-5.0,-1.8269494142389875,,,,,,,,,,,,,,,,,,,,,,,,,,,,,,,,,,,,0
s9_k5ac_a_s03_pos1_tap3_mc255_cpl0_rp4p95577092362_rn4p82720877893_f12370_f21100_a0_dac1p25,K5AC,A,3,0.05,1,3,255,ac,0.0,0.0,0,1.25,0,4.955770923615263,4.827208778925075,40.0,2370.0,1100.0,,0,945042.1126779323,1.6934876885907318e-05,8.981178609607111,14.162265769902069,25.54893731696483,0,2473621.9916389273,447.39185068101705,487.34512714748143,39.95327646646439,-4.881436718866011,-5.0,-2.3712656226797746,,,,,,,,,,,,,,,,,,,,,,,,,,,,,,,,,,,,0
s9_k5ac_a_s03_pos1_tap3_mc256_cpl0_rp4p96150384685_rn4p82679675165_f12370_f21100_a0_dac1p25,K5AC,A,3,0.05,1,3,256,ac,0.0,0.0,0,1.25,0,4.9615038468530726,4.82679675165486,40.0,2370.0,1100.0,,0,1005837.3310758589,0.008270950538982958,10154.68992433159,13.664570171334363,25.259952466346007,0,2473621.9916389273,436.31983241004815,496.2535426694161,59.933710259367956,-4.843629390692702,-5.0,-3.1274121861459614,,,,,,,,,,,,,,,,,,,,,,,,,,,,,,,,,,,,0
s9_k5ac_a_s03_pos1_tap3_mc257_cpl0_rp4p86717588036_rn4p88837970906_f12370_f21100_a0_dac1p25,K5AC,A,3,0.05,1,3,257,ac,0.0,0.0,0,1.25,0,4.867175880356308,4.888379709062037,40.0,2370.0,1100.0,,0,1019279.4713084612,1.7221035686974863e-05,10.633265716371824,13.543963456821679,25.154751397869383,0,2473621.9916389273,433.01903332026296,497.94843499256643,64.92940167230347,-4.921587804249321,-5.0,-1.5682439150135785,,,,,,,,,,,,,,,,,,,,,,,,,,,,,,,,,,,,0
s9_k5ac_a_s03_pos1_tap3_mc258_cpl0_rp4p88877692796_rn4p85246225886_f12370_f21100_a0_dac1p25,K5AC,A,3,0.05,1,3,258,ac,0.0,0.0,0,1.25,0,4.8887769279612066,4.852462258858391,40.0,2370.0,1100.0,,0,995961.5356181118,0.009331478817507365,9476.908045142321,13.89057374098005,25.588111891434938,0,2473621.9916389273,443.389916283325,499.90400105026936,56.514084766944336,-4.855689649841574,-5.0,-2.886207003168517,,,,,,,,,,,,,,,,,,,,,,,,,,,,,,,,,,,,0
s9_k5ac_a_s03_pos1_tap3_mc259_cpl0_rp4p9579517246_rn4p81782168776_f12370_f21100_a0_dac1p25,K5AC,A,3,0.05,1,3,259,ac,0.0,0.0,0,1.25,0,4.957951724600125,4.817821687756452,40.0,2370.0,1100.0,,0,1036420.1494087826,1.6905120332507496e-05,8.709635899560965,13.493948070530207,25.025005274043398,0,2473621.9916389273,424.3678896876345,504.4864548571239,80.11856516948939,-4.830963127466039,-5.0,-3.3807374506792165,,,,,,,,,,,,,,,,,,,,,,,,,,,,,,,,,,,,0
s9_k5ac_a_s03_pos1_tap3_mc25_cpl0_rp4p94809069737_rn4p86893407988_f12370_f21100_a0_dac1p25,K5AC,A,3,0.05,1,3,25,ac,0.0,0.0,0,1.25,0,4.948090697367347,4.868934079880725,40.0,2370.0,1100.0,,0,1011443.2710301235,1.704670790086756e-05,9.190377133632765,13.477985569721493,25.12323183063867,0,2473621.9916389273,434.2281765641262,494.57600063241057,60.34782406828435,-4.841915943048704,-5.0,-3.161681139025918,,,,,,,,,,,,,,,,,,,,,,,,,,,,,,,,,,,,0
s9_k5ac_a_s03_pos1_tap3_mc260_cpl0_rp4p8152422395_rn4p80619927478_f12370_f21100_a0_dac1p25,K5AC,A,3,0.05,1,3,260,ac,0.0,0.0,0,1.25,0,4.81524223950122,4.806199274783992,40.0,2370.0,1100.0,,0,984673.6521210705,0.0009625370125139149,6760.829753920319,13.761741091026733,25.352160424702127,0,2473621.9916389273,442.548791316881,492.15946291951127,49.61067160263025,-4.936334492027801,-5.0,-1.2733101594439744,,,,,,,,,,,,,,,,,,,,,,,,,,,,,,,,,,,,0
s9_k5ac_a_s03_pos1_tap3_mc261_cpl0_rp4p99674292571_rn4p92532545127_f12370_f21100_a0_dac1p25,K5AC,A,3,0.05,1,3,261,ac,0.0,0.0,0,1.25,0,4.996742925711324,4.925325451272178,40.0,2370.0,1100.0,,0,987627.8927826309,0.002272528517999968,7822.279563860615,13.59741492416173,25.17816474711791,0,2473621.9916389273,440.4201294038032,489.056532088783,48.63640268497983,-4.950437824283649,-5.0,-0.9912435143270115,,,,,,,,,,,,,,,,,,,,,,,,,,,,,,,,,,,,0
s9_k5ac_a_s03_pos1_tap3_mc262_cpl0_rp4p91344335367_rn4p99383127602_f12370_f21100_a0_dac1p25,K5AC,A,3,0.05,1,3,262,ac,0.0,0.0,0,1.25,0,4.913443353669787,4.993831276024584,40.0,2370.0,1100.0,,0,1059291.4672767033,0.008287439125634913,10391.2230383525,12.982057386906444,24.56962090584102,0,2473621.9916389273,424.1405635609617,498.2863654490481,74.1458018880864,-4.944359073479375,-5.0,-1.112818530412496,,,,,,,,,,,,,,,,,,,,,,,,,,,,,,,,,,,,0
s9_k5ac_a_s03_pos1_tap3_mc263_cpl0_rp4p88067085141_rn4p88387044565_f12370_f21100_a0_dac1p25,K5AC,A,3,0.05,1,3,263,ac,0.0,0.0,0,1.25,0,4.880670851412191,4.883870445650321,40.0,2370.0,1100.0,,0,1002593.5436840416,1.6696005616118065e-05,8.128305161641135,13.801168446732234,25.37617451857071,0,2473621.9916389273,432.3918712740085,499.70036054122113,67.30848926721262,-4.880770314291345,-5.0,-2.3845937141731,,,,,,,,,,,,,,,,,,,,,,,,,,,,,,,,,,,,0
s9_k5ac_a_s03_pos1_tap3_mc264_cpl0_rp4p98667603636_rn4p86889694564_f12370_f21100_a0_dac1p25,K5AC,A,3,0.05,1,3,264,ac,0.0,0.0,0,1.25,0,4.9866760363581975,4.868896945639033,40.0,2370.0,1100.0,,0,1017237.6351135405,0.0058409867104128104,9923.540961321773,13.243611657306872,24.766070844433905,0,2473621.9916389273,431.0660968973338,490.2313529880794,59.16525609074557,-4.880660031106375,-5.0,-2.386799377872495,,,,,,,,,,,,,,,,,,,,,,,,,,,,,,,,,,,,0
s9_k5ac_a_s03_pos1_tap3_mc265_cpl0_rp4p86689686023_rn4p86443380961_f12370_f21100_a0_dac1p25,K5AC,A,3,0.05,1,3,265,ac,0.0,0.0,0,1.25,0,4.866896860230826,4.864433809607853,40.0,2370.0,1100.0,,0,1005256.5912786756,1.694747412561536e-05,8.776742025360223,13.066558287709098,24.575195907095576,0,2473621.9916389273,432.9370085075397,481.73575405951664,48.798745551976936,-5.0578377358379525,-5.0,1.1567547167590453,,,,,,,,,,,,,,,,,,,,,,,,,,,,,,,,,,,,0
s9_k5ac_a_s03_pos1_tap3_mc266_cpl0_rp4p98984824733_rn4p98947853282_f12370_f21100_a0_dac1p25,K5AC,A,3,0.05,1,3,266,ac,0.0,0.0,0,1.25,0,4.98984824733454,4.989478532816551,40.0,2370.0,1100.0,,0,987104.5714332159,1.687612562901125e-05,8.776742025360223,13.92823540316445,25.49813042866648,0,2473621.9916389273,438.4728740118235,497.37764761818204,58.90477360635856,-5.083615943094026,-5.0,1.6723188618805285,,,,,,,,,,,,,,,,,,,,,,,,,,,,,,,,,,,,0
s9_k5ac_a_s03_pos1_tap3_mc267_cpl0_rp4p90256861613_rn4p8911348467_f12370_f21100_a0_dac1p25,K5AC,A,3,0.05,1,3,267,ac,0.0,0.0,0,1.25,0,4.902568616128807,4.891134846700927,40.0,2370.0,1100.0,,0,996801.6804554862,1.72994214679251e-05,10.391223038351896,13.573665632516354,25.203590681512114,0,2473621.9916389273,438.1514426450572,491.1823502894966,53.03090764443937,-4.893993145718596,-5.0,-2.120137085628071,,,,,,,,,,,,,,,,,,,,,,,,,,,,,,,,,,,,0
s9_k5ac_a_s03_pos1_tap3_mc268_cpl0_rp4p88868272998_rn4p83524608328_f12370_f21100_a0_dac1p25,K5AC,A,3,0.05,1,3,268,ac,0.0,0.0,0,1.25,0,4.888682729983905,4.835246083280259,40.0,2370.0,1100.0,,0,959679.8627049648,9.764712165661537e-05,6261.331052795986,14.091359181604597,25.554257294447652,0,2473621.9916389273,447.53897019507093,491.63670518183443,44.0977349867635,-5.000652612617224,-5.0,0.013052252344492032,,,,,,,,,,,,,,,,,,,,,,,,,,,,,,,,,,,,0
s9_k5ac_a_s03_pos1_tap3_mc269_cpl0_rp4p89013787621_rn4p82028690977_f12370_f21100_a0_dac1p25,K5AC,A,3,0.05,1,3,269,ac,0.0,0.0,0,1.25,0,4.890137876206749,4.820286909772111,40.0,2370.0,1100.0,,0,1011451.1656134016,1.702197475893427e-05,8.91250938133762,13.839849967430855,25.600859525529195,0,2473621.9916389273,436.04190926157736,504.46973666822464,68.42782740664728,-4.973951531805808,-5.0,-0.5209693638838386,,,,,,,,,,,,,,,,,,,,,,,,,,,,,,,,,,,,0
s9_k5ac_a_s03_pos1_tap3_mc26_cpl0_rp4p96840511781_rn4p83667719361_f12370_f21100_a0_dac1p25,K5AC,A,3,0.05,1,3,26,ac,0.0,0.0,0,1.25,0,4.968405117807948,4.836677193612291,40.0,2370.0,1100.0,,0,974340.257120347,1.7241593620785374e-05,10.232929922807742,13.687546609765446,25.12200282836148,0,2473621.9916389273,440.14673909222034,485.22172161082295,45.07498251860261,-5.114897920798293,-5.0,2.2979584159658506,,,,,,,,,,,,,,,,,,,,,,,,,,,,,,,,,,,,0
s9_k5ac_a_s03_pos1_tap3_mc270_cpl0_rp4p85602543953_rn4p83284111694_f12370_f21100_a0_dac1p25,K5AC,A,3,0.05,1,3,270,ac,0.0,0.0,0,1.25,0,4.856025439530272,4.832841116941261,40.0,2370.0,1100.0,,0,1007321.5520888647,0.00578099721238471,9120.108393559796,13.80847777010089,25.441314954993803,0,2473621.9916389273,438.4517030207565,501.3121917729769,62.86048875222042,-4.843021037062996,-5.0,-3.1395792587400884,,,,,,,,,,,,,,,,,,,,,,,,,,,,,,,,,,,,0
s9_k5ac_a_s03_pos1_tap3_mc271_cpl0_rp4p95544005807_rn4p91742540498_f12370_f21100_a0_dac1p25,K5AC,A,3,0.05,1,3,271,ac,0.0,0.0,0,1.25,0,4.955440058069738,4.917425404978769,40.0,2370.0,1100.0,,0,1031326.8730899737,0.007777215102344637,11306.633979497277,13.67841937517157,25.319124482515917,0,2473621.9916389273,430.17244377534496,507.813758169414,77.64131439406901,-4.973102171552977,-5.0,-0.5379565689404564,,,,,,,,,,,,,,,,,,,,,,,,,,,,,,,,,,,,0
s9_k5ac_a_s03_pos1_tap3_mc272_cpl0_rp4p89203969634_rn4p88601287793_f12370_f21100_a0_dac1p25,K5AC,A,3,0.05,1,3,272,ac,0.0,0.0,0,1.25,0,4.892039696343678,4.8860128779308205,40.0,2370.0,1100.0,,0,1005626.1528009506,1.6811761142334685e-05,8.511380382023917,13.509475408766107,25.12893559041092,0,2473621.9916389273,435.73089166274934,493.67383562634285,57.94294396359351,-4.905450638449913,-5.0,-1.8909872310017506,,,,,,,,,,,,,,,,,,,,,,,,,,,,,,,,,,,,0
s9_k5ac_a_s03_pos1_tap3_mc273_cpl0_rp4p87314728285_rn4p84524904536_f12370_f21100_a0_dac1p25,K5AC,A,3,0.05,1,3,273,ac,0.0,0.0,0,1.25,0,4.87314728285174,4.845249045357976,40.0,2370.0,1100.0,,0,999625.2237375808,1.683079731924684e-05,8.446303185839836,13.882605897503755,25.510072252685806,0,2473621.9916389273,437.8988482252842,500.99809839897625,63.09925017369204,-4.837142844467824,-5.0,-3.2571431106435234,,,,,,,,,,,,,,,,,,,,,,,,,,,,,,,,,,,,0
s9_k5ac_a_s03_pos1_tap3_mc274_cpl0_rp4p91018433355_rn4p81113553494_f12370_f21100_a0_dac1p25,K5AC,A,3,0.05,1,3,274,ac,0.0,0.0,0,1.25,0,4.910184333553857,4.811135534942751,40.0,2370.0,1100.0,,0,1001789.2531904768,0.000646928793246709,6971.613999635192,13.531539896885683,25.05339467989199,0,2473621.9916389273,437.34446538530244,491.90537966697747,54.560914281675025,-4.940192394628499,-5.0,-1.1961521074300152,,,,,,,,,,,,,,,,,,,,,,,,,,,,,,,,,,,,0
s9_k5ac_a_s03_pos1_tap3_mc275_cpl0_rp4p91968061208_rn4p81334763513_f12370_f21100_a0_dac1p25,K5AC,A,3,0.05,1,3,275,ac,0.0,0.0,0,1.25,0,4.919680612079673,4.813347635132701,40.0,2370.0,1100.0,,0,962197.2292037565,1.6832804624695604e-05,8.066156921766275,14.143352872336528,25.731072589584233,0,2473621.9916389273,442.8799454470403,493.56088262342644,50.680937176386124,-4.905243695828814,-5.0,-1.895126083423726,,,,,,,,,,,,,,,,,,,,,,,,,,,,,,,,,,,,0
s9_k5ac_a_s03_pos1_tap3_mc276_cpl0_rp4p97496122356_rn4p97857918554_f12370_f21100_a0_dac1p25,K5AC,A,3,0.05,1,3,276,ac,0.0,0.0,0,1.25,0,4.974961223561711,4.978579185542484,40.0,2370.0,1100.0,,0,985876.8268194828,1.735431944296565e-05,11.481536214969063,14.147658816794065,25.801163385996702,0,2473621.9916389273,442.78134803642234,502.5258806391767,59.74453260275436,-4.906208667916004,-5.0,-1.875826641679923,,,,,,,,,,,,,,,,,,,,,,,,,,,,,,,,,,,,0
s9_k5ac_a_s03_pos1_tap3_mc277_cpl0_rp4p95207148224_rn4p82414989704_f12370_f21100_a0_dac1p25,K5AC,A,3,0.05,1,3,277,ac,0.0,0.0,0,1.25,0,4.952071482241088,4.824149897040279,40.0,2370.0,1100.0,,0,990830.6299497351,1.7014202626510297e-05,9.332543007970086,13.731124609768836,25.435111583454045,0,2473621.9916389273,440.6134655387736,493.85579288711136,53.24232734833777,-4.942218901990588,-5.0,-1.1556219601882356,,,,,,,,,,,,,,,,,,,,,,,,,,,,,,,,,,,,0
s9_k5ac_a_s03_pos1_tap3_mc278_cpl0_rp4p81673972575_rn4p91947154548_f12370_f21100_a0_dac1p25,K5AC,A,3,0.05,1,3,278,ac,0.0,0.0,0,1.25,0,4.816739725753125,4.919471545478923,40.0,2370.0,1100.0,,0,993849.7348767192,0.00573465528982368,8844.365191386672,13.396721945519003,24.847788610182125,0,2473621.9916389273,437.10677332070395,484.9103926584434,47.80361933773946,-4.927362212036068,-5.0,-1.4527557592786344,,,,,,,,,,,,,,,,,,,,,,,,,,,,,,,,,,,,0
s9_k5ac_a_s03_pos1_tap3_mc279_cpl0_rp4p99656962876_rn4p93923706344_f12370_f21100_a0_dac1p25,K5AC,A,3,0.05,1,3,279,ac,0.0,0.0,0,1.25,0,4.996569628759205,4.939237063439288,40.0,2370.0,1100.0,,0,988775.8845552292,1.73466633153443e-05,12.115276586286138,13.814687749877825,25.361024043988145,0,2473621.9916389273,438.94894945781596,494.0846096988433,55.135660241027324,-4.984408473799131,-5.0,-0.31183052401738687,,,,,,,,,,,,,,,,,,,,,,,,,,,,,,,,,,,,0
s9_k5ac_a_s03_pos1_tap3_mc27_cpl0_rp4p84221243785_rn4p99596913471_f12370_f21100_a0_dac1p25,K5AC,A,3,0.05,1,3,27,ac,0.0,0.0,0,1.25,0,4.842212437846862,4.995969134714784,40.0,2370.0,1100.0,,0,1036251.5625183975,1.710339479400887e-05,9.847666521101772,13.432409839498629,25.119882465684668,0,2473621.9916389273,428.91507706947425,502.44013290262495,73.5250558331507,-4.945160806226352,-5.0,-1.096783875472962,,,,,,,,,,,,,,,,,,,,,,,,,,,,,,,,,,,,0
s9_k5ac_a_s03_pos1_tap3_mc280_cpl0_rp4p88628711239_rn4p99181917924_f12370_f21100_a0_dac1p25,K5AC,A,3,0.05,1,3,280,ac,0.0,0.0,0,1.25,0,4.886287112390138,4.991819179244,40.0,2370.0,1100.0,,0,977768.5647730542,1.6792638787459043e-05,8.446303185839836,13.813540057773587,25.389223022069633,0,2473621.9916389273,442.55068843909726,491.52105504850925,48.970366609412,-4.882549946090212,-5.0,-2.349001078195756,,,,,,,,,,,,,,,,,,,,,,,,,,,,,,,,,,,,0
s9_k5ac_a_s03_pos1_tap3_mc281_cpl0_rp4p96582010468_rn4p85196234501_f12370_f21100_a0_dac1p25,K5AC,A,3,0.05,1,3,281,ac,0.0,0.0,0,1.25,0,4.965820104684439,4.851962345011119,40.0,2370.0,1100.0,,0,978807.2591562648,1.6916381182857192e-05,8.643042860748515,13.25054753471733,24.623376184656763,0,2473621.9916389273,436.01773947040886,476.00167498869763,39.983935518288774,-4.973347981342748,-5.0,-0.5330403731450439,,,,,,,,,,,,,,,,,,,,,,,,,,,,,,,,,,,,0
s9_k5ac_a_s03_pos1_tap3_mc282_cpl0_rp4p91440963991_rn4p90249827447_f12370_f21100_a0_dac1p25,K5AC,A,3,0.05,1,3,282,ac,0.0,0.0,0,1.25,0,4.9144096399146555,4.902498274473063,40.0,2370.0,1100.0,,0,989525.4175130024,1.6884528924230663e-05,8.576958985909096,14.081176366181044,25.8064159854644,0,2473621.9916389273,442.59679942912356,503.5538412891621,60.957041860038544,-5.031164479911633,-5.0,0.623289598232657,,,,,,,,,,,,,,,,,,,,,,,,,,,,,,,,,,,,0
s9_k5ac_a_s03_pos1_tap3_mc283_cpl0_rp4p86388330479_rn4p80711897752_f12370_f21100_a0_dac1p25,K5AC,A,3,0.05,1,3,283,ac,0.0,0.0,0,1.25,0,4.863883304787585,4.807118977521,40.0,2370.0,1100.0,,0,1063930.1654607647,0.010418236201522454,11930.720363266277,13.012041584110602,24.734873146916218,0,2473621.9916389273,422.3753362982054,500.76201171177183,78.38667541356642,-5.003531649852563,-5.0,0.07063299705125647,,,,,,,,,,,,,,,,,,,,,,,,,,,,,,,,,,,,0
s9_k5ac_a_s03_pos1_tap3_mc284_cpl0_rp4p87305197018_rn4p87796273137_f12370_f21100_a0_dac1p25,K5AC,A,3,0.05,1,3,284,ac,0.0,0.0,0,1.25,0,4.873051970181386,4.8779627313650185,40.0,2370.0,1100.0,,0,1061526.0238382427,0.010453485951296727,12302.68770812479,13.154444532986647,24.830510279596414,0,2473621.9916389273,423.9893176407683,505.9978895296168,82.00857188884851,-4.992571595518613,-5.0,-0.14856808962774304,,,,,,,,,,,,,,,,,,,,,,,,,,,,,,,,,,,,0
s9_k5ac_a_s03_pos1_tap3_mc285_cpl0_rp4p94436651477_rn4p99774297282_f12370_f21100_a0_dac1p25,K5AC,A,3,0.05,1,3,285,ac,0.0,0.0,0,1.25,0,4.9443665147688325,4.997742972819162,40.0,2370.0,1100.0,,0,990275.8451660759,0.0019447867418978127,7470.218989273876,13.780331822205651,25.35171304003464,0,2473621.9916389273,440.71906508090507,494.5988423887645,53.879777307859456,-5.034758738827233,-5.0,0.6951747765446603,,,,,,,,,,,,,,,,,,,,,,,,,,,,,,,,,,,,0
s9_k5ac_a_s03_pos1_tap3_mc286_cpl0_rp4p9239685101_rn4p89417343446_f12370_f21100_a0_dac1p25,K5AC,A,3,0.05,1,3,286,ac,0.0,0.0,0,1.25,0,4.9239685101041575,4.894173434460581,40.0,2370.0,1100.0,,0,1004309.376325324,0.0014879826851639652,7644.222742526577,13.868128058805755,25.600707489477852,0,2473621.9916389273,441.6378990671236,503.28377698547956,61.64587791835595,-5.099702220919793,-5.0,1.9940444183958572,,,,,,,,,,,,,,,,,,,,,,,,,,,,,,,,,,,,0
s9_k5ac_a_s03_pos1_tap3_mc287_cpl0_rp4p81787448104_rn4p97519879239_f12370_f21100_a0_dac1p25,K5AC,A,3,0.05,1,3,287,ac,0.0,0.0,0,1.25,0,4.817874481037555,4.975198792386667,40.0,2370.0,1100.0,,0,973365.7382777076,1.7461661387974628e-05,13.182567385564356,13.718577333104438,25.116571064962155,0,2473621.9916389273,441.9232298069533,485.72579873181786,43.802568924864545,-4.886393525956649,-5.0,-2.2721294808670245,,,,,,,,,,,,,,,,,,,,,,,,,,,,,,,,,,,,0
s9_k5ac_a_s03_pos1_tap3_mc288_cpl0_rp4p96893330957_rn4p92910243027_f12370_f21100_a0_dac1p25,K5AC,A,3,0.05,1,3,288,ac,0.0,0.0,0,1.25,0,4.9689333095693735,4.929102430269127,40.0,2370.0,1100.0,,0,1030787.9489717998,1.7042950394695787e-05,9.190377133632765,13.43557241759235,25.007961646013108,0,2473621.9916389273,427.05218314528435,499.3556008705552,72.30341772527083,-4.887960796082177,-5.0,-2.2407840783564614,,,,,,,,,,,,,,,,,,,,,,,,,,,,,,,,,,,,0
s9_k5ac_a_s03_pos1_tap3_mc289_cpl0_rp4p80903046599_rn4p88305635389_f12370_f21100_a0_dac1p25,K5AC,A,3,0.05,1,3,289,ac,0.0,0.0,0,1.25,0,4.809030465986894,4.883056353894581,40.0,2370.0,1100.0,,0,1041960.309639919,1.7256497083176404e-05,10.96478196143207,13.1790820631993,24.761034548319177,0,2473621.9916389273,424.87591388369606,497.45658265959236,72.5806687758963,-5.054849851958115,-5.0,1.096997039162284,,,,,,,,,,,,,,,,,,,,,,,,,,,,,,,,,,,,0
s9_k5ac_a_s03_pos1_tap3_mc28_cpl0_rp4p96950778313_rn4p90427093524_f12370_f21100_a0_dac1p25,K5AC,A,3,0.05,1,3,28,ac,0.0,0.0,0,1.25,0,4.969507783131816,4.904270935236131,40.0,2370.0,1100.0,,0,986682.7387399706,1.6841963204836783e-05,8.776742025360223,13.447610905828013,24.85273365014951,0,2473621.9916389273,434.5852859370149,483.5231808360862,48.93789489907135,-4.901792759111092,-5.0,-1.9641448177781684,,,,,,,,,,,,,,,,,,,,,,,,,,,,,,,,,,,,0
s9_k5ac_a_s03_pos1_tap3_mc290_cpl0_rp4p85100514753_rn4p88882970306_f12370_f21100_a0_dac1p25,K5AC,A,3,0.05,1,3,290,ac,0.0,0.0,0,1.25,0,4.85100514752832,4.8888297030556735,40.0,2370.0,1100.0,,0,1045286.5335861112,0.006374225061352829,9923.540961321773,12.6115712562059,24.029366038968213,0,2473621.9916389273,422.2487635458178,481.44321657668183,59.194453030864054,-5.0194149540967,-5.0,0.3882990819339849,,,,,,,,,,,,,,,,,,,,,,,,,,,,,,,,,,,,0
s9_k5ac_a_s03_pos1_tap3_mc291_cpl0_rp4p87694019521_rn4p8306926344_f12370_f21100_a0_dac1p25,K5AC,A,3,0.05,1,3,291,ac,0.0,0.0,0,1.25,0,4.876940195209088,4.830692634401663,40.0,2370.0,1100.0,,0,1028862.3532738081,1.7287868010842557e-05,10.232929922807742,13.188645724020967,24.680744156589956,0,2473621.9916389273,427.5971467715932,493.2258793273657,65.6287325557725,-4.967005372669881,-5.0,-0.6598925466023808,,,,,,,,,,,,,,,,,,,,,,,,,,,,,,,,,,,,0
s9_k5ac_a_s03_pos1_tap3_mc292_cpl0_rp4p89265193245_rn4p83600217757_f12370_f21100_a0_dac1p25,K5AC,A,3,0.05,1,3,292,ac,0.0,0.0,0,1.25,0,4.8926519324505735,4.836002177568029,40.0,2370.0,1100.0,,0,994002.4536524724,1.6936742088313645e-05,8.776742025360223,13.156103589697196,24.537848515556604,0,2473621.9916389273,432.77144049771664,478.54560297579445,45.77416247807781,-4.974118711328023,-5.0,-0.5176257734395451,,,,,,,,,,,,,,,,,,,,,,,,,,,,,,,,,,,,0
s9_k5ac_a_s03_pos1_tap3_mc293_cpl0_rp4p92492418595_rn4p89121378688_f12370_f21100_a0_dac1p25,K5AC,A,3,0.05,1,3,293,ac,0.0,0.0,0,1.25,0,4.924924185946928,4.891213786876586,40.0,2370.0,1100.0,,0,985814.93859199,0.0026343751438673655,7882.548774020808,13.692941392948299,25.191607723791687,0,2473621.9916389273,440.2601737505882,490.58747778228,50.327304031691824,-4.964812251595082,-5.0,-0.7037549680983579,,,,,,,,,,,,,,,,,,,,,,,,,,,,,,,,,,,,0
s9_k5ac_a_s03_pos1_tap3_mc294_cpl0_rp4p88144653138_rn4p96123606146_f12370_f21100_a0_dac1p25,K5AC,A,3,0.05,1,3,294,ac,0.0,0.0,0,1.25,0,4.881446531383991,4.961236061463274,40.0,2370.0,1100.0,,0,1004998.110242815,1.6910223437450927e-05,8.981178609607111,13.959648352259318,25.762727365099018,0,2473621.9916389273,439.76974685834904,506.563720349449,66.79397349109996,-4.901927176020977,-5.0,-1.961456479580459,,,,,,,,,,,,,,,,,,,,,,,,,,,,,,,,,,,,0
s9_k5ac_a_s03_pos1_tap3_mc295_cpl0_rp4p9067341631_rn4p86006960624_f12370_f21100_a0_dac1p25,K5AC,A,3,0.05,1,3,295,ac,0.0,0.0,0,1.25,0,4.906734163100417,4.860069606237508,40.0,2370.0,1100.0,,0,1004919.0882255286,0.006485562569948215,9261.187281288645,13.887623741204475,25.524632325712783,0,2473621.9916389273,440.587243416969,503.5188231061291,62.93157968916012,-4.8502716868449,-5.0,-2.9945662631019943,,,,,,,,,,,,,,,,,,,,,,,,,,,,,,,,,,,,0
s9_k5ac_a_s03_pos1_tap3_mc296_cpl0_rp4p92067480854_rn4p84523268671_f12370_f21100_a0_dac1p25,K5AC,A,3,0.05,1,3,296,ac,0.0,0.0,0,1.25,0,4.920674808541191,4.845232686707793,40.0,2370.0,1100.0,,0,975791.6061217234,0.0055304955994092695,9050.376921517814,14.22178432664102,25.759255712262146,0,2473621.9916389273,444.49929998519826,500.74837877798967,56.24907879279141,-4.840258307734844,-5.0,-3.1948338453031133,,,,,,,,,,,,,,,,,,,,,,,,,,,,,,,,,,,,0
s9_k5ac_a_s03_pos1_tap3_mc297_cpl0_rp4p87105347092_rn4p98739239032_f12370_f21100_a0_dac1p25,K5AC,A,3,0.05,1,3,297,ac,0.0,0.0,0,1.25,0,4.8710534709176745,4.987392390316434,40.0,2370.0,1100.0,,0,1029658.0585473775,0.0011435909144313513,7025.328989731044,13.069833873810486,24.594454604010178,0,2473621.9916389273,430.6685309359536,489.7743312521339,59.10580031618031,-4.831126814098168,-5.0,-3.377463718036644,,,,,,,,,,,,,,,,,,,,,,,,,,,,,,,,,,,,0
s9_k5ac_a_s03_pos1_tap3_mc298_cpl0_rp4p86118575176_rn4p86699901285_f12370_f21100_a0_dac1p25,K5AC,A,3,0.05,1,3,298,ac,0.0,0.0,0,1.25,0,4.861185751759431,4.866999012846953,40.0,2370.0,1100.0,,0,983398.4849833405,1.7023902029173302e-05,9.404448517263694,13.481017453699836,24.86913864923078,0,2473621.9916389273,436.7694397722395,483.45196641558755,46.68252664334807,-4.799521250025177,-5.0,-4.009574999496457,,,,,,,,,,,,,,,,,,,,,,,,,,,,,,,,,,,,0
s9_k5ac_a_s03_pos1_tap3_mc299_cpl0_rp4p90416621044_rn4p82388538802_f12370_f21100_a0_dac1p25,K5AC,A,3,0.05,1,3,299,ac,0.0,0.0,0,1.25,0,4.90416621044304,4.823885388018154,40.0,2370.0,1100.0,,0,992397.4123286264,1.7026416911201813e-05,9.332543007970086,13.88384618106872,25.532934517045412,0,2473621.9916389273,439.82811825634195,497.13590890112755,57.3077906447856,-4.783164182865195,-5.0,-4.336716342696101,,,,,,,,,,,,,,,,,,,,,,,,,,,,,,,,,,,,0
s9_k5ac_a_s03_pos1_tap3_mc29_cpl0_rp4p85078460467_rn4p80797514988_f12370_f21100_a0_dac1p25,K5AC,A,3,0.05,1,3,29,ac,0.0,0.0,0,1.25,0,4.850784604666872,4.8079751498766194,40.0,2370.0,1100.0,,0,992286.4078622832,1.693760854642471e-05,8.844365191386158,13.459275282300688,25.06886822947121,0,2473621.9916389273,437.01129595142066,486.88190052604256,49.87060457462189,-4.850316519256551,-5.0,-2.9936696148689768,,,,,,,,,,,,,,,,,,,,,,,,,,,,,,,,,,,,0
s9_k5ac_a_s03_pos1_tap3_mc2_cpl0_rp4p98200254129_rn4p81433455753_f12370_f21100_a0_dac1p25,K5AC,A,3,0.05,1,3,2,ac,0.0,0.0,0,1.25,0,4.982002541288809,4.814334557529274,40.0,2370.0,1100.0,,0,1037880.1997861426,0.004290543602829049,9772.372209558862,13.550462140066541,25.27971611643161,0,2473621.9916389273,430.6798951911935,507.581893205806,76.9019980146125,-4.906022490340107,-5.0,-1.8795501931978542,,,,,,,,,,,,,,,,,,,,,,,,,,,,,,,,,,,,0
s9_k5ac_a_s03_pos1_tap3_mc300_cpl0_rp4p81684727174_rn4p82551800787_f12370_f21100_a0_dac1p25,K5AC,A,3,0.05,1,3,300,ac,0.0,0.0,0,1.25,0,4.816847271740415,4.82551800787176,40.0,2370.0,1100.0,,0,1019026.0610018553,1.70252562161511e-05,8.709635899560965,13.452360726452994,25.007349925031903,0,2473621.9916389273,430.26100858415197,496.873476067164,66.61246748301204,-5.004781575654743,-5.0,0.09563151309486262,,,,,,,,,,,,,,,,,,,,,,,,,,,,,,,,,,,,0
s9_k5ac_a_s03_pos1_tap3_mc301_cpl0_rp4p85482141735_rn4p83460072682_f12370_f21100_a0_dac1p25,K5AC,A,3,0.05,1,3,301,ac,0.0,0.0,0,1.25,0,4.854821417348775,4.834600726821064,40.0,2370.0,1100.0,,0,1008672.481105872,1.7142031759130552e-05,9.404448517263694,13.251923822420956,24.649754913489577,0,2473621.9916389273,430.8724959553069,485.2283159460828,54.3558199907759,-4.954365482054552,-5.0,-0.912690358908963,,,,,,,,,,,,,,,,,,,,,,,,,,,,,,,,,,,,0
s9_k5ac_a_s03_pos1_tap3_mc302_cpl0_rp4p8218068001_rn4p96010867454_f12370_f21100_a0_dac1p25,K5AC,A,3,0.05,1,3,302,ac,0.0,0.0,0,1.25,0,4.821806800096206,4.960108674539765,40.0,2370.0,1100.0,,0,1002295.510345093,0.0023960102752799447,7822.279563860615,13.60392989758179,25.196842230691573,0,2473621.9916389273,438.00226797493633,494.4655789142293,56.46331093929297,-5.009601575843845,-5.0,0.19203151687690045,,,,,,,,,,,,,,,,,,,,,,,,,,,,,,,,,,,,0
s9_k5ac_a_s03_pos1_tap3_mc303_cpl0_rp4p85285258319_rn4p96337075079_f12370_f21100_a0_dac1p25,K5AC,A,3,0.05,1,3,303,ac,0.0,0.0,0,1.25,0,4.852852583191121,4.963370750787262,40.0,2370.0,1100.0,,0,1009834.3324697788,0.008721658092606084,10154.68992433159,13.176399462359415,24.73980258899809,0,2473621.9916389273,432.8194165171412,485.10436098393166,52.28494446679048,-4.985619714265015,-5.0,-0.2876057146997013,,,,,,,,,,,,,,,,,,,,,,,,,,,,,,,,,,,,0
s9_k5ac_a_s03_pos1_tap3_mc304_cpl0_rp4p92094634383_rn4p86088210914_f12370_f21100_a0_dac1p25,K5AC,A,3,0.05,1,3,304,ac,0.0,0.0,0,1.25,0,4.9209463438299474,4.860882109135308,40.0,2370.0,1100.0,,0,1011025.8069639938,0.004285493091197298,8844.365191386672,13.114721414246363,24.48481675542356,0,2473621.9916389273,429.62763448901006,482.2859698542876,52.65833536527754,-4.944025469987515,-5.0,-1.1194906002497063,,,,,,,,,,,,,,,,,,,,,,,,,,,,,,,,,,,,0
s9_k5ac_a_s03_pos1_tap3_mc305_cpl0_rp4p97839483225_rn4p8682588316_f12370_f21100_a0_dac1p25,K5AC,A,3,0.05,1,3,305,ac,0.0,0.0,0,1.25,0,4.978394832248415,4.868258831598659,40.0,2370.0,1100.0,,0,993901.904501236,0.0001623280350217579,6261.331052795986,13.524364874837175,24.998713625761507,0,2473621.9916389273,437.76030329628276,489.0890265007624,51.328723204479616,-5.002820870939026,-5.0,0.056417418780507766,,,,,,,,,,,,,,,,,,,,,,,,,,,,,,,,,,,,0
s9_k5ac_a_s03_pos1_tap3_mc306_cpl0_rp4p87490229678_rn4p91103944073_f12370_f21100_a0_dac1p25,K5AC,A,3,0.05,1,3,306,ac,0.0,0.0,0,1.25,0,4.874902296777043,4.911039440734405,40.0,2370.0,1100.0,,0,964029.403291913,0.0015307740267806592,7188.969923658608,14.497826615340202,26.174546124935393,0,2473621.9916389273,449.83661472456845,504.9418282849069,55.10521356033843,-4.913095804836677,-5.0,-1.738083903266463,,,,,,,,,,,,,,,,,,,,,,,,,,,,,,,,,,,,0
s9_k5ac_a_s03_pos1_tap3_mc307_cpl0_rp4p87833686804_rn4p96320569423_f12370_f21100_a0_dac1p25,K5AC,A,3,0.05,1,3,307,ac,0.0,0.0,0,1.25,0,4.878336868035609,4.963205694230483,40.0,2370.0,1100.0,,0,992831.5074199683,1.752620075605442e-05,12.78399719463051,14.106269746921999,25.69429667508108,0,2473621.9916389273,441.18620745083047,503.7127123329266,62.52650488209616,-5.011440325073464,-5.0,0.22880650146928083,,,,,,,,,,,,,,,,,,,,,,,,,,,,,,,,,,,,0
s9_k5ac_a_s03_pos1_tap3_mc308_cpl0_rp4p93235483041_rn4p88495127237_f12370_f21100_a0_dac1p25,K5AC,A,3,0.05,1,3,308,ac,0.0,0.0,0,1.25,0,4.932354830405883,4.884951272365861,40.0,2370.0,1100.0,,0,1014289.7358292061,0.0024476816479704396,8066.156921766744,13.678130862717087,25.285795314469954,0,2473621.9916389273,437.27184892471473,501.03956932158434,63.767720396869606,-4.913483779876157,-5.0,-1.7303244024768683,,,,,,,,,,,,,,,,,,,,,,,,,,,,,,,,,,,,0
s9_k5ac_a_s03_pos1_tap3_mc309_cpl0_rp4p97100834128_rn4p89161582944_f12370_f21100_a0_dac1p25,K5AC,A,3,0.05,1,3,309,ac,0.0,0.0,0,1.25,0,4.9710083412809585,4.891615829444031,40.0,2370.0,1100.0,,0,996681.7604460606,1.6837743701754743e-05,8.576958985909096,13.822051988087205,25.384970586907826,0,2473621.9916389273,433.9154462775809,497.06314411154153,63.14769783396065,-4.952927351908852,-5.0,-0.9414529618229528,,,,,,,,,,,,,,,,,,,,,,,,,,,,,,,,,,,,0
s9_k5ac_a_s03_pos1_tap3_mc30_cpl0_rp4p83594831187_rn4p89289841018_f12370_f21100_a0_dac1p25,K5AC,A,3,0.05,1,3,30,ac,0.0,0.0,0,1.25,0,4.835948311874664,4.892898410183164,40.0,2370.0,1100.0,,0,1041715.937178863,0.0002783889610466244,7244.359600750442,13.214833927042632,24.83908245056168,0,2473621.9916389273,428.24600462163835,498.5329492742193,70.28694465258093,-4.877461123144282,-5.0,-2.450777537114368,,,,,,,,,,,,,,,,,,,,,,,,,,,,,,,,,,,,0
s9_k5ac_a_s03_pos1_tap3_mc310_cpl0_rp4p91915065957_rn4p88698581371_f12370_f21100_a0_dac1p25,K5AC,A,3,0.05,1,3,310,ac,0.0,0.0,0,1.25,0,4.919150659565614,4.8869858137088515,40.0,2370.0,1100.0,,0,1036797.6162650854,1.6930447049959357e-05,8.381723563641772,13.593721732607904,25.213753914313642,0,2473621.9916389273,425.907547132575,507.9022825745186,81.99473544194359,-4.969459834349542,-5.0,-0.6108033130091561,,,,,,,,,,,,,,,,,,,,,,,,,,,,,,,,,,,,0
s9_k5ac_a_s03_pos1_tap3_mc311_cpl0_rp4p97950094251_rn4p81502723685_f12370_f21100_a0_dac1p25,K5AC,A,3,0.05,1,3,311,ac,0.0,0.0,0,1.25,0,4.979500942505569,4.815027236851347,40.0,2370.0,1100.0,,0,1001138.5336844445,0.0031462065247845803,8381.723563642257,13.82918040150522,25.400563651557032,0,2473621.9916389273,438.116099207137,499.69498283524507,61.57888362810809,-4.950880607998199,-5.0,-0.9823878400360142,,,,,,,,,,,,,,,,,,,,,,,,,,,,,,,,,,,,0
s9_k5ac_a_s03_pos1_tap3_mc312_cpl0_rp4p85421677397_rn4p93578066086_f12370_f21100_a0_dac1p25,K5AC,A,3,0.05,1,3,312,ac,0.0,0.0,0,1.25,0,4.854216773966086,4.93578066086069,40.0,2370.0,1100.0,,0,976537.9313245643,0.0005035845428028847,6456.542290347031,13.688958738121224,25.260752222496865,0,2473621.9916389273,443.7157770827149,487.88312669522264,44.167349612507735,-4.862222794369503,-5.0,-2.7555441126099423,,,,,,,,,,,,,,,,,,,,,,,,,,,,,,,,,,,,0
s9_k5ac_a_s03_pos1_tap3_mc313_cpl0_rp4p98338584299_rn4p91619498451_f12370_f21100_a0_dac1p25,K5AC,A,3,0.05,1,3,313,ac,0.0,0.0,0,1.25,0,4.983385842985257,4.916194984507036,40.0,2370.0,1100.0,,0,961846.3091454414,1.6855468945466142e-05,8.709635899560965,14.010524488603759,25.435773180565665,0,2473621.9916389273,442.8969103040768,490.46148575456465,47.56457545048784,-4.9599564404812915,-5.0,-0.800871190374175,,,,,,,,,,,,,,,,,,,,,,,,,,,,,,,,,,,,0
s9_k5ac_a_s03_pos1_tap3_mc314_cpl0_rp4p89178270321_rn4p94014608917_f12370_f21100_a0_dac1p25,K5AC,A,3,0.05,1,3,314,ac,0.0,0.0,0,1.25,0,4.891782703214047,4.940146089174542,40.0,2370.0,1100.0,,0,963598.3714404855,0.0024183391532569885,7703.120057972726,13.857537289373639,25.355790931237102,0,2473621.9916389273,445.03141822355934,487.0836591984599,42.05224097490054,-4.9957517380806165,-5.0,-0.08496523838766867,,,,,,,,,,,,,,,,,,,,,,,,,,,,,,,,,,,,0
s9_k5ac_a_s03_pos1_tap3_mc315_cpl0_rp4p95978440736_rn4p8024986592_f12370_f21100_a0_dac1p25,K5AC,A,3,0.05,1,3,315,ac,0.0,0.0,0,1.25,0,4.959784407358611,4.802498659200176,40.0,2370.0,1100.0,,0,995789.2325408382,0.0055054314569928185,9261.187281288645,13.380970342993601,24.941161560198147,0,2473621.9916389273,437.4858102355146,486.7943550620427,49.308544826528134,-4.973726724581556,-5.0,-0.5254655083688831,,,,,,,,,,,,,,,,,,,,,,,,,,,,,,,,,,,,0
s9_k5ac_a_s03_pos1_tap3_mc316_cpl0_rp4p8583602032_rn4p98732433574_f12370_f21100_a0_dac1p25,K5AC,A,3,0.05,1,3,316,ac,0.0,0.0,0,1.25,0,4.858360203204931,4.987324335735985,40.0,2370.0,1100.0,,0,1011752.5827954451,0.010699459198340396,10077.048141361822,12.881739219536056,24.266906003392073,0,2473621.9916389273,430.4834812985563,477.06645458439147,46.58297328583518,-5.049499672675404,-5.0,0.9899934535080757,,,,,,,,,,,,,,,,,,,,,,,,,,,,,,,,,,,,0
s9_k5ac_a_s03_pos1_tap3_mc317_cpl0_rp4p82552376357_rn4p82055786459_f12370_f21100_a0_dac1p25,K5AC,A,3,0.05,1,3,317,ac,0.0,0.0,0,1.25,0,4.82552376357094,4.820557864589539,40.0,2370.0,1100.0,,0,981882.901899548,1.6996647881671243e-05,8.643042860748515,13.53462228721886,24.99417678786339,0,2473621.9916389273,437.7549724841022,484.8138535221994,47.058881038097184,-5.029746110228767,-5.0,0.5949222045753322,,,,,,,,,,,,,,,,,,,,,,,,,,,,,,,,,,,,0
s9_k5ac_a_s03_pos1_tap3_mc318_cpl0_rp4p84069031269_rn4p98513015361_f12370_f21100_a0_dac1p25,K5AC,A,3,0.05,1,3,318,ac,0.0,0.0,0,1.25,0,4.840690312693934,4.985130153606704,40.0,2370.0,1100.0,,0,1017040.812134175,1.688203393234074e-05,8.709635899560965,13.365186288096076,24.943355203804412,0,2473621.9916389273,429.69675898485093,493.3864821447809,63.68972315993,-5.021525627676539,-5.0,0.4305125535307708,,,,,,,,,,,,,,,,,,,,,,,,,,,,,,,,,,,,0
s9_k5ac_a_s03_pos1_tap3_mc319_cpl0_rp4p96200176157_rn4p84345370776_f12370_f21100_a0_dac1p25,K5AC,A,3,0.05,1,3,319,ac,0.0,0.0,0,1.25,0,4.962001761568163,4.843453707764987,40.0,2370.0,1100.0,,0,1006378.0040761462,0.005825732652023369,9050.376921517814,13.61161884045553,25.22152863691985,0,2473621.9916389273,438.7460991777314,495.65437216572604,56.90827298799462,-4.963559274444335,-5.0,-0.7288145111133071,,,,,,,,,,,,,,,,,,,,,,,,,,,,,,,,,,,,0
s9_k5ac_a_s03_pos1_tap3_mc31_cpl0_rp4p91238377778_rn4p90702706778_f12370_f21100_a0_dac1p25,K5AC,A,3,0.05,1,3,31,ac,0.0,0.0,0,1.25,0,4.91238377777619,4.907027067784478,40.0,2370.0,1100.0,,0,988253.0904822643,1.716126311866979e-05,10.551964788902612,14.02232872444967,25.627779690487166,0,2473621.9916389273,442.71257209401585,499.58647173859407,56.873899644578216,-4.977496572267505,-5.0,-0.45006855464990725,,,,,,,,,,,,,,,,,,,,,,,,,,,,,,,,,,,,0
s9_k5ac_a_s03_pos1_tap3_mc320_cpl0_rp4p94079104441_rn4p85031532654_f12370_f21100_a0_dac1p25,K5AC,A,3,0.05,1,3,320,ac,0.0,0.0,0,1.25,0,4.94079104441064,4.850315326540354,40.0,2370.0,1100.0,,0,994888.5335047458,0.005894984796082863,8776.742025360732,13.47202289380492,24.975534671031603,0,2473621.9916389273,439.0299541873243,487.9420565691944,48.91210238187011,-4.923591797971376,-5.0,-1.5281640405724772,,,,,,,,,,,,,,,,,,,,,,,,,,,,,,,,,,,,0
s9_k5ac_a_s03_pos1_tap3_mc321_cpl0_rp4p84593878108_rn4p95414659732_f12370_f21100_a0_dac1p25,K5AC,A,3,0.05,1,3,321,ac,0.0,0.0,0,1.25,0,4.84593878108377,4.954146597320956,40.0,2370.0,1100.0,,0,1047776.9763773883,1.7121541179367864e-05,9.623506263981069,13.391528204983963,25.093356383108564,0,2473621.9916389273,425.2449313218304,506.70951289665163,81.46458157482124,-5.00014911370137,-5.0,0.002982274027396592,,,,,,,,,,,,,,,,,,,,,,,,,,,,,,,,,,,,0
s9_k5ac_a_s03_pos1_tap3_mc322_cpl0_rp4p88794486298_rn4p92582512111_f12370_f21100_a0_dac1p25,K5AC,A,3,0.05,1,3,322,ac,0.0,0.0,0,1.25,0,4.887944862983555,4.925825121113205,40.0,2370.0,1100.0,,0,986616.3430926746,1.690008628677389e-05,8.709635899560965,13.82594502421038,25.3368914050133,0,2473621.9916389273,439.51189296603104,494.16398592561643,54.65209295958539,-5.052162678363149,-5.0,1.0432535672629806,,,,,,,,,,,,,,,,,,,,,,,,,,,,,,,,,,,,0
s9_k5ac_a_s03_pos1_tap3_mc323_cpl0_rp4p90553250384_rn4p94125211623_f12370_f21100_a0_dac1p25,K5AC,A,3,0.05,1,3,323,ac,0.0,0.0,0,1.25,0,4.905532503835353,4.941252116231823,40.0,2370.0,1100.0,,0,1039626.712804719,0.0039883409857005316,9549.925860215095,13.402255392134249,25.06447776102953,0,2473621.9916389273,429.7679126961376,503.84817835949326,74.08026566335565,-4.959066966370297,-5.0,-0.8186606725940626,,,,,,,,,,,,,,,,,,,,,,,,,,,,,,,,,,,,0
s9_k5ac_a_s03_pos1_tap3_mc324_cpl0_rp4p92711695148_rn4p94017579379_f12370_f21100_a0_dac1p25,K5AC,A,3,0.05,1,3,324,ac,0.0,0.0,0,1.25,0,4.927116951481417,4.940175793790639,40.0,2370.0,1100.0,,0,999546.9377978841,0.009703932281637238,10311.772745931354,13.504246901786273,24.876490035226137,0,2473621.9916389273,434.2324363505517,489.27708485289355,55.04464850234183,-4.995230910135156,-5.0,-0.09538179729687846,,,,,,,,,,,,,,,,,,,,,,,,,,,,,,,,,,,,0
s9_k5ac_a_s03_pos1_tap3_mc325_cpl0_rp4p97719083858_rn4p83856473353_f12370_f21100_a0_dac1p25,K5AC,A,3,0.05,1,3,325,ac,0.0,0.0,0,1.25,0,4.977190838577252,4.83856473352589,40.0,2370.0,1100.0,,0,983109.423016452,1.718639706862429e-05,10.077048141361237,13.376047150111592,24.871597477952896,0,2473621.9916389273,438.33369308809296,480.8453596367892,42.51166654869627,-5.0594773555677595,-5.0,1.1895471113551936,,,,,,,,,,,,,,,,,,,,,,,,,,,,,,,,,,,,0
s9_k5ac_a_s03_pos1_tap3_mc326_cpl0_rp4p80220230232_rn4p9260628808_f12370_f21100_a0_dac1p25,K5AC,A,3,0.05,1,3,326,ac,0.0,0.0,0,1.25,0,4.802202302320365,4.9260628807986935,40.0,2370.0,1100.0,,0,963820.8459006149,0.012479400342436244,10154.68992433159,14.073319182088921,25.6307441459802,0,2473621.9916389273,446.61072302735505,492.48517649439316,45.87445346703811,-5.04121739968387,-5.0,0.8243479936773879,,,,,,,,,,,,,,,,,,,,,,,,,,,,,,,,,,,,0
s9_k5ac_a_s03_pos1_tap3_mc327_cpl0_rp4p98419978995_rn4p98528530742_f12370_f21100_a0_dac1p25,K5AC,A,3,0.05,1,3,327,ac,0.0,0.0,0,1.25,0,4.984199789948746,4.985285307417603,40.0,2370.0,1100.0,,0,1018808.329760985,1.72201996070757e-05,10.391223038351896,14.065823714918235,25.729924143559266,0,2473621.9916389273,433.8900971468003,514.924963499082,81.03486635228165,-4.883792384394053,-5.0,-2.3241523121189323,,,,,,,,,,,,,,,,,,,,,,,,,,,,,,,,,,,,0
s9_k5ac_a_s03_pos1_tap3_mc328_cpl0_rp4p90300382731_rn4p86494179242_f12370_f21100_a0_dac1p25,K5AC,A,3,0.05,1,3,328,ac,0.0,0.0,0,1.25,0,4.903003827305519,4.864941792415385,40.0,2370.0,1100.0,,0,1020987.1651535543,1.6983620564397313e-05,9.120108393559267,13.577272212119423,25.289324003603404,0,2473621.9916389273,434.7237192651836,501.3111573381816,66.587438072998,-4.892041587342744,-5.0,-2.159168253145116,,,,,,,,,,,,,,,,,,,,,,,,,,,,,,,,,,,,0
s9_k5ac_a_s03_pos1_tap3_mc329_cpl0_rp4p99221349543_rn4p95927698213_f12370_f21100_a0_dac1p25,K5AC,A,3,0.05,1,3,329,ac,0.0,0.0,0,1.25,0,4.992213495431391,4.9592769821292695,40.0,2370.0,1100.0,,0,957691.1634704714,0.0008238743300525574,6556.418494180273,14.63719037789066,26.231387716143825,0,2473621.9916389273,452.2152368725569,505.4528418241512,53.237604951594335,-4.959039037623105,-5.0,-0.8192192475378945,,,,,,,,,,,,,,,,,,,,,,,,,,,,,,,,,,,,0
s9_k5ac_a_s03_pos1_tap3_mc32_cpl0_rp4p96050602795_rn4p96200633114_f12370_f21100_a0_dac1p25,K5AC,A,3,0.05,1,3,32,ac,0.0,0.0,0,1.25,0,4.9605060279521584,4.962006331137889,40.0,2370.0,1100.0,,0,1011709.77329155,0.013877845872761602,12022.644346175079,13.902583146335214,25.561154429538572,0,2473621.9916389273,435.01247935480785,505.98305964602565,70.9705802912178,-4.879556345871634,-5.0,-2.408873082567331,,,,,,,,,,,,,,,,,,,,,,,,,,,,,,,,,,,,0
s9_k5ac_a_s03_pos1_tap3_mc330_cpl0_rp4p91558154065_rn4p96510370256_f12370_f21100_a0_dac1p25,K5AC,A,3,0.05,1,3,330,ac,0.0,0.0,0,1.25,0,4.915581540647153,4.965103702564974,40.0,2370.0,1100.0,,0,1040348.138933277,0.0037366334787004487,8912.509381338137,13.226821467288616,24.88316336918747,0,2473621.9916389273,429.2039513773037,498.33416245459324,69.13021107728952,-4.828339738667235,-5.0,-3.4332052266553115,,,,,,,,,,,,,,,,,,,,,,,,,,,,,,,,,,,,0
s9_k5ac_a_s03_pos1_tap3_mc331_cpl0_rp4p97558872925_rn4p83245917806_f12370_f21100_a0_dac1p25,K5AC,A,3,0.05,1,3,331,ac,0.0,0.0,0,1.25,0,4.975588729248402,4.832459178060731,40.0,2370.0,1100.0,,0,997277.2415224616,0.002574088198250724,8066.156921766744,13.73925255722622,25.236097191011876,0,2473621.9916389273,438.50341366715503,496.0295418938301,57.5261282266751,-4.951802268744422,-5.0,-0.9639546251115627,,,,,,,,,,,,,,,,,,,,,,,,,,,,,,,,,,,,0
s9_k5ac_a_s03_pos1_tap3_mc332_cpl0_rp4p90246655749_rn4p86125622139_f12370_f21100_a0_dac1p25,K5AC,A,3,0.05,1,3,332,ac,0.0,0.0,0,1.25,0,4.902466557485988,4.861256221385882,40.0,2370.0,1100.0,,0,956460.2527482385,1.668177528868865e-05,7.88254877402035,13.796264153247138,25.171381429087518,0,2473621.9916389273,440.84598639334075,482.3900508032049,41.54406440986412,-4.8255805035264405,-5.0,-3.4883899294711918,,,,,,,,,,,,,,,,,,,,,,,,,,,,,,,,,,,,0
s9_k5ac_a_s03_pos1_tap3_mc333_cpl0_rp4p82998402142_rn4p83369798188_f12370_f21100_a0_dac1p25,K5AC,A,3,0.05,1,3,333,ac,0.0,0.0,0,1.25,0,4.829984021423327,4.83369798188037,40.0,2370.0,1100.0,,0,1064089.7083299782,0.003732935823792234,9190.3771336333,12.915795898585213,24.570285089973794,0,2473621.9916389273,424.11969145472654,499.76483217521405,75.64514072048752,-4.8845612434124535,-5.0,-2.3087751317509286,,,,,,,,,,,,,,,,,,,,,,,,,,,,,,,,,,,,0
s9_k5ac_a_s03_pos1_tap3_mc334_cpl0_rp4p9407138088_rn4p89653783335_f12370_f21100_a0_dac1p25,K5AC,A,3,0.05,1,3,334,ac,0.0,0.0,0,1.25,0,4.940713808798093,4.896537833346362,40.0,2370.0,1100.0,,0,1036295.2989114517,0.002011773820192132,8254.04185268081,12.798771987986859,24.230698658930777,0,2473621.9916389273,424.2143722208835,483.47381246985253,59.25944024896904,-4.9276144464389,-5.0,-1.447711071221991,,,,,,,,,,,,,,,,,,,,,,,,,,,,,,,,,,,,0
s9_k5ac_a_s03_pos1_tap3_mc335_cpl0_rp4p90257119724_rn4p88311731641_f12370_f21100_a0_dac1p25,K5AC,A,3,0.05,1,3,335,ac,0.0,0.0,0,1.25,0,4.902571197242816,4.883117316405052,40.0,2370.0,1100.0,,0,966176.6310234785,0.008117794062168216,8844.365191386672,13.386134914478362,24.72445825650198,0,2473621.9916389273,441.7824752404767,474.2899280704458,32.50745282996911,-4.994388765860495,-5.0,-0.11222468279010744,,,,,,,,,,,,,,,,,,,,,,,,,,,,,,,,,,,,0
s9_k5ac_a_s03_pos1_tap3_mc336_cpl0_rp4p81947198874_rn4p819389373_f12370_f21100_a0_dac1p25,K5AC,A,3,0.05,1,3,336,ac,0.0,0.0,0,1.25,0,4.819471988738018,4.819389372999971,40.0,2370.0,1100.0,,0,1032252.3375061104,1.7029084249245847e-05,8.844365191386158,13.754606580454665,25.418498455734166,0,2473621.9916389273,428.3894828572242,510.88829305940266,82.49881020217845,-4.9935037203495805,-5.0,-0.12992559300839535,,,,,,,,,,,,,,,,,,,,,,,,,,,,,,,,,,,,0
s9_k5ac_a_s03_pos1_tap3_mc337_cpl0_rp4p95491820271_rn4p96581853132_f12370_f21100_a0_dac1p25,K5AC,A,3,0.05,1,3,337,ac,0.0,0.0,0,1.25,0,4.954918202712485,4.96581853132089,40.0,2370.0,1100.0,,0,1002837.736020116,0.007760230763679405,10077.048141361822,14.02026461281187,25.73420116472871,0,2473621.9916389273,439.68325677437406,506.559508676939,66.87625190256495,-4.865606489220275,-5.0,-2.6878702155945122,,,,,,,,,,,,,,,,,,,,,,,,,,,,,,,,,,,,0
s9_k5ac_a_s03_pos1_tap3_mc338_cpl0_rp4p9956170884_rn4p81202203629_f12370_f21100_a0_dac1p25,K5AC,A,3,0.05,1,3,338,ac,0.0,0.0,0,1.25,0,4.99561708840307,4.81202203629184,40.0,2370.0,1100.0,,0,1021635.6653843585,1.7068969647940923e-05,9.404448517263694,13.915800043779816,25.535770183670405,0,2473621.9916389273,431.13595833916065,510.74315385107855,79.6071955119179,-5.034417390166369,-5.0,0.6883478033273827,,,,,,,,,,,,,,,,,,,,,,,,,,,,,,,,,,,,0
s9_k5ac_a_s03_pos1_tap3_mc339_cpl0_rp4p95748339794_rn4p95452081035_f12370_f21100_a0_dac1p25,K5AC,A,3,0.05,1,3,339,ac,0.0,0.0,0,1.25,0,4.957483397936279,4.954520810347603,40.0,2370.0,1100.0,,0,1010223.1890632175,0.01103061873619533,10391.2230383525,13.24719597241983,24.812172807954727,0,2473621.9916389273,433.5938208486004,487.0135795096114,53.41975866101103,-4.926651477446006,-5.0,-1.4669704510798853,,,,,,,,,,,,,,,,,,,,,,,,,,,,,,,,,,,,0
s9_k5ac_a_s03_pos1_tap3_mc33_cpl0_rp4p95988642499_rn4p935069326_f12370_f21100_a0_dac1p25,K5AC,A,3,0.05,1,3,33,ac,0.0,0.0,0,1.25,0,4.95988642498907,4.935069325999115,40.0,2370.0,1100.0,,0,1014186.3382537056,0.008139723532838207,10471.28548050981,13.855005439621992,25.424197676374277,0,2473621.9916389273,435.8500507789173,506.5526574907709,70.7026067118536,-4.815968733874471,-5.0,-3.680625322510578,,,,,,,,,,,,,,,,,,,,,,,,,,,,,,,,,,,,0
s9_k5ac_a_s03_pos1_tap3_mc340_cpl0_rp4p90220318843_rn4p92986892134_f12370_f21100_a0_dac1p25,K5AC,A,3,0.05,1,3,340,ac,0.0,0.0,0,1.25,0,4.902203188428109,4.929868921336512,40.0,2370.0,1100.0,,0,1038995.9034908538,1.6788868932023695e-05,8.190932242153117,12.750165568235584,24.176819151150095,0,2473621.9916389273,420.06165303087874,484.02321150287116,63.96155847199242,-4.919926603048189,-5.0,-1.6014679390362163,,,,,,,,,,,,,,,,,,,,,,,,,,,,,,,,,,,,0
s9_k5ac_a_s03_pos1_tap3_mc341_cpl0_rp4p90534040307_rn4p81497340489_f12370_f21100_a0_dac1p25,K5AC,A,3,0.05,1,3,341,ac,0.0,0.0,0,1.25,0,4.905340403071286,4.814973404890863,40.0,2370.0,1100.0,,0,1021428.8047941151,1.7075090999587607e-05,9.261187281288109,13.265670379244694,24.759696794342332,0,2473621.9916389273,427.27282500813754,492.7986900779193,65.52586506978173,-4.911289031407074,-5.0,-1.7742193718585098,,,,,,,,,,,,,,,,,,,,,,,,,,,,,,,,,,,,0
s9_k5ac_a_s03_pos1_tap3_mc342_cpl0_rp4p98656084792_rn4p90291156487_f12370_f21100_a0_dac1p25,K5AC,A,3,0.05,1,3,342,ac,0.0,0.0,0,1.25,0,4.986560847916738,4.902911564867305,40.0,2370.0,1100.0,,0,984397.562982522,1.6957707363566918e-05,9.05037692151729,13.637633041305715,25.07634585019973,0,2473621.9916389273,437.5638409177991,488.98412582400533,51.420284906206234,-4.93105458834184,-5.0,-1.3789082331632008,,,,,,,,,,,,,,,,,,,,,,,,,,,,,,,,,,,,0
s9_k5ac_a_s03_pos1_tap3_mc343_cpl0_rp4p99656131957_rn4p97065165292_f12370_f21100_a0_dac1p25,K5AC,A,3,0.05,1,3,343,ac,0.0,0.0,0,1.25,0,4.996561319573822,4.970651652916327,40.0,2370.0,1100.0,,0,980209.1610815374,1.7220073102992126e-05,10.232929922807742,13.709938993739968,25.234920545470022,0,2473621.9916389273,440.37333063549204,488.66153554339957,48.28820490790753,-4.919027224243549,-5.0,-1.6194555151290202,,,,,,,,,,,,,,,,,,,,,,,,,,,,,,,,,,,,0
s9_k5ac_a_s03_pos1_tap3_mc344_cpl0_rp4p8299055002_rn4p9577330151_f12370_f21100_a0_dac1p25,K5AC,A,3,0.05,1,3,344,ac,0.0,0.0,0,1.25,0,4.829905500199244,4.9577330150973475,40.0,2370.0,1100.0,,0,994688.2731514899,0.005442006193264186,9050.376921517814,13.814473002832294,25.438574328656642,0,2473621.9916389273,440.25504780935853,497.41379634073866,57.15874853138013,-4.917682599143619,-5.0,-1.646348017127619,,,,,,,,,,,,,,,,,,,,,,,,,,,,,,,,,,,,0
s9_k5ac_a_s03_pos1_tap3_mc345_cpl0_rp4p91178804964_rn4p95803916_f12370_f21100_a0_dac1p25,K5AC,A,3,0.05,1,3,345,ac,0.0,0.0,0,1.25,0,4.911788049635343,4.958039159999634,40.0,2370.0,1100.0,,0,988506.2120709704,1.696365667382202e-05,8.643042860748515,13.290862719270544,24.730255879260167,0,2473621.9916389273,435.63795225440987,480.32402668456143,44.686074430151564,-4.833722036678985,-5.0,-3.325559266420297,,,,,,,,,,,,,,,,,,,,,,,,,,,,,,,,,,,,0
s9_k5ac_a_s03_pos1_tap3_mc346_cpl0_rp4p95091706066_rn4p83074072944_f12370_f21100_a0_dac1p25,K5AC,A,3,0.05,1,3,346,ac,0.0,0.0,0,1.25,0,4.950917060659432,4.830740729440689,40.0,2370.0,1100.0,,0,996566.2810257598,0.004569290309327172,8511.380382024412,13.966197536201193,25.66396160114014,0,2473621.9916389273,442.36583085770656,501.9247459383267,59.558915080620125,-4.907498771573777,-5.0,-1.8500245685244665,,,,,,,,,,,,,,,,,,,,,,,,,,,,,,,,,,,,0
s9_k5ac_a_s03_pos1_tap3_mc347_cpl0_rp4p81050197929_rn4p99799788589_f12370_f21100_a0_dac1p25,K5AC,A,3,0.05,1,3,347,ac,0.0,0.0,0,1.25,0,4.810501979291309,4.997997885892762,40.0,2370.0,1100.0,,0,958995.5451030039,1.6905525733056747e-05,8.776742025360223,13.55216756726103,24.951280022046966,0,2473621.9916389273,442.1527347790548,477.0453106074752,34.89257582842038,-5.004309919354088,-5.0,0.08619838708177063,,,,,,,,,,,,,,,,,,,,,,,,,,,,,,,,,,,,0
s9_k5ac_a_s03_pos1_tap3_mc348_cpl0_rp4p90435188009_rn4p95296849483_f12370_f21100_a0_dac1p25,K5AC,A,3,0.05,1,3,348,ac,0.0,0.0,0,1.25,0,4.904351880087993,4.952968494829702,40.0,2370.0,1100.0,,0,987680.0841290869,0.005163901258777421,8643.042860749016,13.924287077286165,25.37680105005144,0,2473621.9916389273,439.7347413019528,495.9685298624088,56.23378856045599,-4.932165871529907,-5.0,-1.356682569401857,,,,,,,,,,,,,,,,,,,,,,,,,,,,,,,,,,,,0
s9_k5ac_a_s03_pos1_tap3_mc349_cpl0_rp4p80775995127_rn4p94290003584_f12370_f21100_a0_dac1p25,K5AC,A,3,0.05,1,3,349,ac,0.0,0.0,0,1.25,0,4.807759951268537,4.942900035838714,40.0,2370.0,1100.0,,0,1014123.9348803775,0.005740661804933587,9923.540961321773,13.485348832575955,24.94242106953008,0,2473621.9916389273,430.66433049821285,494.91037424206326,64.24604374385041,-4.877956308584326,-5.0,-2.4408738283134723,,,,,,,,,,,,,,,,,,,,,,,,,,,,,,,,,,,,0
s9_k5ac_a_s03_pos1_tap3_mc34_cpl0_rp4p94041079688_rn4p86686414758_f12370_f21100_a0_dac1p25,K5AC,A,3,0.05,1,3,34,ac,0.0,0.0,0,1.25,0,4.940410796875379,4.86686414757738,40.0,2370.0,1100.0,,0,1017427.2583013227,0.0009498673142691789,6971.613999635192,13.16060711553108,24.698563376228282,0,2473621.9916389273,432.72525630669645,487.4118320090632,54.686575702366724,-4.932905120452369,-5.0,-1.3418975909526232,,,,,,,,,,,,,,,,,,,,,,,,,,,,,,,,,,,,0
s9_k5ac_a_s03_pos1_tap3_mc350_cpl0_rp4p9821021453_rn4p83073120294_f12370_f21100_a0_dac1p25,K5AC,A,3,0.05,1,3,350,ac,0.0,0.0,0,1.25,0,4.9821021453014485,4.830731202937128,40.0,2370.0,1100.0,,0,978773.6753065687,0.007255552638348491,9190.3771336333,13.422896904386917,24.884630761332083,0,2473621.9916389273,440.51934997978594,480.7891749187576,40.26982493897168,-4.942443130496904,-5.0,-1.1511373900619182,,,,,,,,,,,,,,,,,,,,,,,,,,,,,,,,,,,,0
s9_k5ac_a_s03_pos1_tap3_mc351_cpl0_rp4p95947545201_rn4p92850750481_f12370_f21100_a0_dac1p25,K5AC,A,3,0.05,1,3,351,ac,0.0,0.0,0,1.25,0,4.959475452006212,4.928507504812834,40.0,2370.0,1100.0,,0,999460.233647312,1.71353766417594e-05,9.697653591082679,13.581745937188545,25.235766123771885,0,2473621.9916389273,438.3640791376722,493.24381909058934,54.879739952917134,-5.003517463759487,-5.0,0.07034927518974055,,,,,,,,,,,,,,,,,,,,,,,,,,,,,,,,,,,,0
s9_k5ac_a_s03_pos1_tap3_mc352_cpl0_rp4p86151125407_rn4p80872221969_f12370_f21100_a0_dac1p25,K5AC,A,3,0.05,1,3,352,ac,0.0,0.0,0,1.25,0,4.861511254074463,4.808722219690718,40.0,2370.0,1100.0,,0,1029141.3567509067,1.7390857319076006e-05,12.02264434617438,12.856093667089038,24.277085411583478,0,2473621.9916389273,426.95710641927826,483.2134942816142,56.25638786233594,-4.93252886643931,-5.0,-1.3494226712137958,,,,,,,,,,,,,,,,,,,,,,,,,,,,,,,,,,,,0
s9_k5ac_a_s03_pos1_tap3_mc353_cpl0_rp4p95643416182_rn4p82999746377_f12370_f21100_a0_dac1p25,K5AC,A,3,0.05,1,3,353,ac,0.0,0.0,0,1.25,0,4.956434161817279,4.8299974637653555,40.0,2370.0,1100.0,,0,1001842.0683115093,0.011013856353848783,10551.964788903226,13.386606510218446,24.91141979937698,0,2473621.9916389273,434.82176752013703,487.9725880400091,53.15082051987207,-4.959792712619651,-5.0,-0.804145747606988,,,,,,,,,,,,,,,,,,,,,,,,,,,,,,,,,,,,0
s9_k5ac_a_s03_pos1_tap3_mc354_cpl0_rp4p84962509036_rn4p80721882217_f12370_f21100_a0_dac1p25,K5AC,A,3,0.05,1,3,354,ac,0.0,0.0,0,1.25,0,4.8496250903626885,4.807218822168093,40.0,2370.0,1100.0,,0,1018781.4327452744,0.001993147223896298,7762.471166287502,12.883330379797428,24.387122923413163,0,2473621.9916389273,429.97808442414055,481.1893620188599,51.21127759471938,-4.861636889140125,-5.0,-2.767262217197497,,,,,,,,,,,,,,,,,,,,,,,,,,,,,,,,,,,,0
s9_k5ac_a_s03_pos1_tap3_mc355_cpl0_rp4p94433603634_rn4p87460786106_f12370_f21100_a0_dac1p25,K5AC,A,3,0.05,1,3,355,ac,0.0,0.0,0,1.25,0,4.944336036342694,4.8746078610627555,40.0,2370.0,1100.0,,0,1014131.7863597748,0.003617605861603238,8981.178609607632,13.603689554845198,25.12149165753885,0,2473621.9916389273,432.94090570618425,498.79993138102515,65.8590256748409,-4.930595339501916,-5.0,-1.3880932099616827,,,,,,,,,,,,,,,,,,,,,,,,,,,,,,,,,,,,0
s9_k5ac_a_s03_pos1_tap3_mc356_cpl0_rp4p83543496854_rn4p92643634125_f12370_f21100_a0_dac1p25,K5AC,A,3,0.05,1,3,356,ac,0.0,0.0,0,1.25,0,4.835434968537871,4.926436341247537,40.0,2370.0,1100.0,,0,994132.9081457026,0.00294185087599761,7943.282347243415,13.538567259750378,25.121760345456526,0,2473621.9916389273,438.9753274276114,489.3866172196568,50.41128979204541,-4.8709659930957745,-5.0,-2.5806801380845124,,,,,,,,,,,,,,,,,,,,,,,,,,,,,,,,,,,,0
s9_k5ac_a_s03_pos1_tap3_mc357_cpl0_rp4p85171281517_rn4p97429835531_f12370_f21100_a0_dac1p25,K5AC,A,3,0.05,1,3,357,ac,0.0,0.0,0,1.25,0,4.851712815170218,4.974298355305494,40.0,2370.0,1100.0,,0,1013367.5475209666,0.0031341499229276914,8912.509381338137,13.461316793166258,24.8535459639517,0,2473621.9916389273,431.00994673891773,494.00583206207295,62.99588532315522,-4.963998045414826,-5.0,-0.7200390917034838,,,,,,,,,,,,,,,,,,,,,,,,,,,,,,,,,,,,0
s9_k5ac_a_s03_pos1_tap3_mc358_cpl0_rp4p95073484148_rn4p83316653686_f12370_f21100_a0_dac1p25,K5AC,A,3,0.05,1,3,358,ac,0.0,0.0,0,1.25,0,4.950734841476744,4.83316653685868,40.0,2370.0,1100.0,,0,998964.713347594,1.7222186067573284e-05,10.880946292622482,13.826989488431051,25.408403073964468,0,2473621.9916389273,438.5425134444988,498.6633547849008,60.12084134040197,-4.838409099103368,-5.0,-3.2318180179326417,,,,,,,,,,,,,,,,,,,,,,,,,,,,,,,,,,,,0
s9_k5ac_a_s03_pos1_tap3_mc359_cpl0_rp4p93716222101_rn4p91789299485_f12370_f21100_a0_dac1p25,K5AC,A,3,0.05,1,3,359,ac,0.0,0.0,0,1.25,0,4.937162221005011,4.9178929948462615,40.0,2370.0,1100.0,,0,970007.9815420354,0.003960265924083445,7822.279563860615,13.519464207036535,24.900629151285244,0,2473621.9916389273,441.945370921416,479.10338665565814,37.158015734242156,-4.91426117248582,-5.0,-1.7147765502836032,,,,,,,,,,,,,,,,,,,,,,,,,,,,,,,,,,,,0
s9_k5ac_a_s03_pos1_tap3_mc35_cpl0_rp4p95208791014_rn4p99208304511_f12370_f21100_a0_dac1p25,K5AC,A,3,0.05,1,3,35,ac,0.0,0.0,0,1.25,0,4.952087910136527,4.992083045111767,40.0,2370.0,1100.0,,0,1062368.667365786,0.002164648368627688,9261.187281288645,13.113408293389208,24.836137489495364,0,2473621.9916389273,423.51514113877704,503.90037090859255,80.38522976981551,-4.878493657359371,-5.0,-2.4301268528125752,,,,,,,,,,,,,,,,,,,,,,,,,,,,,,,,,,,,0
s9_k5ac_a_s03_pos1_tap3_mc360_cpl0_rp4p82135856404_rn4p87489965256_f12370_f21100_a0_dac1p25,K5AC,A,3,0.05,1,3,360,ac,0.0,0.0,0,1.25,0,4.821358564040581,4.874899652559036,40.0,2370.0,1100.0,,0,1043455.9364952592,1.6928355319756658e-05,9.05037692151729,13.29175688342053,25.004154510678312,0,2473621.9916389273,428.183271110761,502.5456262222322,74.36235511147123,-4.993755952138261,-5.0,-0.12488095723478532,,,,,,,,,,,,,,,,,,,,,,,,,,,,,,,,,,,,0
s9_k5ac_a_s03_pos1_tap3_mc361_cpl0_rp4p86248091917_rn4p82293002995_f12370_f21100_a0_dac1p25,K5AC,A,3,0.05,1,3,361,ac,0.0,0.0,0,1.25,0,4.862480919167026,4.822930029950884,40.0,2370.0,1100.0,,0,985750.6724194714,0.003894914037097086,8511.380382024412,14.241112505990097,25.833749444681672,0,2473621.9916389273,443.16239200103274,505.84751045794167,62.685118456908924,-5.059155703425369,-5.0,1.1831140685073738,,,,,,,,,,,,,,,,,,,,,,,,,,,,,,,,,,,,0
s9_k5ac_a_s03_pos1_tap3_mc362_cpl0_rp4p9542069252_rn4p96607958157_f12370_f21100_a0_dac1p25,K5AC,A,3,0.05,1,3,362,ac,0.0,0.0,0,1.25,0,4.954206925200493,4.966079581566705,40.0,2370.0,1100.0,,0,947894.908349468,1.6786339295744683e-05,8.066156921766275,14.207738676825935,25.67511831783436,0,2473621.9916389273,444.1890140158625,490.12822811071067,45.93921409484818,-4.9186038454161,-5.0,-1.6279230916780074,,,,,,,,,,,,,,,,,,,,,,,,,,,,,,,,,,,,0
s9_k5ac_a_s03_pos1_tap3_mc363_cpl0_rp4p90238655191_rn4p98796905454_f12370_f21100_a0_dac1p25,K5AC,A,3,0.05,1,3,363,ac,0.0,0.0,0,1.25,0,4.902386551911495,4.987969054540464,40.0,2370.0,1100.0,,0,1001861.2282032383,0.009889799915458353,10633.265716372442,13.468278866775702,25.001845407127654,0,2473621.9916389273,434.73763832726706,490.5022304125081,55.76459208524102,-5.035131941260811,-5.0,0.7026388252162175,,,,,,,,,,,,,,,,,,,,,,,,,,,,,,,,,,,,0
s9_k5ac_a_s03_pos1_tap3_mc364_cpl0_rp4p93064728425_rn4p90218938398_f12370_f21100_a0_dac1p25,K5AC,A,3,0.05,1,3,364,ac,0.0,0.0,0,1.25,0,4.930647284245638,4.902189383984671,40.0,2370.0,1100.0,,0,1009018.2204749595,0.0021546933123420186,8446.303185840326,13.870616223295848,25.534020220345354,0,2473621.9916389273,437.31229744706746,504.6482734220192,67.33597597495174,-4.8894498270745474,-5.0,-2.211003458509053,,,,,,,,,,,,,,,,,,,,,,,,,,,,,,,,,,,,0
s9_k5ac_a_s03_pos1_tap3_mc365_cpl0_rp4p89352669764_rn4p99713850694_f12370_f21100_a0_dac1p25,K5AC,A,3,0.05,1,3,365,ac,0.0,0.0,0,1.25,0,4.893526697639626,4.9971385069410745,40.0,2370.0,1100.0,,0,1017523.9175263832,0.003993335135621158,8981.178609607632,13.800245353189807,25.432288982722472,0,2473621.9916389273,435.74075769185845,505.8638335040131,70.12307581215464,-4.9378171101935315,-5.0,-1.2436577961293716,,,,,,,,,,,,,,,,,,,,,,,,,,,,,,,,,,,,0
s9_k5ac_a_s03_pos1_tap3_mc366_cpl0_rp4p92708777645_rn4p95060794107_f12370_f21100_a0_dac1p25,K5AC,A,3,0.05,1,3,366,ac,0.0,0.0,0,1.25,0,4.927087776453835,4.950607941074332,40.0,2370.0,1100.0,,0,932229.2509073293,0.006686038697055889,8576.958985909594,14.414400473029895,25.83078750868872,0,2473621.9916389273,454.58535870843747,490.18543557487936,35.600076866441896,-4.797406023684299,-5.0,-4.051879526314028,,,,,,,,,,,,,,,,,,,,,,,,,,,,,,,,,,,,0
s9_k5ac_a_s03_pos1_tap3_mc367_cpl0_rp4p9587155105_rn4p84268748339_f12370_f21100_a0_dac1p25,K5AC,A,3,0.05,1,3,367,ac,0.0,0.0,0,1.25,0,4.958715510498481,4.842687483386079,40.0,2370.0,1100.0,,0,1049350.3402610398,1.7160406247905767e-05,9.772372209558293,12.92116810433624,24.52689035094844,0,2473621.9916389273,423.56777361397815,493.12149576181395,69.5537221478358,-5.03583565729996,-5.0,0.7167131459991927,,,,,,,,,,,,,,,,,,,,,,,,,,,,,,,,,,,,0
s9_k5ac_a_s03_pos1_tap3_mc368_cpl0_rp4p810449634_rn4p86473871651_f12370_f21100_a0_dac1p25,K5AC,A,3,0.05,1,3,368,ac,0.0,0.0,0,1.25,0,4.810449634000735,4.864738716514117,40.0,2370.0,1100.0,,0,962857.8367099199,0.0037367101202495454,7943.282347243415,14.193169038051586,25.764236415120894,0,2473621.9916389273,448.1593936534476,495.25416937950064,47.09477572605306,-4.92232350313917,-5.0,-1.5535299372166023,,,,,,,,,,,,,,,,,,,,,,,,,,,,,,,,,,,,0
s9_k5ac_a_s03_pos1_tap3_mc369_cpl0_rp4p83780655351_rn4p96173884227_f12370_f21100_a0_dac1p25,K5AC,A,3,0.05,1,3,369,ac,0.0,0.0,0,1.25,0,4.8378065535060415,4.961738842269194,40.0,2370.0,1100.0,,0,1040058.0874095621,1.7165370929550912e-05,10.715193052376279,12.959916973017934,24.5126673411105,0,2473621.9916389273,425.35823765533013,491.06314604756403,65.7049083922339,-4.920091568821226,-5.0,-1.59816862357548,,,,,,,,,,,,,,,,,,,,,,,,,,,,,,,,,,,,0
s9_k5ac_a_s03_pos1_tap3_mc36_cpl0_rp4p89051213336_rn4p91102046899_f12370_f21100_a0_dac1p25,K5AC,A,3,0.05,1,3,36,ac,0.0,0.0,0,1.25,0,4.890512133363556,4.911020468986035,40.0,2370.0,1100.0,,0,980649.8815111431,0.004981804865469598,8446.303185840326,13.637512825514982,25.02613204909541,0,2473621.9916389273,440.79897413597246,486.5679191849707,45.76894504899826,-5.114780901040399,-5.0,2.295618020807977,,,,,,,,,,,,,,,,,,,,,,,,,,,,,,,,,,,,0
s9_k5ac_a_s03_pos1_tap3_mc370_cpl0_rp4p87013601696_rn4p83252297655_f12370_f21100_a0_dac1p25,K5AC,A,3,0.05,1,3,370,ac,0.0,0.0,0,1.25,0,4.870136016964239,4.832522976546414,40.0,2370.0,1100.0,,0,982039.222887625,1.6686558461383006e-05,7.9432823472429535,14.23285124465941,25.825744167205556,0,2473621.9916389273,442.0924186589008,504.3085559566104,62.21613729770962,-5.066475891819103,-5.0,1.3295178363820437,,,,,,,,,,,,,,,,,,,,,,,,,,,,,,,,,,,,0
s9_k5ac_a_s03_pos1_tap3_mc371_cpl0_rp4p86654325462_rn4p88635229818_f12370_f21100_a0_dac1p25,K5AC,A,3,0.05,1,3,371,ac,0.0,0.0,0,1.25,0,4.8665432546165865,4.886352298180757,40.0,2370.0,1100.0,,0,1021226.2575457807,1.7307670001985576e-05,11.13439609062384,13.329205089602524,24.94223370171636,0,2473621.9916389273,430.93000596638313,494.2138741400082,63.28386817362508,-4.9064643817530795,-5.0,-1.8707123649384094,,,,,,,,,,,,,,,,,,,,,,,,,,,,,,,,,,,,0
s9_k5ac_a_s03_pos1_tap3_mc372_cpl0_rp4p86454746998_rn4p81397610298_f12370_f21100_a0_dac1p25,K5AC,A,3,0.05,1,3,372,ac,0.0,0.0,0,1.25,0,4.864547469978217,4.813976102978372,40.0,2370.0,1100.0,,0,1008423.0050326426,0.0012223309548931311,7188.969923658608,12.991291219357453,24.368667015384005,0,2473621.9916389273,431.0779229886553,477.83397819559275,46.75605520693745,-4.834440608634945,-5.0,-3.3111878273010986,,,,,,,,,,,,,,,,,,,,,,,,,,,,,,,,,,,,0
s9_k5ac_a_s03_pos1_tap3_mc373_cpl0_rp4p82021042013_rn4p87152732858_f12370_f21100_a0_dac1p25,K5AC,A,3,0.05,1,3,373,ac,0.0,0.0,0,1.25,0,4.820210420133134,4.87152732857917,40.0,2370.0,1100.0,,0,1031020.1055613094,1.692464045022521e-05,8.844365191386158,13.447059575832743,25.08920292292843,0,2473621.9916389273,426.6383508977345,502.3761681030106,75.73781720527614,-5.014422452237839,-5.0,0.2884490447567778,,,,,,,,,,,,,,,,,,,,,,,,,,,,,,,,,,,,0
s9_k5ac_a_s03_pos1_tap3_mc374_cpl0_rp4p96597706609_rn4p9266079295_f12370_f21100_a0_dac1p25,K5AC,A,3,0.05,1,3,374,ac,0.0,0.0,0,1.25,0,4.9659770660885005,4.926607929503884,40.0,2370.0,1100.0,,0,1034949.5964397157,1.715251904070767e-05,10.154689924331,13.0831118082912,24.605541511452703,0,2473621.9916389273,427.23262683348753,491.5277454512645,64.29511861777695,-4.936255479224383,-5.0,-1.274890415512342,,,,,,,,,,,,,,,,,,,,,,,,,,,,,,,,,,,,0
s9_k5ac_a_s03_pos1_tap3_mc375_cpl0_rp4p96166779053_rn4p84369760712_f12370_f21100_a0_dac1p25,K5AC,A,3,0.05,1,3,375,ac,0.0,0.0,0,1.25,0,4.961667790527332,4.843697607124357,40.0,2370.0,1100.0,,0,973808.600741513,0.0060507922923572505,9261.187281288645,14.091486497568596,25.646961914722294,0,2473621.9916389273,443.70905332184395,496.6338315700778,52.92477824823385,-5.029110417977499,-5.0,0.582208359549985,,,,,,,,,,,,,,,,,,,,,,,,,,,,,,,,,,,,0
s9_k5ac_a_s03_pos1_tap3_mc376_cpl0_rp4p81682870265_rn4p98341790765_f12370_f21100_a0_dac1p25,K5AC,A,3,0.05,1,3,376,ac,0.0,0.0,0,1.25,0,4.816828702649654,4.983417907650963,40.0,2370.0,1100.0,,0,916022.7879859285,1.749505458267034e-05,13.2841366171068,14.62409849301063,26.04285844495666,0,2473621.9916389273,459.19076242816914,490.4999465832417,31.309184155072558,-4.9018146608568856,-5.0,-1.9637067828622845,,,,,,,,,,,,,,,,,,,,,,,,,,,,,,,,,,,,0
s9_k5ac_a_s03_pos1_tap3_mc377_cpl0_rp4p97531267993_rn4p96638275321_f12370_f21100_a0_dac1p25,K5AC,A,3,0.05,1,3,377,ac,0.0,0.0,0,1.25,0,4.975312679925663,4.96638275321214,40.0,2370.0,1100.0,,0,984554.7203814273,0.00808642434685157,9623.506263981628,14.00414144311031,25.558234865350283,0,2473621.9916389273,442.24944489943545,498.4606740923459,56.21122919291048,-5.062546204750666,-5.0,1.2509240950133282,,,,,,,,,,,,,,,,,,,,,,,,,,,,,,,,,,,,0
s9_k5ac_a_s03_pos1_tap3_mc378_cpl0_rp4p98102116802_rn4p95759466643_f12370_f21100_a0_dac1p25,K5AC,A,3,0.05,1,3,378,ac,0.0,0.0,0,1.25,0,4.981021168023387,4.957594666434592,40.0,2370.0,1100.0,,0,1027372.1253866873,1.693876847581262e-05,9.261187281288109,13.242249241857367,24.78545521019726,0,2473621.9916389273,428.99246276975265,493.52775231614646,64.53528954639381,-4.87355288005002,-5.0,-2.528942398999612,,,,,,,,,,,,,,,,,,,,,,,,,,,,,,,,,,,,0
s9_k5ac_a_s03_pos1_tap3_mc379_cpl0_rp4p85025387931_rn4p81333884203_f12370_f21100_a0_dac1p25,K5AC,A,3,0.05,1,3,379,ac,0.0,0.0,0,1.25,0,4.8502538793082275,4.813338842027529,40.0,2370.0,1100.0,,0,1021067.4128906297,1.702911166502197e-05,8.981178609607111,13.624806425028437,25.145612032516404,0,2473621.9916389273,430.250320673526,502.3594673048235,72.1091466312975,-4.9826173798486675,-5.0,-0.3476524030266548,,,,,,,,,,,,,,,,,,,,,,,,,,,,,,,,,,,,0
s9_k5ac_a_s03_pos1_tap3_mc37_cpl0_rp4p91353117255_rn4p90618399729_f12370_f21100_a0_dac1p25,K5AC,A,3,0.05,1,3,37,ac,0.0,0.0,0,1.25,0,4.913531172554432,4.9061839972879255,40.0,2370.0,1100.0,,0,969949.739875814,0.002558238900727267,7413.10241300973,13.639770004272183,25.095208357569778,0,2473621.9916389273,442.21634233263234,482.941921599258,40.72557926662569,-4.868836309965322,-5.0,-2.6232738006935596,,,,,,,,,,,,,,,,,,,,,,,,,,,,,,,,,,,,0
s9_k5ac_a_s03_pos1_tap3_mc380_cpl0_rp4p8342499485_rn4p80841874944_f12370_f21100_a0_dac1p25,K5AC,A,3,0.05,1,3,380,ac,0.0,0.0,0,1.25,0,4.834249948504327,4.808418749436675,40.0,2370.0,1100.0,,0,994801.100945349,1.7299370566965485e-05,11.748975549395539,13.931883829565814,25.640725578349297,0,2473621.9916389273,441.515585660867,500.7458469600418,59.2302612991748,-5.017576804377535,-5.0,0.35153608755069676,,,,,,,,,,,,,,,,,,,,,,,,,,,,,,,,,,,,0
s9_k5ac_a_s03_pos1_tap3_mc381_cpl0_rp4p93833998422_rn4p95849003087_f12370_f21100_a0_dac1p25,K5AC,A,3,0.05,1,3,381,ac,0.0,0.0,0,1.25,0,4.938339984218674,4.958490030869813,40.0,2370.0,1100.0,,0,1026590.5722480938,1.7009226696885204e-05,8.844365191386158,13.627867734995972,25.269409451858838,0,2473621.9916389273,428.25587096007035,505.25397555161294,76.99810459154259,-4.86682934890184,-5.0,-2.6634130219632013,,,,,,,,,,,,,,,,,,,,,,,,,,,,,,,,,,,,0
s9_k5ac_a_s03_pos1_tap3_mc382_cpl0_rp4p85980346978_rn4p9255657309_f12370_f21100_a0_dac1p25,K5AC,A,3,0.05,1,3,382,ac,0.0,0.0,0,1.25,0,4.8598034697783765,4.925565730900889,40.0,2370.0,1100.0,,0,1002156.506761929,1.6989337231088404e-05,8.776742025360223,13.495823907073877,25.104164128594388,0,2473621.9916389273,435.6820209471153,491.0902047416115,55.40818379449621,-5.021990402031148,-5.0,0.43980804062295764,,,,,,,,,,,,,,,,,,,,,,,,,,,,,,,,,,,,0
s9_k5ac_a_s03_pos1_tap3_mc383_cpl0_rp4p93533219708_rn4p99686233652_f12370_f21100_a0_dac1p25,K5AC,A,3,0.05,1,3,383,ac,0.0,0.0,0,1.25,0,4.93533219707689,4.9968623365198095,40.0,2370.0,1100.0,,0,967532.7877441862,1.7058788354481744e-05,9.332543007970086,13.375804764541376,24.825960177596052,0,2473621.9916389273,441.90222389271435,477.10578846376103,35.203564571046684,-4.881697852369815,-5.0,-2.3660429526037086,,,,,,,,,,,,,,,,,,,,,,,,,,,,,,,,,,,,0
s9_k5ac_a_s03_pos1_tap3_mc384_cpl0_rp4p82681854755_rn4p89418104924_f12370_f21100_a0_dac1p25,K5AC,A,3,0.05,1,3,384,ac,0.0,0.0,0,1.25,0,4.826818547547624,4.894181049244806,40.0,2370.0,1100.0,,0,982428.0663271225,0.01051265906715037,9623.506263981628,13.455555662749386,24.92879284321663,0,2473621.9916389273,441.2989552429443,482.633379164993,41.3344239220487,-5.038023106902023,-5.0,0.760462138040463,,,,,,,,,,,,,,,,,,,,,,,,,,,,,,,,,,,,0
s9_k5ac_a_s03_pos1_tap3_mc385_cpl0_rp4p82334653952_rn4p96920156457_f12370_f21100_a0_dac1p25,K5AC,A,3,0.05,1,3,385,ac,0.0,0.0,0,1.25,0,4.823346539518324,4.969201564568424,40.0,2370.0,1100.0,,0,994390.959950805,1.708723504850497e-05,9.404448517263694,13.334162999125326,24.9517586443514,0,2473621.9916389273,438.2189537225148,485.21879313860836,46.99983941609355,-5.08781462615852,-5.0,1.7562925231703996,,,,,,,,,,,,,,,,,,,,,,,,,,,,,,,,,,,,0
s9_k5ac_a_s03_pos1_tap3_mc386_cpl0_rp4p9492909582_rn4p92820090188_f12370_f21100_a0_dac1p25,K5AC,A,3,0.05,1,3,386,ac,0.0,0.0,0,1.25,0,4.949290958203621,4.928200901884112,40.0,2370.0,1100.0,,0,1051226.6736007954,0.005985412475633506,10154.68992433159,12.73526770269928,24.31566100845524,0,2473621.9916389273,423.5383390086174,488.7766090891439,65.23827008052649,-4.831693602381861,-5.0,-3.366127952362774,,,,,,,,,,,,,,,,,,,,,,,,,,,,,,,,,,,,0
s9_k5ac_a_s03_pos1_tap3_mc387_cpl0_rp4p91077197555_rn4p87562027692_f12370_f21100_a0_dac1p25,K5AC,A,3,0.05,1,3,387,ac,0.0,0.0,0,1.25,0,4.91077197555383,4.875620276920817,40.0,2370.0,1100.0,,0,1004662.6203394915,0.009303690300382013,10551.964788903226,14.08695989597026,25.86888432596304,0,2473621.9916389273,440.8761564564032,509.2427845952349,68.36662813883174,-4.963343648105388,-5.0,-0.7331270378922339,,,,,,,,,,,,,,,,,,,,,,,,,,,,,,,,,,,,0
s9_k5ac_a_s03_pos1_tap3_mc388_cpl0_rp4p8967202948_rn4p96860524371_f12370_f21100_a0_dac1p25,K5AC,A,3,0.05,1,3,388,ac,0.0,0.0,0,1.25,0,4.896720294796431,4.9686052437063335,40.0,2370.0,1100.0,,0,980133.7999547132,0.0006304512394747459,6709.137099554609,13.993653032682639,25.621496753351334,0,2473621.9916389273,444.6562915521885,496.0602554298304,51.4039638776419,-4.991371537955328,-5.0,-0.17256924089343872,,,,,,,,,,,,,,,,,,,,,,,,,,,,,,,,,,,,0
s9_k5ac_a_s03_pos1_tap3_mc389_cpl0_rp4p80341691496_rn4p80398045639_f12370_f21100_a0_dac1p25,K5AC,A,3,0.05,1,3,389,ac,0.0,0.0,0,1.25,0,4.803416914963317,4.803980456388981,40.0,2370.0,1100.0,,0,1007857.8249278784,0.0018223763700346129,8066.156921766744,13.395459008826402,24.854414363740666,0,2473621.9916389273,431.4407203241232,490.12626223626245,58.68554191213923,-4.920924290810862,-5.0,-1.5815141837827618,,,,,,,,,,,,,,,,,,,,,,,,,,,,,,,,,,,,0
s9_k5ac_a_s03_pos1_tap3_mc38_cpl0_rp4p95872617372_rn4p86957208005_f12370_f21100_a0_dac1p25,K5AC,A,3,0.05,1,3,38,ac,0.0,0.0,0,1.25,0,4.958726173715687,4.869572080054028,40.0,2370.0,1100.0,,0,963852.7434078992,0.009800796026191818,9404.44851726424,13.59023032465965,24.87139007868757,0,2473621.9916389273,441.87342868788704,478.4169955048218,36.54356681693474,-4.891793463119104,-5.0,-2.1641307376179197,,,,,,,,,,,,,,,,,,,,,,,,,,,,,,,,,,,,0
s9_k5ac_a_s03_pos1_tap3_mc390_cpl0_rp4p8339069814_rn4p91507442577_f12370_f21100_a0_dac1p25,K5AC,A,3,0.05,1,3,390,ac,0.0,0.0,0,1.25,0,4.833906981402235,4.915074425769694,40.0,2370.0,1100.0,,0,1013865.2389059025,0.0029891601493646034,8576.958985909594,13.2758809068464,24.750095155316384,0,2473621.9916389273,431.40035934459075,489.59736607041,58.19700672581922,-4.997029403927391,-5.0,-0.05941192145219043,,,,,,,,,,,,,,,,,,,,,,,,,,,,,,,,,,,,0
s9_k5ac_a_s03_pos1_tap3_mc391_cpl0_rp4p88553270259_rn4p9329426081_f12370_f21100_a0_dac1p25,K5AC,A,3,0.05,1,3,391,ac,0.0,0.0,0,1.25,0,4.885532702587025,4.932942608102221,40.0,2370.0,1100.0,,0,981457.7451027073,0.004995267922905245,9120.108393559796,14.521192982260382,26.152128471620745,0,2473621.9916389273,444.7944961564164,511.1580645400324,66.36356838361598,-4.882031714998794,-5.0,-2.3593657000241186,,,,,,,,,,,,,,,,,,,,,,,,,,,,,,,,,,,,0
s9_k5ac_a_s03_pos1_tap3_mc392_cpl0_rp4p83513013559_rn4p89780080987_f12370_f21100_a0_dac1p25,K5AC,A,3,0.05,1,3,392,ac,0.0,0.0,0,1.25,0,4.83513013559402,4.897800809870664,40.0,2370.0,1100.0,,0,1022384.8546955464,1.7084361718965176e-05,9.772372209558293,13.040606510532745,24.485729757407576,0,2473621.9916389273,426.64409645107315,486.0900217861834,59.445925335110246,-5.043275239748835,-5.0,0.8655047949767125,,,,,,,,,,,,,,,,,,,,,,,,,,,,,,,,,,,,0
s9_k5ac_a_s03_pos1_tap3_mc393_cpl0_rp4p80353684907_rn4p93527749599_f12370_f21100_a0_dac1p25,K5AC,A,3,0.05,1,3,393,ac,0.0,0.0,0,1.25,0,4.80353684906974,4.935277495986037,40.0,2370.0,1100.0,,0,1017144.4390960035,0.006980205472100593,10633.265716372442,13.340425848714048,24.78776799660655,0,2473621.9916389273,428.95399177101353,492.0161884482163,63.06219667720279,-4.880354465773613,-5.0,-2.392910684527738,,,,,,,,,,,,,,,,,,,,,,,,,,,,,,,,,,,,0
s9_k5ac_a_s03_pos1_tap3_mc394_cpl0_rp4p82055042637_rn4p8023678576_f12370_f21100_a0_dac1p25,K5AC,A,3,0.05,1,3,394,ac,0.0,0.0,0,1.25,0,4.820550426374241,4.802367857598705,40.0,2370.0,1100.0,,0,983488.935900606,1.723894095019825e-05,11.049263568487813,14.169742037811723,25.71469202488517,0,2473621.9916389273,440.79614641137283,502.19664404311584,61.40049763174301,-4.862654325425925,-5.0,-2.746913491481495,,,,,,,,,,,,,,,,,,,,,,,,,,,,,,,,,,,,0
s9_k5ac_a_s03_pos1_tap3_mc395_cpl0_rp4p89495892087_rn4p93433731851_f12370_f21100_a0_dac1p25,K5AC,A,3,0.05,1,3,395,ac,0.0,0.0,0,1.25,0,4.894958920869686,4.93433731850674,40.0,2370.0,1100.0,,0,955221.3684093087,0.006837189409037787,8981.178609607632,14.181456276952998,25.621084857026215,0,2473621.9916389273,447.5821880400637,491.78783075941016,44.20564271934643,-5.012916676432656,-5.0,0.25833352865312076,,,,,,,,,,,,,,,,,,,,,,,,,,,,,,,,,,,,0
s9_k5ac_a_s03_pos1_tap3_mc396_cpl0_rp4p98745526316_rn4p86824203872_f12370_f21100_a0_dac1p25,K5AC,A,3,0.05,1,3,396,ac,0.0,0.0,0,1.25,0,4.987455263162662,4.868242038715888,40.0,2370.0,1100.0,,0,1011728.7515667109,1.732853645419057e-05,11.930720363265586,14.0926001317636,25.70268483112941,0,2473621.9916389273,435.33392429882105,512.1136921638041,76.77976786498306,-5.031198122108108,-5.0,0.6239624421621626,,,,,,,,,,,,,,,,,,,,,,,,,,,,,,,,,,,,0
s9_k5ac_a_s03_pos1_tap3_mc397_cpl0_rp4p90265991512_rn4p90356505476_f12370_f21100_a0_dac1p25,K5AC,A,3,0.05,1,3,397,ac,0.0,0.0,0,1.25,0,4.902659915120735,4.90356505476135,40.0,2370.0,1100.0,,0,964897.9212462275,1.712677798406644e-05,10.551964788902612,14.464180843899788,25.970294066725355,0,2473621.9916389273,447.46040832061715,502.8213981521792,55.36098983156205,-4.908893404898806,-5.0,-1.8221319020238824,,,,,,,,,,,,,,,,,,,,,,,,,,,,,,,,,,,,0
s9_k5ac_a_s03_pos1_tap3_mc398_cpl0_rp4p80471789267_rn4p89921458537_f12370_f21100_a0_dac1p25,K5AC,A,3,0.05,1,3,398,ac,0.0,0.0,0,1.25,0,4.804717892669463,4.899214585370171,40.0,2370.0,1100.0,,0,986358.620772109,0.005960783373611587,8912.509381338137,13.611615399199765,25.21685486811398,0,2473621.9916389273,441.77270512536694,489.06856816635434,47.2958630409874,-4.959172759966391,-5.0,-0.8165448006721809,,,,,,,,,,,,,,,,,,,,,,,,,,,,,,,,,,,,0
s9_k5ac_a_s03_pos1_tap3_mc399_cpl0_rp4p94975224819_rn4p92047709746_f12370_f21100_a0_dac1p25,K5AC,A,3,0.05,1,3,399,ac,0.0,0.0,0,1.25,0,4.949752248185426,4.920477097461969,40.0,2370.0,1100.0,,0,1066170.6170933095,0.0016858150351435658,9190.3771336333,13.194949017878413,24.950502869340163,0,2473621.9916389273,424.1551353604579,509.40630719553656,85.25117183507865,-4.987220950129779,-5.0,-0.2555809974044143,,,,,,,,,,,,,,,,,,,,,,,,,,,,,,,,,,,,0
s9_k5ac_a_s03_pos1_tap3_mc39_cpl0_rp4p8405063552_rn4p81892231565_f12370_f21100_a0_dac1p25,K5AC,A,3,0.05,1,3,39,ac,0.0,0.0,0,1.25,0,4.84050635520103,4.818922315649883,40.0,2370.0,1100.0,,0,1043280.5997271078,0.010317799044913225,12492.997891188323,13.634321831382277,25.36657334048499,0,2473621.9916389273,429.0121994542616,512.5626157648737,83.55041631061215,-5.021935040457571,-5.0,0.4387008091514044,,,,,,,,,,,,,,,,,,,,,,,,,,,,,,,,,,,,0
s9_k5ac_a_s03_pos1_tap3_mc3_cpl0_rp4p84546201527_rn4p84758850786_f12370_f21100_a0_dac1p25,K5AC,A,3,0.05,1,3,3,ac,0.0,0.0,0,1.25,0,4.845462015270863,4.847588507857414,40.0,2370.0,1100.0,,0,1031642.0601882222,0.006624508333962923,9847.666521102343,12.964963940376142,24.609016774221914,0,2473621.9916389273,430.10122535421056,488.868395980593,58.76717062638244,-4.927114848362958,-5.0,-1.4577030327408425,,,,,,,,,,,,,,,,,,,,,,,,,,,,,,,,,,,,0
s9_k5ac_a_s03_pos1_tap3_mc400_cpl0_rp4p96530491431_rn4p91631368562_f12370_f21100_a0_dac1p25,K5AC,A,3,0.05,1,3,400,ac,0.0,0.0,0,1.25,0,4.965304914305209,4.916313685616408,40.0,2370.0,1100.0,,0,1055376.5678600683,1.7161086475442123e-05,10.000000000000194,13.188659207614714,24.934317943430894,0,2473621.9916389273,426.0101975368108,504.4494065140504,78.43920897723962,-4.926522464940037,-5.0,-1.4695507011992626,,,,,,,,,,,,,,,,,,,,,,,,,,,,,,,,,,,,0
s9_k5ac_a_s03_pos1_tap3_mc401_cpl0_rp4p95092194907_rn4p84362522238_f12370_f21100_a0_dac1p25,K5AC,A,3,0.05,1,3,401,ac,0.0,0.0,0,1.25,0,4.950921949066017,4.84362522237532,40.0,2370.0,1100.0,,0,1025728.5644782014,1.713191206880273e-05,9.476908045141773,13.319798635201236,24.94623438834222,0,2473621.9916389273,430.16513697098634,495.3186011363581,65.15346416537176,-4.864025408889447,-5.0,-2.719491822211073,,,,,,,,,,,,,,,,,,,,,,,,,,,,,,,,,,,,0
s9_k5ac_a_s03_pos1_tap3_mc402_cpl0_rp4p98126867566_rn4p82711134242_f12370_f21100_a0_dac1p25,K5AC,A,3,0.05,1,3,402,ac,0.0,0.0,0,1.25,0,4.9812686756609805,4.827111342419783,40.0,2370.0,1100.0,,0,1005431.5034881766,1.7360930097047093e-05,13.803842646029153,14.306954920176842,26.002269371015668,0,2473621.9916389273,437.9399400132426,515.0492748855899,77.10933487234723,-4.771604801519649,-5.0,-4.567903969607023,,,,,,,,,,,,,,,,,,,,,,,,,,,,,,,,,,,,0
s9_k5ac_a_s03_pos1_tap3_mc403_cpl0_rp4p99032477697_rn4p97633558441_f12370_f21100_a0_dac1p25,K5AC,A,3,0.05,1,3,403,ac,0.0,0.0,0,1.25,0,4.9903247769715176,4.9763355844074555,40.0,2370.0,1100.0,,0,957720.009670494,0.0022927931491777127,7413.10241300973,14.837782619434703,26.424237875695393,0,2473621.9916389273,452.4109596336888,510.4674869579363,58.0565273242475,-4.983162633283302,-5.0,-0.3367473343339533,,,,,,,,,,,,,,,,,,,,,,,,,,,,,,,,,,,,0
s9_k5ac_a_s03_pos1_tap3_mc404_cpl0_rp4p86031491887_rn4p8693215276_f12370_f21100_a0_dac1p25,K5AC,A,3,0.05,1,3,404,ac,0.0,0.0,0,1.25,0,4.860314918872622,4.869321527601691,40.0,2370.0,1100.0,,0,1010278.6902371251,1.757744367366377e-05,14.79108388168241,13.764558911250635,25.332185435363844,0,2473621.9916389273,435.5226250819019,502.9823630266542,67.4597379447523,-4.984567885054082,-5.0,-0.30864229891836015,,,,,,,,,,,,,,,,,,,,,,,,,,,,,,,,,,,,0
s9_k5ac_a_s03_pos1_tap3_mc405_cpl0_rp4p84107779984_rn4p84599880095_f12370_f21100_a0_dac1p25,K5AC,A,3,0.05,1,3,405,ac,0.0,0.0,0,1.25,0,4.8410777998379455,4.845998800947448,40.0,2370.0,1100.0,,0,998067.7326179044,1.710471986991404e-05,9.476908045141773,13.853439306960734,25.421870371246413,0,2473621.9916389273,436.32587766418914,498.6033571391912,62.27747947500205,-4.932273717507709,-5.0,-1.354525649845828,,,,,,,,,,,,,,,,,,,,,,,,,,,,,,,,,,,,0
s9_k5ac_a_s03_pos1_tap3_mc406_cpl0_rp4p89299198434_rn4p98436690755_f12370_f21100_a0_dac1p25,K5AC,A,3,0.05,1,3,406,ac,0.0,0.0,0,1.25,0,4.89299198433958,4.984366907551315,40.0,2370.0,1100.0,,0,1014967.6602397861,0.0014917635498101524,7822.279563860615,13.262400105347046,24.85158904435994,0,2473621.9916389273,432.83906119690425,490.33691543415307,57.497854237248816,-4.881822768711345,-5.0,-2.3635446257731063,,,,,,,,,,,,,,,,,,,,,,,,,,,,,,,,,,,,0
s9_k5ac_a_s03_pos1_tap3_mc407_cpl0_rp4p96593796823_rn4p9707304606_f12370_f21100_a0_dac1p25,K5AC,A,3,0.05,1,3,407,ac,0.0,0.0,0,1.25,0,4.965937968229974,4.970730460595229,40.0,2370.0,1100.0,,0,991013.8367604895,1.7282963229313156e-05,12.397477630289705,13.567428332484191,25.02342937004755,0,2473621.9916389273,436.9582449312466,487.8718893434236,50.91364441217701,-4.83001268947448,-5.0,-3.3997462105104015,,,,,,,,,,,,,,,,,,,,,,,,,,,,,,,,,,,,0
s9_k5ac_a_s03_pos1_tap3_mc408_cpl0_rp4p82589970076_rn4p98712990102_f12370_f21100_a0_dac1p25,K5AC,A,3,0.05,1,3,408,ac,0.0,0.0,0,1.25,0,4.825899700761262,4.987129901023796,40.0,2370.0,1100.0,,0,999806.3368777303,1.7079006419843583e-05,9.623506263981069,13.473112223846021,24.99251078119295,0,2473621.9916389273,436.42201205977216,490.03293649621605,53.610924436443895,-4.853344908219723,-5.0,-2.933101835605534,,,,,,,,,,,,,,,,,,,,,,,,,,,,,,,,,,,,0
s9_k5ac_a_s03_pos1_tap3_mc409_cpl0_rp4p93634229341_rn4p88383298296_f12370_f21100_a0_dac1p25,K5AC,A,3,0.05,1,3,409,ac,0.0,0.0,0,1.25,0,4.936342293409816,4.883832982963993,40.0,2370.0,1100.0,,0,992349.4974743086,0.003565553799729782,8511.380382024412,13.972990966784801,25.62718107348777,0,2473621.9916389273,441.66158827917394,500.856135112538,59.194546833364086,-4.952412300178552,-5.0,-0.9517539964289612,,,,,,,,,,,,,,,,,,,,,,,,,,,,,,,,,,,,0
s9_k5ac_a_s03_pos1_tap3_mc40_cpl0_rp4p82617360232_rn4p86377609097_f12370_f21100_a0_dac1p25,K5AC,A,3,0.05,1,3,40,ac,0.0,0.0,0,1.25,0,4.826173602315599,4.863776090965167,40.0,2370.0,1100.0,,0,990412.3056111711,0.0010965829434415875,7356.422544596963,13.892446757678604,25.549768680922167,0,2473621.9916389273,441.17374364696997,497.99569167176304,56.82194802479307,-4.896327146835303,-5.0,-2.0734570632939375,,,,,,,,,,,,,,,,,,,,,,,,,,,,,,,,,,,,0
s9_k5ac_a_s03_pos1_tap3_mc410_cpl0_rp4p88217981417_rn4p91530499969_f12370_f21100_a0_dac1p25,K5AC,A,3,0.05,1,3,410,ac,0.0,0.0,0,1.25,0,4.882179814174154,4.915304999687279,40.0,2370.0,1100.0,,0,1040019.801044151,1.7147789685350914e-05,9.404448517263694,13.004683182726474,24.506041385165563,0,2473621.9916389273,422.1701616954204,490.3902861713642,68.2201244759438,-5.008317905993709,-5.0,0.16635811987417704,,,,,,,,,,,,,,,,,,,,,,,,,,,,,,,,,,,,0
s9_k5ac_a_s03_pos1_tap3_mc411_cpl0_rp4p90140702224_rn4p91673451838_f12370_f21100_a0_dac1p25,K5AC,A,3,0.05,1,3,411,ac,0.0,0.0,0,1.25,0,4.901407022235087,4.916734518378269,40.0,2370.0,1100.0,,0,1014676.4631686641,1.7263963844340353e-05,10.391223038351896,13.706083980372401,25.29486732444697,0,2473621.9916389273,433.59580421693107,502.0166820740169,68.42087785708583,-4.949682483698164,-5.0,-1.006350326036709,,,,,,,,,,,,,,,,,,,,,,,,,,,,,,,,,,,,0
s9_k5ac_a_s03_pos1_tap3_mc412_cpl0_rp4p80263980605_rn4p9274688818_f12370_f21100_a0_dac1p25,K5AC,A,3,0.05,1,3,412,ac,0.0,0.0,0,1.25,0,4.802639806050018,4.927468881796134,40.0,2370.0,1100.0,,0,984826.1385555571,1.6988473137508824e-05,8.844365191386158,14.3964447015271,26.00629541596318,0,2473621.9916389273,442.7141351444862,510.2002487581307,67.48611361364453,-4.9874478404768325,-5.0,-0.25104319046335144,,,,,,,,,,,,,,,,,,,,,,,,,,,,,,,,,,,,0
s9_k5ac_a_s03_pos1_tap3_mc413_cpl0_rp4p85968246261_rn4p80562276972_f12370_f21100_a0_dac1p25,K5AC,A,3,0.05,1,3,413,ac,0.0,0.0,0,1.25,0,4.859682462612504,4.805622769718563,40.0,2370.0,1100.0,,0,945116.0403039282,1.728008853435313e-05,11.220184543019862,14.113971994310024,25.58070198994056,0,2473621.9916389273,448.3563384974527,486.8136179254317,38.45727942797896,-4.8949021493999005,-5.0,-2.101957012001987,,,,,,,,,,,,,,,,,,,,,,,,,,,,,,,,,,,,0
s9_k5ac_a_s03_pos1_tap3_mc414_cpl0_rp4p98184854148_rn4p8516092388_f12370_f21100_a0_dac1p25,K5AC,A,3,0.05,1,3,414,ac,0.0,0.0,0,1.25,0,4.981848541479969,4.851609238797026,40.0,2370.0,1100.0,,0,1007140.1126690507,0.010622624829358886,11393.749492814264,13.8079582039147,25.432354934220715,0,2473621.9916389273,435.97542887766247,502.5943222702607,66.61889339259824,-4.88938787617057,-5.0,-2.2122424765885995,,,,,,,,,,,,,,,,,,,,,,,,,,,,,,,,,,,,0
s9_k5ac_a_s03_pos1_tap3_mc415_cpl0_rp4p98902381976_rn4p83479926401_f12370_f21100_a0_dac1p25,K5AC,A,3,0.05,1,3,415,ac,0.0,0.0,0,1.25,0,4.989023819761244,4.834799264007673,40.0,2370.0,1100.0,,0,992772.322428147,1.6699388456866992e-05,8.190932242153117,13.429403912885242,24.771645610491678,0,2473621.9916389273,431.94668709195525,484.5647535732303,52.61806648127504,-4.858035908619004,-5.0,-2.8392818276199216,,,,,,,,,,,,,,,,,,,,,,,,,,,,,,,,,,,,0
s9_k5ac_a_s03_pos1_tap3_mc416_cpl0_rp4p81568951694_rn4p93831818861_f12370_f21100_a0_dac1p25,K5AC,A,3,0.05,1,3,416,ac,0.0,0.0,0,1.25,0,4.8156895169444285,4.938318188608376,40.0,2370.0,1100.0,,0,1002987.9499533406,1.671412524229246e-05,7.88254877402035,13.686645490591188,25.168071540023476,0,2473621.9916389273,430.3683610457076,495.9285684471928,65.56020740148517,-5.024207385063908,-5.0,0.4841477012781592,,,,,,,,,,,,,,,,,,,,,,,,,,,,,,,,,,,,0
s9_k5ac_a_s03_pos1_tap3_mc417_cpl0_rp4p96149420523_rn4p81489206956_f12370_f21100_a0_dac1p25,K5AC,A,3,0.05,1,3,417,ac,0.0,0.0,0,1.25,0,4.961494205229407,4.814892069559012,40.0,2370.0,1100.0,,0,1058071.5283059478,0.002681053426872362,9476.908045142321,13.098444621776931,24.8579974475299,0,2473621.9916389273,424.2932715101122,502.06801422976787,77.77474271965565,-4.859662685713926,-5.0,-2.806746285721484,,,,,,,,,,,,,,,,,,,,,,,,,,,,,,,,,,,,0
s9_k5ac_a_s03_pos1_tap3_mc418_cpl0_rp4p8426734305_rn4p85663682175_f12370_f21100_a0_dac1p25,K5AC,A,3,0.05,1,3,418,ac,0.0,0.0,0,1.25,0,4.842673430497197,4.856636821747744,40.0,2370.0,1100.0,,0,981135.6114332285,0.0023659870188341816,7644.222742526577,13.416930446949326,24.812750347422018,0,2473621.9916389273,437.7401949726394,480.16663704350964,42.42644207087022,-4.961944447166394,-5.0,-0.7611110566721258,,,,,,,,,,,,,,,,,,,,,,,,,,,,,,,,,,,,0
s9_k5ac_a_s03_pos1_tap3_mc419_cpl0_rp4p90978219288_rn4p98810507864_f12370_f21100_a0_dac1p25,K5AC,A,3,0.05,1,3,419,ac,0.0,0.0,0,1.25,0,4.909782192875641,4.988105078638066,40.0,2370.0,1100.0,,0,1025136.0441529538,1.7243296990011676e-05,10.311772745930755,13.315847118203672,24.901878115224466,0,2473621.9916389273,431.0501300320256,494.17084790533136,63.12071787330575,-4.880038656423357,-5.0,-2.3992268715328557,,,,,,,,,,,,,,,,,,,,,,,,,,,,,,,,,,,,0
s9_k5ac_a_s03_pos1_tap3_mc41_cpl0_rp4p89027141912_rn4p97801839902_f12370_f21100_a0_dac1p25,K5AC,A,3,0.05,1,3,41,ac,0.0,0.0,0,1.25,0,4.890271419118427,4.978018399020955,40.0,2370.0,1100.0,,0,1014452.0383258933,1.7218965179718955e-05,10.797751623277312,13.566214221546021,25.123560796119772,0,2473621.9916389273,432.37080889300256,499.12165279550305,66.75084390250049,-4.872923825108535,-5.0,-2.54152349782929,,,,,,,,,,,,,,,,,,,,,,,,,,,,,,,,,,,,0
s9_k5ac_a_s03_pos1_tap3_mc420_cpl0_rp4p87611739853_rn4p9185599481_f12370_f21100_a0_dac1p25,K5AC,A,3,0.05,1,3,420,ac,0.0,0.0,0,1.25,0,4.876117398528499,4.918559948095463,40.0,2370.0,1100.0,,0,1011058.918899457,1.731399869502797e-05,12.115276586286138,13.47132121121277,24.90962766569657,0,2473621.9916389273,430.6156295669043,493.56831551722644,62.95268595032212,-4.943171703254229,-5.0,-1.1365659349154233,,,,,,,,,,,,,,,,,,,,,,,,,,,,,,,,,,,,0
s9_k5ac_a_s03_pos1_tap3_mc421_cpl0_rp4p87900528971_rn4p94147219615_f12370_f21100_a0_dac1p25,K5AC,A,3,0.05,1,3,421,ac,0.0,0.0,0,1.25,0,4.879005289711984,4.941472196154558,40.0,2370.0,1100.0,,0,984178.528051269,0.00649027520321283,9190.3771336333,13.788728493035828,25.329565950273693,0,2473621.9916389273,441.2993052501854,492.17834204838056,50.87903679819516,-5.007619925775529,-5.0,0.1523985155105878,,,,,,,,,,,,,,,,,,,,,,,,,,,,,,,,,,,,0
s9_k5ac_a_s03_pos1_tap3_mc422_cpl0_rp4p82462707523_rn4p90248850271_f12370_f21100_a0_dac1p25,K5AC,A,3,0.05,1,3,422,ac,0.0,0.0,0,1.25,0,4.8246270752332405,4.9024885027091925,40.0,2370.0,1100.0,,0,981029.9475069477,0.0019606606402038256,7356.422544596963,13.922259807566205,25.461939412769784,0,2473621.9916389273,444.8762975297086,495.5964958401911,50.72019831048249,-5.045082628834643,-5.0,0.9016525766928574,,,,,,,,,,,,,,,,,,,,,,,,,,,,,,,,,,,,0
s9_k5ac_a_s03_pos1_tap3_mc423_cpl0_rp4p83341517313_rn4p9478789508_f12370_f21100_a0_dac1p25,K5AC,A,3,0.05,1,3,423,ac,0.0,0.0,0,1.25,0,4.833415173128162,4.947878950800543,40.0,2370.0,1100.0,,0,1018251.2444693617,0.009737736270182784,10633.265716372442,13.256548953833489,24.714454808755185,0,2473621.9916389273,430.2001879291075,490.29132824075054,60.09114031164302,-4.986307291401963,-5.0,-0.27385417196074124,,,,,,,,,,,,,,,,,,,,,,,,,,,,,,,,,,,,0
s9_k5ac_a_s03_pos1_tap3_mc424_cpl0_rp4p98497470264_rn4p87863981118_f12370_f21100_a0_dac1p25,K5AC,A,3,0.05,1,3,424,ac,0.0,0.0,0,1.25,0,4.984974702641672,4.878639811180132,40.0,2370.0,1100.0,,0,1041852.8241413818,1.6904388147088316e-05,8.446303185839836,13.312405080930981,24.989714193154843,0,2473621.9916389273,424.01702263434106,502.5425373600935,78.52551472575243,-4.991941795717487,-5.0,-0.16116408565025608,,,,,,,,,,,,,,,,,,,,,,,,,,,,,,,,,,,,0
s9_k5ac_a_s03_pos1_tap3_mc425_cpl0_rp4p88982410079_rn4p89862494377_f12370_f21100_a0_dac1p25,K5AC,A,3,0.05,1,3,425,ac,0.0,0.0,0,1.25,0,4.889824100787956,4.898624943770372,40.0,2370.0,1100.0,,0,961062.3716216632,1.6959929237214666e-05,8.844365191386158,13.795088258657145,25.265249270196666,0,2473621.9916389273,442.6426069045579,484.1831327907042,41.54052588614627,-4.775132119226341,-5.0,-4.497357615473185,,,,,,,,,,,,,,,,,,,,,,,,,,,,,,,,,,,,0
s9_k5ac_a_s03_pos1_tap3_mc426_cpl0_rp4p91339773929_rn4p87662957089_f12370_f21100_a0_dac1p25,K5AC,A,3,0.05,1,3,426,ac,0.0,0.0,0,1.25,0,4.913397739285786,4.8766295708922005,40.0,2370.0,1100.0,,0,1020930.3417288646,1.7016799510931405e-05,9.623506263981069,13.698003034984186,25.44460013401444,0,2473621.9916389273,433.74932212018183,504.0837187441307,70.33439662394886,-4.926442704379712,-5.0,-1.471145912405769,,,,,,,,,,,,,,,,,,,,,,,,,,,,,,,,,,,,0
s9_k5ac_a_s03_pos1_tap3_mc427_cpl0_rp4p90178926913_rn4p81648021279_f12370_f21100_a0_dac1p25,K5AC,A,3,0.05,1,3,427,ac,0.0,0.0,0,1.25,0,4.901789269129636,4.816480212786739,40.0,2370.0,1100.0,,0,988665.1642090698,0.004084864439050565,8981.178609607632,14.13384948909718,25.714900567119898,0,2473621.9916389273,442.31902749205295,504.03822969269277,61.71920220063981,-4.9888368942487284,-5.0,-0.22326211502543547,,,,,,,,,,,,,,,,,,,,,,,,,,,,,,,,,,,,0
s9_k5ac_a_s03_pos1_tap3_mc428_cpl0_rp4p9627612632_rn4p95493428922_f12370_f21100_a0_dac1p25,K5AC,A,3,0.05,1,3,428,ac,0.0,0.0,0,1.25,0,4.962761263201627,4.954934289218422,40.0,2370.0,1100.0,,0,1020391.3193148248,0.00693953355249332,9697.65359108324,13.496051850434023,25.170570327145683,0,2473621.9916389273,433.9385537536914,497.78009983128874,63.84154607759734,-4.9872776545900726,-5.0,-0.25444690819854676,,,,,,,,,,,,,,,,,,,,,,,,,,,,,,,,,,,,0
s9_k5ac_a_s03_pos1_tap3_mc429_cpl0_rp4p86282359383_rn4p91195043688_f12370_f21100_a0_dac1p25,K5AC,A,3,0.05,1,3,429,ac,0.0,0.0,0,1.25,0,4.8628235938318385,4.9119504368805424,40.0,2370.0,1100.0,,0,969297.4726624402,0.0033706496111302903,7943.282347243415,14.032130553502073,25.536513567701974,0,2473621.9916389273,446.07955310247036,493.79106092067104,47.71150781820069,-4.8649562740255945,-5.0,-2.7008745194881056,,,,,,,,,,,,,,,,,,,,,,,,,,,,,,,,,,,,0
s9_k5ac_a_s03_pos1_tap3_mc42_cpl0_rp4p86668659914_rn4p82600599647_f12370_f21100_a0_dac1p25,K5AC,A,3,0.05,1,3,42,ac,0.0,0.0,0,1.25,0,4.866686599144292,4.826005996469422,40.0,2370.0,1100.0,,0,977207.0632192057,0.006287635684173475,9190.3771336333,13.711838785489633,25.153277102269065,0,2473621.9916389273,441.01519229133163,487.25840235450283,46.243210063171205,-5.037067105654335,-5.0,0.741342113086696,,,,,,,,,,,,,,,,,,,,,,,,,,,,,,,,,,,,0
s9_k5ac_a_s03_pos1_tap3_mc430_cpl0_rp4p99434612323_rn4p82596910836_f12370_f21100_a0_dac1p25,K5AC,A,3,0.05,1,3,430,ac,0.0,0.0,0,1.25,0,4.994346123227494,4.825969108361858,40.0,2370.0,1100.0,,0,1027332.2652925865,0.0067215009805538534,10154.68992433159,13.254233989508762,24.800858535441368,0,2473621.9916389273,429.1858341862881,494.48565113570464,65.29981694941654,-5.080477509386706,-5.0,1.6095501877341212,,,,,,,,,,,,,,,,,,,,,,,,,,,,,,,,,,,,0
s9_k5ac_a_s03_pos1_tap3_mc431_cpl0_rp4p91116573768_rn4p8298137622_f12370_f21100_a0_dac1p25,K5AC,A,3,0.05,1,3,431,ac,0.0,0.0,0,1.25,0,4.91116573767908,4.829813762201956,40.0,2370.0,1100.0,,0,1013459.390001431,1.6973327428357073e-05,8.776742025360223,13.315372555818108,24.906420571131914,0,2473621.9916389273,431.4055118618924,490.75508791710485,59.349576055212424,-4.874921198577818,-5.0,-2.5015760284436417,,,,,,,,,,,,,,,,,,,,,,,,,,,,,,,,,,,,0
s9_k5ac_a_s03_pos1_tap3_mc432_cpl0_rp4p89014342738_rn4p99554185829_f12370_f21100_a0_dac1p25,K5AC,A,3,0.05,1,3,432,ac,0.0,0.0,0,1.25,0,4.89014342737591,4.9955418582863675,40.0,2370.0,1100.0,,0,988360.4857937393,0.008390271777906006,10551.964788903226,14.36548736842652,26.049138681937016,0,2473621.9916389273,443.36322258735174,510.3717078644481,67.00848527709638,-4.850284889669314,-5.0,-2.9943022066137304,,,,,,,,,,,,,,,,,,,,,,,,,,,,,,,,,,,,0
s9_k5ac_a_s03_pos1_tap3_mc433_cpl0_rp4p93677229798_rn4p97592014524_f12370_f21100_a0_dac1p25,K5AC,A,3,0.05,1,3,433,ac,0.0,0.0,0,1.25,0,4.936772297977573,4.975920145237492,40.0,2370.0,1100.0,,0,963851.280338209,0.009183538179237172,9404.44851726424,13.965342327268262,25.469615914485537,0,2473621.9916389273,445.4374650318237,489.4780480802895,44.040583048465805,-4.975587561812089,-5.0,-0.48824876375821447,,,,,,,,,,,,,,,,,,,,,,,,,,,,,,,,,,,,0
s9_k5ac_a_s03_pos1_tap3_mc434_cpl0_rp4p97491088108_rn4p86882693556_f12370_f21100_a0_dac1p25,K5AC,A,3,0.05,1,3,434,ac,0.0,0.0,0,1.25,0,4.974910881079785,4.868826935558604,40.0,2370.0,1100.0,,0,1001012.3695780886,0.0016210045227207002,8190.932242153593,13.911400319176675,25.512740155403073,0,2473621.9916389273,436.96431648596393,502.38773922353806,65.42342273757413,-5.139783729861073,-5.0,2.795674597221476,,,,,,,,,,,,,,,,,,,,,,,,,,,,,,,,,,,,0
s9_k5ac_a_s03_pos1_tap3_mc435_cpl0_rp4p9182471955_rn4p81836957152_f12370_f21100_a0_dac1p25,K5AC,A,3,0.05,1,3,435,ac,0.0,0.0,0,1.25,0,4.918247195501483,4.818369571516747,40.0,2370.0,1100.0,,0,1015451.7641923173,1.7170639290812697e-05,9.847666521101772,13.177859896179728,24.635487820734802,0,2473621.9916389273,430.76990125260824,486.4665458721394,55.696644619531185,-4.817013581291639,-5.0,-3.659728374167215,,,,,,,,,,,,,,,,,,,,,,,,,,,,,,,,,,,,0
s9_k5ac_a_s03_pos1_tap3_mc436_cpl0_rp4p88771955369_rn4p91132094399_f12370_f21100_a0_dac1p25,K5AC,A,3,0.05,1,3,436,ac,0.0,0.0,0,1.25,0,4.8877195536887275,4.9113209439946255,40.0,2370.0,1100.0,,0,1042277.6309842421,1.7131703124525355e-05,9.549925860214541,13.048305588403187,24.75335477382916,0,2473621.9916389273,426.5382078836276,495.0387900287502,68.50058214512262,-5.01921952900014,-5.0,0.38439058000281356,,,,,,,,,,,,,,,,,,,,,,,,,,,,,,,,,,,,0
s9_k5ac_a_s03_pos1_tap3_mc437_cpl0_rp4p93445364917_rn4p80865497354_f12370_f21100_a0_dac1p25,K5AC,A,3,0.05,1,3,437,ac,0.0,0.0,0,1.25,0,4.934453649171059,4.808654973540427,40.0,2370.0,1100.0,,0,972970.3840976004,1.746083421268055e-05,12.686251981032868,14.000215462513625,25.40208151131195,0,2473621.9916389273,442.4913403228321,493.57396265553746,51.08262233270534,-4.924209496475092,-5.0,-1.515810070498147,,,,,,,,,,,,,,,,,,,,,,,,,,,,,,,,,,,,0
s9_k5ac_a_s03_pos1_tap3_mc438_cpl0_rp4p84421385802_rn4p82762531564_f12370_f21100_a0_dac1p25,K5AC,A,3,0.05,1,3,438,ac,0.0,0.0,0,1.25,0,4.844213858015451,4.827625315639734,40.0,2370.0,1100.0,,0,997181.6639662568,1.7234232621042913e-05,10.715193052376279,13.480274634131934,25.08372122069427,0,2473621.9916389273,438.19884719279236,489.34782914031894,51.14898194752658,-4.99105621936687,-5.0,-0.178875612662599,,,,,,,,,,,,,,,,,,,,,,,,,,,,,,,,,,,,0
s9_k5ac_a_s03_pos1_tap3_mc439_cpl0_rp4p91373172506_rn4p930527309_f12370_f21100_a0_dac1p25,K5AC,A,3,0.05,1,3,439,ac,0.0,0.0,0,1.25,0,4.91373172505646,4.930527309003868,40.0,2370.0,1100.0,,0,1020262.6601324272,0.009956772916369878,10551.964788903226,13.163706340372652,24.58207383470791,0,2473621.9916389273,429.82288730769767,488.86923163581974,59.046344328122075,-4.882067312465564,-5.0,-2.3586537506887217,,,,,,,,,,,,,,,,,,,,,,,,,,,,,,,,,,,,0
s9_k5ac_a_s03_pos1_tap3_mc43_cpl0_rp4p91618072202_rn4p87284003786_f12370_f21100_a0_dac1p25,K5AC,A,3,0.05,1,3,43,ac,0.0,0.0,0,1.25,0,4.916180722023276,4.872840037858758,40.0,2370.0,1100.0,,0,1036675.0959321742,1.7045401862669027e-05,9.623506263981069,13.612537117421653,25.35104380863771,0,2473621.9916389273,428.69124096964543,508.1350846242684,79.44384365462298,-4.961535729992593,-5.0,-0.7692854001481342,,,,,,,,,,,,,,,,,,,,,,,,,,,,,,,,,,,,0
s9_k5ac_a_s03_pos1_tap3_mc440_cpl0_rp4p94731480802_rn4p81983101758_f12370_f21100_a0_dac1p25,K5AC,A,3,0.05,1,3,440,ac,0.0,0.0,0,1.25,0,4.9473148080236165,4.819831017576631,40.0,2370.0,1100.0,,0,1019171.9160105409,1.7306045830900273e-05,11.569999317502349,13.366591971491017,24.781054971654065,0,2473621.9916389273,428.3717776926328,493.5742283248379,65.20245063220511,-4.93190462237812,-5.0,-1.3619075524376023,,,,,,,,,,,,,,,,,,,,,,,,,,,,,,,,,,,,0
s9_k5ac_a_s03_pos1_tap3_mc441_cpl0_rp4p93868404524_rn4p94219884705_f12370_f21100_a0_dac1p25,K5AC,A,3,0.05,1,3,441,ac,0.0,0.0,0,1.25,0,4.938684045243629,4.942198847048544,40.0,2370.0,1100.0,,0,1015278.9625742481,1.6989321007274838e-05,8.576958985909096,13.631854607474741,25.127621623614008,0,2473621.9916389273,429.1906538630638,499.28698004580946,70.09632618274566,-5.029024757865514,-5.0,0.5804951573102901,,,,,,,,,,,,,,,,,,,,,,,,,,,,,,,,,,,,0
s9_k5ac_a_s03_pos1_tap3_mc442_cpl0_rp4p83993282853_rn4p82015738078_f12370_f21100_a0_dac1p25,K5AC,A,3,0.05,1,3,442,ac,0.0,0.0,0,1.25,0,4.839932828527066,4.820157380784122,40.0,2370.0,1100.0,,0,985453.5601973751,0.008659690355111412,9190.3771336333,13.486091235360291,24.982614865649598,0,2473621.9916389273,441.2898239534698,485.6506748496188,44.360850896148975,-5.0478320990806775,-5.0,0.9566419816135596,,,,,,,,,,,,,,,,,,,,,,,,,,,,,,,,,,,,0
s9_k5ac_a_s03_pos1_tap3_mc443_cpl0_rp4p96483957111_rn4p9682278316_f12370_f21100_a0_dac1p25,K5AC,A,3,0.05,1,3,443,ac,0.0,0.0,0,1.25,0,4.964839571106617,4.968227831597427,40.0,2370.0,1100.0,,0,990269.0729721339,0.007840464341636707,9332.543007970628,13.766389977781786,25.295475983496708,0,2473621.9916389273,440.7869744398139,493.63779507309835,52.85082063328446,-4.927269554803356,-5.0,-1.4546089039328747,,,,,,,,,,,,,,,,,,,,,,,,,,,,,,,,,,,,0
s9_k5ac_a_s03_pos1_tap3_mc444_cpl0_rp4p84650185077_rn4p91420142673_f12370_f21100_a0_dac1p25,K5AC,A,3,0.05,1,3,444,ac,0.0,0.0,0,1.25,0,4.846501850768853,4.914201426727646,40.0,2370.0,1100.0,,0,1031895.3770645979,1.7121904176583243e-05,9.549925860214541,13.303289085730865,24.833142302323356,0,2473621.9916389273,427.95666507344094,497.10906154178895,69.152396468348,-5.003456563938301,-5.0,0.06913127876602143,,,,,,,,,,,,,,,,,,,,,,,,,,,,,,,,,,,,0
s9_k5ac_a_s03_pos1_tap3_mc445_cpl0_rp4p87222682255_rn4p92161223144_f12370_f21100_a0_dac1p25,K5AC,A,3,0.05,1,3,445,ac,0.0,0.0,0,1.25,0,4.872226822548897,4.921612231443327,40.0,2370.0,1100.0,,0,1023169.3903772807,1.7132092021596324e-05,9.923540961321196,13.794024260330694,25.478579856463668,0,2473621.9916389273,433.11504511990216,508.2086666096566,75.09362148975441,-4.907218782131199,-5.0,-1.8556243573760178,,,,,,,,,,,,,,,,,,,,,,,,,,,,,,,,,,,,0
s9_k5ac_a_s03_pos1_tap3_mc446_cpl0_rp4p83587136549_rn4p89235603238_f12370_f21100_a0_dac1p25,K5AC,A,3,0.05,1,3,446,ac,0.0,0.0,0,1.25,0,4.8358713654866365,4.892356032379998,40.0,2370.0,1100.0,,0,1041914.3506053633,1.706848423152067e-05,9.623506263981069,13.114030398726188,24.724340051442226,0,2473621.9916389273,426.2624730094582,495.23734447359845,68.97487146414028,-4.942692265678408,-5.0,-1.1461546864318328,,,,,,,,,,,,,,,,,,,,,,,,,,,,,,,,,,,,0
s9_k5ac_a_s03_pos1_tap3_mc447_cpl0_rp4p91808955789_rn4p84124517631_f12370_f21100_a0_dac1p25,K5AC,A,3,0.05,1,3,447,ac,0.0,0.0,0,1.25,0,4.91808955788955,4.841245176312512,40.0,2370.0,1100.0,,0,982159.6567580923,1.7271726898380122e-05,11.049263568487813,13.540422640438889,24.979471819341946,0,2473621.9916389273,439.54300028240664,484.6517491659041,45.10874888349747,-4.908518436805729,-5.0,-1.8296312638854118,,,,,,,,,,,,,,,,,,,,,,,,,,,,,,,,,,,,0
s9_k5ac_a_s03_pos1_tap3_mc448_cpl0_rp4p91326034605_rn4p80768961249_f12370_f21100_a0_dac1p25,K5AC,A,3,0.05,1,3,448,ac,0.0,0.0,0,1.25,0,4.913260346054073,4.807689612488507,40.0,2370.0,1100.0,,0,1034393.0213803814,0.007557763205394226,10471.28548050981,13.547826433180322,25.241624380891896,0,2473621.9916389273,431.4179372879234,505.65067306753923,74.23273577961584,-4.83446144275655,-5.0,-3.310771144869007,,,,,,,,,,,,,,,,,,,,,,,,,,,,,,,,,,,,0
s9_k5ac_a_s03_pos1_tap3_mc449_cpl0_rp4p89853833736_rn4p97944014372_f12370_f21100_a0_dac1p25,K5AC,A,3,0.05,1,3,449,ac,0.0,0.0,0,1.25,0,4.898538337363991,4.97944014371821,40.0,2370.0,1100.0,,0,992677.9917962236,0.010334739549637402,9923.540961321773,13.623218759365757,24.98209928783966,0,2473621.9916389273,436.97615975484257,489.89216547028667,52.9160057154441,-4.968881614887225,-5.0,-0.6223677022554996,,,,,,,,,,,,,,,,,,,,,,,,,,,,,,,,,,,,0
s9_k5ac_a_s03_pos1_tap3_mc44_cpl0_rp4p99711894844_rn4p82368120501_f12370_f21100_a0_dac1p25,K5AC,A,3,0.05,1,3,44,ac,0.0,0.0,0,1.25,0,4.997118948444106,4.823681205007997,40.0,2370.0,1100.0,,0,980045.7172671284,1.698608794954533e-05,9.120108393559267,14.100009764529911,25.721426974442444,0,2473621.9916389273,443.79338070936467,499.8415973006716,56.048216591306925,-4.841169030160296,-5.0,-3.176619396794078,,,,,,,,,,,,,,,,,,,,,,,,,,,,,,,,,,,,0
s9_k5ac_a_s03_pos1_tap3_mc450_cpl0_rp4p89239110364_rn4p80615369179_f12370_f21100_a0_dac1p25,K5AC,A,3,0.05,1,3,450,ac,0.0,0.0,0,1.25,0,4.892391103642157,4.806153691794557,40.0,2370.0,1100.0,,0,1004693.7564211513,1.7064498799294774e-05,9.261187281288109,13.36473942438302,24.72290066439299,0,2473621.9916389273,429.53199545217245,487.8019916445717,58.26999619239922,-5.047857025021726,-5.0,0.9571405004345168,,,,,,,,,,,,,,,,,,,,,,,,,,,,,,,,,,,,0
s9_k5ac_a_s03_pos1_tap3_mc451_cpl0_rp4p92126212577_rn4p99481129844_f12370_f21100_a0_dac1p25,K5AC,A,3,0.05,1,3,451,ac,0.0,0.0,0,1.25,0,4.921262125773868,4.994811298436988,40.0,2370.0,1100.0,,0,979834.6239532663,1.7373104523747904e-05,11.220184543019862,14.01015393795254,25.57716856329924,0,2473621.9916389273,443.56162542599776,497.6455628831191,54.08393745712135,-5.023239327610074,-5.0,0.46478655220147935,,,,,,,,,,,,,,,,,,,,,,,,,,,,,,,,,,,,0
s9_k5ac_a_s03_pos1_tap3_mc452_cpl0_rp4p96816879058_rn4p83494627596_f12370_f21100_a0_dac1p25,K5AC,A,3,0.05,1,3,452,ac,0.0,0.0,0,1.25,0,4.968168790584767,4.8349462759630715,40.0,2370.0,1100.0,,0,1019758.211435332,1.73726168623948e-05,11.220184543019862,12.911522945621595,24.308657868963635,0,2473621.9916389273,428.23128934251287,481.0053835390186,52.77409419650576,-4.894493880131322,-5.0,-2.1101223973735594,,,,,,,,,,,,,,,,,,,,,,,,,,,,,,,,,,,,0
s9_k5ac_a_s03_pos1_tap3_mc453_cpl0_rp4p81189616737_rn4p92513478479_f12370_f21100_a0_dac1p25,K5AC,A,3,0.05,1,3,453,ac,0.0,0.0,0,1.25,0,4.811896167372134,4.925134784791296,40.0,2370.0,1100.0,,0,950121.885391732,0.005630504819028365,8254.04185268081,14.124016531069701,25.54801198748866,0,2473621.9916389273,449.2270063488537,488.5203611915727,39.293354842719,-4.907512948710739,-5.0,-1.8497410257852231,,,,,,,,,,,,,,,,,,,,,,,,,,,,,,,,,,,,0
s9_k5ac_a_s03_pos1_tap3_mc454_cpl0_rp4p84477285746_rn4p85156316116_f12370_f21100_a0_dac1p25,K5AC,A,3,0.05,1,3,454,ac,0.0,0.0,0,1.25,0,4.8447728574641715,4.851563161162482,40.0,2370.0,1100.0,,0,972684.099668485,1.6765842639891575e-05,8.004483861359057,14.082778607134083,25.57620392639817,0,2473621.9916389273,441.45410986332416,496.38909369890143,54.93498383557727,-4.962203031763071,-5.0,-0.7559393647385781,,,,,,,,,,,,,,,,,,,,,,,,,,,,,,,,,,,,0
s9_k5ac_a_s03_pos1_tap3_mc455_cpl0_rp4p9611795944_rn4p94607428095_f12370_f21100_a0_dac1p25,K5AC,A,3,0.05,1,3,455,ac,0.0,0.0,0,1.25,0,4.961179594399361,4.946074280945574,40.0,2370.0,1100.0,,0,1033108.1160414601,0.003923524721620935,9847.666521102343,13.719862256529964,25.516403383114547,0,2473621.9916389273,432.38190351149905,510.3857573349415,78.00385382344245,-4.862688351747741,-5.0,-2.746232965045192,,,,,,,,,,,,,,,,,,,,,,,,,,,,,,,,,,,,0
s9_k5ac_a_s03_pos1_tap3_mc456_cpl0_rp4p8081696137_rn4p89844934998_f12370_f21100_a0_dac1p25,K5AC,A,3,0.05,1,3,456,ac,0.0,0.0,0,1.25,0,4.808169613704869,4.898449349976364,40.0,2370.0,1100.0,,0,969406.1038570688,0.008045576828371058,9476.908045142321,14.023103865971207,25.65668742783551,0,2473621.9916389273,446.59916342436236,494.1588186082516,47.55965518388922,-5.006401223692463,-5.0,0.12802447384925308,,,,,,,,,,,,,,,,,,,,,,,,,,,,,,,,,,,,0
s9_k5ac_a_s03_pos1_tap3_mc457_cpl0_rp4p80901387006_rn4p89893927897_f12370_f21100_a0_dac1p25,K5AC,A,3,0.05,1,3,457,ac,0.0,0.0,0,1.25,0,4.809013870061053,4.898939278974989,40.0,2370.0,1100.0,,0,1004940.3015561277,1.681957045933491e-05,8.446303185839836,13.279787689210025,24.70609970567221,0,2473621.9916389273,429.9852902804949,485.8296951821336,55.84440490163871,-4.872185618179465,-5.0,-2.5562876364107034,,,,,,,,,,,,,,,,,,,,,,,,,,,,,,,,,,,,0
s9_k5ac_a_s03_pos1_tap3_mc458_cpl0_rp4p97886635009_rn4p86955244537_f12370_f21100_a0_dac1p25,K5AC,A,3,0.05,1,3,458,ac,0.0,0.0,0,1.25,0,4.97886635008926,4.869552445369452,40.0,2370.0,1100.0,,0,981507.9267958833,0.006076283779002193,8511.380382024412,13.5349111096662,24.956623268512597,0,2473621.9916389273,439.5742921055974,483.29949370826506,43.72520160266765,-4.8005822954639505,-5.0,-3.9883540907209913,,,,,,,,,,,,,,,,,,,,,,,,,,,,,,,,,,,,0
s9_k5ac_a_s03_pos1_tap3_mc459_cpl0_rp4p83963177594_rn4p8663180674_f12370_f21100_a0_dac1p25,K5AC,A,3,0.05,1,3,459,ac,0.0,0.0,0,1.25,0,4.839631775943394,4.866318067395099,40.0,2370.0,1100.0,,0,941860.6804902359,1.6969669172471165e-05,9.261187281288109,14.241994145535076,25.737707506888217,0,2473621.9916389273,449.8672174814422,489.94542915999915,40.078211678556954,-4.9588472373860935,-5.0,-0.8230552522781265,,,,,,,,,,,,,,,,,,,,,,,,,,,,,,,,,,,,0
s9_k5ac_a_s03_pos1_tap3_mc45_cpl0_rp4p82760566967_rn4p99722862818_f12370_f21100_a0_dac1p25,K5AC,A,3,0.05,1,3,45,ac,0.0,0.0,0,1.25,0,4.827605669673552,4.997228628177117,40.0,2370.0,1100.0,,0,1001488.9793074206,1.6688860954650075e-05,8.004483861359057,13.626513049606826,25.13537501679521,0,2473621.9916389273,431.3094016349106,495.16598461048903,63.85658297557842,-4.910667642017148,-5.0,-1.78664715965704,,,,,,,,,,,,,,,,,,,,,,,,,,,,,,,,,,,,0
s9_k5ac_a_s03_pos1_tap3_mc460_cpl0_rp4p92007457843_rn4p99419478961_f12370_f21100_a0_dac1p25,K5AC,A,3,0.05,1,3,460,ac,0.0,0.0,0,1.25,0,4.920074578427743,4.994194789613285,40.0,2370.0,1100.0,,0,988947.0397948496,1.6834703036568782e-05,8.381723563641772,13.58595587845461,25.14685820447132,0,2473621.9916389273,436.9863000745246,489.3172122984164,52.3309122238918,-4.879753468159079,-5.0,-2.4049306368184253,,,,,,,,,,,,,,,,,,,,,,,,,,,,,,,,,,,,0
s9_k5ac_a_s03_pos1_tap3_mc461_cpl0_rp4p91074305468_rn4p85079696789_f12370_f21100_a0_dac1p25,K5AC,A,3,0.05,1,3,461,ac,0.0,0.0,0,1.25,0,4.910743054677111,4.850796967891991,40.0,2370.0,1100.0,,0,1005138.9186187973,0.00480173797938313,8776.742025360732,13.335292672749654,24.951161663386127,0,2473621.9916389273,436.4923760482794,488.94503245532803,52.45265640704861,-4.961632183515046,-5.0,-0.7673563296990871,,,,,,,,,,,,,,,,,,,,,,,,,,,,,,,,,,,,0
s9_k5ac_a_s03_pos1_tap3_mc462_cpl0_rp4p81682487932_rn4p80385501731_f12370_f21100_a0_dac1p25,K5AC,A,3,0.05,1,3,462,ac,0.0,0.0,0,1.25,0,4.816824879322612,4.8038550173147785,40.0,2370.0,1100.0,,0,991472.9812524883,0.0011232590573662703,7300.176045009326,14.12246981472843,25.83011626624207,0,2473621.9916389273,442.6827711144065,504.654902268925,61.972131154518536,-4.881329949444492,-5.0,-2.3734010111101655,,,,,,,,,,,,,,,,,,,,,,,,,,,,,,,,,,,,0
s9_k5ac_a_s03_pos1_tap3_mc463_cpl0_rp4p81980051483_rn4p93994820809_f12370_f21100_a0_dac1p25,K5AC,A,3,0.05,1,3,463,ac,0.0,0.0,0,1.25,0,4.819800514826301,4.939948208085681,40.0,2370.0,1100.0,,0,972475.0938125625,0.0022695392996441278,7527.775638142228,14.249061900830807,25.87676962875362,0,2473621.9916389273,448.74435594093217,500.84286065549674,52.09850471456457,-4.9118600757513216,-5.0,-1.7627984849735712,,,,,,,,,,,,,,,,,,,,,,,,,,,,,,,,,,,,0
s9_k5ac_a_s03_pos1_tap3_mc464_cpl0_rp4p93819973582_rn4p89022032526_f12370_f21100_a0_dac1p25,K5AC,A,3,0.05,1,3,464,ac,0.0,0.0,0,1.25,0,4.93819973581738,4.890220325258228,40.0,2370.0,1100.0,,0,970953.7528477532,0.005384279134697304,8709.63589956147,13.740717979197347,25.278153040257003,0,2473621.9916389273,444.98322570468184,486.88379779668696,41.90057209200512,-5.015664929627478,-5.0,0.31329859254956016,,,,,,,,,,,,,,,,,,,,,,,,,,,,,,,,,,,,0
s9_k5ac_a_s03_pos1_tap3_mc465_cpl0_rp4p97378126426_rn4p99197721852_f12370_f21100_a0_dac1p25,K5AC,A,3,0.05,1,3,465,ac,0.0,0.0,0,1.25,0,4.973781264259639,4.991977218520064,40.0,2370.0,1100.0,,0,1065138.3564164303,0.006132840706292216,10311.772745931354,12.91497730800284,24.546436928085974,0,2473621.9916389273,422.2758211882942,498.9092611639911,76.63343997569694,-4.89092798775176,-5.0,-2.181440244964805,,,,,,,,,,,,,,,,,,,,,,,,,,,,,,,,,,,,0
s9_k5ac_a_s03_pos1_tap3_mc466_cpl0_rp4p87794000204_rn4p89205780317_f12370_f21100_a0_dac1p25,K5AC,A,3,0.05,1,3,466,ac,0.0,0.0,0,1.25,0,4.8779400020416315,4.892057803174942,40.0,2370.0,1100.0,,0,997945.4923173662,0.009338597902721839,9847.666521102343,13.549570395308347,24.987013321621742,0,2473621.9916389273,436.63420049955096,489.9258185571279,53.291618057576954,-4.789421039296413,-5.0,-4.211579214071737,,,,,,,,,,,,,,,,,,,,,,,,,,,,,,,,,,,,0
s9_k5ac_a_s03_pos1_tap3_mc467_cpl0_rp4p96689425009_rn4p99443766455_f12370_f21100_a0_dac1p25,K5AC,A,3,0.05,1,3,467,ac,0.0,0.0,0,1.25,0,4.96689425008728,4.994437664548066,40.0,2370.0,1100.0,,0,1022976.1288071313,0.007793930723994428,10000.000000000775,12.923707641434149,24.343615703684247,0,2473621.9916389273,427.94444039839266,482.7582029727636,54.81376257437097,-4.978866110549656,-5.0,-0.4226777890068867,,,,,,,,,,,,,,,,,,,,,,,,,,,,,,,,,,,,0
s9_k5ac_a_s03_pos1_tap3_mc468_cpl0_rp4p99627994237_rn4p80677673773_f12370_f21100_a0_dac1p25,K5AC,A,3,0.05,1,3,468,ac,0.0,0.0,0,1.25,0,4.996279942373079,4.806776737728935,40.0,2370.0,1100.0,,0,999989.1537322283,0.006799534317735936,9476.908045142321,13.838222349451684,25.476759086064543,0,2473621.9916389273,440.5431807100353,500.32257299134307,59.779392281307764,-4.893672149057226,-5.0,-2.1265570188554905,,,,,,,,,,,,,,,,,,,,,,,,,,,,,,,,,,,,0
s9_k5ac_a_s03_pos1_tap3_mc469_cpl0_rp4p86746515181_rn4p82442949935_f12370_f21100_a0_dac1p25,K5AC,A,3,0.05,1,3,469,ac,0.0,0.0,0,1.25,0,4.867465151813388,4.824429499351856,40.0,2370.0,1100.0,,0,977229.1752112091,1.723847907683154e-05,10.232929922807742,13.8269880220223,25.35983891325056,0,2473621.9916389273,443.1395590892562,491.04119780028293,47.90163871102675,-5.018869075354337,-5.0,0.377381507086727,,,,,,,,,,,,,,,,,,,,,,,,,,,,,,,,,,,,0
s9_k5ac_a_s03_pos1_tap3_mc46_cpl0_rp4p98614128366_rn4p95326093094_f12370_f21100_a0_dac1p25,K5AC,A,3,0.05,1,3,46,ac,0.0,0.0,0,1.25,0,4.9861412836618335,4.9532609309445235,40.0,2370.0,1100.0,,0,1011087.1984093203,1.6909349627318837e-05,8.643042860748515,13.579263846117412,25.277562472244007,0,2473621.9916389273,435.37451706104554,497.3134073032072,61.938890242161676,-5.01474921913411,-5.0,0.2949843826822063,,,,,,,,,,,,,,,,,,,,,,,,,,,,,,,,,,,,0
s9_k5ac_a_s03_pos1_tap3_mc470_cpl0_rp4p91328404321_rn4p86674408431_f12370_f21100_a0_dac1p25,K5AC,A,3,0.05,1,3,470,ac,0.0,0.0,0,1.25,0,4.9132840432076454,4.866744084313133,40.0,2370.0,1100.0,,0,941339.3978770189,1.7110774108333374e-05,9.847666521101772,14.499252536797925,26.03550718134777,0,2473621.9916389273,453.8369609025789,497.0651057869366,43.22814488435773,-5.013806939762705,-5.0,0.27613879525409946,,,,,,,,,,,,,,,,,,,,,,,,,,,,,,,,,,,,0
s9_k5ac_a_s03_pos1_tap3_mc471_cpl0_rp4p89736193895_rn4p8066346075_f12370_f21100_a0_dac1p25,K5AC,A,3,0.05,1,3,471,ac,0.0,0.0,0,1.25,0,4.897361938947755,4.806634607495522,40.0,2370.0,1100.0,,0,978169.2395352417,0.0010562607143755147,7188.969923658608,14.363836237648236,25.94699808317797,0,2473621.9916389273,446.57126276677513,506.62441926806065,60.053156501285514,-4.9442064504876795,-5.0,-1.1158709902464148,,,,,,,,,,,,,,,,,,,,,,,,,,,,,,,,,,,,0
s9_k5ac_a_s03_pos1_tap3_mc472_cpl0_rp4p82442057089_rn4p90328400898_f12370_f21100_a0_dac1p25,K5AC,A,3,0.05,1,3,472,ac,0.0,0.0,0,1.25,0,4.824420570887314,4.9032840089774,40.0,2370.0,1100.0,,0,993675.3567067316,0.006701243168428907,8844.365191386672,13.17002657766215,24.616010772486202,0,2473621.9916389273,436.54533780598024,479.3880936403314,42.84275583435118,-4.961766975592445,-5.0,-0.7646604881511032,,,,,,,,,,,,,,,,,,,,,,,,,,,,,,,,,,,,0
s9_k5ac_a_s03_pos1_tap3_mc473_cpl0_rp4p81133556306_rn4p83594098262_f12370_f21100_a0_dac1p25,K5AC,A,3,0.05,1,3,473,ac,0.0,0.0,0,1.25,0,4.811335563056074,4.835940982615407,40.0,2370.0,1100.0,,0,1025897.6569362939,1.7430993535251877e-05,13.698299792150001,12.895805673179499,24.370850787679895,0,2473621.9916389273,428.7665841707245,483.2433440239028,54.476759853178294,-4.9605191069916375,-5.0,-0.7896178601672466,,,,,,,,,,,,,,,,,,,,,,,,,,,,,,,,,,,,0
s9_k5ac_a_s03_pos1_tap3_mc474_cpl0_rp4p84073641539_rn4p87162305829_f12370_f21100_a0_dac1p25,K5AC,A,3,0.05,1,3,474,ac,0.0,0.0,0,1.25,0,4.840736415390106,4.871623058289732,40.0,2370.0,1100.0,,0,983988.9139743625,1.7349796869973043e-05,12.882495516931616,14.555693002816456,26.29973887955514,0,2473621.9916389273,446.7317865847545,513.989364511145,67.25757792639052,-4.973892404937239,-5.0,-0.52215190125523,,,,,,,,,,,,,,,,,,,,,,,,,,,,,,,,,,,,0
s9_k5ac_a_s03_pos1_tap3_mc475_cpl0_rp4p84031180256_rn4p85577913513_f12370_f21100_a0_dac1p25,K5AC,A,3,0.05,1,3,475,ac,0.0,0.0,0,1.25,0,4.840311802564188,4.855779135131709,40.0,2370.0,1100.0,,0,975034.3094533781,1.750066255025181e-05,13.698299792150001,13.852237253650076,25.398863990171154,0,2473621.9916389273,442.71251479675,491.12547599063345,48.41296119388346,-4.966084042538196,-5.0,-0.678319149236084,,,,,,,,,,,,,,,,,,,,,,,,,,,,,,,,,,,,0
s9_k5ac_a_s03_pos1_tap3_mc476_cpl0_rp4p80826104094_rn4p87299243737_f12370_f21100_a0_dac1p25,K5AC,A,3,0.05,1,3,476,ac,0.0,0.0,0,1.25,0,4.8082610409374436,4.872992437372049,40.0,2370.0,1100.0,,0,979785.5739285154,0.002657175475668126,8066.156921766744,13.973192805649978,25.479989894335993,0,2473621.9916389273,441.4775228244556,494.7852953434893,53.307772519033676,-4.8179314290301765,-5.0,-3.6413714193964664,,,,,,,,,,,,,,,,,,,,,,,,,,,,,,,,,,,,0
s9_k5ac_a_s03_pos1_tap3_mc477_cpl0_rp4p9011025822_rn4p98272173248_f12370_f21100_a0_dac1p25,K5AC,A,3,0.05,1,3,477,ac,0.0,0.0,0,1.25,0,4.901102582197919,4.982721732480511,40.0,2370.0,1100.0,,0,1037825.5627935631,1.719925576748449e-05,10.000000000000194,13.017017471250467,24.66488198625047,0,2473621.9916389273,426.76124095784166,491.69953691977054,64.93829596192887,-5.02340913711432,-5.0,0.4681827422863938,,,,,,,,,,,,,,,,,,,,,,,,,,,,,,,,,,,,0
s9_k5ac_a_s03_pos1_tap3_mc478_cpl0_rp4p94375421175_rn4p94783314723_f12370_f21100_a0_dac1p25,K5AC,A,3,0.05,1,3,478,ac,0.0,0.0,0,1.25,0,4.943754211749966,4.947833147232941,40.0,2370.0,1100.0,,0,996523.2519572203,1.6819229331082834e-05,7.822279563860161,14.048377352032595,25.69565747320113,0,2473621.9916389273,436.743863669372,503.7021157434532,66.9582520740812,-4.955060142779706,-5.0,-0.8987971444058829,,,,,,,,,,,,,,,,,,,,,,,,,,,,,,,,,,,,0
s9_k5ac_a_s03_pos1_tap3_mc479_cpl0_rp4p94451228521_rn4p87916699196_f12370_f21100_a0_dac1p25,K5AC,A,3,0.05,1,3,479,ac,0.0,0.0,0,1.25,0,4.944512285207889,4.8791669919552785,40.0,2370.0,1100.0,,0,972671.1060155822,0.0011065559108162078,7244.359600750442,14.430213197823267,26.1647859031808,0,2473621.9916389273,448.6898769694679,506.5670666171348,57.87718964766691,-5.0153866634944375,-5.0,0.3077332698887547,,,,,,,,,,,,,,,,,,,,,,,,,,,,,,,,,,,,0
s9_k5ac_a_s03_pos1_tap3_mc47_cpl0_rp4p8941099336_rn4p90077857548_f12370_f21100_a0_dac1p25,K5AC,A,3,0.05,1,3,47,ac,0.0,0.0,0,1.25,0,4.894109933598021,4.900778575478652,40.0,2370.0,1100.0,,0,1011685.8262689186,1.7010088911956493e-05,9.261187281288109,13.874423057406363,25.43955654219757,0,2473621.9916389273,432.2014062075469,505.94209275825915,73.74068655071227,-4.841818476185491,-5.0,-3.16363047629018,,,,,,,,,,,,,,,,,,,,,,,,,,,,,,,,,,,,0
s9_k5ac_a_s03_pos1_tap3_mc480_cpl0_rp4p9165168846_rn4p81704233275_f12370_f21100_a0_dac1p25,K5AC,A,3,0.05,1,3,480,ac,0.0,0.0,0,1.25,0,4.916516884599978,4.817042332753258,40.0,2370.0,1100.0,,0,970541.39035505,1.7027255594798688e-05,9.190377133632765,13.917926424262278,25.470222969465187,0,2473621.9916389273,442.68938838775904,492.40036692796906,49.71097854021002,-4.879037681100645,-5.0,-2.4192463779871054,,,,,,,,,,,,,,,,,,,,,,,,,,,,,,,,,,,,0
s9_k5ac_a_s03_pos1_tap3_mc481_cpl0_rp4p90897657852_rn4p83863291458_f12370_f21100_a0_dac1p25,K5AC,A,3,0.05,1,3,481,ac,0.0,0.0,0,1.25,0,4.908976578521395,4.83863291458142,40.0,2370.0,1100.0,,0,992413.6552313474,1.7473090433332504e-05,14.4543977074596,13.736281531726698,25.280539699325512,0,2473621.9916389273,437.2420437962973,493.7244455531486,56.48240175685129,-5.034805092441731,-5.0,0.6961018488346182,,,,,,,,,,,,,,,,,,,,,,,,,,,,,,,,,,,,0
s9_k5ac_a_s03_pos1_tap3_mc482_cpl0_rp4p86288100731_rn4p91113469178_f12370_f21100_a0_dac1p25,K5AC,A,3,0.05,1,3,482,ac,0.0,0.0,0,1.25,0,4.862881007312245,4.911134691775557,40.0,2370.0,1100.0,,0,997629.5762355346,0.005211151077753584,9120.108393559796,13.954109191710184,25.445951917545163,0,2473621.9916389273,438.7492603753805,501.5174407686349,62.7681803932544,-4.869481112175543,-5.0,-2.610377756489135,,,,,,,,,,,,,,,,,,,,,,,,,,,,,,,,,,,,0
s9_k5ac_a_s03_pos1_tap3_mc483_cpl0_rp4p83291461281_rn4p81672175434_f12370_f21100_a0_dac1p25,K5AC,A,3,0.05,1,3,483,ac,0.0,0.0,0,1.25,0,4.83291461281191,4.81672175434094,40.0,2370.0,1100.0,,0,980368.0722500663,0.004580484373950779,8066.156921766744,13.65516041635755,25.183897005509976,0,2473621.9916389273,444.08941929146783,488.1501785903088,44.06075929884099,-4.9656763948937535,-5.0,-0.6864721021249354,,,,,,,,,,,,,,,,,,,,,,,,,,,,,,,,,,,,0
s9_k5ac_a_s03_pos1_tap3_mc484_cpl0_rp4p80955583217_rn4p93161747833_f12370_f21100_a0_dac1p25,K5AC,A,3,0.05,1,3,484,ac,0.0,0.0,0,1.25,0,4.80955583216582,4.931617478327593,40.0,2370.0,1100.0,,0,951909.8320889648,1.7102638600757066e-05,8.981178609607111,14.519101103039015,26.114712290279417,0,2473621.9916389273,449.6947437564701,500.2578655431455,50.563121786675424,-4.9051181252524465,-5.0,-1.8976374949510655,,,,,,,,,,,,,,,,,,,,,,,,,,,,,,,,,,,,0
s9_k5ac_a_s03_pos1_tap3_mc485_cpl0_rp4p89514580487_rn4p91137783103_f12370_f21100_a0_dac1p25,K5AC,A,3,0.05,1,3,485,ac,0.0,0.0,0,1.25,0,4.895145804869464,4.9113778310291725,40.0,2370.0,1100.0,,0,990644.2545480693,0.002951422199517799,7762.471166287502,13.889682519307936,25.469389083678934,0,2473621.9916389273,442.21959637831975,496.7701406945587,54.55054431623893,-4.82270700958058,-5.0,-3.5458598083883963,,,,,,,,,,,,,,,,,,,,,,,,,,,,,,,,,,,,0
s9_k5ac_a_s03_pos1_tap3_mc486_cpl0_rp4p95705388401_rn4p94764671172_f12370_f21100_a0_dac1p25,K5AC,A,3,0.05,1,3,486,ac,0.0,0.0,0,1.25,0,4.957053884006331,4.947646711724817,40.0,2370.0,1100.0,,0,1013116.6693568457,0.0038153903486365746,8066.156921766744,13.285791981947632,24.783032641072804,0,2473621.9916389273,433.77146824420066,488.8090926978694,55.03762445366874,-4.855386884634974,-5.0,-2.8922623073005083,,,,,,,,,,,,,,,,,,,,,,,,,,,,,,,,,,,,0
s9_k5ac_a_s03_pos1_tap3_mc487_cpl0_rp4p84482012182_rn4p95383071947_f12370_f21100_a0_dac1p25,K5AC,A,3,0.05,1,3,487,ac,0.0,0.0,0,1.25,0,4.84482012181883,4.953830719470984,40.0,2370.0,1100.0,,0,1010812.8554058431,0.004612052566403759,8643.042860749016,13.496667790800725,25.13228362565015,0,2473621.9916389273,437.5473689313724,494.1831511317317,56.6357822003593,-4.947673172774316,-5.0,-1.0465365445136876,,,,,,,,,,,,,,,,,,,,,,,,,,,,,,,,,,,,0
s9_k5ac_a_s03_pos1_tap3_mc488_cpl0_rp4p88763720285_rn4p83155380993_f12370_f21100_a0_dac1p25,K5AC,A,3,0.05,1,3,488,ac,0.0,0.0,0,1.25,0,4.887637202849622,4.831553809926781,40.0,2370.0,1100.0,,0,948787.6130798593,1.748446563845261e-05,13.698299792150001,14.399742131302268,25.823872958653972,0,2473621.9916389273,450.28818007868813,494.6993090824303,44.41112900374219,-4.892334104481871,-5.0,-2.1533179103625733,,,,,,,,,,,,,,,,,,,,,,,,,,,,,,,,,,,,0
s9_k5ac_a_s03_pos1_tap3_mc489_cpl0_rp4p84766955943_rn4p875178525_f12370_f21100_a0_dac1p25,K5AC,A,3,0.05,1,3,489,ac,0.0,0.0,0,1.25,0,4.847669559428117,4.875178525002907,40.0,2370.0,1100.0,,0,1019379.4719568377,1.6910109128224238e-05,8.576958985909096,13.809658684138869,25.344511852605304,0,2473621.9916389273,429.1775428429817,507.11125054780894,77.93370770482721,-4.9644996972948885,-5.0,-0.7100060541022302,,,,,,,,,,,,,,,,,,,,,,,,,,,,,,,,,,,,0
s9_k5ac_a_s03_pos1_tap3_mc48_cpl0_rp4p84579746796_rn4p94824174979_f12370_f21100_a0_dac1p25,K5AC,A,3,0.05,1,3,48,ac,0.0,0.0,0,1.25,0,4.845797467955072,4.948241749788483,40.0,2370.0,1100.0,,0,986368.8476936886,0.004945658070750953,9190.3771336333,13.773387118372522,25.149617317028035,0,2473621.9916389273,437.53718887199443,491.80347543917486,54.26628656718043,-4.927333008508263,-5.0,-1.4533398298347322,,,,,,,,,,,,,,,,,,,,,,,,,,,,,,,,,,,,0
s9_k5ac_a_s03_pos1_tap3_mc490_cpl0_rp4p88142816359_rn4p98473046386_f12370_f21100_a0_dac1p25,K5AC,A,3,0.05,1,3,490,ac,0.0,0.0,0,1.25,0,4.881428163586611,4.984730463863299,40.0,2370.0,1100.0,,0,1017224.9677011875,1.7400317433580224e-05,12.686251981032868,13.515400146779049,24.958603953305467,0,2473621.9916389273,430.45003829183736,496.97583193961253,66.52579364777517,-4.906733946755449,-5.0,-1.8653210648910123,,,,,,,,,,,,,,,,,,,,,,,,,,,,,,,,,,,,0
s9_k5ac_a_s03_pos1_tap3_mc491_cpl0_rp4p86846818018_rn4p85896451487_f12370_f21100_a0_dac1p25,K5AC,A,3,0.05,1,3,491,ac,0.0,0.0,0,1.25,0,4.86846818017839,4.858964514867365,40.0,2370.0,1100.0,,0,1031407.8300921031,0.00395290267253282,9332.543007970628,13.34504087086104,24.971393756916573,0,2473621.9916389273,429.973247105986,498.1455311101198,68.17228400413381,-4.895934971118073,-5.0,-2.081300577638545,,,,,,,,,,,,,,,,,,,,,,,,,,,,,,,,,,,,0
s9_k5ac_a_s03_pos1_tap3_mc492_cpl0_rp4p84718679302_rn4p96650176044_f12370_f21100_a0_dac1p25,K5AC,A,3,0.05,1,3,492,ac,0.0,0.0,0,1.25,0,4.847186793022051,4.966501760442533,40.0,2370.0,1100.0,,0,1034402.4257688189,0.0022376723383046335,8446.303185840326,13.327659202361598,24.990514380831684,0,2473621.9916389273,430.6593811437016,499.4516257100599,68.7922445663583,-4.915750382112656,-5.0,-1.6849923577468728,,,,,,,,,,,,,,,,,,,,,,,,,,,,,,,,,,,,0
s9_k5ac_a_s03_pos1_tap3_mc493_cpl0_rp4p92914468276_rn4p81937382261_f12370_f21100_a0_dac1p25,K5AC,A,3,0.05,1,3,493,ac,0.0,0.0,0,1.25,0,4.929144682763958,4.819373822611605,40.0,2370.0,1100.0,,0,1007475.7409578122,0.004905543204406077,9190.3771336333,13.737941679397325,25.40529144911924,0,2473621.9916389273,437.7396654130618,499.81304154624314,62.07337613318134,-4.929723517866907,-5.0,-1.4055296426618624,,,,,,,,,,,,,,,,,,,,,,,,,,,,,,,,,,,,0
s9_k5ac_a_s03_pos1_tap3_mc494_cpl0_rp4p83246035377_rn4p87140084391_f12370_f21100_a0_dac1p25,K5AC,A,3,0.05,1,3,494,ac,0.0,0.0,0,1.25,0,4.832460353767677,4.871400843910421,40.0,2370.0,1100.0,,0,1034525.3335822888,0.004638408569537253,9261.187281288645,13.340432573449565,25.021555270463406,0,2473621.9916389273,430.5795297658045,499.2235309397596,68.64400117395508,-4.984895330828567,-5.0,-0.30209338342865877,,,,,,,,,,,,,,,,,,,,,,,,,,,,,,,,,,,,0
s9_k5ac_a_s03_pos1_tap3_mc495_cpl0_rp4p89615372738_rn4p95659479426_f12370_f21100_a0_dac1p25,K5AC,A,3,0.05,1,3,495,ac,0.0,0.0,0,1.25,0,4.896153727381476,4.956594794260359,40.0,2370.0,1100.0,,0,1029109.0888307482,1.7007159337137494e-05,9.332543007970086,12.996030150281266,24.401506945471663,0,2473621.9916389273,424.6105170632904,486.41113868527725,61.80062162198686,-4.840858505370369,-5.0,-3.182829892592609,,,,,,,,,,,,,,,,,,,,,,,,,,,,,,,,,,,,0
s9_k5ac_a_s03_pos1_tap3_mc496_cpl0_rp4p82124294855_rn4p89418312606_f12370_f21100_a0_dac1p25,K5AC,A,3,0.05,1,3,496,ac,0.0,0.0,0,1.25,0,4.821242948548383,4.894183126064418,40.0,2370.0,1100.0,,0,977761.1749757339,0.00945412197668612,10232.929922808335,14.206308332765143,25.794776904086635,0,2473621.9916389273,445.32932777648864,502.53327108124057,57.20394330475193,-4.956433325891163,-5.0,-0.8713334821767504,,,,,,,,,,,,,,,,,,,,,,,,,,,,,,,,,,,,0
s9_k5ac_a_s03_pos1_tap3_mc497_cpl0_rp4p94590527831_rn4p89269603778_f12370_f21100_a0_dac1p25,K5AC,A,3,0.05,1,3,497,ac,0.0,0.0,0,1.25,0,4.945905278313416,4.892696037778297,40.0,2370.0,1100.0,,0,952308.7018009955,0.0002321804026924369,6165.950018615274,13.944444891558767,25.27982541647067,0,2473621.9916389273,446.26022658233666,485.168815820443,38.908589238106345,-4.88958683353206,-5.0,-2.208263329358806,,,,,,,,,,,,,,,,,,,,,,,,,,,,,,,,,,,,0
s9_k5ac_a_s03_pos1_tap3_mc498_cpl0_rp4p98483368934_rn4p86744459047_f12370_f21100_a0_dac1p25,K5AC,A,3,0.05,1,3,498,ac,0.0,0.0,0,1.25,0,4.984833689338516,4.867444590474708,40.0,2370.0,1100.0,,0,958093.6525959227,1.6690589147654715e-05,7.88254877402035,14.320302227322268,25.90096353669248,0,2473621.9916389273,445.3329823903181,497.5259870342695,52.19300464395144,-4.859352037144331,-5.0,-2.81295925711339,,,,,,,,,,,,,,,,,,,,,,,,,,,,,,,,,,,,0
s9_k5ac_a_s03_pos1_tap3_mc499_cpl0_rp4p83548282447_rn4p91934024335_f12370_f21100_a0_dac1p25,K5AC,A,3,0.05,1,3,499,ac,0.0,0.0,0,1.25,0,4.835482824471407,4.919340243345649,40.0,2370.0,1100.0,,0,1015010.6740686451,0.0011888908652503646,7822.279563860615,13.760099817402358,25.446214181832243,0,2473621.9916389273,435.01303829897483,504.08541238867036,69.07237408969553,-4.871352190701768,-5.0,-2.5729561859646366,,,,,,,,,,,,,,,,,,,,,,,,,,,,,,,,,,,,0
s9_k5ac_a_s03_pos1_tap3_mc49_cpl0_rp4p89650450288_rn4p92668320918_f12370_f21100_a0_dac1p25,K5AC,A,3,0.05,1,3,49,ac,0.0,0.0,0,1.25,0,4.896504502883394,4.926683209181735,40.0,2370.0,1100.0,,0,969416.7970182541,1.6881811308134504e-05,8.511380382023917,14.451388847132225,26.03709189391136,0,2473621.9916389273,445.18009973890105,504.7666350805588,59.586535341657736,-4.907164652637918,-5.0,-1.8567069472416486,,,,,,,,,,,,,,,,,,,,,,,,,,,,,,,,,,,,0
s9_k5ac_a_s03_pos1_tap3_mc4_cpl0_rp4p9639242883_rn4p9501632796_f12370_f21100_a0_dac1p25,K5AC,A,3,0.05,1,3,4,ac,0.0,0.0,0,1.25,0,4.963924288299439,4.950163279600443,40.0,2370.0,1100.0,,0,977766.0823003099,1.679193644597912e-05,7.9432823472429535,13.51861369199877,25.001518840210487,0,2473621.9916389273,436.44550078505983,482.8699418660668,46.42444108100699,-4.885457746824977,-5.0,-2.2908450635004685,,,,,,,,,,,,,,,,,,,,,,,,,,,,,,,,,,,,0
s9_k5ac_a_s03_pos1_tap3_mc50_cpl0_rp4p93838286104_rn4p81764389731_f12370_f21100_a0_dac1p25,K5AC,A,3,0.05,1,3,50,ac,0.0,0.0,0,1.25,0,4.938382861036046,4.817643897306691,40.0,2370.0,1100.0,,0,967804.7225083613,0.009351601563747867,9332.543007970628,13.656526719206159,25.026246696504938,0,2473621.9916389273,443.50236732713586,483.17392729437597,39.671559967240114,-4.867200868669052,-5.0,-2.655982626618969,,,,,,,,,,,,,,,,,,,,,,,,,,,,,,,,,,,,0
s9_k5ac_a_s03_pos1_tap3_mc51_cpl0_rp4p94108494795_rn4p84597086392_f12370_f21100_a0_dac1p25,K5AC,A,3,0.05,1,3,51,ac,0.0,0.0,0,1.25,0,4.941084947954228,4.845970863919445,40.0,2370.0,1100.0,,0,1020363.6362654326,0.009717147255893989,10311.772745931354,13.718530763899455,25.415147530245154,0,2473621.9916389273,436.28057194862976,504.5505755783407,68.27000362971097,-4.960395151824242,-5.0,-0.7920969635151542,,,,,,,,,,,,,,,,,,,,,,,,,,,,,,,,,,,,0
s9_k5ac_a_s03_pos1_tap3_mc52_cpl0_rp4p90067306704_rn4p92869417858_f12370_f21100_a0_dac1p25,K5AC,A,3,0.05,1,3,52,ac,0.0,0.0,0,1.25,0,4.900673067044964,4.928694178577813,40.0,2370.0,1100.0,,0,1029759.1645429103,1.68724499052906e-05,8.844365191386158,13.101960327977528,24.556664309000393,0,2473621.9916389273,425.35738756146327,490.41267697527314,65.05528941380987,-4.782911465953789,-5.0,-4.3417706809242285,,,,,,,,,,,,,,,,,,,,,,,,,,,,,,,,,,,,0
s9_k5ac_a_s03_pos1_tap3_mc53_cpl0_rp4p90671802168_rn4p84604051155_f12370_f21100_a0_dac1p25,K5AC,A,3,0.05,1,3,53,ac,0.0,0.0,0,1.25,0,4.906718021679604,4.846040511552379,40.0,2370.0,1100.0,,0,967847.066999582,1.705682615059225e-05,8.981178609607111,14.084236590938154,25.660212917307927,0,2473621.9916389273,443.47993955308823,493.82092482298094,50.34098526989271,-4.948852611535518,-5.0,-1.0229477692896394,,,,,,,,,,,,,,,,,,,,,,,,,,,,,,,,,,,,0
s9_k5ac_a_s03_pos1_tap3_mc54_cpl0_rp4p98569420512_rn4p85186384419_f12370_f21100_a0_dac1p25,K5AC,A,3,0.05,1,3,54,ac,0.0,0.0,0,1.25,0,4.985694205117068,4.851863844192985,40.0,2370.0,1100.0,,0,953275.1221746181,0.003692722170347588,7882.548774020808,13.953565943769275,25.363399010300256,0,2473621.9916389273,448.35679179121377,486.3299936776939,37.973201886480126,-5.021328984016486,-5.0,0.4265796803297084,,,,,,,,,,,,,,,,,,,,,,,,,,,,,,,,,,,,0
s9_k5ac_a_s03_pos1_tap3_mc55_cpl0_rp4p81692971849_rn4p86324679714_f12370_f21100_a0_dac1p25,K5AC,A,3,0.05,1,3,55,ac,0.0,0.0,0,1.25,0,4.816929718488971,4.86324679713733,40.0,2370.0,1100.0,,0,985409.1446608254,1.718263479103008e-05,10.077048141361237,13.560889971238272,24.90249540462137,0,2473621.9916389273,436.00390096411314,486.39744623845115,50.39354527433801,-4.981230643490543,-5.0,-0.37538713018914205,,,,,,,,,,,,,,,,,,,,,,,,,,,,,,,,,,,,0
s9_k5ac_a_s03_pos1_tap3_mc56_cpl0_rp4p89383174788_rn4p94109310762_f12370_f21100_a0_dac1p25,K5AC,A,3,0.05,1,3,56,ac,0.0,0.0,0,1.25,0,4.893831747878307,4.9410931076228115,40.0,2370.0,1100.0,,0,994823.5375472484,0.0022845959038750663,8381.723563642257,14.043697313046732,25.62966677573954,0,2473621.9916389273,439.285281893893,503.10059164235633,63.815309748463335,-4.9467689900382315,-5.0,-1.0646201992353665,,,,,,,,,,,,,,,,,,,,,,,,,,,,,,,,,,,,0
s9_k5ac_a_s03_pos1_tap3_mc57_cpl0_rp4p85647483821_rn4p83451618039_f12370_f21100_a0_dac1p25,K5AC,A,3,0.05,1,3,57,ac,0.0,0.0,0,1.25,0,4.856474838211144,4.834516180392071,40.0,2370.0,1100.0,,0,980992.5132784431,0.00040879006833750923,6118.805757518668,13.466734883527625,24.986052769041535,0,2473621.9916389273,442.7379919530504,483.4094059807439,40.67141402769346,-4.964639901630254,-5.0,-0.7072019673949215,,,,,,,,,,,,,,,,,,,,,,,,,,,,,,,,,,,,0
s9_k5ac_a_s03_pos1_tap3_mc58_cpl0_rp4p89346033217_rn4p83607483876_f12370_f21100_a0_dac1p25,K5AC,A,3,0.05,1,3,58,ac,0.0,0.0,0,1.25,0,4.893460332174911,4.836074838764913,40.0,2370.0,1100.0,,0,965684.4013665979,1.695794308331264e-05,9.120108393559267,14.175582334796854,25.642557998894254,0,2473621.9916389273,445.20094580292533,496.19209343623425,50.99114763330891,-4.860665201040542,-5.0,-2.786695979189169,,,,,,,,,,,,,,,,,,,,,,,,,,,,,,,,,,,,0
s9_k5ac_a_s03_pos1_tap3_mc59_cpl0_rp4p82373364137_rn4p91750785234_f12370_f21100_a0_dac1p25,K5AC,A,3,0.05,1,3,59,ac,0.0,0.0,0,1.25,0,4.823733641370459,4.917507852337766,40.0,2370.0,1100.0,,0,976209.4030467342,1.7545045333420796e-05,14.9050464338623,13.49860750740028,24.894039945868332,0,2473621.9916389273,440.6320927229871,481.82229027385205,41.19019755086492,-4.899908982600784,-5.0,-2.001820347984329,,,,,,,,,,,,,,,,,,,,,,,,,,,,,,,,,,,,0
s9_k5ac_a_s03_pos1_tap3_mc5_cpl0_rp4p82480901845_rn4p85891971041_f12370_f21100_a0_dac1p25,K5AC,A,3,0.05,1,3,5,ac,0.0,0.0,0,1.25,0,4.824809018452469,4.858919710414241,40.0,2370.0,1100.0,,0,991440.4574148984,1.698808587785626e-05,9.190377133632765,13.790093284350815,25.467318820457404,0,2473621.9916389273,439.6050044836591,495.976345299563,56.371340815903864,-4.899581145898927,-5.0,-2.008377082021462,,,,,,,,,,,,,,,,,,,,,,,,,,,,,,,,,,,,0
s9_k5ac_a_s03_pos1_tap3_mc60_cpl0_rp4p84684747008_rn4p97109424672_f12370_f21100_a0_dac1p25,K5AC,A,3,0.05,1,3,60,ac,0.0,0.0,0,1.25,0,4.846847470081567,4.971094246724969,40.0,2370.0,1100.0,,0,1011701.899695206,1.6985194677402004e-05,8.709635899560965,13.69350104644631,25.442210712749965,0,2473621.9916389273,435.63852693967453,500.97273037692236,65.33420343724782,-4.881849172016915,-5.0,-2.3630165596616903,,,,,,,,,,,,,,,,,,,,,,,,,,,,,,,,,,,,0
s9_k5ac_a_s03_pos1_tap3_mc61_cpl0_rp4p94483197358_rn4p95053325516_f12370_f21100_a0_dac1p25,K5AC,A,3,0.05,1,3,61,ac,0.0,0.0,0,1.25,0,4.944831973580668,4.950533255157358,40.0,2370.0,1100.0,,0,967258.9017135189,1.7241600382636144e-05,10.880946292622482,13.756973622385983,25.27274780278314,0,2473621.9916389273,443.86118625309655,485.8489651864389,41.98777893334233,-5.0095264609963435,-5.0,0.19052921992686045,,,,,,,,,,,,,,,,,,,,,,,,,,,,,,,,,,,,0
s9_k5ac_a_s03_pos1_tap3_mc62_cpl0_rp4p81530518808_rn4p84368973926_f12370_f21100_a0_dac1p25,K5AC,A,3,0.05,1,3,62,ac,0.0,0.0,0,1.25,0,4.815305188076907,4.843689739264638,40.0,2370.0,1100.0,,0,1019060.2265759867,0.005227614475607118,9549.925860215095,13.681876715917038,25.276164042501087,0,2473621.9916389273,433.6930306304831,502.52015599574463,68.82712536526151,-4.898114970769088,-5.0,-2.0377005846182406,,,,,,,,,,,,,,,,,,,,,,,,,,,,,,,,,,,,0
s9_k5ac_a_s03_pos1_tap3_mc63_cpl0_rp4p92941797896_rn4p92106168524_f12370_f21100_a0_dac1p25,K5AC,A,3,0.05,1,3,63,ac,0.0,0.0,0,1.25,0,4.929417978963851,4.921061685235077,40.0,2370.0,1100.0,,0,1007254.3465140208,1.7034730969515738e-05,10.077048141361237,13.674512032556459,25.136869011563157,0,2473621.9916389273,431.94118241668065,497.6463611766674,65.70517875998678,-5.024202638892887,-5.0,0.48405277785774636,,,,,,,,,,,,,,,,,,,,,,,,,,,,,,,,,,,,0
s9_k5ac_a_s03_pos1_tap3_mc64_cpl0_rp4p81847647918_rn4p86125477416_f12370_f21100_a0_dac1p25,K5AC,A,3,0.05,1,3,64,ac,0.0,0.0,0,1.25,0,4.818476479179087,4.861254774161835,40.0,2370.0,1100.0,,0,1001956.9612032311,1.706850181117584e-05,9.120108393559267,13.785635317886763,25.40153845290975,0,2473621.9916389273,435.34426427249,500.2880604768622,64.94379620437218,-4.952683157085908,-5.0,-0.9463368582818377,,,,,,,,,,,,,,,,,,,,,,,,,,,,,,,,,,,,0
s9_k5ac_a_s03_pos1_tap3_mc65_cpl0_rp4p98548728336_rn4p8322453739_f12370_f21100_a0_dac1p25,K5AC,A,3,0.05,1,3,65,ac,0.0,0.0,0,1.25,0,4.985487283362776,4.832245373900748,40.0,2370.0,1100.0,,0,1010760.1846724888,0.006468461928646552,10311.772745931354,14.057015177911389,25.654289104878853,0,2473621.9916389273,436.2890292548827,510.4605079218569,74.17147866697422,-5.039385029458389,-5.0,0.7877005891677724,,,,,,,,,,,,,,,,,,,,,,,,,,,,,,,,,,,,0
s9_k5ac_a_s03_pos1_tap3_mc66_cpl0_rp4p86891949042_rn4p81968547826_f12370_f21100_a0_dac1p25,K5AC,A,3,0.05,1,3,66,ac,0.0,0.0,0,1.25,0,4.8689194904222814,4.81968547825727,40.0,2370.0,1100.0,,0,977617.6595387287,1.694332845328005e-05,8.91250938133762,14.089008999826458,25.52807713567902,0,2473621.9916389273,440.15835343278604,497.2616200943853,57.103266661599264,-4.799800745960396,-5.0,-4.0039850807920825,,,,,,,,,,,,,,,,,,,,,,,,,,,,,,,,,,,,0
s9_k5ac_a_s03_pos1_tap3_mc67_cpl0_rp4p87381940208_rn4p84921330081_f12370_f21100_a0_dac1p25,K5AC,A,3,0.05,1,3,67,ac,0.0,0.0,0,1.25,0,4.873819402079665,4.8492133008067695,40.0,2370.0,1100.0,,0,1065007.0952275477,1.7162417736522642e-05,9.847666521101772,12.80742758275189,24.529282856658423,0,2473621.9916389273,420.7011845059651,496.8028906846514,76.1017061786863,-5.016798869571028,-5.0,0.33597739142057215,,,,,,,,,,,,,,,,,,,,,,,,,,,,,,,,,,,,0
s9_k5ac_a_s03_pos1_tap3_mc68_cpl0_rp4p93398577308_rn4p85144702565_f12370_f21100_a0_dac1p25,K5AC,A,3,0.05,1,3,68,ac,0.0,0.0,0,1.25,0,4.933985773077202,4.851447025649973,40.0,2370.0,1100.0,,0,957597.7629381868,1.6825304541854282e-05,8.190932242153117,14.165696233740906,25.699628514120327,0,2473621.9916389273,445.4428090250838,493.20994599448926,47.76713696940544,-5.041375447521027,-5.0,0.8275089504205413,,,,,,,,,,,,,,,,,,,,,,,,,,,,,,,,,,,,0
s9_k5ac_a_s03_pos1_tap3_mc69_cpl0_rp4p91143479711_rn4p82654788787_f12370_f21100_a0_dac1p25,K5AC,A,3,0.05,1,3,69,ac,0.0,0.0,0,1.25,0,4.911434797113318,4.8265478878736365,40.0,2370.0,1100.0,,0,977833.5627814869,1.742547226434805e-05,12.492997891187597,14.389743525652877,26.11779157322226,0,2473621.9916389273,447.8306565706448,507.27660110003154,59.445944529386736,-4.915724087091737,-5.0,-1.6855182581652528,,,,,,,,,,,,,,,,,,,,,,,,,,,,,,,,,,,,0
s9_k5ac_a_s03_pos1_tap3_mc6_cpl0_rp4p99017081879_rn4p92930515062_f12370_f21100_a0_dac1p25,K5AC,A,3,0.05,1,3,6,ac,0.0,0.0,0,1.25,0,4.990170818793452,4.929305150616864,40.0,2370.0,1100.0,,0,944892.7482773231,1.6892417952318825e-05,8.776742025360223,13.94700902850227,25.404565627088022,0,2473621.9916389273,448.51909627953086,483.7096638227969,35.19056754326607,-4.884422409932479,-5.0,-2.31155180135042,,,,,,,,,,,,,,,,,,,,,,,,,,,,,,,,,,,,0
s9_k5ac_a_s03_pos1_tap3_mc70_cpl0_rp4p88881714958_rn4p81017969097_f12370_f21100_a0_dac1p25,K5AC,A,3,0.05,1,3,70,ac,0.0,0.0,0,1.25,0,4.8888171495826835,4.810179690974999,40.0,2370.0,1100.0,,0,995492.343586524,1.6999588615669394e-05,9.05037692151729,13.484617381232328,25.06250059238563,0,2473621.9916389273,437.6938242526586,488.8777004873015,51.18387623464292,-4.903485350583173,-5.0,-1.930292988336535,,,,,,,,,,,,,,,,,,,,,,,,,,,,,,,,,,,,0
s9_k5ac_a_s03_pos1_tap3_mc71_cpl0_rp4p80947156083_rn4p89461668416_f12370_f21100_a0_dac1p25,K5AC,A,3,0.05,1,3,71,ac,0.0,0.0,0,1.25,0,4.809471560826176,4.894616684158554,40.0,2370.0,1100.0,,0,981284.8807906224,1.6852670430158032e-05,8.317637711026858,13.432427212174613,24.87923012267654,0,2473621.9916389273,438.24696973737,482.64193999457893,44.39497025720891,-4.910551570476343,-5.0,-1.7889685904731278,,,,,,,,,,,,,,,,,,,,,,,,,,,,,,,,,,,,0
s9_k5ac_a_s03_pos1_tap3_mc72_cpl0_rp4p8591984229_rn4p98977652785_f12370_f21100_a0_dac1p25,K5AC,A,3,0.05,1,3,72,ac,0.0,0.0,0,1.25,0,4.859198422902416,4.9897765278485515,40.0,2370.0,1100.0,,0,980705.401231699,1.70574690568084e-05,9.772372209558293,13.70778852908215,25.134487845062466,0,2473621.9916389273,437.3558989095687,488.3203784156578,50.964479506089106,-5.0408252051194085,-5.0,0.8165041023881603,,,,,,,,,,,,,,,,,,,,,,,,,,,,,,,,,,,,0
s9_k5ac_a_s03_pos1_tap3_mc73_cpl0_rp4p97210393659_rn4p882087731_f12370_f21100_a0_dac1p25,K5AC,A,3,0.05,1,3,73,ac,0.0,0.0,0,1.25,0,4.972103936593898,4.882087730999263,40.0,2370.0,1100.0,,0,1017903.5360629654,0.0005659782369983006,7188.969923658608,13.633240360866235,25.258056326065734,0,2473621.9916389273,434.7363485506049,501.2766519938448,66.5403034432399,-4.820369158279699,-5.0,-3.592616834406015,,,,,,,,,,,,,,,,,,,,,,,,,,,,,,,,,,,,0
s9_k5ac_a_s03_pos1_tap3_mc74_cpl0_rp4p81224899117_rn4p97047798808_f12370_f21100_a0_dac1p25,K5AC,A,3,0.05,1,3,74,ac,0.0,0.0,0,1.25,0,4.812248991171771,4.970477988080208,40.0,2370.0,1100.0,,0,995454.2939801529,1.7282593244601584e-05,10.232929922807742,14.078203585963907,25.740642282795744,0,2473621.9916389273,441.45408915593003,504.85685861834975,63.40276946241971,-4.932417037807774,-5.0,-1.3516592438445274,,,,,,,,,,,,,,,,,,,,,,,,,,,,,,,,,,,,0
s9_k5ac_a_s03_pos1_tap3_mc75_cpl0_rp4p87408261124_rn4p83842753066_f12370_f21100_a0_dac1p25,K5AC,A,3,0.05,1,3,75,ac,0.0,0.0,0,1.25,0,4.874082611238789,4.838427530657912,40.0,2370.0,1100.0,,0,1027607.3230302416,1.722862652215235e-05,9.847666521101772,13.100822805965551,24.68900641115263,0,2473621.9916389273,427.9723084536953,490.294296680338,62.3219882266427,-4.98631874401062,-5.0,-0.2736251197876016,,,,,,,,,,,,,,,,,,,,,,,,,,,,,,,,,,,,0
s9_k5ac_a_s03_pos1_tap3_mc76_cpl0_rp4p88235051161_rn4p88834123809_f12370_f21100_a0_dac1p25,K5AC,A,3,0.05,1,3,76,ac,0.0,0.0,0,1.25,0,4.8823505116112305,4.88834123809309,40.0,2370.0,1100.0,,0,963649.4401926302,1.689738988777424e-05,8.317637711026858,13.32425065359869,24.681582758555688,0,2473621.9916389273,440.0323674043187,473.8331478959183,33.800780491599596,-4.83531656803024,-5.0,-3.2936686393951975,,,,,,,,,,,,,,,,,,,,,,,,,,,,,,,,,,,,0
s9_k5ac_a_s03_pos1_tap3_mc77_cpl0_rp4p94042145621_rn4p95409641466_f12370_f21100_a0_dac1p25,K5AC,A,3,0.05,1,3,77,ac,0.0,0.0,0,1.25,0,4.940421456214767,4.95409641465923,40.0,2370.0,1100.0,,0,952869.6396375425,0.003791170677812585,8128.305161641608,14.340205871153996,25.765524973835664,0,2473621.9916389273,448.99634457683595,494.55699413367194,45.56064955683598,-5.072667226721326,-5.0,1.453344534426515,,,,,,,,,,,,,,,,,,,,,,,,,,,,,,,,,,,,0
s9_k5ac_a_s03_pos1_tap3_mc78_cpl0_rp4p86823976616_rn4p87579310451_f12370_f21100_a0_dac1p25,K5AC,A,3,0.05,1,3,78,ac,0.0,0.0,0,1.25,0,4.8682397661630965,4.875793104508594,40.0,2370.0,1100.0,,0,1015842.881029238,0.00048392799200065517,6709.137099554609,13.03145513185347,24.59514747614551,0,2473621.9916389273,431.33285527151287,483.3909062035807,52.05805093206783,-4.89448064118956,-5.0,-2.1103871762088056,,,,,,,,,,,,,,,,,,,,,,,,,,,,,,,,,,,,0
s9_k5ac_a_s03_pos1_tap3_mc79_cpl0_rp4p89509926023_rn4p88681577062_f12370_f21100_a0_dac1p25,K5AC,A,3,0.05,1,3,79,ac,0.0,0.0,0,1.25,0,4.895099260228807,4.886815770623871,40.0,2370.0,1100.0,,0,989445.2900520236,0.003402361435917176,7943.282347243415,13.406170086338522,24.933051130959996,0,2473621.9916389273,440.9108298084833,485.3173328826545,44.40650307417121,-4.98456610172264,-5.0,-0.3086779655471994,,,,,,,,,,,,,,,,,,,,,,,,,,,,,,,,,,,,0
s9_k5ac_a_s03_pos1_tap3_mc7_cpl0_rp4p9191824958_rn4p94462443839_f12370_f21100_a0_dac1p25,K5AC,A,3,0.05,1,3,7,ac,0.0,0.0,0,1.25,0,4.919182495796655,4.9446244383908775,40.0,2370.0,1100.0,,0,983423.9419171172,1.7116457594426696e-05,9.549925860214541,14.232338824422046,25.848476254520282,0,2473621.9916389273,441.1056748355319,504.6160770206998,63.51040218516789,-4.94976630439004,-5.0,-1.0046739121992054,,,,,,,,,,,,,,,,,,,,,,,,,,,,,,,,,,,,0
s9_k5ac_a_s03_pos1_tap3_mc80_cpl0_rp4p90407268595_rn4p99116117843_f12370_f21100_a0_dac1p25,K5AC,A,3,0.05,1,3,80,ac,0.0,0.0,0,1.25,0,4.9040726859476464,4.991161178425712,40.0,2370.0,1100.0,,0,1043108.0227798455,0.004470179109429079,9772.372209558862,13.0316420312003,24.65824678949373,0,2473621.9916389273,425.69194482703494,492.9658893163232,67.27394448928828,-4.938840328146051,-5.0,-1.2231934370789843,,,,,,,,,,,,,,,,,,,,,,,,,,,,,,,,,,,,0
s9_k5ac_a_s03_pos1_tap3_mc81_cpl0_rp4p9204357772_rn4p91598929712_f12370_f21100_a0_dac1p25,K5AC,A,3,0.05,1,3,81,ac,0.0,0.0,0,1.25,0,4.920435777199089,4.915989297122961,40.0,2370.0,1100.0,,0,995779.7096847444,1.7359783280614243e-05,11.393749492813603,13.242857866188857,24.64647669110516,0,2473621.9916389273,435.3149496774678,482.33569832440526,47.02074864693748,-5.0704939359604895,-5.0,1.4098787192097895,,,,,,,,,,,,,,,,,,,,,,,,,,,,,,,,,,,,0
s9_k5ac_a_s03_pos1_tap3_mc82_cpl0_rp4p83199788371_rn4p83944375677_f12370_f21100_a0_dac1p25,K5AC,A,3,0.05,1,3,82,ac,0.0,0.0,0,1.25,0,4.831997883708647,4.839443756766406,40.0,2370.0,1100.0,,0,1016255.180069162,0.01022244107310169,11481.53621496973,14.097015366932666,25.85816269352254,0,2473621.9916389273,437.0406733207729,514.5330245915214,77.49235127074854,-4.936871801876742,-5.0,-1.2625639624651575,,,,,,,,,,,,,,,,,,,,,,,,,,,,,,,,,,,,0
s9_k5ac_a_s03_pos1_tap3_mc83_cpl0_rp4p98994570318_rn4p92885374731_f12370_f21100_a0_dac1p25,K5AC,A,3,0.05,1,3,83,ac,0.0,0.0,0,1.25,0,4.9899457031827525,4.928853747310462,40.0,2370.0,1100.0,,0,969564.0312071255,0.0005327903780076004,6709.137099554609,14.69671015536007,26.391355916000727,0,2473621.9916389273,449.421652577893,511.60246138748096,62.18080880958797,-4.933777559592884,-5.0,-1.32444880814232,,,,,,,,,,,,,,,,,,,,,,,,,,,,,,,,,,,,0
s9_k5ac_a_s03_pos1_tap3_mc84_cpl0_rp4p94962874674_rn4p95231937264_f12370_f21100_a0_dac1p25,K5AC,A,3,0.05,1,3,84,ac,0.0,0.0,0,1.25,0,4.949628746742632,4.9523193726378425,40.0,2370.0,1100.0,,0,974720.8906668741,0.011734106896446904,10391.2230383525,13.85384604983741,25.305733776301334,0,2473621.9916389273,442.4279033807179,491.18415269415766,48.75624931343975,-5.0482327626334484,-5.0,0.9646552526689778,,,,,,,,,,,,,,,,,,,,,,,,,,,,,,,,,,,,0
s9_k5ac_a_s03_pos1_tap3_mc85_cpl0_rp4p99052628228_rn4p95771412663_f12370_f21100_a0_dac1p25,K5AC,A,3,0.05,1,3,85,ac,0.0,0.0,0,1.25,0,4.990526282278525,4.9577141266308535,40.0,2370.0,1100.0,,0,977698.7968034123,1.68188614967976e-05,8.25404185268033,13.98145035566503,25.575934153499098,0,2473621.9916389273,444.4036500210122,496.3881912815568,51.984541260544574,-5.023079703291021,-5.0,0.4615940658204254,,,,,,,,,,,,,,,,,,,,,,,,,,,,,,,,,,,,0
s9_k5ac_a_s03_pos1_tap3_mc86_cpl0_rp4p81534552746_rn4p95489274822_f12370_f21100_a0_dac1p25,K5AC,A,3,0.05,1,3,86,ac,0.0,0.0,0,1.25,0,4.815345527458427,4.954892748219966,40.0,2370.0,1100.0,,0,992709.2640598778,1.715054101997147e-05,10.391223038351896,14.391629188694871,26.17377538434506,0,2473621.9916389273,443.69917194487726,513.6518772044819,69.95270525960467,-4.912318559984628,-5.0,-1.7536288003074274,,,,,,,,,,,,,,,,,,,,,,,,,,,,,,,,,,,,0
s9_k5ac_a_s03_pos1_tap3_mc87_cpl0_rp4p80472956662_rn4p84793417503_f12370_f21100_a0_dac1p25,K5AC,A,3,0.05,1,3,87,ac,0.0,0.0,0,1.25,0,4.804729566620188,4.8479341750315745,40.0,2370.0,1100.0,,0,1066285.231751373,0.0012431577209392316,9050.376921517814,13.201719792422656,24.986117978499816,0,2473621.9916389273,422.6354952000053,508.2721632821761,85.63666808217079,-4.9813268653801765,-5.0,-0.37346269239646457,,,,,,,,,,,,,,,,,,,,,,,,,,,,,,,,,,,,0
s9_k5ac_a_s03_pos1_tap3_mc88_cpl0_rp4p89721161764_rn4p89687305656_f12370_f21100_a0_dac1p25,K5AC,A,3,0.05,1,3,88,ac,0.0,0.0,0,1.25,0,4.897211617639955,4.896873056557508,40.0,2370.0,1100.0,,0,1008333.9344458762,0.000377168433252302,6606.934480076448,13.585423567117205,25.133171166544365,0,2473621.9916389273,436.9039010518067,495.5488692284794,58.644968176672705,-4.851391962514387,-5.0,-2.9721607497122604,,,,,,,,,,,,,,,,,,,,,,,,,,,,,,,,,,,,0
s9_k5ac_a_s03_pos1_tap3_mc89_cpl0_rp4p96618907878_rn4p86040501269_f12370_f21100_a0_dac1p25,K5AC,A,3,0.05,1,3,89,ac,0.0,0.0,0,1.25,0,4.966189078779873,4.860405012692762,40.0,2370.0,1100.0,,0,952886.8713144381,1.7298243125753375e-05,10.797751623277312,14.270362228280318,25.77536675294164,0,2473621.9916389273,449.74592269516125,494.13843366321834,44.39251096805708,-4.983673555528546,-5.0,-0.32652888942907854,,,,,,,,,,,,,,,,,,,,,,,,,,,,,,,,,,,,0
s9_k5ac_a_s03_pos1_tap3_mc8_cpl0_rp4p96507607737_rn4p86843366932_f12370_f21100_a0_dac1p25,K5AC,A,3,0.05,1,3,8,ac,0.0,0.0,0,1.25,0,4.965076077369363,4.868433669320858,40.0,2370.0,1100.0,,0,971154.6849799403,0.0009730534365296902,6971.613999635192,14.056109340220976,25.66442335471473,0,2473621.9916389273,445.1067473446469,495.25207537143416,50.14532802678724,-5.024899559455221,-5.0,0.49799118910442974,,,,,,,,,,,,,,,,,,,,,,,,,,,,,,,,,,,,0
s9_k5ac_a_s03_pos1_tap3_mc90_cpl0_rp4p90843644284_rn4p80246070609_f12370_f21100_a0_dac1p25,K5AC,A,3,0.05,1,3,90,ac,0.0,0.0,0,1.25,0,4.908436442841985,4.802460706089642,40.0,2370.0,1100.0,,0,1003806.690827096,1.7138049474497044e-05,10.633265716371824,13.773269547242217,25.481388627448645,0,2473621.9916389273,439.53726094154644,499.6981399793659,60.160879037819484,-4.823384804330381,-5.0,-3.5323039133923873,,,,,,,,,,,,,,,,,,,,,,,,,,,,,,,,,,,,0
s9_k5ac_a_s03_pos1_tap3_mc91_cpl0_rp4p83038297979_rn4p98626428712_f12370_f21100_a0_dac1p25,K5AC,A,3,0.05,1,3,91,ac,0.0,0.0,0,1.25,0,4.830382979787494,4.986264287124217,40.0,2370.0,1100.0,,0,1034856.3969241139,0.0013000014044232807,8254.04185268081,12.894189368850155,24.446091778019706,0,2473621.9916389273,425.20660617690646,485.83664111275016,60.630034935843696,-4.944792525072847,-5.0,-1.104149498543061,,,,,,,,,,,,,,,,,,,,,,,,,,,,,,,,,,,,0
s9_k5ac_a_s03_pos1_tap3_mc92_cpl0_rp4p81562875086_rn4p85682619388_f12370_f21100_a0_dac1p25,K5AC,A,3,0.05,1,3,92,ac,0.0,0.0,0,1.25,0,4.815628750856108,4.856826193884682,40.0,2370.0,1100.0,,0,1026555.869318738,0.005790612908126925,10311.772745931354,13.781269287754897,25.492245371927726,0,2473621.9916389273,434.05597057886905,509.9144805055512,75.85850992668213,-4.903492742595396,-5.0,-1.9301451480920884,,,,,,,,,,,,,,,,,,,,,,,,,,,,,,,,,,,,0
s9_k5ac_a_s03_pos1_tap3_mc93_cpl0_rp4p86363635694_rn4p88328915379_f12370_f21100_a0_dac1p25,K5AC,A,3,0.05,1,3,93,ac,0.0,0.0,0,1.25,0,4.863636356935841,4.883289153789947,40.0,2370.0,1100.0,,0,1041090.0976087254,1.6988428992612403e-05,9.190377133632765,13.383958842037634,25.010299300873186,0,2473621.9916389273,426.6219922185663,503.3870968922885,76.76510467372225,-4.957390316156624,-5.0,-0.8521936768675298,,,,,,,,,,,,,,,,,,,,,,,,,,,,,,,,,,,,0
s9_k5ac_a_s03_pos1_tap3_mc94_cpl0_rp4p92071985605_rn4p82299512814_f12370_f21100_a0_dac1p25,K5AC,A,3,0.05,1,3,94,ac,0.0,0.0,0,1.25,0,4.9207198560453085,4.822995128137165,40.0,2370.0,1100.0,,0,1018511.7940238506,1.6729693804818524e-05,8.190932242153117,13.722813215530692,25.33887475970307,0,2473621.9916389273,430.7487537751758,503.6637123572387,72.91495858206287,-4.849598467726522,-5.0,-3.0080306454695616,,,,,,,,,,,,,,,,,,,,,,,,,,,,,,,,,,,,0
s9_k5ac_a_s03_pos1_tap3_mc95_cpl0_rp4p91235641176_rn4p95100309897_f12370_f21100_a0_dac1p25,K5AC,A,3,0.05,1,3,95,ac,0.0,0.0,0,1.25,0,4.912356411756327,4.951003098965599,40.0,2370.0,1100.0,,0,979014.2104091515,1.7178996697351118e-05,10.000000000000194,13.587562234674767,25.079905223916086,0,2473621.9916389273,441.15580695837724,485.4711219492241,44.315314990846844,-4.836599690745092,-5.0,-3.26800618509816,,,,,,,,,,,,,,,,,,,,,,,,,,,,,,,,,,,,0
s9_k5ac_a_s03_pos1_tap3_mc96_cpl0_rp4p98887721291_rn4p89671470465_f12370_f21100_a0_dac1p25,K5AC,A,3,0.05,1,3,96,ac,0.0,0.0,0,1.25,0,4.988877212910134,4.8967147046477155,40.0,2370.0,1100.0,,0,959516.5957533163,0.0038947938887929838,8254.04185268081,14.304602915350673,25.782947442481746,0,2473621.9916389273,447.1908248393193,496.76865070095664,49.577825861637336,-5.000651595300507,-5.0,0.01303190601014137,,,,,,,,,,,,,,,,,,,,,,,,,,,,,,,,,,,,0
s9_k5ac_a_s03_pos1_tap3_mc97_cpl0_rp4p95689485016_rn4p90423819188_f12370_f21100_a0_dac1p25,K5AC,A,3,0.05,1,3,97,ac,0.0,0.0,0,1.25,0,4.956894850161169,4.904238191883401,40.0,2370.0,1100.0,,0,1036854.3069968065,1.7361540891200287e-05,11.30663397949662,12.683003108638308,24.170504413342336,0,2473621.9916389273,424.6125849881148,481.2340696749895,56.62148468687468,-4.942962766675617,-5.0,-1.1407446664876586,,,,,,,,,,,,,,,,,,,,,,,,,,,,,,,,,,,,0
s9_k5ac_a_s03_pos1_tap3_mc98_cpl0_rp4p87507940839_rn4p96037974902_f12370_f21100_a0_dac1p25,K5AC,A,3,0.05,1,3,98,ac,0.0,0.0,0,1.25,0,4.87507940839033,4.9603797490179335,40.0,2370.0,1100.0,,0,1005890.8504198834,1.738723616868393e-05,11.569999317502349,13.48126393671665,24.978822249166598,0,2473621.9916389273,435.23252306375616,491.16364629434065,55.93112323058449,-4.922140302206658,-5.0,-1.5571939558668424,,,,,,,,,,,,,,,,,,,,,,,,,,,,,,,,,,,,0
s9_k5ac_a_s03_pos1_tap3_mc99_cpl0_rp4p93584667049_rn4p99418230324_f12370_f21100_a0_dac1p25,K5AC,A,3,0.05,1,3,99,ac,0.0,0.0,0,1.25,0,4.935846670489885,4.994182303244085,40.0,2370.0,1100.0,,0,993845.8695409549,1.7251248160841158e-05,10.715193052376279,13.473388380809526,24.97279961473554,0,2473621.9916389273,438.40178719526875,486.96390787009574,48.562120674826986,-4.8675215395396,-5.0,-2.6495692092080025,,,,,,,,,,,,,,,,,,,,,,,,,,,,,,,,,,,,0
s9_k5ac_a_s03_pos1_tap3_mc9_cpl0_rp4p98797808192_rn4p9062057733_f12370_f21100_a0_dac1p25,K5AC,A,3,0.05,1,3,9,ac,0.0,0.0,0,1.25,0,4.987978081923813,4.906205773299968,40.0,2370.0,1100.0,,0,1034697.4638909566,0.001031033937322915,7585.775750292407,12.933429244032402,24.4488838293176,0,2473621.9916389273,427.9936084178749,488.5301861202559,60.53657770238101,-4.970884665491958,-5.0,-0.5823066901608387,,,,,,,,,,,,,,,,,,,,,,,,,,,,,,,,,,,,0
s9_k5ac_a_s06_pos100_tap0_mc0_cpl0_rp4p9844424025_rn4p84719952244_f12370_f21100_a0_dac1p25,K5AC,A,6,0.5,100,0,0,ac,0.0,0.0,0,1.25,0,4.984442402501529,4.847199522437094,40.0,2370.0,1100.0,,0,1001984.5279294647,1.7742764207323383e-05,23.80491673125578,13.270808522225153,24.806593098256155,0,2473621.9916389273,434.361600678548,484.7732668741056,50.41166619555764,-0.4815585226494492,-0.5,-3.688295470110159,,,,,,,,,,,,,,,,,,,,,,,,,,,,,,,,,,,,0
s9_k5ac_a_s06_pos100_tap0_mc100_cpl0_rp4p85918728673_rn4p85296983013_f12370_f21100_a0_dac1p25,K5AC,A,6,0.5,100,0,100,ac,0.0,0.0,0,1.25,0,4.859187286732117,4.852969830130256,40.0,2370.0,1100.0,,0,1014225.7703086279,1.9079259809635138e-05,616.5950018615155,13.768764658877036,25.41684882536135,0,2473621.9916389273,435.8114909326291,503.48946280720423,67.67797187457512,-0.4962083679733002,-0.5,-0.7583264053399597,,,,,,,,,,,,,,,,,,,,,,,,,,,,,,,,,,,,0
s9_k5ac_a_s06_pos100_tap0_mc101_cpl0_rp4p92114416875_rn4p93251453173_f12370_f21100_a0_dac1p25,K5AC,A,6,0.5,100,0,101,ac,0.0,0.0,0,1.25,0,4.921144168752844,4.9325145317305,40.0,2370.0,1100.0,,0,1025722.7958871715,0.1455957942689097,56667.40605820434,13.568960229088603,25.147628246029598,0,2473621.9916389273,414.5846927831355,500.09342294244925,85.50873015931376,-0.48814891983631353,-0.5,-2.3702160327372934,,,,,,,,,,,,,,,,,,,,,,,,,,,,,,,,,,,,0
s9_k5ac_a_s06_pos100_tap0_mc102_cpl0_rp4p8407269707_rn4p90041833888_f12370_f21100_a0_dac1p25,K5AC,A,6,0.5,100,0,102,ac,0.0,0.0,0,1.25,0,4.840726970704301,4.900418338883661,40.0,2370.0,1100.0,,0,973195.0968780655,8.47947025088962e-05,4860.340175990565,14.035548339438922,25.669349702644553,0,2473621.9916389273,444.88469549183037,494.42771273777123,49.54301724594086,-0.4929042903044762,-0.5,-1.4191419391047622,,,,,,,,,,,,,,,,,,,,,,,,,,,,,,,,,,,,0
s9_k5ac_a_s06_pos100_tap0_mc103_cpl0_rp4p92039929382_rn4p93280884376_f12370_f21100_a0_dac1p25,K5AC,A,6,0.5,100,0,103,ac,0.0,0.0,0,1.25,0,4.920399293820216,4.932808843759211,40.0,2370.0,1100.0,,0,1035725.2983149838,0.0015724235773866674,10154.68992433159,13.167801873862793,24.714921423880412,0,2473621.9916389273,427.21474841263,494.9007293722012,67.68598095957122,-0.497363889381508,-0.5,-0.5272221236984009,,,,,,,,,,,,,,,,,,,,,,,,,,,,,,,,,,,,0
s9_k5ac_a_s06_pos100_tap0_mc104_cpl0_rp4p96672224013_rn4p89966174409_f12370_f21100_a0_dac1p25,K5AC,A,6,0.5,100,0,104,ac,0.0,0.0,0,1.25,0,4.966722240131348,4.899661744085006,40.0,2370.0,1100.0,,0,1005557.4611495907,0.00021631283724625342,6506.288748656052,13.695505397570473,25.25266106654046,0,2473621.9916389273,434.54448354061407,496.85922087338344,62.31473733276937,-0.48575736314388585,-0.5,-2.848527371222831,,,,,,,,,,,,,,,,,,,,,,,,,,,,,,,,,,,,0
s9_k5ac_a_s06_pos100_tap0_mc105_cpl0_rp4p84375365941_rn4p9045927206_f12370_f21100_a0_dac1p25,K5AC,A,6,0.5,100,0,105,ac,0.0,0.0,0,1.25,0,4.8437536594097,4.904592720598521,40.0,2370.0,1100.0,,0,1064658.8245858927,0.0038322615052776908,11659.144011799235,12.892501385867408,24.480500360492826,0,2473621.9916389273,420.69620981744373,497.55050165338344,76.8542918359397,-0.4935192568501496,-0.5,-1.2961486299700842,,,,,,,,,,,,,,,,,,,,,,,,,,,,,,,,,,,,0
s9_k5ac_a_s06_pos100_tap0_mc106_cpl0_rp4p92012976805_rn4p93835919917_f12370_f21100_a0_dac1p25,K5AC,A,6,0.5,100,0,106,ac,0.0,0.0,0,1.25,0,4.92012976804918,4.938359199166201,40.0,2370.0,1100.0,,0,1008879.4282656318,1.769274313738843e-05,23.80491673125578,13.747697440256404,25.310101742359212,0,2473621.9916389273,434.6720139998973,500.3384493236904,65.66643532379311,-0.49161604987751134,-0.5,-1.6767900244977318,,,,,,,,,,,,,,,,,,,,,,,,,,,,,,,,,,,,0
s9_k5ac_a_s06_pos100_tap0_mc107_cpl0_rp4p90582543511_rn4p83419667144_f12370_f21100_a0_dac1p25,K5AC,A,6,0.5,100,0,107,ac,0.0,0.0,0,1.25,0,4.905825435114754,4.834196671439539,40.0,2370.0,1100.0,,0,983156.9830260378,0.20884633324214524,58884.365535564335,13.836088522720178,25.32571042930122,0,2473621.9916389273,403.911820495359,490.58217122281354,86.67035072745455,-0.48432785857794175,-0.5,-3.13442828441165,,,,,,,,,,,,,,,,,,,,,,,,,,,,,,,,,,,,0
s9_k5ac_a_s06_pos100_tap0_mc108_cpl0_rp4p91359279791_rn4p87505767384_f12370_f21100_a0_dac1p25,K5AC,A,6,0.5,100,0,108,ac,0.0,0.0,0,1.25,0,4.913592797910243,4.875057673836121,40.0,2370.0,1100.0,,0,993252.3493620802,1.772953603181048e-05,22.046179206362424,14.102403234352158,25.745529259168773,0,2473621.9916389273,440.024937911317,504.12554874176107,64.10061083044405,-0.4961876522718332,-0.5,-0.7624695456333597,,,,,,,,,,,,,,,,,,,,,,,,,,,,,,,,,,,,0
s9_k5ac_a_s06_pos100_tap0_mc109_cpl0_rp4p82924750101_rn4p86687646339_f12370_f21100_a0_dac1p25,K5AC,A,6,0.5,100,0,109,ac,0.0,0.0,0,1.25,0,4.8292475010116025,4.866876463390133,40.0,2370.0,1100.0,,0,1029644.6433000674,0.005947873026492697,12492.997891188323,13.433531366789731,25.098972260808225,0,2473621.9916389273,429.27382021382306,499.4686841509027,70.19486393707962,-0.49692658692894603,-0.5,-0.6146826142107931,,,,,,,,,,,,,,,,,,,,,,,,,,,,,,,,,,,,0
s9_k5ac_a_s06_pos100_tap0_mc10_cpl0_rp4p80977508378_rn4p87988575949_f12370_f21100_a0_dac1p25,K5AC,A,6,0.5,100,0,10,ac,0.0,0.0,0,1.25,0,4.809775083776429,4.879885759487983,40.0,2370.0,1100.0,,0,1025623.8607073616,0.0031630008808603846,11569.999317503021,13.622519957461238,25.213796621920043,0,2473621.9916389273,429.6251493210142,502.8583777967988,73.23322847578459,-0.4957042114585157,-0.5,-0.8591577082968649,,,,,,,,,,,,,,,,,,,,,,,,,,,,,,,,,,,,0
s9_k5ac_a_s06_pos100_tap0_mc110_cpl0_rp4p99198766562_rn4p92434456387_f12370_f21100_a0_dac1p25,K5AC,A,6,0.5,100,0,110,ac,0.0,0.0,0,1.25,0,4.9919876656183435,4.924344563871135,40.0,2370.0,1100.0,,0,1036597.062837291,1.769079314007436e-05,22.908676527678335,13.132062922092686,24.598297405015238,0,2473621.9916389273,425.1123074956297,492.90604659035665,67.79373909472696,-0.49346695925653045,-0.5,-1.3066081486939107,,,,,,,,,,,,,,,,,,,,,,,,,,,,,,,,,,,,0
s9_k5ac_a_s06_pos100_tap0_mc111_cpl0_rp4p82611353312_rn4p86150940778_f12370_f21100_a0_dac1p25,K5AC,A,6,0.5,100,0,111,ac,0.0,0.0,0,1.25,0,4.826113533124238,4.861509407777478,40.0,2370.0,1100.0,,0,981810.8196714289,0.028040630812675736,12783.997194631253,14.260732416480279,25.971192787044746,0,2473621.9916389273,443.7129509904901,504.69069701033175,60.97774601984162,-0.5031875360623168,-0.5,0.6375072124633618,,,,,,,,,,,,,,,,,,,,,,,,,,,,,,,,,,,,0
s9_k5ac_a_s06_pos100_tap0_mc112_cpl0_rp4p88511874725_rn4p980220806_f12370_f21100_a0_dac1p25,K5AC,A,6,0.5,100,0,112,ac,0.0,0.0,0,1.25,0,4.885118747254004,4.980220805996054,40.0,2370.0,1100.0,,0,974670.3694849837,0.0054383509084830195,23085.18362242957,13.812242345174358,25.416725739149552,0,2473621.9916389273,442.1407894194228,489.57622893897,47.43543951954723,-0.49073259952876364,-0.5,-1.853480094247273,,,,,,,,,,,,,,,,,,,,,,,,,,,,,,,,,,,,0
s9_k5ac_a_s06_pos100_tap0_mc113_cpl0_rp4p90002746548_rn4p85282848452_f12370_f21100_a0_dac1p25,K5AC,A,6,0.5,100,0,113,ac,0.0,0.0,0,1.25,0,4.900027465477874,4.852828484519198,40.0,2370.0,1100.0,,0,980116.2665328581,0.037760856962815545,32859.93247600942,13.779258199562667,25.424422419040276,0,2473621.9916389273,443.75064930891534,490.1021369133288,46.35148760441348,-0.49744566284779507,-0.5,-0.5108674304409866,,,,,,,,,,,,,,,,,,,,,,,,,,,,,,,,,,,,0
s9_k5ac_a_s06_pos100_tap0_mc114_cpl0_rp4p93365385003_rn4p86413831942_f12370_f21100_a0_dac1p25,K5AC,A,6,0.5,100,0,114,ac,0.0,0.0,0,1.25,0,4.93365385002722,4.864138319422693,40.0,2370.0,1100.0,,0,984191.3197843027,1.7803797712065642e-05,24.173154808041687,13.895325933532328,25.449817701457185,0,2473621.9916389273,438.7247045409097,495.75058918630043,57.025884645390704,-0.490894642922377,-0.5,-1.8210714155246,,,,,,,,,,,,,,,,,,,,,,,,,,,,,,,,,,,,0
s9_k5ac_a_s06_pos100_tap0_mc115_cpl0_rp4p81012700746_rn4p84166406041_f12370_f21100_a0_dac1p25,K5AC,A,6,0.5,100,0,115,ac,0.0,0.0,0,1.25,0,4.810127007461495,4.841664060408574,40.0,2370.0,1100.0,,0,979431.2264988719,0.01756765560093957,12686.251981033603,13.489203828614514,24.92780283088839,0,2473621.9916389273,438.79947197078724,482.8159889798958,44.016517009108554,-0.4851520016865843,-0.5,-2.9695996626831422,,,,,,,,,,,,,,,,,,,,,,,,,,,,,,,,,,,,0
s9_k5ac_a_s06_pos100_tap0_mc116_cpl0_rp4p92258035934_rn4p98840519069_f12370_f21100_a0_dac1p25,K5AC,A,6,0.5,100,0,116,ac,0.0,0.0,0,1.25,0,4.922580359338926,4.988405190694473,40.0,2370.0,1100.0,,0,973434.2644152101,0.007111031007305922,11569.999317503021,14.1462170712787,25.722342543032703,0,2473621.9916389273,443.7503089164876,497.60852157481014,53.85821265832254,-0.49188500690712295,-0.5,-1.6229986185754108,,,,,,,,,,,,,,,,,,,,,,,,,,,,,,,,,,,,0
s9_k5ac_a_s06_pos100_tap0_mc117_cpl0_rp4p96130097874_rn4p9181603723_f12370_f21100_a0_dac1p25,K5AC,A,6,0.5,100,0,117,ac,0.0,0.0,0,1.25,0,4.961300978744207,4.918160372304763,40.0,2370.0,1100.0,,0,1013519.2435757073,1.7685060477613495e-05,22.733518989206896,13.800661430999938,25.476248323866457,0,2473621.9916389273,434.38027689060056,504.35583151720186,69.97555462660131,-0.49961842133710604,-0.5,-0.0763157325787911,,,,,,,,,,,,,,,,,,,,,,,,,,,,,,,,,,,,0
s9_k5ac_a_s06_pos100_tap0_mc118_cpl0_rp4p86723481232_rn4p91570768746_f12370_f21100_a0_dac1p25,K5AC,A,6,0.5,100,0,118,ac,0.0,0.0,0,1.25,0,4.867234812322484,4.9157076874611025,40.0,2370.0,1100.0,,0,946451.0612488021,0.0007674785850722793,8066.156921766744,14.562535196938144,26.2278961729787,0,2473621.9916389273,452.9658699919123,499.5989299148507,46.6330599229384,-0.48811948080053214,-0.5,-2.376103839893573,,,,,,,,,,,,,,,,,,,,,,,,,,,,,,,,,,,,0
s9_k5ac_a_s06_pos100_tap0_mc119_cpl0_rp4p90847958678_rn4p94708902258_f12370_f21100_a0_dac1p25,K5AC,A,6,0.5,100,0,119,ac,0.0,0.0,0,1.25,0,4.9084795867817945,4.947089022579152,40.0,2370.0,1100.0,,0,964683.9766555479,0.005746874239956145,12302.68770812479,14.031839544000496,25.44281888769525,0,2473621.9916389273,442.05082109258046,490.72499229372926,48.674171201148795,-0.49063852131897434,-0.5,-1.8722957362051318,,,,,,,,,,,,,,,,,,,,,,,,,,,,,,,,,,,,0
s9_k5ac_a_s06_pos100_tap0_mc11_cpl0_rp4p81403429595_rn4p86073426048_f12370_f21100_a0_dac1p25,K5AC,A,6,0.5,100,0,11,ac,0.0,0.0,0,1.25,0,4.814034295954164,4.860734260482612,40.0,2370.0,1100.0,,0,1009494.4751207217,0.0004199552721818682,7527.775638142228,13.53561976287966,25.138987820968463,0,2473621.9916389273,432.6619907199167,494.45192159688685,61.789930876970175,-0.4859853245377777,-0.5,-2.8029350924444585,,,,,,,,,,,,,,,,,,,,,,,,,,,,,,,,,,,,0
s9_k5ac_a_s06_pos100_tap0_mc120_cpl0_rp4p93906018383_rn4p85236494221_f12370_f21100_a0_dac1p25,K5AC,A,6,0.5,100,0,120,ac,0.0,0.0,0,1.25,0,4.939060183833369,4.852364942205818,40.0,2370.0,1100.0,,0,992067.1822968906,0.0040747787213003695,11569.999317503021,13.71554313509019,25.180155384551686,0,2473621.9916389273,437.09744897179377,491.8465633956869,54.74911442389316,-0.4971507908617999,-0.5,-0.5698418276400163,,,,,,,,,,,,,,,,,,,,,,,,,,,,,,,,,,,,0
s9_k5ac_a_s06_pos100_tap0_mc121_cpl0_rp4p82168351776_rn4p88631659153_f12370_f21100_a0_dac1p25,K5AC,A,6,0.5,100,0,121,ac,0.0,0.0,0,1.25,0,4.821683517762753,4.886316591525253,40.0,2370.0,1100.0,,0,987376.5502533413,1.770318485199204e-05,23.988329190195547,14.359833582196673,26.049270266248172,0,2473621.9916389273,442.66453112155705,508.429901750057,65.76537062849997,-0.4927088742594388,-0.5,-1.4582251481122355,,,,,,,,,,,,,,,,,,,,,,,,,,,,,,,,,,,,0
s9_k5ac_a_s06_pos100_tap0_mc122_cpl0_rp4p87332779102_rn4p98320984985_f12370_f21100_a0_dac1p25,K5AC,A,6,0.5,100,0,122,ac,0.0,0.0,0,1.25,0,4.87332779101636,4.983209849847075,40.0,2370.0,1100.0,,0,978845.8330766419,0.0019036431879596893,10077.048141361822,14.395676936674144,26.141780254091138,0,2473621.9916389273,446.4472230232379,507.58072540928913,61.13350238605125,-0.49907514591574664,-0.5,-0.1849708168506714,,,,,,,,,,,,,,,,,,,,,,,,,,,,,,,,,,,,0
s9_k5ac_a_s06_pos100_tap0_mc123_cpl0_rp4p93802185779_rn4p87359583326_f12370_f21100_a0_dac1p25,K5AC,A,6,0.5,100,0,123,ac,0.0,0.0,0,1.25,0,4.938021857791068,4.873595833259847,40.0,2370.0,1100.0,,0,962911.3244039587,0.002829910099839482,10551.964788903226,14.48860461992572,26.033555398072444,0,2473621.9916389273,448.3736083272247,501.94348807539484,53.56987974817014,-0.5028018563199755,-0.5,0.5603712639951075,,,,,,,,,,,,,,,,,,,,,,,,,,,,,,,,,,,,0
s9_k5ac_a_s06_pos100_tap0_mc124_cpl0_rp4p93182421472_rn4p96637895535_f12370_f21100_a0_dac1p25,K5AC,A,6,0.5,100,0,124,ac,0.0,0.0,0,1.25,0,4.931824214724982,4.966378955354066,40.0,2370.0,1100.0,,0,989404.1945173283,0.001162462575507387,9476.908045142321,13.583475579103998,24.98083330672241,0,2473621.9916389273,436.1243563808046,488.15737913636076,52.033022755556146,-0.4969244660738418,-0.5,-0.615106785231645,,,,,,,,,,,,,,,,,,,,,,,,,,,,,,,,,,,,0
s9_k5ac_a_s06_pos100_tap0_mc125_cpl0_rp4p85982138726_rn4p95505701389_f12370_f21100_a0_dac1p25,K5AC,A,6,0.5,100,0,125,ac,0.0,0.0,0,1.25,0,4.859821387255269,4.955057013894097,40.0,2370.0,1100.0,,0,958227.8497601678,0.11841490899141585,45012.52062061742,14.126685236371294,25.574852403786,0,2473621.9916389273,439.8146773035641,489.2204155976541,49.405738294089986,-0.493056187370713,-0.5,-1.388762525857401,,,,,,,,,,,,,,,,,,,,,,,,,,,,,,,,,,,,0
s9_k5ac_a_s06_pos100_tap0_mc126_cpl0_rp4p86915861907_rn4p92980098716_f12370_f21100_a0_dac1p25,K5AC,A,6,0.5,100,0,126,ac,0.0,0.0,0,1.25,0,4.869158619071663,4.929800987164194,40.0,2370.0,1100.0,,0,964084.177609628,0.02497323778204002,12783.997194631253,13.819093137869668,25.21265137520038,0,2473621.9916389273,440.2790759819308,485.2754682906718,44.99639230874101,-0.4967105482951511,-0.5,-0.65789034096978,,,,,,,,,,,,,,,,,,,,,,,,,,,,,,,,,,,,0
s9_k5ac_a_s06_pos100_tap0_mc127_cpl0_rp4p94799692892_rn4p89786034915_f12370_f21100_a0_dac1p25,K5AC,A,6,0.5,100,0,127,ac,0.0,0.0,0,1.25,0,4.947996928921808,4.897860349152504,40.0,2370.0,1100.0,,0,1065334.719934148,1.7715073604498438e-05,341.4548873833769,12.850991931496996,24.536600757766553,0,2473621.9916389273,420.3053824503381,497.4855943154181,77.18021186508003,-0.49423912613717474,-0.5,-1.152174772565051,,,,,,,,,,,,,,,,,,,,,,,,,,,,,,,,,,,,0
s9_k5ac_a_s06_pos100_tap0_mc128_cpl0_rp4p896603987_rn4p82852263541_f12370_f21100_a0_dac1p25,K5AC,A,6,0.5,100,0,128,ac,0.0,0.0,0,1.25,0,4.896603987000213,4.828522635408777,40.0,2370.0,1100.0,,0,992116.2922251023,0.03553267019923427,36307.80547701334,13.483944059019109,25.010114418271126,0,2473621.9916389273,433.8874113637807,485.75887272356175,51.87146135978105,-0.4994178649762016,-0.5,-0.11642700475967827,,,,,,,,,,,,,,,,,,,,,,,,,,,,,,,,,,,,0
s9_k5ac_a_s06_pos100_tap0_mc129_cpl0_rp4p81174207234_rn4p89100641234_f12370_f21100_a0_dac1p25,K5AC,A,6,0.5,100,0,129,ac,0.0,0.0,0,1.25,0,4.81174207233888,4.891006412336964,40.0,2370.0,1100.0,,0,1004386.9599036286,0.015347386981777435,13182.567385565122,13.723383939406784,25.20959426516757,0,2473621.9916389273,432.93829319202956,496.72045371159936,63.7821605195698,-0.4950834359104031,-0.5,-0.9833128179193795,,,,,,,,,,,,,,,,,,,,,,,,,,,,,,,,,,,,0
s9_k5ac_a_s06_pos100_tap0_mc12_cpl0_rp4p91919084993_rn4p83952044191_f12370_f21100_a0_dac1p25,K5AC,A,6,0.5,100,0,12,ac,0.0,0.0,0,1.25,0,4.9191908499269505,4.839520441911695,40.0,2370.0,1100.0,,0,1024993.41568981,1.7659711341793955e-05,23.08518362242823,13.639676234185266,25.23978574367148,0,2473621.9916389273,430.9698951553403,503.8478948312964,72.87799967595612,-0.4932879652950413,-0.5,-1.342406940991736,,,,,,,,,,,,,,,,,,,,,,,,,,,,,,,,,,,,0
s9_k5ac_a_s06_pos100_tap0_mc130_cpl0_rp4p85501338975_rn4p96252654024_f12370_f21100_a0_dac1p25,K5AC,A,6,0.5,100,0,130,ac,0.0,0.0,0,1.25,0,4.85501338974774,4.962526540242999,40.0,2370.0,1100.0,,0,993656.3790891451,1.7761542502271362e-05,20.106354402585385,13.624527554362814,25.172001928871115,0,2473621.9916389273,426.31593862095355,491.2406255195971,64.92468689864353,-0.5064778370868109,-0.5,1.2955674173621867,,,,,,,,,,,,,,,,,,,,,,,,,,,,,,,,,,,,0
s9_k5ac_a_s06_pos100_tap0_mc131_cpl0_rp4p8967242161_rn4p94469868095_f12370_f21100_a0_dac1p25,K5AC,A,6,0.5,100,0,131,ac,0.0,0.0,0,1.25,0,4.8967242160962146,4.944698680946013,40.0,2370.0,1100.0,,0,1022833.6482593042,1.7730370368160116e-05,22.046179206362424,13.227782813860872,24.865086337322314,0,2473621.9916389273,430.6132189715265,491.6657566177286,61.0525376462021,-0.49512205384909264,-0.5,-0.9755892301814728,,,,,,,,,,,,,,,,,,,,,,,,,,,,,,,,,,,,0
s9_k5ac_a_s06_pos100_tap0_mc132_cpl0_rp4p80935322722_rn4p97553544082_f12370_f21100_a0_dac1p25,K5AC,A,6,0.5,100,0,132,ac,0.0,0.0,0,1.25,0,4.8093532272229425,4.975535440822829,40.0,2370.0,1100.0,,0,1050606.3688490603,2.7109065288297345e-05,1423.4208838644283,12.934284279218062,24.500673287826057,0,2473621.9916389273,422.1541374828646,493.4979018299228,71.3437643470582,-0.5038433194245188,-0.5,0.768663884903753,,,,,,,,,,,,,,,,,,,,,,,,,,,,,,,,,,,,0
s9_k5ac_a_s06_pos100_tap0_mc133_cpl0_rp4p91180058942_rn4p9663359003_f12370_f21100_a0_dac1p25,K5AC,A,6,0.5,100,0,133,ac,0.0,0.0,0,1.25,0,4.911800589417648,4.966335900304529,40.0,2370.0,1100.0,,0,1002691.1773562524,0.0004017942178534246,7188.969923658608,13.658368023895338,25.319673770356793,0,2473621.9916389273,436.62016352256654,494.6279808286288,58.007817306062236,-0.4943857446554844,-0.5,-1.122851068903119,,,,,,,,,,,,,,,,,,,,,,,,,,,,,,,,,,,,0
s9_k5ac_a_s06_pos100_tap0_mc134_cpl0_rp4p84727441152_rn4p93179886146_f12370_f21100_a0_dac1p25,K5AC,A,6,0.5,100,0,134,ac,0.0,0.0,0,1.25,0,4.847274411519917,4.931798861456543,40.0,2370.0,1100.0,,0,1006898.3345826076,1.7732424273466348e-05,24.547089156850962,13.264096229646324,24.554614004493796,0,2473621.9916389273,427.6732382608225,484.5877552594192,56.91451699859675,-0.49133823736262494,-0.5,-1.7323525274750118,,,,,,,,,,,,,,,,,,,,,,,,,,,,,,,,,,,,0
s9_k5ac_a_s06_pos100_tap0_mc135_cpl0_rp4p96566735305_rn4p98672133428_f12370_f21100_a0_dac1p25,K5AC,A,6,0.5,100,0,135,ac,0.0,0.0,0,1.25,0,4.965667353051266,4.98672133428323,40.0,2370.0,1100.0,,0,982687.9612800571,1.772633936992946e-05,24.35940447292092,13.472474820385564,24.82156538014041,0,2473621.9916389273,435.4830282190039,482.34746543289754,46.86443721389361,-0.4934415657047322,-0.5,-1.3116868590535624,,,,,,,,,,,,,,,,,,,,,,,,,,,,,,,,,,,,0
s9_k5ac_a_s06_pos100_tap0_mc136_cpl0_rp4p95839821386_rn4p99312383553_f12370_f21100_a0_dac1p25,K5AC,A,6,0.5,100,0,136,ac,0.0,0.0,0,1.25,0,4.95839821385987,4.993123835529475,40.0,2370.0,1100.0,,0,997004.5025945464,1.7743970927605516e-05,27.122725793321035,13.590607094735853,24.983073213750327,0,2473621.9916389273,433.69686225321925,491.35876020540843,57.66189795218918,-0.5051475436275703,-0.5,1.0295087255140611,,,,,,,,,,,,,,,,,,,,,,,,,,,,,,,,,,,,0
s9_k5ac_a_s06_pos100_tap0_mc137_cpl0_rp4p87926539564_rn4p96140284038_f12370_f21100_a0_dac1p25,K5AC,A,6,0.5,100,0,137,ac,0.0,0.0,0,1.25,0,4.879265395643575,4.961402840377342,40.0,2370.0,1100.0,,0,966280.9077052322,0.00964553930253654,12783.997194631253,13.714632512241064,25.032206279884992,0,2473621.9916389273,439.78441933512426,482.9754373787779,43.19101804365363,-0.49515038926700006,-0.5,-0.9699221465999885,,,,,,,,,,,,,,,,,,,,,,,,,,,,,,,,,,,,0
s9_k5ac_a_s06_pos100_tap0_mc138_cpl0_rp4p97932660215_rn4p9286091668_f12370_f21100_a0_dac1p25,K5AC,A,6,0.5,100,0,138,ac,0.0,0.0,0,1.25,0,4.979326602154579,4.9286091668046845,40.0,2370.0,1100.0,,0,980434.0879524002,0.009902792529578968,12492.997891188323,13.930457327010673,25.59830897829518,0,2473621.9916389273,442.64373670025066,494.86243752368756,52.218700823436905,-0.48207172220289046,-0.5,-3.5856555594219075,,,,,,,,,,,,,,,,,,,,,,,,,,,,,,,,,,,,0
s9_k5ac_a_s06_pos100_tap0_mc139_cpl0_rp4p90121338316_rn4p97484744683_f12370_f21100_a0_dac1p25,K5AC,A,6,0.5,100,0,139,ac,0.0,0.0,0,1.25,0,4.901213383164669,4.974847446832431,40.0,2370.0,1100.0,,0,1002217.3351423903,1.7793324269345673e-05,24.926807893272443,13.589794718406889,25.161339786544392,0,2473621.9916389273,435.3581144742914,494.2994943192566,58.941379844965184,-0.49063637466674775,-0.5,-1.8727250666504491,,,,,,,,,,,,,,,,,,,,,,,,,,,,,,,,,,,,0
s9_k5ac_a_s06_pos100_tap0_mc13_cpl0_rp4p91427790823_rn4p93463710581_f12370_f21100_a0_dac1p25,K5AC,A,6,0.5,100,0,13,ac,0.0,0.0,0,1.25,0,4.914277908230624,4.934637105812456,40.0,2370.0,1100.0,,0,1004932.12497777,0.009116422558691604,12882.495516932364,13.34980443159583,24.92237720225577,0,2473621.9916389273,432.64138710127907,488.52512295675837,55.8837358554793,-0.5033301407569353,-0.5,0.6660281513870547,,,,,,,,,,,,,,,,,,,,,,,,,,,,,,,,,,,,0
s9_k5ac_a_s06_pos100_tap0_mc140_cpl0_rp4p85254918843_rn4p8502021529_f12370_f21100_a0_dac1p25,K5AC,A,6,0.5,100,0,140,ac,0.0,0.0,0,1.25,0,4.8525491884265115,4.8502021528972366,40.0,2370.0,1100.0,,0,991548.0265466922,2.9061889473167245e-05,2137.96208950237,13.768632780151131,25.269989130816008,0,2473621.9916389273,437.68737775188185,494.19453072787036,56.507152975988504,-0.49868339217829,-0.5,-0.2633215643420006,,,,,,,,,,,,,,,,,,,,,,,,,,,,,,,,,,,,0
s9_k5ac_a_s06_pos100_tap0_mc141_cpl0_rp4p89492282845_rn4p91685348832_f12370_f21100_a0_dac1p25,K5AC,A,6,0.5,100,0,141,ac,0.0,0.0,0,1.25,0,4.894922828448854,4.91685348831504,40.0,2370.0,1100.0,,0,1029189.3899916519,0.0021944906737884754,10311.772745931354,13.203512117206632,24.795696539488194,0,2473621.9916389273,429.17138225705145,492.20786672021694,63.03648446316549,-0.4916537986244566,-0.5,-1.6692402751086854,,,,,,,,,,,,,,,,,,,,,,,,,,,,,,,,,,,,0
s9_k5ac_a_s06_pos100_tap0_mc142_cpl0_rp4p90395176581_rn4p87504253596_f12370_f21100_a0_dac1p25,K5AC,A,6,0.5,100,0,142,ac,0.0,0.0,0,1.25,0,4.90395176580954,4.875042535962196,40.0,2370.0,1100.0,,0,964592.9575749676,0.004499588603649446,10633.265716372442,14.045427893361913,25.657359929259925,0,2473621.9916389273,447.0591657951923,492.9786409743367,45.9194751791444,-0.49036737229616806,-0.5,-1.9265255407663884,,,,,,,,,,,,,,,,,,,,,,,,,,,,,,,,,,,,0
s9_k5ac_a_s06_pos100_tap0_mc143_cpl0_rp4p90228050802_rn4p95802414624_f12370_f21100_a0_dac1p25,K5AC,A,6,0.5,100,0,143,ac,0.0,0.0,0,1.25,0,4.902280508021619,4.958024146237914,40.0,2370.0,1100.0,,0,948680.3369681092,1.749277337613861e-05,12.98175275049877,14.585874904983735,26.148245896216476,0,2473621.9916389273,409.0776671321003,516.0671863796082,106.98951924750787,-0.4973823992168257,-0.5,-0.5235201566348602,,,,,,,,,,,,,,,,,,,,,,,,,,,,,,,,,,,,0
s9_k5ac_a_s06_pos100_tap0_mc144_cpl0_rp4p83676342514_rn4p8647450437_f12370_f21100_a0_dac1p25,K5AC,A,6,0.5,100,0,144,ac,0.0,0.0,0,1.25,0,4.836763425135522,4.8647450436974164,40.0,2370.0,1100.0,,0,966449.1487290186,0.0004986180744088034,7300.176045009326,14.105496151109609,25.543110876747654,0,2473621.9916389273,444.0329371727895,492.31977528085304,48.286838108063534,-0.48732177332092486,-0.5,-2.535645335815029,,,,,,,,,,,,,,,,,,,,,,,,,,,,,,,,,,,,0
s9_k5ac_a_s06_pos100_tap0_mc145_cpl0_rp4p86558931643_rn4p98929888802_f12370_f21100_a0_dac1p25,K5AC,A,6,0.5,100,0,145,ac,0.0,0.0,0,1.25,0,4.865589316433562,4.989298888021306,40.0,2370.0,1100.0,,0,1025500.3558001235,0.007207816700642536,11659.144011799235,13.068382712648647,24.59948149856225,0,2473621.9916389273,428.5461737640016,487.0222444169799,58.47607065297831,-0.487488560409589,-0.5,-2.502287918082202,,,,,,,,,,,,,,,,,,,,,,,,,,,,,,,,,,,,0
s9_k5ac_a_s06_pos100_tap0_mc146_cpl0_rp4p95031265862_rn4p85034969278_f12370_f21100_a0_dac1p25,K5AC,A,6,0.5,100,0,146,ac,0.0,0.0,0,1.25,0,4.950312658622311,4.850349692781062,40.0,2370.0,1100.0,,0,981175.9278618578,1.7727602939130658e-05,22.733518989206896,13.410042459231914,24.938029573454973,0,2473621.9916389273,439.8939365613582,481.59881443255335,41.70487787119515,-0.4861572506572361,-0.5,-2.768549868552783,,,,,,,,,,,,,,,,,,,,,,,,,,,,,,,,,,,,0
s9_k5ac_a_s06_pos100_tap0_mc147_cpl0_rp4p83980621356_rn4p97330543168_f12370_f21100_a0_dac1p25,K5AC,A,6,0.5,100,0,147,ac,0.0,0.0,0,1.25,0,4.839806213564023,4.973305431679933,40.0,2370.0,1100.0,,0,1014238.087412006,0.0015732546591106771,9476.908045142321,12.836813945387847,24.18334302037595,0,2473621.9916389273,427.8743239934145,476.53808640640545,48.663762412990934,-0.48974065777035153,-0.5,-2.0518684459296943,,,,,,,,,,,,,,,,,,,,,,,,,,,,,,,,,,,,0
s9_k5ac_a_s06_pos100_tap0_mc148_cpl0_rp4p88631761595_rn4p9856822019_f12370_f21100_a0_dac1p25,K5AC,A,6,0.5,100,0,148,ac,0.0,0.0,0,1.25,0,4.886317615952683,4.985682201896054,40.0,2370.0,1100.0,,0,1021084.4796120735,0.0017885759134847624,10077.048141361822,13.147863006211665,24.677992164792684,0,2473621.9916389273,431.19560085155223,487.81702397105744,56.62142311950521,-0.49236187263765385,-0.5,-1.5276254724692295,,,,,,,,,,,,,,,,,,,,,,,,,,,,,,,,,,,,0
s9_k5ac_a_s06_pos100_tap0_mc149_cpl0_rp4p99245108005_rn4p94455573913_f12370_f21100_a0_dac1p25,K5AC,A,6,0.5,100,0,149,ac,0.0,0.0,0,1.25,0,4.992451080053054,4.9445557391309505,40.0,2370.0,1100.0,,0,1008447.9396012326,1.7654653392797032e-05,23.442288153199843,13.334951273629603,24.81821942832172,0,2473621.9916389273,432.5646035742599,488.68497714289714,56.12037356863726,-0.48430414693124035,-0.5,-3.1391706137519293,,,,,,,,,,,,,,,,,,,,,,,,,,,,,,,,,,,,0
s9_k5ac_a_s06_pos100_tap0_mc14_cpl0_rp4p82902472704_rn4p81684089148_f12370_f21100_a0_dac1p25,K5AC,A,6,0.5,100,0,14,ac,0.0,0.0,0,1.25,0,4.829024727041403,4.816840891477387,40.0,2370.0,1100.0,,0,994716.0657352185,0.002232619046860105,10391.2230383525,13.757739784919108,25.33855615060792,0,2473621.9916389273,439.23963337247176,494.42056555521384,55.18093218274208,-0.4884115996839066,-0.5,-2.3176800632186745,,,,,,,,,,,,,,,,,,,,,,,,,,,,,,,,,,,,0
s9_k5ac_a_s06_pos100_tap0_mc150_cpl0_rp4p89777934343_rn4p96419270372_f12370_f21100_a0_dac1p25,K5AC,A,6,0.5,100,0,150,ac,0.0,0.0,0,1.25,0,4.897779343429821,4.96419270371882,40.0,2370.0,1100.0,,0,982735.8263053616,1.7769636437158483e-05,24.73621991638688,13.395359591936488,24.852210589451865,0,2473621.9916389273,437.6693151716959,480.7413675248768,43.07205235318088,-0.4884169830576272,-0.5,-2.3166033884745585,,,,,,,,,,,,,,,,,,,,,,,,,,,,,,,,,,,,0
s9_k5ac_a_s06_pos100_tap0_mc151_cpl0_rp4p84213760085_rn4p9569401187_f12370_f21100_a0_dac1p25,K5AC,A,6,0.5,100,0,151,ac,0.0,0.0,0,1.25,0,4.842137600852539,4.95694011870484,40.0,2370.0,1100.0,,0,990389.245968441,0.008311805038257056,12397.477630290425,13.651487874292389,25.067384058827635,0,2473621.9916389273,435.6771160971516,491.6687259439986,55.991609846846984,-0.5081026507068697,-0.5,1.6205301413739326,,,,,,,,,,,,,,,,,,,,,,,,,,,,,,,,,,,,0
s9_k5ac_a_s06_pos100_tap0_mc152_cpl0_rp4p83377326818_rn4p84127069443_f12370_f21100_a0_dac1p25,K5AC,A,6,0.5,100,0,152,ac,0.0,0.0,0,1.25,0,4.833773268184968,4.841270694425295,40.0,2370.0,1100.0,,0,1048615.8061406112,0.00766641223542109,11748.97554939622,13.118280303603452,24.839703056274345,0,2473621.9916389273,425.64373812581726,498.6470170341985,73.00327890838122,-0.4913794779784258,-0.5,-1.7241044043148412,,,,,,,,,,,,,,,,,,,,,,,,,,,,,,,,,,,,0
s9_k5ac_a_s06_pos100_tap0_mc153_cpl0_rp4p84761410021_rn4p99185717144_f12370_f21100_a0_dac1p25,K5AC,A,6,0.5,100,0,153,ac,0.0,0.0,0,1.25,0,4.847614100209813,4.991857171435159,40.0,2370.0,1100.0,,0,1041727.6248065262,1.7652593672589604e-05,24.73621991638688,12.93366826618277,24.56372769662423,0,2473621.9916389273,425.55662747335856,489.8763808051667,64.31975333180816,-0.49356994504791674,-0.5,-1.2860109904166528,,,,,,,,,,,,,,,,,,,,,,,,,,,,,,,,,,,,0
s9_k5ac_a_s06_pos100_tap0_mc154_cpl0_rp4p80524095525_rn4p98943494655_f12370_f21100_a0_dac1p25,K5AC,A,6,0.5,100,0,154,ac,0.0,0.0,0,1.25,0,4.805240955247534,4.989434946553245,40.0,2370.0,1100.0,,0,1031060.4103271614,0.04495338352834369,39204.266552705005,13.33685709434725,24.82048174866257,0,2473621.9916389273,427.02008626370815,496.9254772153508,69.90539095164263,-0.4913813737865499,-0.5,-1.7237252426900218,,,,,,,,,,,,,,,,,,,,,,,,,,,,,,,,,,,,0
s9_k5ac_a_s06_pos100_tap0_mc155_cpl0_rp4p9900527303_rn4p84754466055_f12370_f21100_a0_dac1p25,K5AC,A,6,0.5,100,0,155,ac,0.0,0.0,0,1.25,0,4.990052730299024,4.847544660549819,40.0,2370.0,1100.0,,0,995562.3703927111,0.001746094448224179,10311.772745931354,13.764968201919908,25.245826669458044,0,2473621.9916389273,436.61568929504597,495.8564532248865,59.24076392984051,-0.4903336741235336,-0.5,-1.933265175293275,,,,,,,,,,,,,,,,,,,,,,,,,,,,,,,,,,,,0
s9_k5ac_a_s06_pos100_tap0_mc156_cpl0_rp4p92979378923_rn4p83412639373_f12370_f21100_a0_dac1p25,K5AC,A,6,0.5,100,0,156,ac,0.0,0.0,0,1.25,0,4.9297937892303265,4.834126393733247,40.0,2370.0,1100.0,,0,959203.7722476816,1.7430229355484543e-05,12.58925411794194,14.06198587478578,25.517402212118114,0,2473621.9916389273,396.7744069011819,511.92656494274127,115.15215804155935,-0.4998254549698179,-0.5,-0.034909006036421,,,,,,,,,,,,,,,,,,,,,,,,,,,,,,,,,,,,0
s9_k5ac_a_s06_pos100_tap0_mc157_cpl0_rp4p85705755482_rn4p97314747879_f12370_f21100_a0_dac1p25,K5AC,A,6,0.5,100,0,157,ac,0.0,0.0,0,1.25,0,4.857057554822637,4.973147478791156,40.0,2370.0,1100.0,,0,1064013.3309988342,2.5595224463742876e-05,1597.104499934702,12.675444682592977,24.205975333001174,0,2473621.9916389273,420.61094982274136,491.9597292154005,71.34877939265914,-0.486497114693076,-0.5,-2.7005770613848012,,,,,,,,,,,,,,,,,,,,,,,,,,,,,,,,,,,,0
s9_k5ac_a_s06_pos100_tap0_mc158_cpl0_rp4p85315207368_rn4p87249143015_f12370_f21100_a0_dac1p25,K5AC,A,6,0.5,100,0,158,ac,0.0,0.0,0,1.25,0,4.85315207367575,4.872491430145047,40.0,2370.0,1100.0,,0,938012.3805402049,0.012512447354771064,12397.477630290425,14.12779525886936,25.452523759172013,0,2473621.9916389273,447.99825223216897,484.0774076470172,36.07915541484823,-0.4953395540378794,-0.5,-0.9320891924241237,,,,,,,,,,,,,,,,,,,,,,,,,,,,,,,,,,,,0
s9_k5ac_a_s06_pos100_tap0_mc159_cpl0_rp4p82823981138_rn4p82199598699_f12370_f21100_a0_dac1p25,K5AC,A,6,0.5,100,0,159,ac,0.0,0.0,0,1.25,0,4.828239811383179,4.8219959869925875,40.0,2370.0,1100.0,,0,953863.6946976667,1.7667841626061556e-05,23.263050671536877,13.904279274866958,25.310042056371095,0,2473621.9916389273,444.8437059107434,484.0528280649688,39.20912215422544,-0.5026825221135024,-0.5,0.5365044227004789,,,,,,,,,,,,,,,,,,,,,,,,,,,,,,,,,,,,0
s9_k5ac_a_s06_pos100_tap0_mc15_cpl0_rp4p93539662469_rn4p87853197466_f12370_f21100_a0_dac1p25,K5AC,A,6,0.5,100,0,15,ac,0.0,0.0,0,1.25,0,4.935396624694563,4.878531974660734,40.0,2370.0,1100.0,,0,1016509.6856744965,1.7779319661453442e-05,25.11886431509648,13.385983156471443,25.046970482568458,0,2473621.9916389273,433.67061716465156,493.09243407970695,59.42181691505539,-0.4908586768681462,-0.5,-1.828264626370757,,,,,,,,,,,,,,,,,,,,,,,,,,,,,,,,,,,,0
s9_k5ac_a_s06_pos100_tap0_mc160_cpl0_rp4p91628999036_rn4p83085327092_f12370_f21100_a0_dac1p25,K5AC,A,6,0.5,100,0,160,ac,0.0,0.0,0,1.25,0,4.916289990358626,4.830853270917888,40.0,2370.0,1100.0,,0,1029199.6945580534,0.010499983813243156,12492.997891188323,13.263707976104115,24.845922334998296,0,2473621.9916389273,428.86585938182316,494.0847722627245,65.21891288090137,-0.49028216698230614,-0.5,-1.943566603538771,,,,,,,,,,,,,,,,,,,,,,,,,,,,,,,,,,,,0
s9_k5ac_a_s06_pos100_tap0_mc161_cpl0_rp4p98717834767_rn4p90662045163_f12370_f21100_a0_dac1p25,K5AC,A,6,0.5,100,0,161,ac,0.0,0.0,0,1.25,0,4.987178347672382,4.9066204516289975,40.0,2370.0,1100.0,,0,1007694.7983661023,0.003627685874234235,11393.749492814264,13.56516927449566,25.072163524525692,0,2473621.9916389273,433.7708017437087,494.6680978160581,60.89729607234938,-0.4893497972011996,-0.5,-2.1300405597600824,,,,,,,,,,,,,,,,,,,,,,,,,,,,,,,,,,,,0
s9_k5ac_a_s06_pos100_tap0_mc162_cpl0_rp4p92572995358_rn4p92617839895_f12370_f21100_a0_dac1p25,K5AC,A,6,0.5,100,0,162,ac,0.0,0.0,0,1.25,0,4.925729953575903,4.926178398948278,40.0,2370.0,1100.0,,0,1021446.5273930746,1.7645438514260986e-05,18.337213155089273,13.511544978250122,25.18867798961326,0,2473621.9916389273,424.6924792941295,498.85524145648145,74.16276216235195,-0.48644057007560065,-0.5,-2.7118859848798693,,,,,,,,,,,,,,,,,,,,,,,,,,,,,,,,,,,,0
s9_k5ac_a_s06_pos100_tap0_mc163_cpl0_rp4p84565866856_rn4p85953130541_f12370_f21100_a0_dac1p25,K5AC,A,6,0.5,100,0,163,ac,0.0,0.0,0,1.25,0,4.845658668562648,4.859531305409868,40.0,2370.0,1100.0,,0,1007555.9441360434,1.748114361030575e-05,13.2841366171068,12.995347807686692,24.525433139263694,0,2473621.9916389273,395.71332544931226,482.0195129433129,86.30618749400065,-0.5050880244511604,-0.5,1.0176048902320822,,,,,,,,,,,,,,,,,,,,,,,,,,,,,,,,,,,,0
s9_k5ac_a_s06_pos100_tap0_mc164_cpl0_rp4p90468991922_rn4p86306893025_f12370_f21100_a0_dac1p25,K5AC,A,6,0.5,100,0,164,ac,0.0,0.0,0,1.25,0,4.904689919223663,4.8630689302496535,40.0,2370.0,1100.0,,0,1024021.3632509231,1.761354484438461e-05,15.369745159353068,13.386526578282833,25.091341405600744,0,2473621.9916389273,414.0384445999474,498.18025988102124,84.14181528107383,-0.4934047647034336,-0.5,-1.319047059313283,,,,,,,,,,,,,,,,,,,,,,,,,,,,,,,,,,,,0
s9_k5ac_a_s06_pos100_tap0_mc165_cpl0_rp4p89668701226_rn4p92646031675_f12370_f21100_a0_dac1p25,K5AC,A,6,0.5,100,0,165,ac,0.0,0.0,0,1.25,0,4.896687012261691,4.926460316752722,40.0,2370.0,1100.0,,0,1002404.9723603043,1.7708884769804256e-05,23.80491673125578,13.78304310313594,25.384536344701754,0,2473621.9916389273,435.3609978780936,498.9125286617065,63.55153078361292,-0.48631847079455365,-0.5,-2.7363058410892704,,,,,,,,,,,,,,,,,,,,,,,,,,,,,,,,,,,,0
s9_k5ac_a_s06_pos100_tap0_mc166_cpl0_rp4p96004529087_rn4p90829612998_f12370_f21100_a0_dac1p25,K5AC,A,6,0.5,100,0,166,ac,0.0,0.0,0,1.25,0,4.96004529086772,4.908296129984379,40.0,2370.0,1100.0,,0,1033892.0394918186,1.7692589180893343e-05,24.35940447292092,12.52872913541817,23.848088901119592,0,2473621.9916389273,421.9653476943749,474.58269455135894,52.61734685698406,-0.488814649781185,-0.5,-2.237070043763001,,,,,,,,,,,,,,,,,,,,,,,,,,,,,,,,,,,,0
s9_k5ac_a_s06_pos100_tap0_mc167_cpl0_rp4p98561720724_rn4p94842851895_f12370_f21100_a0_dac1p25,K5AC,A,6,0.5,100,0,167,ac,0.0,0.0,0,1.25,0,4.985617207244762,4.948428518954744,40.0,2370.0,1100.0,,0,982589.1683579079,1.7688346059964312e-05,23.988329190195547,14.450001196626083,26.1883517549169,0,2473621.9916389273,444.8632994716751,509.9507710676132,65.0874715959381,-0.5027825520702774,-0.5,0.5565104140554888,,,,,,,,,,,,,,,,,,,,,,,,,,,,,,,,,,,,0
s9_k5ac_a_s06_pos100_tap0_mc168_cpl0_rp4p86230494424_rn4p88092825475_f12370_f21100_a0_dac1p25,K5AC,A,6,0.5,100,0,168,ac,0.0,0.0,0,1.25,0,4.862304944238102,4.880928254749572,40.0,2370.0,1100.0,,0,975521.4574386373,0.006129259440697476,11659.144011799235,13.950555184259386,25.414545550511612,0,2473621.9916389273,439.1941410099905,493.273171994344,54.079030984353494,-0.48718458746886545,-0.5,-2.5630825062269103,,,,,,,,,,,,,,,,,,,,,,,,,,,,,,,,,,,,0
s9_k5ac_a_s06_pos100_tap0_mc169_cpl0_rp4p92184606912_rn4p81788766396_f12370_f21100_a0_dac1p25,K5AC,A,6,0.5,100,0,169,ac,0.0,0.0,0,1.25,0,4.921846069117906,4.817887663955189,40.0,2370.0,1100.0,,0,991525.3988460962,0.0037144631300956446,10715.1930523769,13.479238807554596,24.836088746272093,0,2473621.9916389273,434.3058467629578,487.04591597123294,52.740069208275145,-0.5043193348941315,-0.5,0.8638669788262998,,,,,,,,,,,,,,,,,,,,,,,,,,,,,,,,,,,,0
s9_k5ac_a_s06_pos100_tap0_mc16_cpl0_rp4p89606759492_rn4p92671988323_f12370_f21100_a0_dac1p25,K5AC,A,6,0.5,100,0,16,ac,0.0,0.0,0,1.25,0,4.896067594915554,4.926719883233981,40.0,2370.0,1100.0,,0,973418.1778396973,1.773569000612321e-05,24.547089156850962,13.760107913111042,25.214952617043693,0,2473621.9916389273,439.95775090665927,487.00479546570665,47.04704455904738,-0.4951675443484341,-0.5,-0.9664911303131851,,,,,,,,,,,,,,,,,,,,,,,,,,,,,,,,,,,,0
s9_k5ac_a_s06_pos100_tap0_mc170_cpl0_rp4p87977769754_rn4p98540825275_f12370_f21100_a0_dac1p25,K5AC,A,6,0.5,100,0,170,ac,0.0,0.0,0,1.25,0,4.879777697541702,4.985408252745102,40.0,2370.0,1100.0,,0,932688.2095142498,0.020009581473918653,12589.254117942672,14.23966980202371,25.56892842009091,0,2473621.9916389273,448.75347553858734,485.1321541857537,36.37867864716634,-0.5029432803345195,-0.5,0.5886560669039032,,,,,,,,,,,,,,,,,,,,,,,,,,,,,,,,,,,,0
s9_k5ac_a_s06_pos100_tap0_mc171_cpl0_rp4p91969495616_rn4p97384398985_f12370_f21100_a0_dac1p25,K5AC,A,6,0.5,100,0,171,ac,0.0,0.0,0,1.25,0,4.919694956157783,4.973843989846043,40.0,2370.0,1100.0,,0,1003359.189747381,0.0033297240433848322,11134.396090624487,14.059575081639766,25.68687455948641,0,2473621.9916389273,437.1573627470152,507.94394254175234,70.78657979473712,-0.4856032566712417,-0.5,-2.8793486657516576,,,,,,,,,,,,,,,,,,,,,,,,,,,,,,,,,,,,0
s9_k5ac_a_s06_pos100_tap0_mc172_cpl0_rp4p98141126174_rn4p9373977353_f12370_f21100_a0_dac1p25,K5AC,A,6,0.5,100,0,172,ac,0.0,0.0,0,1.25,0,4.981411261740097,4.937397735303051,40.0,2370.0,1100.0,,0,986214.1591800124,1.774518440395191e-05,25.31240049595432,13.748635307537516,25.365673091319785,0,2473621.9916389273,440.74066994463647,491.75337775775427,51.0127078131178,-0.4848233118358917,-0.5,-3.0353376328216553,,,,,,,,,,,,,,,,,,,,,,,,,,,,,,,,,,,,0
s9_k5ac_a_s06_pos100_tap0_mc173_cpl0_rp4p81635422291_rn4p8251161718_f12370_f21100_a0_dac1p25,K5AC,A,6,0.5,100,0,173,ac,0.0,0.0,0,1.25,0,4.816354222913955,4.825116171795079,40.0,2370.0,1100.0,,0,1059369.0363145152,0.0997664606184917,58434.14133735715,13.05156673186537,24.69200006689686,0,2473621.9916389273,403.2671268158414,499.35566063117795,96.08853381533658,-0.505219656513282,-0.5,1.043931302656409,,,,,,,,,,,,,,,,,,,,,,,,,,,,,,,,,,,,0
s9_k5ac_a_s06_pos100_tap0_mc174_cpl0_rp4p81675841155_rn4p92438442468_f12370_f21100_a0_dac1p25,K5AC,A,6,0.5,100,0,174,ac,0.0,0.0,0,1.25,0,4.816758411547818,4.924384424679093,40.0,2370.0,1100.0,,0,989841.6451896813,1.9467592098950932e-05,1071.5193052376692,14.038722007013417,25.564765466037116,0,2473621.9916389273,439.0570367410803,500.61932661183215,61.56228987075184,-0.49092005492852037,-0.5,-1.8159890142959267,,,,,,,,,,,,,,,,,,,,,,,,,,,,,,,,,,,,0
s9_k5ac_a_s06_pos100_tap0_mc175_cpl0_rp4p90832979475_rn4p97211588636_f12370_f21100_a0_dac1p25,K5AC,A,6,0.5,100,0,175,ac,0.0,0.0,0,1.25,0,4.90832979475302,4.972115886361461,40.0,2370.0,1100.0,,0,1007006.7604635003,0.0075094843521823565,11930.720363266277,14.074175335608073,25.724728166464313,0,2473621.9916389273,436.7108367108168,508.6328149311877,71.92197822037087,-0.49765643378449237,-0.5,-0.4687132431015262,,,,,,,,,,,,,,,,,,,,,,,,,,,,,,,,,,,,0
s9_k5ac_a_s06_pos100_tap0_mc176_cpl0_rp4p85359236684_rn4p93257617059_f12370_f21100_a0_dac1p25,K5AC,A,6,0.5,100,0,176,ac,0.0,0.0,0,1.25,0,4.853592366840775,4.932576170591163,40.0,2370.0,1100.0,,0,990153.1462491433,1.765430338892579e-05,23.80491673125578,14.202869489169641,25.869020629850482,0,2473621.9916389273,441.13435986232497,506.32829736632925,65.19393750400428,-0.5014744318667689,-0.5,0.29488637335377543,,,,,,,,,,,,,,,,,,,,,,,,,,,,,,,,,,,,0
s9_k5ac_a_s06_pos100_tap0_mc177_cpl0_rp4p8775218094_rn4p8097902573_f12370_f21100_a0_dac1p25,K5AC,A,6,0.5,100,0,177,ac,0.0,0.0,0,1.25,0,4.87752180939829,4.809790257300452,40.0,2370.0,1100.0,,0,1001228.5014962051,0.0014113126191911938,9623.506263981628,13.264569035911737,24.70345468854761,0,2473621.9916389273,432.4140018757217,482.73641931980126,50.322417444079576,-0.4864087697524924,-0.5,-2.718246049501516,,,,,,,,,,,,,,,,,,,,,,,,,,,,,,,,,,,,0
s9_k5ac_a_s06_pos100_tap0_mc178_cpl0_rp4p90960633162_rn4p9032157808_f12370_f21100_a0_dac1p25,K5AC,A,6,0.5,100,0,178,ac,0.0,0.0,0,1.25,0,4.909606331621514,4.903215780799557,40.0,2370.0,1100.0,,0,999404.6438193587,1.773445104843854e-05,22.38721138568398,13.40164018707539,24.88914049991747,0,2473621.9916389273,433.02770041811834,486.8531067239399,53.82540630582156,-0.49073424453333797,-0.5,-1.8531510933324058,,,,,,,,,,,,,,,,,,,,,,,,,,,,,,,,,,,,0
s9_k5ac_a_s06_pos100_tap0_mc179_cpl0_rp4p91383832735_rn4p86687449907_f12370_f21100_a0_dac1p25,K5AC,A,6,0.5,100,0,179,ac,0.0,0.0,0,1.25,0,4.9138383273465065,4.866874499066905,40.0,2370.0,1100.0,,0,990576.2510431608,1.7749749439847534e-05,25.70395782768934,13.90399416965675,25.62491595257405,0,2473621.9916389273,443.1556755741389,498.6001332517235,55.44445767758458,-0.49785922871465166,-0.5,-0.42815425706966836,,,,,,,,,,,,,,,,,,,,,,,,,,,,,,,,,,,,0
s9_k5ac_a_s06_pos100_tap0_mc17_cpl0_rp4p88475723429_rn4p86389060167_f12370_f21100_a0_dac1p25,K5AC,A,6,0.5,100,0,17,ac,0.0,0.0,0,1.25,0,4.884757234291846,4.8638906016743055,40.0,2370.0,1100.0,,0,1012308.163557858,1.769349631803599e-05,25.31240049595432,13.86691051736097,25.541322586994294,0,2473621.9916389273,435.74222243175467,505.51792142451995,69.77569899276529,-0.5047420673737519,-0.5,0.948413474750387,,,,,,,,,,,,,,,,,,,,,,,,,,,,,,,,,,,,0
s9_k5ac_a_s06_pos100_tap0_mc180_cpl0_rp4p85885219939_rn4p96182281801_f12370_f21100_a0_dac1p25,K5AC,A,6,0.5,100,0,180,ac,0.0,0.0,0,1.25,0,4.858852199389098,4.961822818012852,40.0,2370.0,1100.0,,0,1030294.2376012185,1.7704294595849995e-05,24.73621991638688,12.967468283919247,24.55205840670503,0,2473621.9916389273,426.86359856634186,486.5533972289648,59.689798662622934,-0.4932403503724485,-0.5,-1.351929925510298,,,,,,,,,,,,,,,,,,,,,,,,,,,,,,,,,,,,0
s9_k5ac_a_s06_pos100_tap0_mc181_cpl0_rp4p96329998946_rn4p93146062468_f12370_f21100_a0_dac1p25,K5AC,A,6,0.5,100,0,181,ac,0.0,0.0,0,1.25,0,4.963299989455141,4.93146062467727,40.0,2370.0,1100.0,,0,974622.52094246,0.0031610502504099067,10797.75162327794,14.224895460226263,25.881221802215133,0,2473621.9916389273,445.5345432826437,499.28556171644425,53.75101843380054,-0.488183179954805,-0.5,-2.363364009039004,,,,,,,,,,,,,,,,,,,,,,,,,,,,,,,,,,,,0
s9_k5ac_a_s06_pos100_tap0_mc182_cpl0_rp4p86771770553_rn4p84743468837_f12370_f21100_a0_dac1p25,K5AC,A,6,0.5,100,0,182,ac,0.0,0.0,0,1.25,0,4.867717705528115,4.847434688365604,40.0,2370.0,1100.0,,0,950036.2418005602,0.006037696651116178,11930.720363266277,13.95145217640334,25.477272819558472,0,2473621.9916389273,447.79703335846597,485.0927841182169,37.295750759750945,-0.5071473471699799,-0.5,1.429469433995978,,,,,,,,,,,,,,,,,,,,,,,,,,,,,,,,,,,,0
s9_k5ac_a_s06_pos100_tap0_mc183_cpl0_rp4p82243249354_rn4p83336115486_f12370_f21100_a0_dac1p25,K5AC,A,6,0.5,100,0,183,ac,0.0,0.0,0,1.25,0,4.82243249354455,4.8333611548629944,40.0,2370.0,1100.0,,0,1007983.9333258363,0.01626348785995837,13386.488420701002,13.572162394900136,25.26696828928049,0,2473621.9916389273,435.0334811981929,495.5494620574248,60.515980859231945,-0.4950621852694942,-0.5,-0.9875629461011615,,,,,,,,,,,,,,,,,,,,,,,,,,,,,,,,,,,,0
s9_k5ac_a_s06_pos100_tap0_mc184_cpl0_rp4p89408313222_rn4p85654131884_f12370_f21100_a0_dac1p25,K5AC,A,6,0.5,100,0,184,ac,0.0,0.0,0,1.25,0,4.894083132218432,4.856541318838992,40.0,2370.0,1100.0,,0,1002196.2338520321,0.015863814768419502,12686.251981033603,13.91971576393429,25.510915931548524,0,2473621.9916389273,435.16049759038856,501.02042410630554,65.85992651591698,-0.493146924199459,-0.5,-1.3706151601082017,,,,,,,,,,,,,,,,,,,,,,,,,,,,,,,,,,,,0
s9_k5ac_a_s06_pos100_tap0_mc185_cpl0_rp4p85219833639_rn4p84607428991_f12370_f21100_a0_dac1p25,K5AC,A,6,0.5,100,0,185,ac,0.0,0.0,0,1.25,0,4.8521983363916785,4.846074289911345,40.0,2370.0,1100.0,,0,1033560.0155849825,0.016516983909559312,13182.567385565122,12.890218333489424,24.459040380601113,0,2473621.9916389273,425.7148671274859,485.9142299811502,60.1993628536643,-0.5059881119574351,-0.5,1.1976223914870188,,,,,,,,,,,,,,,,,,,,,,,,,,,,,,,,,,,,0
s9_k5ac_a_s06_pos100_tap0_mc186_cpl0_rp4p85131785258_rn4p8091446777_f12370_f21100_a0_dac1p25,K5AC,A,6,0.5,100,0,186,ac,0.0,0.0,0,1.25,0,4.851317852576308,4.8091446777017195,40.0,2370.0,1100.0,,0,980406.2114063571,1.7622466785936996e-05,23.08518362242823,13.71563935454817,25.305989628395412,0,2473621.9916389273,440.65426305019315,489.52257370903834,48.86831065884519,-0.5027234983253642,-0.5,0.5446996650728453,,,,,,,,,,,,,,,,,,,,,,,,,,,,,,,,,,,,0
s9_k5ac_a_s06_pos100_tap0_mc187_cpl0_rp4p90225376233_rn4p84471689686_f12370_f21100_a0_dac1p25,K5AC,A,6,0.5,100,0,187,ac,0.0,0.0,0,1.25,0,4.9022537623313465,4.844716896862485,40.0,2370.0,1100.0,,0,988299.0687758642,1.9320777924883674e-05,857.6958985909428,13.870383402215525,25.488674628438947,0,2473621.9916389273,441.763941087369,496.5176675582401,54.75372647087107,-0.5086099119645153,-0.5,1.7219823929030653,,,,,,,,,,,,,,,,,,,,,,,,,,,,,,,,,,,,0
s9_k5ac_a_s06_pos100_tap0_mc188_cpl0_rp4p88207619519_rn4p84145287485_f12370_f21100_a0_dac1p25,K5AC,A,6,0.5,100,0,188,ac,0.0,0.0,0,1.25,0,4.882076195192883,4.841452874846127,40.0,2370.0,1100.0,,0,1015621.2736279467,1.7776503366209548e-05,24.35940447292092,13.18035258406522,24.798316335088447,0,2473621.9916389273,431.6164002159811,487.6317322053802,56.0153319893991,-0.49550078465803077,-0.5,-0.8998430683938463,,,,,,,,,,,,,,,,,,,,,,,,,,,,,,,,,,,,0
s9_k5ac_a_s06_pos100_tap0_mc189_cpl0_rp4p81624464285_rn4p98947815992_f12370_f21100_a0_dac1p25,K5AC,A,6,0.5,100,0,189,ac,0.0,0.0,0,1.25,0,4.816244642850169,4.989478159920619,40.0,2370.0,1100.0,,0,1031103.0743741666,0.003592381904858588,11220.184543020514,12.935043987252728,24.27990752498989,0,2473621.9916389273,422.24189655381673,484.0956093502496,61.85371279643289,-0.4896469145843105,-0.5,-2.0706170831379045,,,,,,,,,,,,,,,,,,,,,,,,,,,,,,,,,,,,0
s9_k5ac_a_s06_pos100_tap0_mc18_cpl0_rp4p91672976817_rn4p80622671392_f12370_f21100_a0_dac1p25,K5AC,A,6,0.5,100,0,18,ac,0.0,0.0,0,1.25,0,4.916729768169673,4.806226713918411,40.0,2370.0,1100.0,,0,979368.9372084345,1.7831011914673396e-05,23.80491673125578,14.05011715719908,25.53181398166589,0,2473621.9916389273,441.3693935965534,497.21525043753246,55.84585684097908,-0.4934638033864807,-0.5,-1.307239322703857,,,,,,,,,,,,,,,,,,,,,,,,,,,,,,,,,,,,0
s9_k5ac_a_s06_pos100_tap0_mc190_cpl0_rp4p94637445265_rn4p93657142038_f12370_f21100_a0_dac1p25,K5AC,A,6,0.5,100,0,190,ac,0.0,0.0,0,1.25,0,4.946374452649898,4.93657142038477,40.0,2370.0,1100.0,,0,1006759.8577036355,1.7652734238461416e-05,24.173154808041687,14.132591100201587,25.779170061692696,0,2473621.9916389273,435.4169377085524,510.31842395055946,74.90148624200708,-0.4889379598167769,-0.5,-2.2124080366446197,,,,,,,,,,,,,,,,,,,,,,,,,,,,,,,,,,,,0
s9_k5ac_a_s06_pos100_tap0_mc191_cpl0_rp4p84191333333_rn4p86339037845_f12370_f21100_a0_dac1p25,K5AC,A,6,0.5,100,0,191,ac,0.0,0.0,0,1.25,0,4.841913333328711,4.8633903784516175,40.0,2370.0,1100.0,,0,981932.7926579643,1.7779495348057647e-05,24.173154808041687,14.376284789045203,25.968536512197485,0,2473621.9916389273,444.19511866541745,506.7994352751262,62.60431660970875,-0.5004956539079007,-0.5,0.09913078158014788,,,,,,,,,,,,,,,,,,,,,,,,,,,,,,,,,,,,0
s9_k5ac_a_s06_pos100_tap0_mc192_cpl0_rp4p82400982039_rn4p88129233143_f12370_f21100_a0_dac1p25,K5AC,A,6,0.5,100,0,192,ac,0.0,0.0,0,1.25,0,4.824009820385426,4.881292331429425,40.0,2370.0,1100.0,,0,1041817.3382997079,0.0009597438007736952,8709.63589956147,13.251061472999954,24.924433063614252,0,2473621.9916389273,426.11742792750175,499.6273790047088,73.50995107720706,-0.4895582150714733,-0.5,-2.088356985705342,,,,,,,,,,,,,,,,,,,,,,,,,,,,,,,,,,,,0
s9_k5ac_a_s06_pos100_tap0_mc193_cpl0_rp4p86673991029_rn4p97276401967_f12370_f21100_a0_dac1p25,K5AC,A,6,0.5,100,0,193,ac,0.0,0.0,0,1.25,0,4.866739910285656,4.972764019673274,40.0,2370.0,1100.0,,0,1026774.3111151896,1.75690355671304e-05,15.848931924611502,12.870924679104073,24.383579375538503,0,2473621.9916389273,404.30306698997947,483.5976711868026,79.29460419682312,-0.4853190093022639,-0.5,-2.936198139547219,,,,,,,,,,,,,,,,,,,,,,,,,,,,,,,,,,,,0
s9_k5ac_a_s06_pos100_tap0_mc194_cpl0_rp4p93841997562_rn4p86384276844_f12370_f21100_a0_dac1p25,K5AC,A,6,0.5,100,0,194,ac,0.0,0.0,0,1.25,0,4.938419975617892,4.863842768439841,40.0,2370.0,1100.0,,0,1011642.2486244222,0.011385700685463657,12783.997194631253,13.236992330644375,24.721091342673002,0,2473621.9916389273,431.27322685158117,486.921540215033,55.64831336345185,-0.5006084419970982,-0.5,0.12168839941963938,,,,,,,,,,,,,,,,,,,,,,,,,,,,,,,,,,,,0
s9_k5ac_a_s06_pos100_tap0_mc195_cpl0_rp4p94423666829_rn4p98029972903_f12370_f21100_a0_dac1p25,K5AC,A,6,0.5,100,0,195,ac,0.0,0.0,0,1.25,0,4.944236668293492,4.980299729026487,40.0,2370.0,1100.0,,0,990927.7659519078,0.007245616778968817,8981.178609607632,13.978333537520543,25.520827009894152,0,2473621.9916389273,436.75408450949675,499.44832578419295,62.694241274696196,-0.5050832526670912,-0.5,1.0166505334182396,,,,,,,,,,,,,,,,,,,,,,,,,,,,,,,,,,,,0
s9_k5ac_a_s06_pos100_tap0_mc196_cpl0_rp4p92679538891_rn4p83357704076_f12370_f21100_a0_dac1p25,K5AC,A,6,0.5,100,0,196,ac,0.0,0.0,0,1.25,0,4.926795388905471,4.833577040762126,40.0,2370.0,1100.0,,0,999972.3549486242,1.7654093497693336e-05,25.70395782768934,13.134617067613702,24.640931602324603,0,2473621.9916389273,434.11039075719367,479.83429935665896,45.72390859946529,-0.4936850383843788,-0.5,-1.2629923231242346,,,,,,,,,,,,,,,,,,,,,,,,,,,,,,,,,,,,0
s9_k5ac_a_s06_pos100_tap0_mc197_cpl0_rp4p94246238901_rn4p88478689993_f12370_f21100_a0_dac1p25,K5AC,A,6,0.5,100,0,197,ac,0.0,0.0,0,1.25,0,4.942462389006465,4.884786899925654,40.0,2370.0,1100.0,,0,1008390.2156824835,0.000398659098401411,7300.176045009326,13.484051250224793,24.983815737127593,0,2473621.9916389273,432.81898782381904,491.8937391286039,59.074751304784854,-0.488916102424463,-0.5,-2.2167795151074032,,,,,,,,,,,,,,,,,,,,,,,,,,,,,,,,,,,,0
s9_k5ac_a_s06_pos100_tap0_mc198_cpl0_rp4p91810594637_rn4p98941381651_f12370_f21100_a0_dac1p25,K5AC,A,6,0.5,100,0,198,ac,0.0,0.0,0,1.25,0,4.9181059463689305,4.989413816510473,40.0,2370.0,1100.0,,0,1032425.2230309121,0.0036876601507047258,11481.53621496973,12.898609208582938,24.463740445920696,0,2473621.9916389273,426.1946735238144,486.51290037213727,60.318226848322865,-0.5003691963786732,-0.5,0.07383927573463289,,,,,,,,,,,,,,,,,,,,,,,,,,,,,,,,,,,,0
s9_k5ac_a_s06_pos100_tap0_mc199_cpl0_rp4p83017342432_rn4p87618495362_f12370_f21100_a0_dac1p25,K5AC,A,6,0.5,100,0,199,ac,0.0,0.0,0,1.25,0,4.830173424324059,4.876184953622124,40.0,2370.0,1100.0,,0,997214.2477758186,1.7752585229904324e-05,24.926807893272443,14.07207284244757,25.744708943011567,0,2473621.9916389273,438.7499850939513,504.6364466504947,65.8864615565434,-0.4974664569977033,-0.5,-0.506708600459338,,,,,,,,,,,,,,,,,,,,,,,,,,,,,,,,,,,,0
s9_k5ac_a_s06_pos100_tap0_mc19_cpl0_rp4p86375349404_rn4p94352011247_f12370_f21100_a0_dac1p25,K5AC,A,6,0.5,100,0,19,ac,0.0,0.0,0,1.25,0,4.8637534940378595,4.943520112468119,40.0,2370.0,1100.0,,0,1032519.855644622,0.0110624970307982,13284.136617107572,13.631811239549053,25.2731793545275,0,2473621.9916389273,427.1272413180691,506.0722852082891,78.94504389022,-0.49153752575274395,-0.5,-1.6924948494512093,,,,,,,,,,,,,,,,,,,,,,,,,,,,,,,,,,,,0
s9_k5ac_a_s06_pos100_tap0_mc1_cpl0_rp4p87968282413_rn4p81765685527_f12370_f21100_a0_dac1p25,K5AC,A,6,0.5,100,0,1,ac,0.0,0.0,0,1.25,0,4.879682824126003,4.817656855272235,40.0,2370.0,1100.0,,0,992136.008360479,0.0006451778751206094,8128.305161641608,14.001103876086004,25.580292247092864,0,2473621.9916389273,438.37434788901624,500.53066985808067,62.156321969064436,-0.48474796636349105,-0.5,-3.050406727301791,,,,,,,,,,,,,,,,,,,,,,,,,,,,,,,,,,,,0
s9_k5ac_a_s06_pos100_tap0_mc200_cpl0_rp4p87609300253_rn4p9245221704_f12370_f21100_a0_dac1p25,K5AC,A,6,0.5,100,0,200,ac,0.0,0.0,0,1.25,0,4.876093002533232,4.924522170397594,40.0,2370.0,1100.0,,0,978543.6249044754,0.0021839654561809888,10551.964788903226,13.88278393312845,25.39242892040808,0,2473621.9916389273,442.39218843344224,493.30542963663686,50.913241203194616,-0.5033529343149303,-0.5,0.6705868629860667,,,,,,,,,,,,,,,,,,,,,,,,,,,,,,,,,,,,0
s9_k5ac_a_s06_pos100_tap0_mc201_cpl0_rp4p90836585454_rn4p99134886186_f12370_f21100_a0_dac1p25,K5AC,A,6,0.5,100,0,201,ac,0.0,0.0,0,1.25,0,4.908365854541344,4.991348861856531,40.0,2370.0,1100.0,,0,924832.4506386702,1.780650500380464e-05,23.988329190195547,14.327060452258792,25.66024960741368,0,2473621.9916389273,452.16241858960643,483.9525246708197,31.790106081213253,-0.5031981808597714,-0.5,0.6396361719542831,,,,,,,,,,,,,,,,,,,,,,,,,,,,,,,,,,,,0
s9_k5ac_a_s06_pos100_tap0_mc202_cpl0_rp4p87329785859_rn4p97684612666_f12370_f21100_a0_dac1p25,K5AC,A,6,0.5,100,0,202,ac,0.0,0.0,0,1.25,0,4.873297858592152,4.976846126657074,40.0,2370.0,1100.0,,0,1021436.9739925225,0.014466857418147641,14454.397707460439,13.550458856588616,25.18337566571244,0,2473621.9916389273,432.79129038724386,499.0542693055583,66.26297891831445,-0.4844710911709563,-0.5,-3.105781765808735,,,,,,,,,,,,,,,,,,,,,,,,,,,,,,,,,,,,0
s9_k5ac_a_s06_pos100_tap0_mc203_cpl0_rp4p94803093471_rn4p82992067818_f12370_f21100_a0_dac1p25,K5AC,A,6,0.5,100,0,203,ac,0.0,0.0,0,1.25,0,4.9480309347144935,4.829920678184828,40.0,2370.0,1100.0,,0,1018659.9024179727,1.7739401072008017e-05,24.547089156850962,13.945682519004402,25.575089066577508,0,2473621.9916389273,433.03589144149873,509.0708843846806,76.03499294318186,-0.4956830451668284,-0.5,-0.8633909666343254,,,,,,,,,,,,,,,,,,,,,,,,,,,,,,,,,,,,0
s9_k5ac_a_s06_pos100_tap0_mc204_cpl0_rp4p93387894829_rn4p82433507688_f12370_f21100_a0_dac1p25,K5AC,A,6,0.5,100,0,204,ac,0.0,0.0,0,1.25,0,4.933878948293206,4.824335076880513,40.0,2370.0,1100.0,,0,1009236.002917682,0.009059161161155785,12022.644346175079,13.799637528516802,25.315932299089418,0,2473621.9916389273,432.4420323330172,501.7239343230139,69.2819019899967,-0.4866754810920581,-0.5,-2.664903781588379,,,,,,,,,,,,,,,,,,,,,,,,,,,,,,,,,,,,0
s9_k5ac_a_s06_pos100_tap0_mc205_cpl0_rp4p99208266475_rn4p98908573222_f12370_f21100_a0_dac1p25,K5AC,A,6,0.5,100,0,205,ac,0.0,0.0,0,1.25,0,4.992082664746407,4.9890857322176,40.0,2370.0,1100.0,,0,1007791.2085366555,0.0006371797679336853,8254.04185268081,13.634554276564254,25.212467035146897,0,2473621.9916389273,433.48674915615925,496.9868543671359,63.50010521097664,-0.49261292206630175,-0.5,-1.47741558673965,,,,,,,,,,,,,,,,,,,,,,,,,,,,,,,,,,,,0
s9_k5ac_a_s06_pos100_tap0_mc206_cpl0_rp4p87119070211_rn4p99012623424_f12370_f21100_a0_dac1p25,K5AC,A,6,0.5,100,0,206,ac,0.0,0.0,0,1.25,0,4.871190702106201,4.990126234243969,40.0,2370.0,1100.0,,0,950205.3121809139,0.00046103661793450045,7644.222742526577,14.439248363363214,25.991603683994384,0,2473621.9916389273,449.5456933351592,495.9794845816936,46.43379124653438,-0.48924179947989976,-0.5,-2.1516401040200472,,,,,,,,,,,,,,,,,,,,,,,,,,,,,,,,,,,,0
s9_k5ac_a_s06_pos100_tap0_mc207_cpl0_rp4p99053952676_rn4p82050546785_f12370_f21100_a0_dac1p25,K5AC,A,6,0.5,100,0,207,ac,0.0,0.0,0,1.25,0,4.990539526757092,4.8205054678513175,40.0,2370.0,1100.0,,0,1009389.8220464918,0.0007654255509373597,8511.380382024412,13.213384433451004,24.745855490304976,0,2473621.9916389273,432.8005697382944,484.8015993267781,52.001029588483675,-0.4980303325815211,-0.5,-0.3939334836957853,,,,,,,,,,,,,,,,,,,,,,,,,,,,,,,,,,,,0
s9_k5ac_a_s06_pos100_tap0_mc208_cpl0_rp4p82338440834_rn4p98424448028_f12370_f21100_a0_dac1p25,K5AC,A,6,0.5,100,0,208,ac,0.0,0.0,0,1.25,0,4.823384408343893,4.984244480282307,40.0,2370.0,1100.0,,0,980729.7564661485,1.772264068597848e-05,23.988329190195547,13.829963808571845,25.442913144603214,0,2473621.9916389273,441.5673968759075,491.7550371668989,50.187640290991396,-0.4932058986973833,-0.5,-1.3588202605233413,,,,,,,,,,,,,,,,,,,,,,,,,,,,,,,,,,,,0
s9_k5ac_a_s06_pos100_tap0_mc209_cpl0_rp4p9975563268_rn4p88046750345_f12370_f21100_a0_dac1p25,K5AC,A,6,0.5,100,0,209,ac,0.0,0.0,0,1.25,0,4.9975563268025445,4.880467503451389,40.0,2370.0,1100.0,,0,1008306.5292617852,0.0001585531220908481,5495.408738576643,14.010364828207896,25.524035540277847,0,2473621.9916389273,433.70290698531693,507.5738279360782,73.87092095076127,-0.5000277367996584,-0.5,0.005547359931679097,,,,,,,,,,,,,,,,,,,,,,,,,,,,,,,,,,,,0
s9_k5ac_a_s06_pos100_tap0_mc20_cpl0_rp4p96286065434_rn4p94707300674_f12370_f21100_a0_dac1p25,K5AC,A,6,0.5,100,0,20,ac,0.0,0.0,0,1.25,0,4.9628606543405684,4.94707300674488,40.0,2370.0,1100.0,,0,949617.748285993,0.002142054930514196,9549.925860215095,14.43454994656188,25.970674002730988,0,2473621.9916389273,450.3032526732278,496.2347885389408,45.93153586571299,-0.5023226645554735,-0.5,0.46453291109469497,,,,,,,,,,,,,,,,,,,,,,,,,,,,,,,,,,,,0
s9_k5ac_a_s06_pos100_tap0_mc210_cpl0_rp4p9688588778_rn4p91437653172_f12370_f21100_a0_dac1p25,K5AC,A,6,0.5,100,0,210,ac,0.0,0.0,0,1.25,0,4.968858877800824,4.9143765317209285,40.0,2370.0,1100.0,,0,1070476.9427281718,1.7771775239743226e-05,23.08518362242823,12.70005127722779,24.439465915444384,0,2473621.9916389273,419.3210522342606,495.519637893337,76.1985856590764,-0.49905148687024387,-0.5,-0.1897026259512269,,,,,,,,,,,,,,,,,,,,,,,,,,,,,,,,,,,,0
s9_k5ac_a_s06_pos100_tap0_mc211_cpl0_rp4p96709753257_rn4p91084455633_f12370_f21100_a0_dac1p25,K5AC,A,6,0.5,100,0,211,ac,0.0,0.0,0,1.25,0,4.967097532565387,4.910844556333429,40.0,2370.0,1100.0,,0,1007942.9129535434,1.7718111285753113e-05,23.08518362242823,13.259174907815842,24.75191387170421,0,2473621.9916389273,430.78540633940605,485.70983473997916,54.924428400573106,-0.4988074814213678,-0.5,-0.2385037157264347,,,,,,,,,,,,,,,,,,,,,,,,,,,,,,,,,,,,0
s9_k5ac_a_s06_pos100_tap0_mc212_cpl0_rp4p8300395484_rn4p99760949024_f12370_f21100_a0_dac1p25,K5AC,A,6,0.5,100,0,212,ac,0.0,0.0,0,1.25,0,4.830039548397559,4.99760949023594,40.0,2370.0,1100.0,,0,1010654.5372942259,0.00033819981370538255,6812.920690580118,13.024425219192668,24.397632988568265,0,2473621.9916389273,428.37057882599754,479.81858441127656,51.44800558527902,-0.48442702248054625,-0.5,-3.114595503890749,,,,,,,,,,,,,,,,,,,,,,,,,,,,,,,,,,,,0
s9_k5ac_a_s06_pos100_tap0_mc213_cpl0_rp4p99178545096_rn4p87438824931_f12370_f21100_a0_dac1p25,K5AC,A,6,0.5,100,0,213,ac,0.0,0.0,0,1.25,0,4.991785450964725,4.874388249309158,40.0,2370.0,1100.0,,0,1042935.3953574758,0.011175747836025273,12397.477630290425,12.759811246261034,24.189927867431663,0,2473621.9916389273,421.1669348157037,483.94668998350136,62.779755167797646,-0.4968335977485193,-0.5,-0.6332804502961364,,,,,,,,,,,,,,,,,,,,,,,,,,,,,,,,,,,,0
s9_k5ac_a_s06_pos100_tap0_mc214_cpl0_rp4p94597574195_rn4p83648419083_f12370_f21100_a0_dac1p25,K5AC,A,6,0.5,100,0,214,ac,0.0,0.0,0,1.25,0,4.945975741946487,4.836484190833586,40.0,2370.0,1100.0,,0,943888.1559442825,1.7735506676274232e-05,23.442288153199843,14.247570697202708,25.742019242105883,0,2473621.9916389273,450.32837538128666,489.7678424121484,39.43946703086175,-0.4921718178425584,-0.5,-1.5656364314883153,,,,,,,,,,,,,,,,,,,,,,,,,,,,,,,,,,,,0
s9_k5ac_a_s06_pos100_tap0_mc215_cpl0_rp4p8838776552_rn4p8125330308_f12370_f21100_a0_dac1p25,K5AC,A,6,0.5,100,0,215,ac,0.0,0.0,0,1.25,0,4.883877655199192,4.812533030802979,40.0,2370.0,1100.0,,0,1005529.2912144334,1.7730302444929335e-05,611.880575751855,13.70127179867468,25.350868453231,0,2473621.9916389273,436.2814603582014,497.5157200347963,61.23425967659489,-0.49304241100303264,-0.5,-1.3915177993934713,,,,,,,,,,,,,,,,,,,,,,,,,,,,,,,,,,,,0
s9_k5ac_a_s06_pos100_tap0_mc216_cpl0_rp4p92934161604_rn4p86046879292_f12370_f21100_a0_dac1p25,K5AC,A,6,0.5,100,0,216,ac,0.0,0.0,0,1.25,0,4.92934161604249,4.8604687929204635,40.0,2370.0,1100.0,,0,967987.1021427175,1.7452376439412257e-05,13.910198687980836,13.681701130917686,25.10376321862924,0,2473621.9916389273,406.61632840117977,500.0025024323555,93.38617403117576,-0.5029419260846516,-0.5,0.5883852169303205,,,,,,,,,,,,,,,,,,,,,,,,,,,,,,,,,,,,0
s9_k5ac_a_s06_pos100_tap0_mc217_cpl0_rp4p99303909397_rn4p9377031678_f12370_f21100_a0_dac1p25,K5AC,A,6,0.5,100,0,217,ac,0.0,0.0,0,1.25,0,4.993039093967263,4.937703167795284,40.0,2370.0,1100.0,,0,1043111.3578885914,1.7779524785057634e-05,23.988329190195547,13.286571015952202,24.924865869333235,0,2473621.9916389273,427.492933501852,500.9296987171435,73.43676521529147,-0.4939320171184412,-0.5,-1.2135965763117595,,,,,,,,,,,,,,,,,,,,,,,,,,,,,,,,,,,,0
s9_k5ac_a_s06_pos100_tap0_mc218_cpl0_rp4p89757233022_rn4p89017495296_f12370_f21100_a0_dac1p25,K5AC,A,6,0.5,100,0,218,ac,0.0,0.0,0,1.25,0,4.897572330219129,4.890174952963784,40.0,2370.0,1100.0,,0,952266.7370777564,0.0038554748147707893,11306.633979497277,14.08881859168686,25.524535972851336,0,2473621.9916389273,446.79949397522995,487.810284518315,41.01079054308502,-0.5017870790469245,-0.5,0.3574158093849089,,,,,,,,,,,,,,,,,,,,,,,,,,,,,,,,,,,,0
s9_k5ac_a_s06_pos100_tap0_mc219_cpl0_rp4p86955742959_rn4p98260407532_f12370_f21100_a0_dac1p25,K5AC,A,6,0.5,100,0,219,ac,0.0,0.0,0,1.25,0,4.8695574295933435,4.982604075316092,40.0,2370.0,1100.0,,0,957603.4551996869,1.7463988274614774e-05,13.803842646029153,14.592154028590961,26.311141212838187,0,2473621.9916389273,417.7988070950753,509.0736923721827,91.27488527710739,-0.49891191100306237,-0.5,-0.21761779938752612,,,,,,,,,,,,,,,,,,,,,,,,,,,,,,,,,,,,0
s9_k5ac_a_s06_pos100_tap0_mc21_cpl0_rp4p88893683381_rn4p85239743988_f12370_f21100_a0_dac1p25,K5AC,A,6,0.5,100,0,21,ac,0.0,0.0,0,1.25,0,4.888936833814934,4.852397439877141,40.0,2370.0,1100.0,,0,976098.3425982249,0.014408976486227357,12882.495516932364,13.666112846641242,25.167540096368747,0,2473621.9916389273,440.85119435273003,486.15350629657354,45.302311943843506,-0.49141805477626715,-0.5,-1.716389044746569,,,,,,,,,,,,,,,,,,,,,,,,,,,,,,,,,,,,0
s9_k5ac_a_s06_pos100_tap0_mc220_cpl0_rp4p9747860182_rn4p84823286829_f12370_f21100_a0_dac1p25,K5AC,A,6,0.5,100,0,220,ac,0.0,0.0,0,1.25,0,4.974786018204106,4.848232868289286,40.0,2370.0,1100.0,,0,1053405.0187278823,0.10826490522627416,57104.01788945795,12.989352858525137,24.538680266630806,0,2473621.9916389273,407.3072645579927,494.31539306627684,87.00812850828413,-0.4865041563187541,-0.5,-2.69916873624918,,,,,,,,,,,,,,,,,,,,,,,,,,,,,,,,,,,,0
s9_k5ac_a_s06_pos100_tap0_mc221_cpl0_rp4p95709132515_rn4p9533377626_f12370_f21100_a0_dac1p25,K5AC,A,6,0.5,100,0,221,ac,0.0,0.0,0,1.25,0,4.957091325146115,4.953337762595706,40.0,2370.0,1100.0,,0,1054729.7504115913,0.005100709845933074,11748.97554939622,12.70717481567268,24.191439210127598,0,2473621.9916389273,419.19851901902393,487.94187975877423,68.7433607397503,-0.4930353022016734,-0.5,-1.3929395596653182,,,,,,,,,,,,,,,,,,,,,,,,,,,,,,,,,,,,0
s9_k5ac_a_s06_pos100_tap0_mc222_cpl0_rp4p95820886116_rn4p82531137377_f12370_f21100_a0_dac1p25,K5AC,A,6,0.5,100,0,222,ac,0.0,0.0,0,1.25,0,4.958208861157256,4.825311373766492,40.0,2370.0,1100.0,,0,993685.4627375109,0.005866652447264999,12115.276586286842,13.523043245849395,24.92513010270591,0,2473621.9916389273,433.92596360775167,487.8193293503878,53.89336574263615,-0.4892491862616972,-0.5,-2.1501627476605556,,,,,,,,,,,,,,,,,,,,,,,,,,,,,,,,,,,,0
s9_k5ac_a_s06_pos100_tap0_mc223_cpl0_rp4p97843931178_rn4p82159454777_f12370_f21100_a0_dac1p25,K5AC,A,6,0.5,100,0,223,ac,0.0,0.0,0,1.25,0,4.978439311778949,4.821594547770245,40.0,2370.0,1100.0,,0,1048890.681911962,1.777334690900428e-05,25.11886431509648,13.192815361605208,24.91785600927598,0,2473621.9916389273,425.0113392297635,499.94377965280296,74.93244042303945,-0.48714107619314834,-0.5,-2.5717847613703326,,,,,,,,,,,,,,,,,,,,,,,,,,,,,,,,,,,,0
s9_k5ac_a_s06_pos100_tap0_mc224_cpl0_rp4p82657894055_rn4p93307495497_f12370_f21100_a0_dac1p25,K5AC,A,6,0.5,100,0,224,ac,0.0,0.0,0,1.25,0,4.82657894054647,4.933074954973275,40.0,2370.0,1100.0,,0,978291.8786954571,0.08401996860358087,48603.401759906585,13.556848308815788,24.927774745581697,0,2473621.9916389273,419.8627294145843,481.5049379576546,61.642208543070296,-0.49389278234971506,-0.5,-1.221443530056987,,,,,,,,,,,,,,,,,,,,,,,,,,,,,,,,,,,,0
s9_k5ac_a_s06_pos100_tap0_mc225_cpl0_rp4p91033180571_rn4p92327324586_f12370_f21100_a0_dac1p25,K5AC,A,6,0.5,100,0,225,ac,0.0,0.0,0,1.25,0,4.910331805710256,4.923273245855662,40.0,2370.0,1100.0,,0,974528.9509948326,0.006056252913853394,11306.633979497277,13.714230927867884,25.21735239444281,0,2473621.9916389273,442.1914537159656,486.68568996807227,44.494236252106646,-0.48472858402951385,-0.5,-3.0542831940972293,,,,,,,,,,,,,,,,,,,,,,,,,,,,,,,,,,,,0
s9_k5ac_a_s06_pos100_tap0_mc226_cpl0_rp4p96173419505_rn4p95577109073_f12370_f21100_a0_dac1p25,K5AC,A,6,0.5,100,0,226,ac,0.0,0.0,0,1.25,0,4.961734195045354,4.955771090734503,40.0,2370.0,1100.0,,0,996054.5945159994,1.7601847249985562e-05,14.9050464338623,14.142983841404368,25.80266338329785,0,2473621.9916389273,419.11096048774345,508.63628292972265,89.5253224419792,-0.4960829478414935,-0.5,-0.7834104317013035,,,,,,,,,,,,,,,,,,,,,,,,,,,,,,,,,,,,0
s9_k5ac_a_s06_pos100_tap0_mc227_cpl0_rp4p86653885895_rn4p97235310029_f12370_f21100_a0_dac1p25,K5AC,A,6,0.5,100,0,227,ac,0.0,0.0,0,1.25,0,4.866538858950978,4.9723531002915,40.0,2370.0,1100.0,,0,1010431.5955508926,0.01851453717093859,13593.563908786344,13.934113230395173,25.812153427259506,0,2473621.9916389273,438.98638742232833,507.35472183909326,68.36833441676492,-0.4997348670711315,-0.5,-0.05302658577369668,,,,,,,,,,,,,,,,,,,,,,,,,,,,,,,,,,,,0
s9_k5ac_a_s06_pos100_tap0_mc228_cpl0_rp4p96348419926_rn4p99125268425_f12370_f21100_a0_dac1p25,K5AC,A,6,0.5,100,0,228,ac,0.0,0.0,0,1.25,0,4.9634841992590335,4.991252684245683,40.0,2370.0,1100.0,,0,1012135.7207377005,0.0007234637533495354,8317.63771102734,13.110723686071525,24.548473082542976,0,2473621.9916389273,430.2988628100907,483.3168981071278,53.0180352970371,-0.4972393022256909,-0.5,-0.5521395548618191,,,,,,,,,,,,,,,,,,,,,,,,,,,,,,,,,,,,0
s9_k5ac_a_s06_pos100_tap0_mc229_cpl0_rp4p91253212238_rn4p85189192822_f12370_f21100_a0_dac1p25,K5AC,A,6,0.5,100,0,229,ac,0.0,0.0,0,1.25,0,4.9125321223795915,4.851891928216548,40.0,2370.0,1100.0,,0,1023996.1515237885,0.002952416355524801,11306.633979497277,12.936109137189643,24.29419987153969,0,2473621.9916389273,425.4506766530842,482.80740495530665,57.35672830222245,-0.5022717658606005,-0.5,0.4543531721201033,,,,,,,,,,,,,,,,,,,,,,,,,,,,,,,,,,,,0
s9_k5ac_a_s06_pos100_tap0_mc22_cpl0_rp4p92425147698_rn4p80676320219_f12370_f21100_a0_dac1p25,K5AC,A,6,0.5,100,0,22,ac,0.0,0.0,0,1.25,0,4.924251476982826,4.80676320218761,40.0,2370.0,1100.0,,0,989019.7409812912,1.744507940741812e-05,14.01737418346801,13.632222052530288,25.158052441289033,0,2473621.9916389273,401.1795684264515,498.624993422285,97.44542499583349,-0.4917465751126549,-0.5,-1.650684977469019,,,,,,,,,,,,,,,,,,,,,,,,,,,,,,,,,,,,0
s9_k5ac_a_s06_pos100_tap0_mc230_cpl0_rp4p94158449776_rn4p93388173557_f12370_f21100_a0_dac1p25,K5AC,A,6,0.5,100,0,230,ac,0.0,0.0,0,1.25,0,4.941584497758334,4.933881735571261,40.0,2370.0,1100.0,,0,1011507.0875453891,0.013256242464109814,12686.251981033603,13.517041694367936,25.10268468345493,0,2473621.9916389273,434.6060106436879,495.0914670020305,60.48545635834262,-0.5011197398391722,-0.5,0.22394796783444804,,,,,,,,,,,,,,,,,,,,,,,,,,,,,,,,,,,,0
s9_k5ac_a_s06_pos100_tap0_mc231_cpl0_rp4p84593088809_rn4p89252190322_f12370_f21100_a0_dac1p25,K5AC,A,6,0.5,100,0,231,ac,0.0,0.0,0,1.25,0,4.8459308880914875,4.892521903217098,40.0,2370.0,1100.0,,0,1033228.3941365824,0.013600295797166925,13182.567385565122,13.268031514395473,24.741507231522785,0,2473621.9916389273,424.1307882010782,495.8379713326766,71.70718313159841,-0.4951869554858122,-0.5,-0.9626089028375584,,,,,,,,,,,,,,,,,,,,,,,,,,,,,,,,,,,,0
s9_k5ac_a_s06_pos100_tap0_mc232_cpl0_rp4p91884978598_rn4p84125086367_f12370_f21100_a0_dac1p25,K5AC,A,6,0.5,100,0,232,ac,0.0,0.0,0,1.25,0,4.918849785980269,4.841250863673151,40.0,2370.0,1100.0,,0,996235.1696942495,1.781804966940617e-05,24.547089156850962,13.004642915168173,24.339650542700422,0,2473621.9916389273,432.2567563376251,474.9968605132907,42.74010417566558,-0.49210681329304184,-0.5,-1.578637341391631,,,,,,,,,,,,,,,,,,,,,,,,,,,,,,,,,,,,0
s9_k5ac_a_s06_pos100_tap0_mc233_cpl0_rp4p90482749968_rn4p978777546_f12370_f21100_a0_dac1p25,K5AC,A,6,0.5,100,0,233,ac,0.0,0.0,0,1.25,0,4.904827499680167,4.978777546003827,40.0,2370.0,1100.0,,0,1024030.4368317507,0.0006785270486559973,8190.932242153593,12.957924526796956,24.31990175644694,0,2473621.9916389273,425.4548168026789,482.7880894775209,57.333272674841965,-0.4870148281556086,-0.5,-2.5970343688782815,,,,,,,,,,,,,,,,,,,,,,,,,,,,,,,,,,,,0
s9_k5ac_a_s06_pos100_tap0_mc234_cpl0_rp4p94911058996_rn4p81410277629_f12370_f21100_a0_dac1p25,K5AC,A,6,0.5,100,0,234,ac,0.0,0.0,0,1.25,0,4.949110589958199,4.814102776289683,40.0,2370.0,1100.0,,0,1020681.1486705063,1.7785280400331518e-05,23.622906626345245,13.665622947158617,25.432311146202633,0,2473621.9916389273,435.2740254414626,502.9999564093993,67.72593096793673,-0.493755344532308,-0.5,-1.2489310935383968,,,,,,,,,,,,,,,,,,,,,,,,,,,,,,,,,,,,0
s9_k5ac_a_s06_pos100_tap0_mc235_cpl0_rp4p9153709398_rn4p90964172791_f12370_f21100_a0_dac1p25,K5AC,A,6,0.5,100,0,235,ac,0.0,0.0,0,1.25,0,4.915370939804115,4.909641727913646,40.0,2370.0,1100.0,,0,973888.4731878454,0.007277548147234247,9261.187281288645,14.143299787631555,25.65139734356816,0,2473621.9916389273,438.85450645795436,497.7002279707518,58.84572151279747,-0.49500637414913845,-0.5,-0.9987251701723099,,,,,,,,,,,,,,,,,,,,,,,,,,,,,,,,,,,,0
s9_k5ac_a_s06_pos100_tap0_mc236_cpl0_rp4p94951352822_rn4p89532038323_f12370_f21100_a0_dac1p25,K5AC,A,6,0.5,100,0,236,ac,0.0,0.0,0,1.25,0,4.949513528216103,4.895320383234305,40.0,2370.0,1100.0,,0,1004813.1846828359,0.03088757345072328,20106.354402586552,13.964245825128073,25.783570294574197,0,2473621.9916389273,442.30941662851563,505.3553316197411,63.04591499122546,-0.5033029312382209,-0.5,0.6605862476441793,,,,,,,,,,,,,,,,,,,,,,,,,,,,,,,,,,,,0
s9_k5ac_a_s06_pos100_tap0_mc237_cpl0_rp4p93173514821_rn4p92000156183_f12370_f21100_a0_dac1p25,K5AC,A,6,0.5,100,0,237,ac,0.0,0.0,0,1.25,0,4.931735148212523,4.920001561829357,40.0,2370.0,1100.0,,0,1044712.6674669866,0.0011487002878232142,8912.509381338137,13.361781767405724,24.956250765869264,0,2473621.9916389273,426.06104689105194,503.03918122267334,76.97813433162139,-0.49964981330796354,-0.5,-0.07003733840729165,,,,,,,,,,,,,,,,,,,,,,,,,,,,,,,,,,,,0
s9_k5ac_a_s06_pos100_tap0_mc238_cpl0_rp4p88963276925_rn4p85821760049_f12370_f21100_a0_dac1p25,K5AC,A,6,0.5,100,0,238,ac,0.0,0.0,0,1.25,0,4.889632769247549,4.85821760048949,40.0,2370.0,1100.0,,0,1021210.480269286,1.7703240159916832e-05,22.559700688436354,13.32814427285897,24.7922340024204,0,2473621.9916389273,429.6658342797799,492.36734298674304,62.701508706963125,-0.5066523392256889,-0.5,1.3304678451377727,,,,,,,,,,,,,,,,,,,,,,,,,,,,,,,,,,,,0
s9_k5ac_a_s06_pos100_tap0_mc239_cpl0_rp4p94176165779_rn4p9259712967_f12370_f21100_a0_dac1p25,K5AC,A,6,0.5,100,0,239,ac,0.0,0.0,0,1.25,0,4.94176165779403,4.925971296700741,40.0,2370.0,1100.0,,0,951323.5119933513,1.7305535181951054e-05,12.302687708124076,14.113650639988345,25.638942054993258,0,2473621.9916389273,394.7214621043832,519.911854071891,125.19039196750776,-0.49339516695735136,-0.5,-1.3209666085297278,,,,,,,,,,,,,,,,,,,,,,,,,,,,,,,,,,,,0
s9_k5ac_a_s06_pos100_tap0_mc23_cpl0_rp4p9897299409_rn4p99451175924_f12370_f21100_a0_dac1p25,K5AC,A,6,0.5,100,0,23,ac,0.0,0.0,0,1.25,0,4.989729940895217,4.994511759235949,40.0,2370.0,1100.0,,0,997646.1260999723,0.03791906019300618,34145.48873833901,14.066594789534548,25.70372849288124,0,2473621.9916389273,439.2125087884259,502.6048641114762,63.39235532305031,-0.4874846281417717,-0.5,-2.503074371645664,,,,,,,,,,,,,,,,,,,,,,,,,,,,,,,,,,,,0
s9_k5ac_a_s06_pos100_tap0_mc240_cpl0_rp4p97652967904_rn4p85595368377_f12370_f21100_a0_dac1p25,K5AC,A,6,0.5,100,0,240,ac,0.0,0.0,0,1.25,0,4.976529679038606,4.855953683770988,40.0,2370.0,1100.0,,0,979912.6286111576,0.005217612345796041,11748.97554939622,14.169803655447152,25.786319883219733,0,2473621.9916389273,444.279870178625,501.0729453640748,56.79307518544982,-0.49230412215760394,-0.5,-1.5391755684792119,,,,,,,,,,,,,,,,,,,,,,,,,,,,,,,,,,,,0
s9_k5ac_a_s06_pos100_tap0_mc241_cpl0_rp4p99714199044_rn4p97460890294_f12370_f21100_a0_dac1p25,K5AC,A,6,0.5,100,0,241,ac,0.0,0.0,0,1.25,0,4.997141990437619,4.974608902935586,40.0,2370.0,1100.0,,0,1033078.8204653206,0.00012470433617265542,5537.7498415093,12.899928217113173,24.457155409783798,0,2473621.9916389273,425.786697367701,486.2077773351149,60.4210799674139,-0.4936917530099269,-0.5,-1.2616493980146193,,,,,,,,,,,,,,,,,,,,,,,,,,,,,,,,,,,,0
s9_k5ac_a_s06_pos100_tap0_mc242_cpl0_rp4p96365611923_rn4p81610003039_f12370_f21100_a0_dac1p25,K5AC,A,6,0.5,100,0,242,ac,0.0,0.0,0,1.25,0,4.963656119225819,4.816100030390195,40.0,2370.0,1100.0,,0,1013450.129537928,1.77058896403734e-05,22.908676527678335,13.183220584280779,24.56511674801617,0,2473621.9916389273,428.13276481760283,484.817596280815,56.68483146321216,-0.492920127508546,-0.5,-1.4159744982907951,,,,,,,,,,,,,,,,,,,,,,,,,,,,,,,,,,,,0
s9_k5ac_a_s06_pos100_tap0_mc243_cpl0_rp4p93636149461_rn4p88398417069_f12370_f21100_a0_dac1p25,K5AC,A,6,0.5,100,0,243,ac,0.0,0.0,0,1.25,0,4.936361494608106,4.883984170689021,40.0,2370.0,1100.0,,0,963297.1629989578,1.7765931949915118e-05,23.442288153199843,14.392552895682499,25.943755478869935,0,2473621.9916389273,446.7607368976046,499.9987028364137,53.23796593880911,-0.49512337787754407,-0.5,-0.9753244244911863,,,,,,,,,,,,,,,,,,,,,,,,,,,,,,,,,,,,0
s9_k5ac_a_s06_pos100_tap0_mc244_cpl0_rp4p92283608296_rn4p91456992577_f12370_f21100_a0_dac1p25,K5AC,A,6,0.5,100,0,244,ac,0.0,0.0,0,1.25,0,4.922836082955919,4.91456992576517,40.0,2370.0,1100.0,,0,967540.7125547596,1.7697062349383357e-05,23.80491673125578,14.056223308497716,25.715331392775546,0,2473621.9916389273,447.11998513683426,494.02890546108955,46.90892032425529,-0.4961141041736728,-0.5,-0.7771791652654403,,,,,,,,,,,,,,,,,,,,,,,,,,,,,,,,,,,,0
s9_k5ac_a_s06_pos100_tap0_mc245_cpl0_rp4p88532259635_rn4p84707416577_f12370_f21100_a0_dac1p25,K5AC,A,6,0.5,100,0,245,ac,0.0,0.0,0,1.25,0,4.885322596348982,4.847074165771614,40.0,2370.0,1100.0,,0,990448.243755266,0.020795194164412327,12492.997891188323,13.94037519011027,25.501718432120153,0,2473621.9916389273,436.7990906950156,499.0872638519695,62.28817315695392,-0.5020375319715237,-0.5,0.40750639430473523,,,,,,,,,,,,,,,,,,,,,,,,,,,,,,,,,,,,0
s9_k5ac_a_s06_pos100_tap0_mc246_cpl0_rp4p97229677993_rn4p90202300027_f12370_f21100_a0_dac1p25,K5AC,A,6,0.5,100,0,246,ac,0.0,0.0,0,1.25,0,4.972296779927454,4.90202300026721,40.0,2370.0,1100.0,,0,991540.3676605176,1.7806037815106012e-05,24.547089156850962,14.181758205802947,25.980016085632776,0,2473621.9916389273,443.4319493559855,506.4098196251438,62.9778702691583,-0.4938191201801365,-0.5,-1.2361759639726966,,,,,,,,,,,,,,,,,,,,,,,,,,,,,,,,,,,,0
s9_k5ac_a_s06_pos100_tap0_mc247_cpl0_rp4p9067598612_rn4p83667745746_f12370_f21100_a0_dac1p25,K5AC,A,6,0.5,100,0,247,ac,0.0,0.0,0,1.25,0,4.906759861198976,4.836677457462542,40.0,2370.0,1100.0,,0,1009844.1158444085,1.7638954744417805e-05,23.80491673125578,13.911785201928454,25.567602046859186,0,2473621.9916389273,434.90270914821156,505.8966288269487,70.99391967873714,-0.499650550140148,-0.5,-0.06988997197040492,,,,,,,,,,,,,,,,,,,,,,,,,,,,,,,,,,,,0
s9_k5ac_a_s06_pos100_tap0_mc248_cpl0_rp4p91276697059_rn4p88094372504_f12370_f21100_a0_dac1p25,K5AC,A,6,0.5,100,0,248,ac,0.0,0.0,0,1.25,0,4.912766970587882,4.880943725040297,40.0,2370.0,1100.0,,0,985641.1521434821,0.01574278809236352,12783.997194631253,14.287302470456389,25.884544319735628,0,2473621.9916389273,442.01590380227566,505.8779814182464,63.86207761597075,-0.5021548839653878,-0.5,0.4309767930775532,,,,,,,,,,,,,,,,,,,,,,,,,,,,,,,,,,,,0
s9_k5ac_a_s06_pos100_tap0_mc249_cpl0_rp4p80321874913_rn4p90064253942_f12370_f21100_a0_dac1p25,K5AC,A,6,0.5,100,0,249,ac,0.0,0.0,0,1.25,0,4.803218749129418,4.900642539415244,40.0,2370.0,1100.0,,0,991821.826763307,1.7734990916425123e-05,23.80491673125578,14.187872109332053,25.939349678126433,0,2473621.9916389273,442.8336402714176,506.0748165311623,63.24117625974469,-0.4919563279548858,-0.5,-1.6087344090228384,,,,,,,,,,,,,,,,,,,,,,,,,,,,,,,,,,,,0
s9_k5ac_a_s06_pos100_tap0_mc24_cpl0_rp4p87095090022_rn4p94382442661_f12370_f21100_a0_dac1p25,K5AC,A,6,0.5,100,0,24,ac,0.0,0.0,0,1.25,0,4.8709509002161315,4.943824426609955,40.0,2370.0,1100.0,,0,950853.9457548895,0.000910170026689686,8643.042860749016,13.974216349671606,25.33211133605169,0,2473621.9916389273,444.9757838104673,484.26895278554406,39.29316897507675,-0.49861117524943793,-0.5,-0.27776495011241353,,,,,,,,,,,,,,,,,,,,,,,,,,,,,,,,,,,,0
s9_k5ac_a_s06_pos100_tap0_mc250_cpl0_rp4p90639839029_rn4p94429674382_f12370_f21100_a0_dac1p25,K5AC,A,6,0.5,100,0,250,ac,0.0,0.0,0,1.25,0,4.906398390294764,4.944296743823049,40.0,2370.0,1100.0,,0,985374.2534426284,0.002763620260218483,10964.781961432707,14.225503863010303,25.804706180918647,0,2473621.9916389273,443.12576694734844,504.4470290782159,61.32126213086747,-0.49195269191466545,-0.5,-1.6094616170669096,,,,,,,,,,,,,,,,,,,,,,,,,,,,,,,,,,,,0
s9_k5ac_a_s06_pos100_tap0_mc251_cpl0_rp4p88829184932_rn4p83881567663_f12370_f21100_a0_dac1p25,K5AC,A,6,0.5,100,0,251,ac,0.0,0.0,0,1.25,0,4.888291849315955,4.838815676632653,40.0,2370.0,1100.0,,0,965003.123053698,1.7642695987946384e-05,24.35940447292092,14.357801077267403,26.006790592699186,0,2473621.9916389273,448.01744637432137,500.7213818991853,52.70393552486394,-0.5080778623809299,-0.5,1.615572476185978,,,,,,,,,,,,,,,,,,,,,,,,,,,,,,,,,,,,0
s9_k5ac_a_s06_pos100_tap0_mc252_cpl0_rp4p82748749781_rn4p95954260264_f12370_f21100_a0_dac1p25,K5AC,A,6,0.5,100,0,252,ac,0.0,0.0,0,1.25,0,4.827487497808149,4.959542602643575,40.0,2370.0,1100.0,,0,976449.1534829814,0.005418441913818376,11748.97554939622,13.603288166761079,24.970411431517253,0,2473621.9916389273,438.9220855703993,483.3861975228473,44.46411195244798,-0.4998562724408719,-0.5,-0.028745511825623016,,,,,,,,,,,,,,,,,,,,,,,,,,,,,,,,,,,,0
s9_k5ac_a_s06_pos100_tap0_mc253_cpl0_rp4p88764588563_rn4p88894758767_f12370_f21100_a0_dac1p25,K5AC,A,6,0.5,100,0,253,ac,0.0,0.0,0,1.25,0,4.887645885627932,4.888947587665772,40.0,2370.0,1100.0,,0,1032116.5367948872,0.00016480696196834478,5710.4017889456845,12.711739191432905,24.11423548506417,0,2473621.9916389273,423.18636145018996,478.9951731826772,55.80881173248724,-0.4891017866817265,-0.5,-2.1796426636547017,,,,,,,,,,,,,,,,,,,,,,,,,,,,,,,,,,,,0
s9_k5ac_a_s06_pos100_tap0_mc254_cpl0_rp4p96697839098_rn4p94604752154_f12370_f21100_a0_dac1p25,K5AC,A,6,0.5,100,0,254,ac,0.0,0.0,0,1.25,0,4.966978390981929,4.946047521542091,40.0,2370.0,1100.0,,0,972895.128255782,1.7624114328356186e-05,22.559700688436354,14.21666425873287,25.757126754354477,0,2473621.9916389273,438.4120805525811,498.9049478714002,60.49286731881915,-0.49614644160881954,-0.5,-0.7707116782360912,,,,,,,,,,,,,,,,,,,,,,,,,,,,,,,,,,,,0
s9_k5ac_a_s06_pos100_tap0_mc255_cpl0_rp4p95577092362_rn4p82720877893_f12370_f21100_a0_dac1p25,K5AC,A,6,0.5,100,0,255,ac,0.0,0.0,0,1.25,0,4.955770923615263,4.827208778925075,40.0,2370.0,1100.0,,0,945630.1059062433,0.011445697121407054,12208.622540591678,14.157271930855682,25.543779037897778,0,2473621.9916389273,447.18248608808034,486.7901441611641,39.60765807308377,-0.4880197117323806,-0.5,-2.3960576535238753,,,,,,,,,,,,,,,,,,,,,,,,,,,,,,,,,,,,0
s9_k5ac_a_s06_pos100_tap0_mc256_cpl0_rp4p96150384685_rn4p82679675165_f12370_f21100_a0_dac1p25,K5AC,A,6,0.5,100,0,256,ac,0.0,0.0,0,1.25,0,4.9615038468530726,4.82679675165486,40.0,2370.0,1100.0,,0,1004550.3011003954,0.007205921039775578,11839.499222293953,13.675858110494108,25.270726715333087,0,2473621.9916389273,434.33133783586044,495.4817773853704,61.15043954950994,-0.48353534011598526,-0.5,-3.2929319768029486,,,,,,,,,,,,,,,,,,,,,,,,,,,,,,,,,,,,0
s9_k5ac_a_s06_pos100_tap0_mc257_cpl0_rp4p86717588036_rn4p88837970906_f12370_f21100_a0_dac1p25,K5AC,A,6,0.5,100,0,257,ac,0.0,0.0,0,1.25,0,4.867175880356308,4.888379709062037,40.0,2370.0,1100.0,,0,1019262.563147412,0.003230783493930748,11393.749492814264,13.543839758674979,25.1541717640765,0,2473621.9916389273,432.27844783810895,497.21136462105704,64.9329167829481,-0.49206895598640316,-0.5,-1.5862088027193688,,,,,,,,,,,,,,,,,,,,,,,,,,,,,,,,,,,,0
s9_k5ac_a_s06_pos100_tap0_mc258_cpl0_rp4p88877692796_rn4p85246225886_f12370_f21100_a0_dac1p25,K5AC,A,6,0.5,100,0,258,ac,0.0,0.0,0,1.25,0,4.8887769279612066,4.852462258858391,40.0,2370.0,1100.0,,0,994423.819397025,0.0002426737476879746,6606.934480076448,13.903827037070924,25.600908297747235,0,2473621.9916389273,441.9456951670377,499.17009651182747,57.22440134478978,-0.4880677648423782,-0.5,-2.3864470315243635,,,,,,,,,,,,,,,,,,,,,,,,,,,,,,,,,,,,0
s9_k5ac_a_s06_pos100_tap0_mc259_cpl0_rp4p9579517246_rn4p81782168776_f12370_f21100_a0_dac1p25,K5AC,A,6,0.5,100,0,259,ac,0.0,0.0,0,1.25,0,4.957951724600125,4.817821687756452,40.0,2370.0,1100.0,,0,1027897.2250896305,0.0006093359637829704,3743.9783898240703,13.577134639666863,25.107914703097766,0,2473621.9916389273,412.82672497687,503.8181672763535,90.99144229948348,-0.4830973180893838,-0.5,-3.380536382123245,,,,,,,,,,,,,,,,,,,,,,,,,,,,,,,,,,,,0
s9_k5ac_a_s06_pos100_tap0_mc25_cpl0_rp4p94809069737_rn4p86893407988_f12370_f21100_a0_dac1p25,K5AC,A,6,0.5,100,0,25,ac,0.0,0.0,0,1.25,0,4.948090697367347,4.868934079880725,40.0,2370.0,1100.0,,0,1011787.9894825506,1.7726124805577385e-05,22.733518989206896,13.474608601940753,25.119342145383648,0,2473621.9916389273,434.08318532007183,493.8112301407677,59.72804482069586,-0.48466293267962446,-0.5,-3.0674134640751083,,,,,,,,,,,,,,,,,,,,,,,,,,,,,,,,,,,,0
s9_k5ac_a_s06_pos100_tap0_mc260_cpl0_rp4p8152422395_rn4p80619927478_f12370_f21100_a0_dac1p25,K5AC,A,6,0.5,100,0,260,ac,0.0,0.0,0,1.25,0,4.81524223950122,4.806199274783992,40.0,2370.0,1100.0,,0,984117.8018945702,0.0007848796099483153,8381.723563642257,13.766212381336416,25.35624658926893,0,2473621.9916389273,441.2437957202701,491.4661942633839,50.2223985431138,-0.49867429381086914,-0.5,-0.26514123782617194,,,,,,,,,,,,,,,,,,,,,,,,,,,,,,,,,,,,0
s9_k5ac_a_s06_pos100_tap0_mc261_cpl0_rp4p99674292571_rn4p92532545127_f12370_f21100_a0_dac1p25,K5AC,A,6,0.5,100,0,261,ac,0.0,0.0,0,1.25,0,4.996742925711324,4.925325451272178,40.0,2370.0,1100.0,,0,986879.2579680263,0.0024138875729736316,10154.68992433159,13.603582353660686,25.183903687811394,0,2473621.9916389273,438.87682712919883,488.3324887284129,49.45566159921407,-0.49527698579525725,-0.5,-0.9446028409485496,,,,,,,,,,,,,,,,,,,,,,,,,,,,,,,,,,,,0
s9_k5ac_a_s06_pos100_tap0_mc262_cpl0_rp4p91344335367_rn4p99383127602_f12370_f21100_a0_dac1p25,K5AC,A,6,0.5,100,0,262,ac,0.0,0.0,0,1.25,0,4.913443353669787,4.993831276024584,40.0,2370.0,1100.0,,0,1078944.669413671,0.18583048215410738,65564.184941804,12.791445258117076,24.378506892027893,0,2473621.9916389273,384.1289058542814,497.5773677231085,113.44846186882711,-0.49715990488683953,-0.5,-0.5680190226320936,,,,,,,,,,,,,,,,,,,,,,,,,,,,,,,,,,,,0
s9_k5ac_a_s06_pos100_tap0_mc263_cpl0_rp4p88067085141_rn4p88387044565_f12370_f21100_a0_dac1p25,K5AC,A,6,0.5,100,0,263,ac,0.0,0.0,0,1.25,0,4.880670851412191,4.883870445650321,40.0,2370.0,1100.0,,0,1003592.5482533622,0.00011487901866073554,5453.391371646671,13.791642756158055,25.36636571122599,0,2473621.9916389273,434.2717157442,499.0679530494423,64.7962373052423,-0.49507512772809065,-0.5,-0.9849744543818706,,,,,,,,,,,,,,,,,,,,,,,,,,,,,,,,,,,,0
s9_k5ac_a_s06_pos100_tap0_mc264_cpl0_rp4p98667603636_rn4p86889694564_f12370_f21100_a0_dac1p25,K5AC,A,6,0.5,100,0,264,ac,0.0,0.0,0,1.25,0,4.9866760363581975,4.868896945639033,40.0,2370.0,1100.0,,0,1016140.3395486086,4.4719261514698646e-05,3772.8250474472557,13.253400210718155,24.77555491135817,0,2473621.9916389273,429.70285282707863,489.5829301545463,59.88007732746769,-0.4860686756894399,-0.5,-2.78626486211202,,,,,,,,,,,,,,,,,,,,,,,,,,,,,,,,,,,,0
s9_k5ac_a_s06_pos100_tap0_mc265_cpl0_rp4p86689686023_rn4p86443380961_f12370_f21100_a0_dac1p25,K5AC,A,6,0.5,100,0,265,ac,0.0,0.0,0,1.25,0,4.866896860230826,4.864433809607853,40.0,2370.0,1100.0,,0,1005979.8201857973,1.9933320668649837e-05,877.6742025360563,13.060478875895736,24.56883654466395,0,2473621.9916389273,433.92624115342477,481.10528500197097,47.1790438485462,-0.5052233119572543,-0.5,1.044662391450868,,,,,,,,,,,,,,,,,,,,,,,,,,,,,,,,,,,,0
s9_k5ac_a_s06_pos100_tap0_mc266_cpl0_rp4p98984824733_rn4p98947853282_f12370_f21100_a0_dac1p25,K5AC,A,6,0.5,100,0,266,ac,0.0,0.0,0,1.25,0,4.98984824733454,4.989478532816551,40.0,2370.0,1100.0,,0,987727.739410676,0.005763079544796106,12022.644346175079,13.922526431738866,25.49228899520554,0,2473621.9916389273,439.17787032434535,496.84455356214715,57.666683237801806,-0.5096213632596813,-0.5,1.9242726519362652,,,,,,,,,,,,,,,,,,,,,,,,,,,,,,,,,,,,0
s9_k5ac_a_s06_pos100_tap0_mc267_cpl0_rp4p90256861613_rn4p8911348467_f12370_f21100_a0_dac1p25,K5AC,A,6,0.5,100,0,267,ac,0.0,0.0,0,1.25,0,4.902568616128807,4.891134846700927,40.0,2370.0,1100.0,,0,996795.0817833568,1.7819273168941338e-05,24.173154808041687,13.57362653607388,25.203391115676318,0,2473621.9916389273,437.69660795084377,490.6345285003253,52.93792054948153,-0.48328409975310305,-0.5,-3.3431800493793906,,,,,,,,,,,,,,,,,,,,,,,,,,,,,,,,,,,,0
s9_k5ac_a_s06_pos100_tap0_mc268_cpl0_rp4p88868272998_rn4p83524608328_f12370_f21100_a0_dac1p25,K5AC,A,6,0.5,100,0,268,ac,0.0,0.0,0,1.25,0,4.888682729983905,4.835246083280259,40.0,2370.0,1100.0,,0,959203.4236598891,1.77412076933963e-05,23.442288153199843,14.095282915097783,25.557949968182907,0,2473621.9916389273,446.1739164089186,491.0385683956865,44.86465198676791,-0.5024234175983247,-0.5,0.4846835196649302,,,,,,,,,,,,,,,,,,,,,,,,,,,,,,,,,,,,0
s9_k5ac_a_s06_pos100_tap0_mc269_cpl0_rp4p89013787621_rn4p82028690977_f12370_f21100_a0_dac1p25,K5AC,A,6,0.5,100,0,269,ac,0.0,0.0,0,1.25,0,4.890137876206749,4.820286909772111,40.0,2370.0,1100.0,,0,1009422.6279509459,1.7731051438472324e-05,20.733215734860078,13.858338162575,25.61881571354278,0,2473621.9916389273,432.86001300164855,503.6882106462401,70.82819764459157,-0.4979350812230487,-0.5,-0.41298375539026155,,,,,,,,,,,,,,,,,,,,,,,,,,,,,,,,,,,,0
s9_k5ac_a_s06_pos100_tap0_mc26_cpl0_rp4p96840511781_rn4p83667719361_f12370_f21100_a0_dac1p25,K5AC,A,6,0.5,100,0,26,ac,0.0,0.0,0,1.25,0,4.968405117807948,4.836677193612291,40.0,2370.0,1100.0,,0,974464.7450103823,1.7789207588895657e-05,25.31240049595432,13.686298922438647,25.120441039616345,0,2473621.9916389273,439.87785853616225,484.5672924173017,44.68943388113945,-0.5059250678134014,-0.5,1.1850135626802816,,,,,,,,,,,,,,,,,,,,,,,,,,,,,,,,,,,,0
s9_k5ac_a_s06_pos100_tap0_mc270_cpl0_rp4p85602543953_rn4p83284111694_f12370_f21100_a0_dac1p25,K5AC,A,6,0.5,100,0,270,ac,0.0,0.0,0,1.25,0,4.856025439530272,4.832841116941261,40.0,2370.0,1100.0,,0,1006321.9572714323,1.7747861433246456e-05,24.547089156850962,13.81733143880004,25.44986320802054,0,2473621.9916389273,437.21321618889544,500.6661815017482,63.45296531285277,-0.4850434214870739,-0.5,-2.9913157025852177,,,,,,,,,,,,,,,,,,,,,,,,,,,,,,,,,,,,0
s9_k5ac_a_s06_pos100_tap0_mc271_cpl0_rp4p95544005807_rn4p91742540498_f12370_f21100_a0_dac1p25,K5AC,A,6,0.5,100,0,271,ac,0.0,0.0,0,1.25,0,4.955440058069738,4.917425404978769,40.0,2370.0,1100.0,,0,1030132.5147440268,0.0005968388965912163,8381.723563642257,13.689996765500421,25.33041223859263,0,2473621.9916389273,428.82928865718446,507.1753112586346,78.34602260145016,-0.4973968066581969,-0.5,-0.5206386683606179,,,,,,,,,,,,,,,,,,,,,,,,,,,,,,,,,,,,0
s9_k5ac_a_s06_pos100_tap0_mc272_cpl0_rp4p89203969634_rn4p88601287793_f12370_f21100_a0_dac1p25,K5AC,A,6,0.5,100,0,272,ac,0.0,0.0,0,1.25,0,4.892039696343678,4.8860128779308205,40.0,2370.0,1100.0,,0,1006360.95531876,0.016311808589116197,13182.567385565122,13.50302229910634,25.12222418298521,0,2473621.9916389273,435.64483808149635,493.0468257661787,57.401987684682354,-0.4933806673321052,-0.5,-1.3238665335789546,,,,,,,,,,,,,,,,,,,,,,,,,,,,,,,,,,,,0
s9_k5ac_a_s06_pos100_tap0_mc273_cpl0_rp4p87314728285_rn4p84524904536_f12370_f21100_a0_dac1p25,K5AC,A,6,0.5,100,0,273,ac,0.0,0.0,0,1.25,0,4.87314728285174,4.845249045357976,40.0,2370.0,1100.0,,0,1000379.6356645519,1.7670690548329807e-05,24.926807893272443,13.875504049577223,25.50252809736926,0,2473621.9916389273,438.8186883559977,500.27234616577573,61.45365780977801,-0.4870470342191799,-0.5,-2.5905931561640227,,,,,,,,,,,,,,,,,,,,,,,,,,,,,,,,,,,,0
s9_k5ac_a_s06_pos100_tap0_mc274_cpl0_rp4p91018433355_rn4p81113553494_f12370_f21100_a0_dac1p25,K5AC,A,6,0.5,100,0,274,ac,0.0,0.0,0,1.25,0,4.910184333553857,4.811135534942751,40.0,2370.0,1100.0,,0,1001340.0112921373,0.0022577069659761827,10633.265716372442,13.535279442900029,25.05677807833168,0,2473621.9916389273,436.02539105138356,491.2270232920594,55.20163224067585,-0.4952712354474456,-0.5,-0.9457529105108775,,,,,,,,,,,,,,,,,,,,,,,,,,,,,,,,,,,,0
s9_k5ac_a_s06_pos100_tap0_mc275_cpl0_rp4p91968061208_rn4p81334763513_f12370_f21100_a0_dac1p25,K5AC,A,6,0.5,100,0,275,ac,0.0,0.0,0,1.25,0,4.919680612079673,4.813347635132701,40.0,2370.0,1100.0,,0,977010.706768968,0.10618937497471252,48603.401759906585,14.012436991304988,25.599951757647794,0,2473621.9916389273,430.17768437767637,493.0156776219579,62.837993244281506,-0.4885000245031234,-0.5,-2.299995099375318,,,,,,,,,,,,,,,,,,,,,,,,,,,,,,,,,,,,0
s9_k5ac_a_s06_pos100_tap0_mc276_cpl0_rp4p97496122356_rn4p97857918554_f12370_f21100_a0_dac1p25,K5AC,A,6,0.5,100,0,276,ac,0.0,0.0,0,1.25,0,4.974961223561711,4.978579185542484,40.0,2370.0,1100.0,,0,985665.848589034,0.004829718460078619,11748.97554939622,14.149509115101113,25.80285732958584,0,2473621.9916389273,441.77756403768456,501.97832945351,60.20076541582546,-0.48831424543910323,-0.5,-2.3371509121793532,,,,,,,,,,,,,,,,,,,,,,,,,,,,,,,,,,,,0
s9_k5ac_a_s06_pos100_tap0_mc277_cpl0_rp4p95207148224_rn4p82414989704_f12370_f21100_a0_dac1p25,K5AC,A,6,0.5,100,0,277,ac,0.0,0.0,0,1.25,0,4.952071482241088,4.824149897040279,40.0,2370.0,1100.0,,0,974509.3900357891,1.7487945798626446e-05,14.79108388168241,13.867608221727643,25.57125294283268,0,2473621.9916389273,419.02284180026646,493.14539068442093,74.12254888415447,-0.49762639381671026,-0.5,-0.47472123665794896,,,,,,,,,,,,,,,,,,,,,,,,,,,,,,,,,,,,0
s9_k5ac_a_s06_pos100_tap0_mc278_cpl0_rp4p81673972575_rn4p91947154548_f12370_f21100_a0_dac1p25,K5AC,A,6,0.5,100,0,278,ac,0.0,0.0,0,1.25,0,4.816739725753125,4.919471545478923,40.0,2370.0,1100.0,,0,992751.6858459741,0.0021453054022901766,10391.2230383525,13.40592240614212,24.85663140164585,0,2473621.9916389273,435.6716551438475,484.23063021082214,48.558975066974654,-0.4976339743536737,-0.5,-0.4732051292652639,,,,,,,,,,,,,,,,,,,,,,,,,,,,,,,,,,,,0
s9_k5ac_a_s06_pos100_tap0_mc279_cpl0_rp4p99656962876_rn4p93923706344_f12370_f21100_a0_dac1p25,K5AC,A,6,0.5,100,0,279,ac,0.0,0.0,0,1.25,0,4.996569628759205,4.939237063439288,40.0,2370.0,1100.0,,0,963831.7116865439,1.7427993302514484e-05,13.386488420700225,14.03082007748261,25.57697279857423,0,2473621.9916389273,404.7343706954035,508.2930635484477,103.55869285304419,-0.49921933486579695,-0.5,-0.15613302684061026,,,,,,,,,,,,,,,,,,,,,,,,,,,,,,,,,,,,0
s9_k5ac_a_s06_pos100_tap0_mc27_cpl0_rp4p84221243785_rn4p99596913471_f12370_f21100_a0_dac1p25,K5AC,A,6,0.5,100,0,27,ac,0.0,0.0,0,1.25,0,4.842212437846862,4.995969134714784,40.0,2370.0,1100.0,,0,1036403.9566646934,0.0022827516640721137,10311.772745931354,13.43086697808524,25.11815807181079,0,2473621.9916389273,428.69325384789926,501.8787985554543,73.18554470755504,-0.49807368671690977,-0.5,-0.38526265661804615,,,,,,,,,,,,,,,,,,,,,,,,,,,,,,,,,,,,0
s9_k5ac_a_s06_pos100_tap0_mc280_cpl0_rp4p88628711239_rn4p99181917924_f12370_f21100_a0_dac1p25,K5AC,A,6,0.5,100,0,280,ac,0.0,0.0,0,1.25,0,4.886287112390138,4.991819179244,40.0,2370.0,1100.0,,0,978614.3917002684,0.007527003641178777,11659.144011799235,13.80610369697572,25.381342669185415,0,2473621.9916389273,442.9680362309481,490.7870114959035,47.81897526495544,-0.49071356874565353,-0.5,-1.8572862508692944,,,,,,,,,,,,,,,,,,,,,,,,,,,,,,,,,,,,0
s9_k5ac_a_s06_pos100_tap0_mc281_cpl0_rp4p96582010468_rn4p85196234501_f12370_f21100_a0_dac1p25,K5AC,A,6,0.5,100,0,281,ac,0.0,0.0,0,1.25,0,4.965820104684439,4.851962345011119,40.0,2370.0,1100.0,,0,979616.9436427229,0.007732243725847576,12208.622540591678,13.243656827062665,24.615951490126577,0,2473621.9916389273,436.33234188841885,475.22260058017855,38.8902586917597,-0.49862105473165813,-0.5,-0.2757890536683738,,,,,,,,,,,,,,,,,,,,,,,,,,,,,,,,,,,,0
s9_k5ac_a_s06_pos100_tap0_mc282_cpl0_rp4p91440963991_rn4p90249827447_f12370_f21100_a0_dac1p25,K5AC,A,6,0.5,100,0,282,ac,0.0,0.0,0,1.25,0,4.9144096399146555,4.902498274473063,40.0,2370.0,1100.0,,0,976207.9178412639,1.7632734248934277e-05,19.349362753910004,14.198703506649224,25.923634976425433,0,2473621.9916389273,425.8788253315958,513.7230925608173,87.84426722922154,-0.5036562756966376,-0.5,0.7312551393275246,,,,,,,,,,,,,,,,,,,,,,,,,,,,,,,,,,,,0
s9_k5ac_a_s06_pos100_tap0_mc283_cpl0_rp4p86388330479_rn4p80711897752_f12370_f21100_a0_dac1p25,K5AC,A,6,0.5,100,0,283,ac,0.0,0.0,0,1.25,0,4.863883304787585,4.807118977521,40.0,2370.0,1100.0,,0,1054628.3293008835,1.756319171207115e-05,18.908917484896882,13.101022345593858,24.823620540303853,0,2473621.9916389273,410.13761296741257,500.1349999006769,89.99738693326435,-0.5015683502009204,-0.5,0.3136700401840775,,,,,,,,,,,,,,,,,,,,,,,,,,,,,,,,,,,,0
s9_k5ac_a_s06_pos100_tap0_mc284_cpl0_rp4p87305197018_rn4p87796273137_f12370_f21100_a0_dac1p25,K5AC,A,6,0.5,100,0,284,ac,0.0,0.0,0,1.25,0,4.873051970181386,4.8779627313650185,40.0,2370.0,1100.0,,0,1060088.3342006044,0.0001943091596492268,6309.573444802397,13.168391677721333,24.84398612289423,0,2473621.9916389273,422.4813644796658,505.2497734637453,82.76840898407954,-0.5003248773805908,-0.5,0.06497547611816756,,,,,,,,,,,,,,,,,,,,,,,,,,,,,,,,,,,,0
s9_k5ac_a_s06_pos100_tap0_mc285_cpl0_rp4p94436651477_rn4p99774297282_f12370_f21100_a0_dac1p25,K5AC,A,6,0.5,100,0,285,ac,0.0,0.0,0,1.25,0,4.9443665147688325,4.997742972819162,40.0,2370.0,1100.0,,0,989657.8158605477,0.009458344177947513,12589.254117942672,13.785571311237012,25.356648739300585,0,2473621.9916389273,438.79985008130757,493.94742566358,55.14757558227245,-0.503341406952329,-0.5,0.6682813904657969,,,,,,,,,,,,,,,,,,,,,,,,,,,,,,,,,,,,0
s9_k5ac_a_s06_pos100_tap0_mc286_cpl0_rp4p9239685101_rn4p89417343446_f12370_f21100_a0_dac1p25,K5AC,A,6,0.5,100,0,286,ac,0.0,0.0,0,1.25,0,4.9239685101041575,4.894173434460581,40.0,2370.0,1100.0,,0,1003744.319137555,0.006131973025503706,12115.276586286842,13.87306354869067,25.6053942645978,0,2473621.9916389273,440.0170275511246,502.66653372440913,62.64950617328452,-0.5083579808628103,-0.5,1.671596172562051,,,,,,,,,,,,,,,,,,,,,,,,,,,,,,,,,,,,0
s9_k5ac_a_s06_pos100_tap0_mc287_cpl0_rp4p81787448104_rn4p97519879239_f12370_f21100_a0_dac1p25,K5AC,A,6,0.5,100,0,287,ac,0.0,0.0,0,1.25,0,4.817874481037555,4.975198792386667,40.0,2370.0,1100.0,,0,973004.7346966652,0.003223376618499617,10964.781961432707,13.721280811062387,25.11873607964986,0,2473621.9916389273,440.4044224849647,484.9452573337568,44.54083484879209,-0.4878372937930114,-0.5,-2.432541241397723,,,,,,,,,,,,,,,,,,,,,,,,,,,,,,,,,,,,0
s9_k5ac_a_s06_pos100_tap0_mc288_cpl0_rp4p96893330957_rn4p92910243027_f12370_f21100_a0_dac1p25,K5AC,A,6,0.5,100,0,288,ac,0.0,0.0,0,1.25,0,4.9689333095693735,4.929102430269127,40.0,2370.0,1100.0,,0,1031232.8670574137,1.7747599645875365e-05,24.926807893272443,13.431285530116071,25.00347412098639,0,2473621.9916389273,427.67791499399857,498.7809938647361,71.10307887073753,-0.4913476869568292,-0.5,-1.7304626086341646,,,,,,,,,,,,,,,,,,,,,,,,,,,,,,,,,,,,0
s9_k5ac_a_s06_pos100_tap0_mc289_cpl0_rp4p80903046599_rn4p88305635389_f12370_f21100_a0_dac1p25,K5AC,A,6,0.5,100,0,289,ac,0.0,0.0,0,1.25,0,4.809030465986894,4.883056353894581,40.0,2370.0,1100.0,,0,1041934.8461535543,1.770732528574856e-05,24.173154808041687,13.179002840642958,24.760419212095666,0,2473621.9916389273,423.9860559843069,496.67793722710707,72.69188124280015,-0.5049420629962605,-0.5,0.9884125992521087,,,,,,,,,,,,,,,,,,,,,,,,,,,,,,,,,,,,0
s9_k5ac_a_s06_pos100_tap0_mc28_cpl0_rp4p96950778313_rn4p90427093524_f12370_f21100_a0_dac1p25,K5AC,A,6,0.5,100,0,28,ac,0.0,0.0,0,1.25,0,4.969507783131816,4.904270935236131,40.0,2370.0,1100.0,,0,987347.2212481977,1.762327660142785e-05,25.902002045313946,13.441797718996506,24.846718727630652,0,2473621.9916389273,435.5815398989372,482.9467638639088,47.36522396497162,-0.4956170070159461,-0.5,-0.8765985968107848,,,,,,,,,,,,,,,,,,,,,,,,,,,,,,,,,,,,0
s9_k5ac_a_s06_pos100_tap0_mc290_cpl0_rp4p85100514753_rn4p88882970306_f12370_f21100_a0_dac1p25,K5AC,A,6,0.5,100,0,290,ac,0.0,0.0,0,1.25,0,4.85100514752832,4.8888297030556735,40.0,2370.0,1100.0,,0,1044131.3367059425,1.7736514134122545e-05,24.173154808041687,12.621404714777437,24.038754801869217,0,2473621.9916389273,420.7182994144139,480.71509380033723,59.99679438592335,-0.5034033113277621,-0.5,0.6806622655524119,,,,,,,,,,,,,,,,,,,,,,,,,,,,,,,,,,,,0
s9_k5ac_a_s06_pos100_tap0_mc291_cpl0_rp4p87694019521_rn4p8306926344_f12370_f21100_a0_dac1p25,K5AC,A,6,0.5,100,0,291,ac,0.0,0.0,0,1.25,0,4.876940195209088,4.830692634401663,40.0,2370.0,1100.0,,0,1028953.3334544374,0.0016252324404125481,9697.65359108324,13.187716645827107,24.679646362420858,0,2473621.9916389273,427.35366538300485,492.67526614195197,65.32160075894711,-0.49454906586080405,-0.5,-1.0901868278391902,,,,,,,,,,,,,,,,,,,,,,,,,,,,,,,,,,,,0
s9_k5ac_a_s06_pos100_tap0_mc292_cpl0_rp4p89265193245_rn4p83600217757_f12370_f21100_a0_dac1p25,K5AC,A,6,0.5,100,0,292,ac,0.0,0.0,0,1.25,0,4.8926519324505735,4.836002177568029,40.0,2370.0,1100.0,,0,994520.6142463695,1.7703479817947665e-05,24.173154808041687,13.151552312312889,24.53292566479672,0,2473621.9916389273,433.09828215713947,477.8612503995081,44.76296824236863,-0.5016943030676267,-0.5,0.33886061352534913,,,,,,,,,,,,,,,,,,,,,,,,,,,,,,,,,,,,0
s9_k5ac_a_s06_pos100_tap0_mc293_cpl0_rp4p92492418595_rn4p89121378688_f12370_f21100_a0_dac1p25,K5AC,A,6,0.5,100,0,293,ac,0.0,0.0,0,1.25,0,4.924924185946928,4.891213786876586,40.0,2370.0,1100.0,,0,1001755.2019928694,0.1316855100492837,54533.91371646777,13.551197021076383,25.049563400038874,0,2473621.9916389273,413.4601661160385,489.98598839017893,76.52582227414041,-0.50006181998635,-0.5,0.012363997270004035,,,,,,,,,,,,,,,,,,,,,,,,,,,,,,,,,,,,0
s9_k5ac_a_s06_pos100_tap0_mc294_cpl0_rp4p88144653138_rn4p96123606146_f12370_f21100_a0_dac1p25,K5AC,A,6,0.5,100,0,294,ac,0.0,0.0,0,1.25,0,4.881446531383991,4.961236061463274,40.0,2370.0,1100.0,,0,1005485.3677142557,0.0025581743884234456,10964.781961432707,13.95498241216722,25.75772181218311,0,2473621.9916389273,440.1847370357707,505.8961630430804,65.71142600730968,-0.49260786143702845,-0.5,-1.4784277125943102,,,,,,,,,,,,,,,,,,,,,,,,,,,,,,,,,,,,0
s9_k5ac_a_s06_pos100_tap0_mc295_cpl0_rp4p9067341631_rn4p86006960624_f12370_f21100_a0_dac1p25,K5AC,A,6,0.5,100,0,295,ac,0.0,0.0,0,1.25,0,4.906734163100417,4.860069606237508,40.0,2370.0,1100.0,,0,1003797.9828498532,1.7603032074312194e-05,23.622906626345245,13.897516674875773,25.533980578972113,0,2473621.9916389273,439.1428418050892,502.7370761797617,63.59423437467251,-0.4906272526568388,-0.5,-1.8745494686322361,,,,,,,,,,,,,,,,,,,,,,,,,,,,,,,,,,,,0
s9_k5ac_a_s06_pos100_tap0_mc296_cpl0_rp4p92067480854_rn4p84523268671_f12370_f21100_a0_dac1p25,K5AC,A,6,0.5,100,0,296,ac,0.0,0.0,0,1.25,0,4.920674808541191,4.845232686707793,40.0,2370.0,1100.0,,0,974788.6298751162,0.003907315517509481,11306.633979497277,14.23069002330375,25.767849678496034,0,2473621.9916389273,442.9632769172367,500.0978134829165,57.13453656567975,-0.4892562912680234,-0.5,-2.148741746395322,,,,,,,,,,,,,,,,,,,,,,,,,,,,,,,,,,,,0
s9_k5ac_a_s06_pos100_tap0_mc297_cpl0_rp4p87105347092_rn4p98739239032_f12370_f21100_a0_dac1p25,K5AC,A,6,0.5,100,0,297,ac,0.0,0.0,0,1.25,0,4.8710534709176745,4.987392390316434,40.0,2370.0,1100.0,,0,1029048.951642583,0.0035183947524894074,11134.396090624487,13.07503933532251,24.599505182841988,0,2473621.9916389273,429.2786263154118,489.23378572828227,59.955159412870444,-0.4830963379233822,-0.5,-3.380732415323562,,,,,,,,,,,,,,,,,,,,,,,,,,,,,,,,,,,,0
s9_k5ac_a_s06_pos100_tap0_mc298_cpl0_rp4p86118575176_rn4p86699901285_f12370_f21100_a0_dac1p25,K5AC,A,6,0.5,100,0,298,ac,0.0,0.0,0,1.25,0,4.861185751759431,4.866999012846953,40.0,2370.0,1100.0,,0,983746.1272807417,0.0016805492151595754,9623.506263981628,13.477921895898811,24.865740748336734,0,2473621.9916389273,436.99551438927415,482.8093494628872,45.81383507361306,-0.48215099660318483,-0.5,-3.5698006793630332,,,,,,,,,,,,,,,,,,,,,,,,,,,,,,,,,,,,0
s9_k5ac_a_s06_pos100_tap0_mc299_cpl0_rp4p90416621044_rn4p82388538802_f12370_f21100_a0_dac1p25,K5AC,A,6,0.5,100,0,299,ac,0.0,0.0,0,1.25,0,4.90416621044304,4.823885388018154,40.0,2370.0,1100.0,,0,992730.5320617441,1.768874090882736e-05,23.988329190195547,13.880720323321844,25.529539424319694,0,2473621.9916389273,439.95368024011236,496.5188159676703,56.56513572755796,-0.4827727214196846,-0.5,-3.445455716063084,,,,,,,,,,,,,,,,,,,,,,,,,,,,,,,,,,,,0
s9_k5ac_a_s06_pos100_tap0_mc29_cpl0_rp4p85078460467_rn4p80797514988_f12370_f21100_a0_dac1p25,K5AC,A,6,0.5,100,0,29,ac,0.0,0.0,0,1.25,0,4.850784604666872,4.8079751498766194,40.0,2370.0,1100.0,,0,980586.7338839811,1.754785727191705e-05,15.848931924611502,13.55589610614793,25.165258189211098,0,2473621.9916389273,421.9548668039138,486.25651813742934,64.30165133351557,-0.48914621238956,-0.5,-2.170757522087996,,,,,,,,,,,,,,,,,,,,,,,,,,,,,,,,,,,,0
s9_k5ac_a_s06_pos100_tap0_mc2_cpl0_rp4p98200254129_rn4p81433455753_f12370_f21100_a0_dac1p25,K5AC,A,6,0.5,100,0,2,ac,0.0,0.0,0,1.25,0,4.982002541288809,4.814334557529274,40.0,2370.0,1100.0,,0,1037056.68729692,0.00018962875070328375,6309.573444802397,13.558289666433575,25.28729406835864,0,2473621.9916389273,429.44314797256027,506.97451081194976,77.53136283938949,-0.4903833412026175,-0.5,-1.9233317594764987,,,,,,,,,,,,,,,,,,,,,,,,,,,,,,,,,,,,0
s9_k5ac_a_s06_pos100_tap0_mc300_cpl0_rp4p81684727174_rn4p82551800787_f12370_f21100_a0_dac1p25,K5AC,A,6,0.5,100,0,300,ac,0.0,0.0,0,1.25,0,4.816847271740415,4.82551800787176,40.0,2370.0,1100.0,,0,1019606.1582601508,1.7808695152855312e-05,22.908676527678335,13.446906049968327,25.00173033693751,0,2473621.9916389273,430.98454315408304,496.3215073088121,65.33696415472906,-0.49388229603044764,-0.5,-1.2235407939104714,,,,,,,,,,,,,,,,,,,,,,,,,,,,,,,,,,,,0
s9_k5ac_a_s06_pos100_tap0_mc301_cpl0_rp4p85482141735_rn4p83460072682_f12370_f21100_a0_dac1p25,K5AC,A,6,0.5,100,0,301,ac,0.0,0.0,0,1.25,0,4.854821417348775,4.834600726821064,40.0,2370.0,1100.0,,0,1009001.2554541036,1.779768628577046e-05,23.08518362242823,13.248890756356047,24.646452236411772,0,2473621.9916389273,430.9790178798345,484.6073063880288,53.628288508194316,-0.4939346540304437,-0.5,-1.2130691939112648,,,,,,,,,,,,,,,,,,,,,,,,,,,,,,,,,,,,0
s9_k5ac_a_s06_pos100_tap0_mc302_cpl0_rp4p8218068001_rn4p96010867454_f12370_f21100_a0_dac1p25,K5AC,A,6,0.5,100,0,302,ac,0.0,0.0,0,1.25,0,4.821806800096206,4.960108674539765,40.0,2370.0,1100.0,,0,1001662.7903935588,0.002244848312232274,10232.929922808335,13.609224327273443,25.201587947734954,0,2473621.9916389273,436.51928252966263,493.67852177259647,57.159239242933836,-0.5016666702780144,-0.5,0.3333340556028741,,,,,,,,,,,,,,,,,,,,,,,,,,,,,,,,,,,,0
s9_k5ac_a_s06_pos100_tap0_mc303_cpl0_rp4p85285258319_rn4p96337075079_f12370_f21100_a0_dac1p25,K5AC,A,6,0.5,100,0,303,ac,0.0,0.0,0,1.25,0,4.852852583191121,4.963370750787262,40.0,2370.0,1100.0,,0,1008404.8500201362,1.7729728256597983e-05,24.173154808041687,13.188708274425139,24.751856223011995,0,2473621.9916389273,431.4323745497478,484.49270178534,53.06032723559218,-0.499095453330987,-0.5,-0.18090933380260354,,,,,,,,,,,,,,,,,,,,,,,,,,,,,,,,,,,,0
s9_k5ac_a_s06_pos100_tap0_mc304_cpl0_rp4p92094634383_rn4p86088210914_f12370_f21100_a0_dac1p25,K5AC,A,6,0.5,100,0,304,ac,0.0,0.0,0,1.25,0,4.9209463438299474,4.860882109135308,40.0,2370.0,1100.0,,0,1010041.5467542312,0.003236929713076764,10715.1930523769,13.12323658956337,24.493179466313073,0,2473621.9916389273,428.16599637117946,481.7416035716763,53.57560720049685,-0.49551957927240575,-0.5,-0.8960841455188495,,,,,,,,,,,,,,,,,,,,,,,,,,,,,,,,,,,,0
s9_k5ac_a_s06_pos100_tap0_mc305_cpl0_rp4p97839483225_rn4p8682588316_f12370_f21100_a0_dac1p25,K5AC,A,6,0.5,100,0,305,ac,0.0,0.0,0,1.25,0,4.978394832248415,4.868258831598659,40.0,2370.0,1100.0,,0,993392.8463208994,3.0231342227796187e-05,1819.7008586100983,13.528748096120072,25.002963240949306,0,2473621.9916389273,436.6384109681133,488.55905857165936,51.92064760354606,-0.5008435504017591,-0.5,0.16871008035181934,,,,,,,,,,,,,,,,,,,,,,,,,,,,,,,,,,,,0
s9_k5ac_a_s06_pos100_tap0_mc306_cpl0_rp4p87490229678_rn4p91103944073_f12370_f21100_a0_dac1p25,K5AC,A,6,0.5,100,0,306,ac,0.0,0.0,0,1.25,0,4.874902296777043,4.911039440734405,40.0,2370.0,1100.0,,0,963481.8151310704,5.16361511990978e-05,4935.524741395159,14.5027264624208,26.17924196576084,0,2473621.9916389273,448.75101675541026,504.36792425369305,55.616907498282785,-0.4952680768724287,-0.5,-0.9463846255142627,,,,,,,,,,,,,,,,,,,,,,,,,,,,,,,,,,,,0
s9_k5ac_a_s06_pos100_tap0_mc307_cpl0_rp4p87833686804_rn4p96320569423_f12370_f21100_a0_dac1p25,K5AC,A,6,0.5,100,0,307,ac,0.0,0.0,0,1.25,0,4.878336868035609,4.963205694230483,40.0,2370.0,1100.0,,0,992468.0511105619,0.01897009865333175,13182.567385565122,14.109371625830352,25.69690788263855,0,2473621.9916389273,438.38574514726196,502.94570387361557,64.55995872635361,-0.4967846437381794,-0.5,-0.6430712523641247,,,,,,,,,,,,,,,,,,,,,,,,,,,,,,,,,,,,0
s9_k5ac_a_s06_pos100_tap0_mc308_cpl0_rp4p93235483041_rn4p88495127237_f12370_f21100_a0_dac1p25,K5AC,A,6,0.5,100,0,308,ac,0.0,0.0,0,1.25,0,4.932354830405883,4.884951272365861,40.0,2370.0,1100.0,,0,1013574.5823448114,0.005324563743110455,11839.499222293953,13.684492345971883,25.291980227273015,0,2473621.9916389273,435.7116594658596,500.4750690006283,64.7634095347687,-0.4924893729774424,-0.5,-1.5021254045115229,,,,,,,,,,,,,,,,,,,,,,,,,,,,,,,,,,,,0
s9_k5ac_a_s06_pos100_tap0_mc309_cpl0_rp4p97100834128_rn4p89161582944_f12370_f21100_a0_dac1p25,K5AC,A,6,0.5,100,0,309,ac,0.0,0.0,0,1.25,0,4.9710083412809585,4.891615829444031,40.0,2370.0,1100.0,,0,997347.6181839955,1.764822484602522e-05,23.80491673125578,13.815815405997956,25.378530218150214,0,2473621.9916389273,434.7579396694716,496.48617202412396,61.728232354652334,-0.4998596891431405,-0.5,-0.028062171371900924,,,,,,,,,,,,,,,,,,,,,,,,,,,,,,,,,,,,0
s9_k5ac_a_s06_pos100_tap0_mc30_cpl0_rp4p83594831187_rn4p89289841018_f12370_f21100_a0_dac1p25,K5AC,A,6,0.5,100,0,30,ac,0.0,0.0,0,1.25,0,4.835948311874664,4.892898410183164,40.0,2370.0,1100.0,,0,1041373.8043989328,0.0020869976953130517,10391.2230383525,13.21791125207216,24.84193417231631,0,2473621.9916389273,427.09357478854395,497.94037356019516,70.84679877165121,-0.4875495014672636,-0.5,-2.4900997065472774,,,,,,,,,,,,,,,,,,,,,,,,,,,,,,,,,,,,0
s9_k5ac_a_s06_pos100_tap0_mc310_cpl0_rp4p91915065957_rn4p88698581371_f12370_f21100_a0_dac1p25,K5AC,A,6,0.5,100,0,310,ac,0.0,0.0,0,1.25,0,4.919150659565614,4.8869858137088515,40.0,2370.0,1100.0,,0,1037487.4789798094,1.778861209668944e-05,24.547089156850962,13.586746812659449,25.20651431446768,0,2473621.9916389273,426.873506452919,507.2794637109553,80.40595725803632,-0.4940778038790485,-0.5,-1.1844392241903035,,,,,,,,,,,,,,,,,,,,,,,,,,,,,,,,,,,,0
s9_k5ac_a_s06_pos100_tap0_mc311_cpl0_rp4p97950094251_rn4p81502723685_f12370_f21100_a0_dac1p25,K5AC,A,6,0.5,100,0,311,ac,0.0,0.0,0,1.25,0,4.979500942505569,4.815027236851347,40.0,2370.0,1100.0,,0,1000440.1467682484,1.7719579810768477e-05,23.263050671536877,13.83539118847386,25.406342277879386,0,2473621.9916389273,436.6776782580538,498.9753752840084,62.29769702595462,-0.4956472380731422,-0.5,-0.8705523853715591,,,,,,,,,,,,,,,,,,,,,,,,,,,,,,,,,,,,0
s9_k5ac_a_s06_pos100_tap0_mc312_cpl0_rp4p85421677397_rn4p93578066086_f12370_f21100_a0_dac1p25,K5AC,A,6,0.5,100,0,312,ac,0.0,0.0,0,1.25,0,4.854216773966086,4.93578066086069,40.0,2370.0,1100.0,,0,976087.6301857136,0.0010122417085866818,8912.509381338137,13.692446505964124,25.263845419844714,0,2473621.9916389273,442.46471734676453,487.18497859457614,44.72026124781161,-0.48990887406440514,-0.5,-2.0182251871189716,,,,,,,,,,,,,,,,,,,,,,,,,,,,,,,,,,,,0
s9_k5ac_a_s06_pos100_tap0_mc313_cpl0_rp4p98338584299_rn4p91619498451_f12370_f21100_a0_dac1p25,K5AC,A,6,0.5,100,0,313,ac,0.0,0.0,0,1.25,0,4.983385842985257,4.916194984507036,40.0,2370.0,1100.0,,0,962500.5185683724,0.004902489860351493,11134.396090624487,14.004682254461741,25.42960744909248,0,2473621.9916389273,443.3660385879312,489.79752371592366,46.43148512799246,-0.49837326900851553,-0.5,-0.32534619829689415,,,,,,,,,,,,,,,,,,,,,,,,,,,,,,,,,,,,0
s9_k5ac_a_s06_pos100_tap0_mc314_cpl0_rp4p89178270321_rn4p94014608917_f12370_f21100_a0_dac1p25,K5AC,A,6,0.5,100,0,314,ac,0.0,0.0,0,1.25,0,4.891782703214047,4.940146089174542,40.0,2370.0,1100.0,,0,962870.5990413784,0.0009348854257760935,8912.509381338137,13.863454786534469,25.361238305728897,0,2473621.9916389273,443.6536052655413,486.34051264111446,42.686907375573185,-0.5041865335820471,-0.5,0.837306716409425,,,,,,,,,,,,,,,,,,,,,,,,,,,,,,,,,,,,0
s9_k5ac_a_s06_pos100_tap0_mc315_cpl0_rp4p95978440736_rn4p8024986592_f12370_f21100_a0_dac1p25,K5AC,A,6,0.5,100,0,315,ac,0.0,0.0,0,1.25,0,4.959784407358611,4.802498659200176,40.0,2370.0,1100.0,,0,994655.5783748142,1.76266389325407e-05,24.547089156850962,13.390507307232303,24.95032196489009,0,2473621.9916389273,435.85655462976064,486.1042151611904,50.247660531429744,-0.49857948118515094,-0.5,-0.28410376296981177,,,,,,,,,,,,,,,,,,,,,,,,,,,,,,,,,,,,0
s9_k5ac_a_s06_pos100_tap0_mc316_cpl0_rp4p8583602032_rn4p98732433574_f12370_f21100_a0_dac1p25,K5AC,A,6,0.5,100,0,316,ac,0.0,0.0,0,1.25,0,4.858360203204931,4.987324335735985,40.0,2370.0,1100.0,,0,1010012.5295706657,1.7720695139997627e-05,22.908676527678335,12.896076936539734,24.280921589864843,0,2473621.9916389273,428.96477452070667,476.4080519892683,47.44327746856163,-0.5023140489664897,-0.5,0.4628097932979358,,,,,,,,,,,,,,,,,,,,,,,,,,,,,,,,,,,,0
s9_k5ac_a_s06_pos100_tap0_mc317_cpl0_rp4p82552376357_rn4p82055786459_f12370_f21100_a0_dac1p25,K5AC,A,6,0.5,100,0,317,ac,0.0,0.0,0,1.25,0,4.82552376357094,4.820557864589539,40.0,2370.0,1100.0,,0,982598.0358728598,0.0004665667499810275,7644.222742526577,13.52847848682512,24.987768707375118,0,2473621.9916389273,438.69743727607477,484.1921275791667,45.49469030309194,-0.4991134866521828,-0.5,-0.17730266956343943,,,,,,,,,,,,,,,,,,,,,,,,,,,,,,,,,,,,0
s9_k5ac_a_s06_pos100_tap0_mc318_cpl0_rp4p84069031269_rn4p98513015361_f12370_f21100_a0_dac1p25,K5AC,A,6,0.5,100,0,318,ac,0.0,0.0,0,1.25,0,4.840690312693934,4.985130153606704,40.0,2370.0,1100.0,,0,1017644.3707708695,0.0039644203895122365,11049.263568488455,13.35945093286433,24.937220629451947,0,2473621.9916389273,430.4050973834208,492.68060587267456,62.27550848925375,-0.5041486819238233,-0.5,0.8297363847646677,,,,,,,,,,,,,,,,,,,,,,,,,,,,,,,,,,,,0
s9_k5ac_a_s06_pos100_tap0_mc319_cpl0_rp4p96200176157_rn4p84345370776_f12370_f21100_a0_dac1p25,K5AC,A,6,0.5,100,0,319,ac,0.0,0.0,0,1.25,0,4.962001761568163,4.843453707764987,40.0,2370.0,1100.0,,0,1005251.4498319755,0.00042151423808422725,7244.359600750442,13.62129887128834,25.231023312645128,0,2473621.9916389273,437.5059417706254,495.08803649941905,57.58209472879366,-0.4980293118889422,-0.5,-0.39413762221155446,,,,,,,,,,,,,,,,,,,,,,,,,,,,,,,,,,,,0
s9_k5ac_a_s06_pos100_tap0_mc31_cpl0_rp4p91238377778_rn4p90702706778_f12370_f21100_a0_dac1p25,K5AC,A,6,0.5,100,0,31,ac,0.0,0.0,0,1.25,0,4.91238377777619,4.907027067784478,40.0,2370.0,1100.0,,0,988217.8524642441,1.7652879683820287e-05,23.08518362242823,14.022319797800291,25.627264909984742,0,2473621.9916389273,441.8819961665363,498.8253889690357,56.94339280249943,-0.5020442959289736,-0.5,0.4088591857947188,,,,,,,,,,,,,,,,,,,,,,,,,,,,,,,,,,,,0
s9_k5ac_a_s06_pos100_tap0_mc320_cpl0_rp4p94079104441_rn4p85031532654_f12370_f21100_a0_dac1p25,K5AC,A,6,0.5,100,0,320,ac,0.0,0.0,0,1.25,0,4.94079104441064,4.850315326540354,40.0,2370.0,1100.0,,0,993743.3046607072,1.7768578182504298e-05,23.622906626345245,13.48150418007564,24.984545164650907,0,2473621.9916389273,437.588127153582,487.20050174394754,49.61237459036556,-0.4919825028097152,-0.5,-1.6034994380569545,,,,,,,,,,,,,,,,,,,,,,,,,,,,,,,,,,,,0
s9_k5ac_a_s06_pos100_tap0_mc321_cpl0_rp4p84593878108_rn4p95414659732_f12370_f21100_a0_dac1p25,K5AC,A,6,0.5,100,0,321,ac,0.0,0.0,0,1.25,0,4.84593878108377,4.954146597320956,40.0,2370.0,1100.0,,0,1047993.4169476877,4.883615655111636e-05,2344.228815320075,13.389247623176775,25.090863015797932,0,2473621.9916389273,425.4642099782609,506.1248004582286,80.66059047996771,-0.501221428475331,-0.5,0.24428569506620423,,,,,,,,,,,,,,,,,,,,,,,,,,,,,,,,,,,,0
s9_k5ac_a_s06_pos100_tap0_mc322_cpl0_rp4p88794486298_rn4p92582512111_f12370_f21100_a0_dac1p25,K5AC,A,6,0.5,100,0,322,ac,0.0,0.0,0,1.25,0,4.887944862983555,4.925825121113205,40.0,2370.0,1100.0,,0,987253.1331468469,1.7690661318706822e-05,24.73621991638688,13.820090272874534,25.3306155445644,0,2473621.9916389273,440.0386516391699,493.44847418407096,53.40982254490103,-0.5042904771046183,-0.5,0.8580954209236547,,,,,,,,,,,,,,,,,,,,,,,,,,,,,,,,,,,,0
s9_k5ac_a_s06_pos100_tap0_mc323_cpl0_rp4p90553250384_rn4p94125211623_f12370_f21100_a0_dac1p25,K5AC,A,6,0.5,100,0,323,ac,0.0,0.0,0,1.25,0,4.905532503835353,4.941252116231823,40.0,2370.0,1100.0,,0,1038804.4637032837,2.0816968208557194e-05,933.2543007970447,13.409966813022827,25.071856381378108,0,2473621.9916389273,428.4155452872161,503.1859468139035,74.77040152668741,-0.49893493293337077,-0.5,-0.21301341332584656,,,,,,,,,,,,,,,,,,,,,,,,,,,,,,,,,,,,0
s9_k5ac_a_s06_pos100_tap0_mc324_cpl0_rp4p92711695148_rn4p94017579379_f12370_f21100_a0_dac1p25,K5AC,A,6,0.5,100,0,324,ac,0.0,0.0,0,1.25,0,4.927116951481417,4.940175793790639,40.0,2370.0,1100.0,,0,997989.0737559288,1.7793596436714976e-05,25.11886431509648,13.517962283579962,24.889999570463797,0,2473621.9916389273,432.88076918336117,488.6973337335183,55.816564550157125,-0.49874569627680626,-0.5,-0.25086074463874786,,,,,,,,,,,,,,,,,,,,,,,,,,,,,,,,,,,,0
s9_k5ac_a_s06_pos100_tap0_mc325_cpl0_rp4p97719083858_rn4p83856473353_f12370_f21100_a0_dac1p25,K5AC,A,6,0.5,100,0,325,ac,0.0,0.0,0,1.25,0,4.977190838577252,4.83856473352589,40.0,2370.0,1100.0,,0,983249.8422963513,1.7753995507725283e-05,24.547089156850962,13.374744160411167,24.87003287628593,0,2473621.9916389273,438.07937023733655,480.2277575123544,42.14838727501785,-0.5049138714047283,-0.5,0.9827742809456641,,,,,,,,,,,,,,,,,,,,,,,,,,,,,,,,,,,,0
s9_k5ac_a_s06_pos100_tap0_mc326_cpl0_rp4p80220230232_rn4p9260628808_f12370_f21100_a0_dac1p25,K5AC,A,6,0.5,100,0,326,ac,0.0,0.0,0,1.25,0,4.802202302320365,4.9260628807986935,40.0,2370.0,1100.0,,0,961897.2643243658,0.00493988153864244,11569.999317503021,14.089854949165295,25.646883236312988,0,2473621.9916389273,444.7696930944683,491.7793490658471,47.00965597137878,-0.5032702356260577,-0.5,0.6540471252115321,,,,,,,,,,,,,,,,,,,,,,,,,,,,,,,,,,,,0
s9_k5ac_a_s06_pos100_tap0_mc327_cpl0_rp4p98419978995_rn4p98528530742_f12370_f21100_a0_dac1p25,K5AC,A,6,0.5,100,0,327,ac,0.0,0.0,0,1.25,0,4.984199789948746,4.985285307417603,40.0,2370.0,1100.0,,0,1018821.0656601574,0.00023399884471217035,6709.137099554609,14.065356244888164,25.72890677349037,0,2473621.9916389273,433.49296289835365,514.1394381002049,80.64647520185122,-0.48812452951949453,-0.5,-2.3750940961010936,,,,,,,,,,,,,,,,,,,,,,,,,,,,,,,,,,,,0
s9_k5ac_a_s06_pos100_tap0_mc328_cpl0_rp4p90300382731_rn4p86494179242_f12370_f21100_a0_dac1p25,K5AC,A,6,0.5,100,0,328,ac,0.0,0.0,0,1.25,0,4.903003827305519,4.864941792415385,40.0,2370.0,1100.0,,0,1021388.3055873046,1.7680755826927704e-05,23.622906626345245,13.573368979848544,25.28495082342472,0,2473621.9916389273,434.8427605045061,500.5713145617995,65.72855405729342,-0.49095214651278873,-0.5,-1.8095706974422532,,,,,,,,,,,,,,,,,,,,,,,,,,,,,,,,,,,,0
s9_k5ac_a_s06_pos100_tap0_mc329_cpl0_rp4p99221349543_rn4p95927698213_f12370_f21100_a0_dac1p25,K5AC,A,6,0.5,100,0,329,ac,0.0,0.0,0,1.25,0,4.992213495431391,4.9592769821292695,40.0,2370.0,1100.0,,0,957222.5700596843,1.769594240103202e-05,22.908676527678335,14.641349870471194,26.235417597637298,0,2473621.9916389273,451.04271139870775,504.9348998849382,53.89218848623045,-0.49691763511224596,-0.5,-0.6164729775508082,,,,,,,,,,,,,,,,,,,,,,,,,,,,,,,,,,,,0
s9_k5ac_a_s06_pos100_tap0_mc32_cpl0_rp4p96050602795_rn4p96200633114_f12370_f21100_a0_dac1p25,K5AC,A,6,0.5,100,0,32,ac,0.0,0.0,0,1.25,0,4.9605060279521584,4.962006331137889,40.0,2370.0,1100.0,,0,1009867.4824568029,1.7813917526972985e-05,22.908676527678335,13.92040696941747,25.5788130979987,0,2473621.9916389273,433.42473000028934,505.4346011477758,72.00987114748648,-0.48534030835146585,-0.5,-2.931938329706829,,,,,,,,,,,,,,,,,,,,,,,,,,,,,,,,,,,,0
s9_k5ac_a_s06_pos100_tap0_mc330_cpl0_rp4p91558154065_rn4p96510370256_f12370_f21100_a0_dac1p25,K5AC,A,6,0.5,100,0,330,ac,0.0,0.0,0,1.25,0,4.915581540647153,4.965103702564974,40.0,2370.0,1100.0,,0,1023224.392924663,1.745818314101211e-05,14.125375446227858,13.382141585501826,25.038002694485588,0,2473621.9916389273,403.40136773630434,497.5454590048401,94.14409126853576,-0.4855927789696207,-0.5,-2.881444206075856,,,,,,,,,,,,,,,,,,,,,,,,,,,,,,,,,,,,0
s9_k5ac_a_s06_pos100_tap0_mc331_cpl0_rp4p97558872925_rn4p83245917806_f12370_f21100_a0_dac1p25,K5AC,A,6,0.5,100,0,331,ac,0.0,0.0,0,1.25,0,4.975588729248402,4.832459178060731,40.0,2370.0,1100.0,,0,996537.9377277702,0.00500539223549334,11839.499222293953,13.745755643326735,25.242373004006613,0,2473621.9916389273,436.94334166480013,495.4333368771316,58.48999521233145,-0.49773174423208627,-0.5,-0.4536511535827459,,,,,,,,,,,,,,,,,,,,,,,,,,,,,,,,,,,,0
s9_k5ac_a_s06_pos100_tap0_mc332_cpl0_rp4p90246655749_rn4p86125622139_f12370_f21100_a0_dac1p25,K5AC,A,6,0.5,100,0,332,ac,0.0,0.0,0,1.25,0,4.902466557485988,4.861256221385882,40.0,2370.0,1100.0,,0,958103.7360403165,0.004226110634950889,12492.997891188323,13.78238231820227,25.157221905519183,0,2473621.9916389273,443.12858916528523,481.76162699646113,38.6330378311759,-0.48734452430053554,-0.5,-2.5310951398928916,,,,,,,,,,,,,,,,,,,,,,,,,,,,,,,,,,,,0
s9_k5ac_a_s06_pos100_tap0_mc333_cpl0_rp4p82998402142_rn4p83369798188_f12370_f21100_a0_dac1p25,K5AC,A,6,0.5,100,0,333,ac,0.0,0.0,0,1.25,0,4.829984021423327,4.83369798188037,40.0,2370.0,1100.0,,0,1063309.3786764315,0.0033104881571364405,11393.749492814264,12.923137444833278,24.57737121716022,0,2473621.9916389273,422.7058555578448,499.1511605389731,76.44530498112829,-0.490693423175262,-0.5,-1.8613153649476022,,,,,,,,,,,,,,,,,,,,,,,,,,,,,,,,,,,,0
s9_k5ac_a_s06_pos100_tap0_mc334_cpl0_rp4p9407138088_rn4p89653783335_f12370_f21100_a0_dac1p25,K5AC,A,6,0.5,100,0,334,ac,0.0,0.0,0,1.25,0,4.940713808798093,4.896537833346362,40.0,2370.0,1100.0,,0,1035703.0288147919,6.400047865873893e-05,5050.487881097948,12.803904374835822,24.235657542801814,0,2473621.9916389273,423.1469074944625,482.91868834264864,59.771780848186154,-0.49225582061562595,-0.5,-1.54883587687481,,,,,,,,,,,,,,,,,,,,,,,,,,,,,,,,,,,,0
s9_k5ac_a_s06_pos100_tap0_mc335_cpl0_rp4p90257119724_rn4p88311731641_f12370_f21100_a0_dac1p25,K5AC,A,6,0.5,100,0,335,ac,0.0,0.0,0,1.25,0,4.902571197242816,4.883117316405052,40.0,2370.0,1100.0,,0,964678.691211558,0.0025222007752682876,10154.68992433159,13.397817787286437,24.735908544919845,0,2473621.9916389273,440.39565113033683,473.6869733827499,33.29132225241307,-0.4998835464110915,-0.5,-0.023290717781698778,,,,,,,,,,,,,,,,,,,,,,,,,,,,,,,,,,,,0
s9_k5ac_a_s06_pos100_tap0_mc336_cpl0_rp4p81947198874_rn4p819389373_f12370_f21100_a0_dac1p25,K5AC,A,6,0.5,100,0,336,ac,0.0,0.0,0,1.25,0,4.819471988738018,4.819389372999971,40.0,2370.0,1100.0,,0,1032716.1423578019,1.7789347134508887e-05,24.173154808041687,13.749817312676019,25.413553133137484,0,2473621.9916389273,429.08108369502094,510.345861118252,81.26477742323107,-0.4963056265916022,-0.5,-0.7388746816795577,,,,,,,,,,,,,,,,,,,,,,,,,,,,,,,,,,,,0
s9_k5ac_a_s06_pos100_tap0_mc337_cpl0_rp4p95491820271_rn4p96581853132_f12370_f21100_a0_dac1p25,K5AC,A,6,0.5,100,0,337,ac,0.0,0.0,0,1.25,0,4.954918202712485,4.96581853132089,40.0,2370.0,1100.0,,0,1001681.4045873494,1.7770614512005047e-05,23.988329190195547,14.030997522269958,25.744499584948908,0,2473621.9916389273,438.361868102281,505.8389018577037,67.47703375542272,-0.4869927623859165,-0.5,-2.601447522816702,,,,,,,,,,,,,,,,,,,,,,,,,,,,,,,,,,,,0
s9_k5ac_a_s06_pos100_tap0_mc338_cpl0_rp4p9956170884_rn4p81202203629_f12370_f21100_a0_dac1p25,K5AC,A,6,0.5,100,0,338,ac,0.0,0.0,0,1.25,0,4.99561708840307,4.81202203629184,40.0,2370.0,1100.0,,0,1021883.4307022075,1.774007662252037e-05,25.11886431509648,13.913187833770822,25.532898706768368,0,2473621.9916389273,431.2666776801113,510.12425589732806,78.85757821721677,-0.501835764333826,-0.5,0.367152866765208,,,,,,,,,,,,,,,,,,,,,,,,,,,,,,,,,,,,0
s9_k5ac_a_s06_pos100_tap0_mc339_cpl0_rp4p95748339794_rn4p95452081035_f12370_f21100_a0_dac1p25,K5AC,A,6,0.5,100,0,339,ac,0.0,0.0,0,1.25,0,4.957483397936279,4.954520810347603,40.0,2370.0,1100.0,,0,1008600.4531857392,1.778592522357283e-05,23.442288153199843,13.261267090709252,24.82601781732763,0,2473621.9916389273,432.35511439695256,486.42294515538714,54.06783075843458,-0.492680054389361,-0.5,-1.4639891221277956,,,,,,,,,,,,,,,,,,,,,,,,,,,,,,,,,,,,0
s9_k5ac_a_s06_pos100_tap0_mc33_cpl0_rp4p95988642499_rn4p935069326_f12370_f21100_a0_dac1p25,K5AC,A,6,0.5,100,0,33,ac,0.0,0.0,0,1.25,0,4.95988642498907,4.935069325999115,40.0,2370.0,1100.0,,0,1012949.7965565689,0.008661064455017855,11930.720363266277,13.866712037146522,25.435663045558304,0,2473621.9916389273,433.8473825733855,505.94170538039117,72.09432280700565,-0.48417054092804707,-0.5,-3.1658918143905868,,,,,,,,,,,,,,,,,,,,,,,,,,,,,,,,,,,,0
s9_k5ac_a_s06_pos100_tap0_mc340_cpl0_rp4p90220318843_rn4p92986892134_f12370_f21100_a0_dac1p25,K5AC,A,6,0.5,100,0,340,ac,0.0,0.0,0,1.25,0,4.902203188428109,4.929868921336512,40.0,2370.0,1100.0,,0,1039980.8864605381,1.770302208349071e-05,27.122725793321035,12.740987161997982,24.167115941988246,0,2473621.9916389273,421.62141470681627,483.2509362548163,61.629521548000014,-0.4914408547091618,-0.5,-1.7118290581676354,,,,,,,,,,,,,,,,,,,,,,,,,,,,,,,,,,,,0
s9_k5ac_a_s06_pos100_tap0_mc341_cpl0_rp4p90534040307_rn4p81497340489_f12370_f21100_a0_dac1p25,K5AC,A,6,0.5,100,0,341,ac,0.0,0.0,0,1.25,0,4.905340403071286,4.814973404890863,40.0,2370.0,1100.0,,0,1028278.9540968786,0.052276169248199875,43651.58322402051,13.201481866136357,24.695070294119457,0,2473621.9916389273,423.0073573918691,492.0905416247709,69.08318423290177,-0.4915641227708162,-0.5,-1.6871754458367638,,,,,,,,,,,,,,,,,,,,,,,,,,,,,,,,,,,,0
s9_k5ac_a_s06_pos100_tap0_mc342_cpl0_rp4p98656084792_rn4p90291156487_f12370_f21100_a0_dac1p25,K5AC,A,6,0.5,100,0,342,ac,0.0,0.0,0,1.25,0,4.986560847916738,4.902911564867305,40.0,2370.0,1100.0,,0,984865.4034770037,1.7680953033421837e-05,24.73621991638688,13.633442334195282,25.071927151280896,0,2473621.9916389273,437.9246207840675,488.388495485724,50.46387470165649,-0.49483176564072284,-0.5,-1.0336468718554315,,,,,,,,,,,,,,,,,,,,,,,,,,,,,,,,,,,,0
s9_k5ac_a_s06_pos100_tap0_mc343_cpl0_rp4p99656131957_rn4p97065165292_f12370_f21100_a0_dac1p25,K5AC,A,6,0.5,100,0,343,ac,0.0,0.0,0,1.25,0,4.996561319573822,4.970651652916327,40.0,2370.0,1100.0,,0,960434.4192724196,1.7607807622541735e-05,15.848931924611502,13.87529337512582,25.39999477930037,0,2473621.9916389273,415.74461982990874,514.5315216401394,98.78690181023069,-0.4915769475777852,-0.5,-1.684610484442961,,,,,,,,,,,,,,,,,,,,,,,,,,,,,,,,,,,,0
s9_k5ac_a_s06_pos100_tap0_mc344_cpl0_rp4p8299055002_rn4p9577330151_f12370_f21100_a0_dac1p25,K5AC,A,6,0.5,100,0,344,ac,0.0,0.0,0,1.25,0,4.829905500199244,4.9577330150973475,40.0,2370.0,1100.0,,0,993699.4265967177,0.0002890289627912896,7188.969923658608,13.82332982064782,25.447290196584163,0,2473621.9916389273,439.1366036779953,496.88369709127363,57.74709341327832,-0.4879920028455607,-0.5,-2.4015994308878574,,,,,,,,,,,,,,,,,,,,,,,,,,,,,,,,,,,,0
s9_k5ac_a_s06_pos100_tap0_mc345_cpl0_rp4p91178804964_rn4p95803916_f12370_f21100_a0_dac1p25,K5AC,A,6,0.5,100,0,345,ac,0.0,0.0,0,1.25,0,4.911788049635343,4.958039159999634,40.0,2370.0,1100.0,,0,989222.8242615685,0.001620600790302853,9772.372209558862,13.284809846975085,24.72382442056856,0,2473621.9916389273,436.51058936173234,479.6287907274938,43.11820136576148,-0.4827381195110185,-0.5,-3.4523760977962947,,,,,,,,,,,,,,,,,,,,,,,,,,,,,,,,,,,,0
s9_k5ac_a_s06_pos100_tap0_mc346_cpl0_rp4p95091706066_rn4p83074072944_f12370_f21100_a0_dac1p25,K5AC,A,6,0.5,100,0,346,ac,0.0,0.0,0,1.25,0,4.950917060659432,4.830740729440689,40.0,2370.0,1100.0,,0,995656.3986750469,1.7749014290162978e-05,25.31240049595432,13.974291375573955,25.671918402679484,0,2473621.9916389273,441.22182893727677,501.3958762537408,60.174047316464055,-0.48840402634350133,-0.5,-2.319194731299734,,,,,,,,,,,,,,,,,,,,,,,,,,,,,,,,,,,,0
s9_k5ac_a_s06_pos100_tap0_mc347_cpl0_rp4p81050197929_rn4p99799788589_f12370_f21100_a0_dac1p25,K5AC,A,6,0.5,100,0,347,ac,0.0,0.0,0,1.25,0,4.810501979291309,4.997997885892762,40.0,2370.0,1100.0,,0,959579.8135571354,0.02046270655123734,13593.563908786344,13.547442743874965,24.94639340061974,0,2473621.9916389273,441.1435898011868,476.4831424571797,35.33955265599292,-0.5010130434376691,-0.5,0.20260868753381178,,,,,,,,,,,,,,,,,,,,,,,,,,,,,,,,,,,,0
s9_k5ac_a_s06_pos100_tap0_mc348_cpl0_rp4p90435188009_rn4p95296849483_f12370_f21100_a0_dac1p25,K5AC,A,6,0.5,100,0,348,ac,0.0,0.0,0,1.25,0,4.904351880087993,4.952968494829702,40.0,2370.0,1100.0,,0,986749.9446273653,1.766699661655122e-05,22.733518989206896,13.932608077636669,25.384931463388682,0,2473621.9916389273,438.4119434556501,495.400441362186,56.98849790653588,-0.4941143610680309,-0.5,-1.1771277863938168,,,,,,,,,,,,,,,,,,,,,,,,,,,,,,,,,,,,0
s9_k5ac_a_s06_pos100_tap0_mc349_cpl0_rp4p80775995127_rn4p94290003584_f12370_f21100_a0_dac1p25,K5AC,A,6,0.5,100,0,349,ac,0.0,0.0,0,1.25,0,4.807759951268537,4.942900035838714,40.0,2370.0,1100.0,,0,1013065.817743555,0.00018137417240145643,5933.805862753713,13.494908738658772,24.951532597654996,0,2473621.9916389273,429.20426730991363,494.18114159597786,64.97687428606423,-0.48806224241927126,-0.5,-2.3875515161457472,,,,,,,,,,,,,,,,,,,,,,,,,,,,,,,,,,,,0
s9_k5ac_a_s06_pos100_tap0_mc34_cpl0_rp4p94041079688_rn4p86686414758_f12370_f21100_a0_dac1p25,K5AC,A,6,0.5,100,0,34,ac,0.0,0.0,0,1.25,0,4.940410796875379,4.86686414757738,40.0,2370.0,1100.0,,0,1029028.9592584935,0.09246519980171966,48603.401759906585,13.058976547629738,24.596383422432204,0,2473621.9916389273,416.2828271536689,486.6518671625523,70.36904000888342,-0.4899955767749125,-0.5,-2.0008846450174977,,,,,,,,,,,,,,,,,,,,,,,,,,,,,,,,,,,,0
s9_k5ac_a_s06_pos100_tap0_mc350_cpl0_rp4p9821021453_rn4p83073120294_f12370_f21100_a0_dac1p25,K5AC,A,6,0.5,100,0,350,ac,0.0,0.0,0,1.25,0,4.9821021453014485,4.830731202937128,40.0,2370.0,1100.0,,0,977378.0093426578,1.7764717154374346e-05,23.08518362242823,13.434333085281132,24.89583633609731,0,2473621.9916389273,438.9774831429962,480.1930794886297,41.21559634563346,-0.49405392426972033,-0.5,-1.189215146055933,,,,,,,,,,,,,,,,,,,,,,,,,,,,,,,,,,,,0
s9_k5ac_a_s06_pos100_tap0_mc351_cpl0_rp4p95947545201_rn4p92850750481_f12370_f21100_a0_dac1p25,K5AC,A,6,0.5,100,0,351,ac,0.0,0.0,0,1.25,0,4.959475452006212,4.928507504812834,40.0,2370.0,1100.0,,0,994479.8007185515,0.0034053389983767727,6657.839682254856,13.624177778596367,25.27793798594489,0,2473621.9916389273,431.74768147007796,492.60362892697907,60.855947456901106,-0.5038023062505345,-0.5,0.7604612501068919,,,,,,,,,,,,,,,,,,,,,,,,,,,,,,,,,,,,0
s9_k5ac_a_s06_pos100_tap0_mc352_cpl0_rp4p86151125407_rn4p80872221969_f12370_f21100_a0_dac1p25,K5AC,A,6,0.5,100,0,352,ac,0.0,0.0,0,1.25,0,4.861511254074463,4.808722219690718,40.0,2370.0,1100.0,,0,1013700.8623432971,1.7531465120932396e-05,14.234208838643733,12.98755249795282,24.40804378655445,0,2473621.9916389273,403.49563569996513,482.4229581379951,78.92732243802999,-0.49258135191522595,-0.5,-1.4837296169548098,,,,,,,,,,,,,,,,,,,,,,,,,,,,,,,,,,,,0
s9_k5ac_a_s06_pos100_tap0_mc353_cpl0_rp4p95643416182_rn4p82999746377_f12370_f21100_a0_dac1p25,K5AC,A,6,0.5,100,0,353,ac,0.0,0.0,0,1.25,0,4.956434161817279,4.8299974637653555,40.0,2370.0,1100.0,,0,1000210.0478557746,1.7723835645349626e-05,23.988329190195547,13.40098906992567,24.925610699844448,0,2473621.9916389273,433.4217347592984,487.4030441891969,53.981309429898545,-0.4981987982183607,-0.5,-0.36024035632785667,,,,,,,,,,,,,,,,,,,,,,,,,,,,,,,,,,,,0
s9_k5ac_a_s06_pos100_tap0_mc354_cpl0_rp4p84962509036_rn4p80721882217_f12370_f21100_a0_dac1p25,K5AC,A,6,0.5,100,0,354,ac,0.0,0.0,0,1.25,0,4.8496250903626885,4.807218822168093,40.0,2370.0,1100.0,,0,984860.0685563141,1.7444001864285145e-05,12.397477630289705,13.1613919073267,24.664640290691207,0,2473621.9916389273,384.78144770643166,509.68741947257297,124.9059717661413,-0.4817174179987801,-0.5,-3.656516400243981,,,,,,,,,,,,,,,,,,,,,,,,,,,,,,,,,,,,0
s9_k5ac_a_s06_pos100_tap0_mc355_cpl0_rp4p94433603634_rn4p87460786106_f12370_f21100_a0_dac1p25,K5AC,A,6,0.5,100,0,355,ac,0.0,0.0,0,1.25,0,4.944336036342694,4.8746078610627555,40.0,2370.0,1100.0,,0,1013326.6844639957,0.006492292478710859,12115.276586286842,13.610952441643315,25.1283450988551,0,2473621.9916389273,431.1473321862288,498.0903762281451,66.94304404191627,-0.4968445345077092,-0.5,-0.6310930984581575,,,,,,,,,,,,,,,,,,,,,,,,,,,,,,,,,,,,0
s9_k5ac_a_s06_pos100_tap0_mc356_cpl0_rp4p83543496854_rn4p92643634125_f12370_f21100_a0_dac1p25,K5AC,A,6,0.5,100,0,356,ac,0.0,0.0,0,1.25,0,4.835434968537871,4.926436341247537,40.0,2370.0,1100.0,,0,993385.018007809,1.7606251120162375e-05,23.80491673125578,13.544906886124032,25.127887911048642,0,2473621.9916389273,437.6803581225379,488.80341236807095,51.12305424553307,-0.48874545736903197,-0.5,-2.250908526193607,,,,,,,,,,,,,,,,,,,,,,,,,,,,,,,,,,,,0
s9_k5ac_a_s06_pos100_tap0_mc357_cpl0_rp4p85171281517_rn4p97429835531_f12370_f21100_a0_dac1p25,K5AC,A,6,0.5,100,0,357,ac,0.0,0.0,0,1.25,0,4.851712815170218,4.974298355305494,40.0,2370.0,1100.0,,0,1012598.041490773,1.784868612811048e-05,25.70395782768934,13.468325294821367,24.86037483591107,0,2473621.9916389273,429.7435202615593,493.44873492318646,63.70521466162717,-0.4923214832912804,-0.5,-1.5357033417439214,,,,,,,,,,,,,,,,,,,,,,,,,,,,,,,,,,,,0
s9_k5ac_a_s06_pos100_tap0_mc358_cpl0_rp4p95073484148_rn4p83316653686_f12370_f21100_a0_dac1p25,K5AC,A,6,0.5,100,0,358,ac,0.0,0.0,0,1.25,0,4.950734841476744,4.83316653685868,40.0,2370.0,1100.0,,0,998844.2230166999,0.0044169936686222055,11839.499222293953,13.827919836797752,25.409087059395844,0,2473621.9916389273,437.6311345281533,498.0521127755801,60.420978247426774,-0.4829253818390127,-0.5,-3.414923632197464,,,,,,,,,,,,,,,,,,,,,,,,,,,,,,,,,,,,0
s9_k5ac_a_s06_pos100_tap0_mc359_cpl0_rp4p93716222101_rn4p91789299485_f12370_f21100_a0_dac1p25,K5AC,A,6,0.5,100,0,359,ac,0.0,0.0,0,1.25,0,4.937162221005011,4.9178929948462615,40.0,2370.0,1100.0,,0,968957.5328015946,1.760950273514119e-05,24.926807893272443,13.527678905059613,24.908488204880115,0,2473621.9916389273,440.61519705409535,478.42563114802226,37.810434093926915,-0.49162158876070705,-0.5,-1.6756822478585898,,,,,,,,,,,,,,,,,,,,,,,,,,,,,,,,,,,,0
s9_k5ac_a_s06_pos100_tap0_mc35_cpl0_rp4p95208791014_rn4p99208304511_f12370_f21100_a0_dac1p25,K5AC,A,6,0.5,100,0,35,ac,0.0,0.0,0,1.25,0,4.952087910136527,4.992083045111767,40.0,2370.0,1100.0,,0,1061768.5613306381,0.004119242378151047,11748.97554939622,13.118915994863807,24.841133439337987,0,2473621.9916389273,421.9308622697678,503.1297697478096,81.1989074780418,-0.48668117473299605,-0.5,-2.6637650534007906,,,,,,,,,,,,,,,,,,,,,,,,,,,,,,,,,,,,0
s9_k5ac_a_s06_pos100_tap0_mc360_cpl0_rp4p82135856404_rn4p87489965256_f12370_f21100_a0_dac1p25,K5AC,A,6,0.5,100,0,360,ac,0.0,0.0,0,1.25,0,4.821358564040581,4.874899652559036,40.0,2370.0,1100.0,,0,1043947.8741165391,1.764517228520352e-05,24.173154808041687,13.287000869476001,24.999128049543167,0,2473621.9916389273,428.7817246396812,501.9210979128478,73.1393732731666,-0.5021571904763408,-0.5,0.43143809526815513,,,,,,,,,,,,,,,,,,,,,,,,,,,,,,,,,,,,0
s9_k5ac_a_s06_pos100_tap0_mc361_cpl0_rp4p86248091917_rn4p82293002995_f12370_f21100_a0_dac1p25,K5AC,A,6,0.5,100,0,361,ac,0.0,0.0,0,1.25,0,4.862480919167026,4.822930029950884,40.0,2370.0,1100.0,,0,985005.3171717065,0.007758170217748944,12302.68770812479,14.247987859101361,25.840300803738643,0,2473621.9916389273,441.3825813871482,505.1824058271059,63.79982443995772,-0.5062472742009941,-0.5,1.249454840198827,,,,,,,,,,,,,,,,,,,,,,,,,,,,,,,,,,,,0
s9_k5ac_a_s06_pos100_tap0_mc362_cpl0_rp4p9542069252_rn4p96607958157_f12370_f21100_a0_dac1p25,K5AC,A,6,0.5,100,0,362,ac,0.0,0.0,0,1.25,0,4.954206925200493,4.966079581566705,40.0,2370.0,1100.0,,0,949013.2497297571,1.7732984259211588e-05,26.505337179011526,14.197871764432566,25.6650769656976,0,2473621.9916389273,446.27793150731935,489.57182530503195,43.2938937977126,-0.4908770587816115,-0.5,-1.824588243677705,,,,,,,,,,,,,,,,,,,,,,,,,,,,,,,,,,,,0
s9_k5ac_a_s06_pos100_tap0_mc363_cpl0_rp4p90238655191_rn4p98796905454_f12370_f21100_a0_dac1p25,K5AC,A,6,0.5,100,0,363,ac,0.0,0.0,0,1.25,0,4.902386551911495,4.987969054540464,40.0,2370.0,1100.0,,0,1000397.7987264433,0.0024292635423836524,10880.946292623114,13.481231266354479,25.01434542770048,0,2473621.9916389273,433.2139331187116,489.7675654204044,56.5536323016928,-0.5005777005446016,-0.5,0.11554010892032007,,,,,,,,,,,,,,,,,,,,,,,,,,,,,,,,,,,,0
s9_k5ac_a_s06_pos100_tap0_mc364_cpl0_rp4p93064728425_rn4p90218938398_f12370_f21100_a0_dac1p25,K5AC,A,6,0.5,100,0,364,ac,0.0,0.0,0,1.25,0,4.930647284245638,4.902189383984671,40.0,2370.0,1100.0,,0,1008471.2837686004,1.763907870846189e-05,23.08518362242823,13.87569378952404,25.538880569051535,0,2473621.9916389273,436.14858024482174,504.06523287325376,67.91665262843202,-0.49148481515678955,-0.5,-1.703036968642091,,,,,,,,,,,,,,,,,,,,,,,,,,,,,,,,,,,,0
s9_k5ac_a_s06_pos100_tap0_mc365_cpl0_rp4p89352669764_rn4p99713850694_f12370_f21100_a0_dac1p25,K5AC,A,6,0.5,100,0,365,ac,0.0,0.0,0,1.25,0,4.893526697639626,4.9971385069410745,40.0,2370.0,1100.0,,0,1016737.9089191147,0.0004962269729168547,7762.471166287502,13.807613833511905,25.439373298756372,0,2473621.9916389273,434.4726845334447,505.2259916077447,70.75330707429998,-0.4939024189874132,-0.5,-1.2195162025173567,,,,,,,,,,,,,,,,,,,,,,,,,,,,,,,,,,,,0
s9_k5ac_a_s06_pos100_tap0_mc366_cpl0_rp4p92708777645_rn4p95060794107_f12370_f21100_a0_dac1p25,K5AC,A,6,0.5,100,0,366,ac,0.0,0.0,0,1.25,0,4.927087776453835,4.950607941074332,40.0,2370.0,1100.0,,0,930973.3742590067,0.0005439592591051035,7644.222742526577,14.4245313587117,25.840396097843467,0,2473621.9916389273,453.14654861274005,489.4167999896059,36.27025137686587,-0.48189081890152446,-0.5,-3.621836219695107,,,,,,,,,,,,,,,,,,,,,,,,,,,,,,,,,,,,0
s9_k5ac_a_s06_pos100_tap0_mc367_cpl0_rp4p9587155105_rn4p84268748339_f12370_f21100_a0_dac1p25,K5AC,A,6,0.5,100,0,367,ac,0.0,0.0,0,1.25,0,4.958715510498481,4.842687483386079,40.0,2370.0,1100.0,,0,1034174.9534899101,1.7585534569168423e-05,15.019887046325211,13.05800907804771,24.663581593415802,0,2473621.9916389273,402.62863495901627,492.53898570797577,89.9103507489595,-0.5039592005951328,-0.5,0.7918401190265545,,,,,,,,,,,,,,,,,,,,,,,,,,,,,,,,,,,,0
s9_k5ac_a_s06_pos100_tap0_mc368_cpl0_rp4p810449634_rn4p86473871651_f12370_f21100_a0_dac1p25,K5AC,A,6,0.5,100,0,368,ac,0.0,0.0,0,1.25,0,4.810449634000735,4.864738716514117,40.0,2370.0,1100.0,,0,961977.7487931658,1.7706640479637506e-05,24.547089156850962,14.200578355981072,25.771274880573248,0,2473621.9916389273,446.7875422907962,494.56831225137284,47.78076996057666,-0.4926894017002027,-0.5,-1.46211965995946,,,,,,,,,,,,,,,,,,,,,,,,,,,,,,,,,,,,0
s9_k5ac_a_s06_pos100_tap0_mc369_cpl0_rp4p83780655351_rn4p96173884227_f12370_f21100_a0_dac1p25,K5AC,A,6,0.5,100,0,369,ac,0.0,0.0,0,1.25,0,4.8378065535060415,4.961738842269194,40.0,2370.0,1100.0,,0,1039954.7099796209,0.0005938665057080121,7644.222742526577,12.96053684140221,24.512737362861248,0,2473621.9916389273,424.63060336819706,490.27504326757133,65.64443989937428,-0.49303775279031153,-0.5,-1.3924494419376932,,,,,,,,,,,,,,,,,,,,,,,,,,,,,,,,,,,,0
s9_k5ac_a_s06_pos100_tap0_mc36_cpl0_rp4p89051213336_rn4p91102046899_f12370_f21100_a0_dac1p25,K5AC,A,6,0.5,100,0,36,ac,0.0,0.0,0,1.25,0,4.890512133363556,4.911020468986035,40.0,2370.0,1100.0,,0,979682.3789261307,0.0002640366468214198,6865.412978225057,13.645456792344335,25.03359518776746,0,2473621.9916389273,439.47161926097874,485.81674762340987,46.345128362431126,-0.5089505264695945,-0.5,1.7901052939188977,,,,,,,,,,,,,,,,,,,,,,,,,,,,,,,,,,,,0
s9_k5ac_a_s06_pos100_tap0_mc370_cpl0_rp4p87013601696_rn4p83252297655_f12370_f21100_a0_dac1p25,K5AC,A,6,0.5,100,0,370,ac,0.0,0.0,0,1.25,0,4.870136016964239,4.832522976546414,40.0,2370.0,1100.0,,0,983253.5278213612,0.0006367697095793195,7585.775750292407,14.221689591547063,25.814239147303425,0,2473621.9916389273,444.164585822345,503.63527268883536,59.47068686649038,-0.5084281480731773,-0.5,1.6856296146354532,,,,,,,,,,,,,,,,,,,,,,,,,,,,,,,,,,,,0
s9_k5ac_a_s06_pos100_tap0_mc371_cpl0_rp4p86654325462_rn4p88635229818_f12370_f21100_a0_dac1p25,K5AC,A,6,0.5,100,0,371,ac,0.0,0.0,0,1.25,0,4.8665432546165865,4.886352298180757,40.0,2370.0,1100.0,,0,1021119.946533062,0.00011865420595000715,5248.074602498104,13.329994735256985,24.942737834787494,0,2473621.9916389273,430.3684949536748,493.57743149724877,63.20893654357394,-0.4879477595662982,-0.5,-2.4104480867403577,,,,,,,,,,,,,,,,,,,,,,,,,,,,,,,,,,,,0
s9_k5ac_a_s06_pos100_tap0_mc372_cpl0_rp4p86454746998_rn4p81397610298_f12370_f21100_a0_dac1p25,K5AC,A,6,0.5,100,0,372,ac,0.0,0.0,0,1.25,0,4.864547469978217,4.813976102978372,40.0,2370.0,1100.0,,0,1007833.7327155047,1.7694924873692108e-05,22.733518989206896,12.99615494203699,24.373394922218584,0,2473621.9916389273,429.8454002245756,477.3091778234035,47.4637775988279,-0.4816769601595802,-0.5,-3.664607968083955,,,,,,,,,,,,,,,,,,,,,,,,,,,,,,,,,,,,0
s9_k5ac_a_s06_pos100_tap0_mc373_cpl0_rp4p82021042013_rn4p87152732858_f12370_f21100_a0_dac1p25,K5AC,A,6,0.5,100,0,373,ac,0.0,0.0,0,1.25,0,4.820210420133134,4.87152732857917,40.0,2370.0,1100.0,,0,1031577.4096505315,0.006926064947416284,12492.997891188323,13.441404889431436,25.08315186266798,0,2473621.9916389273,427.0994245323019,501.6696668223238,74.5702422900219,-0.504982760328389,-0.5,0.9965520656777915,,,,,,,,,,,,,,,,,,,,,,,,,,,,,,,,,,,,0
s9_k5ac_a_s06_pos100_tap0_mc374_cpl0_rp4p96597706609_rn4p9266079295_f12370_f21100_a0_dac1p25,K5AC,A,6,0.5,100,0,374,ac,0.0,0.0,0,1.25,0,4.9659770660885005,4.926607929503884,40.0,2370.0,1100.0,,0,1035059.5841869524,0.004941997779482541,11839.499222293953,13.081881589075264,24.60390798216568,0,2473621.9916389273,426.50788288709896,490.81942668935903,64.31154380226008,-0.4915899365591451,-0.5,-1.6820126881709752,,,,,,,,,,,,,,,,,,,,,,,,,,,,,,,,,,,,0
s9_k5ac_a_s06_pos100_tap0_mc375_cpl0_rp4p96166779053_rn4p84369760712_f12370_f21100_a0_dac1p25,K5AC,A,6,0.5,100,0,375,ac,0.0,0.0,0,1.25,0,4.961667790527332,4.843697607124357,40.0,2370.0,1100.0,,0,972724.7684911774,1.767805856413475e-05,26.9153480392699,14.101067995797184,25.656273515256075,0,2473621.9916389273,442.41666395704664,496.00961252067935,53.59294856363272,-0.5067542889506748,-0.5,1.3508577901349517,,,,,,,,,,,,,,,,,,,,,,,,,,,,,,,,,,,,0
s9_k5ac_a_s06_pos100_tap0_mc376_cpl0_rp4p81682870265_rn4p98341790765_f12370_f21100_a0_dac1p25,K5AC,A,6,0.5,100,0,376,ac,0.0,0.0,0,1.25,0,4.816828702649654,4.983417907650963,40.0,2370.0,1100.0,,0,913505.403334441,0.004360953957175717,8576.958985909594,14.644757218448731,26.063161761249138,0,2473621.9916389273,455.1819626734529,489.80843794683625,34.626475273383335,-0.48698431200790604,-0.5,-2.603137598418792,,,,,,,,,,,,,,,,,,,,,,,,,,,,,,,,,,,,0
s9_k5ac_a_s06_pos100_tap0_mc377_cpl0_rp4p97531267993_rn4p96638275321_f12370_f21100_a0_dac1p25,K5AC,A,6,0.5,100,0,377,ac,0.0,0.0,0,1.25,0,4.975312679925663,4.96638275321214,40.0,2370.0,1100.0,,0,983280.0754120655,1.7782180124732628e-05,23.263050671536877,14.01540378722429,25.569225005235854,0,2473621.9916389273,440.8578068225248,497.83395999175593,56.97615316923111,-0.5037044357789511,-0.5,0.7408871557902152,,,,,,,,,,,,,,,,,,,,,,,,,,,,,,,,,,,,0
s9_k5ac_a_s06_pos100_tap0_mc378_cpl0_rp4p98102116802_rn4p95759466643_f12370_f21100_a0_dac1p25,K5AC,A,6,0.5,100,0,378,ac,0.0,0.0,0,1.25,0,4.981021168023387,4.957594666434592,40.0,2370.0,1100.0,,0,1027702.0360686523,0.0023666568093645315,10391.2230383525,13.239010367506589,24.781780953053186,0,2473621.9916389273,428.97278527270765,492.8022779221104,63.829492649402766,-0.4911983087893852,-0.5,-1.7603382421229608,,,,,,,,,,,,,,,,,,,,,,,,,,,,,,,,,,,,0
s9_k5ac_a_s06_pos100_tap0_mc379_cpl0_rp4p85025387931_rn4p81333884203_f12370_f21100_a0_dac1p25,K5AC,A,6,0.5,100,0,379,ac,0.0,0.0,0,1.25,0,4.8502538793082275,4.813338842027529,40.0,2370.0,1100.0,,0,1021587.1255222708,1.7763761241655628e-05,24.173154808041687,13.6195699026541,25.139860254232072,0,2473621.9916389273,430.76097580802343,501.5930433167402,70.83206750871676,-0.4989593087336032,-0.5,-0.2081382532793552,,,,,,,,,,,,,,,,,,,,,,,,,,,,,,,,,,,,0
s9_k5ac_a_s06_pos100_tap0_mc37_cpl0_rp4p91353117255_rn4p90618399729_f12370_f21100_a0_dac1p25,K5AC,A,6,0.5,100,0,37,ac,0.0,0.0,0,1.25,0,4.913531172554432,4.9061839972879255,40.0,2370.0,1100.0,,0,969217.0387748695,1.7674999856712772e-05,23.80491673125578,13.645629482081652,25.10072989496272,0,2473621.9916389273,440.9036656052249,482.28001988203243,41.37635427680755,-0.4906839783032267,-0.5,-1.8632043393546627,,,,,,,,,,,,,,,,,,,,,,,,,,,,,,,,,,,,0
s9_k5ac_a_s06_pos100_tap0_mc380_cpl0_rp4p8342499485_rn4p80841874944_f12370_f21100_a0_dac1p25,K5AC,A,6,0.5,100,0,380,ac,0.0,0.0,0,1.25,0,4.834249948504327,4.808418749436675,40.0,2370.0,1100.0,,0,994619.0629291126,0.01078204041701148,12115.276586286842,13.933292471437674,25.64174863971327,0,2473621.9916389273,439.6666630004931,500.04462941100735,60.37796641051426,-0.4997025767215369,-0.5,-0.05948465569262096,,,,,,,,,,,,,,,,,,,,,,,,,,,,,,,,,,,,0
s9_k5ac_a_s06_pos100_tap0_mc381_cpl0_rp4p93833998422_rn4p95849003087_f12370_f21100_a0_dac1p25,K5AC,A,6,0.5,100,0,381,ac,0.0,0.0,0,1.25,0,4.938339984218674,4.958490030869813,40.0,2370.0,1100.0,,0,1027086.1154939038,1.7768366601776344e-05,24.547089156850962,13.622905173999392,25.26425366450851,0,2473621.9916389273,428.90525180343946,504.68498035483117,75.77972855139171,-0.4873385265283858,-0.5,-2.5322946943228453,,,,,,,,,,,,,,,,,,,,,,,,,,,,,,,,,,,,0
s9_k5ac_a_s06_pos100_tap0_mc382_cpl0_rp4p85980346978_rn4p9255657309_f12370_f21100_a0_dac1p25,K5AC,A,6,0.5,100,0,382,ac,0.0,0.0,0,1.25,0,4.8598034697783765,4.925565730900889,40.0,2370.0,1100.0,,0,1002774.7824317388,0.012335906502727811,12589.254117942672,13.490197160785103,25.098067212403677,0,2473621.9916389273,435.2972619334032,490.34140066284397,55.04413872944076,-0.5042256703441902,-0.5,0.8451340688380382,,,,,,,,,,,,,,,,,,,,,,,,,,,,,,,,,,,,0
s9_k5ac_a_s06_pos100_tap0_mc383_cpl0_rp4p93533219708_rn4p99686233652_f12370_f21100_a0_dac1p25,K5AC,A,6,0.5,100,0,383,ac,0.0,0.0,0,1.25,0,4.93533219707689,4.9968623365198095,40.0,2370.0,1100.0,,0,967928.1120060582,1.7737145015149435e-05,25.50742783711428,13.372455237616359,24.82222568175572,0,2473621.9916389273,442.0747349956648,476.41105627401777,34.336321278352955,-0.4903583358484919,-0.5,-1.9283328303016156,,,,,,,,,,,,,,,,,,,,,,,,,,,,,,,,,,,,0
s9_k5ac_a_s06_pos100_tap0_mc384_cpl0_rp4p82681854755_rn4p89418104924_f12370_f21100_a0_dac1p25,K5AC,A,6,0.5,100,0,384,ac,0.0,0.0,0,1.25,0,4.826818547547624,4.894181049244806,40.0,2370.0,1100.0,,0,980608.1543882606,6.309116512008427e-05,4298.662347082579,13.470209792766681,24.943171287567935,0,2473621.9916389273,439.9450485802724,482.00408459172473,42.05903601145235,-0.5027294777506305,-0.5,0.5458955501260965,,,,,,,,,,,,,,,,,,,,,,,,,,,,,,,,,,,,0
s9_k5ac_a_s06_pos100_tap0_mc385_cpl0_rp4p82334653952_rn4p96920156457_f12370_f21100_a0_dac1p25,K5AC,A,6,0.5,100,0,385,ac,0.0,0.0,0,1.25,0,4.823346539518324,4.969201564568424,40.0,2370.0,1100.0,,0,993977.4160534904,0.015845699315308322,11569.999317503021,13.337259378551963,24.954327733782776,0,2473621.9916389273,435.90136711356246,484.42989316888344,48.52852605532098,-0.5070903545696381,-0.5,1.418070913927627,,,,,,,,,,,,,,,,,,,,,,,,,,,,,,,,,,,,0
s9_k5ac_a_s06_pos100_tap0_mc386_cpl0_rp4p9492909582_rn4p92820090188_f12370_f21100_a0_dac1p25,K5AC,A,6,0.5,100,0,386,ac,0.0,0.0,0,1.25,0,4.949290958203621,4.928200901884112,40.0,2370.0,1100.0,,0,1050188.7352068122,0.004750220328561993,11659.144011799235,12.744401371200611,24.32433747577809,0,2473621.9916389273,421.8472686644227,488.0403814204003,66.19311275597761,-0.486051680972117,-0.5,-2.789663805576603,,,,,,,,,,,,,,,,,,,,,,,,,,,,,,,,,,,,0
s9_k5ac_a_s06_pos100_tap0_mc387_cpl0_rp4p91077197555_rn4p87562027692_f12370_f21100_a0_dac1p25,K5AC,A,6,0.5,100,0,387,ac,0.0,0.0,0,1.25,0,4.91077197555383,4.875620276920817,40.0,2370.0,1100.0,,0,1003287.1721318724,0.011873882181048272,12981.752750499525,14.099737778710816,25.881215580263987,0,2473621.9916389273,438.55550213220664,508.50415091375913,69.94864878155249,-0.495761805279153,-0.5,-0.8476389441694043,,,,,,,,,,,,,,,,,,,,,,,,,,,,,,,,,,,,0
s9_k5ac_a_s06_pos100_tap0_mc388_cpl0_rp4p8967202948_rn4p96860524371_f12370_f21100_a0_dac1p25,K5AC,A,6,0.5,100,0,388,ac,0.0,0.0,0,1.25,0,4.896720294796431,4.9686052437063335,40.0,2370.0,1100.0,,0,979531.2375184239,1.9359509358950528e-05,2041.73794466966,13.99869834990359,25.626223164829568,0,2473621.9916389273,443.3251543093297,495.40254930795004,52.07739499862032,-0.5020904805398356,-0.5,0.41809610796712526,,,,,,,,,,,,,,,,,,,,,,,,,,,,,,,,,,,,0
s9_k5ac_a_s06_pos100_tap0_mc389_cpl0_rp4p80341691496_rn4p80398045639_f12370_f21100_a0_dac1p25,K5AC,A,6,0.5,100,0,389,ac,0.0,0.0,0,1.25,0,4.803416914963317,4.803980456388981,40.0,2370.0,1100.0,,0,1007273.5086301359,0.005953567578423085,11930.720363266277,13.400582216298707,24.85927556975526,0,2473621.9916389273,429.88075409035235,489.5098996377859,59.62914554743355,-0.4960262232170682,-0.5,-0.794755356586363,,,,,,,,,,,,,,,,,,,,,,,,,,,,,,,,,,,,0
s9_k5ac_a_s06_pos100_tap0_mc38_cpl0_rp4p95872617372_rn4p86957208005_f12370_f21100_a0_dac1p25,K5AC,A,6,0.5,100,0,38,ac,0.0,0.0,0,1.25,0,4.958726173715687,4.869572080054028,40.0,2370.0,1100.0,,0,962159.4065612168,0.0037473102579424176,11393.749492814264,13.604053787238398,24.884901284609388,0,2473621.9916389273,440.26889005821175,477.7640754833349,37.49518542512317,-0.4932049368506036,-0.5,-1.3590126298792748,,,,,,,,,,,,,,,,,,,,,,,,,,,,,,,,,,,,0
s9_k5ac_a_s06_pos100_tap0_mc390_cpl0_rp4p8339069814_rn4p91507442577_f12370_f21100_a0_dac1p25,K5AC,A,6,0.5,100,0,390,ac,0.0,0.0,0,1.25,0,4.833906981402235,4.915074425769694,40.0,2370.0,1100.0,,0,1016327.0597285767,0.03993481703204461,18057.87600776866,13.253670833681284,24.72773961148425,0,2473621.9916389273,430.39249658877264,489.0518060184001,58.659309429627456,-0.5012145376882353,-0.5,0.24290753764706352,,,,,,,,,,,,,,,,,,,,,,,,,,,,,,,,,,,,0
s9_k5ac_a_s06_pos100_tap0_mc391_cpl0_rp4p88553270259_rn4p9329426081_f12370_f21100_a0_dac1p25,K5AC,A,6,0.5,100,0,391,ac,0.0,0.0,0,1.25,0,4.885532702587025,4.932942608102221,40.0,2370.0,1100.0,,0,980546.0557652373,3.975313258654711e-05,4331.78274150072,14.529777174263044,26.1604156788897,0,2473621.9916389273,443.5323405754116,510.5174937190584,66.98515314364681,-0.4877556277370618,-0.5,-2.448874452587635,,,,,,,,,,,,,,,,,,,,,,,,,,,,,,,,,,,,0
s9_k5ac_a_s06_pos100_tap0_mc392_cpl0_rp4p83513013559_rn4p89780080987_f12370_f21100_a0_dac1p25,K5AC,A,6,0.5,100,0,392,ac,0.0,0.0,0,1.25,0,4.83513013559402,4.897800809870664,40.0,2370.0,1100.0,,0,1022591.1950595158,0.000288697891837068,6918.309709189879,13.038445592585925,24.483015714352877,0,2473621.9916389273,426.44631184347946,485.3015399799536,58.855228136474125,-0.5041289463528805,-0.5,0.825789270576105,,,,,,,,,,,,,,,,,,,,,,,,,,,,,,,,,,,,0
s9_k5ac_a_s06_pos100_tap0_mc393_cpl0_rp4p80353684907_rn4p93527749599_f12370_f21100_a0_dac1p25,K5AC,A,6,0.5,100,0,393,ac,0.0,0.0,0,1.25,0,4.80353684906974,4.935277495986037,40.0,2370.0,1100.0,,0,996073.2544310362,1.744150234986919e-05,13.593563908785555,13.531457161718555,24.978293583079356,0,2473621.9916389273,398.1163303682766,491.19862206742204,93.08229169914546,-0.48627169659185365,-0.5,-2.7456606816292695,,,,,,,,,,,,,,,,,,,,,,,,,,,,,,,,,,,,0
s9_k5ac_a_s06_pos100_tap0_mc394_cpl0_rp4p82055042637_rn4p8023678576_f12370_f21100_a0_dac1p25,K5AC,A,6,0.5,100,0,394,ac,0.0,0.0,0,1.25,0,4.820550426374241,4.802367857598705,40.0,2370.0,1100.0,,0,983366.0358869082,1.768332322400429e-05,24.35940447292092,14.170571232315758,25.715038760121793,0,2473621.9916389273,439.94672405643644,501.4470199453298,61.50029588889339,-0.4871276745734473,-0.5,-2.57446508531054,,,,,,,,,,,,,,,,,,,,,,,,,,,,,,,,,,,,0
s9_k5ac_a_s06_pos100_tap0_mc395_cpl0_rp4p89495892087_rn4p93433731851_f12370_f21100_a0_dac1p25,K5AC,A,6,0.5,100,0,395,ac,0.0,0.0,0,1.25,0,4.894958920869686,4.93433731850674,40.0,2370.0,1100.0,,0,954001.3525994114,0.0022635259736886416,10471.28548050981,14.19181999491216,25.631185799533934,0,2473621.9916389273,446.18469838535873,491.1640191482533,44.97932076289459,-0.5020373716163079,-0.5,0.40747432326158073,,,,,,,,,,,,,,,,,,,,,,,,,,,,,,,,,,,,0
s9_k5ac_a_s06_pos100_tap0_mc396_cpl0_rp4p98745526316_rn4p86824203872_f12370_f21100_a0_dac1p25,K5AC,A,6,0.5,100,0,396,ac,0.0,0.0,0,1.25,0,4.987455263162662,4.868242038715888,40.0,2370.0,1100.0,,0,1011503.822131133,1.77085572096469e-05,26.101572156826084,14.094561794965744,25.704194220045814,0,2473621.9916389273,434.13320287657467,511.3804073523247,77.24720447575004,-0.5061890718420272,-0.5,1.2378143684054432,,,,,,,,,,,,,,,,,,,,,,,,,,,,,,,,,,,,0
s9_k5ac_a_s06_pos100_tap0_mc397_cpl0_rp4p90265991512_rn4p90356505476_f12370_f21100_a0_dac1p25,K5AC,A,6,0.5,100,0,397,ac,0.0,0.0,0,1.25,0,4.902659915120735,4.90356505476135,40.0,2370.0,1100.0,,0,964877.9813680225,1.764363210693305e-05,26.709555875590585,14.464276880999343,25.970249794809078,0,2473621.9916389273,447.0368112421963,502.2896803139825,55.25286907178622,-0.49213116589533423,-0.5,-1.5737668209331535,,,,,,,,,,,,,,,,,,,,,,,,,,,,,,,,,,,,0
s9_k5ac_a_s06_pos100_tap0_mc398_cpl0_rp4p80471789267_rn4p89921458537_f12370_f21100_a0_dac1p25,K5AC,A,6,0.5,100,0,398,ac,0.0,0.0,0,1.25,0,4.804717892669463,4.899214585370171,40.0,2370.0,1100.0,,0,985115.7532327301,0.00406529645707306,11306.633979497277,13.621975252103997,25.226800374449496,0,2473621.9916389273,440.02943028393673,488.3535304994382,48.32410021550146,-0.4945187951826899,-0.5,-1.0962409634620252,,,,,,,,,,,,,,,,,,,,,,,,,,,,,,,,,,,,0
s9_k5ac_a_s06_pos100_tap0_mc399_cpl0_rp4p94975224819_rn4p92047709746_f12370_f21100_a0_dac1p25,K5AC,A,6,0.5,100,0,399,ac,0.0,0.0,0,1.25,0,4.949752248185426,4.920477097461969,40.0,2370.0,1100.0,,0,1059911.2847682438,0.0017437566538899116,5453.391371646671,13.257085305663683,25.01231173554083,0,2473621.9916389273,414.84696974879773,508.7215667970847,93.87459704828694,-0.5031423298851976,-0.5,0.6284659770395162,,,,,,,,,,,,,,,,,,,,,,,,,,,,,,,,,,,,0
s9_k5ac_a_s06_pos100_tap0_mc39_cpl0_rp4p8405063552_rn4p81892231565_f12370_f21100_a0_dac1p25,K5AC,A,6,0.5,100,0,39,ac,0.0,0.0,0,1.25,0,4.84050635520103,4.818922315649883,40.0,2370.0,1100.0,,0,1041857.7967728997,0.0009401886625528513,9190.3771336333,13.64866454636337,25.380690561820284,0,2473621.9916389273,427.6225658756978,511.9664893787315,84.34392350303375,-0.5010369413728886,-0.5,0.20738827457771336,,,,,,,,,,,,,,,,,,,,,,,,,,,,,,,,,,,,0
s9_k5ac_a_s06_pos100_tap0_mc3_cpl0_rp4p84546201527_rn4p84758850786_f12370_f21100_a0_dac1p25,K5AC,A,6,0.5,100,0,3,ac,0.0,0.0,0,1.25,0,4.845462015270863,4.847588507857414,40.0,2370.0,1100.0,,0,1030504.9798811604,1.7654045404851673e-05,24.35940447292092,12.974744765776197,24.618487218720624,0,2473621.9916389273,428.8625854854781,488.22114469387657,59.35855920839845,-0.4956814868017016,-0.5,-0.8637026396596803,,,,,,,,,,,,,,,,,,,,,,,,,,,,,,,,,,,,0
s9_k5ac_a_s06_pos100_tap0_mc400_cpl0_rp4p96530491431_rn4p91631368562_f12370_f21100_a0_dac1p25,K5AC,A,6,0.5,100,0,400,ac,0.0,0.0,0,1.25,0,4.965304914305209,4.916313685616408,40.0,2370.0,1100.0,,0,1055480.2814107116,1.7731389490490248e-05,24.547089156850962,13.187514164218687,24.932936196451156,0,2473621.9916389273,425.7652304953674,503.8497613187598,78.08453082339241,-0.49247924547665256,-0.5,-1.5041509046694879,,,,,,,,,,,,,,,,,,,,,,,,,,,,,,,,,,,,0
s9_k5ac_a_s06_pos100_tap0_mc401_cpl0_rp4p95092194907_rn4p84362522238_f12370_f21100_a0_dac1p25,K5AC,A,6,0.5,100,0,401,ac,0.0,0.0,0,1.25,0,4.950921949066017,4.84362522237532,40.0,2370.0,1100.0,,0,1025956.2457316404,0.003977285753517917,11748.97554939622,13.31765145467034,24.943959988176736,0,2473621.9916389273,430.0766750399551,494.79585326364577,64.71917822369068,-0.4870366183077199,-0.5,-2.5926763384560236,,,,,,,,,,,,,,,,,,,,,,,,,,,,,,,,,,,,0
s9_k5ac_a_s06_pos100_tap0_mc402_cpl0_rp4p98126867566_rn4p82711134242_f12370_f21100_a0_dac1p25,K5AC,A,6,0.5,100,0,402,ac,0.0,0.0,0,1.25,0,4.9812686756609805,4.827111342419783,40.0,2370.0,1100.0,,0,1005047.0974855976,0.000931774897354874,8381.723563642257,14.310573812505426,26.0055389110155,0,2473621.9916389273,436.682250201572,514.3764504444691,77.69420024289713,-0.48391213547547574,-0.5,-3.217572904904853,,,,,,,,,,,,,,,,,,,,,,,,,,,,,,,,,,,,0
s9_k5ac_a_s06_pos100_tap0_mc403_cpl0_rp4p99032477697_rn4p97633558441_f12370_f21100_a0_dac1p25,K5AC,A,6,0.5,100,0,403,ac,0.0,0.0,0,1.25,0,4.9903247769715176,4.9763355844074555,40.0,2370.0,1100.0,,0,957052.4026630456,0.0016317768718323148,9332.543007970628,14.843722731596005,26.429719885491455,0,2473621.9916389273,450.9248876269183,509.72784291019656,58.802955283278266,-0.49826903845496145,-0.5,-0.34619230900770903,,,,,,,,,,,,,,,,,,,,,,,,,,,,,,,,,,,,0
s9_k5ac_a_s06_pos100_tap0_mc404_cpl0_rp4p86031491887_rn4p8693215276_f12370_f21100_a0_dac1p25,K5AC,A,6,0.5,100,0,404,ac,0.0,0.0,0,1.25,0,4.860314918872622,4.869321527601691,40.0,2370.0,1100.0,,0,1009843.745956045,0.009795749147709282,12783.997194631253,13.768477735911372,25.335725794900686,0,2473621.9916389273,433.5852769909217,502.2870618260026,68.7017848350809,-0.5012845080249703,-0.5,0.2569016049940531,,,,,,,,,,,,,,,,,,,,,,,,,,,,,,,,,,,,0
s9_k5ac_a_s06_pos100_tap0_mc405_cpl0_rp4p84107779984_rn4p84599880095_f12370_f21100_a0_dac1p25,K5AC,A,6,0.5,100,0,405,ac,0.0,0.0,0,1.25,0,4.8410777998379455,4.845998800947448,40.0,2370.0,1100.0,,0,998283.5259247756,0.006643443718952852,12022.644346175079,13.851390542670902,25.41967304275107,0,2473621.9916389273,435.9977229085417,498.06202421756615,62.06430130902447,-0.49434336572197807,-0.5,-1.1313268556043865,,,,,,,,,,,,,,,,,,,,,,,,,,,,,,,,,,,,0
s9_k5ac_a_s06_pos100_tap0_mc406_cpl0_rp4p89299198434_rn4p98436690755_f12370_f21100_a0_dac1p25,K5AC,A,6,0.5,100,0,406,ac,0.0,0.0,0,1.25,0,4.89299198433958,4.984366907551315,40.0,2370.0,1100.0,,0,1009560.1874940254,0.00014525298354165034,3019.9517204022195,13.309899104322426,24.89887683017134,0,2473621.9916389273,425.77049749238387,489.7370131650283,63.96651567264445,-0.4879444553273658,-0.5,-2.41110893452684,,,,,,,,,,,,,,,,,,,,,,,,,,,,,,,,,,,,0
s9_k5ac_a_s06_pos100_tap0_mc407_cpl0_rp4p96593796823_rn4p9707304606_f12370_f21100_a0_dac1p25,K5AC,A,6,0.5,100,0,407,ac,0.0,0.0,0,1.25,0,4.965937968229974,4.970730460595229,40.0,2370.0,1100.0,,0,990702.3922657147,0.0015666653749060269,9404.44851726424,13.56992974459458,25.025635024175603,0,2473621.9916389273,435.8292120058274,487.23053538430696,51.40132337847956,-0.48553615827665,-0.5,-2.8927683446700048,,,,,,,,,,,,,,,,,,,,,,,,,,,,,,,,,,,,0
s9_k5ac_a_s06_pos100_tap0_mc408_cpl0_rp4p82589970076_rn4p98712990102_f12370_f21100_a0_dac1p25,K5AC,A,6,0.5,100,0,408,ac,0.0,0.0,0,1.25,0,4.825899700761262,4.987129901023796,40.0,2370.0,1100.0,,0,1000067.858147524,1.7712636777103946e-05,24.926807893272443,13.470679961428646,24.989759028639774,0,2473621.9916389273,436.3292692383201,489.37974374463323,53.05047450631315,-0.484271751966435,-0.5,-3.145649606712997,,,,,,,,,,,,,,,,,,,,,,,,,,,,,,,,,,,,0
s9_k5ac_a_s06_pos100_tap0_mc409_cpl0_rp4p93634229341_rn4p88383298296_f12370_f21100_a0_dac1p25,K5AC,A,6,0.5,100,0,409,ac,0.0,0.0,0,1.25,0,4.936342293409816,4.883832982963993,40.0,2370.0,1100.0,,0,991517.7204788664,1.7801319559491483e-05,22.216040919558694,13.980249359688822,25.634090112731524,0,2473621.9916389273,440.1400039329151,500.18145706602354,60.04145313310846,-0.49259688988612854,-0.5,-1.4806220227742917,,,,,,,,,,,,,,,,,,,,,,,,,,,,,,,,,,,,0
s9_k5ac_a_s06_pos100_tap0_mc40_cpl0_rp4p82617360232_rn4p86377609097_f12370_f21100_a0_dac1p25,K5AC,A,6,0.5,100,0,40,ac,0.0,0.0,0,1.25,0,4.826173602315599,4.863776090965167,40.0,2370.0,1100.0,,0,956567.509486402,1.7377070727180992e-05,12.302687708124076,14.184848057451013,25.842014434999925,0,2473621.9916389273,394.2158480567913,527.5107485798806,133.29490052308927,-0.4904581666171793,-0.5,-1.9083666765641438,,,,,,,,,,,,,,,,,,,,,,,,,,,,,,,,,,,,0
s9_k5ac_a_s06_pos100_tap0_mc410_cpl0_rp4p88217981417_rn4p91530499969_f12370_f21100_a0_dac1p25,K5AC,A,6,0.5,100,0,410,ac,0.0,0.0,0,1.25,0,4.882179814174154,4.915304999687279,40.0,2370.0,1100.0,,0,1054887.0375058772,0.12273213124384685,60720.219569104476,12.865135325087513,24.36627440568275,0,2473621.9916389273,396.24908121545235,489.8373529351065,93.58827171965413,-0.49998765883636376,-0.5,-0.0024682327272484983,,,,,,,,,,,,,,,,,,,,,,,,,,,,,,,,,,,,0
s9_k5ac_a_s06_pos100_tap0_mc411_cpl0_rp4p90140702224_rn4p91673451838_f12370_f21100_a0_dac1p25,K5AC,A,6,0.5,100,0,411,ac,0.0,0.0,0,1.25,0,4.901407022235087,4.916734518378269,40.0,2370.0,1100.0,,0,1040895.2303771329,0.2370697810656527,68654.1297822519,13.451007745038348,25.039659283023028,0,2473621.9916389273,386.8423591514049,501.55988808720093,114.71752893579605,-0.4968370183948724,-0.5,-0.6325963210255248,,,,,,,,,,,,,,,,,,,,,,,,,,,,,,,,,,,,0
s9_k5ac_a_s06_pos100_tap0_mc412_cpl0_rp4p80263980605_rn4p9274688818_f12370_f21100_a0_dac1p25,K5AC,A,6,0.5,100,0,412,ac,0.0,0.0,0,1.25,0,4.802639806050018,4.927468881796134,40.0,2370.0,1100.0,,0,985313.4230183067,6.362472800493653e-05,3285.993247600878,14.39150187679593,26.00092809224734,0,2473621.9916389273,443.43474238416405,509.4829464148451,66.04820403068106,-0.4961587385077981,-0.5,-0.768252298440375,,,,,,,,,,,,,,,,,,,,,,,,,,,,,,,,,,,,0
s9_k5ac_a_s06_pos100_tap0_mc413_cpl0_rp4p85968246261_rn4p80562276972_f12370_f21100_a0_dac1p25,K5AC,A,6,0.5,100,0,413,ac,0.0,0.0,0,1.25,0,4.859682462612504,4.805622769718563,40.0,2370.0,1100.0,,0,945018.4860061207,1.7697641241696664e-05,23.442288153199843,14.114700780016397,25.58128371968417,0,2473621.9916389273,447.594100313857,486.28053452451906,38.68643421066207,-0.4919983684172107,-0.5,-1.6003263165578652,,,,,,,,,,,,,,,,,,,,,,,,,,,,,,,,,,,,0
s9_k5ac_a_s06_pos100_tap0_mc414_cpl0_rp4p98184854148_rn4p8516092388_f12370_f21100_a0_dac1p25,K5AC,A,6,0.5,100,0,414,ac,0.0,0.0,0,1.25,0,4.981848541479969,4.851609238797026,40.0,2370.0,1100.0,,0,1005600.373870304,1.7698256543083573e-05,22.733518989206896,13.822123333704619,25.445958818572148,0,2473621.9916389273,434.20530897436,501.80508543050166,67.59977645614168,-0.4883888077417519,-0.5,-2.3222384516496164,,,,,,,,,,,,,,,,,,,,,,,,,,,,,,,,,,,,0
s9_k5ac_a_s06_pos100_tap0_mc415_cpl0_rp4p98902381976_rn4p83479926401_f12370_f21100_a0_dac1p25,K5AC,A,6,0.5,100,0,415,ac,0.0,0.0,0,1.25,0,4.989023819761244,4.834799264007673,40.0,2370.0,1100.0,,0,993817.0545876914,1.7603226005958652e-05,25.902002045313946,13.420023024039269,24.761810581355828,0,2473621.9916389273,433.5267576273047,483.8288705079405,50.30211288063583,-0.4905788477132955,-0.5,-1.8842304573408963,,,,,,,,,,,,,,,,,,,,,,,,,,,,,,,,,,,,0
s9_k5ac_a_s06_pos100_tap0_mc416_cpl0_rp4p81568951694_rn4p93831818861_f12370_f21100_a0_dac1p25,K5AC,A,6,0.5,100,0,416,ac,0.0,0.0,0,1.25,0,4.8156895169444285,4.938318188608376,40.0,2370.0,1100.0,,0,1004271.7080196831,0.0005635870144220885,7703.120057972726,13.674608165871108,25.155724687477647,0,2473621.9916389273,432.74151958344606,495.2764210121482,62.53490142870214,-0.5017203745252734,-0.5,0.34407490505468097,,,,,,,,,,,,,,,,,,,,,,,,,,,,,,,,,,,,0
s9_k5ac_a_s06_pos100_tap0_mc417_cpl0_rp4p96149420523_rn4p81489206956_f12370_f21100_a0_dac1p25,K5AC,A,6,0.5,100,0,417,ac,0.0,0.0,0,1.25,0,4.961494205229407,4.814892069559012,40.0,2370.0,1100.0,,0,1057466.623146229,1.775298486374756e-05,25.11886431509648,13.104100122819936,24.863292133776053,0,2473621.9916389273,423.0711223313782,501.3888613104631,78.31773897908488,-0.4843426838045231,-0.5,-3.131463239095378,,,,,,,,,,,,,,,,,,,,,,,,,,,,,,,,,,,,0
s9_k5ac_a_s06_pos100_tap0_mc418_cpl0_rp4p8426734305_rn4p85663682175_f12370_f21100_a0_dac1p25,K5AC,A,6,0.5,100,0,418,ac,0.0,0.0,0,1.25,0,4.842673430497197,4.856636821747744,40.0,2370.0,1100.0,,0,980375.7901076071,1.7674532004551124e-05,27.754495235857878,13.423135030794938,24.8187173353206,0,2473621.9916389273,436.46863725327853,479.5644854229433,43.09584816966475,-0.4976255955820726,-0.5,-0.4748808835854823,,,,,,,,,,,,,,,,,,,,,,,,,,,,,,,,,,,,0
s9_k5ac_a_s06_pos100_tap0_mc419_cpl0_rp4p90978219288_rn4p98810507864_f12370_f21100_a0_dac1p25,K5AC,A,6,0.5,100,0,419,ac,0.0,0.0,0,1.25,0,4.909782192875641,4.988105078638066,40.0,2370.0,1100.0,,0,1025233.672789427,0.007138974636869164,11839.499222293953,13.314671431476139,24.900212450275507,0,2473621.9916389273,430.03444574806014,493.41836249566774,63.3839167476076,-0.4888884704795506,-0.5,-2.222305904089883,,,,,,,,,,,,,,,,,,,,,,,,,,,,,,,,,,,,0
s9_k5ac_a_s06_pos100_tap0_mc41_cpl0_rp4p89027141912_rn4p97801839902_f12370_f21100_a0_dac1p25,K5AC,A,6,0.5,100,0,41,ac,0.0,0.0,0,1.25,0,4.890271419118427,4.978018399020955,40.0,2370.0,1100.0,,0,1014426.3889790232,0.016152462839013622,12783.997194631253,13.566157622083026,25.12301327834669,0,2473621.9916389273,430.4067202320861,498.3586482789907,67.95192804690458,-0.4903796319942056,-0.5,-1.9240736011588822,,,,,,,,,,,,,,,,,,,,,,,,,,,,,,,,,,,,0
s9_k5ac_a_s06_pos100_tap0_mc420_cpl0_rp4p87611739853_rn4p9185599481_f12370_f21100_a0_dac1p25,K5AC,A,6,0.5,100,0,420,ac,0.0,0.0,0,1.25,0,4.876117398528499,4.918559948095463,40.0,2370.0,1100.0,,0,1010788.5505516415,0.007794406273993157,12022.644346175079,13.473672388105099,24.911702631611448,0,2473621.9916389273,429.07103971472503,492.9362598824689,63.86522016774387,-0.49600365664196794,-0.5,-0.7992686716064124,,,,,,,,,,,,,,,,,,,,,,,,,,,,,,,,,,,,0
s9_k5ac_a_s06_pos100_tap0_mc421_cpl0_rp4p87900528971_rn4p94147219615_f12370_f21100_a0_dac1p25,K5AC,A,6,0.5,100,0,421,ac,0.0,0.0,0,1.25,0,4.879005289711984,4.941472196154558,40.0,2370.0,1100.0,,0,982884.7815539534,0.002287854014460736,10232.929922808335,13.799776151937829,25.34034100143888,0,2473621.9916389273,439.76823293307916,491.55039430405765,51.782161370978486,-0.5011086966830298,-0.5,0.2217393366059639,,,,,,,,,,,,,,,,,,,,,,,,,,,,,,,,,,,,0
s9_k5ac_a_s06_pos100_tap0_mc422_cpl0_rp4p82462707523_rn4p90248850271_f12370_f21100_a0_dac1p25,K5AC,A,6,0.5,100,0,422,ac,0.0,0.0,0,1.25,0,4.8246270752332405,4.9024885027091925,40.0,2370.0,1100.0,,0,980356.8102360569,7.166502353991896e-05,4786.300923226724,13.928011377854924,25.467551316238804,0,2473621.9916389273,443.74225998333134,495.0644583783757,51.32219839504438,-0.5037928393430499,-0.5,0.7585678686099717,,,,,,,,,,,,,,,,,,,,,,,,,,,,,,,,,,,,0
s9_k5ac_a_s06_pos100_tap0_mc423_cpl0_rp4p83341517313_rn4p9478789508_f12370_f21100_a0_dac1p25,K5AC,A,6,0.5,100,0,423,ac,0.0,0.0,0,1.25,0,4.833415173128162,4.947878950800543,40.0,2370.0,1100.0,,0,1036596.4459109361,0.16685389112468857,65062.887486561776,13.085951308581826,24.543476539418275,0,2473621.9916389273,387.0826135086124,489.6515438013616,102.5689302927492,-0.5017803350667984,-0.5,0.3560670133596844,,,,,,,,,,,,,,,,,,,,,,,,,,,,,,,,,,,,0
s9_k5ac_a_s06_pos100_tap0_mc424_cpl0_rp4p98497470264_rn4p87863981118_f12370_f21100_a0_dac1p25,K5AC,A,6,0.5,100,0,424,ac,0.0,0.0,0,1.25,0,4.984974702641672,4.878639811180132,40.0,2370.0,1100.0,,0,1042588.2180569794,1.775710910066932e-05,25.902002045313946,13.30513882498421,24.98225400872472,0,2473621.9916389273,425.4150894249329,501.97231429762513,76.55722487269225,-0.49865368718859526,-0.5,-0.26926256228094747,,,,,,,,,,,,,,,,,,,,,,,,,,,,,,,,,,,,0
s9_k5ac_a_s06_pos100_tap0_mc425_cpl0_rp4p88982410079_rn4p89862494377_f12370_f21100_a0_dac1p25,K5AC,A,6,0.5,100,0,425,ac,0.0,0.0,0,1.25,0,4.889824100787956,4.898624943770372,40.0,2370.0,1100.0,,0,961657.0968804135,0.017518891062734885,13386.488420701002,13.789897997226296,25.25961727194202,0,2473621.9916389273,441.79758615196795,483.44566452650037,41.64807837453242,-0.477603392808885,-0.5,-4.479321438223005,,,,,,,,,,,,,,,,,,,,,,,,,,,,,,,,,,,,0
s9_k5ac_a_s06_pos100_tap0_mc426_cpl0_rp4p91339773929_rn4p87662957089_f12370_f21100_a0_dac1p25,K5AC,A,6,0.5,100,0,426,ac,0.0,0.0,0,1.25,0,4.913397739285786,4.8766295708922005,40.0,2370.0,1100.0,,0,1021088.1499781646,1.7627797851223462e-05,23.622906626345245,13.696205974305549,25.442267640298237,0,2473621.9916389273,433.344390391192,503.3064792191844,69.96208882799237,-0.49612423512446,-0.5,-0.7751529751079955,,,,,,,,,,,,,,,,,,,,,,,,,,,,,,,,,,,,0
s9_k5ac_a_s06_pos100_tap0_mc427_cpl0_rp4p90178926913_rn4p81648021279_f12370_f21100_a0_dac1p25,K5AC,A,6,0.5,100,0,427,ac,0.0,0.0,0,1.25,0,4.901789269129636,4.816480212786739,40.0,2370.0,1100.0,,0,987778.0678448452,1.8018345403747934e-05,501.1872336272985,14.141983755052156,25.722818295285926,0,2473621.9916389273,441.0015973514876,503.45148155475067,62.44988420326308,-0.500042213210941,-0.5,0.008442642188200011,,,,,,,,,,,,,,,,,,,,,,,,,,,,,,,,,,,,0
s9_k5ac_a_s06_pos100_tap0_mc428_cpl0_rp4p9627612632_rn4p95493428922_f12370_f21100_a0_dac1p25,K5AC,A,6,0.5,100,0,428,ac,0.0,0.0,0,1.25,0,4.962761263201627,4.954934289218422,40.0,2370.0,1100.0,,0,1019255.8088444329,0.007820397738377088,12589.254117942672,13.506298974864178,25.180651471790473,0,2473621.9916389273,432.2193037728126,497.2238938691361,65.00459009632345,-0.49860146225979257,-0.5,-0.2797075480414857,,,,,,,,,,,,,,,,,,,,,,,,,,,,,,,,,,,,0
s9_k5ac_a_s06_pos100_tap0_mc429_cpl0_rp4p86282359383_rn4p91195043688_f12370_f21100_a0_dac1p25,K5AC,A,6,0.5,100,0,429,ac,0.0,0.0,0,1.25,0,4.8628235938318385,4.9119504368805424,40.0,2370.0,1100.0,,0,975014.9930378258,0.048796247796205894,34145.48873833901,13.9819429455986,25.486170849286967,0,2473621.9916389273,444.2642086923028,493.25843990589976,48.99423121359695,-0.48627983709296047,-0.5,-2.744032581407907,,,,,,,,,,,,,,,,,,,,,,,,,,,,,,,,,,,,0
s9_k5ac_a_s06_pos100_tap0_mc42_cpl0_rp4p86668659914_rn4p82600599647_f12370_f21100_a0_dac1p25,K5AC,A,6,0.5,100,0,42,ac,0.0,0.0,0,1.25,0,4.866686599144292,4.826005996469422,40.0,2370.0,1100.0,,0,975938.7444607044,1.771671170229612e-05,23.622906626345245,13.722532722415504,25.163798928342597,0,2473621.9916389273,439.5747002501442,486.7017837108522,47.127083460708036,-0.5031220937201183,-0.5,0.6244187440236582,,,,,,,,,,,,,,,,,,,,,,,,,,,,,,,,,,,,0
s9_k5ac_a_s06_pos100_tap0_mc430_cpl0_rp4p99434612323_rn4p82596910836_f12370_f21100_a0_dac1p25,K5AC,A,6,0.5,100,0,430,ac,0.0,0.0,0,1.25,0,4.994346123227494,4.825969108361858,40.0,2370.0,1100.0,,0,1026248.4113078321,1.7721064584668253e-05,24.73621991638688,13.264060664356373,24.810283522069508,0,2473621.9916389273,427.8026735624919,493.7801014367505,65.97742787425858,-0.5083034673093251,-0.5,1.6606934618650149,,,,,,,,,,,,,,,,,,,,,,,,,,,,,,,,,,,,0
s9_k5ac_a_s06_pos100_tap0_mc431_cpl0_rp4p91116573768_rn4p8298137622_f12370_f21100_a0_dac1p25,K5AC,A,6,0.5,100,0,431,ac,0.0,0.0,0,1.25,0,4.91116573767908,4.829813762201956,40.0,2370.0,1100.0,,0,1014023.555875355,0.017454338222559863,13182.567385565122,13.310278850822858,24.90106152122186,0,2473621.9916389273,430.75857402851034,490.1262204519844,59.36764642347407,-0.4902475242624705,-0.5,-1.950495147505904,,,,,,,,,,,,,,,,,,,,,,,,,,,,,,,,,,,,0
s9_k5ac_a_s06_pos100_tap0_mc432_cpl0_rp4p89014342738_rn4p99554185829_f12370_f21100_a0_dac1p25,K5AC,A,6,0.5,100,0,432,ac,0.0,0.0,0,1.25,0,4.89014342737591,4.9955418582863675,40.0,2370.0,1100.0,,0,987117.8781207524,0.0004165852666244157,8004.483861359523,14.377219473100554,26.060476969093635,0,2473621.9916389273,442.0069512100274,509.67140187262464,67.66445066259723,-0.4827622574238066,-0.5,-3.4475485152386853,,,,,,,,,,,,,,,,,,,,,,,,,,,,,,,,,,,,0
s9_k5ac_a_s06_pos100_tap0_mc433_cpl0_rp4p93677229798_rn4p97592014524_f12370_f21100_a0_dac1p25,K5AC,A,6,0.5,100,0,433,ac,0.0,0.0,0,1.25,0,4.936772297977573,4.975920145237492,40.0,2370.0,1100.0,,0,962269.6114746757,0.01324566683682374,12783.997194631253,13.978870138122048,25.48285434080982,0,2473621.9916389273,442.97268499409336,488.8310502839814,45.85836528988807,-0.49711636116746644,-0.5,-0.5767277665067128,,,,,,,,,,,,,,,,,,,,,,,,,,,,,,,,,,,,0
s9_k5ac_a_s06_pos100_tap0_mc434_cpl0_rp4p97491088108_rn4p86882693556_f12370_f21100_a0_dac1p25,K5AC,A,6,0.5,100,0,434,ac,0.0,0.0,0,1.25,0,4.974910881079785,4.868826935558604,40.0,2370.0,1100.0,,0,1000382.9669703289,0.014358984800930376,13182.567385565122,13.917284315333463,25.518406524906755,0,2473621.9916389273,434.6800657803853,501.78316962072716,67.10310384034187,-0.5100362127875534,-0.5,2.00724255751068,,,,,,,,,,,,,,,,,,,,,,,,,,,,,,,,,,,,0
s9_k5ac_a_s06_pos100_tap0_mc435_cpl0_rp4p9182471955_rn4p81836957152_f12370_f21100_a0_dac1p25,K5AC,A,6,0.5,100,0,435,ac,0.0,0.0,0,1.25,0,4.918247195501483,4.818369571516747,40.0,2370.0,1100.0,,0,1013714.6204626171,0.01188187428183314,10154.68992433159,13.192376317401713,24.64951174530011,0,2473621.9916389273,427.2579609294197,485.69636703452244,58.43840610510273,-0.4808889809849224,-0.5,-3.8222038030155225,,,,,,,,,,,,,,,,,,,,,,,,,,,,,,,,,,,,0
s9_k5ac_a_s06_pos100_tap0_mc436_cpl0_rp4p88771955369_rn4p91132094399_f12370_f21100_a0_dac1p25,K5AC,A,6,0.5,100,0,436,ac,0.0,0.0,0,1.25,0,4.8877195536887275,4.9113209439946255,40.0,2370.0,1100.0,,0,1042532.7181909529,1.7776227092741764e-05,25.11886431509648,13.045750408425356,24.750420743686075,0,2473621.9916389273,426.48360546425346,494.3498841578363,67.86627869358284,-0.5029998038289272,-0.5,0.5999607657854344,,,,,,,,,,,,,,,,,,,,,,,,,,,,,,,,,,,,0
s9_k5ac_a_s06_pos100_tap0_mc437_cpl0_rp4p93445364917_rn4p80865497354_f12370_f21100_a0_dac1p25,K5AC,A,6,0.5,100,0,437,ac,0.0,0.0,0,1.25,0,4.934453649171059,4.808654973540427,40.0,2370.0,1100.0,,0,972700.5882162178,1.777742407911772e-05,25.31240049595432,14.002314105805963,25.40370877732618,0,2473621.9916389273,441.17396877873216,492.82978751115337,51.65581873242121,-0.4884697466371584,-0.5,-2.306050672568316,,,,,,,,,,,,,,,,,,,,,,,,,,,,,,,,,,,,0
s9_k5ac_a_s06_pos100_tap0_mc438_cpl0_rp4p84421385802_rn4p82762531564_f12370_f21100_a0_dac1p25,K5AC,A,6,0.5,100,0,438,ac,0.0,0.0,0,1.25,0,4.844213858015451,4.827625315639734,40.0,2370.0,1100.0,,0,997084.2644266575,3.0364295225417774e-05,4298.662347082579,13.481017592629048,25.084322531681458,0,2473621.9916389273,437.6819504848476,488.81856611707445,51.136615632226835,-0.4980560791638179,-0.5,-0.3887841672364223,,,,,,,,,,,,,,,,,,,,,,,,,,,,,,,,,,,,0
s9_k5ac_a_s06_pos100_tap0_mc439_cpl0_rp4p91373172506_rn4p930527309_f12370_f21100_a0_dac1p25,K5AC,A,6,0.5,100,0,439,ac,0.0,0.0,0,1.25,0,4.91373172505646,4.930527309003868,40.0,2370.0,1100.0,,0,1018747.0790295019,0.003427027269681777,10715.1930523769,13.177067756782764,24.594943766933635,0,2473621.9916389273,428.0958731612064,488.11445161127534,60.01857845006896,-0.48821649262808564,-0.5,-2.356701474382872,,,,,,,,,,,,,,,,,,,,,,,,,,,,,,,,,,,,0
s9_k5ac_a_s06_pos100_tap0_mc43_cpl0_rp4p91618072202_rn4p87284003786_f12370_f21100_a0_dac1p25,K5AC,A,6,0.5,100,0,43,ac,0.0,0.0,0,1.25,0,4.916180722023276,4.872840037858758,40.0,2370.0,1100.0,,0,1036844.2023077689,0.00185078723850097,9623.506263981628,13.610803978691875,25.34916208842857,0,2473621.9916389273,428.76398416956397,507.59760891310555,78.83362474354158,-0.49664299206597584,-0.5,-0.6714015868048318,,,,,,,,,,,,,,,,,,,,,,,,,,,,,,,,,,,,0
s9_k5ac_a_s06_pos100_tap0_mc440_cpl0_rp4p94731480802_rn4p81983101758_f12370_f21100_a0_dac1p25,K5AC,A,6,0.5,100,0,440,ac,0.0,0.0,0,1.25,0,4.9473148080236165,4.819831017576631,40.0,2370.0,1100.0,,0,1013405.4141955292,0.002684240691412176,6261.331052795986,13.420064921431564,24.834334776437984,0,2473621.9916389273,420.18256246698775,492.9750152252293,72.79245275824155,-0.49502074802880036,-0.5,-0.9958503942399277,,,,,,,,,,,,,,,,,,,,,,,,,,,,,,,,,,,,0
s9_k5ac_a_s06_pos100_tap0_mc441_cpl0_rp4p93868404524_rn4p94219884705_f12370_f21100_a0_dac1p25,K5AC,A,6,0.5,100,0,441,ac,0.0,0.0,0,1.25,0,4.938684045243629,4.942198847048544,40.0,2370.0,1100.0,,0,1016039.2259761337,1.7822013245813453e-05,25.902002045313946,13.624316881516675,25.119594143497075,0,2473621.9916389273,430.278881857326,498.53429856467375,68.25541670734776,-0.49903647958859043,-0.5,-0.1927040822819137,,,,,,,,,,,,,,,,,,,,,,,,,,,,,,,,,,,,0
s9_k5ac_a_s06_pos100_tap0_mc442_cpl0_rp4p83993282853_rn4p82015738078_f12370_f21100_a0_dac1p25,K5AC,A,6,0.5,100,0,442,ac,0.0,0.0,0,1.25,0,4.839932828527066,4.820157380784122,40.0,2370.0,1100.0,,0,983987.0124072148,1.7609074229385537e-05,24.173154808041687,13.498004220877267,24.994026368260638,0,2473621.9916389273,439.8462209260958,484.89150951422374,45.04528858812796,-0.5067587292477854,-0.5,1.3517458495570844,,,,,,,,,,,,,,,,,,,,,,,,,,,,,,,,,,,,0
s9_k5ac_a_s06_pos100_tap0_mc443_cpl0_rp4p96483957111_rn4p9682278316_f12370_f21100_a0_dac1p25,K5AC,A,6,0.5,100,0,443,ac,0.0,0.0,0,1.25,0,4.964839571106617,4.968227831597427,40.0,2370.0,1100.0,,0,988856.6671806647,0.00472857622886377,11569.999317503021,13.778474875611517,25.307155253536564,0,2473621.9916389273,438.99299195749796,492.92478278766896,53.931790830170996,-0.495261698302156,-0.5,-0.947660339568801,,,,,,,,,,,,,,,,,,,,,,,,,,,,,,,,,,,,0
s9_k5ac_a_s06_pos100_tap0_mc444_cpl0_rp4p84650185077_rn4p91420142673_f12370_f21100_a0_dac1p25,K5AC,A,6,0.5,100,0,444,ac,0.0,0.0,0,1.25,0,4.846501850768853,4.914201426727646,40.0,2370.0,1100.0,,0,1032122.2990851938,0.004664019733127468,12022.644346175079,13.300946586309264,24.83045178616158,0,2473621.9916389273,427.6424548924551,496.4340830160429,68.79162812358783,-0.4997356858265473,-0.5,-0.052862834690536875,,,,,,,,,,,,,,,,,,,,,,,,,,,,,,,,,,,,0
s9_k5ac_a_s06_pos100_tap0_mc445_cpl0_rp4p87222682255_rn4p92161223144_f12370_f21100_a0_dac1p25,K5AC,A,6,0.5,100,0,445,ac,0.0,0.0,0,1.25,0,4.872226822548897,4.921612231443327,40.0,2370.0,1100.0,,0,1023306.3057356431,1.7726432770639945e-05,26.9153480392699,13.79237848030762,25.476386973283464,0,2473621.9916389273,432.77384890170504,507.4258590684804,74.65201016677537,-0.4919172744232126,-0.5,-1.6165451153574817,,,,,,,,,,,,,,,,,,,,,,,,,,,,,,,,,,,,0
s9_k5ac_a_s06_pos100_tap0_mc446_cpl0_rp4p83587136549_rn4p89235603238_f12370_f21100_a0_dac1p25,K5AC,A,6,0.5,100,0,446,ac,0.0,0.0,0,1.25,0,4.8358713654866365,4.892356032379998,40.0,2370.0,1100.0,,0,1042131.1683073463,0.007470550476277488,12115.276586286842,13.111829367611602,24.72177968555534,0,2473621.9916389273,425.7038994872784,494.5521581584961,68.8482586712177,-0.49512968626922244,-0.5,-0.9740627461555129,,,,,,,,,,,,,,,,,,,,,,,,,,,,,,,,,,,,0
s9_k5ac_a_s06_pos100_tap0_mc447_cpl0_rp4p91808955789_rn4p84124517631_f12370_f21100_a0_dac1p25,K5AC,A,6,0.5,100,0,447,ac,0.0,0.0,0,1.25,0,4.91808955788955,4.841245176312512,40.0,2370.0,1100.0,,0,982013.7122790404,1.7717548948981347e-05,23.988329190195547,13.541429612242535,24.980141043395363,0,2473621.9916389273,438.7449960411606,483.9842792421161,45.23928320095547,-0.4920155637533737,-0.5,-1.5968872493252628,,,,,,,,,,,,,,,,,,,,,,,,,,,,,,,,,,,,0
s9_k5ac_a_s06_pos100_tap0_mc448_cpl0_rp4p91326034605_rn4p80768961249_f12370_f21100_a0_dac1p25,K5AC,A,6,0.5,100,0,448,ac,0.0,0.0,0,1.25,0,4.913260346054073,4.807689612488507,40.0,2370.0,1100.0,,0,1033292.9605953739,0.012646380768603124,13489.628825917614,13.558181212646948,25.251478510279565,0,2473621.9916389273,429.1634930254657,504.88451966786545,75.72102664239975,-0.48742633687451187,-0.5,-2.5147326250976265,,,,,,,,,,,,,,,,,,,,,,,,,,,,,,,,,,,,0
s9_k5ac_a_s06_pos100_tap0_mc449_cpl0_rp4p89853833736_rn4p97944014372_f12370_f21100_a0_dac1p25,K5AC,A,6,0.5,100,0,449,ac,0.0,0.0,0,1.25,0,4.898538337363991,4.97944014371821,40.0,2370.0,1100.0,,0,991050.8626837383,0.009830425421285507,12882.495516932364,13.63740271124745,24.996017483216285,0,2473621.9916389273,434.9196937226572,489.26367354377857,54.343979821121366,-0.4964754355359887,-0.5,-0.7049128928022563,,,,,,,,,,,,,,,,,,,,,,,,,,,,,,,,,,,,0
s9_k5ac_a_s06_pos100_tap0_mc44_cpl0_rp4p99711894844_rn4p82368120501_f12370_f21100_a0_dac1p25,K5AC,A,6,0.5,100,0,44,ac,0.0,0.0,0,1.25,0,4.997118948444106,4.823681205007997,40.0,2370.0,1100.0,,0,980423.0068636459,1.7700933348669067e-05,25.50742783711428,14.096400612069806,25.71739737848102,0,2473621.9916389273,444.03133278125665,499.12555903888017,55.09422625762352,-0.483007287043771,-0.5,-3.398542591245801,,,,,,,,,,,,,,,,,,,,,,,,,,,,,,,,,,,,0
s9_k5ac_a_s06_pos100_tap0_mc450_cpl0_rp4p89239110364_rn4p80615369179_f12370_f21100_a0_dac1p25,K5AC,A,6,0.5,100,0,450,ac,0.0,0.0,0,1.25,0,4.892391103642157,4.806153691794557,40.0,2370.0,1100.0,,0,1005062.1489946599,0.009288494230050594,12589.254117942672,13.361177616565044,24.718906247988635,0,2473621.9916389273,429.2502014993085,487.0715839588581,57.821382459549625,-0.501177981967453,-0.5,0.23559639349060024,,,,,,,,,,,,,,,,,,,,,,,,,,,,,,,,,,,,0
s9_k5ac_a_s06_pos100_tap0_mc451_cpl0_rp4p92126212577_rn4p99481129844_f12370_f21100_a0_dac1p25,K5AC,A,6,0.5,100,0,451,ac,0.0,0.0,0,1.25,0,4.921262125773868,4.994811298436988,40.0,2370.0,1100.0,,0,979653.8916602009,1.8039433195869348e-05,660.693448007632,14.011652091181741,25.578479434614845,0,2473621.9916389273,442.90171876239583,497.0783135170639,54.17659475466809,-0.49979776446485996,-0.5,-0.04044710702800769,,,,,,,,,,,,,,,,,,,,,,,,,,,,,,,,,,,,0
s9_k5ac_a_s06_pos100_tap0_mc452_cpl0_rp4p96816879058_rn4p83494627596_f12370_f21100_a0_dac1p25,K5AC,A,6,0.5,100,0,452,ac,0.0,0.0,0,1.25,0,4.968168790584767,4.8349462759630715,40.0,2370.0,1100.0,,0,1019623.0851608402,1.7785560126084278e-05,22.38721138568398,12.912587874178943,24.309567237389466,0,2473621.9916389273,427.5326791864601,480.46328861058254,52.93060942412245,-0.4877809558362626,-0.5,-2.443808832747485,,,,,,,,,,,,,,,,,,,,,,,,,,,,,,,,,,,,0
s9_k5ac_a_s06_pos100_tap0_mc453_cpl0_rp4p81189616737_rn4p92513478479_f12370_f21100_a0_dac1p25,K5AC,A,6,0.5,100,0,453,ac,0.0,0.0,0,1.25,0,4.811896167372134,4.925134784791296,40.0,2370.0,1100.0,,0,948991.6688883441,1.7766311219131953e-05,22.38721138568398,14.133468729869154,25.55728051368152,0,2473621.9916389273,447.94272592791134,487.95694500510956,40.01421907719822,-0.4893292851069524,-0.5,-2.134142978609521,,,,,,,,,,,,,,,,,,,,,,,,,,,,,,,,,,,,0
s9_k5ac_a_s06_pos100_tap0_mc454_cpl0_rp4p84477285746_rn4p85156316116_f12370_f21100_a0_dac1p25,K5AC,A,6,0.5,100,0,454,ac,0.0,0.0,0,1.25,0,4.8447728574641715,4.851563161162482,40.0,2370.0,1100.0,,0,973940.6436602295,1.7727107538121005e-05,26.709555875590585,14.071495253826333,25.564604581064344,0,2473621.9916389273,443.630979671001,495.738911826309,52.10793215530799,-0.497414487585074,-0.5,-0.5171024829851989,,,,,,,,,,,,,,,,,,,,,,,,,,,,,,,,,,,,0
s9_k5ac_a_s06_pos100_tap0_mc455_cpl0_rp4p9611795944_rn4p94607428095_f12370_f21100_a0_dac1p25,K5AC,A,6,0.5,100,0,455,ac,0.0,0.0,0,1.25,0,4.961179594399361,4.946074280945574,40.0,2370.0,1100.0,,0,1032250.3335217609,1.777766847777063e-05,26.9153480392699,13.728192167175314,25.52443699898078,0,2473621.9916389273,430.81439980567103,509.7467638325219,78.93236402685085,-0.4881900095031716,-0.5,-2.361998099365681,,,,,,,,,,,,,,,,,,,,,,,,,,,,,,,,,,,,0
s9_k5ac_a_s06_pos100_tap0_mc456_cpl0_rp4p8081696137_rn4p89844934998_f12370_f21100_a0_dac1p25,K5AC,A,6,0.5,100,0,456,ac,0.0,0.0,0,1.25,0,4.808169613704869,4.898449349976364,40.0,2370.0,1100.0,,0,964506.1136754766,0.014042954003283394,9697.65359108324,14.065041878666888,25.69811715321047,0,2473621.9916389273,439.7511169667743,496.5128365527413,56.761719585967,-0.4992659881738863,-0.5,-0.14680236522274237,,,,,,,,,,,,,,,,,,,,,,,,,,,,,,,,,,,,0
s9_k5ac_a_s06_pos100_tap0_mc457_cpl0_rp4p80901387006_rn4p89893927897_f12370_f21100_a0_dac1p25,K5AC,A,6,0.5,100,0,457,ac,0.0,0.0,0,1.25,0,4.809013870061053,4.898939278974989,40.0,2370.0,1100.0,,0,1003911.912832702,0.00017093181596501854,3890.451449943076,13.288558492547264,24.71462734041235,0,2473621.9916389273,429.1761086498312,485.2179073587192,56.041798708887995,-0.4907308574891062,-0.5,-1.853828502178756,,,,,,,,,,,,,,,,,,,,,,,,,,,,,,,,,,,,0
s9_k5ac_a_s06_pos100_tap0_mc458_cpl0_rp4p97886635009_rn4p86955244537_f12370_f21100_a0_dac1p25,K5AC,A,6,0.5,100,0,458,ac,0.0,0.0,0,1.25,0,4.97886635008926,4.869552445369452,40.0,2370.0,1100.0,,0,978784.4447678314,0.0029556704938710305,8128.305161641608,13.557478964537788,24.978808544097156,0,2473621.9916389273,436.1579476518454,482.5978451879481,46.439897536102706,-0.48320422774316,-0.5,-3.359154451367996,,,,,,,,,,,,,,,,,,,,,,,,,,,,,,,,,,,,0
s9_k5ac_a_s06_pos100_tap0_mc459_cpl0_rp4p83963177594_rn4p8663180674_f12370_f21100_a0_dac1p25,K5AC,A,6,0.5,100,0,459,ac,0.0,0.0,0,1.25,0,4.839631775943394,4.866318067395099,40.0,2370.0,1100.0,,0,942196.5412086996,0.001422034467966684,9476.908045142321,14.238890225689437,25.734226632137975,0,2473621.9916389273,450.011471681065,489.2544233291774,39.24295164811241,-0.4981014771517318,-0.5,-0.3797045696536383,,,,,,,,,,,,,,,,,,,,,,,,,,,,,,,,,,,,0
s9_k5ac_a_s06_pos100_tap0_mc45_cpl0_rp4p82760566967_rn4p99722862818_f12370_f21100_a0_dac1p25,K5AC,A,6,0.5,100,0,45,ac,0.0,0.0,0,1.25,0,4.827605669673552,4.997228628177117,40.0,2370.0,1100.0,,0,1002598.1866532462,1.763059303935883e-05,24.73621991638688,13.615946382097494,25.12429172884713,0,2473621.9916389273,433.10419152106647,494.4014465070096,61.29725498594314,-0.4936134407149203,-0.5,-1.2773118570159392,,,,,,,,,,,,,,,,,,,,,,,,,,,,,,,,,,,,0
s9_k5ac_a_s06_pos100_tap0_mc460_cpl0_rp4p92007457843_rn4p99419478961_f12370_f21100_a0_dac1p25,K5AC,A,6,0.5,100,0,460,ac,0.0,0.0,0,1.25,0,4.920074578427743,4.994194789613285,40.0,2370.0,1100.0,,0,989845.8104209341,0.01993817529977532,12492.997891188323,13.578062400638162,25.138585205630633,0,2473621.9916389273,436.67075465476154,488.6143646030382,51.94360994827667,-0.4913739996991842,-0.5,-1.7252000601631567,,,,,,,,,,,,,,,,,,,,,,,,,,,,,,,,,,,,0
s9_k5ac_a_s06_pos100_tap0_mc461_cpl0_rp4p91074305468_rn4p85079696789_f12370_f21100_a0_dac1p25,K5AC,A,6,0.5,100,0,461,ac,0.0,0.0,0,1.25,0,4.910743054677111,4.850796967891991,40.0,2370.0,1100.0,,0,1004222.7642045144,0.0009357720270220581,9261.187281288645,13.343023944578391,24.958633897738114,0,2473621.9916389273,435.3055576481043,488.3286094905862,53.02305184248189,-0.49245815878630556,-0.5,-1.508368242738889,,,,,,,,,,,,,,,,,,,,,,,,,,,,,,,,,,,,0
s9_k5ac_a_s06_pos100_tap0_mc462_cpl0_rp4p81682487932_rn4p80385501731_f12370_f21100_a0_dac1p25,K5AC,A,6,0.5,100,0,462,ac,0.0,0.0,0,1.25,0,4.816824879322612,4.8038550173147785,40.0,2370.0,1100.0,,0,990913.1083624224,1.773248907999711e-05,25.50742783711428,14.127511056936356,25.835025690392975,0,2473621.9916389273,441.46133765330524,504.13387270159825,62.672535048293014,-0.48668413847947667,-0.5,-2.663172304104666,,,,,,,,,,,,,,,,,,,,,,,,,,,,,,,,,,,,0
s9_k5ac_a_s06_pos100_tap0_mc463_cpl0_rp4p81980051483_rn4p93994820809_f12370_f21100_a0_dac1p25,K5AC,A,6,0.5,100,0,463,ac,0.0,0.0,0,1.25,0,4.819800514826301,4.939948208085681,40.0,2370.0,1100.0,,0,971800.1778964635,1.777439404884225e-05,23.988329190195547,14.254872724705457,25.882375867085933,0,2473621.9916389273,447.46512544834724,500.26253514364686,52.79740969529962,-0.49029281680593617,-0.5,-1.9414366388127657,,,,,,,,,,,,,,,,,,,,,,,,,,,,,,,,,,,,0
s9_k5ac_a_s06_pos100_tap0_mc464_cpl0_rp4p93819973582_rn4p89022032526_f12370_f21100_a0_dac1p25,K5AC,A,6,0.5,100,0,464,ac,0.0,0.0,0,1.25,0,4.93819973581738,4.890220325258228,40.0,2370.0,1100.0,,0,969818.3253999414,1.7650196982333835e-05,27.754495235857878,13.75001988592298,25.287082152535742,0,2473621.9916389273,443.535949616429,486.195174720937,42.65922510450804,-0.5068640041277614,-0.5,1.3728008255522894,,,,,,,,,,,,,,,,,,,,,,,,,,,,,,,,,,,,0
s9_k5ac_a_s06_pos100_tap0_mc465_cpl0_rp4p97378126426_rn4p99197721852_f12370_f21100_a0_dac1p25,K5AC,A,6,0.5,100,0,465,ac,0.0,0.0,0,1.25,0,4.973781264259639,4.991977218520064,40.0,2370.0,1100.0,,0,1064154.6503424463,1.7797662978023354e-05,24.173154808041687,12.924213988660181,24.555239114966593,0,2473621.9916389273,420.9130517018444,498.1882215281933,77.27516982634893,-0.4855113485494885,-0.5,-2.897730290102296,,,,,,,,,,,,,,,,,,,,,,,,,,,,,,,,,,,,0
s9_k5ac_a_s06_pos100_tap0_mc466_cpl0_rp4p87794000204_rn4p89205780317_f12370_f21100_a0_dac1p25,K5AC,A,6,0.5,100,0,466,ac,0.0,0.0,0,1.25,0,4.8779400020416315,4.892057803174942,40.0,2370.0,1100.0,,0,996477.1284514099,0.001380621188772722,9697.65359108324,13.562236676760508,24.999359467727622,0,2473621.9916389273,435.26291546643495,489.26980710840155,54.006891641966604,-0.47942035071190947,-0.5,-4.115929857618106,,,,,,,,,,,,,,,,,,,,,,,,,,,,,,,,,,,,0
s9_k5ac_a_s06_pos100_tap0_mc467_cpl0_rp4p96689425009_rn4p99443766455_f12370_f21100_a0_dac1p25,K5AC,A,6,0.5,100,0,467,ac,0.0,0.0,0,1.25,0,4.96689425008728,4.994437664548066,40.0,2370.0,1100.0,,0,1021621.9350730384,0.0009409915628254223,9050.376921517814,12.935347803802918,24.355099698109598,0,2473621.9916389273,426.67986378569674,482.21496150120015,55.53509771550341,-0.5012472791842713,-0.5,0.249455836854251,,,,,,,,,,,,,,,,,,,,,,,,,,,,,,,,,,,,0
s9_k5ac_a_s06_pos100_tap0_mc468_cpl0_rp4p99627994237_rn4p80677673773_f12370_f21100_a0_dac1p25,K5AC,A,6,0.5,100,0,468,ac,0.0,0.0,0,1.25,0,4.996279942373079,4.806776737728935,40.0,2370.0,1100.0,,0,998814.1364299818,0.0014079958788023835,9772.372209558862,13.848479285029114,25.486601677083527,0,2473621.9916389273,439.1124708027182,499.61009675833424,60.49762595561606,-0.4908490058882089,-0.5,-1.83019882235822,,,,,,,,,,,,,,,,,,,,,,,,,,,,,,,,,,,,0
s9_k5ac_a_s06_pos100_tap0_mc469_cpl0_rp4p86746515181_rn4p82442949935_f12370_f21100_a0_dac1p25,K5AC,A,6,0.5,100,0,469,ac,0.0,0.0,0,1.25,0,4.867465151813388,4.824429499351856,40.0,2370.0,1100.0,,0,977298.7759884847,0.004875753857265429,11839.499222293953,13.826098542213128,25.358487247536996,0,2473621.9916389273,442.26768556232184,490.2981733977508,48.03048783542897,-0.49821263733598536,-0.5,-0.3574725328029271,,,,,,,,,,,,,,,,,,,,,,,,,,,,,,,,,,,,0
s9_k5ac_a_s06_pos100_tap0_mc46_cpl0_rp4p98614128366_rn4p95326093094_f12370_f21100_a0_dac1p25,K5AC,A,6,0.5,100,0,46,ac,0.0,0.0,0,1.25,0,4.9861412836618335,4.9532609309445235,40.0,2370.0,1100.0,,0,1008990.1539682206,0.0012559420398563772,5979.524734045956,13.597691803339831,25.29576735072139,0,2473621.9916389273,432.8163723983647,496.710701746499,63.894329348134306,-0.5066205425931393,-0.5,1.3241085186278534,,,,,,,,,,,,,,,,,,,,,,,,,,,,,,,,,,,,0
s9_k5ac_a_s06_pos100_tap0_mc470_cpl0_rp4p91328404321_rn4p86674408431_f12370_f21100_a0_dac1p25,K5AC,A,6,0.5,100,0,470,ac,0.0,0.0,0,1.25,0,4.9132840432076454,4.866744084313133,40.0,2370.0,1100.0,,0,941435.6902913712,1.7690094756258926e-05,22.733518989206896,14.498283825494497,26.034330149321214,0,2473621.9916389273,453.5044600150785,496.4836091430024,42.979149127923904,-0.5026847990309848,-0.5,0.5369598061969683,,,,,,,,,,,,,,,,,,,,,,,,,,,,,,,,,,,,0
s9_k5ac_a_s06_pos100_tap0_mc471_cpl0_rp4p89736193895_rn4p8066346075_f12370_f21100_a0_dac1p25,K5AC,A,6,0.5,100,0,471,ac,0.0,0.0,0,1.25,0,4.897361938947755,4.806634607495522,40.0,2370.0,1100.0,,0,980558.9159870809,0.03480916490199316,18197.008586101336,14.341378897814383,25.924308383768594,0,2473621.9916389273,445.71577805018,506.02012618860823,60.304348138428225,-0.49252664656910466,-0.5,-1.494670686179067,,,,,,,,,,,,,,,,,,,,,,,,,,,,,,,,,,,,0
s9_k5ac_a_s06_pos100_tap0_mc472_cpl0_rp4p82442057089_rn4p90328400898_f12370_f21100_a0_dac1p25,K5AC,A,6,0.5,100,0,472,ac,0.0,0.0,0,1.25,0,4.824420570887314,4.9032840089774,40.0,2370.0,1100.0,,0,992411.2706378303,1.7646860487439095e-05,23.622906626345245,13.180210539812352,24.62568363714571,0,2473621.9916389273,434.9553153646865,478.62590840277215,43.670593038085656,-0.4986122260756667,-0.5,-0.27755478486666263,,,,,,,,,,,,,,,,,,,,,,,,,,,,,,,,,,,,0
s9_k5ac_a_s06_pos100_tap0_mc473_cpl0_rp4p81133556306_rn4p83594098262_f12370_f21100_a0_dac1p25,K5AC,A,6,0.5,100,0,473,ac,0.0,0.0,0,1.25,0,4.811335563056074,4.835940982615407,40.0,2370.0,1100.0,,0,1025497.3555894877,0.001646998896801585,9772.372209558862,12.899174252164453,24.37407090124824,0,2473621.9916389273,427.6113628813279,482.7049020488169,55.093539167488984,-0.4960698357310816,-0.5,-0.7860328537836803,,,,,,,,,,,,,,,,,,,,,,,,,,,,,,,,,,,,0
s9_k5ac_a_s06_pos100_tap0_mc474_cpl0_rp4p84073641539_rn4p87162305829_f12370_f21100_a0_dac1p25,K5AC,A,6,0.5,100,0,474,ac,0.0,0.0,0,1.25,0,4.840736415390106,4.871623058289732,40.0,2370.0,1100.0,,0,983688.426323376,1.7652738849865986e-05,25.70395782768934,14.558392708549192,26.302213246669464,0,2473621.9916389273,445.4964159523577,513.3966256739976,67.9002097216399,-0.4986263529400733,-0.5,-0.2747294119853416,,,,,,,,,,,,,,,,,,,,,,,,,,,,,,,,,,,,0
s9_k5ac_a_s06_pos100_tap0_mc475_cpl0_rp4p84031180256_rn4p85577913513_f12370_f21100_a0_dac1p25,K5AC,A,6,0.5,100,0,475,ac,0.0,0.0,0,1.25,0,4.840311802564188,4.855779135131709,40.0,2370.0,1100.0,,0,974606.7688858818,1.7749803553937063e-05,24.73621991638688,13.855854746700105,25.402340418715443,0,2473621.9916389273,441.4117379799784,490.59076040781963,49.17902242784123,-0.49517450181052075,-0.5,-0.9650996378958498,,,,,,,,,,,,,,,,,,,,,,,,,,,,,,,,,,,,0
s9_k5ac_a_s06_pos100_tap0_mc476_cpl0_rp4p80826104094_rn4p87299243737_f12370_f21100_a0_dac1p25,K5AC,A,6,0.5,100,0,476,ac,0.0,0.0,0,1.25,0,4.8082610409374436,4.872992437372049,40.0,2370.0,1100.0,,0,979015.4486001827,1.7725370519815632e-05,26.302679918954542,13.979961781744503,25.486520971193258,0,2473621.9916389273,440.05245040598663,494.1874219148772,54.134971508890544,-0.48589480737559937,-0.5,-2.821038524880126,,,,,,,,,,,,,,,,,,,,,,,,,,,,,,,,,,,,0
s9_k5ac_a_s06_pos100_tap0_mc477_cpl0_rp4p9011025822_rn4p98272173248_f12370_f21100_a0_dac1p25,K5AC,A,6,0.5,100,0,477,ac,0.0,0.0,0,1.25,0,4.901102582197919,4.982721732480511,40.0,2370.0,1100.0,,0,1037942.2235811062,0.022094104715049835,13489.628825917614,13.015908000682707,24.66363029810615,0,2473621.9916389273,425.0251225074511,491.1546487651061,66.12952625765502,-0.5023243876340753,-0.5,0.4648775268150551,,,,,,,,,,,,,,,,,,,,,,,,,,,,,,,,,,,,0
s9_k5ac_a_s06_pos100_tap0_mc478_cpl0_rp4p94375421175_rn4p94783314723_f12370_f21100_a0_dac1p25,K5AC,A,6,0.5,100,0,478,ac,0.0,0.0,0,1.25,0,4.943754211749966,4.947833147232941,40.0,2370.0,1100.0,,0,997896.846161332,1.7839103743408924e-05,26.302679918954542,14.035640032554108,25.68265649634667,0,2473621.9916389273,439.2694805438642,503.08101832492383,63.811537781059656,-0.49454531742594815,-0.5,-1.09093651481037,,,,,,,,,,,,,,,,,,,,,,,,,,,,,,,,,,,,0
s9_k5ac_a_s06_pos100_tap0_mc479_cpl0_rp4p94451228521_rn4p87916699196_f12370_f21100_a0_dac1p25,K5AC,A,6,0.5,100,0,479,ac,0.0,0.0,0,1.25,0,4.944512285207889,4.8791669919552785,40.0,2370.0,1100.0,,0,972139.9887979147,1.7726982683041418e-05,22.908676527678335,14.43497357195748,26.169357953917224,0,2473621.9916389273,447.3565883382751,505.9974592492472,58.64087091097207,-0.5020225120289641,-0.5,0.40450240579281704,,,,,,,,,,,,,,,,,,,,,,,,,,,,,,,,,,,,0
s9_k5ac_a_s06_pos100_tap0_mc47_cpl0_rp4p8941099336_rn4p90077857548_f12370_f21100_a0_dac1p25,K5AC,A,6,0.5,100,0,47,ac,0.0,0.0,0,1.25,0,4.894109933598021,4.900778575478652,40.0,2370.0,1100.0,,0,1012083.0990147799,2.289517318908673e-05,1230.2687708124552,13.870339626756964,25.43511172645797,0,2473621.9916389273,432.7376664015666,505.26290338559636,72.52523698402973,-0.4860781679967045,-0.5,-2.7843664006590996,,,,,,,,,,,,,,,,,,,,,,,,,,,,,,,,,,,,0
s9_k5ac_a_s06_pos100_tap0_mc480_cpl0_rp4p9165168846_rn4p81704233275_f12370_f21100_a0_dac1p25,K5AC,A,6,0.5,100,0,480,ac,0.0,0.0,0,1.25,0,4.916516884599978,4.817042332753258,40.0,2370.0,1100.0,,0,970996.876084778,0.009478626380337427,12397.477630290425,13.913706250688374,25.46567072768253,0,2473621.9916389273,442.32294022872406,491.7318675393359,49.40892731061183,-0.48840919915657305,-0.5,-2.3181601686853903,,,,,,,,,,,,,,,,,,,,,,,,,,,,,,,,,,,,0
s9_k5ac_a_s06_pos100_tap0_mc481_cpl0_rp4p90897657852_rn4p83863291458_f12370_f21100_a0_dac1p25,K5AC,A,6,0.5,100,0,481,ac,0.0,0.0,0,1.25,0,4.908976578521395,4.83863291458142,40.0,2370.0,1100.0,,0,992004.7050704173,0.0003541013015841096,7079.457843841907,13.73979771723869,25.2838192353718,0,2473621.9916389273,436.10836674378135,493.12101807034713,57.01265132656579,-0.5020182242683848,-0.5,0.40364485367696545,,,,,,,,,,,,,,,,,,,,,,,,,,,,,,,,,,,,0
s9_k5ac_a_s06_pos100_tap0_mc482_cpl0_rp4p86288100731_rn4p91113469178_f12370_f21100_a0_dac1p25,K5AC,A,6,0.5,100,0,482,ac,0.0,0.0,0,1.25,0,4.862881007312245,4.911134691775557,40.0,2370.0,1100.0,,0,996663.9964961964,8.060454363190043e-05,4823.17848223965,13.962843840475994,25.45432191612015,0,2473621.9916389273,437.42121340209843,500.8367721765974,63.41555877449895,-0.4853555721906809,-0.5,-2.9288855618638254,,,,,,,,,,,,,,,,,,,,,,,,,,,,,,,,,,,,0
s9_k5ac_a_s06_pos100_tap0_mc483_cpl0_rp4p83291461281_rn4p81672175434_f12370_f21100_a0_dac1p25,K5AC,A,6,0.5,100,0,483,ac,0.0,0.0,0,1.25,0,4.83291461281191,4.81672175434094,40.0,2370.0,1100.0,,0,979420.0970993154,0.0023324347172928683,10797.75162327794,13.66271607238468,25.19097647216106,0,2473621.9916389273,442.6563780302907,487.4024712178238,44.74609318753312,-0.4965511665265874,-0.5,-0.6897666946825254,,,,,,,,,,,,,,,,,,,,,,,,,,,,,,,,,,,,0
s9_k5ac_a_s06_pos100_tap0_mc484_cpl0_rp4p80955583217_rn4p93161747833_f12370_f21100_a0_dac1p25,K5AC,A,6,0.5,100,0,484,ac,0.0,0.0,0,1.25,0,4.80955583216582,4.931617478327593,40.0,2370.0,1100.0,,0,927015.9946139571,1.7580604537907833e-05,13.386488420700225,14.732461044503548,26.32788586210236,0,2473621.9916389273,416.3140296686331,522.049922294359,105.73589262572591,-0.4894437321832668,-0.5,-2.111253563346638,,,,,,,,,,,,,,,,,,,,,,,,,,,,,,,,,,,,0
s9_k5ac_a_s06_pos100_tap0_mc485_cpl0_rp4p89514580487_rn4p91137783103_f12370_f21100_a0_dac1p25,K5AC,A,6,0.5,100,0,485,ac,0.0,0.0,0,1.25,0,4.895145804869464,4.9113778310291725,40.0,2370.0,1100.0,,0,989788.0922091216,1.7683634955723786e-05,26.9153480392699,13.897001752226737,25.476493643311528,0,2473621.9916389273,440.79597509311816,496.18835521335933,55.39238012024117,-0.4872976152368189,-0.5,-2.540476952636217,,,,,,,,,,,,,,,,,,,,,,,,,,,,,,,,,,,,0
s9_k5ac_a_s06_pos100_tap0_mc486_cpl0_rp4p95705388401_rn4p94764671172_f12370_f21100_a0_dac1p25,K5AC,A,6,0.5,100,0,486,ac,0.0,0.0,0,1.25,0,4.957053884006331,4.947646711724817,40.0,2370.0,1100.0,,0,1012253.9230446864,0.013997630606505797,12589.254117942672,13.29317616229238,24.790268247459572,0,2473621.9916389273,431.4613714906639,488.26709398002856,56.805722489364655,-0.4849561016076066,-0.5,-3.008779678478679,,,,,,,,,,,,,,,,,,,,,,,,,,,,,,,,,,,,0
s9_k5ac_a_s06_pos100_tap0_mc487_cpl0_rp4p84482012182_rn4p95383071947_f12370_f21100_a0_dac1p25,K5AC,A,6,0.5,100,0,487,ac,0.0,0.0,0,1.25,0,4.84482012181883,4.953830719470984,40.0,2370.0,1100.0,,0,1013307.261712949,0.026166535041361152,24173.154808043088,13.474858920620214,25.110262903071927,0,2473621.9916389273,437.4286853171664,493.6004341234287,56.171748806262315,-0.49474911405048944,-0.5,-1.0501771899021128,,,,,,,,,,,,,,,,,,,,,,,,,,,,,,,,,,,,0
s9_k5ac_a_s06_pos100_tap0_mc488_cpl0_rp4p88763720285_rn4p83155380993_f12370_f21100_a0_dac1p25,K5AC,A,6,0.5,100,0,488,ac,0.0,0.0,0,1.25,0,4.887637202849622,4.831553809926781,40.0,2370.0,1100.0,,0,948403.9428464391,1.7733200034756325e-05,24.73621991638688,14.402901636309329,25.826723201730054,0,2473621.9916389273,448.9685178155414,494.0539419776748,45.08542416213339,-0.4893211074503451,-0.5,-2.1357785099309745,,,,,,,,,,,,,,,,,,,,,,,,,,,,,,,,,,,,0
s9_k5ac_a_s06_pos100_tap0_mc489_cpl0_rp4p84766955943_rn4p875178525_f12370_f21100_a0_dac1p25,K5AC,A,6,0.5,100,0,489,ac,0.0,0.0,0,1.25,0,4.847669559428117,4.875178525002907,40.0,2370.0,1100.0,,0,1020076.3143010983,0.004862805193107261,11839.499222293953,13.802693167905222,25.337372116072785,0,2473621.9916389273,430.37750145386457,506.5536099381128,76.17610848424823,-0.5004889715380931,-0.5,0.09779430761862606,,,,,,,,,,,,,,,,,,,,,,,,,,,,,,,,,,,,0
s9_k5ac_a_s06_pos100_tap0_mc48_cpl0_rp4p84579746796_rn4p94824174979_f12370_f21100_a0_dac1p25,K5AC,A,6,0.5,100,0,48,ac,0.0,0.0,0,1.25,0,4.845797467955072,4.948241749788483,40.0,2370.0,1100.0,,0,983206.4116475825,1.7719186832698303e-05,21.544346900319393,13.80168470570766,25.17766363859121,0,2473621.9916389273,433.1273592687347,491.1863285807402,58.0589693120055,-0.4950734439239396,-0.5,-0.9853112152120813,,,,,,,,,,,,,,,,,,,,,,,,,,,,,,,,,,,,0
s9_k5ac_a_s06_pos100_tap0_mc490_cpl0_rp4p88142816359_rn4p98473046386_f12370_f21100_a0_dac1p25,K5AC,A,6,0.5,100,0,490,ac,0.0,0.0,0,1.25,0,4.881428163586611,4.984730463863299,40.0,2370.0,1100.0,,0,1016979.5288774748,0.007156363162810291,12115.276586286842,13.517603735790303,24.960593481439687,0,2473621.9916389273,429.0172323083864,496.38378231950406,67.36655001111768,-0.49234903096673754,-0.5,-1.5301938066524912,,,,,,,,,,,,,,,,,,,,,,,,,,,,,,,,,,,,0
s9_k5ac_a_s06_pos100_tap0_mc491_cpl0_rp4p86846818018_rn4p85896451487_f12370_f21100_a0_dac1p25,K5AC,A,6,0.5,100,0,491,ac,0.0,0.0,0,1.25,0,4.86846818017839,4.858964514867365,40.0,2370.0,1100.0,,0,1033435.0887413061,0.042826961516928726,17245.13770671343,13.325578482867819,24.951408931322902,0,2473621.9916389273,428.2749813920572,497.364329634704,69.08934824264679,-0.4939000854355491,-0.5,-1.219982912890183,,,,,,,,,,,,,,,,,,,,,,,,,,,,,,,,,,,,0
s9_k5ac_a_s06_pos100_tap0_mc492_cpl0_rp4p84718679302_rn4p96650176044_f12370_f21100_a0_dac1p25,K5AC,A,6,0.5,100,0,492,ac,0.0,0.0,0,1.25,0,4.847186793022051,4.966501760442533,40.0,2370.0,1100.0,,0,1021219.392007552,1.7498804053886268e-05,16.094098932625723,13.448330291520847,25.110831254425158,0,2473621.9916389273,412.40640139233835,498.7358433653042,86.32944197296587,-0.4973038567332216,-0.5,-0.5392286533556834,,,,,,,,,,,,,,,,,,,,,,,,,,,,,,,,,,,,0
s9_k5ac_a_s06_pos100_tap0_mc493_cpl0_rp4p92914468276_rn4p81937382261_f12370_f21100_a0_dac1p25,K5AC,A,6,0.5,100,0,493,ac,0.0,0.0,0,1.25,0,4.929144682763958,4.819373822611605,40.0,2370.0,1100.0,,0,1006412.0132724001,0.0020099706922868063,9772.372209558862,13.747367129616327,25.41443722292733,0,2473621.9916389273,436.2132338820834,499.1802408759457,62.9670069938623,-0.493665428254532,-0.5,-1.2669143490935952,,,,,,,,,,,,,,,,,,,,,,,,,,,,,,,,,,,,0
s9_k5ac_a_s06_pos100_tap0_mc494_cpl0_rp4p83246035377_rn4p87140084391_f12370_f21100_a0_dac1p25,K5AC,A,6,0.5,100,0,494,ac,0.0,0.0,0,1.25,0,4.832460353767677,4.871400843910421,40.0,2370.0,1100.0,,0,1033604.5353881391,1.7717349644115757e-05,23.263050671536877,13.348902805026222,25.029839046052167,0,2473621.9916389273,429.1617822240433,498.6616588341212,69.49987661007793,-0.4995185745710242,-0.5,-0.09628508579515582,,,,,,,,,,,,,,,,,,,,,,,,,,,,,,,,,,,,0
s9_k5ac_a_s06_pos100_tap0_mc495_cpl0_rp4p89615372738_rn4p95659479426_f12370_f21100_a0_dac1p25,K5AC,A,6,0.5,100,0,495,ac,0.0,0.0,0,1.25,0,4.896153727381476,4.956594794260359,40.0,2370.0,1100.0,,0,1038216.7760624853,0.07302178340246981,33884.41561392322,12.91357676617947,24.318686125523374,0,2473621.9916389273,427.09679733501406,485.73915770048006,58.642360365466004,-0.4889330299750031,-0.5,-2.2133940049993805,,,,,,,,,,,,,,,,,,,,,,,,,,,,,,,,,,,,0
s9_k5ac_a_s06_pos100_tap0_mc496_cpl0_rp4p82124294855_rn4p89418312606_f12370_f21100_a0_dac1p25,K5AC,A,6,0.5,100,0,496,ac,0.0,0.0,0,1.25,0,4.821242948548383,4.894183126064418,40.0,2370.0,1100.0,,0,976330.697550758,0.0024211241854510566,10633.265716372442,14.219193049813551,25.807317971236294,0,2473621.9916389273,443.8330285479793,501.8602002181744,58.02717167019506,-0.4954655204671929,-0.5,-0.9068959065614224,,,,,,,,,,,,,,,,,,,,,,,,,,,,,,,,,,,,0
s9_k5ac_a_s06_pos100_tap0_mc497_cpl0_rp4p94590527831_rn4p89269603778_f12370_f21100_a0_dac1p25,K5AC,A,6,0.5,100,0,497,ac,0.0,0.0,0,1.25,0,4.945905278313416,4.892696037778297,40.0,2370.0,1100.0,,0,925315.0449612344,1.741398730154715e-05,13.182567385564356,14.165751845114187,25.500613960906293,0,2473621.9916389273,410.02466782025414,510.95088782378286,100.92622000352873,-0.489492475626035,-0.5,-2.101504874793003,,,,,,,,,,,,,,,,,,,,,,,,,,,,,,,,,,,,0
s9_k5ac_a_s06_pos100_tap0_mc498_cpl0_rp4p98483368934_rn4p86744459047_f12370_f21100_a0_dac1p25,K5AC,A,6,0.5,100,0,498,ac,0.0,0.0,0,1.25,0,4.984833689338516,4.867444590474708,40.0,2370.0,1100.0,,0,959338.9218036691,0.0022008404266214442,9923.540961321773,14.30913837926846,25.889457859721617,0,2473621.9916389273,447.35609395910643,496.858558812519,49.50246485341256,-0.48974060401647473,-0.5,-2.051879196705053,,,,,,,,,,,,,,,,,,,,,,,,,,,,,,,,,,,,0
s9_k5ac_a_s06_pos100_tap0_mc499_cpl0_rp4p83548282447_rn4p91934024335_f12370_f21100_a0_dac1p25,K5AC,A,6,0.5,100,0,499,ac,0.0,0.0,0,1.25,0,4.835482824471407,4.919340243345649,40.0,2370.0,1100.0,,0,1014461.1044953966,1.7659862335881675e-05,24.35940447292092,13.765103084631171,25.45094974246232,0,2473621.9916389273,433.5450572699219,503.4670332954083,69.9219760254864,-0.4930656800510646,-0.5,-1.3868639897870794,,,,,,,,,,,,,,,,,,,,,,,,,,,,,,,,,,,,0
s9_k5ac_a_s06_pos100_tap0_mc49_cpl0_rp4p89650450288_rn4p92668320918_f12370_f21100_a0_dac1p25,K5AC,A,6,0.5,100,0,49,ac,0.0,0.0,0,1.25,0,4.896504502883394,4.926683209181735,40.0,2370.0,1100.0,,0,970082.8671317076,1.769711846927026e-05,23.622906626345245,14.44500147441848,26.030254791064326,0,2473621.9916389273,445.89719931068146,504.0378580151014,58.140658704419934,-0.49548798039244507,-0.5,-0.9024039215109858,,,,,,,,,,,,,,,,,,,,,,,,,,,,,,,,,,,,0
s9_k5ac_a_s06_pos100_tap0_mc4_cpl0_rp4p9639242883_rn4p9501632796_f12370_f21100_a0_dac1p25,K5AC,A,6,0.5,100,0,4,ac,0.0,0.0,0,1.25,0,4.963924288299439,4.950163279600443,40.0,2370.0,1100.0,,0,992018.3877167683,0.09452761046243163,47133.89536157831,13.398044916314594,24.880469997222846,0,2473621.9916389273,424.02684307003835,482.1510089388602,58.12416586882182,-0.49221547152588957,-0.5,-1.556905694822086,,,,,,,,,,,,,,,,,,,,,,,,,,,,,,,,,,,,0
s9_k5ac_a_s06_pos100_tap0_mc50_cpl0_rp4p93838286104_rn4p81764389731_f12370_f21100_a0_dac1p25,K5AC,A,6,0.5,100,0,50,ac,0.0,0.0,0,1.25,0,4.938382861036046,4.817643897306691,40.0,2370.0,1100.0,,0,966193.326339027,0.02310504614344214,13489.628825917614,13.669592223944646,25.03880890368476,0,2473621.9916389273,440.16142109989164,482.40022259365236,42.23880149376072,-0.4913615831949186,-0.5,-1.7276833610162745,,,,,,,,,,,,,,,,,,,,,,,,,,,,,,,,,,,,0
s9_k5ac_a_s06_pos100_tap0_mc51_cpl0_rp4p94108494795_rn4p84597086392_f12370_f21100_a0_dac1p25,K5AC,A,6,0.5,100,0,51,ac,0.0,0.0,0,1.25,0,4.941084947954228,4.845970863919445,40.0,2370.0,1100.0,,0,1018982.5826709969,0.005866968083780688,12397.477630290425,13.731244104117108,25.42754979045601,0,2473621.9916389273,434.62052295919085,503.89626797737446,69.27574501818361,-0.49933217936694446,-0.5,-0.13356412661110761,,,,,,,,,,,,,,,,,,,,,,,,,,,,,,,,,,,,0
s9_k5ac_a_s06_pos100_tap0_mc52_cpl0_rp4p90067306704_rn4p92869417858_f12370_f21100_a0_dac1p25,K5AC,A,6,0.5,100,0,52,ac,0.0,0.0,0,1.25,0,4.900673067044964,4.928694178577813,40.0,2370.0,1100.0,,0,1030295.1030423855,0.008504363476705235,12115.276586286842,13.096869744337477,24.551129146842523,0,2473621.9916389273,425.39641400283006,489.6810899644792,64.28467596164916,-0.4836797485954564,-0.5,-3.2640502809087146,,,,,,,,,,,,,,,,,,,,,,,,,,,,,,,,,,,,0
s9_k5ac_a_s06_pos100_tap0_mc53_cpl0_rp4p90671802168_rn4p84604051155_f12370_f21100_a0_dac1p25,K5AC,A,6,0.5,100,0,53,ac,0.0,0.0,0,1.25,0,4.906718021679604,4.846040511552379,40.0,2370.0,1100.0,,0,968410.5422652155,0.0029872829558162998,10880.946292623114,14.079273580181766,25.655084805512793,0,2473621.9916389273,444.08318571422836,493.26913869503846,49.1859529808101,-0.49458025839401826,-0.5,-1.0839483211963485,,,,,,,,,,,,,,,,,,,,,,,,,,,,,,,,,,,,0
s9_k5ac_a_s06_pos100_tap0_mc54_cpl0_rp4p98569420512_rn4p85186384419_f12370_f21100_a0_dac1p25,K5AC,A,6,0.5,100,0,54,ac,0.0,0.0,0,1.25,0,4.985694205117068,4.851863844192985,40.0,2370.0,1100.0,,0,952255.6648800089,0.0036555944965344367,10880.946292623114,13.961845427667322,25.371405493822536,0,2473621.9916389273,446.7307012681306,485.69844031150876,38.967739043378174,-0.5054569198527229,-0.5,1.0913839705445794,,,,,,,,,,,,,,,,,,,,,,,,,,,,,,,,,,,,0
s9_k5ac_a_s06_pos100_tap0_mc55_cpl0_rp4p81692971849_rn4p86324679714_f12370_f21100_a0_dac1p25,K5AC,A,6,0.5,100,0,55,ac,0.0,0.0,0,1.25,0,4.816929718488971,4.86324679713733,40.0,2370.0,1100.0,,0,985428.5475850513,9.385969124165308e-05,5248.074602498104,13.560482429724953,24.90171104213735,0,2473621.9916389273,435.59568459672,485.7062887789393,50.11060418221933,-0.49895283020748976,-0.5,-0.2094339585020477,,,,,,,,,,,,,,,,,,,,,,,,,,,,,,,,,,,,0
s9_k5ac_a_s06_pos100_tap0_mc56_cpl0_rp4p89383174788_rn4p94109310762_f12370_f21100_a0_dac1p25,K5AC,A,6,0.5,100,0,56,ac,0.0,0.0,0,1.25,0,4.893831747878307,4.9410931076228115,40.0,2370.0,1100.0,,0,994207.642934223,0.00980119308251337,12882.495516932364,14.049297875069266,25.634918577059132,0,2473621.9916389273,437.3605978670462,502.4184648562543,65.0578669892081,-0.4925303403633336,-0.5,-1.4939319273332807,,,,,,,,,,,,,,,,,,,,,,,,,,,,,,,,,,,,0
s9_k5ac_a_s06_pos100_tap0_mc57_cpl0_rp4p85647483821_rn4p83451618039_f12370_f21100_a0_dac1p25,K5AC,A,6,0.5,100,0,57,ac,0.0,0.0,0,1.25,0,4.856474838211144,4.834516180392071,40.0,2370.0,1100.0,,0,988857.1050909535,0.05537472931179011,39506.32813983589,13.402789139055415,24.9218055759393,0,2473621.9916389273,432.37757184171056,482.7808121568435,50.40324031513296,-0.498573325889563,-0.5,-0.2853348220874019,,,,,,,,,,,,,,,,,,,,,,,,,,,,,,,,,,,,0
s9_k5ac_a_s06_pos100_tap0_mc58_cpl0_rp4p89346033217_rn4p83607483876_f12370_f21100_a0_dac1p25,K5AC,A,6,0.5,100,0,58,ac,0.0,0.0,0,1.25,0,4.893460332174911,4.836074838764913,40.0,2370.0,1100.0,,0,966164.5448534782,0.014230159396698916,12302.68770812479,14.171149851157695,25.63777640252117,0,2473621.9916389273,444.36208548957313,495.5127864423411,51.15070095276798,-0.4906327294718825,-0.5,-1.8734541056234955,,,,,,,,,,,,,,,,,,,,,,,,,,,,,,,,,,,,0
s9_k5ac_a_s06_pos100_tap0_mc59_cpl0_rp4p82373364137_rn4p91750785234_f12370_f21100_a0_dac1p25,K5AC,A,6,0.5,100,0,59,ac,0.0,0.0,0,1.25,0,4.823733641370459,4.917507852337766,40.0,2370.0,1100.0,,0,982452.777683517,0.048601119082122224,30902.95432513859,13.446294191875658,24.84156388943039,0,2473621.9916389273,441.03474386138424,481.2849752023453,40.25023134096108,-0.49144290905607,-0.5,-1.7114181887859958,,,,,,,,,,,,,,,,,,,,,,,,,,,,,,,,,,,,0
s9_k5ac_a_s06_pos100_tap0_mc5_cpl0_rp4p82480901845_rn4p85891971041_f12370_f21100_a0_dac1p25,K5AC,A,6,0.5,100,0,5,ac,0.0,0.0,0,1.25,0,4.824809018452469,4.858919710414241,40.0,2370.0,1100.0,,0,991830.4078227517,0.00017416080645950324,5248.074602498104,13.786410652890185,25.463167681865162,0,2473621.9916389273,439.98481136090555,495.23670622750575,55.251894866600196,-0.49280486491180137,-0.5,-1.4390270176397268,,,,,,,,,,,,,,,,,,,,,,,,,,,,,,,,,,,,0
s9_k5ac_a_s06_pos100_tap0_mc60_cpl0_rp4p84684747008_rn4p97109424672_f12370_f21100_a0_dac1p25,K5AC,A,6,0.5,100,0,60,ac,0.0,0.0,0,1.25,0,4.846847470081567,4.971094246724969,40.0,2370.0,1100.0,,0,1012292.068117351,0.012360434553338212,13284.136617107572,13.687944842689037,25.436310592591436,0,2473621.9916389273,435.42739928004863,500.29528136671894,64.8678820866703,-0.48743923628902264,-0.5,-2.5121527421954726,,,,,,,,,,,,,,,,,,,,,,,,,,,,,,,,,,,,0
s9_k5ac_a_s06_pos100_tap0_mc61_cpl0_rp4p94483197358_rn4p95053325516_f12370_f21100_a0_dac1p25,K5AC,A,6,0.5,100,0,61,ac,0.0,0.0,0,1.25,0,4.944831973580668,4.950533255157358,40.0,2370.0,1100.0,,0,939077.5086746642,1.7395946198003763e-05,12.686251981032868,13.98477441590974,25.500281452368384,0,2473621.9916389273,405.3358339261865,504.6000342207903,99.26420029460377,-0.5015643968817172,-0.5,0.31287937634343344,,,,,,,,,,,,,,,,,,,,,,,,,,,,,,,,,,,,0
s9_k5ac_a_s06_pos100_tap0_mc62_cpl0_rp4p81530518808_rn4p84368973926_f12370_f21100_a0_dac1p25,K5AC,A,6,0.5,100,0,62,ac,0.0,0.0,0,1.25,0,4.815305188076907,4.843689739264638,40.0,2370.0,1100.0,,0,1018184.6850797947,1.7683556918646758e-05,22.733518989206896,13.689891966521602,25.2836960734371,0,2473621.9916389273,432.289339233425,501.7731600476969,69.4838208142719,-0.4897493478984924,-0.5,-2.0501304203015214,,,,,,,,,,,,,,,,,,,,,,,,,,,,,,,,,,,,0
s9_k5ac_a_s06_pos100_tap0_mc63_cpl0_rp4p92941797896_rn4p92106168524_f12370_f21100_a0_dac1p25,K5AC,A,6,0.5,100,0,63,ac,0.0,0.0,0,1.25,0,4.929417978963851,4.921061685235077,40.0,2370.0,1100.0,,0,1007319.6718077789,0.001112175125804441,8844.365191386672,13.673790360531196,25.135952391287795,0,2473621.9916389273,431.77165598581,497.0686635921203,65.29700760631027,-0.501996621396404,-0.5,0.3993242792807994,,,,,,,,,,,,,,,,,,,,,,,,,,,,,,,,,,,,0
s9_k5ac_a_s06_pos100_tap0_mc64_cpl0_rp4p81847647918_rn4p86125477416_f12370_f21100_a0_dac1p25,K5AC,A,6,0.5,100,0,64,ac,0.0,0.0,0,1.25,0,4.818476479179087,4.861254774161835,40.0,2370.0,1100.0,,0,1002291.9197262012,0.004824645094182327,11393.749492814264,13.782170919363736,25.397545848212808,0,2473621.9916389273,435.17274817027936,499.5125406806657,64.33979251038636,-0.49268230834609444,-0.5,-1.4635383307811112,,,,,,,,,,,,,,,,,,,,,,,,,,,,,,,,,,,,0
s9_k5ac_a_s06_pos100_tap0_mc65_cpl0_rp4p98548728336_rn4p8322453739_f12370_f21100_a0_dac1p25,K5AC,A,6,0.5,100,0,65,ac,0.0,0.0,0,1.25,0,4.985487283362776,4.832245373900748,40.0,2370.0,1100.0,,0,1009671.2866893577,1.7611712365545514e-05,24.173154808041687,14.067696721992236,25.664776117568135,0,2473621.9916389273,434.9438800057334,509.88378340518005,74.93990339944668,-0.5050466588039444,-0.5,1.0093317607888785,,,,,,,,,,,,,,,,,,,,,,,,,,,,,,,,,,,,0
s9_k5ac_a_s06_pos100_tap0_mc66_cpl0_rp4p86891949042_rn4p81968547826_f12370_f21100_a0_dac1p25,K5AC,A,6,0.5,100,0,66,ac,0.0,0.0,0,1.25,0,4.8689194904222814,4.81968547825727,40.0,2370.0,1100.0,,0,977793.7927302367,0.0038406427690682123,9772.372209558862,14.087201151337162,25.525943123901314,0,2473621.9916389273,440.171755683341,496.59908762458707,56.42733194124605,-0.48073683660361544,-0.5,-3.8526326792769128,,,,,,,,,,,,,,,,,,,,,,,,,,,,,,,,,,,,0
s9_k5ac_a_s06_pos100_tap0_mc67_cpl0_rp4p87381940208_rn4p84921330081_f12370_f21100_a0_dac1p25,K5AC,A,6,0.5,100,0,67,ac,0.0,0.0,0,1.25,0,4.873819402079665,4.8492133008067695,40.0,2370.0,1100.0,,0,1065134.440000389,0.001002245133480299,8981.178609607632,12.806119350069814,24.52779988599858,0,2473621.9916389273,420.6111654743482,496.2419487282253,75.6307832538771,-0.49731217332569977,-0.5,-0.5375653348600462,,,,,,,,,,,,,,,,,,,,,,,,,,,,,,,,,,,,0
s9_k5ac_a_s06_pos100_tap0_mc68_cpl0_rp4p93398577308_rn4p85144702565_f12370_f21100_a0_dac1p25,K5AC,A,6,0.5,100,0,68,ac,0.0,0.0,0,1.25,0,4.933985773077202,4.851447025649973,40.0,2370.0,1100.0,,0,958611.5382060681,1.773079103394349e-05,25.50742783711428,14.156675632822376,25.690119060866245,0,2473621.9916389273,446.8420585607667,492.4579101566307,45.615851595864,-0.505506697835035,-0.5,1.101339567006998,,,,,,,,,,,,,,,,,,,,,,,,,,,,,,,,,,,,0
s9_k5ac_a_s06_pos100_tap0_mc69_cpl0_rp4p91143479711_rn4p82654788787_f12370_f21100_a0_dac1p25,K5AC,A,6,0.5,100,0,69,ac,0.0,0.0,0,1.25,0,4.911434797113318,4.8265478878736365,40.0,2370.0,1100.0,,0,977562.4940208783,0.00031175318329087896,6657.839682254856,14.392153653502692,26.120040835242083,0,2473621.9916389273,446.8568640656791,506.7313232030151,59.87445913733603,-0.49196392984382076,-0.5,-1.6072140312358485,,,,,,,,,,,,,,,,,,,,,,,,,,,,,,,,,,,,0
s9_k5ac_a_s06_pos100_tap0_mc6_cpl0_rp4p99017081879_rn4p92930515062_f12370_f21100_a0_dac1p25,K5AC,A,6,0.5,100,0,6,ac,0.0,0.0,0,1.25,0,4.990170818793452,4.929305150616864,40.0,2370.0,1100.0,,0,945573.8347728668,0.0027727853294839426,10633.265716372442,13.941173562250086,25.39818392517693,0,2473621.9916389273,448.904510294253,482.9258179590997,34.02130766484669,-0.49030806935155663,-0.5,-1.938386129688674,,,,,,,,,,,,,,,,,,,,,,,,,,,,,,,,,,,,0
s9_k5ac_a_s06_pos100_tap0_mc70_cpl0_rp4p88881714958_rn4p81017969097_f12370_f21100_a0_dac1p25,K5AC,A,6,0.5,100,0,70,ac,0.0,0.0,0,1.25,0,4.8888171495826835,4.810179690974999,40.0,2370.0,1100.0,,0,995993.7110342279,0.0014661563106626104,9332.543007970628,13.480208437758517,25.057808357311366,0,2473621.9916389273,438.0371754161318,488.2451014433225,50.207926027190695,-0.4917710889004726,-0.5,-1.6457822199054783,,,,,,,,,,,,,,,,,,,,,,,,,,,,,,,,,,,,0
s9_k5ac_a_s06_pos100_tap0_mc71_cpl0_rp4p80947156083_rn4p89461668416_f12370_f21100_a0_dac1p25,K5AC,A,6,0.5,100,0,71,ac,0.0,0.0,0,1.25,0,4.809471560826176,4.894616684158554,40.0,2370.0,1100.0,,0,982366.7493665231,1.7748230480613825e-05,26.9153480392699,13.42354768194889,24.870180383779186,0,2473621.9916389273,439.910129035586,482.0904458967364,42.1803168611504,-0.4922482207867274,-0.5,-1.550355842654516,,,,,,,,,,,,,,,,,,,,,,,,,,,,,,,,,,,,0
s9_k5ac_a_s06_pos100_tap0_mc72_cpl0_rp4p8591984229_rn4p98977652785_f12370_f21100_a0_dac1p25,K5AC,A,6,0.5,100,0,72,ac,0.0,0.0,0,1.25,0,4.859198422902416,4.9897765278485515,40.0,2370.0,1100.0,,0,980857.239158789,0.029826294499297377,13910.198687981645,13.70639224477258,25.13295652332978,0,2473621.9916389273,435.06977851230556,487.76633972882166,52.6965612165161,-0.5053044030969025,-0.5,1.0608806193804998,,,,,,,,,,,,,,,,,,,,,,,,,,,,,,,,,,,,0
s9_k5ac_a_s06_pos100_tap0_mc73_cpl0_rp4p97210393659_rn4p882087731_f12370_f21100_a0_dac1p25,K5AC,A,6,0.5,100,0,73,ac,0.0,0.0,0,1.25,0,4.972103936593898,4.882087730999263,40.0,2370.0,1100.0,,0,1017340.3337165968,0.0003243593796066714,6506.288748656052,13.638368198168484,25.262948061110674,0,2473621.9916389273,433.4782313408,500.67296703461403,67.19473569381404,-0.4833832481141631,-0.5,-3.323350377167378,,,,,,,,,,,,,,,,,,,,,,,,,,,,,,,,,,,,0
s9_k5ac_a_s06_pos100_tap0_mc74_cpl0_rp4p81224899117_rn4p97047798808_f12370_f21100_a0_dac1p25,K5AC,A,6,0.5,100,0,74,ac,0.0,0.0,0,1.25,0,4.812248991171771,4.970477988080208,40.0,2370.0,1100.0,,0,995493.4283728031,1.78392775148615e-05,26.505337179011526,14.077596260352061,25.73963894715527,0,2473621.9916389273,441.052672678615,504.1585026716376,63.10582999302261,-0.4907707438913519,-0.5,-1.845851221729622,,,,,,,,,,,,,,,,,,,,,,,,,,,,,,,,,,,,0
s9_k5ac_a_s06_pos100_tap0_mc75_cpl0_rp4p87408261124_rn4p83842753066_f12370_f21100_a0_dac1p25,K5AC,A,6,0.5,100,0,75,ac,0.0,0.0,0,1.25,0,4.874082611238789,4.838427530657912,40.0,2370.0,1100.0,,0,1025988.9546154848,0.0064365242530265085,9190.3771336333,13.115080409329126,24.702833287278974,0,2473621.9916389273,424.97621425326844,489.5609713841099,64.58475713084147,-0.4980904780516609,-0.5,-0.3819043896678198,,,,,,,,,,,,,,,,,,,,,,,,,,,,,,,,,,,,0
s9_k5ac_a_s06_pos100_tap0_mc76_cpl0_rp4p88235051161_rn4p88834123809_f12370_f21100_a0_dac1p25,K5AC,A,6,0.5,100,0,76,ac,0.0,0.0,0,1.25,0,4.8823505116112305,4.88834123809309,40.0,2370.0,1100.0,,0,964644.7559850636,1.7774820683798293e-05,25.50742783711428,13.316240441421522,24.67320636004063,0,2473621.9916389273,441.3090825495982,473.15150235379593,31.842419804197732,-0.4823642536920035,-0.5,-3.527149261599305,,,,,,,,,,,,,,,,,,,,,,,,,,,,,,,,,,,,0
s9_k5ac_a_s06_pos100_tap0_mc77_cpl0_rp4p94042145621_rn4p95409641466_f12370_f21100_a0_dac1p25,K5AC,A,6,0.5,100,0,77,ac,0.0,0.0,0,1.25,0,4.940421456214767,4.95409641465923,40.0,2370.0,1100.0,,0,951942.4791343077,0.004209955117909919,11220.184543020514,14.348049219539877,25.773019849215164,0,2473621.9916389273,447.3284114343227,493.87714110444637,46.54872967012369,-0.5062299232321854,-0.5,1.2459846464370816,,,,,,,,,,,,,,,,,,,,,,,,,,,,,,,,,,,,0
s9_k5ac_a_s06_pos100_tap0_mc78_cpl0_rp4p86823976616_rn4p87579310451_f12370_f21100_a0_dac1p25,K5AC,A,6,0.5,100,0,78,ac,0.0,0.0,0,1.25,0,4.8682397661630965,4.875793104508594,40.0,2370.0,1100.0,,0,1015403.0966103494,0.004577423456683893,11306.633979497277,13.035164563422404,24.598728847927617,0,2473621.9916389273,429.9753846486246,482.86770652134754,52.89232187272296,-0.49103418473935334,-0.5,-1.7931630521293318,,,,,,,,,,,,,,,,,,,,,,,,,,,,,,,,,,,,0
s9_k5ac_a_s06_pos100_tap0_mc79_cpl0_rp4p89509926023_rn4p88681577062_f12370_f21100_a0_dac1p25,K5AC,A,6,0.5,100,0,79,ac,0.0,0.0,0,1.25,0,4.895099260228807,4.886815770623871,40.0,2370.0,1100.0,,0,988440.297384254,0.0001224121342026267,4749.705326484894,13.414251730228498,24.94082973010172,0,2473621.9916389273,439.53041428527496,484.67000935635707,45.13959507108211,-0.5002087641898059,-0.5,0.04175283796117313,,,,,,,,,,,,,,,,,,,,,,,,,,,,,,,,,,,,0
s9_k5ac_a_s06_pos100_tap0_mc7_cpl0_rp4p9191824958_rn4p94462443839_f12370_f21100_a0_dac1p25,K5AC,A,6,0.5,100,0,7,ac,0.0,0.0,0,1.25,0,4.919182495796655,4.9446244383908775,40.0,2370.0,1100.0,,0,997384.3715757888,0.1189213209503458,50504.87881098046,14.099073916597378,25.71492635619795,0,2473621.9916389273,430.8455484902142,504.01564865472915,73.17010016451496,-0.4972367423407762,-0.5,-0.5526515318447611,,,,,,,,,,,,,,,,,,,,,,,,,,,,,,,,,,,,0
s9_k5ac_a_s06_pos100_tap0_mc80_cpl0_rp4p90407268595_rn4p99116117843_f12370_f21100_a0_dac1p25,K5AC,A,6,0.5,100,0,80,ac,0.0,0.0,0,1.25,0,4.9040726859476464,4.991161178425712,40.0,2370.0,1100.0,,0,1042132.3996078896,1.7788872765441728e-05,24.926807893272443,13.04050549221208,24.66690799230507,0,2473621.9916389273,424.2071813115571,492.38936498057456,68.18218366901743,-0.4953972775588955,-0.5,-0.920544488220898,,,,,,,,,,,,,,,,,,,,,,,,,,,,,,,,,,,,0
s9_k5ac_a_s06_pos100_tap0_mc81_cpl0_rp4p9204357772_rn4p91598929712_f12370_f21100_a0_dac1p25,K5AC,A,6,0.5,100,0,81,ac,0.0,0.0,0,1.25,0,4.920435777199089,4.915989297122961,40.0,2370.0,1100.0,,0,995686.3604736812,1.7770686358111626e-05,23.988329190195547,13.243430664807425,24.646703985837785,0,2473621.9916389273,434.4515184093612,481.66380540888133,47.21228699952013,-0.5032176289476818,-0.5,0.64352578953637,,,,,,,,,,,,,,,,,,,,,,,,,,,,,,,,,,,,0
s9_k5ac_a_s06_pos100_tap0_mc82_cpl0_rp4p83199788371_rn4p83944375677_f12370_f21100_a0_dac1p25,K5AC,A,6,0.5,100,0,82,ac,0.0,0.0,0,1.25,0,4.831997883708647,4.839443756766406,40.0,2370.0,1100.0,,0,1014879.4823368241,0.00044197949181024173,7585.775750292407,14.110441897571441,25.871065048324006,0,2473621.9916389273,435.5252479576683,513.7606661255746,78.23541816790635,-0.49118615286104483,-0.5,-1.7627694277910333,,,,,,,,,,,,,,,,,,,,,,,,,,,,,,,,,,,,0
s9_k5ac_a_s06_pos100_tap0_mc83_cpl0_rp4p98994570318_rn4p92885374731_f12370_f21100_a0_dac1p25,K5AC,A,6,0.5,100,0,83,ac,0.0,0.0,0,1.25,0,4.9899457031827525,4.928853747310462,40.0,2370.0,1100.0,,0,969172.0669039212,0.004498065392608984,11220.184543020514,14.70028331053655,26.394797537139066,0,2473621.9916389273,448.1052549780255,511.0754278627505,62.970172884724946,-0.48993552009255453,-0.5,-2.0128959814890934,,,,,,,,,,,,,,,,,,,,,,,,,,,,,,,,,,,,0
s9_k5ac_a_s06_pos100_tap0_mc84_cpl0_rp4p94962874674_rn4p95231937264_f12370_f21100_a0_dac1p25,K5AC,A,6,0.5,100,0,84,ac,0.0,0.0,0,1.25,0,4.949628746742632,4.9523193726378425,40.0,2370.0,1100.0,,0,943015.3017309977,1.7321583657381654e-05,12.397477630289705,14.123744846142403,25.575203077558115,0,2473621.9916389273,398.7974717106074,510.75283246781316,111.95536075720577,-0.5065314298895925,-0.5,1.3062859779185088,,,,,,,,,,,,,,,,,,,,,,,,,,,,,,,,,,,,0
s9_k5ac_a_s06_pos100_tap0_mc85_cpl0_rp4p99052628228_rn4p95771412663_f12370_f21100_a0_dac1p25,K5AC,A,6,0.5,100,0,85,ac,0.0,0.0,0,1.25,0,4.990526282278525,4.9577141266308535,40.0,2370.0,1100.0,,0,958187.6500348013,1.749926645183222e-05,14.343880772119975,14.142466312790553,25.73649510601065,0,2473621.9916389273,419.91627855670134,506.35360210760786,86.43732355090651,-0.5014840452637522,-0.5,0.29680905275044633,,,,,,,,,,,,,,,,,,,,,,,,,,,,,,,,,,,,0
s9_k5ac_a_s06_pos100_tap0_mc86_cpl0_rp4p81534552746_rn4p95489274822_f12370_f21100_a0_dac1p25,K5AC,A,6,0.5,100,0,86,ac,0.0,0.0,0,1.25,0,4.815345527458427,4.954892748219966,40.0,2370.0,1100.0,,0,976019.0737733404,1.743879424798298e-05,14.125375446227858,14.548228376046463,26.330222639053364,0,2473621.9916389273,418.25642252911985,513.0630120972447,94.80658956812488,-0.4936504968642478,-0.5,-1.2699006271504443,,,,,,,,,,,,,,,,,,,,,,,,,,,,,,,,,,,,0
s9_k5ac_a_s06_pos100_tap0_mc87_cpl0_rp4p80472956662_rn4p84793417503_f12370_f21100_a0_dac1p25,K5AC,A,6,0.5,100,0,87,ac,0.0,0.0,0,1.25,0,4.804729566620188,4.8479341750315745,40.0,2370.0,1100.0,,0,1054749.3163786286,1.7551432821217067e-05,16.468978654829073,13.316127690000343,25.10034038873337,0,2473621.9916389273,405.5235251286104,507.6679798172905,102.14445468868007,-0.501018763083903,-0.5,0.20375261678060586,,,,,,,,,,,,,,,,,,,,,,,,,,,,,,,,,,,,0
s9_k5ac_a_s06_pos100_tap0_mc88_cpl0_rp4p89721161764_rn4p89687305656_f12370_f21100_a0_dac1p25,K5AC,A,6,0.5,100,0,88,ac,0.0,0.0,0,1.25,0,4.897211617639955,4.896873056557508,40.0,2370.0,1100.0,,0,1007948.3158590388,0.003694329219486092,11481.53621496973,13.588586979654535,25.135846082058325,0,2473621.9916389273,435.42689051286663,494.7944985646454,59.367608051778745,-0.48624322217563154,-0.5,-2.751355564873692,,,,,,,,,,,,,,,,,,,,,,,,,,,,,,,,,,,,0
s9_k5ac_a_s06_pos100_tap0_mc89_cpl0_rp4p96618907878_rn4p86040501269_f12370_f21100_a0_dac1p25,K5AC,A,6,0.5,100,0,89,ac,0.0,0.0,0,1.25,0,4.966189078779873,4.860405012692762,40.0,2370.0,1100.0,,0,952814.2939329686,0.00029692683959772667,7025.328989731044,14.270738860190493,25.775367370706558,0,2473621.9916389273,449.06625097402167,493.448234444769,44.38198347074734,-0.4936272980444757,-0.5,-1.2745403911048614,,,,,,,,,,,,,,,,,,,,,,,,,,,,,,,,,,,,0
s9_k5ac_a_s06_pos100_tap0_mc8_cpl0_rp4p96507607737_rn4p86843366932_f12370_f21100_a0_dac1p25,K5AC,A,6,0.5,100,0,8,ac,0.0,0.0,0,1.25,0,4.965076077369363,4.868433669320858,40.0,2370.0,1100.0,,0,970674.6549497966,1.7784811144117895e-05,22.908676527678335,14.060287237402717,25.668458011656345,0,2473621.9916389273,443.98518743438143,494.71729687862023,50.7321094442388,-0.4998436207358707,-0.5,-0.03127585282586276,,,,,,,,,,,,,,,,,,,,,,,,,,,,,,,,,,,,0
s9_k5ac_a_s06_pos100_tap0_mc90_cpl0_rp4p90843644284_rn4p80246070609_f12370_f21100_a0_dac1p25,K5AC,A,6,0.5,100,0,90,ac,0.0,0.0,0,1.25,0,4.908436442841985,4.802460706089642,40.0,2370.0,1100.0,,0,1003723.8679728772,4.284788715686831e-05,1751.1902611405671,13.77374929974896,25.481458400547478,0,2473621.9916389273,438.97181134793135,498.99103984425767,60.01922849632632,-0.4882541571093466,-0.5,-2.349168578130678,,,,,,,,,,,,,,,,,,,,,,,,,,,,,,,,,,,,0
s9_k5ac_a_s06_pos100_tap0_mc91_cpl0_rp4p83038297979_rn4p98626428712_f12370_f21100_a0_dac1p25,K5AC,A,6,0.5,100,0,91,ac,0.0,0.0,0,1.25,0,4.830382979787494,4.986264287124217,40.0,2370.0,1100.0,,0,1030129.0667506851,0.007067101818491444,8190.932242153593,12.936100968837168,24.48769957796522,0,2473621.9916389273,418.2003975694917,485.1703088413789,66.96991127188721,-0.4957060005327548,-0.5,-0.858799893449036,,,,,,,,,,,,,,,,,,,,,,,,,,,,,,,,,,,,0
s9_k5ac_a_s06_pos100_tap0_mc92_cpl0_rp4p81562875086_rn4p85682619388_f12370_f21100_a0_dac1p25,K5AC,A,6,0.5,100,0,92,ac,0.0,0.0,0,1.25,0,4.815628750856108,4.856826193884682,40.0,2370.0,1100.0,,0,1025580.7525168075,0.0030580389015002346,11049.263568488455,13.790716068625109,25.50144861714775,0,2473621.9916389273,432.61808802235856,509.30827768930925,76.69018966695069,-0.49063896579597166,-0.5,-1.872206840805668,,,,,,,,,,,,,,,,,,,,,,,,,,,,,,,,,,,,0
s9_k5ac_a_s06_pos100_tap0_mc93_cpl0_rp4p86363635694_rn4p88328915379_f12370_f21100_a0_dac1p25,K5AC,A,6,0.5,100,0,93,ac,0.0,0.0,0,1.25,0,4.863636356935841,4.883289153789947,40.0,2370.0,1100.0,,0,1041428.0243696442,0.017972123886299186,12686.251981033603,13.380471858677867,25.006439064868122,0,2473621.9916389273,425.49620837188746,502.688341884702,77.19213351281456,-0.4992496917638918,-0.5,-0.15006164722164428,,,,,,,,,,,,,,,,,,,,,,,,,,,,,,,,,,,,0
s9_k5ac_a_s06_pos100_tap0_mc94_cpl0_rp4p92071985605_rn4p82299512814_f12370_f21100_a0_dac1p25,K5AC,A,6,0.5,100,0,94,ac,0.0,0.0,0,1.25,0,4.9207198560453085,4.822995128137165,40.0,2370.0,1100.0,,0,1019431.5607232786,1.7628731842909663e-05,25.31240049595432,13.713977196140851,25.329865719952714,0,2473621.9916389273,432.31117912378124,503.10943698707905,70.7982578632978,-0.49027307175269097,-0.5,-1.945385649461806,,,,,,,,,,,,,,,,,,,,,,,,,,,,,,,,,,,,0
s9_k5ac_a_s06_pos100_tap0_mc95_cpl0_rp4p91235641176_rn4p95100309897_f12370_f21100_a0_dac1p25,K5AC,A,6,0.5,100,0,95,ac,0.0,0.0,0,1.25,0,4.912356411756327,4.951003098965599,40.0,2370.0,1100.0,,0,979191.8376143344,0.024969911258736415,13593.563908786344,13.58581767764823,25.077717251842195,0,2473621.9916389273,438.9285408443232,484.73247268255295,45.803931838229744,-0.4866952481629183,-0.5,-2.660950367416337,,,,,,,,,,,,,,,,,,,,,,,,,,,,,,,,,,,,0
s9_k5ac_a_s06_pos100_tap0_mc96_cpl0_rp4p98887721291_rn4p89671470465_f12370_f21100_a0_dac1p25,K5AC,A,6,0.5,100,0,96,ac,0.0,0.0,0,1.25,0,4.988877212910134,4.8967147046477155,40.0,2370.0,1100.0,,0,958711.1914438644,0.005593491653592625,11930.720363266277,14.311594376300507,25.789637091665625,0,2473621.9916389273,445.58489774358753,496.1198298654712,50.534932121883685,-0.4980632129739611,-0.5,-0.3873574052077777,,,,,,,,,,,,,,,,,,,,,,,,,,,,,,,,,,,,0
s9_k5ac_a_s06_pos100_tap0_mc97_cpl0_rp4p95689485016_rn4p90423819188_f12370_f21100_a0_dac1p25,K5AC,A,6,0.5,100,0,97,ac,0.0,0.0,0,1.25,0,4.956894850161169,4.904238191883401,40.0,2370.0,1100.0,,0,1036701.7560485008,0.0183966824535692,12397.477630290425,12.6840523996298,24.171114305941007,0,2473621.9916389273,422.18280047791063,480.49518023310156,58.31237975519093,-0.49342073989681784,-0.5,-1.3158520206364321,,,,,,,,,,,,,,,,,,,,,,,,,,,,,,,,,,,,0
s9_k5ac_a_s06_pos100_tap0_mc98_cpl0_rp4p87507940839_rn4p96037974902_f12370_f21100_a0_dac1p25,K5AC,A,6,0.5,100,0,98,ac,0.0,0.0,0,1.25,0,4.87507940839033,4.9603797490179335,40.0,2370.0,1100.0,,0,1005727.065934418,0.004785570109032268,11839.499222293953,13.48245367815694,24.979630894797808,0,2473621.9916389273,434.0907864542037,490.46913242013557,56.378345965931885,-0.4920672905043399,-0.5,-1.5865418991320213,,,,,,,,,,,,,,,,,,,,,,,,,,,,,,,,,,,,0
s9_k5ac_a_s06_pos100_tap0_mc99_cpl0_rp4p93584667049_rn4p99418230324_f12370_f21100_a0_dac1p25,K5AC,A,6,0.5,100,0,99,ac,0.0,0.0,0,1.25,0,4.935846670489885,4.994182303244085,40.0,2370.0,1100.0,,0,993804.0582827788,1.771929741190331e-05,23.08518362242823,13.473418184657202,24.972317399601625,0,2473621.9916389273,437.5769753204358,486.2014366786896,48.624461358253825,-0.48946828573143447,-0.5,-2.1063428537131057,,,,,,,,,,,,,,,,,,,,,,,,,,,,,,,,,,,,0
s9_k5ac_a_s06_pos100_tap0_mc9_cpl0_rp4p98797808192_rn4p9062057733_f12370_f21100_a0_dac1p25,K5AC,A,6,0.5,100,0,9,ac,0.0,0.0,0,1.25,0,4.987978081923813,4.906205773299968,40.0,2370.0,1100.0,,0,1034144.8768345391,1.767744621358245e-05,24.35940447292092,12.938069073547883,24.453061232250644,0,2473621.9916389273,426.4695777974215,487.7888022715656,61.31922447414411,-0.4981601266494514,-0.5,-0.3679746701097164,,,,,,,,,,,,,,,,,,,,,,,,,,,,,,,,,,,,0
s9_k5ac_a_s09_pos100_tap3_mc0_cpl0_rp4p9844424025_rn4p84719952244_f12370_f21100_a0_dac1p25,K5AC,A,9,5.0,100,3,0,ac,0.0,0.0,0,1.25,0,4.984442402501529,4.847199522437094,40.0,2370.0,1100.0,,0,1001973.265666797,2.703172878474991e-05,4860.340175990565,13.271087565116673,24.80716893563029,0,2473621.9916389273,435.01056938024215,485.40029979402306,50.38973041378091,-0.04802753804666766,-0.05,-3.944923906664688,,,,,,,,,,,,,,,,,,,,,,,,,,,,,,,,,,,,0
s9_k5ac_a_s09_pos100_tap3_mc100_cpl0_rp4p85918728673_rn4p85296983013_f12370_f21100_a0_dac1p25,K5AC,A,9,5.0,100,3,100,ac,0.0,0.0,0,1.25,0,4.859187286732117,4.852969830130256,40.0,2370.0,1100.0,,0,1014215.745942474,1.944454449654485e-05,655.6418494180147,13.769023819164529,25.41738257561215,0,2473621.9916389273,436.4747155166052,504.10511490961017,67.63039939300495,-0.04939510775906297,-0.05,-1.2097844818740544,,,,,,,,,,,,,,,,,,,,,,,,,,,,,,,,,,,,0
s9_k5ac_a_s09_pos100_tap3_mc101_cpl0_rp4p92114416875_rn4p93251453173_f12370_f21100_a0_dac1p25,K5AC,A,9,5.0,100,3,101,ac,0.0,0.0,0,1.25,0,4.921144168752844,4.9325145317305,40.0,2370.0,1100.0,,0,1025713.8310421936,0.14562922580177076,56667.40605820434,13.56920158479922,25.148126102766206,0,2473621.9916389273,415.2209127708528,500.69529053881945,85.47437776796664,-0.04887731950745393,-0.05,-2.2453609850921485,,,,,,,,,,,,,,,,,,,,,,,,,,,,,,,,,,,,0
s9_k5ac_a_s09_pos100_tap3_mc102_cpl0_rp4p8407269707_rn4p90041833888_f12370_f21100_a0_dac1p25,K5AC,A,9,5.0,100,3,102,ac,0.0,0.0,0,1.25,0,4.840726970704301,4.900418338883661,40.0,2370.0,1100.0,,0,973176.7907166204,0.00010406182088525869,5168.128856326406,14.036036627694845,25.670351481103328,0,2473621.9916389273,445.65825255344413,495.17966846069476,49.52141590725063,-0.049207101106689875,-0.05,-1.5857977866202577,,,,,,,,,,,,,,,,,,,,,,,,,,,,,,,,,,,,0
s9_k5ac_a_s09_pos100_tap3_mc103_cpl0_rp4p92039929382_rn4p93280884376_f12370_f21100_a0_dac1p25,K5AC,A,9,5.0,100,3,103,ac,0.0,0.0,0,1.25,0,4.920399293820216,4.932808843759211,40.0,2370.0,1100.0,,0,1035705.2084363962,0.001624868312108318,10232.929922808335,13.168309729462182,24.715961701111897,0,2473621.9916389273,427.99217870399724,495.6667349906063,67.67455628660906,-0.04987655452855016,-0.05,-0.24689094289969127,,,,,,,,,,,,,,,,,,,,,,,,,,,,,,,,,,,,0
s9_k5ac_a_s09_pos100_tap3_mc104_cpl0_rp4p96672224013_rn4p89966174409_f12370_f21100_a0_dac1p25,K5AC,A,9,5.0,100,3,104,ac,0.0,0.0,0,1.25,0,4.966722240131348,4.899661744085006,40.0,2370.0,1100.0,,0,1005541.7010735343,0.0002458345811615833,6709.137099554609,13.695922911808925,25.253519160476763,0,2473621.9916389273,435.27736007633115,497.5718428249731,62.29448274864194,-0.048534471930899555,-0.05,-2.9310561382008937,,,,,,,,,,,,,,,,,,,,,,,,,,,,,,,,,,,,0
s9_k5ac_a_s09_pos100_tap3_mc105_cpl0_rp4p84375365941_rn4p9045927206_f12370_f21100_a0_dac1p25,K5AC,A,9,5.0,100,3,105,ac,0.0,0.0,0,1.25,0,4.8437536594097,4.904592720598521,40.0,2370.0,1100.0,,0,1064645.180995824,0.0038918498716806367,11748.97554939622,12.892841738515179,24.481199954233674,0,2473621.9916389273,421.3694461208464,498.21662528183987,76.84717916099345,-0.04915522664977493,-0.05,-1.6895467004501397,,,,,,,,,,,,,,,,,,,,,,,,,,,,,,,,,,,,0
s9_k5ac_a_s09_pos100_tap3_mc106_cpl0_rp4p92012976805_rn4p93835919917_f12370_f21100_a0_dac1p25,K5AC,A,9,5.0,100,3,106,ac,0.0,0.0,0,1.25,0,4.92012976804918,4.938359199166201,40.0,2370.0,1100.0,,0,1008874.4729423231,1.769164584104259e-05,23.80491673125578,13.747828412649103,25.310376335344507,0,2473621.9916389273,435.2286357986804,500.8575647820947,65.62892898341431,-0.0491583903146182,-0.05,-1.6832193707636,,,,,,,,,,,,,,,,,,,,,,,,,,,,,,,,,,,,0
s9_k5ac_a_s09_pos100_tap3_mc107_cpl0_rp4p90582543511_rn4p83419667144_f12370_f21100_a0_dac1p25,K5AC,A,9,5.0,100,3,107,ac,0.0,0.0,0,1.25,0,4.905825435114754,4.834196671439539,40.0,2370.0,1100.0,,0,983144.3697728295,0.2088776047332991,58884.365535564335,13.836427556973685,25.326407791679166,0,2473621.9916389273,404.6113667730347,491.31101065909985,86.69964388606513,-0.04876273850092148,-0.05,-2.474522998157047,,,,,,,,,,,,,,,,,,,,,,,,,,,,,,,,,,,,0
s9_k5ac_a_s09_pos100_tap3_mc108_cpl0_rp4p91359279791_rn4p87505767384_f12370_f21100_a0_dac1p25,K5AC,A,9,5.0,100,3,108,ac,0.0,0.0,0,1.25,0,4.913592797910243,4.875057673836121,40.0,2370.0,1100.0,,0,993239.4021397206,1.7728357086029342e-05,22.046179206362424,14.102760885557334,25.746263131316628,0,2473621.9916389273,440.7614503328973,504.8024622200071,64.04101188710979,-0.049737013371653316,-0.05,-0.5259732566933684,,,,,,,,,,,,,,,,,,,,,,,,,,,,,,,,,,,,0
s9_k5ac_a_s09_pos100_tap3_mc109_cpl0_rp4p82924750101_rn4p86687646339_f12370_f21100_a0_dac1p25,K5AC,A,9,5.0,100,3,109,ac,0.0,0.0,0,1.25,0,4.8292475010116025,4.866876463390133,40.0,2370.0,1100.0,,0,1029632.9272489463,0.006011622435628246,12492.997891188323,13.43382838138498,25.099581816772023,0,2473621.9916389273,429.9183078290084,500.107830378425,70.18952254941655,-0.04967696762424371,-0.05,-0.6460647515125872,,,,,,,,,,,,,,,,,,,,,,,,,,,,,,,,,,,,0
s9_k5ac_a_s09_pos100_tap3_mc10_cpl0_rp4p80977508378_rn4p87988575949_f12370_f21100_a0_dac1p25,K5AC,A,9,5.0,100,3,10,ac,0.0,0.0,0,1.25,0,4.809775083776429,4.879885759487983,40.0,2370.0,1100.0,,0,1025619.0328874189,0.0032233760059855792,11659.144011799235,13.622644956698503,25.214056972463073,0,2473621.9916389273,430.14932277001765,503.3745413466431,73.22521857662548,-0.049664806761192795,-0.05,-0.6703864776144153,,,,,,,,,,,,,,,,,,,,,,,,,,,,,,,,,,,,0
s9_k5ac_a_s09_pos100_tap3_mc110_cpl0_rp4p99198766562_rn4p92434456387_f12370_f21100_a0_dac1p25,K5AC,A,9,5.0,100,3,110,ac,0.0,0.0,0,1.25,0,4.9919876656183435,4.924344563871135,40.0,2370.0,1100.0,,0,1036576.7217348457,1.768965593222437e-05,23.08518362242823,13.132578703115554,24.59935529284851,0,2473621.9916389273,425.93989249225564,493.67407726476375,67.73418477250812,-0.04938308864120813,-0.05,-1.2338227175837546,,,,,,,,,,,,,,,,,,,,,,,,,,,,,,,,,,,,0
s9_k5ac_a_s09_pos100_tap3_mc111_cpl0_rp4p82611353312_rn4p86150940778_f12370_f21100_a0_dac1p25,K5AC,A,9,5.0,100,3,111,ac,0.0,0.0,0,1.25,0,4.826113533124238,4.861509407777478,40.0,2370.0,1100.0,,0,981796.6395885856,0.02810431599354283,12783.997194631253,14.261113598401693,25.97197419704831,0,2473621.9916389273,444.40741519418975,505.38253872410246,60.97512352991271,-0.050477491120868793,-0.05,0.9549822417375786,,,,,,,,,,,,,,,,,,,,,,,,,,,,,,,,,,,,0
s9_k5ac_a_s09_pos100_tap3_mc112_cpl0_rp4p88511874725_rn4p980220806_f12370_f21100_a0_dac1p25,K5AC,A,9,5.0,100,3,112,ac,0.0,0.0,0,1.25,0,4.885118747254004,4.980220805996054,40.0,2370.0,1100.0,,0,974652.703965154,0.005515026098506325,23085.18362242957,13.812703650598355,25.41767008275518,0,2473621.9916389273,442.9115594171626,490.31205923333215,47.40049981616954,-0.04903170360608902,-0.05,-1.9365927878219558,,,,,,,,,,,,,,,,,,,,,,,,,,,,,,,,,,,,0
s9_k5ac_a_s09_pos100_tap3_mc113_cpl0_rp4p90002746548_rn4p85282848452_f12370_f21100_a0_dac1p25,K5AC,A,9,5.0,100,3,113,ac,0.0,0.0,0,1.25,0,4.900027465477874,4.852828484519198,40.0,2370.0,1100.0,,0,980099.1712216215,0.03782574476525803,32859.93247600942,13.77969920402177,25.425327620183428,0,2473621.9916389273,444.5141241326417,490.8291911460977,46.31506701345597,-0.049687279426874016,-0.05,-0.6254411462519704,,,,,,,,,,,,,,,,,,,,,,,,,,,,,,,,,,,,0
s9_k5ac_a_s09_pos100_tap3_mc114_cpl0_rp4p93365385003_rn4p86413831942_f12370_f21100_a0_dac1p25,K5AC,A,9,5.0,100,3,114,ac,0.0,0.0,0,1.25,0,4.93365385002722,4.864138319422693,40.0,2370.0,1100.0,,0,984184.8935887038,1.7802714992477937e-05,24.173154808041687,13.895492762778327,25.45016359075523,0,2473621.9916389273,439.33126183380057,496.29696327377707,56.9657014399765,-0.04910485193894126,-0.05,-1.790296122117474,,,,,,,,,,,,,,,,,,,,,,,,,,,,,,,,,,,,0
s9_k5ac_a_s09_pos100_tap3_mc115_cpl0_rp4p81012700746_rn4p84166406041_f12370_f21100_a0_dac1p25,K5AC,A,9,5.0,100,3,115,ac,0.0,0.0,0,1.25,0,4.810127007461495,4.841664060408574,40.0,2370.0,1100.0,,0,979421.4187434477,0.017630721772326524,12686.251981033603,13.48944428852191,24.92829854245153,0,2473621.9916389273,439.40103901512083,483.4147717030939,44.01373268797306,-0.048406531414885,-0.05,-3.1869371702300087,,,,,,,,,,,,,,,,,,,,,,,,,,,,,,,,,,,,0
s9_k5ac_a_s09_pos100_tap3_mc116_cpl0_rp4p92258035934_rn4p98840519069_f12370_f21100_a0_dac1p25,K5AC,A,9,5.0,100,3,116,ac,0.0,0.0,0,1.25,0,4.922580359338926,4.988405190694473,40.0,2370.0,1100.0,,0,973421.718234436,0.007170091128769206,11569.999317503021,14.146559534933898,25.723047878014352,0,2473621.9916389273,444.42700448943646,498.2791563888611,53.852151899424655,-0.048904111564833444,-0.05,-2.1917768703331175,,,,,,,,,,,,,,,,,,,,,,,,,,,,,,,,,,,,0
s9_k5ac_a_s09_pos100_tap3_mc117_cpl0_rp4p96130097874_rn4p9181603723_f12370_f21100_a0_dac1p25,K5AC,A,9,5.0,100,3,117,ac,0.0,0.0,0,1.25,0,4.961300978744207,4.918160372304763,40.0,2370.0,1100.0,,0,1013510.0821187636,1.76839051597298e-05,22.733518989206896,13.800905028038024,25.47675047430203,0,2473621.9916389273,435.04705434741635,504.96392469882784,69.91687035141149,-0.049956919848449875,-0.05,-0.0861603031002578,,,,,,,,,,,,,,,,,,,,,,,,,,,,,,,,,,,,0
s9_k5ac_a_s09_pos100_tap3_mc118_cpl0_rp4p86723481232_rn4p91570768746_f12370_f21100_a0_dac1p25,K5AC,A,9,5.0,100,3,118,ac,0.0,0.0,0,1.25,0,4.867234812322484,4.9157076874611025,40.0,2370.0,1100.0,,0,946439.3084514946,0.0008075111806230933,8190.932242153593,14.562862302726643,26.22856910693486,0,2473621.9916389273,453.64244436092457,500.2606324953614,46.61818813443682,-0.04900196536845265,-0.05,-1.996069263094702,,,,,,,,,,,,,,,,,,,,,,,,,,,,,,,,,,,,0
s9_k5ac_a_s09_pos100_tap3_mc119_cpl0_rp4p90847958678_rn4p94708902258_f12370_f21100_a0_dac1p25,K5AC,A,9,5.0,100,3,119,ac,0.0,0.0,0,1.25,0,4.9084795867817945,4.947089022579152,40.0,2370.0,1100.0,,0,964676.7398739103,0.005809420198059109,12397.477630290425,14.032030869192521,25.443213927644592,0,2473621.9916389273,442.6179821345614,491.2874933363408,48.669511201779414,-0.04920564379570419,-0.05,-1.5887124085916193,,,,,,,,,,,,,,,,,,,,,,,,,,,,,,,,,,,,0
s9_k5ac_a_s09_pos100_tap3_mc11_cpl0_rp4p81403429595_rn4p86073426048_f12370_f21100_a0_dac1p25,K5AC,A,9,5.0,100,3,11,ac,0.0,0.0,0,1.25,0,4.814034295954164,4.860734260482612,40.0,2370.0,1100.0,,0,1009480.0616916348,0.00045639241583798803,7703.120057972726,13.536001234398357,25.139772555404065,0,2473621.9916389273,433.3715542593521,495.1427936843571,61.771239425005035,-0.048334595770629006,-0.05,-3.330808458741996,,,,,,,,,,,,,,,,,,,,,,,,,,,,,,,,,,,,0
s9_k5ac_a_s09_pos100_tap3_mc120_cpl0_rp4p93906018383_rn4p85236494221_f12370_f21100_a0_dac1p25,K5AC,A,9,5.0,100,3,120,ac,0.0,0.0,0,1.25,0,4.939060183833369,4.852364942205818,40.0,2370.0,1100.0,,0,992054.7455059036,0.004133692819760409,11659.144011799235,13.715858839089758,25.18080294386682,0,2473621.9916389273,437.75247065365363,492.49576583871226,54.74329518505863,-0.04938932296279826,-0.05,-1.2213540744034912,,,,,,,,,,,,,,,,,,,,,,,,,,,,,,,,,,,,0
s9_k5ac_a_s09_pos100_tap3_mc121_cpl0_rp4p82168351776_rn4p88631659153_f12370_f21100_a0_dac1p25,K5AC,A,9,5.0,100,3,121,ac,0.0,0.0,0,1.25,0,4.821683517762753,4.886316591525253,40.0,2370.0,1100.0,,0,987364.2888468503,1.7702105089013783e-05,23.988329190195547,14.360180712765102,26.04998423169026,0,2473621.9916389273,443.393058952718,509.10581714528325,65.71275819256527,-0.04932275520202915,-0.05,-1.3544895959416992,,,,,,,,,,,,,,,,,,,,,,,,,,,,,,,,,,,,0
s9_k5ac_a_s09_pos100_tap3_mc122_cpl0_rp4p87332779102_rn4p98320984985_f12370_f21100_a0_dac1p25,K5AC,A,9,5.0,100,3,122,ac,0.0,0.0,0,1.25,0,4.87332779101636,4.983209849847075,40.0,2370.0,1100.0,,0,978839.6580087028,0.0019555312062540446,10154.68992433159,14.39584331287007,26.142124289137744,0,2473621.9916389273,447.00728206068743,508.1298706916706,61.12258863098316,-0.049458603467705406,-0.05,-1.0827930645891937,,,,,,,,,,,,,,,,,,,,,,,,,,,,,,,,,,,,0
s9_k5ac_a_s09_pos100_tap3_mc123_cpl0_rp4p93802185779_rn4p87359583326_f12370_f21100_a0_dac1p25,K5AC,A,9,5.0,100,3,123,ac,0.0,0.0,0,1.25,0,4.938021857791068,4.873595833259847,40.0,2370.0,1100.0,,0,962896.7180907282,0.002884710480744032,10633.265716372442,14.489014583704263,26.034395278317913,0,2473621.9916389273,449.08916612383405,502.6512838699213,53.56211774608727,-0.05021609483861518,-0.05,0.4321896772303546,,,,,,,,,,,,,,,,,,,,,,,,,,,,,,,,,,,,0
s9_k5ac_a_s09_pos100_tap3_mc124_cpl0_rp4p93182421472_rn4p96637895535_f12370_f21100_a0_dac1p25,K5AC,A,9,5.0,100,3,124,ac,0.0,0.0,0,1.25,0,4.931824214724982,4.966378955354066,40.0,2370.0,1100.0,,0,989390.9729748961,0.0012107163929785073,9623.506263981628,13.583815173998076,24.981529418081657,0,2473621.9916389273,436.79956507466574,488.8211952784928,52.021630203827044,-0.04938245736807223,-0.05,-1.2350852638555398,,,,,,,,,,,,,,,,,,,,,,,,,,,,,,,,,,,,0
s9_k5ac_a_s09_pos100_tap3_mc125_cpl0_rp4p85982138726_rn4p95505701389_f12370_f21100_a0_dac1p25,K5AC,A,9,5.0,100,3,125,ac,0.0,0.0,0,1.25,0,4.859821387255269,4.955057013894097,40.0,2370.0,1100.0,,0,958211.6662444194,0.11846145986124229,45012.52062061742,14.12713838711352,25.575782433071378,0,2473621.9916389273,440.5848236595407,489.9557028168811,49.370879157340426,-0.04962660157823943,-0.05,-0.746796843521147,,,,,,,,,,,,,,,,,,,,,,,,,,,,,,,,,,,,0
s9_k5ac_a_s09_pos100_tap3_mc126_cpl0_rp4p86915861907_rn4p92980098716_f12370_f21100_a0_dac1p25,K5AC,A,9,5.0,100,3,126,ac,0.0,0.0,0,1.25,0,4.869158619071663,4.929800987164194,40.0,2370.0,1100.0,,0,964067.4272911226,0.025036399254947002,12783.997194631253,13.819537954965428,25.213562543585855,0,2473621.9916389273,441.0079590648356,486.00160674961757,44.99364768478199,-0.04954593539209929,-0.05,-0.9081292158014231,,,,,,,,,,,,,,,,,,,,,,,,,,,,,,,,,,,,0
s9_k5ac_a_s09_pos100_tap3_mc127_cpl0_rp4p94799692892_rn4p89786034915_f12370_f21100_a0_dac1p25,K5AC,A,9,5.0,100,3,127,ac,0.0,0.0,0,1.25,0,4.947996928921808,4.897860349152504,40.0,2370.0,1100.0,,0,1065320.1481454503,1.7831110561313406e-05,398.1071705535173,12.851351763837311,24.53733860450852,0,2473621.9916389273,421.0370821381565,498.165476341028,77.1283942028715,-0.04943011896045611,-0.05,-1.1397620790877805,,,,,,,,,,,,,,,,,,,,,,,,,,,,,,,,,,,,0
s9_k5ac_a_s09_pos100_tap3_mc128_cpl0_rp4p896603987_rn4p82852263541_f12370_f21100_a0_dac1p25,K5AC,A,9,5.0,100,3,128,ac,0.0,0.0,0,1.25,0,4.896603987000213,4.828522635408777,40.0,2370.0,1100.0,,0,992109.2268918757,0.035591971338106695,36307.80547701334,13.484112297066034,25.010462748314378,0,2473621.9916389273,434.46815866559143,486.30467578991374,51.83651712432231,-0.04960480338611754,-0.05,-0.7903932277649295,,,,,,,,,,,,,,,,,,,,,,,,,,,,,,,,,,,,0
s9_k5ac_a_s09_pos100_tap3_mc129_cpl0_rp4p81174207234_rn4p89100641234_f12370_f21100_a0_dac1p25,K5AC,A,9,5.0,100,3,129,ac,0.0,0.0,0,1.25,0,4.81174207233888,4.891006412336964,40.0,2370.0,1100.0,,0,1004380.9929587957,0.015413566013757917,13182.567385565122,13.723535982451782,25.209909734706354,0,2473621.9916389273,433.4785030615969,497.2579312855444,63.77942822394749,-0.04976465172806372,-0.05,-0.4706965438725619,,,,,,,,,,,,,,,,,,,,,,,,,,,,,,,,,,,,0
s9_k5ac_a_s09_pos100_tap3_mc12_cpl0_rp4p91919084993_rn4p83952044191_f12370_f21100_a0_dac1p25,K5AC,A,9,5.0,100,3,12,ac,0.0,0.0,0,1.25,0,4.9191908499269505,4.839520441911695,40.0,2370.0,1100.0,,0,1024985.2812108073,1.7658585985500364e-05,23.08518362242823,13.639890951558947,25.240228097165424,0,2473621.9916389273,431.5900721048489,504.43261608841703,72.84254398356813,-0.0493429105204388,-0.05,-1.314178959122403,,,,,,,,,,,,,,,,,,,,,,,,,,,,,,,,,,,,0
s9_k5ac_a_s09_pos100_tap3_mc130_cpl0_rp4p85501338975_rn4p96252654024_f12370_f21100_a0_dac1p25,K5AC,A,9,5.0,100,3,130,ac,0.0,0.0,0,1.25,0,4.85501338974774,4.962526540242999,40.0,2370.0,1100.0,,0,993640.7723762038,1.7760300879194714e-05,20.106354402585385,13.62493323832269,25.17283542348618,0,2473621.9916389273,427.0566600983808,491.9486356415858,64.89197554320498,-0.0506966047948892,-0.05,1.3932095897783991,,,,,,,,,,,,,,,,,,,,,,,,,,,,,,,,,,,,0
s9_k5ac_a_s09_pos100_tap3_mc131_cpl0_rp4p8967242161_rn4p94469868095_f12370_f21100_a0_dac1p25,K5AC,A,9,5.0,100,3,131,ac,0.0,0.0,0,1.25,0,4.8967242160962146,4.944698680946013,40.0,2370.0,1100.0,,0,1022819.3587151574,1.7729182459937915e-05,22.216040919558694,13.228134363617817,24.865808699398894,0,2473621.9916389273,431.3414610072116,492.339913362914,60.9984523557024,-0.049559462415706336,-0.05,-0.8810751685873308,,,,,,,,,,,,,,,,,,,,,,,,,,,,,,,,,,,,0
s9_k5ac_a_s09_pos100_tap3_mc132_cpl0_rp4p80935322722_rn4p97553544082_f12370_f21100_a0_dac1p25,K5AC,A,9,5.0,100,3,132,ac,0.0,0.0,0,1.25,0,4.8093532272229425,4.975535440822829,40.0,2370.0,1100.0,,0,1050593.1930857438,2.9040183955910735e-05,1560.7499630922077,12.934610461648,24.50134322314173,0,2473621.9916389273,422.84272750727456,494.1558108478404,71.31308334056587,-0.04992824745625948,-0.05,-0.14350508748105506,,,,,,,,,,,,,,,,,,,,,,,,,,,,,,,,,,,,0
s9_k5ac_a_s09_pos100_tap3_mc133_cpl0_rp4p91180058942_rn4p9663359003_f12370_f21100_a0_dac1p25,K5AC,A,9,5.0,100,3,133,ac,0.0,0.0,0,1.25,0,4.911800589417648,4.966335900304529,40.0,2370.0,1100.0,,0,1002676.3854721729,0.0004363023193551806,7356.422544596963,13.658748740098257,25.320454956026367,0,2473621.9916389273,437.3313199860368,495.32145185209833,57.99013186606152,-0.049444374219198194,-0.05,-1.1112515616036212,,,,,,,,,,,,,,,,,,,,,,,,,,,,,,,,,,,,0
s9_k5ac_a_s09_pos100_tap3_mc134_cpl0_rp4p84727441152_rn4p93179886146_f12370_f21100_a0_dac1p25,K5AC,A,9,5.0,100,3,134,ac,0.0,0.0,0,1.25,0,4.847274411519917,4.931798861456543,40.0,2370.0,1100.0,,0,1006877.9162860392,1.7731346082342285e-05,24.73621991638688,13.264620489760963,24.555688073395284,0,2473621.9916389273,428.5045482404441,485.3605111901733,56.855962949729246,-0.04941020521248883,-0.05,-1.179589575022344,,,,,,,,,,,,,,,,,,,,,,,,,,,,,,,,,,,,0
s9_k5ac_a_s09_pos100_tap3_mc135_cpl0_rp4p96566735305_rn4p98672133428_f12370_f21100_a0_dac1p25,K5AC,A,9,5.0,100,3,135,ac,0.0,0.0,0,1.25,0,4.965667353051266,4.98672133428323,40.0,2370.0,1100.0,,0,982668.9426136202,1.7725251396686783e-05,24.35940447292092,13.472966495497065,24.82257312672987,0,2473621.9916389273,436.27145482057034,483.10160029614343,46.83014547557309,-0.049461070343028365,-0.05,-1.0778593139432746,,,,,,,,,,,,,,,,,,,,,,,,,,,,,,,,,,,,0
s9_k5ac_a_s09_pos100_tap3_mc136_cpl0_rp4p95839821386_rn4p99312383553_f12370_f21100_a0_dac1p25,K5AC,A,9,5.0,100,3,136,ac,0.0,0.0,0,1.25,0,4.95839821385987,4.993123835529475,40.0,2370.0,1100.0,,0,996991.7566171411,1.7923692723705205e-05,584.3414133735489,13.590942132686754,24.983761697399956,0,2473621.9916389273,434.396201596382,492.0279351243689,57.63173352798691,-0.050945124943920804,-0.05,1.8902498878416107,,,,,,,,,,,,,,,,,,,,,,,,,,,,,,,,,,,,0
s9_k5ac_a_s09_pos100_tap3_mc137_cpl0_rp4p87926539564_rn4p96140284038_f12370_f21100_a0_dac1p25,K5AC,A,9,5.0,100,3,137,ac,0.0,0.0,0,1.25,0,4.879265395643575,4.961402840377342,40.0,2370.0,1100.0,,0,966260.9053050209,0.009710795227191316,12783.997194631253,13.715162054732009,25.033290891368367,0,2473621.9916389273,440.5659067731457,483.7535309968351,43.1876242236894,-0.04940235553399566,-0.05,-1.1952889320086757,,,,,,,,,,,,,,,,,,,,,,,,,,,,,,,,,,,,0
s9_k5ac_a_s09_pos100_tap3_mc138_cpl0_rp4p97932660215_rn4p9286091668_f12370_f21100_a0_dac1p25,K5AC,A,9,5.0,100,3,138,ac,0.0,0.0,0,1.25,0,4.979326602154579,4.9286091668046845,40.0,2370.0,1100.0,,0,980419.9747164715,0.009965088064672407,12492.997891188323,13.93082824934879,25.599071631946682,0,2473621.9916389273,443.33564151375055,495.5504970854367,52.214855571686144,-0.04835623250212489,-0.05,-3.28753499575023,,,,,,,,,,,,,,,,,,,,,,,,,,,,,,,,,,,,0
s9_k5ac_a_s09_pos100_tap3_mc139_cpl0_rp4p90121338316_rn4p97484744683_f12370_f21100_a0_dac1p25,K5AC,A,9,5.0,100,3,139,ac,0.0,0.0,0,1.25,0,4.901213383164669,4.974847446832431,40.0,2370.0,1100.0,,0,1002204.7120101149,1.7792263054215117e-05,24.926807893272443,13.590123545364044,25.162014446909374,0,2473621.9916389273,436.04663871256616,494.95937831008115,58.912739597514985,-0.04918885311612248,-0.05,-1.6222937677550453,,,,,,,,,,,,,,,,,,,,,,,,,,,,,,,,,,,,0
s9_k5ac_a_s09_pos100_tap3_mc13_cpl0_rp4p91427790823_rn4p93463710581_f12370_f21100_a0_dac1p25,K5AC,A,9,5.0,100,3,13,ac,0.0,0.0,0,1.25,0,4.914277908230624,4.934637105812456,40.0,2370.0,1100.0,,0,1004920.9853096664,0.00918153308134508,12882.495516932364,13.350080532756277,24.92294413639177,0,2473621.9916389273,433.2708204128491,489.1508354825885,55.880015069739386,-0.05039709875803094,-0.05,0.7941975160618675,,,,,,,,,,,,,,,,,,,,,,,,,,,,,,,,,,,,0
s9_k5ac_a_s09_pos100_tap3_mc140_cpl0_rp4p85254918843_rn4p8502021529_f12370_f21100_a0_dac1p25,K5AC,A,9,5.0,100,3,140,ac,0.0,0.0,0,1.25,0,4.8525491884265115,4.8502021528972366,40.0,2370.0,1100.0,,0,991533.5960369802,3.3716675743365866e-05,2550.742783711527,13.76901105123095,25.270766036177346,0,2473621.9916389273,438.4017088284852,494.8841118441452,56.48240301566,-0.04970588920160832,-0.05,-0.588221596783356,,,,,,,,,,,,,,,,,,,,,,,,,,,,,,,,,,,,0
s9_k5ac_a_s09_pos100_tap3_mc141_cpl0_rp4p89492282845_rn4p91685348832_f12370_f21100_a0_dac1p25,K5AC,A,9,5.0,100,3,141,ac,0.0,0.0,0,1.25,0,4.894922828448854,4.91685348831504,40.0,2370.0,1100.0,,0,1029173.6313938387,0.002247554032293809,10391.2230383525,13.203898866577216,24.79649049604481,0,2473621.9916389273,429.87673310975526,492.90375344615126,63.02702033639599,-0.04903500981342259,-0.05,-1.929980373154827,,,,,,,,,,,,,,,,,,,,,,,,,,,,,,,,,,,,0
s9_k5ac_a_s09_pos100_tap3_mc142_cpl0_rp4p90395176581_rn4p87504253596_f12370_f21100_a0_dac1p25,K5AC,A,9,5.0,100,3,142,ac,0.0,0.0,0,1.25,0,4.90395176580954,4.875042535962196,40.0,2370.0,1100.0,,0,964575.5337611588,0.004554435447629673,10715.1930523769,14.045895024546356,25.658319344750513,0,2473621.9916389273,447.8058680342954,493.71766736305256,45.91179932875718,-0.048984751384316835,-0.05,-2.030497231366335,,,,,,,,,,,,,,,,,,,,,,,,,,,,,,,,,,,,0
s9_k5ac_a_s09_pos100_tap3_mc143_cpl0_rp4p90228050802_rn4p95802414624_f12370_f21100_a0_dac1p25,K5AC,A,9,5.0,100,3,143,ac,0.0,0.0,0,1.25,0,4.902280508021619,4.958024146237914,40.0,2370.0,1100.0,,0,948670.0699296497,1.749133100745043e-05,12.98175275049877,14.586154806977486,26.14882160641291,0,2473621.9916389273,409.75172457022137,516.7370332468182,106.98530867659684,-0.04984552801741705,-0.05,-0.3089439651659087,,,,,,,,,,,,,,,,,,,,,,,,,,,,,,,,,,,,0
s9_k5ac_a_s09_pos100_tap3_mc144_cpl0_rp4p83676342514_rn4p8647450437_f12370_f21100_a0_dac1p25,K5AC,A,9,5.0,100,3,144,ac,0.0,0.0,0,1.25,0,4.836763425135522,4.8647450436974164,40.0,2370.0,1100.0,,0,966431.0743256892,0.0005335938649999685,7413.10241300973,14.105986980202886,25.544118822436097,0,2473621.9916389273,444.8044221599034,493.0759754851603,48.27155332525689,-0.04882202793290357,-0.05,-2.3559441341928666,,,,,,,,,,,,,,,,,,,,,,,,,,,,,,,,,,,,0
s9_k5ac_a_s09_pos100_tap3_mc145_cpl0_rp4p86558931643_rn4p98929888802_f12370_f21100_a0_dac1p25,K5AC,A,9,5.0,100,3,145,ac,0.0,0.0,0,1.25,0,4.865589316433562,4.989298888021306,40.0,2370.0,1100.0,,0,1025493.7519672136,0.007266328847587685,11659.144011799235,13.06853951696898,24.59980759757243,0,2473621.9916389273,429.0920962570855,487.56257253644964,58.47047627936416,-0.04861650829483758,-0.05,-2.7669834103248414,,,,,,,,,,,,,,,,,,,,,,,,,,,,,,,,,,,,0
s9_k5ac_a_s09_pos100_tap3_mc146_cpl0_rp4p95031265862_rn4p85034969278_f12370_f21100_a0_dac1p25,K5AC,A,9,5.0,100,3,146,ac,0.0,0.0,0,1.25,0,4.950312658622311,4.850349692781062,40.0,2370.0,1100.0,,0,981166.1998203866,1.772646384313616e-05,22.908676527678335,13.410277803729226,24.93851519426561,0,2473621.9916389273,440.54464196302894,482.19447736649676,41.64983540346782,-0.04831588982440246,-0.05,-3.3682203511950948,,,,,,,,,,,,,,,,,,,,,,,,,,,,,,,,,,,,0
s9_k5ac_a_s09_pos100_tap3_mc147_cpl0_rp4p83980621356_rn4p97330543168_f12370_f21100_a0_dac1p25,K5AC,A,9,5.0,100,3,147,ac,0.0,0.0,0,1.25,0,4.839806213564023,4.973305431679933,40.0,2370.0,1100.0,,0,1014219.1781129857,0.001621762185446162,9623.506263981628,12.837259372236343,24.184256395190975,0,2473621.9916389273,428.6153082992293,477.2681008640875,48.6527925648582,-0.04884488776018538,-0.05,-2.3102244796292415,,,,,,,,,,,,,,,,,,,,,,,,,,,,,,,,,,,,0
s9_k5ac_a_s09_pos100_tap3_mc148_cpl0_rp4p88631761595_rn4p9856822019_f12370_f21100_a0_dac1p25,K5AC,A,9,5.0,100,3,148,ac,0.0,0.0,0,1.25,0,4.886317615952683,4.985682201896054,40.0,2370.0,1100.0,,0,1021064.6564833092,0.0018404100075127482,10232.929922808335,13.14833697231647,24.678962090190172,0,2473621.9916389273,431.94937225990697,488.5623185128943,56.61294625298734,-0.04957752408790488,-0.05,-0.8449518241902432,,,,,,,,,,,,,,,,,,,,,,,,,,,,,,,,,,,,0
s9_k5ac_a_s09_pos100_tap3_mc149_cpl0_rp4p99245108005_rn4p94455573913_f12370_f21100_a0_dac1p25,K5AC,A,9,5.0,100,3,149,ac,0.0,0.0,0,1.25,0,4.992451080053054,4.9445557391309505,40.0,2370.0,1100.0,,0,1008438.9268172623,1.7653531401998802e-05,23.442288153199843,13.335177159456812,24.818685561336864,0,2473621.9916389273,433.2092233894688,489.27346221551926,56.064238826050484,-0.048184831825327915,-0.05,-3.6303363493441765,,,,,,,,,,,,,,,,,,,,,,,,,,,,,,,,,,,,0
s9_k5ac_a_s09_pos100_tap3_mc14_cpl0_rp4p82902472704_rn4p81684089148_f12370_f21100_a0_dac1p25,K5AC,A,9,5.0,100,3,14,ac,0.0,0.0,0,1.25,0,4.829024727041403,4.816840891477387,40.0,2370.0,1100.0,,0,994707.5913436403,0.0022858208770292912,10471.28548050981,13.75795276623983,25.338995151871053,0,2473621.9916389273,439.8288463863548,495.0013576795132,55.17251129315838,-0.04883513354532536,-0.05,-2.3297329093492913,,,,,,,,,,,,,,,,,,,,,,,,,,,,,,,,,,,,0
s9_k5ac_a_s09_pos100_tap3_mc150_cpl0_rp4p89777934343_rn4p96419270372_f12370_f21100_a0_dac1p25,K5AC,A,9,5.0,100,3,150,ac,0.0,0.0,0,1.25,0,4.897779343429821,4.96419270371882,40.0,2370.0,1100.0,,0,982720.8130324222,1.776856457394293e-05,24.926807893272443,13.395730722057104,24.852972090368823,0,2473621.9916389273,438.3769075126448,481.42480953483675,43.04790202219198,-0.04882446862647611,-0.05,-2.351062747047783,,,,,,,,,,,,,,,,,,,,,,,,,,,,,,,,,,,,0
s9_k5ac_a_s09_pos100_tap3_mc151_cpl0_rp4p84213760085_rn4p9569401187_f12370_f21100_a0_dac1p25,K5AC,A,9,5.0,100,3,151,ac,0.0,0.0,0,1.25,0,4.842137600852539,4.95694011870484,40.0,2370.0,1100.0,,0,990371.6369683626,0.008375656800693066,12397.477630290425,13.651958836912264,25.06835115198121,0,2473621.9916389273,436.42691915641956,492.4134319736371,55.986512817217545,-0.05052027048374782,-0.05,1.04054096749564,,,,,,,,,,,,,,,,,,,,,,,,,,,,,,,,,,,,0
s9_k5ac_a_s09_pos100_tap3_mc152_cpl0_rp4p83377326818_rn4p84127069443_f12370_f21100_a0_dac1p25,K5AC,A,9,5.0,100,3,152,ac,0.0,0.0,0,1.25,0,4.833773268184968,4.841270694425295,40.0,2370.0,1100.0,,0,1048610.6607524983,0.00772560240069428,11748.97554939622,13.118404781823818,24.839962441100337,0,2473621.9916389273,426.15893795577233,499.1560802593574,72.99714230358506,-0.04897367075308658,-0.05,-2.052658493826842,,,,,,,,,,,,,,,,,,,,,,,,,,,,,,,,,,,,0
s9_k5ac_a_s09_pos100_tap3_mc153_cpl0_rp4p84761410021_rn4p99185717144_f12370_f21100_a0_dac1p25,K5AC,A,9,5.0,100,3,153,ac,0.0,0.0,0,1.25,0,4.847614100209813,4.991857171435159,40.0,2370.0,1100.0,,0,1041720.0421186221,1.765152103982785e-05,24.926807893272443,12.933848036250847,24.56409967063348,0,2473621.9916389273,426.14390862024885,490.4359242943091,64.29201567406022,-0.04939756270643257,-0.05,-1.2048745871348632,,,,,,,,,,,,,,,,,,,,,,,,,,,,,,,,,,,,0
s9_k5ac_a_s09_pos100_tap3_mc154_cpl0_rp4p80524095525_rn4p98943494655_f12370_f21100_a0_dac1p25,K5AC,A,9,5.0,100,3,154,ac,0.0,0.0,0,1.25,0,4.805240955247534,4.989434946553245,40.0,2370.0,1100.0,,0,1031040.6009381869,0.04500715229304776,38904.51449943151,13.337371533030911,24.82153482327481,0,2473621.9916389273,427.82477507625345,497.6937135455543,69.86893846930087,-0.049143444649217875,-0.05,-1.7131107015642577,,,,,,,,,,,,,,,,,,,,,,,,,,,,,,,,,,,,0
s9_k5ac_a_s09_pos100_tap3_mc155_cpl0_rp4p9900527303_rn4p84754466055_f12370_f21100_a0_dac1p25,K5AC,A,9,5.0,100,3,155,ac,0.0,0.0,0,1.25,0,4.990052730299024,4.847544660549819,40.0,2370.0,1100.0,,0,995557.0855516144,0.0017994363267367914,10471.28548050981,13.76510401982915,25.246109384128534,0,2473621.9916389273,437.14754433107817,496.37801720900393,59.23047287792576,-0.0488862213452734,-0.05,-2.2275573094531986,,,,,,,,,,,,,,,,,,,,,,,,,,,,,,,,,,,,0
s9_k5ac_a_s09_pos100_tap3_mc156_cpl0_rp4p92979378923_rn4p83412639373_f12370_f21100_a0_dac1p25,K5AC,A,9,5.0,100,3,156,ac,0.0,0.0,0,1.25,0,4.9297937892303265,4.834126393733247,40.0,2370.0,1100.0,,0,959198.1263813196,1.742877866658529e-05,12.58925411794194,14.062124830146832,25.517690317360774,0,2473621.9916389273,397.34714358044545,512.4938000197927,115.14665643934728,-0.05004605407652829,-0.05,0.09210815305658038,,,,,,,,,,,,,,,,,,,,,,,,,,,,,,,,,,,,0
s9_k5ac_a_s09_pos100_tap3_mc157_cpl0_rp4p85705755482_rn4p97314747879_f12370_f21100_a0_dac1p25,K5AC,A,9,5.0,100,3,157,ac,0.0,0.0,0,1.25,0,4.857057554822637,4.973147478791156,40.0,2370.0,1100.0,,0,1064001.6308901291,2.8238564840687833e-05,1862.0871366629854,12.675724647904076,24.206550317928432,0,2473621.9916389273,421.26462978424667,492.5854541563497,71.32082437210306,-0.048707015791711855,-0.05,-2.5859684165762897,,,,,,,,,,,,,,,,,,,,,,,,,,,,,,,,,,,,0
s9_k5ac_a_s09_pos100_tap3_mc158_cpl0_rp4p85315207368_rn4p87249143015_f12370_f21100_a0_dac1p25,K5AC,A,9,5.0,100,3,158,ac,0.0,0.0,0,1.25,0,4.85315207367575,4.872491430145047,40.0,2370.0,1100.0,,0,938007.380112516,0.012574218940739495,12397.477630290425,14.127916749279867,25.452774889283756,0,2473621.9916389273,448.51028987199624,484.586075495161,36.07578562316479,-0.04970740177196885,-0.05,-0.5851964560623091,,,,,,,,,,,,,,,,,,,,,,,,,,,,,,,,,,,,0
s9_k5ac_a_s09_pos100_tap3_mc159_cpl0_rp4p82823981138_rn4p82199598699_f12370_f21100_a0_dac1p25,K5AC,A,9,5.0,100,3,159,ac,0.0,0.0,0,1.25,0,4.828239811383179,4.8219959869925875,40.0,2370.0,1100.0,,0,953845.7246990713,1.7666715075934043e-05,23.263050671536877,13.904754476123141,25.311016264378154,0,2473621.9916389273,445.6443212065911,484.79886143642693,39.154540229835845,-0.05004599887914861,-0.05,0.09199775829720203,,,,,,,,,,,,,,,,,,,,,,,,,,,,,,,,,,,,0
s9_k5ac_a_s09_pos100_tap3_mc15_cpl0_rp4p93539662469_rn4p87853197466_f12370_f21100_a0_dac1p25,K5AC,A,9,5.0,100,3,15,ac,0.0,0.0,0,1.25,0,4.935396624694563,4.878531974660734,40.0,2370.0,1100.0,,0,1016494.5404492903,1.7778267239041018e-05,25.11886431509648,13.38636426400698,25.047753712070417,0,2473621.9916389273,434.3917625391873,493.7848237354342,59.39306119624689,-0.04905163629233874,-0.05,-1.89672741532253,,,,,,,,,,,,,,,,,,,,,,,,,,,,,,,,,,,,0
s9_k5ac_a_s09_pos100_tap3_mc160_cpl0_rp4p91628999036_rn4p83085327092_f12370_f21100_a0_dac1p25,K5AC,A,9,5.0,100,3,160,ac,0.0,0.0,0,1.25,0,4.916289990358626,4.830853270917888,40.0,2370.0,1100.0,,0,1029193.0929065003,0.010562730254638704,12492.997891188323,13.26386378665891,24.84624334641896,0,2473621.9916389273,429.4075796034552,494.6226052094713,65.21502560601613,-0.04921661703802242,-0.05,-1.5667659239551601,,,,,,,,,,,,,,,,,,,,,,,,,,,,,,,,,,,,0
s9_k5ac_a_s09_pos100_tap3_mc161_cpl0_rp4p98717834767_rn4p90662045163_f12370_f21100_a0_dac1p25,K5AC,A,9,5.0,100,3,161,ac,0.0,0.0,0,1.25,0,4.987178347672382,4.9066204516289975,40.0,2370.0,1100.0,,0,1007680.7739141824,0.0036854434851607623,11393.749492814264,13.565526771274046,25.072896172916113,0,2473621.9916389273,434.4543034553181,495.34449316894376,60.89018971362566,-0.049282962687498155,-0.05,-1.4340746250036895,,,,,,,,,,,,,,,,,,,,,,,,,,,,,,,,,,,,0
s9_k5ac_a_s09_pos100_tap3_mc162_cpl0_rp4p92572995358_rn4p92617839895_f12370_f21100_a0_dac1p25,K5AC,A,9,5.0,100,3,162,ac,0.0,0.0,0,1.25,0,4.925729953575903,4.926178398948278,40.0,2370.0,1100.0,,0,1021428.1225859869,1.7644137124201428e-05,18.337213155089273,13.512020928312959,25.189654018786257,0,2473621.9916389273,425.4884245046952,499.60218550194963,74.11376099725442,-0.04879896155179749,-0.05,-2.4020768964050254,,,,,,,,,,,,,,,,,,,,,,,,,,,,,,,,,,,,0
s9_k5ac_a_s09_pos100_tap3_mc163_cpl0_rp4p84565866856_rn4p85953130541_f12370_f21100_a0_dac1p25,K5AC,A,9,5.0,100,3,163,ac,0.0,0.0,0,1.25,0,4.845658668562648,4.859531305409868,40.0,2370.0,1100.0,,0,1007548.7346650347,1.747970884050078e-05,13.2841366171068,12.995508378883695,24.52576617860328,0,2473621.9916389273,396.31326062116585,482.56734907262023,86.25408845145438,-0.05074248388486054,-0.05,1.4849677697210684,,,,,,,,,,,,,,,,,,,,,,,,,,,,,,,,,,,,0
s9_k5ac_a_s09_pos100_tap3_mc164_cpl0_rp4p90468991922_rn4p86306893025_f12370_f21100_a0_dac1p25,K5AC,A,9,5.0,100,3,164,ac,0.0,0.0,0,1.25,0,4.904689919223663,4.8630689302496535,40.0,2370.0,1100.0,,0,1024014.1287481553,1.76121577817132e-05,15.369745159353068,13.386706650657114,25.091714303673218,0,2473621.9916389273,414.64844555876357,498.7413042411349,84.09285868237134,-0.04959362864306582,-0.05,-0.8127427138683752,,,,,,,,,,,,,,,,,,,,,,,,,,,,,,,,,,,,0
s9_k5ac_a_s09_pos100_tap3_mc165_cpl0_rp4p89668701226_rn4p92646031675_f12370_f21100_a0_dac1p25,K5AC,A,9,5.0,100,3,165,ac,0.0,0.0,0,1.25,0,4.896687012261691,4.926460316752722,40.0,2370.0,1100.0,,0,1002393.675311791,1.7707771637307082e-05,23.80491673125578,13.783348008736699,25.3851649957615,0,2473621.9916389273,436.06502616580156,499.55747895595925,63.4924527901577,-0.048276774145379765,-0.05,-3.4464517092404723,,,,,,,,,,,,,,,,,,,,,,,,,,,,,,,,,,,,0
s9_k5ac_a_s09_pos100_tap3_mc166_cpl0_rp4p96004529087_rn4p90829612998_f12370_f21100_a0_dac1p25,K5AC,A,9,5.0,100,3,166,ac,0.0,0.0,0,1.25,0,4.96004529086772,4.908296129984379,40.0,2370.0,1100.0,,0,1033880.9270580031,1.769150174766872e-05,24.35940447292092,12.528982801001055,23.848611544339526,0,2473621.9916389273,422.63375926764394,475.1951471972735,52.561387929629575,-0.048442862259452,-0.05,-3.114275481096007,,,,,,,,,,,,,,,,,,,,,,,,,,,,,,,,,,,,0
s9_k5ac_a_s09_pos100_tap3_mc167_cpl0_rp4p98561720724_rn4p94842851895_f12370_f21100_a0_dac1p25,K5AC,A,9,5.0,100,3,167,ac,0.0,0.0,0,1.25,0,4.985617207244762,4.948428518954744,40.0,2370.0,1100.0,,0,982582.8421449295,1.7687250809916633e-05,23.988329190195547,14.450174939003453,26.188711746823138,0,2473621.9916389273,445.47672651260893,510.508977554729,65.03225104212004,-0.05015907772821661,-0.05,0.3181554564332112,,,,,,,,,,,,,,,,,,,,,,,,,,,,,,,,,,,,0
s9_k5ac_a_s09_pos100_tap3_mc168_cpl0_rp4p86230494424_rn4p88092825475_f12370_f21100_a0_dac1p25,K5AC,A,9,5.0,100,3,168,ac,0.0,0.0,0,1.25,0,4.862304944238102,4.880928254749572,40.0,2370.0,1100.0,,0,975504.0949942963,0.006188955725016325,11748.97554939622,13.95103114679069,25.415521709848722,0,2473621.9916389273,439.94902160866735,494.0214152006851,54.07239359201776,-0.04860425033008031,-0.05,-2.791499339839376,,,,,,,,,,,,,,,,,,,,,,,,,,,,,,,,,,,,0
s9_k5ac_a_s09_pos100_tap3_mc169_cpl0_rp4p92184606912_rn4p81788766396_f12370_f21100_a0_dac1p25,K5AC,A,9,5.0,100,3,169,ac,0.0,0.0,0,1.25,0,4.921846069117906,4.817887663955189,40.0,2370.0,1100.0,,0,991506.0573705289,0.0037699308933184764,10797.75162327794,13.479745082948208,24.83712779668161,0,2473621.9916389273,435.07879740275774,487.8098038996463,52.73100649688854,-0.05023426089095475,-0.05,0.46852178190950333,,,,,,,,,,,,,,,,,,,,,,,,,,,,,,,,,,,,0
s9_k5ac_a_s09_pos100_tap3_mc16_cpl0_rp4p89606759492_rn4p92671988323_f12370_f21100_a0_dac1p25,K5AC,A,9,5.0,100,3,16,ac,0.0,0.0,0,1.25,0,4.896067594915554,4.926719883233981,40.0,2370.0,1100.0,,0,973412.5955242557,1.773460992492158e-05,24.73621991638688,13.760248879555325,25.215246091682808,0,2473621.9916389273,440.5160169802195,487.53169052454587,47.015673544326376,-0.049322420545761324,-0.05,-1.3551589084773608,,,,,,,,,,,,,,,,,,,,,,,,,,,,,,,,,,,,0
s9_k5ac_a_s09_pos100_tap3_mc170_cpl0_rp4p87977769754_rn4p98540825275_f12370_f21100_a0_dac1p25,K5AC,A,9,5.0,100,3,170,ac,0.0,0.0,0,1.25,0,4.879777697541702,4.985408252745102,40.0,2370.0,1100.0,,0,932680.217345251,0.02007295247473159,12589.254117942672,14.23988011854244,25.569362594913503,0,2473621.9916389273,449.33840815666264,485.763910843158,36.42550268649535,-0.05020524553213686,-0.05,0.4104910642737103,,,,,,,,,,,,,,,,,,,,,,,,,,,,,,,,,,,,0
s9_k5ac_a_s09_pos100_tap3_mc171_cpl0_rp4p91969495616_rn4p97384398985_f12370_f21100_a0_dac1p25,K5AC,A,9,5.0,100,3,171,ac,0.0,0.0,0,1.25,0,4.919694956157783,4.973843989846043,40.0,2370.0,1100.0,,0,1003342.7467271524,0.0033861443755783148,11134.396090624487,14.060036678405138,25.68782019462679,0,2473621.9916389273,437.9045650659136,508.68237597193473,70.77781090602116,-0.04858793267042788,-0.05,-2.8241346591442396,,,,,,,,,,,,,,,,,,,,,,,,,,,,,,,,,,,,0
s9_k5ac_a_s09_pos100_tap3_mc172_cpl0_rp4p98141126174_rn4p9373977353_f12370_f21100_a0_dac1p25,K5AC,A,9,5.0,100,3,172,ac,0.0,0.0,0,1.25,0,4.981411261740097,4.937397735303051,40.0,2370.0,1100.0,,0,986199.8899098848,1.774412029005303e-05,25.31240049595432,13.749002238329181,25.36642574013955,0,2473621.9916389273,441.4549997951156,492.4355987625066,50.98059896739096,-0.048673419655152095,-0.05,-2.6531606896958104,,,,,,,,,,,,,,,,,,,,,,,,,,,,,,,,,,,,0
s9_k5ac_a_s09_pos100_tap3_mc173_cpl0_rp4p81635422291_rn4p8251161718_f12370_f21100_a0_dac1p25,K5AC,A,9,5.0,100,3,173,ac,0.0,0.0,0,1.25,0,4.816354222913955,4.825116171795079,40.0,2370.0,1100.0,,0,1059353.808960649,0.0997984898068986,57987.35951008846,13.051953045047972,24.69279220419176,0,2473621.9916389273,404.0005468198236,500.0535867679968,96.0530399481732,-0.05043320468202884,-0.05,0.8664093640576631,,,,,,,,,,,,,,,,,,,,,,,,,,,,,,,,,,,,0
s9_k5ac_a_s09_pos100_tap3_mc174_cpl0_rp4p81675841155_rn4p92438442468_f12370_f21100_a0_dac1p25,K5AC,A,9,5.0,100,3,174,ac,0.0,0.0,0,1.25,0,4.816758411547818,4.924384424679093,40.0,2370.0,1100.0,,0,989833.2696171039,2.072848586108656e-05,1318.2567385564867,14.038949658560478,25.56523683398146,0,2473621.9916389273,439.67939566480834,501.213901669809,61.53450600500065,-0.04881746590783164,-0.05,-2.365068184336727,,,,,,,,,,,,,,,,,,,,,,,,,,,,,,,,,,,,0
s9_k5ac_a_s09_pos100_tap3_mc175_cpl0_rp4p90832979475_rn4p97211588636_f12370_f21100_a0_dac1p25,K5AC,A,9,5.0,100,3,175,ac,0.0,0.0,0,1.25,0,4.90832979475302,4.972115886361461,40.0,2370.0,1100.0,,0,1006999.7801374717,0.007569739840858556,11930.720363266277,14.074362558984483,25.725115058700837,0,2473621.9916389273,437.27791089367537,509.1940837621873,71.91617286851192,-0.04974196020471681,-0.05,-0.5160795905663873,,,,,,,,,,,,,,,,,,,,,,,,,,,,,,,,,,,,0
s9_k5ac_a_s09_pos100_tap3_mc176_cpl0_rp4p85359236684_rn4p93257617059_f12370_f21100_a0_dac1p25,K5AC,A,9,5.0,100,3,176,ac,0.0,0.0,0,1.25,0,4.853592366840775,4.932576170591163,40.0,2370.0,1100.0,,0,990148.6225779967,1.765320207519503e-05,23.80491673125578,14.202990046843647,25.8692729876638,0,2473621.9916389273,441.70795467503126,506.8426994531965,65.13474477816521,-0.049914750409635125,-0.05,-0.17049918072975512,,,,,,,,,,,,,,,,,,,,,,,,,,,,,,,,,,,,0
s9_k5ac_a_s09_pos100_tap3_mc177_cpl0_rp4p8775218094_rn4p8097902573_f12370_f21100_a0_dac1p25,K5AC,A,9,5.0,100,3,177,ac,0.0,0.0,0,1.25,0,4.87752180939829,4.809790257300452,40.0,2370.0,1100.0,,0,1001220.709604615,0.0014604857901652339,9697.65359108324,13.26475974176515,24.703849757829868,0,2473621.9916389273,432.9885090800095,483.30034000459693,50.31183092458741,-0.04887347617370004,-0.05,-2.2530476525999266,,,,,,,,,,,,,,,,,,,,,,,,,,,,,,,,,,,,0
s9_k5ac_a_s09_pos100_tap3_mc178_cpl0_rp4p90960633162_rn4p9032157808_f12370_f21100_a0_dac1p25,K5AC,A,9,5.0,100,3,178,ac,0.0,0.0,0,1.25,0,4.909606331621514,4.903215780799557,40.0,2370.0,1100.0,,0,999395.5626891111,1.7733287794162573e-05,22.38721138568398,13.40186414135687,24.88960176792327,0,2473621.9916389273,433.67424359215187,487.4419600839091,53.767716491757255,-0.04929168398079564,-0.05,-1.416632038408716,,,,,,,,,,,,,,,,,,,,,,,,,,,,,,,,,,,,0
s9_k5ac_a_s09_pos100_tap3_mc179_cpl0_rp4p91383832735_rn4p86687449907_f12370_f21100_a0_dac1p25,K5AC,A,9,5.0,100,3,179,ac,0.0,0.0,0,1.25,0,4.9138383273465065,4.866874499066905,40.0,2370.0,1100.0,,0,990566.1829767142,1.774872511594783e-05,25.70395782768934,13.904249112090053,25.6254404946675,0,2473621.9916389273,443.7927501684978,499.21389823692533,55.421148068427556,-0.050100300033197896,-0.05,0.2006000663957952,,,,,,,,,,,,,,,,,,,,,,,,,,,,,,,,,,,,0
s9_k5ac_a_s09_pos100_tap3_mc17_cpl0_rp4p88475723429_rn4p86389060167_f12370_f21100_a0_dac1p25,K5AC,A,9,5.0,100,3,17,ac,0.0,0.0,0,1.25,0,4.884757234291846,4.8638906016743055,40.0,2370.0,1100.0,,0,1012297.1820669924,1.7692468017251282e-05,25.50742783711428,13.867202123581425,25.541921201686538,0,2473621.9916389273,436.43321575659655,506.1548752080383,69.72165945144172,-0.05035962007078401,-0.05,0.7192401415680116,,,,,,,,,,,,,,,,,,,,,,,,,,,,,,,,,,,,0
s9_k5ac_a_s09_pos100_tap3_mc180_cpl0_rp4p85885219939_rn4p96182281801_f12370_f21100_a0_dac1p25,K5AC,A,9,5.0,100,3,180,ac,0.0,0.0,0,1.25,0,4.858852199389098,4.961822818012852,40.0,2370.0,1100.0,,0,1030278.3705712475,1.7703230366227043e-05,24.926807893272443,12.967846696753098,24.55283419121855,0,2473621.9916389273,427.60242338277243,487.24195833243004,59.639534949657616,-0.048906967128573293,-0.05,-2.186065742853416,,,,,,,,,,,,,,,,,,,,,,,,,,,,,,,,,,,,0
s9_k5ac_a_s09_pos100_tap3_mc181_cpl0_rp4p96329998946_rn4p93146062468_f12370_f21100_a0_dac1p25,K5AC,A,9,5.0,100,3,181,ac,0.0,0.0,0,1.25,0,4.963299989455141,4.93146062467727,40.0,2370.0,1100.0,,0,974604.5451332972,0.0032157907734295084,10880.946292623114,14.225378668970114,25.88221189569727,0,2473621.9916389273,446.2904975363743,500.03436627053196,53.74386873415767,-0.04882097261103051,-0.05,-2.3580547779389893,,,,,,,,,,,,,,,,,,,,,,,,,,,,,,,,,,,,0
s9_k5ac_a_s09_pos100_tap3_mc182_cpl0_rp4p86771770553_rn4p84743468837_f12370_f21100_a0_dac1p25,K5AC,A,9,5.0,100,3,182,ac,0.0,0.0,0,1.25,0,4.867717705528115,4.847434688365604,40.0,2370.0,1100.0,,0,950019.7927592656,0.0060997267033465145,11930.720363266277,13.951888520274824,25.47816846299363,0,2473621.9916389273,448.52938010301983,485.8203325344567,37.29095243143689,-0.051007667301959776,-0.05,2.0153346039195386,,,,,,,,,,,,,,,,,,,,,,,,,,,,,,,,,,,,0
s9_k5ac_a_s09_pos100_tap3_mc183_cpl0_rp4p82243249354_rn4p83336115486_f12370_f21100_a0_dac1p25,K5AC,A,9,5.0,100,3,183,ac,0.0,0.0,0,1.25,0,4.82243249354455,4.8333611548629944,40.0,2370.0,1100.0,,0,1007969.5235435267,0.016331466095831183,13386.488420701002,13.572534662769941,25.267733682802323,0,2473621.9916389273,435.72628648312195,496.23981036655965,60.5135238834377,-0.049659712858248904,-0.05,-0.6805742835022,,,,,,,,,,,,,,,,,,,,,,,,,,,,,,,,,,,,0
s9_k5ac_a_s09_pos100_tap3_mc184_cpl0_rp4p89408313222_rn4p85654131884_f12370_f21100_a0_dac1p25,K5AC,A,9,5.0,100,3,184,ac,0.0,0.0,0,1.25,0,4.894083132218432,4.856541318838992,40.0,2370.0,1100.0,,0,1002183.902202038,0.015927520934369166,12686.251981033603,13.920049027983001,25.511600879475004,0,2473621.9916389273,435.82584035521245,501.6822178500348,65.85637749482237,-0.049072747543935584,-0.05,-1.8545049121288404,,,,,,,,,,,,,,,,,,,,,,,,,,,,,,,,,,,,0
s9_k5ac_a_s09_pos100_tap3_mc185_cpl0_rp4p85219833639_rn4p84607428991_f12370_f21100_a0_dac1p25,K5AC,A,9,5.0,100,3,185,ac,0.0,0.0,0,1.25,0,4.8521983363916785,4.846074289911345,40.0,2370.0,1100.0,,0,1033548.2379611221,0.016583979193680747,13182.567385565122,12.890496795244479,24.45961331579173,0,2473621.9916389273,426.34448767383225,486.5414599053008,60.19697223146858,-0.05027720783306279,-0.05,0.5544156661255739,,,,,,,,,,,,,,,,,,,,,,,,,,,,,,,,,,,,0
s9_k5ac_a_s09_pos100_tap3_mc186_cpl0_rp4p85131785258_rn4p8091446777_f12370_f21100_a0_dac1p25,K5AC,A,9,5.0,100,3,186,ac,0.0,0.0,0,1.25,0,4.851317852576308,4.8091446777017195,40.0,2370.0,1100.0,,0,980400.2329195302,1.7621321911690253e-05,23.08518362242823,13.715785094598534,25.306291034187783,0,2473621.9916389273,441.2384088468141,490.05400987550183,48.81560102868775,-0.05007740258592358,-0.05,0.15480517184716103,,,,,,,,,,,,,,,,,,,,,,,,,,,,,,,,,,,,0
s9_k5ac_a_s09_pos100_tap3_mc187_cpl0_rp4p90225376233_rn4p84471689686_f12370_f21100_a0_dac1p25,K5AC,A,9,5.0,100,3,187,ac,0.0,0.0,0,1.25,0,4.9022537623313465,4.844716896862485,40.0,2370.0,1100.0,,0,988282.9756922368,2.0061157287761283e-05,977.2372209558672,13.870807731455763,25.489546554018904,0,2473621.9916389273,442.509893896657,497.2350158553294,54.72512195867239,-0.05062008742762798,-0.05,1.24017485525596,,,,,,,,,,,,,,,,,,,,,,,,,,,,,,,,,,,,0
s9_k5ac_a_s09_pos100_tap3_mc188_cpl0_rp4p88207619519_rn4p84145287485_f12370_f21100_a0_dac1p25,K5AC,A,9,5.0,100,3,188,ac,0.0,0.0,0,1.25,0,4.882076195192883,4.841452874846127,40.0,2370.0,1100.0,,0,1015612.2145598512,1.7775432542537725e-05,24.547089156850962,13.180574741383367,24.798775579577445,0,2473621.9916389273,432.26493952113964,488.22101637463953,55.956076853499894,-0.049572296092210366,-0.05,-0.8554078155792677,,,,,,,,,,,,,,,,,,,,,,,,,,,,,,,,,,,,0
s9_k5ac_a_s09_pos100_tap3_mc189_cpl0_rp4p81624464285_rn4p98947815992_f12370_f21100_a0_dac1p25,K5AC,A,9,5.0,100,3,189,ac,0.0,0.0,0,1.25,0,4.816244642850169,4.989478159920619,40.0,2370.0,1100.0,,0,1031081.9706304123,0.0036503700373396427,11220.184543020514,12.935568002231113,24.280983717465368,0,2473621.9916389273,423.0244935352848,484.87002322207894,61.84552968679412,-0.04880192596529898,-0.05,-2.3961480694020376,,,,,,,,,,,,,,,,,,,,,,,,,,,,,,,,,,,,0
s9_k5ac_a_s09_pos100_tap3_mc18_cpl0_rp4p91672976817_rn4p80622671392_f12370_f21100_a0_dac1p25,K5AC,A,9,5.0,100,3,18,ac,0.0,0.0,0,1.25,0,4.916729768169673,4.806226713918411,40.0,2370.0,1100.0,,0,979354.0020779241,1.782991041195725e-05,23.80491673125578,14.050528617367391,25.532657815121663,0,2473621.9916389273,442.11692131206246,497.9294317180947,55.81251040603223,-0.049919634601964996,-0.05,-0.16073079607000773,,,,,,,,,,,,,,,,,,,,,,,,,,,,,,,,,,,,0
s9_k5ac_a_s09_pos100_tap3_mc190_cpl0_rp4p94637445265_rn4p93657142038_f12370_f21100_a0_dac1p25,K5AC,A,9,5.0,100,3,190,ac,0.0,0.0,0,1.25,0,4.946374452649898,4.93657142038477,40.0,2370.0,1100.0,,0,1006744.0307952202,1.765164643878811e-05,24.35940447292092,14.133036490029955,25.780082238439135,0,2473621.9916389273,436.20136413818034,511.0469795618151,74.84561542363474,-0.04857819314046171,-0.05,-2.8436137190765876,,,,,,,,,,,,,,,,,,,,,,,,,,,,,,,,,,,,0
s9_k5ac_a_s09_pos100_tap3_mc191_cpl0_rp4p84191333333_rn4p86339037845_f12370_f21100_a0_dac1p25,K5AC,A,9,5.0,100,3,191,ac,0.0,0.0,0,1.25,0,4.841913333328711,4.8633903784516175,40.0,2370.0,1100.0,,0,981923.3888380008,1.7778400913840827e-05,24.173154808041687,14.37654790862037,25.96908048918463,0,2473621.9916389273,444.8436640507817,507.41905404097383,62.57538999019215,-0.04998653350714444,-0.05,-0.026932985711125568,,,,,,,,,,,,,,,,,,,,,,,,,,,,,,,,,,,,0
s9_k5ac_a_s09_pos100_tap3_mc192_cpl0_rp4p82400982039_rn4p88129233143_f12370_f21100_a0_dac1p25,K5AC,A,9,5.0,100,3,192,ac,0.0,0.0,0,1.25,0,4.824009820385426,4.881292331429425,40.0,2370.0,1100.0,,0,1041807.9474045262,0.0010041002511705919,8844.365191386672,13.251299772270452,24.924923824785765,0,2473621.9916389273,426.7350902265217,500.22927943228825,73.49418920576653,-0.04936854427092796,-0.05,-1.2629114581440781,,,,,,,,,,,,,,,,,,,,,,,,,,,,,,,,,,,,0
s9_k5ac_a_s09_pos100_tap3_mc193_cpl0_rp4p86673991029_rn4p97276401967_f12370_f21100_a0_dac1p25,K5AC,A,9,5.0,100,3,193,ac,0.0,0.0,0,1.25,0,4.866739910285656,4.972764019673274,40.0,2370.0,1100.0,,0,1026764.895555539,1.7567659034886525e-05,15.848931924611502,12.871145858394947,24.384036240994185,0,2473621.9916389273,404.92809527561786,484.183188922761,79.25509364714316,-0.04838251762589747,-0.05,-3.2349647482050603,,,,,,,,,,,,,,,,,,,,,,,,,,,,,,,,,,,,0
s9_k5ac_a_s09_pos100_tap3_mc194_cpl0_rp4p93841997562_rn4p86384276844_f12370_f21100_a0_dac1p25,K5AC,A,9,5.0,100,3,194,ac,0.0,0.0,0,1.25,0,4.938419975617892,4.863842768439841,40.0,2370.0,1100.0,,0,1011634.6634384214,0.01145139927556562,12882.495516932364,13.237176305031161,24.72147319190352,0,2473621.9916389273,431.8422127670392,487.48734018698104,55.64512741994184,-0.05006451626091406,-0.05,0.12903252182809855,,,,,,,,,,,,,,,,,,,,,,,,,,,,,,,,,,,,0
s9_k5ac_a_s09_pos100_tap3_mc195_cpl0_rp4p94423666829_rn4p98029972903_f12370_f21100_a0_dac1p25,K5AC,A,9,5.0,100,3,195,ac,0.0,0.0,0,1.25,0,4.944236668293492,4.980299729026487,40.0,2370.0,1100.0,,0,990911.0713578174,0.007291690825481862,9050.376921517814,13.97877422409661,25.521731442230358,0,2473621.9916389273,437.49445403581683,500.17684770778186,62.68239367196503,-0.050431398217382,-0.05,0.8627964347639905,,,,,,,,,,,,,,,,,,,,,,,,,,,,,,,,,,,,0
s9_k5ac_a_s09_pos100_tap3_mc196_cpl0_rp4p92679538891_rn4p83357704076_f12370_f21100_a0_dac1p25,K5AC,A,9,5.0,100,3,196,ac,0.0,0.0,0,1.25,0,4.926795388905471,4.833577040762126,40.0,2370.0,1100.0,,0,999959.1828575745,1.7653082122745255e-05,25.902002045313946,13.134926009932405,24.641567996731407,0,2473621.9916389273,434.8127414723242,480.4810645787863,45.66832310646208,-0.0490267453471597,-0.05,-1.9465093056805993,,,,,,,,,,,,,,,,,,,,,,,,,,,,,,,,,,,,0
s9_k5ac_a_s09_pos100_tap3_mc197_cpl0_rp4p94246238901_rn4p88478689993_f12370_f21100_a0_dac1p25,K5AC,A,9,5.0,100,3,197,ac,0.0,0.0,0,1.25,0,4.942462389006465,4.884786899925654,40.0,2370.0,1100.0,,0,1008374.4565072362,0.00043351595239088744,7470.218989273876,13.484462959728534,24.984661360216105,0,2473621.9916389273,433.5484460188388,492.6055786789383,59.05713266009951,-0.048839127700197105,-0.05,-2.3217445996057906,,,,,,,,,,,,,,,,,,,,,,,,,,,,,,,,,,,,0
s9_k5ac_a_s09_pos100_tap3_mc198_cpl0_rp4p91810594637_rn4p98941381651_f12370_f21100_a0_dac1p25,K5AC,A,9,5.0,100,3,198,ac,0.0,0.0,0,1.25,0,4.9181059463689305,4.989413816510473,40.0,2370.0,1100.0,,0,1032407.9717259988,0.003746756559264846,11569.999317503021,12.899032256284087,24.46460850339253,0,2473621.9916389273,426.91944339336845,487.23031220419466,60.31086881082621,-0.04988687273091745,-0.05,-0.22625453816510488,,,,,,,,,,,,,,,,,,,,,,,,,,,,,,,,,,,,0
s9_k5ac_a_s09_pos100_tap3_mc199_cpl0_rp4p83017342432_rn4p87618495362_f12370_f21100_a0_dac1p25,K5AC,A,9,5.0,100,3,199,ac,0.0,0.0,0,1.25,0,4.830173424324059,4.876184953622124,40.0,2370.0,1100.0,,0,997199.8842005492,1.77515113936767e-05,24.926807893272443,14.0724638677498,25.745509829115615,0,2473621.9916389273,439.49882029829973,505.33106907525547,65.83224877695574,-0.04951569964682733,-0.05,-0.9686007063453461,,,,,,,,,,,,,,,,,,,,,,,,,,,,,,,,,,,,0
s9_k5ac_a_s09_pos100_tap3_mc19_cpl0_rp4p86375349404_rn4p94352011247_f12370_f21100_a0_dac1p25,K5AC,A,9,5.0,100,3,19,ac,0.0,0.0,0,1.25,0,4.8637534940378595,4.943520112468119,40.0,2370.0,1100.0,,0,1032505.3069095869,0.011129307388708733,13284.136617107572,13.632210435211809,25.273998343187397,0,2473621.9916389273,427.8329410602015,506.7741543543241,78.94121329412258,-0.0489238876309745,-0.05,-2.1522247380510007,,,,,,,,,,,,,,,,,,,,,,,,,,,,,,,,,,,,0
s9_k5ac_a_s09_pos100_tap3_mc1_cpl0_rp4p87968282413_rn4p81765685527_f12370_f21100_a0_dac1p25,K5AC,A,9,5.0,100,3,1,ac,0.0,0.0,0,1.25,0,4.879682824126003,4.817656855272235,40.0,2370.0,1100.0,,0,992117.8572931653,0.0006849382531785536,8254.04185268081,14.001598190658308,25.581304897773162,0,2473621.9916389273,439.14604634155177,501.2865281232289,62.140481781677124,-0.04840591505673373,-0.05,-3.1881698865325436,,,,,,,,,,,,,,,,,,,,,,,,,,,,,,,,,,,,0
s9_k5ac_a_s09_pos100_tap3_mc200_cpl0_rp4p87609300253_rn4p9245221704_f12370_f21100_a0_dac1p25,K5AC,A,9,5.0,100,3,200,ac,0.0,0.0,0,1.25,0,4.876093002533232,4.924522170397594,40.0,2370.0,1100.0,,0,978527.2311373093,0.002238727329608818,10633.265716372442,13.8832240106102,25.393332140189916,0,2473621.9916389273,443.1265765524441,494.031324606714,50.90474805426993,-0.050451906225704495,-0.05,0.9038124514089807,,,,,,,,,,,,,,,,,,,,,,,,,,,,,,,,,,,,0
s9_k5ac_a_s09_pos100_tap3_mc201_cpl0_rp4p90836585454_rn4p99134886186_f12370_f21100_a0_dac1p25,K5AC,A,9,5.0,100,3,201,ac,0.0,0.0,0,1.25,0,4.908365854541344,4.991348861856531,40.0,2370.0,1100.0,,0,924825.953793484,1.7805400496247158e-05,23.988329190195547,14.327230342030385,25.660601275109205,0,2473621.9916389273,452.74683876288594,484.503816723348,31.756977960462052,-0.05083151708630155,-0.05,1.663034172603095,,,,,,,,,,,,,,,,,,,,,,,,,,,,,,,,,,,,0
s9_k5ac_a_s09_pos100_tap3_mc202_cpl0_rp4p87329785859_rn4p97684612666_f12370_f21100_a0_dac1p25,K5AC,A,9,5.0,100,3,202,ac,0.0,0.0,0,1.25,0,4.873297858592152,4.976846126657074,40.0,2370.0,1100.0,,0,1021423.7793599854,0.014536628047344376,14454.397707460439,13.550795130774087,25.184066475582863,0,2473621.9916389273,433.4554172157534,499.717748060255,66.2623308445016,-0.048336512574820786,-0.05,-3.326974850358433,,,,,,,,,,,,,,,,,,,,,,,,,,,,,,,,,,,,0
s9_k5ac_a_s09_pos100_tap3_mc203_cpl0_rp4p94803093471_rn4p82992067818_f12370_f21100_a0_dac1p25,K5AC,A,9,5.0,100,3,203,ac,0.0,0.0,0,1.25,0,4.9480309347144935,4.829920678184828,40.0,2370.0,1100.0,,0,1018654.3693852945,1.773833503910069e-05,24.547089156850962,13.945830661827843,25.575395312988192,0,2473621.9916389273,433.59774166778186,509.60650766867167,76.0087660008898,-0.049490784905368554,-0.05,-1.0184301892628977,,,,,,,,,,,,,,,,,,,,,,,,,,,,,,,,,,,,0
s9_k5ac_a_s09_pos100_tap3_mc204_cpl0_rp4p93387894829_rn4p82433507688_f12370_f21100_a0_dac1p25,K5AC,A,9,5.0,100,3,204,ac,0.0,0.0,0,1.25,0,4.933878948293206,4.824335076880513,40.0,2370.0,1100.0,,0,1009226.0253819447,0.009120221505192896,12022.644346175079,13.799910323119235,25.316494141480337,0,2473621.9916389273,433.0680117771869,502.3442389545121,69.27622717732521,-0.04863427354851411,-0.05,-2.731452902971787,,,,,,,,,,,,,,,,,,,,,,,,,,,,,,,,,,,,0
s9_k5ac_a_s09_pos100_tap3_mc205_cpl0_rp4p99208266475_rn4p98908573222_f12370_f21100_a0_dac1p25,K5AC,A,9,5.0,100,3,205,ac,0.0,0.0,0,1.25,0,4.992082664746407,4.9890857322176,40.0,2370.0,1100.0,,0,1007772.1375665879,0.0006774712787050169,8381.723563642257,13.635068440153821,25.213519912442603,0,2473621.9916389273,434.2707036211974,497.7552929588817,63.48458933768427,-0.04936644486855889,-0.05,-1.2671102628822317,,,,,,,,,,,,,,,,,,,,,,,,,,,,,,,,,,,,0
s9_k5ac_a_s09_pos100_tap3_mc206_cpl0_rp4p87119070211_rn4p99012623424_f12370_f21100_a0_dac1p25,K5AC,A,9,5.0,100,3,206,ac,0.0,0.0,0,1.25,0,4.871190702106201,4.990126234243969,40.0,2370.0,1100.0,,0,950192.6955214882,0.0004977705437539167,7822.279563860615,14.439597988982065,25.992320656902432,0,2473621.9916389273,450.23355559872715,496.6521729935921,46.41861739486495,-0.04926621659809442,-0.05,-1.46756680381116,,,,,,,,,,,,,,,,,,,,,,,,,,,,,,,,,,,,0
s9_k5ac_a_s09_pos100_tap3_mc207_cpl0_rp4p99053952676_rn4p82050546785_f12370_f21100_a0_dac1p25,K5AC,A,9,5.0,100,3,207,ac,0.0,0.0,0,1.25,0,4.990539526757092,4.8205054678513175,40.0,2370.0,1100.0,,0,1009383.1700192975,0.0008082899632902323,8643.042860749016,13.2135437422328,24.74618748880317,0,2473621.9916389273,433.3554185375786,485.3432986705324,51.98788013295382,-0.049381216256720886,-0.05,-1.2375674865582331,,,,,,,,,,,,,,,,,,,,,,,,,,,,,,,,,,,,0
s9_k5ac_a_s09_pos100_tap3_mc208_cpl0_rp4p82338440834_rn4p98424448028_f12370_f21100_a0_dac1p25,K5AC,A,9,5.0,100,3,208,ac,0.0,0.0,0,1.25,0,4.823384408343893,4.984244480282307,40.0,2370.0,1100.0,,0,980720.0885079384,1.7721539486046793e-05,24.173154808041687,13.83021229053955,25.44342511641013,0,2473621.9916389273,442.2075629466685,492.3615258089671,50.15396286229861,-0.04912904774214055,-0.05,-1.741904515718895,,,,,,,,,,,,,,,,,,,,,,,,,,,,,,,,,,,,0
s9_k5ac_a_s09_pos100_tap3_mc209_cpl0_rp4p9975563268_rn4p88046750345_f12370_f21100_a0_dac1p25,K5AC,A,9,5.0,100,3,209,ac,0.0,0.0,0,1.25,0,4.9975563268025445,4.880467503451389,40.0,2370.0,1100.0,,0,1008297.6250186865,0.00018171043209475458,5754.399373371988,14.010616144309571,25.524552490179833,0,2473621.9916389273,434.3383109818794,508.1867164899172,73.84840550803784,-0.050359781176475917,-0.05,0.7195623529518302,,,,,,,,,,,,,,,,,,,,,,,,,,,,,,,,,,,,0
s9_k5ac_a_s09_pos100_tap3_mc20_cpl0_rp4p96286065434_rn4p94707300674_f12370_f21100_a0_dac1p25,K5AC,A,9,5.0,100,3,20,ac,0.0,0.0,0,1.25,0,4.9628606543405684,4.94707300674488,40.0,2370.0,1100.0,,0,949612.9984935096,0.0021913850695771666,9623.506263981628,14.434667987198038,25.970919567823803,0,2473621.9916389273,450.8254088662943,496.74662294168354,45.92121407538923,-0.05011506576029202,-0.05,0.23013152058402042,,,,,,,,,,,,,,,,,,,,,,,,,,,,,,,,,,,,0
s9_k5ac_a_s09_pos100_tap3_mc210_cpl0_rp4p9688588778_rn4p91437653172_f12370_f21100_a0_dac1p25,K5AC,A,9,5.0,100,3,210,ac,0.0,0.0,0,1.25,0,4.968858877800824,4.9143765317209285,40.0,2370.0,1100.0,,0,1070466.2159595862,1.777063909266188e-05,23.08518362242823,12.700306806157355,24.43999211103678,0,2473621.9916389273,419.9641449804167,496.1316116946181,76.1674667142014,-0.05012688605072378,-0.05,0.2537721014475469,,,,,,,,,,,,,,,,,,,,,,,,,,,,,,,,,,,,0
s9_k5ac_a_s09_pos100_tap3_mc211_cpl0_rp4p96709753257_rn4p91084455633_f12370_f21100_a0_dac1p25,K5AC,A,9,5.0,100,3,211,ac,0.0,0.0,0,1.25,0,4.967097532565387,4.910844556333429,40.0,2370.0,1100.0,,0,1007934.9917920405,1.7716970367182177e-05,23.08518362242823,13.259369633383756,24.75231539263734,0,2473621.9916389273,431.40531407761216,486.2783705120331,54.87305643442096,-0.04988537764877054,-0.05,-0.22924470245893058,,,,,,,,,,,,,,,,,,,,,,,,,,,,,,,,,,,,0
s9_k5ac_a_s09_pos100_tap3_mc212_cpl0_rp4p8300395484_rn4p99760949024_f12370_f21100_a0_dac1p25,K5AC,A,9,5.0,100,3,212,ac,0.0,0.0,0,1.25,0,4.830039548397559,4.99760949023594,40.0,2370.0,1100.0,,0,1010641.2689099667,0.0003694273892049044,6971.613999635192,13.024751192660615,24.39830443481729,0,2473621.9916389273,429.04594333066126,480.47678332471776,51.4308399940565,-0.04844543288539273,-0.05,-3.1091342292145496,,,,,,,,,,,,,,,,,,,,,,,,,,,,,,,,,,,,0
s9_k5ac_a_s09_pos100_tap3_mc213_cpl0_rp4p99178545096_rn4p87438824931_f12370_f21100_a0_dac1p25,K5AC,A,9,5.0,100,3,213,ac,0.0,0.0,0,1.25,0,4.991785450964725,4.874388249309158,40.0,2370.0,1100.0,,0,1042920.0070090244,0.011237704492342487,12397.477630290425,12.76018111163966,24.190688740589753,0,2473621.9916389273,421.8578650846483,484.63321565218854,62.775350567540215,-0.04978811968957022,-0.05,-0.4237606208595701,,,,,,,,,,,,,,,,,,,,,,,,,,,,,,,,,,,,0
s9_k5ac_a_s09_pos100_tap3_mc214_cpl0_rp4p94597574195_rn4p83648419083_f12370_f21100_a0_dac1p25,K5AC,A,9,5.0,100,3,214,ac,0.0,0.0,0,1.25,0,4.945975741946487,4.836484190833586,40.0,2370.0,1100.0,,0,943881.6485899885,1.7734391460837392e-05,23.622906626345245,14.247737847634285,25.742364435310222,0,2473621.9916389273,450.93458200828366,490.3157067143124,39.38112470602874,-0.04951435289201937,-0.05,-0.9712942159612603,,,,,,,,,,,,,,,,,,,,,,,,,,,,,,,,,,,,0
s9_k5ac_a_s09_pos100_tap3_mc215_cpl0_rp4p8838776552_rn4p8125330308_f12370_f21100_a0_dac1p25,K5AC,A,9,5.0,100,3,215,ac,0.0,0.0,0,1.25,0,4.883877655199192,4.812533030802979,40.0,2370.0,1100.0,,0,1005518.2698657028,1.8316112851768165e-05,1000.0000000000581,13.701554624731948,25.351449682659077,0,2473621.9916389273,436.94213374702827,498.14766270861026,61.20552896158199,-0.04936136042994147,-0.05,-1.2772791401170602,,,,,,,,,,,,,,,,,,,,,,,,,,,,,,,,,,,,0
s9_k5ac_a_s09_pos100_tap3_mc216_cpl0_rp4p92934161604_rn4p86046879292_f12370_f21100_a0_dac1p25,K5AC,A,9,5.0,100,3,216,ac,0.0,0.0,0,1.25,0,4.92934161604249,4.8604687929204635,40.0,2370.0,1100.0,,0,967970.1412982354,1.7450953397729624e-05,13.910198687980836,13.682128198183483,25.104641010139844,0,2473621.9916389273,407.3786548962951,500.7624521652723,93.38379726897722,-0.04995985769058556,-0.05,-0.08028461882888527,,,,,,,,,,,,,,,,,,,,,,,,,,,,,,,,,,,,0
s9_k5ac_a_s09_pos100_tap3_mc217_cpl0_rp4p99303909397_rn4p9377031678_f12370_f21100_a0_dac1p25,K5AC,A,9,5.0,100,3,217,ac,0.0,0.0,0,1.25,0,4.993039093967263,4.937703167795284,40.0,2370.0,1100.0,,0,1043105.9128467188,1.7778412771187085e-05,23.988329190195547,13.286703076357268,24.92513884078289,0,2473621.9916389273,428.04889946760835,501.4474082349911,73.39850876738274,-0.04936235763251635,-0.05,-1.275284734967308,,,,,,,,,,,,,,,,,,,,,,,,,,,,,,,,,,,,0
s9_k5ac_a_s09_pos100_tap3_mc218_cpl0_rp4p89757233022_rn4p89017495296_f12370_f21100_a0_dac1p25,K5AC,A,9,5.0,100,3,218,ac,0.0,0.0,0,1.25,0,4.897572330219129,4.890174952963784,40.0,2370.0,1100.0,,0,952253.6690628197,0.003914233805330391,11306.633979497277,14.089165607529845,25.525249060968534,0,2473621.9916389273,447.47806693455453,488.4828628093895,41.00479587483494,-0.049817076638701975,-0.05,-0.36584672259605266,,,,,,,,,,,,,,,,,,,,,,,,,,,,,,,,,,,,0
s9_k5ac_a_s09_pos100_tap3_mc219_cpl0_rp4p86955742959_rn4p98260407532_f12370_f21100_a0_dac1p25,K5AC,A,9,5.0,100,3,219,ac,0.0,0.0,0,1.25,0,4.8695574295933435,4.982604075316092,40.0,2370.0,1100.0,,0,957589.2352057336,1.746256428018042e-05,13.803842646029153,14.592539676499726,26.31193099768724,0,2473621.9916389273,418.5400584017212,509.81340240759465,91.27334400587347,-0.05007279063437029,-0.05,0.14558126874057997,,,,,,,,,,,,,,,,,,,,,,,,,,,,,,,,,,,,0
s9_k5ac_a_s09_pos100_tap3_mc21_cpl0_rp4p88893683381_rn4p85239743988_f12370_f21100_a0_dac1p25,K5AC,A,9,5.0,100,3,21,ac,0.0,0.0,0,1.25,0,4.888936833814934,4.852397439877141,40.0,2370.0,1100.0,,0,976085.9467835485,0.01447359054470361,12882.495516932364,13.666419806338105,25.1681702905975,0,2473621.9916389273,441.4967098473029,486.7964947154078,45.299784868104894,-0.0491419675436694,-0.05,-1.716064912661197,,,,,,,,,,,,,,,,,,,,,,,,,,,,,,,,,,,,0
s9_k5ac_a_s09_pos100_tap3_mc220_cpl0_rp4p9747860182_rn4p84823286829_f12370_f21100_a0_dac1p25,K5AC,A,9,5.0,100,3,220,ac,0.0,0.0,0,1.25,0,4.974786018204106,4.848232868289286,40.0,2370.0,1100.0,,0,1053397.6958437667,0.10829678540509657,57104.01788945795,12.989533265252295,24.539052210632793,0,2473621.9916389273,407.90031377536604,494.87314998571685,86.9728362103508,-0.048931514996331596,-0.05,-2.1369700073368136,,,,,,,,,,,,,,,,,,,,,,,,,,,,,,,,,,,,0
s9_k5ac_a_s09_pos100_tap3_mc221_cpl0_rp4p95709132515_rn4p9533377626_f12370_f21100_a0_dac1p25,K5AC,A,9,5.0,100,3,221,ac,0.0,0.0,0,1.25,0,4.957091325146115,4.953337762595706,40.0,2370.0,1100.0,,0,1054714.8491025218,0.005160245396490877,11839.499222293953,12.707529395568631,24.192166231241092,0,2473621.9916389273,419.8797670053236,488.61665841302465,68.73689140770108,-0.04936371902097358,-0.05,-1.2725619580528535,,,,,,,,,,,,,,,,,,,,,,,,,,,,,,,,,,,,0
s9_k5ac_a_s09_pos100_tap3_mc222_cpl0_rp4p95820886116_rn4p82531137377_f12370_f21100_a0_dac1p25,K5AC,A,9,5.0,100,3,222,ac,0.0,0.0,0,1.25,0,4.958208861157256,4.825311373766492,40.0,2370.0,1100.0,,0,993667.9396528709,0.005928593722275849,12115.276586286842,13.52350731272957,24.926082848763176,0,2473621.9916389273,434.6693240650339,488.55719145235383,53.88786738731994,-0.04855909996464478,-0.05,-2.8818000707104385,,,,,,,,,,,,,,,,,,,,,,,,,,,,,,,,,,,,0
s9_k5ac_a_s09_pos100_tap3_mc223_cpl0_rp4p97843931178_rn4p82159454777_f12370_f21100_a0_dac1p25,K5AC,A,9,5.0,100,3,223,ac,0.0,0.0,0,1.25,0,4.978439311778949,4.821594547770245,40.0,2370.0,1100.0,,0,1048879.06721199,1.7772311622655152e-05,25.11886431509648,13.193112859163758,24.91846978602776,0,2473621.9916389273,425.67992542224926,500.58369258904156,74.9037671667923,-0.048847056555222396,-0.05,-2.3058868895552087,,,,,,,,,,,,,,,,,,,,,,,,,,,,,,,,,,,,0
s9_k5ac_a_s09_pos100_tap3_mc224_cpl0_rp4p82657894055_rn4p93307495497_f12370_f21100_a0_dac1p25,K5AC,A,9,5.0,100,3,224,ac,0.0,0.0,0,1.25,0,4.82657894054647,4.933074954973275,40.0,2370.0,1100.0,,0,978283.9132812428,0.0840618795372499,48603.401759906585,13.557049925180653,24.92819056361622,0,2473621.9916389273,420.47360825298375,482.0808584043225,61.60725015133875,-0.04959568465384762,-0.05,-0.808630692304757,,,,,,,,,,,,,,,,,,,,,,,,,,,,,,,,,,,,0
s9_k5ac_a_s09_pos100_tap3_mc225_cpl0_rp4p91033180571_rn4p92327324586_f12370_f21100_a0_dac1p25,K5AC,A,9,5.0,100,3,225,ac,0.0,0.0,0,1.25,0,4.910331805710256,4.923273245855662,40.0,2370.0,1100.0,,0,974513.8958336922,0.006113338264386368,11306.633979497277,13.714608547577718,25.21812626580725,0,2473621.9916389273,442.8860639446759,487.3747240336653,44.48866008898938,-0.048514011455216804,-0.05,-2.971977089566391,,,,,,,,,,,,,,,,,,,,,,,,,,,,,,,,,,,,0
s9_k5ac_a_s09_pos100_tap3_mc226_cpl0_rp4p96173419505_rn4p95577109073_f12370_f21100_a0_dac1p25,K5AC,A,9,5.0,100,3,226,ac,0.0,0.0,0,1.25,0,4.961734195045354,4.955771090734503,40.0,2370.0,1100.0,,0,996040.9446345752,1.760044776679969e-05,14.9050464338623,14.143360006775614,25.80343568017342,0,2473621.9916389273,419.85308953562844,509.3263494378162,89.47325990218775,-0.04968464293161594,-0.05,-0.630714136768129,,,,,,,,,,,,,,,,,,,,,,,,,,,,,,,,,,,,0
s9_k5ac_a_s09_pos100_tap3_mc227_cpl0_rp4p86653885895_rn4p97235310029_f12370_f21100_a0_dac1p25,K5AC,A,9,5.0,100,3,227,ac,0.0,0.0,0,1.25,0,4.866538858950978,4.9723531002915,40.0,2370.0,1100.0,,0,1010417.79112306,0.018583013599756542,13593.563908786344,13.934477831001734,25.812902608221258,0,2473621.9916389273,439.6729048524719,508.03919075118705,68.36628589871515,-0.05002696283883037,-0.05,0.05392567766073775,,,,,,,,,,,,,,,,,,,,,,,,,,,,,,,,,,,,0
s9_k5ac_a_s09_pos100_tap3_mc228_cpl0_rp4p96348419926_rn4p99125268425_f12370_f21100_a0_dac1p25,K5AC,A,9,5.0,100,3,228,ac,0.0,0.0,0,1.25,0,4.9634841992590335,4.991252684245683,40.0,2370.0,1100.0,,0,1012124.7752542017,0.0007652372088244012,8446.303185840326,13.110988265285338,24.5490177493388,0,2473621.9916389273,430.934631208196,483.93785745577503,53.00322624757905,-0.05002729601831726,-0.05,0.054592036634515395,,,,,,,,,,,,,,,,,,,,,,,,,,,,,,,,,,,,0
s9_k5ac_a_s09_pos100_tap3_mc229_cpl0_rp4p91253212238_rn4p85189192822_f12370_f21100_a0_dac1p25,K5AC,A,9,5.0,100,3,229,ac,0.0,0.0,0,1.25,0,4.9125321223795915,4.851891928216548,40.0,2370.0,1100.0,,0,1023978.4287718065,0.003011161280865758,11393.749492814264,12.936552307068553,24.29510996979454,0,2473621.9916389273,426.18696145465833,483.5357412319071,57.34877977724875,-0.05044439985264432,-0.05,0.8887997052886343,,,,,,,,,,,,,,,,,,,,,,,,,,,,,,,,,,,,0
s9_k5ac_a_s09_pos100_tap3_mc22_cpl0_rp4p92425147698_rn4p80676320219_f12370_f21100_a0_dac1p25,K5AC,A,9,5.0,100,3,22,ac,0.0,0.0,0,1.25,0,4.924251476982826,4.80676320218761,40.0,2370.0,1100.0,,0,989010.1741557586,1.7443658626113333e-05,14.01737418346801,13.632462248954551,25.158547598996073,0,2473621.9916389273,401.8215288728415,499.26804306967,97.4465141968285,-0.04877355780534218,-0.05,-2.452884389315646,,,,,,,,,,,,,,,,,,,,,,,,,,,,,,,,,,,,0
s9_k5ac_a_s09_pos100_tap3_mc230_cpl0_rp4p94158449776_rn4p93388173557_f12370_f21100_a0_dac1p25,K5AC,A,9,5.0,100,3,230,ac,0.0,0.0,0,1.25,0,4.941584497758334,4.933881735571261,40.0,2370.0,1100.0,,0,1011502.0737801634,0.013320200921273609,12686.251981033603,13.517164398119645,25.10294212164894,0,2473621.9916389273,435.12115940479333,495.60329819912585,60.48213879433251,-0.05030087904786703,-0.05,0.6017580957340618,,,,,,,,,,,,,,,,,,,,,,,,,,,,,,,,,,,,0
s9_k5ac_a_s09_pos100_tap3_mc231_cpl0_rp4p84593088809_rn4p89252190322_f12370_f21100_a0_dac1p25,K5AC,A,9,5.0,100,3,231,ac,0.0,0.0,0,1.25,0,4.8459308880914875,4.892521903217098,40.0,2370.0,1100.0,,0,1033214.2725913657,0.01366577736329357,13182.567385565122,13.268404252091594,24.74227428567355,0,2473621.9916389273,424.8187223040989,496.5223601235686,71.70363781946969,-0.049397780924882305,-0.05,-1.2044381502353985,,,,,,,,,,,,,,,,,,,,,,,,,,,,,,,,,,,,0
s9_k5ac_a_s09_pos100_tap3_mc232_cpl0_rp4p91884978598_rn4p84125086367_f12370_f21100_a0_dac1p25,K5AC,A,9,5.0,100,3,232,ac,0.0,0.0,0,1.25,0,4.918849785980269,4.841250863673151,40.0,2370.0,1100.0,,0,996228.8612322913,1.7816972940210175e-05,24.547089156850962,13.004785821398773,24.339947409887692,0,2473621.9916389273,432.84239651221816,475.5247048699382,42.682308357720046,-0.04956334930688932,-0.05,-0.8733013862213701,,,,,,,,,,,,,,,,,,,,,,,,,,,,,,,,,,,,0
s9_k5ac_a_s09_pos100_tap3_mc233_cpl0_rp4p90482749968_rn4p978777546_f12370_f21100_a0_dac1p25,K5AC,A,9,5.0,100,3,233,ac,0.0,0.0,0,1.25,0,4.904827499680167,4.978777546003827,40.0,2370.0,1100.0,,0,1024010.5353643355,0.0007187002759450412,8317.63771102734,12.958419246170193,24.32091463157353,0,2473621.9916389273,426.22562119619056,483.5436578167608,57.31803662057024,-0.04864306416729488,-0.05,-2.71387166541025,,,,,,,,,,,,,,,,,,,,,,,,,,,,,,,,,,,,0
s9_k5ac_a_s09_pos100_tap3_mc234_cpl0_rp4p94911058996_rn4p81410277629_f12370_f21100_a0_dac1p25,K5AC,A,9,5.0,100,3,234,ac,0.0,0.0,0,1.25,0,4.949110589958199,4.814102776289683,40.0,2370.0,1100.0,,0,1020675.1367690462,1.7784155256205805e-05,23.80491673125578,13.665771939140642,25.432619905872446,0,2473621.9916389273,435.844202028397,503.5298756806515,67.68567365225454,-0.04931067783505591,-0.05,-1.378644329888179,,,,,,,,,,,,,,,,,,,,,,,,,,,,,,,,,,,,0
s9_k5ac_a_s09_pos100_tap3_mc235_cpl0_rp4p9153709398_rn4p90964172791_f12370_f21100_a0_dac1p25,K5AC,A,9,5.0,100,3,235,ac,0.0,0.0,0,1.25,0,4.915370939804115,4.909641727913646,40.0,2370.0,1100.0,,0,973883.3245054431,0.007324708168108779,9261.187281288645,14.143432019986506,25.651671836831902,0,2473621.9916389273,439.3890667671665,498.22345936494526,58.83439259777873,-0.04967821663638761,-0.05,-0.6435667272247869,,,,,,,,,,,,,,,,,,,,,,,,,,,,,,,,,,,,0
s9_k5ac_a_s09_pos100_tap3_mc236_cpl0_rp4p94951352822_rn4p89532038323_f12370_f21100_a0_dac1p25,K5AC,A,9,5.0,100,3,236,ac,0.0,0.0,0,1.25,0,4.949513528216103,4.895320383234305,40.0,2370.0,1100.0,,0,1004805.4361207146,0.030966522752672733,20106.354402586552,13.96444673775305,25.78398523462176,0,2473621.9916389273,442.88108988401603,505.93120933121116,63.05011944719513,-0.05020715285074547,-0.05,0.4143057014909468,,,,,,,,,,,,,,,,,,,,,,,,,,,,,,,,,,,,0
s9_k5ac_a_s09_pos100_tap3_mc237_cpl0_rp4p93173514821_rn4p92000156183_f12370_f21100_a0_dac1p25,K5AC,A,9,5.0,100,3,237,ac,0.0,0.0,0,1.25,0,4.931735148212523,4.920001561829357,40.0,2370.0,1100.0,,0,1044705.5386456851,0.001194139014493418,8981.178609607632,13.361960467491224,24.9566187172557,0,2473621.9916389273,426.63224237909566,503.5955701722246,76.96332779312894,-0.05010409069357409,-0.05,0.20818138714817636,,,,,,,,,,,,,,,,,,,,,,,,,,,,,,,,,,,,0
s9_k5ac_a_s09_pos100_tap3_mc238_cpl0_rp4p88963276925_rn4p85821760049_f12370_f21100_a0_dac1p25,K5AC,A,9,5.0,100,3,238,ac,0.0,0.0,0,1.25,0,4.889632769247549,4.85821760048949,40.0,2370.0,1100.0,,0,1021201.469928163,1.770209977172297e-05,22.733518989206896,13.328367934321426,24.79269587348428,0,2473621.9916389273,430.31871011542205,492.9597289338981,62.64101881847603,-0.05080454473143514,-0.05,1.6090894628702834,,,,,,,,,,,,,,,,,,,,,,,,,,,,,,,,,,,,0
s9_k5ac_a_s09_pos100_tap3_mc239_cpl0_rp4p94176165779_rn4p9259712967_f12370_f21100_a0_dac1p25,K5AC,A,9,5.0,100,3,239,ac,0.0,0.0,0,1.25,0,4.94176165779403,4.925971296700741,40.0,2370.0,1100.0,,0,951312.9095520881,1.7304077353164637e-05,12.302687708124076,14.11392176968356,25.639500657347643,0,2473621.9916389273,395.39143336687897,520.5752580030726,125.1838246361936,-0.04907061363262632,-0.05,-1.8587727347473715,,,,,,,,,,,,,,,,,,,,,,,,,,,,,,,,,,,,0
s9_k5ac_a_s09_pos100_tap3_mc23_cpl0_rp4p9897299409_rn4p99451175924_f12370_f21100_a0_dac1p25,K5AC,A,9,5.0,100,3,23,ac,0.0,0.0,0,1.25,0,4.989729940895217,4.994511759235949,40.0,2370.0,1100.0,,0,997633.8387915121,0.03798194726036483,34145.48873833901,14.066930583812983,25.70442018547475,0,2473621.9916389273,439.91059554479574,503.2695463867,63.35895084190423,-0.04865406194069469,-0.05,-2.6918761186106255,,,,,,,,,,,,,,,,,,,,,,,,,,,,,,,,,,,,0
s9_k5ac_a_s09_pos100_tap3_mc240_cpl0_rp4p97652967904_rn4p85595368377_f12370_f21100_a0_dac1p25,K5AC,A,9,5.0,100,3,240,ac,0.0,0.0,0,1.25,0,4.976529679038606,4.855953683770988,40.0,2370.0,1100.0,,0,979895.6947077463,0.005277360951877584,11839.499222293953,14.170264103647252,25.787262308644102,0,2473621.9916389273,445.0209968663143,501.8087351981473,56.787738331833,-0.049154101276188085,-0.05,-1.6917974476238329,,,,,,,,,,,,,,,,,,,,,,,,,,,,,,,,,,,,0
s9_k5ac_a_s09_pos100_tap3_mc241_cpl0_rp4p99714199044_rn4p97460890294_f12370_f21100_a0_dac1p25,K5AC,A,9,5.0,100,3,241,ac,0.0,0.0,0,1.25,0,4.997141990437619,4.974608902935586,40.0,2370.0,1100.0,,0,1033068.7877660325,0.00014821433398900768,5798.7359510087335,12.900172659005326,24.457661015301632,0,2473621.9916389273,426.41476722716806,486.81342673495476,60.398659507786704,-0.04933177078119412,-0.05,-1.336458437611765,,,,,,,,,,,,,,,,,,,,,,,,,,,,,,,,,,,,0
s9_k5ac_a_s09_pos100_tap3_mc242_cpl0_rp4p96365611923_rn4p81610003039_f12370_f21100_a0_dac1p25,K5AC,A,9,5.0,100,3,242,ac,0.0,0.0,0,1.25,0,4.963656119225819,4.816100030390195,40.0,2370.0,1100.0,,0,1013437.4390422998,1.7704759902190718e-05,22.908676527678335,13.183534707142641,24.565761810932578,0,2473621.9916389273,428.8377729551925,485.46512825807355,56.62735530288103,-0.04905809409480399,-0.05,-1.8838118103920332,,,,,,,,,,,,,,,,,,,,,,,,,,,,,,,,,,,,0
s9_k5ac_a_s09_pos100_tap3_mc243_cpl0_rp4p93636149461_rn4p88398417069_f12370_f21100_a0_dac1p25,K5AC,A,9,5.0,100,3,243,ac,0.0,0.0,0,1.25,0,4.936361494608106,4.883984170689021,40.0,2370.0,1100.0,,0,963290.0203708536,1.7764819191583547e-05,23.442288153199843,14.392751327515551,25.944166881077738,0,2473621.9916389273,447.38929781164285,500.57049573443106,53.181197922788215,-0.04950572814016555,-0.05,-0.9885437196688995,,,,,,,,,,,,,,,,,,,,,,,,,,,,,,,,,,,,0
s9_k5ac_a_s09_pos100_tap3_mc244_cpl0_rp4p92283608296_rn4p91456992577_f12370_f21100_a0_dac1p25,K5AC,A,9,5.0,100,3,244,ac,0.0,0.0,0,1.25,0,4.922836082955919,4.91456992576517,40.0,2370.0,1100.0,,0,967528.9455728729,1.7695964025067076e-05,23.80491673125578,14.056532482838955,25.71596893672645,0,2473621.9916389273,447.80259506982213,494.67450665239045,46.871911582568316,-0.04927252983962557,-0.05,-1.4549403207488543,,,,,,,,,,,,,,,,,,,,,,,,,,,,,,,,,,,,0
s9_k5ac_a_s09_pos100_tap3_mc245_cpl0_rp4p88532259635_rn4p84707416577_f12370_f21100_a0_dac1p25,K5AC,A,9,5.0,100,3,245,ac,0.0,0.0,0,1.25,0,4.885322596348982,4.847074165771614,40.0,2370.0,1100.0,,0,990430.490457949,0.020857802222386184,12492.997891188323,13.940859846994012,25.50271130679308,0,2473621.9916389273,437.5574629174577,499.84166714239757,62.284204224939856,-0.050707163727378456,-0.05,1.414327454756914,,,,,,,,,,,,,,,,,,,,,,,,,,,,,,,,,,,,0
s9_k5ac_a_s09_pos100_tap3_mc246_cpl0_rp4p97229677993_rn4p90202300027_f12370_f21100_a0_dac1p25,K5AC,A,9,5.0,100,3,246,ac,0.0,0.0,0,1.25,0,4.972296779927454,4.90202300026721,40.0,2370.0,1100.0,,0,991523.2250618265,3.271428023216428e-05,4860.340175990565,14.18222447043038,25.98097392320348,0,2473621.9916389273,444.20042333910993,507.1561584539122,62.95573511480228,-0.049779796686615245,-0.05,-0.44040662676951836,,,,,,,,,,,,,,,,,,,,,,,,,,,,,,,,,,,,0
s9_k5ac_a_s09_pos100_tap3_mc247_cpl0_rp4p9067598612_rn4p83667745746_f12370_f21100_a0_dac1p25,K5AC,A,9,5.0,100,3,247,ac,0.0,0.0,0,1.25,0,4.906759861198976,4.836677457462542,40.0,2370.0,1100.0,,0,1009836.5669508966,1.7637849257084298e-05,23.80491673125578,13.911990962188685,25.568027171220972,0,2473621.9916389273,435.5259612613249,506.47581946417046,70.94985820284558,-0.04973867989650138,-0.05,-0.522640206997238,,,,,,,,,,,,,,,,,,,,,,,,,,,,,,,,,,,,0
s9_k5ac_a_s09_pos100_tap3_mc248_cpl0_rp4p91276697059_rn4p88094372504_f12370_f21100_a0_dac1p25,K5AC,A,9,5.0,100,3,248,ac,0.0,0.0,0,1.25,0,4.912766970587882,4.880943725040297,40.0,2370.0,1100.0,,0,985625.9831770239,0.015806687801460613,12783.997194631253,14.287729988084147,25.885421468854485,0,2473621.9916389273,442.73632696079613,506.59513202091927,63.85880506012313,-0.0499282238030458,-0.05,-0.14355239390840824,,,,,,,,,,,,,,,,,,,,,,,,,,,,,,,,,,,,0
s9_k5ac_a_s09_pos100_tap3_mc249_cpl0_rp4p80321874913_rn4p90064253942_f12370_f21100_a0_dac1p25,K5AC,A,9,5.0,100,3,249,ac,0.0,0.0,0,1.25,0,4.803218749129418,4.900642539415244,40.0,2370.0,1100.0,,0,991804.6660650299,1.773387409827924e-05,23.80491673125578,14.18833624737523,25.940302013965333,0,2473621.9916389273,443.63072667090614,506.81450922951626,63.18378255861012,-0.04911108620958769,-0.05,-1.7778275808246202,,,,,,,,,,,,,,,,,,,,,,,,,,,,,,,,,,,,0
s9_k5ac_a_s09_pos100_tap3_mc24_cpl0_rp4p87095090022_rn4p94382442661_f12370_f21100_a0_dac1p25,K5AC,A,9,5.0,100,3,24,ac,0.0,0.0,0,1.25,0,4.8709509002161315,4.943824426609955,40.0,2370.0,1100.0,,0,950848.581857992,0.0009536497959672795,8709.63589956147,13.974349042558574,25.332386132445507,0,2473621.9916389273,445.51064978489484,484.7913420762484,39.280692291353546,-0.05017722558087246,-0.05,0.35445116174490643,,,,,,,,,,,,,,,,,,,,,,,,,,,,,,,,,,,,0
s9_k5ac_a_s09_pos100_tap3_mc250_cpl0_rp4p90639839029_rn4p94429674382_f12370_f21100_a0_dac1p25,K5AC,A,9,5.0,100,3,250,ac,0.0,0.0,0,1.25,0,4.906398390294764,4.944296743823049,40.0,2370.0,1100.0,,0,985360.8583766628,0.0028200959595633956,11049.263568488455,14.225875935816006,25.80546985657063,0,2473621.9916389273,443.81957745249014,505.13310861591987,61.31353116342973,-0.04895673970202698,-0.05,-2.086520595946051,,,,,,,,,,,,,,,,,,,,,,,,,,,,,,,,,,,,0
s9_k5ac_a_s09_pos100_tap3_mc251_cpl0_rp4p88829184932_rn4p83881567663_f12370_f21100_a0_dac1p25,K5AC,A,9,5.0,100,3,251,ac,0.0,0.0,0,1.25,0,4.888291849315955,4.838815676632653,40.0,2370.0,1100.0,,0,964994.1895692688,1.764162911413534e-05,24.35940447292092,14.35804189092313,26.007285784284672,0,2473621.9916389273,448.6786682293686,501.32461747302176,52.64594924365315,-0.05034163434563369,-0.05,0.6832686912673802,,,,,,,,,,,,,,,,,,,,,,,,,,,,,,,,,,,,0
s9_k5ac_a_s09_pos100_tap3_mc252_cpl0_rp4p82748749781_rn4p95954260264_f12370_f21100_a0_dac1p25,K5AC,A,9,5.0,100,3,252,ac,0.0,0.0,0,1.25,0,4.827487497808149,4.959542602643575,40.0,2370.0,1100.0,,0,976438.8174263462,0.005479242727881938,11839.499222293953,13.603548011389563,24.970948294825288,0,2473621.9916389273,439.54310762677005,484.0022456639971,44.459138037227035,-0.04955003063201967,-0.05,-0.8999387359606703,,,,,,,,,,,,,,,,,,,,,,,,,,,,,,,,,,,,0
s9_k5ac_a_s09_pos100_tap3_mc253_cpl0_rp4p88764588563_rn4p88894758767_f12370_f21100_a0_dac1p25,K5AC,A,9,5.0,100,3,253,ac,0.0,0.0,0,1.25,0,4.887645885627932,4.888947587665772,40.0,2370.0,1100.0,,0,1032109.6489029055,0.0001889150455321646,5979.524734045956,12.71190009553562,24.114569670797458,0,2473621.9916389273,423.74708208807976,479.5358478179479,55.788765729868146,-0.04884092948422047,-0.05,-2.3181410315590734,,,,,,,,,,,,,,,,,,,,,,,,,,,,,,,,,,,,0
s9_k5ac_a_s09_pos100_tap3_mc254_cpl0_rp4p96697839098_rn4p94604752154_f12370_f21100_a0_dac1p25,K5AC,A,9,5.0,100,3,254,ac,0.0,0.0,0,1.25,0,4.966978390981929,4.946047521542091,40.0,2370.0,1100.0,,0,972889.3059124397,1.762297228729801e-05,22.559700688436354,14.216820473660498,25.757452079417483,0,2473621.9916389273,438.98485065996596,499.44738104734455,60.46253038737859,-0.049085901412442366,-0.05,-1.828197175115276,,,,,,,,,,,,,,,,,,,,,,,,,,,,,,,,,,,,0
s9_k5ac_a_s09_pos100_tap3_mc255_cpl0_rp4p95577092362_rn4p82720877893_f12370_f21100_a0_dac1p25,K5AC,A,9,5.0,100,3,255,ac,0.0,0.0,0,1.25,0,4.955770923615263,4.827208778925075,40.0,2370.0,1100.0,,0,945624.0181868287,0.011506729491069428,12302.68770812479,14.157426593567369,25.544099571596163,0,2473621.9916389273,447.722654375567,487.3266474883731,39.60399311280611,-0.048804249771106006,-0.05,-2.3915004577879873,,,,,,,,,,,,,,,,,,,,,,,,,,,,,,,,,,,,0
s9_k5ac_a_s09_pos100_tap3_mc256_cpl0_rp4p96150384685_rn4p82679675165_f12370_f21100_a0_dac1p25,K5AC,A,9,5.0,100,3,256,ac,0.0,0.0,0,1.25,0,4.9615038468530726,4.82679675165486,40.0,2370.0,1100.0,,0,1004531.6965253891,0.007265942525004807,11930.720363266277,13.676347369809257,25.271730534403353,0,2473621.9916389273,435.09318987304624,496.2378859551742,61.14469608212795,-0.04846108809422839,-0.05,-3.0778238115432233,,,,,,,,,,,,,,,,,,,,,,,,,,,,,,,,,,,,0
s9_k5ac_a_s09_pos100_tap3_mc257_cpl0_rp4p86717588036_rn4p88837970906_f12370_f21100_a0_dac1p25,K5AC,A,9,5.0,100,3,257,ac,0.0,0.0,0,1.25,0,4.867175880356308,4.888379709062037,40.0,2370.0,1100.0,,0,1019245.7002774621,0.003289669161561462,11481.53621496973,13.544273379571354,25.155061057560605,0,2473621.9916389273,433.0083164331413,497.9343943697671,64.9260779366258,-0.04917706648331053,-0.05,-1.645867033378945,,,,,,,,,,,,,,,,,,,,,,,,,,,,,,,,,,,,0
s9_k5ac_a_s09_pos100_tap3_mc258_cpl0_rp4p88877692796_rn4p85246225886_f12370_f21100_a0_dac1p25,K5AC,A,9,5.0,100,3,258,ac,0.0,0.0,0,1.25,0,4.8887769279612066,4.852462258858391,40.0,2370.0,1100.0,,0,994407.1268984566,0.00027267021244551846,6812.920690580118,13.904261566846554,25.60179897668995,0,2473621.9916389273,442.6826401986205,499.8907883815042,57.20814818288369,-0.0486099318420012,-0.05,-2.7801363159976056,,,,,,,,,,,,,,,,,,,,,,,,,,,,,,,,,,,,0
s9_k5ac_a_s09_pos100_tap3_mc259_cpl0_rp4p9579517246_rn4p81782168776_f12370_f21100_a0_dac1p25,K5AC,A,9,5.0,100,3,259,ac,0.0,0.0,0,1.25,0,4.957951724600125,4.817821687756452,40.0,2370.0,1100.0,,0,1027887.1262855472,0.000620871033310378,3772.8250474472557,13.577402285472738,25.10846557796874,0,2473621.9916389273,413.46628089377646,504.43653896329073,90.97025806951427,-0.048319976882855026,-0.05,-3.3600462342899484,,,,,,,,,,,,,,,,,,,,,,,,,,,,,,,,,,,,0
s9_k5ac_a_s09_pos100_tap3_mc25_cpl0_rp4p94809069737_rn4p86893407988_f12370_f21100_a0_dac1p25,K5AC,A,9,5.0,100,3,25,ac,0.0,0.0,0,1.25,0,4.948090697367347,4.868934079880725,40.0,2370.0,1100.0,,0,1011768.9089356094,1.7724976878289772e-05,22.733518989206896,13.475095532786765,25.120341235439852,0,2473621.9916389273,434.89502996800314,494.56453849649114,59.669508528487995,-0.04850472427737096,-0.05,-2.990551445258083,,,,,,,,,,,,,,,,,,,,,,,,,,,,,,,,,,,,0
s9_k5ac_a_s09_pos100_tap3_mc260_cpl0_rp4p8152422395_rn4p80619927478_f12370_f21100_a0_dac1p25,K5AC,A,9,5.0,100,3,260,ac,0.0,0.0,0,1.25,0,4.81524223950122,4.806199274783992,40.0,2370.0,1100.0,,0,984103.520794448,0.0008269559007259219,8511.380382024412,13.766576674068357,25.356995601509116,0,2473621.9916389273,441.9373431098191,492.1463469954264,50.20900388560733,-0.049414767638925786,-0.05,-1.1704647221484343,,,,,,,,,,,,,,,,,,,,,,,,,,,,,,,,,,,,0
s9_k5ac_a_s09_pos100_tap3_mc261_cpl0_rp4p99674292571_rn4p92532545127_f12370_f21100_a0_dac1p25,K5AC,A,9,5.0,100,3,261,ac,0.0,0.0,0,1.25,0,4.996742925711324,4.925325451272178,40.0,2370.0,1100.0,,0,986863.4080070303,0.00246625421174197,10232.929922808335,13.603989698842053,25.184739801281015,0,2473621.9916389273,439.5965444492283,489.0424813168947,49.445936867666376,-0.049545726629118145,-0.05,-0.9085467417637161,,,,,,,,,,,,,,,,,,,,,,,,,,,,,,,,,,,,0
s9_k5ac_a_s09_pos100_tap3_mc262_cpl0_rp4p91344335367_rn4p99383127602_f12370_f21100_a0_dac1p25,K5AC,A,9,5.0,100,3,262,ac,0.0,0.0,0,1.25,0,4.913443353669787,4.993831276024584,40.0,2370.0,1100.0,,0,1078925.8554496756,0.18585690040708547,65564.184941804,12.791915954177364,24.37947327181813,0,2473621.9916389273,384.90664513611205,498.32119556352154,113.4145504274095,-0.049543332146127245,-0.05,-0.9133357077455106,,,,,,,,,,,,,,,,,,,,,,,,,,,,,,,,,,,,0
s9_k5ac_a_s09_pos100_tap3_mc263_cpl0_rp4p88067085141_rn4p88387044565_f12370_f21100_a0_dac1p25,K5AC,A,9,5.0,100,3,263,ac,0.0,0.0,0,1.25,0,4.880670851412191,4.883870445650321,40.0,2370.0,1100.0,,0,1003582.6131861722,0.0001376972278828412,5754.399373371988,13.79190959601335,25.366915423442634,0,2473621.9916389273,434.91478213014864,499.6885554844831,64.77377335433448,-0.04887231705857321,-0.05,-2.2553658828535883,,,,,,,,,,,,,,,,,,,,,,,,,,,,,,,,,,,,0
s9_k5ac_a_s09_pos100_tap3_mc264_cpl0_rp4p98667603636_rn4p86889694564_f12370_f21100_a0_dac1p25,K5AC,A,9,5.0,100,3,264,ac,0.0,0.0,0,1.25,0,4.9866760363581975,4.868896945639033,40.0,2370.0,1100.0,,0,1016129.1568635798,5.7470993533235e-05,4200.812845890361,13.253686716259525,24.776145762680184,0,2473621.9916389273,430.36323824725486,490.21889300158205,59.85565475432719,-0.04880604351494335,-0.05,-2.387912970113304,,,,,,,,,,,,,,,,,,,,,,,,,,,,,,,,,,,,0
s9_k5ac_a_s09_pos100_tap3_mc265_cpl0_rp4p86689686023_rn4p86443380961_f12370_f21100_a0_dac1p25,K5AC,A,9,5.0,100,3,265,ac,0.0,0.0,0,1.25,0,4.866896860230826,4.864433809607853,40.0,2370.0,1100.0,,0,1005968.3111632845,2.0675685571129842e-05,969.7653591083053,13.060743777209758,24.56938107354391,0,2473621.9916389273,434.5754398100629,481.724718695005,47.14927888494208,-0.05059536805573363,-0.05,1.19073611146725,,,,,,,,,,,,,,,,,,,,,,,,,,,,,,,,,,,,0
s9_k5ac_a_s09_pos100_tap3_mc266_cpl0_rp4p98984824733_rn4p98947853282_f12370_f21100_a0_dac1p25,K5AC,A,9,5.0,100,3,266,ac,0.0,0.0,0,1.25,0,4.98984824733454,4.989478532816551,40.0,2370.0,1100.0,,0,987722.701339826,0.005825132001868765,12022.644346175079,13.922651290212599,25.49254692730099,0,2473621.9916389273,439.70058293733933,497.36169486311877,57.66111192577944,-0.050849549747343084,-0.05,1.6990994946861626,,,,,,,,,,,,,,,,,,,,,,,,,,,,,,,,,,,,0
s9_k5ac_a_s09_pos100_tap3_mc267_cpl0_rp4p90256861613_rn4p8911348467_f12370_f21100_a0_dac1p25,K5AC,A,9,5.0,100,3,267,ac,0.0,0.0,0,1.25,0,4.902568616128807,4.891134846700927,40.0,2370.0,1100.0,,0,996788.8007932461,1.7818162140616527e-05,24.173154808041687,13.57377608070724,25.203700221577446,0,2473621.9916389273,438.27878661874786,491.17038514792125,52.89159852917339,-0.048968949262588365,-0.05,-2.0621014748232747,,,,,,,,,,,,,,,,,,,,,,,,,,,,,,,,,,,,0
s9_k5ac_a_s09_pos100_tap3_mc268_cpl0_rp4p88868272998_rn4p83524608328_f12370_f21100_a0_dac1p25,K5AC,A,9,5.0,100,3,268,ac,0.0,0.0,0,1.25,0,4.888682729983905,4.835246083280259,40.0,2370.0,1100.0,,0,959195.0800944571,1.7740099598539664e-05,23.442288153199843,14.095500035951014,25.55839780383991,0,2473621.9916389273,446.8168868438423,491.62514931971106,44.80826247586873,-0.05007677306229957,-0.05,0.15354612459914652,,,,,,,,,,,,,,,,,,,,,,,,,,,,,,,,,,,,0
s9_k5ac_a_s09_pos100_tap3_mc269_cpl0_rp4p89013787621_rn4p82028690977_f12370_f21100_a0_dac1p25,K5AC,A,9,5.0,100,3,269,ac,0.0,0.0,0,1.25,0,4.890137876206749,4.820286909772111,40.0,2370.0,1100.0,,0,1009403.7582675787,1.772984106918071e-05,20.733215734860078,13.858845029281891,25.619855278023806,0,2473621.9916389273,433.66211901021444,504.4513658221383,70.78924681192387,-0.04975430173839942,-0.05,-0.4913965232011708,,,,,,,,,,,,,,,,,,,,,,,,,,,,,,,,,,,,0
s9_k5ac_a_s09_pos100_tap3_mc26_cpl0_rp4p96840511781_rn4p83667719361_f12370_f21100_a0_dac1p25,K5AC,A,9,5.0,100,3,26,ac,0.0,0.0,0,1.25,0,4.968405117807948,4.836677193612291,40.0,2370.0,1100.0,,0,974453.0740818256,1.778817732668423e-05,25.50742783711428,13.68659603018191,25.1210519341442,0,2473621.9916389273,440.54562035151463,485.2104115315502,44.66479118003559,-0.05111280766767434,-0.05,2.225615335348685,,,,,,,,,,,,,,,,,,,,,,,,,,,,,,,,,,,,0
s9_k5ac_a_s09_pos100_tap3_mc270_cpl0_rp4p85602543953_rn4p83284111694_f12370_f21100_a0_dac1p25,K5AC,A,9,5.0,100,3,270,ac,0.0,0.0,0,1.25,0,4.856025439530272,4.832841116941261,40.0,2370.0,1100.0,,0,1006310.7512792838,1.774678629517883e-05,24.547089156850962,13.817620242467958,25.45045669125339,0,2473621.9916389273,437.8791554978008,501.3007047797673,63.42154928196646,-0.04847263894222752,-0.05,-3.054722115544972,,,,,,,,,,,,,,,,,,,,,,,,,,,,,,,,,,,,0
s9_k5ac_a_s09_pos100_tap3_mc271_cpl0_rp4p95544005807_rn4p91742540498_f12370_f21100_a0_dac1p25,K5AC,A,9,5.0,100,3,271,ac,0.0,0.0,0,1.25,0,4.955440058069738,4.917425404978769,40.0,2370.0,1100.0,,0,1030122.2247905108,0.0006389571279834439,8576.958985909594,13.69027131277787,25.330975845821406,0,2473621.9916389273,429.4719040166556,507.80081226958225,78.32890825292662,-0.04974226469121897,-0.05,-0.5154706175620638,,,,,,,,,,,,,,,,,,,,,,,,,,,,,,,,,,,,0
s9_k5ac_a_s09_pos100_tap3_mc272_cpl0_rp4p89203969634_rn4p88601287793_f12370_f21100_a0_dac1p25,K5AC,A,9,5.0,100,3,272,ac,0.0,0.0,0,1.25,0,4.892039696343678,4.8860128779308205,40.0,2370.0,1100.0,,0,1006350.6578391825,0.016377989404027692,13182.567385565122,13.50326983370295,25.122732133982634,0,2473621.9916389273,436.251912964156,493.6518315769903,57.399918612834256,-0.04905404070689632,-0.05,-1.891918586207364,,,,,,,,,,,,,,,,,,,,,,,,,,,,,,,,,,,,0
s9_k5ac_a_s09_pos100_tap3_mc273_cpl0_rp4p87314728285_rn4p84524904536_f12370_f21100_a0_dac1p25,K5AC,A,9,5.0,100,3,273,ac,0.0,0.0,0,1.25,0,4.87314728285174,4.845249045357976,40.0,2370.0,1100.0,,0,1000363.9275020498,1.7669647254209447e-05,24.926807893272443,13.875924685894919,25.50339071628931,0,2473621.9916389273,439.56944720713494,500.9873593388148,61.417912131679884,-0.04845221148360121,-0.05,-3.0955770327975807,,,,,,,,,,,,,,,,,,,,,,,,,,,,,,,,,,,,0
s9_k5ac_a_s09_pos100_tap3_mc274_cpl0_rp4p91018433355_rn4p81113553494_f12370_f21100_a0_dac1p25,K5AC,A,9,5.0,100,3,274,ac,0.0,0.0,0,1.25,0,4.910184333553857,4.811135534942751,40.0,2370.0,1100.0,,0,1001326.7305277231,0.002312323661389262,10633.265716372442,13.535617782462761,25.057472430453995,0,2473621.9916389273,436.6988888339926,491.89224226470196,55.19335343070935,-0.04944096785379644,-0.05,-1.1180642924071282,,,,,,,,,,,,,,,,,,,,,,,,,,,,,,,,,,,,0
s9_k5ac_a_s09_pos100_tap3_mc275_cpl0_rp4p91968061208_rn4p81334763513_f12370_f21100_a0_dac1p25,K5AC,A,9,5.0,100,3,275,ac,0.0,0.0,0,1.25,0,4.919680612079673,4.813347635132701,40.0,2370.0,1100.0,,0,977003.4119042829,0.10623027367988797,48603.401759906585,14.01262682330307,25.6003437632255,0,2473621.9916389273,430.7760770867579,493.5784900466744,62.80241295991652,-0.049076909297940986,-0.05,-1.8461814041180302,,,,,,,,,,,,,,,,,,,,,,,,,,,,,,,,,,,,0
s9_k5ac_a_s09_pos100_tap3_mc276_cpl0_rp4p97496122356_rn4p97857918554_f12370_f21100_a0_dac1p25,K5AC,A,9,5.0,100,3,276,ac,0.0,0.0,0,1.25,0,4.974961223561711,4.978579185542484,40.0,2370.0,1100.0,,0,985660.2534706703,0.004889696701238741,11839.499222293953,14.149655944223872,25.80316097722041,0,2473621.9916389273,442.31570739796183,502.51028189646513,60.1945744985033,-0.04912495822773058,-0.05,-1.7500835445388385,,,,,,,,,,,,,,,,,,,,,,,,,,,,,,,,,,,,0
s9_k5ac_a_s09_pos100_tap3_mc277_cpl0_rp4p95207148224_rn4p82414989704_f12370_f21100_a0_dac1p25,K5AC,A,9,5.0,100,3,277,ac,0.0,0.0,0,1.25,0,4.952071482241088,4.824149897040279,40.0,2370.0,1100.0,,0,974496.1929395986,1.748654439255712e-05,14.79108388168241,13.867937195449516,25.5719292412867,0,2473621.9916389273,419.7265525435895,493.80460849980284,74.07805595621335,-0.049466549353975674,-0.05,-1.066901292048661,,,,,,,,,,,,,,,,,,,,,,,,,,,,,,,,,,,,0
s9_k5ac_a_s09_pos100_tap3_mc278_cpl0_rp4p81673972575_rn4p91947154548_f12370_f21100_a0_dac1p25,K5AC,A,9,5.0,100,3,278,ac,0.0,0.0,0,1.25,0,4.816739725753125,4.919471545478923,40.0,2370.0,1100.0,,0,992738.2219618796,0.0021993477959470456,10471.28548050981,13.406261274314783,24.85732783716276,0,2473621.9916389273,436.3462792132374,484.89673098059905,48.550451767361665,-0.049259303555343296,-0.05,-1.4813928893134154,,,,,,,,,,,,,,,,,,,,,,,,,,,,,,,,,,,,0
s9_k5ac_a_s09_pos100_tap3_mc279_cpl0_rp4p99656962876_rn4p93923706344_f12370_f21100_a0_dac1p25,K5AC,A,9,5.0,100,3,279,ac,0.0,0.0,0,1.25,0,4.996569628759205,4.939237063439288,40.0,2370.0,1100.0,,0,963824.8081076693,1.7426557672522363e-05,13.386488420700225,14.03099763658383,25.577341546114848,0,2473621.9916389273,405.33590298813016,508.89139718759276,103.5554941994626,-0.04986040859167958,-0.05,-0.2791828166408439,,,,,,,,,,,,,,,,,,,,,,,,,,,,,,,,,,,,0
s9_k5ac_a_s09_pos100_tap3_mc27_cpl0_rp4p84221243785_rn4p99596913471_f12370_f21100_a0_dac1p25,K5AC,A,9,5.0,100,3,27,ac,0.0,0.0,0,1.25,0,4.842212437846862,4.995969134714784,40.0,2370.0,1100.0,,0,1036397.1490289493,0.0023360010977909913,10391.2230383525,13.431037101848975,25.118509519747423,0,2473621.9916389273,429.2528192012621,502.42752540558166,73.17470620431953,-0.04954930547510306,-0.05,-0.901389049793877,,,,,,,,,,,,,,,,,,,,,,,,,,,,,,,,,,,,0
s9_k5ac_a_s09_pos100_tap3_mc280_cpl0_rp4p88628711239_rn4p99181917924_f12370_f21100_a0_dac1p25,K5AC,A,9,5.0,100,3,280,ac,0.0,0.0,0,1.25,0,4.886287112390138,4.991819179244,40.0,2370.0,1100.0,,0,978598.0013999845,0.007586015277521774,11748.97554939622,13.806526167186242,25.382209948898357,0,2473621.9916389273,443.69094611784817,491.50514721322105,47.81420109537288,-0.04885563908364664,-0.05,-2.2887218327067305,,,,,,,,,,,,,,,,,,,,,,,,,,,,,,,,,,,,0
s9_k5ac_a_s09_pos100_tap3_mc281_cpl0_rp4p96582010468_rn4p85196234501_f12370_f21100_a0_dac1p25,K5AC,A,9,5.0,100,3,281,ac,0.0,0.0,0,1.25,0,4.965820104684439,4.851962345011119,40.0,2370.0,1100.0,,0,979596.1992605727,0.007793804736036021,12208.622540591678,13.244166922990656,24.616996410957693,0,2473621.9916389273,437.09905436903256,475.9855051693418,38.88645080030926,-0.04971160720663543,-0.05,-0.5767855867291449,,,,,,,,,,,,,,,,,,,,,,,,,,,,,,,,,,,,0
s9_k5ac_a_s09_pos100_tap3_mc282_cpl0_rp4p91440963991_rn4p90249827447_f12370_f21100_a0_dac1p25,K5AC,A,9,5.0,100,3,282,ac,0.0,0.0,0,1.25,0,4.9144096399146555,4.902498274473063,40.0,2370.0,1100.0,,0,976196.4917470721,1.763147262958546e-05,19.349362753910004,14.199001064132009,25.924247134412273,0,2473621.9916389273,426.5487028949546,514.4079082857779,87.85920539082332,-0.05038802411595084,-0.05,0.7760482319016715,,,,,,,,,,,,,,,,,,,,,,,,,,,,,,,,,,,,0
s9_k5ac_a_s09_pos100_tap3_mc283_cpl0_rp4p86388330479_rn4p80711897752_f12370_f21100_a0_dac1p25,K5AC,A,9,5.0,100,3,283,ac,0.0,0.0,0,1.25,0,4.863883304787585,4.807118977521,40.0,2370.0,1100.0,,0,1054619.175084326,1.7561915029947656e-05,18.908917484896882,13.1012457745952,24.82408070358151,0,2473621.9916389273,410.76048483217573,500.72598113731743,89.9654963051417,-0.05007568707436072,-0.05,0.15137414872143928,,,,,,,,,,,,,,,,,,,,,,,,,,,,,,,,,,,,0
s9_k5ac_a_s09_pos100_tap3_mc284_cpl0_rp4p87305197018_rn4p87796273137_f12370_f21100_a0_dac1p25,K5AC,A,9,5.0,100,3,284,ac,0.0,0.0,0,1.25,0,4.873051970181386,4.8779627313650185,40.0,2370.0,1100.0,,0,1060071.1147284168,0.0002232497512127516,6556.418494180273,13.168839586950263,24.84490490258659,0,2473621.9916389273,423.2391419084708,505.9852070034353,82.74606509496448,-0.04998784878875846,-0.05,-0.02430242248308012,,,,,,,,,,,,,,,,,,,,,,,,,,,,,,,,,,,,0
s9_k5ac_a_s09_pos100_tap3_mc285_cpl0_rp4p94436651477_rn4p99774297282_f12370_f21100_a0_dac1p25,K5AC,A,9,5.0,100,3,285,ac,0.0,0.0,0,1.25,0,4.9443665147688325,4.997742972819162,40.0,2370.0,1100.0,,0,989646.6349493646,0.009521853800079721,12589.254117942672,13.785859704179776,25.357241499371547,0,2473621.9916389273,439.4367775614663,494.58056413254343,55.14378657107716,-0.05042806821343354,-0.05,0.8561364268670824,,,,,,,,,,,,,,,,,,,,,,,,,,,,,,,,,,,,0
s9_k5ac_a_s09_pos100_tap3_mc286_cpl0_rp4p9239685101_rn4p89417343446_f12370_f21100_a0_dac1p25,K5AC,A,9,5.0,100,3,286,ac,0.0,0.0,0,1.25,0,4.9239685101041575,4.894173434460581,40.0,2370.0,1100.0,,0,1003735.1270730738,0.006194488695181624,12115.276586286842,13.873299111581384,25.60587930927354,0,2473621.9916389273,440.6240677699976,503.2686360084937,62.64456823849605,-0.05100629852349284,-0.05,2.0125970469856647,,,,,,,,,,,,,,,,,,,,,,,,,,,,,,,,,,,,0
s9_k5ac_a_s09_pos100_tap3_mc287_cpl0_rp4p81787448104_rn4p97519879239_f12370_f21100_a0_dac1p25,K5AC,A,9,5.0,100,3,287,ac,0.0,0.0,0,1.25,0,4.817874481037555,4.975198792386667,40.0,2370.0,1100.0,,0,972985.0383252971,0.003279727551009424,11049.263568488455,13.721794096408226,25.11978789542226,0,2473621.9916389273,441.1775524989668,485.7117761894074,44.53422369044057,-0.04885015921432388,-0.05,-2.299681571352241,,,,,,,,,,,,,,,,,,,,,,,,,,,,,,,,,,,,0
s9_k5ac_a_s09_pos100_tap3_mc288_cpl0_rp4p96893330957_rn4p92910243027_f12370_f21100_a0_dac1p25,K5AC,A,9,5.0,100,3,288,ac,0.0,0.0,0,1.25,0,4.9689333095693735,4.929102430269127,40.0,2370.0,1100.0,,0,1031225.7487692882,1.77465285772613e-05,24.926807893272443,13.431471595388617,25.00386030731575,0,2473621.9916389273,428.27180881505575,499.3444140633174,71.07260524826165,-0.048905464140338986,-0.05,-2.1890717193220333,,,,,,,,,,,,,,,,,,,,,,,,,,,,,,,,,,,,0
s9_k5ac_a_s09_pos100_tap3_mc289_cpl0_rp4p80903046599_rn4p88305635389_f12370_f21100_a0_dac1p25,K5AC,A,9,5.0,100,3,289,ac,0.0,0.0,0,1.25,0,4.809030465986894,4.883056353894581,40.0,2370.0,1100.0,,0,1041915.1359529868,1.7706258541165076e-05,24.173154808041687,13.179513183400477,24.761465659216896,0,2473621.9916389273,424.812734501831,497.4461845125129,72.63345001068188,-0.05054990822961493,-0.05,1.099816459229852,,,,,,,,,,,,,,,,,,,,,,,,,,,,,,,,,,,,0
s9_k5ac_a_s09_pos100_tap3_mc28_cpl0_rp4p96950778313_rn4p90427093524_f12370_f21100_a0_dac1p25,K5AC,A,9,5.0,100,3,28,ac,0.0,0.0,0,1.25,0,4.969507783131816,4.904270935236131,40.0,2370.0,1100.0,,0,987339.6720432959,1.7622251920712794e-05,26.101572156826084,13.441985390013846,24.847107550189012,0,2473621.9916389273,436.1839899284705,483.51193479953133,47.32794487106082,-0.0490961956773698,-0.05,-1.8076086452604057,,,,,,,,,,,,,,,,,,,,,,,,,,,,,,,,,,,,0
s9_k5ac_a_s09_pos100_tap3_mc290_cpl0_rp4p85100514753_rn4p88882970306_f12370_f21100_a0_dac1p25,K5AC,A,9,5.0,100,3,290,ac,0.0,0.0,0,1.25,0,4.85100514752832,4.8888297030556735,40.0,2370.0,1100.0,,0,1044113.4721497223,1.773544122364541e-05,24.173154808041687,12.621826363681462,24.039620987387604,0,2473621.9916389273,421.4854636573531,481.4320185989019,59.94655494154881,-0.05018598928590112,-0.05,0.37197857180224503,,,,,,,,,,,,,,,,,,,,,,,,,,,,,,,,,,,,0
s9_k5ac_a_s09_pos100_tap3_mc291_cpl0_rp4p87694019521_rn4p8306926344_f12370_f21100_a0_dac1p25,K5AC,A,9,5.0,100,3,291,ac,0.0,0.0,0,1.25,0,4.876940195209088,4.830692634401663,40.0,2370.0,1100.0,,0,1028947.0264113878,0.001674967039057395,9772.372209558862,13.187872641842334,24.67997104796401,0,2473621.9916389273,427.90428950493197,493.2133899159814,65.30910041104943,-0.049698283083728576,-0.05,-0.6034338325428545,,,,,,,,,,,,,,,,,,,,,,,,,,,,,,,,,,,,0
s9_k5ac_a_s09_pos100_tap3_mc292_cpl0_rp4p89265193245_rn4p83600217757_f12370_f21100_a0_dac1p25,K5AC,A,9,5.0,100,3,292,ac,0.0,0.0,0,1.25,0,4.8926519324505735,4.836002177568029,40.0,2370.0,1100.0,,0,994506.2149729057,1.7702379410689113e-05,24.35940447292092,13.151903533681175,24.533647509273717,0,2473621.9916389273,433.82851536979615,478.53367993985637,44.70516457006022,-0.04973959418208371,-0.05,-0.5208116358325854,,,,,,,,,,,,,,,,,,,,,,,,,,,,,,,,,,,,0
s9_k5ac_a_s09_pos100_tap3_mc293_cpl0_rp4p92492418595_rn4p89121378688_f12370_f21100_a0_dac1p25,K5AC,A,9,5.0,100,3,293,ac,0.0,0.0,0,1.25,0,4.924924185946928,4.891213786876586,40.0,2370.0,1100.0,,0,1001744.5874770281,0.1317213156740566,54116.95265465132,13.55147566059766,25.050137627107038,0,2473621.9916389273,414.121677815623,490.6126203991156,76.4909425834926,-0.04972210287306192,-0.05,-0.5557942538761629,,,,,,,,,,,,,,,,,,,,,,,,,,,,,,,,,,,,0
s9_k5ac_a_s09_pos100_tap3_mc294_cpl0_rp4p88144653138_rn4p96123606146_f12370_f21100_a0_dac1p25,K5AC,A,9,5.0,100,3,294,ac,0.0,0.0,0,1.25,0,4.881446531383991,4.961236061463274,40.0,2370.0,1100.0,,0,1005473.1577657893,0.0026146538041834587,11049.263568488455,13.95530391467635,25.758382684681425,0,2473621.9916389273,440.84762755613235,506.55045730486677,65.70282974873442,-0.04900217394295123,-0.05,-1.9956521140975458,,,,,,,,,,,,,,,,,,,,,,,,,,,,,,,,,,,,0
s9_k5ac_a_s09_pos100_tap3_mc295_cpl0_rp4p9067341631_rn4p86006960624_f12370_f21100_a0_dac1p25,K5AC,A,9,5.0,100,3,295,ac,0.0,0.0,0,1.25,0,4.906734163100417,4.860069606237508,40.0,2370.0,1100.0,,0,1003778.5602958086,1.7601908085424835e-05,23.622906626345245,13.898034588165917,25.535042337983874,0,2473621.9916389273,439.9463340502667,503.50689702868885,63.560562978422126,-0.04849985606380812,-0.05,-3.0002878723837667,,,,,,,,,,,,,,,,,,,,,,,,,,,,,,,,,,,,0
s9_k5ac_a_s09_pos100_tap3_mc296_cpl0_rp4p92067480854_rn4p84523268671_f12370_f21100_a0_dac1p25,K5AC,A,9,5.0,100,3,296,ac,0.0,0.0,0,1.25,0,4.920674808541191,4.845232686707793,40.0,2370.0,1100.0,,0,974778.054404515,0.003964888416830516,11306.633979497277,14.230983495068266,25.768455158617616,0,2473621.9916389273,443.6067590861533,500.7337916044262,57.12703251827287,-0.048430989638633244,-0.05,-3.1380207227335144,,,,,,,,,,,,,,,,,,,,,,,,,,,,,,,,,,,,0
s9_k5ac_a_s09_pos100_tap3_mc297_cpl0_rp4p87105347092_rn4p98739239032_f12370_f21100_a0_dac1p25,K5AC,A,9,5.0,100,3,297,ac,0.0,0.0,0,1.25,0,4.8710534709176745,4.987392390316434,40.0,2370.0,1100.0,,0,1029042.7816082308,0.0035748251083707067,11220.184543020514,13.07518295473547,24.59980369347059,0,2473621.9916389273,429.8110922837557,489.7595318736796,59.94843958992385,-0.048331601511877494,-0.05,-3.3367969762450156,,,,,,,,,,,,,,,,,,,,,,,,,,,,,,,,,,,,0
s9_k5ac_a_s09_pos100_tap3_mc298_cpl0_rp4p86118575176_rn4p86699901285_f12370_f21100_a0_dac1p25,K5AC,A,9,5.0,100,3,298,ac,0.0,0.0,0,1.25,0,4.861185751759431,4.866999012846953,40.0,2370.0,1100.0,,0,983734.7641557475,0.0017289836268493575,9697.65359108324,13.478206356267965,24.86632765812163,0,2473621.9916389273,437.6346732806692,483.43843811480366,45.80376483413448,-0.04797574256197108,-0.05,-4.04851487605784,,,,,,,,,,,,,,,,,,,,,,,,,,,,,,,,,,,,0
s9_k5ac_a_s09_pos100_tap3_mc299_cpl0_rp4p90416621044_rn4p82388538802_f12370_f21100_a0_dac1p25,K5AC,A,9,5.0,100,3,299,ac,0.0,0.0,0,1.25,0,4.90416621044304,4.823885388018154,40.0,2370.0,1100.0,,0,992720.7217393519,1.7687619589204085e-05,23.988329190195547,13.880974291320538,25.530061905233765,0,2473621.9916389273,440.6150753398248,497.1243408964972,56.5092655566724,-0.04786901893091897,-0.05,-4.2619621381620565,,,,,,,,,,,,,,,,,,,,,,,,,,,,,,,,,,,,0
s9_k5ac_a_s09_pos100_tap3_mc29_cpl0_rp4p85078460467_rn4p80797514988_f12370_f21100_a0_dac1p25,K5AC,A,9,5.0,100,3,29,ac,0.0,0.0,0,1.25,0,4.850784604666872,4.8079751498766194,40.0,2370.0,1100.0,,0,980577.6047903383,1.7546483094552732e-05,15.848931924611502,13.556116435642071,25.165713111652003,0,2473621.9916389273,422.58259185337135,486.84129911459013,64.25870726121877,-0.048563787301382944,-0.05,-2.872425397234113,,,,,,,,,,,,,,,,,,,,,,,,,,,,,,,,,,,,0
s9_k5ac_a_s09_pos100_tap3_mc2_cpl0_rp4p98200254129_rn4p81433455753_f12370_f21100_a0_dac1p25,K5AC,A,9,5.0,100,3,2,ac,0.0,0.0,0,1.25,0,4.982002541288809,4.814334557529274,40.0,2370.0,1100.0,,0,1037047.7557709216,0.00021808469588283108,6556.418494180273,13.558523831417654,25.287777301852408,0,2473621.9916389273,430.0604700528416,507.56986666812116,77.50939661527957,-0.04906631983281248,-0.05,-1.8673603343750345,,,,,,,,,,,,,,,,,,,,,,,,,,,,,,,,,,,,0
s9_k5ac_a_s09_pos100_tap3_mc300_cpl0_rp4p81684727174_rn4p82551800787_f12370_f21100_a0_dac1p25,K5AC,A,9,5.0,100,3,300,ac,0.0,0.0,0,1.25,0,4.816847271740415,4.82551800787176,40.0,2370.0,1100.0,,0,1019600.1216252729,1.7807545213995645e-05,22.908676527678335,13.447058066174534,25.002046202376796,0,2473621.9916389273,431.57370069194303,496.862026183649,65.28832549170596,-0.050046863408745444,-0.05,0.09372681749089118,,,,,,,,,,,,,,,,,,,,,,,,,,,,,,,,,,,,0
s9_k5ac_a_s09_pos100_tap3_mc301_cpl0_rp4p85482141735_rn4p83460072682_f12370_f21100_a0_dac1p25,K5AC,A,9,5.0,100,3,301,ac,0.0,0.0,0,1.25,0,4.854821417348775,4.834600726821064,40.0,2370.0,1100.0,,0,1008991.015577503,1.7796551085660135e-05,23.08518362242823,13.249144052241434,24.646974424573415,0,2473621.9916389273,431.62078680819906,485.21687492761714,53.596088119418084,-0.04957908269331965,-0.05,-0.8418346133607035,,,,,,,,,,,,,,,,,,,,,,,,,,,,,,,,,,,,0
s9_k5ac_a_s09_pos100_tap3_mc302_cpl0_rp4p8218068001_rn4p96010867454_f12370_f21100_a0_dac1p25,K5AC,A,9,5.0,100,3,302,ac,0.0,0.0,0,1.25,0,4.821806800096206,4.960108674539765,40.0,2370.0,1100.0,,0,1001642.881638437,0.0022982520462501255,10311.772745931354,13.609745465570494,25.202657676489466,0,2473621.9916389273,437.30339835857006,494.45242159557574,57.14902323700568,-0.05012840884095522,-0.05,0.2568176819104373,,,,,,,,,,,,,,,,,,,,,,,,,,,,,,,,,,,,0
s9_k5ac_a_s09_pos100_tap3_mc303_cpl0_rp4p85285258319_rn4p96337075079_f12370_f21100_a0_dac1p25,K5AC,A,9,5.0,100,3,303,ac,0.0,0.0,0,1.25,0,4.852852583191121,4.963370750787262,40.0,2370.0,1100.0,,0,1008394.9987591255,1.772863097375737e-05,24.173154808041687,13.188948860145981,24.752351263421872,0,2473621.9916389273,432.0778215591726,485.09291629002405,53.015094730851445,-0.049869819826566186,-0.05,-0.26036034686762743,,,,,,,,,,,,,,,,,,,,,,,,,,,,,,,,,,,,0
s9_k5ac_a_s09_pos100_tap3_mc304_cpl0_rp4p92094634383_rn4p86088210914_f12370_f21100_a0_dac1p25,K5AC,A,9,5.0,100,3,304,ac,0.0,0.0,0,1.25,0,4.9209463438299474,4.860882109135308,40.0,2370.0,1100.0,,0,1010035.5920953318,0.003292653185224847,10797.75162327794,13.123378836436256,24.493474554786328,0,2473621.9916389273,428.7041256511399,482.27117969103676,53.567054039896846,-0.04945890174064552,-0.05,-1.0821965187089666,,,,,,,,,,,,,,,,,,,,,,,,,,,,,,,,,,,,0
s9_k5ac_a_s09_pos100_tap3_mc305_cpl0_rp4p97839483225_rn4p8682588316_f12370_f21100_a0_dac1p25,K5AC,A,9,5.0,100,3,305,ac,0.0,0.0,0,1.25,0,4.978394832248415,4.868258831598659,40.0,2370.0,1100.0,,0,993387.831927565,3.348998731223327e-05,2089.2961308541735,13.528870799639321,25.003219163199997,0,2473621.9916389273,437.18143600288226,489.0769428160143,51.895506813132044,-0.050041322233610394,-0.05,0.08264446722077157,,,,,,,,,,,,,,,,,,,,,,,,,,,,,,,,,,,,0
s9_k5ac_a_s09_pos100_tap3_mc306_cpl0_rp4p87490229678_rn4p91103944073_f12370_f21100_a0_dac1p25,K5AC,A,9,5.0,100,3,306,ac,0.0,0.0,0,1.25,0,4.874902296777043,4.911039440734405,40.0,2370.0,1100.0,,0,963474.8856216822,7.123350538156151e-05,5288.510041882761,14.502917546758091,26.17963627919942,0,2473621.9916389273,449.3348940218245,504.9294889567621,55.59459493493762,-0.049228216245650824,-0.05,-1.5435675086983514,,,,,,,,,,,,,,,,,,,,,,,,,,,,,,,,,,,,0
s9_k5ac_a_s09_pos100_tap3_mc307_cpl0_rp4p87833686804_rn4p96320569423_f12370_f21100_a0_dac1p25,K5AC,A,9,5.0,100,3,307,ac,0.0,0.0,0,1.25,0,4.878336868035609,4.963205694230483,40.0,2370.0,1100.0,,0,992451.1934462859,0.01903600602769283,13284.136617107572,14.10984117101679,25.697870334155564,0,2473621.9916389273,439.1304054583234,503.6879717990439,64.55756634072048,-0.05010835248859297,-0.05,0.21670497718593307,,,,,,,,,,,,,,,,,,,,,,,,,,,,,,,,,,,,0
s9_k5ac_a_s09_pos100_tap3_mc308_cpl0_rp4p93235483041_rn4p88495127237_f12370_f21100_a0_dac1p25,K5AC,A,9,5.0,100,3,308,ac,0.0,0.0,0,1.25,0,4.932354830405883,4.884951272365861,40.0,2370.0,1100.0,,0,1013567.8516578431,0.005385352659000919,11930.720363266277,13.684658622680045,25.292323503266875,0,2473621.9916389273,436.26547331491497,501.023721028777,64.75824771386203,-0.04916589692563939,-0.05,-1.6682061487212185,,,,,,,,,,,,,,,,,,,,,,,,,,,,,,,,,,,,0
s9_k5ac_a_s09_pos100_tap3_mc309_cpl0_rp4p97100834128_rn4p89161582944_f12370_f21100_a0_dac1p25,K5AC,A,9,5.0,100,3,309,ac,0.0,0.0,0,1.25,0,4.9710083412809585,4.891615829444031,40.0,2370.0,1100.0,,0,997340.2238395252,1.7647121055905787e-05,23.80491673125578,13.816007018892659,25.378925054960423,0,2473621.9916389273,435.3834283474679,497.052145533714,61.66871718624611,-0.04955924051471356,-0.05,-0.881518970572881,,,,,,,,,,,,,,,,,,,,,,,,,,,,,,,,,,,,0
s9_k5ac_a_s09_pos100_tap3_mc30_cpl0_rp4p83594831187_rn4p89289841018_f12370_f21100_a0_dac1p25,K5AC,A,9,5.0,100,3,30,ac,0.0,0.0,0,1.25,0,4.835948311874664,4.892898410183164,40.0,2370.0,1100.0,,0,1041365.2893276898,0.002140529924979329,10471.28548050981,13.218123738285216,24.842372115244967,0,2473621.9916389273,427.6838782487366,498.5202663176653,70.83638806892867,-0.04877266080578154,-0.05,-2.454678388436926,,,,,,,,,,,,,,,,,,,,,,,,,,,,,,,,,,,,0
s9_k5ac_a_s09_pos100_tap3_mc310_cpl0_rp4p91915065957_rn4p88698581371_f12370_f21100_a0_dac1p25,K5AC,A,9,5.0,100,3,310,ac,0.0,0.0,0,1.25,0,4.919150659565614,4.8869858137088515,40.0,2370.0,1100.0,,0,1037478.159733275,1.7787556746585948e-05,24.73621991638688,13.586995853379115,25.207027656335626,0,2473621.9916389273,427.5431300096097,507.8911208103715,80.3479908007618,-0.04971392035465789,-0.05,-0.5721592906842266,,,,,,,,,,,,,,,,,,,,,,,,,,,,,,,,,,,,0
s9_k5ac_a_s09_pos100_tap3_mc311_cpl0_rp4p97950094251_rn4p81502723685_f12370_f21100_a0_dac1p25,K5AC,A,9,5.0,100,3,311,ac,0.0,0.0,0,1.25,0,4.979500942505569,4.815027236851347,40.0,2370.0,1100.0,,0,1000425.0040380562,1.7718455116009937e-05,23.263050671536877,13.83580177104456,25.40718454227028,0,2473621.9916389273,437.43957141490796,499.683795544955,62.24422413004703,-0.04956493530286709,-0.05,-0.8701293942658284,,,,,,,,,,,,,,,,,,,,,,,,,,,,,,,,,,,,0
s9_k5ac_a_s09_pos100_tap3_mc312_cpl0_rp4p85421677397_rn4p93578066086_f12370_f21100_a0_dac1p25,K5AC,A,9,5.0,100,3,312,ac,0.0,0.0,0,1.25,0,4.854216773966086,4.93578066086069,40.0,2370.0,1100.0,,0,976072.8637843257,0.001056897298385319,9050.376921517814,13.692820367155118,25.264613564351347,0,2473621.9916389273,443.1628342148981,487.87091959361436,44.70808537871625,-0.048701224945595055,-0.05,-2.5975501088098985,,,,,,,,,,,,,,,,,,,,,,,,,,,,,,,,,,,,0
s9_k5ac_a_s09_pos100_tap3_mc313_cpl0_rp4p98338584299_rn4p91619498451_f12370_f21100_a0_dac1p25,K5AC,A,9,5.0,100,3,313,ac,0.0,0.0,0,1.25,0,4.983385842985257,4.916194984507036,40.0,2370.0,1100.0,,0,962489.1823692147,0.004959623035673943,11220.184543020514,14.004989583082448,25.430238809551998,0,2473621.9916389273,444.0218363413809,490.4463187623992,46.4244824210183,-0.04965840456772848,-0.05,-0.6831908645430484,,,,,,,,,,,,,,,,,,,,,,,,,,,,,,,,,,,,0
s9_k5ac_a_s09_pos100_tap3_mc314_cpl0_rp4p89178270321_rn4p94014608917_f12370_f21100_a0_dac1p25,K5AC,A,9,5.0,100,3,314,ac,0.0,0.0,0,1.25,0,4.891782703214047,4.940146089174542,40.0,2370.0,1100.0,,0,962854.0879759743,0.0009801962018209888,9050.376921517814,13.863899927510408,25.362153391846554,0,2473621.9916389273,444.39615365734784,487.07054804464906,42.67439438730122,-0.049996023899227485,-0.05,-0.007952201545036175,,,,,,,,,,,,,,,,,,,,,,,,,,,,,,,,,,,,0
s9_k5ac_a_s09_pos100_tap3_mc315_cpl0_rp4p95978440736_rn4p8024986592_f12370_f21100_a0_dac1p25,K5AC,A,9,5.0,100,3,315,ac,0.0,0.0,0,1.25,0,4.959784407358611,4.802498659200176,40.0,2370.0,1100.0,,0,994641.5043504441,1.7625581690410878e-05,24.547089156850962,13.39086389369535,24.95105504757325,0,2473621.9916389273,436.59062134797887,486.78281595929127,50.1921946113124,-0.04978681609898227,-0.05,-0.42636780203546554,,,,,,,,,,,,,,,,,,,,,,,,,,,,,,,,,,,,0
s9_k5ac_a_s09_pos100_tap3_mc316_cpl0_rp4p8583602032_rn4p98732433574_f12370_f21100_a0_dac1p25,K5AC,A,9,5.0,100,3,316,ac,0.0,0.0,0,1.25,0,4.858360203204931,4.987324335735985,40.0,2370.0,1100.0,,0,1009999.5183102455,1.771954144218551e-05,22.908676527678335,12.896382297070964,24.281548012815943,0,2473621.9916389273,429.67008126535563,477.05479586164984,47.3847145962942,-0.05052814360571716,-0.05,1.0562872114343147,,,,,,,,,,,,,,,,,,,,,,,,,,,,,,,,,,,,0
s9_k5ac_a_s09_pos100_tap3_mc317_cpl0_rp4p82552376357_rn4p82055786459_f12370_f21100_a0_dac1p25,K5AC,A,9,5.0,100,3,317,ac,0.0,0.0,0,1.25,0,4.82552376357094,4.820557864589539,40.0,2370.0,1100.0,,0,982587.9449897144,0.0005041903540546956,7822.279563860615,13.52872755988087,24.988281673369617,0,2473621.9916389273,439.32136649024994,484.8012646614882,45.47989817123823,-0.05026332801487364,-0.05,0.5266560297472633,,,,,,,,,,,,,,,,,,,,,,,,,,,,,,,,,,,,0
s9_k5ac_a_s09_pos100_tap3_mc318_cpl0_rp4p84069031269_rn4p98513015361_f12370_f21100_a0_dac1p25,K5AC,A,9,5.0,100,3,318,ac,0.0,0.0,0,1.25,0,4.840690312693934,4.985130153606704,40.0,2370.0,1100.0,,0,1017629.6434672378,0.004021306420973502,11134.396090624487,13.359829914215204,24.9379993104973,0,2473621.9916389273,431.1040361855466,493.3713833112472,62.26734712570061,-0.05027371760703025,-0.05,0.5474352140604877,,,,,,,,,,,,,,,,,,,,,,,,,,,,,,,,,,,,0
s9_k5ac_a_s09_pos100_tap3_mc319_cpl0_rp4p96200176157_rn4p84345370776_f12370_f21100_a0_dac1p25,K5AC,A,9,5.0,100,3,319,ac,0.0,0.0,0,1.25,0,4.962001761568163,4.843453707764987,40.0,2370.0,1100.0,,0,1005244.3434335908,0.00045668685400034666,7413.10241300973,13.621471759195162,25.231381550250994,0,2473621.9916389273,438.07622611392003,495.6423796672486,57.56615355332855,-0.0496278685956293,-0.05,-0.7442628087414027,,,,,,,,,,,,,,,,,,,,,,,,,,,,,,,,,,,,0
s9_k5ac_a_s09_pos100_tap3_mc31_cpl0_rp4p91238377778_rn4p90702706778_f12370_f21100_a0_dac1p25,K5AC,A,9,5.0,100,3,31,ac,0.0,0.0,0,1.25,0,4.91238377777619,4.907027067784478,40.0,2370.0,1100.0,,0,988199.6624909804,1.765175531113783e-05,23.08518362242823,14.022801319431494,25.6282516613701,0,2473621.9916389273,442.6833969969988,499.57491675595816,56.89151975895936,-0.049769275608337674,-0.05,-0.46144878332465833,,,,,,,,,,,,,,,,,,,,,,,,,,,,,,,,,,,,0
s9_k5ac_a_s09_pos100_tap3_mc320_cpl0_rp4p94079104441_rn4p85031532654_f12370_f21100_a0_dac1p25,K5AC,A,9,5.0,100,3,320,ac,0.0,0.0,0,1.25,0,4.94079104441064,4.850315326540354,40.0,2370.0,1100.0,,0,993725.756184106,1.776746443477511e-05,23.622906626345245,13.481949858482182,24.985460962667343,0,2473621.9916389273,438.3576402489705,487.93023880626254,49.572598557292054,-0.049319814184262144,-0.05,-1.3603716314757208,,,,,,,,,,,,,,,,,,,,,,,,,,,,,,,,,,,,0
s9_k5ac_a_s09_pos100_tap3_mc321_cpl0_rp4p84593878108_rn4p95414659732_f12370_f21100_a0_dac1p25,K5AC,A,9,5.0,100,3,321,ac,0.0,0.0,0,1.25,0,4.84593878108377,4.954146597320956,40.0,2370.0,1100.0,,0,1047985.8947923435,5.4331029179700206e-05,2630.267991895556,13.389446465786882,25.091274823822832,0,2473621.9916389273,426.06698999730213,506.6979435728141,80.63095357551197,-0.05002420672209115,-0.05,0.04841344418229365,,,,,,,,,,,,,,,,,,,,,,,,,,,,,,,,,,,,0
s9_k5ac_a_s09_pos100_tap3_mc322_cpl0_rp4p88794486298_rn4p92582512111_f12370_f21100_a0_dac1p25,K5AC,A,9,5.0,100,3,322,ac,0.0,0.0,0,1.25,0,4.887944862983555,4.925825121113205,40.0,2370.0,1100.0,,0,987237.6820086004,1.768960647196934e-05,24.926807893272443,13.820491865371093,25.331437770604712,0,2473621.9916389273,440.8017209105684,494.153426884524,53.351705973955575,-0.05053304440065391,-0.05,1.0660888013078074,,,,,,,,,,,,,,,,,,,,,,,,,,,,,,,,,,,,0
s9_k5ac_a_s09_pos100_tap3_mc323_cpl0_rp4p90553250384_rn4p94125211623_f12370_f21100_a0_dac1p25,K5AC,A,9,5.0,100,3,323,ac,0.0,0.0,0,1.25,0,4.905532503835353,4.941252116231823,40.0,2370.0,1100.0,,0,1038792.1280884511,2.1658201492958418e-05,1023.2929922808137,13.41028244833649,25.072504486274966,0,2473621.9916389273,429.10056212127137,503.83664698042446,74.7360848591531,-0.04964610741922625,-0.05,-0.7077851615475028,,,,,,,,,,,,,,,,,,,,,,,,,,,,,,,,,,,,0
s9_k5ac_a_s09_pos100_tap3_mc324_cpl0_rp4p92711695148_rn4p94017579379_f12370_f21100_a0_dac1p25,K5AC,A,9,5.0,100,3,324,ac,0.0,0.0,0,1.25,0,4.927116951481417,4.940175793790639,40.0,2370.0,1100.0,,0,997981.4548397688,1.779254800275451e-05,25.11886431509648,13.518154622215826,24.890397308447547,0,2473621.9916389273,433.4797691974476,489.264777188847,55.785007991399425,-0.050024892238225184,-0.05,0.04978447645036521,,,,,,,,,,,,,,,,,,,,,,,,,,,,,,,,,,,,0
s9_k5ac_a_s09_pos100_tap3_mc325_cpl0_rp4p97719083858_rn4p83856473353_f12370_f21100_a0_dac1p25,K5AC,A,9,5.0,100,3,325,ac,0.0,0.0,0,1.25,0,4.977190838577252,4.83856473352589,40.0,2370.0,1100.0,,0,983239.5717425424,1.7752910483393434e-05,24.547089156850962,13.374989743666758,24.870539307063765,0,2473621.9916389273,438.7228850651331,480.8342848172335,42.1113997521004,-0.05065928354214347,-0.05,1.3185670842869257,,,,,,,,,,,,,,,,,,,,,,,,,,,,,,,,,,,,0
s9_k5ac_a_s09_pos100_tap3_mc326_cpl0_rp4p80220230232_rn4p9260628808_f12370_f21100_a0_dac1p25,K5AC,A,9,5.0,100,3,326,ac,0.0,0.0,0,1.25,0,4.802202302320365,4.9260628807986935,40.0,2370.0,1100.0,,0,961883.269262171,0.004999623607269323,11569.999317503021,14.090231022113482,25.647656094235007,0,2473621.9916389273,445.4652536432964,492.4684422037381,47.003188560441686,-0.050434591946624904,-0.05,0.869183893249792,,,,,,,,,,,,,,,,,,,,,,,,,,,,,,,,,,,,0
s9_k5ac_a_s09_pos100_tap3_mc327_cpl0_rp4p98419978995_rn4p98528530742_f12370_f21100_a0_dac1p25,K5AC,A,9,5.0,100,3,327,ac,0.0,0.0,0,1.25,0,4.984199789948746,4.985285307417603,40.0,2370.0,1100.0,,0,1018802.8399802763,0.00026431389166018396,6918.309709189879,14.065880306885104,25.729980346699783,0,2473621.9916389273,434.28576045729216,514.9120700021183,80.62630954482614,-0.048826089540666605,-0.05,-2.3478209186667987,,,,,,,,,,,,,,,,,,,,,,,,,,,,,,,,,,,,0
s9_k5ac_a_s09_pos100_tap3_mc328_cpl0_rp4p90300382731_rn4p86494179242_f12370_f21100_a0_dac1p25,K5AC,A,9,5.0,100,3,328,ac,0.0,0.0,0,1.25,0,4.903003827305519,4.864941792415385,40.0,2370.0,1100.0,,0,1021370.5762137653,1.7679624491818715e-05,23.622906626345245,13.573816540482285,25.285867285660643,0,2473621.9916389273,435.618669569586,501.30013460703805,65.68146503745203,-0.0490221063584206,-0.05,-1.9557872831588052,,,,,,,,,,,,,,,,,,,,,,,,,,,,,,,,,,,,0
s9_k5ac_a_s09_pos100_tap3_mc329_cpl0_rp4p99221349543_rn4p95927698213_f12370_f21100_a0_dac1p25,K5AC,A,9,5.0,100,3,329,ac,0.0,0.0,0,1.25,0,4.992213495431391,4.9592769821292695,40.0,2370.0,1100.0,,0,957218.0951700556,1.7694814512424352e-05,23.08518362242823,14.641469547944114,26.23566650604913,0,2473621.9916389273,451.6018792624123,505.44196306930945,53.840083806897155,-0.04959301649646642,-0.05,-0.8139670070671623,,,,,,,,,,,,,,,,,,,,,,,,,,,,,,,,,,,,0
s9_k5ac_a_s09_pos100_tap3_mc32_cpl0_rp4p96050602795_rn4p96200633114_f12370_f21100_a0_dac1p25,K5AC,A,9,5.0,100,3,32,ac,0.0,0.0,0,1.25,0,4.9605060279521584,4.962006331137889,40.0,2370.0,1100.0,,0,1009861.6674562753,1.7812781825415526e-05,23.08518362242823,13.92056166927081,25.579132352480972,0,2473621.9916389273,434.016686590372,505.9708822488252,71.95419565845322,-0.04885323700194589,-0.05,-2.2935259961082255,,,,,,,,,,,,,,,,,,,,,,,,,,,,,,,,,,,,0
s9_k5ac_a_s09_pos100_tap3_mc330_cpl0_rp4p91558154065_rn4p96510370256_f12370_f21100_a0_dac1p25,K5AC,A,9,5.0,100,3,330,ac,0.0,0.0,0,1.25,0,4.915581540647153,4.965103702564974,40.0,2370.0,1100.0,,0,1023205.5702534306,1.7456762016409577e-05,14.125375446227858,13.38260400083526,25.038950404159113,0,2473621.9916389273,404.1884714394827,498.2840435373524,94.09557209786965,-0.04836373742479463,-0.05,-3.2725251504107544,,,,,,,,,,,,,,,,,,,,,,,,,,,,,,,,,,,,0
s9_k5ac_a_s09_pos100_tap3_mc331_cpl0_rp4p97558872925_rn4p83245917806_f12370_f21100_a0_dac1p25,K5AC,A,9,5.0,100,3,331,ac,0.0,0.0,0,1.25,0,4.975588729248402,4.832459178060731,40.0,2370.0,1100.0,,0,996529.528352201,0.00506614792846227,11839.499222293953,13.745970668255628,25.24281571223884,0,2473621.9916389273,437.52981710180796,496.01407729001915,58.48426018821118,-0.04954521686474736,-0.05,-0.9095662705052798,,,,,,,,,,,,,,,,,,,,,,,,,,,,,,,,,,,,0
s9_k5ac_a_s09_pos100_tap3_mc332_cpl0_rp4p90246655749_rn4p86125622139_f12370_f21100_a0_dac1p25,K5AC,A,9,5.0,100,3,332,ac,0.0,0.0,0,1.25,0,4.902466557485988,4.861256221385882,40.0,2370.0,1100.0,,0,958093.6138971247,0.0042900596158078445,12589.254117942672,13.782644010103947,25.157761244558408,0,2473621.9916389273,443.74637445641645,482.3758239299726,38.62944947355618,-0.048256865401129556,-0.05,-3.4862691977408877,,,,,,,,,,,,,,,,,,,,,,,,,,,,,,,,,,,,0
s9_k5ac_a_s09_pos100_tap3_mc333_cpl0_rp4p82998402142_rn4p83369798188_f12370_f21100_a0_dac1p25,K5AC,A,9,5.0,100,3,333,ac,0.0,0.0,0,1.25,0,4.829984021423327,4.83369798188037,40.0,2370.0,1100.0,,0,1063299.5830267076,0.003369700090115779,11481.53621496973,12.923375698596878,24.577864687532,0,2473621.9916389273,423.3132378944366,499.75074824867056,76.43751035423395,-0.048904494339096084,-0.05,-2.191011321807834,,,,,,,,,,,,,,,,,,,,,,,,,,,,,,,,,,,,0
s9_k5ac_a_s09_pos100_tap3_mc334_cpl0_rp4p9407138088_rn4p89653783335_f12370_f21100_a0_dac1p25,K5AC,A,9,5.0,100,3,334,ac,0.0,0.0,0,1.25,0,4.940713808798093,4.896537833346362,40.0,2370.0,1100.0,,0,1035695.9712813761,8.462743865776928e-05,5411.695265465028,12.804067159418654,24.235993505208135,0,2473621.9916389273,423.71391148672296,483.46249757486805,59.74858608814509,-0.04932266287543711,-0.05,-1.3546742491257868,,,,,,,,,,,,,,,,,,,,,,,,,,,,,,,,,,,,0
s9_k5ac_a_s09_pos100_tap3_mc335_cpl0_rp4p90257119724_rn4p88311731641_f12370_f21100_a0_dac1p25,K5AC,A,9,5.0,100,3,335,ac,0.0,0.0,0,1.25,0,4.902571197242816,4.883117316405052,40.0,2370.0,1100.0,,0,964669.4370945959,0.0025746451520164415,10232.929922808335,13.398037201983017,24.73636069844823,0,2473621.9916389273,440.99225877849545,474.2762172929695,33.28395851447402,-0.049953579130080535,-0.05,-0.09284173983893362,,,,,,,,,,,,,,,,,,,,,,,,,,,,,,,,,,,,0
s9_k5ac_a_s09_pos100_tap3_mc336_cpl0_rp4p81947198874_rn4p819389373_f12370_f21100_a0_dac1p25,K5AC,A,9,5.0,100,3,336,ac,0.0,0.0,0,1.25,0,4.819471988738018,4.819389372999971,40.0,2370.0,1100.0,,0,1032710.7830415847,1.7788272756334886e-05,24.173154808041687,13.749961710544069,25.413853073357636,0,2473621.9916389273,429.6416663157089,510.8767575356449,81.23509121993601,-0.049984711322933265,-0.05,-0.030577354133476398,,,,,,,,,,,,,,,,,,,,,,,,,,,,,,,,,,,,0
s9_k5ac_a_s09_pos100_tap3_mc337_cpl0_rp4p95491820271_rn4p96581853132_f12370_f21100_a0_dac1p25,K5AC,A,9,5.0,100,3,337,ac,0.0,0.0,0,1.25,0,4.954918202712485,4.96581853132089,40.0,2370.0,1100.0,,0,1001666.5349452393,1.776949953186814e-05,23.988329190195547,14.03140994977936,25.745345476973046,0,2473621.9916389273,439.09762915646854,506.54752611427824,67.4498969578097,-0.04866633207269382,-0.05,-2.6673358546123627,,,,,,,,,,,,,,,,,,,,,,,,,,,,,,,,,,,,0
s9_k5ac_a_s09_pos100_tap3_mc338_cpl0_rp4p9956170884_rn4p81202203629_f12370_f21100_a0_dac1p25,K5AC,A,9,5.0,100,3,338,ac,0.0,0.0,0,1.25,0,4.99561708840307,4.81202203629184,40.0,2370.0,1100.0,,0,1021874.5134984184,1.773904489259971e-05,25.31240049595432,13.913432500198567,25.53340202847563,0,2473621.9916389273,431.9062184127663,510.7313106225628,78.82509220979648,-0.05036831119646368,-0.05,0.7366223929273552,,,,,,,,,,,,,,,,,,,,,,,,,,,,,,,,,,,,0
s9_k5ac_a_s09_pos100_tap3_mc339_cpl0_rp4p95748339794_rn4p95452081035_f12370_f21100_a0_dac1p25,K5AC,A,9,5.0,100,3,339,ac,0.0,0.0,0,1.25,0,4.957483397936279,4.954520810347603,40.0,2370.0,1100.0,,0,1008592.0319757565,1.7784801362000105e-05,23.442288153199843,13.261476770640876,24.8264528182703,0,2473621.9916389273,432.9681713944808,487.0021484570898,54.03397706260898,-0.04931213731697325,-0.05,-1.375725366053504,,,,,,,,,,,,,,,,,,,,,,,,,,,,,,,,,,,,0
s9_k5ac_a_s09_pos100_tap3_mc33_cpl0_rp4p95988642499_rn4p935069326_f12370_f21100_a0_dac1p25,K5AC,A,9,5.0,100,3,33,ac,0.0,0.0,0,1.25,0,4.95988642498907,4.935069325999115,40.0,2370.0,1100.0,,0,1012941.1807193246,0.008720496572704902,11930.720363266277,13.866941611753479,25.436134784979668,0,2473621.9916389273,434.44706947671096,506.5356922858775,72.08862280916651,-0.04819784192122199,-0.05,-3.60431615755602,,,,,,,,,,,,,,,,,,,,,,,,,,,,,,,,,,,,0
s9_k5ac_a_s09_pos100_tap3_mc340_cpl0_rp4p90220318843_rn4p92986892134_f12370_f21100_a0_dac1p25,K5AC,A,9,5.0,100,3,340,ac,0.0,0.0,0,1.25,0,4.902203188428109,4.929868921336512,40.0,2370.0,1100.0,,0,1039960.6715892853,1.770207545336248e-05,27.331701354423092,12.741485315317226,24.168138796605962,0,2473621.9916389273,422.4220592485839,484.0120129948884,61.5899537463045,-0.049270537241611984,-0.05,-1.4589255167760329,,,,,,,,,,,,,,,,,,,,,,,,,,,,,,,,,,,,0
s9_k5ac_a_s09_pos100_tap3_mc341_cpl0_rp4p90534040307_rn4p81497340489_f12370_f21100_a0_dac1p25,K5AC,A,9,5.0,100,3,341,ac,0.0,0.0,0,1.25,0,4.905340403071286,4.814973404890863,40.0,2370.0,1100.0,,0,1028262.9787934164,0.05232451065921957,43651.58322402051,13.201896440392836,24.69592110028034,0,2473621.9916389273,423.75210782853725,492.8004571415511,69.04834931301383,-0.04911025832803509,-0.05,-1.7794833439298219,,,,,,,,,,,,,,,,,,,,,,,,,,,,,,,,,,,,0
s9_k5ac_a_s09_pos100_tap3_mc342_cpl0_rp4p98656084792_rn4p90291156487_f12370_f21100_a0_dac1p25,K5AC,A,9,5.0,100,3,342,ac,0.0,0.0,0,1.25,0,4.986560847916738,4.902911564867305,40.0,2370.0,1100.0,,0,984857.2462762304,1.7679896396895044e-05,24.926807893272443,13.633654820016654,25.07236715711773,0,2473621.9916389273,438.5612723100535,488.9733385783926,50.41206626833912,-0.04936830025888163,-0.05,-1.263399482236749,,,,,,,,,,,,,,,,,,,,,,,,,,,,,,,,,,,,0
s9_k5ac_a_s09_pos100_tap3_mc343_cpl0_rp4p99656131957_rn4p97065165292_f12370_f21100_a0_dac1p25,K5AC,A,9,5.0,100,3,343,ac,0.0,0.0,0,1.25,0,4.996561319573822,4.970651652916327,40.0,2370.0,1100.0,,0,960423.5846778874,1.760643440179781e-05,15.848931924611502,13.875565184756352,25.400554077418363,0,2473621.9916389273,416.40080325543,515.1964119843103,98.79560872888032,-0.049252681591102,-0.05,-1.4946368177960023,,,,,,,,,,,,,,,,,,,,,,,,,,,,,,,,,,,,0
s9_k5ac_a_s09_pos100_tap3_mc344_cpl0_rp4p8299055002_rn4p9577330151_f12370_f21100_a0_dac1p25,K5AC,A,9,5.0,100,3,344,ac,0.0,0.0,0,1.25,0,4.829905500199244,4.9577330150973475,40.0,2370.0,1100.0,,0,993694.3991198182,0.0003229038015079868,7413.10241300973,13.82345866936173,25.447559274332956,0,2473621.9916389273,439.6721702225586,497.40149575359305,57.729325531034476,-0.049163588561089044,-0.05,-1.6728228778219112,,,,,,,,,,,,,,,,,,,,,,,,,,,,,,,,,,,,0
s9_k5ac_a_s09_pos100_tap3_mc345_cpl0_rp4p91178804964_rn4p95803916_f12370_f21100_a0_dac1p25,K5AC,A,9,5.0,100,3,345,ac,0.0,0.0,0,1.25,0,4.911788049635343,4.958039159999634,40.0,2370.0,1100.0,,0,989207.9439923096,0.0016707192281513884,9847.666521102343,13.285168407438283,24.724561460802903,0,2473621.9916389273,437.20050944536047,480.3104407820605,43.109931336700015,-0.04836818349003557,-0.05,-3.263633019928869,,,,,,,,,,,,,,,,,,,,,,,,,,,,,,,,,,,,0
s9_k5ac_a_s09_pos100_tap3_mc346_cpl0_rp4p95091706066_rn4p83074072944_f12370_f21100_a0_dac1p25,K5AC,A,9,5.0,100,3,346,ac,0.0,0.0,0,1.25,0,4.950917060659432,4.830740729440689,40.0,2370.0,1100.0,,0,995651.3829230297,1.7747980282506554e-05,25.31240049595432,13.974417715350018,25.672181297797255,0,2473621.9916389273,441.76824380592376,501.91328563220765,60.14504182628389,-0.04910756638831355,-0.05,-1.784867223372899,,,,,,,,,,,,,,,,,,,,,,,,,,,,,,,,,,,,0
s9_k5ac_a_s09_pos100_tap3_mc347_cpl0_rp4p81050197929_rn4p99799788589_f12370_f21100_a0_dac1p25,K5AC,A,9,5.0,100,3,347,ac,0.0,0.0,0,1.25,0,4.810501979291309,4.997997885892762,40.0,2370.0,1100.0,,0,959573.3487782854,0.020530991963106253,13593.563908786344,13.547595467168389,24.946710191430384,0,2473621.9916389273,441.6822095787637,477.0204195246991,35.338209945935375,-0.05005579753560033,-0.05,0.11159507120064305,,,,,,,,,,,,,,,,,,,,,,,,,,,,,,,,,,,,0
s9_k5ac_a_s09_pos100_tap3_mc348_cpl0_rp4p90435188009_rn4p95296849483_f12370_f21100_a0_dac1p25,K5AC,A,9,5.0,100,3,348,ac,0.0,0.0,0,1.25,0,4.904351880087993,4.952968494829702,40.0,2370.0,1100.0,,0,986743.1080652057,1.7665849939021654e-05,22.733518989206896,13.93278626658739,25.385299490185727,0,2473621.9916389273,439.02824478549843,495.95756852908835,56.92932374358992,-0.049318472082371986,-0.05,-1.363055835256033,,,,,,,,,,,,,,,,,,,,,,,,,,,,,,,,,,,,0
s9_k5ac_a_s09_pos100_tap3_mc349_cpl0_rp4p80775995127_rn4p94290003584_f12370_f21100_a0_dac1p25,K5AC,A,9,5.0,100,3,349,ac,0.0,0.0,0,1.25,0,4.807759951268537,4.942900035838714,40.0,2370.0,1100.0,,0,1013049.6907274042,0.0002072960341894458,6165.950018615274,13.495335279348405,24.952407295613806,0,2473621.9916389273,429.94258489038094,494.897463936538,64.95487904615703,-0.04877813009926756,-0.05,-2.4437398014648837,,,,,,,,,,,,,,,,,,,,,,,,,,,,,,,,,,,,0
s9_k5ac_a_s09_pos100_tap3_mc34_cpl0_rp4p94041079688_rn4p86686414758_f12370_f21100_a0_dac1p25,K5AC,A,9,5.0,100,3,34,ac,0.0,0.0,0,1.25,0,4.940410796875379,4.86686414757738,40.0,2370.0,1100.0,,0,1029007.7100365706,0.0925071923371678,48603.401759906585,13.059496559044186,24.597449477002314,0,2473621.9916389273,417.08825830122714,487.42288687544414,70.33462857421699,-0.049364204137608725,-0.05,-1.2715917247825503,,,,,,,,,,,,,,,,,,,,,,,,,,,,,,,,,,,,0
s9_k5ac_a_s09_pos100_tap3_mc350_cpl0_rp4p9821021453_rn4p83073120294_f12370_f21100_a0_dac1p25,K5AC,A,9,5.0,100,3,350,ac,0.0,0.0,0,1.25,0,4.9821021453014485,4.830731202937128,40.0,2370.0,1100.0,,0,977369.2049808942,1.7763594214694047e-05,23.08518362242823,13.43454968824958,24.89628340700161,0,2473621.9916389273,439.6200381517629,480.7773992286646,41.15736107690168,-0.049475888778717274,-0.05,-1.0482224425654607,,,,,,,,,,,,,,,,,,,,,,,,,,,,,,,,,,,,0
s9_k5ac_a_s09_pos100_tap3_mc351_cpl0_rp4p95947545201_rn4p92850750481_f12370_f21100_a0_dac1p25,K5AC,A,9,5.0,100,3,351,ac,0.0,0.0,0,1.25,0,4.959475452006212,4.928507504812834,40.0,2370.0,1100.0,,0,994469.6394530889,0.003435923399316867,6657.839682254856,13.624427869297548,25.278451720232564,0,2473621.9916389273,432.37230640735464,493.2110676551044,60.838761247749744,-0.050095557906144214,-0.05,0.19111581228841157,,,,,,,,,,,,,,,,,,,,,,,,,,,,,,,,,,,,0
s9_k5ac_a_s09_pos100_tap3_mc352_cpl0_rp4p86151125407_rn4p80872221969_f12370_f21100_a0_dac1p25,K5AC,A,9,5.0,100,3,352,ac,0.0,0.0,0,1.25,0,4.861511254074463,4.808722219690718,40.0,2370.0,1100.0,,0,1013680.6190376363,1.7530051271213576e-05,14.234208838643733,12.988032441322773,24.409028122368042,0,2473621.9916389273,404.29520178171185,483.17007816074056,78.8748763790287,-0.04932935522568999,-0.05,-1.3412895486200171,,,,,,,,,,,,,,,,,,,,,,,,,,,,,,,,,,,,0
s9_k5ac_a_s09_pos100_tap3_mc353_cpl0_rp4p95643416182_rn4p82999746377_f12370_f21100_a0_dac1p25,K5AC,A,9,5.0,100,3,353,ac,0.0,0.0,0,1.25,0,4.956434161817279,4.8299974637653555,40.0,2370.0,1100.0,,0,1000203.0584425475,1.7722756316320407e-05,23.988329190195547,13.401166388871074,24.9259792607679,0,2473621.9916389273,434.0319900780158,487.961443769777,53.92945369176124,-0.04963672746591252,-0.05,-0.7265450681749552,,,,,,,,,,,,,,,,,,,,,,,,,,,,,,,,,,,,0
s9_k5ac_a_s09_pos100_tap3_mc354_cpl0_rp4p84962509036_rn4p80721882217_f12370_f21100_a0_dac1p25,K5AC,A,9,5.0,100,3,354,ac,0.0,0.0,0,1.25,0,4.8496250903626885,4.807218822168093,40.0,2370.0,1100.0,,0,984838.3256933249,1.7442545254429437e-05,12.397477630289705,13.161917650537157,24.665719237006247,0,2473621.9916389273,385.6009123401685,510.5013715900851,124.9004592499166,-0.048583045709770005,-0.05,-2.8339085804599984,,,,,,,,,,,,,,,,,,,,,,,,,,,,,,,,,,,,0
s9_k5ac_a_s09_pos100_tap3_mc355_cpl0_rp4p94433603634_rn4p87460786106_f12370_f21100_a0_dac1p25,K5AC,A,9,5.0,100,3,355,ac,0.0,0.0,0,1.25,0,4.944336036342694,4.8746078610627555,40.0,2370.0,1100.0,,0,1013311.9024148594,0.006553440292663299,12115.276586286842,13.61134306393024,25.129145584856303,0,2473621.9916389273,431.8466058972131,498.78377076976534,66.93716487255222,-0.049417104776292645,-0.05,-1.1657904474147163,,,,,,,,,,,,,,,,,,,,,,,,,,,,,,,,,,,,0
s9_k5ac_a_s09_pos100_tap3_mc356_cpl0_rp4p83543496854_rn4p92643634125_f12370_f21100_a0_dac1p25,K5AC,A,9,5.0,100,3,356,ac,0.0,0.0,0,1.25,0,4.835434968537871,4.926436341247537,40.0,2370.0,1100.0,,0,993376.921902017,1.7605144134262863e-05,23.988329190195547,13.54510609253137,25.128298487293815,0,2473621.9916389273,438.3070424565216,489.3754857822733,51.06844332575173,-0.0487222701138267,-0.05,-2.555459772346602,,,,,,,,,,,,,,,,,,,,,,,,,,,,,,,,,,,,0
s9_k5ac_a_s09_pos100_tap3_mc357_cpl0_rp4p85171281517_rn4p97429835531_f12370_f21100_a0_dac1p25,K5AC,A,9,5.0,100,3,357,ac,0.0,0.0,0,1.25,0,4.851712815170218,4.974298355305494,40.0,2370.0,1100.0,,0,1012591.4832506066,1.7847665090643696e-05,25.70395782768934,13.468492533130616,24.860721523063926,0,2473621.9916389273,430.3274401123991,493.9940563175919,63.66661620519284,-0.049719189060594936,-0.05,-0.5616218788101368,,,,,,,,,,,,,,,,,,,,,,,,,,,,,,,,,,,,0
s9_k5ac_a_s09_pos100_tap3_mc358_cpl0_rp4p95073484148_rn4p83316653686_f12370_f21100_a0_dac1p25,K5AC,A,9,5.0,100,3,358,ac,0.0,0.0,0,1.25,0,4.950734841476744,4.83316653685868,40.0,2370.0,1100.0,,0,998835.0801151969,0.004477423222215576,11930.720363266277,13.828152964168153,25.409566561959707,0,2473621.9916389273,438.23244011301307,498.64781409386586,60.41537398085279,-0.048455590808531755,-0.05,-3.088818382936498,,,,,,,,,,,,,,,,,,,,,,,,,,,,,,,,,,,,0
s9_k5ac_a_s09_pos100_tap3_mc359_cpl0_rp4p93716222101_rn4p91789299485_f12370_f21100_a0_dac1p25,K5AC,A,9,5.0,100,3,359,ac,0.0,0.0,0,1.25,0,4.937162221005011,4.9178929948462615,40.0,2370.0,1100.0,,0,968943.7430973571,1.7608427080177963e-05,25.11886431509648,13.528015750451647,24.909180082255766,0,2473621.9916389273,441.2991347483349,479.0904201890143,37.79128544067942,-0.04915726871276857,-0.05,-1.6854625744628593,,,,,,,,,,,,,,,,,,,,,,,,,,,,,,,,,,,,0
s9_k5ac_a_s09_pos100_tap3_mc35_cpl0_rp4p95208791014_rn4p99208304511_f12370_f21100_a0_dac1p25,K5AC,A,9,5.0,100,3,35,ac,0.0,0.0,0,1.25,0,4.952087910136527,4.992083045111767,40.0,2370.0,1100.0,,0,1061749.202951556,0.004179036912639955,11748.97554939622,13.11940495512162,24.842134214215186,0,2473621.9916389273,422.6939485487205,503.88536636041044,81.19141781168992,-0.0488359103014473,-0.05,-2.328179397105401,,,,,,,,,,,,,,,,,,,,,,,,,,,,,,,,,,,,0
s9_k5ac_a_s09_pos100_tap3_mc360_cpl0_rp4p82135856404_rn4p87489965256_f12370_f21100_a0_dac1p25,K5AC,A,9,5.0,100,3,360,ac,0.0,0.0,0,1.25,0,4.821358564040581,4.874899652559036,40.0,2370.0,1100.0,,0,1043937.5612161062,1.7644087224213708e-05,24.173154808041687,13.287256611247292,24.999653999750212,0,2473621.9916389273,429.44446581498835,502.534755974845,73.09029015985664,-0.04995600235259817,-0.05,-0.08799529480365553,,,,,,,,,,,,,,,,,,,,,,,,,,,,,,,,,,,,0
s9_k5ac_a_s09_pos100_tap3_mc361_cpl0_rp4p86248091917_rn4p82293002995_f12370_f21100_a0_dac1p25,K5AC,A,9,5.0,100,3,361,ac,0.0,0.0,0,1.25,0,4.862480919167026,4.822930029950884,40.0,2370.0,1100.0,,0,984994.4254959091,0.007821564331140228,12397.477630290425,14.248295068107005,25.84093240583842,0,2473621.9916389273,442.03579357407136,505.83059850021164,63.79480492614027,-0.05060684086018734,-0.05,1.2136817203746597,,,,,,,,,,,,,,,,,,,,,,,,,,,,,,,,,,,,0
s9_k5ac_a_s09_pos100_tap3_mc362_cpl0_rp4p9542069252_rn4p96607958157_f12370_f21100_a0_dac1p25,K5AC,A,9,5.0,100,3,362,ac,0.0,0.0,0,1.25,0,4.954206925200493,4.966079581566705,40.0,2370.0,1100.0,,0,949007.2257923033,1.7731981410838745e-05,26.505337179011526,14.198033446703402,25.66541278210042,0,2473621.9916389273,446.86027718290717,490.11658264404997,43.2563054611428,-0.0491932907339518,-0.05,-1.6134185320964,,,,,,,,,,,,,,,,,,,,,,,,,,,,,,,,,,,,0
s9_k5ac_a_s09_pos100_tap3_mc363_cpl0_rp4p90238655191_rn4p98796905454_f12370_f21100_a0_dac1p25,K5AC,A,9,5.0,100,3,363,ac,0.0,0.0,0,1.25,0,4.902386551911495,4.987969054540464,40.0,2370.0,1100.0,,0,1000381.4708029958,0.00248508348192436,10880.946292623114,13.481661674545409,25.015227860763268,0,2473621.9916389273,433.9445795061795,490.48850123055337,56.54392172437389,-0.05039158183905904,-0.05,0.7831636781180817,,,,,,,,,,,,,,,,,,,,,,,,,,,,,,,,,,,,0
s9_k5ac_a_s09_pos100_tap3_mc364_cpl0_rp4p93064728425_rn4p90218938398_f12370_f21100_a0_dac1p25,K5AC,A,9,5.0,100,3,364,ac,0.0,0.0,0,1.25,0,4.930647284245638,4.902189383984671,40.0,2370.0,1100.0,,0,1008463.5946428245,1.7637937197784708e-05,23.08518362242823,13.875898316168861,25.539301704409095,0,2473621.9916389273,436.76655451293374,504.6373406890699,67.87078617613616,-0.048858052899645295,-0.05,-2.283894200709413,,,,,,,,,,,,,,,,,,,,,,,,,,,,,,,,,,,,0
s9_k5ac_a_s09_pos100_tap3_mc365_cpl0_rp4p89352669764_rn4p99713850694_f12370_f21100_a0_dac1p25,K5AC,A,9,5.0,100,3,365,ac,0.0,0.0,0,1.25,0,4.893526697639626,4.9971385069410745,40.0,2370.0,1100.0,,0,1016727.8909629794,0.0005345692261433768,7943.282347243415,13.807882366413407,25.439925718465023,0,2473621.9916389273,435.11525496910724,505.85111697137086,70.73586200226362,-0.049422221434420835,-0.05,-1.1555571311583357,,,,,,,,,,,,,,,,,,,,,,,,,,,,,,,,,,,,0
s9_k5ac_a_s09_pos100_tap3_mc366_cpl0_rp4p92708777645_rn4p95060794107_f12370_f21100_a0_dac1p25,K5AC,A,9,5.0,100,3,366,ac,0.0,0.0,0,1.25,0,4.927087776453835,4.950607941074332,40.0,2370.0,1100.0,,0,930955.6374735844,0.0005807482149962482,7762.471166287502,14.425028322230458,25.84141525099288,0,2473621.9916389273,453.91614708579704,490.1724487008393,36.256301615042275,-0.0480323638285651,-0.05,-3.9352723428698,,,,,,,,,,,,,,,,,,,,,,,,,,,,,,,,,,,,0
s9_k5ac_a_s09_pos100_tap3_mc367_cpl0_rp4p9587155105_rn4p84268748339_f12370_f21100_a0_dac1p25,K5AC,A,9,5.0,100,3,367,ac,0.0,0.0,0,1.25,0,4.958715510498481,4.842687483386079,40.0,2370.0,1100.0,,0,1034168.786424111,1.7584138696414647e-05,15.019887046325211,13.058152877773269,24.663880127209328,0,2473621.9916389273,403.2015220967015,493.07041634529537,89.86889424859385,-0.05037858036452168,-0.05,0.7571607290433491,,,,,,,,,,,,,,,,,,,,,,,,,,,,,,,,,,,,0
s9_k5ac_a_s09_pos100_tap3_mc368_cpl0_rp4p810449634_rn4p86473871651_f12370_f21100_a0_dac1p25,K5AC,A,9,5.0,100,3,368,ac,0.0,0.0,0,1.25,0,4.810449634000735,4.864738716514117,40.0,2370.0,1100.0,,0,961964.5005485688,1.770555265489849e-05,24.547089156850962,14.200930307857895,25.771996858537563,0,2473621.9916389273,447.50364499787645,495.24227868578095,47.738633687904496,-0.0492267379200776,-0.05,-1.5465241598448087,,,,,,,,,,,,,,,,,,,,,,,,,,,,,,,,,,,,0
s9_k5ac_a_s09_pos100_tap3_mc369_cpl0_rp4p83780655351_rn4p96173884227_f12370_f21100_a0_dac1p25,K5AC,A,9,5.0,100,3,369,ac,0.0,0.0,0,1.25,0,4.8378065535060415,4.961738842269194,40.0,2370.0,1100.0,,0,1039933.8389721672,0.0006312561742080488,7762.471166287502,12.961060273058386,24.513810572946774,0,2473621.9916389273,425.42278334942347,491.05016175420894,65.62737840478547,-0.049287718363929804,-0.05,-1.4245632721404,,,,,,,,,,,,,,,,,,,,,,,,,,,,,,,,,,,,0
s9_k5ac_a_s09_pos100_tap3_mc36_cpl0_rp4p89051213336_rn4p91102046899_f12370_f21100_a0_dac1p25,K5AC,A,9,5.0,100,3,36,ac,0.0,0.0,0,1.25,0,4.890512133363556,4.911020468986035,40.0,2370.0,1100.0,,0,979664.7061221094,0.0002968056103165828,7079.457843841907,13.645914318170755,25.034533148358683,0,2473621.9916389273,440.2280738127545,486.55611704811116,46.32804323535669,-0.05125557563268551,-0.05,2.5111512653710255,,,,,,,,,,,,,,,,,,,,,,,,,,,,,,,,,,,,0
s9_k5ac_a_s09_pos100_tap3_mc370_cpl0_rp4p87013601696_rn4p83252297655_f12370_f21100_a0_dac1p25,K5AC,A,9,5.0,100,3,370,ac,0.0,0.0,0,1.25,0,4.870136016964239,4.832522976546414,40.0,2370.0,1100.0,,0,983241.3548287688,0.0006742250162797672,7703.120057972726,14.22201620675463,25.81490940220721,0,2473621.9916389273,444.84252167205534,504.29682132954514,59.4542996574898,-0.05071359560701898,-0.05,1.4271912140379373,,,,,,,,,,,,,,,,,,,,,,,,,,,,,,,,,,,,0
s9_k5ac_a_s09_pos100_tap3_mc371_cpl0_rp4p86654325462_rn4p88635229818_f12370_f21100_a0_dac1p25,K5AC,A,9,5.0,100,3,371,ac,0.0,0.0,0,1.25,0,4.8665432546165865,4.886352298180757,40.0,2370.0,1100.0,,0,1021109.19805427,0.00014011285704454334,5580.4171747703695,13.33026391165536,24.94329224930067,0,2473621.9916389273,431.01511181583425,494.2019165479173,63.18680473208303,-0.049057412723930306,-0.05,-1.8851745521393903,,,,,,,,,,,,,,,,,,,,,,,,,,,,,,,,,,,,0
s9_k5ac_a_s09_pos100_tap3_mc372_cpl0_rp4p86454746998_rn4p81397610298_f12370_f21100_a0_dac1p25,K5AC,A,9,5.0,100,3,372,ac,0.0,0.0,0,1.25,0,4.864547469978217,4.813976102978372,40.0,2370.0,1100.0,,0,1007828.3583903838,1.7693772120915563e-05,22.733518989206896,12.996278912166998,24.373654065863153,0,2473621.9916389273,430.41216550446586,477.82263270211644,47.410467197650576,-0.04838017687472824,-0.05,-3.2396462505435264,,,,,,,,,,,,,,,,,,,,,,,,,,,,,,,,,,,,0
s9_k5ac_a_s09_pos100_tap3_mc373_cpl0_rp4p82021042013_rn4p87152732858_f12370_f21100_a0_dac1p25,K5AC,A,9,5.0,100,3,373,ac,0.0,0.0,0,1.25,0,4.820210420133134,4.87152732857917,40.0,2370.0,1100.0,,0,1031563.5270795109,0.006990848541061991,12589.254117942672,13.44178051066021,25.083924568313545,0,2473621.9916389273,427.79572968613695,502.35990920284894,74.56417951671199,-0.05010279143594575,-0.05,0.2055828718914965,,,,,,,,,,,,,,,,,,,,,,,,,,,,,,,,,,,,0
s9_k5ac_a_s09_pos100_tap3_mc374_cpl0_rp4p96597706609_rn4p9266079295_f12370_f21100_a0_dac1p25,K5AC,A,9,5.0,100,3,374,ac,0.0,0.0,0,1.25,0,4.9659770660885005,4.926607929503884,40.0,2370.0,1100.0,,0,1035043.9618078404,0.005002272253419265,11930.720363266277,13.08226501103357,24.604694650433938,0,2473621.9916389273,427.2074929400401,491.5133833914404,64.30589045140033,-0.04943243905737203,-0.05,-1.1351218852559408,,,,,,,,,,,,,,,,,,,,,,,,,,,,,,,,,,,,0
s9_k5ac_a_s09_pos100_tap3_mc375_cpl0_rp4p96166779053_rn4p84369760712_f12370_f21100_a0_dac1p25,K5AC,A,9,5.0,100,3,375,ac,0.0,0.0,0,1.25,0,4.961667790527332,4.843697607124357,40.0,2370.0,1100.0,,0,972715.3594274124,1.790702132020048e-05,697.1613999635058,14.101322882734232,25.656797867140163,0,2473621.9916389273,443.060018837484,496.62223425529953,53.56221541781554,-0.05032159076222873,-0.05,0.643181524457459,,,,,,,,,,,,,,,,,,,,,,,,,,,,,,,,,,,,0
s9_k5ac_a_s09_pos100_tap3_mc376_cpl0_rp4p81682870265_rn4p98341790765_f12370_f21100_a0_dac1p25,K5AC,A,9,5.0,100,3,376,ac,0.0,0.0,0,1.25,0,4.816828702649654,4.983417907650963,40.0,2370.0,1100.0,,0,913493.4042120342,0.0044036173104433024,8576.958985909594,14.645096602096686,26.06385839971513,0,2473621.9916389273,455.86047698394515,490.47485180484495,34.6143748208998,-0.04907299502936074,-0.05,-1.8540099412785338,,,,,,,,,,,,,,,,,,,,,,,,,,,,,,,,,,,,0
s9_k5ac_a_s09_pos100_tap3_mc377_cpl0_rp4p97531267993_rn4p96638275321_f12370_f21100_a0_dac1p25,K5AC,A,9,5.0,100,3,377,ac,0.0,0.0,0,1.25,0,4.975312679925663,4.96638275321214,40.0,2370.0,1100.0,,0,983270.5189784352,1.7781065796481234e-05,23.442288153199843,14.01565933484574,25.569752265293896,0,2473621.9916389273,441.5254734949081,498.4497147896099,56.9242412947018,-0.050711740027366795,-0.05,1.4234800547335835,,,,,,,,,,,,,,,,,,,,,,,,,,,,,,,,,,,,0
s9_k5ac_a_s09_pos100_tap3_mc378_cpl0_rp4p98102116802_rn4p95759466643_f12370_f21100_a0_dac1p25,K5AC,A,9,5.0,100,3,378,ac,0.0,0.0,0,1.25,0,4.981021168023387,4.957594666434592,40.0,2370.0,1100.0,,0,1027685.6328828793,0.0024199635809177096,10471.28548050981,13.239422787548873,24.78262867218417,0,2473621.9916389273,429.694207560935,493.51410475870046,63.81989719776544,-0.048773555427625216,-0.05,-2.4528891447495704,,,,,,,,,,,,,,,,,,,,,,,,,,,,,,,,,,,,0
s9_k5ac_a_s09_pos100_tap3_mc379_cpl0_rp4p85025387931_rn4p81333884203_f12370_f21100_a0_dac1p25,K5AC,A,9,5.0,100,3,379,ac,0.0,0.0,0,1.25,0,4.8502538793082275,4.813338842027529,40.0,2370.0,1100.0,,0,1021568.8539678945,1.776268426944288e-05,24.173154808041687,13.620059253336967,25.140864752565516,0,2473621.9916389273,431.5653992241399,502.3481669251343,70.78276770099438,-0.049889686445362236,-0.05,-0.22062710927552853,,,,,,,,,,,,,,,,,,,,,,,,,,,,,,,,,,,,0
s9_k5ac_a_s09_pos100_tap3_mc37_cpl0_rp4p91353117255_rn4p90618399729_f12370_f21100_a0_dac1p25,K5AC,A,9,5.0,100,3,37,ac,0.0,0.0,0,1.25,0,4.913531172554432,4.9061839972879255,40.0,2370.0,1100.0,,0,969204.3539328397,1.7673889387678296e-05,23.80491673125578,13.645949311221045,25.10138692887628,0,2473621.9916389273,441.59951066930284,482.9302154325307,41.33070476322786,-0.04873301747554292,-0.05,-2.5339650489141663,,,,,,,,,,,,,,,,,,,,,,,,,,,,,,,,,,,,0
s9_k5ac_a_s09_pos100_tap3_mc380_cpl0_rp4p8342499485_rn4p80841874944_f12370_f21100_a0_dac1p25,K5AC,A,9,5.0,100,3,380,ac,0.0,0.0,0,1.25,0,4.834249948504327,4.808418749436675,40.0,2370.0,1100.0,,0,994605.3200336632,0.010842797659010046,12115.276586286842,13.933658929750287,25.642501657587108,0,2473621.9916389273,440.35511170001723,500.7282500531889,60.37313835317167,-0.050171301640896095,-0.05,0.34260328179218646,,,,,,,,,,,,,,,,,,,,,,,,,,,,,,,,,,,,0
s9_k5ac_a_s09_pos100_tap3_mc381_cpl0_rp4p93833998422_rn4p95849003087_f12370_f21100_a0_dac1p25,K5AC,A,9,5.0,100,3,381,ac,0.0,0.0,0,1.25,0,4.938339984218674,4.958490030869813,40.0,2370.0,1100.0,,0,1027079.3418506992,1.776728397861677e-05,24.547089156850962,13.623085477283912,25.264626750437294,0,2473621.9916389273,429.52060571037515,505.24256412103813,75.72195841066298,-0.04867418714496481,-0.05,-2.651625710070382,,,,,,,,,,,,,,,,,,,,,,,,,,,,,,,,,,,,0
s9_k5ac_a_s09_pos100_tap3_mc382_cpl0_rp4p85980346978_rn4p9255657309_f12370_f21100_a0_dac1p25,K5AC,A,9,5.0,100,3,382,ac,0.0,0.0,0,1.25,0,4.8598034697783765,4.925565730900889,40.0,2370.0,1100.0,,0,1002756.9932961542,0.012400091711995135,12589.254117942672,13.490645078168713,25.09898660226721,0,2473621.9916389273,436.031114224621,491.07177721059935,55.04066298597837,-0.05026428076237733,-0.05,0.5285615247546449,,,,,,,,,,,,,,,,,,,,,,,,,,,,,,,,,,,,0
s9_k5ac_a_s09_pos100_tap3_mc383_cpl0_rp4p93533219708_rn4p99686233652_f12370_f21100_a0_dac1p25,K5AC,A,9,5.0,100,3,383,ac,0.0,0.0,0,1.25,0,4.93533219707689,4.9968623365198095,40.0,2370.0,1100.0,,0,967913.0450138735,1.7736114824291918e-05,25.50742783711428,13.372820122482938,24.822975357647284,0,2473621.9916389273,442.7800587024399,477.09420187657753,34.314143174137655,-0.048857431691920056,-0.05,-2.2851366161598885,,,,,,,,,,,,,,,,,,,,,,,,,,,,,,,,,,,,0
s9_k5ac_a_s09_pos100_tap3_mc384_cpl0_rp4p82681854755_rn4p89418104924_f12370_f21100_a0_dac1p25,K5AC,A,9,5.0,100,3,384,ac,0.0,0.0,0,1.25,0,4.826818547547624,4.894181049244806,40.0,2370.0,1100.0,,0,980597.2457966808,7.887531342443467e-05,4606.099691596986,13.470471330830012,24.943708329858513,0,2473621.9916389273,440.58286313621716,482.62102414430296,42.03816100808581,-0.050382291397857173,-0.05,0.7645827957143414,,,,,,,,,,,,,,,,,,,,,,,,,,,,,,,,,,,,0
s9_k5ac_a_s09_pos100_tap3_mc385_cpl0_rp4p82334653952_rn4p96920156457_f12370_f21100_a0_dac1p25,K5AC,A,9,5.0,100,3,385,ac,0.0,0.0,0,1.25,0,4.823346539518324,4.969201564568424,40.0,2370.0,1100.0,,0,993957.0494671217,0.015905734479925375,11569.999317503021,13.337761448701174,24.95535918776486,0,2473621.9916389273,436.67276926741357,485.19573508230525,48.52296581489168,-0.05090870236587623,-0.05,1.8174047317524478,,,,,,,,,,,,,,,,,,,,,,,,,,,,,,,,,,,,0
s9_k5ac_a_s09_pos100_tap3_mc386_cpl0_rp4p9492909582_rn4p92820090188_f12370_f21100_a0_dac1p25,K5AC,A,9,5.0,100,3,386,ac,0.0,0.0,0,1.25,0,4.949290958203621,4.928200901884112,40.0,2370.0,1100.0,,0,1050170.8118234393,0.0048090626693062175,11659.144011799235,12.744835736227056,24.325229485538948,0,2473621.9916389273,422.57605972913746,488.7622171770781,66.18615744794067,-0.048402323145483574,-0.05,-3.1953537090328554,,,,,,,,,,,,,,,,,,,,,,,,,,,,,,,,,,,,0
s9_k5ac_a_s09_pos100_tap3_mc387_cpl0_rp4p91077197555_rn4p87562027692_f12370_f21100_a0_dac1p25,K5AC,A,9,5.0,100,3,387,ac,0.0,0.0,0,1.25,0,4.91077197555383,4.875620276920817,40.0,2370.0,1100.0,,0,1003271.6729613594,0.011938988861368573,12981.752750499525,14.1001642369186,25.882089678910695,0,2473621.9916389273,439.2777331608784,509.22274463878614,69.94501147790771,-0.04969165528591524,-0.05,-0.6166894281695257,,,,,,,,,,,,,,,,,,,,,,,,,,,,,,,,,,,,0
s9_k5ac_a_s09_pos100_tap3_mc388_cpl0_rp4p8967202948_rn4p96860524371_f12370_f21100_a0_dac1p25,K5AC,A,9,5.0,100,3,388,ac,0.0,0.0,0,1.25,0,4.896720294796431,4.9686052437063335,40.0,2370.0,1100.0,,0,979519.5936187045,2.432289565041754e-05,2712.2725793322084,13.999000990116562,25.62684461182227,0,2473621.9916389273,443.9936163639193,496.04761977372186,52.05400340980259,-0.049983345494742884,-0.05,-0.033309010514237514,,,,,,,,,,,,,,,,,,,,,,,,,,,,,,,,,,,,0
s9_k5ac_a_s09_pos100_tap3_mc389_cpl0_rp4p80341691496_rn4p80398045639_f12370_f21100_a0_dac1p25,K5AC,A,9,5.0,100,3,389,ac,0.0,0.0,0,1.25,0,4.803416914963317,4.803980456388981,40.0,2370.0,1100.0,,0,1007263.6420976012,0.006014011027912019,12022.644346175079,13.400830905802431,24.859786581182,0,2473621.9916389273,430.4875561785297,490.1104510380992,59.6228948595695,-0.04925068448067729,-0.05,-1.498631038645415,,,,,,,,,,,,,,,,,,,,,,,,,,,,,,,,,,,,0
s9_k5ac_a_s09_pos100_tap3_mc38_cpl0_rp4p95872617372_rn4p86957208005_f12370_f21100_a0_dac1p25,K5AC,A,9,5.0,100,3,38,ac,0.0,0.0,0,1.25,0,4.958726173715687,4.869572080054028,40.0,2370.0,1100.0,,0,962147.4724543287,0.003805674870820837,11393.749492814264,13.604350280629166,24.88551007710364,0,2473621.9916389273,440.91188990548045,478.40168661028207,37.48979670480162,-0.04900959825849131,-0.05,-1.9808034830173793,,,,,,,,,,,,,,,,,,,,,,,,,,,,,,,,,,,,0
s9_k5ac_a_s09_pos100_tap3_mc390_cpl0_rp4p8339069814_rn4p91507442577_f12370_f21100_a0_dac1p25,K5AC,A,9,5.0,100,3,390,ac,0.0,0.0,0,1.25,0,4.833906981402235,4.915074425769694,40.0,2370.0,1100.0,,0,1016321.4870800324,0.040013144064682545,18057.87600776866,13.25380789760183,24.728024032175217,0,2473621.9916389273,430.9163005460125,489.5789257439465,58.662625197934005,-0.05001937534382066,-0.05,0.038750687641297965,,,,,,,,,,,,,,,,,,,,,,,,,,,,,,,,,,,,0
s9_k5ac_a_s09_pos100_tap3_mc391_cpl0_rp4p88553270259_rn4p9329426081_f12370_f21100_a0_dac1p25,K5AC,A,9,5.0,100,3,391,ac,0.0,0.0,0,1.25,0,4.885532702587025,4.932942608102221,40.0,2370.0,1100.0,,0,980536.3059133532,5.564239815449589e-05,4749.705326484894,14.53005742437601,26.16099209370287,0,2473621.9916389273,444.1845050545158,511.1457878268696,66.9612827723538,-0.04888321502656849,-0.05,-2.2335699468630232,,,,,,,,,,,,,,,,,,,,,,,,,,,,,,,,,,,,0
s9_k5ac_a_s09_pos100_tap3_mc392_cpl0_rp4p83513013559_rn4p89780080987_f12370_f21100_a0_dac1p25,K5AC,A,9,5.0,100,3,392,ac,0.0,0.0,0,1.25,0,4.83513013559402,4.897800809870664,40.0,2370.0,1100.0,,0,1022569.9625739433,0.00032174556513016284,7134.003750713094,13.038972607016309,24.484095638708677,0,2473621.9916389273,427.24233419199396,486.0778098238155,58.835475631821566,-0.05048711472028436,-0.05,0.974229440568708,,,,,,,,,,,,,,,,,,,,,,,,,,,,,,,,,,,,0
s9_k5ac_a_s09_pos100_tap3_mc393_cpl0_rp4p80353684907_rn4p93527749599_f12370_f21100_a0_dac1p25,K5AC,A,9,5.0,100,3,393,ac,0.0,0.0,0,1.25,0,4.80353684906974,4.935277495986037,40.0,2370.0,1100.0,,0,996054.6775785338,1.744007022616693e-05,13.593563908785555,13.531943784140752,24.979291941396248,0,2473621.9916389273,398.9153031392495,491.9510100596189,93.03570692036942,-0.04883273484846829,-0.05,-2.33453030306342,,,,,,,,,,,,,,,,,,,,,,,,,,,,,,,,,,,,0
s9_k5ac_a_s09_pos100_tap3_mc394_cpl0_rp4p82055042637_rn4p8023678576_f12370_f21100_a0_dac1p25,K5AC,A,9,5.0,100,3,394,ac,0.0,0.0,0,1.25,0,4.820550426374241,4.802367857598705,40.0,2370.0,1100.0,,0,983349.4609683126,1.7682224081938244e-05,24.35940447292092,14.171031213435791,25.715980120621015,0,2473621.9916389273,440.729041273737,502.1845595422786,61.455518268541596,-0.048678738716376235,-0.05,-2.6425225672475294,,,,,,,,,,,,,,,,,,,,,,,,,,,,,,,,,,,,0
s9_k5ac_a_s09_pos100_tap3_mc395_cpl0_rp4p89495892087_rn4p93433731851_f12370_f21100_a0_dac1p25,K5AC,A,9,5.0,100,3,395,ac,0.0,0.0,0,1.25,0,4.894958920869686,4.93433731850674,40.0,2370.0,1100.0,,0,953992.1731030768,0.0023182682324938814,10551.964788903226,14.192066848735564,25.631695316121235,0,2473621.9916389273,446.8036050669054,491.774094421899,44.97048935499362,-0.05016012983007145,-0.05,0.3202596601428853,,,,,,,,,,,,,,,,,,,,,,,,,,,,,,,,,,,,0
s9_k5ac_a_s09_pos100_tap3_mc396_cpl0_rp4p98745526316_rn4p86824203872_f12370_f21100_a0_dac1p25,K5AC,A,9,5.0,100,3,396,ac,0.0,0.0,0,1.25,0,4.987455263162662,4.868242038715888,40.0,2370.0,1100.0,,0,1011488.6294319546,1.770754442678993e-05,26.101572156826084,14.094993183537271,25.70507738857845,0,2473621.9916389273,434.9155546604089,512.1025219266683,77.18696726625939,-0.05037060679497243,-0.05,0.7412135899448558,,,,,,,,,,,,,,,,,,,,,,,,,,,,,,,,,,,,0
s9_k5ac_a_s09_pos100_tap3_mc397_cpl0_rp4p90265991512_rn4p90356505476_f12370_f21100_a0_dac1p25,K5AC,A,9,5.0,100,3,397,ac,0.0,0.0,0,1.25,0,4.902659915120735,4.90356505476135,40.0,2370.0,1100.0,,0,964873.2007053918,1.7642675860544384e-05,26.9153480392699,14.46440607415521,25.97051927525168,0,2473621.9916389273,447.59809448061645,502.8099731816489,55.21187870103245,-0.04908307351255754,-0.05,-1.8338529748849197,,,,,,,,,,,,,,,,,,,,,,,,,,,,,,,,,,,,0
s9_k5ac_a_s09_pos100_tap3_mc398_cpl0_rp4p80471789267_rn4p89921458537_f12370_f21100_a0_dac1p25,K5AC,A,9,5.0,100,3,398,ac,0.0,0.0,0,1.25,0,4.804717892669463,4.899214585370171,40.0,2370.0,1100.0,,0,985100.2666603065,0.004123470564915255,11306.633979497277,13.62236988210749,25.227609706640877,0,2473621.9916389273,440.7355271261737,489.05314122892787,48.31761410275419,-0.04957939768250339,-0.05,-0.8412046349932201,,,,,,,,,,,,,,,,,,,,,,,,,,,,,,,,,,,,0
s9_k5ac_a_s09_pos100_tap3_mc399_cpl0_rp4p94975224819_rn4p92047709746_f12370_f21100_a0_dac1p25,K5AC,A,9,5.0,100,3,399,ac,0.0,0.0,0,1.25,0,4.949752248185426,4.920477097461969,40.0,2370.0,1100.0,,0,1059899.0980704513,0.0017661698887896028,5495.408738576643,13.257399184436206,25.012957366631145,0,2473621.9916389273,415.51451720025017,509.369990046829,93.85547284657883,-0.049894067650674216,-0.05,-0.21186469865157598,,,,,,,,,,,,,,,,,,,,,,,,,,,,,,,,,,,,0
s9_k5ac_a_s09_pos100_tap3_mc39_cpl0_rp4p8405063552_rn4p81892231565_f12370_f21100_a0_dac1p25,K5AC,A,9,5.0,100,3,39,ac,0.0,0.0,0,1.25,0,4.84050635520103,4.818922315649883,40.0,2370.0,1100.0,,0,1041850.0069122028,0.000987680616297484,9332.543007970628,13.648876232399463,25.381127299388826,0,2473621.9916389273,428.22027561785836,512.5486964954645,84.3284208776061,-0.05019913311087605,-0.05,0.39826622175209714,,,,,,,,,,,,,,,,,,,,,,,,,,,,,,,,,,,,0
s9_k5ac_a_s09_pos100_tap3_mc3_cpl0_rp4p84546201527_rn4p84758850786_f12370_f21100_a0_dac1p25,K5AC,A,9,5.0,100,3,3,ac,0.0,0.0,0,1.25,0,4.845462015270863,4.847588507857414,40.0,2370.0,1100.0,,0,1030492.6331937546,1.7652954239682514e-05,24.35940447292092,12.97503764502856,24.619089609697106,0,2473621.9916389273,429.5231933822054,488.8565043039039,59.333310921698455,-0.04931757411092536,-0.05,-1.3648517781492786,,,,,,,,,,,,,,,,,,,,,,,,,,,,,,,,,,,,0
s9_k5ac_a_s09_pos100_tap3_mc400_cpl0_rp4p96530491431_rn4p91631368562_f12370_f21100_a0_dac1p25,K5AC,A,9,5.0,100,3,400,ac,0.0,0.0,0,1.25,0,4.965304914305209,4.916313685616408,40.0,2370.0,1100.0,,0,1055471.4229583112,1.773030674967836e-05,24.547089156850962,13.18773732436582,24.93339547280985,0,2473621.9916389273,426.3995211503061,504.4383540637424,78.0388329134363,-0.04926339441982503,-0.05,-1.473211160349941,,,,,,,,,,,,,,,,,,,,,,,,,,,,,,,,,,,,0
s9_k5ac_a_s09_pos100_tap3_mc401_cpl0_rp4p95092194907_rn4p84362522238_f12370_f21100_a0_dac1p25,K5AC,A,9,5.0,100,3,401,ac,0.0,0.0,0,1.25,0,4.950921949066017,4.84362522237532,40.0,2370.0,1100.0,,0,1025951.2966950673,0.004037064059004034,11748.97554939622,13.31776945043268,24.944204958217053,0,2473621.9916389273,430.5907020333427,495.30347262077356,64.71277058743084,-0.0487019985465434,-0.05,-2.5960029069132085,,,,,,,,,,,,,,,,,,,,,,,,,,,,,,,,,,,,0
s9_k5ac_a_s09_pos100_tap3_mc402_cpl0_rp4p98126867566_rn4p82711134242_f12370_f21100_a0_dac1p25,K5AC,A,9,5.0,100,3,402,ac,0.0,0.0,0,1.25,0,4.9812686756609805,4.827111342419783,40.0,2370.0,1100.0,,0,1005035.6345587147,0.0009737825040204238,8511.380382024412,14.310904804485062,26.00621948606598,0,2473621.9916389273,437.35921697847857,515.0365359826296,77.67731900415106,-0.04776293525765359,-0.05,-4.474129484692824,,,,,,,,,,,,,,,,,,,,,,,,,,,,,,,,,,,,0
s9_k5ac_a_s09_pos100_tap3_mc403_cpl0_rp4p99032477697_rn4p97633558441_f12370_f21100_a0_dac1p25,K5AC,A,9,5.0,100,3,403,ac,0.0,0.0,0,1.25,0,4.9903247769715176,4.9763355844074555,40.0,2370.0,1100.0,,0,957037.7967709946,0.0016792132000841157,9404.44851726424,14.844157875327964,26.430613051911145,0,2473621.9916389273,451.66254747960704,510.4535428712503,58.790995391643264,-0.0498240435020144,-0.05,-0.3519129959712042,,,,,,,,,,,,,,,,,,,,,,,,,,,,,,,,,,,,0
s9_k5ac_a_s09_pos100_tap3_mc404_cpl0_rp4p86031491887_rn4p8693215276_f12370_f21100_a0_dac1p25,K5AC,A,9,5.0,100,3,404,ac,0.0,0.0,0,1.25,0,4.860314918872622,4.869321527601691,40.0,2370.0,1100.0,,0,1009830.6387970734,0.009860224303311254,12783.997194631253,13.768836923209752,25.33646463625175,0,2473621.9916389273,434.2661193476984,502.9634655134824,68.69734616578398,-0.04993436721250363,-0.05,-0.13126557499273384,,,,,,,,,,,,,,,,,,,,,,,,,,,,,,,,,,,,0
s9_k5ac_a_s09_pos100_tap3_mc405_cpl0_rp4p84107779984_rn4p84599880095_f12370_f21100_a0_dac1p25,K5AC,A,9,5.0,100,3,405,ac,0.0,0.0,0,1.25,0,4.8410777998379455,4.845998800947448,40.0,2370.0,1100.0,,0,998278.1463905592,0.006705704795631173,12115.276586286842,13.85152829745919,25.41995975461895,0,2473621.9916389273,436.5282079540813,498.5868273569282,62.05861940284689,-0.049370685827557895,-0.05,-1.2586283448842162,,,,,,,,,,,,,,,,,,,,,,,,,,,,,,,,,,,,0
s9_k5ac_a_s09_pos100_tap3_mc406_cpl0_rp4p89299198434_rn4p98436690755_f12370_f21100_a0_dac1p25,K5AC,A,9,5.0,100,3,406,ac,0.0,0.0,0,1.25,0,4.89299198433958,4.984366907551315,40.0,2370.0,1100.0,,0,1009552.1042833269,0.0001530171556460207,3066.6673307133897,13.310099430717285,24.89929114497352,0,2473621.9916389273,426.3622727845645,490.3070419256001,63.944769141035636,-0.048911082089868614,-0.05,-2.1778358202627746,,,,,,,,,,,,,,,,,,,,,,,,,,,,,,,,,,,,0
s9_k5ac_a_s09_pos100_tap3_mc407_cpl0_rp4p96593796823_rn4p9707304606_f12370_f21100_a0_dac1p25,K5AC,A,9,5.0,100,3,407,ac,0.0,0.0,0,1.25,0,4.965937968229974,4.970730460595229,40.0,2370.0,1100.0,,0,990691.2890627418,0.001613886529932254,9476.908045142321,13.570210077444061,25.026211412278947,0,2473621.9916389273,436.4688232850241,487.8588274190042,51.390004133980085,-0.04831875005852039,-0.05,-3.3624998829592245,,,,,,,,,,,,,,,,,,,,,,,,,,,,,,,,,,,,0
s9_k5ac_a_s09_pos100_tap3_mc408_cpl0_rp4p82589970076_rn4p98712990102_f12370_f21100_a0_dac1p25,K5AC,A,9,5.0,100,3,408,ac,0.0,0.0,0,1.25,0,4.825899700761262,4.987129901023796,40.0,2370.0,1100.0,,0,1000055.8497489096,1.771157999014623e-05,24.926807893272443,13.470982057740846,24.99038045001141,0,2473621.9916389273,437.0283994234881,490.0220203085256,52.9936208850375,-0.048585770398281235,-0.05,-2.828459203437539,,,,,,,,,,,,,,,,,,,,,,,,,,,,,,,,,,,,0
s9_k5ac_a_s09_pos100_tap3_mc409_cpl0_rp4p93634229341_rn4p88383298296_f12370_f21100_a0_dac1p25,K5AC,A,9,5.0,100,3,409,ac,0.0,0.0,0,1.25,0,4.936342293409816,4.883832982963993,40.0,2370.0,1100.0,,0,991505.4043655526,1.780014468895961e-05,22.216040919558694,13.980578102174558,25.634767267822856,0,2473621.9916389273,440.8620307100406,500.8439571485192,59.98192643847864,-0.04953071506996259,-0.05,-0.9385698600748338,,,,,,,,,,,,,,,,,,,,,,,,,,,,,,,,,,,,0
s9_k5ac_a_s09_pos100_tap3_mc40_cpl0_rp4p82617360232_rn4p86377609097_f12370_f21100_a0_dac1p25,K5AC,A,9,5.0,100,3,40,ac,0.0,0.0,0,1.25,0,4.826173602315599,4.863776090965167,40.0,2370.0,1100.0,,0,956561.3846552451,1.7375612707470127e-05,12.302687708124076,14.185002154990524,25.84233378151557,0,2473621.9916389273,394.79857738208835,528.0895667668373,133.2909893847489,-0.04897084177117174,-0.05,-2.0583164576565283,,,,,,,,,,,,,,,,,,,,,,,,,,,,,,,,,,,,0
s9_k5ac_a_s09_pos100_tap3_mc410_cpl0_rp4p88217981417_rn4p91530499969_f12370_f21100_a0_dac1p25,K5AC,A,9,5.0,100,3,410,ac,0.0,0.0,0,1.25,0,4.882179814174154,4.915304999687279,40.0,2370.0,1100.0,,0,1054878.7476410405,0.1227615820819687,60720.219569104476,12.8653376547807,24.366691581589617,0,2473621.9916389273,396.8588449271976,490.4120334063534,93.55318847915578,-0.050148908930226534,-0.05,0.2978178604530646,,,,,,,,,,,,,,,,,,,,,,,,,,,,,,,,,,,,0
s9_k5ac_a_s09_pos100_tap3_mc411_cpl0_rp4p90140702224_rn4p91673451838_f12370_f21100_a0_dac1p25,K5AC,A,9,5.0,100,3,411,ac,0.0,0.0,0,1.25,0,4.901407022235087,4.916734518378269,40.0,2370.0,1100.0,,0,1040890.8301267067,0.2370937184956973,68654.1297822519,13.451122414196032,25.039898388538024,0,2473621.9916389273,387.3852743594211,502.0681252426056,114.68285088318453,-0.04953845112169958,-0.05,-0.9230977566008436,,,,,,,,,,,,,,,,,,,,,,,,,,,,,,,,,,,,0
s9_k5ac_a_s09_pos100_tap3_mc412_cpl0_rp4p80263980605_rn4p9274688818_f12370_f21100_a0_dac1p25,K5AC,A,9,5.0,100,3,412,ac,0.0,0.0,0,1.25,0,4.802639806050018,4.927468881796134,40.0,2370.0,1100.0,,0,985299.4275560051,7.359897036455714e-05,3658.7550369902847,14.391905389993495,26.001755921297935,0,2473621.9916389273,444.1640831327667,510.1878386666064,66.02375553383973,-0.04992365549829253,-0.05,-0.15268900341494085,,,,,,,,,,,,,,,,,,,,,,,,,,,,,,,,,,,,0
s9_k5ac_a_s09_pos100_tap3_mc413_cpl0_rp4p85968246261_rn4p80562276972_f12370_f21100_a0_dac1p25,K5AC,A,9,5.0,100,3,413,ac,0.0,0.0,0,1.25,0,4.859682462612504,4.805622769718563,40.0,2370.0,1100.0,,0,945013.2122780122,1.76965281072694e-05,23.442288153199843,14.114835836289478,25.581565207121436,0,2473621.9916389273,448.17601249267335,486.8027935732715,38.626781080598164,-0.048980452887337295,-0.05,-2.0390942253254107,,,,,,,,,,,,,,,,,,,,,,,,,,,,,,,,,,,,0
s9_k5ac_a_s09_pos100_tap3_mc414_cpl0_rp4p98184854148_rn4p8516092388_f12370_f21100_a0_dac1p25,K5AC,A,9,5.0,100,3,414,ac,0.0,0.0,0,1.25,0,4.981848541479969,4.851609238797026,40.0,2370.0,1100.0,,0,1005580.7602654465,1.769709354724199e-05,22.908676527678335,13.82265876529226,25.44705448578404,0,2473621.9916389273,435.0409789580928,502.5821355966756,67.54115663858278,-0.04888890831427676,-0.05,-2.2221833714464845,,,,,,,,,,,,,,,,,,,,,,,,,,,,,,,,,,,,0
s9_k5ac_a_s09_pos100_tap3_mc415_cpl0_rp4p98902381976_rn4p83479926401_f12370_f21100_a0_dac1p25,K5AC,A,9,5.0,100,3,415,ac,0.0,0.0,0,1.25,0,4.989023819761244,4.834799264007673,40.0,2370.0,1100.0,,0,993800.2471533401,1.7602224368763672e-05,26.101572156826084,13.420454555787625,24.762696222847403,0,2473621.9916389273,434.2914426838998,484.55391299858843,50.26247031468864,-0.04863857448621426,-0.05,-2.7228510275714823,,,,,,,,,,,,,,,,,,,,,,,,,,,,,,,,,,,,0
s9_k5ac_a_s09_pos100_tap3_mc416_cpl0_rp4p81568951694_rn4p93831818861_f12370_f21100_a0_dac1p25,K5AC,A,9,5.0,100,3,416,ac,0.0,0.0,0,1.25,0,4.8156895169444285,4.938318188608376,40.0,2370.0,1100.0,,0,1004260.7052262506,0.0006018711092055883,7822.279563860615,13.67490034715413,25.15632650892117,0,2473621.9916389273,433.39977604732286,495.9167253801054,62.51694933278253,-0.05030281284902421,-0.05,0.6056256980484065,,,,,,,,,,,,,,,,,,,,,,,,,,,,,,,,,,,,0
s9_k5ac_a_s09_pos100_tap3_mc417_cpl0_rp4p96149420523_rn4p81489206956_f12370_f21100_a0_dac1p25,K5AC,A,9,5.0,100,3,417,ac,0.0,0.0,0,1.25,0,4.961494205229407,4.814892069559012,40.0,2370.0,1100.0,,0,1057453.3313643562,1.775193698716233e-05,25.11886431509648,13.104440323539906,24.863992630997544,0,2473621.9916389273,423.76722343110026,502.0566530950274,78.28942966392714,-0.04863097745417997,-0.05,-2.7380450916400623,,,,,,,,,,,,,,,,,,,,,,,,,,,,,,,,,,,,0
s9_k5ac_a_s09_pos100_tap3_mc418_cpl0_rp4p8426734305_rn4p85663682175_f12370_f21100_a0_dac1p25,K5AC,A,9,5.0,100,3,418,ac,0.0,0.0,0,1.25,0,4.842673430497197,4.856636821747744,40.0,2370.0,1100.0,,0,980366.7358359587,1.7673629744964897e-05,27.968338463091552,13.423358438829236,24.819178261747727,0,2473621.9916389273,437.09401291360666,480.1552662220431,43.06125330843645,-0.04969191213503728,-0.05,-0.61617572992545,,,,,,,,,,,,,,,,,,,,,,,,,,,,,,,,,,,,0
s9_k5ac_a_s09_pos100_tap3_mc419_cpl0_rp4p90978219288_rn4p98810507864_f12370_f21100_a0_dac1p25,K5AC,A,9,5.0,100,3,419,ac,0.0,0.0,0,1.25,0,4.909782192875641,4.988105078638066,40.0,2370.0,1100.0,,0,1025215.179772029,0.007197807816503027,11839.499222293953,13.315138190024761,24.901169855083907,0,2473621.9916389273,430.77702844890234,494.1557175264378,63.378689077535455,-0.04884105618084243,-0.05,-2.3178876383151414,,,,,,,,,,,,,,,,,,,,,,,,,,,,,,,,,,,,0
s9_k5ac_a_s09_pos100_tap3_mc41_cpl0_rp4p89027141912_rn4p97801839902_f12370_f21100_a0_dac1p25,K5AC,A,9,5.0,100,3,41,ac,0.0,0.0,0,1.25,0,4.890271419118427,4.978018399020955,40.0,2370.0,1100.0,,0,1014408.923155806,0.01621630497695178,12783.997194631253,13.5666243152404,25.123972547632935,0,2473621.9916389273,431.152149241729,499.1002186717833,67.94806943005432,-0.04873355493738377,-0.05,-2.5328901252324565,,,,,,,,,,,,,,,,,,,,,,,,,,,,,,,,,,,,0
s9_k5ac_a_s09_pos100_tap3_mc420_cpl0_rp4p87611739853_rn4p9185599481_f12370_f21100_a0_dac1p25,K5AC,A,9,5.0,100,3,420,ac,0.0,0.0,0,1.25,0,4.876117398528499,4.918559948095463,40.0,2370.0,1100.0,,0,1010778.7311280457,0.007855360584897369,12022.644346175079,13.47393205874672,24.91223903417799,0,2473621.9916389273,429.6916640051827,493.5508586011343,63.85919459595158,-0.04943711754976152,-0.05,-1.1257649004769665,,,,,,,,,,,,,,,,,,,,,,,,,,,,,,,,,,,,0
s9_k5ac_a_s09_pos100_tap3_mc421_cpl0_rp4p87900528971_rn4p94147219615_f12370_f21100_a0_dac1p25,K5AC,A,9,5.0,100,3,421,ac,0.0,0.0,0,1.25,0,4.879005289711984,4.941472196154558,40.0,2370.0,1100.0,,0,982874.6268427047,0.0023407086756127835,10311.772745931354,13.800034664972255,25.340872194474596,0,2473621.9916389273,440.39053926161773,492.163530853288,51.77299159167029,-0.05017298756135841,-0.05,0.34597512271681286,,,,,,,,,,,,,,,,,,,,,,,,,,,,,,,,,,,,0
s9_k5ac_a_s09_pos100_tap3_mc422_cpl0_rp4p82462707523_rn4p90248850271_f12370_f21100_a0_dac1p25,K5AC,A,9,5.0,100,3,422,ac,0.0,0.0,0,1.25,0,4.8246270752332405,4.9024885027091925,40.0,2370.0,1100.0,,0,980351.6829434964,9.067960152292072e-05,5089.400951518455,13.928139678932355,25.467819096801293,0,2473621.9916389273,444.28285844461817,495.5843758239328,51.301517379314646,-0.05050471202874271,-0.05,1.0094240574854085,,,,,,,,,,,,,,,,,,,,,,,,,,,,,,,,,,,,0
s9_k5ac_a_s09_pos100_tap3_mc423_cpl0_rp4p83341517313_rn4p9478789508_f12370_f21100_a0_dac1p25,K5AC,A,9,5.0,100,3,423,ac,0.0,0.0,0,1.25,0,4.833415173128162,4.947878950800543,40.0,2370.0,1100.0,,0,1036582.7555219575,0.16688143132236677,65062.887486561776,13.086304590352878,24.544204096374628,0,2473621.9916389273,387.7932581025645,490.32837510747777,102.53511700491327,-0.04985565520628508,-0.05,-0.28868958742984674,,,,,,,,,,,,,,,,,,,,,,,,,,,,,,,,,,,,0
s9_k5ac_a_s09_pos100_tap3_mc424_cpl0_rp4p98497470264_rn4p87863981118_f12370_f21100_a0_dac1p25,K5AC,A,9,5.0,100,3,424,ac,0.0,0.0,0,1.25,0,4.984974702641672,4.878639811180132,40.0,2370.0,1100.0,,0,1042581.153308073,1.775607598212197e-05,25.902002045313946,13.305319686429655,24.982628162164982,0,2473621.9916389273,426.0114160096161,502.53132498339124,76.51990897377516,-0.05000956249127395,-0.05,0.01912498254790229,,,,,,,,,,,,,,,,,,,,,,,,,,,,,,,,,,,,0
s9_k5ac_a_s09_pos100_tap3_mc425_cpl0_rp4p88982410079_rn4p89862494377_f12370_f21100_a0_dac1p25,K5AC,A,9,5.0,100,3,425,ac,0.0,0.0,0,1.25,0,4.889824100787956,4.898624943770372,40.0,2370.0,1100.0,,0,961641.0200261596,0.017585325954923722,13489.628825917614,13.79031775283914,25.26048063801654,0,2473621.9916389273,442.51412444551096,484.1602330469235,41.64610860141255,-0.04769530013123401,-0.05,-4.609399737531983,,,,,,,,,,,,,,,,,,,,,,,,,,,,,,,,,,,,0
s9_k5ac_a_s09_pos100_tap3_mc426_cpl0_rp4p91339773929_rn4p87662957089_f12370_f21100_a0_dac1p25,K5AC,A,9,5.0,100,3,426,ac,0.0,0.0,0,1.25,0,4.913397739285786,4.8766295708922005,40.0,2370.0,1100.0,,0,1021068.8511322028,1.7626674313643646e-05,23.622906626345245,13.696714329099619,25.443310657737424,0,2473621.9916389273,434.16794583204904,504.07199883218937,69.90405300014032,-0.04928270756454542,-0.05,-1.4345848709091613,,,,,,,,,,,,,,,,,,,,,,,,,,,,,,,,,,,,0
s9_k5ac_a_s09_pos100_tap3_mc427_cpl0_rp4p90178926913_rn4p81648021279_f12370_f21100_a0_dac1p25,K5AC,A,9,5.0,100,3,427,ac,0.0,0.0,0,1.25,0,4.901789269129636,4.816480212786739,40.0,2370.0,1100.0,,0,987770.5931487784,1.826857354801106e-05,571.0401788945574,14.142186668459757,25.723237255814478,0,2473621.9916389273,441.6170418029657,504.02663201831433,62.40959021534866,-0.04995237170070332,-0.05,-0.09525659859337399,,,,,,,,,,,,,,,,,,,,,,,,,,,,,,,,,,,,0
s9_k5ac_a_s09_pos100_tap3_mc428_cpl0_rp4p9627612632_rn4p95493428922_f12370_f21100_a0_dac1p25,K5AC,A,9,5.0,100,3,428,ac,0.0,0.0,0,1.25,0,4.962761263201627,4.954934289218422,40.0,2370.0,1100.0,,0,1019249.7027996918,0.007884112581094135,12686.251981033603,13.506452408759166,25.180971172238596,0,2473621.9916389273,432.76348155269017,497.76352865528077,65.0000471025906,-0.049883625649911216,-0.05,-0.23274870017757632,,,,,,,,,,,,,,,,,,,,,,,,,,,,,,,,,,,,0
s9_k5ac_a_s09_pos100_tap3_mc429_cpl0_rp4p86282359383_rn4p91195043688_f12370_f21100_a0_dac1p25,K5AC,A,9,5.0,100,3,429,ac,0.0,0.0,0,1.25,0,4.8628235938318385,4.9119504368805424,40.0,2370.0,1100.0,,0,975009.4978819516,0.04885966600797535,34145.48873833901,13.98208458937984,25.486466338395264,0,2473621.9916389273,444.8285433468306,493.7894940765511,48.96095072972048,-0.048606696524323784,-0.05,-2.7866069513524327,,,,,,,,,,,,,,,,,,,,,,,,,,,,,,,,,,,,0
s9_k5ac_a_s09_pos100_tap3_mc42_cpl0_rp4p86668659914_rn4p82600599647_f12370_f21100_a0_dac1p25,K5AC,A,9,5.0,100,3,42,ac,0.0,0.0,0,1.25,0,4.866686599144292,4.826005996469422,40.0,2370.0,1100.0,,0,975932.283185255,1.7715590398105664e-05,23.622906626345245,13.722692781641452,25.16413042925149,0,2473621.9916389273,440.1725477022438,487.24626888451826,47.07372118227448,-0.05041308296237904,-0.05,0.8261659247580821,,,,,,,,,,,,,,,,,,,,,,,,,,,,,,,,,,,,0
s9_k5ac_a_s09_pos100_tap3_mc430_cpl0_rp4p99434612323_rn4p82596910836_f12370_f21100_a0_dac1p25,K5AC,A,9,5.0,100,3,430,ac,0.0,0.0,0,1.25,0,4.994346123227494,4.825969108361858,40.0,2370.0,1100.0,,0,1026233.5110815751,1.7720017207599782e-05,24.73621991638688,13.264442884165865,24.811066916893463,0,2473621.9916389273,428.5324518970429,494.4741033577002,65.94165146065728,-0.050833973485213305,-0.05,1.6679469704266037,,,,,,,,,,,,,,,,,,,,,,,,,,,,,,,,,,,,0
s9_k5ac_a_s09_pos100_tap3_mc431_cpl0_rp4p91116573768_rn4p8298137622_f12370_f21100_a0_dac1p25,K5AC,A,9,5.0,100,3,431,ac,0.0,0.0,0,1.25,0,4.91116573767908,4.829813762201956,40.0,2370.0,1100.0,,0,1014013.4719207009,0.017520315290635743,13284.136617107572,13.310528882007558,24.9015786902053,0,2473621.9916389273,431.36779717439964,490.7327690720194,59.36497189761974,-0.04878058657857973,-0.05,-2.438826842840547,,,,,,,,,,,,,,,,,,,,,,,,,,,,,,,,,,,,0
s9_k5ac_a_s09_pos100_tap3_mc432_cpl0_rp4p89014342738_rn4p99554185829_f12370_f21100_a0_dac1p25,K5AC,A,9,5.0,100,3,432,ac,0.0,0.0,0,1.25,0,4.89014342737591,4.9955418582863675,40.0,2370.0,1100.0,,0,987105.034643327,0.0004556503626480772,8190.932242153593,14.377591545938468,26.06124222823159,0,2473621.9916389273,442.711924304685,510.35878367885147,67.64685937416647,-0.04860071412680338,-0.05,-2.7985717463932525,,,,,,,,,,,,,,,,,,,,,,,,,,,,,,,,,,,,0
s9_k5ac_a_s09_pos100_tap3_mc433_cpl0_rp4p93677229798_rn4p97592014524_f12370_f21100_a0_dac1p25,K5AC,A,9,5.0,100,3,433,ac,0.0,0.0,0,1.25,0,4.936772297977573,4.975920145237492,40.0,2370.0,1100.0,,0,962259.1380681066,0.013309807040808985,12783.997194631253,13.97914445458483,25.483419286443926,0,2473621.9916389273,443.60093874097095,489.4559511727771,45.85501243180613,-0.049766012370341256,-0.05,-0.46797525931748796,,,,,,,,,,,,,,,,,,,,,,,,,,,,,,,,,,,,0
s9_k5ac_a_s09_pos100_tap3_mc434_cpl0_rp4p97491088108_rn4p86882693556_f12370_f21100_a0_dac1p25,K5AC,A,9,5.0,100,3,434,ac,0.0,0.0,0,1.25,0,4.974910881079785,4.868826935558604,40.0,2370.0,1100.0,,0,1000375.3102790395,0.014425884836632324,13182.567385565122,13.917491034045348,25.518832624789262,0,2473621.9916389273,435.26554883185736,502.365416916584,67.09986808472667,-0.051412331731072694,-0.05,2.8246634621453826,,,,,,,,,,,,,,,,,,,,,,,,,,,,,,,,,,,,0
s9_k5ac_a_s09_pos100_tap3_mc435_cpl0_rp4p9182471955_rn4p81836957152_f12370_f21100_a0_dac1p25,K5AC,A,9,5.0,100,3,435,ac,0.0,0.0,0,1.25,0,4.918247195501483,4.818369571516747,40.0,2370.0,1100.0,,0,1013695.2571211645,0.011933385971367286,10154.68992433159,13.192848154438165,24.65047905322381,0,2473621.9916389273,428.0112203760992,486.44074913412896,58.42952875802979,-0.048212041521483215,-0.05,-3.575916957033576,,,,,,,,,,,,,,,,,,,,,,,,,,,,,,,,,,,,0
s9_k5ac_a_s09_pos100_tap3_mc436_cpl0_rp4p88771955369_rn4p91132094399_f12370_f21100_a0_dac1p25,K5AC,A,9,5.0,100,3,436,ac,0.0,0.0,0,1.25,0,4.8877195536887275,4.9113209439946255,40.0,2370.0,1100.0,,0,1042518.1727734429,1.7775181931699928e-05,25.11886431509648,13.04610892155808,24.751157660495107,0,2473621.9916389273,427.2180489709159,495.0276093949418,67.8095604240259,-0.05026716515097291,-0.05,0.5343303019458068,,,,,,,,,,,,,,,,,,,,,,,,,,,,,,,,,,,,0
s9_k5ac_a_s09_pos100_tap3_mc437_cpl0_rp4p93445364917_rn4p80865497354_f12370_f21100_a0_dac1p25,K5AC,A,9,5.0,100,3,437,ac,0.0,0.0,0,1.25,0,4.934453649171059,4.808654973540427,40.0,2370.0,1100.0,,0,972684.150031706,1.7776380511141744e-05,25.31240049595432,14.00276293091699,25.404628650844074,0,2473621.9916389273,441.96648065820443,493.5632363352614,51.59675567705699,-0.04925782573246853,-0.05,-1.4843485350629515,,,,,,,,,,,,,,,,,,,,,,,,,,,,,,,,,,,,0
s9_k5ac_a_s09_pos100_tap3_mc438_cpl0_rp4p84421385802_rn4p82762531564_f12370_f21100_a0_dac1p25,K5AC,A,9,5.0,100,3,438,ac,0.0,0.0,0,1.25,0,4.844213858015451,4.827625315639734,40.0,2370.0,1100.0,,0,997078.5814773986,4.593173607879013e-05,4641.588833613108,13.481149568964229,25.08459557964829,0,2473621.9916389273,438.2201850867008,489.33538252123225,51.11519743453147,-0.04989722056635674,-0.05,-0.20555886728652606,,,,,,,,,,,,,,,,,,,,,,,,,,,,,,,,,,,,0
s9_k5ac_a_s09_pos100_tap3_mc439_cpl0_rp4p91373172506_rn4p930527309_f12370_f21100_a0_dac1p25,K5AC,A,9,5.0,100,3,439,ac,0.0,0.0,0,1.25,0,4.91373172505646,4.930527309003868,40.0,2370.0,1100.0,,0,1018728.7803389339,0.0034813726896224862,10715.1930523769,13.17753520724035,24.595902857146854,0,2473621.9916389273,428.845506409369,488.8549582900859,60.00945188071688,-0.04886653066375513,-0.05,-2.266938672489738,,,,,,,,,,,,,,,,,,,,,,,,,,,,,,,,,,,,0
s9_k5ac_a_s09_pos100_tap3_mc43_cpl0_rp4p91618072202_rn4p87284003786_f12370_f21100_a0_dac1p25,K5AC,A,9,5.0,100,3,43,ac,0.0,0.0,0,1.25,0,4.916180722023276,4.872840037858758,40.0,2370.0,1100.0,,0,1036838.7147584287,0.0018995342710647835,9697.65359108324,13.610943729354819,25.349450871728738,0,2473621.9916389273,429.30103540225923,508.12169499703697,78.82065959477774,-0.049605295888798945,-0.05,-0.7894082224021104,,,,,,,,,,,,,,,,,,,,,,,,,,,,,,,,,,,,0
s9_k5ac_a_s09_pos100_tap3_mc440_cpl0_rp4p94731480802_rn4p81983101758_f12370_f21100_a0_dac1p25,K5AC,A,9,5.0,100,3,440,ac,0.0,0.0,0,1.25,0,4.9473148080236165,4.819831017576631,40.0,2370.0,1100.0,,0,1013398.1578087517,0.002712092989358399,6261.331052795986,13.420249206437658,24.834715799714854,0,2473621.9916389273,420.7618632774343,493.53627924512756,72.77441596769324,-0.049413183112842644,-0.05,-1.1736337743147196,,,,,,,,,,,,,,,,,,,,,,,,,,,,,,,,,,,,0
s9_k5ac_a_s09_pos100_tap3_mc441_cpl0_rp4p93868404524_rn4p94219884705_f12370_f21100_a0_dac1p25,K5AC,A,9,5.0,100,3,441,ac,0.0,0.0,0,1.25,0,4.938684045243629,4.942198847048544,40.0,2370.0,1100.0,,0,1016022.0576355347,1.782101699536588e-05,26.101572156826084,13.624783862962984,25.12055082036769,0,2473621.9916389273,431.0532832581867,499.27640073598815,68.22311747780145,-0.05029188860680204,-0.05,0.5837772136040753,,,,,,,,,,,,,,,,,,,,,,,,,,,,,,,,,,,,0
s9_k5ac_a_s09_pos100_tap3_mc442_cpl0_rp4p83993282853_rn4p82015738078_f12370_f21100_a0_dac1p25,K5AC,A,9,5.0,100,3,442,ac,0.0,0.0,0,1.25,0,4.839932828527066,4.820157380784122,40.0,2370.0,1100.0,,0,983967.6860428279,1.7607996229182613e-05,24.173154808041687,13.49848227986733,24.995005200561945,0,2473621.9916389273,440.63343909847214,485.63904752160664,45.005608423134504,-0.05050700622247305,-0.05,1.0140124449460775,,,,,,,,,,,,,,,,,,,,,,,,,,,,,,,,,,,,0
s9_k5ac_a_s09_pos100_tap3_mc443_cpl0_rp4p96483957111_rn4p9682278316_f12370_f21100_a0_dac1p25,K5AC,A,9,5.0,100,3,443,ac,0.0,0.0,0,1.25,0,4.964839571106617,4.968227831597427,40.0,2370.0,1100.0,,0,988841.9464910291,0.004787890338559115,11569.999317503021,13.778859350038356,25.30794553672787,0,2473621.9916389273,439.69568934237003,493.6215750564385,53.92588571406844,-0.04936255143187194,-0.05,-1.2748971362561257,,,,,,,,,,,,,,,,,,,,,,,,,,,,,,,,,,,,0
s9_k5ac_a_s09_pos100_tap3_mc444_cpl0_rp4p84650185077_rn4p91420142673_f12370_f21100_a0_dac1p25,K5AC,A,9,5.0,100,3,444,ac,0.0,0.0,0,1.25,0,4.846501850768853,4.914201426727646,40.0,2370.0,1100.0,,0,1032109.3951765635,0.0047257188134021445,12022.644346175079,13.301277439205824,24.831130590877294,0,2473621.9916389273,428.30866599024523,497.094290339759,68.7856243495138,-0.050030716263919514,-0.05,0.06143252783901154,,,,,,,,,,,,,,,,,,,,,,,,,,,,,,,,,,,,0
s9_k5ac_a_s09_pos100_tap3_mc445_cpl0_rp4p87222682255_rn4p92161223144_f12370_f21100_a0_dac1p25,K5AC,A,9,5.0,100,3,445,ac,0.0,0.0,0,1.25,0,4.872226822548897,4.921612231443327,40.0,2370.0,1100.0,,0,1023287.2724760054,1.7725477532944865e-05,26.9153480392699,13.792899763922524,25.47745527864802,0,2473621.9916389273,433.590142890055,508.1979732073115,74.60783031725651,-0.049094156886400196,-0.05,-1.811686227199616,,,,,,,,,,,,,,,,,,,,,,,,,,,,,,,,,,,,0
s9_k5ac_a_s09_pos100_tap3_mc446_cpl0_rp4p83587136549_rn4p89235603238_f12370_f21100_a0_dac1p25,K5AC,A,9,5.0,100,3,446,ac,0.0,0.0,0,1.25,0,4.8358713654866365,4.892356032379998,40.0,2370.0,1100.0,,0,1042117.4230246405,0.007532153209233852,12115.276586286842,13.112170269983139,24.72248058950953,0,2473621.9916389273,426.37796862751884,495.2210569034099,68.84308827589103,-0.049389602098186984,-0.05,-1.2207958036260402,,,,,,,,,,,,,,,,,,,,,,,,,,,,,,,,,,,,0
s9_k5ac_a_s09_pos100_tap3_mc447_cpl0_rp4p91808955789_rn4p84124517631_f12370_f21100_a0_dac1p25,K5AC,A,9,5.0,100,3,447,ac,0.0,0.0,0,1.25,0,4.91808955788955,4.841245176312512,40.0,2370.0,1100.0,,0,982001.0536398162,1.771644839707575e-05,24.173154808041687,13.541747765439217,24.98079632507076,0,2473621.9916389273,439.4347030520652,484.6396448129287,45.204941760863505,-0.04913427217142774,-0.05,-1.7314556571445205,,,,,,,,,,,,,,,,,,,,,,,,,,,,,,,,,,,,0
s9_k5ac_a_s09_pos100_tap3_mc448_cpl0_rp4p91326034605_rn4p80768961249_f12370_f21100_a0_dac1p25,K5AC,A,9,5.0,100,3,448,ac,0.0,0.0,0,1.25,0,4.913260346054073,4.807689612488507,40.0,2370.0,1100.0,,0,1033275.177998821,0.012714204015478913,13489.628825917614,13.558657757772579,25.252456597309706,0,2473621.9916389273,429.91303759337166,505.6310063851589,75.71796879178726,-0.048311960386732876,-0.05,-3.3760792265342565,,,,,,,,,,,,,,,,,,,,,,,,,,,,,,,,,,,,0
s9_k5ac_a_s09_pos100_tap3_mc449_cpl0_rp4p89853833736_rn4p97944014372_f12370_f21100_a0_dac1p25,K5AC,A,9,5.0,100,3,449,ac,0.0,0.0,0,1.25,0,4.898538337363991,4.97944014371821,40.0,2370.0,1100.0,,0,991040.9266648018,0.009895971650618871,12981.752750499525,13.63765492512709,24.99653601875025,0,2473621.9916389273,435.5318843363978,489.8727529565293,54.340868620131516,-0.049754506168749664,-0.05,-0.4909876625006748,,,,,,,,,,,,,,,,,,,,,,,,,,,,,,,,,,,,0
s9_k5ac_a_s09_pos100_tap3_mc44_cpl0_rp4p99711894844_rn4p82368120501_f12370_f21100_a0_dac1p25,K5AC,A,9,5.0,100,3,44,ac,0.0,0.0,0,1.25,0,4.997118948444106,4.823681205007997,40.0,2370.0,1100.0,,0,980408.0832574588,1.7699883963872475e-05,25.70395782768934,14.096799813890199,25.71821627423472,0,2473621.9916389273,444.78194249192825,499.829577226142,55.04763473421377,-0.04840624512491198,-0.05,-3.187509750176054,,,,,,,,,,,,,,,,,,,,,,,,,,,,,,,,,,,,0
s9_k5ac_a_s09_pos100_tap3_mc450_cpl0_rp4p89239110364_rn4p80615369179_f12370_f21100_a0_dac1p25,K5AC,A,9,5.0,100,3,450,ac,0.0,0.0,0,1.25,0,4.892391103642157,4.806153691794557,40.0,2370.0,1100.0,,0,1005046.1962910361,0.00935260223541902,12686.251981033603,13.361590059929679,24.71975242114665,0,2473621.9916389273,429.9664129370131,487.7834732696126,57.81706033259951,-0.05051639110215197,-0.05,1.0327822043039392,,,,,,,,,,,,,,,,,,,,,,,,,,,,,,,,,,,,0
s9_k5ac_a_s09_pos100_tap3_mc451_cpl0_rp4p92126212577_rn4p99481129844_f12370_f21100_a0_dac1p25,K5AC,A,9,5.0,100,3,451,ac,0.0,0.0,0,1.25,0,4.921262125773868,4.994811298436988,40.0,2370.0,1100.0,,0,979647.1659049562,1.855800859299323e-05,877.6742025360563,14.011827394505945,25.57884175122385,0,2473621.9916389273,443.48365627945066,497.63306860236685,54.14941232291619,-0.05022072386696803,-0.05,0.4414477339360401,,,,,,,,,,,,,,,,,,,,,,,,,,,,,,,,,,,,0
s9_k5ac_a_s09_pos100_tap3_mc452_cpl0_rp4p96816879058_rn4p83494627596_f12370_f21100_a0_dac1p25,K5AC,A,9,5.0,100,3,452,ac,0.0,0.0,0,1.25,0,4.968168790584767,4.8349462759630715,40.0,2370.0,1100.0,,0,1019616.6575087884,1.7784391436876678e-05,22.559700688436354,12.912733178393598,24.309867183688528,0,2473621.9916389273,428.1102434593436,480.9937718325653,52.88352837322168,-0.04900978553372945,-0.05,-1.9804289325411006,,,,,,,,,,,,,,,,,,,,,,,,,,,,,,,,,,,,0
s9_k5ac_a_s09_pos100_tap3_mc453_cpl0_rp4p81189616737_rn4p92513478479_f12370_f21100_a0_dac1p25,K5AC,A,9,5.0,100,3,453,ac,0.0,0.0,0,1.25,0,4.811896167372134,4.925134784791296,40.0,2370.0,1100.0,,0,948985.2171642334,1.7765136055440396e-05,22.559700688436354,14.133638172827672,25.557632560749205,0,2473621.9916389273,448.5433828050125,488.508293944739,39.964911139726496,-0.04906522467980347,-0.05,-1.8695506403930695,,,,,,,,,,,,,,,,,,,,,,,,,,,,,,,,,,,,0
s9_k5ac_a_s09_pos100_tap3_mc454_cpl0_rp4p84477285746_rn4p85156316116_f12370_f21100_a0_dac1p25,K5AC,A,9,5.0,100,3,454,ac,0.0,0.0,0,1.25,0,4.8447728574641715,4.851563161162482,40.0,2370.0,1100.0,,0,973929.3856904878,1.7726138988876817e-05,26.709555875590585,14.071794744890395,25.565220021070424,0,2473621.9916389273,444.29511158441875,496.37835364249287,52.08324205807412,-0.04972346095258043,-0.05,-0.5530780948391434,,,,,,,,,,,,,,,,,,,,,,,,,,,,,,,,,,,,0
s9_k5ac_a_s09_pos100_tap3_mc455_cpl0_rp4p9611795944_rn4p94607428095_f12370_f21100_a0_dac1p25,K5AC,A,9,5.0,100,3,455,ac,0.0,0.0,0,1.25,0,4.961179594399361,4.946074280945574,40.0,2370.0,1100.0,,0,1032240.0467006844,1.7776687866748815e-05,26.9153480392699,13.728471421879961,25.525012145415886,0,2473621.9916389273,431.4928345498185,510.373690138054,78.88085558823548,-0.04864048159603709,-0.05,-2.7190368079258342,,,,,,,,,,,,,,,,,,,,,,,,,,,,,,,,,,,,0
s9_k5ac_a_s09_pos100_tap3_mc456_cpl0_rp4p8081696137_rn4p89844934998_f12370_f21100_a0_dac1p25,K5AC,A,9,5.0,100,3,456,ac,0.0,0.0,0,1.25,0,4.808169613704869,4.898449349976364,40.0,2370.0,1100.0,,0,964488.0782061159,0.014092631187061926,9697.65359108324,14.065529749123167,25.699117374064794,0,2473621.9916389273,440.5146399812272,497.30768537622,56.79304539499276,-0.05007335306684392,-0.05,0.14670613368783503,,,,,,,,,,,,,,,,,,,,,,,,,,,,,,,,,,,,0
s9_k5ac_a_s09_pos100_tap3_mc457_cpl0_rp4p80901387006_rn4p89893927897_f12370_f21100_a0_dac1p25,K5AC,A,9,5.0,100,3,457,ac,0.0,0.0,0,1.25,0,4.809013870061053,4.898939278974989,40.0,2370.0,1100.0,,0,1003902.7811476086,0.00018357444571429066,3950.6328139835123,13.288786245953142,24.715099506389933,0,2473621.9916389273,429.79107060553844,485.81084698190796,56.01977637636952,-0.04876505572399706,-0.05,-2.4698885520058833,,,,,,,,,,,,,,,,,,,,,,,,,,,,,,,,,,,,0
s9_k5ac_a_s09_pos100_tap3_mc458_cpl0_rp4p97886635009_rn4p86955244537_f12370_f21100_a0_dac1p25,K5AC,A,9,5.0,100,3,458,ac,0.0,0.0,0,1.25,0,4.97886635008926,4.869552445369452,40.0,2370.0,1100.0,,0,978770.0898816178,0.0029951279883304875,8128.305161641608,13.557843155180125,24.97955632401868,0,2473621.9916389273,436.8534675816896,483.2797041248088,46.42623654311922,-0.048000082941137785,-0.05,-3.9998341177244323,,,,,,,,,,,,,,,,,,,,,,,,,,,,,,,,,,,,0
s9_k5ac_a_s09_pos100_tap3_mc459_cpl0_rp4p83963177594_rn4p8663180674_f12370_f21100_a0_dac1p25,K5AC,A,9,5.0,100,3,459,ac,0.0,0.0,0,1.25,0,4.839631775943394,4.866318067395099,40.0,2370.0,1100.0,,0,942183.5575945287,0.0014708085201114271,9623.506263981628,14.239247759927371,25.734960910209857,0,2473621.9916389273,450.6996848553397,489.9318810906462,39.2321962353065,-0.049631601340063,-0.05,-0.7367973198739941,,,,,,,,,,,,,,,,,,,,,,,,,,,,,,,,,,,,0
s9_k5ac_a_s09_pos100_tap3_mc45_cpl0_rp4p82760566967_rn4p99722862818_f12370_f21100_a0_dac1p25,K5AC,A,9,5.0,100,3,45,ac,0.0,0.0,0,1.25,0,4.827605669673552,4.997228628177117,40.0,2370.0,1100.0,,0,1002580.0204051529,1.762953393222395e-05,24.926807893272443,13.616437123553835,25.125298912930077,0,2473621.9916389273,433.9063873397362,495.15488255033296,61.24849521059673,-0.04914698780395492,-0.05,-1.7060243920901663,,,,,,,,,,,,,,,,,,,,,,,,,,,,,,,,,,,,0
s9_k5ac_a_s09_pos100_tap3_mc460_cpl0_rp4p92007457843_rn4p99419478961_f12370_f21100_a0_dac1p25,K5AC,A,9,5.0,100,3,460,ac,0.0,0.0,0,1.25,0,4.920074578427743,4.994194789613285,40.0,2370.0,1100.0,,0,989831.5803489435,0.02000025085262261,12492.997891188323,13.578423886140321,25.139328985978793,0,2473621.9916389273,437.3542597867035,489.29435489827864,51.94009511157515,-0.04879718456722333,-0.05,-2.405630865553343,,,,,,,,,,,,,,,,,,,,,,,,,,,,,,,,,,,,0
s9_k5ac_a_s09_pos100_tap3_mc461_cpl0_rp4p91074305468_rn4p85079696789_f12370_f21100_a0_dac1p25,K5AC,A,9,5.0,100,3,461,ac,0.0,0.0,0,1.25,0,4.910743054677111,4.850796967891991,40.0,2370.0,1100.0,,0,1004212.7629093683,0.0009828126788259516,9404.44851726424,13.343267869930038,24.95913623554228,0,2473621.9916389273,435.92245300354097,488.9327233169355,53.01027031339453,-0.04961675301219604,-0.05,-0.7664939756079181,,,,,,,,,,,,,,,,,,,,,,,,,,,,,,,,,,,,0
s9_k5ac_a_s09_pos100_tap3_mc462_cpl0_rp4p81682487932_rn4p80385501731_f12370_f21100_a0_dac1p25,K5AC,A,9,5.0,100,3,462,ac,0.0,0.0,0,1.25,0,4.816824879322612,4.8038550173147785,40.0,2370.0,1100.0,,0,990908.4069090385,1.7731436811871088e-05,25.50742783711428,14.127632109730236,25.835277824097854,0,2473621.9916389273,442.0202102260913,504.64356190644486,62.62335168035355,-0.04889206364956861,-0.05,-2.2158727008627865,,,,,,,,,,,,,,,,,,,,,,,,,,,,,,,,,,,,0
s9_k5ac_a_s09_pos100_tap3_mc463_cpl0_rp4p81980051483_rn4p93994820809_f12370_f21100_a0_dac1p25,K5AC,A,9,5.0,100,3,463,ac,0.0,0.0,0,1.25,0,4.819800514826301,4.939948208085681,40.0,2370.0,1100.0,,0,971792.8429335639,1.7773295024435438e-05,23.988329190195547,14.255064782537813,25.882772017229584,0,2473621.9916389273,448.08662604824656,500.831483726996,52.74485767874944,-0.04913212404083392,-0.05,-1.7357519183321624,,,,,,,,,,,,,,,,,,,,,,,,,,,,,,,,,,,,0
s9_k5ac_a_s09_pos100_tap3_mc464_cpl0_rp4p93819973582_rn4p89022032526_f12370_f21100_a0_dac1p25,K5AC,A,9,5.0,100,3,464,ac,0.0,0.0,0,1.25,0,4.93819973581738,4.890220325258228,40.0,2370.0,1100.0,,0,969804.4934495972,1.7649289403525582e-05,27.968338463091552,13.750374345291748,25.28780921372121,0,2473621.9916389273,444.2565372426727,486.872433956322,42.615896713649306,-0.05019334373368035,-0.05,0.38668746736068016,,,,,,,,,,,,,,,,,,,,,,,,,,,,,,,,,,,,0
s9_k5ac_a_s09_pos100_tap3_mc465_cpl0_rp4p97378126426_rn4p99197721852_f12370_f21100_a0_dac1p25,K5AC,A,9,5.0,100,3,465,ac,0.0,0.0,0,1.25,0,4.973781264259639,4.991977218520064,40.0,2370.0,1100.0,,0,1064138.278099578,1.7796566495581476e-05,24.173154808041687,12.924626108259867,24.556085156049022,0,2473621.9916389273,421.6527633371051,498.8979372000133,77.24517386290819,-0.04894085824418625,-0.05,-2.1182835116275056,,,,,,,,,,,,,,,,,,,,,,,,,,,,,,,,,,,,0
s9_k5ac_a_s09_pos100_tap3_mc466_cpl0_rp4p87794000204_rn4p89205780317_f12370_f21100_a0_dac1p25,K5AC,A,9,5.0,100,3,466,ac,0.0,0.0,0,1.25,0,4.8779400020416315,4.892057803174942,40.0,2370.0,1100.0,,0,996465.3822724582,0.001429932462103717,9847.666521102343,13.562538223610057,24.999980772297498,0,2473621.9916389273,435.91608076801094,489.91246412857583,53.99638336056489,-0.04795520640890994,-0.05,-4.0895871821801215,,,,,,,,,,,,,,,,,,,,,,,,,,,,,,,,,,,,0
s9_k5ac_a_s09_pos100_tap3_mc467_cpl0_rp4p96689425009_rn4p99443766455_f12370_f21100_a0_dac1p25,K5AC,A,9,5.0,100,3,467,ac,0.0,0.0,0,1.25,0,4.96689425008728,4.994437664548066,40.0,2370.0,1100.0,,0,1021615.7081005528,0.0009872357682420227,9190.3771336333,12.935492164616786,24.35539979713306,0,2473621.9916389273,427.22316524474843,482.7447867403306,55.52162149558217,-0.04983720386716412,-0.05,-0.32559226567175914,,,,,,,,,,,,,,,,,,,,,,,,,,,,,,,,,,,,0
s9_k5ac_a_s09_pos100_tap3_mc468_cpl0_rp4p99627994237_rn4p80677673773_f12370_f21100_a0_dac1p25,K5AC,A,9,5.0,100,3,468,ac,0.0,0.0,0,1.25,0,4.996279942373079,4.806776737728935,40.0,2370.0,1100.0,,0,998799.2603251288,0.001458009159560064,9847.666521102343,13.84887105695812,25.487407421422194,0,2473621.9916389273,439.82271815594476,500.30922187418753,60.48650371824277,-0.048951837769723824,-0.05,-2.0963244605523568,,,,,,,,,,,,,,,,,,,,,,,,,,,,,,,,,,,,0
s9_k5ac_a_s09_pos100_tap3_mc469_cpl0_rp4p86746515181_rn4p82442949935_f12370_f21100_a0_dac1p25,K5AC,A,9,5.0,100,3,469,ac,0.0,0.0,0,1.25,0,4.867465151813388,4.824429499351856,40.0,2370.0,1100.0,,0,977281.9683883934,0.0049367132442529535,11930.720363266277,13.82653889926857,25.359389668173556,0,2473621.9916389273,443.00052634777336,491.02626650950157,48.02574016172821,-0.05019908070487834,-0.05,0.398161409756681,,,,,,,,,,,,,,,,,,,,,,,,,,,,,,,,,,,,0
s9_k5ac_a_s09_pos100_tap3_mc46_cpl0_rp4p98614128366_rn4p95326093094_f12370_f21100_a0_dac1p25,K5AC,A,9,5.0,100,3,46,ac,0.0,0.0,0,1.25,0,4.9861412836618335,4.9532609309445235,40.0,2370.0,1100.0,,0,1008981.6099034396,0.0012822129678681962,6025.595860744018,13.597903602946445,25.296204041587295,0,2473621.9916389273,433.4153694439055,497.290972714918,63.875603271012494,-0.05023670469947794,-0.05,0.47340939895588185,,,,,,,,,,,,,,,,,,,,,,,,,,,,,,,,,,,,0
s9_k5ac_a_s09_pos100_tap3_mc470_cpl0_rp4p91328404321_rn4p86674408431_f12370_f21100_a0_dac1p25,K5AC,A,9,5.0,100,3,470,ac,0.0,0.0,0,1.25,0,4.9132840432076454,4.866744084313133,40.0,2370.0,1100.0,,0,941428.418824549,1.7688934319736136e-05,22.733518989206896,14.498479301470214,26.03473276324115,0,2473621.9916389273,454.121655597264,497.05283684299627,42.93118124573226,-0.05017703683169777,-0.05,0.3540736633955266,,,,,,,,,,,,,,,,,,,,,,,,,,,,,,,,,,,,0
s9_k5ac_a_s09_pos100_tap3_mc471_cpl0_rp4p89736193895_rn4p8066346075_f12370_f21100_a0_dac1p25,K5AC,A,9,5.0,100,3,471,ac,0.0,0.0,0,1.25,0,4.897361938947755,4.806634607495522,40.0,2370.0,1100.0,,0,980551.0549204974,0.03488716492116218,18197.008586101336,14.341597872416783,25.924761302221857,0,2473621.9916389273,446.2999424895489,506.6077444636435,60.30780197409456,-0.049476078528209795,-0.05,-1.0478429435804126,,,,,,,,,,,,,,,,,,,,,,,,,,,,,,,,,,,,0
s9_k5ac_a_s09_pos100_tap3_mc472_cpl0_rp4p82442057089_rn4p90328400898_f12370_f21100_a0_dac1p25,K5AC,A,9,5.0,100,3,472,ac,0.0,0.0,0,1.25,0,4.824420570887314,4.9032840089774,40.0,2370.0,1100.0,,0,992391.6546339745,1.7645749279727688e-05,23.622906626345245,13.180695778619972,24.626679237645718,0,2473621.9916389273,435.761267357981,479.3762609621548,43.614993604173776,-0.04960026692542817,-0.05,-0.7994661491436683,,,,,,,,,,,,,,,,,,,,,,,,,,,,,,,,,,,,0
s9_k5ac_a_s09_pos100_tap3_mc473_cpl0_rp4p81133556306_rn4p83594098262_f12370_f21100_a0_dac1p25,K5AC,A,9,5.0,100,3,473,ac,0.0,0.0,0,1.25,0,4.811335563056074,4.835940982615407,40.0,2370.0,1100.0,,0,1025491.3138524651,0.001697773883655265,9847.666521102343,12.899312485937815,24.37435736189933,0,2473621.9916389273,428.1471415596956,483.2300766612398,55.082935101544194,-0.04966234886228988,-0.05,-0.675302275420242,,,,,,,,,,,,,,,,,,,,,,,,,,,,,,,,,,,,0
s9_k5ac_a_s09_pos100_tap3_mc474_cpl0_rp4p84073641539_rn4p87162305829_f12370_f21100_a0_dac1p25,K5AC,A,9,5.0,100,3,474,ac,0.0,0.0,0,1.25,0,4.840736415390106,4.871623058289732,40.0,2370.0,1100.0,,0,983680.8635501246,1.7651730761339076e-05,25.902002045313946,14.558604242220424,26.30264989195042,0,2473621.9916389273,446.1366113247666,513.9784750300811,67.8418637053145,-0.04970965176735764,-0.05,-0.5806964652847135,,,,,,,,,,,,,,,,,,,,,,,,,,,,,,,,,,,,0
s9_k5ac_a_s09_pos100_tap3_mc475_cpl0_rp4p84031180256_rn4p85577913513_f12370_f21100_a0_dac1p25,K5AC,A,9,5.0,100,3,475,ac,0.0,0.0,0,1.25,0,4.840311802564188,4.855779135131709,40.0,2370.0,1100.0,,0,974601.5401098571,1.774874919708412e-05,24.73621991638688,13.85598478784004,25.402611316954726,0,2473621.9916389273,441.99195333534044,491.1141057339914,49.12215239865094,-0.04971207540471223,-0.05,-0.5758491905755392,,,,,,,,,,,,,,,,,,,,,,,,,,,,,,,,,,,,0
s9_k5ac_a_s09_pos100_tap3_mc476_cpl0_rp4p80826104094_rn4p87299243737_f12370_f21100_a0_dac1p25,K5AC,A,9,5.0,100,3,476,ac,0.0,0.0,0,1.25,0,4.8082610409374436,4.872992437372049,40.0,2370.0,1100.0,,0,979007.1716053052,1.772437136480857e-05,26.302679918954542,13.980184155674387,25.48698078220011,0,2473621.9916389273,440.69051342312224,494.7735384888687,54.08302506574648,-0.048212262699884274,-0.05,-3.575474600231454,,,,,,,,,,,,,,,,,,,,,,,,,,,,,,,,,,,,0
s9_k5ac_a_s09_pos100_tap3_mc477_cpl0_rp4p9011025822_rn4p98272173248_f12370_f21100_a0_dac1p25,K5AC,A,9,5.0,100,3,477,ac,0.0,0.0,0,1.25,0,4.901102582197919,4.982721732480511,40.0,2370.0,1100.0,,0,1037936.3884997126,0.02216119476783926,13489.628825917614,13.01604280850627,24.663910023459128,0,2473621.9916389273,425.54744253018794,491.6748754982878,66.12743296809987,-0.050254985574437125,-0.05,0.5099711488742331,,,,,,,,,,,,,,,,,,,,,,,,,,,,,,,,,,,,0
s9_k5ac_a_s09_pos100_tap3_mc478_cpl0_rp4p94375421175_rn4p94783314723_f12370_f21100_a0_dac1p25,K5AC,A,9,5.0,100,3,478,ac,0.0,0.0,0,1.25,0,4.943754211749966,4.947833147232941,40.0,2370.0,1100.0,,0,997887.3743011515,1.7838119095727557e-05,26.302679918954542,14.035889584516887,25.683169578027446,0,2473621.9916389273,439.923137603767,503.6915069559642,63.768369352197226,-0.04965512126595387,-0.05,-0.6897574680922669,,,,,,,,,,,,,,,,,,,,,,,,,,,,,,,,,,,,0
s9_k5ac_a_s09_pos100_tap3_mc479_cpl0_rp4p94451228521_rn4p87916699196_f12370_f21100_a0_dac1p25,K5AC,A,9,5.0,100,3,479,ac,0.0,0.0,0,1.25,0,4.944512285207889,4.8791669919552785,40.0,2370.0,1100.0,,0,972133.3828546836,1.7725838171394836e-05,23.08518362242823,14.435150572642586,26.169722436894762,0,2473621.9916389273,447.9745622791749,506.5552583895662,58.58069611039127,-0.05020187421714901,-0.05,0.40374843429800134,,,,,,,,,,,,,,,,,,,,,,,,,,,,,,,,,,,,0
s9_k5ac_a_s09_pos100_tap3_mc47_cpl0_rp4p8941099336_rn4p90077857548_f12370_f21100_a0_dac1p25,K5AC,A,9,5.0,100,3,47,ac,0.0,0.0,0,1.25,0,4.894109933598021,4.900778575478652,40.0,2370.0,1100.0,,0,1012070.6955320601,2.436718578497652e-05,1369.8299792150533,13.87068267577945,25.435816061081926,0,2473621.9916389273,433.43706698090176,505.9308632289678,72.49379624806602,-0.048532748383848294,-0.05,-2.9345032323034204,,,,,,,,,,,,,,,,,,,,,,,,,,,,,,,,,,,,0
s9_k5ac_a_s09_pos100_tap3_mc480_cpl0_rp4p9165168846_rn4p81704233275_f12370_f21100_a0_dac1p25,K5AC,A,9,5.0,100,3,480,ac,0.0,0.0,0,1.25,0,4.916516884599978,4.817042332753258,40.0,2370.0,1100.0,,0,970985.2408335833,0.009541376106198932,12397.477630290425,13.914020519495114,25.466317886970632,0,2473621.9916389273,442.9786083576725,492.3829016685701,49.40429331089763,-0.04886248174013008,-0.05,-2.275036519739837,,,,,,,,,,,,,,,,,,,,,,,,,,,,,,,,,,,,0
s9_k5ac_a_s09_pos100_tap3_mc481_cpl0_rp4p90897657852_rn4p83863291458_f12370_f21100_a0_dac1p25,K5AC,A,9,5.0,100,3,481,ac,0.0,0.0,0,1.25,0,4.908976578521395,4.83863291458142,40.0,2370.0,1100.0,,0,991996.0699874042,0.0003879378580509002,7244.359600750442,13.740020059580118,25.284277903174445,0,2473621.9916389273,436.718411268985,493.71166868041945,56.993257411434456,-0.050415526262704034,-0.05,0.8310525254080714,,,,,,,,,,,,,,,,,,,,,,,,,,,,,,,,,,,,0
s9_k5ac_a_s09_pos100_tap3_mc482_cpl0_rp4p86288100731_rn4p91113469178_f12370_f21100_a0_dac1p25,K5AC,A,9,5.0,100,3,482,ac,0.0,0.0,0,1.25,0,4.862881007312245,4.911134691775557,40.0,2370.0,1100.0,,0,996651.1243544201,9.915288450213694e-05,5128.613839914016,13.963191149103205,25.455033552878575,0,2473621.9916389273,438.1117255751465,501.5051972694339,63.39347169428737,-0.04868453186415991,-0.05,-2.630936271680173,,,,,,,,,,,,,,,,,,,,,,,,,,,,,,,,,,,,0
s9_k5ac_a_s09_pos100_tap3_mc483_cpl0_rp4p83291461281_rn4p81672175434_f12370_f21100_a0_dac1p25,K5AC,A,9,5.0,100,3,483,ac,0.0,0.0,0,1.25,0,4.83291461281191,4.81672175434094,40.0,2370.0,1100.0,,0,979402.0386596682,0.002388996471922623,10880.946292623114,13.663169418328858,25.191905630246502,0,2473621.9916389273,443.39685403719034,488.1368925008405,44.74003846365014,-0.049757464540904045,-0.05,-0.48507091819190995,,,,,,,,,,,,,,,,,,,,,,,,,,,,,,,,,,,,0
s9_k5ac_a_s09_pos100_tap3_mc484_cpl0_rp4p80955583217_rn4p93161747833_f12370_f21100_a0_dac1p25,K5AC,A,9,5.0,100,3,484,ac,0.0,0.0,0,1.25,0,4.80955583216582,4.931617478327593,40.0,2370.0,1100.0,,0,927009.0389791944,1.757916966782944e-05,13.386488420700225,14.732644762988146,26.32826393691819,0,2473621.9916389273,416.91668459156034,522.6510694728362,105.73438488127584,-0.049028682307200595,-0.05,-1.942635385598812,,,,,,,,,,,,,,,,,,,,,,,,,,,,,,,,,,,,0
s9_k5ac_a_s09_pos100_tap3_mc485_cpl0_rp4p89514580487_rn4p91137783103_f12370_f21100_a0_dac1p25,K5AC,A,9,5.0,100,3,485,ac,0.0,0.0,0,1.25,0,4.895145804869464,4.9113778310291725,40.0,2370.0,1100.0,,0,989780.003003758,1.7682665916597395e-05,27.122725793321035,13.897204090280361,25.476910218229126,0,2473621.9916389273,441.4163229751224,496.7585259407159,55.342202965593515,-0.04824070497353304,-0.05,-3.518590052933923,,,,,,,,,,,,,,,,,,,,,,,,,,,,,,,,,,,,0
s9_k5ac_a_s09_pos100_tap3_mc486_cpl0_rp4p95705388401_rn4p94764671172_f12370_f21100_a0_dac1p25,K5AC,A,9,5.0,100,3,486,ac,0.0,0.0,0,1.25,0,4.957053884006331,4.947646711724817,40.0,2370.0,1100.0,,0,1012248.1213241534,0.014060195349482326,12686.251981033603,13.29331447821468,24.790556372472718,0,2473621.9916389273,431.9870723708437,488.7895843867597,56.80251201591602,-0.04860678288427081,-0.05,-2.786434231458379,,,,,,,,,,,,,,,,,,,,,,,,,,,,,,,,,,,,0
s9_k5ac_a_s09_pos100_tap3_mc487_cpl0_rp4p84482012182_rn4p95383071947_f12370_f21100_a0_dac1p25,K5AC,A,9,5.0,100,3,487,ac,0.0,0.0,0,1.25,0,4.84482012181883,4.953830719470984,40.0,2370.0,1100.0,,0,1013299.0513859753,0.026242174143519557,24173.154808043088,13.475057593744841,25.110673241896833,0,2473621.9916389273,437.99780456791603,494.17396319994845,56.17615863203241,-0.049452548854188594,-0.05,-1.0949022916228124,,,,,,,,,,,,,,,,,,,,,,,,,,,,,,,,,,,,0
s9_k5ac_a_s09_pos100_tap3_mc488_cpl0_rp4p88763720285_rn4p83155380993_f12370_f21100_a0_dac1p25,K5AC,A,9,5.0,100,3,488,ac,0.0,0.0,0,1.25,0,4.887637202849622,4.831553809926781,40.0,2370.0,1100.0,,0,948393.6083438317,1.7732153726161967e-05,24.926807893272443,14.403192423077336,25.827323294834418,0,2473621.9916389273,449.6522474719839,494.68820706125126,45.03595958926735,-0.048985958629467745,-0.05,-2.0280827410645186,,,,,,,,,,,,,,,,,,,,,,,,,,,,,,,,,,,,0
s9_k5ac_a_s09_pos100_tap3_mc489_cpl0_rp4p84766955943_rn4p875178525_f12370_f21100_a0_dac1p25,K5AC,A,9,5.0,100,3,489,ac,0.0,0.0,0,1.25,0,4.847669559428117,4.875178525002907,40.0,2370.0,1100.0,,0,1020070.2464163217,0.0049245649419108395,11930.720363266277,13.802856554788915,25.337710256839358,0,2473621.9916389273,430.92656614373766,507.0956071393162,76.16904099557854,-0.049650927925064835,-0.05,-0.6981441498703389,,,,,,,,,,,,,,,,,,,,,,,,,,,,,,,,,,,,0
s9_k5ac_a_s09_pos100_tap3_mc48_cpl0_rp4p84579746796_rn4p94824174979_f12370_f21100_a0_dac1p25,K5AC,A,9,5.0,100,3,48,ac,0.0,0.0,0,1.25,0,4.845797467955072,4.948241749788483,40.0,2370.0,1100.0,,0,983197.3317309108,1.7718011271698265e-05,21.710342088870107,13.801922311994103,25.178153297726354,0,2473621.9916389273,433.76859167011327,491.7856379657908,58.01704629567752,-0.04927907039482493,-0.05,-1.4418592103501382,,,,,,,,,,,,,,,,,,,,,,,,,,,,,,,,,,,,0
s9_k5ac_a_s09_pos100_tap3_mc490_cpl0_rp4p88142816359_rn4p98473046386_f12370_f21100_a0_dac1p25,K5AC,A,9,5.0,100,3,490,ac,0.0,0.0,0,1.25,0,4.881428163586611,4.984730463863299,40.0,2370.0,1100.0,,0,1016971.8093121747,0.007217828222198735,12115.276586286842,13.5178053283656,24.961009551105704,0,2473621.9916389273,429.59903729343495,496.9598538166351,67.36081652320013,-0.04906372060605821,-0.05,-1.8725587878835825,,,,,,,,,,,,,,,,,,,,,,,,,,,,,,,,,,,,0
s9_k5ac_a_s09_pos100_tap3_mc491_cpl0_rp4p86846818018_rn4p85896451487_f12370_f21100_a0_dac1p25,K5AC,A,9,5.0,100,3,491,ac,0.0,0.0,0,1.25,0,4.86846818017839,4.858964514867365,40.0,2370.0,1100.0,,0,1033415.8466181803,0.042903367083033835,17245.13770671343,13.3260786623495,24.952434024610476,0,2473621.9916389273,429.0324557748625,498.1245823387835,69.092126563921,-0.04891003218299555,-0.05,-2.1799356340089115,,,,,,,,,,,,,,,,,,,,,,,,,,,,,,,,,,,,0
s9_k5ac_a_s09_pos100_tap3_mc492_cpl0_rp4p84718679302_rn4p96650176044_f12370_f21100_a0_dac1p25,K5AC,A,9,5.0,100,3,492,ac,0.0,0.0,0,1.25,0,4.847186793022051,4.966501760442533,40.0,2370.0,1100.0,,0,1021205.8276161131,1.749743497008161e-05,16.094098932625723,13.448670542575359,25.11153031648539,0,2473621.9916389273,413.1122200794722,499.4045480127659,86.29232793329368,-0.049145320736591586,-0.05,-1.7093585268168288,,,,,,,,,,,,,,,,,,,,,,,,,,,,,,,,,,,,0
s9_k5ac_a_s09_pos100_tap3_mc493_cpl0_rp4p92914468276_rn4p81937382261_f12370_f21100_a0_dac1p25,K5AC,A,9,5.0,100,3,493,ac,0.0,0.0,0,1.25,0,4.929144682763958,4.819373822611605,40.0,2370.0,1100.0,,0,1006401.5862142015,0.0020597885941819895,9847.666521102343,13.747633047928764,25.414983152894344,0,2473621.9916389273,436.84310416258234,499.7988995437928,62.955795381210464,-0.0493743813328972,-0.05,-1.2512373342056127,,,,,,,,,,,,,,,,,,,,,,,,,,,,,,,,,,,,0
s9_k5ac_a_s09_pos100_tap3_mc494_cpl0_rp4p83246035377_rn4p87140084391_f12370_f21100_a0_dac1p25,K5AC,A,9,5.0,100,3,494,ac,0.0,0.0,0,1.25,0,4.832460353767677,4.871400843910421,40.0,2370.0,1100.0,,0,1033597.4520192968,1.7716204929959552e-05,23.263050671536877,13.34907742930379,25.030198933391194,0,2473621.9916389273,429.7710550250911,499.21170145007454,69.44064642498347,-0.04985675278614371,-0.05,-0.28649442771258027,,,,,,,,,,,,,,,,,,,,,,,,,,,,,,,,,,,,0
s9_k5ac_a_s09_pos100_tap3_mc495_cpl0_rp4p89615372738_rn4p95659479426_f12370_f21100_a0_dac1p25,K5AC,A,9,5.0,100,3,495,ac,0.0,0.0,0,1.25,0,4.896153727381476,4.956594794260359,40.0,2370.0,1100.0,,0,1038202.5696229885,0.0730853332131765,33884.41561392322,12.913924951735156,24.31940135180223,0,2473621.9916389273,427.76385092256487,486.410122214884,58.64627129231911,-0.04837645582354985,-0.05,-3.247088352900296,,,,,,,,,,,,,,,,,,,,,,,,,,,,,,,,,,,,0
s9_k5ac_a_s09_pos100_tap3_mc496_cpl0_rp4p82124294855_rn4p89418312606_f12370_f21100_a0_dac1p25,K5AC,A,9,5.0,100,3,496,ac,0.0,0.0,0,1.25,0,4.821242948548383,4.894183126064418,40.0,2370.0,1100.0,,0,976318.6699769398,0.002476358392199014,10715.1930523769,14.219520419615444,25.807988887387747,0,2473621.9916389273,444.5014206919118,502.51897309853445,58.017552406622656,-0.04959903355313271,-0.05,-0.8019328937345915,,,,,,,,,,,,,,,,,,,,,,,,,,,,,,,,,,,,0
s9_k5ac_a_s09_pos100_tap3_mc497_cpl0_rp4p94590527831_rn4p89269603778_f12370_f21100_a0_dac1p25,K5AC,A,9,5.0,100,3,497,ac,0.0,0.0,0,1.25,0,4.945905278313416,4.892696037778297,40.0,2370.0,1100.0,,0,925296.3469742218,1.741254781425058e-05,13.182567385564356,14.166252129734094,25.501640274541312,0,2473621.9916389273,410.83211728453267,511.7535996804028,100.9214823958701,-0.048903980501805805,-0.05,-2.19203899638839,,,,,,,,,,,,,,,,,,,,,,,,,,,,,,,,,,,,0
s9_k5ac_a_s09_pos100_tap3_mc498_cpl0_rp4p98483368934_rn4p86744459047_f12370_f21100_a0_dac1p25,K5AC,A,9,5.0,100,3,498,ac,0.0,0.0,0,1.25,0,4.984833689338516,4.867444590474708,40.0,2370.0,1100.0,,0,959327.0981244262,0.0022515056173190353,10000.000000000775,14.309462993510476,25.89012464475721,0,2473621.9916389273,448.01993935345183,497.5122509310765,49.49231157762466,-0.048665806544358516,-0.05,-2.6683869112829717,,,,,,,,,,,,,,,,,,,,,,,,,,,,,,,,,,,,0
s9_k5ac_a_s09_pos100_tap3_mc499_cpl0_rp4p83548282447_rn4p91934024335_f12370_f21100_a0_dac1p25,K5AC,A,9,5.0,100,3,499,ac,0.0,0.0,0,1.25,0,4.835482824471407,4.919340243345649,40.0,2370.0,1100.0,,0,1014451.5497449276,1.7658788272061767e-05,24.35940447292092,13.765355268602258,25.45146897413201,0,2473621.9916389273,434.2121181070448,504.0737283598293,69.86161025278454,-0.048738256259097126,-0.05,-2.523487481805753,,,,,,,,,,,,,,,,,,,,,,,,,,,,,,,,,,,,0
s9_k5ac_a_s09_pos100_tap3_mc49_cpl0_rp4p89650450288_rn4p92668320918_f12370_f21100_a0_dac1p25,K5AC,A,9,5.0,100,3,49,ac,0.0,0.0,0,1.25,0,4.896504502883394,4.926683209181735,40.0,2370.0,1100.0,,0,970068.0218147878,1.7695992673249084e-05,23.622906626345245,14.445428336353455,26.031130612650955,0,2473621.9916389273,446.6687086232806,504.7549414371916,58.086232813910954,-0.04914411927258275,-0.05,-1.711761454834504,,,,,,,,,,,,,,,,,,,,,,,,,,,,,,,,,,,,0
s9_k5ac_a_s09_pos100_tap3_mc4_cpl0_rp4p9639242883_rn4p9501632796_f12370_f21100_a0_dac1p25,K5AC,A,9,5.0,100,3,4,ac,0.0,0.0,0,1.25,0,4.963924288299439,4.950163279600443,40.0,2370.0,1100.0,,0,992000.2688341374,0.09457000952171656,47133.89536157831,13.398499506816307,24.881401962955028,0,2473621.9916389273,424.794871264466,482.88352792627643,58.08865666181043,-0.04892386612981263,-0.05,-2.152267740374747,,,,,,,,,,,,,,,,,,,,,,,,,,,,,,,,,,,,0
s9_k5ac_a_s09_pos100_tap3_mc50_cpl0_rp4p93838286104_rn4p81764389731_f12370_f21100_a0_dac1p25,K5AC,A,9,5.0,100,3,50,ac,0.0,0.0,0,1.25,0,4.938382861036046,4.817643897306691,40.0,2370.0,1100.0,,0,966174.6098382814,0.023172107268505274,13489.628825917614,13.670075056811358,25.039797721548002,0,2473621.9916389273,440.90970563893245,483.1470390219311,42.237333382998656,-0.04874886905586804,-0.05,-2.5022618882639236,,,,,,,,,,,,,,,,,,,,,,,,,,,,,,,,,,,,0
s9_k5ac_a_s09_pos100_tap3_mc51_cpl0_rp4p94108494795_rn4p84597086392_f12370_f21100_a0_dac1p25,K5AC,A,9,5.0,100,3,51,ac,0.0,0.0,0,1.25,0,4.941084947954228,4.845970863919445,40.0,2370.0,1100.0,,0,1018971.1990277048,0.005930346812332047,12492.997891188323,13.731539858128846,25.428156624116255,0,2473621.9916389273,435.2641509912467,504.53515912832484,69.27100813707813,-0.04969448697444402,-0.05,-0.6110260511119625,,,,,,,,,,,,,,,,,,,,,,,,,,,,,,,,,,,,0
s9_k5ac_a_s09_pos100_tap3_mc52_cpl0_rp4p90067306704_rn4p92869417858_f12370_f21100_a0_dac1p25,K5AC,A,9,5.0,100,3,52,ac,0.0,0.0,0,1.25,0,4.900673067044964,4.928694178577813,40.0,2370.0,1100.0,,0,1030278.0609516428,0.00856526736064873,12115.276586286842,13.097293624070057,24.551998663262143,0,2473621.9916389273,426.11591803828287,490.39552630930683,64.27960827102396,-0.04789405686860709,-0.05,-4.211886262785813,,,,,,,,,,,,,,,,,,,,,,,,,,,,,,,,,,,,0
s9_k5ac_a_s09_pos100_tap3_mc53_cpl0_rp4p90671802168_rn4p84604051155_f12370_f21100_a0_dac1p25,K5AC,A,9,5.0,100,3,53,ac,0.0,0.0,0,1.25,0,4.906718021679604,4.846040511552379,40.0,2370.0,1100.0,,0,968404.3314295426,0.003043355238762424,10964.781961432707,14.07942901322665,25.655405417668664,0,2473621.9916389273,444.6291349107781,493.8071707797148,49.17803586893672,-0.04958093794216313,-0.05,-0.838124115673744,,,,,,,,,,,,,,,,,,,,,,,,,,,,,,,,,,,,0
s9_k5ac_a_s09_pos100_tap3_mc54_cpl0_rp4p98569420512_rn4p85186384419_f12370_f21100_a0_dac1p25,K5AC,A,9,5.0,100,3,54,ac,0.0,0.0,0,1.25,0,4.985694205117068,4.851863844192985,40.0,2370.0,1100.0,,0,952245.6703748467,0.0037126093061817865,10964.781961432707,13.9621034537877,25.37193688360614,0,2473621.9916389273,447.3535046745254,486.31444219447576,38.960937519950335,-0.0502491947025119,-0.05,0.49838940502380247,,,,,,,,,,,,,,,,,,,,,,,,,,,,,,,,,,,,0
s9_k5ac_a_s09_pos100_tap3_mc55_cpl0_rp4p81692971849_rn4p86324679714_f12370_f21100_a0_dac1p25,K5AC,A,9,5.0,100,3,55,ac,0.0,0.0,0,1.25,0,4.816929718488971,4.86324679713733,40.0,2370.0,1100.0,,0,985415.1082913295,0.0001153834474909308,5537.7498415093,13.560838150599102,24.902443019520494,0,2473621.9916389273,436.2947846601496,486.3846345292203,50.08984986907069,-0.04985744757314515,-0.05,-0.2851048537097056,,,,,,,,,,,,,,,,,,,,,,,,,,,,,,,,,,,,0
s9_k5ac_a_s09_pos100_tap3_mc56_cpl0_rp4p89383174788_rn4p94109310762_f12370_f21100_a0_dac1p25,K5AC,A,9,5.0,100,3,56,ac,0.0,0.0,0,1.25,0,4.893831747878307,4.9410931076228115,40.0,2370.0,1100.0,,0,994195.778942254,0.009866875416313783,12981.752750499525,14.049628215676886,25.635598526025348,0,2473621.9916389273,438.02824940483447,503.08205259986113,65.05380319502666,-0.04952099863938322,-0.05,-0.9580027212335751,,,,,,,,,,,,,,,,,,,,,,,,,,,,,,,,,,,,0
s9_k5ac_a_s09_pos100_tap3_mc57_cpl0_rp4p85647483821_rn4p83451618039_f12370_f21100_a0_dac1p25,K5AC,A,9,5.0,100,3,57,ac,0.0,0.0,0,1.25,0,4.856474838211144,4.834516180392071,40.0,2370.0,1100.0,,0,988845.4482071529,0.05543056905967725,39506.32813983589,13.40307084785264,24.922386576663797,0,2473621.9916389273,433.04345699254895,483.4120695014138,50.36861250886483,-0.04971188106782463,-0.05,-0.5762378643507482,,,,,,,,,,,,,,,,,,,,,,,,,,,,,,,,,,,,0
s9_k5ac_a_s09_pos100_tap3_mc58_cpl0_rp4p89346033217_rn4p83607483876_f12370_f21100_a0_dac1p25,K5AC,A,9,5.0,100,3,58,ac,0.0,0.0,0,1.25,0,4.893460332174911,4.836074838764913,40.0,2370.0,1100.0,,0,966152.3842824219,0.014291592843567413,12302.68770812479,14.171481471819515,25.638458796697964,0,2473621.9916389273,445.0255192318692,496.17241636249145,51.14689713062222,-0.04871495242788085,-0.05,-2.5700951442383047,,,,,,,,,,,,,,,,,,,,,,,,,,,,,,,,,,,,0
s9_k5ac_a_s09_pos100_tap3_mc59_cpl0_rp4p82373364137_rn4p91750785234_f12370_f21100_a0_dac1p25,K5AC,A,9,5.0,100,3,59,ac,0.0,0.0,0,1.25,0,4.823733641370459,4.917507852337766,40.0,2370.0,1100.0,,0,982446.3966251863,0.04866780836153806,30902.95432513859,13.446445605708272,24.841877297924846,0,2473621.9916389273,441.5651744310773,481.81883298103855,40.253658549961244,-0.04908957953379078,-0.05,-1.820840932418455,,,,,,,,,,,,,,,,,,,,,,,,,,,,,,,,,,,,0
s9_k5ac_a_s09_pos100_tap3_mc5_cpl0_rp4p82480901845_rn4p85891971041_f12370_f21100_a0_dac1p25,K5AC,A,9,5.0,100,3,5,ac,0.0,0.0,0,1.25,0,4.824809018452469,4.858919710414241,40.0,2370.0,1100.0,,0,991813.1079630746,0.00019563912136113897,5453.391371646671,13.78685690682954,25.464082522603903,0,2473621.9916389273,440.7331949105899,495.9639894541309,55.23079454354104,-0.04900250304619473,-0.05,-1.9949939076105427,,,,,,,,,,,,,,,,,,,,,,,,,,,,,,,,,,,,0
s9_k5ac_a_s09_pos100_tap3_mc60_cpl0_rp4p84684747008_rn4p97109424672_f12370_f21100_a0_dac1p25,K5AC,A,9,5.0,100,3,60,ac,0.0,0.0,0,1.25,0,4.846847470081567,4.971094246724969,40.0,2370.0,1100.0,,0,1012279.3471942393,0.01242612802848623,13284.136617107572,13.688271763458419,25.43698243849038,0,2473621.9916389273,436.08870817636415,500.9537654333639,64.86505725699976,-0.048839986183246344,-0.05,-2.3200276335073156,,,,,,,,,,,,,,,,,,,,,,,,,,,,,,,,,,,,0
s9_k5ac_a_s09_pos100_tap3_mc61_cpl0_rp4p94483197358_rn4p95053325516_f12370_f21100_a0_dac1p25,K5AC,A,9,5.0,100,3,61,ac,0.0,0.0,0,1.25,0,4.944831973580668,4.950533255157358,40.0,2370.0,1100.0,,0,939067.1661225006,1.73944990520308e-05,12.686251981032868,13.985032625563727,25.5008138482866,0,2473621.9916389273,406.00193668507455,505.25848303015556,99.256546345081,-0.050159704548749184,-0.05,0.31940909749836877,,,,,,,,,,,,,,,,,,,,,,,,,,,,,,,,,,,,0
s9_k5ac_a_s09_pos100_tap3_mc62_cpl0_rp4p81530518808_rn4p84368973926_f12370_f21100_a0_dac1p25,K5AC,A,9,5.0,100,3,62,ac,0.0,0.0,0,1.25,0,4.815305188076907,4.843689739264638,40.0,2370.0,1100.0,,0,1018167.6429342434,1.7682407662512977e-05,22.733518989206896,13.69035070176012,25.284637257540542,0,2473621.9916389273,433.0714257123371,502.50897386192094,69.43754814958385,-0.04902263578978557,-0.05,-1.954728420428864,,,,,,,,,,,,,,,,,,,,,,,,,,,,,,,,,,,,0
s9_k5ac_a_s09_pos100_tap3_mc63_cpl0_rp4p92941797896_rn4p92106168524_f12370_f21100_a0_dac1p25,K5AC,A,9,5.0,100,3,63,ac,0.0,0.0,0,1.25,0,4.929417978963851,4.921061685235077,40.0,2370.0,1100.0,,0,1007312.5718092165,0.00115752664043162,8981.178609607632,13.67397332359735,25.136330268708495,0,2473621.9916389273,432.35061886572663,497.6328880662312,65.28226920050457,-0.0502012787672821,-0.05,0.4025575345641963,,,,,,,,,,,,,,,,,,,,,,,,,,,,,,,,,,,,0
s9_k5ac_a_s09_pos100_tap3_mc64_cpl0_rp4p81847647918_rn4p86125477416_f12370_f21100_a0_dac1p25,K5AC,A,9,5.0,100,3,64,ac,0.0,0.0,0,1.25,0,4.818476479179087,4.861254774161835,40.0,2370.0,1100.0,,0,1002273.3768473463,0.004882780996136405,11481.53621496973,13.782675587327178,25.39857889380595,0,2473621.9916389273,435.9402943764513,500.2724029301156,64.33210855366434,-0.049529390401260094,-0.05,-0.9412191974798145,,,,,,,,,,,,,,,,,,,,,,,,,,,,,,,,,,,,0
s9_k5ac_a_s09_pos100_tap3_mc65_cpl0_rp4p98548728336_rn4p8322453739_f12370_f21100_a0_dac1p25,K5AC,A,9,5.0,100,3,65,ac,0.0,0.0,0,1.25,0,4.985487283362776,4.832245373900748,40.0,2370.0,1100.0,,0,1009664.8372013732,1.7610613013247446e-05,24.35940447292092,14.067876937258271,25.665149958582223,0,2473621.9916389273,435.5455778624201,510.44777873681414,74.90220087439405,-0.0504444790235195,-0.05,0.8889580470389902,,,,,,,,,,,,,,,,,,,,,,,,,,,,,,,,,,,,0
s9_k5ac_a_s09_pos100_tap3_mc66_cpl0_rp4p86891949042_rn4p81968547826_f12370_f21100_a0_dac1p25,K5AC,A,9,5.0,100,3,66,ac,0.0,0.0,0,1.25,0,4.8689194904222814,4.81968547825727,40.0,2370.0,1100.0,,0,977782.670630055,0.003890275820078951,9847.666521102343,14.08750956056799,25.526578753431448,0,2473621.9916389273,440.82822139694406,497.2452557689217,56.41703437197765,-0.04807315935823826,-0.05,-3.85368128352348,,,,,,,,,,,,,,,,,,,,,,,,,,,,,,,,,,,,0
s9_k5ac_a_s09_pos100_tap3_mc67_cpl0_rp4p87381940208_rn4p84921330081_f12370_f21100_a0_dac1p25,K5AC,A,9,5.0,100,3,67,ac,0.0,0.0,0,1.25,0,4.873819402079665,4.8492133008067695,40.0,2370.0,1100.0,,0,1065127.7902392899,0.0010481705046941484,9050.376921517814,12.80628093014658,24.528135888376365,0,2473621.9916389273,421.174572142022,496.78996307685827,75.61539093483628,-0.05018548358733098,-0.05,0.3709671746619403,,,,,,,,,,,,,,,,,,,,,,,,,,,,,,,,,,,,0
s9_k5ac_a_s09_pos100_tap3_mc68_cpl0_rp4p93398577308_rn4p85144702565_f12370_f21100_a0_dac1p25,K5AC,A,9,5.0,100,3,68,ac,0.0,0.0,0,1.25,0,4.933985773077202,4.851447025649973,40.0,2370.0,1100.0,,0,958594.4206574563,1.7729748862305228e-05,25.50742783711428,14.157140628873734,25.691072420798047,0,2473621.9916389273,447.6409454035133,493.198658158428,45.55771275491469,-0.05047318848521521,-0.05,0.946376970430407,,,,,,,,,,,,,,,,,,,,,,,,,,,,,,,,,,,,0
s9_k5ac_a_s09_pos100_tap3_mc69_cpl0_rp4p91143479711_rn4p82654788787_f12370_f21100_a0_dac1p25,K5AC,A,9,5.0,100,3,69,ac,0.0,0.0,0,1.25,0,4.911434797113318,4.8265478878736365,40.0,2370.0,1100.0,,0,977557.0753416854,0.0003427432590012334,6865.412978225057,14.39230217679874,26.120350448617735,0,2473621.9916389273,447.4098289459442,507.26476674154907,59.85493779560488,-0.04922529526293513,-0.05,-1.5494094741297482,,,,,,,,,,,,,,,,,,,,,,,,,,,,,,,,,,,,0
s9_k5ac_a_s09_pos100_tap3_mc6_cpl0_rp4p99017081879_rn4p92930515062_f12370_f21100_a0_dac1p25,K5AC,A,9,5.0,100,3,6,ac,0.0,0.0,0,1.25,0,4.990170818793452,4.929305150616864,40.0,2370.0,1100.0,,0,945553.7354959245,0.002826464924222706,10715.1930523769,13.941695845294943,25.39925241909414,0,2473621.9916389273,449.6811657512135,483.696073641462,34.01490789024854,-0.04883210126189843,-0.05,-2.3357974762031497,,,,,,,,,,,,,,,,,,,,,,,,,,,,,,,,,,,,0
s9_k5ac_a_s09_pos100_tap3_mc70_cpl0_rp4p88881714958_rn4p81017969097_f12370_f21100_a0_dac1p25,K5AC,A,9,5.0,100,3,70,ac,0.0,0.0,0,1.25,0,4.8888171495826835,4.810179690974999,40.0,2370.0,1100.0,,0,995982.8169247281,0.0015139105775686152,9476.908045142321,13.48047553413038,25.05835883371516,0,2473621.9916389273,438.6683625448454,488.8653141381539,50.19695159330848,-0.04907993629641099,-0.05,-1.8401274071780271,,,,,,,,,,,,,,,,,,,,,,,,,,,,,,,,,,,,0
s9_k5ac_a_s09_pos100_tap3_mc71_cpl0_rp4p80947156083_rn4p89461668416_f12370_f21100_a0_dac1p25,K5AC,A,9,5.0,100,3,71,ac,0.0,0.0,0,1.25,0,4.809471560826176,4.894616684158554,40.0,2370.0,1100.0,,0,982359.9503137129,1.7747264070245943e-05,26.9153480392699,13.423705820393822,24.8705083258279,0,2473621.9916389273,440.4947729881939,482.63138498504276,42.13661199684884,-0.04908546708706122,-0.05,-1.8290658258775627,,,,,,,,,,,,,,,,,,,,,,,,,,,,,,,,,,,,0
s9_k5ac_a_s09_pos100_tap3_mc72_cpl0_rp4p8591984229_rn4p98977652785_f12370_f21100_a0_dac1p25,K5AC,A,9,5.0,100,3,72,ac,0.0,0.0,0,1.25,0,4.859198422902416,4.9897765278485515,40.0,2370.0,1100.0,,0,980851.9351533356,0.029895514703087614,13910.198687981645,13.706522051707093,25.133225183636505,0,2473621.9916389273,435.59327727129596,488.28847329586273,52.69519602456677,-0.05045005959896047,-0.05,0.9001191979209233,,,,,,,,,,,,,,,,,,,,,,,,,,,,,,,,,,,,0
s9_k5ac_a_s09_pos100_tap3_mc73_cpl0_rp4p97210393659_rn4p882087731_f12370_f21100_a0_dac1p25,K5AC,A,9,5.0,100,3,73,ac,0.0,0.0,0,1.25,0,4.972103936593898,4.882087730999263,40.0,2370.0,1100.0,,0,1017331.9298237647,0.0003536160451840018,6709.137099554609,13.63858871280835,25.263404488230016,0,2473621.9916389273,434.08728922533,501.2636632896211,67.17637406429111,-0.048241957520443725,-0.05,-3.516084959112553,,,,,,,,,,,,,,,,,,,,,,,,,,,,,,,,,,,,0
s9_k5ac_a_s09_pos100_tap3_mc74_cpl0_rp4p81224899117_rn4p97047798808_f12370_f21100_a0_dac1p25,K5AC,A,9,5.0,100,3,74,ac,0.0,0.0,0,1.25,0,4.812248991171771,4.970477988080208,40.0,2370.0,1100.0,,0,995479.523695451,1.783827516216423e-05,26.505337179011526,14.077971978165937,25.740409924448077,0,2473621.9916389273,441.7776217019529,504.8452603633874,63.0676386614345,-0.04932353414955014,-0.05,-1.3529317008997288,,,,,,,,,,,,,,,,,,,,,,,,,,,,,,,,,,,,0
s9_k5ac_a_s09_pos100_tap3_mc75_cpl0_rp4p87408261124_rn4p83842753066_f12370_f21100_a0_dac1p25,K5AC,A,9,5.0,100,3,75,ac,0.0,0.0,0,1.25,0,4.874082611238789,4.838427530657912,40.0,2370.0,1100.0,,0,1025972.5017609862,0.006483650765772481,9190.3771336333,13.115491446779552,24.703676915527094,0,2473621.9916389273,425.6992290610148,490.2719867738404,64.57275771282559,-0.04988727030090171,-0.05,-0.22545939819658134,,,,,,,,,,,,,,,,,,,,,,,,,,,,,,,,,,,,0
s9_k5ac_a_s09_pos100_tap3_mc76_cpl0_rp4p88235051161_rn4p88834123809_f12370_f21100_a0_dac1p25,K5AC,A,9,5.0,100,3,76,ac,0.0,0.0,0,1.25,0,4.8823505116112305,4.88834123809309,40.0,2370.0,1100.0,,0,964630.5515510408,1.7773788728229593e-05,25.70395782768934,13.316586264162384,24.673918327208238,0,2473621.9916389273,442.02855616309705,473.8217620731722,31.79320591007513,-0.048382491050038764,-0.05,-3.2350178999224766,,,,,,,,,,,,,,,,,,,,,,,,,,,,,,,,,,,,0
s9_k5ac_a_s09_pos100_tap3_mc77_cpl0_rp4p94042145621_rn4p95409641466_f12370_f21100_a0_dac1p25,K5AC,A,9,5.0,100,3,77,ac,0.0,0.0,0,1.25,0,4.940421456214767,4.95409641465923,40.0,2370.0,1100.0,,0,951930.6650966821,0.004268203420704022,11220.184543020514,14.348378148469157,25.77369784893126,0,2473621.9916389273,447.9996034816849,494.5416961015649,46.54209261988001,-0.050731124367594346,-0.05,1.462248735188676,,,,,,,,,,,,,,,,,,,,,,,,,,,,,,,,,,,,0
s9_k5ac_a_s09_pos100_tap3_mc78_cpl0_rp4p86823976616_rn4p87579310451_f12370_f21100_a0_dac1p25,K5AC,A,9,5.0,100,3,78,ac,0.0,0.0,0,1.25,0,4.8682397661630965,4.875793104508594,40.0,2370.0,1100.0,,0,1015397.7309781342,0.0046352695934009916,11306.633979497277,13.035283646371134,24.598976206165943,0,2473621.9916389273,430.4917049201013,483.37696355692486,52.88525863682355,-0.04893851650606211,-0.05,-2.122966987875785,,,,,,,,,,,,,,,,,,,,,,,,,,,,,,,,,,,,0
s9_k5ac_a_s09_pos100_tap3_mc79_cpl0_rp4p89509926023_rn4p88681577062_f12370_f21100_a0_dac1p25,K5AC,A,9,5.0,100,3,79,ac,0.0,0.0,0,1.25,0,4.895099260228807,4.886815770623871,40.0,2370.0,1100.0,,0,988428.3644921536,0.0001405246659812299,5011.872336273082,13.414538895102094,24.941419763688135,0,2473621.9916389273,440.1838036296405,485.30448605566426,45.120682426023734,-0.049941024139135586,-0.05,-0.11795172172883728,,,,,,,,,,,,,,,,,,,,,,,,,,,,,,,,,,,,0
s9_k5ac_a_s09_pos100_tap3_mc7_cpl0_rp4p9191824958_rn4p94462443839_f12370_f21100_a0_dac1p25,K5AC,A,9,5.0,100,3,7,ac,0.0,0.0,0,1.25,0,4.919182495796655,4.9446244383908775,40.0,2370.0,1100.0,,0,997374.6634537086,0.11895945429441628,50504.87881098046,14.09934226978399,25.71547679781429,0,2473621.9916389273,431.4996417897031,504.6334046456084,73.13376285590527,-0.04954248747129248,-0.05,-0.915025057415042,,,,,,,,,,,,,,,,,,,,,,,,,,,,,,,,,,,,0
s9_k5ac_a_s09_pos100_tap3_mc80_cpl0_rp4p90407268595_rn4p99116117843_f12370_f21100_a0_dac1p25,K5AC,A,9,5.0,100,3,80,ac,0.0,0.0,0,1.25,0,4.9040726859476464,4.991161178425712,40.0,2370.0,1100.0,,0,1042124.6219704823,1.778783389180362e-05,25.11886431509648,13.040694723120746,24.66729948302693,0,2473621.9916389273,424.8207654700825,492.95411901234877,68.13335354226626,-0.04943652818312307,-0.05,-1.126943633753863,,,,,,,,,,,,,,,,,,,,,,,,,,,,,,,,,,,,0
s9_k5ac_a_s09_pos100_tap3_mc81_cpl0_rp4p9204357772_rn4p91598929712_f12370_f21100_a0_dac1p25,K5AC,A,9,5.0,100,3,81,ac,0.0,0.0,0,1.25,0,4.920435777199089,4.915989297122961,40.0,2370.0,1100.0,,0,995673.1126272236,1.7769596049278157e-05,23.988329190195547,13.243757301601908,24.64737583569353,0,2473621.9916389273,435.167925077291,482.32519151113866,47.15726643384767,-0.050699061955509966,-0.05,1.3981239110199217,,,,,,,,,,,,,,,,,,,,,,,,,,,,,,,,,,,,0
s9_k5ac_a_s09_pos100_tap3_mc82_cpl0_rp4p83199788371_rn4p83944375677_f12370_f21100_a0_dac1p25,K5AC,A,9,5.0,100,3,82,ac,0.0,0.0,0,1.25,0,4.831997883708647,4.839443756766406,40.0,2370.0,1100.0,,0,1014861.8313469003,0.00047879016002531514,7762.471166287502,14.110940220836625,25.872087114248405,0,2473621.9916389273,436.30470143588354,514.5204031200003,78.21570168411677,-0.04939761112311684,-0.05,-1.2047777537663285,,,,,,,,,,,,,,,,,,,,,,,,,,,,,,,,,,,,0
s9_k5ac_a_s09_pos100_tap3_mc83_cpl0_rp4p98994570318_rn4p92885374731_f12370_f21100_a0_dac1p25,K5AC,A,9,5.0,100,3,83,ac,0.0,0.0,0,1.25,0,4.9899457031827525,4.928853747310462,40.0,2370.0,1100.0,,0,969167.6657018489,0.004555225947624925,11306.633979497277,14.700404244297095,26.395050226270286,0,2473621.9916389273,448.6256719022069,511.5880829627242,62.9624110605173,-0.04939695968481542,-0.05,-1.2060806303691662,,,,,,,,,,,,,,,,,,,,,,,,,,,,,,,,,,,,0
s9_k5ac_a_s09_pos100_tap3_mc84_cpl0_rp4p94962874674_rn4p95231937264_f12370_f21100_a0_dac1p25,K5AC,A,9,5.0,100,3,84,ac,0.0,0.0,0,1.25,0,4.949628746742632,4.9523193726378425,40.0,2370.0,1100.0,,0,942999.725532036,1.7320130019556743e-05,12.397477630289705,14.124160510091137,25.57605616606655,0,2473621.9916389273,399.5635287862374,511.51107350634607,111.94754472010868,-0.05048703438807791,-0.05,0.9740687761558231,,,,,,,,,,,,,,,,,,,,,,,,,,,,,,,,,,,,0
s9_k5ac_a_s09_pos100_tap3_mc85_cpl0_rp4p99052628228_rn4p95771412663_f12370_f21100_a0_dac1p25,K5AC,A,9,5.0,100,3,85,ac,0.0,0.0,0,1.25,0,4.990526282278525,4.9577141266308535,40.0,2370.0,1100.0,,0,958170.4224452346,1.7497850694672276e-05,14.343880772119975,14.142905811894297,25.737395993973713,0,2473621.9916389273,420.68378508053166,507.1208476576869,86.43706257715525,-0.05028693163647916,-0.05,0.5738632729583193,,,,,,,,,,,,,,,,,,,,,,,,,,,,,,,,,,,,0
s9_k5ac_a_s09_pos100_tap3_mc86_cpl0_rp4p81534552746_rn4p95489274822_f12370_f21100_a0_dac1p25,K5AC,A,9,5.0,100,3,86,ac,0.0,0.0,0,1.25,0,4.815345527458427,4.954892748219966,40.0,2370.0,1100.0,,0,976013.5727501939,1.7437376564090767e-05,14.125375446227858,14.548374940749792,26.330526507758186,0,2473621.9916389273,418.83345945517397,513.5932643351207,94.75980487994673,-0.049204293777654194,-0.05,-1.59141244469162,,,,,,,,,,,,,,,,,,,,,,,,,,,,,,,,,,,,0
s9_k5ac_a_s09_pos100_tap3_mc87_cpl0_rp4p80472956662_rn4p84793417503_f12370_f21100_a0_dac1p25,K5AC,A,9,5.0,100,3,87,ac,0.0,0.0,0,1.25,0,4.804729566620188,4.8479341750315745,40.0,2370.0,1100.0,,0,1054742.1391431633,1.755007510296126e-05,16.468978654829073,13.316306156971214,25.100708711159694,0,2473621.9916389273,406.11765134298224,508.2264583256606,102.10880698267835,-0.04985842332390873,-0.05,-0.28315335218254134,,,,,,,,,,,,,,,,,,,,,,,,,,,,,,,,,,,,0
s9_k5ac_a_s09_pos100_tap3_mc88_cpl0_rp4p89721161764_rn4p89687305656_f12370_f21100_a0_dac1p25,K5AC,A,9,5.0,100,3,88,ac,0.0,0.0,0,1.25,0,4.897211617639955,4.896873056557508,40.0,2370.0,1100.0,,0,1007930.2392914812,0.0037524776977900373,11569.999317503021,13.589053390423542,25.13680078299809,0,2473621.9916389273,436.17315616327045,495.5348437480805,59.361687584810056,-0.048537253363003886,-0.05,-2.92549327399223,,,,,,,,,,,,,,,,,,,,,,,,,,,,,,,,,,,,0
s9_k5ac_a_s09_pos100_tap3_mc89_cpl0_rp4p96618907878_rn4p86040501269_f12370_f21100_a0_dac1p25,K5AC,A,9,5.0,100,3,89,ac,0.0,0.0,0,1.25,0,4.966189078779873,4.860405012692762,40.0,2370.0,1100.0,,0,952800.9642401951,0.0003297151530622493,7244.359600750442,14.271096705822687,25.77610047369672,0,2473621.9916389273,449.7589954772759,494.1255375086643,44.366542031388406,-0.04985454447047322,-0.05,-0.29091105905356685,,,,,,,,,,,,,,,,,,,,,,,,,,,,,,,,,,,,0
s9_k5ac_a_s09_pos100_tap3_mc8_cpl0_rp4p96507607737_rn4p86843366932_f12370_f21100_a0_dac1p25,K5AC,A,9,5.0,100,3,8,ac,0.0,0.0,0,1.25,0,4.965076077369363,4.868433669320858,40.0,2370.0,1100.0,,0,970669.5244580244,1.778366264595735e-05,22.908676527678335,14.060418782009004,25.66873178426908,0,2473621.9916389273,444.5597211427503,495.2407387460506,50.68101760330035,-0.05023911513344714,-0.05,0.47823026689428616,,,,,,,,,,,,,,,,,,,,,,,,,,,,,,,,,,,,0
s9_k5ac_a_s09_pos100_tap3_mc90_cpl0_rp4p90843644284_rn4p80246070609_f12370_f21100_a0_dac1p25,K5AC,A,9,5.0,100,3,90,ac,0.0,0.0,0,1.25,0,4.908436442841985,4.802460706089642,40.0,2370.0,1100.0,,0,1003708.7903558323,4.5614257739842456e-05,1862.0871366629854,13.774137772044323,25.482256608512863,0,2473621.9916389273,439.69337191096696,499.68591665817064,59.99254474720368,-0.04823118301515345,-0.05,-3.537633969693099,,,,,,,,,,,,,,,,,,,,,,,,,,,,,,,,,,,,0
s9_k5ac_a_s09_pos100_tap3_mc91_cpl0_rp4p83038297979_rn4p98626428712_f12370_f21100_a0_dac1p25,K5AC,A,9,5.0,100,3,91,ac,0.0,0.0,0,1.25,0,4.830382979787494,4.986264287124217,40.0,2370.0,1100.0,,0,1030117.0199006954,0.007107773456897661,8190.932242153593,12.936390826994153,24.48829716090555,0,2473621.9916389273,418.8483917799734,485.80432175959413,66.95592997962075,-0.04950759881600402,-0.05,-0.984802367991966,,,,,,,,,,,,,,,,,,,,,,,,,,,,,,,,,,,,0
s9_k5ac_a_s09_pos100_tap3_mc92_cpl0_rp4p81562875086_rn4p85682619388_f12370_f21100_a0_dac1p25,K5AC,A,9,5.0,100,3,92,ac,0.0,0.0,0,1.25,0,4.815628750856108,4.856826193884682,40.0,2370.0,1100.0,,0,1025572.2821621026,0.0031145331979310475,11134.396090624487,13.790945096608251,25.501921266484132,0,2473621.9916389273,433.21965078918936,509.90057731811453,76.68092652892517,-0.049113205673796186,-0.05,-1.7735886524076316,,,,,,,,,,,,,,,,,,,,,,,,,,,,,,,,,,,,0
s9_k5ac_a_s09_pos100_tap3_mc93_cpl0_rp4p86363635694_rn4p88328915379_f12370_f21100_a0_dac1p25,K5AC,A,9,5.0,100,3,93,ac,0.0,0.0,0,1.25,0,4.863636356935841,4.883289153789947,40.0,2370.0,1100.0,,0,1041414.4647970371,0.018035546965759777,12686.251981033603,13.380827679851235,25.007170418789443,0,2473621.9916389273,426.1766492488165,503.3651147728862,77.18846552406973,-0.049604039627137254,-0.05,-0.791920745725494,,,,,,,,,,,,,,,,,,,,,,,,,,,,,,,,,,,,0
s9_k5ac_a_s09_pos100_tap3_mc94_cpl0_rp4p92071985605_rn4p82299512814_f12370_f21100_a0_dac1p25,K5AC,A,9,5.0,100,3,94,ac,0.0,0.0,0,1.25,0,4.9207198560453085,4.822995128137165,40.0,2370.0,1100.0,,0,1019425.2755594424,1.7627686994291542e-05,25.31240049595432,13.714138920748706,25.33020000659603,0,2473621.9916389273,432.9135178697194,503.6531761674757,70.7396582977563,-0.048597351623820104,-0.05,-2.8052967523597983,,,,,,,,,,,,,,,,,,,,,,,,,,,,,,,,,,,,0
s9_k5ac_a_s09_pos100_tap3_mc95_cpl0_rp4p91235641176_rn4p95100309897_f12370_f21100_a0_dac1p25,K5AC,A,9,5.0,100,3,95,ac,0.0,0.0,0,1.25,0,4.912356411756327,4.951003098965599,40.0,2370.0,1100.0,,0,979175.0431082126,0.025036891229505,13593.563908786344,13.586242071201834,25.078588356804207,0,2473621.9916389273,439.64245351776725,485.4450740972909,45.80262057952365,-0.0483987538370893,-0.05,-3.2024923258213933,,,,,,,,,,,,,,,,,,,,,,,,,,,,,,,,,,,,0
s9_k5ac_a_s09_pos100_tap3_mc96_cpl0_rp4p98887721291_rn4p89671470465_f12370_f21100_a0_dac1p25,K5AC,A,9,5.0,100,3,96,ac,0.0,0.0,0,1.25,0,4.988877212910134,4.8967147046477155,40.0,2370.0,1100.0,,0,958700.7810700159,0.005654001871270908,11930.720363266277,14.311881007596675,25.790225714615243,0,2473621.9916389273,446.22355921440993,496.7528465792997,50.5292873648898,-0.050046358566790045,-0.05,0.09271713358007805,,,,,,,,,,,,,,,,,,,,,,,,,,,,,,,,,,,,0
s9_k5ac_a_s09_pos100_tap3_mc97_cpl0_rp4p95689485016_rn4p90423819188_f12370_f21100_a0_dac1p25,K5AC,A,9,5.0,100,3,97,ac,0.0,0.0,0,1.25,0,4.956894850161169,4.904238191883401,40.0,2370.0,1100.0,,0,1036683.9427628657,0.018459512344051503,12397.477630290425,12.684470528154861,24.17197430985642,0,2473621.9916389273,422.9042886590671,481.2127483469233,58.308459687856214,-0.04944468637038544,-0.05,-1.1106272592291244,,,,,,,,,,,,,,,,,,,,,,,,,,,,,,,,,,,,0
s9_k5ac_a_s09_pos100_tap3_mc98_cpl0_rp4p87507940839_rn4p96037974902_f12370_f21100_a0_dac1p25,K5AC,A,9,5.0,100,3,98,ac,0.0,0.0,0,1.25,0,4.87507940839033,4.9603797490179335,40.0,2370.0,1100.0,,0,1005712.4570332321,0.004846561921787119,11930.720363266277,13.482816754331328,24.980375317203297,0,2473621.9916389273,434.77506546667126,491.14849543801313,56.373429971341864,-0.04922123132547916,-0.05,-1.5575373490416822,,,,,,,,,,,,,,,,,,,,,,,,,,,,,,,,,,,,0
s9_k5ac_a_s09_pos100_tap3_mc99_cpl0_rp4p93584667049_rn4p99418230324_f12370_f21100_a0_dac1p25,K5AC,A,9,5.0,100,3,99,ac,0.0,0.0,0,1.25,0,4.935846670489885,4.994182303244085,40.0,2370.0,1100.0,,0,993784.5860560833,1.7718144709274927e-05,23.08518362242823,13.473904449931535,24.97331478089022,0,2473621.9916389273,438.3787379307318,486.95269041624033,48.57395248550853,-0.04875384563435584,-0.05,-2.4923087312883174,,,,,,,,,,,,,,,,,,,,,,,,,,,,,,,,,,,,0
s9_k5ac_a_s09_pos100_tap3_mc9_cpl0_rp4p98797808192_rn4p9062057733_f12370_f21100_a0_dac1p25,K5AC,A,9,5.0,100,3,9,ac,0.0,0.0,0,1.25,0,4.987978081923813,4.906205773299968,40.0,2370.0,1100.0,,0,1034126.7423787822,1.767636800895101e-05,24.547089156850962,12.938509705618635,24.45396371741634,0,2473621.9916389273,427.2557642230612,488.518881090914,61.26311686785283,-0.04980564869085958,-0.05,-0.38870261828084507,,,,,,,,,,,,,,,,,,,,,,,,,,,,,,,,,,,,0
