id,test,variant,ix,scale_V_div,POS,tap,mc,kind,amplitude_V,freq_Hz,M,vdac_V,CPL,rail_plus_set_V,rail_minus_set_V,dc_limit_V,F1,F2,state,RSW,minus3_Hz,peak_db,peak_Hz,atten_1p73m_db,atten_2p47m_db,rebound_excess_db,rebound_Hz,gd_min_ns,gd_max_ns,gd_variation_ns,gain_dc_signed,gain_nominal_signed,gain_error_pct,center_V,offset_uncal_V,dac_center_V,position_plus_div,position_minus_div,position_pass,offset_compensable,noise_pin_uV,noise_pct_div,noise_with_adc_low_pct,noise_with_adc_high_pct,rise_ns,overshoot_pct,recovery_us,bav199_conducts,bav199_forward_max_V,bav199_peak_A,adc_min_V,adc_max_V,mux_low_margin_V,mux_high_margin_V,mux_supply_max_V,protection_pass,sfdr_db,reference_sfdr_db,residual_rms_LSB,residual_max_LSB,error_max_LSB,error_rms_LSB,gain_delta_db,phase_delta_deg,fundamental_pp_V,sample_width_ns,sample_period_ns,closing_time_error_ps,returncode
s9_k5op_b_s00_pos1_tap0_mc0_cpl0_rp4p9844424025_rn4p84719952244_f12370_f21100_a0_dac1p25,K5OP,B,0,0.005,1,0,0,ac,0.0,0.0,0,1.25,0,4.984442402501529,4.847199522437094,40.0,2370.0,1100.0,,0,,,,,,,,,,,-48.669037524788905,-50.0,-2.66192495042219,1.1736463731278293,-0.07635362687217073,1.187327346126143,4.811414173624266,4.922842507108211,True,True,,,,,,,,,,,,,,,,,,,,,,,,,,,,,0
s9_k5op_b_s00_pos1_tap0_mc100_cpl0_rp4p85918728673_rn4p85296983013_f12370_f21100_a0_dac1p25,K5OP,B,0,0.005,1,0,100,ac,0.0,0.0,0,1.25,0,4.859187286732117,4.852969830130256,40.0,2370.0,1100.0,,0,,,,,,,,,,,-50.10650114702031,-50.0,0.21300229404062065,1.1661163741714282,-0.08388362582857178,1.1820811772660207,4.851705414844288,4.926191715433889,True,True,,,,,,,,,,,,,,,,,,,,,,,,,,,,,0
s9_k5op_b_s00_pos1_tap0_mc101_cpl0_rp4p92114416875_rn4p93251453173_f12370_f21100_a0_dac1p25,K5OP,B,0,0.005,1,0,101,ac,0.0,0.0,0,1.25,0,4.921144168752844,4.9325145317305,40.0,2370.0,1100.0,,0,,,,,,,,,,,-49.327050270351336,-50.0,-1.3458994592973283,1.2885571220112177,0.03855712201121775,1.281393487880894,5.312620351399099,4.893323264905266,True,True,,,,,,,,,,,,,,,,,,,,,,,,,,,,,0
s9_k5op_b_s00_pos1_tap0_mc102_cpl0_rp4p8407269707_rn4p90041833888_f12370_f21100_a0_dac1p25,K5OP,B,0,0.005,1,0,102,ac,0.0,0.0,0,1.25,0,4.840726970704301,4.900418338883661,40.0,2370.0,1100.0,,0,,,,,,,,,,,-49.79565102664507,-50.0,-0.40869794670986836,1.2610083012173503,0.011008301217350303,1.2589044189593783,5.23638380335276,4.908434573996874,True,True,,,,,,,,,,,,,,,,,,,,,,,,,,,,,0
s9_k5op_b_s00_pos1_tap0_mc103_cpl0_rp4p92039929382_rn4p93280884376_f12370_f21100_a0_dac1p25,K5OP,B,0,0.005,1,0,103,ac,0.0,0.0,0,1.25,0,4.920399293820216,4.932808843759211,40.0,2370.0,1100.0,,0,,,,,,,,,,,-50.21183760243408,-50.0,0.423675204868168,1.30933358986068,0.059333589860679936,1.2980249684094955,5.42632428839079,4.883554243315297,True,True,,,,,,,,,,,,,,,,,,,,,,,,,,,,,0
s9_k5op_b_s00_pos1_tap0_mc104_cpl0_rp4p96672224013_rn4p89966174409_f12370_f21100_a0_dac1p25,K5OP,B,0,0.005,1,0,104,ac,0.0,0.0,0,1.25,0,4.966722240131348,4.899661744085006,40.0,2370.0,1100.0,,0,,,,,,,,,,,-49.045593390226735,-50.0,-1.9088132195465346,1.1502852823266834,-0.09971471767331663,1.1684460144073943,4.736412093503908,4.9266244512684185,True,True,,,,,,,,,,,,,,,,,,,,,,,,,,,,,0
s9_k5op_b_s00_pos1_tap0_mc105_cpl0_rp4p84375365941_rn4p9045927206_f12370_f21100_a0_dac1p25,K5OP,B,0,0.005,1,0,105,ac,0.0,0.0,0,1.25,0,4.8437536594097,4.904592720598521,40.0,2370.0,1100.0,,0,,,,,,,,,,,-49.819936340018685,-50.0,-0.36012731996263314,1.3021806285793363,0.05218062857933625,1.291800872138656,5.451642788952407,4.897353307688985,True,True,,,,,,,,,,,,,,,,,,,,,,,,,,,,,0
s9_k5op_b_s00_pos1_tap0_mc106_cpl0_rp4p92012976805_rn4p93835919917_f12370_f21100_a0_dac1p25,K5OP,B,0,0.005,1,0,106,ac,0.0,0.0,0,1.25,0,4.92012976804918,4.938359199166201,40.0,2370.0,1100.0,,0,,,,,,,,,,,-49.59922680484174,-50.0,-0.801546390316521,1.0494649031288807,-0.20053509687111926,1.0885413987368813,4.414351024367292,4.937340775752361,False,True,,,,,,,,,,,,,,,,,,,,,,,,,,,,,0
s9_k5op_b_s00_pos1_tap0_mc107_cpl0_rp4p90582543511_rn4p83419667144_f12370_f21100_a0_dac1p25,K5OP,B,0,0.005,1,0,107,ac,0.0,0.0,0,1.25,0,4.905825435114754,4.834196671439539,40.0,2370.0,1100.0,,0,,,,,,,,,,,-48.86749951872549,-50.0,-2.265000962549024,1.23779579264649,-0.012204207353510022,1.2401270901956054,5.142932300301709,4.914483290501982,True,True,,,,,,,,,,,,,,,,,,,,,,,,,,,,,0
s9_k5op_b_s00_pos1_tap0_mc108_cpl0_rp4p91359279791_rn4p87505767384_f12370_f21100_a0_dac1p25,K5OP,B,0,0.005,1,0,108,ac,0.0,0.0,0,1.25,0,4.913592797910243,4.875057673836121,40.0,2370.0,1100.0,,0,,,,,,,,,,,-50.129385607473594,-50.0,0.25877121494719546,1.2856196263782862,0.035619626378286195,1.2786942984134253,5.356142510581904,4.901579404566398,True,True,,,,,,,,,,,,,,,,,,,,,,,,,,,,,0
s9_k5op_b_s00_pos1_tap0_mc109_cpl0_rp4p82924750101_rn4p86687646339_f12370_f21100_a0_dac1p25,K5OP,B,0,0.005,1,0,109,ac,0.0,0.0,0,1.25,0,4.8292475010116025,4.866876463390133,40.0,2370.0,1100.0,,0,,,,,,,,,,,-50.20738049998696,-50.0,0.4147609999739288,1.3881431742988652,0.13814317429886525,1.3604579829419738,5.80526079271986,4.700088082706601,True,True,,,,,,,,,,,,,,,,,,,,,,,,,,,,,0
s9_k5op_b_s00_pos1_tap0_mc10_cpl0_rp4p80977508378_rn4p87988575949_f12370_f21100_a0_dac1p25,K5OP,B,0,0.005,1,0,10,ac,0.0,0.0,0,1.25,0,4.809775083776429,4.879885759487983,40.0,2370.0,1100.0,,0,,,,,,,,,,,-50.09754711463143,-50.0,0.195094229262871,1.2844773852785745,0.03447738527857447,1.2781026369275337,5.290629499152168,4.894871410057875,True,True,,,,,,,,,,,,,,,,,,,,,,,,,,,,,0
s9_k5op_b_s00_pos1_tap0_mc110_cpl0_rp4p99198766562_rn4p92434456387_f12370_f21100_a0_dac1p25,K5OP,B,0,0.005,1,0,110,ac,0.0,0.0,0,1.25,0,4.9919876656183435,4.924344563871135,40.0,2370.0,1100.0,,0,,,,,,,,,,,-49.86024603629069,-50.0,-0.27950792741862074,1.26046063774273,0.010460637742730095,1.2583530624191326,5.301551663023494,4.913023803537344,True,True,,,,,,,,,,,,,,,,,,,,,,,,,,,,,0
s9_k5op_b_s00_pos1_tap0_mc111_cpl0_rp4p82611353312_rn4p86150940778_f12370_f21100_a0_dac1p25,K5OP,B,0,0.005,1,0,111,ac,0.0,0.0,0,1.25,0,4.826113533124238,4.861509407777478,40.0,2370.0,1100.0,,0,,,,,,,,,,,-50.838315989389926,-50.0,1.6766319787798523,1.3129699152897427,0.06296991528974272,1.3002977785161456,5.510037218396489,4.893473321118548,True,True,,,,,,,,,,,,,,,,,,,,,,,,,,,,,0
s9_k5op_b_s00_pos1_tap0_mc112_cpl0_rp4p88511874725_rn4p980220806_f12370_f21100_a0_dac1p25,K5OP,B,0,0.005,1,0,112,ac,0.0,0.0,0,1.25,0,4.885118747254004,4.980220805996054,40.0,2370.0,1100.0,,0,,,,,,,,,,,-49.63420853447919,-50.0,-0.7315829310416189,1.3982924878297098,0.14829248782970983,1.3689135095760445,5.8308292476021375,4.644486257078154,True,True,,,,,,,,,,,,,,,,,,,,,,,,,,,,,0
s9_k5op_b_s00_pos1_tap0_mc113_cpl0_rp4p90002746548_rn4p85282848452_f12370_f21100_a0_dac1p25,K5OP,B,0,0.005,1,0,113,ac,0.0,0.0,0,1.25,0,4.900027465477874,4.852828484519198,40.0,2370.0,1100.0,,0,,,,,,,,,,,-50.26738694896115,-50.0,0.5347738979223138,1.2448706385670618,-0.005129361432938184,1.2458645008655371,5.188845999373742,4.9138911321407255,True,True,,,,,,,,,,,,,,,,,,,,,,,,,,,,,0
s9_k5op_b_s00_pos1_tap0_mc114_cpl0_rp4p93365385003_rn4p86413831942_f12370_f21100_a0_dac1p25,K5OP,B,0,0.005,1,0,114,ac,0.0,0.0,0,1.25,0,4.93365385002722,4.864138319422693,40.0,2370.0,1100.0,,0,,,,,,,,,,,-49.595381854004025,-50.0,-0.8092362919919549,1.1193427253701658,-0.13065727462983423,1.145150267529055,4.711152052018502,4.932317080160428,True,True,,,,,,,,,,,,,,,,,,,,,,,,,,,,,0
s9_k5op_b_s00_pos1_tap0_mc115_cpl0_rp4p81012700746_rn4p84166406041_f12370_f21100_a0_dac1p25,K5OP,B,0,0.005,1,0,115,ac,0.0,0.0,0,1.25,0,4.810127007461495,4.841664060408574,40.0,2370.0,1100.0,,0,,,,,,,,,,,-49.00964931285223,-50.0,-1.9807013742955348,1.2019931357349953,-0.04800686426500467,1.2108549819788235,4.958789686616488,4.919628932787523,True,True,,,,,,,,,,,,,,,,,,,,,,,,,,,,,0
s9_k5op_b_s00_pos1_tap0_mc116_cpl0_rp4p92258035934_rn4p98840519069_f12370_f21100_a0_dac1p25,K5OP,B,0,0.005,1,0,116,ac,0.0,0.0,0,1.25,0,4.922580359338926,4.988405190694473,40.0,2370.0,1100.0,,0,,,,,,,,,,,-49.69183085207662,-50.0,-0.6163382958467634,1.1064573420369639,-0.1435426579630361,1.1345140730794276,4.646198460041186,4.933182790716456,True,True,,,,,,,,,,,,,,,,,,,,,,,,,,,,,0
s9_k5op_b_s00_pos1_tap0_mc117_cpl0_rp4p96130097874_rn4p9181603723_f12370_f21100_a0_dac1p25,K5OP,B,0,0.005,1,0,117,ac,0.0,0.0,0,1.25,0,4.961300978744207,4.918160372304763,40.0,2370.0,1100.0,,0,,,,,,,,,,,-50.49684795697784,-50.0,0.9936959139556834,1.2988664643868046,0.04886646438680464,1.2890533228566745,5.450822775005317,4.900360080283981,True,True,,,,,,,,,,,,,,,,,,,,,,,,,,,,,0
s9_k5op_b_s00_pos1_tap0_mc118_cpl0_rp4p86723481232_rn4p91570768746_f12370_f21100_a0_dac1p25,K5OP,B,0,0.005,1,0,118,ac,0.0,0.0,0,1.25,0,4.867234812322484,4.9157076874611025,40.0,2370.0,1100.0,,0,,,,,,,,,,,-49.355628203846535,-50.0,-1.288743592306929,1.2214223917879368,-0.028577608212063232,1.226884836093094,5.078209722927383,4.917983241609085,True,True,,,,,,,,,,,,,,,,,,,,,,,,,,,,,0
s9_k5op_b_s00_pos1_tap0_mc119_cpl0_rp4p90847958678_rn4p94708902258_f12370_f21100_a0_dac1p25,K5OP,B,0,0.005,1,0,119,ac,0.0,0.0,0,1.25,0,4.9084795867817945,4.947089022579152,40.0,2370.0,1100.0,,0,,,,,,,,,,,-49.540663589939804,-50.0,-0.918672820120392,1.2212317663839343,-0.02876823361606573,1.2269811106192283,5.133945781808533,4.920362339217433,True,True,,,,,,,,,,,,,,,,,,,,,,,,,,,,,0
s9_k5op_b_s00_pos1_tap0_mc11_cpl0_rp4p81403429595_rn4p86073426048_f12370_f21100_a0_dac1p25,K5OP,B,0,0.005,1,0,11,ac,0.0,0.0,0,1.25,0,4.814034295954164,4.860734260482612,40.0,2370.0,1100.0,,0,,,,,,,,,,,-49.0565431690726,-50.0,-1.8869136618548055,1.1392512454698398,-0.1107487545301602,1.1618628671058824,4.834516897152335,4.9313990760388435,True,True,,,,,,,,,,,,,,,,,,,,,,,,,,,,,0
s9_k5op_b_s00_pos1_tap0_mc120_cpl0_rp4p93906018383_rn4p85236494221_f12370_f21100_a0_dac1p25,K5OP,B,0,0.005,1,0,120,ac,0.0,0.0,0,1.25,0,4.939060183833369,4.852364942205818,40.0,2370.0,1100.0,,0,,,,,,,,,,,-50.204085535563436,-50.0,0.4081710711268727,1.4166871073243357,0.16668710732433567,1.3822119210268102,5.961927905738607,4.62842981685779,True,True,,,,,,,,,,,,,,,,,,,,,,,,,,,,,0
s9_k5op_b_s00_pos1_tap0_mc121_cpl0_rp4p82168351776_rn4p88631659153_f12370_f21100_a0_dac1p25,K5OP,B,0,0.005,1,0,121,ac,0.0,0.0,0,1.25,0,4.821683517762753,4.886316591525253,40.0,2370.0,1100.0,,0,,,,,,,,,,,-49.754333751659274,-50.0,-0.4913324966814514,1.1922226592049512,-0.057777340795048815,1.202851359819947,4.915695092103757,4.921090566238515,True,True,,,,,,,,,,,,,,,,,,,,,,,,,,,,,0
s9_k5op_b_s00_pos1_tap0_mc122_cpl0_rp4p87332779102_rn4p98320984985_f12370_f21100_a0_dac1p25,K5OP,B,0,0.005,1,0,122,ac,0.0,0.0,0,1.25,0,4.87332779101636,4.983209849847075,40.0,2370.0,1100.0,,0,,,,,,,,,,,-50.33995476046993,-50.0,0.6799095209398587,1.204871441518786,-0.045128558481214,1.2140861121892328,5.09710835652834,4.923950776097732,True,True,,,,,,,,,,,,,,,,,,,,,,,,,,,,,0
s9_k5op_b_s00_pos1_tap0_mc123_cpl0_rp4p93802185779_rn4p87359583326_f12370_f21100_a0_dac1p25,K5OP,B,0,0.005,1,0,123,ac,0.0,0.0,0,1.25,0,4.938021857791068,4.873595833259847,40.0,2370.0,1100.0,,0,,,,,,,,,,,-50.79795536104381,-50.0,1.5959107220876234,1.3577596683914375,0.10775966839143747,1.3363850483235868,5.670262544212161,4.806450404887887,True,True,,,,,,,,,,,,,,,,,,,,,,,,,,,,,0
s9_k5op_b_s00_pos1_tap0_mc124_cpl0_rp4p93182421472_rn4p96637895535_f12370_f21100_a0_dac1p25,K5OP,B,0,0.005,1,0,124,ac,0.0,0.0,0,1.25,0,4.931824214724982,4.966378955354066,40.0,2370.0,1100.0,,0,,,,,,,,,,,-50.226107817055166,-50.0,0.45221563411033117,1.4419528836517508,0.19195288365175078,1.4055339983981496,5.951257724126448,4.4156346549124805,False,True,,,,,,,,,,,,,,,,,,,,,,,,,,,,,0
s9_k5op_b_s00_pos1_tap0_mc125_cpl0_rp4p85982138726_rn4p95505701389_f12370_f21100_a0_dac1p25,K5OP,B,0,0.005,1,0,125,ac,0.0,0.0,0,1.25,0,4.859821387255269,4.955057013894097,40.0,2370.0,1100.0,,0,,,,,,,,,,,-49.837840686504094,-50.0,-0.32431862699181524,1.239284775286979,-0.01071522471302111,1.2414270805307983,5.206686114433712,4.917123241559013,True,True,,,,,,,,,,,,,,,,,,,,,,,,,,,,,0
s9_k5op_b_s00_pos1_tap0_mc126_cpl0_rp4p86915861907_rn4p92980098716_f12370_f21100_a0_dac1p25,K5OP,B,0,0.005,1,0,126,ac,0.0,0.0,0,1.25,0,4.869158619071663,4.929800987164194,40.0,2370.0,1100.0,,0,,,,,,,,,,,-50.15777214429029,-50.0,0.3155442885805826,1.361184581604189,0.11118458160418898,1.339532374764683,5.660452127877061,4.7705987976250475,True,True,,,,,,,,,,,,,,,,,,,,,,,,,,,,,0
s9_k5op_b_s00_pos1_tap0_mc127_cpl0_rp4p94799692892_rn4p89786034915_f12370_f21100_a0_dac1p25,K5OP,B,0,0.005,1,0,127,ac,0.0,0.0,0,1.25,0,4.947996928921808,4.897860349152504,40.0,2370.0,1100.0,,0,,,,,,,,,,,-49.924625021191545,-50.0,-0.15074995761691357,1.3695410845881293,0.11954108458812929,1.3464085709128422,5.6859228448434695,4.729516614281601,True,True,,,,,,,,,,,,,,,,,,,,,,,,,,,,,0
s9_k5op_b_s00_pos1_tap0_mc128_cpl0_rp4p896603987_rn4p82852263541_f12370_f21100_a0_dac1p25,K5OP,B,0,0.005,1,0,128,ac,0.0,0.0,0,1.25,0,4.896603987000213,4.828522635408777,40.0,2370.0,1100.0,,0,,,,,,,,,,,-50.45487058023878,-50.0,0.9097411604775729,1.3071488337493118,0.05714883374931179,1.2959750554789131,5.44936340687674,4.891286366531278,True,True,,,,,,,,,,,,,,,,,,,,,,,,,,,,,0
s9_k5op_b_s00_pos1_tap0_mc129_cpl0_rp4p81174207234_rn4p89100641234_f12370_f21100_a0_dac1p25,K5OP,B,0,0.005,1,0,129,ac,0.0,0.0,0,1.25,0,4.81174207233888,4.891006412336964,40.0,2370.0,1100.0,,0,,,,,,,,,,,-49.97554646837043,-50.0,-0.048907063259140404,1.165058122766933,-0.08494187723306701,1.181350910918203,4.857036835459615,4.9265953725773795,True,True,,,,,,,,,,,,,,,,,,,,,,,,,,,,,0
s9_k5op_b_s00_pos1_tap0_mc12_cpl0_rp4p91919084993_rn4p83952044191_f12370_f21100_a0_dac1p25,K5OP,B,0,0.005,1,0,12,ac,0.0,0.0,0,1.25,0,4.9191908499269505,4.839520441911695,40.0,2370.0,1100.0,,0,,,,,,,,,,,-49.84501342968128,-50.0,-0.30997314063744286,1.3002889713358583,0.0502889713358583,1.2901822674407284,5.457546155557106,4.899833479969873,True,True,,,,,,,,,,,,,,,,,,,,,,,,,,,,,0
s9_k5op_b_s00_pos1_tap0_mc130_cpl0_rp4p85501338975_rn4p96252654024_f12370_f21100_a0_dac1p25,K5OP,B,0,0.005,1,0,130,ac,0.0,0.0,0,1.25,0,4.85501338974774,4.962526540242999,40.0,2370.0,1100.0,,0,,,,,,,,,,,-51.15595145756213,-50.0,2.3119029151242643,1.2036026207635018,-0.046397379236498226,1.212734395667487,5.043602288306639,4.92237597761307,True,True,,,,,,,,,,,,,,,,,,,,,,,,,,,,,0
s9_k5op_b_s00_pos1_tap0_mc131_cpl0_rp4p8967242161_rn4p94469868095_f12370_f21100_a0_dac1p25,K5OP,B,0,0.005,1,0,131,ac,0.0,0.0,0,1.25,0,4.8967242160962146,4.944698680946013,40.0,2370.0,1100.0,,0,,,,,,,,,,,-50.04706755037391,-50.0,0.0941351007478275,1.3007477367710596,0.05074773677105959,1.2903423424817568,5.486285900389834,4.902429110136669,True,True,,,,,,,,,,,,,,,,,,,,,,,,,,,,,0
s9_k5op_b_s00_pos1_tap0_mc132_cpl0_rp4p80935322722_rn4p97553544082_f12370_f21100_a0_dac1p25,K5OP,B,0,0.005,1,0,132,ac,0.0,0.0,0,1.25,0,4.8093532272229425,4.975535440822829,40.0,2370.0,1100.0,,0,,,,,,,,,,,-50.845790559481685,-50.0,1.69158111896337,1.2653186217272905,0.015318621727290482,1.2621592749600976,5.352561300124574,4.913745294974014,True,True,,,,,,,,,,,,,,,,,,,,,,,,,,,,,0
s9_k5op_b_s00_pos1_tap0_mc133_cpl0_rp4p91180058942_rn4p9663359003_f12370_f21100_a0_dac1p25,K5OP,B,0,0.005,1,0,133,ac,0.0,0.0,0,1.25,0,4.911800589417648,4.966335900304529,40.0,2370.0,1100.0,,0,,,,,,,,,,,-49.934427305431406,-50.0,-0.13114538913718832,1.356212113133856,0.10621211313385603,1.3355019203063496,5.6421684093751185,4.791568150408248,True,True,,,,,,,,,,,,,,,,,,,,,,,,,,,,,0
s9_k5op_b_s00_pos1_tap0_mc134_cpl0_rp4p84727441152_rn4p93179886146_f12370_f21100_a0_dac1p25,K5OP,B,0,0.005,1,0,134,ac,0.0,0.0,0,1.25,0,4.847274411519917,4.931798861456543,40.0,2370.0,1100.0,,0,,,,,,,,,,,-49.65350340907726,-50.0,-0.6929931818454804,1.2589062377219595,0.008906237721959531,1.2571924136454655,5.236410149860658,4.909732809736278,True,True,,,,,,,,,,,,,,,,,,,,,,,,,,,,,0
s9_k5op_b_s00_pos1_tap0_mc135_cpl0_rp4p96566735305_rn4p98672133428_f12370_f21100_a0_dac1p25,K5OP,B,0,0.005,1,0,135,ac,0.0,0.0,0,1.25,0,4.965667353051266,4.98672133428323,40.0,2370.0,1100.0,,0,,,,,,,,,,,-49.79926517633126,-50.0,-0.40146964733748236,1.3608675003036754,0.11086750030367543,1.339415826394996,5.651088384324677,4.763861452707936,True,True,,,,,,,,,,,,,,,,,,,,,,,,,,,,,0
s9_k5op_b_s00_pos1_tap0_mc136_cpl0_rp4p95839821386_rn4p99312383553_f12370_f21100_a0_dac1p25,K5OP,B,0,0.005,1,0,136,ac,0.0,0.0,0,1.25,0,4.95839821385987,4.993123835529475,40.0,2370.0,1100.0,,0,,,,,,,,,,,-51.04985897687708,-50.0,2.0997179537541655,1.1734409249599107,-0.0765590750400893,1.188116335080146,4.889773270134519,4.925466555766645,True,True,,,,,,,,,,,,,,,,,,,,,,,,,,,,,0
s9_k5op_b_s00_pos1_tap0_mc137_cpl0_rp4p87926539564_rn4p96140284038_f12370_f21100_a0_dac1p25,K5OP,B,0,0.005,1,0,137,ac,0.0,0.0,0,1.25,0,4.879265395643575,4.961402840377342,40.0,2370.0,1100.0,,0,,,,,,,,,,,-50.023328112380746,-50.0,0.04665622476149878,1.3709901258976975,0.12099012589769753,1.3481287782555484,5.662446752008162,4.694503503724082,True,True,,,,,,,,,,,,,,,,,,,,,,,,,,,,,0
s9_k5op_b_s00_pos1_tap0_mc138_cpl0_rp4p97932660215_rn4p9286091668_f12370_f21100_a0_dac1p25,K5OP,B,0,0.005,1,0,138,ac,0.0,0.0,0,1.25,0,4.979326602154579,4.9286091668046845,40.0,2370.0,1100.0,,0,,,,,,,,,,,-48.6849627933017,-50.0,-2.630074413396599,1.2144658775009136,-0.035534122499086385,1.2213908184278188,5.074486506353015,4.920216247331614,True,True,,,,,,,,,,,,,,,,,,,,,,,,,,,,,0
s9_k5op_b_s00_pos1_tap0_mc139_cpl0_rp4p90121338316_rn4p97484744683_f12370_f21100_a0_dac1p25,K5OP,B,0,0.005,1,0,139,ac,0.0,0.0,0,1.25,0,4.901213383164669,4.974847446832431,40.0,2370.0,1100.0,,0,,,,,,,,,,,-49.57977184398388,-50.0,-0.840456312032245,1.3542350927662592,0.1042350927662592,1.3345149126952354,5.596942049549138,4.76278800086806,True,True,,,,,,,,,,,,,,,,,,,,,,,,,,,,,0
s9_k5op_b_s00_pos1_tap0_mc13_cpl0_rp4p91427790823_rn4p93463710581_f12370_f21100_a0_dac1p25,K5OP,B,0,0.005,1,0,13,ac,0.0,0.0,0,1.25,0,4.914277908230624,4.934637105812456,40.0,2370.0,1100.0,,0,,,,,,,,,,,-50.93018275802219,-50.0,1.8603655160443822,1.444015874457364,0.1940158744573639,1.4055377389003603,6.015092163681954,4.462965168023056,False,True,,,,,,,,,,,,,,,,,,,,,,,,,,,,,0
s9_k5op_b_s00_pos1_tap0_mc140_cpl0_rp4p85254918843_rn4p8502021529_f12370_f21100_a0_dac1p25,K5OP,B,0,0.005,1,0,140,ac,0.0,0.0,0,1.25,0,4.8525491884265115,4.8502021528972366,40.0,2370.0,1100.0,,0,,,,,,,,,,,-50.42148851785999,-50.0,0.8429770357199828,1.168560937488706,-0.08143906251129396,1.1848205782488241,4.921974603615141,4.92751951075841,True,True,,,,,,,,,,,,,,,,,,,,,,,,,,,,,0
s9_k5op_b_s00_pos1_tap0_mc141_cpl0_rp4p89492282845_rn4p91685348832_f12370_f21100_a0_dac1p25,K5OP,B,0,0.005,1,0,141,ac,0.0,0.0,0,1.25,0,4.894922828448854,4.91685348831504,40.0,2370.0,1100.0,,0,,,,,,,,,,,-49.64704834128586,-50.0,-0.7059033174282803,1.3200140758996968,0.07001407589969677,1.3067314754848396,5.46340674998949,4.8695021772560265,True,True,,,,,,,,,,,,,,,,,,,,,,,,,,,,,0
s9_k5op_b_s00_pos1_tap0_mc142_cpl0_rp4p90395176581_rn4p87504253596_f12370_f21100_a0_dac1p25,K5OP,B,0,0.005,1,0,142,ac,0.0,0.0,0,1.25,0,4.90395176580954,4.875042535962196,40.0,2370.0,1100.0,,0,,,,,,,,,,,-49.535022474782586,-50.0,-0.9299550504348275,1.115783162758749,-0.1342168372412511,1.1405726183391889,4.6145920742399085,4.930757412253213,True,True,,,,,,,,,,,,,,,,,,,,,,,,,,,,,0
s9_k5op_b_s00_pos1_tap0_mc143_cpl0_rp4p90228050802_rn4p95802414624_f12370_f21100_a0_dac1p25,K5OP,B,0,0.005,1,0,143,ac,0.0,0.0,0,1.25,0,4.902280508021619,4.958024146237914,40.0,2370.0,1100.0,,0,,,,,,,,,,,-50.170150410666636,-50.0,0.34030082133327255,1.3419691184856126,0.09196911848561262,1.3244193759480614,5.558329803048657,4.81946982212825,True,True,,,,,,,,,,,,,,,,,,,,,,,,,,,,,0
s9_k5op_b_s00_pos1_tap0_mc144_cpl0_rp4p83676342514_rn4p8647450437_f12370_f21100_a0_dac1p25,K5OP,B,0,0.005,1,0,144,ac,0.0,0.0,0,1.25,0,4.836763425135522,4.8647450436974164,40.0,2370.0,1100.0,,0,,,,,,,,,,,-49.17758864832366,-50.0,-1.6448227033526774,1.1222816178592898,-0.12771838214071018,1.147065879064788,4.700393640354875,4.931529575052989,True,True,,,,,,,,,,,,,,,,,,,,,,,,,,,,,0
s9_k5op_b_s00_pos1_tap0_mc145_cpl0_rp4p86558931643_rn4p98929888802_f12370_f21100_a0_dac1p25,K5OP,B,0,0.005,1,0,145,ac,0.0,0.0,0,1.25,0,4.865589316433562,4.989298888021306,40.0,2370.0,1100.0,,0,,,,,,,,,,,-49.24685179631627,-50.0,-1.5062964073674578,1.2008573603686188,-0.04914263963138121,1.2105124889203256,5.030375400041123,4.92273865986429,True,True,,,,,,,,,,,,,,,,,,,,,,,,,,,,,0
s9_k5op_b_s00_pos1_tap0_mc146_cpl0_rp4p95031265862_rn4p85034969278_f12370_f21100_a0_dac1p25,K5OP,B,0,0.005,1,0,146,ac,0.0,0.0,0,1.25,0,4.950312658622311,4.850349692781062,40.0,2370.0,1100.0,,0,,,,,,,,,,,-49.07503435089166,-50.0,-1.8499312982166782,1.2385710908424203,-0.011428909157579659,1.2408024492526017,5.173219249423045,4.915841539948074,True,True,,,,,,,,,,,,,,,,,,,,,,,,,,,,,0
s9_k5op_b_s00_pos1_tap0_mc147_cpl0_rp4p83980621356_rn4p97330543168_f12370_f21100_a0_dac1p25,K5OP,B,0,0.005,1,0,147,ac,0.0,0.0,0,1.25,0,4.839806213564023,4.973305431679933,40.0,2370.0,1100.0,,0,,,,,,,,,,,-49.43982971903793,-50.0,-1.120340561924138,1.2486075479303347,-0.0013924520696653175,1.2488699108838364,5.169507633799064,4.910850083042966,True,True,,,,,,,,,,,,,,,,,,,,,,,,,,,,,0
s9_k5op_b_s00_pos1_tap0_mc148_cpl0_rp4p88631761595_rn4p9856822019_f12370_f21100_a0_dac1p25,K5OP,B,0,0.005,1,0,148,ac,0.0,0.0,0,1.25,0,4.886317615952683,4.985682201896054,40.0,2370.0,1100.0,,0,,,,,,,,,,,-49.746006712441115,-50.0,-0.5079865751177692,1.437392871506902,0.18739287150690198,1.399858206188795,6.001536529153569,4.502393557098366,True,True,,,,,,,,,,,,,,,,,,,,,,,,,,,,,0
s9_k5op_b_s00_pos1_tap0_mc149_cpl0_rp4p99245108005_rn4p94455573913_f12370_f21100_a0_dac1p25,K5OP,B,0,0.005,1,0,149,ac,0.0,0.0,0,1.25,0,4.992451080053054,4.9445557391309505,40.0,2370.0,1100.0,,0,,,,,,,,,,,-48.886877140790205,-50.0,-2.226245718419595,1.2716709137830091,0.021670913783009116,1.2674056076753384,5.315908602997229,4.908053626180317,True,True,,,,,,,,,,,,,,,,,,,,,,,,,,,,,0
s9_k5op_b_s00_pos1_tap0_mc14_cpl0_rp4p82902472704_rn4p81684089148_f12370_f21100_a0_dac1p25,K5OP,B,0,0.005,1,0,14,ac,0.0,0.0,0,1.25,0,4.829024727041403,4.816840891477387,40.0,2370.0,1100.0,,0,,,,,,,,,,,-49.36997408226951,-50.0,-1.2600518354609846,1.2534771564476628,0.003477156447662777,1.2528016350462672,5.22659937209043,4.9119314904559355,True,True,,,,,,,,,,,,,,,,,,,,,,,,,,,,,0
s9_k5op_b_s00_pos1_tap0_mc150_cpl0_rp4p89777934343_rn4p96419270372_f12370_f21100_a0_dac1p25,K5OP,B,0,0.005,1,0,150,ac,0.0,0.0,0,1.25,0,4.897779343429821,4.96419270371882,40.0,2370.0,1100.0,,0,,,,,,,,,,,-49.38387868432592,-50.0,-1.2322426313481571,1.3838469935771491,0.13384699357714913,1.3591915920646604,5.6837456673729285,4.612969439581934,True,True,,,,,,,,,,,,,,,,,,,,,,,,,,,,,0
s9_k5op_b_s00_pos1_tap0_mc151_cpl0_rp4p84213760085_rn4p9569401187_f12370_f21100_a0_dac1p25,K5OP,B,0,0.005,1,0,151,ac,0.0,0.0,0,1.25,0,4.842137600852539,4.95694011870484,40.0,2370.0,1100.0,,0,,,,,,,,,,,-51.30429070397513,-50.0,2.608581407950261,1.187919542800352,-0.062080457199648054,1.1999891566139391,4.965305908405904,4.924076800070173,True,True,,,,,,,,,,,,,,,,,,,,,,,,,,,,,0
s9_k5op_b_s00_pos1_tap0_mc152_cpl0_rp4p83377326818_rn4p84127069443_f12370_f21100_a0_dac1p25,K5OP,B,0,0.005,1,0,152,ac,0.0,0.0,0,1.25,0,4.833773268184968,4.841270694425295,40.0,2370.0,1100.0,,0,,,,,,,,,,,-49.68422439316944,-50.0,-0.6315512136611301,1.1591928722536744,-0.0908071277463256,1.1766215657290686,4.834346775595,4.927293609191989,True,True,,,,,,,,,,,,,,,,,,,,,,,,,,,,,0
s9_k5op_b_s00_pos1_tap0_mc153_cpl0_rp4p84761410021_rn4p99185717144_f12370_f21100_a0_dac1p25,K5OP,B,0,0.005,1,0,153,ac,0.0,0.0,0,1.25,0,4.847614100209813,4.991857171435159,40.0,2370.0,1100.0,,0,,,,,,,,,,,-49.838783487141654,-50.0,-0.3224330257166952,1.277559174023682,0.02755917402368202,1.2722818384671208,5.304984475559438,4.9030475699167075,True,True,,,,,,,,,,,,,,,,,,,,,,,,,,,,,0
s9_k5op_b_s00_pos1_tap0_mc154_cpl0_rp4p80524095525_rn4p98943494655_f12370_f21100_a0_dac1p25,K5OP,B,0,0.005,1,0,154,ac,0.0,0.0,0,1.25,0,4.805240955247534,4.989434946553245,40.0,2370.0,1100.0,,0,,,,,,,,,,,-49.68672629807713,-50.0,-0.6265474038457342,1.3701472698644621,0.12014726986446211,1.3470209846863213,5.681716805198855,4.720482872844391,True,True,,,,,,,,,,,,,,,,,,,,,,,,,,,,,0
s9_k5op_b_s00_pos1_tap0_mc155_cpl0_rp4p9900527303_rn4p84754466055_f12370_f21100_a0_dac1p25,K5OP,B,0,0.005,1,0,155,ac,0.0,0.0,0,1.25,0,4.990052730299024,4.847544660549819,40.0,2370.0,1100.0,,0,,,,,,,,,,,-49.545922821208066,-50.0,-0.908154357583868,1.2359931046018993,-0.014006895398100738,1.2386171473277139,5.112181334549291,4.9136458826019735,True,True,,,,,,,,,,,,,,,,,,,,,,,,,,,,,0
s9_k5op_b_s00_pos1_tap0_mc156_cpl0_rp4p92979378923_rn4p83412639373_f12370_f21100_a0_dac1p25,K5OP,B,0,0.005,1,0,156,ac,0.0,0.0,0,1.25,0,4.9297937892303265,4.834126393733247,40.0,2370.0,1100.0,,0,,,,,,,,,,,-50.44075140262283,-50.0,0.8815028052456597,1.2605512144045605,0.010551214404560527,1.258399826175334,5.317921232473967,4.913940963332734,True,True,,,,,,,,,,,,,,,,,,,,,,,,,,,,,0
s9_k5op_b_s00_pos1_tap0_mc157_cpl0_rp4p85705755482_rn4p97314747879_f12370_f21100_a0_dac1p25,K5OP,B,0,0.005,1,0,157,ac,0.0,0.0,0,1.25,0,4.857057554822637,4.973147478791156,40.0,2370.0,1100.0,,0,,,,,,,,,,,-49.18251734103984,-50.0,-1.6349653179203227,1.3801657360937944,0.13016573609379445,1.3547165153360712,5.741387582120295,4.7000345901088165,True,True,,,,,,,,,,,,,,,,,,,,,,,,,,,,,0
s9_k5op_b_s00_pos1_tap0_mc158_cpl0_rp4p85315207368_rn4p87249143015_f12370_f21100_a0_dac1p25,K5OP,B,0,0.005,1,0,158,ac,0.0,0.0,0,1.25,0,4.85315207367575,4.872491430145047,40.0,2370.0,1100.0,,0,,,,,,,,,,,-49.9903168359328,-50.0,-0.01936632813439587,1.444255578444662,0.194255578444662,1.405129898413196,6.0363142865898585,4.482269659032551,False,True,,,,,,,,,,,,,,,,,,,,,,,,,,,,,0
s9_k5op_b_s00_pos1_tap0_mc159_cpl0_rp4p82823981138_rn4p82199598699_f12370_f21100_a0_dac1p25,K5OP,B,0,0.005,1,0,159,ac,0.0,0.0,0,1.25,0,4.828239811383179,4.8219959869925875,40.0,2370.0,1100.0,,0,,,,,,,,,,,-50.73380934130345,-50.0,1.467618682606897,1.2346238580726798,-0.015376141927320175,1.2376940250701267,5.186336132662532,4.917933627852024,True,True,,,,,,,,,,,,,,,,,,,,,,,,,,,,,0
s9_k5op_b_s00_pos1_tap0_mc15_cpl0_rp4p93539662469_rn4p87853197466_f12370_f21100_a0_dac1p25,K5OP,B,0,0.005,1,0,15,ac,0.0,0.0,0,1.25,0,4.935396624694563,4.878531974660734,40.0,2370.0,1100.0,,0,,,,,,,,,,,-49.57722443638346,-50.0,-0.8455511272330796,1.2119461761108068,-0.038053823889193206,1.219441256560388,5.07791010702867,4.92117493738878,True,True,,,,,,,,,,,,,,,,,,,,,,,,,,,,,0
s9_k5op_b_s00_pos1_tap0_mc160_cpl0_rp4p91628999036_rn4p83085327092_f12370_f21100_a0_dac1p25,K5OP,B,0,0.005,1,0,160,ac,0.0,0.0,0,1.25,0,4.916289990358626,4.830853270917888,40.0,2370.0,1100.0,,0,,,,,,,,,,,-49.508745899120576,-50.0,-0.9825082017588471,1.4267474693439917,0.17674746934399166,1.3934700632989903,5.881165968019451,4.467186213267479,False,True,,,,,,,,,,,,,,,,,,,,,,,,,,,,,0
s9_k5op_b_s00_pos1_tap0_mc161_cpl0_rp4p98717834767_rn4p90662045163_f12370_f21100_a0_dac1p25,K5OP,B,0,0.005,1,0,161,ac,0.0,0.0,0,1.25,0,4.987178347672382,4.9066204516289975,40.0,2370.0,1100.0,,0,,,,,,,,,,,-49.46350957686807,-50.0,-1.0729808462638601,1.4120049410474256,0.16200494104742558,1.381971268876989,5.803844650843102,4.507805122463735,True,True,,,,,,,,,,,,,,,,,,,,,,,,,,,,,0
s9_k5op_b_s00_pos1_tap0_mc162_cpl0_rp4p92572995358_rn4p92617839895_f12370_f21100_a0_dac1p25,K5OP,B,0,0.005,1,0,162,ac,0.0,0.0,0,1.25,0,4.925729953575903,4.926178398948278,40.0,2370.0,1100.0,,0,,,,,,,,,,,-49.18059533744579,-50.0,-1.6388093251084257,1.1776234196866258,-0.07237658031337424,1.1917469254937765,4.928787131803475,4.925631505908706,True,True,,,,,,,,,,,,,,,,,,,,,,,,,,,,,0
s9_k5op_b_s00_pos1_tap0_mc163_cpl0_rp4p84565866856_rn4p85953130541_f12370_f21100_a0_dac1p25,K5OP,B,0,0.005,1,0,163,ac,0.0,0.0,0,1.25,0,4.845658668562648,4.859531305409868,40.0,2370.0,1100.0,,0,,,,,,,,,,,-50.991837070084586,-50.0,1.9836741401691782,1.1853800667658756,-0.0646199332341244,1.1978491781375726,4.945728175794349,4.924105568068388,True,True,,,,,,,,,,,,,,,,,,,,,,,,,,,,,0
s9_k5op_b_s00_pos1_tap0_mc164_cpl0_rp4p90468991922_rn4p86306893025_f12370_f21100_a0_dac1p25,K5OP,B,0,0.005,1,0,164,ac,0.0,0.0,0,1.25,0,4.904689919223663,4.8630689302496535,40.0,2370.0,1100.0,,0,,,,,,,,,,,-49.79835920156938,-50.0,-0.403281596861238,1.2648930417818833,0.014893041781883332,1.262100585512653,5.228807607719675,4.9053987346355346,True,True,,,,,,,,,,,,,,,,,,,,,,,,,,,,,0
s9_k5op_b_s00_pos1_tap0_mc165_cpl0_rp4p89668701226_rn4p92646031675_f12370_f21100_a0_dac1p25,K5OP,B,0,0.005,1,0,165,ac,0.0,0.0,0,1.25,0,4.896687012261691,4.926460316752722,40.0,2370.0,1100.0,,0,,,,,,,,,,,-49.13216763531736,-50.0,-1.7356647293652827,1.140522350930048,-0.10947764906995205,1.1605547043195161,4.702730089132626,4.927954396360522,True,True,,,,,,,,,,,,,,,,,,,,,,,,,,,,,0
s9_k5op_b_s00_pos1_tap0_mc166_cpl0_rp4p96004529087_rn4p90829612998_f12370_f21100_a0_dac1p25,K5OP,B,0,0.005,1,0,166,ac,0.0,0.0,0,1.25,0,4.96004529086772,4.908296129984379,40.0,2370.0,1100.0,,0,,,,,,,,,,,-49.379540049139244,-50.0,-1.2409199017215156,1.2142271718286914,-0.03577282817130856,1.2211446788240585,5.063777722091043,4.919923250659392,True,True,,,,,,,,,,,,,,,,,,,,,,,,,,,,,0
s9_k5op_b_s00_pos1_tap0_mc167_cpl0_rp4p98561720724_rn4p94842851895_f12370_f21100_a0_dac1p25,K5OP,B,0,0.005,1,0,167,ac,0.0,0.0,0,1.25,0,4.985617207244762,4.948428518954744,40.0,2370.0,1100.0,,0,,,,,,,,,,,-50.77437449861222,-50.0,1.5487489972244362,1.2068840685126594,-0.04311593148734061,1.2153391549003902,5.052074560016495,4.921737423075118,True,True,,,,,,,,,,,,,,,,,,,,,,,,,,,,,0
s9_k5op_b_s00_pos1_tap0_mc168_cpl0_rp4p86230494424_rn4p88092825475_f12370_f21100_a0_dac1p25,K5OP,B,0,0.005,1,0,168,ac,0.0,0.0,0,1.25,0,4.862304944238102,4.880928254749572,40.0,2370.0,1100.0,,0,,,,,,,,,,,-49.173755592168966,-50.0,-1.6524888156620676,1.1834416780433827,-0.06655832195661726,1.1959887044552149,4.9094424555173894,4.923508476276852,True,True,,,,,,,,,,,,,,,,,,,,,,,,,,,,,0
s9_k5op_b_s00_pos1_tap0_mc169_cpl0_rp4p92184606912_rn4p81788766396_f12370_f21100_a0_dac1p25,K5OP,B,0,0.005,1,0,169,ac,0.0,0.0,0,1.25,0,4.921846069117906,4.817887663955189,40.0,2370.0,1100.0,,0,,,,,,,,,,,-50.96074809224582,-50.0,1.9214961844916445,1.1865819111601388,-0.06341808883986122,1.1997926957847447,5.05145161595364,4.9270313311186555,True,True,,,,,,,,,,,,,,,,,,,,,,,,,,,,,0
s9_k5op_b_s00_pos1_tap0_mc16_cpl0_rp4p89606759492_rn4p92671988323_f12370_f21100_a0_dac1p25,K5OP,B,0,0.005,1,0,16,ac,0.0,0.0,0,1.25,0,4.896067594915554,4.926719883233981,40.0,2370.0,1100.0,,0,,,,,,,,,,,-49.986592130828456,-50.0,-0.026815738343088924,1.222351708191885,-0.0276482918081149,1.2278919789802165,5.141926969697607,4.920316108262799,True,True,,,,,,,,,,,,,,,,,,,,,,,,,,,,,0
s9_k5op_b_s00_pos1_tap0_mc170_cpl0_rp4p87977769754_rn4p98540825275_f12370_f21100_a0_dac1p25,K5OP,B,0,0.005,1,0,170,ac,0.0,0.0,0,1.25,0,4.879777697541702,4.985408252745102,40.0,2370.0,1100.0,,0,,,,,,,,,,,-50.77857258397822,-50.0,1.5571451679564419,1.3104507690567284,0.060450769056728415,1.298639846465936,5.46166392048519,4.888877458658391,True,True,,,,,,,,,,,,,,,,,,,,,,,,,,,,,0
s9_k5op_b_s00_pos1_tap0_mc171_cpl0_rp4p91969495616_rn4p97384398985_f12370_f21100_a0_dac1p25,K5OP,B,0,0.005,1,0,171,ac,0.0,0.0,0,1.25,0,4.919694956157783,4.973843989846043,40.0,2370.0,1100.0,,0,,,,,,,,,,,-48.99873345758587,-50.0,-2.002533084828262,1.2808804910801006,0.030880491080100603,1.2750937239392603,5.292067806712712,4.898854862332813,True,True,,,,,,,,,,,,,,,,,,,,,,,,,,,,,0
s9_k5op_b_s00_pos1_tap0_mc172_cpl0_rp4p98141126174_rn4p9373977353_f12370_f21100_a0_dac1p25,K5OP,B,0,0.005,1,0,172,ac,0.0,0.0,0,1.25,0,4.981411261740097,4.937397735303051,40.0,2370.0,1100.0,,0,,,,,,,,,,,-48.94673954400241,-50.0,-2.10652091199518,1.288541586590487,0.03854158659048701,1.2809511399905686,5.384172857572846,4.9021525319435515,True,True,,,,,,,,,,,,,,,,,,,,,,,,,,,,,0
s9_k5op_b_s00_pos1_tap0_mc173_cpl0_rp4p81635422291_rn4p8251161718_f12370_f21100_a0_dac1p25,K5OP,B,0,0.005,1,0,173,ac,0.0,0.0,0,1.25,0,4.816354222913955,4.825116171795079,40.0,2370.0,1100.0,,0,,,,,,,,,,,-51.02443831916936,-50.0,2.048876638338726,1.312144885182845,0.062144885182845,1.300293891514514,5.438245917861657,4.881071781566961,True,True,,,,,,,,,,,,,,,,,,,,,,,,,,,,,0
s9_k5op_b_s00_pos1_tap0_mc174_cpl0_rp4p81675841155_rn4p92438442468_f12370_f21100_a0_dac1p25,K5OP,B,0,0.005,1,0,174,ac,0.0,0.0,0,1.25,0,4.816758411547818,4.924384424679093,40.0,2370.0,1100.0,,0,,,,,,,,,,,-49.56317065092808,-50.0,-0.8736586981438421,1.0884696996309835,-0.1615303003690165,1.1186538137517352,4.51906311737069,4.933557364538172,True,True,,,,,,,,,,,,,,,,,,,,,,,,,,,,,0
s9_k5op_b_s00_pos1_tap0_mc175_cpl0_rp4p90832979475_rn4p97211588636_f12370_f21100_a0_dac1p25,K5OP,B,0,0.005,1,0,175,ac,0.0,0.0,0,1.25,0,4.90832979475302,4.972115886361461,40.0,2370.0,1100.0,,0,,,,,,,,,,,-50.27038374579185,-50.0,0.5407674915836935,1.2937304370289346,0.04373043702893464,1.284834183547664,5.447553881726561,4.904167928358173,True,True,,,,,,,,,,,,,,,,,,,,,,,,,,,,,0
s9_k5op_b_s00_pos1_tap0_mc176_cpl0_rp4p85359236684_rn4p93257617059_f12370_f21100_a0_dac1p25,K5OP,B,0,0.005,1,0,176,ac,0.0,0.0,0,1.25,0,4.853592366840775,4.932576170591163,40.0,2370.0,1100.0,,0,,,,,,,,,,,-50.62782548805655,-50.0,1.2556509761131096,1.1423858501971667,-0.10761414980283335,1.1646390653932004,4.864464681277537,4.93146000415572,True,True,,,,,,,,,,,,,,,,,,,,,,,,,,,,,0
s9_k5op_b_s00_pos1_tap0_mc177_cpl0_rp4p8775218094_rn4p8097902573_f12370_f21100_a0_dac1p25,K5OP,B,0,0.005,1,0,177,ac,0.0,0.0,0,1.25,0,4.87752180939829,4.809790257300452,40.0,2370.0,1100.0,,0,,,,,,,,,,,-49.18287863432846,-50.0,-1.634242731343083,1.236185339260734,-0.01381466073926596,1.2387858590781853,5.118706577333322,4.913856809249842,True,True,,,,,,,,,,,,,,,,,,,,,,,,,,,,,0
s9_k5op_b_s00_pos1_tap0_mc178_cpl0_rp4p90960633162_rn4p9032157808_f12370_f21100_a0_dac1p25,K5OP,B,0,0.005,1,0,178,ac,0.0,0.0,0,1.25,0,4.909606331621514,4.903215780799557,40.0,2370.0,1100.0,,0,,,,,,,,,,,-49.61842869066757,-50.0,-0.7631426186648582,1.3330117010206823,0.08301170102068234,1.3176778638719018,5.483644746754939,4.816814158479922,True,True,,,,,,,,,,,,,,,,,,,,,,,,,,,,,0
s9_k5op_b_s00_pos1_tap0_mc179_cpl0_rp4p91383832735_rn4p86687449907_f12370_f21100_a0_dac1p25,K5OP,B,0,0.005,1,0,179,ac,0.0,0.0,0,1.25,0,4.9138383273465065,4.866874499066905,40.0,2370.0,1100.0,,0,,,,,,,,,,,-50.28165959936936,-50.0,0.563319198738732,1.3719958286794138,0.12199582867941383,1.3472622315791165,5.756035179606336,4.7795226988062725,True,True,,,,,,,,,,,,,,,,,,,,,,,,,,,,,0
s9_k5op_b_s00_pos1_tap0_mc17_cpl0_rp4p88475723429_rn4p86389060167_f12370_f21100_a0_dac1p25,K5OP,B,0,0.005,1,0,17,ac,0.0,0.0,0,1.25,0,4.884757234291846,4.8638906016743055,40.0,2370.0,1100.0,,0,,,,,,,,,,,-51.01707721494319,-50.0,2.0341544298863923,1.341783974566338,0.09178397456633802,1.324582922421532,5.535781489812003,4.8001992822921835,True,True,,,,,,,,,,,,,,,,,,,,,,,,,,,,,0
s9_k5op_b_s00_pos1_tap0_mc180_cpl0_rp4p85885219939_rn4p96182281801_f12370_f21100_a0_dac1p25,K5OP,B,0,0.005,1,0,180,ac,0.0,0.0,0,1.25,0,4.858852199389098,4.961822818012852,40.0,2370.0,1100.0,,0,,,,,,,,,,,-49.7959151471461,-50.0,-0.408169705707806,1.3846112342636951,0.13461123426369515,1.3577222213790128,5.7868252310199555,4.709896886523179,True,True,,,,,,,,,,,,,,,,,,,,,,,,,,,,,0
s9_k5op_b_s00_pos1_tap0_mc181_cpl0_rp4p96329998946_rn4p93146062468_f12370_f21100_a0_dac1p25,K5OP,B,0,0.005,1,0,181,ac,0.0,0.0,0,1.25,0,4.963299989455141,4.93146062467727,40.0,2370.0,1100.0,,0,,,,,,,,,,,-49.31421918352052,-50.0,-1.371561632958962,1.3475792634370074,0.0975792634370074,1.328008604878607,5.6440055035442676,4.850135581324483,True,True,,,,,,,,,,,,,,,,,,,,,,,,,,,,,0
s9_k5op_b_s00_pos1_tap0_mc182_cpl0_rp4p86771770553_rn4p84743468837_f12370_f21100_a0_dac1p25,K5OP,B,0,0.005,1,0,182,ac,0.0,0.0,0,1.25,0,4.867717705528115,4.847434688365604,40.0,2370.0,1100.0,,0,,,,,,,,,,,-51.16971943716519,-50.0,2.3394388743303907,1.241630864641498,-0.008369135358502033,1.2432133609080778,5.14587188561692,4.912823401630921,True,True,,,,,,,,,,,,,,,,,,,,,,,,,,,,,0
s9_k5op_b_s00_pos1_tap0_mc183_cpl0_rp4p82243249354_rn4p83336115486_f12370_f21100_a0_dac1p25,K5OP,B,0,0.005,1,0,183,ac,0.0,0.0,0,1.25,0,4.82243249354455,4.8333611548629944,40.0,2370.0,1100.0,,0,,,,,,,,,,,-50.0200148432639,-50.0,0.04002968652780936,1.1670343820378088,-0.08296561796219115,1.1837155126297754,4.925108039138543,4.928051521678489,True,True,,,,,,,,,,,,,,,,,,,,,,,,,,,,,0
s9_k5op_b_s00_pos1_tap0_mc184_cpl0_rp4p89408313222_rn4p85654131884_f12370_f21100_a0_dac1p25,K5OP,B,0,0.005,1,0,184,ac,0.0,0.0,0,1.25,0,4.894083132218432,4.856541318838992,40.0,2370.0,1100.0,,0,,,,,,,,,,,-49.82037365653946,-50.0,-0.3592526869210855,1.2673230804465556,0.017323080446555617,1.2639344212302268,5.290674442609886,4.908742512241961,True,True,,,,,,,,,,,,,,,,,,,,,,,,,,,,,0
s9_k5op_b_s00_pos1_tap0_mc185_cpl0_rp4p85219833639_rn4p84607428991_f12370_f21100_a0_dac1p25,K5OP,B,0,0.005,1,0,185,ac,0.0,0.0,0,1.25,0,4.8521983363916785,4.846074289911345,40.0,2370.0,1100.0,,0,,,,,,,,,,,-51.14239092694817,-50.0,2.284781853896334,1.2217467043933747,-0.02825329560662526,1.2274085849397804,5.13959455513516,4.920374198669889,True,True,,,,,,,,,,,,,,,,,,,,,,,,,,,,,0
s9_k5op_b_s00_pos1_tap0_mc186_cpl0_rp4p85131785258_rn4p8091446777_f12370_f21100_a0_dac1p25,K5OP,B,0,0.005,1,0,186,ac,0.0,0.0,0,1.25,0,4.851317852576308,4.8091446777017195,40.0,2370.0,1100.0,,0,,,,,,,,,,,-50.79175990402973,-50.0,1.5835198080594637,1.319984890934255,0.06998489093425508,1.3060381976751843,5.525228565135418,4.886431262457175,True,True,,,,,,,,,,,,,,,,,,,,,,,,,,,,,0
s9_k5op_b_s00_pos1_tap0_mc187_cpl0_rp4p90225376233_rn4p84471689686_f12370_f21100_a0_dac1p25,K5OP,B,0,0.005,1,0,187,ac,0.0,0.0,0,1.25,0,4.9022537623313465,4.844716896862485,40.0,2370.0,1100.0,,0,,,,,,,,,,,-51.34698631418688,-50.0,2.693972628373764,1.1543350763298468,-0.09566492367015322,1.173397250252168,4.862487258101501,4.929045872339288,True,True,,,,,,,,,,,,,,,,,,,,,,,,,,,,,0
s9_k5op_b_s00_pos1_tap0_mc188_cpl0_rp4p88207619519_rn4p84145287485_f12370_f21100_a0_dac1p25,K5OP,B,0,0.005,1,0,188,ac,0.0,0.0,0,1.25,0,4.882076195192883,4.841452874846127,40.0,2370.0,1100.0,,0,,,,,,,,,,,-50.063977544725354,-50.0,0.12795508945071532,1.2469346353586659,-0.003065364641334112,1.2475352753794624,5.211255759675915,4.914178350818989,True,True,,,,,,,,,,,,,,,,,,,,,,,,,,,,,0
s9_k5op_b_s00_pos1_tap0_mc189_cpl0_rp4p81624464285_rn4p98947815992_f12370_f21100_a0_dac1p25,K5OP,B,0,0.005,1,0,189,ac,0.0,0.0,0,1.25,0,4.816244642850169,4.989478159920619,40.0,2370.0,1100.0,,0,,,,,,,,,,,-49.447535231232905,-50.0,-1.1049295375341939,1.0730194633994679,-0.17698053660053215,1.1069175789286267,4.487113331448059,4.935388262974657,False,True,,,,,,,,,,,,,,,,,,,,,,,,,,,,,0
s9_k5op_b_s00_pos1_tap0_mc18_cpl0_rp4p91672976817_rn4p80622671392_f12370_f21100_a0_dac1p25,K5OP,B,0,0.005,1,0,18,ac,0.0,0.0,0,1.25,0,4.916729768169673,4.806226713918411,40.0,2370.0,1100.0,,0,,,,,,,,,,,-49.84594555328403,-50.0,-0.30810889343193537,1.3770767524786591,0.12707675247865913,1.3529327737824837,5.693461755069304,4.67683591524472,True,True,,,,,,,,,,,,,,,,,,,,,,,,,,,,,0
s9_k5op_b_s00_pos1_tap0_mc190_cpl0_rp4p94637445265_rn4p93657142038_f12370_f21100_a0_dac1p25,K5OP,B,0,0.005,1,0,190,ac,0.0,0.0,0,1.25,0,4.946374452649898,4.93657142038477,40.0,2370.0,1100.0,,0,,,,,,,,,,,-49.43716081008187,-50.0,-1.125678379836259,1.3407979729687192,0.09079797296871917,1.3236067215234661,5.544124809085272,4.815188615341434,True,True,,,,,,,,,,,,,,,,,,,,,,,,,,,,,0
s9_k5op_b_s00_pos1_tap0_mc191_cpl0_rp4p84191333333_rn4p86339037845_f12370_f21100_a0_dac1p25,K5OP,B,0,0.005,1,0,191,ac,0.0,0.0,0,1.25,0,4.841913333328711,4.8633903784516175,40.0,2370.0,1100.0,,0,,,,,,,,,,,-50.57848262383313,-50.0,1.156965247666264,1.0797218613865385,-0.17027813861346153,1.1121883108372634,4.508346964702016,4.9346507369719905,True,True,,,,,,,,,,,,,,,,,,,,,,,,,,,,,0
s9_k5op_b_s00_pos1_tap0_mc192_cpl0_rp4p82400982039_rn4p88129233143_f12370_f21100_a0_dac1p25,K5OP,B,0,0.005,1,0,192,ac,0.0,0.0,0,1.25,0,4.824009820385426,4.881292331429425,40.0,2370.0,1100.0,,0,,,,,,,,,,,-49.48913273328026,-50.0,-1.021734533439489,1.2615233647423534,0.011523364742353381,1.2592295652976182,5.289908347018526,4.9118943334700695,True,True,,,,,,,,,,,,,,,,,,,,,,,,,,,,,0
s9_k5op_b_s00_pos1_tap0_mc193_cpl0_rp4p86673991029_rn4p97276401967_f12370_f21100_a0_dac1p25,K5OP,B,0,0.005,1,0,193,ac,0.0,0.0,0,1.25,0,4.866739910285656,4.972764019673274,40.0,2370.0,1100.0,,0,,,,,,,,,,,-49.01916311664367,-50.0,-1.9616737667126682,1.1843973217142014,-0.06560267828579858,1.1971323303604897,4.949304701571265,4.924556352873727,True,True,,,,,,,,,,,,,,,,,,,,,,,,,,,,,0
s9_k5op_b_s00_pos1_tap0_mc194_cpl0_rp4p93841997562_rn4p86384276844_f12370_f21100_a0_dac1p25,K5OP,B,0,0.005,1,0,194,ac,0.0,0.0,0,1.25,0,4.938419975617892,4.863842768439841,40.0,2370.0,1100.0,,0,,,,,,,,,,,-50.600995576166596,-50.0,1.2019911523331928,1.1650746398376817,-0.08492536016231833,1.1817412551781794,4.885805029072657,4.927365292031401,True,True,,,,,,,,,,,,,,,,,,,,,,,,,,,,,0
s9_k5op_b_s00_pos1_tap0_mc195_cpl0_rp4p94423666829_rn4p98029972903_f12370_f21100_a0_dac1p25,K5OP,B,0,0.005,1,0,195,ac,0.0,0.0,0,1.25,0,4.944236668293492,4.980299729026487,40.0,2370.0,1100.0,,0,,,,,,,,,,,-50.97850269624615,-50.0,1.9570053924923059,1.2583861614045557,0.008386161404555725,1.2568422939372537,5.181215620021593,4.905769535189147,True,True,,,,,,,,,,,,,,,,,,,,,,,,,,,,,0
s9_k5op_b_s00_pos1_tap0_mc196_cpl0_rp4p92679538891_rn4p83357704076_f12370_f21100_a0_dac1p25,K5OP,B,0,0.005,1,0,196,ac,0.0,0.0,0,1.25,0,4.926795388905471,4.833577040762126,40.0,2370.0,1100.0,,0,,,,,,,,,,,-49.853511224371424,-50.0,-0.2929775512571564,1.184178176761147,-0.065821823238853,1.19689170674538,4.9421456189600015,4.924379039373857,True,True,,,,,,,,,,,,,,,,,,,,,,,,,,,,,0
s9_k5op_b_s00_pos1_tap0_mc197_cpl0_rp4p94246238901_rn4p88478689993_f12370_f21100_a0_dac1p25,K5OP,B,0,0.005,1,0,197,ac,0.0,0.0,0,1.25,0,4.942462389006465,4.884786899925654,40.0,2370.0,1100.0,,0,,,,,,,,,,,-49.39611599723115,-50.0,-1.2077680055377016,1.2078719383083742,-0.04212806169162575,1.2160285722371262,5.039919389959097,4.920983147452715,True,True,,,,,,,,,,,,,,,,,,,,,,,,,,,,,0
s9_k5op_b_s00_pos1_tap0_mc198_cpl0_rp4p91810594637_rn4p98941381651_f12370_f21100_a0_dac1p25,K5OP,B,0,0.005,1,0,198,ac,0.0,0.0,0,1.25,0,4.9181059463689305,4.989413816510473,40.0,2370.0,1100.0,,0,,,,,,,,,,,-50.498247134607155,-50.0,0.9964942692143097,1.2147327723531154,-0.035267227646884614,1.221675371464832,5.088385588100202,4.920581925509843,True,True,,,,,,,,,,,,,,,,,,,,,,,,,,,,,0
s9_k5op_b_s00_pos1_tap0_mc199_cpl0_rp4p83017342432_rn4p87618495362_f12370_f21100_a0_dac1p25,K5OP,B,0,0.005,1,0,199,ac,0.0,0.0,0,1.25,0,4.830173424324059,4.876184953622124,40.0,2370.0,1100.0,,0,,,,,,,,,,,-50.23719645215863,-50.0,0.47439290431725567,1.43920555338775,0.18920555338774991,1.4038437591262836,5.922214223872185,4.408569796770223,False,True,,,,,,,,,,,,,,,,,,,,,,,,,,,,,0
s9_k5op_b_s00_pos1_tap0_mc19_cpl0_rp4p86375349404_rn4p94352011247_f12370_f21100_a0_dac1p25,K5OP,B,0,0.005,1,0,19,ac,0.0,0.0,0,1.25,0,4.8637534940378595,4.943520112468119,40.0,2370.0,1100.0,,0,,,,,,,,,,,-49.69832032496235,-50.0,-0.6033593500752943,1.315168494320469,0.0651684943204689,1.301898109215536,5.534617099358682,4.894530308069545,True,True,,,,,,,,,,,,,,,,,,,,,,,,,,,,,0
s9_k5op_b_s00_pos1_tap0_mc1_cpl0_rp4p87968282413_rn4p81765685527_f12370_f21100_a0_dac1p25,K5OP,B,0,0.005,1,0,1,ac,0.0,0.0,0,1.25,0,4.879682824126003,4.817656855272235,40.0,2370.0,1100.0,,0,,,,,,,,,,,-48.98870595753779,-50.0,-2.022588084924426,1.327009710760578,0.07700971076057805,1.311229600722477,5.590464032461252,4.888192458342811,True,True,,,,,,,,,,,,,,,,,,,,,,,,,,,,,0
s9_k5op_b_s00_pos1_tap0_mc200_cpl0_rp4p87609300253_rn4p9245221704_f12370_f21100_a0_dac1p25,K5OP,B,0,0.005,1,0,200,ac,0.0,0.0,0,1.25,0,4.876093002533232,4.924522170397594,40.0,2370.0,1100.0,,0,,,,,,,,,,,-50.87478406105239,-50.0,1.7495681221047832,1.2232311041207136,-0.026768895879286436,1.2283982483496192,5.097565434148553,4.918078643073908,True,True,,,,,,,,,,,,,,,,,,,,,,,,,,,,,0
s9_k5op_b_s00_pos1_tap0_mc201_cpl0_rp4p90836585454_rn4p99134886186_f12370_f21100_a0_dac1p25,K5OP,B,0,0.005,1,0,201,ac,0.0,0.0,0,1.25,0,4.908365854541344,4.991348861856531,40.0,2370.0,1100.0,,0,,,,,,,,,,,-50.81412897637527,-50.0,1.6282579527505447,1.2728641133520053,0.022864113352005333,1.2683769006936791,5.316998979817667,4.907344350056614,True,True,,,,,,,,,,,,,,,,,,,,,,,,,,,,,0
s9_k5op_b_s00_pos1_tap0_mc202_cpl0_rp4p87329785859_rn4p97684612666_f12370_f21100_a0_dac1p25,K5OP,B,0,0.005,1,0,202,ac,0.0,0.0,0,1.25,0,4.873297858592152,4.976846126657074,40.0,2370.0,1100.0,,0,,,,,,,,,,,-48.957776259741514,-50.0,-2.084447480516971,1.2978881530497992,0.04788815304979921,1.2887498059243192,5.382036487188127,4.892524944583804,True,True,,,,,,,,,,,,,,,,,,,,,,,,,,,,,0
s9_k5op_b_s00_pos1_tap0_mc203_cpl0_rp4p94803093471_rn4p82992067818_f12370_f21100_a0_dac1p25,K5OP,B,0,0.005,1,0,203,ac,0.0,0.0,0,1.25,0,4.9480309347144935,4.829920678184828,40.0,2370.0,1100.0,,0,,,,,,,,,,,-50.07495959553187,-50.0,0.14991919106375207,1.4271951288138651,0.17719512881386512,1.394096546965702,5.873509002436178,4.455947971925243,False,True,,,,,,,,,,,,,,,,,,,,,,,,,,,,,0
s9_k5op_b_s00_pos1_tap0_mc204_cpl0_rp4p93387894829_rn4p82433507688_f12370_f21100_a0_dac1p25,K5OP,B,0,0.005,1,0,204,ac,0.0,0.0,0,1.25,0,4.933878948293206,4.824335076880513,40.0,2370.0,1100.0,,0,,,,,,,,,,,-49.13913418765014,-50.0,-1.7217316246997183,1.2907953623893804,0.04079536238938042,1.2829730140021587,5.359567864952032,4.897358553863992,True,True,,,,,,,,,,,,,,,,,,,,,,,,,,,,,0
s9_k5op_b_s00_pos1_tap0_mc205_cpl0_rp4p99208266475_rn4p98908573222_f12370_f21100_a0_dac1p25,K5OP,B,0,0.005,1,0,205,ac,0.0,0.0,0,1.25,0,4.992082664746407,4.9890857322176,40.0,2370.0,1100.0,,0,,,,,,,,,,,-49.731253647709025,-50.0,-0.5374927045819544,1.3148431978628439,0.06484319786284387,1.3019657594846172,5.500158911482917,4.889478407045151,True,True,,,,,,,,,,,,,,,,,,,,,,,,,,,,,0
s9_k5op_b_s00_pos1_tap0_mc206_cpl0_rp4p87119070211_rn4p99012623424_f12370_f21100_a0_dac1p25,K5OP,B,0,0.005,1,0,206,ac,0.0,0.0,0,1.25,0,4.871190702106201,4.990126234243969,40.0,2370.0,1100.0,,0,,,,,,,,,,,-49.43885781393931,-50.0,-1.1222843721213849,1.33886581963136,0.08886581963136009,1.3218964774197028,5.546766884027482,4.8306378753227115,True,True,,,,,,,,,,,,,,,,,,,,,,,,,,,,,0
s9_k5op_b_s00_pos1_tap0_mc207_cpl0_rp4p99053952676_rn4p82050546785_f12370_f21100_a0_dac1p25,K5OP,B,0,0.005,1,0,207,ac,0.0,0.0,0,1.25,0,4.990539526757092,4.8205054678513175,40.0,2370.0,1100.0,,0,,,,,,,,,,,-50.26670711254732,-50.0,0.5334142250946527,1.1375228313796306,-0.11247716862036938,1.1600626282065247,4.802680975239216,4.930897861232746,True,True,,,,,,,,,,,,,,,,,,,,,,,,,,,,,0
s9_k5op_b_s00_pos1_tap0_mc208_cpl0_rp4p82338440834_rn4p98424448028_f12370_f21100_a0_dac1p25,K5OP,B,0,0.005,1,0,208,ac,0.0,0.0,0,1.25,0,4.823384408343893,4.984244480282307,40.0,2370.0,1100.0,,0,,,,,,,,,,,-49.85382499933299,-50.0,-0.29235000133401856,1.2969540423516184,0.046954042351618375,1.287697185914804,5.419160979133839,4.898550507994929,True,True,,,,,,,,,,,,,,,,,,,,,,,,,,,,,0
s9_k5op_b_s00_pos1_tap0_mc209_cpl0_rp4p9975563268_rn4p88046750345_f12370_f21100_a0_dac1p25,K5OP,B,0,0.005,1,0,209,ac,0.0,0.0,0,1.25,0,4.9975563268025445,4.880467503451389,40.0,2370.0,1100.0,,0,,,,,,,,,,,-50.51726774181198,-50.0,1.034535483623955,1.4075960860301835,0.1575960860301835,1.3778940150682428,5.805791191529243,4.54502250328779,True,True,,,,,,,,,,,,,,,,,,,,,,,,,,,,,0
s9_k5op_b_s00_pos1_tap0_mc20_cpl0_rp4p96286065434_rn4p94707300674_f12370_f21100_a0_dac1p25,K5OP,B,0,0.005,1,0,20,ac,0.0,0.0,0,1.25,0,4.9628606543405684,4.94707300674488,40.0,2370.0,1100.0,,0,,,,,,,,,,,-50.714702730847435,-50.0,1.429405461694877,1.2394973557166566,-0.010502644283343354,1.2416128203366885,5.217338543884017,4.917544751993231,True,True,,,,,,,,,,,,,,,,,,,,,,,,,,,,,0
s9_k5op_b_s00_pos1_tap0_mc210_cpl0_rp4p9688588778_rn4p91437653172_f12370_f21100_a0_dac1p25,K5OP,B,0,0.005,1,0,210,ac,0.0,0.0,0,1.25,0,4.968858877800824,4.9143765317209285,40.0,2370.0,1100.0,,0,,,,,,,,,,,-50.42604147554641,-50.0,0.8520829510928252,1.4042980860197352,0.15429808601973516,1.374970807970259,5.802819066099007,4.568434377941086,True,True,,,,,,,,,,,,,,,,,,,,,,,,,,,,,0
s9_k5op_b_s00_pos1_tap0_mc211_cpl0_rp4p96709753257_rn4p91084455633_f12370_f21100_a0_dac1p25,K5OP,B,0,0.005,1,0,211,ac,0.0,0.0,0,1.25,0,4.967097532565387,4.910844556333429,40.0,2370.0,1100.0,,0,,,,,,,,,,,-50.43123871330213,-50.0,0.8624774266042579,1.3512393407245205,0.10123934072452045,1.3331480895403436,5.518787799574623,4.708836312060329,True,True,,,,,,,,,,,,,,,,,,,,,,,,,,,,,0
s9_k5op_b_s00_pos1_tap0_mc212_cpl0_rp4p8300395484_rn4p99760949024_f12370_f21100_a0_dac1p25,K5OP,B,0,0.005,1,0,212,ac,0.0,0.0,0,1.25,0,4.830039548397559,4.99760949023594,40.0,2370.0,1100.0,,0,,,,,,,,,,,-48.96163705426337,-50.0,-2.0767258914732634,1.1460548561982011,-0.10394514380179887,1.1662072315417702,4.79433017778906,4.929159269197186,True,True,,,,,,,,,,,,,,,,,,,,,,,,,,,,,0
s9_k5op_b_s00_pos1_tap0_mc213_cpl0_rp4p99178545096_rn4p87438824931_f12370_f21100_a0_dac1p25,K5OP,B,0,0.005,1,0,213,ac,0.0,0.0,0,1.25,0,4.991785450964725,4.874388249309158,40.0,2370.0,1100.0,,0,,,,,,,,,,,-50.244076997756345,-50.0,0.4881539955126968,1.2020901075486607,-0.04790989245133925,1.2118457789877222,5.082260485208151,4.924145499959616,True,True,,,,,,,,,,,,,,,,,,,,,,,,,,,,,0
s9_k5op_b_s00_pos1_tap0_mc214_cpl0_rp4p94597574195_rn4p83648419083_f12370_f21100_a0_dac1p25,K5OP,B,0,0.005,1,0,214,ac,0.0,0.0,0,1.25,0,4.945975741946487,4.836484190833586,40.0,2370.0,1100.0,,0,,,,,,,,,,,-49.70106841342581,-50.0,-0.597863173148383,1.3108520510033113,0.06085205100331126,1.299086346630086,5.450123141263077,4.88605822066421,True,True,,,,,,,,,,,,,,,,,,,,,,,,,,,,,0
s9_k5op_b_s00_pos1_tap0_mc215_cpl0_rp4p8838776552_rn4p8125330308_f12370_f21100_a0_dac1p25,K5OP,B,0,0.005,1,0,215,ac,0.0,0.0,0,1.25,0,4.883877655199192,4.812533030802979,40.0,2370.0,1100.0,,0,,,,,,,,,,,-49.8541074113068,-50.0,-0.2917851773864055,1.393647517039886,0.1436475170398861,1.3649730600151424,5.822076492265017,4.67288608358465,True,True,,,,,,,,,,,,,,,,,,,,,,,,,,,,,0
s9_k5op_b_s00_pos1_tap0_mc216_cpl0_rp4p92934161604_rn4p86046879292_f12370_f21100_a0_dac1p25,K5OP,B,0,0.005,1,0,216,ac,0.0,0.0,0,1.25,0,4.92934161604249,4.8604687929204635,40.0,2370.0,1100.0,,0,,,,,,,,,,,-50.79594297541012,-50.0,1.5918859508202488,1.157605696006748,-0.09239430399325199,1.1756932546989225,4.852776087206738,4.9280929019167345,True,True,,,,,,,,,,,,,,,,,,,,,,,,,,,,,0
s9_k5op_b_s00_pos1_tap0_mc217_cpl0_rp4p99303909397_rn4p9377031678_f12370_f21100_a0_dac1p25,K5OP,B,0,0.005,1,0,217,ac,0.0,0.0,0,1.25,0,4.993039093967263,4.937703167795284,40.0,2370.0,1100.0,,0,,,,,,,,,,,-49.85229425421789,-50.0,-0.29541149156422364,1.3941263699851052,0.1441263699851052,1.367858818393748,5.712572192531551,4.559561232650697,True,True,,,,,,,,,,,,,,,,,,,,,,,,,,,,,0
s9_k5op_b_s00_pos1_tap0_mc218_cpl0_rp4p89757233022_rn4p89017495296_f12370_f21100_a0_dac1p25,K5OP,B,0,0.005,1,0,218,ac,0.0,0.0,0,1.25,0,4.897572330219129,4.890174952963784,40.0,2370.0,1100.0,,0,,,,,,,,,,,-50.70842592308278,-50.0,1.4168518461655566,1.167349373116641,-0.08265062688335889,1.18339827328957,4.881464056736396,4.926712680379418,True,True,,,,,,,,,,,,,,,,,,,,,,,,,,,,,0
s9_k5op_b_s00_pos1_tap0_mc219_cpl0_rp4p86955742959_rn4p98260407532_f12370_f21100_a0_dac1p25,K5OP,B,0,0.005,1,0,219,ac,0.0,0.0,0,1.25,0,4.8695574295933435,4.982604075316092,40.0,2370.0,1100.0,,0,,,,,,,,,,,-50.381038222604424,-50.0,0.762076445208848,1.4149708530055596,0.16497085300555958,1.3838784088705982,5.8353078024694796,4.51554097842499,True,True,,,,,,,,,,,,,,,,,,,,,,,,,,,,,0
s9_k5op_b_s00_pos1_tap0_mc21_cpl0_rp4p88893683381_rn4p85239743988_f12370_f21100_a0_dac1p25,K5OP,B,0,0.005,1,0,21,ac,0.0,0.0,0,1.25,0,4.888936833814934,4.852397439877141,40.0,2370.0,1100.0,,0,,,,,,,,,,,-49.64757606886305,-50.0,-0.7048478622738941,1.2983715776183722,0.048371577618372186,1.2891995420181037,5.376215891938632,4.890974718182109,True,True,,,,,,,,,,,,,,,,,,,,,,,,,,,,,0
s9_k5op_b_s00_pos1_tap0_mc220_cpl0_rp4p9747860182_rn4p84823286829_f12370_f21100_a0_dac1p25,K5OP,B,0,0.005,1,0,220,ac,0.0,0.0,0,1.25,0,4.974786018204106,4.848232868289286,40.0,2370.0,1100.0,,0,,,,,,,,,,,-49.157537641131285,-50.0,-1.684924717737435,1.3357044095202213,0.08570440952022129,1.3194389417887058,5.526631082130864,4.834716066610051,True,True,,,,,,,,,,,,,,,,,,,,,,,,,,,,,0
s9_k5op_b_s00_pos1_tap0_mc221_cpl0_rp4p95709132515_rn4p9533377626_f12370_f21100_a0_dac1p25,K5OP,B,0,0.005,1,0,221,ac,0.0,0.0,0,1.25,0,4.957091325146115,4.953337762595706,40.0,2370.0,1100.0,,0,,,,,,,,,,,-49.82788814648753,-50.0,-0.34422370702493765,1.4164593638739933,0.1664593638739933,1.3842370707392844,5.874006290084756,4.54233137909281,True,True,,,,,,,,,,,,,,,,,,,,,,,,,,,,,0
s9_k5op_b_s00_pos1_tap0_mc222_cpl0_rp4p95820886116_rn4p82531137377_f12370_f21100_a0_dac1p25,K5OP,B,0,0.005,1,0,222,ac,0.0,0.0,0,1.25,0,4.958208861157256,4.825311373766492,40.0,2370.0,1100.0,,0,,,,,,,,,,,-49.42290708020103,-50.0,-1.1541858395979432,1.1855657617630107,-0.06443423823698935,1.1975008322605805,4.897083823233093,4.922478786237032,True,True,,,,,,,,,,,,,,,,,,,,,,,,,,,,,0
s9_k5op_b_s00_pos1_tap0_mc223_cpl0_rp4p97843931178_rn4p82159454777_f12370_f21100_a0_dac1p25,K5OP,B,0,0.005,1,0,223,ac,0.0,0.0,0,1.25,0,4.978439311778949,4.821594547770245,40.0,2370.0,1100.0,,0,,,,,,,,,,,-49.22450427632396,-50.0,-1.5509914473520792,1.1149173046038177,-0.13508269539618234,1.1415764232996846,4.692362493533542,4.932685084483501,True,True,,,,,,,,,,,,,,,,,,,,,,,,,,,,,0
s9_k5op_b_s00_pos1_tap0_mc224_cpl0_rp4p82657894055_rn4p93307495497_f12370_f21100_a0_dac1p25,K5OP,B,0,0.005,1,0,224,ac,0.0,0.0,0,1.25,0,4.82657894054647,4.933074954973275,40.0,2370.0,1100.0,,0,,,,,,,,,,,-49.87178313784701,-50.0,-0.2564337243059822,1.2607830909777218,0.010783090977721788,1.2586953618036316,5.2515392283066085,4.90969657832232,True,True,,,,,,,,,,,,,,,,,,,,,,,,,,,,,0
s9_k5op_b_s00_pos1_tap0_mc225_cpl0_rp4p91033180571_rn4p92327324586_f12370_f21100_a0_dac1p25,K5OP,B,0,0.005,1,0,225,ac,0.0,0.0,0,1.25,0,4.910331805710256,4.923273245855662,40.0,2370.0,1100.0,,0,,,,,,,,,,,-48.932764532347846,-50.0,-2.134470935304311,1.3943654403054337,0.14436544030543375,1.3676002671477658,5.733358631088841,4.578435108645357,True,True,,,,,,,,,,,,,,,,,,,,,,,,,,,,,0
s9_k5op_b_s00_pos1_tap0_mc226_cpl0_rp4p96173419505_rn4p95577109073_f12370_f21100_a0_dac1p25,K5OP,B,0,0.005,1,0,226,ac,0.0,0.0,0,1.25,0,4.961734195045354,4.955771090734503,40.0,2370.0,1100.0,,0,,,,,,,,,,,-50.13157323226602,-50.0,0.26314646453204915,1.1862483320829411,-0.06375166791705889,1.1990679233384645,5.002132302480703,4.925735487839892,True,True,,,,,,,,,,,,,,,,,,,,,,,,,,,,,0
s9_k5op_b_s00_pos1_tap0_mc227_cpl0_rp4p86653885895_rn4p97235310029_f12370_f21100_a0_dac1p25,K5OP,B,0,0.005,1,0,227,ac,0.0,0.0,0,1.25,0,4.866538858950978,4.9723531002915,40.0,2370.0,1100.0,,0,,,,,,,,,,,-50.431020571986004,-50.0,0.8620411439720144,1.2632806825615959,0.013280682561595869,1.2606835682813504,5.2741186830770435,4.909829739790534,True,True,,,,,,,,,,,,,,,,,,,,,,,,,,,,,0
s9_k5op_b_s00_pos1_tap0_mc228_cpl0_rp4p96348419926_rn4p99125268425_f12370_f21100_a0_dac1p25,K5OP,B,0,0.005,1,0,228,ac,0.0,0.0,0,1.25,0,4.9634841992590335,4.991252684245683,40.0,2370.0,1100.0,,0,,,,,,,,,,,-50.192970890705624,-50.0,0.3859417814112476,1.3666035222805129,0.11660352228051285,1.3456061313806844,5.588834445491949,4.656001076495931,True,True,,,,,,,,,,,,,,,,,,,,,,,,,,,,,0
s9_k5op_b_s00_pos1_tap0_mc229_cpl0_rp4p91253212238_rn4p85189192822_f12370_f21100_a0_dac1p25,K5OP,B,0,0.005,1,0,229,ac,0.0,0.0,0,1.25,0,4.9125321223795915,4.851891928216548,40.0,2370.0,1100.0,,0,,,,,,,,,,,-50.68950379224501,-50.0,1.379007584490033,1.2067513966886285,-0.04324860331137148,1.215281251078167,5.058879993195987,4.921989387477825,True,True,,,,,,,,,,,,,,,,,,,,,,,,,,,,,0
s9_k5op_b_s00_pos1_tap0_mc22_cpl0_rp4p92425147698_rn4p80676320219_f12370_f21100_a0_dac1p25,K5OP,B,0,0.005,1,0,22,ac,0.0,0.0,0,1.25,0,4.924251476982826,4.80676320218761,40.0,2370.0,1100.0,,0,,,,,,,,,,,-49.62658891206395,-50.0,-0.7468221758720972,1.23729545115071,-0.012704548849290065,1.239797720338567,5.179297713768296,4.916539588612245,True,True,,,,,,,,,,,,,,,,,,,,,,,,,,,,,0
s9_k5op_b_s00_pos1_tap0_mc230_cpl0_rp4p94158449776_rn4p93388173557_f12370_f21100_a0_dac1p25,K5OP,B,0,0.005,1,0,230,ac,0.0,0.0,0,1.25,0,4.941584497758334,4.933881735571261,40.0,2370.0,1100.0,,0,,,,,,,,,,,-50.56397040672511,-50.0,1.1279408134502233,1.1145050692239435,-0.13549493077605645,1.141602732846205,4.707956222717048,4.932992547936537,True,True,,,,,,,,,,,,,,,,,,,,,,,,,,,,,0
s9_k5op_b_s00_pos1_tap0_mc231_cpl0_rp4p84593088809_rn4p89252190322_f12370_f21100_a0_dac1p25,K5OP,B,0,0.005,1,0,231,ac,0.0,0.0,0,1.25,0,4.8459308880914875,4.892521903217098,40.0,2370.0,1100.0,,0,,,,,,,,,,,-50.077456959414235,-50.0,0.15491391882846983,1.1392324812106192,-0.11076751878938085,1.1612609988941527,4.799535466013543,4.930551759498358,True,True,,,,,,,,,,,,,,,,,,,,,,,,,,,,,0
s9_k5op_b_s00_pos1_tap0_mc232_cpl0_rp4p91884978598_rn4p84125086367_f12370_f21100_a0_dac1p25,K5OP,B,0,0.005,1,0,232,ac,0.0,0.0,0,1.25,0,4.918849785980269,4.841250863673151,40.0,2370.0,1100.0,,0,,,,,,,,,,,-49.69974800436816,-50.0,-0.6005039912636789,1.1955715708371863,-0.05442842916281365,1.2059726679812737,4.9745019367196885,4.922305936793035,True,True,,,,,,,,,,,,,,,,,,,,,,,,,,,,,0
s9_k5op_b_s00_pos1_tap0_mc233_cpl0_rp4p90482749968_rn4p978777546_f12370_f21100_a0_dac1p25,K5OP,B,0,0.005,1,0,233,ac,0.0,0.0,0,1.25,0,4.904827499680167,4.978777546003827,40.0,2370.0,1100.0,,0,,,,,,,,,,,-49.187023331980214,-50.0,-1.6259533360395761,1.446706480144043,0.19670648014404302,1.4102138486379125,5.943478879285594,4.369827038133263,False,True,,,,,,,,,,,,,,,,,,,,,,,,,,,,,0
s9_k5op_b_s00_pos1_tap0_mc234_cpl0_rp4p94911058996_rn4p81410277629_f12370_f21100_a0_dac1p25,K5OP,B,0,0.005,1,0,234,ac,0.0,0.0,0,1.25,0,4.949110589958199,4.814102776289683,40.0,2370.0,1100.0,,0,,,,,,,,,,,-49.871118455699914,-50.0,-0.2577630886001714,1.2519967802023386,0.0019967802023386216,1.2516085456951473,5.221688463036154,4.912333719966374,True,True,,,,,,,,,,,,,,,,,,,,,,,,,,,,,0
s9_k5op_b_s00_pos1_tap0_mc235_cpl0_rp4p9153709398_rn4p90964172791_f12370_f21100_a0_dac1p25,K5OP,B,0,0.005,1,0,235,ac,0.0,0.0,0,1.25,0,4.915370939804115,4.909641727913646,40.0,2370.0,1100.0,,0,,,,,,,,,,,-49.95325605265721,-50.0,-0.09348789468558438,1.2108081755281241,-0.03919182447187586,1.218712044043869,5.104223960622049,4.922506671597921,True,True,,,,,,,,,,,,,,,,,,,,,,,,,,,,,0
s9_k5op_b_s00_pos1_tap0_mc236_cpl0_rp4p94951352822_rn4p89532038323_f12370_f21100_a0_dac1p25,K5OP,B,0,0.005,1,0,236,ac,0.0,0.0,0,1.25,0,4.949513528216103,4.895320383234305,40.0,2370.0,1100.0,,0,,,,,,,,,,,-50.758202872143166,-50.0,1.516405744286331,1.298984993411004,0.04898499341100404,1.289391711376875,5.418789277088077,4.896423954537791,True,True,,,,,,,,,,,,,,,,,,,,,,,,,,,,,0
s9_k5op_b_s00_pos1_tap0_mc237_cpl0_rp4p93173514821_rn4p92000156183_f12370_f21100_a0_dac1p25,K5OP,B,0,0.005,1,0,237,ac,0.0,0.0,0,1.25,0,4.931735148212523,4.920001561829357,40.0,2370.0,1100.0,,0,,,,,,,,,,,-50.433554892554966,-50.0,0.8671097851099319,1.3847731973100468,0.13477319731004678,1.3596579459586025,5.701029972670787,4.6228436022334805,True,True,,,,,,,,,,,,,,,,,,,,,,,,,,,,,0
s9_k5op_b_s00_pos1_tap0_mc238_cpl0_rp4p88963276925_rn4p85821760049_f12370_f21100_a0_dac1p25,K5OP,B,0,0.005,1,0,238,ac,0.0,0.0,0,1.25,0,4.889632769247549,4.85821760048949,40.0,2370.0,1100.0,,0,,,,,,,,,,,-51.11813233968476,-50.0,2.236264679369526,1.1350805124680885,-0.1149194875319115,1.1591736402596722,4.854438447512793,4.932481523824535,True,True,,,,,,,,,,,,,,,,,,,,,,,,,,,,,0
s9_k5op_b_s00_pos1_tap0_mc239_cpl0_rp4p94176165779_rn4p9259712967_f12370_f21100_a0_dac1p25,K5OP,B,0,0.005,1,0,239,ac,0.0,0.0,0,1.25,0,4.94176165779403,4.925971296700741,40.0,2370.0,1100.0,,0,,,,,,,,,,,-49.83891315178956,-50.0,-0.3221736964208799,1.2518332134745944,0.0018332134745944195,1.251483928248737,5.195923744225343,4.910859318243947,True,True,,,,,,,,,,,,,,,,,,,,,,,,,,,,,0
s9_k5op_b_s00_pos1_tap0_mc23_cpl0_rp4p9897299409_rn4p99451175924_f12370_f21100_a0_dac1p25,K5OP,B,0,0.005,1,0,23,ac,0.0,0.0,0,1.25,0,4.989729940895217,4.994511759235949,40.0,2370.0,1100.0,,0,,,,,,,,,,,-49.17223711123686,-50.0,-1.6555257775262788,1.139874694974924,-0.11012530502507589,1.1599942930867206,4.698353825514031,4.927870465451891,True,True,,,,,,,,,,,,,,,,,,,,,,,,,,,,,0
s9_k5op_b_s00_pos1_tap0_mc240_cpl0_rp4p97652967904_rn4p85595368377_f12370_f21100_a0_dac1p25,K5OP,B,0,0.005,1,0,240,ac,0.0,0.0,0,1.25,0,4.976529679038606,4.855953683770988,40.0,2370.0,1100.0,,0,,,,,,,,,,,-49.72957911356879,-50.0,-0.5408417728624215,1.4001177937164988,0.1501177937164988,1.3719214471208692,5.771790483308193,4.57084813357619,True,True,,,,,,,,,,,,,,,,,,,,,,,,,,,,,0
s9_k5op_b_s00_pos1_tap0_mc241_cpl0_rp4p99714199044_rn4p97460890294_f12370_f21100_a0_dac1p25,K5OP,B,0,0.005,1,0,241,ac,0.0,0.0,0,1.25,0,4.997141990437619,4.974608902935586,40.0,2370.0,1100.0,,0,,,,,,,,,,,-49.89243098799445,-50.0,-0.21513802401109672,1.1252805508477552,-0.12471944915224475,1.1499855450242105,4.738581994242329,4.931793418369252,True,True,,,,,,,,,,,,,,,,,,,,,,,,,,,,,0
s9_k5op_b_s00_pos1_tap0_mc242_cpl0_rp4p96365611923_rn4p81610003039_f12370_f21100_a0_dac1p25,K5OP,B,0,0.005,1,0,242,ac,0.0,0.0,0,1.25,0,4.963656119225819,4.816100030390195,40.0,2370.0,1100.0,,0,,,,,,,,,,,-49.79261805194257,-50.0,-0.41476389611486697,1.3175742767910703,0.06757427679107031,1.304359826100627,5.491284422265673,4.8833583176601,True,True,,,,,,,,,,,,,,,,,,,,,,,,,,,,,0
s9_k5op_b_s00_pos1_tap0_mc243_cpl0_rp4p93636149461_rn4p88398417069_f12370_f21100_a0_dac1p25,K5OP,B,0,0.005,1,0,243,ac,0.0,0.0,0,1.25,0,4.936361494608106,4.883984170689021,40.0,2370.0,1100.0,,0,,,,,,,,,,,-50.063070518131525,-50.0,0.12614103626304995,1.1489167421723838,-0.10108325782761618,1.1689970329665427,4.8368290942776735,4.929556722429633,True,True,,,,,,,,,,,,,,,,,,,,,,,,,,,,,0
s9_k5op_b_s00_pos1_tap0_mc244_cpl0_rp4p92283608296_rn4p91456992577_f12370_f21100_a0_dac1p25,K5OP,B,0,0.005,1,0,244,ac,0.0,0.0,0,1.25,0,4.922836082955919,4.91456992576517,40.0,2370.0,1100.0,,0,,,,,,,,,,,-50.11226087072495,-50.0,0.22452174144991233,1.0895378497263994,-0.16046215027360056,1.1210368954101124,4.583995126011406,4.9346344212052555,True,True,,,,,,,,,,,,,,,,,,,,,,,,,,,,,0
s9_k5op_b_s00_pos1_tap0_mc245_cpl0_rp4p88532259635_rn4p84707416577_f12370_f21100_a0_dac1p25,K5OP,B,0,0.005,1,0,245,ac,0.0,0.0,0,1.25,0,4.885322596348982,4.847074165771614,40.0,2370.0,1100.0,,0,,,,,,,,,,,-50.67283918722687,-50.0,1.3456783744537404,1.400687873492841,0.15068787349284096,1.3697879735956753,5.886162254438304,4.6806455422517805,True,True,,,,,,,,,,,,,,,,,,,,,,,,,,,,,0
s9_k5op_b_s00_pos1_tap0_mc246_cpl0_rp4p97229677993_rn4p90202300027_f12370_f21100_a0_dac1p25,K5OP,B,0,0.005,1,0,246,ac,0.0,0.0,0,1.25,0,4.972296779927454,4.90202300026721,40.0,2370.0,1100.0,,0,,,,,,,,,,,-49.82488329223544,-50.0,-0.350233415529122,1.1339993363753247,-0.11600066362467532,1.1548292121785493,4.655244526030419,4.928017416530364,True,True,,,,,,,,,,,,,,,,,,,,,,,,,,,,,0
s9_k5op_b_s00_pos1_tap0_mc247_cpl0_rp4p9067598612_rn4p83667745746_f12370_f21100_a0_dac1p25,K5OP,B,0,0.005,1,0,247,ac,0.0,0.0,0,1.25,0,4.906759861198976,4.836677457462542,40.0,2370.0,1100.0,,0,,,,,,,,,,,-50.44634409689497,-50.0,0.8926881937899367,1.2725001692974127,0.02250016929741272,1.2680297032025438,5.331390953419795,4.908586265705358,True,True,,,,,,,,,,,,,,,,,,,,,,,,,,,,,0
s9_k5op_b_s00_pos1_tap0_mc248_cpl0_rp4p91276697059_rn4p88094372504_f12370_f21100_a0_dac1p25,K5OP,B,0,0.005,1,0,248,ac,0.0,0.0,0,1.25,0,4.912766970587882,4.880943725040297,40.0,2370.0,1100.0,,0,,,,,,,,,,,-50.74483084306136,-50.0,1.489661686122723,1.3165834453184475,0.06658344531844751,1.3035715231094933,5.486466682218181,4.883932220528208,True,True,,,,,,,,,,,,,,,,,,,,,,,,,,,,,0
s9_k5op_b_s00_pos1_tap0_mc249_cpl0_rp4p80321874913_rn4p90064253942_f12370_f21100_a0_dac1p25,K5OP,B,0,0.005,1,0,249,ac,0.0,0.0,0,1.25,0,4.803218749129418,4.900642539415244,40.0,2370.0,1100.0,,0,,,,,,,,,,,-49.74411769736564,-50.0,-0.5117646052687275,1.2409907503403559,-0.009009249659644114,1.2426587489770446,5.118240991881542,4.911505069588744,True,True,,,,,,,,,,,,,,,,,,,,,,,,,,,,,0
s9_k5op_b_s00_pos1_tap0_mc24_cpl0_rp4p87095090022_rn4p94382442661_f12370_f21100_a0_dac1p25,K5OP,B,0,0.005,1,0,24,ac,0.0,0.0,0,1.25,0,4.8709509002161315,4.943824426609955,40.0,2370.0,1100.0,,0,,,,,,,,,,,-50.35164811004744,-50.0,0.7032962200948845,1.3200118363391928,0.07001183633919283,1.3068755204842648,5.45010486959475,4.864091739445736,True,True,,,,,,,,,,,,,,,,,,,,,,,,,,,,,0
s9_k5op_b_s00_pos1_tap0_mc250_cpl0_rp4p90639839029_rn4p94429674382_f12370_f21100_a0_dac1p25,K5OP,B,0,0.005,1,0,250,ac,0.0,0.0,0,1.25,0,4.906398390294764,4.944296743823049,40.0,2370.0,1100.0,,0,,,,,,,,,,,-49.68426768191314,-50.0,-0.6314646361737175,1.2053179626287571,-0.04468203737124288,1.2141845059298304,5.061030838386934,4.922575201965337,True,True,,,,,,,,,,,,,,,,,,,,,,,,,,,,,0
s9_k5op_b_s00_pos1_tap0_mc251_cpl0_rp4p88829184932_rn4p83881567663_f12370_f21100_a0_dac1p25,K5OP,B,0,0.005,1,0,251,ac,0.0,0.0,0,1.25,0,4.888291849315955,4.838815676632653,40.0,2370.0,1100.0,,0,,,,,,,,,,,-51.32818344131484,-50.0,2.6563668826296905,1.3574630780494472,0.10746307804944721,1.3367043350092374,5.635415883610776,4.775255045823826,True,True,,,,,,,,,,,,,,,,,,,,,,,,,,,,,0
s9_k5op_b_s00_pos1_tap0_mc252_cpl0_rp4p82748749781_rn4p95954260264_f12370_f21100_a0_dac1p25,K5OP,B,0,0.005,1,0,252,ac,0.0,0.0,0,1.25,0,4.827487497808149,4.959542602643575,40.0,2370.0,1100.0,,0,,,,,,,,,,,-50.428391483419155,-50.0,0.8567829668383098,1.1447486752523912,-0.10525132474760879,1.1662406651480473,4.856681835481263,4.930808007493603,True,True,,,,,,,,,,,,,,,,,,,,,,,,,,,,,0
s9_k5op_b_s00_pos1_tap0_mc253_cpl0_rp4p88764588563_rn4p88894758767_f12370_f21100_a0_dac1p25,K5OP,B,0,0.005,1,0,253,ac,0.0,0.0,0,1.25,0,4.887645885627932,4.888947587665772,40.0,2370.0,1100.0,,0,,,,,,,,,,,-49.36219868696856,-50.0,-1.2756026260628772,1.2342158402941088,-0.0157841597058912,1.2370564519541818,5.05860204751413,4.911199380368719,True,True,,,,,,,,,,,,,,,,,,,,,,,,,,,,,0
s9_k5op_b_s00_pos1_tap0_mc254_cpl0_rp4p96697839098_rn4p94604752154_f12370_f21100_a0_dac1p25,K5OP,B,0,0.005,1,0,254,ac,0.0,0.0,0,1.25,0,4.966978390981929,4.946047521542091,40.0,2370.0,1100.0,,0,,,,,,,,,,,-50.152802001379726,-50.0,0.305604002759452,1.1372662617050393,-0.1127337382949607,1.1588675962245185,4.744601225207136,4.929668053812682,True,True,,,,,,,,,,,,,,,,,,,,,,,,,,,,,0
s9_k5op_b_s00_pos1_tap0_mc255_cpl0_rp4p95577092362_rn4p82720877893_f12370_f21100_a0_dac1p25,K5OP,B,0,0.005,1,0,255,ac,0.0,0.0,0,1.25,0,4.955770923615263,4.827208778925075,40.0,2370.0,1100.0,,0,,,,,,,,,,,-49.33632942373256,-50.0,-1.3273411525348888,1.1904558540435262,-0.05954414595647384,1.2017278830504041,4.942566023304133,4.922587475550961,True,True,,,,,,,,,,,,,,,,,,,,,,,,,,,,,0
s9_k5op_b_s00_pos1_tap0_mc256_cpl0_rp4p96150384685_rn4p82679675165_f12370_f21100_a0_dac1p25,K5OP,B,0,0.005,1,0,256,ac,0.0,0.0,0,1.25,0,4.9615038468530726,4.82679675165486,40.0,2370.0,1100.0,,0,,,,,,,,,,,-48.848278844992876,-50.0,-2.3034423100142476,1.2041355174645827,-0.045864482535417306,1.2128383837252528,5.000138639625675,4.920662639645657,True,True,,,,,,,,,,,,,,,,,,,,,,,,,,,,,0
s9_k5op_b_s00_pos1_tap0_mc257_cpl0_rp4p86717588036_rn4p88837970906_f12370_f21100_a0_dac1p25,K5OP,B,0,0.005,1,0,257,ac,0.0,0.0,0,1.25,0,4.867175880356308,4.888379709062037,40.0,2370.0,1100.0,,0,,,,,,,,,,,-49.77568545944111,-50.0,-0.44862908111779065,1.3467594704709998,0.09675947047099975,1.3279799330535071,5.598503961231723,4.821070992548585,True,True,,,,,,,,,,,,,,,,,,,,,,,,,,,,,0
s9_k5op_b_s00_pos1_tap0_mc258_cpl0_rp4p88877692796_rn4p85246225886_f12370_f21100_a0_dac1p25,K5OP,B,0,0.005,1,0,258,ac,0.0,0.0,0,1.25,0,4.8887769279612066,4.852462258858391,40.0,2370.0,1100.0,,0,,,,,,,,,,,-49.278467204425525,-50.0,-1.443065591148951,1.3674712458053626,0.11747124580536261,1.3450992823701118,5.657928679097472,4.718107427106106,True,True,,,,,,,,,,,,,,,,,,,,,,,,,,,,,0
s9_k5op_b_s00_pos1_tap0_mc259_cpl0_rp4p9579517246_rn4p81782168776_f12370_f21100_a0_dac1p25,K5OP,B,0,0.005,1,0,259,ac,0.0,0.0,0,1.25,0,4.957951724600125,4.817821687756452,40.0,2370.0,1100.0,,0,,,,,,,,,,,-48.81665388782208,-50.0,-2.3666922243558486,1.2431299020793491,-0.006870097920650853,1.2444997958653419,5.218581492622931,4.916177033072102,True,True,,,,,,,,,,,,,,,,,,,,,,,,,,,,,0
s9_k5op_b_s00_pos1_tap0_mc25_cpl0_rp4p94809069737_rn4p86893407988_f12370_f21100_a0_dac1p25,K5OP,B,0,0.005,1,0,25,ac,0.0,0.0,0,1.25,0,4.948090697367347,4.868934079880725,40.0,2370.0,1100.0,,0,,,,,,,,,,,-48.89876771793755,-50.0,-2.202464564124895,1.2291703091303883,-0.020829690869611728,1.233373945558244,5.178585193280453,4.919571379876076,True,True,,,,,,,,,,,,,,,,,,,,,,,,,,,,,0
s9_k5op_b_s00_pos1_tap0_mc260_cpl0_rp4p8152422395_rn4p80619927478_f12370_f21100_a0_dac1p25,K5OP,B,0,0.005,1,0,260,ac,0.0,0.0,0,1.25,0,4.81524223950122,4.806199274783992,40.0,2370.0,1100.0,,0,,,,,,,,,,,-50.35322886419724,-50.0,0.7064577283944828,1.2199788437937449,-0.030021156206255117,1.2257531295192068,5.0801269309781105,4.9184721685034765,True,True,,,,,,,,,,,,,,,,,,,,,,,,,,,,,0
s9_k5op_b_s00_pos1_tap0_mc261_cpl0_rp4p99674292571_rn4p92532545127_f12370_f21100_a0_dac1p25,K5OP,B,0,0.005,1,0,261,ac,0.0,0.0,0,1.25,0,4.996742925711324,4.925325451272178,40.0,2370.0,1100.0,,0,,,,,,,,,,,-50.02482272542075,-50.0,0.04964545084149563,1.2764061213875078,0.026406121387507753,1.2715236237797796,5.258367860098353,4.8991424143889635,True,True,,,,,,,,,,,,,,,,,,,,,,,,,,,,,0
s9_k5op_b_s00_pos1_tap0_mc262_cpl0_rp4p91344335367_rn4p99383127602_f12370_f21100_a0_dac1p25,K5OP,B,0,0.005,1,0,262,ac,0.0,0.0,0,1.25,0,4.913443353669787,4.993831276024584,40.0,2370.0,1100.0,,0,,,,,,,,,,,-50.15016270836225,-50.0,0.30032541672451174,1.1728668590382967,-0.07713314096170332,1.188301066368604,4.9421123496378705,4.927120773649703,True,True,,,,,,,,,,,,,,,,,,,,,,,,,,,,,0
s9_k5op_b_s00_pos1_tap0_mc263_cpl0_rp4p88067085141_rn4p88387044565_f12370_f21100_a0_dac1p25,K5OP,B,0,0.005,1,0,263,ac,0.0,0.0,0,1.25,0,4.880670851412191,4.883870445650321,40.0,2370.0,1100.0,,0,,,,,,,,,,,-49.97773788864457,-50.0,-0.044524222710862205,1.292567706155956,0.04256770615595595,1.2846149132391012,5.335222838806143,4.891852748579708,True,True,,,,,,,,,,,,,,,,,,,,,,,,,,,,,0
s9_k5op_b_s00_pos1_tap0_mc264_cpl0_rp4p98667603636_rn4p86889694564_f12370_f21100_a0_dac1p25,K5OP,B,0,0.005,1,0,264,ac,0.0,0.0,0,1.25,0,4.9866760363581975,4.868896945639033,40.0,2370.0,1100.0,,0,,,,,,,,,,,-49.13066540616517,-50.0,-1.7386691876696614,1.1734147738948641,-0.07658522610513585,1.1883520535805963,4.911317887539948,4.926229774147346,True,True,,,,,,,,,,,,,,,,,,,,,,,,,,,,,0
s9_k5op_b_s00_pos1_tap0_mc265_cpl0_rp4p86689686023_rn4p86443380961_f12370_f21100_a0_dac1p25,K5OP,B,0,0.005,1,0,265,ac,0.0,0.0,0,1.25,0,4.866896860230826,4.864433809607853,40.0,2370.0,1100.0,,0,,,,,,,,,,,-51.05394468710056,-50.0,2.1078893742011218,1.3280230674920979,0.07802306749209786,1.3119518939747068,5.6016300458521915,4.888692088617815,True,True,,,,,,,,,,,,,,,,,,,,,,,,,,,,,0
s9_k5op_b_s00_pos1_tap0_mc266_cpl0_rp4p98984824733_rn4p98947853282_f12370_f21100_a0_dac1p25,K5OP,B,0,0.005,1,0,266,ac,0.0,0.0,0,1.25,0,4.98984824733454,4.989478532816551,40.0,2370.0,1100.0,,0,,,,,,,,,,,-51.503782095396744,-50.0,3.007564190793488,1.4250919156620854,0.17509191566208537,1.390665048644278,5.928290681679815,4.5275553563830675,True,True,,,,,,,,,,,,,,,,,,,,,,,,,,,,,0
s9_k5op_b_s00_pos1_tap0_mc267_cpl0_rp4p90256861613_rn4p8911348467_f12370_f21100_a0_dac1p25,K5OP,B,0,0.005,1,0,267,ac,0.0,0.0,0,1.25,0,4.902568616128807,4.891134846700927,40.0,2370.0,1100.0,,0,,,,,,,,,,,-48.818588974970375,-50.0,-2.3628220500592545,1.3007949529183682,0.05079495291836822,1.2912005219073726,5.381240486162284,4.888420862443501,True,True,,,,,,,,,,,,,,,,,,,,,,,,,,,,,0
s9_k5op_b_s00_pos1_tap0_mc268_cpl0_rp4p88868272998_rn4p83524608328_f12370_f21100_a0_dac1p25,K5OP,B,0,0.005,1,0,268,ac,0.0,0.0,0,1.25,0,4.888682729983905,4.835246083280259,40.0,2370.0,1100.0,,0,,,,,,,,,,,-50.71477108392175,-50.0,1.4295421678435005,1.2461874241274833,-0.0038125758725167103,1.2469864973802465,5.298439672955848,4.9187266193407835,True,True,,,,,,,,,,,,,,,,,,,,,,,,,,,,,0
s9_k5op_b_s00_pos1_tap0_mc269_cpl0_rp4p89013787621_rn4p82028690977_f12370_f21100_a0_dac1p25,K5OP,B,0,0.005,1,0,269,ac,0.0,0.0,0,1.25,0,4.890137876206749,4.820286909772111,40.0,2370.0,1100.0,,0,,,,,,,,,,,-50.31581728199619,-50.0,0.6316345639923782,1.2690879667182082,0.019087966718208227,1.26537263880741,5.2914265993783065,4.907650513721571,True,True,,,,,,,,,,,,,,,,,,,,,,,,,,,,,0
s9_k5op_b_s00_pos1_tap0_mc26_cpl0_rp4p96840511781_rn4p83667719361_f12370_f21100_a0_dac1p25,K5OP,B,0,0.005,1,0,26,ac,0.0,0.0,0,1.25,0,4.968405117807948,4.836677193612291,40.0,2370.0,1100.0,,0,,,,,,,,,,,-51.17768140619594,-50.0,2.3553628123918813,1.3388182294878435,0.08881822948784346,1.3211622883987242,5.597326992416155,4.862563376517104,True,True,,,,,,,,,,,,,,,,,,,,,,,,,,,,,0
s9_k5op_b_s00_pos1_tap0_mc270_cpl0_rp4p85602543953_rn4p83284111694_f12370_f21100_a0_dac1p25,K5OP,B,0,0.005,1,0,270,ac,0.0,0.0,0,1.25,0,4.856025439530272,4.832841116941261,40.0,2370.0,1100.0,,0,,,,,,,,,,,-48.98295050431045,-50.0,-2.0340989913790963,1.275772793940117,0.02577279394011689,1.2707598377419127,5.317280992377553,4.90548264090441,True,True,,,,,,,,,,,,,,,,,,,,,,,,,,,,,0
s9_k5op_b_s00_pos1_tap0_mc271_cpl0_rp4p95544005807_rn4p91742540498_f12370_f21100_a0_dac1p25,K5OP,B,0,0.005,1,0,271,ac,0.0,0.0,0,1.25,0,4.955440058069738,4.917425404978769,40.0,2370.0,1100.0,,0,,,,,,,,,,,-50.2672336353549,-50.0,0.5344672707098042,1.3819101740274833,0.13191017402748328,1.356307198954962,5.739166692106286,4.683870003851263,True,True,,,,,,,,,,,,,,,,,,,,,,,,,,,,,0
s9_k5op_b_s00_pos1_tap0_mc272_cpl0_rp4p89203969634_rn4p88601287793_f12370_f21100_a0_dac1p25,K5OP,B,0,0.005,1,0,272,ac,0.0,0.0,0,1.25,0,4.892039696343678,4.8860128779308205,40.0,2370.0,1100.0,,0,,,,,,,,,,,-49.87456053022754,-50.0,-0.25087893954491847,1.4336704657656998,0.1836704657656998,1.3994683362312759,5.895747916694532,4.426384190568959,False,True,,,,,,,,,,,,,,,,,,,,,,,,,,,,,0
s9_k5op_b_s00_pos1_tap0_mc273_cpl0_rp4p87314728285_rn4p84524904536_f12370_f21100_a0_dac1p25,K5OP,B,0,0.005,1,0,273,ac,0.0,0.0,0,1.25,0,4.87314728285174,4.845249045357976,40.0,2370.0,1100.0,,0,,,,,,,,,,,-49.148448407250186,-50.0,-1.7031031854996326,1.3597908092651272,0.10979080926512719,1.33889638689394,5.626341423096376,4.7478621388173625,True,True,,,,,,,,,,,,,,,,,,,,,,,,,,,,,0
s9_k5op_b_s00_pos1_tap0_mc274_cpl0_rp4p91018433355_rn4p81113553494_f12370_f21100_a0_dac1p25,K5OP,B,0,0.005,1,0,274,ac,0.0,0.0,0,1.25,0,4.910184333553857,4.811135534942751,40.0,2370.0,1100.0,,0,,,,,,,,,,,-50.02248865647818,-50.0,0.044977312956362425,1.4239678762485264,0.1739678762485264,1.3898130760859206,5.921885413699558,4.53014240371136,True,True,,,,,,,,,,,,,,,,,,,,,,,,,,,,,0
s9_k5op_b_s00_pos1_tap0_mc275_cpl0_rp4p91968061208_rn4p81334763513_f12370_f21100_a0_dac1p25,K5OP,B,0,0.005,1,0,275,ac,0.0,0.0,0,1.25,0,4.919680612079673,4.813347635132701,40.0,2370.0,1100.0,,0,,,,,,,,,,,-49.35189880546309,-50.0,-1.2962023890738306,1.2372909640642895,-0.012709035935710489,1.2397412890942752,5.152346928724318,4.915224691085352,True,True,,,,,,,,,,,,,,,,,,,,,,,,,,,,,0
s9_k5op_b_s00_pos1_tap0_mc276_cpl0_rp4p97496122356_rn4p97857918554_f12370_f21100_a0_dac1p25,K5OP,B,0,0.005,1,0,276,ac,0.0,0.0,0,1.25,0,4.974961223561711,4.978579185542484,40.0,2370.0,1100.0,,0,,,,,,,,,,,-49.2937931752313,-50.0,-1.412413649537403,1.3752988840966638,0.1252988840966638,1.350489679302228,5.738104608644129,4.735616508498415,True,True,,,,,,,,,,,,,,,,,,,,,,,,,,,,,0
s9_k5op_b_s00_pos1_tap0_mc277_cpl0_rp4p95207148224_rn4p82414989704_f12370_f21100_a0_dac1p25,K5OP,B,0,0.005,1,0,277,ac,0.0,0.0,0,1.25,0,4.952071482241088,4.824149897040279,40.0,2370.0,1100.0,,0,,,,,,,,,,,-50.25637081852663,-50.0,0.51274163705326,1.3015080420312575,0.05150804203125747,1.291955984686972,5.362239992712931,4.883257842400063,True,True,,,,,,,,,,,,,,,,,,,,,,,,,,,,,0
s9_k5op_b_s00_pos1_tap0_mc278_cpl0_rp4p81673972575_rn4p91947154548_f12370_f21100_a0_dac1p25,K5OP,B,0,0.005,1,0,278,ac,0.0,0.0,0,1.25,0,4.816739725753125,4.919471545478923,40.0,2370.0,1100.0,,0,,,,,,,,,,,-50.31861886118261,-50.0,0.6372377223652137,1.1836214694676859,-0.06637853053231413,1.196861951372714,4.981005752754056,4.92577191474367,True,True,,,,,,,,,,,,,,,,,,,,,,,,,,,,,0
s9_k5op_b_s00_pos1_tap0_mc279_cpl0_rp4p99656962876_rn4p93923706344_f12370_f21100_a0_dac1p25,K5OP,B,0,0.005,1,0,279,ac,0.0,0.0,0,1.25,0,4.996569628759205,4.939237063439288,40.0,2370.0,1100.0,,0,,,,,,,,,,,-50.44564814305596,-50.0,0.8912962861119311,1.1535094667983212,-0.09649053320167877,1.1720754718897273,4.814714076275534,4.928004826407712,True,True,,,,,,,,,,,,,,,,,,,,,,,,,,,,,0
s9_k5op_b_s00_pos1_tap0_mc27_cpl0_rp4p84221243785_rn4p99596913471_f12370_f21100_a0_dac1p25,K5OP,B,0,0.005,1,0,27,ac,0.0,0.0,0,1.25,0,4.842212437846862,4.995969134714784,40.0,2370.0,1100.0,,0,,,,,,,,,,,-50.24725509715777,-50.0,0.494510194315545,1.285192483486213,0.035192483486212955,1.2782441217742133,5.374015698273519,4.903700733065563,True,True,,,,,,,,,,,,,,,,,,,,,,,,,,,,,0
s9_k5op_b_s00_pos1_tap0_mc280_cpl0_rp4p88628711239_rn4p99181917924_f12370_f21100_a0_dac1p25,K5OP,B,0,0.005,1,0,280,ac,0.0,0.0,0,1.25,0,4.886287112390138,4.991819179244,40.0,2370.0,1100.0,,0,,,,,,,,,,,-49.57040464104612,-50.0,-0.8591907179077651,1.2397524627182077,-0.010247537281792285,1.2417003651142717,5.144738762578816,4.913725153981865,True,True,,,,,,,,,,,,,,,,,,,,,,,,,,,,,0
s9_k5op_b_s00_pos1_tap0_mc281_cpl0_rp4p96582010468_rn4p85196234501_f12370_f21100_a0_dac1p25,K5OP,B,0,0.005,1,0,281,ac,0.0,0.0,0,1.25,0,4.965820104684439,4.851962345011119,40.0,2370.0,1100.0,,0,,,,,,,,,,,-50.42291554592237,-50.0,0.8458310918447509,1.446891687408072,0.19689168740807195,1.4066847267328755,6.065331241149046,4.490197741884484,False,True,,,,,,,,,,,,,,,,,,,,,,,,,,,,,0
s9_k5op_b_s00_pos1_tap0_mc282_cpl0_rp4p91440963991_rn4p90249827447_f12370_f21100_a0_dac1p25,K5OP,B,0,0.005,1,0,282,ac,0.0,0.0,0,1.25,0,4.9144096399146555,4.902498274473063,40.0,2370.0,1100.0,,0,,,,,,,,,,,-50.83506619784295,-50.0,1.670132395685897,1.2536180943510837,0.003618094351083734,1.2528690432058456,5.311010346436479,4.91653115969563,True,True,,,,,,,,,,,,,,,,,,,,,,,,,,,,,0
s9_k5op_b_s00_pos1_tap0_mc283_cpl0_rp4p86388330479_rn4p80711897752_f12370_f21100_a0_dac1p25,K5OP,B,0,0.005,1,0,283,ac,0.0,0.0,0,1.25,0,4.863883304787585,4.807118977521,40.0,2370.0,1100.0,,0,,,,,,,,,,,-50.65949637534928,-50.0,1.3189927506985555,1.3989378309662708,0.14893783096627078,1.3698416492453727,5.8154632854192165,4.62395976290492,True,True,,,,,,,,,,,,,,,,,,,,,,,,,,,,,0
s9_k5op_b_s00_pos1_tap0_mc284_cpl0_rp4p87305197018_rn4p87796273137_f12370_f21100_a0_dac1p25,K5OP,B,0,0.005,1,0,284,ac,0.0,0.0,0,1.25,0,4.873051970181386,4.8779627313650185,40.0,2370.0,1100.0,,0,,,,,,,,,,,-50.51275424039048,-50.0,1.0255084807809567,1.3283934530942454,0.07839345309424539,1.3133970108579984,5.507075817279061,4.859364890402275,True,True,,,,,,,,,,,,,,,,,,,,,,,,,,,,,0
s9_k5op_b_s00_pos1_tap0_mc285_cpl0_rp4p94436651477_rn4p99774297282_f12370_f21100_a0_dac1p25,K5OP,B,0,0.005,1,0,285,ac,0.0,0.0,0,1.25,0,4.9443665147688325,4.997742972819162,40.0,2370.0,1100.0,,0,,,,,,,,,,,-50.79868941951337,-50.0,1.597378839026753,1.387213230142499,0.1372132301424991,1.3587705991697754,5.847118913376882,4.749249469218712,True,True,,,,,,,,,,,,,,,,,,,,,,,,,,,,,0
s9_k5op_b_s00_pos1_tap0_mc286_cpl0_rp4p9239685101_rn4p89417343446_f12370_f21100_a0_dac1p25,K5OP,B,0,0.005,1,0,286,ac,0.0,0.0,0,1.25,0,4.9239685101041575,4.894173434460581,40.0,2370.0,1100.0,,0,,,,,,,,,,,-51.37801979404388,-50.0,2.7560395880877664,1.3424733683309162,0.09247336833091624,1.3239466953805419,5.622165329303643,4.860478408689701,True,True,,,,,,,,,,,,,,,,,,,,,,,,,,,,,0
s9_k5op_b_s00_pos1_tap0_mc287_cpl0_rp4p81787448104_rn4p97519879239_f12370_f21100_a0_dac1p25,K5OP,B,0,0.005,1,0,287,ac,0.0,0.0,0,1.25,0,4.817874481037555,4.975198792386667,40.0,2370.0,1100.0,,0,,,,,,,,,,,-49.32259370240999,-50.0,-1.3548125951800216,1.3507123465010151,0.10071234650101513,1.3314556500950412,5.595759329153507,4.789245435713583,True,True,,,,,,,,,,,,,,,,,,,,,,,,,,,,,0
s9_k5op_b_s00_pos1_tap0_mc288_cpl0_rp4p96893330957_rn4p92910243027_f12370_f21100_a0_dac1p25,K5OP,B,0,0.005,1,0,288,ac,0.0,0.0,0,1.25,0,4.9689333095693735,4.929102430269127,40.0,2370.0,1100.0,,0,,,,,,,,,,,-49.6382850212429,-50.0,-0.7234299575141989,1.1348160995116958,-0.11518390048830418,1.1573109502674033,4.7585689809138625,4.930489513929759,True,True,,,,,,,,,,,,,,,,,,,,,,,,,,,,,0
s9_k5op_b_s00_pos1_tap0_mc289_cpl0_rp4p80903046599_rn4p88305635389_f12370_f21100_a0_dac1p25,K5OP,B,0,0.005,1,0,289,ac,0.0,0.0,0,1.25,0,4.809030465986894,4.883056353894581,40.0,2370.0,1100.0,,0,,,,,,,,,,,-51.04169665593794,-50.0,2.0833933118758807,1.173377798968232,-0.07662220103176809,1.1882438875668637,4.904545887894733,4.925927786519933,True,True,,,,,,,,,,,,,,,,,,,,,,,,,,,,,0
s9_k5op_b_s00_pos1_tap0_mc28_cpl0_rp4p96950778313_rn4p90427093524_f12370_f21100_a0_dac1p25,K5OP,B,0,0.005,1,0,28,ac,0.0,0.0,0,1.25,0,4.969507783131816,4.904270935236131,40.0,2370.0,1100.0,,0,,,,,,,,,,,-50.017748660102775,-50.0,0.035497320205557514,1.2216278711649755,-0.02837212883502449,1.2270134914247828,5.070549796401831,4.917463620067844,True,True,,,,,,,,,,,,,,,,,,,,,,,,,,,,,0
s9_k5op_b_s00_pos1_tap0_mc290_cpl0_rp4p85100514753_rn4p88882970306_f12370_f21100_a0_dac1p25,K5OP,B,0,0.005,1,0,290,ac,0.0,0.0,0,1.25,0,4.85100514752832,4.8888297030556735,40.0,2370.0,1100.0,,0,,,,,,,,,,,-50.89786207793212,-50.0,1.7957241558642423,1.2381671897431599,-0.011832810256840132,1.240365663168868,5.111072907570263,4.912449859370207,True,True,,,,,,,,,,,,,,,,,,,,,,,,,,,,,0
s9_k5op_b_s00_pos1_tap0_mc291_cpl0_rp4p87694019521_rn4p8306926344_f12370_f21100_a0_dac1p25,K5OP,B,0,0.005,1,0,291,ac,0.0,0.0,0,1.25,0,4.876940195209088,4.830692634401663,40.0,2370.0,1100.0,,0,,,,,,,,,,,-49.9622197379912,-50.0,-0.07556052401760383,1.1699928006791351,-0.08000719932086486,1.1860489338613154,4.934461196972295,4.9276387728353,True,True,,,,,,,,,,,,,,,,,,,,,,,,,,,,,0
s9_k5op_b_s00_pos1_tap0_mc292_cpl0_rp4p89265193245_rn4p83600217757_f12370_f21100_a0_dac1p25,K5OP,B,0,0.005,1,0,292,ac,0.0,0.0,0,1.25,0,4.8926519324505735,4.836002177568029,40.0,2370.0,1100.0,,0,,,,,,,,,,,-50.71386052481363,-50.0,1.427721049627273,1.220083972699987,-0.02991602730001297,1.2263503377541862,5.193194626543832,4.922879230632333,True,True,,,,,,,,,,,,,,,,,,,,,,,,,,,,,0
s9_k5op_b_s00_pos1_tap0_mc293_cpl0_rp4p92492418595_rn4p89121378688_f12370_f21100_a0_dac1p25,K5OP,B,0,0.005,1,0,293,ac,0.0,0.0,0,1.25,0,4.924924185946928,4.891213786876586,40.0,2370.0,1100.0,,0,,,,,,,,,,,-50.473326381472724,-50.0,0.9466527629454546,1.2119922706208879,-0.03800772937911212,1.219365853280538,5.058901342295567,4.920367727100113,True,True,,,,,,,,,,,,,,,,,,,,,,,,,,,,,0
s9_k5op_b_s00_pos1_tap0_mc294_cpl0_rp4p88144653138_rn4p96123606146_f12370_f21100_a0_dac1p25,K5OP,B,0,0.005,1,0,294,ac,0.0,0.0,0,1.25,0,4.881446531383991,4.961236061463274,40.0,2370.0,1100.0,,0,,,,,,,,,,,-49.81294392279567,-50.0,-0.37411215440866785,1.2827336553169437,0.03273365531694372,1.276641673747207,5.2913218265032125,4.896909056454862,True,True,,,,,,,,,,,,,,,,,,,,,,,,,,,,,0
s9_k5op_b_s00_pos1_tap0_mc295_cpl0_rp4p9067341631_rn4p86006960624_f12370_f21100_a0_dac1p25,K5OP,B,0,0.005,1,0,295,ac,0.0,0.0,0,1.25,0,4.906734163100417,4.860069606237508,40.0,2370.0,1100.0,,0,,,,,,,,,,,-49.597083955816856,-50.0,-0.8058320883662873,1.2601023071457154,0.010102307145715361,1.2581488947632047,5.247212266902789,4.909852635914186,True,True,,,,,,,,,,,,,,,,,,,,,,,,,,,,,0
s9_k5op_b_s00_pos1_tap0_mc296_cpl0_rp4p92067480854_rn4p84523268671_f12370_f21100_a0_dac1p25,K5OP,B,0,0.005,1,0,296,ac,0.0,0.0,0,1.25,0,4.920674808541191,4.845232686707793,40.0,2370.0,1100.0,,0,,,,,,,,,,,-49.4230176456667,-50.0,-1.1539647086666105,1.111848022061253,-0.138151977938747,1.140019345294503,4.723213630648466,4.933753860354129,True,True,,,,,,,,,,,,,,,,,,,,,,,,,,,,,0
s9_k5op_b_s00_pos1_tap0_mc297_cpl0_rp4p87105347092_rn4p98739239032_f12370_f21100_a0_dac1p25,K5OP,B,0,0.005,1,0,297,ac,0.0,0.0,0,1.25,0,4.8710534709176745,4.987392390316434,40.0,2370.0,1100.0,,0,,,,,,,,,,,-48.80738374535731,-50.0,-2.3852325092853732,1.2703077002938812,0.02030770029388118,1.2663578698314164,5.295378004530152,4.907294643185558,True,True,,,,,,,,,,,,,,,,,,,,,,,,,,,,,0
s9_k5op_b_s00_pos1_tap0_mc298_cpl0_rp4p86118575176_rn4p86699901285_f12370_f21100_a0_dac1p25,K5OP,B,0,0.005,1,0,298,ac,0.0,0.0,0,1.25,0,4.861185751759431,4.866999012846953,40.0,2370.0,1100.0,,0,,,,,,,,,,,-48.75299813128508,-50.0,-2.4940037374298396,1.1490526105787364,-0.10094738942126358,1.1672966435040681,4.722713809687029,4.926508243115174,True,True,,,,,,,,,,,,,,,,,,,,,,,,,,,,,0
s9_k5op_b_s00_pos1_tap0_mc299_cpl0_rp4p90416621044_rn4p82388538802_f12370_f21100_a0_dac1p25,K5OP,B,0,0.005,1,0,299,ac,0.0,0.0,0,1.25,0,4.90416621044304,4.823885388018154,40.0,2370.0,1100.0,,0,,,,,,,,,,,-48.75706389512402,-50.0,-2.4858722097519603,1.392421565938516,0.14242156593851596,1.3645060847763135,5.793605831961894,4.654228460239114,True,True,,,,,,,,,,,,,,,,,,,,,,,,,,,,,0
s9_k5op_b_s00_pos1_tap0_mc29_cpl0_rp4p85078460467_rn4p80797514988_f12370_f21100_a0_dac1p25,K5OP,B,0,0.005,1,0,29,ac,0.0,0.0,0,1.25,0,4.850784604666872,4.8079751498766194,40.0,2370.0,1100.0,,0,,,,,,,,,,,-49.37993984162503,-50.0,-1.2401203167499375,1.169509778824609,-0.08049022117539106,1.1849165672764137,4.87227849065987,4.9259384687541345,True,True,,,,,,,,,,,,,,,,,,,,,,,,,,,,,0
s9_k5op_b_s00_pos1_tap0_mc2_cpl0_rp4p98200254129_rn4p81433455753_f12370_f21100_a0_dac1p25,K5OP,B,0,0.005,1,0,2,ac,0.0,0.0,0,1.25,0,4.982002541288809,4.814334557529274,40.0,2370.0,1100.0,,0,,,,,,,,,,,-49.56332950751152,-50.0,-0.8733409849769669,1.2863756000729283,0.03637560007292828,1.279490196859238,5.326122965001568,4.897586827866931,True,True,,,,,,,,,,,,,,,,,,,,,,,,,,,,,0
s9_k5op_b_s00_pos1_tap0_mc300_cpl0_rp4p81684727174_rn4p82551800787_f12370_f21100_a0_dac1p25,K5OP,B,0,0.005,1,0,300,ac,0.0,0.0,0,1.25,0,4.816847271740415,4.82551800787176,40.0,2370.0,1100.0,,0,,,,,,,,,,,-49.92399263006541,-50.0,-0.15201473986917735,1.2048238031704201,-0.04517619682957985,1.2134438387669624,5.0096658720818255,4.92080206323336,True,True,,,,,,,,,,,,,,,,,,,,,,,,,,,,,0
s9_k5op_b_s00_pos1_tap0_mc301_cpl0_rp4p85482141735_rn4p83460072682_f12370_f21100_a0_dac1p25,K5OP,B,0,0.005,1,0,301,ac,0.0,0.0,0,1.25,0,4.854821417348775,4.834600726821064,40.0,2370.0,1100.0,,0,,,,,,,,,,,-49.890995761574516,-50.0,-0.2180084768509727,1.2462521906458552,-0.00374780935414476,1.2469709630777024,5.18164376281476,4.912783260949812,True,True,,,,,,,,,,,,,,,,,,,,,,,,,,,,,0
s9_k5op_b_s00_pos1_tap0_mc302_cpl0_rp4p8218068001_rn4p96010867454_f12370_f21100_a0_dac1p25,K5OP,B,0,0.005,1,0,302,ac,0.0,0.0,0,1.25,0,4.821806800096206,4.960108674539765,40.0,2370.0,1100.0,,0,,,,,,,,,,,-50.679434016882574,-50.0,1.3588680337651482,1.1191946561379142,-0.13080534386208575,1.1459011633617282,4.754286634845574,4.933191509136679,True,True,,,,,,,,,,,,,,,,,,,,,,,,,,,,,0
s9_k5op_b_s00_pos1_tap0_mc303_cpl0_rp4p85285258319_rn4p96337075079_f12370_f21100_a0_dac1p25,K5OP,B,0,0.005,1,0,303,ac,0.0,0.0,0,1.25,0,4.852852583191121,4.963370750787262,40.0,2370.0,1100.0,,0,,,,,,,,,,,-50.434707079605175,-50.0,0.8694141592103577,1.3300621913173138,0.08006219131731385,1.314345882042275,5.546087511433866,4.870275528583408,True,True,,,,,,,,,,,,,,,,,,,,,,,,,,,,,0
s9_k5op_b_s00_pos1_tap0_mc304_cpl0_rp4p92094634383_rn4p86088210914_f12370_f21100_a0_dac1p25,K5OP,B,0,0.005,1,0,304,ac,0.0,0.0,0,1.25,0,4.9209463438299474,4.860882109135308,40.0,2370.0,1100.0,,0,,,,,,,,,,,-50.06837195330904,-50.0,0.13674390661808644,1.3354088283415306,0.08540882834153063,1.3185331726231073,5.57584621160051,4.865157874861656,True,True,,,,,,,,,,,,,,,,,,,,,,,,,,,,,0
s9_k5op_b_s00_pos1_tap0_mc305_cpl0_rp4p97839483225_rn4p8682588316_f12370_f21100_a0_dac1p25,K5OP,B,0,0.005,1,0,305,ac,0.0,0.0,0,1.25,0,4.978394832248415,4.868258831598659,40.0,2370.0,1100.0,,0,,,,,,,,,,,-50.61245270698622,-50.0,1.2249054139724436,1.2422218256548472,-0.007778174345152822,1.2437955025368639,5.234153739384549,4.917279364593341,True,True,,,,,,,,,,,,,,,,,,,,,,,,,,,,,0
s9_k5op_b_s00_pos1_tap0_mc306_cpl0_rp4p87490229678_rn4p91103944073_f12370_f21100_a0_dac1p25,K5OP,B,0,0.005,1,0,306,ac,0.0,0.0,0,1.25,0,4.874902296777043,4.911039440734405,40.0,2370.0,1100.0,,0,,,,,,,,,,,-49.9660192463347,-50.0,-0.06796150733059392,1.2822460500894535,0.03224605008945347,1.2763212523450211,5.274385665318109,4.895130086891915,True,True,,,,,,,,,,,,,,,,,,,,,,,,,,,,,0
s9_k5op_b_s00_pos1_tap0_mc307_cpl0_rp4p87833686804_rn4p96320569423_f12370_f21100_a0_dac1p25,K5OP,B,0,0.005,1,0,307,ac,0.0,0.0,0,1.25,0,4.878336868035609,4.963205694230483,40.0,2370.0,1100.0,,0,,,,,,,,,,,-50.22207689817204,-50.0,0.44415379634408225,1.3282912265715596,0.07829122657155962,1.3127236813212848,5.55557327062041,4.877829999529402,True,True,,,,,,,,,,,,,,,,,,,,,,,,,,,,,0
s9_k5op_b_s00_pos1_tap0_mc308_cpl0_rp4p93235483041_rn4p88495127237_f12370_f21100_a0_dac1p25,K5OP,B,0,0.005,1,0,308,ac,0.0,0.0,0,1.25,0,4.932354830405883,4.884951272365861,40.0,2370.0,1100.0,,0,,,,,,,,,,,-49.74857084086626,-50.0,-0.5028583182674851,1.3061960303086775,0.05619603030867748,1.2952173030392156,5.444540971652829,4.891821953093388,True,True,,,,,,,,,,,,,,,,,,,,,,,,,,,,,0
s9_k5op_b_s00_pos1_tap0_mc309_cpl0_rp4p97100834128_rn4p89161582944_f12370_f21100_a0_dac1p25,K5OP,B,0,0.005,1,0,309,ac,0.0,0.0,0,1.25,0,4.9710083412809585,4.891615829444031,40.0,2370.0,1100.0,,0,,,,,,,,,,,-50.497191726643905,-50.0,0.9943834532878171,1.3701588029662797,0.12015880296627968,1.346594113258755,5.705249377601577,4.743846673412213,True,True,,,,,,,,,,,,,,,,,,,,,,,,,,,,,0
s9_k5op_b_s00_pos1_tap0_mc30_cpl0_rp4p83594831187_rn4p89289841018_f12370_f21100_a0_dac1p25,K5OP,B,0,0.005,1,0,30,ac,0.0,0.0,0,1.25,0,4.835948311874664,4.892898410183164,40.0,2370.0,1100.0,,0,,,,,,,,,,,-49.28224707614115,-50.0,-1.4355058477177107,1.4030232294079665,0.15302322940796653,1.3730303569261517,5.8359870814043955,4.611801007441921,True,True,,,,,,,,,,,,,,,,,,,,,,,,,,,,,0
s9_k5op_b_s00_pos1_tap0_mc310_cpl0_rp4p91915065957_rn4p88698581371_f12370_f21100_a0_dac1p25,K5OP,B,0,0.005,1,0,310,ac,0.0,0.0,0,1.25,0,4.919150659565614,4.8869858137088515,40.0,2370.0,1100.0,,0,,,,,,,,,,,-49.92341134629097,-50.0,-0.15317730741806201,1.2763285659602663,0.026328565960266337,1.27145343622173,5.259732227015672,4.899334831920059,True,True,,,,,,,,,,,,,,,,,,,,,,,,,,,,,0
s9_k5op_b_s00_pos1_tap0_mc311_cpl0_rp4p97950094251_rn4p81502723685_f12370_f21100_a0_dac1p25,K5OP,B,0,0.005,1,0,311,ac,0.0,0.0,0,1.25,0,4.979500942505569,4.815027236851347,40.0,2370.0,1100.0,,0,,,,,,,,,,,-50.04200156764726,-50.0,0.0840031352945303,1.37571766119745,0.12571766119744998,1.3511625852950384,5.722331728047518,4.716541641968307,True,True,,,,,,,,,,,,,,,,,,,,,,,,,,,,,0
s9_k5op_b_s00_pos1_tap0_mc312_cpl0_rp4p85421677397_rn4p93578066086_f12370_f21100_a0_dac1p25,K5OP,B,0,0.005,1,0,312,ac,0.0,0.0,0,1.25,0,4.854216773966086,4.93578066086069,40.0,2370.0,1100.0,,0,,,,,,,,,,,-49.43673553641226,-50.0,-1.1265289271754853,1.2846242730210942,0.034624273021094165,1.277884951172987,5.35356617312719,4.902164004638968,True,True,,,,,,,,,,,,,,,,,,,,,,,,,,,,,0
s9_k5op_b_s00_pos1_tap0_mc313_cpl0_rp4p98338584299_rn4p91619498451_f12370_f21100_a0_dac1p25,K5OP,B,0,0.005,1,0,313,ac,0.0,0.0,0,1.25,0,4.983385842985257,4.916194984507036,40.0,2370.0,1100.0,,0,,,,,,,,,,,-50.31562619513652,-50.0,0.6312523902730405,1.4271275123287033,0.17712751232870327,1.3921853894773804,5.9406619217049705,4.523641823075318,True,True,,,,,,,,,,,,,,,,,,,,,,,,,,,,,0
s9_k5op_b_s00_pos1_tap0_mc314_cpl0_rp4p89178270321_rn4p94014608917_f12370_f21100_a0_dac1p25,K5OP,B,0,0.005,1,0,314,ac,0.0,0.0,0,1.25,0,4.891782703214047,4.940146089174542,40.0,2370.0,1100.0,,0,,,,,,,,,,,-50.925929810778925,-50.0,1.8518596215578498,1.1235685837126677,-0.12643141628733234,1.1489821993967713,4.750891933292218,4.932296393500044,True,True,,,,,,,,,,,,,,,,,,,,,,,,,,,,,0
s9_k5op_b_s00_pos1_tap0_mc315_cpl0_rp4p95978440736_rn4p8024986592_f12370_f21100_a0_dac1p25,K5OP,B,0,0.005,1,0,315,ac,0.0,0.0,0,1.25,0,4.959784407358611,4.802498659200176,40.0,2370.0,1100.0,,0,,,,,,,,,,,-50.34984055607428,-50.0,0.6996811121485536,1.2455812441167482,-0.0044187558832518015,1.2464184000090759,5.164024428300053,4.9120454744650415,True,True,,,,,,,,,,,,,,,,,,,,,,,,,,,,,0
s9_k5op_b_s00_pos1_tap0_mc316_cpl0_rp4p8583602032_rn4p98732433574_f12370_f21100_a0_dac1p25,K5OP,B,0,0.005,1,0,316,ac,0.0,0.0,0,1.25,0,4.858360203204931,4.987324335735985,40.0,2370.0,1100.0,,0,,,,,,,,,,,-50.74421684211572,-50.0,1.4884336842314383,1.3959705155175532,0.14597051551755325,1.3679651487772562,5.780977742689142,4.613213328544512,True,True,,,,,,,,,,,,,,,,,,,,,,,,,,,,,0
s9_k5op_b_s00_pos1_tap0_mc317_cpl0_rp4p82552376357_rn4p82055786459_f12370_f21100_a0_dac1p25,K5OP,B,0,0.005,1,0,317,ac,0.0,0.0,0,1.25,0,4.82552376357094,4.820557864589539,40.0,2370.0,1100.0,,0,,,,,,,,,,,-50.48776092214435,-50.0,0.975521844288707,1.3314817514287869,0.08148175142878689,1.315884453114958,5.5202230774124565,4.853153299943126,True,True,,,,,,,,,,,,,,,,,,,,,,,,,,,,,0
s9_k5op_b_s00_pos1_tap0_mc318_cpl0_rp4p84069031269_rn4p98513015361_f12370_f21100_a0_dac1p25,K5OP,B,0,0.005,1,0,318,ac,0.0,0.0,0,1.25,0,4.840690312693934,4.985130153606704,40.0,2370.0,1100.0,,0,,,,,,,,,,,-50.902010417863686,-50.0,1.8040208357273713,1.2829150749276366,0.03291507492763657,1.276303929123222,5.387274928552456,4.906387466705027,True,True,,,,,,,,,,,,,,,,,,,,,,,,,,,,,0
s9_k5op_b_s00_pos1_tap0_mc319_cpl0_rp4p96200176157_rn4p84345370776_f12370_f21100_a0_dac1p25,K5OP,B,0,0.005,1,0,319,ac,0.0,0.0,0,1.25,0,4.962001761568163,4.843453707764987,40.0,2370.0,1100.0,,0,,,,,,,,,,,-50.35355215226467,-50.0,0.7071043045293379,1.0966103669886478,-0.15338963301135222,1.1266093067784493,4.607552086813357,4.934016587415289,True,True,,,,,,,,,,,,,,,,,,,,,,,,,,,,,0
s9_k5op_b_s00_pos1_tap0_mc31_cpl0_rp4p91238377778_rn4p90702706778_f12370_f21100_a0_dac1p25,K5OP,B,0,0.005,1,0,31,ac,0.0,0.0,0,1.25,0,4.91238377777619,4.907027067784478,40.0,2370.0,1100.0,,0,,,,,,,,,,,-50.75212104647786,-50.0,1.504242092955721,1.2683965912375252,0.01839659123752524,1.264591070284949,5.368995247826305,4.913162464108205,True,True,,,,,,,,,,,,,,,,,,,,,,,,,,,,,0
s9_k5op_b_s00_pos1_tap0_mc320_cpl0_rp4p94079104441_rn4p85031532654_f12370_f21100_a0_dac1p25,K5OP,B,0,0.005,1,0,320,ac,0.0,0.0,0,1.25,0,4.94079104441064,4.850315326540354,40.0,2370.0,1100.0,,0,,,,,,,,,,,-49.64421361306259,-50.0,-0.7115727738748245,1.1390198672437901,-0.11098013275620988,1.1599248450720938,4.73083112995525,4.928950704946666,True,True,,,,,,,,,,,,,,,,,,,,,,,,,,,,,0
s9_k5op_b_s00_pos1_tap0_mc321_cpl0_rp4p84593878108_rn4p95414659732_f12370_f21100_a0_dac1p25,K5OP,B,0,0.005,1,0,321,ac,0.0,0.0,0,1.25,0,4.84593878108377,4.954146597320956,40.0,2370.0,1100.0,,0,,,,,,,,,,,-50.644007282483194,-50.0,1.2880145649663888,1.2356509017029131,-0.01434909829708686,1.2382488465018873,5.071139529473385,4.91119745555295,True,True,,,,,,,,,,,,,,,,,,,,,,,,,,,,,0
s9_k5op_b_s00_pos1_tap0_mc322_cpl0_rp4p88794486298_rn4p92582512111_f12370_f21100_a0_dac1p25,K5OP,B,0,0.005,1,0,322,ac,0.0,0.0,0,1.25,0,4.887944862983555,4.925825121113205,40.0,2370.0,1100.0,,0,,,,,,,,,,,-50.96544929068969,-50.0,1.930898581379381,1.4653617246482848,0.21536172464828485,1.423891412354918,6.063079522500139,4.3401857253137965,False,True,,,,,,,,,,,,,,,,,,,,,,,,,,,,,0
s9_k5op_b_s00_pos1_tap0_mc323_cpl0_rp4p90553250384_rn4p94125211623_f12370_f21100_a0_dac1p25,K5OP,B,0,0.005,1,0,323,ac,0.0,0.0,0,1.25,0,4.905532503835353,4.941252116231823,40.0,2370.0,1100.0,,0,,,,,,,,,,,-50.37773540628842,-50.0,0.7554708125768528,1.4298572440840183,0.17985724408401826,1.3955283416978879,5.910173379381424,4.471315426709291,False,True,,,,,,,,,,,,,,,,,,,,,,,,,,,,,0
s9_k5op_b_s00_pos1_tap0_mc324_cpl0_rp4p92711695148_rn4p94017579379_f12370_f21100_a0_dac1p25,K5OP,B,0,0.005,1,0,324,ac,0.0,0.0,0,1.25,0,4.927116951481417,4.940175793790639,40.0,2370.0,1100.0,,0,,,,,,,,,,,-50.34083485105256,-50.0,0.6816697021051255,1.1741036165045513,-0.0758963834954487,1.1887543730308194,4.901109502310291,4.92564952997294,True,True,,,,,,,,,,,,,,,,,,,,,,,,,,,,,0
s9_k5op_b_s00_pos1_tap0_mc325_cpl0_rp4p97719083858_rn4p83856473353_f12370_f21100_a0_dac1p25,K5OP,B,0,0.005,1,0,325,ac,0.0,0.0,0,1.25,0,4.977190838577252,4.83856473352589,40.0,2370.0,1100.0,,0,,,,,,,,,,,-50.97631450408979,-50.0,1.952629008179585,1.1544969675547831,-0.09550303244521685,1.1723613994712023,4.784396506361086,4.926932444493255,True,True,,,,,,,,,,,,,,,,,,,,,,,,,,,,,0
s9_k5op_b_s00_pos1_tap0_mc326_cpl0_rp4p80220230232_rn4p9260628808_f12370_f21100_a0_dac1p25,K5OP,B,0,0.005,1,0,326,ac,0.0,0.0,0,1.25,0,4.802202302320365,4.9260628807986935,40.0,2370.0,1100.0,,0,,,,,,,,,,,-50.84995850269669,-50.0,1.699917005393381,1.247068972848688,-0.0029310271513121045,1.2476342560068696,5.19184570759635,4.91293370230974,True,True,,,,,,,,,,,,,,,,,,,,,,,,,,,,,0
s9_k5op_b_s00_pos1_tap0_mc327_cpl0_rp4p98419978995_rn4p98528530742_f12370_f21100_a0_dac1p25,K5OP,B,0,0.005,1,0,327,ac,0.0,0.0,0,1.25,0,4.984199789948746,4.985285307417603,40.0,2370.0,1100.0,,0,,,,,,,,,,,-49.35122132655678,-50.0,-1.2975573468864354,1.3466899331720223,0.09668993317202235,1.3285396374276313,5.557368263912755,4.783218839971803,True,True,,,,,,,,,,,,,,,,,,,,,,,,,,,,,0
s9_k5op_b_s00_pos1_tap0_mc328_cpl0_rp4p90300382731_rn4p86494179242_f12370_f21100_a0_dac1p25,K5OP,B,0,0.005,1,0,328,ac,0.0,0.0,0,1.25,0,4.903003827305519,4.864941792415385,40.0,2370.0,1100.0,,0,,,,,,,,,,,-49.520914443550446,-50.0,-0.9581711128991088,1.4072230386148679,0.15722303861486786,1.376045393723519,5.867772709118556,4.609988220453676,True,True,,,,,,,,,,,,,,,,,,,,,,,,,,,,,0
s9_k5op_b_s00_pos1_tap0_mc329_cpl0_rp4p99221349543_rn4p95927698213_f12370_f21100_a0_dac1p25,K5OP,B,0,0.005,1,0,329,ac,0.0,0.0,0,1.25,0,4.992213495431391,4.9592769821292695,40.0,2370.0,1100.0,,0,,,,,,,,,,,-50.22923539315993,-50.0,0.4584707863198645,1.2942612180592359,0.044261218059235885,1.285984595623412,5.343064182118598,4.8908981802088505,True,True,,,,,,,,,,,,,,,,,,,,,,,,,,,,,0
s9_k5op_b_s00_pos1_tap0_mc32_cpl0_rp4p96050602795_rn4p96200633114_f12370_f21100_a0_dac1p25,K5OP,B,0,0.005,1,0,32,ac,0.0,0.0,0,1.25,0,4.9605060279521584,4.962006331137889,40.0,2370.0,1100.0,,0,,,,,,,,,,,-48.99717232764278,-50.0,-2.005655344714441,1.39233611746845,0.1423361174684501,1.3648236281510873,5.775691830549157,4.637000811305423,True,True,,,,,,,,,,,,,,,,,,,,,,,,,,,,,0
s9_k5op_b_s00_pos1_tap0_mc330_cpl0_rp4p91558154065_rn4p96510370256_f12370_f21100_a0_dac1p25,K5OP,B,0,0.005,1,0,330,ac,0.0,0.0,0,1.25,0,4.915581540647153,4.965103702564974,40.0,2370.0,1100.0,,0,,,,,,,,,,,-48.99859205954593,-50.0,-2.0028158809081487,1.290348370612291,0.04034837061229091,1.2825057193454867,5.374727012172876,4.899533782422904,True,True,,,,,,,,,,,,,,,,,,,,,,,,,,,,,0
s9_k5op_b_s00_pos1_tap0_mc331_cpl0_rp4p97558872925_rn4p83245917806_f12370_f21100_a0_dac1p25,K5OP,B,0,0.005,1,0,331,ac,0.0,0.0,0,1.25,0,4.975588729248402,4.832459178060731,40.0,2370.0,1100.0,,0,,,,,,,,,,,-50.28387278071866,-50.0,0.5677455614373272,1.3530454606886548,0.10304546068865483,1.3327464581075648,5.6425076450950655,4.815534841908989,True,True,,,,,,,,,,,,,,,,,,,,,,,,,,,,,0
s9_k5op_b_s00_pos1_tap0_mc332_cpl0_rp4p90246655749_rn4p86125622139_f12370_f21100_a0_dac1p25,K5OP,B,0,0.005,1,0,332,ac,0.0,0.0,0,1.25,0,4.902466557485988,4.861256221385882,40.0,2370.0,1100.0,,0,,,,,,,,,,,-49.261217364939824,-50.0,-1.4775652701203512,1.256866824245359,0.0068668242453588935,1.255615919524975,5.162986369546742,4.905345089091818,True,True,,,,,,,,,,,,,,,,,,,,,,,,,,,,,0
s9_k5op_b_s00_pos1_tap0_mc333_cpl0_rp4p82998402142_rn4p83369798188_f12370_f21100_a0_dac1p25,K5OP,B,0,0.005,1,0,333,ac,0.0,0.0,0,1.25,0,4.829984021423327,4.83369798188037,40.0,2370.0,1100.0,,0,,,,,,,,,,,-49.539317890952006,-50.0,-0.921364218095988,1.0799207731514908,-0.17007922684850918,1.1127083143844347,4.522713047122316,4.934968009936025,True,True,,,,,,,,,,,,,,,,,,,,,,,,,,,,,0
s9_k5op_b_s00_pos1_tap0_mc334_cpl0_rp4p9407138088_rn4p89653783335_f12370_f21100_a0_dac1p25,K5OP,B,0,0.005,1,0,334,ac,0.0,0.0,0,1.25,0,4.940713808798093,4.896537833346362,40.0,2370.0,1100.0,,0,,,,,,,,,,,-49.71288217948677,-50.0,-0.574235641026466,1.3482269418218173,0.09822694182181735,1.3291726762253908,5.6037099697692145,4.815328426548635,True,True,,,,,,,,,,,,,,,,,,,,,,,,,,,,,0
s9_k5op_b_s00_pos1_tap0_mc335_cpl0_rp4p90257119724_rn4p88311731641_f12370_f21100_a0_dac1p25,K5OP,B,0,0.005,1,0,335,ac,0.0,0.0,0,1.25,0,4.902571197242816,4.883117316405052,40.0,2370.0,1100.0,,0,,,,,,,,,,,-50.52047096582468,-50.0,1.040941931649364,1.2710818120030796,0.02108181200307957,1.2671684249237865,5.241679236093853,4.901899760723925,True,True,,,,,,,,,,,,,,,,,,,,,,,,,,,,,0
s9_k5op_b_s00_pos1_tap0_mc336_cpl0_rp4p81947198874_rn4p819389373_f12370_f21100_a0_dac1p25,K5OP,B,0,0.005,1,0,336,ac,0.0,0.0,0,1.25,0,4.819471988738018,4.819389372999971,40.0,2370.0,1100.0,,0,,,,,,,,,,,-50.1194850593345,-50.0,0.23897011866900186,1.1738400324165528,-0.07615996758344723,1.1886307513947938,4.907610093947342,4.925952689414794,True,True,,,,,,,,,,,,,,,,,,,,,,,,,,,,,0
s9_k5op_b_s00_pos1_tap0_mc337_cpl0_rp4p95491820271_rn4p96581853132_f12370_f21100_a0_dac1p25,K5OP,B,0,0.005,1,0,337,ac,0.0,0.0,0,1.25,0,4.954918202712485,4.96581853132089,40.0,2370.0,1100.0,,0,,,,,,,,,,,-49.21460689337742,-50.0,-1.5707862132451567,1.3510648884507355,0.10106488845073547,1.33201335302818,5.579911027866466,4.771011865263846,True,True,,,,,,,,,,,,,,,,,,,,,,,,,,,,,0
s9_k5op_b_s00_pos1_tap0_mc338_cpl0_rp4p9956170884_rn4p81202203629_f12370_f21100_a0_dac1p25,K5OP,B,0,0.005,1,0,338,ac,0.0,0.0,0,1.25,0,4.99561708840307,4.81202203629184,40.0,2370.0,1100.0,,0,,,,,,,,,,,-50.703633340460904,-50.0,1.4072666809218148,1.4184075033208459,0.16840750332084586,1.385106050966249,5.908861958033249,4.561601931466469,True,True,,,,,,,,,,,,,,,,,,,,,,,,,,,,,0
s9_k5op_b_s00_pos1_tap0_mc339_cpl0_rp4p95748339794_rn4p95452081035_f12370_f21100_a0_dac1p25,K5OP,B,0,0.005,1,0,339,ac,0.0,0.0,0,1.25,0,4.957483397936279,4.954520810347603,40.0,2370.0,1100.0,,0,,,,,,,,,,,-49.752628180042,-50.0,-0.49474363991599546,1.1466537877063587,-0.10334621229364127,1.1658681377498177,4.7458268932491166,4.927636660499822,True,True,,,,,,,,,,,,,,,,,,,,,,,,,,,,,0
s9_k5op_b_s00_pos1_tap0_mc33_cpl0_rp4p95988642499_rn4p935069326_f12370_f21100_a0_dac1p25,K5OP,B,0,0.005,1,0,33,ac,0.0,0.0,0,1.25,0,4.95988642498907,4.935069325999115,40.0,2370.0,1100.0,,0,,,,,,,,,,,-48.89715568474173,-50.0,-2.2056886305165335,1.4356997692174516,0.18569976921745157,1.3990553633688834,5.975344978511483,4.489746824771884,False,True,,,,,,,,,,,,,,,,,,,,,,,,,,,,,0
s9_k5op_b_s00_pos1_tap0_mc340_cpl0_rp4p90220318843_rn4p92986892134_f12370_f21100_a0_dac1p25,K5OP,B,0,0.005,1,0,340,ac,0.0,0.0,0,1.25,0,4.902203188428109,4.929868921336512,40.0,2370.0,1100.0,,0,,,,,,,,,,,-49.60185363584335,-50.0,-0.7962927283133081,1.1494409082103276,-0.10055909178967237,1.1692964835536315,4.831094274603025,4.929331645668942,True,True,,,,,,,,,,,,,,,,,,,,,,,,,,,,,0
s9_k5op_b_s00_pos1_tap0_mc341_cpl0_rp4p90534040307_rn4p81497340489_f12370_f21100_a0_dac1p25,K5OP,B,0,0.005,1,0,341,ac,0.0,0.0,0,1.25,0,4.905340403071286,4.814973404890863,40.0,2370.0,1100.0,,0,,,,,,,,,,,-49.69099604060778,-50.0,-0.6180079187844467,1.3164260787533912,0.06642607875339124,1.3033712245181226,5.493044202436691,4.885736475501232,True,True,,,,,,,,,,,,,,,,,,,,,,,,,,,,,0
s9_k5op_b_s00_pos1_tap0_mc342_cpl0_rp4p98656084792_rn4p90291156487_f12370_f21100_a0_dac1p25,K5OP,B,0,0.005,1,0,342,ac,0.0,0.0,0,1.25,0,4.986560847916738,4.902911564867305,40.0,2370.0,1100.0,,0,,,,,,,,,,,-49.95680584264361,-50.0,-0.08638831471278197,1.186490660757837,-0.06350933924216307,1.1988555188536314,4.961368466658367,4.924336099027297,True,True,,,,,,,,,,,,,,,,,,,,,,,,,,,,,0
s9_k5op_b_s00_pos1_tap0_mc343_cpl0_rp4p99656131957_rn4p97065165292_f12370_f21100_a0_dac1p25,K5OP,B,0,0.005,1,0,343,ac,0.0,0.0,0,1.25,0,4.996561319573822,4.970651652916327,40.0,2370.0,1100.0,,0,,,,,,,,,,,-49.626210536699574,-50.0,-0.7475789266008559,1.3637668115777326,0.11376681157773261,1.3412452576941671,5.6917296296638575,4.781017662225303,True,True,,,,,,,,,,,,,,,,,,,,,,,,,,,,,0
s9_k5op_b_s00_pos1_tap0_mc344_cpl0_rp4p8299055002_rn4p9577330151_f12370_f21100_a0_dac1p25,K5OP,B,0,0.005,1,0,344,ac,0.0,0.0,0,1.25,0,4.829905500199244,4.9577330150973475,40.0,2370.0,1100.0,,0,,,,,,,,,,,-49.33889448599737,-50.0,-1.3222110280052601,1.1757404092079689,-0.07425959079203115,1.1900824508951502,4.908286053234239,4.925508688115199,True,True,,,,,,,,,,,,,,,,,,,,,,,,,,,,,0
s9_k5op_b_s00_pos1_tap0_mc345_cpl0_rp4p91178804964_rn4p95803916_f12370_f21100_a0_dac1p25,K5OP,B,0,0.005,1,0,345,ac,0.0,0.0,0,1.25,0,4.911788049635343,4.958039159999634,40.0,2370.0,1100.0,,0,,,,,,,,,,,-48.76124108991853,-50.0,-2.4775178201629444,1.2271246146204888,-0.02287538537951117,1.2315389695079746,5.112791828528504,4.917430688474452,True,True,,,,,,,,,,,,,,,,,,,,,,,,,,,,,0
s9_k5op_b_s00_pos1_tap0_mc346_cpl0_rp4p95091706066_rn4p83074072944_f12370_f21100_a0_dac1p25,K5OP,B,0,0.005,1,0,346,ac,0.0,0.0,0,1.25,0,4.950917060659432,4.830740729440689,40.0,2370.0,1100.0,,0,,,,,,,,,,,-49.33565266921791,-50.0,-1.3286946615641892,1.2908073457416915,0.040807345741691536,1.2833117742501927,5.308282625338993,4.889724383590328,True,True,,,,,,,,,,,,,,,,,,,,,,,,,,,,,0
s9_k5op_b_s00_pos1_tap0_mc347_cpl0_rp4p81050197929_rn4p99799788589_f12370_f21100_a0_dac1p25,K5OP,B,0,0.005,1,0,347,ac,0.0,0.0,0,1.25,0,4.810501979291309,4.997997885892762,40.0,2370.0,1100.0,,0,,,,,,,,,,,-50.63231948971403,-50.0,1.2646389794280566,1.2830468819349354,0.033046881934935435,1.2767790229397313,5.315233393122805,4.899432023131502,True,True,,,,,,,,,,,,,,,,,,,,,,,,,,,,,0
s9_k5op_b_s00_pos1_tap0_mc348_cpl0_rp4p90435188009_rn4p95296849483_f12370_f21100_a0_dac1p25,K5OP,B,0,0.005,1,0,348,ac,0.0,0.0,0,1.25,0,4.904351880087993,4.952968494829702,40.0,2370.0,1100.0,,0,,,,,,,,,,,-49.94896598347953,-50.0,-0.10206803304093626,1.2715655132093742,0.021565513209374165,1.26741714769216,5.2866058221051855,4.905725352561331,True,True,,,,,,,,,,,,,,,,,,,,,,,,,,,,,0
s9_k5op_b_s00_pos1_tap0_mc349_cpl0_rp4p80775995127_rn4p94290003584_f12370_f21100_a0_dac1p25,K5OP,B,0,0.005,1,0,349,ac,0.0,0.0,0,1.25,0,4.807759951268537,4.942900035838714,40.0,2370.0,1100.0,,0,,,,,,,,,,,-49.33432395034964,-50.0,-1.33135209930072,1.2559328390712703,0.0059328390712702905,1.254812522553421,5.20145755346179,4.9089705959652,True,True,,,,,,,,,,,,,,,,,,,,,,,,,,,,,0
s9_k5op_b_s00_pos1_tap0_mc34_cpl0_rp4p94041079688_rn4p86686414758_f12370_f21100_a0_dac1p25,K5OP,B,0,0.005,1,0,34,ac,0.0,0.0,0,1.25,0,4.940410796875379,4.86686414757738,40.0,2370.0,1100.0,,0,,,,,,,,,,,-49.495512958885875,-50.0,-1.0089740822282534,1.2606641387736783,0.010664138773678333,1.2586068168089954,5.246599411483103,4.909498913267489,True,True,,,,,,,,,,,,,,,,,,,,,,,,,,,,,0
s9_k5op_b_s00_pos1_tap0_mc350_cpl0_rp4p9821021453_rn4p83073120294_f12370_f21100_a0_dac1p25,K5OP,B,0,0.005,1,0,350,ac,0.0,0.0,0,1.25,0,4.9821021453014485,4.830731202937128,40.0,2370.0,1100.0,,0,,,,,,,,,,,-49.88741841817079,-50.0,-0.22516316365842615,1.3236146501002575,0.07361465010025747,1.3088086559162748,5.551873951999484,4.885950520823572,True,True,,,,,,,,,,,,,,,,,,,,,,,,,,,,,0
s9_k5op_b_s00_pos1_tap0_mc351_cpl0_rp4p95947545201_rn4p92850750481_f12370_f21100_a0_dac1p25,K5OP,B,0,0.005,1,0,351,ac,0.0,0.0,0,1.25,0,4.959475452006212,4.928507504812834,40.0,2370.0,1100.0,,0,,,,,,,,,,,-50.86326240576033,-50.0,1.7265248115206688,1.4329677242712677,0.18296772427126773,1.396305695071088,5.984328373644804,4.520586579474713,True,True,,,,,,,,,,,,,,,,,,,,,,,,,,,,,0
s9_k5op_b_s00_pos1_tap0_mc352_cpl0_rp4p86151125407_rn4p80872221969_f12370_f21100_a0_dac1p25,K5OP,B,0,0.005,1,0,352,ac,0.0,0.0,0,1.25,0,4.861511254074463,4.808722219690718,40.0,2370.0,1100.0,,0,,,,,,,,,,,-49.78732771754757,-50.0,-0.4253445649048615,1.1996428715605036,-0.05035712843949636,1.2095602522985267,5.0285729443915805,4.92304544104349,True,True,,,,,,,,,,,,,,,,,,,,,,,,,,,,,0
s9_k5op_b_s00_pos1_tap0_mc353_cpl0_rp4p95643416182_rn4p82999746377_f12370_f21100_a0_dac1p25,K5OP,B,0,0.005,1,0,353,ac,0.0,0.0,0,1.25,0,4.956434161817279,4.8299974637653555,40.0,2370.0,1100.0,,0,,,,,,,,,,,-50.31817134831806,-50.0,0.6363426966361274,1.1528671847168175,-0.09713281528318252,1.1723617315960817,4.866065892773269,4.929453728791246,True,True,,,,,,,,,,,,,,,,,,,,,,,,,,,,,0
s9_k5op_b_s00_pos1_tap0_mc354_cpl0_rp4p84962509036_rn4p80721882217_f12370_f21100_a0_dac1p25,K5OP,B,0,0.005,1,0,354,ac,0.0,0.0,0,1.25,0,4.8496250903626885,4.807218822168093,40.0,2370.0,1100.0,,0,,,,,,,,,,,-48.720697907609356,-50.0,-2.558604184781288,1.1630687799859372,-0.08693122001406284,1.1799414166584241,4.863786781247692,4.927243535850457,True,True,,,,,,,,,,,,,,,,,,,,,,,,,,,,,0
s9_k5op_b_s00_pos1_tap0_mc355_cpl0_rp4p94433603634_rn4p87460786106_f12370_f21100_a0_dac1p25,K5OP,B,0,0.005,1,0,355,ac,0.0,0.0,0,1.25,0,4.944336036342694,4.8746078610627555,40.0,2370.0,1100.0,,0,,,,,,,,,,,-50.107791905982246,-50.0,0.2155838119644926,1.4218605742227801,0.17186057422278012,1.3867841217925447,5.9644759341037705,4.589591340321554,True,True,,,,,,,,,,,,,,,,,,,,,,,,,,,,,0
s9_k5op_b_s00_pos1_tap0_mc356_cpl0_rp4p83543496854_rn4p92643634125_f12370_f21100_a0_dac1p25,K5OP,B,0,0.005,1,0,356,ac,0.0,0.0,0,1.25,0,4.835434968537871,4.926436341247537,40.0,2370.0,1100.0,,0,,,,,,,,,,,-49.39038987361144,-50.0,-1.21922025277712,1.2751647940714625,0.02516479407146255,1.2704026895426723,5.280963218019819,4.902612622448285,True,True,,,,,,,,,,,,,,,,,,,,,,,,,,,,,0
s9_k5op_b_s00_pos1_tap0_mc357_cpl0_rp4p85171281517_rn4p97429835531_f12370_f21100_a0_dac1p25,K5OP,B,0,0.005,1,0,357,ac,0.0,0.0,0,1.25,0,4.851712815170218,4.974298355305494,40.0,2370.0,1100.0,,0,,,,,,,,,,,-49.686013220786585,-50.0,-0.6279735584268309,1.162982626116559,-0.087017373883441,1.1786981549267441,4.777645974169779,4.924654735032597,True,True,,,,,,,,,,,,,,,,,,,,,,,,,,,,,0
s9_k5op_b_s00_pos1_tap0_mc358_cpl0_rp4p95073484148_rn4p83316653686_f12370_f21100_a0_dac1p25,K5OP,B,0,0.005,1,0,358,ac,0.0,0.0,0,1.25,0,4.950734841476744,4.83316653685868,40.0,2370.0,1100.0,,0,,,,,,,,,,,-48.74004036584001,-50.0,-2.519919268319981,1.3071606212466698,0.05716062124666976,1.2965085343345573,5.390589914012452,4.879123002908677,True,True,,,,,,,,,,,,,,,,,,,,,,,,,,,,,0
s9_k5op_b_s00_pos1_tap0_mc359_cpl0_rp4p93716222101_rn4p91789299485_f12370_f21100_a0_dac1p25,K5OP,B,0,0.005,1,0,359,ac,0.0,0.0,0,1.25,0,4.937162221005011,4.9178929948462615,40.0,2370.0,1100.0,,0,,,,,,,,,,,-49.67958532609673,-50.0,-0.6408293478065485,1.2275080455534366,-0.022491954446563378,1.2318895185312526,5.126139155326545,4.917843236716252,True,True,,,,,,,,,,,,,,,,,,,,,,,,,,,,,0
s9_k5op_b_s00_pos1_tap0_mc35_cpl0_rp4p95208791014_rn4p99208304511_f12370_f21100_a0_dac1p25,K5OP,B,0,0.005,1,0,35,ac,0.0,0.0,0,1.25,0,4.952087910136527,4.992083045111767,40.0,2370.0,1100.0,,0,,,,,,,,,,,-49.1412074605857,-50.0,-1.7175850788286096,1.3931234562688841,0.14312345626888412,1.3668253274308069,5.717940703324709,4.572953053173636,True,True,,,,,,,,,,,,,,,,,,,,,,,,,,,,,0
s9_k5op_b_s00_pos1_tap0_mc360_cpl0_rp4p82135856404_rn4p87489965256_f12370_f21100_a0_dac1p25,K5OP,B,0,0.005,1,0,360,ac,0.0,0.0,0,1.25,0,4.821358564040581,4.874899652559036,40.0,2370.0,1100.0,,0,,,,,,,,,,,-50.73927780439469,-50.0,1.478555608789378,1.283050225238693,0.033050225238693054,1.2761748950118825,5.435410176081666,4.909937358738269,True,True,,,,,,,,,,,,,,,,,,,,,,,,,,,,,0
s9_k5op_b_s00_pos1_tap0_mc361_cpl0_rp4p86248091917_rn4p82293002995_f12370_f21100_a0_dac1p25,K5OP,B,0,0.005,1,0,361,ac,0.0,0.0,0,1.25,0,4.862480919167026,4.822930029950884,40.0,2370.0,1100.0,,0,,,,,,,,,,,-51.15990603264508,-50.0,2.319812065290172,1.1761877439408912,-0.0738122560591088,1.1908703474409448,4.947661461980605,4.92649704430658,True,True,,,,,,,,,,,,,,,,,,,,,,,,,,,,,0
s9_k5op_b_s00_pos1_tap0_mc362_cpl0_rp4p9542069252_rn4p96607958157_f12370_f21100_a0_dac1p25,K5OP,B,0,0.005,1,0,362,ac,0.0,0.0,0,1.25,0,4.954206925200493,4.966079581566705,40.0,2370.0,1100.0,,0,,,,,,,,,,,-49.60841519933145,-50.0,-0.783169601337097,1.2265234847330082,-0.023476515266991793,1.2311880237379522,5.147508384066143,4.919120482730395,True,True,,,,,,,,,,,,,,,,,,,,,,,,,,,,,0
s9_k5op_b_s00_pos1_tap0_mc363_cpl0_rp4p90238655191_rn4p98796905454_f12370_f21100_a0_dac1p25,K5OP,B,0,0.005,1,0,363,ac,0.0,0.0,0,1.25,0,4.902386551911495,4.987969054540464,40.0,2370.0,1100.0,,0,,,,,,,,,,,-50.561387717118485,-50.0,1.1227754342369778,1.3901332443721919,0.14013324437219188,1.3614113309864813,5.84329570145923,4.7221699750746,True,True,,,,,,,,,,,,,,,,,,,,,,,,,,,,,0
s9_k5op_b_s00_pos1_tap0_mc364_cpl0_rp4p93064728425_rn4p90218938398_f12370_f21100_a0_dac1p25,K5OP,B,0,0.005,1,0,364,ac,0.0,0.0,0,1.25,0,4.930647284245638,4.902189383984671,40.0,2370.0,1100.0,,0,,,,,,,,,,,-49.714485372278624,-50.0,-0.5710292554427565,1.3537250338935436,0.1037250338935436,1.3340001084922923,5.601145131826929,4.770963239026094,True,True,,,,,,,,,,,,,,,,,,,,,,,,,,,,,0
s9_k5op_b_s00_pos1_tap0_mc365_cpl0_rp4p89352669764_rn4p99713850694_f12370_f21100_a0_dac1p25,K5OP,B,0,0.005,1,0,365,ac,0.0,0.0,0,1.25,0,4.893526697639626,4.9971385069410745,40.0,2370.0,1100.0,,0,,,,,,,,,,,-49.87920435670645,-50.0,-0.24159128658709506,1.2331464532603365,-0.01685354673966355,1.2364983022517848,5.175252152240098,4.918020402859263,True,True,,,,,,,,,,,,,,,,,,,,,,,,,,,,,0
s9_k5op_b_s00_pos1_tap0_mc366_cpl0_rp4p92708777645_rn4p95060794107_f12370_f21100_a0_dac1p25,K5OP,B,0,0.005,1,0,366,ac,0.0,0.0,0,1.25,0,4.927087776453835,4.950607941074332,40.0,2370.0,1100.0,,0,,,,,,,,,,,-48.64838441368535,-50.0,-2.7032311726293057,1.2596115039391325,0.00961150393913246,1.257792858021535,5.218614374119632,4.9080722571045055,True,True,,,,,,,,,,,,,,,,,,,,,,,,,,,,,0
s9_k5op_b_s00_pos1_tap0_mc367_cpl0_rp4p9587155105_rn4p84268748339_f12370_f21100_a0_dac1p25,K5OP,B,0,0.005,1,0,367,ac,0.0,0.0,0,1.25,0,4.958715510498481,4.842687483386079,40.0,2370.0,1100.0,,0,,,,,,,,,,,-50.926451653272586,-50.0,1.8529033065451728,1.2287847783434414,-0.021215221656558647,1.2328638972797032,5.114917173294865,4.916846291730567,True,True,,,,,,,,,,,,,,,,,,,,,,,,,,,,,0
s9_k5op_b_s00_pos1_tap0_mc368_cpl0_rp4p810449634_rn4p86473871651_f12370_f21100_a0_dac1p25,K5OP,B,0,0.005,1,0,368,ac,0.0,0.0,0,1.25,0,4.810449634000735,4.864738716514117,40.0,2370.0,1100.0,,0,,,,,,,,,,,-49.79847931714909,-50.0,-0.40304136570182836,1.3117391978072164,0.06173919780721637,1.3004481225365374,5.386982182709069,4.8654672086199104,True,True,,,,,,,,,,,,,,,,,,,,,,,,,,,,,0
s9_k5op_b_s00_pos1_tap0_mc369_cpl0_rp4p83780655351_rn4p96173884227_f12370_f21100_a0_dac1p25,K5OP,B,0,0.005,1,0,369,ac,0.0,0.0,0,1.25,0,4.8378065535060415,4.961738842269194,40.0,2370.0,1100.0,,0,,,,,,,,,,,-49.7474105429907,-50.0,-0.5051789140186003,1.2887843216342891,0.03878432163428913,1.2813470221909824,5.35161655246533,4.898299185824965,True,True,,,,,,,,,,,,,,,,,,,,,,,,,,,,,0
s9_k5op_b_s00_pos1_tap0_mc36_cpl0_rp4p89051213336_rn4p91102046899_f12370_f21100_a0_dac1p25,K5OP,B,0,0.005,1,0,36,ac,0.0,0.0,0,1.25,0,4.890512133363556,4.911020468986035,40.0,2370.0,1100.0,,0,,,,,,,,,,,-51.33898452273966,-50.0,2.6779690454793226,1.401880908675393,0.15188090867539294,1.3724550386798453,5.816781034917064,4.601733748946749,True,True,,,,,,,,,,,,,,,,,,,,,,,,,,,,,0
s9_k5op_b_s00_pos1_tap0_mc370_cpl0_rp4p87013601696_rn4p83252297655_f12370_f21100_a0_dac1p25,K5OP,B,0,0.005,1,0,370,ac,0.0,0.0,0,1.25,0,4.870136016964239,4.832522976546414,40.0,2370.0,1100.0,,0,,,,,,,,,,,-51.34455124841342,-50.0,2.689102496826834,1.338929054874261,0.08892905487426095,1.321404805369254,5.586485052776467,4.856778387598149,True,True,,,,,,,,,,,,,,,,,,,,,,,,,,,,,0
s9_k5op_b_s00_pos1_tap0_mc371_cpl0_rp4p86654325462_rn4p88635229818_f12370_f21100_a0_dac1p25,K5OP,B,0,0.005,1,0,371,ac,0.0,0.0,0,1.25,0,4.8665432546165865,4.886352298180757,40.0,2370.0,1100.0,,0,,,,,,,,,,,-49.32715410877586,-50.0,-1.3456917824482884,1.2018762078697534,-0.048123792130246645,1.2108351771229195,4.968256549453299,4.920046555680357,True,True,,,,,,,,,,,,,,,,,,,,,,,,,,,,,0
s9_k5op_b_s00_pos1_tap0_mc372_cpl0_rp4p86454746998_rn4p81397610298_f12370_f21100_a0_dac1p25,K5OP,B,0,0.005,1,0,372,ac,0.0,0.0,0,1.25,0,4.864547469978217,4.813976102978372,40.0,2370.0,1100.0,,0,,,,,,,,,,,-48.64957034978801,-50.0,-2.7008593004239856,1.1709101322570106,-0.07908986774298943,1.1860626875958515,4.879001923338606,4.925868205302777,True,True,,,,,,,,,,,,,,,,,,,,,,,,,,,,,0
s9_k5op_b_s00_pos1_tap0_mc373_cpl0_rp4p82021042013_rn4p87152732858_f12370_f21100_a0_dac1p25,K5OP,B,0,0.005,1,0,373,ac,0.0,0.0,0,1.25,0,4.820210420133134,4.87152732857917,40.0,2370.0,1100.0,,0,,,,,,,,,,,-51.09038354493167,-50.0,2.1807670898633447,1.1749057423367715,-0.07509425766322853,1.1898825669277602,4.945952795283388,4.926781855687221,True,True,,,,,,,,,,,,,,,,,,,,,,,,,,,,,0
s9_k5op_b_s00_pos1_tap0_mc374_cpl0_rp4p96597706609_rn4p9266079295_f12370_f21100_a0_dac1p25,K5OP,B,0,0.005,1,0,374,ac,0.0,0.0,0,1.25,0,4.9659770660885005,4.926607929503884,40.0,2370.0,1100.0,,0,,,,,,,,,,,-49.61956342102835,-50.0,-0.7608731579432981,1.2454071867864789,-0.004592813213521119,1.2463029636906897,5.1992717138127205,4.914189849844837,True,True,,,,,,,,,,,,,,,,,,,,,,,,,,,,,0
s9_k5op_b_s00_pos1_tap0_mc375_cpl0_rp4p96166779053_rn4p84369760712_f12370_f21100_a0_dac1p25,K5OP,B,0,0.005,1,0,375,ac,0.0,0.0,0,1.25,0,4.961667790527332,4.843697607124357,40.0,2370.0,1100.0,,0,,,,,,,,,,,-51.193385597758656,-50.0,2.386771195517312,1.4118983547894317,0.1618983547894317,1.3798255562913013,5.88518384080035,4.589997002484922,True,True,,,,,,,,,,,,,,,,,,,,,,,,,,,,,0
s9_k5op_b_s00_pos1_tap0_mc376_cpl0_rp4p81682870265_rn4p98341790765_f12370_f21100_a0_dac1p25,K5OP,B,0,0.005,1,0,376,ac,0.0,0.0,0,1.25,0,4.816828702649654,4.983417907650963,40.0,2370.0,1100.0,,0,,,,,,,,,,,-49.167410624777474,-50.0,-1.665178750445051,1.3850052189044255,0.13500521890442552,1.3590299415152507,5.7406282639938535,4.660580202515118,True,True,,,,,,,,,,,,,,,,,,,,,,,,,,,,,0
s9_k5op_b_s00_pos1_tap0_mc377_cpl0_rp4p97531267993_rn4p96638275321_f12370_f21100_a0_dac1p25,K5OP,B,0,0.005,1,0,377,ac,0.0,0.0,0,1.25,0,4.975312679925663,4.96638275321214,40.0,2370.0,1100.0,,0,,,,,,,,,,,-50.82869359486208,-50.0,1.6573871897241688,1.2289546537665346,-0.021045346233465434,1.23293660197344,5.095938896088816,4.9157217698563676,True,True,,,,,,,,,,,,,,,,,,,,,,,,,,,,,0
s9_k5op_b_s00_pos1_tap0_mc378_cpl0_rp4p98102116802_rn4p95759466643_f12370_f21100_a0_dac1p25,K5OP,B,0,0.005,1,0,378,ac,0.0,0.0,0,1.25,0,4.981021168023387,4.957594666434592,40.0,2370.0,1100.0,,0,,,,,,,,,,,-49.61284703597579,-50.0,-0.7743059280484244,1.1668868528309544,-0.08311314716904561,1.183054741376664,4.881885592823529,4.92690209957374,True,True,,,,,,,,,,,,,,,,,,,,,,,,,,,,,0
s9_k5op_b_s00_pos1_tap0_mc379_cpl0_rp4p85025387931_rn4p81333884203_f12370_f21100_a0_dac1p25,K5OP,B,0,0.005,1,0,379,ac,0.0,0.0,0,1.25,0,4.8502538793082275,4.813338842027529,40.0,2370.0,1100.0,,0,,,,,,,,,,,-50.37099824029001,-50.0,0.7419964805800205,1.2063279219137824,-0.04367207808621765,1.2145496643977534,4.999387612354022,4.919785339090222,True,True,,,,,,,,,,,,,,,,,,,,,,,,,,,,,0
s9_k5op_b_s00_pos1_tap0_mc37_cpl0_rp4p91353117255_rn4p90618399729_f12370_f21100_a0_dac1p25,K5OP,B,0,0.005,1,0,37,ac,0.0,0.0,0,1.25,0,4.913531172554432,4.9061839972879255,40.0,2370.0,1100.0,,0,,,,,,,,,,,-49.550229003703095,-50.0,-0.8995419925938108,1.4015223628018956,0.15152236280189557,1.3713408016162894,5.85077149789759,4.638590310730195,True,True,,,,,,,,,,,,,,,,,,,,,,,,,,,,,0
s9_k5op_b_s00_pos1_tap0_mc380_cpl0_rp4p8342499485_rn4p80841874944_f12370_f21100_a0_dac1p25,K5OP,B,0,0.005,1,0,380,ac,0.0,0.0,0,1.25,0,4.834249948504327,4.808418749436675,40.0,2370.0,1100.0,,0,,,,,,,,,,,-50.51450599993235,-50.0,1.029011999864693,1.2511385815019116,0.0011385815019115952,1.2509031319724138,5.299508390411589,4.916909506260524,True,True,,,,,,,,,,,,,,,,,,,,,,,,,,,,,0
s9_k5op_b_s00_pos1_tap0_mc381_cpl0_rp4p93833998422_rn4p95849003087_f12370_f21100_a0_dac1p25,K5OP,B,0,0.005,1,0,381,ac,0.0,0.0,0,1.25,0,4.938339984218674,4.958490030869813,40.0,2370.0,1100.0,,0,,,,,,,,,,,-49.25117118265154,-50.0,-1.497657634696925,1.290961478296767,0.040961478296767106,1.2830491854465436,5.369366307168082,4.898367274458625,True,True,,,,,,,,,,,,,,,,,,,,,,,,,,,,,0
s9_k5op_b_s00_pos1_tap0_mc382_cpl0_rp4p85980346978_rn4p9255657309_f12370_f21100_a0_dac1p25,K5OP,B,0,0.005,1,0,382,ac,0.0,0.0,0,1.25,0,4.8598034697783765,4.925565730900889,40.0,2370.0,1100.0,,0,,,,,,,,,,,-50.927788832491046,-50.0,1.8555776649820999,1.2380367013384626,-0.011963298661537447,1.2402898733652703,5.126729616535195,4.913450951306077,True,True,,,,,,,,,,,,,,,,,,,,,,,,,,,,,0
s9_k5op_b_s00_pos1_tap0_mc383_cpl0_rp4p93533219708_rn4p99686233652_f12370_f21100_a0_dac1p25,K5OP,B,0,0.005,1,0,383,ac,0.0,0.0,0,1.25,0,4.93533219707689,4.9968623365198095,40.0,2370.0,1100.0,,0,,,,,,,,,,,-49.525157963126176,-50.0,-0.9496840737476475,1.2650936975446716,0.015093697544671603,1.2621989944481191,5.256994065419196,4.907606286409746,True,True,,,,,,,,,,,,,,,,,,,,,,,,,,,,,0
s9_k5op_b_s00_pos1_tap0_mc384_cpl0_rp4p82681854755_rn4p89418104924_f12370_f21100_a0_dac1p25,K5OP,B,0,0.005,1,0,384,ac,0.0,0.0,0,1.25,0,4.826818547547624,4.894181049244806,40.0,2370.0,1100.0,,0,,,,,,,,,,,-50.81667616227525,-50.0,1.6333523245505077,1.3871376125251973,0.1371376125251973,1.3590904702385835,5.828369772045885,4.731185816519891,True,True,,,,,,,,,,,,,,,,,,,,,,,,,,,,,0
s9_k5op_b_s00_pos1_tap0_mc385_cpl0_rp4p82334653952_rn4p96920156457_f12370_f21100_a0_dac1p25,K5OP,B,0,0.005,1,0,385,ac,0.0,0.0,0,1.25,0,4.823346539518324,4.969201564568424,40.0,2370.0,1100.0,,0,,,,,,,,,,,-51.2311649396735,-50.0,2.4623298793470028,1.099845356661543,-0.15015464333845707,1.127730431057918,4.557242924632346,4.932352292782752,True,True,,,,,,,,,,,,,,,,,,,,,,,,,,,,,0
s9_k5op_b_s00_pos1_tap0_mc386_cpl0_rp4p9492909582_rn4p92820090188_f12370_f21100_a0_dac1p25,K5OP,B,0,0.005,1,0,386,ac,0.0,0.0,0,1.25,0,4.949290958203621,4.928200901884112,40.0,2370.0,1100.0,,0,,,,,,,,,,,-49.04136336314257,-50.0,-1.917273273714859,1.2376828620032045,-0.012317137996795458,1.2399630324548832,5.104875800279002,4.912336569661459,True,True,,,,,,,,,,,,,,,,,,,,,,,,,,,,,0
s9_k5op_b_s00_pos1_tap0_mc387_cpl0_rp4p91077197555_rn4p87562027692_f12370_f21100_a0_dac1p25,K5OP,B,0,0.005,1,0,387,ac,0.0,0.0,0,1.25,0,4.91077197555383,4.875620276920817,40.0,2370.0,1100.0,,0,,,,,,,,,,,-50.05316395689352,-50.0,0.10632791378704098,1.3016681018829306,0.051668101882930584,1.291789070823823,5.399561926973805,4.890376322086626,True,True,,,,,,,,,,,,,,,,,,,,,,,,,,,,,0
s9_k5op_b_s00_pos1_tap0_mc388_cpl0_rp4p8967202948_rn4p96860524371_f12370_f21100_a0_dac1p25,K5OP,B,0,0.005,1,0,388,ac,0.0,0.0,0,1.25,0,4.896720294796431,4.9686052437063335,40.0,2370.0,1100.0,,0,,,,,,,,,,,-50.68184706143119,-50.0,1.3636941228623911,1.3264263383352903,0.07642633833529033,1.3105434435919008,5.607528341340698,4.891866118713862,True,True,,,,,,,,,,,,,,,,,,,,,,,,,,,,,0
s9_k5op_b_s00_pos1_tap0_mc389_cpl0_rp4p80341691496_rn4p80398045639_f12370_f21100_a0_dac1p25,K5OP,B,0,0.005,1,0,389,ac,0.0,0.0,0,1.25,0,4.803416914963317,4.803980456388981,40.0,2370.0,1100.0,,0,,,,,,,,,,,-50.09470361110324,-50.0,0.18940722220648354,1.4511836805855707,0.20118368058557068,1.4120171299321618,6.020056452909937,4.410587008225398,False,True,,,,,,,,,,,,,,,,,,,,,,,,,,,,,0
s9_k5op_b_s00_pos1_tap0_mc38_cpl0_rp4p95872617372_rn4p86957208005_f12370_f21100_a0_dac1p25,K5OP,B,0,0.005,1,0,38,ac,0.0,0.0,0,1.25,0,4.958726173715687,4.869572080054028,40.0,2370.0,1100.0,,0,,,,,,,,,,,-49.75797059723508,-50.0,-0.48405880552984115,1.3908552605247042,0.1408552605247042,1.3632863572344611,5.785515817195742,4.658667877097095,True,True,,,,,,,,,,,,,,,,,,,,,,,,,,,,,0
s9_k5op_b_s00_pos1_tap0_mc390_cpl0_rp4p8339069814_rn4p91507442577_f12370_f21100_a0_dac1p25,K5OP,B,0,0.005,1,0,390,ac,0.0,0.0,0,1.25,0,4.833906981402235,4.915074425769694,40.0,2370.0,1100.0,,0,,,,,,,,,,,-50.6155743154979,-50.0,1.2311486309958042,1.3828948006319923,0.13289480063199233,1.3562881203044683,5.782948415338819,4.7197352390726905,True,True,,,,,,,,,,,,,,,,,,,,,,,,,,,,,0
s9_k5op_b_s00_pos1_tap0_mc391_cpl0_rp4p88553270259_rn4p9329426081_f12370_f21100_a0_dac1p25,K5OP,B,0,0.005,1,0,391,ac,0.0,0.0,0,1.25,0,4.885532702587025,4.932942608102221,40.0,2370.0,1100.0,,0,,,,,,,,,,,-49.238994316918024,-50.0,-1.5220113661639556,1.1851592548815455,-0.0648407451184545,1.197602488492465,4.938042805835639,4.9240454220052206,True,True,,,,,,,,,,,,,,,,,,,,,,,,,,,,,0
s9_k5op_b_s00_pos1_tap0_mc392_cpl0_rp4p83513013559_rn4p89780080987_f12370_f21100_a0_dac1p25,K5OP,B,0,0.005,1,0,392,ac,0.0,0.0,0,1.25,0,4.83513013559402,4.897800809870664,40.0,2370.0,1100.0,,0,,,,,,,,,,,-50.90268396308106,-50.0,1.805367926162127,1.3478489670111757,0.09784896701117574,1.3290767377311024,5.588444623954384,4.804090774539169,True,True,,,,,,,,,,,,,,,,,,,,,,,,,,,,,0
s9_k5op_b_s00_pos1_tap0_mc393_cpl0_rp4p80353684907_rn4p93527749599_f12370_f21100_a0_dac1p25,K5OP,B,0,0.005,1,0,393,ac,0.0,0.0,0,1.25,0,4.80353684906974,4.935277495986037,40.0,2370.0,1100.0,,0,,,,,,,,,,,-49.1167480952015,-50.0,-1.7665038095969976,1.1544811792285163,-0.09551882077148366,1.1733998143194597,4.855236398028989,4.928793063769073,True,True,,,,,,,,,,,,,,,,,,,,,,,,,,,,,0
s9_k5op_b_s00_pos1_tap0_mc394_cpl0_rp4p82055042637_rn4p8023678576_f12370_f21100_a0_dac1p25,K5OP,B,0,0.005,1,0,394,ac,0.0,0.0,0,1.25,0,4.820550426374241,4.802367857598705,40.0,2370.0,1100.0,,0,,,,,,,,,,,-49.182643620686584,-50.0,-1.6347127586268329,1.3817355996310916,0.1317355996310916,1.3566075699463593,5.716907039205983,4.6630152914580565,True,True,,,,,,,,,,,,,,,,,,,,,,,,,,,,,0
s9_k5op_b_s00_pos1_tap0_mc395_cpl0_rp4p89495892087_rn4p93433731851_f12370_f21100_a0_dac1p25,K5OP,B,0,0.005,1,0,395,ac,0.0,0.0,0,1.25,0,4.894958920869686,4.93433731850674,40.0,2370.0,1100.0,,0,,,,,,,,,,,-50.717347922555334,-50.0,1.4346958451106673,1.2048966056818629,-0.04510339431813715,1.2136768760389556,5.034838732505529,4.921688901225817,True,True,,,,,,,,,,,,,,,,,,,,,,,,,,,,,0
s9_k5op_b_s00_pos1_tap0_mc396_cpl0_rp4p98745526316_rn4p86824203872_f12370_f21100_a0_dac1p25,K5OP,B,0,0.005,1,0,396,ac,0.0,0.0,0,1.25,0,4.987455263162662,4.868242038715888,40.0,2370.0,1100.0,,0,,,,,,,,,,,-51.10948879583521,-50.0,2.2189775916704235,1.393654243184284,0.143654243184284,1.3646947375234588,5.83508344575603,4.685833024522557,True,True,,,,,,,,,,,,,,,,,,,,,,,,,,,,,0
s9_k5op_b_s00_pos1_tap0_mc397_cpl0_rp4p90265991512_rn4p90356505476_f12370_f21100_a0_dac1p25,K5OP,B,0,0.005,1,0,397,ac,0.0,0.0,0,1.25,0,4.902659915120735,4.90356505476135,40.0,2370.0,1100.0,,0,,,,,,,,,,,-49.75242985746364,-50.0,-0.495140285072726,1.1853896158856356,-0.06461038411436437,1.1974233584037868,4.902854526620452,4.922721686550544,True,True,,,,,,,,,,,,,,,,,,,,,,,,,,,,,0
s9_k5op_b_s00_pos1_tap0_mc398_cpl0_rp4p80471789267_rn4p89921458537_f12370_f21100_a0_dac1p25,K5OP,B,0,0.005,1,0,398,ac,0.0,0.0,0,1.25,0,4.804717892669463,4.899214585370171,40.0,2370.0,1100.0,,0,,,,,,,,,,,-50.000874920836935,-50.0,0.0017498416738703781,1.2645767920982252,0.014576792098225155,1.2617828542307812,5.254206702869977,4.907707891080733,True,True,,,,,,,,,,,,,,,,,,,,,,,,,,,,,0
s9_k5op_b_s00_pos1_tap0_mc399_cpl0_rp4p94975224819_rn4p92047709746_f12370_f21100_a0_dac1p25,K5OP,B,0,0.005,1,0,399,ac,0.0,0.0,0,1.25,0,4.949752248185426,4.920477097461969,40.0,2370.0,1100.0,,0,,,,,,,,,,,-50.8361798911916,-50.0,1.6723597823832037,1.1766942614571951,-0.07330573854280487,1.1909949839760534,4.924708039268831,4.925672414736634,True,True,,,,,,,,,,,,,,,,,,,,,,,,,,,,,0
s9_k5op_b_s00_pos1_tap0_mc39_cpl0_rp4p8405063552_rn4p81892231565_f12370_f21100_a0_dac1p25,K5OP,B,0,0.005,1,0,39,ac,0.0,0.0,0,1.25,0,4.84050635520103,4.818922315649883,40.0,2370.0,1100.0,,0,,,,,,,,,,,-50.66769442794605,-50.0,1.3353888558921057,1.337913513514722,0.08791351351472199,1.3210227753325394,5.550504071296498,4.839332265724445,True,True,,,,,,,,,,,,,,,,,,,,,,,,,,,,,0
s9_k5op_b_s00_pos1_tap0_mc3_cpl0_rp4p84546201527_rn4p84758850786_f12370_f21100_a0_dac1p25,K5OP,B,0,0.005,1,0,3,ac,0.0,0.0,0,1.25,0,4.845462015270863,4.847588507857414,40.0,2370.0,1100.0,,0,,,,,,,,,,,-50.05788602753025,-50.0,0.11577205506050348,1.353066037107038,0.10306603710703799,1.3335021855312583,5.596288411929736,4.7713730074030485,True,True,,,,,,,,,,,,,,,,,,,,,,,,,,,,,0
s9_k5op_b_s00_pos1_tap0_mc400_cpl0_rp4p96530491431_rn4p91631368562_f12370_f21100_a0_dac1p25,K5OP,B,0,0.005,1,0,400,ac,0.0,0.0,0,1.25,0,4.965304914305209,4.916313685616408,40.0,2370.0,1100.0,,0,,,,,,,,,,,-49.77977431689817,-50.0,-0.44045136620366465,1.335922376478641,0.08592237647864098,1.3186065254229753,5.603742816959233,4.873940004393616,True,True,,,,,,,,,,,,,,,,,,,,,,,,,,,,,0
s9_k5op_b_s00_pos1_tap0_mc401_cpl0_rp4p95092194907_rn4p84362522238_f12370_f21100_a0_dac1p25,K5OP,B,0,0.005,1,0,401,ac,0.0,0.0,0,1.25,0,4.950921949066017,4.84362522237532,40.0,2370.0,1100.0,,0,,,,,,,,,,,-49.16350916193801,-50.0,-1.6729816761239857,1.333958415686067,0.0839584156860671,1.3183713928272596,5.493332015490871,4.818675565525144,True,True,,,,,,,,,,,,,,,,,,,,,,,,,,,,,0
s9_k5op_b_s00_pos1_tap0_mc402_cpl0_rp4p98126867566_rn4p82711134242_f12370_f21100_a0_dac1p25,K5OP,B,0,0.005,1,0,402,ac,0.0,0.0,0,1.25,0,4.9812686756609805,4.827111342419783,40.0,2370.0,1100.0,,0,,,,,,,,,,,-48.86330703237629,-50.0,-2.2733859352474184,1.2719226677965436,0.021922667796543616,1.2679235009060073,5.224812332200756,4.899398587056307,True,True,,,,,,,,,,,,,,,,,,,,,,,,,,,,,0
s9_k5op_b_s00_pos1_tap0_mc403_cpl0_rp4p99032477697_rn4p97633558441_f12370_f21100_a0_dac1p25,K5OP,B,0,0.005,1,0,403,ac,0.0,0.0,0,1.25,0,4.9903247769715176,4.9763355844074555,40.0,2370.0,1100.0,,0,,,,,,,,,,,-50.37404509272925,-50.0,0.7480901854584943,1.2112325185833286,-0.03876748141667141,1.2189034481594214,5.080990419052876,4.921484947715957,True,True,,,,,,,,,,,,,,,,,,,,,,,,,,,,,0
s9_k5op_b_s00_pos1_tap0_mc404_cpl0_rp4p86031491887_rn4p8693215276_f12370_f21100_a0_dac1p25,K5OP,B,0,0.005,1,0,404,ac,0.0,0.0,0,1.25,0,4.860314918872622,4.869321527601691,40.0,2370.0,1100.0,,0,,,,,,,,,,,-50.581123908342015,-50.0,1.1622478166840366,1.1973691910799173,-0.05263080892008265,1.2082708948362233,5.0867242513393975,4.92548854892732,True,True,,,,,,,,,,,,,,,,,,,,,,,,,,,,,0
s9_k5op_b_s00_pos1_tap0_mc405_cpl0_rp4p84107779984_rn4p84599880095_f12370_f21100_a0_dac1p25,K5OP,B,0,0.005,1,0,405,ac,0.0,0.0,0,1.25,0,4.8410777998379455,4.845998800947448,40.0,2370.0,1100.0,,0,,,,,,,,,,,-49.924867387185486,-50.0,-0.15026522562903155,1.2281425924998817,-0.02185740750011833,1.2322285056497724,5.078208649559487,4.915278968348002,True,True,,,,,,,,,,,,,,,,,,,,,,,,,,,,,0
s9_k5op_b_s00_pos1_tap0_mc406_cpl0_rp4p89299198434_rn4p98436690755_f12370_f21100_a0_dac1p25,K5OP,B,0,0.005,1,0,406,ac,0.0,0.0,0,1.25,0,4.89299198433958,4.984366907551315,40.0,2370.0,1100.0,,0,,,,,,,,,,,-49.22645204856746,-50.0,-1.547095902865081,1.271136749957552,0.021136749957552103,1.2668526525071229,5.352225175963239,4.910887917383502,True,True,,,,,,,,,,,,,,,,,,,,,,,,,,,,,0
s9_k5op_b_s00_pos1_tap0_mc407_cpl0_rp4p96593796823_rn4p9707304606_f12370_f21100_a0_dac1p25,K5OP,B,0,0.005,1,0,407,ac,0.0,0.0,0,1.25,0,4.965937968229974,4.970730460595229,40.0,2370.0,1100.0,,0,,,,,,,,,,,-49.05471530645355,-50.0,-1.8905693870928997,1.3489763052639039,0.09897630526390389,1.3291434482317734,5.64839915954426,4.845843223661095,True,True,,,,,,,,,,,,,,,,,,,,,,,,,,,,,0
s9_k5op_b_s00_pos1_tap0_mc408_cpl0_rp4p82589970076_rn4p98712990102_f12370_f21100_a0_dac1p25,K5OP,B,0,0.005,1,0,408,ac,0.0,0.0,0,1.25,0,4.825899700761262,4.987129901023796,40.0,2370.0,1100.0,,0,,,,,,,,,,,-48.894919773425634,-50.0,-2.210160453148735,1.1866574604561548,-0.06334253954384517,1.199026751714244,4.9658119624700205,4.924506723180209,True,True,,,,,,,,,,,,,,,,,,,,,,,,,,,,,0
s9_k5op_b_s00_pos1_tap0_mc409_cpl0_rp4p93634229341_rn4p88383298296_f12370_f21100_a0_dac1p25,K5OP,B,0,0.005,1,0,409,ac,0.0,0.0,0,1.25,0,4.936342293409816,4.883832982963993,40.0,2370.0,1100.0,,0,,,,,,,,,,,-49.78589856277971,-50.0,-0.42820287444058636,1.1577417603806412,-0.09225823961935875,1.1750070001157913,4.797910716259969,4.926598898880943,True,True,,,,,,,,,,,,,,,,,,,,,,,,,,,,,0
s9_k5op_b_s00_pos1_tap0_mc40_cpl0_rp4p82617360232_rn4p86377609097_f12370_f21100_a0_dac1p25,K5OP,B,0,0.005,1,0,40,ac,0.0,0.0,0,1.25,0,4.826173602315599,4.863776090965167,40.0,2370.0,1100.0,,0,,,,,,,,,,,-49.56600079159434,-50.0,-0.867998416811322,1.3198161234142545,0.06981612341425447,1.306281023346173,5.489328222176447,4.8783421830082405,True,True,,,,,,,,,,,,,,,,,,,,,,,,,,,,,0
s9_k5op_b_s00_pos1_tap0_mc410_cpl0_rp4p88217981417_rn4p91530499969_f12370_f21100_a0_dac1p25,K5OP,B,0,0.005,1,0,410,ac,0.0,0.0,0,1.25,0,4.882179814174154,4.915304999687279,40.0,2370.0,1100.0,,0,,,,,,,,,,,-50.476078237837726,-50.0,0.9521564756754586,1.423222728981067,0.17322272898106705,1.3891051471910147,5.923002643720881,4.53722081187241,True,True,,,,,,,,,,,,,,,,,,,,,,,,,,,,,0
s9_k5op_b_s00_pos1_tap0_mc411_cpl0_rp4p90140702224_rn4p91673451838_f12370_f21100_a0_dac1p25,K5OP,B,0,0.005,1,0,411,ac,0.0,0.0,0,1.25,0,4.901407022235087,4.916734518378269,40.0,2370.0,1100.0,,0,,,,,,,,,,,-50.177469106325034,-50.0,0.35493821265006886,1.2177066691263785,-0.03229333087362152,1.2235157572990893,4.992060128445232,4.915084252784564,True,True,,,,,,,,,,,,,,,,,,,,,,,,,,,,,0
s9_k5op_b_s00_pos1_tap0_mc412_cpl0_rp4p80263980605_rn4p9274688818_f12370_f21100_a0_dac1p25,K5OP,B,0,0.005,1,0,412,ac,0.0,0.0,0,1.25,0,4.802639806050018,4.927468881796134,40.0,2370.0,1100.0,,0,,,,,,,,,,,-50.103390561202495,-50.0,0.20678112240499757,1.3491998991225465,0.09919989912254645,1.3302084596054395,5.591258863807765,4.796540503476829,True,True,,,,,,,,,,,,,,,,,,,,,,,,,,,,,0
s9_k5op_b_s00_pos1_tap0_mc413_cpl0_rp4p85968246261_rn4p80562276972_f12370_f21100_a0_dac1p25,K5OP,B,0,0.005,1,0,413,ac,0.0,0.0,0,1.25,0,4.859682462612504,4.805622769718563,40.0,2370.0,1100.0,,0,,,,,,,,,,,-49.69856067085665,-50.0,-0.6028786582866985,1.2324696365776278,-0.01753036342237224,1.235921009923133,5.159481378047696,4.9175192626667235,True,True,,,,,,,,,,,,,,,,,,,,,,,,,,,,,0
s9_k5op_b_s00_pos1_tap0_mc414_cpl0_rp4p98184854148_rn4p8516092388_f12370_f21100_a0_dac1p25,K5OP,B,0,0.005,1,0,414,ac,0.0,0.0,0,1.25,0,4.981848541479969,4.851609238797026,40.0,2370.0,1100.0,,0,,,,,,,,,,,-49.371747545128294,-50.0,-1.2565049097434167,1.3858794027664318,0.13587940276643184,1.3588112854539205,5.788318177829751,4.7012546018238766,True,True,,,,,,,,,,,,,,,,,,,,,,,,,,,,,0
s9_k5op_b_s00_pos1_tap0_mc415_cpl0_rp4p98902381976_rn4p83479926401_f12370_f21100_a0_dac1p25,K5OP,B,0,0.005,1,0,415,ac,0.0,0.0,0,1.25,0,4.989023819761244,4.834799264007673,40.0,2370.0,1100.0,,0,,,,,,,,,,,-49.528133877512204,-50.0,-0.9437322449755925,1.1505812744988753,-0.09941872550112474,1.1692270219680867,4.771858985179584,4.927575418927685,True,True,,,,,,,,,,,,,,,,,,,,,,,,,,,,,0
s9_k5op_b_s00_pos1_tap0_mc416_cpl0_rp4p81568951694_rn4p93831818861_f12370_f21100_a0_dac1p25,K5OP,B,0,0.005,1,0,416,ac,0.0,0.0,0,1.25,0,4.8156895169444285,4.938318188608376,40.0,2370.0,1100.0,,0,,,,,,,,,,,-50.65321664300182,-50.0,1.3064332860036387,1.2355674887337547,-0.01443251126624534,1.238299052654934,5.1227519732383495,4.914313465185311,True,True,,,,,,,,,,,,,,,,,,,,,,,,,,,,,0
s9_k5op_b_s00_pos1_tap0_mc417_cpl0_rp4p96149420523_rn4p81489206956_f12370_f21100_a0_dac1p25,K5OP,B,0,0.005,1,0,417,ac,0.0,0.0,0,1.25,0,4.961494205229407,4.814892069559012,40.0,2370.0,1100.0,,0,,,,,,,,,,,-48.9210301406584,-50.0,-2.1579397186831994,1.1392592868648208,-0.11074071313517919,1.160248899080752,4.739268790345946,4.9291754361297935,True,True,,,,,,,,,,,,,,,,,,,,,,,,,,,,,0
s9_k5op_b_s00_pos1_tap0_mc418_cpl0_rp4p8426734305_rn4p85663682175_f12370_f21100_a0_dac1p25,K5OP,B,0,0.005,1,0,418,ac,0.0,0.0,0,1.25,0,4.842673430497197,4.856636821747744,40.0,2370.0,1100.0,,0,,,,,,,,,,,-50.228821968669735,-50.0,0.4576439373394692,1.2778319096223507,0.027831909622350715,1.2724108042322935,5.327294865825408,4.904888776605051,True,True,,,,,,,,,,,,,,,,,,,,,,,,,,,,,0
s9_k5op_b_s00_pos1_tap0_mc419_cpl0_rp4p90978219288_rn4p98810507864_f12370_f21100_a0_dac1p25,K5OP,B,0,0.005,1,0,419,ac,0.0,0.0,0,1.25,0,4.909782192875641,4.988105078638066,40.0,2370.0,1100.0,,0,,,,,,,,,,,-49.37362006117496,-50.0,-1.2527598776500781,1.3276837773871801,0.07768377738718013,1.3131924987082904,5.473877439659407,4.8430481889756125,True,True,,,,,,,,,,,,,,,,,,,,,,,,,,,,,0
s9_k5op_b_s00_pos1_tap0_mc41_cpl0_rp4p89027141912_rn4p97801839902_f12370_f21100_a0_dac1p25,K5OP,B,0,0.005,1,0,41,ac,0.0,0.0,0,1.25,0,4.890271419118427,4.978018399020955,40.0,2370.0,1100.0,,0,,,,,,,,,,,-49.56434809320287,-50.0,-0.8713038135942708,1.1027769828664984,-0.1472230171335016,1.131172866174342,4.614773559452992,4.933120867919223,True,True,,,,,,,,,,,,,,,,,,,,,,,,,,,,,0
s9_k5op_b_s00_pos1_tap0_mc420_cpl0_rp4p87611739853_rn4p9185599481_f12370_f21100_a0_dac1p25,K5OP,B,0,0.005,1,0,420,ac,0.0,0.0,0,1.25,0,4.876117398528499,4.918559948095463,40.0,2370.0,1100.0,,0,,,,,,,,,,,-50.13336116676425,-50.0,0.26672233352851293,1.1440931999205814,-0.10590680007941855,1.1651154257157357,4.81653055607376,4.930068306764017,True,True,,,,,,,,,,,,,,,,,,,,,,,,,,,,,0
s9_k5op_b_s00_pos1_tap0_mc421_cpl0_rp4p87900528971_rn4p94147219615_f12370_f21100_a0_dac1p25,K5OP,B,0,0.005,1,0,421,ac,0.0,0.0,0,1.25,0,4.879005289711984,4.941472196154558,40.0,2370.0,1100.0,,0,,,,,,,,,,,-50.556699126966805,-50.0,1.1133982539336174,1.3488904336519327,0.09889043365193273,1.3289830629721686,5.65415523185497,4.849929147696378,True,True,,,,,,,,,,,,,,,,,,,,,,,,,,,,,0
s9_k5op_b_s00_pos1_tap0_mc422_cpl0_rp4p82462707523_rn4p90248850271_f12370_f21100_a0_dac1p25,K5OP,B,0,0.005,1,0,422,ac,0.0,0.0,0,1.25,0,4.8246270752332405,4.9024885027091925,40.0,2370.0,1100.0,,0,,,,,,,,,,,-50.87347311028445,-50.0,1.7469462205689013,1.1930730040642747,-0.056926995935725255,1.2042688110934214,5.000526589788681,4.923890288463215,True,True,,,,,,,,,,,,,,,,,,,,,,,,,,,,,0
s9_k5op_b_s00_pos1_tap0_mc423_cpl0_rp4p83341517313_rn4p9478789508_f12370_f21100_a0_dac1p25,K5OP,B,0,0.005,1,0,423,ac,0.0,0.0,0,1.25,0,4.833415173128162,4.947878950800543,40.0,2370.0,1100.0,,0,,,,,,,,,,,-50.73160273546318,-50.0,1.4632054709263542,1.134326075616418,-0.11567392438358204,1.1564824475901783,4.732376990874348,4.929931112176047,True,True,,,,,,,,,,,,,,,,,,,,,,,,,,,,,0
s9_k5op_b_s00_pos1_tap0_mc424_cpl0_rp4p98497470264_rn4p87863981118_f12370_f21100_a0_dac1p25,K5OP,B,0,0.005,1,0,424,ac,0.0,0.0,0,1.25,0,4.984974702641672,4.878639811180132,40.0,2370.0,1100.0,,0,,,,,,,,,,,-50.31503514693058,-50.0,0.6300702938611735,1.1708943039333004,-0.0791056960666996,1.1866322193804237,4.926682153789864,4.927199202726259,True,True,,,,,,,,,,,,,,,,,,,,,,,,,,,,,0
s9_k5op_b_s00_pos1_tap0_mc425_cpl0_rp4p88982410079_rn4p89862494377_f12370_f21100_a0_dac1p25,K5OP,B,0,0.005,1,0,425,ac,0.0,0.0,0,1.25,0,4.889824100787956,4.898624943770372,40.0,2370.0,1100.0,,0,,,,,,,,,,,-48.328380442945736,-50.0,-3.3432391141085316,1.1027576628359808,-0.14724233716401924,1.1313458545919282,4.622966685792068,4.933300324705011,True,True,,,,,,,,,,,,,,,,,,,,,,,,,,,,,0
s9_k5op_b_s00_pos1_tap0_mc426_cpl0_rp4p91339773929_rn4p87662957089_f12370_f21100_a0_dac1p25,K5OP,B,0,0.005,1,0,426,ac,0.0,0.0,0,1.25,0,4.913397739285786,4.8766295708922005,40.0,2370.0,1100.0,,0,,,,,,,,,,,-50.12975263255947,-50.0,0.25950526511895333,1.2045094258665014,-0.04549057413349855,1.213942861681424,5.116861189472656,4.92463659231166,True,True,,,,,,,,,,,,,,,,,,,,,,,,,,,,,0
s9_k5op_b_s00_pos1_tap0_mc427_cpl0_rp4p90178926913_rn4p81648021279_f12370_f21100_a0_dac1p25,K5OP,B,0,0.005,1,0,427,ac,0.0,0.0,0,1.25,0,4.901789269129636,4.816480212786739,40.0,2370.0,1100.0,,0,,,,,,,,,,,-50.480506710444125,-50.0,0.961013420888257,1.2906412898278232,0.040641289827823224,1.2824627463712084,5.420697522018566,4.903964480152443,True,True,,,,,,,,,,,,,,,,,,,,,,,,,,,,,0
s9_k5op_b_s00_pos1_tap0_mc428_cpl0_rp4p9627612632_rn4p95493428922_f12370_f21100_a0_dac1p25,K5OP,B,0,0.005,1,0,428,ac,0.0,0.0,0,1.25,0,4.962761263201627,4.954934289218422,40.0,2370.0,1100.0,,0,,,,,,,,,,,-50.389228535441255,-50.0,0.77845707088251,1.1149762420101348,-0.1350237579898652,1.1418354734840201,4.702841833055535,4.932804808503993,True,True,,,,,,,,,,,,,,,,,,,,,,,,,,,,,0
s9_k5op_b_s00_pos1_tap0_mc429_cpl0_rp4p86282359383_rn4p91195043688_f12370_f21100_a0_dac1p25,K5OP,B,0,0.005,1,0,429,ac,0.0,0.0,0,1.25,0,4.8628235938318385,4.9119504368805424,40.0,2370.0,1100.0,,0,,,,,,,,,,,-49.192901655603634,-50.0,-1.614196688792735,1.1366956735649265,-0.11330432643507349,1.1595838214900394,4.8099798219150145,4.931290508772831,True,True,,,,,,,,,,,,,,,,,,,,,,,,,,,,,0
s9_k5op_b_s00_pos1_tap0_mc42_cpl0_rp4p86668659914_rn4p82600599647_f12370_f21100_a0_dac1p25,K5OP,B,0,0.005,1,0,42,ac,0.0,0.0,0,1.25,0,4.866686599144292,4.826005996469422,40.0,2370.0,1100.0,,0,,,,,,,,,,,-50.818770047724726,-50.0,1.6375400954494523,1.309036140711892,0.059036140711892005,1.2974220710056503,5.464760389440002,4.891408212395964,True,True,,,,,,,,,,,,,,,,,,,,,,,,,,,,,0
s9_k5op_b_s00_pos1_tap0_mc430_cpl0_rp4p99434612323_rn4p82596910836_f12370_f21100_a0_dac1p25,K5OP,B,0,0.005,1,0,430,ac,0.0,0.0,0,1.25,0,4.994346123227494,4.825969108361858,40.0,2370.0,1100.0,,0,,,,,,,,,,,-51.355931099752446,-50.0,2.7118621995048997,1.373069947886398,0.12306994788639791,1.349193157912518,5.70326200040733,4.71864994468983,True,True,,,,,,,,,,,,,,,,,,,,,,,,,,,,,0
s9_k5op_b_s00_pos1_tap0_mc431_cpl0_rp4p91116573768_rn4p8298137622_f12370_f21100_a0_dac1p25,K5OP,B,0,0.005,1,0,431,ac,0.0,0.0,0,1.25,0,4.91116573767908,4.829813762201956,40.0,2370.0,1100.0,,0,,,,,,,,,,,-49.520739281190274,-50.0,-0.9585214376194529,1.1014736822477038,-0.1485263177522962,1.1294766008380517,4.581740572182445,4.932644435078453,True,True,,,,,,,,,,,,,,,,,,,,,,,,,,,,,0
s9_k5op_b_s00_pos1_tap0_mc432_cpl0_rp4p89014342738_rn4p99554185829_f12370_f21100_a0_dac1p25,K5OP,B,0,0.005,1,0,432,ac,0.0,0.0,0,1.25,0,4.89014342737591,4.9955418582863675,40.0,2370.0,1100.0,,0,,,,,,,,,,,-48.69824549937229,-50.0,-2.603509001255422,1.1276219113775592,-0.12237808862244082,1.1511566216428142,4.710511974471286,4.930810457648593,True,True,,,,,,,,,,,,,,,,,,,,,,,,,,,,,0
s9_k5op_b_s00_pos1_tap0_mc433_cpl0_rp4p93677229798_rn4p97592014524_f12370_f21100_a0_dac1p25,K5OP,B,0,0.005,1,0,433,ac,0.0,0.0,0,1.25,0,4.936772297977573,4.975920145237492,40.0,2370.0,1100.0,,0,,,,,,,,,,,-50.23703166587179,-50.0,0.4740633317435794,1.2992432406937466,0.04924324069374664,1.2895209215429455,5.430191289655793,4.897572104142191,True,True,,,,,,,,,,,,,,,,,,,,,,,,,,,,,0
s9_k5op_b_s00_pos1_tap0_mc434_cpl0_rp4p97491088108_rn4p86882693556_f12370_f21100_a0_dac1p25,K5OP,B,0,0.005,1,0,434,ac,0.0,0.0,0,1.25,0,4.974910881079785,4.868826935558604,40.0,2370.0,1100.0,,0,,,,,,,,,,,-51.543627173678,-50.0,3.0872543473559944,1.300113525727132,0.0501135257271319,1.2903771800357011,5.413220518687194,4.8943806609457265,True,True,,,,,,,,,,,,,,,,,,,,,,,,,,,,,0
s9_k5op_b_s00_pos1_tap0_mc435_cpl0_rp4p9182471955_rn4p81836957152_f12370_f21100_a0_dac1p25,K5OP,B,0,0.005,1,0,435,ac,0.0,0.0,0,1.25,0,4.918247195501483,4.818369571516747,40.0,2370.0,1100.0,,0,,,,,,,,,,,-48.56180918459074,-50.0,-2.876381630818514,1.3402098837660825,0.09020988376608252,1.3231801240889962,5.538222281189199,4.814116509922432,True,True,,,,,,,,,,,,,,,,,,,,,,,,,,,,,0
s9_k5op_b_s00_pos1_tap0_mc436_cpl0_rp4p88771955369_rn4p91132094399_f12370_f21100_a0_dac1p25,K5OP,B,0,0.005,1,0,436,ac,0.0,0.0,0,1.25,0,4.8877195536887275,4.9113209439946255,40.0,2370.0,1100.0,,0,,,,,,,,,,,-50.77003637830257,-50.0,1.5400727566051486,1.3067479460318292,0.0567479460318292,1.2956976552344242,5.442606723471833,4.890718681478447,True,True,,,,,,,,,,,,,,,,,,,,,,,,,,,,,0
s9_k5op_b_s00_pos1_tap0_mc437_cpl0_rp4p93445364917_rn4p80865497354_f12370_f21100_a0_dac1p25,K5OP,B,0,0.005,1,0,437,ac,0.0,0.0,0,1.25,0,4.934453649171059,4.808654973540427,40.0,2370.0,1100.0,,0,,,,,,,,,,,-49.358709031361855,-50.0,-1.2825819372762948,1.2891262770587821,0.03912627705878213,1.2819535122079375,5.299300134255397,4.890486177456097,True,True,,,,,,,,,,,,,,,,,,,,,,,,,,,,,0
s9_k5op_b_s00_pos1_tap0_mc438_cpl0_rp4p84421385802_rn4p82762531564_f12370_f21100_a0_dac1p25,K5OP,B,0,0.005,1,0,438,ac,0.0,0.0,0,1.25,0,4.844213858015451,4.827625315639734,40.0,2370.0,1100.0,,0,,,,,,,,,,,-50.3572625097326,-50.0,0.7145250194652064,1.3777134279982224,0.12771342799822238,1.353331389280718,5.7018842529193385,4.680163439900159,True,True,,,,,,,,,,,,,,,,,,,,,,,,,,,,,0
s9_k5op_b_s00_pos1_tap0_mc439_cpl0_rp4p91373172506_rn4p930527309_f12370_f21100_a0_dac1p25,K5OP,B,0,0.005,1,0,439,ac,0.0,0.0,0,1.25,0,4.91373172505646,4.930527309003868,40.0,2370.0,1100.0,,0,,,,,,,,,,,-49.30154605033543,-50.0,-1.3969078993291362,1.286350237952735,0.036350237952734954,1.2794491862570283,5.329618881263951,4.898045008410901,True,True,,,,,,,,,,,,,,,,,,,,,,,,,,,,,0
s9_k5op_b_s00_pos1_tap0_mc43_cpl0_rp4p91618072202_rn4p87284003786_f12370_f21100_a0_dac1p25,K5OP,B,0,0.005,1,0,43,ac,0.0,0.0,0,1.25,0,4.916180722023276,4.872840037858758,40.0,2370.0,1100.0,,0,,,,,,,,,,,-50.21088935706075,-50.0,0.42177871412150125,1.3642029048392537,0.11420290483925366,1.3426318349073014,5.634860837585084,4.721180172880375,True,True,,,,,,,,,,,,,,,,,,,,,,,,,,,,,0
s9_k5op_b_s00_pos1_tap0_mc440_cpl0_rp4p94731480802_rn4p81983101758_f12370_f21100_a0_dac1p25,K5OP,B,0,0.005,1,0,440,ac,0.0,0.0,0,1.25,0,4.9473148080236165,4.819831017576631,40.0,2370.0,1100.0,,0,,,,,,,,,,,-49.940781340533924,-50.0,-0.11843731893215192,1.3771088107329346,0.12710881073293456,1.3539297208801875,5.645146864564477,4.628275176031101,True,True,,,,,,,,,,,,,,,,,,,,,,,,,,,,,0
s9_k5op_b_s00_pos1_tap0_mc441_cpl0_rp4p93868404524_rn4p94219884705_f12370_f21100_a0_dac1p25,K5OP,B,0,0.005,1,0,441,ac,0.0,0.0,0,1.25,0,4.938684045243629,4.942198847048544,40.0,2370.0,1100.0,,0,,,,,,,,,,,-50.440014887849216,-50.0,0.8800297756984321,1.3808513266466602,0.13085132664666022,1.3546160297973173,5.776668816784859,4.729779428706322,True,True,,,,,,,,,,,,,,,,,,,,,,,,,,,,,0
s9_k5op_b_s00_pos1_tap0_mc442_cpl0_rp4p83993282853_rn4p82015738078_f12370_f21100_a0_dac1p25,K5OP,B,0,0.005,1,0,442,ac,0.0,0.0,0,1.25,0,4.839932828527066,4.820157380784122,40.0,2370.0,1100.0,,0,,,,,,,,,,,-51.19846114561399,-50.0,2.3969222912279875,1.3924640878082835,0.14246408780828346,1.3646731531174496,5.787722543347918,4.6480061673597,True,True,,,,,,,,,,,,,,,,,,,,,,,,,,,,,0
s9_k5op_b_s00_pos1_tap0_mc443_cpl0_rp4p96483957111_rn4p9682278316_f12370_f21100_a0_dac1p25,K5OP,B,0,0.005,1,0,443,ac,0.0,0.0,0,1.25,0,4.964839571106617,4.968227831597427,40.0,2370.0,1100.0,,0,,,,,,,,,,,-49.970587436800606,-50.0,-0.05882512639878712,1.1784585519039539,-0.07154144809604612,1.192106001146755,4.903907236860411,4.924659628957875,True,True,,,,,,,,,,,,,,,,,,,,,,,,,,,,,0
s9_k5op_b_s00_pos1_tap0_mc444_cpl0_rp4p84650185077_rn4p91420142673_f12370_f21100_a0_dac1p25,K5OP,B,0,0.005,1,0,444,ac,0.0,0.0,0,1.25,0,4.846501850768853,4.914201426727646,40.0,2370.0,1100.0,,0,,,,,,,,,,,-50.517153316778085,-50.0,1.0343066335561701,1.3285430145282828,0.07854301452828283,1.3132523083695387,5.529486242245529,4.868627945245864,True,True,,,,,,,,,,,,,,,,,,,,,,,,,,,,,0
s9_k5op_b_s00_pos1_tap0_mc445_cpl0_rp4p87222682255_rn4p92161223144_f12370_f21100_a0_dac1p25,K5OP,B,0,0.005,1,0,445,ac,0.0,0.0,0,1.25,0,4.872226822548897,4.921612231443327,40.0,2370.0,1100.0,,0,,,,,,,,,,,-49.69819324155189,-50.0,-0.6036135168962176,1.3306785537612413,0.08067855376124133,1.3153652669712326,5.506658861769736,4.848861491541661,True,True,,,,,,,,,,,,,,,,,,,,,,,,,,,,,0
s9_k5op_b_s00_pos1_tap0_mc446_cpl0_rp4p83587136549_rn4p89235603238_f12370_f21100_a0_dac1p25,K5OP,B,0,0.005,1,0,446,ac,0.0,0.0,0,1.25,0,4.8358713654866365,4.892356032379998,40.0,2370.0,1100.0,,0,,,,,,,,,,,-50.08402917325405,-50.0,0.16805834650810425,1.2759023005547496,0.025902300554749624,1.2706511594914056,5.3715779269395085,4.909520788790271,True,True,,,,,,,,,,,,,,,,,,,,,,,,,,,,,0
s9_k5op_b_s00_pos1_tap0_mc447_cpl0_rp4p91808955789_rn4p84124517631_f12370_f21100_a0_dac1p25,K5OP,B,0,0.005,1,0,447,ac,0.0,0.0,0,1.25,0,4.91808955788955,4.841245176312512,40.0,2370.0,1100.0,,0,,,,,,,,,,,-49.680760479360316,-50.0,-0.6384790412793717,1.1854201836950282,-0.06457981630497178,1.1971418583338391,4.873061065817261,4.921543400410337,True,True,,,,,,,,,,,,,,,,,,,,,,,,,,,,,0
s9_k5op_b_s00_pos1_tap0_mc448_cpl0_rp4p91326034605_rn4p80768961249_f12370_f21100_a0_dac1p25,K5OP,B,0,0.005,1,0,448,ac,0.0,0.0,0,1.25,0,4.913260346054073,4.807689612488507,40.0,2370.0,1100.0,,0,,,,,,,,,,,-49.30392507681569,-50.0,-1.3921498463686288,1.1924606104299917,-0.05753938957000826,1.2030640754186106,4.918679677792159,4.921190332903683,True,True,,,,,,,,,,,,,,,,,,,,,,,,,,,,,0
s9_k5op_b_s00_pos1_tap0_mc449_cpl0_rp4p89853833736_rn4p97944014372_f12370_f21100_a0_dac1p25,K5OP,B,0,0.005,1,0,449,ac,0.0,0.0,0,1.25,0,4.898538337363991,4.97944014371821,40.0,2370.0,1100.0,,0,,,,,,,,,,,-50.12000692019569,-50.0,0.2400138403913843,1.344426726058902,0.09442672605890201,1.3264118695922547,5.567898579476294,4.810422943924989,True,True,,,,,,,,,,,,,,,,,,,,,,,,,,,,,0
s9_k5op_b_s00_pos1_tap0_mc44_cpl0_rp4p99711894844_rn4p82368120501_f12370_f21100_a0_dac1p25,K5OP,B,0,0.005,1,0,44,ac,0.0,0.0,0,1.25,0,4.997118948444106,4.823681205007997,40.0,2370.0,1100.0,,0,,,,,,,,,,,-48.82487193634377,-50.0,-2.3502561273124667,1.2219508759727913,-0.028049124027208716,1.2273383661594846,5.086295445970444,4.918118218785066,True,True,,,,,,,,,,,,,,,,,,,,,,,,,,,,,0
s9_k5op_b_s00_pos1_tap0_mc450_cpl0_rp4p89239110364_rn4p80615369179_f12370_f21100_a0_dac1p25,K5OP,B,0,0.005,1,0,450,ac,0.0,0.0,0,1.25,0,4.892391103642157,4.806153691794557,40.0,2370.0,1100.0,,0,,,,,,,,,,,-50.62214363164452,-50.0,1.2442872632890456,1.3557217769236782,0.10572177692367823,1.335105227975292,5.640327606275022,4.793566645223094,True,True,,,,,,,,,,,,,,,,,,,,,,,,,,,,,0
s9_k5op_b_s00_pos1_tap0_mc451_cpl0_rp4p92126212577_rn4p99481129844_f12370_f21100_a0_dac1p25,K5OP,B,0,0.005,1,0,451,ac,0.0,0.0,0,1.25,0,4.921262125773868,4.994811298436988,40.0,2370.0,1100.0,,0,,,,,,,,,,,-50.530646661601786,-50.0,1.0612933232035715,1.3219902745856131,0.07199027458561313,1.3084064088288758,5.46477575485652,4.863554376549128,True,True,,,,,,,,,,,,,,,,,,,,,,,,,,,,,0
s9_k5op_b_s00_pos1_tap0_mc452_cpl0_rp4p96816879058_rn4p83494627596_f12370_f21100_a0_dac1p25,K5OP,B,0,0.005,1,0,452,ac,0.0,0.0,0,1.25,0,4.968168790584767,4.8349462759630715,40.0,2370.0,1100.0,,0,,,,,,,,,,,-49.23722660933771,-50.0,-1.5255467813245827,1.4175571616555087,0.1675571616555087,1.3857913569522324,5.85273874703017,4.5122814537860485,True,True,,,,,,,,,,,,,,,,,,,,,,,,,,,,,0
s9_k5op_b_s00_pos1_tap0_mc453_cpl0_rp4p81189616737_rn4p92513478479_f12370_f21100_a0_dac1p25,K5OP,B,0,0.005,1,0,453,ac,0.0,0.0,0,1.25,0,4.811896167372134,4.925134784791296,40.0,2370.0,1100.0,,0,,,,,,,,,,,-49.470481765756524,-50.0,-1.0590364684869513,1.1783058294991364,-0.07169417050086357,1.1913631777872602,4.848486532145026,4.9228162350613776,True,True,,,,,,,,,,,,,,,,,,,,,,,,,,,,,0
s9_k5op_b_s00_pos1_tap0_mc454_cpl0_rp4p84477285746_rn4p85156316116_f12370_f21100_a0_dac1p25,K5OP,B,0,0.005,1,0,454,ac,0.0,0.0,0,1.25,0,4.8447728574641715,4.851563161162482,40.0,2370.0,1100.0,,0,,,,,,,,,,,-50.17623766348844,-50.0,0.35247532697688655,1.2473436107887244,-0.002656389211275645,1.247888575167142,5.273405640351454,4.917175575920838,True,True,,,,,,,,,,,,,,,,,,,,,,,,,,,,,0
s9_k5op_b_s00_pos1_tap0_mc455_cpl0_rp4p9611795944_rn4p94607428095_f12370_f21100_a0_dac1p25,K5OP,B,0,0.005,1,0,455,ac,0.0,0.0,0,1.25,0,4.961179594399361,4.946074280945574,40.0,2370.0,1100.0,,0,,,,,,,,,,,-49.32995677132013,-50.0,-1.340086457359746,1.140870418159306,-0.1091295818406941,1.162672511285295,4.812049454406992,4.930558987222539,True,True,,,,,,,,,,,,,,,,,,,,,,,,,,,,,0
s9_k5op_b_s00_pos1_tap0_mc456_cpl0_rp4p8081696137_rn4p89844934998_f12370_f21100_a0_dac1p25,K5OP,B,0,0.005,1,0,456,ac,0.0,0.0,0,1.25,0,4.808169613704869,4.898449349976364,40.0,2370.0,1100.0,,0,,,,,,,,,,,-50.45672371544407,-50.0,0.913447430888148,1.1949015716726548,-0.05509842832734524,1.205863382918477,5.022722190824048,4.9240934141554895,True,True,,,,,,,,,,,,,,,,,,,,,,,,,,,,,0
s9_k5op_b_s00_pos1_tap0_mc457_cpl0_rp4p80901387006_rn4p89893927897_f12370_f21100_a0_dac1p25,K5OP,B,0,0.005,1,0,457,ac,0.0,0.0,0,1.25,0,4.809013870061053,4.898939278974989,40.0,2370.0,1100.0,,0,,,,,,,,,,,-49.55958578771069,-50.0,-0.880828424578628,1.0621299156698834,-0.18787008433011665,1.0979002738178145,4.436263085972316,4.93606305848829,False,True,,,,,,,,,,,,,,,,,,,,,,,,,,,,,0
s9_k5op_b_s00_pos1_tap0_mc458_cpl0_rp4p97886635009_rn4p86955244537_f12370_f21100_a0_dac1p25,K5OP,B,0,0.005,1,0,458,ac,0.0,0.0,0,1.25,0,4.97886635008926,4.869552445369452,40.0,2370.0,1100.0,,0,,,,,,,,,,,-48.842512037550186,-50.0,-2.3149759248996316,1.3177928242945287,0.06779282429452871,1.3038624419147156,5.557412542754921,4.8947804654261615,True,True,,,,,,,,,,,,,,,,,,,,,,,,,,,,,0
s9_k5op_b_s00_pos1_tap0_mc459_cpl0_rp4p83963177594_rn4p8663180674_f12370_f21100_a0_dac1p25,K5OP,B,0,0.005,1,0,459,ac,0.0,0.0,0,1.25,0,4.839631775943394,4.866318067395099,40.0,2370.0,1100.0,,0,,,,,,,,,,,-50.30529079742107,-50.0,0.6105815948421522,1.2759829730857863,0.025982973085786343,1.2707774141219828,5.356196987491101,4.9084073048499395,True,True,,,,,,,,,,,,,,,,,,,,,,,,,,,,,0
s9_k5op_b_s00_pos1_tap0_mc45_cpl0_rp4p82760566967_rn4p99722862818_f12370_f21100_a0_dac1p25,K5OP,B,0,0.005,1,0,45,ac,0.0,0.0,0,1.25,0,4.827605669673552,4.997228628177117,40.0,2370.0,1100.0,,0,,,,,,,,,,,-49.85368831007975,-50.0,-0.29262337984050646,1.1848457939613621,-0.06515420603863786,1.1983758801092195,5.0401547132809785,4.9271541879896485,True,True,,,,,,,,,,,,,,,,,,,,,,,,,,,,,0
s9_k5op_b_s00_pos1_tap0_mc460_cpl0_rp4p92007457843_rn4p99419478961_f12370_f21100_a0_dac1p25,K5OP,B,0,0.005,1,0,460,ac,0.0,0.0,0,1.25,0,4.920074578427743,4.994194789613285,40.0,2370.0,1100.0,,0,,,,,,,,,,,-49.66532866502282,-50.0,-0.6693426699543648,1.17878795459054,-0.07121204540946002,1.1921663720085611,4.886720698047114,4.923960661058913,True,True,,,,,,,,,,,,,,,,,,,,,,,,,,,,,0
s9_k5op_b_s00_pos1_tap0_mc461_cpl0_rp4p91074305468_rn4p85079696789_f12370_f21100_a0_dac1p25,K5OP,B,0,0.005,1,0,461,ac,0.0,0.0,0,1.25,0,4.910743054677111,4.850796967891991,40.0,2370.0,1100.0,,0,,,,,,,,,,,-49.774896917087474,-50.0,-0.45020616582505113,1.2896364382808543,0.03963643828085428,1.2814737045674398,5.4478195474721165,4.906939488877073,True,True,,,,,,,,,,,,,,,,,,,,,,,,,,,,,0
s9_k5op_b_s00_pos1_tap0_mc462_cpl0_rp4p81682487932_rn4p80385501731_f12370_f21100_a0_dac1p25,K5OP,B,0,0.005,1,0,462,ac,0.0,0.0,0,1.25,0,4.816824879322612,4.8038550173147785,40.0,2370.0,1100.0,,0,,,,,,,,,,,-49.11282339359335,-50.0,-1.7743532128132955,1.2737338543514352,0.023733854351435157,1.2692530294298803,5.272416116694087,4.902877271697817,True,True,,,,,,,,,,,,,,,,,,,,,,,,,,,,,0
s9_k5op_b_s00_pos1_tap0_mc463_cpl0_rp4p81980051483_rn4p93994820809_f12370_f21100_a0_dac1p25,K5OP,B,0,0.005,1,0,463,ac,0.0,0.0,0,1.25,0,4.819800514826301,4.939948208085681,40.0,2370.0,1100.0,,0,,,,,,,,,,,-49.54496517975082,-50.0,-0.9100696404983677,1.3702515104485788,0.12025151044857885,1.3477133441833227,5.649761119263935,4.687731575322936,True,True,,,,,,,,,,,,,,,,,,,,,,,,,,,,,0
s9_k5op_b_s00_pos1_tap0_mc464_cpl0_rp4p93819973582_rn4p89022032526_f12370_f21100_a0_dac1p25,K5OP,B,0,0.005,1,0,464,ac,0.0,0.0,0,1.25,0,4.93819973581738,4.890220325258228,40.0,2370.0,1100.0,,0,,,,,,,,,,,-51.198368751559364,-50.0,2.396737503118729,1.346311633790901,0.09631163379090091,1.3279038718280565,5.577656776525124,4.805501753539787,True,True,,,,,,,,,,,,,,,,,,,,,,,,,,,,,0
s9_k5op_b_s00_pos1_tap0_mc465_cpl0_rp4p97378126426_rn4p99197721852_f12370_f21100_a0_dac1p25,K5OP,B,0,0.005,1,0,465,ac,0.0,0.0,0,1.25,0,4.973781264259639,4.991977218520064,40.0,2370.0,1100.0,,0,,,,,,,,,,,-49.0394360654367,-50.0,-1.9211278691265932,1.301562033047606,0.05156203304760609,1.2910023514119293,5.487909581902176,4.901981558565432,True,True,,,,,,,,,,,,,,,,,,,,,,,,,,,,,0
s9_k5op_b_s00_pos1_tap0_mc466_cpl0_rp4p87794000204_rn4p89205780317_f12370_f21100_a0_dac1p25,K5OP,B,0,0.005,1,0,466,ac,0.0,0.0,0,1.25,0,4.8779400020416315,4.892057803174942,40.0,2370.0,1100.0,,0,,,,,,,,,,,-48.39355902564568,-50.0,-3.2128819487086457,1.179764257846882,-0.0702357421531179,1.1933657632624717,4.927745874681877,4.925110341634805,True,True,,,,,,,,,,,,,,,,,,,,,,,,,,,,,0
s9_k5op_b_s00_pos1_tap0_mc467_cpl0_rp4p96689425009_rn4p99443766455_f12370_f21100_a0_dac1p25,K5OP,B,0,0.005,1,0,467,ac,0.0,0.0,0,1.25,0,4.96689425008728,4.994437664548066,40.0,2370.0,1100.0,,0,,,,,,,,,,,-50.62132578659728,-50.0,1.2426515731945642,1.1460442043338408,-0.1039557956661592,1.1649882871034347,4.720108407481144,4.927121446753078,True,True,,,,,,,,,,,,,,,,,,,,,,,,,,,,,0
s9_k5op_b_s00_pos1_tap0_mc468_cpl0_rp4p99627994237_rn4p80677673773_f12370_f21100_a0_dac1p25,K5OP,B,0,0.005,1,0,468,ac,0.0,0.0,0,1.25,0,4.996279942373079,4.806776737728935,40.0,2370.0,1100.0,,0,,,,,,,,,,,-49.599445363626145,-50.0,-0.8011092727477132,1.1335245199277622,-0.11647548007223785,1.1550162920720708,4.6844236142196625,4.928940410086928,True,True,,,,,,,,,,,,,,,,,,,,,,,,,,,,,0
s9_k5op_b_s00_pos1_tap0_mc469_cpl0_rp4p86746515181_rn4p82442949935_f12370_f21100_a0_dac1p25,K5OP,B,0,0.005,1,0,469,ac,0.0,0.0,0,1.25,0,4.867465151813388,4.824429499351856,40.0,2370.0,1100.0,,0,,,,,,,,,,,-50.3512639661241,-50.0,0.7025279322482092,1.413522710181096,0.1635227101810961,1.3826787639859752,5.830468447266236,4.52228676581748,True,True,,,,,,,,,,,,,,,,,,,,,,,,,,,,,0
s9_k5op_b_s00_pos1_tap0_mc46_cpl0_rp4p98614128366_rn4p95326093094_f12370_f21100_a0_dac1p25,K5OP,B,0,0.005,1,0,46,ac,0.0,0.0,0,1.25,0,4.9861412836618335,4.9532609309445235,40.0,2370.0,1100.0,,0,,,,,,,,,,,-51.12064885339551,-50.0,2.2412977067910234,1.2787752595657251,0.02877525956572513,1.2728588161539112,5.402167934567437,4.90999737213718,True,True,,,,,,,,,,,,,,,,,,,,,,,,,,,,,0
s9_k5op_b_s00_pos1_tap0_mc470_cpl0_rp4p91328404321_rn4p86674408431_f12370_f21100_a0_dac1p25,K5OP,B,0,0.005,1,0,470,ac,0.0,0.0,0,1.25,0,4.9132840432076454,4.866744084313133,40.0,2370.0,1100.0,,0,,,,,,,,,,,-50.773712817013816,-50.0,1.5474256340276327,1.3392291578304438,0.08922915783044383,1.320895197441716,5.643064020868618,4.877781101131133,True,True,,,,,,,,,,,,,,,,,,,,,,,,,,,,,0
s9_k5op_b_s00_pos1_tap0_mc471_cpl0_rp4p89736193895_rn4p8066346075_f12370_f21100_a0_dac1p25,K5OP,B,0,0.005,1,0,471,ac,0.0,0.0,0,1.25,0,4.897361938947755,4.806634607495522,40.0,2370.0,1100.0,,0,,,,,,,,,,,-49.75030885892018,-50.0,-0.49938228215964386,1.1561065026038837,-0.0938934973961163,1.1751314006887998,4.891690159761982,4.929477263600225,True,True,,,,,,,,,,,,,,,,,,,,,,,,,,,,,0
s9_k5op_b_s00_pos1_tap0_mc472_cpl0_rp4p82442057089_rn4p90328400898_f12370_f21100_a0_dac1p25,K5OP,B,0,0.005,1,0,472,ac,0.0,0.0,0,1.25,0,4.824420570887314,4.9032840089774,40.0,2370.0,1100.0,,0,,,,,,,,,,,-50.41888365075797,-50.0,0.8377673015159459,1.2366146901017219,-0.01338530989827813,1.2393290484902781,5.214808215612544,4.918490486214994,True,True,,,,,,,,,,,,,,,,,,,,,,,,,,,,,0
s9_k5op_b_s00_pos1_tap0_mc473_cpl0_rp4p81133556306_rn4p83594098262_f12370_f21100_a0_dac1p25,K5OP,B,0,0.005,1,0,473,ac,0.0,0.0,0,1.25,0,4.811335563056074,4.835940982615407,40.0,2370.0,1100.0,,0,,,,,,,,,,,-50.08547317131073,-50.0,0.17094634262146968,1.4080639956101044,0.15806399561010442,1.3789356112939506,5.7810955846257155,4.516583619744828,True,True,,,,,,,,,,,,,,,,,,,,,,,,,,,,,0
s9_k5op_b_s00_pos1_tap0_mc474_cpl0_rp4p84073641539_rn4p87162305829_f12370_f21100_a0_dac1p25,K5OP,B,0,0.005,1,0,474,ac,0.0,0.0,0,1.25,0,4.840736415390106,4.871623058289732,40.0,2370.0,1100.0,,0,,,,,,,,,,,-50.43144970298563,-50.0,0.8628994059712625,1.2625786791303553,0.012578679130355264,1.260176228845491,5.241869775829317,4.907914672374031,True,True,,,,,,,,,,,,,,,,,,,,,,,,,,,,,0
s9_k5op_b_s00_pos1_tap0_mc475_cpl0_rp4p84031180256_rn4p85577913513_f12370_f21100_a0_dac1p25,K5OP,B,0,0.005,1,0,475,ac,0.0,0.0,0,1.25,0,4.840311802564188,4.855779135131709,40.0,2370.0,1100.0,,0,,,,,,,,,,,-50.00136761544871,-50.0,0.002735230897421559,1.1204968625874367,-0.12950313741256325,1.1441455527522955,4.62029945589072,4.930001362171155,True,True,,,,,,,,,,,,,,,,,,,,,,,,,,,,,0
s9_k5op_b_s00_pos1_tap0_mc476_cpl0_rp4p80826104094_rn4p87299243737_f12370_f21100_a0_dac1p25,K5OP,B,0,0.005,1,0,476,ac,0.0,0.0,0,1.25,0,4.8082610409374436,4.872992437372049,40.0,2370.0,1100.0,,0,,,,,,,,,,,-49.07963740216958,-50.0,-1.8407251956608417,1.1995190793906285,-0.05048092060937148,1.2090681494540134,4.977902387755039,4.921235672586508,True,True,,,,,,,,,,,,,,,,,,,,,,,,,,,,,0
s9_k5op_b_s00_pos1_tap0_mc477_cpl0_rp4p9011025822_rn4p98272173248_f12370_f21100_a0_dac1p25,K5OP,B,0,0.005,1,0,477,ac,0.0,0.0,0,1.25,0,4.901102582197919,4.982721732480511,40.0,2370.0,1100.0,,0,,,,,,,,,,,-50.75796792330722,-50.0,1.5159358466144468,1.291886690703826,0.041886690703826,1.283712185989974,5.385959505566522,4.899363806762082,True,True,,,,,,,,,,,,,,,,,,,,,,,,,,,,,0
s9_k5op_b_s00_pos1_tap0_mc478_cpl0_rp4p94375421175_rn4p94783314723_f12370_f21100_a0_dac1p25,K5OP,B,0,0.005,1,0,478,ac,0.0,0.0,0,1.25,0,4.943754211749966,4.947833147232941,40.0,2370.0,1100.0,,0,,,,,,,,,,,-49.88628099013459,-50.0,-0.2274380197308301,1.4071016145245852,0.15710161452458515,1.3782042689601184,5.7750898435673825,4.518276927370727,True,True,,,,,,,,,,,,,,,,,,,,,,,,,,,,,0
s9_k5op_b_s00_pos1_tap0_mc479_cpl0_rp4p94451228521_rn4p87916699196_f12370_f21100_a0_dac1p25,K5OP,B,0,0.005,1,0,479,ac,0.0,0.0,0,1.25,0,4.944512285207889,4.8791669919552785,40.0,2370.0,1100.0,,0,,,,,,,,,,,-50.69875847784733,-50.0,1.3975169556946554,1.4047187989324426,0.15471879893244256,1.37293744966437,5.904644156208146,4.666885591579373,True,True,,,,,,,,,,,,,,,,,,,,,,,,,,,,,0
s9_k5op_b_s00_pos1_tap0_mc47_cpl0_rp4p8941099336_rn4p90077857548_f12370_f21100_a0_dac1p25,K5OP,B,0,0.005,1,0,47,ac,0.0,0.0,0,1.25,0,4.894109933598021,4.900778575478652,40.0,2370.0,1100.0,,0,,,,,,,,,,,-49.01399590119482,-50.0,-1.9720081976103643,1.3468358427222078,0.0968358427222078,1.3281601379256156,5.590897896602506,4.813811215290643,True,True,,,,,,,,,,,,,,,,,,,,,,,,,,,,,0
s9_k5op_b_s00_pos1_tap0_mc480_cpl0_rp4p9165168846_rn4p81704233275_f12370_f21100_a0_dac1p25,K5OP,B,0,0.005,1,0,480,ac,0.0,0.0,0,1.25,0,4.916516884599978,4.817042332753258,40.0,2370.0,1100.0,,0,,,,,,,,,,,-49.295686741350764,-50.0,-1.4086265172984724,1.1844135218942011,-0.06558647810579887,1.1972439272877624,4.959104318471759,4.924921518854196,True,True,,,,,,,,,,,,,,,,,,,,,,,,,,,,,0
s9_k5op_b_s00_pos1_tap0_mc481_cpl0_rp4p90897657852_rn4p83863291458_f12370_f21100_a0_dac1p25,K5OP,B,0,0.005,1,0,481,ac,0.0,0.0,0,1.25,0,4.908976578521395,4.83863291458142,40.0,2370.0,1100.0,,0,,,,,,,,,,,-50.679277019409774,-50.0,1.3585540388195483,1.2221934351510066,-0.027806564848993354,1.2276412940865844,5.112133841048596,4.919098461141488,True,True,,,,,,,,,,,,,,,,,,,,,,,,,,,,,0
s9_k5op_b_s00_pos1_tap0_mc482_cpl0_rp4p86288100731_rn4p91113469178_f12370_f21100_a0_dac1p25,K5OP,B,0,0.005,1,0,482,ac,0.0,0.0,0,1.25,0,4.862881007312245,4.911134691775557,40.0,2370.0,1100.0,,0,,,,,,,,,,,-49.066587051058704,-50.0,-1.8668258978825958,1.4261332682228163,0.17613326822281627,1.3910010160225719,5.9510181508243765,4.541952005041845,True,True,,,,,,,,,,,,,,,,,,,,,,,,,,,,,0
s9_k5op_b_s00_pos1_tap0_mc483_cpl0_rp4p83291461281_rn4p81672175434_f12370_f21100_a0_dac1p25,K5OP,B,0,0.005,1,0,483,ac,0.0,0.0,0,1.25,0,4.83291461281191,4.81672175434094,40.0,2370.0,1100.0,,0,,,,,,,,,,,-50.09287216112046,-50.0,0.18574432224092163,1.2141148307468028,-0.03588516925319718,1.2207823224874248,5.014901871974022,4.9177698941293935,True,True,,,,,,,,,,,,,,,,,,,,,,,,,,,,,0
s9_k5op_b_s00_pos1_tap0_mc484_cpl0_rp4p80955583217_rn4p93161747833_f12370_f21100_a0_dac1p25,K5OP,B,0,0.005,1,0,484,ac,0.0,0.0,0,1.25,0,4.80955583216582,4.931617478327593,40.0,2370.0,1100.0,,0,,,,,,,,,,,-49.49346364877094,-50.0,-1.0130727024581176,1.4116547400289399,0.16165474002893987,1.3796565165091623,5.8831464128153925,4.589908492583899,True,True,,,,,,,,,,,,,,,,,,,,,,,,,,,,,0
s9_k5op_b_s00_pos1_tap0_mc485_cpl0_rp4p89514580487_rn4p91137783103_f12370_f21100_a0_dac1p25,K5OP,B,0,0.005,1,0,485,ac,0.0,0.0,0,1.25,0,4.895145804869464,4.9113778310291725,40.0,2370.0,1100.0,,0,,,,,,,,,,,-49.241177789682844,-50.0,-1.517644420634312,1.3622379847896604,0.1122379847896604,1.3407201774605886,5.645144774224216,4.747092071318333,True,True,,,,,,,,,,,,,,,,,,,,,,,,,,,,,0
s9_k5op_b_s00_pos1_tap0_mc486_cpl0_rp4p95705388401_rn4p94764671172_f12370_f21100_a0_dac1p25,K5OP,B,0,0.005,1,0,486,ac,0.0,0.0,0,1.25,0,4.957053884006331,4.947646711724817,40.0,2370.0,1100.0,,0,,,,,,,,,,,-48.96330567540019,-50.0,-2.0733886491996145,1.23342138137485,-0.016578618625149977,1.2366106808366715,5.134114119084607,4.915915294678768,True,True,,,,,,,,,,,,,,,,,,,,,,,,,,,,,0
s9_k5op_b_s00_pos1_tap0_mc487_cpl0_rp4p84482012182_rn4p95383071947_f12370_f21100_a0_dac1p25,K5OP,B,0,0.005,1,0,487,ac,0.0,0.0,0,1.25,0,4.84482012181883,4.953830719470984,40.0,2370.0,1100.0,,0,,,,,,,,,,,-50.0303136161162,-50.0,0.060627232232413064,1.294581470453504,0.04458147045350391,1.2855389800038612,5.446968253777831,4.903428728270114,True,True,,,,,,,,,,,,,,,,,,,,,,,,,,,,,0
s9_k5op_b_s00_pos1_tap0_mc488_cpl0_rp4p88763720285_rn4p83155380993_f12370_f21100_a0_dac1p25,K5OP,B,0,0.005,1,0,488,ac,0.0,0.0,0,1.25,0,4.887637202849622,4.831553809926781,40.0,2370.0,1100.0,,0,,,,,,,,,,,-49.39664938825805,-50.0,-1.206701223483908,1.1042777756118067,-0.14572222438819327,1.1330115458912615,4.648681577442089,4.933509566012068,True,True,,,,,,,,,,,,,,,,,,,,,,,,,,,,,0
s9_k5op_b_s00_pos1_tap0_mc489_cpl0_rp4p84766955943_rn4p875178525_f12370_f21100_a0_dac1p25,K5OP,B,0,0.005,1,0,489,ac,0.0,0.0,0,1.25,0,4.847669559428117,4.875178525002907,40.0,2370.0,1100.0,,0,,,,,,,,,,,-50.58790797640711,-50.0,1.1758159528142187,1.335023428078764,0.08502342807876406,1.3187570949924323,5.533716246395159,4.843820069528419,True,True,,,,,,,,,,,,,,,,,,,,,,,,,,,,,0
s9_k5op_b_s00_pos1_tap0_mc48_cpl0_rp4p84579746796_rn4p94824174979_f12370_f21100_a0_dac1p25,K5OP,B,0,0.005,1,0,48,ac,0.0,0.0,0,1.25,0,4.845797467955072,4.948241749788483,40.0,2370.0,1100.0,,0,,,,,,,,,,,-50.035547641869016,-50.0,0.07109528373803187,1.2581745132118298,0.008174513211829826,1.256659865790353,5.1879003602913905,4.906462708642724,True,True,,,,,,,,,,,,,,,,,,,,,,,,,,,,,0
s9_k5op_b_s00_pos1_tap0_mc490_cpl0_rp4p88142816359_rn4p98473046386_f12370_f21100_a0_dac1p25,K5OP,B,0,0.005,1,0,490,ac,0.0,0.0,0,1.25,0,4.881428163586611,4.984730463863299,40.0,2370.0,1100.0,,0,,,,,,,,,,,-49.771316089493034,-50.0,-0.45736782101393203,1.219549603794585,-0.03045039620541501,1.2253191522881792,5.0600165421763315,4.917820344062488,True,True,,,,,,,,,,,,,,,,,,,,,,,,,,,,,0
s9_k5op_b_s00_pos1_tap0_mc491_cpl0_rp4p86846818018_rn4p85896451487_f12370_f21100_a0_dac1p25,K5OP,B,0,0.005,1,0,491,ac,0.0,0.0,0,1.25,0,4.86846818017839,4.858964514867365,40.0,2370.0,1100.0,,0,,,,,,,,,,,-49.97111027696066,-50.0,-0.057779446078687346,1.219737176018268,-0.030262823981731968,1.2256001668562888,5.088158946399764,4.918915583890099,True,True,,,,,,,,,,,,,,,,,,,,,,,,,,,,,0
s9_k5op_b_s00_pos1_tap0_mc492_cpl0_rp4p84718679302_rn4p96650176044_f12370_f21100_a0_dac1p25,K5OP,B,0,0.005,1,0,492,ac,0.0,0.0,0,1.25,0,4.847186793022051,4.966501760442533,40.0,2370.0,1100.0,,0,,,,,,,,,,,-50.27907137778564,-50.0,0.5581427555712892,1.3515428179904247,0.10154281799042475,1.3313434545784655,5.649123366507398,4.831364224287371,True,True,,,,,,,,,,,,,,,,,,,,,,,,,,,,,0
s9_k5op_b_s00_pos1_tap0_mc493_cpl0_rp4p92914468276_rn4p81937382261_f12370_f21100_a0_dac1p25,K5OP,B,0,0.005,1,0,493,ac,0.0,0.0,0,1.25,0,4.929144682763958,4.819373822611605,40.0,2370.0,1100.0,,0,,,,,,,,,,,-49.820543833356545,-50.0,-0.3589123332869093,1.3921932155597043,0.14219321555970432,1.3640789803777202,5.803843366668117,4.666289685645964,True,True,,,,,,,,,,,,,,,,,,,,,,,,,,,,,0
s9_k5op_b_s00_pos1_tap0_mc494_cpl0_rp4p83246035377_rn4p87140084391_f12370_f21100_a0_dac1p25,K5OP,B,0,0.005,1,0,494,ac,0.0,0.0,0,1.25,0,4.832460353767677,4.871400843910421,40.0,2370.0,1100.0,,0,,,,,,,,,,,-50.48549342393294,-50.0,0.9709868478658734,1.3997756910993868,0.14977569109938682,1.3699291700844625,5.844347955158998,4.6461390607813655,True,True,,,,,,,,,,,,,,,,,,,,,,,,,,,,,0
s9_k5op_b_s00_pos1_tap0_mc495_cpl0_rp4p89615372738_rn4p95659479426_f12370_f21100_a0_dac1p25,K5OP,B,0,0.005,1,0,495,ac,0.0,0.0,0,1.25,0,4.896153727381476,4.956594794260359,40.0,2370.0,1100.0,,0,,,,,,,,,,,-49.45494423304053,-50.0,-1.090111533918947,1.3290111219603247,0.07901112196032467,1.3145392985893722,5.457821970497017,4.822230931913839,True,True,,,,,,,,,,,,,,,,,,,,,,,,,,,,,0
s9_k5op_b_s00_pos1_tap0_mc496_cpl0_rp4p82124294855_rn4p89418312606_f12370_f21100_a0_dac1p25,K5OP,B,0,0.005,1,0,496,ac,0.0,0.0,0,1.25,0,4.821242948548383,4.894183126064418,40.0,2370.0,1100.0,,0,,,,,,,,,,,-50.05019040278835,-50.0,0.10038080557670526,1.3701817954807467,0.1201817954807467,1.3463606902962137,5.7189995465920145,4.757324241108228,True,True,,,,,,,,,,,,,,,,,,,,,,,,,,,,,0
s9_k5op_b_s00_pos1_tap0_mc497_cpl0_rp4p94590527831_rn4p89269603778_f12370_f21100_a0_dac1p25,K5OP,B,0,0.005,1,0,497,ac,0.0,0.0,0,1.25,0,4.945905278313416,4.892696037778297,40.0,2370.0,1100.0,,0,,,,,,,,,,,-49.47103191637048,-50.0,-1.0579361672590437,1.2282857346983087,-0.021714265301691293,1.232369590408761,5.086018463614389,4.915621165717945,True,True,,,,,,,,,,,,,,,,,,,,,,,,,,,,,0
s9_k5op_b_s00_pos1_tap0_mc498_cpl0_rp4p98483368934_rn4p86744459047_f12370_f21100_a0_dac1p25,K5OP,B,0,0.005,1,0,498,ac,0.0,0.0,0,1.25,0,4.984833689338516,4.867444590474708,40.0,2370.0,1100.0,,0,,,,,,,,,,,-49.428927191879076,-50.0,-1.142145616241852,1.3618639275172226,0.11186392751722263,1.339429105272727,5.701097621609517,4.804589108057101,True,True,,,,,,,,,,,,,,,,,,,,,,,,,,,,,0
s9_k5op_b_s00_pos1_tap0_mc499_cpl0_rp4p83548282447_rn4p91934024335_f12370_f21100_a0_dac1p25,K5OP,B,0,0.005,1,0,499,ac,0.0,0.0,0,1.25,0,4.835482824471407,4.919340243345649,40.0,2370.0,1100.0,,0,,,,,,,,,,,-49.81501255087783,-50.0,-0.3699748982443407,1.3200042318963576,0.07000423189635763,1.3068637260580025,5.450585132432769,4.86436105873142,True,True,,,,,,,,,,,,,,,,,,,,,,,,,,,,,0
s9_k5op_b_s00_pos1_tap0_mc49_cpl0_rp4p89650450288_rn4p92668320918_f12370_f21100_a0_dac1p25,K5OP,B,0,0.005,1,0,49,ac,0.0,0.0,0,1.25,0,4.896504502883394,4.926683209181735,40.0,2370.0,1100.0,,0,,,,,,,,,,,-50.00941313180629,-50.0,0.01882626361258133,1.2815471084465424,0.031547108446542405,1.275231364579733,5.377503916815115,4.906564014243491,True,True,,,,,,,,,,,,,,,,,,,,,,,,,,,,,0
s9_k5op_b_s00_pos1_tap0_mc4_cpl0_rp4p9639242883_rn4p9501632796_f12370_f21100_a0_dac1p25,K5OP,B,0,0.005,1,0,4,ac,0.0,0.0,0,1.25,0,4.963924288299439,4.950163279600443,40.0,2370.0,1100.0,,0,,,,,,,,,,,-49.68203569223339,-50.0,-0.6359286155332211,1.2252537903840564,-0.02474620961594365,1.2300990763898314,5.123590878265832,4.91857074911056,True,True,,,,,,,,,,,,,,,,,,,,,,,,,,,,,0
s9_k5op_b_s00_pos1_tap0_mc50_cpl0_rp4p93838286104_rn4p81764389731_f12370_f21100_a0_dac1p25,K5OP,B,0,0.005,1,0,50,ac,0.0,0.0,0,1.25,0,4.938382861036046,4.817643897306691,40.0,2370.0,1100.0,,0,,,,,,,,,,,-49.587952360214956,-50.0,-0.8240952795700918,1.3213073967677071,0.07130739676770714,1.3075644450690436,5.48793876050525,4.874392502199846,True,True,,,,,,,,,,,,,,,,,,,,,,,,,,,,,0
s9_k5op_b_s00_pos1_tap0_mc51_cpl0_rp4p94108494795_rn4p84597086392_f12370_f21100_a0_dac1p25,K5OP,B,0,0.005,1,0,51,ac,0.0,0.0,0,1.25,0,4.941084947954228,4.845970863919445,40.0,2370.0,1100.0,,0,,,,,,,,,,,-50.37885997519975,-50.0,0.7577199503995047,1.3795618963563667,0.12956189635636672,1.353482020199892,5.7767452804428085,4.740134580576649,True,True,,,,,,,,,,,,,,,,,,,,,,,,,,,,,0
s9_k5op_b_s00_pos1_tap0_mc52_cpl0_rp4p90067306704_rn4p92869417858_f12370_f21100_a0_dac1p25,K5OP,B,0,0.005,1,0,52,ac,0.0,0.0,0,1.25,0,4.900673067044964,4.928694178577813,40.0,2370.0,1100.0,,0,,,,,,,,,,,-48.82464411249732,-50.0,-2.350711775005365,1.3750480780952088,0.1250480780952088,1.3525723742739562,5.620498161956297,4.620112918031277,True,True,,,,,,,,,,,,,,,,,,,,,,,,,,,,,0
s9_k5op_b_s00_pos1_tap0_mc53_cpl0_rp4p90671802168_rn4p84604051155_f12370_f21100_a0_dac1p25,K5OP,B,0,0.005,1,0,53,ac,0.0,0.0,0,1.25,0,4.906718021679604,4.846040511552379,40.0,2370.0,1100.0,,0,,,,,,,,,,,-49.89907008275951,-50.0,-0.20185983448098854,1.3718620582129168,0.12186205821291685,1.349353955726572,5.638935566711629,4.664031873515468,True,True,,,,,,,,,,,,,,,,,,,,,,,,,,,,,0
s9_k5op_b_s00_pos1_tap0_mc54_cpl0_rp4p98569420512_rn4p85186384419_f12370_f21100_a0_dac1p25,K5OP,B,0,0.005,1,0,54,ac,0.0,0.0,0,1.25,0,4.985694205117068,4.851863844192985,40.0,2370.0,1100.0,,0,,,,,,,,,,,-51.05919830713068,-50.0,2.118396614261364,1.1961331506302155,-0.053866849369784475,1.206027131717672,4.929540790308376,4.920338875118834,True,True,,,,,,,,,,,,,,,,,,,,,,,,,,,,,0
s9_k5op_b_s00_pos1_tap0_mc55_cpl0_rp4p81692971849_rn4p86324679714_f12370_f21100_a0_dac1p25,K5OP,B,0,0.005,1,0,55,ac,0.0,0.0,0,1.25,0,4.816929718488971,4.86324679713733,40.0,2370.0,1100.0,,0,,,,,,,,,,,-50.391106433436136,-50.0,0.7822128668722783,1.1548019430750331,-0.09519805692496686,1.1732215214266657,4.826810820893257,4.928092907311156,True,True,,,,,,,,,,,,,,,,,,,,,,,,,,,,,0
s9_k5op_b_s00_pos1_tap0_mc56_cpl0_rp4p89383174788_rn4p94109310762_f12370_f21100_a0_dac1p25,K5OP,B,0,0.005,1,0,56,ac,0.0,0.0,0,1.25,0,4.893831747878307,4.9410931076228115,40.0,2370.0,1100.0,,0,,,,,,,,,,,-49.73216839570416,-50.0,-0.5356632085916857,1.1927189796288105,-0.05728102037118954,1.203473545594642,4.941703754716128,4.921935043390212,True,True,,,,,,,,,,,,,,,,,,,,,,,,,,,,,0
s9_k5op_b_s00_pos1_tap0_mc57_cpl0_rp4p85647483821_rn4p83451618039_f12370_f21100_a0_dac1p25,K5OP,B,0,0.005,1,0,57,ac,0.0,0.0,0,1.25,0,4.856474838211144,4.834516180392071,40.0,2370.0,1100.0,,0,,,,,,,,,,,-50.33329846152012,-50.0,0.6665969230402524,1.1541635067562845,-0.09583649324371546,1.1717184293596383,4.758519070495291,4.926310584982212,True,True,,,,,,,,,,,,,,,,,,,,,,,,,,,,,0
s9_k5op_b_s00_pos1_tap0_mc58_cpl0_rp4p89346033217_rn4p83607483876_f12370_f21100_a0_dac1p25,K5OP,B,0,0.005,1,0,58,ac,0.0,0.0,0,1.25,0,4.893460332174911,4.836074838764913,40.0,2370.0,1100.0,,0,,,,,,,,,,,-49.48239365261786,-50.0,-1.035212694764287,1.184704489858911,-0.06529551014108903,1.1969409736500662,4.907422840796393,4.92307059946631,True,True,,,,,,,,,,,,,,,,,,,,,,,,,,,,,0
s9_k5op_b_s00_pos1_tap0_mc59_cpl0_rp4p82373364137_rn4p91750785234_f12370_f21100_a0_dac1p25,K5OP,B,0,0.005,1,0,59,ac,0.0,0.0,0,1.25,0,4.823733641370459,4.917507852337766,40.0,2370.0,1100.0,,0,,,,,,,,,,,-49.584369281900905,-50.0,-0.831261436198194,1.2680519583671905,0.018051958367190535,1.2645019638368191,5.300342863684298,4.909047541035596,True,True,,,,,,,,,,,,,,,,,,,,,,,,,,,,,0
s9_k5op_b_s00_pos1_tap0_mc5_cpl0_rp4p82480901845_rn4p85891971041_f12370_f21100_a0_dac1p25,K5OP,B,0,0.005,1,0,5,ac,0.0,0.0,0,1.25,0,4.824809018452469,4.858919710414241,40.0,2370.0,1100.0,,0,,,,,,,,,,,-49.80508542110851,-50.0,-0.38982915778298377,1.3868526444772737,0.13685264447727374,1.3597334709557651,5.7853849333929315,4.690544299041045,True,True,,,,,,,,,,,,,,,,,,,,,,,,,,,,,0
s9_k5op_b_s00_pos1_tap0_mc60_cpl0_rp4p84684747008_rn4p97109424672_f12370_f21100_a0_dac1p25,K5OP,B,0,0.005,1,0,60,ac,0.0,0.0,0,1.25,0,4.846847470081567,4.971094246724969,40.0,2370.0,1100.0,,0,,,,,,,,,,,-49.24525634875554,-50.0,-1.509487302488921,1.2340016875159927,-0.015998312484007293,1.237146346791422,5.163541003750433,4.917105380886515,True,True,,,,,,,,,,,,,,,,,,,,,,,,,,,,,0
s9_k5op_b_s00_pos1_tap0_mc61_cpl0_rp4p94483197358_rn4p95053325516_f12370_f21100_a0_dac1p25,K5OP,B,0,0.005,1,0,61,ac,0.0,0.0,0,1.25,0,4.944831973580668,4.950533255157358,40.0,2370.0,1100.0,,0,,,,,,,,,,,-50.63357911642141,-50.0,1.2671582328428244,1.2517598418273397,0.001759841827339681,1.2514130337950493,5.237866613426773,4.913414913038497,True,True,,,,,,,,,,,,,,,,,,,,,,,,,,,,,0
s9_k5op_b_s00_pos1_tap0_mc62_cpl0_rp4p81530518808_rn4p84368973926_f12370_f21100_a0_dac1p25,K5OP,B,0,0.005,1,0,62,ac,0.0,0.0,0,1.25,0,4.815305188076907,4.843689739264638,40.0,2370.0,1100.0,,0,,,,,,,,,,,-49.46214147841798,-50.0,-1.0757170431640373,1.130959975393759,-0.11904002460624108,1.1541884348932279,4.742083678189356,4.9308279526858545,True,True,,,,,,,,,,,,,,,,,,,,,,,,,,,,,0
s9_k5op_b_s00_pos1_tap0_mc63_cpl0_rp4p92941797896_rn4p92106168524_f12370_f21100_a0_dac1p25,K5OP,B,0,0.005,1,0,63,ac,0.0,0.0,0,1.25,0,4.929417978963851,4.921061685235077,40.0,2370.0,1100.0,,0,,,,,,,,,,,-50.78428806156276,-50.0,1.5685761231255313,1.2451187838835247,-0.004881216116475295,1.2460715150521569,5.199053788979839,4.914270649371829,True,True,,,,,,,,,,,,,,,,,,,,,,,,,,,,,0
s9_k5op_b_s00_pos1_tap0_mc64_cpl0_rp4p81847647918_rn4p86125477416_f12370_f21100_a0_dac1p25,K5OP,B,0,0.005,1,0,64,ac,0.0,0.0,0,1.25,0,4.818476479179087,4.861254774161835,40.0,2370.0,1100.0,,0,,,,,,,,,,,-49.799211217540496,-50.0,-0.401577564919009,1.3664709074582297,0.11647090745822974,1.3448122949442864,5.62531797969274,4.693529265945143,True,True,,,,,,,,,,,,,,,,,,,,,,,,,,,,,0
s9_k5op_b_s00_pos1_tap0_mc65_cpl0_rp4p98548728336_rn4p8322453739_f12370_f21100_a0_dac1p25,K5OP,B,0,0.005,1,0,65,ac,0.0,0.0,0,1.25,0,4.985487283362776,4.832245373900748,40.0,2370.0,1100.0,,0,,,,,,,,,,,-51.004847127151805,-50.0,2.009694254303618,1.1818288945577182,-0.06817110544228178,1.1949661048527531,4.929902858152444,4.924589541799008,True,True,,,,,,,,,,,,,,,,,,,,,,,,,,,,,0
s9_k5op_b_s00_pos1_tap0_mc66_cpl0_rp4p86891949042_rn4p81968547826_f12370_f21100_a0_dac1p25,K5OP,B,0,0.005,1,0,66,ac,0.0,0.0,0,1.25,0,4.8689194904222814,4.81968547825727,40.0,2370.0,1100.0,,0,,,,,,,,,,,-48.513361832014375,-50.0,-2.9732763359712533,1.1193145453063245,-0.13068545469367554,1.144200631557989,4.665180545942226,4.931309445278106,True,True,,,,,,,,,,,,,,,,,,,,,,,,,,,,,0
s9_k5op_b_s00_pos1_tap0_mc67_cpl0_rp4p87381940208_rn4p84921330081_f12370_f21100_a0_dac1p25,K5OP,B,0,0.005,1,0,67,ac,0.0,0.0,0,1.25,0,4.873819402079665,4.8492133008067695,40.0,2370.0,1100.0,,0,,,,,,,,,,,-50.25205171899305,-50.0,0.5041034379861031,1.1939126943844371,-0.056087305615562855,1.2046970703192947,4.975462031372356,4.922768210902379,True,True,,,,,,,,,,,,,,,,,,,,,,,,,,,,,0
s9_k5op_b_s00_pos1_tap0_mc68_cpl0_rp4p93398577308_rn4p85144702565_f12370_f21100_a0_dac1p25,K5OP,B,0,0.005,1,0,68,ac,0.0,0.0,0,1.25,0,4.933985773077202,4.851447025649973,40.0,2370.0,1100.0,,0,,,,,,,,,,,-51.0391067814564,-50.0,2.0782135629128007,1.3182145240702834,0.06821452407028339,1.3041844984993016,5.560366683244066,4.894652438137677,True,True,,,,,,,,,,,,,,,,,,,,,,,,,,,,,0
s9_k5op_b_s00_pos1_tap0_mc69_cpl0_rp4p91143479711_rn4p82654788787_f12370_f21100_a0_dac1p25,K5OP,B,0,0.005,1,0,69,ac,0.0,0.0,0,1.25,0,4.911434797113318,4.8265478878736365,40.0,2370.0,1100.0,,0,,,,,,,,,,,-49.656767230294996,-50.0,-0.6864655394100083,1.1515377212274664,-0.09846227877253355,1.1720212086033381,4.9094078787386515,4.930754252655616,True,True,,,,,,,,,,,,,,,,,,,,,,,,,,,,,0
s9_k5op_b_s00_pos1_tap0_mc6_cpl0_rp4p99017081879_rn4p92930515062_f12370_f21100_a0_dac1p25,K5OP,B,0,0.005,1,0,6,ac,0.0,0.0,0,1.25,0,4.990170818793452,4.929305150616864,40.0,2370.0,1100.0,,0,,,,,,,,,,,-49.570478796401304,-50.0,-0.8590424071973968,1.433173454207587,0.1831734542075869,1.395589271426285,6.016932827953772,4.5515451942930625,True,True,,,,,,,,,,,,,,,,,,,,,,,,,,,,,0
s9_k5op_b_s00_pos1_tap0_mc70_cpl0_rp4p88881714958_rn4p81017969097_f12370_f21100_a0_dac1p25,K5OP,B,0,0.005,1,0,70,ac,0.0,0.0,0,1.25,0,4.8888171495826835,4.810179690974999,40.0,2370.0,1100.0,,0,,,,,,,,,,,-49.65921457460443,-50.0,-0.6815708507911467,1.1821498126346854,-0.06785018736531456,1.1955894287569493,4.9660150766156335,4.925588073788585,True,True,,,,,,,,,,,,,,,,,,,,,,,,,,,,,0
s9_k5op_b_s00_pos1_tap0_mc71_cpl0_rp4p80947156083_rn4p89461668416_f12370_f21100_a0_dac1p25,K5OP,B,0,0.005,1,0,71,ac,0.0,0.0,0,1.25,0,4.809471560826176,4.894616684158554,40.0,2370.0,1100.0,,0,,,,,,,,,,,-49.7789292630002,-50.0,-0.44214147399960213,1.180034882732655,-0.069965117267345,1.1934408106248233,4.91564349357855,4.924654227379563,True,True,,,,,,,,,,,,,,,,,,,,,,,,,,,,,0
s9_k5op_b_s00_pos1_tap0_mc72_cpl0_rp4p8591984229_rn4p98977652785_f12370_f21100_a0_dac1p25,K5OP,B,0,0.005,1,0,72,ac,0.0,0.0,0,1.25,0,4.859198422902416,4.9897765278485515,40.0,2370.0,1100.0,,0,,,,,,,,,,,-51.034104660532265,-50.0,2.068209321064529,1.3555287790735007,0.10552877907350067,1.334580707727079,5.6623275006464535,4.815485657599946,True,True,,,,,,,,,,,,,,,,,,,,,,,,,,,,,0
s9_k5op_b_s00_pos1_tap0_mc73_cpl0_rp4p97210393659_rn4p882087731_f12370_f21100_a0_dac1p25,K5OP,B,0,0.005,1,0,73,ac,0.0,0.0,0,1.25,0,4.972103936593898,4.882087730999263,40.0,2370.0,1100.0,,0,,,,,,,,,,,-48.818364660763166,-50.0,-2.3632706784736723,1.123033926210544,-0.126966073789456,1.1466134007062565,4.650033474557169,4.930252606397468,True,True,,,,,,,,,,,,,,,,,,,,,,,,,,,,,0
s9_k5op_b_s00_pos1_tap0_mc74_cpl0_rp4p81224899117_rn4p97047798808_f12370_f21100_a0_dac1p25,K5OP,B,0,0.005,1,0,74,ac,0.0,0.0,0,1.25,0,4.812248991171771,4.970477988080208,40.0,2370.0,1100.0,,0,,,,,,,,,,,-49.60775850356258,-50.0,-0.7844829928748465,1.320499142484001,0.07049914248400091,1.3064425705978675,5.527973060666685,4.886185911873325,True,True,,,,,,,,,,,,,,,,,,,,,,,,,,,,,0
s9_k5op_b_s00_pos1_tap0_mc75_cpl0_rp4p87408261124_rn4p83842753066_f12370_f21100_a0_dac1p25,K5OP,B,0,0.005,1,0,75,ac,0.0,0.0,0,1.25,0,4.874082611238789,4.838427530657912,40.0,2370.0,1100.0,,0,,,,,,,,,,,-50.32251551000621,-50.0,0.6450310200124321,1.3365804975250313,0.08658049752503127,1.320814100258073,5.481430510577162,4.78801455130325,True,True,,,,,,,,,,,,,,,,,,,,,,,,,,,,,0
s9_k5op_b_s00_pos1_tap0_mc76_cpl0_rp4p88235051161_rn4p88834123809_f12370_f21100_a0_dac1p25,K5OP,B,0,0.005,1,0,76,ac,0.0,0.0,0,1.25,0,4.8823505116112305,4.88834123809309,40.0,2370.0,1100.0,,0,,,,,,,,,,,-48.72183738481972,-50.0,-2.5563252303605566,1.1676629494092852,-0.08233705059071483,1.1831965112397742,4.847261865446725,4.925620915175653,True,True,,,,,,,,,,,,,,,,,,,,,,,,,,,,,0
s9_k5op_b_s00_pos1_tap0_mc77_cpl0_rp4p94042145621_rn4p95409641466_f12370_f21100_a0_dac1p25,K5OP,B,0,0.005,1,0,77,ac,0.0,0.0,0,1.25,0,4.940421456214767,4.95409641465923,40.0,2370.0,1100.0,,0,,,,,,,,,,,-51.16708706522033,-50.0,2.3341741304406582,1.1092830678946979,-0.14071693210530212,1.1382092292929504,4.723893523015704,4.934084553838995,True,True,,,,,,,,,,,,,,,,,,,,,,,,,,,,,0
s9_k5op_b_s00_pos1_tap0_mc78_cpl0_rp4p86823976616_rn4p87579310451_f12370_f21100_a0_dac1p25,K5OP,B,0,0.005,1,0,78,ac,0.0,0.0,0,1.25,0,4.8682397661630965,4.875793104508594,40.0,2370.0,1100.0,,0,,,,,,,,,,,-49.64109041406983,-50.0,-0.7178191718603455,1.3001031357775408,0.050103135777540775,1.2903233282550468,5.419058408219817,4.895357757584063,True,True,,,,,,,,,,,,,,,,,,,,,,,,,,,,,0
s9_k5op_b_s00_pos1_tap0_mc79_cpl0_rp4p89509926023_rn4p88681577062_f12370_f21100_a0_dac1p25,K5OP,B,0,0.005,1,0,79,ac,0.0,0.0,0,1.25,0,4.895099260228807,4.886815770623871,40.0,2370.0,1100.0,,0,,,,,,,,,,,-50.46674078554636,-50.0,0.9334815710927202,1.3056266313076317,0.05562663130763168,1.2954304465364146,5.365133756613103,4.875273367666961,True,True,,,,,,,,,,,,,,,,,,,,,,,,,,,,,0
s9_k5op_b_s00_pos1_tap0_mc7_cpl0_rp4p9191824958_rn4p94462443839_f12370_f21100_a0_dac1p25,K5OP,B,0,0.005,1,0,7,ac,0.0,0.0,0,1.25,0,4.919182495796655,4.9446244383908775,40.0,2370.0,1100.0,,0,,,,,,,,,,,-50.21669174048115,-50.0,0.4333834809623127,1.4177661154262335,0.16776611542623354,1.386250788836155,5.84254046422094,4.500411540811073,True,True,,,,,,,,,,,,,,,,,,,,,,,,,,,,,0
s9_k5op_b_s00_pos1_tap0_mc80_cpl0_rp4p90407268595_rn4p99116117843_f12370_f21100_a0_dac1p25,K5OP,B,0,0.005,1,0,80,ac,0.0,0.0,0,1.25,0,4.9040726859476464,4.991161178425712,40.0,2370.0,1100.0,,0,,,,,,,,,,,-50.027702142410035,-50.0,0.05540428482007087,1.152714565507724,-0.097285434492276,1.171763318734277,4.833457409352135,4.92872731732526,True,True,,,,,,,,,,,,,,,,,,,,,,,,,,,,,0
s9_k5op_b_s00_pos1_tap0_mc81_cpl0_rp4p9204357772_rn4p91598929712_f12370_f21100_a0_dac1p25,K5OP,B,0,0.005,1,0,81,ac,0.0,0.0,0,1.25,0,4.920435777199089,4.915989297122961,40.0,2370.0,1100.0,,0,,,,,,,,,,,-50.871599255186695,-50.0,1.7431985103733894,1.2711188251226875,0.02111882512268748,1.2667583321752411,5.377309013761067,4.912381623399891,True,True,,,,,,,,,,,,,,,,,,,,,,,,,,,,,0
s9_k5op_b_s00_pos1_tap0_mc82_cpl0_rp4p83199788371_rn4p83944375677_f12370_f21100_a0_dac1p25,K5OP,B,0,0.005,1,0,82,ac,0.0,0.0,0,1.25,0,4.831997883708647,4.839443756766406,40.0,2370.0,1100.0,,0,,,,,,,,,,,-49.616932282221526,-50.0,-0.7661354355569472,1.2475761240966403,-0.0024238759033596846,1.248035684365874,5.172912941410631,4.911530346619993,True,True,,,,,,,,,,,,,,,,,,,,,,,,,,,,,0
s9_k5op_b_s00_pos1_tap0_mc83_cpl0_rp4p98994570318_rn4p92885374731_f12370_f21100_a0_dac1p25,K5OP,B,0,0.005,1,0,83,ac,0.0,0.0,0,1.25,0,4.9899457031827525,4.928853747310462,40.0,2370.0,1100.0,,0,,,,,,,,,,,-49.46442287275365,-50.0,-1.071154254492701,1.1837467240035453,-0.0662532759964547,1.1964485239365723,4.931179039355587,4.9241609250506615,True,True,,,,,,,,,,,,,,,,,,,,,,,,,,,,,0
s9_k5op_b_s00_pos1_tap0_mc84_cpl0_rp4p94962874674_rn4p95231937264_f12370_f21100_a0_dac1p25,K5OP,B,0,0.005,1,0,84,ac,0.0,0.0,0,1.25,0,4.949628746742632,4.9523193726378425,40.0,2370.0,1100.0,,0,,,,,,,,,,,-51.20033919665756,-50.0,2.4006783933151254,1.2222691611686383,-0.027730838831361737,1.227554522187718,5.078073914669487,4.917547245275766,True,True,,,,,,,,,,,,,,,,,,,,,,,,,,,,,0
s9_k5op_b_s00_pos1_tap0_mc85_cpl0_rp4p99052628228_rn4p95771412663_f12370_f21100_a0_dac1p25,K5OP,B,0,0.005,1,0,85,ac,0.0,0.0,0,1.25,0,4.990526282278525,4.9577141266308535,40.0,2370.0,1100.0,,0,,,,,,,,,,,-50.635695074645604,-50.0,1.2713901492912072,1.262377505161724,0.01237750516172409,1.259979407988611,5.2587891420710875,4.909262132076042,True,True,,,,,,,,,,,,,,,,,,,,,,,,,,,,,0
s9_k5op_b_s00_pos1_tap0_mc86_cpl0_rp4p81534552746_rn4p95489274822_f12370_f21100_a0_dac1p25,K5OP,B,0,0.005,1,0,86,ac,0.0,0.0,0,1.25,0,4.815345527458427,4.954892748219966,40.0,2370.0,1100.0,,0,,,,,,,,,,,-49.81759062164803,-50.0,-0.36481875670394404,1.3064145952859172,0.05641459528591719,1.2950839990435157,5.4812103558491145,4.896830325535688,True,True,,,,,,,,,,,,,,,,,,,,,,,,,,,,,0
s9_k5op_b_s00_pos1_tap0_mc87_cpl0_rp4p80472956662_rn4p84793417503_f12370_f21100_a0_dac1p25,K5OP,B,0,0.005,1,0,87,ac,0.0,0.0,0,1.25,0,4.804729566620188,4.8479341750315745,40.0,2370.0,1100.0,,0,,,,,,,,,,,-50.59924332105447,-50.0,1.1984866421089535,1.3165491381613077,0.0665491381613077,1.3034275421737065,5.497700172421633,4.886437514330747,True,True,,,,,,,,,,,,,,,,,,,,,,,,,,,,,0
s9_k5op_b_s00_pos1_tap0_mc88_cpl0_rp4p89721161764_rn4p89687305656_f12370_f21100_a0_dac1p25,K5OP,B,0,0.005,1,0,88,ac,0.0,0.0,0,1.25,0,4.897211617639955,4.896873056557508,40.0,2370.0,1100.0,,0,,,,,,,,,,,-49.12292615770086,-50.0,-1.754147684598284,1.3991737391791708,0.14917373917917076,1.3701564911428372,5.810975921422878,4.6175855219994,True,True,,,,,,,,,,,,,,,,,,,,,,,,,,,,,0
s9_k5op_b_s00_pos1_tap0_mc89_cpl0_rp4p96618907878_rn4p86040501269_f12370_f21100_a0_dac1p25,K5OP,B,0,0.005,1,0,89,ac,0.0,0.0,0,1.25,0,4.966189078779873,4.860405012692762,40.0,2370.0,1100.0,,0,,,,,,,,,,,-49.877107680593724,-50.0,-0.24578463881255175,1.4636417999084022,0.21364179990840215,1.4223918964740752,6.059542479608648,4.350408080341432,False,True,,,,,,,,,,,,,,,,,,,,,,,,,,,,,0
s9_k5op_b_s00_pos1_tap0_mc8_cpl0_rp4p96507607737_rn4p86843366932_f12370_f21100_a0_dac1p25,K5OP,B,0,0.005,1,0,8,ac,0.0,0.0,0,1.25,0,4.965076077369363,4.868433669320858,40.0,2370.0,1100.0,,0,,,,,,,,,,,-50.53653683587233,-50.0,1.0730736717446732,1.1493199205527957,-0.10068007944720425,1.1692827516495072,4.836015421096658,4.9294565184878625,True,True,,,,,,,,,,,,,,,,,,,,,,,,,,,,,0
s9_k5op_b_s00_pos1_tap0_mc90_cpl0_rp4p90843644284_rn4p80246070609_f12370_f21100_a0_dac1p25,K5OP,B,0,0.005,1,0,90,ac,0.0,0.0,0,1.25,0,4.908436442841985,4.802460706089642,40.0,2370.0,1100.0,,0,,,,,,,,,,,-49.35341548597316,-50.0,-1.2931690280536867,1.214973500454535,-0.035026499545464995,1.22184790151619,5.085483070268156,4.9205001053700785,True,True,,,,,,,,,,,,,,,,,,,,,,,,,,,,,0
s9_k5op_b_s00_pos1_tap0_mc91_cpl0_rp4p83038297979_rn4p98626428712_f12370_f21100_a0_dac1p25,K5OP,B,0,0.005,1,0,91,ac,0.0,0.0,0,1.25,0,4.830382979787494,4.986264287124217,40.0,2370.0,1100.0,,0,,,,,,,,,,,-50.04555099162644,-50.0,0.09110198325288366,1.2051906990071153,-0.044809300992884715,1.2135590579500475,4.9852578278031405,4.919583309533457,True,True,,,,,,,,,,,,,,,,,,,,,,,,,,,,,0
s9_k5op_b_s00_pos1_tap0_mc92_cpl0_rp4p81562875086_rn4p85682619388_f12370_f21100_a0_dac1p25,K5OP,B,0,0.005,1,0,92,ac,0.0,0.0,0,1.25,0,4.815628750856108,4.856826193884682,40.0,2370.0,1100.0,,0,,,,,,,,,,,-49.51292299131271,-50.0,-0.9741540173745733,1.1423431298920317,-0.10765687010796832,1.163996830027113,4.82683982683135,4.930612297288555,True,True,,,,,,,,,,,,,,,,,,,,,,,,,,,,,0
s9_k5op_b_s00_pos1_tap0_mc93_cpl0_rp4p86363635694_rn4p88328915379_f12370_f21100_a0_dac1p25,K5OP,B,0,0.005,1,0,93,ac,0.0,0.0,0,1.25,0,4.863636356935841,4.883289153789947,40.0,2370.0,1100.0,,0,,,,,,,,,,,-50.43368971362483,-50.0,0.8673794272496593,1.2933512345618967,0.04335123456189671,1.2844095095236625,5.464825469387733,4.9058742719602675,True,True,,,,,,,,,,,,,,,,,,,,,,,,,,,,,0
s9_k5op_b_s00_pos1_tap0_mc94_cpl0_rp4p92071985605_rn4p82299512814_f12370_f21100_a0_dac1p25,K5OP,B,0,0.005,1,0,94,ac,0.0,0.0,0,1.25,0,4.9207198560453085,4.822995128137165,40.0,2370.0,1100.0,,0,,,,,,,,,,,-49.45386359272996,-50.0,-1.092272814540085,1.285336427837462,0.03533642783746194,1.2784880552328393,5.3510027309073305,4.9013942467170715,True,True,,,,,,,,,,,,,,,,,,,,,,,,,,,,,0
s9_k5op_b_s00_pos1_tap0_mc95_cpl0_rp4p91235641176_rn4p95100309897_f12370_f21100_a0_dac1p25,K5OP,B,0,0.005,1,0,95,ac,0.0,0.0,0,1.25,0,4.912356411756327,4.951003098965599,40.0,2370.0,1100.0,,0,,,,,,,,,,,-49.15935922554571,-50.0,-1.6812815489085864,1.2741225536739458,0.02412255367394578,1.2694653079986262,5.301377054284037,4.905216079125889,True,True,,,,,,,,,,,,,,,,,,,,,,,,,,,,,0
s9_k5op_b_s00_pos1_tap0_mc96_cpl0_rp4p98887721291_rn4p89671470465_f12370_f21100_a0_dac1p25,K5OP,B,0,0.005,1,0,96,ac,0.0,0.0,0,1.25,0,4.988877212910134,4.8967147046477155,40.0,2370.0,1100.0,,0,,,,,,,,,,,-50.30454747350088,-50.0,0.6090949470017648,1.3542772553156595,0.10427725531565946,1.3343922404128947,5.606738662365359,4.772120615614672,True,True,,,,,,,,,,,,,,,,,,,,,,,,,,,,,0
s9_k5op_b_s00_pos1_tap0_mc97_cpl0_rp4p95689485016_rn4p90423819188_f12370_f21100_a0_dac1p25,K5OP,B,0,0.005,1,0,97,ac,0.0,0.0,0,1.25,0,4.956894850161169,4.904238191883401,40.0,2370.0,1100.0,,0,,,,,,,,,,,-49.86134651779217,-50.0,-0.27730696441565783,1.114837055152785,-0.13516294484721492,1.1412654153596993,4.68017442081444,4.932431448732258,True,True,,,,,,,,,,,,,,,,,,,,,,,,,,,,,0
s9_k5op_b_s00_pos1_tap0_mc98_cpl0_rp4p87507940839_rn4p96037974902_f12370_f21100_a0_dac1p25,K5OP,B,0,0.005,1,0,98,ac,0.0,0.0,0,1.25,0,4.87507940839033,4.9603797490179335,40.0,2370.0,1100.0,,0,,,,,,,,,,,-49.737481972955685,-50.0,-0.5250360540886345,1.3906730792504618,0.1406730792504618,1.3641083220649717,5.7404648243902,4.615079822383097,True,True,,,,,,,,,,,,,,,,,,,,,,,,,,,,,0
s9_k5op_b_s00_pos1_tap0_mc99_cpl0_rp4p93584667049_rn4p99418230324_f12370_f21100_a0_dac1p25,K5OP,B,0,0.005,1,0,99,ac,0.0,0.0,0,1.25,0,4.935846670489885,4.994182303244085,40.0,2370.0,1100.0,,0,,,,,,,,,,,-49.393748931250144,-50.0,-1.2125021374997158,1.126839882397456,-0.12316011760254408,1.150603269736156,4.711479348799346,4.930897297674588,True,True,,,,,,,,,,,,,,,,,,,,,,,,,,,,,0
s9_k5op_b_s00_pos1_tap0_mc9_cpl0_rp4p98797808192_rn4p9062057733_f12370_f21100_a0_dac1p25,K5OP,B,0,0.005,1,0,9,ac,0.0,0.0,0,1.25,0,4.987978081923813,4.906205773299968,40.0,2370.0,1100.0,,0,,,,,,,,,,,-50.25626463766031,-50.0,0.5125292753206168,1.36428944814965,0.11428944814964992,1.341369814130685,5.710705551182707,4.795326342182877,True,True,,,,,,,,,,,,,,,,,,,,,,,,,,,,,0
s9_k5op_b_s03_pos1_tap3_mc0_cpl0_rp4p9844424025_rn4p84719952244_f12370_f21100_a0_dac1p25,K5OP,B,3,0.05,1,3,0,ac,0.0,0.0,0,1.25,0,4.984442402501529,4.847199522437094,40.0,2370.0,1100.0,,0,,,,,,,,,,,-4.853982802830892,-5.0,-2.9203439433821643,1.1894390990889954,-0.060560900911004634,1.20029034590018,4.874585077468957,4.920344050548149,True,True,,,,,,,,,,,,,,,,,,,,,,,,,,,,,0
s9_k5op_b_s03_pos1_tap3_mc100_cpl0_rp4p85918728673_rn4p85296983013_f12370_f21100_a0_dac1p25,K5OP,B,3,0.05,1,3,100,ac,0.0,0.0,0,1.25,0,4.859187286732117,4.852969830130256,40.0,2370.0,1100.0,,0,,,,,,,,,,,-4.987904892121087,-5.0,-0.2419021575782665,1.1462945287171837,-0.10370547128281626,1.1660318423169695,4.772418033027321,4.92851229675646,True,True,,,,,,,,,,,,,,,,,,,,,,,,,,,,,0
s9_k5op_b_s03_pos1_tap3_mc101_cpl0_rp4p92114416875_rn4p93251453173_f12370_f21100_a0_dac1p25,K5OP,B,3,0.05,1,3,101,ac,0.0,0.0,0,1.25,0,4.921144168752844,4.9325145317305,40.0,2370.0,1100.0,,0,,,,,,,,,,,-4.939061394151123,-5.0,-1.21877211697754,1.3145197684644465,0.06451976846444651,1.3025324625831094,5.41647093721204,4.868379146195504,True,True,,,,,,,,,,,,,,,,,,,,,,,,,,,,,0
s9_k5op_b_s03_pos1_tap3_mc102_cpl0_rp4p8407269707_rn4p90041833888_f12370_f21100_a0_dac1p25,K5OP,B,3,0.05,1,3,102,ac,0.0,0.0,0,1.25,0,4.840726970704301,4.900418338883661,40.0,2370.0,1100.0,,0,,,,,,,,,,,-4.9711954448501405,-5.0,-0.5760911029971894,1.2998759400222053,0.0498759400222053,1.290343760329757,5.391854358572205,4.891456461420278,True,True,,,,,,,,,,,,,,,,,,,,,,,,,,,,,0
s9_k5op_b_s03_pos1_tap3_mc103_cpl0_rp4p92039929382_rn4p93280884376_f12370_f21100_a0_dac1p25,K5OP,B,3,0.05,1,3,103,ac,0.0,0.0,0,1.25,0,4.920399293820216,4.932808843759211,40.0,2370.0,1100.0,,0,,,,,,,,,,,-5.035383458160458,-5.0,0.7076691632091681,1.2977895090073888,0.047789509007388764,1.2886811191733762,5.380147964977638,4.892281401313543,True,True,,,,,,,,,,,,,,,,,,,,,,,,,,,,,0
s9_k5op_b_s03_pos1_tap3_mc104_cpl0_rp4p96672224013_rn4p89966174409_f12370_f21100_a0_dac1p25,K5OP,B,3,0.05,1,3,104,ac,0.0,0.0,0,1.25,0,4.966722240131348,4.899661744085006,40.0,2370.0,1100.0,,0,,,,,,,,,,,-4.90044081723906,-5.0,-1.9911836552187978,1.1744505347101577,-0.0755494652898423,1.188210124367421,4.833073103037833,4.923418110922762,True,True,,,,,,,,,,,,,,,,,,,,,,,,,,,,,0
s9_k5op_b_s03_pos1_tap3_mc105_cpl0_rp4p84375365941_rn4p9045927206_f12370_f21100_a0_dac1p25,K5OP,B,3,0.05,1,3,105,ac,0.0,0.0,0,1.25,0,4.8437536594097,4.904592720598521,40.0,2370.0,1100.0,,0,,,,,,,,,,,-4.962185549315823,-5.0,-0.7562890136835421,1.335401494129148,0.0854014941291481,1.31841345215144,5.584526251151681,4.868676198335922,True,True,,,,,,,,,,,,,,,,,,,,,,,,,,,,,0
s9_k5op_b_s03_pos1_tap3_mc106_cpl0_rp4p92012976805_rn4p93835919917_f12370_f21100_a0_dac1p25,K5OP,B,3,0.05,1,3,106,ac,0.0,0.0,0,1.25,0,4.92012976804918,4.938359199166201,40.0,2370.0,1100.0,,0,,,,,,,,,,,-4.959646774346016,-5.0,-0.8070645130796805,1.0900349384604149,-0.15996506153958512,1.1212059111341357,4.576631165693442,4.934344528215772,True,True,,,,,,,,,,,,,,,,,,,,,,,,,,,,,0
s9_k5op_b_s03_pos1_tap3_mc107_cpl0_rp4p90582543511_rn4p83419667144_f12370_f21100_a0_dac1p25,K5OP,B,3,0.05,1,3,107,ac,0.0,0.0,0,1.25,0,4.905825435114754,4.834196671439539,40.0,2370.0,1100.0,,0,,,,,,,,,,,-4.920089466835531,-5.0,-1.5982106632893789,1.2545153748207785,0.004515374820778462,1.2536528294748917,5.209810628998852,4.910318904996592,True,True,,,,,,,,,,,,,,,,,,,,,,,,,,,,,0
s9_k5op_b_s03_pos1_tap3_mc108_cpl0_rp4p91359279791_rn4p87505767384_f12370_f21100_a0_dac1p25,K5OP,B,3,0.05,1,3,108,ac,0.0,0.0,0,1.25,0,4.913592797910243,4.875057673836121,40.0,2370.0,1100.0,,0,,,,,,,,,,,-5.024934075270382,-5.0,0.4986815054076388,1.290603524424479,0.0406035244244789,1.2827092045856792,5.376078102766661,4.899399969191257,True,True,,,,,,,,,,,,,,,,,,,,,,,,,,,,,0
s9_k5op_b_s03_pos1_tap3_mc109_cpl0_rp4p82924750101_rn4p86687646339_f12370_f21100_a0_dac1p25,K5OP,B,3,0.05,1,3,109,ac,0.0,0.0,0,1.25,0,4.8292475010116025,4.866876463390133,40.0,2370.0,1100.0,,0,,,,,,,,,,,-5.019201704740572,-5.0,0.38403409481144735,1.3723453773089263,0.12234537730892625,1.3478262130460783,5.742069604760104,4.76302801060334,True,True,,,,,,,,,,,,,,,,,,,,,,,,,,,,,0
s9_k5op_b_s03_pos1_tap3_mc10_cpl0_rp4p80977508378_rn4p87988575949_f12370_f21100_a0_dac1p25,K5OP,B,3,0.05,1,3,10,ac,0.0,0.0,0,1.25,0,4.809775083776429,4.879885759487983,40.0,2370.0,1100.0,,0,,,,,,,,,,,-5.019342637858637,-5.0,0.3868527571727398,1.3136878342933143,0.06368783429331426,1.301912175746059,5.407471295211126,4.867446228041135,True,True,,,,,,,,,,,,,,,,,,,,,,,,,,,,,0
s9_k5op_b_s03_pos1_tap3_mc110_cpl0_rp4p99198766562_rn4p92434456387_f12370_f21100_a0_dac1p25,K5OP,B,3,0.05,1,3,110,ac,0.0,0.0,0,1.25,0,4.9919876656183435,4.924344563871135,40.0,2370.0,1100.0,,0,,,,,,,,,,,-4.989750514940328,-5.0,-0.20498970119344762,1.2887112442343123,0.03871124423431227,1.2809118284529355,5.41455408898981,4.904786337182305,True,True,,,,,,,,,,,,,,,,,,,,,,,,,,,,,0
s9_k5op_b_s03_pos1_tap3_mc111_cpl0_rp4p82611353312_rn4p86150940778_f12370_f21100_a0_dac1p25,K5OP,B,3,0.05,1,3,111,ac,0.0,0.0,0,1.25,0,4.826113533124238,4.861509407777478,40.0,2370.0,1100.0,,0,,,,,,,,,,,-5.099919213431781,-5.0,1.9983842686356112,1.3075174582535454,0.05751745825354537,1.295942580083496,5.4882273902516605,4.8965196886870626,True,True,,,,,,,,,,,,,,,,,,,,,,,,,,,,,0
s9_k5op_b_s03_pos1_tap3_mc112_cpl0_rp4p88511874725_rn4p980220806_f12370_f21100_a0_dac1p25,K5OP,B,3,0.05,1,3,112,ac,0.0,0.0,0,1.25,0,4.885118747254004,4.980220805996054,40.0,2370.0,1100.0,,0,,,,,,,,,,,-4.959266057233069,-5.0,-0.8146788553386131,1.3833427112836774,0.13334271128367736,1.3569255092229329,5.77103014141802,4.704256980441257,True,True,,,,,,,,,,,,,,,,,,,,,,,,,,,,,0
s9_k5op_b_s03_pos1_tap3_mc113_cpl0_rp4p90002746548_rn4p85282848452_f12370_f21100_a0_dac1p25,K5OP,B,3,0.05,1,3,113,ac,0.0,0.0,0,1.25,0,4.900027465477874,4.852828484519198,40.0,2370.0,1100.0,,0,,,,,,,,,,,-5.020998610941296,-5.0,0.41997221882592584,1.2624328816599302,0.012432881659930173,1.260023893230328,5.259094971745203,4.909343254342729,True,True,,,,,,,,,,,,,,,,,,,,,,,,,,,,,0
s9_k5op_b_s03_pos1_tap3_mc114_cpl0_rp4p93365385003_rn4p86413831942_f12370_f21100_a0_dac1p25,K5OP,B,3,0.05,1,3,114,ac,0.0,0.0,0,1.25,0,4.93365385002722,4.864138319422693,40.0,2370.0,1100.0,,0,,,,,,,,,,,-4.9611410561385405,-5.0,-0.7771788772291899,1.1149146441276467,-0.13508535587235326,1.1415968248680426,4.6934397270484265,4.9327109876766455,True,True,,,,,,,,,,,,,,,,,,,,,,,,,,,,,0
s9_k5op_b_s03_pos1_tap3_mc115_cpl0_rp4p81012700746_rn4p84166406041_f12370_f21100_a0_dac1p25,K5OP,B,3,0.05,1,3,115,ac,0.0,0.0,0,1.25,0,4.810127007461495,4.841664060408574,40.0,2370.0,1100.0,,0,,,,,,,,,,,-4.890034882103711,-5.0,-2.199302357925781,1.199015456957627,-0.05098454304237299,1.2084269690022225,4.946878971507001,4.920142649029759,True,True,,,,,,,,,,,,,,,,,,,,,,,,,,,,,0
s9_k5op_b_s03_pos1_tap3_mc116_cpl0_rp4p92258035934_rn4p98840519069_f12370_f21100_a0_dac1p25,K5OP,B,3,0.05,1,3,116,ac,0.0,0.0,0,1.25,0,4.922580359338926,4.988405190694473,40.0,2370.0,1100.0,,0,,,,,,,,,,,-4.940501223723581,-5.0,-1.189975525528375,1.127548034763501,-0.12245196523649904,1.1514823961792557,4.730561230947334,4.9312759490704225,True,True,,,,,,,,,,,,,,,,,,,,,,,,,,,,,0
s9_k5op_b_s03_pos1_tap3_mc117_cpl0_rp4p96130097874_rn4p9181603723_f12370_f21100_a0_dac1p25,K5OP,B,3,0.05,1,3,117,ac,0.0,0.0,0,1.25,0,4.961300978744207,4.918160372304763,40.0,2370.0,1100.0,,0,,,,,,,,,,,-5.049236529431678,-5.0,0.9847305886335533,1.3242421169061012,0.07424211690610116,1.3093331520395832,5.552325385082504,4.8849662796535815,True,True,,,,,,,,,,,,,,,,,,,,,,,,,,,,,0
s9_k5op_b_s03_pos1_tap3_mc118_cpl0_rp4p86723481232_rn4p91570768746_f12370_f21100_a0_dac1p25,K5OP,B,3,0.05,1,3,118,ac,0.0,0.0,0,1.25,0,4.867234812322484,4.9157076874611025,40.0,2370.0,1100.0,,0,,,,,,,,,,,-4.9548246339081725,-5.0,-0.9035073218365497,1.2619172637880631,0.011917263788063126,1.2596393478327048,5.2401892109279,4.908301595037194,True,True,,,,,,,,,,,,,,,,,,,,,,,,,,,,,0
s9_k5op_b_s03_pos1_tap3_mc119_cpl0_rp4p90847958678_rn4p94708902258_f12370_f21100_a0_dac1p25,K5OP,B,3,0.05,1,3,119,ac,0.0,0.0,0,1.25,0,4.9084795867817945,4.947089022579152,40.0,2370.0,1100.0,,0,,,,,,,,,,,-4.968431908886073,-5.0,-0.6313618222785422,1.2153310116737208,-0.03466898832627918,1.2222596243524584,5.110342762967692,4.921323390537517,True,True,,,,,,,,,,,,,,,,,,,,,,,,,,,,,0
s9_k5op_b_s03_pos1_tap3_mc11_cpl0_rp4p81403429595_rn4p86073426048_f12370_f21100_a0_dac1p25,K5OP,B,3,0.05,1,3,11,ac,0.0,0.0,0,1.25,0,4.814034295954164,4.860734260482612,40.0,2370.0,1100.0,,0,,,,,,,,,,,-4.8790594273491195,-5.0,-2.418811453017611,1.1702235949672566,-0.07977640503274341,1.1865115784641234,4.958406295142014,4.928237066242643,True,True,,,,,,,,,,,,,,,,,,,,,,,,,,,,,0
s9_k5op_b_s03_pos1_tap3_mc120_cpl0_rp4p93906018383_rn4p85236494221_f12370_f21100_a0_dac1p25,K5OP,B,3,0.05,1,3,120,ac,0.0,0.0,0,1.25,0,4.939060183833369,4.852364942205818,40.0,2370.0,1100.0,,0,,,,,,,,,,,-4.987561233574578,-5.0,-0.24877532850844375,1.4000459726220438,0.15004597262204378,1.3690126015210429,5.895363366929464,4.694972670921166,True,True,,,,,,,,,,,,,,,,,,,,,,,,,,,,,0
s9_k5op_b_s03_pos1_tap3_mc121_cpl0_rp4p82168351776_rn4p88631659153_f12370_f21100_a0_dac1p25,K5OP,B,3,0.05,1,3,121,ac,0.0,0.0,0,1.25,0,4.821683517762753,4.886316591525253,40.0,2370.0,1100.0,,0,,,,,,,,,,,-4.980719659178012,-5.0,-0.38560681643975414,1.1977994136877226,-0.05220058631227742,1.2074022163817504,4.938002110034844,4.920164716498558,True,True,,,,,,,,,,,,,,,,,,,,,,,,,,,,,0
s9_k5op_b_s03_pos1_tap3_mc122_cpl0_rp4p87332779102_rn4p98320984985_f12370_f21100_a0_dac1p25,K5OP,B,3,0.05,1,3,122,ac,0.0,0.0,0,1.25,0,4.87332779101636,4.983209849847075,40.0,2370.0,1100.0,,0,,,,,,,,,,,-4.98876394899006,-5.0,-0.2247210201987926,1.2051504600547893,-0.04484953994521068,1.214308158732194,5.098224430672353,4.923911958582751,True,True,,,,,,,,,,,,,,,,,,,,,,,,,,,,,0
s9_k5op_b_s03_pos1_tap3_mc123_cpl0_rp4p93802185779_rn4p87359583326_f12370_f21100_a0_dac1p25,K5OP,B,3,0.05,1,3,123,ac,0.0,0.0,0,1.25,0,4.938021857791068,4.873595833259847,40.0,2370.0,1100.0,,0,,,,,,,,,,,-5.073369896872348,-5.0,1.4673979374469681,1.3511269875801684,0.10112698758016836,1.331067989901366,5.643731820967098,4.829705670806337,True,True,,,,,,,,,,,,,,,,,,,,,,,,,,,,,0
s9_k5op_b_s03_pos1_tap3_mc124_cpl0_rp4p93182421472_rn4p96637895535_f12370_f21100_a0_dac1p25,K5OP,B,3,0.05,1,3,124,ac,0.0,0.0,0,1.25,0,4.931824214724982,4.966378955354066,40.0,2370.0,1100.0,,0,,,,,,,,,,,-4.991327666607814,-5.0,-0.173446667843713,1.4310920993364664,0.18109209933646642,1.3967338117160477,5.90781458686531,4.459077792173618,False,True,,,,,,,,,,,,,,,,,,,,,,,,,,,,,0
s9_k5op_b_s03_pos1_tap3_mc125_cpl0_rp4p85982138726_rn4p95505701389_f12370_f21100_a0_dac1p25,K5OP,B,3,0.05,1,3,125,ac,0.0,0.0,0,1.25,0,4.859821387255269,4.955057013894097,40.0,2370.0,1100.0,,0,,,,,,,,,,,-5.016277970293803,-5.0,0.3255594058760636,1.2652762038029823,0.015276203802982335,1.2622220175969747,5.310651828497701,4.9112286446620566,True,True,,,,,,,,,,,,,,,,,,,,,,,,,,,,,0
s9_k5op_b_s03_pos1_tap3_mc126_cpl0_rp4p86915861907_rn4p92980098716_f12370_f21100_a0_dac1p25,K5OP,B,3,0.05,1,3,126,ac,0.0,0.0,0,1.25,0,4.869158619071663,4.929800987164194,40.0,2370.0,1100.0,,0,,,,,,,,,,,-5.003191451014688,-5.0,0.0638290202937597,1.3450499537139577,0.09504995371395775,1.3265398219294202,5.595913616316135,4.830353364434336,True,True,,,,,,,,,,,,,,,,,,,,,,,,,,,,,0
s9_k5op_b_s03_pos1_tap3_mc127_cpl0_rp4p94799692892_rn4p89786034915_f12370_f21100_a0_dac1p25,K5OP,B,3,0.05,1,3,127,ac,0.0,0.0,0,1.25,0,4.947996928921808,4.897860349152504,40.0,2370.0,1100.0,,0,,,,,,,,,,,-4.993138251994322,-5.0,-0.13723496011355252,1.3587432016139074,0.10874320161390738,1.337700196967493,5.64273131294658,4.772381731077713,True,True,,,,,,,,,,,,,,,,,,,,,,,,,,,,,0
s9_k5op_b_s03_pos1_tap3_mc128_cpl0_rp4p896603987_rn4p82852263541_f12370_f21100_a0_dac1p25,K5OP,B,3,0.05,1,3,128,ac,0.0,0.0,0,1.25,0,4.896603987000213,4.828522635408777,40.0,2370.0,1100.0,,0,,,,,,,,,,,-5.011491322034045,-5.0,0.22982644068090252,1.3421287199783027,0.09212871997830274,1.3241156509121867,5.589282951792729,4.842899116617981,True,True,,,,,,,,,,,,,,,,,,,,,,,,,,,,,0
s9_k5op_b_s03_pos1_tap3_mc129_cpl0_rp4p81174207234_rn4p89100641234_f12370_f21100_a0_dac1p25,K5OP,B,3,0.05,1,3,129,ac,0.0,0.0,0,1.25,0,4.81174207233888,4.891006412336964,40.0,2370.0,1100.0,,0,,,,,,,,,,,-5.023476387084003,-5.0,0.4695277416800536,1.167627790436042,-0.08237220956395808,1.1834276880094583,4.867315506136052,4.926279930573697,True,True,,,,,,,,,,,,,,,,,,,,,,,,,,,,,0
s9_k5op_b_s03_pos1_tap3_mc12_cpl0_rp4p91919084993_rn4p83952044191_f12370_f21100_a0_dac1p25,K5OP,B,3,0.05,1,3,12,ac,0.0,0.0,0,1.25,0,4.9191908499269505,4.839520441911695,40.0,2370.0,1100.0,,0,,,,,,,,,,,-4.985976244258561,-5.0,-0.28047511482878207,1.3053112479938531,0.05531124799385312,1.294195204243226,5.477635262189086,4.897446347173736,True,True,,,,,,,,,,,,,,,,,,,,,,,,,,,,,0
s9_k5op_b_s03_pos1_tap3_mc130_cpl0_rp4p85501338975_rn4p96252654024_f12370_f21100_a0_dac1p25,K5OP,B,3,0.05,1,3,130,ac,0.0,0.0,0,1.25,0,4.85501338974774,4.962526540242999,40.0,2370.0,1100.0,,0,,,,,,,,,,,-5.120576145464462,-5.0,2.411522909289232,1.2343161407974068,-0.015683859202593187,1.2374029848006856,5.166456368442297,4.917100106338239,True,True,,,,,,,,,,,,,,,,,,,,,,,,,,,,,0
s9_k5op_b_s03_pos1_tap3_mc131_cpl0_rp4p8967242161_rn4p94469868095_f12370_f21100_a0_dac1p25,K5OP,B,3,0.05,1,3,131,ac,0.0,0.0,0,1.25,0,4.8967242160962146,4.944698680946013,40.0,2370.0,1100.0,,0,,,,,,,,,,,-5.009532287682861,-5.0,0.1906457536572148,1.3243822004821677,0.0743822004821677,1.3091307592678465,5.58082375523424,4.8901521620107,True,True,,,,,,,,,,,,,,,,,,,,,,,,,,,,,0
s9_k5op_b_s03_pos1_tap3_mc132_cpl0_rp4p80935322722_rn4p97553544082_f12370_f21100_a0_dac1p25,K5OP,B,3,0.05,1,3,132,ac,0.0,0.0,0,1.25,0,4.8093532272229425,4.975535440822829,40.0,2370.0,1100.0,,0,,,,,,,,,,,-5.038601909446161,-5.0,0.7720381889232186,1.249176561658089,-0.0008234383419110092,1.2493463894213053,5.287993059847794,4.917179829159386,True,True,,,,,,,,,,,,,,,,,,,,,,,,,,,,,0
s9_k5op_b_s03_pos1_tap3_mc133_cpl0_rp4p91180058942_rn4p9663359003_f12370_f21100_a0_dac1p25,K5OP,B,3,0.05,1,3,133,ac,0.0,0.0,0,1.25,0,4.911800589417648,4.966335900304529,40.0,2370.0,1100.0,,0,,,,,,,,,,,-4.994077188752666,-5.0,-0.11845622494668362,1.3832699281206402,0.1332699281206402,1.3572837592359868,5.750399669322293,4.684224746743554,True,True,,,,,,,,,,,,,,,,,,,,,,,,,,,,,0
s9_k5op_b_s03_pos1_tap3_mc134_cpl0_rp4p84727441152_rn4p93179886146_f12370_f21100_a0_dac1p25,K5OP,B,3,0.05,1,3,134,ac,0.0,0.0,0,1.25,0,4.847274411519917,4.931798861456543,40.0,2370.0,1100.0,,0,,,,,,,,,,,-4.993329643837141,-5.0,-0.13340712325717874,1.253081125155342,0.0030811251553419794,1.2524882253654688,5.213109699594188,4.911326037210695,True,True,,,,,,,,,,,,,,,,,,,,,,,,,,,,,0
s9_k5op_b_s03_pos1_tap3_mc135_cpl0_rp4p96566735305_rn4p98672133428_f12370_f21100_a0_dac1p25,K5OP,B,3,0.05,1,3,135,ac,0.0,0.0,0,1.25,0,4.965667353051266,4.98672133428323,40.0,2370.0,1100.0,,0,,,,,,,,,,,-4.991774423592998,-5.0,-0.16451152814003223,1.3859992820270173,0.13599928202701728,1.3596848775183559,5.751615511218018,4.663614102417852,True,True,,,,,,,,,,,,,,,,,,,,,,,,,,,,,0
s9_k5op_b_s03_pos1_tap3_mc136_cpl0_rp4p95839821386_rn4p99312383553_f12370_f21100_a0_dac1p25,K5OP,B,3,0.05,1,3,136,ac,0.0,0.0,0,1.25,0,4.95839821385987,4.993123835529475,40.0,2370.0,1100.0,,0,,,,,,,,,,,-5.1485293119044595,-5.0,2.97058623808919,1.1510046887496488,-0.09899531125035121,1.1699808426780824,4.8000283252934715,4.928157346724209,True,True,,,,,,,,,,,,,,,,,,,,,,,,,,,,,0
s9_k5op_b_s03_pos1_tap3_mc137_cpl0_rp4p87926539564_rn4p96140284038_f12370_f21100_a0_dac1p25,K5OP,B,3,0.05,1,3,137,ac,0.0,0.0,0,1.25,0,4.879265395643575,4.961402840377342,40.0,2370.0,1100.0,,0,,,,,,,,,,,-4.99099751340526,-5.0,-0.18004973189480467,1.405709207872776,0.15570920787277598,1.3762876141199019,5.801323079908489,4.555649416926229,True,True,,,,,,,,,,,,,,,,,,,,,,,,,,,,,0
s9_k5op_b_s03_pos1_tap3_mc138_cpl0_rp4p97932660215_rn4p9286091668_f12370_f21100_a0_dac1p25,K5OP,B,3,0.05,1,3,138,ac,0.0,0.0,0,1.25,0,4.979326602154579,4.9286091668046845,40.0,2370.0,1100.0,,0,,,,,,,,,,,-4.883597658745131,-5.0,-2.328046825097374,1.2245239185467527,-0.025476081453247312,1.2294887339609417,5.114718670536359,4.91844070091845,True,True,,,,,,,,,,,,,,,,,,,,,,,,,,,,,0
s9_k5op_b_s03_pos1_tap3_mc139_cpl0_rp4p90121338316_rn4p97484744683_f12370_f21100_a0_dac1p25,K5OP,B,3,0.05,1,3,139,ac,0.0,0.0,0,1.25,0,4.901213383164669,4.974847446832431,40.0,2370.0,1100.0,,0,,,,,,,,,,,-4.9706789165837595,-5.0,-0.5864216683248102,1.343064109541153,0.09306410954115307,1.3254573616638685,5.552258116648714,4.8060539476625515,True,True,,,,,,,,,,,,,,,,,,,,,,,,,,,,,0
s9_k5op_b_s03_pos1_tap3_mc13_cpl0_rp4p91427790823_rn4p93463710581_f12370_f21100_a0_dac1p25,K5OP,B,3,0.05,1,3,13,ac,0.0,0.0,0,1.25,0,4.914277908230624,4.934637105812456,40.0,2370.0,1100.0,,0,,,,,,,,,,,-5.099552505677396,-5.0,1.9910501135479208,1.4259292723423176,0.1759292723423176,1.391038156300534,5.942745755221782,4.535311576483228,True,True,,,,,,,,,,,,,,,,,,,,,,,,,,,,,0
s9_k5op_b_s03_pos1_tap3_mc140_cpl0_rp4p85254918843_rn4p8502021529_f12370_f21100_a0_dac1p25,K5OP,B,3,0.05,1,3,140,ac,0.0,0.0,0,1.25,0,4.8525491884265115,4.8502021528972366,40.0,2370.0,1100.0,,0,,,,,,,,,,,-5.025772622098357,-5.0,0.5154524419671347,1.1603031166271367,-0.0896968833728633,1.1782114649795155,4.8889433201688774,4.928446226191254,True,True,,,,,,,,,,,,,,,,,,,,,,,,,,,,,0
s9_k5op_b_s03_pos1_tap3_mc141_cpl0_rp4p89492282845_rn4p91685348832_f12370_f21100_a0_dac1p25,K5OP,B,3,0.05,1,3,141,ac,0.0,0.0,0,1.25,0,4.894922828448854,4.91685348831504,40.0,2370.0,1100.0,,0,,,,,,,,,,,-4.951588253679029,-5.0,-0.9682349264194201,1.3348101352418127,0.08481013524181269,1.3187205257872492,5.522590987357955,4.837069795934187,True,True,,,,,,,,,,,,,,,,,,,,,,,,,,,,,0
s9_k5op_b_s03_pos1_tap3_mc142_cpl0_rp4p90395176581_rn4p87504253596_f12370_f21100_a0_dac1p25,K5OP,B,3,0.05,1,3,142,ac,0.0,0.0,0,1.25,0,4.90395176580954,4.875042535962196,40.0,2370.0,1100.0,,0,,,,,,,,,,,-4.948299018037394,-5.0,-1.034019639252115,1.1229666219408316,-0.12703337805916837,1.1464293137115393,4.6433259109682385,4.930040682531382,True,True,,,,,,,,,,,,,,,,,,,,,,,,,,,,,0
s9_k5op_b_s03_pos1_tap3_mc143_cpl0_rp4p90228050802_rn4p95802414624_f12370_f21100_a0_dac1p25,K5OP,B,3,0.05,1,3,143,ac,0.0,0.0,0,1.25,0,4.902280508021619,4.958024146237914,40.0,2370.0,1100.0,,0,,,,,,,,,,,-5.027885960519507,-5.0,0.5577192103901396,1.3597047532261157,0.10970475322611573,1.3387706591957904,5.629272342010617,4.751458322179143,True,True,,,,,,,,,,,,,,,,,,,,,,,,,,,,,0
s9_k5op_b_s03_pos1_tap3_mc144_cpl0_rp4p83676342514_rn4p8647450437_f12370_f21100_a0_dac1p25,K5OP,B,3,0.05,1,3,144,ac,0.0,0.0,0,1.25,0,4.836763425135522,4.8647450436974164,40.0,2370.0,1100.0,,0,,,,,,,,,,,-4.926874110159352,-5.0,-1.4625177968129677,1.1572496806639674,-0.09275031933603262,1.1752482498816104,4.840265891573585,4.927927160933284,True,True,,,,,,,,,,,,,,,,,,,,,,,,,,,,,0
s9_k5op_b_s03_pos1_tap3_mc145_cpl0_rp4p86558931643_rn4p98929888802_f12370_f21100_a0_dac1p25,K5OP,B,3,0.05,1,3,145,ac,0.0,0.0,0,1.25,0,4.865589316433562,4.989298888021306,40.0,2370.0,1100.0,,0,,,,,,,,,,,-4.911363028349269,-5.0,-1.772739433014614,1.2294112362431593,-0.02058876375684071,1.2334563417214959,5.14459090353926,4.91797361230713,True,True,,,,,,,,,,,,,,,,,,,,,,,,,,,,,0
s9_k5op_b_s03_pos1_tap3_mc146_cpl0_rp4p95031265862_rn4p85034969278_f12370_f21100_a0_dac1p25,K5OP,B,3,0.05,1,3,146,ac,0.0,0.0,0,1.25,0,4.950312658622311,4.850349692781062,40.0,2370.0,1100.0,,0,,,,,,,,,,,-4.877283972787083,-5.0,-2.454320544258337,1.266433343230826,0.016433343230825903,1.2632249286638784,5.284668258976668,4.908898635240905,True,True,,,,,,,,,,,,,,,,,,,,,,,,,,,,,0
s9_k5op_b_s03_pos1_tap3_mc147_cpl0_rp4p83980621356_rn4p97330543168_f12370_f21100_a0_dac1p25,K5OP,B,3,0.05,1,3,147,ac,0.0,0.0,0,1.25,0,4.839806213564023,4.973305431679933,40.0,2370.0,1100.0,,0,,,,,,,,,,,-4.930990308436023,-5.0,-1.3801938312795414,1.2367447494657993,-0.013255250534200735,1.2392422764940678,5.122056439940897,4.913825271619077,True,True,,,,,,,,,,,,,,,,,,,,,,,,,,,,,0
s9_k5op_b_s03_pos1_tap3_mc148_cpl0_rp4p88631761595_rn4p9856822019_f12370_f21100_a0_dac1p25,K5OP,B,3,0.05,1,3,148,ac,0.0,0.0,0,1.25,0,4.886317615952683,4.985682201896054,40.0,2370.0,1100.0,,0,,,,,,,,,,,-5.009136767080147,-5.0,0.18273534160293536,1.4204809533685687,0.17048095336856872,1.3863337338060313,5.933888856600236,4.570041229651699,True,True,,,,,,,,,,,,,,,,,,,,,,,,,,,,,0
s9_k5op_b_s03_pos1_tap3_mc149_cpl0_rp4p99245108005_rn4p94455573913_f12370_f21100_a0_dac1p25,K5OP,B,3,0.05,1,3,149,ac,0.0,0.0,0,1.25,0,4.992451080053054,4.9445557391309505,40.0,2370.0,1100.0,,0,,,,,,,,,,,-4.863945363269728,-5.0,-2.7210927346054348,1.2907187405935028,0.04071874059350278,1.2827044088173014,5.392099910239203,4.901172749630055,True,True,,,,,,,,,,,,,,,,,,,,,,,,,,,,,0
s9_k5op_b_s03_pos1_tap3_mc14_cpl0_rp4p82902472704_rn4p81684089148_f12370_f21100_a0_dac1p25,K5OP,B,3,0.05,1,3,14,ac,0.0,0.0,0,1.25,0,4.829024727041403,4.816840891477387,40.0,2370.0,1100.0,,0,,,,,,,,,,,-4.936436321007154,-5.0,-1.2712735798569241,1.2335562421744586,-0.016443757825541416,1.2367508382467813,5.146915714997652,4.916459682774275,True,True,,,,,,,,,,,,,,,,,,,,,,,,,,,,,0
s9_k5op_b_s03_pos1_tap3_mc150_cpl0_rp4p89777934343_rn4p96419270372_f12370_f21100_a0_dac1p25,K5OP,B,3,0.05,1,3,150,ac,0.0,0.0,0,1.25,0,4.897779343429821,4.96419270371882,40.0,2370.0,1100.0,,0,,,,,,,,,,,-4.936693791751656,-5.0,-1.2661241649668753,1.4038763879375418,0.15387638793754177,1.3755314544691297,5.7638632448144875,4.5328521413141525,True,True,,,,,,,,,,,,,,,,,,,,,,,,,,,,,0
s9_k5op_b_s03_pos1_tap3_mc151_cpl0_rp4p84213760085_rn4p9569401187_f12370_f21100_a0_dac1p25,K5OP,B,3,0.05,1,3,151,ac,0.0,0.0,0,1.25,0,4.842137600852539,4.95694011870484,40.0,2370.0,1100.0,,0,,,,,,,,,,,-5.101197288457371,-5.0,2.023945769147417,1.2222805145409512,-0.027719485459048787,1.2276697062398154,5.1027497953683,4.918642997746588,True,True,,,,,,,,,,,,,,,,,,,,,,,,,,,,,0
s9_k5op_b_s03_pos1_tap3_mc152_cpl0_rp4p83377326818_rn4p84127069443_f12370_f21100_a0_dac1p25,K5OP,B,3,0.05,1,3,152,ac,0.0,0.0,0,1.25,0,4.833773268184968,4.841270694425295,40.0,2370.0,1100.0,,0,,,,,,,,,,,-4.951860386626095,-5.0,-0.9627922674781075,1.1549940654814734,-0.09500593451852657,1.1732286397066631,4.817551548506195,4.927779551948637,True,True,,,,,,,,,,,,,,,,,,,,,,,,,,,,,0
s9_k5op_b_s03_pos1_tap3_mc153_cpl0_rp4p84761410021_rn4p99185717144_f12370_f21100_a0_dac1p25,K5OP,B,3,0.05,1,3,153,ac,0.0,0.0,0,1.25,0,4.847614100209813,4.991857171435159,40.0,2370.0,1100.0,,0,,,,,,,,,,,-4.988023544198361,-5.0,-0.23952911603277727,1.2990543441319378,0.049054344131937766,1.2896608755806276,5.390965155992461,4.892443864242632,True,True,,,,,,,,,,,,,,,,,,,,,,,,,,,,,0
s9_k5op_b_s03_pos1_tap3_mc154_cpl0_rp4p80524095525_rn4p98943494655_f12370_f21100_a0_dac1p25,K5OP,B,3,0.05,1,3,154,ac,0.0,0.0,0,1.25,0,4.805240955247534,4.989434946553245,40.0,2370.0,1100.0,,0,,,,,,,,,,,-4.969257737844401,-5.0,-0.6148452431119722,1.3657399797164669,0.11573997971646688,1.3434620221694102,5.664087644606875,4.738061950704973,True,True,,,,,,,,,,,,,,,,,,,,,,,,,,,,,0
s9_k5op_b_s03_pos1_tap3_mc155_cpl0_rp4p9900527303_rn4p84754466055_f12370_f21100_a0_dac1p25,K5OP,B,3,0.05,1,3,155,ac,0.0,0.0,0,1.25,0,4.990052730299024,4.847544660549819,40.0,2370.0,1100.0,,0,,,,,,,,,,,-4.939771945359661,-5.0,-1.2045610928067774,1.2484769746062208,-0.0015230253937792426,1.2487622971985723,5.162116814566577,4.910464127769088,True,True,,,,,,,,,,,,,,,,,,,,,,,,,,,,,0
s9_k5op_b_s03_pos1_tap3_mc156_cpl0_rp4p92979378923_rn4p83412639373_f12370_f21100_a0_dac1p25,K5OP,B,3,0.05,1,3,156,ac,0.0,0.0,0,1.25,0,4.9297937892303265,4.834126393733247,40.0,2370.0,1100.0,,0,,,,,,,,,,,-5.050533412026104,-5.0,1.0106682405220724,1.2371654111486987,-0.012834588851301287,1.2397823784780413,5.224378019450494,4.918700961731216,True,True,,,,,,,,,,,,,,,,,,,,,,,,,,,,,0
s9_k5op_b_s03_pos1_tap3_mc157_cpl0_rp4p85705755482_rn4p97314747879_f12370_f21100_a0_dac1p25,K5OP,B,3,0.05,1,3,157,ac,0.0,0.0,0,1.25,0,4.857057554822637,4.973147478791156,40.0,2370.0,1100.0,,0,,,,,,,,,,,-4.924092862338414,-5.0,-1.5181427532317215,1.366151408984772,0.11615140898477194,1.3434421850578178,5.685330273684205,4.7559097375492625,True,True,,,,,,,,,,,,,,,,,,,,,,,,,,,,,0
s9_k5op_b_s03_pos1_tap3_mc158_cpl0_rp4p85315207368_rn4p87249143015_f12370_f21100_a0_dac1p25,K5OP,B,3,0.05,1,3,158,ac,0.0,0.0,0,1.25,0,4.85315207367575,4.872491430145047,40.0,2370.0,1100.0,,0,,,,,,,,,,,-5.016585126477624,-5.0,0.33170252955248003,1.4321537187141797,0.18215371871417974,1.3954655156158942,5.987906847667929,4.530677097954467,True,True,,,,,,,,,,,,,,,,,,,,,,,,,,,,,0
s9_k5op_b_s03_pos1_tap3_mc159_cpl0_rp4p82823981138_rn4p82199598699_f12370_f21100_a0_dac1p25,K5OP,B,3,0.05,1,3,159,ac,0.0,0.0,0,1.25,0,4.828239811383179,4.8219959869925875,40.0,2370.0,1100.0,,0,,,,,,,,,,,-5.050998988526123,-5.0,1.0199797705224611,1.2381894527193071,-0.011810547280692862,1.2405476744796375,5.2005985112490425,4.917249162738586,True,True,,,,,,,,,,,,,,,,,,,,,,,,,,,,,0
s9_k5op_b_s03_pos1_tap3_mc15_cpl0_rp4p93539662469_rn4p87853197466_f12370_f21100_a0_dac1p25,K5OP,B,3,0.05,1,3,15,ac,0.0,0.0,0,1.25,0,4.935396624694563,4.878531974660734,40.0,2370.0,1100.0,,0,,,,,,,,,,,-4.954313240460584,-5.0,-0.9137351907883229,1.2180635742663488,-0.031936425733651186,1.2243537720883282,5.102379699650811,4.920166416573763,True,True,,,,,,,,,,,,,,,,,,,,,,,,,,,,,0
s9_k5op_b_s03_pos1_tap3_mc160_cpl0_rp4p91628999036_rn4p83085327092_f12370_f21100_a0_dac1p25,K5OP,B,3,0.05,1,3,160,ac,0.0,0.0,0,1.25,0,4.916289990358626,4.830853270917888,40.0,2370.0,1100.0,,0,,,,,,,,,,,-4.969947824780219,-5.0,-0.6010435043956264,1.4218036411834485,0.17180364118344849,1.3894570421125223,5.86139065537729,4.486961525909652,False,True,,,,,,,,,,,,,,,,,,,,,,,,,,,,,0
s9_k5op_b_s03_pos1_tap3_mc161_cpl0_rp4p98717834767_rn4p90662045163_f12370_f21100_a0_dac1p25,K5OP,B,3,0.05,1,3,161,ac,0.0,0.0,0,1.25,0,4.987178347672382,4.9066204516289975,40.0,2370.0,1100.0,,0,,,,,,,,,,,-4.981573809850204,-5.0,-0.3685238029959237,1.3949033538436852,0.14490335384368525,1.3680401001823734,5.735438302028166,4.576211471278659,True,True,,,,,,,,,,,,,,,,,,,,,,,,,,,,,0
s9_k5op_b_s03_pos1_tap3_mc162_cpl0_rp4p92572995358_rn4p92617839895_f12370_f21100_a0_dac1p25,K5OP,B,3,0.05,1,3,162,ac,0.0,0.0,0,1.25,0,4.925729953575903,4.926178398948278,40.0,2370.0,1100.0,,0,,,,,,,,,,,-4.933769048101722,-5.0,-1.3246190379655687,1.1767661637344675,-0.07323383626553248,1.1910569537565983,4.925358107994853,4.925740548953143,True,True,,,,,,,,,,,,,,,,,,,,,,,,,,,,,0
s9_k5op_b_s03_pos1_tap3_mc163_cpl0_rp4p84565866856_rn4p85953130541_f12370_f21100_a0_dac1p25,K5OP,B,3,0.05,1,3,163,ac,0.0,0.0,0,1.25,0,4.845658668562648,4.859531305409868,40.0,2370.0,1100.0,,0,,,,,,,,,,,-5.122825344572091,-5.0,2.456506891441812,1.189769647319964,-0.06023035268003607,1.2013917418956879,4.963286498010715,4.923490822812214,True,True,,,,,,,,,,,,,,,,,,,,,,,,,,,,,0
s9_k5op_b_s03_pos1_tap3_mc164_cpl0_rp4p90468991922_rn4p86306893025_f12370_f21100_a0_dac1p25,K5OP,B,3,0.05,1,3,164,ac,0.0,0.0,0,1.25,0,4.904689919223663,4.8630689302496535,40.0,2370.0,1100.0,,0,,,,,,,,,,,-5.005434844621348,-5.0,0.10869689242696268,1.2972820583369336,0.04728205833693355,1.2884166376821693,5.358363673939914,4.889366453587649,True,True,,,,,,,,,,,,,,,,,,,,,,,,,,,,,0
s9_k5op_b_s03_pos1_tap3_mc165_cpl0_rp4p89668701226_rn4p92646031675_f12370_f21100_a0_dac1p25,K5OP,B,3,0.05,1,3,165,ac,0.0,0.0,0,1.25,0,4.896687012261691,4.926460316752722,40.0,2370.0,1100.0,,0,,,,,,,,,,,-4.877391548239407,-5.0,-2.4521690352118597,1.1760505990388557,-0.07394940096114433,1.189581950374765,4.844843081567831,4.923399613536263,True,True,,,,,,,,,,,,,,,,,,,,,,,,,,,,,0
s9_k5op_b_s03_pos1_tap3_mc166_cpl0_rp4p96004529087_rn4p90829612998_f12370_f21100_a0_dac1p25,K5OP,B,3,0.05,1,3,166,ac,0.0,0.0,0,1.25,0,4.96004529086772,4.908296129984379,40.0,2370.0,1100.0,,0,,,,,,,,,,,-4.893694410797789,-5.0,-2.1261117840442267,1.1928770934680817,-0.057122906531918316,1.2039231338772436,4.978377408648617,4.923290828698295,True,True,,,,,,,,,,,,,,,,,,,,,,,,,,,,,0
s9_k5op_b_s03_pos1_tap3_mc167_cpl0_rp4p98561720724_rn4p94842851895_f12370_f21100_a0_dac1p25,K5OP,B,3,0.05,1,3,167,ac,0.0,0.0,0,1.25,0,4.985617207244762,4.948428518954744,40.0,2370.0,1100.0,,0,,,,,,,,,,,-5.065451652473518,-5.0,1.309033049470365,1.2290091335938056,-0.02099086640619441,1.2331254679207075,5.140574820341053,4.9179419971151574,True,True,,,,,,,,,,,,,,,,,,,,,,,,,,,,,0
s9_k5op_b_s03_pos1_tap3_mc168_cpl0_rp4p86230494424_rn4p88092825475_f12370_f21100_a0_dac1p25,K5OP,B,3,0.05,1,3,168,ac,0.0,0.0,0,1.25,0,4.862304944238102,4.880928254749572,40.0,2370.0,1100.0,,0,,,,,,,,,,,-4.905896048904346,-5.0,-1.8820790219130856,1.1612038040591506,-0.08879619594084942,1.177942931233436,4.820490959580448,4.9264550495000945,True,True,,,,,,,,,,,,,,,,,,,,,,,,,,,,,0
s9_k5op_b_s03_pos1_tap3_mc169_cpl0_rp4p92184606912_rn4p81788766396_f12370_f21100_a0_dac1p25,K5OP,B,3,0.05,1,3,169,ac,0.0,0.0,0,1.25,0,4.921846069117906,4.817887663955189,40.0,2370.0,1100.0,,0,,,,,,,,,,,-5.076149659668294,-5.0,1.5229931933658847,1.194781997323612,-0.05521800267638799,1.206284600982966,5.084251960607533,4.926041821815285,True,True,,,,,,,,,,,,,,,,,,,,,,,,,,,,,0
s9_k5op_b_s03_pos1_tap3_mc16_cpl0_rp4p89606759492_rn4p92671988323_f12370_f21100_a0_dac1p25,K5OP,B,3,0.05,1,3,16,ac,0.0,0.0,0,1.25,0,4.896067594915554,4.926719883233981,40.0,2370.0,1100.0,,0,,,,,,,,,,,-4.979090030176936,-5.0,-0.4181993964612829,1.2440325599952415,-0.005967440004758462,1.245228338518156,5.22865037691102,4.916310606690935,True,True,,,,,,,,,,,,,,,,,,,,,,,,,,,,,0
s9_k5op_b_s03_pos1_tap3_mc170_cpl0_rp4p87977769754_rn4p98540825275_f12370_f21100_a0_dac1p25,K5OP,B,3,0.05,1,3,170,ac,0.0,0.0,0,1.25,0,4.879777697541702,4.985408252745102,40.0,2370.0,1100.0,,0,,,,,,,,,,,-5.068912596170927,-5.0,1.3782519234185386,1.3291404733772132,0.0791404733772132,1.3136779404857,5.536422737767131,4.869437148445823,True,True,,,,,,,,,,,,,,,,,,,,,,,,,,,,,0
s9_k5op_b_s03_pos1_tap3_mc171_cpl0_rp4p91969495616_rn4p97384398985_f12370_f21100_a0_dac1p25,K5OP,B,3,0.05,1,3,171,ac,0.0,0.0,0,1.25,0,4.919694956157783,4.973843989846043,40.0,2370.0,1100.0,,0,,,,,,,,,,,-4.902706891524167,-5.0,-1.9458621695166656,1.2620528593830338,0.012052859383033798,1.2597942459934375,5.216757279924458,4.906352470570234,True,True,,,,,,,,,,,,,,,,,,,,,,,,,,,,,0
s9_k5op_b_s03_pos1_tap3_mc172_cpl0_rp4p98141126174_rn4p9373977353_f12370_f21100_a0_dac1p25,K5OP,B,3,0.05,1,3,172,ac,0.0,0.0,0,1.25,0,4.981411261740097,4.937397735303051,40.0,2370.0,1100.0,,0,,,,,,,,,,,-4.914013862376887,-5.0,-1.7197227524622605,1.267460726702257,0.017460726702257068,1.2640219810419535,5.299849418019939,4.909360466044198,True,True,,,,,,,,,,,,,,,,,,,,,,,,,,,,,0
s9_k5op_b_s03_pos1_tap3_mc173_cpl0_rp4p81635422291_rn4p8251161718_f12370_f21100_a0_dac1p25,K5OP,B,3,0.05,1,3,173,ac,0.0,0.0,0,1.25,0,4.816354222913955,4.825116171795079,40.0,2370.0,1100.0,,0,,,,,,,,,,,-5.093529189688528,-5.0,1.8705837937705638,1.3142366734794892,0.06423667347948925,1.3019867769925904,5.446613071048233,4.8788902562986545,True,True,,,,,,,,,,,,,,,,,,,,,,,,,,,,,0
s9_k5op_b_s03_pos1_tap3_mc174_cpl0_rp4p81675841155_rn4p92438442468_f12370_f21100_a0_dac1p25,K5OP,B,3,0.05,1,3,174,ac,0.0,0.0,0,1.25,0,4.816758411547818,4.924384424679093,40.0,2370.0,1100.0,,0,,,,,,,,,,,-4.928647680013443,-5.0,-1.4270463997311467,1.1072487294163007,-0.1427512705836993,1.1339237286723687,4.5941792365119465,4.931902826345029,True,True,,,,,,,,,,,,,,,,,,,,,,,,,,,,,0
s9_k5op_b_s03_pos1_tap3_mc175_cpl0_rp4p90832979475_rn4p97211588636_f12370_f21100_a0_dac1p25,K5OP,B,3,0.05,1,3,175,ac,0.0,0.0,0,1.25,0,4.90832979475302,4.972115886361461,40.0,2370.0,1100.0,,0,,,,,,,,,,,-5.024694990438672,-5.0,0.49389980877343476,1.3276362808835984,0.07763628088359842,1.3118424292551332,5.583177257145216,4.885748409110278,True,True,,,,,,,,,,,,,,,,,,,,,,,,,,,,,0
s9_k5op_b_s03_pos1_tap3_mc176_cpl0_rp4p85359236684_rn4p93257617059_f12370_f21100_a0_dac1p25,K5OP,B,3,0.05,1,3,176,ac,0.0,0.0,0,1.25,0,4.853592366840775,4.932576170591163,40.0,2370.0,1100.0,,0,,,,,,,,,,,-5.039339488184691,-5.0,0.7867897636938181,1.1562305518262792,-0.09376944817372079,1.175620861677226,4.919843487793987,4.930120033445336,True,True,,,,,,,,,,,,,,,,,,,,,,,,,,,,,0
s9_k5op_b_s03_pos1_tap3_mc177_cpl0_rp4p8775218094_rn4p8097902573_f12370_f21100_a0_dac1p25,K5OP,B,3,0.05,1,3,177,ac,0.0,0.0,0,1.25,0,4.87752180939829,4.809790257300452,40.0,2370.0,1100.0,,0,,,,,,,,,,,-4.94185521542323,-5.0,-1.1628956915354038,1.258143764525299,0.00814376452529908,1.256610753947884,5.206540278391582,4.907981032781679,True,True,,,,,,,,,,,,,,,,,,,,,,,,,,,,,0
s9_k5op_b_s03_pos1_tap3_mc178_cpl0_rp4p90960633162_rn4p9032157808_f12370_f21100_a0_dac1p25,K5OP,B,3,0.05,1,3,178,ac,0.0,0.0,0,1.25,0,4.909606331621514,4.903215780799557,40.0,2370.0,1100.0,,0,,,,,,,,,,,-4.983959928409609,-5.0,-0.3208014318078156,1.3170935576898781,0.06709355768987812,1.3047001038189134,5.4199721734317095,4.861034594017417,True,True,,,,,,,,,,,,,,,,,,,,,,,,,,,,,0
s9_k5op_b_s03_pos1_tap3_mc179_cpl0_rp4p91383832735_rn4p86687449907_f12370_f21100_a0_dac1p25,K5OP,B,3,0.05,1,3,179,ac,0.0,0.0,0,1.25,0,4.9138383273465065,4.866874499066905,40.0,2370.0,1100.0,,0,,,,,,,,,,,-5.059966166399699,-5.0,1.199323327993973,1.3844767327108727,0.13447673271087268,1.3572127404723981,5.805958795732172,4.730065266554132,True,True,,,,,,,,,,,,,,,,,,,,,,,,,,,,,0
s9_k5op_b_s03_pos1_tap3_mc17_cpl0_rp4p88475723429_rn4p86389060167_f12370_f21100_a0_dac1p25,K5OP,B,3,0.05,1,3,17,ac,0.0,0.0,0,1.25,0,4.884757234291846,4.8638906016743055,40.0,2370.0,1100.0,,0,,,,,,,,,,,-5.09017550984403,-5.0,1.8035101968806089,1.3268183387368515,0.07681833873685151,1.312421966641035,5.475918946494069,4.848951280182546,True,True,,,,,,,,,,,,,,,,,,,,,,,,,,,,,0
s9_k5op_b_s03_pos1_tap3_mc180_cpl0_rp4p85885219939_rn4p96182281801_f12370_f21100_a0_dac1p25,K5OP,B,3,0.05,1,3,180,ac,0.0,0.0,0,1.25,0,4.858852199389098,4.961822818012852,40.0,2370.0,1100.0,,0,,,,,,,,,,,-4.9375337155197485,-5.0,-1.2493256896050298,1.3793786340039254,0.12937863400392535,1.3535348493022488,5.765894829980889,4.7307843964639495,True,True,,,,,,,,,,,,,,,,,,,,,,,,,,,,,0
s9_k5op_b_s03_pos1_tap3_mc181_cpl0_rp4p96329998946_rn4p93146062468_f12370_f21100_a0_dac1p25,K5OP,B,3,0.05,1,3,181,ac,0.0,0.0,0,1.25,0,4.963299989455141,4.93146062467727,40.0,2370.0,1100.0,,0,,,,,,,,,,,-4.931738048808754,-5.0,-1.3652390238249268,1.3868965238486146,0.13689652384861462,1.3594403304761653,5.801274545190697,4.706068620816729,True,True,,,,,,,,,,,,,,,,,,,,,,,,,,,,,0
s9_k5op_b_s03_pos1_tap3_mc182_cpl0_rp4p86771770553_rn4p84743468837_f12370_f21100_a0_dac1p25,K5OP,B,3,0.05,1,3,182,ac,0.0,0.0,0,1.25,0,4.867717705528115,4.847434688365604,40.0,2370.0,1100.0,,0,,,,,,,,,,,-5.146578393075973,-5.0,2.9315678615194685,1.2732125079895695,0.02321250798956953,1.2688233201394614,5.272198459009205,4.9031797678115385,True,True,,,,,,,,,,,,,,,,,,,,,,,,,,,,,0
s9_k5op_b_s03_pos1_tap3_mc183_cpl0_rp4p82243249354_rn4p83336115486_f12370_f21100_a0_dac1p25,K5OP,B,3,0.05,1,3,183,ac,0.0,0.0,0,1.25,0,4.82243249354455,4.8333611548629944,40.0,2370.0,1100.0,,0,,,,,,,,,,,-5.017559318440057,-5.0,0.3511863688011374,1.1778278323420246,-0.0721721676579754,1.1923388235619856,4.968281840355406,4.926798098114606,True,True,,,,,,,,,,,,,,,,,,,,,,,,,,,,,0
s9_k5op_b_s03_pos1_tap3_mc184_cpl0_rp4p89408313222_rn4p85654131884_f12370_f21100_a0_dac1p25,K5OP,B,3,0.05,1,3,184,ac,0.0,0.0,0,1.25,0,4.894083132218432,4.856541318838992,40.0,2370.0,1100.0,,0,,,,,,,,,,,-4.957643167128989,-5.0,-0.8471366574202221,1.2920560325467259,0.04205603254672585,1.2838292300024925,5.389606251010617,4.899686837180064,True,True,,,,,,,,,,,,,,,,,,,,,,,,,,,,,0
s9_k5op_b_s03_pos1_tap3_mc185_cpl0_rp4p85219833639_rn4p84607428991_f12370_f21100_a0_dac1p25,K5OP,B,3,0.05,1,3,185,ac,0.0,0.0,0,1.25,0,4.8521983363916785,4.846074289911345,40.0,2370.0,1100.0,,0,,,,,,,,,,,-5.081782775302024,-5.0,1.6356555060404787,1.2159303476351266,-0.03406965236487336,1.222757809628702,5.11632912810218,4.921318789353509,True,True,,,,,,,,,,,,,,,,,,,,,,,,,,,,,0
s9_k5op_b_s03_pos1_tap3_mc186_cpl0_rp4p85131785258_rn4p8091446777_f12370_f21100_a0_dac1p25,K5OP,B,3,0.05,1,3,186,ac,0.0,0.0,0,1.25,0,4.851317852576308,4.8091446777017195,40.0,2370.0,1100.0,,0,,,,,,,,,,,-5.059529307203547,-5.0,1.1905861440709486,1.3039998644192232,0.05399986441922322,1.2932386910426181,5.4612884590752895,4.896728756124437,True,True,,,,,,,,,,,,,,,,,,,,,,,,,,,,,0
s9_k5op_b_s03_pos1_tap3_mc187_cpl0_rp4p90225376233_rn4p84471689686_f12370_f21100_a0_dac1p25,K5OP,B,3,0.05,1,3,187,ac,0.0,0.0,0,1.25,0,4.9022537623313465,4.844716896862485,40.0,2370.0,1100.0,,0,,,,,,,,,,,-5.1104278208449205,-5.0,2.2085564168984106,1.1697628194102763,-0.08023718058972373,1.1857508642730612,4.924198230423206,4.92733135323397,True,True,,,,,,,,,,,,,,,,,,,,,,,,,,,,,0
s9_k5op_b_s03_pos1_tap3_mc188_cpl0_rp4p88207619519_rn4p84145287485_f12370_f21100_a0_dac1p25,K5OP,B,3,0.05,1,3,188,ac,0.0,0.0,0,1.25,0,4.882076195192883,4.841452874846127,40.0,2370.0,1100.0,,0,,,,,,,,,,,-5.008691516754871,-5.0,0.17383033509741352,1.2824002077979713,0.03240020779797126,1.2760515792455398,5.3531180494331245,4.90388824001814,True,True,,,,,,,,,,,,,,,,,,,,,,,,,,,,,0
s9_k5op_b_s03_pos1_tap3_mc189_cpl0_rp4p81624464285_rn4p98947815992_f12370_f21100_a0_dac1p25,K5OP,B,3,0.05,1,3,189,ac,0.0,0.0,0,1.25,0,4.816244642850169,4.989478159920619,40.0,2370.0,1100.0,,0,,,,,,,,,,,-4.928364545537134,-5.0,-1.4327090892573224,1.1084578530428588,-0.14154214695714118,1.13556824688596,4.628866890021637,4.932463823167853,True,True,,,,,,,,,,,,,,,,,,,,,,,,,,,,,0
s9_k5op_b_s03_pos1_tap3_mc18_cpl0_rp4p91672976817_rn4p80622671392_f12370_f21100_a0_dac1p25,K5OP,B,3,0.05,1,3,18,ac,0.0,0.0,0,1.25,0,4.916729768169673,4.806226713918411,40.0,2370.0,1100.0,,0,,,,,,,,,,,-5.042549521666606,-5.0,0.8509904333321217,1.4007984759379235,0.1507984759379235,1.372147482585976,5.788348648906361,4.581960841402947,True,True,,,,,,,,,,,,,,,,,,,,,,,,,,,,,0
s9_k5op_b_s03_pos1_tap3_mc190_cpl0_rp4p94637445265_rn4p93657142038_f12370_f21100_a0_dac1p25,K5OP,B,3,0.05,1,3,190,ac,0.0,0.0,0,1.25,0,4.946374452649898,4.93657142038477,40.0,2370.0,1100.0,,0,,,,,,,,,,,-4.911852976811071,-5.0,-1.762940463778584,1.3285677942811591,0.07856779428115912,1.3136921460389213,5.495204094335058,4.852178589171719,True,True,,,,,,,,,,,,,,,,,,,,,,,,,,,,,0
s9_k5op_b_s03_pos1_tap3_mc191_cpl0_rp4p84191333333_rn4p86339037845_f12370_f21100_a0_dac1p25,K5OP,B,3,0.05,1,3,191,ac,0.0,0.0,0,1.25,0,4.841913333328711,4.8633903784516175,40.0,2370.0,1100.0,,0,,,,,,,,,,,-5.05152756219851,-5.0,1.0305512439702014,1.121335435914515,-0.1286645640854851,1.1458675432067096,4.674801262813933,4.931032890001845,True,True,,,,,,,,,,,,,,,,,,,,,,,,,,,,,0
s9_k5op_b_s03_pos1_tap3_mc192_cpl0_rp4p82400982039_rn4p88129233143_f12370_f21100_a0_dac1p25,K5OP,B,3,0.05,1,3,192,ac,0.0,0.0,0,1.25,0,4.824009820385426,4.881292331429425,40.0,2370.0,1100.0,,0,,,,,,,,,,,-4.990683999382073,-5.0,-0.1863200123585429,1.2634473906369976,0.013447390636997625,1.2607706015336457,5.297604450597104,4.91139666063343,True,True,,,,,,,,,,,,,,,,,,,,,,,,,,,,,0
s9_k5op_b_s03_pos1_tap3_mc193_cpl0_rp4p86673991029_rn4p97276401967_f12370_f21100_a0_dac1p25,K5OP,B,3,0.05,1,3,193,ac,0.0,0.0,0,1.25,0,4.866739910285656,4.972764019673274,40.0,2370.0,1100.0,,0,,,,,,,,,,,-4.886875608999253,-5.0,-2.2624878200149467,1.1756895538679646,-0.07431044613203541,1.1901149431771965,4.9144736301863166,4.925698252997422,True,True,,,,,,,,,,,,,,,,,,,,,,,,,,,,,0
s9_k5op_b_s03_pos1_tap3_mc194_cpl0_rp4p93841997562_rn4p86384276844_f12370_f21100_a0_dac1p25,K5OP,B,3,0.05,1,3,194,ac,0.0,0.0,0,1.25,0,4.938419975617892,4.863842768439841,40.0,2370.0,1100.0,,0,,,,,,,,,,,-5.060520081909381,-5.0,1.2104016381876193,1.1787432861258111,-0.07125671387418886,1.1927274274741126,4.940479614225136,4.925703612591317,True,True,,,,,,,,,,,,,,,,,,,,,,,,,,,,,0
s9_k5op_b_s03_pos1_tap3_mc195_cpl0_rp4p94423666829_rn4p98029972903_f12370_f21100_a0_dac1p25,K5OP,B,3,0.05,1,3,195,ac,0.0,0.0,0,1.25,0,4.944236668293492,4.980299729026487,40.0,2370.0,1100.0,,0,,,,,,,,,,,-5.090135569706833,-5.0,1.802711394136658,1.2997067194949792,0.04970671949497918,1.2905558597115239,5.34649785238326,4.882962549696868,True,True,,,,,,,,,,,,,,,,,,,,,,,,,,,,,0
s9_k5op_b_s03_pos1_tap3_mc196_cpl0_rp4p92679538891_rn4p83357704076_f12370_f21100_a0_dac1p25,K5OP,B,3,0.05,1,3,196,ac,0.0,0.0,0,1.25,0,4.926795388905471,4.833577040762126,40.0,2370.0,1100.0,,0,,,,,,,,,,,-4.950887760867051,-5.0,-0.9822447826589809,1.202718447814547,-0.047281552185453046,1.211850911818603,5.016306703173614,4.921669805482413,True,True,,,,,,,,,,,,,,,,,,,,,,,,,,,,,0
s9_k5op_b_s03_pos1_tap3_mc197_cpl0_rp4p94246238901_rn4p88478689993_f12370_f21100_a0_dac1p25,K5OP,B,3,0.05,1,3,197,ac,0.0,0.0,0,1.25,0,4.942462389006465,4.884786899925654,40.0,2370.0,1100.0,,0,,,,,,,,,,,-4.93435760382277,-5.0,-1.3128479235446022,1.2431773107728838,-0.006822689227116152,1.2444982872479624,5.181140879817189,4.914210471377647,True,True,,,,,,,,,,,,,,,,,,,,,,,,,,,,,0
s9_k5op_b_s03_pos1_tap3_mc198_cpl0_rp4p91810594637_rn4p98941381651_f12370_f21100_a0_dac1p25,K5OP,B,3,0.05,1,3,198,ac,0.0,0.0,0,1.25,0,4.9181059463689305,4.989413816510473,40.0,2370.0,1100.0,,0,,,,,,,,,,,-5.034730885091987,-5.0,0.6946177018397393,1.1993955770278037,-0.05060442297219625,1.2093574097381317,5.0270368067989555,4.922957383718666,True,True,,,,,,,,,,,,,,,,,,,,,,,,,,,,,0
s9_k5op_b_s03_pos1_tap3_mc199_cpl0_rp4p83017342432_rn4p87618495362_f12370_f21100_a0_dac1p25,K5OP,B,3,0.05,1,3,199,ac,0.0,0.0,0,1.25,0,4.830173424324059,4.876184953622124,40.0,2370.0,1100.0,,0,,,,,,,,,,,-5.000445959560507,-5.0,0.008919191210132738,1.4226390107122757,0.17263901071227572,1.3903734399137295,5.855948053170261,4.47483596747212,False,True,,,,,,,,,,,,,,,,,,,,,,,,,,,,,0
s9_k5op_b_s03_pos1_tap3_mc19_cpl0_rp4p86375349404_rn4p94352011247_f12370_f21100_a0_dac1p25,K5OP,B,3,0.05,1,3,19,ac,0.0,0.0,0,1.25,0,4.8637534940378595,4.943520112468119,40.0,2370.0,1100.0,,0,,,,,,,,,,,-4.946638998615693,-5.0,-1.0672200276861332,1.3517576052922224,0.10175760529222244,1.3310365095592984,5.680973543245683,4.852260369067889,True,True,,,,,,,,,,,,,,,,,,,,,,,,,,,,,0
s9_k5op_b_s03_pos1_tap3_mc1_cpl0_rp4p87968282413_rn4p81765685527_f12370_f21100_a0_dac1p25,K5OP,B,3,0.05,1,3,1,ac,0.0,0.0,0,1.25,0,4.879682824126003,4.817656855272235,40.0,2370.0,1100.0,,0,,,,,,,,,,,-4.891957173112083,-5.0,-2.160856537758349,1.3640867170539483,0.11408671705394835,1.3407091334840788,5.738772057634733,4.8224915392669745,True,True,,,,,,,,,,,,,,,,,,,,,,,,,,,,,0
s9_k5op_b_s03_pos1_tap3_mc200_cpl0_rp4p87609300253_rn4p9245221704_f12370_f21100_a0_dac1p25,K5OP,B,3,0.05,1,3,200,ac,0.0,0.0,0,1.25,0,4.876093002533232,4.924522170397594,40.0,2370.0,1100.0,,0,,,,,,,,,,,-5.099314698675528,-5.0,1.9862939735105556,1.2347175517169193,-0.015282448283080674,1.2376674908853322,5.143511224533377,4.915797322273108,True,True,,,,,,,,,,,,,,,,,,,,,,,,,,,,,0
s9_k5op_b_s03_pos1_tap3_mc201_cpl0_rp4p90836585454_rn4p99134886186_f12370_f21100_a0_dac1p25,K5OP,B,3,0.05,1,3,201,ac,0.0,0.0,0,1.25,0,4.908365854541344,4.991348861856531,40.0,2370.0,1100.0,,0,,,,,,,,,,,-5.133135565219993,-5.0,2.6627113043998563,1.2976742187931345,0.04767421879313449,1.2883178814293954,5.416239401582159,4.897482872169083,True,True,,,,,,,,,,,,,,,,,,,,,,,,,,,,,0
s9_k5op_b_s03_pos1_tap3_mc202_cpl0_rp4p87329785859_rn4p97684612666_f12370_f21100_a0_dac1p25,K5OP,B,3,0.05,1,3,202,ac,0.0,0.0,0,1.25,0,4.873297858592152,4.976846126657074,40.0,2370.0,1100.0,,0,,,,,,,,,,,-4.884648889180276,-5.0,-2.307022216394472,1.3301587636173824,0.08015876361738239,1.3148623163661217,5.511118929458473,4.854025878003798,True,True,,,,,,,,,,,,,,,,,,,,,,,,,,,,,0
s9_k5op_b_s03_pos1_tap3_mc203_cpl0_rp4p94803093471_rn4p82992067818_f12370_f21100_a0_dac1p25,K5OP,B,3,0.05,1,3,203,ac,0.0,0.0,0,1.25,0,4.9480309347144935,4.829920678184828,40.0,2370.0,1100.0,,0,,,,,,,,,,,-4.999713382167759,-5.0,-0.005732356644827519,1.4591439053211641,0.20914390532116411,1.4200775567445727,6.001304108465373,4.3281528658960475,False,True,,,,,,,,,,,,,,,,,,,,,,,,,,,,,0
s9_k5op_b_s03_pos1_tap3_mc204_cpl0_rp4p93387894829_rn4p82433507688_f12370_f21100_a0_dac1p25,K5OP,B,3,0.05,1,3,204,ac,0.0,0.0,0,1.25,0,4.933878948293206,4.824335076880513,40.0,2370.0,1100.0,,0,,,,,,,,,,,-4.910601489482858,-5.0,-1.7879702103428485,1.3049895973437975,0.05498959734379749,1.2944455608920302,5.416344804769713,4.8886895244367174,True,True,,,,,,,,,,,,,,,,,,,,,,,,,,,,,0
s9_k5op_b_s03_pos1_tap3_mc205_cpl0_rp4p99208266475_rn4p98908573222_f12370_f21100_a0_dac1p25,K5OP,B,3,0.05,1,3,205,ac,0.0,0.0,0,1.25,0,4.992082664746407,4.9890857322176,40.0,2370.0,1100.0,,0,,,,,,,,,,,-4.983789613605127,-5.0,-0.324207727897452,1.3013401276337468,0.051340127633746846,1.2911443113920444,5.446146630566529,4.897516892102,True,True,,,,,,,,,,,,,,,,,,,,,,,,,,,,,0
s9_k5op_b_s03_pos1_tap3_mc206_cpl0_rp4p87119070211_rn4p99012623424_f12370_f21100_a0_dac1p25,K5OP,B,3,0.05,1,3,206,ac,0.0,0.0,0,1.25,0,4.871190702106201,4.990126234243969,40.0,2370.0,1100.0,,0,,,,,,,,,,,-4.978498019347022,-5.0,-0.43003961305956295,1.322338579267598,0.0723385792675979,1.3085251905902737,5.48065792257246,4.86899700510296,True,True,,,,,,,,,,,,,,,,,,,,,,,,,,,,,0
s9_k5op_b_s03_pos1_tap3_mc207_cpl0_rp4p99053952676_rn4p82050546785_f12370_f21100_a0_dac1p25,K5OP,B,3,0.05,1,3,207,ac,0.0,0.0,0,1.25,0,4.990539526757092,4.8205054678513175,40.0,2370.0,1100.0,,0,,,,,,,,,,,-4.9841447593230725,-5.0,-0.317104813538549,1.1693250689950272,-0.0806749310049728,1.1854918749004217,4.92988992570079,4.92756186207987,True,True,,,,,,,,,,,,,,,,,,,,,,,,,,,,,0
s9_k5op_b_s03_pos1_tap3_mc208_cpl0_rp4p82338440834_rn4p98424448028_f12370_f21100_a0_dac1p25,K5OP,B,3,0.05,1,3,208,ac,0.0,0.0,0,1.25,0,4.823384408343893,4.984244480282307,40.0,2370.0,1100.0,,0,,,,,,,,,,,-4.966069477001511,-5.0,-0.6786104599697751,1.3238054827611851,0.07380548276118515,1.309254940913213,5.526566740772093,4.879754869028001,True,True,,,,,,,,,,,,,,,,,,,,,,,,,,,,,0
s9_k5op_b_s03_pos1_tap3_mc209_cpl0_rp4p9975563268_rn4p88046750345_f12370_f21100_a0_dac1p25,K5OP,B,3,0.05,1,3,209,ac,0.0,0.0,0,1.25,0,4.9975563268025445,4.880467503451389,40.0,2370.0,1100.0,,0,,,,,,,,,,,-5.087844483279369,-5.0,1.75688966558738,1.4275667182782539,0.17756671827825388,1.3941007902870657,5.885673720521526,4.465139974295508,False,True,,,,,,,,,,,,,,,,,,,,,,,,,,,,,0
s9_k5op_b_s03_pos1_tap3_mc20_cpl0_rp4p96286065434_rn4p94707300674_f12370_f21100_a0_dac1p25,K5OP,B,3,0.05,1,3,20,ac,0.0,0.0,0,1.25,0,4.9628606543405684,4.94707300674488,40.0,2370.0,1100.0,,0,,,,,,,,,,,-5.059687183513795,-5.0,1.193743670275893,1.2452100323156368,-0.004789967684363239,1.246174837644085,5.240189250279926,4.916414479773998,True,True,,,,,,,,,,,,,,,,,,,,,,,,,,,,,0
s9_k5op_b_s03_pos1_tap3_mc210_cpl0_rp4p9688588778_rn4p91437653172_f12370_f21100_a0_dac1p25,K5OP,B,3,0.05,1,3,210,ac,0.0,0.0,0,1.25,0,4.968858877800824,4.9143765317209285,40.0,2370.0,1100.0,,0,,,,,,,,,,,-5.065058708999981,-5.0,1.3011741799996202,1.414238746354808,0.16423874635480806,1.383022057249317,5.842581707439285,4.528671736600782,True,True,,,,,,,,,,,,,,,,,,,,,,,,,,,,,0
s9_k5op_b_s03_pos1_tap3_mc211_cpl0_rp4p96709753257_rn4p91084455633_f12370_f21100_a0_dac1p25,K5OP,B,3,0.05,1,3,211,ac,0.0,0.0,0,1.25,0,4.967097532565387,4.910844556333429,40.0,2370.0,1100.0,,0,,,,,,,,,,,-5.04364114693634,-5.0,0.8728229387267916,1.3355419782475575,0.08554197824755749,1.3202558117811696,5.455998349666746,4.771278686006441,True,True,,,,,,,,,,,,,,,,,,,,,,,,,,,,,0
s9_k5op_b_s03_pos1_tap3_mc212_cpl0_rp4p8300395484_rn4p99760949024_f12370_f21100_a0_dac1p25,K5OP,B,3,0.05,1,3,212,ac,0.0,0.0,0,1.25,0,4.830039548397559,4.99760949023594,40.0,2370.0,1100.0,,0,,,,,,,,,,,-4.89648751741778,-5.0,-2.070249651644396,1.179104376079326,-0.07089562392067394,1.1928492723891402,4.926528257313562,4.925266167113107,True,True,,,,,,,,,,,,,,,,,,,,,,,,,,,,,0
s9_k5op_b_s03_pos1_tap3_mc213_cpl0_rp4p99178545096_rn4p87438824931_f12370_f21100_a0_dac1p25,K5OP,B,3,0.05,1,3,213,ac,0.0,0.0,0,1.25,0,4.991785450964725,4.874388249309158,40.0,2370.0,1100.0,,0,,,,,,,,,,,-5.035050964468546,-5.0,0.7010192893709188,1.2413439459226152,-0.00865605407738479,1.2431065384732782,5.239275838703968,4.917846809885139,True,True,,,,,,,,,,,,,,,,,,,,,,,,,,,,,0
s9_k5op_b_s03_pos1_tap3_mc214_cpl0_rp4p94597574195_rn4p83648419083_f12370_f21100_a0_dac1p25,K5OP,B,3,0.05,1,3,214,ac,0.0,0.0,0,1.25,0,4.945975741946487,4.836484190833586,40.0,2370.0,1100.0,,0,,,,,,,,,,,-5.000165061696205,-5.0,0.003301233924091207,1.2883848736148982,0.038384873614898174,1.2809631833364314,5.360254431709464,4.8996769892721685,True,True,,,,,,,,,,,,,,,,,,,,,,,,,,,,,0
s9_k5op_b_s03_pos1_tap3_mc215_cpl0_rp4p8838776552_rn4p8125330308_f12370_f21100_a0_dac1p25,K5OP,B,3,0.05,1,3,215,ac,0.0,0.0,0,1.25,0,4.883877655199192,4.812533030802979,40.0,2370.0,1100.0,,0,,,,,,,,,,,-4.991235115196613,-5.0,-0.17529769606774437,1.422050688207486,0.17205068820748592,1.387706481173904,5.935689176935391,4.559283671275503,True,True,,,,,,,,,,,,,,,,,,,,,,,,,,,,,0
s9_k5op_b_s03_pos1_tap3_mc216_cpl0_rp4p92934161604_rn4p86046879292_f12370_f21100_a0_dac1p25,K5OP,B,3,0.05,1,3,216,ac,0.0,0.0,0,1.25,0,4.92934161604249,4.8604687929204635,40.0,2370.0,1100.0,,0,,,,,,,,,,,-5.045876343446443,-5.0,0.9175268689288529,1.1966769367784158,-0.0533230632215842,1.2071157191922894,5.009061050293358,4.923131129905546,True,True,,,,,,,,,,,,,,,,,,,,,,,,,,,,,0
s9_k5op_b_s03_pos1_tap3_mc217_cpl0_rp4p99303909397_rn4p9377031678_f12370_f21100_a0_dac1p25,K5OP,B,3,0.05,1,3,217,ac,0.0,0.0,0,1.25,0,4.993039093967263,4.937703167795284,40.0,2370.0,1100.0,,0,,,,,,,,,,,-4.982164875475759,-5.0,-0.35670249048482816,1.371435659760798,0.12143565976079795,1.3493035720788333,5.62180935163431,4.6503200283469175,True,True,,,,,,,,,,,,,,,,,,,,,,,,,,,,,0
s9_k5op_b_s03_pos1_tap3_mc218_cpl0_rp4p89757233022_rn4p89017495296_f12370_f21100_a0_dac1p25,K5OP,B,3,0.05,1,3,218,ac,0.0,0.0,0,1.25,0,4.897572330219129,4.890174952963784,40.0,2370.0,1100.0,,0,,,,,,,,,,,-5.034346787764266,-5.0,0.6869357552853117,1.155836688301814,-0.09416331169818593,1.1741210939546696,4.835413317477114,4.92805279438708,True,True,,,,,,,,,,,,,,,,,,,,,,,,,,,,,0
s9_k5op_b_s03_pos1_tap3_mc219_cpl0_rp4p86955742959_rn4p98260407532_f12370_f21100_a0_dac1p25,K5OP,B,3,0.05,1,3,219,ac,0.0,0.0,0,1.25,0,4.8695574295933435,4.982604075316092,40.0,2370.0,1100.0,,0,,,,,,,,,,,-5.056491580514244,-5.0,1.1298316102848815,1.398604929380747,0.148604929380747,1.370597009310226,5.769844107970217,4.58100467292424,True,True,,,,,,,,,,,,,,,,,,,,,,,,,,,,,0
s9_k5op_b_s03_pos1_tap3_mc21_cpl0_rp4p88893683381_rn4p85239743988_f12370_f21100_a0_dac1p25,K5OP,B,3,0.05,1,3,21,ac,0.0,0.0,0,1.25,0,4.888936833814934,4.852397439877141,40.0,2370.0,1100.0,,0,,,,,,,,,,,-4.964822407055536,-5.0,-0.7035518588892842,1.2860285873657586,0.036028587365758646,1.279196982894371,5.326843930928165,4.8980628506848785,True,True,,,,,,,,,,,,,,,,,,,,,,,,,,,,,0
s9_k5op_b_s03_pos1_tap3_mc220_cpl0_rp4p9747860182_rn4p84823286829_f12370_f21100_a0_dac1p25,K5OP,B,3,0.05,1,3,220,ac,0.0,0.0,0,1.25,0,4.974786018204106,4.848232868289286,40.0,2370.0,1100.0,,0,,,,,,,,,,,-4.944204972452404,-5.0,-1.1159005509519204,1.3282756993051201,0.07827569930512013,1.3134200942278955,5.496916241270458,4.854524674083167,True,True,,,,,,,,,,,,,,,,,,,,,,,,,,,,,0
s9_k5op_b_s03_pos1_tap3_mc221_cpl0_rp4p95709132515_rn4p9533377626_f12370_f21100_a0_dac1p25,K5OP,B,3,0.05,1,3,221,ac,0.0,0.0,0,1.25,0,4.957091325146115,4.953337762595706,40.0,2370.0,1100.0,,0,,,,,,,,,,,-4.988920295059485,-5.0,-0.22159409881030712,1.3939882283368188,0.1439882283368188,1.3661157747034884,5.784121747936032,4.632214353868041,True,True,,,,,,,,,,,,,,,,,,,,,,,,,,,,,0
s9_k5op_b_s03_pos1_tap3_mc222_cpl0_rp4p95820886116_rn4p82531137377_f12370_f21100_a0_dac1p25,K5OP,B,3,0.05,1,3,222,ac,0.0,0.0,0,1.25,0,4.958208861157256,4.825311373766492,40.0,2370.0,1100.0,,0,,,,,,,,,,,-4.905384188088835,-5.0,-1.8923162382233016,1.1993929107433476,-0.05060708925665236,1.208766796343332,4.952392419154455,4.920266120861064,True,True,,,,,,,,,,,,,,,,,,,,,,,,,,,,,0
s9_k5op_b_s03_pos1_tap3_mc223_cpl0_rp4p97843931178_rn4p82159454777_f12370_f21100_a0_dac1p25,K5OP,B,3,0.05,1,3,223,ac,0.0,0.0,0,1.25,0,4.978439311778949,4.821594547770245,40.0,2370.0,1100.0,,0,,,,,,,,,,,-4.935932722262448,-5.0,-1.2813455547510344,1.1409592799455732,-0.10904072005442678,1.1624789090149008,4.796530394900564,4.930236285151795,True,True,,,,,,,,,,,,,,,,,,,,,,,,,,,,,0
s9_k5op_b_s03_pos1_tap3_mc224_cpl0_rp4p82657894055_rn4p93307495497_f12370_f21100_a0_dac1p25,K5OP,B,3,0.05,1,3,224,ac,0.0,0.0,0,1.25,0,4.82657894054647,4.933074954973275,40.0,2370.0,1100.0,,0,,,,,,,,,,,-5.008069551850403,-5.0,0.1613910370080518,1.2488260482073033,-0.001173951792696748,1.2490533386393003,5.203711057224934,4.9128414539815015,True,True,,,,,,,,,,,,,,,,,,,,,,,,,,,,,0
s9_k5op_b_s03_pos1_tap3_mc225_cpl0_rp4p91033180571_rn4p92327324586_f12370_f21100_a0_dac1p25,K5OP,B,3,0.05,1,3,225,ac,0.0,0.0,0,1.25,0,4.910331805710256,4.923273245855662,40.0,2370.0,1100.0,,0,,,,,,,,,,,-4.897478681385348,-5.0,-2.050426372293046,1.386484962410197,0.13648496241019692,1.3611808200573043,5.701836719507893,4.609956843424719,True,True,,,,,,,,,,,,,,,,,,,,,,,,,,,,,0
s9_k5op_b_s03_pos1_tap3_mc226_cpl0_rp4p96173419505_rn4p95577109073_f12370_f21100_a0_dac1p25,K5OP,B,3,0.05,1,3,226,ac,0.0,0.0,0,1.25,0,4.961734195045354,4.955771090734503,40.0,2370.0,1100.0,,0,,,,,,,,,,,-5.020921570326298,-5.0,0.41843140652595423,1.171233328186526,-0.07876667181347408,1.1870722320175826,4.942072286895042,4.92754887571192,True,True,,,,,,,,,,,,,,,,,,,,,,,,,,,,,0
s9_k5op_b_s03_pos1_tap3_mc227_cpl0_rp4p86653885895_rn4p97235310029_f12370_f21100_a0_dac1p25,K5OP,B,3,0.05,1,3,227,ac,0.0,0.0,0,1.25,0,4.866538858950978,4.9723531002915,40.0,2370.0,1100.0,,0,,,,,,,,,,,-5.048547945337045,-5.0,0.9709589067409041,1.2744909112010867,0.024490911201086707,1.2697015718789872,5.318959597635008,4.906404871213275,True,True,,,,,,,,,,,,,,,,,,,,,,,,,,,,,0
s9_k5op_b_s03_pos1_tap3_mc228_cpl0_rp4p96348419926_rn4p99125268425_f12370_f21100_a0_dac1p25,K5OP,B,3,0.05,1,3,228,ac,0.0,0.0,0,1.25,0,4.9634841992590335,4.991252684245683,40.0,2370.0,1100.0,,0,,,,,,,,,,,-5.049969132159271,-5.0,0.9993826431854202,1.4009139070219974,0.15091390702199736,1.373738070169159,5.726075984457914,4.518764728281909,True,True,,,,,,,,,,,,,,,,,,,,,,,,,,,,,0
s9_k5op_b_s03_pos1_tap3_mc229_cpl0_rp4p91253212238_rn4p85189192822_f12370_f21100_a0_dac1p25,K5OP,B,3,0.05,1,3,229,ac,0.0,0.0,0,1.25,0,4.9125321223795915,4.851891928216548,40.0,2370.0,1100.0,,0,,,,,,,,,,,-5.090922270045484,-5.0,1.818445400909674,1.2245909783924718,-0.025409021607528226,1.2296023599839807,5.130238320011372,4.919038127440315,True,True,,,,,,,,,,,,,,,,,,,,,,,,,,,,,0
s9_k5op_b_s03_pos1_tap3_mc22_cpl0_rp4p92425147698_rn4p80676320219_f12370_f21100_a0_dac1p25,K5OP,B,3,0.05,1,3,22,ac,0.0,0.0,0,1.25,0,4.924251476982826,4.80676320218761,40.0,2370.0,1100.0,,0,,,,,,,,,,,-4.922228222951963,-5.0,-1.5554355409607368,1.2216104280384417,-0.028389571961558335,1.227201996225446,5.116557621319222,4.919483896078753,True,True,,,,,,,,,,,,,,,,,,,,,,,,,,,,,0
s9_k5op_b_s03_pos1_tap3_mc230_cpl0_rp4p94158449776_rn4p93388173557_f12370_f21100_a0_dac1p25,K5OP,B,3,0.05,1,3,230,ac,0.0,0.0,0,1.25,0,4.941584497758334,4.933881735571261,40.0,2370.0,1100.0,,0,,,,,,,,,,,-5.075507356146813,-5.0,1.5101471229362673,1.1521756387741175,-0.09782436122588245,1.1717395561795796,4.858638500917717,4.929424878920755,True,True,,,,,,,,,,,,,,,,,,,,,,,,,,,,,0
s9_k5op_b_s03_pos1_tap3_mc231_cpl0_rp4p84593088809_rn4p89252190322_f12370_f21100_a0_dac1p25,K5OP,B,3,0.05,1,3,231,ac,0.0,0.0,0,1.25,0,4.8459308880914875,4.892521903217098,40.0,2370.0,1100.0,,0,,,,,,,,,,,-4.995566447443034,-5.0,-0.08867105113932183,1.1664256688469798,-0.08357433115302015,1.183046232815704,4.9083082165589875,4.9276707066969925,True,True,,,,,,,,,,,,,,,,,,,,,,,,,,,,,0
s9_k5op_b_s03_pos1_tap3_mc232_cpl0_rp4p91884978598_rn4p84125086367_f12370_f21100_a0_dac1p25,K5OP,B,3,0.05,1,3,232,ac,0.0,0.0,0,1.25,0,4.918849785980269,4.841250863673151,40.0,2370.0,1100.0,,0,,,,,,,,,,,-5.005640940478173,-5.0,0.11281880956346413,1.178930925051239,-0.07106907494876102,1.1925119958969639,4.9079393535759,4.924684860863501,True,True,,,,,,,,,,,,,,,,,,,,,,,,,,,,,0
s9_k5op_b_s03_pos1_tap3_mc233_cpl0_rp4p90482749968_rn4p978777546_f12370_f21100_a0_dac1p25,K5OP,B,3,0.05,1,3,233,ac,0.0,0.0,0,1.25,0,4.904827499680167,4.978777546003827,40.0,2370.0,1100.0,,0,,,,,,,,,,,-4.912850095674326,-5.0,-1.7429980865134809,1.4385784500433372,0.18857845004333718,1.403593716025436,5.910966758882784,4.40233915853606,False,True,,,,,,,,,,,,,,,,,,,,,,,,,,,,,0
s9_k5op_b_s03_pos1_tap3_mc234_cpl0_rp4p94911058996_rn4p81410277629_f12370_f21100_a0_dac1p25,K5OP,B,3,0.05,1,3,234,ac,0.0,0.0,0,1.25,0,4.949110589958199,4.814102776289683,40.0,2370.0,1100.0,,0,,,,,,,,,,,-4.980609446556317,-5.0,-0.3878110688736669,1.247352939739987,-0.0026470602600130455,1.2478676083721916,5.203113101186746,4.913459590714526,True,True,,,,,,,,,,,,,,,,,,,,,,,,,,,,,0
s9_k5op_b_s03_pos1_tap3_mc235_cpl0_rp4p9153709398_rn4p90964172791_f12370_f21100_a0_dac1p25,K5OP,B,3,0.05,1,3,235,ac,0.0,0.0,0,1.25,0,4.915370939804115,4.909641727913646,40.0,2370.0,1100.0,,0,,,,,,,,,,,-5.013294957025627,-5.0,0.2658991405125377,1.1969095536025327,-0.053090446397467295,1.2076163760947825,5.048629472919684,4.924484556618967,True,True,,,,,,,,,,,,,,,,,,,,,,,,,,,,,0
s9_k5op_b_s03_pos1_tap3_mc236_cpl0_rp4p94951352822_rn4p89532038323_f12370_f21100_a0_dac1p25,K5OP,B,3,0.05,1,3,236,ac,0.0,0.0,0,1.25,0,4.949513528216103,4.895320383234305,40.0,2370.0,1100.0,,0,,,,,,,,,,,-5.063450913036727,-5.0,1.2690182607345335,1.3159756695948164,0.06597566959481638,1.303054912404893,5.486751981823325,4.8851106878369075,True,True,,,,,,,,,,,,,,,,,,,,,,,,,,,,,0
s9_k5op_b_s03_pos1_tap3_mc237_cpl0_rp4p93173514821_rn4p92000156183_f12370_f21100_a0_dac1p25,K5OP,B,3,0.05,1,3,237,ac,0.0,0.0,0,1.25,0,4.931735148212523,4.920001561829357,40.0,2370.0,1100.0,,0,,,,,,,,,,,-5.057446176405467,-5.0,1.1489235281093357,1.38117563792002,0.13117563792001996,1.3567307988622337,5.686639735110679,4.637232531596111,True,True,,,,,,,,,,,,,,,,,,,,,,,,,,,,,0
s9_k5op_b_s03_pos1_tap3_mc238_cpl0_rp4p88963276925_rn4p85821760049_f12370_f21100_a0_dac1p25,K5OP,B,3,0.05,1,3,238,ac,0.0,0.0,0,1.25,0,4.889632769247549,4.85821760048949,40.0,2370.0,1100.0,,0,,,,,,,,,,,-5.12591891185088,-5.0,2.5183782370175933,1.135071805303353,-0.11492819469664695,1.1591667585715133,4.854403618853864,4.932482290816378,True,True,,,,,,,,,,,,,,,,,,,,,,,,,,,,,0
s9_k5op_b_s03_pos1_tap3_mc239_cpl0_rp4p94176165779_rn4p9259712967_f12370_f21100_a0_dac1p25,K5OP,B,3,0.05,1,3,239,ac,0.0,0.0,0,1.25,0,4.94176165779403,4.925971296700741,40.0,2370.0,1100.0,,0,,,,,,,,,,,-4.956777202536067,-5.0,-0.8644559492786641,1.2930538989289198,0.043053898928919754,1.2848507676406937,5.360806486042669,4.8950928410506265,True,True,,,,,,,,,,,,,,,,,,,,,,,,,,,,,0
s9_k5op_b_s03_pos1_tap3_mc23_cpl0_rp4p9897299409_rn4p99451175924_f12370_f21100_a0_dac1p25,K5OP,B,3,0.05,1,3,23,ac,0.0,0.0,0,1.25,0,4.989729940895217,4.994511759235949,40.0,2370.0,1100.0,,0,,,,,,,,,,,-4.907749368838754,-5.0,-1.8450126232249175,1.1663613479517942,-0.08363865204820575,1.1816419055442486,4.804300437421524,4.924585431469825,True,True,,,,,,,,,,,,,,,,,,,,,,,,,,,,,0
s9_k5op_b_s03_pos1_tap3_mc240_cpl0_rp4p97652967904_rn4p85595368377_f12370_f21100_a0_dac1p25,K5OP,B,3,0.05,1,3,240,ac,0.0,0.0,0,1.25,0,4.976529679038606,4.855953683770988,40.0,2370.0,1100.0,,0,,,,,,,,,,,-4.965297792671297,-5.0,-0.6940441465740577,1.3934798026976676,0.14347980269766758,1.3665302576358995,5.745238519232855,4.597400097651515,True,True,,,,,,,,,,,,,,,,,,,,,,,,,,,,,0
s9_k5op_b_s03_pos1_tap3_mc241_cpl0_rp4p99714199044_rn4p97460890294_f12370_f21100_a0_dac1p25,K5OP,B,3,0.05,1,3,241,ac,0.0,0.0,0,1.25,0,4.997141990437619,4.974608902935586,40.0,2370.0,1100.0,,0,,,,,,,,,,,-4.985511651147023,-5.0,-0.2897669770595357,1.1461138156467103,-0.10388618435328967,1.1666920622386434,4.821915053438149,4.929768485386815,True,True,,,,,,,,,,,,,,,,,,,,,,,,,,,,,0
s9_k5op_b_s03_pos1_tap3_mc242_cpl0_rp4p96365611923_rn4p81610003039_f12370_f21100_a0_dac1p25,K5OP,B,3,0.05,1,3,242,ac,0.0,0.0,0,1.25,0,4.963656119225819,4.816100030390195,40.0,2370.0,1100.0,,0,,,,,,,,,,,-4.955680615321034,-5.0,-0.8863876935793158,1.3124998713628442,0.062499871362844184,1.3002777432469177,5.470986800552744,4.887621426468258,True,True,,,,,,,,,,,,,,,,,,,,,,,,,,,,,0
s9_k5op_b_s03_pos1_tap3_mc243_cpl0_rp4p93636149461_rn4p88398417069_f12370_f21100_a0_dac1p25,K5OP,B,3,0.05,1,3,243,ac,0.0,0.0,0,1.25,0,4.936361494608106,4.883984170689021,40.0,2370.0,1100.0,,0,,,,,,,,,,,-5.005687431868022,-5.0,0.1137486373604446,1.182112442183124,-0.06788755781687605,1.195598373795982,4.969611894320622,4.925759602343522,True,True,,,,,,,,,,,,,,,,,,,,,,,,,,,,,0
s9_k5op_b_s03_pos1_tap3_mc244_cpl0_rp4p92283608296_rn4p91456992577_f12370_f21100_a0_dac1p25,K5OP,B,3,0.05,1,3,244,ac,0.0,0.0,0,1.25,0,4.922836082955919,4.91456992576517,40.0,2370.0,1100.0,,0,,,,,,,,,,,-4.977044306684331,-5.0,-0.4591138663133876,1.1019786869093968,-0.14802131309060318,1.1310355710110627,4.633758474743395,4.933621479274441,True,True,,,,,,,,,,,,,,,,,,,,,,,,,,,,,0
s9_k5op_b_s03_pos1_tap3_mc245_cpl0_rp4p88532259635_rn4p84707416577_f12370_f21100_a0_dac1p25,K5OP,B,3,0.05,1,3,245,ac,0.0,0.0,0,1.25,0,4.885322596348982,4.847074165771614,40.0,2370.0,1100.0,,0,,,,,,,,,,,-5.118145352202008,-5.0,2.3629070440401634,1.4262800684192225,0.1762800684192225,1.3901322594300523,5.9885310341438185,4.578290486790116,True,True,,,,,,,,,,,,,,,,,,,,,,,,,,,,,0
s9_k5op_b_s03_pos1_tap3_mc246_cpl0_rp4p97229677993_rn4p90202300027_f12370_f21100_a0_dac1p25,K5OP,B,3,0.05,1,3,246,ac,0.0,0.0,0,1.25,0,4.972296779927454,4.90202300026721,40.0,2370.0,1100.0,,0,,,,,,,,,,,-5.022682716693705,-5.0,0.45365433387409837,1.1707477556688144,-0.0792522443311856,1.1849788329313262,4.8022382032043645,4.923322784911336,True,True,,,,,,,,,,,,,,,,,,,,,,,,,,,,,0
s9_k5op_b_s03_pos1_tap3_mc247_cpl0_rp4p9067598612_rn4p83667745746_f12370_f21100_a0_dac1p25,K5OP,B,3,0.05,1,3,247,ac,0.0,0.0,0,1.25,0,4.906759861198976,4.836677457462542,40.0,2370.0,1100.0,,0,,,,,,,,,,,-5.021827813192381,-5.0,0.4365562638476206,1.311374122436557,0.06137412243655693,1.2991799504804271,5.48688676597636,4.891877125472132,True,True,,,,,,,,,,,,,,,,,,,,,,,,,,,,,0
s9_k5op_b_s03_pos1_tap3_mc248_cpl0_rp4p91276697059_rn4p88094372504_f12370_f21100_a0_dac1p25,K5OP,B,3,0.05,1,3,248,ac,0.0,0.0,0,1.25,0,4.912766970587882,4.880943725040297,40.0,2370.0,1100.0,,0,,,,,,,,,,,-5.045502978548777,-5.0,0.910059570975541,1.355908738453058,0.10590873845305793,1.3352117580037843,5.643767854756636,4.7954252594588125,True,True,,,,,,,,,,,,,,,,,,,,,,,,,,,,,0
s9_k5op_b_s03_pos1_tap3_mc249_cpl0_rp4p80321874913_rn4p90064253942_f12370_f21100_a0_dac1p25,K5OP,B,3,0.05,1,3,249,ac,0.0,0.0,0,1.25,0,4.803218749129418,4.900642539415244,40.0,2370.0,1100.0,,0,,,,,,,,,,,-4.965911359577468,-5.0,-0.6817728084506314,1.263738278046357,0.013738278046357077,1.2611947333653337,5.209231102705546,4.904488857051493,True,True,,,,,,,,,,,,,,,,,,,,,,,,,,,,,0
s9_k5op_b_s03_pos1_tap3_mc24_cpl0_rp4p87095090022_rn4p94382442661_f12370_f21100_a0_dac1p25,K5OP,B,3,0.05,1,3,24,ac,0.0,0.0,0,1.25,0,4.8709509002161315,4.943824426609955,40.0,2370.0,1100.0,,0,,,,,,,,,,,-5.067136186617915,-5.0,1.3427237323583086,1.3116030970183166,0.061603097018316566,1.3000445123219548,5.4164699123112445,4.876295570809289,True,True,,,,,,,,,,,,,,,,,,,,,,,,,,,,,0
s9_k5op_b_s03_pos1_tap3_mc250_cpl0_rp4p90639839029_rn4p94429674382_f12370_f21100_a0_dac1p25,K5OP,B,3,0.05,1,3,250,ac,0.0,0.0,0,1.25,0,4.906398390294764,4.944296743823049,40.0,2370.0,1100.0,,0,,,,,,,,,,,-4.944384820242842,-5.0,-1.1123035951431604,1.1898681076329505,-0.06013189236704952,1.2018004647682823,4.999231418403706,4.92475884481667,True,True,,,,,,,,,,,,,,,,,,,,,,,,,,,,,0
s9_k5op_b_s03_pos1_tap3_mc251_cpl0_rp4p88829184932_rn4p83881567663_f12370_f21100_a0_dac1p25,K5OP,B,3,0.05,1,3,251,ac,0.0,0.0,0,1.25,0,4.888291849315955,4.838815676632653,40.0,2370.0,1100.0,,0,,,,,,,,,,,-5.085775260713188,-5.0,1.7155052142637572,1.338095964685034,0.08809596468503389,1.3210783850012047,5.557947430153135,4.843545392047419,True,True,,,,,,,,,,,,,,,,,,,,,,,,,,,,,0
s9_k5op_b_s03_pos1_tap3_mc252_cpl0_rp4p82748749781_rn4p95954260264_f12370_f21100_a0_dac1p25,K5OP,B,3,0.05,1,3,252,ac,0.0,0.0,0,1.25,0,4.827487497808149,4.959542602643575,40.0,2370.0,1100.0,,0,,,,,,,,,,,-4.998942302023801,-5.0,-0.02115395952397847,1.1832599081733643,-0.06674009182663565,1.1968880252789003,5.010726767165156,4.9266642698562855,True,True,,,,,,,,,,,,,,,,,,,,,,,,,,,,,0
s9_k5op_b_s03_pos1_tap3_mc253_cpl0_rp4p88764588563_rn4p88894758767_f12370_f21100_a0_dac1p25,K5OP,B,3,0.05,1,3,253,ac,0.0,0.0,0,1.25,0,4.887645885627932,4.888947587665772,40.0,2370.0,1100.0,,0,,,,,,,,,,,-4.929279107320772,-5.0,-1.4144178535845597,1.259288340426247,0.009288340426246933,1.2576167552035202,5.15889204804267,4.903146254920854,True,True,,,,,,,,,,,,,,,,,,,,,,,,,,,,,0
s9_k5op_b_s03_pos1_tap3_mc254_cpl0_rp4p96697839098_rn4p94604752154_f12370_f21100_a0_dac1p25,K5OP,B,3,0.05,1,3,254,ac,0.0,0.0,0,1.25,0,4.966978390981929,4.946047521542091,40.0,2370.0,1100.0,,0,,,,,,,,,,,-4.9618806511282365,-5.0,-0.7623869774352698,1.15629688815083,-0.09370311184917002,1.174251692942992,4.820723730990311,4.927587654137155,True,True,,,,,,,,,,,,,,,,,,,,,,,,,,,,,0
s9_k5op_b_s03_pos1_tap3_mc255_cpl0_rp4p95577092362_rn4p82720877893_f12370_f21100_a0_dac1p25,K5OP,B,3,0.05,1,3,255,ac,0.0,0.0,0,1.25,0,4.955770923615263,4.827208778925075,40.0,2370.0,1100.0,,0,,,,,,,,,,,-4.93391155203482,-5.0,-1.3217689593036042,1.1932417584796178,-0.056758241520382224,1.2039864007029544,4.953709641048485,4.922166611195119,True,True,,,,,,,,,,,,,,,,,,,,,,,,,,,,,0
s9_k5op_b_s03_pos1_tap3_mc256_cpl0_rp4p96150384685_rn4p82679675165_f12370_f21100_a0_dac1p25,K5OP,B,3,0.05,1,3,256,ac,0.0,0.0,0,1.25,0,4.9615038468530726,4.82679675165486,40.0,2370.0,1100.0,,0,,,,,,,,,,,-4.8957413235994895,-5.0,-2.085173528010209,1.228741822830898,-0.021258177169102055,1.2327755993529694,5.098563861090936,4.916091037171361,True,True,,,,,,,,,,,,,,,,,,,,,,,,,,,,,0
s9_k5op_b_s03_pos1_tap3_mc257_cpl0_rp4p86717588036_rn4p88837970906_f12370_f21100_a0_dac1p25,K5OP,B,3,0.05,1,3,257,ac,0.0,0.0,0,1.25,0,4.867175880356308,4.888379709062037,40.0,2370.0,1100.0,,0,,,,,,,,,,,-4.974599633152721,-5.0,-0.5080073369455818,1.3656323431225381,0.11563234312253812,1.3431898689774047,5.673995451837863,4.748777285004359,True,True,,,,,,,,,,,,,,,,,,,,,,,,,,,,,0
s9_k5op_b_s03_pos1_tap3_mc258_cpl0_rp4p88877692796_rn4p85246225886_f12370_f21100_a0_dac1p25,K5OP,B,3,0.05,1,3,258,ac,0.0,0.0,0,1.25,0,4.8887769279612066,4.852462258858391,40.0,2370.0,1100.0,,0,,,,,,,,,,,-4.908019860011104,-5.0,-1.8396027997779285,1.3809334703446705,0.1309334703446705,1.3559976761346142,5.71177757725469,4.664302491927292,True,True,,,,,,,,,,,,,,,,,,,,,,,,,,,,,0
s9_k5op_b_s03_pos1_tap3_mc259_cpl0_rp4p9579517246_rn4p81782168776_f12370_f21100_a0_dac1p25,K5OP,B,3,0.05,1,3,259,ac,0.0,0.0,0,1.25,0,4.957951724600125,4.817821687756452,40.0,2370.0,1100.0,,0,,,,,,,,,,,-4.882748355615085,-5.0,-2.345032887698295,1.2371223811661398,-0.012877618833860183,1.2396901713523407,5.194551408970092,4.917378645630059,True,True,,,,,,,,,,,,,,,,,,,,,,,,,,,,,0
s9_k5op_b_s03_pos1_tap3_mc25_cpl0_rp4p94809069737_rn4p86893407988_f12370_f21100_a0_dac1p25,K5OP,B,3,0.05,1,3,25,ac,0.0,0.0,0,1.25,0,4.948090697367347,4.868934079880725,40.0,2370.0,1100.0,,0,,,,,,,,,,,-4.893802055206065,-5.0,-2.123958895878708,1.2538397960408774,0.0038397960408773635,1.253064887444586,5.277263140922383,4.914740079968053,True,True,,,,,,,,,,,,,,,,,,,,,,,,,,,,,0
s9_k5op_b_s03_pos1_tap3_mc260_cpl0_rp4p8152422395_rn4p80619927478_f12370_f21100_a0_dac1p25,K5OP,B,3,0.05,1,3,260,ac,0.0,0.0,0,1.25,0,4.81524223950122,4.806199274783992,40.0,2370.0,1100.0,,0,,,,,,,,,,,-4.9896645126410455,-5.0,-0.2067097471790902,1.2617734397199996,0.011773439719999557,1.259508929837445,5.24730531468318,4.908786034689995,True,True,,,,,,,,,,,,,,,,,,,,,,,,,,,,,0
s9_k5op_b_s03_pos1_tap3_mc261_cpl0_rp4p99674292571_rn4p92532545127_f12370_f21100_a0_dac1p25,K5OP,B,3,0.05,1,3,261,ac,0.0,0.0,0,1.25,0,4.996742925711324,4.925325451272178,40.0,2370.0,1100.0,,0,,,,,,,,,,,-5.004351958838971,-5.0,0.0870391767794132,1.3080016185109131,0.05800161851091312,1.2972771065892998,5.384749848592001,4.875516899144828,True,True,,,,,,,,,,,,,,,,,,,,,,,,,,,,,0
s9_k5op_b_s03_pos1_tap3_mc262_cpl0_rp4p91344335367_rn4p99383127602_f12370_f21100_a0_dac1p25,K5OP,B,3,0.05,1,3,262,ac,0.0,0.0,0,1.25,0,4.913443353669787,4.993831276024584,40.0,2370.0,1100.0,,0,,,,,,,,,,,-4.997648142252897,-5.0,-0.047037154942053405,1.1826044897927401,-0.06739551020725987,1.1960902141481025,4.981062872655658,4.925940759440449,True,True,,,,,,,,,,,,,,,,,,,,,,,,,,,,,0
s9_k5op_b_s03_pos1_tap3_mc263_cpl0_rp4p88067085141_rn4p88387044565_f12370_f21100_a0_dac1p25,K5OP,B,3,0.05,1,3,263,ac,0.0,0.0,0,1.25,0,4.880670851412191,4.883870445650321,40.0,2370.0,1100.0,,0,,,,,,,,,,,-4.933698865031699,-5.0,-1.326022699366014,1.3306916299155638,0.08069162991556378,1.3156162622062755,5.487718533844587,4.835623896424261,True,True,,,,,,,,,,,,,,,,,,,,,,,,,,,,,0
s9_k5op_b_s03_pos1_tap3_mc264_cpl0_rp4p98667603636_rn4p86889694564_f12370_f21100_a0_dac1p25,K5OP,B,3,0.05,1,3,264,ac,0.0,0.0,0,1.25,0,4.9866760363581975,4.868896945639033,40.0,2370.0,1100.0,,0,,,,,,,,,,,-4.93324684863472,-5.0,-1.3350630273055941,1.1957298974450494,-0.05427010255495057,1.2063148071157972,5.000578381740713,4.9232368239227755,True,True,,,,,,,,,,,,,,,,,,,,,,,,,,,,,0
s9_k5op_b_s03_pos1_tap3_mc265_cpl0_rp4p86689686023_rn4p86443380961_f12370_f21100_a0_dac1p25,K5OP,B,3,0.05,1,3,265,ac,0.0,0.0,0,1.25,0,4.866896860230826,4.864433809607853,40.0,2370.0,1100.0,,0,,,,,,,,,,,-5.112824923277248,-5.0,2.256498465544965,1.3184812762251752,0.06848127622517519,1.3043755186808756,5.563462880784501,4.894812063846277,True,True,,,,,,,,,,,,,,,,,,,,,,,,,,,,,0
s9_k5op_b_s03_pos1_tap3_mc266_cpl0_rp4p98984824733_rn4p98947853282_f12370_f21100_a0_dac1p25,K5OP,B,3,0.05,1,3,266,ac,0.0,0.0,0,1.25,0,4.98984824733454,4.989478532816551,40.0,2370.0,1100.0,,0,,,,,,,,,,,-5.139050112830779,-5.0,2.7810022566155723,1.4213479320710385,0.1713479320710385,1.3876572134055114,5.913314747315628,4.542531290747268,True,True,,,,,,,,,,,,,,,,,,,,,,,,,,,,,0
s9_k5op_b_s03_pos1_tap3_mc267_cpl0_rp4p90256861613_rn4p8911348467_f12370_f21100_a0_dac1p25,K5OP,B,3,0.05,1,3,267,ac,0.0,0.0,0,1.25,0,4.902568616128807,4.891134846700927,40.0,2370.0,1100.0,,0,,,,,,,,,,,-4.946610918317829,-5.0,-1.0677816336434276,1.2940926408635127,0.04409264086351272,1.2857641795390777,5.354431237942849,4.8929722483184035,True,True,,,,,,,,,,,,,,,,,,,,,,,,,,,,,0
s9_k5op_b_s03_pos1_tap3_mc268_cpl0_rp4p88868272998_rn4p83524608328_f12370_f21100_a0_dac1p25,K5OP,B,3,0.05,1,3,268,ac,0.0,0.0,0,1.25,0,4.888682729983905,4.835246083280259,40.0,2370.0,1100.0,,0,,,,,,,,,,,-5.054813719548301,-5.0,1.0962743909660233,1.2396042465028498,-0.010395753497150162,1.2417830801417504,5.2721069624573005,4.919879266372979,True,True,,,,,,,,,,,,,,,,,,,,,,,,,,,,,0
s9_k5op_b_s03_pos1_tap3_mc269_cpl0_rp4p89013787621_rn4p82028690977_f12370_f21100_a0_dac1p25,K5OP,B,3,0.05,1,3,269,ac,0.0,0.0,0,1.25,0,4.890137876206749,4.820286909772111,40.0,2370.0,1100.0,,0,,,,,,,,,,,-5.027669076013597,-5.0,0.5533815202719339,1.2946932142170826,0.04469321421708261,1.2859940191348664,5.393847589373802,4.897608887333537,True,True,,,,,,,,,,,,,,,,,,,,,,,,,,,,,0
s9_k5op_b_s03_pos1_tap3_mc26_cpl0_rp4p96840511781_rn4p83667719361_f12370_f21100_a0_dac1p25,K5OP,B,3,0.05,1,3,26,ac,0.0,0.0,0,1.25,0,4.968405117807948,4.836677193612291,40.0,2370.0,1100.0,,0,,,,,,,,,,,-5.170450559443429,-5.0,3.4090111888685826,1.3623826316245773,0.11238263162457729,1.3400423853165693,5.691584600963077,4.791614495201767,True,True,,,,,,,,,,,,,,,,,,,,,,,,,,,,,0
s9_k5op_b_s03_pos1_tap3_mc270_cpl0_rp4p85602543953_rn4p83284111694_f12370_f21100_a0_dac1p25,K5OP,B,3,0.05,1,3,270,ac,0.0,0.0,0,1.25,0,4.856025439530272,4.832841116941261,40.0,2370.0,1100.0,,0,,,,,,,,,,,-4.895141131877168,-5.0,-2.097177362456648,1.2766285346762636,0.026628534676263582,1.2714491319982006,5.320703955322152,4.905182305894389,True,True,,,,,,,,,,,,,,,,,,,,,,,,,,,,,0
s9_k5op_b_s03_pos1_tap3_mc271_cpl0_rp4p95544005807_rn4p91742540498_f12370_f21100_a0_dac1p25,K5OP,B,3,0.05,1,3,271,ac,0.0,0.0,0,1.25,0,4.955440058069738,4.917425404978769,40.0,2370.0,1100.0,,0,,,,,,,,,,,-5.027033573723028,-5.0,0.5406714744605523,1.3801523703327991,0.13015237033279914,1.3548905744339783,5.732135477327537,4.690896853691283,True,True,,,,,,,,,,,,,,,,,,,,,,,,,,,,,0
s9_k5op_b_s03_pos1_tap3_mc272_cpl0_rp4p89203969634_rn4p88601287793_f12370_f21100_a0_dac1p25,K5OP,B,3,0.05,1,3,272,ac,0.0,0.0,0,1.25,0,4.892039696343678,4.8860128779308205,40.0,2370.0,1100.0,,0,,,,,,,,,,,-4.958793026192065,-5.0,-0.8241394761586918,1.4245293995660278,0.17452939956602775,1.3920294703768443,5.859183651895844,4.4629484553676475,False,True,,,,,,,,,,,,,,,,,,,,,,,,,,,,,0
s9_k5op_b_s03_pos1_tap3_mc273_cpl0_rp4p87314728285_rn4p84524904536_f12370_f21100_a0_dac1p25,K5OP,B,3,0.05,1,3,273,ac,0.0,0.0,0,1.25,0,4.87314728285174,4.845249045357976,40.0,2370.0,1100.0,,0,,,,,,,,,,,-4.8894132131411805,-5.0,-2.21173573717639,1.3817798889892188,0.13177988898921877,1.3567006981261662,5.714297741992743,4.6600524749054335,True,True,,,,,,,,,,,,,,,,,,,,,,,,,,,,,0
s9_k5op_b_s03_pos1_tap3_mc274_cpl0_rp4p91018433355_rn4p81113553494_f12370_f21100_a0_dac1p25,K5OP,B,3,0.05,1,3,274,ac,0.0,0.0,0,1.25,0,4.910184333553857,4.811135534942751,40.0,2370.0,1100.0,,0,,,,,,,,,,,-4.9935957538513875,-5.0,-0.12808492297224916,1.4538308734612848,0.2038308734612848,1.4138131247817127,6.0413374025505675,4.410690414860314,False,True,,,,,,,,,,,,,,,,,,,,,,,,,,,,,0
s9_k5op_b_s03_pos1_tap3_mc275_cpl0_rp4p91968061208_rn4p81334763513_f12370_f21100_a0_dac1p25,K5OP,B,3,0.05,1,3,275,ac,0.0,0.0,0,1.25,0,4.919680612079673,4.813347635132701,40.0,2370.0,1100.0,,0,,,,,,,,,,,-4.958162135900057,-5.0,-0.8367572819988567,1.216954762971463,-0.03304523702853701,1.2233259442178304,5.071002124353052,4.919213264059985,True,True,,,,,,,,,,,,,,,,,,,,,,,,,,,,,0
s9_k5op_b_s03_pos1_tap3_mc276_cpl0_rp4p97496122356_rn4p97857918554_f12370_f21100_a0_dac1p25,K5OP,B,3,0.05,1,3,276,ac,0.0,0.0,0,1.25,0,4.974961223561711,4.978579185542484,40.0,2370.0,1100.0,,0,,,,,,,,,,,-4.9590590576509275,-5.0,-0.8188188469814506,1.389263975225145,0.139263975225145,1.3616896795180429,5.793964973158053,4.679839962987865,True,True,,,,,,,,,,,,,,,,,,,,,,,,,,,,,0
s9_k5op_b_s03_pos1_tap3_mc277_cpl0_rp4p95207148224_rn4p82414989704_f12370_f21100_a0_dac1p25,K5OP,B,3,0.05,1,3,277,ac,0.0,0.0,0,1.25,0,4.952071482241088,4.824149897040279,40.0,2370.0,1100.0,,0,,,,,,,,,,,-4.995782945072191,-5.0,-0.08434109855617322,1.3100651515040238,0.060065151504023806,1.2989261963247378,5.396468430603983,4.873917564240254,True,True,,,,,,,,,,,,,,,,,,,,,,,,,,,,,0
s9_k5op_b_s03_pos1_tap3_mc278_cpl0_rp4p81673972575_rn4p91947154548_f12370_f21100_a0_dac1p25,K5OP,B,3,0.05,1,3,278,ac,0.0,0.0,0,1.25,0,4.816739725753125,4.919471545478923,40.0,2370.0,1100.0,,0,,,,,,,,,,,-4.9809385266312844,-5.0,-0.38122946737431107,1.1836877552390996,-0.06631224476090036,1.1969150151648364,4.981270895839712,4.925763515494324,True,True,,,,,,,,,,,,,,,,,,,,,,,,,,,,,0
s9_k5op_b_s03_pos1_tap3_mc279_cpl0_rp4p99656962876_rn4p93923706344_f12370_f21100_a0_dac1p25,K5OP,B,3,0.05,1,3,279,ac,0.0,0.0,0,1.25,0,4.996569628759205,4.939237063439288,40.0,2370.0,1100.0,,0,,,,,,,,,,,-5.038396918007004,-5.0,0.7679383601400858,1.1748278082695423,-0.07517219173045775,1.1892918934817753,4.899987442160445,4.9254358354020855,True,True,,,,,,,,,,,,,,,,,,,,,,,,,,,,,0
s9_k5op_b_s03_pos1_tap3_mc27_cpl0_rp4p84221243785_rn4p99596913471_f12370_f21100_a0_dac1p25,K5OP,B,3,0.05,1,3,27,ac,0.0,0.0,0,1.25,0,4.842212437846862,4.995969134714784,40.0,2370.0,1100.0,,0,,,,,,,,,,,-4.998739940232921,-5.0,-0.025201195341573168,1.281671061295341,0.03167106129534103,1.275417964955347,5.359930009510032,4.9049891683304905,True,True,,,,,,,,,,,,,,,,,,,,,,,,,,,,,0
s9_k5op_b_s03_pos1_tap3_mc280_cpl0_rp4p88628711239_rn4p99181917924_f12370_f21100_a0_dac1p25,K5OP,B,3,0.05,1,3,280,ac,0.0,0.0,0,1.25,0,4.886287112390138,4.991819179244,40.0,2370.0,1100.0,,0,,,,,,,,,,,-4.935297485617607,-5.0,-1.2940502876478632,1.2663763458125366,0.016376345812536552,1.2632634492823929,5.251234294956131,4.9062891207211115,True,True,,,,,,,,,,,,,,,,,,,,,,,,,,,,,0
s9_k5op_b_s03_pos1_tap3_mc281_cpl0_rp4p96582010468_rn4p85196234501_f12370_f21100_a0_dac1p25,K5OP,B,3,0.05,1,3,281,ac,0.0,0.0,0,1.25,0,4.965820104684439,4.851962345011119,40.0,2370.0,1100.0,,0,,,,,,,,,,,-5.027121396958822,-5.0,0.5424279391764486,1.4570307648961502,0.20703076489615024,1.4147533181826428,6.1058875511013735,4.449641431932183,False,True,,,,,,,,,,,,,,,,,,,,,,,,,,,,,0
s9_k5op_b_s03_pos1_tap3_mc282_cpl0_rp4p91440963991_rn4p90249827447_f12370_f21100_a0_dac1p25,K5OP,B,3,0.05,1,3,282,ac,0.0,0.0,0,1.25,0,4.9144096399146555,4.902498274473063,40.0,2370.0,1100.0,,0,,,,,,,,,,,-5.08581676926223,-5.0,1.716335385244605,1.2937085446974095,0.04370854469740948,1.2846596000637587,5.4713721478217945,4.90621773085656,True,True,,,,,,,,,,,,,,,,,,,,,,,,,,,,,0
s9_k5op_b_s03_pos1_tap3_mc283_cpl0_rp4p86388330479_rn4p80711897752_f12370_f21100_a0_dac1p25,K5OP,B,3,0.05,1,3,283,ac,0.0,0.0,0,1.25,0,4.863883304787585,4.807118977521,40.0,2370.0,1100.0,,0,,,,,,,,,,,-5.057802950095613,-5.0,1.1560590019122685,1.4105944241270199,0.16059442412701985,1.379221034858169,5.862089658062214,4.577334265046067,True,True,,,,,,,,,,,,,,,,,,,,,,,,,,,,,0
s9_k5op_b_s03_pos1_tap3_mc284_cpl0_rp4p87305197018_rn4p87796273137_f12370_f21100_a0_dac1p25,K5OP,B,3,0.05,1,3,284,ac,0.0,0.0,0,1.25,0,4.873051970181386,4.8779627313650185,40.0,2370.0,1100.0,,0,,,,,,,,,,,-5.046818038922485,-5.0,0.9363607784496963,1.34334478502126,0.09334478502126009,1.3254881959647502,5.566881144987107,4.817308004012667,True,True,,,,,,,,,,,,,,,,,,,,,,,,,,,,,0
s9_k5op_b_s03_pos1_tap3_mc285_cpl0_rp4p94436651477_rn4p99774297282_f12370_f21100_a0_dac1p25,K5OP,B,3,0.05,1,3,285,ac,0.0,0.0,0,1.25,0,4.9443665147688325,4.997742972819162,40.0,2370.0,1100.0,,0,,,,,,,,,,,-5.089397891507863,-5.0,1.7879578301572607,1.4091352901503986,0.15913529015039862,1.3761484832092585,5.9348071534085065,4.661718144873201,True,True,,,,,,,,,,,,,,,,,,,,,,,,,,,,,0
s9_k5op_b_s03_pos1_tap3_mc286_cpl0_rp4p9239685101_rn4p89417343446_f12370_f21100_a0_dac1p25,K5OP,B,3,0.05,1,3,286,ac,0.0,0.0,0,1.25,0,4.9239685101041575,4.894173434460581,40.0,2370.0,1100.0,,0,,,,,,,,,,,-5.155084182622449,-5.0,3.1016836524489833,1.381579248199127,0.13157924819912692,1.3552178671610449,5.778588848776472,4.725886391524361,True,True,,,,,,,,,,,,,,,,,,,,,,,,,,,,,0
s9_k5op_b_s03_pos1_tap3_mc287_cpl0_rp4p81787448104_rn4p97519879239_f12370_f21100_a0_dac1p25,K5OP,B,3,0.05,1,3,287,ac,0.0,0.0,0,1.25,0,4.817874481037555,4.975198792386667,40.0,2370.0,1100.0,,0,,,,,,,,,,,-4.939023890175864,-5.0,-1.219522196482714,1.3602765132995027,0.11027651329950272,1.339191101122149,5.634015996347458,4.7516268300521505,True,True,,,,,,,,,,,,,,,,,,,,,,,,,,,,,0
s9_k5op_b_s03_pos1_tap3_mc288_cpl0_rp4p96893330957_rn4p92910243027_f12370_f21100_a0_dac1p25,K5OP,B,3,0.05,1,3,288,ac,0.0,0.0,0,1.25,0,4.9689333095693735,4.929102430269127,40.0,2370.0,1100.0,,0,,,,,,,,,,,-4.940711073571746,-5.0,-1.1857785285650735,1.1453458546475592,-0.10465414535244077,1.1657842958766627,4.800688001457329,4.929417323218242,True,True,,,,,,,,,,,,,,,,,,,,,,,,,,,,,0
s9_k5op_b_s03_pos1_tap3_mc289_cpl0_rp4p80903046599_rn4p88305635389_f12370_f21100_a0_dac1p25,K5OP,B,3,0.05,1,3,289,ac,0.0,0.0,0,1.25,0,4.809030465986894,4.883056353894581,40.0,2370.0,1100.0,,0,,,,,,,,,,,-5.109850137368754,-5.0,2.1970027473750875,1.1726845402657329,-0.07731545973426712,1.1876851335530425,4.901772853084763,4.926014624033389,True,True,,,,,,,,,,,,,,,,,,,,,,,,,,,,,0
s9_k5op_b_s03_pos1_tap3_mc28_cpl0_rp4p96950778313_rn4p90427093524_f12370_f21100_a0_dac1p25,K5OP,B,3,0.05,1,3,28,ac,0.0,0.0,0,1.25,0,4.969507783131816,4.904270935236131,40.0,2370.0,1100.0,,0,,,,,,,,,,,-4.954844477907505,-5.0,-0.903110441849897,1.246549549726359,-0.0034504502736409925,1.2472045169657662,5.1702365106473795,4.911927487733742,True,True,,,,,,,,,,,,,,,,,,,,,,,,,,,,,0
s9_k5op_b_s03_pos1_tap3_mc290_cpl0_rp4p85100514753_rn4p88882970306_f12370_f21100_a0_dac1p25,K5OP,B,3,0.05,1,3,290,ac,0.0,0.0,0,1.25,0,4.85100514752832,4.8888297030556735,40.0,2370.0,1100.0,,0,,,,,,,,,,,-5.074230431176163,-5.0,1.4846086235232647,1.2512579232467564,0.0012579232467564427,1.2510242077751537,5.163435841584635,4.908895146996,True,True,,,,,,,,,,,,,,,,,,,,,,,,,,,,,0
s9_k5op_b_s03_pos1_tap3_mc291_cpl0_rp4p87694019521_rn4p8306926344_f12370_f21100_a0_dac1p25,K5OP,B,3,0.05,1,3,291,ac,0.0,0.0,0,1.25,0,4.876940195209088,4.830692634401663,40.0,2370.0,1100.0,,0,,,,,,,,,,,-5.020858122442018,-5.0,0.417162448840358,1.1938395713787096,-0.05616042862129045,1.2051100486503414,5.029848279770592,4.92468411991804,True,True,,,,,,,,,,,,,,,,,,,,,,,,,,,,,0
s9_k5op_b_s03_pos1_tap3_mc292_cpl0_rp4p89265193245_rn4p83600217757_f12370_f21100_a0_dac1p25,K5OP,B,3,0.05,1,3,292,ac,0.0,0.0,0,1.25,0,4.8926519324505735,4.836002177568029,40.0,2370.0,1100.0,,0,,,,,,,,,,,-5.027984856744938,-5.0,0.5596971348987623,1.21074679143285,-0.03925320856714998,1.2189689705331488,5.155845901475283,4.924193635699198,True,True,,,,,,,,,,,,,,,,,,,,,,,,,,,,,0
s9_k5op_b_s03_pos1_tap3_mc293_cpl0_rp4p92492418595_rn4p89121378688_f12370_f21100_a0_dac1p25,K5OP,B,3,0.05,1,3,293,ac,0.0,0.0,0,1.25,0,4.924924185946928,4.891213786876586,40.0,2370.0,1100.0,,0,,,,,,,,,,,-5.018708258864413,-5.0,0.3741651772882548,1.2264754940505034,-0.02352450594949662,1.231039299675819,5.116834236014016,4.917782227018412,True,True,,,,,,,,,,,,,,,,,,,,,,,,,,,,,0
s9_k5op_b_s03_pos1_tap3_mc294_cpl0_rp4p88144653138_rn4p96123606146_f12370_f21100_a0_dac1p25,K5OP,B,3,0.05,1,3,294,ac,0.0,0.0,0,1.25,0,4.881446531383991,4.961236061463274,40.0,2370.0,1100.0,,0,,,,,,,,,,,-4.955191612569632,-5.0,-0.8961677486073683,1.3137462407304294,0.06374624073042945,1.3018825817559074,5.415372168157155,4.870327383568699,True,True,,,,,,,,,,,,,,,,,,,,,,,,,,,,,0
s9_k5op_b_s03_pos1_tap3_mc295_cpl0_rp4p9067341631_rn4p86006960624_f12370_f21100_a0_dac1p25,K5OP,B,3,0.05,1,3,295,ac,0.0,0.0,0,1.25,0,4.906734163100417,4.860069606237508,40.0,2370.0,1100.0,,0,,,,,,,,,,,-4.902856128417232,-5.0,-1.9428774316553543,1.2861670615736347,0.036167061573634696,1.27917369016869,5.351471284614428,4.900755678470837,True,True,,,,,,,,,,,,,,,,,,,,,,,,,,,,,0
s9_k5op_b_s03_pos1_tap3_mc296_cpl0_rp4p92067480854_rn4p84523268671_f12370_f21100_a0_dac1p25,K5OP,B,3,0.05,1,3,296,ac,0.0,0.0,0,1.25,0,4.920674808541191,4.845232686707793,40.0,2370.0,1100.0,,0,,,,,,,,,,,-4.892382589106292,-5.0,-2.152348217874156,1.1290225458582774,-0.12097745414172256,1.1536917182828155,4.791911725836551,4.9322759666759985,True,True,,,,,,,,,,,,,,,,,,,,,,,,,,,,,0
s9_k5op_b_s03_pos1_tap3_mc297_cpl0_rp4p87105347092_rn4p98739239032_f12370_f21100_a0_dac1p25,K5OP,B,3,0.05,1,3,297,ac,0.0,0.0,0,1.25,0,4.8710534709176745,4.987392390316434,40.0,2370.0,1100.0,,0,,,,,,,,,,,-4.8830052901054355,-5.0,-2.33989419789129,1.2850822942579887,0.0350822942579887,1.2782588178156433,5.354476380386608,4.901950411647766,True,True,,,,,,,,,,,,,,,,,,,,,,,,,,,,,0
s9_k5op_b_s03_pos1_tap3_mc298_cpl0_rp4p86118575176_rn4p86699901285_f12370_f21100_a0_dac1p25,K5OP,B,3,0.05,1,3,298,ac,0.0,0.0,0,1.25,0,4.861185751759431,4.866999012846953,40.0,2370.0,1100.0,,0,,,,,,,,,,,-4.851144314618416,-5.0,-2.9771137076316734,1.1893520982405557,-0.060647901759444345,1.200312880118077,4.883911760334307,4.920782130993282,True,True,,,,,,,,,,,,,,,,,,,,,,,,,,,,,0
s9_k5op_b_s03_pos1_tap3_mc299_cpl0_rp4p90416621044_rn4p82388538802_f12370_f21100_a0_dac1p25,K5OP,B,3,0.05,1,3,299,ac,0.0,0.0,0,1.25,0,4.90416621044304,4.823885388018154,40.0,2370.0,1100.0,,0,,,,,,,,,,,-4.83452228990755,-5.0,-3.3095542018489965,1.432654059201241,0.1826540592012409,1.3968527680467924,5.954535805012794,4.493303331402867,False,True,,,,,,,,,,,,,,,,,,,,,,,,,,,,,0
s9_k5op_b_s03_pos1_tap3_mc29_cpl0_rp4p85078460467_rn4p80797514988_f12370_f21100_a0_dac1p25,K5OP,B,3,0.05,1,3,29,ac,0.0,0.0,0,1.25,0,4.850784604666872,4.8079751498766194,40.0,2370.0,1100.0,,0,,,,,,,,,,,-4.902624558752677,-5.0,-1.9475088249464534,1.146531070609057,-0.10346892939094299,1.166336257912357,4.780363657797686,4.928630585958834,True,True,,,,,,,,,,,,,,,,,,,,,,,,,,,,,0
s9_k5op_b_s03_pos1_tap3_mc2_cpl0_rp4p98200254129_rn4p81433455753_f12370_f21100_a0_dac1p25,K5OP,B,3,0.05,1,3,2,ac,0.0,0.0,0,1.25,0,4.982002541288809,4.814334557529274,40.0,2370.0,1100.0,,0,,,,,,,,,,,-4.959209856649993,-5.0,-0.8158028670001372,1.3058303274106036,0.055830327410603564,1.2952624105926362,5.403941874352244,4.884855564749459,True,True,,,,,,,,,,,,,,,,,,,,,,,,,,,,,0
s9_k5op_b_s03_pos1_tap3_mc300_cpl0_rp4p81684727174_rn4p82551800787_f12370_f21100_a0_dac1p25,K5OP,B,3,0.05,1,3,300,ac,0.0,0.0,0,1.25,0,4.816847271740415,4.82551800787176,40.0,2370.0,1100.0,,0,,,,,,,,,,,-5.059026783004628,-5.0,1.180535660092552,1.2436937389870872,-0.006306261012912762,1.244897031832156,5.165145615348482,4.913085851904648,True,True,,,,,,,,,,,,,,,,,,,,,,,,,,,,,0
s9_k5op_b_s03_pos1_tap3_mc301_cpl0_rp4p85482141735_rn4p83460072682_f12370_f21100_a0_dac1p25,K5OP,B,3,0.05,1,3,301,ac,0.0,0.0,0,1.25,0,4.854821417348775,4.834600726821064,40.0,2370.0,1100.0,,0,,,,,,,,,,,-5.007897010501194,-5.0,0.15794021002388803,1.263989974315336,0.013989974315335996,1.2613069115151991,5.252594897492708,4.907902061983109,True,True,,,,,,,,,,,,,,,,,,,,,,,,,,,,,0
s9_k5op_b_s03_pos1_tap3_mc302_cpl0_rp4p8218068001_rn4p96010867454_f12370_f21100_a0_dac1p25,K5OP,B,3,0.05,1,3,302,ac,0.0,0.0,0,1.25,0,4.821806800096206,4.960108674539765,40.0,2370.0,1100.0,,0,,,,,,,,,,,-5.064127743183322,-5.0,1.2825548636664408,1.1462855605607918,-0.10371443943920822,1.1674609219360688,4.862650252537083,4.930722841450113,True,True,,,,,,,,,,,,,,,,,,,,,,,,,,,,,0
s9_k5op_b_s03_pos1_tap3_mc303_cpl0_rp4p85285258319_rn4p96337075079_f12370_f21100_a0_dac1p25,K5OP,B,3,0.05,1,3,303,ac,0.0,0.0,0,1.25,0,4.852852583191121,4.963370750787262,40.0,2370.0,1100.0,,0,,,,,,,,,,,-5.039505527811183,-5.0,0.7901105562236665,1.3098050680946909,0.05980506809469088,1.2980652576932281,5.465059018543361,4.8903800769161485,True,True,,,,,,,,,,,,,,,,,,,,,,,,,,,,,0
s9_k5op_b_s03_pos1_tap3_mc304_cpl0_rp4p92094634383_rn4p86088210914_f12370_f21100_a0_dac1p25,K5OP,B,3,0.05,1,3,304,ac,0.0,0.0,0,1.25,0,4.9209463438299474,4.860882109135308,40.0,2370.0,1100.0,,0,,,,,,,,,,,-4.997483277771719,-5.0,-0.05033444456561398,1.3755008441819445,0.12550084418194452,1.3507035359889408,5.736214274962167,4.732122019257524,True,True,,,,,,,,,,,,,,,,,,,,,,,,,,,,,0
s9_k5op_b_s03_pos1_tap3_mc305_cpl0_rp4p97839483225_rn4p8682588316_f12370_f21100_a0_dac1p25,K5OP,B,3,0.05,1,3,305,ac,0.0,0.0,0,1.25,0,4.978394832248415,4.868258831598659,40.0,2370.0,1100.0,,0,,,,,,,,,,,-5.056946029956988,-5.0,1.1389205991397588,1.2825378977203221,0.03253789772032212,1.2759548442736217,5.395418027646436,4.907345997542196,True,True,,,,,,,,,,,,,,,,,,,,,,,,,,,,,0
s9_k5op_b_s03_pos1_tap3_mc306_cpl0_rp4p87490229678_rn4p91103944073_f12370_f21100_a0_dac1p25,K5OP,B,3,0.05,1,3,306,ac,0.0,0.0,0,1.25,0,4.874902296777043,4.911039440734405,40.0,2370.0,1100.0,,0,,,,,,,,,,,-4.966526336609212,-5.0,-0.6694732678157678,1.2808405768112785,0.030840576811278497,1.275174016738918,5.268763772205409,4.895905449037166,True,True,,,,,,,,,,,,,,,,,,,,,,,,,,,,,0
s9_k5op_b_s03_pos1_tap3_mc307_cpl0_rp4p87833686804_rn4p96320569423_f12370_f21100_a0_dac1p25,K5OP,B,3,0.05,1,3,307,ac,0.0,0.0,0,1.25,0,4.878336868035609,4.963205694230483,40.0,2370.0,1100.0,,0,,,,,,,,,,,-5.065716281224875,-5.0,1.3143256244974921,1.3634168326468439,0.11341683264684388,1.3408648590517083,5.696075694921561,4.787964084269589,True,True,,,,,,,,,,,,,,,,,,,,,,,,,,,,,0
s9_k5op_b_s03_pos1_tap3_mc308_cpl0_rp4p93235483041_rn4p88495127237_f12370_f21100_a0_dac1p25,K5OP,B,3,0.05,1,3,308,ac,0.0,0.0,0,1.25,0,4.932354830405883,4.884951272365861,40.0,2370.0,1100.0,,0,,,,,,,,,,,-4.966517349623167,-5.0,-0.6696530075366525,1.3031870736319047,0.05318707363190467,1.2927961906378802,5.43250514494575,4.893687159883649,True,True,,,,,,,,,,,,,,,,,,,,,,,,,,,,,0
s9_k5op_b_s03_pos1_tap3_mc309_cpl0_rp4p97100834128_rn4p89161582944_f12370_f21100_a0_dac1p25,K5OP,B,3,0.05,1,3,309,ac,0.0,0.0,0,1.25,0,4.9710083412809585,4.891615829444031,40.0,2370.0,1100.0,,0,,,,,,,,,,,-5.0066586793582335,-5.0,0.13317358716466998,1.3579178021981448,0.10791780219814484,1.3367537304868415,5.656285374529052,4.7920203888045005,True,True,,,,,,,,,,,,,,,,,,,,,,,,,,,,,0
s9_k5op_b_s03_pos1_tap3_mc30_cpl0_rp4p83594831187_rn4p89289841018_f12370_f21100_a0_dac1p25,K5OP,B,3,0.05,1,3,30,ac,0.0,0.0,0,1.25,0,4.835948311874664,4.892898410183164,40.0,2370.0,1100.0,,0,,,,,,,,,,,-4.9300628764801235,-5.0,-1.3987424703975293,1.4410791224652304,0.1910791224652304,1.4036272154821976,5.988210653633438,4.459577673911621,False,True,,,,,,,,,,,,,,,,,,,,,,,,,,,,,0
s9_k5op_b_s03_pos1_tap3_mc310_cpl0_rp4p91915065957_rn4p88698581371_f12370_f21100_a0_dac1p25,K5OP,B,3,0.05,1,3,310,ac,0.0,0.0,0,1.25,0,4.919150659565614,4.8869858137088515,40.0,2370.0,1100.0,,0,,,,,,,,,,,-5.023323647292299,-5.0,0.466472945845986,1.2945769175697701,0.044576917569770114,1.286322831235383,5.332725633453686,4.888671743593865,True,True,,,,,,,,,,,,,,,,,,,,,,,,,,,,,0
s9_k5op_b_s03_pos1_tap3_mc311_cpl0_rp4p97950094251_rn4p81502723685_f12370_f21100_a0_dac1p25,K5OP,B,3,0.05,1,3,311,ac,0.0,0.0,0,1.25,0,4.979500942505569,4.815027236851347,40.0,2370.0,1100.0,,0,,,,,,,,,,,-5.0042702609562895,-5.0,0.08540521912578924,1.3986049972239059,0.14860499722390585,1.3695795846323062,5.8138810721533165,4.625040140739449,True,True,,,,,,,,,,,,,,,,,,,,,,,,,,,,,0
s9_k5op_b_s03_pos1_tap3_mc312_cpl0_rp4p85421677397_rn4p93578066086_f12370_f21100_a0_dac1p25,K5OP,B,3,0.05,1,3,312,ac,0.0,0.0,0,1.25,0,4.854216773966086,4.93578066086069,40.0,2370.0,1100.0,,0,,,,,,,,,,,-4.9144917180667935,-5.0,-1.7101656386641295,1.3071273221012265,0.05712732210122651,1.296007972108622,5.443578369447719,4.890390844729655,True,True,,,,,,,,,,,,,,,,,,,,,,,,,,,,,0
s9_k5op_b_s03_pos1_tap3_mc313_cpl0_rp4p98338584299_rn4p91619498451_f12370_f21100_a0_dac1p25,K5OP,B,3,0.05,1,3,313,ac,0.0,0.0,0,1.25,0,4.983385842985257,4.916194984507036,40.0,2370.0,1100.0,,0,,,,,,,,,,,-5.013547629783011,-5.0,0.2709525956602121,1.4339333379073727,0.18393333790737265,1.3976486229857665,5.967885224019634,4.49641852076064,False,True,,,,,,,,,,,,,,,,,,,,,,,,,,,,,0
s9_k5op_b_s03_pos1_tap3_mc314_cpl0_rp4p89178270321_rn4p94014608917_f12370_f21100_a0_dac1p25,K5OP,B,3,0.05,1,3,314,ac,0.0,0.0,0,1.25,0,4.891782703214047,4.940146089174542,40.0,2370.0,1100.0,,0,,,,,,,,,,,-5.049954036513871,-5.0,0.999080730277413,1.155683405675995,-0.09431659432400497,1.1746417132799882,4.879351221145528,4.929184373359517,True,True,,,,,,,,,,,,,,,,,,,,,,,,,,,,,0
s9_k5op_b_s03_pos1_tap3_mc315_cpl0_rp4p95978440736_rn4p8024986592_f12370_f21100_a0_dac1p25,K5OP,B,3,0.05,1,3,315,ac,0.0,0.0,0,1.25,0,4.959784407358611,4.802498659200176,40.0,2370.0,1100.0,,0,,,,,,,,,,,-5.027849869002621,-5.0,0.5569973800524153,1.2702721716733543,0.020272171673354267,1.2664315051113084,5.262788138526464,4.904563359457584,True,True,,,,,,,,,,,,,,,,,,,,,,,,,,,,,0
s9_k5op_b_s03_pos1_tap3_mc316_cpl0_rp4p8583602032_rn4p98732433574_f12370_f21100_a0_dac1p25,K5OP,B,3,0.05,1,3,316,ac,0.0,0.0,0,1.25,0,4.858360203204931,4.987324335735985,40.0,2370.0,1100.0,,0,,,,,,,,,,,-5.104448404767314,-5.0,2.0889680953462886,1.3993020708704809,0.14930207087048086,1.3706575241618988,5.794303964100866,4.599887393284787,True,True,,,,,,,,,,,,,,,,,,,,,,,,,,,,,0
s9_k5op_b_s03_pos1_tap3_mc317_cpl0_rp4p82552376357_rn4p82055786459_f12370_f21100_a0_dac1p25,K5OP,B,3,0.05,1,3,317,ac,0.0,0.0,0,1.25,0,4.82552376357094,4.820557864589539,40.0,2370.0,1100.0,,0,,,,,,,,,,,-5.084430070305235,-5.0,1.688601406104695,1.3715411672171474,0.12154116721714736,1.3482756653194192,5.680460740565923,4.708095399206784,True,True,,,,,,,,,,,,,,,,,,,,,,,,,,,,,0
s9_k5op_b_s03_pos1_tap3_mc318_cpl0_rp4p84069031269_rn4p98513015361_f12370_f21100_a0_dac1p25,K5OP,B,3,0.05,1,3,318,ac,0.0,0.0,0,1.25,0,4.840690312693934,4.985130153606704,40.0,2370.0,1100.0,,0,,,,,,,,,,,-5.0759991221993594,-5.0,1.519982443987189,1.2921777557912557,0.04217775579125571,1.283706157477977,5.424325652006894,4.903078238901395,True,True,,,,,,,,,,,,,,,,,,,,,,,,,,,,,0
s9_k5op_b_s03_pos1_tap3_mc319_cpl0_rp4p96200176157_rn4p84345370776_f12370_f21100_a0_dac1p25,K5OP,B,3,0.05,1,3,319,ac,0.0,0.0,0,1.25,0,4.962001761568163,4.843453707764987,40.0,2370.0,1100.0,,0,,,,,,,,,,,-5.017704283859725,-5.0,0.35408567719450446,1.0844439968318118,-0.1655560031681882,1.116822355612453,4.558886606186,4.934989611801321,True,True,,,,,,,,,,,,,,,,,,,,,,,,,,,,,0
s9_k5op_b_s03_pos1_tap3_mc31_cpl0_rp4p91238377778_rn4p90702706778_f12370_f21100_a0_dac1p25,K5OP,B,3,0.05,1,3,31,ac,0.0,0.0,0,1.25,0,4.91238377777619,4.907027067784478,40.0,2370.0,1100.0,,0,,,,,,,,,,,-5.03127091693889,-5.0,0.6254183387778056,1.2493948452511616,-0.0006051547488383768,1.2495200276312302,5.292988263880851,4.917235024246332,True,True,,,,,,,,,,,,,,,,,,,,,,,,,,,,,0
s9_k5op_b_s03_pos1_tap3_mc320_cpl0_rp4p94079104441_rn4p85031532654_f12370_f21100_a0_dac1p25,K5OP,B,3,0.05,1,3,320,ac,0.0,0.0,0,1.25,0,4.94079104441064,4.850315326540354,40.0,2370.0,1100.0,,0,,,,,,,,,,,-4.97673642323071,-5.0,-0.4652715353858028,1.1696117240263098,-0.08038827597369025,1.1847542102096609,4.853198557085342,4.925336020460685,True,True,,,,,,,,,,,,,,,,,,,,,,,,,,,,,0
s9_k5op_b_s03_pos1_tap3_mc321_cpl0_rp4p84593878108_rn4p95414659732_f12370_f21100_a0_dac1p25,K5OP,B,3,0.05,1,3,321,ac,0.0,0.0,0,1.25,0,4.84593878108377,4.954146597320956,40.0,2370.0,1100.0,,0,,,,,,,,,,,-5.0545542923474684,-5.0,1.091085846949369,1.2726187411639431,0.022618741163943135,1.2685235541529094,5.219010887317506,4.8979716696268065,True,True,,,,,,,,,,,,,,,,,,,,,,,,,,,,,0
s9_k5op_b_s03_pos1_tap3_mc322_cpl0_rp4p88794486298_rn4p92582512111_f12370_f21100_a0_dac1p25,K5OP,B,3,0.05,1,3,322,ac,0.0,0.0,0,1.25,0,4.887944862983555,4.925825121113205,40.0,2370.0,1100.0,,0,,,,,,,,,,,-5.107105216502372,-5.0,2.142104330047445,1.4456545945626316,0.19565459456263157,1.4079791109018915,5.984251002157526,4.41901424565641,False,True,,,,,,,,,,,,,,,,,,,,,,,,,,,,,0
s9_k5op_b_s03_pos1_tap3_mc323_cpl0_rp4p90553250384_rn4p94125211623_f12370_f21100_a0_dac1p25,K5OP,B,3,0.05,1,3,323,ac,0.0,0.0,0,1.25,0,4.905532503835353,4.941252116231823,40.0,2370.0,1100.0,,0,,,,,,,,,,,-5.012843609447426,-5.0,0.2568721889485204,1.443800980471423,0.1938009804714229,1.406810671991927,5.965948324931043,4.41554048115966,False,True,,,,,,,,,,,,,,,,,,,,,,,,,,,,,0
s9_k5op_b_s03_pos1_tap3_mc324_cpl0_rp4p92711695148_rn4p94017579379_f12370_f21100_a0_dac1p25,K5OP,B,3,0.05,1,3,324,ac,0.0,0.0,0,1.25,0,4.927116951481417,4.940175793790639,40.0,2370.0,1100.0,,0,,,,,,,,,,,-5.049305474659871,-5.0,0.9861094931974179,1.1765076685092801,-0.07349233149071988,1.1906943557482432,4.910725710329194,4.925340619093243,True,True,,,,,,,,,,,,,,,,,,,,,,,,,,,,,0
s9_k5op_b_s03_pos1_tap3_mc325_cpl0_rp4p97719083858_rn4p83856473353_f12370_f21100_a0_dac1p25,K5OP,B,3,0.05,1,3,325,ac,0.0,0.0,0,1.25,0,4.977190838577252,4.83856473352589,40.0,2370.0,1100.0,,0,,,,,,,,,,,-5.114632258277796,-5.0,2.2926451655559177,1.1523427723031021,-0.09765722769689789,1.1706101597427443,4.7757797253543615,4.927188146222616,True,True,,,,,,,,,,,,,,,,,,,,,,,,,,,,,0
s9_k5op_b_s03_pos1_tap3_mc326_cpl0_rp4p80220230232_rn4p9260628808_f12370_f21100_a0_dac1p25,K5OP,B,3,0.05,1,3,326,ac,0.0,0.0,0,1.25,0,4.802202302320365,4.9260628807986935,40.0,2370.0,1100.0,,0,,,,,,,,,,,-5.095914274349855,-5.0,1.9182854869971067,1.269808784607131,0.01980878460713109,1.265988426847067,5.282804954630098,4.906522315691092,True,True,,,,,,,,,,,,,,,,,,,,,,,,,,,,,0
s9_k5op_b_s03_pos1_tap3_mc327_cpl0_rp4p98419978995_rn4p98528530742_f12370_f21100_a0_dac1p25,K5OP,B,3,0.05,1,3,327,ac,0.0,0.0,0,1.25,0,4.984199789948746,4.985285307417603,40.0,2370.0,1100.0,,0,,,,,,,,,,,-4.936548929493911,-5.0,-1.2690214101217734,1.3669468595704466,0.11694685957044659,1.3449940045218505,5.638395969506465,4.702791332553844,True,True,,,,,,,,,,,,,,,,,,,,,,,,,,,,,0
s9_k5op_b_s03_pos1_tap3_mc328_cpl0_rp4p90300382731_rn4p86494179242_f12370_f21100_a0_dac1p25,K5OP,B,3,0.05,1,3,328,ac,0.0,0.0,0,1.25,0,4.903003827305519,4.864941792415385,40.0,2370.0,1100.0,,0,,,,,,,,,,,-4.9447655372605315,-5.0,-1.1046892547893705,1.3912750624907981,0.14127506249079813,1.363259933352309,5.803980804622265,4.673769712525723,True,True,,,,,,,,,,,,,,,,,,,,,,,,,,,,,0
s9_k5op_b_s03_pos1_tap3_mc329_cpl0_rp4p99221349543_rn4p95927698213_f12370_f21100_a0_dac1p25,K5OP,B,3,0.05,1,3,329,ac,0.0,0.0,0,1.25,0,4.992213495431391,4.9592769821292695,40.0,2370.0,1100.0,,0,,,,,,,,,,,-5.0129908649898525,-5.0,0.2598172997970494,1.3146364868441731,0.06463648684417311,1.302549792879462,5.424565257258335,4.871047984844552,True,True,,,,,,,,,,,,,,,,,,,,,,,,,,,,,0
s9_k5op_b_s03_pos1_tap3_mc32_cpl0_rp4p96050602795_rn4p96200633114_f12370_f21100_a0_dac1p25,K5OP,B,3,0.05,1,3,32,ac,0.0,0.0,0,1.25,0,4.9605060279521584,4.962006331137889,40.0,2370.0,1100.0,,0,,,,,,,,,,,-4.931990567483613,-5.0,-1.3601886503277427,1.3814047452389873,0.13140474523898726,1.3560052070617585,5.731966341631306,4.680714770246583,True,True,,,,,,,,,,,,,,,,,,,,,,,,,,,,,0
s9_k5op_b_s03_pos1_tap3_mc330_cpl0_rp4p91558154065_rn4p96510370256_f12370_f21100_a0_dac1p25,K5OP,B,3,0.05,1,3,330,ac,0.0,0.0,0,1.25,0,4.915581540647153,4.965103702564974,40.0,2370.0,1100.0,,0,,,,,,,,,,,-4.8801758536196616,-5.0,-2.396482927606769,1.2827347598878376,0.03273475988783758,1.2763719922665748,5.344272569275036,4.902770225123044,True,True,,,,,,,,,,,,,,,,,,,,,,,,,,,,,0
s9_k5op_b_s03_pos1_tap3_mc331_cpl0_rp4p97558872925_rn4p83245917806_f12370_f21100_a0_dac1p25,K5OP,B,3,0.05,1,3,331,ac,0.0,0.0,0,1.25,0,4.975588729248402,4.832459178060731,40.0,2370.0,1100.0,,0,,,,,,,,,,,-5.005406335377716,-5.0,0.10812670755431242,1.3376367742306943,0.08763677423069427,1.320373140350865,5.580872899263236,4.859242018764689,True,True,,,,,,,,,,,,,,,,,,,,,,,,,,,,,0
s9_k5op_b_s03_pos1_tap3_mc332_cpl0_rp4p90246655749_rn4p86125622139_f12370_f21100_a0_dac1p25,K5OP,B,3,0.05,1,3,332,ac,0.0,0.0,0,1.25,0,4.902466557485988,4.861256221385882,40.0,2370.0,1100.0,,0,,,,,,,,,,,-4.877894234467828,-5.0,-2.4421153106434446,1.2672527872921275,0.017252787292127536,1.2641099089698722,5.204530221733803,4.90132109258604,True,True,,,,,,,,,,,,,,,,,,,,,,,,,,,,,0
s9_k5op_b_s03_pos1_tap3_mc333_cpl0_rp4p82998402142_rn4p83369798188_f12370_f21100_a0_dac1p25,K5OP,B,3,0.05,1,3,333,ac,0.0,0.0,0,1.25,0,4.829984021423327,4.83369798188037,40.0,2370.0,1100.0,,0,,,,,,,,,,,-4.9373371101471,-5.0,-1.253257797058005,1.1106585324352694,-0.13934146756473065,1.1375205084560498,4.645664084257431,4.932403336831753,True,True,,,,,,,,,,,,,,,,,,,,,,,,,,,,,0
s9_k5op_b_s03_pos1_tap3_mc334_cpl0_rp4p9407138088_rn4p89653783335_f12370_f21100_a0_dac1p25,K5OP,B,3,0.05,1,3,334,ac,0.0,0.0,0,1.25,0,4.940713808798093,4.896537833346362,40.0,2370.0,1100.0,,0,,,,,,,,,,,-4.9811409434110665,-5.0,-0.37718113177866996,1.339832276036959,0.08983227603695898,1.322406425094287,5.570131306629781,4.8424167961981235,True,True,,,,,,,,,,,,,,,,,,,,,,,,,,,,,0
s9_k5op_b_s03_pos1_tap3_mc335_cpl0_rp4p90257119724_rn4p88311731641_f12370_f21100_a0_dac1p25,K5OP,B,3,0.05,1,3,335,ac,0.0,0.0,0,1.25,0,4.902571197242816,4.883117316405052,40.0,2370.0,1100.0,,0,,,,,,,,,,,-5.0485818470793475,-5.0,0.9716369415869508,1.2719019954543844,0.021901995454384426,1.267836358875835,5.2449599698990585,4.901558632097825,True,True,,,,,,,,,,,,,,,,,,,,,,,,,,,,,0
s9_k5op_b_s03_pos1_tap3_mc336_cpl0_rp4p81947198874_rn4p819389373_f12370_f21100_a0_dac1p25,K5OP,B,3,0.05,1,3,336,ac,0.0,0.0,0,1.25,0,4.819471988738018,4.819389372999971,40.0,2370.0,1100.0,,0,,,,,,,,,,,-5.047761551523866,-5.0,0.9552310304773215,1.1636438757178942,-0.08635612428210582,1.1804147490104437,4.8668254671527205,4.9271929377390045,True,True,,,,,,,,,,,,,,,,,,,,,,,,,,,,,0
s9_k5op_b_s03_pos1_tap3_mc337_cpl0_rp4p95491820271_rn4p96581853132_f12370_f21100_a0_dac1p25,K5OP,B,3,0.05,1,3,337,ac,0.0,0.0,0,1.25,0,4.954918202712485,4.96581853132089,40.0,2370.0,1100.0,,0,,,,,,,,,,,-4.918179238419418,-5.0,-1.6364152316116432,1.3666331635162592,0.11663316351625919,1.3446468844015251,5.642184128128575,4.709081699503172,True,True,,,,,,,,,,,,,,,,,,,,,,,,,,,,,0
s9_k5op_b_s03_pos1_tap3_mc338_cpl0_rp4p9956170884_rn4p81202203629_f12370_f21100_a0_dac1p25,K5OP,B,3,0.05,1,3,338,ac,0.0,0.0,0,1.25,0,4.99561708840307,4.81202203629184,40.0,2370.0,1100.0,,0,,,,,,,,,,,-5.089077921626828,-5.0,1.7815584325365563,1.434194848061386,0.18419484806138597,1.3977715543498714,5.972011336995385,4.498452552504309,False,True,,,,,,,,,,,,,,,,,,,,,,,,,,,,,0
s9_k5op_b_s03_pos1_tap3_mc339_cpl0_rp4p95748339794_rn4p95452081035_f12370_f21100_a0_dac1p25,K5OP,B,3,0.05,1,3,339,ac,0.0,0.0,0,1.25,0,4.957483397936279,4.954520810347603,40.0,2370.0,1100.0,,0,,,,,,,,,,,-4.979767857338668,-5.0,-0.4046428532266333,1.1846797877492397,-0.06532021225076035,1.1968242620869158,4.897930893420639,4.922667719712383,True,True,,,,,,,,,,,,,,,,,,,,,,,,,,,,,0
s9_k5op_b_s03_pos1_tap3_mc33_cpl0_rp4p95988642499_rn4p935069326_f12370_f21100_a0_dac1p25,K5OP,B,3,0.05,1,3,33,ac,0.0,0.0,0,1.25,0,4.95988642498907,4.935069325999115,40.0,2370.0,1100.0,,0,,,,,,,,,,,-4.867624499823586,-5.0,-2.647510003528275,1.419188466142549,0.1691884661425489,1.3858022597710296,5.909299766211898,4.555792037071481,True,True,,,,,,,,,,,,,,,,,,,,,,,,,,,,,0
s9_k5op_b_s03_pos1_tap3_mc340_cpl0_rp4p90220318843_rn4p92986892134_f12370_f21100_a0_dac1p25,K5OP,B,3,0.05,1,3,340,ac,0.0,0.0,0,1.25,0,4.902203188428109,4.929868921336512,40.0,2370.0,1100.0,,0,,,,,,,,,,,-4.972996952474107,-5.0,-0.5400609505178622,1.1620231019510938,-0.08797689804890618,1.1793943002842653,4.881423049566102,4.92796069033549,True,True,,,,,,,,,,,,,,,,,,,,,,,,,,,,,0
s9_k5op_b_s03_pos1_tap3_mc341_cpl0_rp4p90534040307_rn4p81497340489_f12370_f21100_a0_dac1p25,K5OP,B,3,0.05,1,3,341,ac,0.0,0.0,0,1.25,0,4.905340403071286,4.814973404890863,40.0,2370.0,1100.0,,0,,,,,,,,,,,-4.9644823342112065,-5.0,-0.710353315775869,1.3270976264643048,0.07709762646430485,1.3119454709514744,5.5357303932803585,4.874849440414793,True,True,,,,,,,,,,,,,,,,,,,,,,,,,,,,,0
s9_k5op_b_s03_pos1_tap3_mc342_cpl0_rp4p98656084792_rn4p90291156487_f12370_f21100_a0_dac1p25,K5OP,B,3,0.05,1,3,342,ac,0.0,0.0,0,1.25,0,4.986560847916738,4.902911564867305,40.0,2370.0,1100.0,,0,,,,,,,,,,,-4.98413161044331,-5.0,-0.31736779113380464,1.2041392394931558,-0.04586076050684418,1.2130680333146557,5.031962781599669,4.921769920532036,True,True,,,,,,,,,,,,,,,,,,,,,,,,,,,,,0
s9_k5op_b_s03_pos1_tap3_mc343_cpl0_rp4p99656131957_rn4p97065165292_f12370_f21100_a0_dac1p25,K5OP,B,3,0.05,1,3,343,ac,0.0,0.0,0,1.25,0,4.996561319573822,4.970651652916327,40.0,2370.0,1100.0,,0,,,,,,,,,,,-4.972258693847209,-5.0,-0.5548261230558182,1.3837149010173913,0.13371490101739125,1.357244374977924,5.771521987422492,4.701773917239354,True,True,,,,,,,,,,,,,,,,,,,,,,,,,,,,,0
s9_k5op_b_s03_pos1_tap3_mc344_cpl0_rp4p8299055002_rn4p9577330151_f12370_f21100_a0_dac1p25,K5OP,B,3,0.05,1,3,344,ac,0.0,0.0,0,1.25,0,4.829905500199244,4.9577330150973475,40.0,2370.0,1100.0,,0,,,,,,,,,,,-4.970779901568578,-5.0,-0.5844019686284341,1.199570750375441,-0.05042924962455908,1.209310346199413,5.003607417904128,4.922168416440604,True,True,,,,,,,,,,,,,,,,,,,,,,,,,,,,,0
s9_k5op_b_s03_pos1_tap3_mc345_cpl0_rp4p91178804964_rn4p95803916_f12370_f21100_a0_dac1p25,K5OP,B,3,0.05,1,3,345,ac,0.0,0.0,0,1.25,0,4.911788049635343,4.958039159999634,40.0,2370.0,1100.0,,0,,,,,,,,,,,-4.885704323152273,-5.0,-2.2859135369545314,1.267384224113982,0.017384224113982105,1.264029520645193,5.273830266502451,4.90749437147226,True,True,,,,,,,,,,,,,,,,,,,,,,,,,,,,,0
s9_k5op_b_s03_pos1_tap3_mc346_cpl0_rp4p95091706066_rn4p83074072944_f12370_f21100_a0_dac1p25,K5OP,B,3,0.05,1,3,346,ac,0.0,0.0,0,1.25,0,4.950917060659432,4.830740729440689,40.0,2370.0,1100.0,,0,,,,,,,,,,,-4.960601015981725,-5.0,-0.7879796803655026,1.3257394902546413,0.07573949025464133,1.3118275154957766,5.448011203390806,4.835570368692083,True,True,,,,,,,,,,,,,,,,,,,,,,,,,,,,,0
s9_k5op_b_s03_pos1_tap3_mc347_cpl0_rp4p81050197929_rn4p99799788589_f12370_f21100_a0_dac1p25,K5OP,B,3,0.05,1,3,347,ac,0.0,0.0,0,1.25,0,4.810501979291309,4.997997885892762,40.0,2370.0,1100.0,,0,,,,,,,,,,,-5.058682391121172,-5.0,1.1736478224234403,1.305077000937486,0.05507700093748591,1.2946307846670695,5.403353869133019,4.885959575694262,True,True,,,,,,,,,,,,,,,,,,,,,,,,,,,,,0
s9_k5op_b_s03_pos1_tap3_mc348_cpl0_rp4p90435188009_rn4p95296849483_f12370_f21100_a0_dac1p25,K5OP,B,3,0.05,1,3,348,ac,0.0,0.0,0,1.25,0,4.904351880087993,4.952968494829702,40.0,2370.0,1100.0,,0,,,,,,,,,,,-4.9855477333156095,-5.0,-0.2890453336878096,1.264840808409498,0.014840808409497974,1.2619860144031685,5.259707002905667,4.907921389863991,True,True,,,,,,,,,,,,,,,,,,,,,,,,,,,,,0
s9_k5op_b_s03_pos1_tap3_mc349_cpl0_rp4p80775995127_rn4p94290003584_f12370_f21100_a0_dac1p25,K5OP,B,3,0.05,1,3,349,ac,0.0,0.0,0,1.25,0,4.807759951268537,4.942900035838714,40.0,2370.0,1100.0,,0,,,,,,,,,,,-4.930640741436232,-5.0,-1.3871851712753624,1.2376101907644175,-0.012389809235582527,1.2399497971102036,5.128166960234367,4.9137806286776575,True,True,,,,,,,,,,,,,,,,,,,,,,,,,,,,,0
s9_k5op_b_s03_pos1_tap3_mc34_cpl0_rp4p94041079688_rn4p86686414758_f12370_f21100_a0_dac1p25,K5OP,B,3,0.05,1,3,34,ac,0.0,0.0,0,1.25,0,4.940410796875379,4.86686414757738,40.0,2370.0,1100.0,,0,,,,,,,,,,,-4.986433652502287,-5.0,-0.27132694995426476,1.2751938358075454,0.025193835807545417,1.2703334497153158,5.304718199618545,4.904824192627136,True,True,,,,,,,,,,,,,,,,,,,,,,,,,,,,,0
s9_k5op_b_s03_pos1_tap3_mc350_cpl0_rp4p9821021453_rn4p83073120294_f12370_f21100_a0_dac1p25,K5OP,B,3,0.05,1,3,350,ac,0.0,0.0,0,1.25,0,4.9821021453014485,4.830731202937128,40.0,2370.0,1100.0,,0,,,,,,,,,,,-4.995908868870469,-5.0,-0.08182262259062156,1.3478964293013898,0.09789642930138975,1.3282066805775299,5.649001068804052,4.851634133273509,True,True,,,,,,,,,,,,,,,,,,,,,,,,,,,,,0
s9_k5op_b_s03_pos1_tap3_mc351_cpl0_rp4p95947545201_rn4p92850750481_f12370_f21100_a0_dac1p25,K5OP,B,3,0.05,1,3,351,ac,0.0,0.0,0,1.25,0,4.959475452006212,4.928507504812834,40.0,2370.0,1100.0,,0,,,,,,,,,,,-5.0576352051729945,-5.0,1.1527041034598895,1.4160460763083453,0.16604607630834534,1.382774710429848,5.9166417817931265,4.588273171326391,True,True,,,,,,,,,,,,,,,,,,,,,,,,,,,,,0
s9_k5op_b_s03_pos1_tap3_mc352_cpl0_rp4p86151125407_rn4p80872221969_f12370_f21100_a0_dac1p25,K5OP,B,3,0.05,1,3,352,ac,0.0,0.0,0,1.25,0,4.861511254074463,4.808722219690718,40.0,2370.0,1100.0,,0,,,,,,,,,,,-4.985979929483575,-5.0,-0.2804014103285013,1.1886594267164738,-0.061340573283526156,1.2007398975215597,4.984639165015436,4.924585709424792,True,True,,,,,,,,,,,,,,,,,,,,,,,,,,,,,0
s9_k5op_b_s03_pos1_tap3_mc353_cpl0_rp4p95643416182_rn4p82999746377_f12370_f21100_a0_dac1p25,K5OP,B,3,0.05,1,3,353,ac,0.0,0.0,0,1.25,0,4.956434161817279,4.8299974637653555,40.0,2370.0,1100.0,,0,,,,,,,,,,,-5.013367469612007,-5.0,0.2673493922401349,1.1738186893984437,-0.0761813106015563,1.1891082712613563,4.949871911499761,4.92713864492103,True,True,,,,,,,,,,,,,,,,,,,,,,,,,,,,,0
s9_k5op_b_s03_pos1_tap3_mc354_cpl0_rp4p84962509036_rn4p80721882217_f12370_f21100_a0_dac1p25,K5OP,B,3,0.05,1,3,354,ac,0.0,0.0,0,1.25,0,4.8496250903626885,4.807218822168093,40.0,2370.0,1100.0,,0,,,,,,,,,,,-4.9137169237643,-5.0,-1.7256615247140061,1.1976159454759117,-0.05238405452408834,1.2077832607312897,5.001975443207602,4.922683135227217,True,True,,,,,,,,,,,,,,,,,,,,,,,,,,,,,0
s9_k5op_b_s03_pos1_tap3_mc355_cpl0_rp4p94433603634_rn4p87460786106_f12370_f21100_a0_dac1p25,K5OP,B,3,0.05,1,3,355,ac,0.0,0.0,0,1.25,0,4.944336036342694,4.8746078610627555,40.0,2370.0,1100.0,,0,,,,,,,,,,,-4.983865005674604,-5.0,-0.3226998865079267,1.4123087317658944,0.16230873176589444,1.3791817942204758,5.926268564276226,4.627797534270441,True,True,,,,,,,,,,,,,,,,,,,,,,,,,,,,,0
s9_k5op_b_s03_pos1_tap3_mc356_cpl0_rp4p83543496854_rn4p92643634125_f12370_f21100_a0_dac1p25,K5OP,B,3,0.05,1,3,356,ac,0.0,0.0,0,1.25,0,4.835434968537871,4.926436341247537,40.0,2370.0,1100.0,,0,,,,,,,,,,,-4.92369886232491,-5.0,-1.526022753501799,1.2802014664786288,0.030201466478628758,1.2744862382957267,5.301109907648497,4.900497462721503,True,True,,,,,,,,,,,,,,,,,,,,,,,,,,,,,0
s9_k5op_b_s03_pos1_tap3_mc357_cpl0_rp4p85171281517_rn4p97429835531_f12370_f21100_a0_dac1p25,K5OP,B,3,0.05,1,3,357,ac,0.0,0.0,0,1.25,0,4.851712815170218,4.974298355305494,40.0,2370.0,1100.0,,0,,,,,,,,,,,-5.017803387711517,-5.0,0.3560677542303381,1.1516560804361715,-0.09834391956382849,1.1694172082688767,4.732339791448217,4.926127984881129,True,True,,,,,,,,,,,,,,,,,,,,,,,,,,,,,0
s9_k5op_b_s03_pos1_tap3_mc358_cpl0_rp4p95073484148_rn4p83316653686_f12370_f21100_a0_dac1p25,K5OP,B,3,0.05,1,3,358,ac,0.0,0.0,0,1.25,0,4.950734841476744,4.83316653685868,40.0,2370.0,1100.0,,0,,,,,,,,,,,-4.890508307112684,-5.0,-2.189833857746315,1.287852159374237,0.037852159374236916,1.2807982736278753,5.313356066522708,4.894334900573628,True,True,,,,,,,,,,,,,,,,,,,,,,,,,,,,,0
s9_k5op_b_s03_pos1_tap3_mc359_cpl0_rp4p93716222101_rn4p91789299485_f12370_f21100_a0_dac1p25,K5OP,B,3,0.05,1,3,359,ac,0.0,0.0,0,1.25,0,4.937162221005011,4.9178929948462615,40.0,2370.0,1100.0,,0,,,,,,,,,,,-4.967513089933151,-5.0,-0.6497382013369801,1.21124108642737,-0.03875891357263006,1.2187913921543272,5.061071318822279,4.920718038862884,True,True,,,,,,,,,,,,,,,,,,,,,,,,,,,,,0
s9_k5op_b_s03_pos1_tap3_mc35_cpl0_rp4p95208791014_rn4p99208304511_f12370_f21100_a0_dac1p25,K5OP,B,3,0.05,1,3,35,ac,0.0,0.0,0,1.25,0,4.952087910136527,4.992083045111767,40.0,2370.0,1100.0,,0,,,,,,,,,,,-4.931111330370941,-5.0,-1.377773392581183,1.3854507945924495,0.13545079459244946,1.3605624741153657,5.687250056618971,4.603643661420511,True,True,,,,,,,,,,,,,,,,,,,,,,,,,,,,,0
s9_k5op_b_s03_pos1_tap3_mc360_cpl0_rp4p82135856404_rn4p87489965256_f12370_f21100_a0_dac1p25,K5OP,B,3,0.05,1,3,360,ac,0.0,0.0,0,1.25,0,4.821358564040581,4.874899652559036,40.0,2370.0,1100.0,,0,,,,,,,,,,,-5.047734597750209,-5.0,0.9546919550041721,1.2713926784682228,0.021392678468222792,1.2669424295563734,5.3887799889997865,4.912952447366823,True,True,,,,,,,,,,,,,,,,,,,,,,,,,,,,,0
s9_k5op_b_s03_pos1_tap3_mc361_cpl0_rp4p86248091917_rn4p82293002995_f12370_f21100_a0_dac1p25,K5OP,B,3,0.05,1,3,361,ac,0.0,0.0,0,1.25,0,4.862480919167026,4.822930029950884,40.0,2370.0,1100.0,,0,,,,,,,,,,,-5.1142332027454,-5.0,2.284664054907992,1.157071450906315,-0.09292854909368509,1.1755566336256347,4.871196289842301,4.928687978607969,True,True,,,,,,,,,,,,,,,,,,,,,,,,,,,,,0
s9_k5op_b_s03_pos1_tap3_mc362_cpl0_rp4p9542069252_rn4p96607958157_f12370_f21100_a0_dac1p25,K5OP,B,3,0.05,1,3,362,ac,0.0,0.0,0,1.25,0,4.954206925200493,4.966079581566705,40.0,2370.0,1100.0,,0,,,,,,,,,,,-4.9715605551377,-5.0,-0.5687888972460087,1.2324964741852487,-0.01750352581475134,1.2359742424127091,5.171400341875117,4.918029448535598,True,True,,,,,,,,,,,,,,,,,,,,,,,,,,,,,0
s9_k5op_b_s03_pos1_tap3_mc363_cpl0_rp4p90238655191_rn4p98796905454_f12370_f21100_a0_dac1p25,K5OP,B,3,0.05,1,3,363,ac,0.0,0.0,0,1.25,0,4.902386551911495,4.987969054540464,40.0,2370.0,1100.0,,0,,,,,,,,,,,-5.089905326269406,-5.0,1.7981065253881212,1.4090607000144801,0.15906070001448014,1.3764593878179479,5.919005524028394,4.646516496770129,True,True,,,,,,,,,,,,,,,,,,,,,,,,,,,,,0
s9_k5op_b_s03_pos1_tap3_mc364_cpl0_rp4p93064728425_rn4p90218938398_f12370_f21100_a0_dac1p25,K5OP,B,3,0.05,1,3,364,ac,0.0,0.0,0,1.25,0,4.930647284245638,4.902189383984671,40.0,2370.0,1100.0,,0,,,,,,,,,,,-4.94211942489442,-5.0,-1.1576115021115996,1.3522452769553324,0.10224527695533236,1.3328017503073077,5.595226104074083,4.776779587014015,True,True,,,,,,,,,,,,,,,,,,,,,,,,,,,,,0
s9_k5op_b_s03_pos1_tap3_mc365_cpl0_rp4p89352669764_rn4p99713850694_f12370_f21100_a0_dac1p25,K5OP,B,3,0.05,1,3,365,ac,0.0,0.0,0,1.25,0,4.893526697639626,4.9971385069410745,40.0,2370.0,1100.0,,0,,,,,,,,,,,-4.991198839173094,-5.0,-0.1760232165381126,1.216419650611004,-0.0335803493889959,1.2230981416117863,5.1083449416427555,4.920944532208967,True,True,,,,,,,,,,,,,,,,,,,,,,,,,,,,,0
s9_k5op_b_s03_pos1_tap3_mc366_cpl0_rp4p92708777645_rn4p95060794107_f12370_f21100_a0_dac1p25,K5OP,B,3,0.05,1,3,366,ac,0.0,0.0,0,1.25,0,4.927087776453835,4.950607941074332,40.0,2370.0,1100.0,,0,,,,,,,,,,,-4.849064321524432,-5.0,-3.0187135695113554,1.2726251736965213,0.022625173696521284,1.2683441392154684,5.270669053149211,4.9036047650696,True,True,,,,,,,,,,,,,,,,,,,,,,,,,,,,,0
s9_k5op_b_s03_pos1_tap3_mc367_cpl0_rp4p9587155105_rn4p84268748339_f12370_f21100_a0_dac1p25,K5OP,B,3,0.05,1,3,367,ac,0.0,0.0,0,1.25,0,4.958715510498481,4.842687483386079,40.0,2370.0,1100.0,,0,,,,,,,,,,,-5.090942519268893,-5.0,1.818850385377857,1.2090724266345758,-0.040927573365424186,1.21694170286617,5.0360677664593645,4.920450322248013,True,True,,,,,,,,,,,,,,,,,,,,,,,,,,,,,0
s9_k5op_b_s03_pos1_tap3_mc368_cpl0_rp4p810449634_rn4p86473871651_f12370_f21100_a0_dac1p25,K5OP,B,3,0.05,1,3,368,ac,0.0,0.0,0,1.25,0,4.810449634000735,4.864738716514117,40.0,2370.0,1100.0,,0,,,,,,,,,,,-4.975630927427366,-5.0,-0.4873814514526842,1.2955854061932646,0.045585406193264566,1.287248591481496,5.322367016253235,4.884982621967057,True,True,,,,,,,,,,,,,,,,,,,,,,,,,,,,,0
s9_k5op_b_s03_pos1_tap3_mc369_cpl0_rp4p83780655351_rn4p96173884227_f12370_f21100_a0_dac1p25,K5OP,B,3,0.05,1,3,369,ac,0.0,0.0,0,1.25,0,4.8378065535060415,4.961738842269194,40.0,2370.0,1100.0,,0,,,,,,,,,,,-4.973169548003753,-5.0,-0.5366090399249401,1.3103045989575164,0.06030459895751639,1.2987405611877145,5.437697661758225,4.884361089245289,True,True,,,,,,,,,,,,,,,,,,,,,,,,,,,,,0
s9_k5op_b_s03_pos1_tap3_mc36_cpl0_rp4p89051213336_rn4p91102046899_f12370_f21100_a0_dac1p25,K5OP,B,3,0.05,1,3,36,ac,0.0,0.0,0,1.25,0,4.890512133363556,4.911020468986035,40.0,2370.0,1100.0,,0,,,,,,,,,,,-5.17031572925597,-5.0,3.4063145851193966,1.415128622743736,0.16512862274373608,1.3831361002616247,5.869771891190487,4.5487429092405085,True,True,,,,,,,,,,,,,,,,,,,,,,,,,,,,,0
s9_k5op_b_s03_pos1_tap3_mc370_cpl0_rp4p87013601696_rn4p83252297655_f12370_f21100_a0_dac1p25,K5OP,B,3,0.05,1,3,370,ac,0.0,0.0,0,1.25,0,4.870136016964239,4.832522976546414,40.0,2370.0,1100.0,,0,,,,,,,,,,,-5.1214557673933125,-5.0,2.429115347866251,1.3159509132622933,0.0659509132622933,1.302954707908198,5.494572486328609,4.886709837583089,True,True,,,,,,,,,,,,,,,,,,,,,,,,,,,,,0
s9_k5op_b_s03_pos1_tap3_mc371_cpl0_rp4p86654325462_rn4p88635229818_f12370_f21100_a0_dac1p25,K5OP,B,3,0.05,1,3,371,ac,0.0,0.0,0,1.25,0,4.8665432546165865,4.886352298180757,40.0,2370.0,1100.0,,0,,,,,,,,,,,-4.959314111081081,-5.0,-0.8137177783783756,1.1909762027173942,-0.05902379728260576,1.2019643722205255,4.924656528843862,4.921825771744367,True,True,,,,,,,,,,,,,,,,,,,,,,,,,,,,,0
s9_k5op_b_s03_pos1_tap3_mc372_cpl0_rp4p86454746998_rn4p81397610298_f12370_f21100_a0_dac1p25,K5OP,B,3,0.05,1,3,372,ac,0.0,0.0,0,1.25,0,4.864547469978217,4.813976102978372,40.0,2370.0,1100.0,,0,,,,,,,,,,,-4.886465457483169,-5.0,-2.2706908503366208,1.2019768346903275,-0.048023165309672544,1.2111774275180331,5.0032687330718595,4.921465596190324,True,True,,,,,,,,,,,,,,,,,,,,,,,,,,,,,0
s9_k5op_b_s03_pos1_tap3_mc373_cpl0_rp4p82021042013_rn4p87152732858_f12370_f21100_a0_dac1p25,K5OP,B,3,0.05,1,3,373,ac,0.0,0.0,0,1.25,0,4.820210420133134,4.87152732857917,40.0,2370.0,1100.0,,0,,,,,,,,,,,-5.069075446754168,-5.0,1.3815089350833532,1.1889080590411618,-0.06109194095883819,1.201092256769914,5.001962062100949,4.925026156326867,True,True,,,,,,,,,,,,,,,,,,,,,,,,,,,,,0
s9_k5op_b_s03_pos1_tap3_mc374_cpl0_rp4p96597706609_rn4p9266079295_f12370_f21100_a0_dac1p25,K5OP,B,3,0.05,1,3,374,ac,0.0,0.0,0,1.25,0,4.9659770660885005,4.926607929503884,40.0,2370.0,1100.0,,0,,,,,,,,,,,-4.989605825545418,-5.0,-0.20788348909164256,1.2246684728302828,-0.025331527169717205,1.2296091041889057,5.116316857987924,4.918437503748447,True,True,,,,,,,,,,,,,,,,,,,,,,,,,,,,,0
s9_k5op_b_s03_pos1_tap3_mc375_cpl0_rp4p96166779053_rn4p84369760712_f12370_f21100_a0_dac1p25,K5OP,B,3,0.05,1,3,375,ac,0.0,0.0,0,1.25,0,4.961667790527332,4.843697607124357,40.0,2370.0,1100.0,,0,,,,,,,,,,,-5.083642546699796,-5.0,1.6728509339959174,1.4396651663302502,0.1896651663302502,1.402091636508025,5.99625108696365,4.478929756321596,False,True,,,,,,,,,,,,,,,,,,,,,,,,,,,,,0
s9_k5op_b_s03_pos1_tap3_mc376_cpl0_rp4p81682870265_rn4p98341790765_f12370_f21100_a0_dac1p25,K5OP,B,3,0.05,1,3,376,ac,0.0,0.0,0,1.25,0,4.816828702649654,4.983417907650963,40.0,2370.0,1100.0,,0,,,,,,,,,,,-4.954606597850075,-5.0,-0.9078680429984942,1.390533168505667,0.140533168505667,1.3634943024237955,5.762740062398807,4.6384724569927664,True,True,,,,,,,,,,,,,,,,,,,,,,,,,,,,,0
s9_k5op_b_s03_pos1_tap3_mc377_cpl0_rp4p97531267993_rn4p96638275321_f12370_f21100_a0_dac1p25,K5OP,B,3,0.05,1,3,377,ac,0.0,0.0,0,1.25,0,4.975312679925663,4.96638275321214,40.0,2370.0,1100.0,,0,,,,,,,,,,,-5.117359610335104,-5.0,2.3471922067020756,1.2709511948018202,0.020951194801820172,1.2669870608005,5.2639250602299335,4.904090055225523,True,True,,,,,,,,,,,,,,,,,,,,,,,,,,,,,0
s9_k5op_b_s03_pos1_tap3_mc378_cpl0_rp4p98102116802_rn4p95759466643_f12370_f21100_a0_dac1p25,K5OP,B,3,0.05,1,3,378,ac,0.0,0.0,0,1.25,0,4.981021168023387,4.957594666434592,40.0,2370.0,1100.0,,0,,,,,,,,,,,-4.926357631052758,-5.0,-1.4728473789448415,1.1851471369522726,-0.06485286304772742,1.1977628770287878,4.954926729308788,4.924579496976672,True,True,,,,,,,,,,,,,,,,,,,,,,,,,,,,,0
s9_k5op_b_s03_pos1_tap3_mc379_cpl0_rp4p85025387931_rn4p81333884203_f12370_f21100_a0_dac1p25,K5OP,B,3,0.05,1,3,379,ac,0.0,0.0,0,1.25,0,4.8502538793082275,4.813338842027529,40.0,2370.0,1100.0,,0,,,,,,,,,,,-5.036518448921612,-5.0,0.7303689784322387,1.2134376254640094,-0.03656237453599065,1.2203208891237693,5.027826426554917,4.918519079585374,True,True,,,,,,,,,,,,,,,,,,,,,,,,,,,,,0
s9_k5op_b_s03_pos1_tap3_mc37_cpl0_rp4p91353117255_rn4p90618399729_f12370_f21100_a0_dac1p25,K5OP,B,3,0.05,1,3,37,ac,0.0,0.0,0,1.25,0,4.913531172554432,4.9061839972879255,40.0,2370.0,1100.0,,0,,,,,,,,,,,-4.921203414703035,-5.0,-1.575931705939304,1.4187508120333185,0.16875081203331854,1.385137536314023,5.919685294823294,4.569678798556785,True,True,,,,,,,,,,,,,,,,,,,,,,,,,,,,,0
s9_k5op_b_s03_pos1_tap3_mc380_cpl0_rp4p8342499485_rn4p80841874944_f12370_f21100_a0_dac1p25,K5OP,B,3,0.05,1,3,380,ac,0.0,0.0,0,1.25,0,4.834249948504327,4.808418749436675,40.0,2370.0,1100.0,,0,,,,,,,,,,,-5.071823631349615,-5.0,1.4364726269922912,1.2822279868121085,0.03222798681210848,1.2755634974287673,5.423866011652377,4.909586412195663,True,True,,,,,,,,,,,,,,,,,,,,,,,,,,,,,0
s9_k5op_b_s03_pos1_tap3_mc381_cpl0_rp4p93833998422_rn4p95849003087_f12370_f21100_a0_dac1p25,K5OP,B,3,0.05,1,3,381,ac,0.0,0.0,0,1.25,0,4.938339984218674,4.958490030869813,40.0,2370.0,1100.0,,0,,,,,,,,,,,-4.919135072763758,-5.0,-1.6172985447248323,1.3022558229575367,0.052255822957536724,1.292161866597517,5.414543685811148,4.892097006284726,True,True,,,,,,,,,,,,,,,,,,,,,,,,,,,,,0
s9_k5op_b_s03_pos1_tap3_mc382_cpl0_rp4p85980346978_rn4p9255657309_f12370_f21100_a0_dac1p25,K5OP,B,3,0.05,1,3,382,ac,0.0,0.0,0,1.25,0,4.8598034697783765,4.925565730900889,40.0,2370.0,1100.0,,0,,,,,,,,,,,-5.076841060565496,-5.0,1.5368212113099133,1.2482488125568232,-0.001751187443176816,1.248578631837634,5.167578061408637,4.910872403475967,True,True,,,,,,,,,,,,,,,,,,,,,,,,,,,,,0
s9_k5op_b_s03_pos1_tap3_mc383_cpl0_rp4p93533219708_rn4p99686233652_f12370_f21100_a0_dac1p25,K5OP,B,3,0.05,1,3,383,ac,0.0,0.0,0,1.25,0,4.93533219707689,4.9968623365198095,40.0,2370.0,1100.0,,0,,,,,,,,,,,-4.93454555469186,-5.0,-1.309088906162792,1.2983969264402635,0.0483969264402635,1.2891152555696381,5.390206981001564,4.89316299383803,True,True,,,,,,,,,,,,,,,,,,,,,,,,,,,,,0
s9_k5op_b_s03_pos1_tap3_mc384_cpl0_rp4p82681854755_rn4p89418104924_f12370_f21100_a0_dac1p25,K5OP,B,3,0.05,1,3,384,ac,0.0,0.0,0,1.25,0,4.826818547547624,4.894181049244806,40.0,2370.0,1100.0,,0,,,,,,,,,,,-5.092770036623229,-5.0,1.8554007324645738,1.390848658726558,0.14084865872655805,1.3620425398257163,5.843213956851317,4.716375989004028,True,True,,,,,,,,,,,,,,,,,,,,,,,,,,,,,0
s9_k5op_b_s03_pos1_tap3_mc385_cpl0_rp4p82334653952_rn4p96920156457_f12370_f21100_a0_dac1p25,K5OP,B,3,0.05,1,3,385,ac,0.0,0.0,0,1.25,0,4.823346539518324,4.969201564568424,40.0,2370.0,1100.0,,0,,,,,,,,,,,-5.143338973836009,-5.0,2.8667794767201826,1.1408858765185947,-0.10911412348140526,1.1611493554449142,4.7214050040605535,4.9282556305695815,True,True,,,,,,,,,,,,,,,,,,,,,,,,,,,,,0
s9_k5op_b_s03_pos1_tap3_mc386_cpl0_rp4p9492909582_rn4p92820090188_f12370_f21100_a0_dac1p25,K5OP,B,3,0.05,1,3,386,ac,0.0,0.0,0,1.25,0,4.949290958203621,4.928200901884112,40.0,2370.0,1100.0,,0,,,,,,,,,,,-4.883717469068349,-5.0,-2.325650618633013,1.2670119022022865,0.017011902202286544,1.263862628666613,5.2221919610753424,4.903233922054139,True,True,,,,,,,,,,,,,,,,,,,,,,,,,,,,,0
s9_k5op_b_s03_pos1_tap3_mc387_cpl0_rp4p91077197555_rn4p87562027692_f12370_f21100_a0_dac1p25,K5OP,B,3,0.05,1,3,387,ac,0.0,0.0,0,1.25,0,4.91077197555383,4.875620276920817,40.0,2370.0,1100.0,,0,,,,,,,,,,,-5.017023904633211,-5.0,0.34047809266422036,1.291180200587524,0.04118020058752392,1.2833064745205938,5.357610321792178,4.896649532990767,True,True,,,,,,,,,,,,,,,,,,,,,,,,,,,,,0
s9_k5op_b_s03_pos1_tap3_mc388_cpl0_rp4p8967202948_rn4p96860524371_f12370_f21100_a0_dac1p25,K5OP,B,3,0.05,1,3,388,ac,0.0,0.0,0,1.25,0,4.896720294796431,4.9686052437063335,40.0,2370.0,1100.0,,0,,,,,,,,,,,-5.04545116642463,-5.0,0.9090233284926086,1.304856006245721,0.05485600624572107,1.2934558503280023,5.521247012982421,4.902633139599708,True,True,,,,,,,,,,,,,,,,,,,,,,,,,,,,,0
s9_k5op_b_s03_pos1_tap3_mc389_cpl0_rp4p80341691496_rn4p80398045639_f12370_f21100_a0_dac1p25,K5OP,B,3,0.05,1,3,389,ac,0.0,0.0,0,1.25,0,4.803416914963317,4.803980456388981,40.0,2370.0,1100.0,,0,,,,,,,,,,,-4.973975849673407,-5.0,-0.5204830065318689,1.4323208957198372,0.18232089571983723,1.3968265624985667,5.944605313447017,4.486038147688306,False,True,,,,,,,,,,,,,,,,,,,,,,,,,,,,,0
s9_k5op_b_s03_pos1_tap3_mc38_cpl0_rp4p95872617372_rn4p86957208005_f12370_f21100_a0_dac1p25,K5OP,B,3,0.05,1,3,38,ac,0.0,0.0,0,1.25,0,4.958726173715687,4.869572080054028,40.0,2370.0,1100.0,,0,,,,,,,,,,,-4.944479844120497,-5.0,-1.110403117590053,1.3732627497217968,0.12326274972179685,1.3491371415356483,5.715145773984126,4.728967598485149,True,True,,,,,,,,,,,,,,,,,,,,,,,,,,,,,0
s9_k5op_b_s03_pos1_tap3_mc390_cpl0_rp4p8339069814_rn4p91507442577_f12370_f21100_a0_dac1p25,K5OP,B,3,0.05,1,3,390,ac,0.0,0.0,0,1.25,0,4.833906981402235,4.915074425769694,40.0,2370.0,1100.0,,0,,,,,,,,,,,-5.0512983262955835,-5.0,1.0259665259116701,1.4063468295438584,0.15634682954385837,1.375044851632632,5.876756530986283,4.625980867524527,True,True,,,,,,,,,,,,,,,,,,,,,,,,,,,,,0
s9_k5op_b_s03_pos1_tap3_mc391_cpl0_rp4p88553270259_rn4p9329426081_f12370_f21100_a0_dac1p25,K5OP,B,3,0.05,1,3,391,ac,0.0,0.0,0,1.25,0,4.885532702587025,4.932942608102221,40.0,2370.0,1100.0,,0,,,,,,,,,,,-4.934815087096922,-5.0,-1.3036982580615586,1.171894180672602,-0.07810581932739802,1.186883042297922,4.884982508999865,4.925810311003678,True,True,,,,,,,,,,,,,,,,,,,,,,,,,,,,,0
s9_k5op_b_s03_pos1_tap3_mc392_cpl0_rp4p83513013559_rn4p89780080987_f12370_f21100_a0_dac1p25,K5OP,B,3,0.05,1,3,392,ac,0.0,0.0,0,1.25,0,4.83513013559402,4.897800809870664,40.0,2370.0,1100.0,,0,,,,,,,,,,,-5.097812297153448,-5.0,1.9562459430689572,1.3675024451782085,0.11750244517820851,1.3449597152012773,5.667058536622527,4.726968051478782,True,True,,,,,,,,,,,,,,,,,,,,,,,,,,,,,0
s9_k5op_b_s03_pos1_tap3_mc393_cpl0_rp4p80353684907_rn4p93527749599_f12370_f21100_a0_dac1p25,K5OP,B,3,0.05,1,3,393,ac,0.0,0.0,0,1.25,0,4.80353684906974,4.935277495986037,40.0,2370.0,1100.0,,0,,,,,,,,,,,-4.9324865879216695,-5.0,-1.35026824156661,1.1479119933758257,-0.10208800662417428,1.1681317336205588,4.828959654618201,4.929486565554387,True,True,,,,,,,,,,,,,,,,,,,,,,,,,,,,,0
s9_k5op_b_s03_pos1_tap3_mc394_cpl0_rp4p82055042637_rn4p8023678576_f12370_f21100_a0_dac1p25,K5OP,B,3,0.05,1,3,394,ac,0.0,0.0,0,1.25,0,4.820550426374241,4.802367857598705,40.0,2370.0,1100.0,,0,,,,,,,,,,,-4.914876677154512,-5.0,-1.702466456909768,1.378118804820918,0.1281188048209181,1.353680664031858,5.702439859965301,4.677477348958939,True,True,,,,,,,,,,,,,,,,,,,,,,,,,,,,,0
s9_k5op_b_s03_pos1_tap3_mc395_cpl0_rp4p89495892087_rn4p93433731851_f12370_f21100_a0_dac1p25,K5OP,B,3,0.05,1,3,395,ac,0.0,0.0,0,1.25,0,4.894958920869686,4.93433731850674,40.0,2370.0,1100.0,,0,,,,,,,,,,,-5.067378898563346,-5.0,1.3475779712669222,1.2311093666977442,-0.01889063330225582,1.234786803177153,5.139689776569041,4.9170916170041155,True,True,,,,,,,,,,,,,,,,,,,,,,,,,,,,,0
s9_k5op_b_s03_pos1_tap3_mc396_cpl0_rp4p98745526316_rn4p86824203872_f12370_f21100_a0_dac1p25,K5OP,B,3,0.05,1,3,396,ac,0.0,0.0,0,1.25,0,4.987455263162662,4.868242038715888,40.0,2370.0,1100.0,,0,,,,,,,,,,,-5.085927771899534,-5.0,1.7185554379906876,1.3753573885996067,0.12535738859960666,1.3500863772859197,5.761896027417295,4.75880129892815,True,True,,,,,,,,,,,,,,,,,,,,,,,,,,,,,0
s9_k5op_b_s03_pos1_tap3_mc397_cpl0_rp4p90265991512_rn4p90356505476_f12370_f21100_a0_dac1p25,K5OP,B,3,0.05,1,3,397,ac,0.0,0.0,0,1.25,0,4.902659915120735,4.90356505476135,40.0,2370.0,1100.0,,0,,,,,,,,,,,-4.962144649359068,-5.0,-0.7571070128186363,1.2023192597830419,-0.04768074021695812,1.2111998408028268,4.970573102210089,4.92001673737455,True,True,,,,,,,,,,,,,,,,,,,,,,,,,,,,,0
s9_k5op_b_s03_pos1_tap3_mc398_cpl0_rp4p80471789267_rn4p89921458537_f12370_f21100_a0_dac1p25,K5OP,B,3,0.05,1,3,398,ac,0.0,0.0,0,1.25,0,4.804717892669463,4.899214585370171,40.0,2370.0,1100.0,,0,,,,,,,,,,,-5.01302974609108,-5.0,0.2605949218215997,1.257363379701007,0.007363379701007089,1.2559520386295022,5.2253530532810935,4.909858022050569,True,True,,,,,,,,,,,,,,,,,,,,,,,,,,,,,0
s9_k5op_b_s03_pos1_tap3_mc399_cpl0_rp4p94975224819_rn4p92047709746_f12370_f21100_a0_dac1p25,K5OP,B,3,0.05,1,3,399,ac,0.0,0.0,0,1.25,0,4.949752248185426,4.920477097461969,40.0,2370.0,1100.0,,0,,,,,,,,,,,-5.041214598069166,-5.0,0.8242919613833166,1.1779061671727913,-0.07209383282720871,1.191970467172728,4.929555662131216,4.925518036787087,True,True,,,,,,,,,,,,,,,,,,,,,,,,,,,,,0
s9_k5op_b_s03_pos1_tap3_mc39_cpl0_rp4p8405063552_rn4p81892231565_f12370_f21100_a0_dac1p25,K5OP,B,3,0.05,1,3,39,ac,0.0,0.0,0,1.25,0,4.84050635520103,4.818922315649883,40.0,2370.0,1100.0,,0,,,,,,,,,,,-5.076470183956516,-5.0,1.5294036791303256,1.3693616588640234,0.11936165886402339,1.3464288189824094,5.676296652693717,4.721345594352231,True,True,,,,,,,,,,,,,,,,,,,,,,,,,,,,,0
s9_k5op_b_s03_pos1_tap3_mc3_cpl0_rp4p84546201527_rn4p84758850786_f12370_f21100_a0_dac1p25,K5OP,B,3,0.05,1,3,3,ac,0.0,0.0,0,1.25,0,4.845462015270863,4.847588507857414,40.0,2370.0,1100.0,,0,,,,,,,,,,,-4.980532142274674,-5.0,-0.38935715450652,1.362186816896585,0.11218681689658494,1.3408916716078698,5.632771531087936,4.735181680659526,True,True,,,,,,,,,,,,,,,,,,,,,,,,,,,,,0
s9_k5op_b_s03_pos1_tap3_mc400_cpl0_rp4p96530491431_rn4p91631368562_f12370_f21100_a0_dac1p25,K5OP,B,3,0.05,1,3,400,ac,0.0,0.0,0,1.25,0,4.965304914305209,4.916313685616408,40.0,2370.0,1100.0,,0,,,,,,,,,,,-4.979589723754785,-5.0,-0.40820552490430373,1.3255714777245238,0.07557147772452377,1.3103416329976256,5.562339221942764,4.884818156995161,True,True,,,,,,,,,,,,,,,,,,,,,,,,,,,,,0
s9_k5op_b_s03_pos1_tap3_mc401_cpl0_rp4p95092194907_rn4p84362522238_f12370_f21100_a0_dac1p25,K5OP,B,3,0.05,1,3,401,ac,0.0,0.0,0,1.25,0,4.950921949066017,4.84362522237532,40.0,2370.0,1100.0,,0,,,,,,,,,,,-4.916230871457206,-5.0,-1.6753825708558878,1.329125485178666,0.07912548517866602,1.314435704099354,5.474000293461254,4.834708177385323,True,True,,,,,,,,,,,,,,,,,,,,,,,,,,,,,0
s9_k5op_b_s03_pos1_tap3_mc402_cpl0_rp4p98126867566_rn4p82711134242_f12370_f21100_a0_dac1p25,K5OP,B,3,0.05,1,3,402,ac,0.0,0.0,0,1.25,0,4.9812686756609805,4.827111342419783,40.0,2370.0,1100.0,,0,,,,,,,,,,,-4.822936890277907,-5.0,-3.541262194441863,1.2795193252519963,0.029519325251996298,1.2741343643852703,5.255198962022554,4.895552355436647,True,True,,,,,,,,,,,,,,,,,,,,,,,,,,,,,0
s9_k5op_b_s03_pos1_tap3_mc403_cpl0_rp4p99032477697_rn4p97633558441_f12370_f21100_a0_dac1p25,K5OP,B,3,0.05,1,3,403,ac,0.0,0.0,0,1.25,0,4.9903247769715176,4.9763355844074555,40.0,2370.0,1100.0,,0,,,,,,,,,,,-5.037164592337717,-5.0,0.7432918467543459,1.232328603505864,-0.01767139649413596,1.235825246389645,5.165374758743031,4.9178369852525154,True,True,,,,,,,,,,,,,,,,,,,,,,,,,,,,,0
s9_k5op_b_s03_pos1_tap3_mc404_cpl0_rp4p86031491887_rn4p8693215276_f12370_f21100_a0_dac1p25,K5OP,B,3,0.05,1,3,404,ac,0.0,0.0,0,1.25,0,4.860314918872622,4.869321527601691,40.0,2370.0,1100.0,,0,,,,,,,,,,,-5.038577675350098,-5.0,0.7715535070019541,1.2332148753604153,-0.016785124639584703,1.2366916688980456,5.23010698846139,4.92027245497627,True,True,,,,,,,,,,,,,,,,,,,,,,,,,,,,,0
s9_k5op_b_s03_pos1_tap3_mc405_cpl0_rp4p84107779984_rn4p84599880095_f12370_f21100_a0_dac1p25,K5OP,B,3,0.05,1,3,405,ac,0.0,0.0,0,1.25,0,4.8410777998379455,4.845998800947448,40.0,2370.0,1100.0,,0,,,,,,,,,,,-4.986107196253586,-5.0,-0.27785607492827324,1.24552794263335,-0.004472057366649906,1.2463639264068778,5.147750050093373,4.91109050008266,True,True,,,,,,,,,,,,,,,,,,,,,,,,,,,,,0
s9_k5op_b_s03_pos1_tap3_mc406_cpl0_rp4p89299198434_rn4p98436690755_f12370_f21100_a0_dac1p25,K5OP,B,3,0.05,1,3,406,ac,0.0,0.0,0,1.25,0,4.89299198433958,4.984366907551315,40.0,2370.0,1100.0,,0,,,,,,,,,,,-4.9344602459924225,-5.0,-1.31079508015155,1.2799006719637074,0.02990067196370738,1.2738402609363222,5.3872808639878595,4.908397288981721,True,True,,,,,,,,,,,,,,,,,,,,,,,,,,,,,0
s9_k5op_b_s03_pos1_tap3_mc407_cpl0_rp4p96593796823_rn4p9707304606_f12370_f21100_a0_dac1p25,K5OP,B,3,0.05,1,3,407,ac,0.0,0.0,0,1.25,0,4.965937968229974,4.970730460595229,40.0,2370.0,1100.0,,0,,,,,,,,,,,-4.881790226409777,-5.0,-2.3641954718044644,1.3820147884656737,0.13201478846567372,1.3555616851821337,5.780553092351351,4.724370212977855,True,True,,,,,,,,,,,,,,,,,,,,,,,,,,,,,0
s9_k5op_b_s03_pos1_tap3_mc408_cpl0_rp4p82589970076_rn4p98712990102_f12370_f21100_a0_dac1p25,K5OP,B,3,0.05,1,3,408,ac,0.0,0.0,0,1.25,0,4.825899700761262,4.987129901023796,40.0,2370.0,1100.0,,0,,,,,,,,,,,-4.905552666554902,-5.0,-1.8889466689019585,1.1749790191319374,-0.07502098086806264,1.1896288321881903,4.919098197173151,4.926027090728733,True,True,,,,,,,,,,,,,,,,,,,,,,,,,,,,,0
s9_k5op_b_s03_pos1_tap3_mc409_cpl0_rp4p93634229341_rn4p88383298296_f12370_f21100_a0_dac1p25,K5OP,B,3,0.05,1,3,409,ac,0.0,0.0,0,1.25,0,4.936342293409816,4.883832982963993,40.0,2370.0,1100.0,,0,,,,,,,,,,,-5.006030735138278,-5.0,0.12061470276556463,1.167865252733546,-0.08213474726645398,1.1832359785136006,4.838404685671561,4.925323894233962,True,True,,,,,,,,,,,,,,,,,,,,,,,,,,,,,0
s9_k5op_b_s03_pos1_tap3_mc40_cpl0_rp4p82617360232_rn4p86377609097_f12370_f21100_a0_dac1p25,K5OP,B,3,0.05,1,3,40,ac,0.0,0.0,0,1.25,0,4.826173602315599,4.863776090965167,40.0,2370.0,1100.0,,0,,,,,,,,,,,-4.949071308919084,-5.0,-1.0185738216183182,1.3257398589841893,0.07573985898418933,1.3110563371791797,5.513023164456184,4.870878440995209,True,True,,,,,,,,,,,,,,,,,,,,,,,,,,,,,0
s9_k5op_b_s03_pos1_tap3_mc410_cpl0_rp4p88217981417_rn4p91530499969_f12370_f21100_a0_dac1p25,K5OP,B,3,0.05,1,3,410,ac,0.0,0.0,0,1.25,0,4.882179814174154,4.915304999687279,40.0,2370.0,1100.0,,0,,,,,,,,,,,-5.062814706236374,-5.0,1.256294124727475,1.4392850942336306,0.1892850942336306,1.4020039030057374,5.987252104731148,4.472971350862156,False,True,,,,,,,,,,,,,,,,,,,,,,,,,,,,,0
s9_k5op_b_s03_pos1_tap3_mc411_cpl0_rp4p90140702224_rn4p91673451838_f12370_f21100_a0_dac1p25,K5OP,B,3,0.05,1,3,411,ac,0.0,0.0,0,1.25,0,4.901407022235087,4.916734518378269,40.0,2370.0,1100.0,,0,,,,,,,,,,,-5.003126096350563,-5.0,0.06252192701126091,1.205750020914376,-0.04424997908562389,1.2137099316202318,4.944233535597208,4.917547576095656,True,True,,,,,,,,,,,,,,,,,,,,,,,,,,,,,0
s9_k5op_b_s03_pos1_tap3_mc412_cpl0_rp4p80263980605_rn4p9274688818_f12370_f21100_a0_dac1p25,K5OP,B,3,0.05,1,3,412,ac,0.0,0.0,0,1.25,0,4.802639806050018,4.927468881796134,40.0,2370.0,1100.0,,0,,,,,,,,,,,-5.041468907301949,-5.0,0.8293781460389837,1.3621624834109842,0.11216248341098423,1.3406894069398385,5.643109200961517,4.745667943965758,True,True,,,,,,,,,,,,,,,,,,,,,,,,,,,,,0
s9_k5op_b_s03_pos1_tap3_mc413_cpl0_rp4p85968246261_rn4p80562276972_f12370_f21100_a0_dac1p25,K5OP,B,3,0.05,1,3,413,ac,0.0,0.0,0,1.25,0,4.859682462612504,4.805622769718563,40.0,2370.0,1100.0,,0,,,,,,,,,,,-4.947743629693191,-5.0,-1.0451274061361815,1.2676744335846901,0.01767443358469012,1.2641946957434629,5.300300566076011,4.9092265701323985,True,True,,,,,,,,,,,,,,,,,,,,,,,,,,,,,0
s9_k5op_b_s03_pos1_tap3_mc414_cpl0_rp4p98184854148_rn4p8516092388_f12370_f21100_a0_dac1p25,K5OP,B,3,0.05,1,3,414,ac,0.0,0.0,0,1.25,0,4.981848541479969,4.851609238797026,40.0,2370.0,1100.0,,0,,,,,,,,,,,-4.942280355934026,-5.0,-1.1543928813194881,1.3870995289090164,0.13709952890901644,1.3597883540256948,5.793198682400076,4.696378574701975,True,True,,,,,,,,,,,,,,,,,,,,,,,,,,,,,0
s9_k5op_b_s03_pos1_tap3_mc415_cpl0_rp4p98902381976_rn4p83479926401_f12370_f21100_a0_dac1p25,K5OP,B,3,0.05,1,3,415,ac,0.0,0.0,0,1.25,0,4.989023819761244,4.834799264007673,40.0,2370.0,1100.0,,0,,,,,,,,,,,-4.910528342926712,-5.0,-1.7894331414657572,1.1527402216747757,-0.09725977832522426,1.1709810636934466,4.780494773883186,4.927323148961596,True,True,,,,,,,,,,,,,,,,,,,,,,,,,,,,,0
s9_k5op_b_s03_pos1_tap3_mc416_cpl0_rp4p81568951694_rn4p93831818861_f12370_f21100_a0_dac1p25,K5OP,B,3,0.05,1,3,416,ac,0.0,0.0,0,1.25,0,4.8156895169444285,4.938318188608376,40.0,2370.0,1100.0,,0,,,,,,,,,,,-5.0785742590522265,-5.0,1.5714851810445296,1.2454513023569742,-0.00454869764302579,1.246312209938532,5.162287227731227,4.911939295744801,True,True,,,,,,,,,,,,,,,,,,,,,,,,,,,,,0
s9_k5op_b_s03_pos1_tap3_mc417_cpl0_rp4p96149420523_rn4p81489206956_f12370_f21100_a0_dac1p25,K5OP,B,3,0.05,1,3,417,ac,0.0,0.0,0,1.25,0,4.961494205229407,4.814892069559012,40.0,2370.0,1100.0,,0,,,,,,,,,,,-4.9120195587355475,-5.0,-1.7596088252890496,1.156907857471297,-0.09309214252870301,1.1745523887074323,4.809863072771851,4.927193619561557,True,True,,,,,,,,,,,,,,,,,,,,,,,,,,,,,0
s9_k5op_b_s03_pos1_tap3_mc418_cpl0_rp4p8426734305_rn4p85663682175_f12370_f21100_a0_dac1p25,K5OP,B,3,0.05,1,3,418,ac,0.0,0.0,0,1.25,0,4.842673430497197,4.856636821747744,40.0,2370.0,1100.0,,0,,,,,,,,,,,-5.0158002306113225,-5.0,0.3160046122264504,1.3150837705726162,0.06508377057261616,1.3024067396306531,5.476302309626471,4.884453658327587,True,True,,,,,,,,,,,,,,,,,,,,,,,,,,,,,0
s9_k5op_b_s03_pos1_tap3_mc419_cpl0_rp4p90978219288_rn4p98810507864_f12370_f21100_a0_dac1p25,K5OP,B,3,0.05,1,3,419,ac,0.0,0.0,0,1.25,0,4.909782192875641,4.988105078638066,40.0,2370.0,1100.0,,0,,,,,,,,,,,-4.93258351297321,-5.0,-1.348329740535803,1.3342741024694613,0.08427410246946132,1.3185534520920787,5.50023873998852,4.822478560137877,True,True,,,,,,,,,,,,,,,,,,,,,,,,,,,,,0
s9_k5op_b_s03_pos1_tap3_mc41_cpl0_rp4p89027141912_rn4p97801839902_f12370_f21100_a0_dac1p25,K5OP,B,3,0.05,1,3,41,ac,0.0,0.0,0,1.25,0,4.890271419118427,4.978018399020955,40.0,2370.0,1100.0,,0,,,,,,,,,,,-4.925715148258236,-5.0,-1.485697034835276,1.120439525349328,-0.129560474650672,1.1454287165174257,4.685423729384311,4.9315337470416,True,True,,,,,,,,,,,,,,,,,,,,,,,,,,,,,0
s9_k5op_b_s03_pos1_tap3_mc420_cpl0_rp4p87611739853_rn4p9185599481_f12370_f21100_a0_dac1p25,K5OP,B,3,0.05,1,3,420,ac,0.0,0.0,0,1.25,0,4.876117398528499,4.918559948095463,40.0,2370.0,1100.0,,0,,,,,,,,,,,-4.996884612659791,-5.0,-0.06230774680417994,1.1661274630676068,-0.08387253693239316,1.1827759446389956,4.90466760866186,4.927697124850589,True,True,,,,,,,,,,,,,,,,,,,,,,,,,,,,,0
s9_k5op_b_s03_pos1_tap3_mc421_cpl0_rp4p87900528971_rn4p94147219615_f12370_f21100_a0_dac1p25,K5OP,B,3,0.05,1,3,421,ac,0.0,0.0,0,1.25,0,4.879005289711984,4.941472196154558,40.0,2370.0,1100.0,,0,,,,,,,,,,,-5.061986427585818,-5.0,1.239728551716368,1.3420232243173063,0.09202322431730625,1.323498273318752,5.6266863945164385,4.864231583826887,True,True,,,,,,,,,,,,,,,,,,,,,,,,,,,,,0
s9_k5op_b_s03_pos1_tap3_mc422_cpl0_rp4p82462707523_rn4p90248850271_f12370_f21100_a0_dac1p25,K5OP,B,3,0.05,1,3,422,ac,0.0,0.0,0,1.25,0,4.8246270752332405,4.9024885027091925,40.0,2370.0,1100.0,,0,,,,,,,,,,,-5.100062829993313,-5.0,2.0012565998662524,1.2016062155228948,-0.048393784477105184,1.2111237996411237,5.034659435623199,4.922661659677806,True,True,,,,,,,,,,,,,,,,,,,,,,,,,,,,,0
s9_k5op_b_s03_pos1_tap3_mc423_cpl0_rp4p83341517313_rn4p9478789508_f12370_f21100_a0_dac1p25,K5OP,B,3,0.05,1,3,423,ac,0.0,0.0,0,1.25,0,4.833415173128162,4.947878950800543,40.0,2370.0,1100.0,,0,,,,,,,,,,,-5.0406158631752795,-5.0,0.8123172635055909,1.151643725924117,-0.09835627407588299,1.1704830469378509,4.8016475921051445,4.928077561851805,True,True,,,,,,,,,,,,,,,,,,,,,,,,,,,,,0
s9_k5op_b_s03_pos1_tap3_mc424_cpl0_rp4p98497470264_rn4p87863981118_f12370_f21100_a0_dac1p25,K5OP,B,3,0.05,1,3,424,ac,0.0,0.0,0,1.25,0,4.984974702641672,4.878639811180132,40.0,2370.0,1100.0,,0,,,,,,,,,,,-5.046102198144942,-5.0,0.9220439628988331,1.1494337547561249,-0.10056624524387514,1.1694412023000842,4.8408399570811635,4.929566475422935,True,True,,,,,,,,,,,,,,,,,,,,,,,,,,,,,0
s9_k5op_b_s03_pos1_tap3_mc425_cpl0_rp4p88982410079_rn4p89862494377_f12370_f21100_a0_dac1p25,K5OP,B,3,0.05,1,3,425,ac,0.0,0.0,0,1.25,0,4.889824100787956,4.898624943770372,40.0,2370.0,1100.0,,0,,,,,,,,,,,-4.826303819000843,-5.0,-3.4739236199831325,1.1328749543653316,-0.11712504563466841,1.1556156506115602,4.743435851909483,4.9305358024975945,True,True,,,,,,,,,,,,,,,,,,,,,,,,,,,,,0
s9_k5op_b_s03_pos1_tap3_mc426_cpl0_rp4p91339773929_rn4p87662957089_f12370_f21100_a0_dac1p25,K5OP,B,3,0.05,1,3,426,ac,0.0,0.0,0,1.25,0,4.913397739285786,4.8766295708922005,40.0,2370.0,1100.0,,0,,,,,,,,,,,-4.979708396236182,-5.0,-0.4058320752763578,1.239685183086149,-0.010314816913850944,1.2418241792442068,5.257564218351234,4.919260579649337,True,True,,,,,,,,,,,,,,,,,,,,,,,,,,,,,0
s9_k5op_b_s03_pos1_tap3_mc427_cpl0_rp4p90178926913_rn4p81648021279_f12370_f21100_a0_dac1p25,K5OP,B,3,0.05,1,3,427,ac,0.0,0.0,0,1.25,0,4.901789269129636,4.816480212786739,40.0,2370.0,1100.0,,0,,,,,,,,,,,-5.04286548462396,-5.0,0.8573096924791912,1.3133195024355737,0.06331950243557372,1.300577256692047,5.511410372449554,4.893289452189861,True,True,,,,,,,,,,,,,,,,,,,,,,,,,,,,,0
s9_k5op_b_s03_pos1_tap3_mc428_cpl0_rp4p9627612632_rn4p95493428922_f12370_f21100_a0_dac1p25,K5OP,B,3,0.05,1,3,428,ac,0.0,0.0,0,1.25,0,4.962761263201627,4.954934289218422,40.0,2370.0,1100.0,,0,,,,,,,,,,,-5.041344987924079,-5.0,0.8268997584815807,1.126310546552353,-0.12368945344764692,1.1509151325192044,4.74817905122441,4.931790220698158,True,True,,,,,,,,,,,,,,,,,,,,,,,,,,,,,0
s9_k5op_b_s03_pos1_tap3_mc429_cpl0_rp4p86282359383_rn4p91195043688_f12370_f21100_a0_dac1p25,K5OP,B,3,0.05,1,3,429,ac,0.0,0.0,0,1.25,0,4.8628235938318385,4.9119504368805424,40.0,2370.0,1100.0,,0,,,,,,,,,,,-4.917184810607322,-5.0,-1.6563037878535525,1.1512919574564071,-0.09870804254359289,1.171231569210162,4.868364957480937,4.929858567275413,True,True,,,,,,,,,,,,,,,,,,,,,,,,,,,,,0
s9_k5op_b_s03_pos1_tap3_mc42_cpl0_rp4p86668659914_rn4p82600599647_f12370_f21100_a0_dac1p25,K5OP,B,3,0.05,1,3,42,ac,0.0,0.0,0,1.25,0,4.866686599144292,4.826005996469422,40.0,2370.0,1100.0,,0,,,,,,,,,,,-5.0921156209089435,-5.0,1.8423124181788708,1.3164386503413108,0.0664386503413108,1.303368298740629,5.494370427957678,4.885968273392524,True,True,,,,,,,,,,,,,,,,,,,,,,,,,,,,,0
s9_k5op_b_s03_pos1_tap3_mc430_cpl0_rp4p99434612323_rn4p82596910836_f12370_f21100_a0_dac1p25,K5OP,B,3,0.05,1,3,430,ac,0.0,0.0,0,1.25,0,4.994346123227494,4.825969108361858,40.0,2370.0,1100.0,,0,,,,,,,,,,,-5.13600962953964,-5.0,2.7201925907927915,1.3774838207995046,0.1274838207995046,1.3527506957224498,5.720917492059769,4.7010188091529415,True,True,,,,,,,,,,,,,,,,,,,,,,,,,,,,,0
s9_k5op_b_s03_pos1_tap3_mc431_cpl0_rp4p91116573768_rn4p8298137622_f12370_f21100_a0_dac1p25,K5OP,B,3,0.05,1,3,431,ac,0.0,0.0,0,1.25,0,4.91116573767908,4.829813762201956,40.0,2370.0,1100.0,,0,,,,,,,,,,,-4.927458180896682,-5.0,-1.4508363820663561,1.1138188933306525,-0.13618110666934746,1.1394942652197282,4.631121416514253,4.93151907718433,True,True,,,,,,,,,,,,,,,,,,,,,,,,,,,,,0
s9_k5op_b_s03_pos1_tap3_mc432_cpl0_rp4p89014342738_rn4p99554185829_f12370_f21100_a0_dac1p25,K5OP,B,3,0.05,1,3,432,ac,0.0,0.0,0,1.25,0,4.89014342737591,4.9955418582863675,40.0,2370.0,1100.0,,0,,,,,,,,,,,-4.902604944626576,-5.0,-1.947901107468475,1.148558840835525,-0.10144115916447505,1.1680671393943713,4.794259692303161,4.928644232328807,True,True,,,,,,,,,,,,,,,,,,,,,,,,,,,,,0
s9_k5op_b_s03_pos1_tap3_mc433_cpl0_rp4p93677229798_rn4p97592014524_f12370_f21100_a0_dac1p25,K5OP,B,3,0.05,1,3,433,ac,0.0,0.0,0,1.25,0,4.936772297977573,4.975920145237492,40.0,2370.0,1100.0,,0,,,,,,,,,,,-5.029247275633697,-5.0,0.58494551267394,1.3137827212150188,0.06378272121501882,1.301189805654968,5.488349211740907,4.888834931778518,True,True,,,,,,,,,,,,,,,,,,,,,,,,,,,,,0
s9_k5op_b_s03_pos1_tap3_mc434_cpl0_rp4p97491088108_rn4p86882693556_f12370_f21100_a0_dac1p25,K5OP,B,3,0.05,1,3,434,ac,0.0,0.0,0,1.25,0,4.974910881079785,4.868826935558604,40.0,2370.0,1100.0,,0,,,,,,,,,,,-5.195717356358154,-5.0,3.914347127163076,1.30173379017878,0.05173379017877999,1.2916826501362562,5.4197015764937735,4.893429049893377,True,True,,,,,,,,,,,,,,,,,,,,,,,,,,,,,0
s9_k5op_b_s03_pos1_tap3_mc435_cpl0_rp4p9182471955_rn4p81836957152_f12370_f21100_a0_dac1p25,K5OP,B,3,0.05,1,3,435,ac,0.0,0.0,0,1.25,0,4.918247195501483,4.818369571516747,40.0,2370.0,1100.0,,0,,,,,,,,,,,-4.868663782071403,-5.0,-2.6267243585719413,1.3737406181897756,0.12374061818977555,1.3503809495804,5.672345218883983,4.682405854985956,True,True,,,,,,,,,,,,,,,,,,,,,,,,,,,,,0
s9_k5op_b_s03_pos1_tap3_mc436_cpl0_rp4p88771955369_rn4p91132094399_f12370_f21100_a0_dac1p25,K5OP,B,3,0.05,1,3,436,ac,0.0,0.0,0,1.25,0,4.8877195536887275,4.9113209439946255,40.0,2370.0,1100.0,,0,,,,,,,,,,,-5.073740775158431,-5.0,1.4748155031686139,1.3477672663469307,0.09776726634693067,1.328729454423375,5.6066840047322515,4.821169776736887,True,True,,,,,,,,,,,,,,,,,,,,,,,,,,,,,0
s9_k5op_b_s03_pos1_tap3_mc437_cpl0_rp4p93445364917_rn4p80865497354_f12370_f21100_a0_dac1p25,K5OP,B,3,0.05,1,3,437,ac,0.0,0.0,0,1.25,0,4.934453649171059,4.808654973540427,40.0,2370.0,1100.0,,0,,,,,,,,,,,-4.9774351094793445,-5.0,-0.45129781041310935,1.2861240510093297,0.036124051009329694,1.2795016646534656,5.287291230057601,4.8924634544399055,True,True,,,,,,,,,,,,,,,,,,,,,,,,,,,,,0
s9_k5op_b_s03_pos1_tap3_mc438_cpl0_rp4p84421385802_rn4p82762531564_f12370_f21100_a0_dac1p25,K5OP,B,3,0.05,1,3,438,ac,0.0,0.0,0,1.25,0,4.844213858015451,4.827625315639734,40.0,2370.0,1100.0,,0,,,,,,,,,,,-5.045038249327893,-5.0,0.9007649865578671,1.3831829885290157,0.13318298852901567,1.357756744525321,5.723762495042525,4.658292822814175,True,True,,,,,,,,,,,,,,,,,,,,,,,,,,,,,0
s9_k5op_b_s03_pos1_tap3_mc439_cpl0_rp4p91373172506_rn4p930527309_f12370_f21100_a0_dac1p25,K5OP,B,3,0.05,1,3,439,ac,0.0,0.0,0,1.25,0,4.91373172505646,4.930527309003868,40.0,2370.0,1100.0,,0,,,,,,,,,,,-4.9347348907899935,-5.0,-1.30530218420013,1.2981722344755164,0.04817223447551644,1.2890267900675465,5.376906867355089,4.891315169589793,True,True,,,,,,,,,,,,,,,,,,,,,,,,,,,,,0
s9_k5op_b_s03_pos1_tap3_mc43_cpl0_rp4p91618072202_rn4p87284003786_f12370_f21100_a0_dac1p25,K5OP,B,3,0.05,1,3,43,ac,0.0,0.0,0,1.25,0,4.916180722023276,4.872840037858758,40.0,2370.0,1100.0,,0,,,,,,,,,,,-5.015172688455971,-5.0,0.3034537691194217,1.3597732578760517,0.10977325787605174,1.3390388761575416,5.617142249732263,4.738846740759975,True,True,,,,,,,,,,,,,,,,,,,,,,,,,,,,,0
s9_k5op_b_s03_pos1_tap3_mc440_cpl0_rp4p94731480802_rn4p81983101758_f12370_f21100_a0_dac1p25,K5OP,B,3,0.05,1,3,440,ac,0.0,0.0,0,1.25,0,4.9473148080236165,4.819831017576631,40.0,2370.0,1100.0,,0,,,,,,,,,,,-4.985158764056363,-5.0,-0.29682471887273465,1.396288700425782,0.14628870042578201,1.3696120372419918,5.721866423335907,4.551556819929585,True,True,,,,,,,,,,,,,,,,,,,,,,,,,,,,,0
s9_k5op_b_s03_pos1_tap3_mc441_cpl0_rp4p93868404524_rn4p94219884705_f12370_f21100_a0_dac1p25,K5OP,B,3,0.05,1,3,441,ac,0.0,0.0,0,1.25,0,4.938684045243629,4.942198847048544,40.0,2370.0,1100.0,,0,,,,,,,,,,,-5.083292385987592,-5.0,1.665847719751845,1.4164797899382329,0.16647978993823287,1.3831010935170638,5.91918266995115,4.587344350445286,True,True,,,,,,,,,,,,,,,,,,,,,,,,,,,,,0
s9_k5op_b_s03_pos1_tap3_mc442_cpl0_rp4p83993282853_rn4p82015738078_f12370_f21100_a0_dac1p25,K5OP,B,3,0.05,1,3,442,ac,0.0,0.0,0,1.25,0,4.839932828527066,4.820157380784122,40.0,2370.0,1100.0,,0,,,,,,,,,,,-5.102835235507586,-5.0,2.0567047101517133,1.3852834210115965,0.13528342101159652,1.3588932424344562,5.758999876161184,4.676720681000109,True,True,,,,,,,,,,,,,,,,,,,,,,,,,,,,,0
s9_k5op_b_s03_pos1_tap3_mc443_cpl0_rp4p96483957111_rn4p9682278316_f12370_f21100_a0_dac1p25,K5OP,B,3,0.05,1,3,443,ac,0.0,0.0,0,1.25,0,4.964839571106617,4.968227831597427,40.0,2370.0,1100.0,,0,,,,,,,,,,,-4.980598630024202,-5.0,-0.38802739951595555,1.1899293928719887,-0.060070607128011266,1.2013886320065406,4.949790600732538,4.9230506409304455,True,True,,,,,,,,,,,,,,,,,,,,,,,,,,,,,0
s9_k5op_b_s03_pos1_tap3_mc444_cpl0_rp4p84650185077_rn4p91420142673_f12370_f21100_a0_dac1p25,K5OP,B,3,0.05,1,3,444,ac,0.0,0.0,0,1.25,0,4.846501850768853,4.914201426727646,40.0,2370.0,1100.0,,0,,,,,,,,,,,-5.0575415970535165,-5.0,1.1508319410703294,1.3154573510474448,0.06545735104744477,1.302714153873164,5.477143588322191,4.883933890070103,True,True,,,,,,,,,,,,,,,,,,,,,,,,,,,,,0
s9_k5op_b_s03_pos1_tap3_mc445_cpl0_rp4p87222682255_rn4p92161223144_f12370_f21100_a0_dac1p25,K5OP,B,3,0.05,1,3,445,ac,0.0,0.0,0,1.25,0,4.872226822548897,4.921612231443327,40.0,2370.0,1100.0,,0,,,,,,,,,,,-4.9600101093267845,-5.0,-0.7997978134643091,1.3594058994866545,0.10940589948665447,1.3386399854084938,5.621568244671401,4.746177166904613,True,True,,,,,,,,,,,,,,,,,,,,,,,,,,,,,0
s9_k5op_b_s03_pos1_tap3_mc446_cpl0_rp4p83587136549_rn4p89235603238_f12370_f21100_a0_dac1p25,K5OP,B,3,0.05,1,3,446,ac,0.0,0.0,0,1.25,0,4.8358713654866365,4.892356032379998,40.0,2370.0,1100.0,,0,,,,,,,,,,,-4.995972647753311,-5.0,-0.0805470449337875,1.2974604202541289,0.04746042025412889,1.287838828490378,5.457810405737039,4.90224652009711,True,True,,,,,,,,,,,,,,,,,,,,,,,,,,,,,0
s9_k5op_b_s03_pos1_tap3_mc447_cpl0_rp4p91808955789_rn4p84124517631_f12370_f21100_a0_dac1p25,K5OP,B,3,0.05,1,3,447,ac,0.0,0.0,0,1.25,0,4.91808955788955,4.841245176312512,40.0,2370.0,1100.0,,0,,,,,,,,,,,-4.961330418552068,-5.0,-0.7733916289586418,1.2167448797164229,-0.03325512028357713,1.2227809095836772,4.9983598499028385,4.915832775266839,True,True,,,,,,,,,,,,,,,,,,,,,,,,,,,,,0
s9_k5op_b_s03_pos1_tap3_mc448_cpl0_rp4p91326034605_rn4p80768961249_f12370_f21100_a0_dac1p25,K5OP,B,3,0.05,1,3,448,ac,0.0,0.0,0,1.25,0,4.913260346054073,4.807689612488507,40.0,2370.0,1100.0,,0,,,,,,,,,,,-4.886876843448684,-5.0,-2.2624631310263155,1.2184311340346143,-0.03156886596538566,1.224248702964286,5.0225617722107,4.9164652450883315,True,True,,,,,,,,,,,,,,,,,,,,,,,,,,,,,0
s9_k5op_b_s03_pos1_tap3_mc449_cpl0_rp4p89853833736_rn4p97944014372_f12370_f21100_a0_dac1p25,K5OP,B,3,0.05,1,3,449,ac,0.0,0.0,0,1.25,0,4.898538337363991,4.97944014371821,40.0,2370.0,1100.0,,0,,,,,,,,,,,-5.022847771295913,-5.0,0.45695542591825955,1.3261028266233883,0.0761028266233883,1.3115838280776984,5.4946029817342,4.862180055391708,True,True,,,,,,,,,,,,,,,,,,,,,,,,,,,,,0
s9_k5op_b_s03_pos1_tap3_mc44_cpl0_rp4p99711894844_rn4p82368120501_f12370_f21100_a0_dac1p25,K5OP,B,3,0.05,1,3,44,ac,0.0,0.0,0,1.25,0,4.997118948444106,4.823681205007997,40.0,2370.0,1100.0,,0,,,,,,,,,,,-4.893201179724249,-5.0,-2.1359764055150166,1.2254144161652176,-0.024585583834782376,1.2301366524644826,5.100149606740148,4.917455705484893,True,True,,,,,,,,,,,,,,,,,,,,,,,,,,,,,0
s9_k5op_b_s03_pos1_tap3_mc450_cpl0_rp4p89239110364_rn4p80615369179_f12370_f21100_a0_dac1p25,K5OP,B,3,0.05,1,3,450,ac,0.0,0.0,0,1.25,0,4.892391103642157,4.806153691794557,40.0,2370.0,1100.0,,0,,,,,,,,,,,-5.102524622385474,-5.0,2.0504924477094733,1.3887295680005072,0.13872956800050718,1.3616762492568522,5.772358770582338,4.662515365135541,True,True,,,,,,,,,,,,,,,,,,,,,,,,,,,,,0
s9_k5op_b_s03_pos1_tap3_mc451_cpl0_rp4p92126212577_rn4p99481129844_f12370_f21100_a0_dac1p25,K5OP,B,3,0.05,1,3,451,ac,0.0,0.0,0,1.25,0,4.921262125773868,4.994811298436988,40.0,2370.0,1100.0,,0,,,,,,,,,,,-5.077474424695971,-5.0,1.5494884939194264,1.3440523491144456,0.0940523491144456,1.3263055841266298,5.553024052971837,4.799340687034277,True,True,,,,,,,,,,,,,,,,,,,,,,,,,,,,,0
s9_k5op_b_s03_pos1_tap3_mc452_cpl0_rp4p96816879058_rn4p83494627596_f12370_f21100_a0_dac1p25,K5OP,B,3,0.05,1,3,452,ac,0.0,0.0,0,1.25,0,4.968168790584767,4.8349462759630715,40.0,2370.0,1100.0,,0,,,,,,,,,,,-4.9471579833457735,-5.0,-1.05684033308453,1.410685083827239,0.1606850838272389,1.3802221006807804,5.82525043571709,4.539769765099153,True,True,,,,,,,,,,,,,,,,,,,,,,,,,,,,,0
s9_k5op_b_s03_pos1_tap3_mc453_cpl0_rp4p81189616737_rn4p92513478479_f12370_f21100_a0_dac1p25,K5OP,B,3,0.05,1,3,453,ac,0.0,0.0,0,1.25,0,4.811896167372134,4.925134784791296,40.0,2370.0,1100.0,,0,,,,,,,,,,,-4.960471420991208,-5.0,-0.7905715801758362,1.2118707401465818,-0.038129259853418196,1.2188150568517881,4.982746174734769,4.917063394293136,True,True,,,,,,,,,,,,,,,,,,,,,,,,,,,,,0
s9_k5op_b_s03_pos1_tap3_mc454_cpl0_rp4p84477285746_rn4p85156316116_f12370_f21100_a0_dac1p25,K5OP,B,3,0.05,1,3,454,ac,0.0,0.0,0,1.25,0,4.8447728574641715,4.851563161162482,40.0,2370.0,1100.0,,0,,,,,,,,,,,-5.015858216659508,-5.0,0.31716433319015636,1.2431836593013204,-0.006816340698679646,1.2445820473297657,5.256765834401838,4.91797271025353,True,True,,,,,,,,,,,,,,,,,,,,,,,,,,,,,0
s9_k5op_b_s03_pos1_tap3_mc455_cpl0_rp4p9611795944_rn4p94607428095_f12370_f21100_a0_dac1p25,K5OP,B,3,0.05,1,3,455,ac,0.0,0.0,0,1.25,0,4.961179594399361,4.946074280945574,40.0,2370.0,1100.0,,0,,,,,,,,,,,-4.915004686388835,-5.0,-1.699906272223295,1.1298307039464845,-0.12016929605351545,1.1538383299196862,4.767890597555706,4.931614311422834,True,True,,,,,,,,,,,,,,,,,,,,,,,,,,,,,0
s9_k5op_b_s03_pos1_tap3_mc456_cpl0_rp4p8081696137_rn4p89844934998_f12370_f21100_a0_dac1p25,K5OP,B,3,0.05,1,3,456,ac,0.0,0.0,0,1.25,0,4.808169613704869,4.898449349976364,40.0,2370.0,1100.0,,0,,,,,,,,,,,-5.06055301722208,-5.0,1.2110603444416057,1.1994794448691408,-0.05052055513085918,1.209530489993113,5.041033683609992,4.923452789829997,True,True,,,,,,,,,,,,,,,,,,,,,,,,,,,,,0
s9_k5op_b_s03_pos1_tap3_mc457_cpl0_rp4p80901387006_rn4p89893927897_f12370_f21100_a0_dac1p25,K5OP,B,3,0.05,1,3,457,ac,0.0,0.0,0,1.25,0,4.809013870061053,4.898939278974989,40.0,2370.0,1100.0,,0,,,,,,,,,,,-4.924898167026015,-5.0,-1.5020366594796997,1.096725585488752,-0.1532744145112479,1.12590894760585,4.574645765247764,4.933324849179719,True,True,,,,,,,,,,,,,,,,,,,,,,,,,,,,,0
s9_k5op_b_s03_pos1_tap3_mc458_cpl0_rp4p97886635009_rn4p86955244537_f12370_f21100_a0_dac1p25,K5OP,B,3,0.05,1,3,458,ac,0.0,0.0,0,1.25,0,4.97886635008926,4.869552445369452,40.0,2370.0,1100.0,,0,,,,,,,,,,,-4.8519183717909975,-5.0,-2.96163256418005,1.3544286479041001,0.10442864790410011,1.3329701674255359,5.703955837193245,4.853192774115297,True,True,,,,,,,,,,,,,,,,,,,,,,,,,,,,,0
s9_k5op_b_s03_pos1_tap3_mc459_cpl0_rp4p83963177594_rn4p8663180674_f12370_f21100_a0_dac1p25,K5OP,B,3,0.05,1,3,459,ac,0.0,0.0,0,1.25,0,4.839631775943394,4.866318067395099,40.0,2370.0,1100.0,,0,,,,,,,,,,,-5.012545857606465,-5.0,0.2509171521293041,1.3089125689237548,0.05891256892375485,1.2971097298017948,5.487915370842961,4.8950262099255415,True,True,,,,,,,,,,,,,,,,,,,,,,,,,,,,,0
s9_k5op_b_s03_pos1_tap3_mc45_cpl0_rp4p82760566967_rn4p99722862818_f12370_f21100_a0_dac1p25,K5OP,B,3,0.05,1,3,45,ac,0.0,0.0,0,1.25,0,4.827605669673552,4.997228628177117,40.0,2370.0,1100.0,,0,,,,,,,,,,,-4.963767862903312,-5.0,-0.7246427419337564,1.2052276409960652,-0.044772359003934836,1.214525181572436,5.121682101419751,4.924604521008018,True,True,,,,,,,,,,,,,,,,,,,,,,,,,,,,,0
s9_k5op_b_s03_pos1_tap3_mc460_cpl0_rp4p92007457843_rn4p99419478961_f12370_f21100_a0_dac1p25,K5OP,B,3,0.05,1,3,460,ac,0.0,0.0,0,1.25,0,4.920074578427743,4.994194789613285,40.0,2370.0,1100.0,,0,,,,,,,,,,,-4.9321937646669145,-5.0,-1.35612470666171,1.1982933086803953,-0.0517066913196047,1.2080073071451567,4.964742114406535,4.921031694732374,True,True,,,,,,,,,,,,,,,,,,,,,,,,,,,,,0
s9_k5op_b_s03_pos1_tap3_mc461_cpl0_rp4p91074305468_rn4p85079696789_f12370_f21100_a0_dac1p25,K5OP,B,3,0.05,1,3,461,ac,0.0,0.0,0,1.25,0,4.910743054677111,4.850796967891991,40.0,2370.0,1100.0,,0,,,,,,,,,,,-5.015030716693847,-5.0,0.30061433387693626,1.2692846241146483,0.019284624114648263,1.2653131458931246,5.366412290807293,4.9126355131309385,True,True,,,,,,,,,,,,,,,,,,,,,,,,,,,,,0
s9_k5op_b_s03_pos1_tap3_mc462_cpl0_rp4p81682487932_rn4p80385501731_f12370_f21100_a0_dac1p25,K5OP,B,3,0.05,1,3,462,ac,0.0,0.0,0,1.25,0,4.816824879322612,4.8038550173147785,40.0,2370.0,1100.0,,0,,,,,,,,,,,-4.933899770499073,-5.0,-1.322004590018544,1.2821861545538202,0.032186154553820234,1.276109580504016,5.306225317503641,4.89925406023804,True,True,,,,,,,,,,,,,,,,,,,,,,,,,,,,,0
s9_k5op_b_s03_pos1_tap3_mc463_cpl0_rp4p81980051483_rn4p93994820809_f12370_f21100_a0_dac1p25,K5OP,B,3,0.05,1,3,463,ac,0.0,0.0,0,1.25,0,4.819800514826301,4.939948208085681,40.0,2370.0,1100.0,,0,,,,,,,,,,,-4.964937230264477,-5.0,-0.7012553947104649,1.396902369455584,0.146902369455584,1.369369159974927,5.756364555291968,4.581145599647323,True,True,,,,,,,,,,,,,,,,,,,,,,,,,,,,,0
s9_k5op_b_s03_pos1_tap3_mc464_cpl0_rp4p93819973582_rn4p89022032526_f12370_f21100_a0_dac1p25,K5OP,B,3,0.05,1,3,464,ac,0.0,0.0,0,1.25,0,4.93819973581738,4.890220325258228,40.0,2370.0,1100.0,,0,,,,,,,,,,,-5.070082562157907,-5.0,1.4016512431581418,1.3490748450820516,0.09907484508205155,1.3301389585957575,5.588709621689727,4.795059565965812,True,True,,,,,,,,,,,,,,,,,,,,,,,,,,,,,0
s9_k5op_b_s03_pos1_tap3_mc465_cpl0_rp4p97378126426_rn4p99197721852_f12370_f21100_a0_dac1p25,K5OP,B,3,0.05,1,3,465,ac,0.0,0.0,0,1.25,0,4.973781264259639,4.991977218520064,40.0,2370.0,1100.0,,0,,,,,,,,,,,-4.943356171318358,-5.0,-1.132876573632835,1.3114906227982859,0.06149062279828588,1.2988976088701911,5.527623940904883,4.897502777589499,True,True,,,,,,,,,,,,,,,,,,,,,,,,,,,,,0
s9_k5op_b_s03_pos1_tap3_mc466_cpl0_rp4p87794000204_rn4p89205780317_f12370_f21100_a0_dac1p25,K5OP,B,3,0.05,1,3,466,ac,0.0,0.0,0,1.25,0,4.8779400020416315,4.892057803174942,40.0,2370.0,1100.0,,0,,,,,,,,,,,-4.840732670382764,-5.0,-3.185346592344729,1.2110789397278543,-0.0389210602721457,1.2186161991892712,5.053004602205791,4.920481016751259,True,True,,,,,,,,,,,,,,,,,,,,,,,,,,,,,0
s9_k5op_b_s03_pos1_tap3_mc467_cpl0_rp4p96689425009_rn4p99443766455_f12370_f21100_a0_dac1p25,K5OP,B,3,0.05,1,3,467,ac,0.0,0.0,0,1.25,0,4.96689425008728,4.994437664548066,40.0,2370.0,1100.0,,0,,,,,,,,,,,-5.033144402840639,-5.0,0.6628880568127826,1.1262444622229555,-0.12375553777704451,1.1487966935422738,4.640909439037616,4.929340570962159,True,True,,,,,,,,,,,,,,,,,,,,,,,,,,,,,0
s9_k5op_b_s03_pos1_tap3_mc468_cpl0_rp4p99627994237_rn4p80677673773_f12370_f21100_a0_dac1p25,K5OP,B,3,0.05,1,3,468,ac,0.0,0.0,0,1.25,0,4.996279942373079,4.806776737728935,40.0,2370.0,1100.0,,0,,,,,,,,,,,-4.9465469377980575,-5.0,-1.0690612440388492,1.140559890933343,-0.10944010906665702,1.1607535135400078,4.7125650982420115,4.9281649806017045,True,True,,,,,,,,,,,,,,,,,,,,,,,,,,,,,0
s9_k5op_b_s03_pos1_tap3_mc469_cpl0_rp4p86746515181_rn4p82442949935_f12370_f21100_a0_dac1p25,K5OP,B,3,0.05,1,3,469,ac,0.0,0.0,0,1.25,0,4.867465151813388,4.824429499351856,40.0,2370.0,1100.0,,0,,,,,,,,,,,-5.07335950955623,-5.0,1.467190191124601,1.4440045418926404,0.19400454189264038,1.4074110580571215,5.952395774112425,4.400359438971277,False,True,,,,,,,,,,,,,,,,,,,,,,,,,,,,,0
s9_k5op_b_s03_pos1_tap3_mc46_cpl0_rp4p98614128366_rn4p95326093094_f12370_f21100_a0_dac1p25,K5OP,B,3,0.05,1,3,46,ac,0.0,0.0,0,1.25,0,4.9861412836618335,4.9532609309445235,40.0,2370.0,1100.0,,0,,,,,,,,,,,-5.069194145399969,-5.0,1.3838829079993786,1.2772928410879556,0.0272928410879556,1.271681195796769,5.396238260656373,4.910404972671383,True,True,,,,,,,,,,,,,,,,,,,,,,,,,,,,,0
s9_k5op_b_s03_pos1_tap3_mc470_cpl0_rp4p91328404321_rn4p86674408431_f12370_f21100_a0_dac1p25,K5OP,B,3,0.05,1,3,470,ac,0.0,0.0,0,1.25,0,4.9132840432076454,4.866744084313133,40.0,2370.0,1100.0,,0,,,,,,,,,,,-5.068184503912665,-5.0,1.363690078253299,1.333216480877421,0.08321648087742095,1.316117948276731,5.61901331305654,4.883802199101963,True,True,,,,,,,,,,,,,,,,,,,,,,,,,,,,,0
s9_k5op_b_s03_pos1_tap3_mc471_cpl0_rp4p89736193895_rn4p8066346075_f12370_f21100_a0_dac1p25,K5OP,B,3,0.05,1,3,471,ac,0.0,0.0,0,1.25,0,4.897361938947755,4.806634607495522,40.0,2370.0,1100.0,,0,,,,,,,,,,,-4.997646862589189,-5.0,-0.04706274821622003,1.1653147705947833,-0.08468522940521672,1.1824738700362858,4.928523231725581,4.928493904850391,True,True,,,,,,,,,,,,,,,,,,,,,,,,,,,,,0
s9_k5op_b_s03_pos1_tap3_mc472_cpl0_rp4p82442057089_rn4p90328400898_f12370_f21100_a0_dac1p25,K5OP,B,3,0.05,1,3,472,ac,0.0,0.0,0,1.25,0,4.824420570887314,4.9032840089774,40.0,2370.0,1100.0,,0,,,,,,,,,,,-5.0155498435691115,-5.0,0.31099687138222976,1.2435844855421938,-0.006415514457806193,1.2448854644226086,5.242687397374445,4.917170360115455,True,True,,,,,,,,,,,,,,,,,,,,,,,,,,,,,0
s9_k5op_b_s03_pos1_tap3_mc473_cpl0_rp4p81133556306_rn4p83594098262_f12370_f21100_a0_dac1p25,K5OP,B,3,0.05,1,3,473,ac,0.0,0.0,0,1.25,0,4.811335563056074,4.835940982615407,40.0,2370.0,1100.0,,0,,,,,,,,,,,-5.01418621501748,-5.0,0.28372430034959706,1.4435893713983738,0.19358937139837384,1.407914291897514,5.92319708777878,4.374482116591763,False,True,,,,,,,,,,,,,,,,,,,,,,,,,,,,,0
s9_k5op_b_s03_pos1_tap3_mc474_cpl0_rp4p84073641539_rn4p87162305829_f12370_f21100_a0_dac1p25,K5OP,B,3,0.05,1,3,474,ac,0.0,0.0,0,1.25,0,4.840736415390106,4.871623058289732,40.0,2370.0,1100.0,,0,,,,,,,,,,,-5.02772120233419,-5.0,0.5544240466837991,1.2700778265787869,0.020077826578786873,1.2662430852928592,5.271866365623044,4.9054529404214895,True,True,,,,,,,,,,,,,,,,,,,,,,,,,,,,,0
s9_k5op_b_s03_pos1_tap3_mc475_cpl0_rp4p84031180256_rn4p85577913513_f12370_f21100_a0_dac1p25,K5OP,B,3,0.05,1,3,475,ac,0.0,0.0,0,1.25,0,4.840311802564188,4.855779135131709,40.0,2370.0,1100.0,,0,,,,,,,,,,,-5.019838491198136,-5.0,0.3967698239627282,1.117568189160891,-0.13243181083910893,1.1417516871446056,4.608584762184524,4.930298160710062,True,True,,,,,,,,,,,,,,,,,,,,,,,,,,,,,0
s9_k5op_b_s03_pos1_tap3_mc476_cpl0_rp4p80826104094_rn4p87299243737_f12370_f21100_a0_dac1p25,K5OP,B,3,0.05,1,3,476,ac,0.0,0.0,0,1.25,0,4.8082610409374436,4.872992437372049,40.0,2370.0,1100.0,,0,,,,,,,,,,,-4.86990870765891,-5.0,-2.6018258468218036,1.216497961882213,-0.03350203811778707,1.2228352731949061,5.04581791772139,4.918294902514501,True,True,,,,,,,,,,,,,,,,,,,,,,,,,,,,,0
s9_k5op_b_s03_pos1_tap3_mc477_cpl0_rp4p9011025822_rn4p98272173248_f12370_f21100_a0_dac1p25,K5OP,B,3,0.05,1,3,477,ac,0.0,0.0,0,1.25,0,4.901102582197919,4.982721732480511,40.0,2370.0,1100.0,,0,,,,,,,,,,,-5.078124506874726,-5.0,1.562490137494521,1.292430446541533,0.04243044654153305,1.284149823760481,5.388134528917362,4.899111791801834,True,True,,,,,,,,,,,,,,,,,,,,,,,,,,,,,0
s9_k5op_b_s03_pos1_tap3_mc478_cpl0_rp4p94375421175_rn4p94783314723_f12370_f21100_a0_dac1p25,K5OP,B,3,0.05,1,3,478,ac,0.0,0.0,0,1.25,0,4.943754211749966,4.947833147232941,40.0,2370.0,1100.0,,0,,,,,,,,,,,-5.008910885307083,-5.0,0.178217706141659,1.4196563231328578,0.16965632313285783,1.388449658506252,5.825308678000473,4.4680580929376355,False,True,,,,,,,,,,,,,,,,,,,,,,,,,,,,,0
s9_k5op_b_s03_pos1_tap3_mc479_cpl0_rp4p94451228521_rn4p87916699196_f12370_f21100_a0_dac1p25,K5OP,B,3,0.05,1,3,479,ac,0.0,0.0,0,1.25,0,4.944512285207889,4.8791669919552785,40.0,2370.0,1100.0,,0,,,,,,,,,,,-5.069887184007804,-5.0,1.3977436801560827,1.4056588918735997,0.15565889187359971,1.373684434707113,5.908404527972774,4.663126344419272,True,True,,,,,,,,,,,,,,,,,,,,,,,,,,,,,0
s9_k5op_b_s03_pos1_tap3_mc47_cpl0_rp4p8941099336_rn4p90077857548_f12370_f21100_a0_dac1p25,K5OP,B,3,0.05,1,3,47,ac,0.0,0.0,0,1.25,0,4.894109933598021,4.900778575478652,40.0,2370.0,1100.0,,0,,,,,,,,,,,-4.893877738643804,-5.0,-2.122445227123926,1.3719571049461747,0.12195710494617473,1.3484365280007862,5.691382945498374,4.71567907151251,True,True,,,,,,,,,,,,,,,,,,,,,,,,,,,,,0
s9_k5op_b_s03_pos1_tap3_mc480_cpl0_rp4p9165168846_rn4p81704233275_f12370_f21100_a0_dac1p25,K5OP,B,3,0.05,1,3,480,ac,0.0,0.0,0,1.25,0,4.916516884599978,4.817042332753258,40.0,2370.0,1100.0,,0,,,,,,,,,,,-4.931793034876231,-5.0,-1.3641393024753867,1.1908120992564892,-0.05918790074351077,1.202390778015683,4.984698627920926,4.924052242998313,True,True,,,,,,,,,,,,,,,,,,,,,,,,,,,,,0
s9_k5op_b_s03_pos1_tap3_mc481_cpl0_rp4p90897657852_rn4p83863291458_f12370_f21100_a0_dac1p25,K5OP,B,3,0.05,1,3,481,ac,0.0,0.0,0,1.25,0,4.908976578521395,4.83863291458142,40.0,2370.0,1100.0,,0,,,,,,,,,,,-5.0895511898001455,-5.0,1.7910237960029107,1.203698433634363,-0.04630156636563698,1.2127698311056383,5.038153834982008,4.922143111710873,True,True,,,,,,,,,,,,,,,,,,,,,,,,,,,,,0
s9_k5op_b_s03_pos1_tap3_mc482_cpl0_rp4p86288100731_rn4p91113469178_f12370_f21100_a0_dac1p25,K5OP,B,3,0.05,1,3,482,ac,0.0,0.0,0,1.25,0,4.862881007312245,4.911134691775557,40.0,2370.0,1100.0,,0,,,,,,,,,,,-4.92176722019777,-5.0,-1.5646555960445951,1.425678028259079,0.17567802825907908,1.3906365800583993,5.949197190969427,4.543772964896782,True,True,,,,,,,,,,,,,,,,,,,,,,,,,,,,,0
s9_k5op_b_s03_pos1_tap3_mc483_cpl0_rp4p83291461281_rn4p81672175434_f12370_f21100_a0_dac1p25,K5OP,B,3,0.05,1,3,483,ac,0.0,0.0,0,1.25,0,4.83291461281191,4.81672175434094,40.0,2370.0,1100.0,,0,,,,,,,,,,,-5.019661319328739,-5.0,0.39322638657477427,1.2040931613976564,-0.04590683860234357,1.2126226869255852,4.974815194577436,4.9196073738610036,True,True,,,,,,,,,,,,,,,,,,,,,,,,,,,,,0
s9_k5op_b_s03_pos1_tap3_mc484_cpl0_rp4p80955583217_rn4p93161747833_f12370_f21100_a0_dac1p25,K5OP,B,3,0.05,1,3,484,ac,0.0,0.0,0,1.25,0,4.80955583216582,4.931617478327593,40.0,2370.0,1100.0,,0,,,,,,,,,,,-4.957920085374878,-5.0,-0.8415982925024323,1.390489377255887,0.14048937725588706,1.3626806628638226,5.798484961723194,4.67455906441942,True,True,,,,,,,,,,,,,,,,,,,,,,,,,,,,,0
s9_k5op_b_s03_pos1_tap3_mc485_cpl0_rp4p89514580487_rn4p91137783103_f12370_f21100_a0_dac1p25,K5OP,B,3,0.05,1,3,485,ac,0.0,0.0,0,1.25,0,4.895145804869464,4.9113778310291725,40.0,2370.0,1100.0,,0,,,,,,,,,,,-4.874746270059571,-5.0,-2.5050745988085765,1.3646541705392747,0.11465417053927474,1.342673141961761,5.654809517222674,4.737472470962623,True,True,,,,,,,,,,,,,,,,,,,,,,,,,,,,,0
s9_k5op_b_s03_pos1_tap3_mc486_cpl0_rp4p95705388401_rn4p94764671172_f12370_f21100_a0_dac1p25,K5OP,B,3,0.05,1,3,486,ac,0.0,0.0,0,1.25,0,4.957053884006331,4.947646711724817,40.0,2370.0,1100.0,,0,,,,,,,,,,,-4.9076028405554695,-5.0,-1.8479431888906106,1.2507732931322642,0.0007732931322641523,1.2506245314394884,5.203521766114262,4.911899842381294,True,True,,,,,,,,,,,,,,,,,,,,,,,,,,,,,0
s9_k5op_b_s03_pos1_tap3_mc487_cpl0_rp4p84482012182_rn4p95383071947_f12370_f21100_a0_dac1p25,K5OP,B,3,0.05,1,3,487,ac,0.0,0.0,0,1.25,0,4.84482012181883,4.953830719470984,40.0,2370.0,1100.0,,0,,,,,,,,,,,-5.000818858348133,-5.0,0.016377166962655565,1.3207348415889972,0.07073484158899723,1.3063876448047955,5.551581738319806,4.890164133517159,True,True,,,,,,,,,,,,,,,,,,,,,,,,,,,,,0
s9_k5op_b_s03_pos1_tap3_mc488_cpl0_rp4p88763720285_rn4p83155380993_f12370_f21100_a0_dac1p25,K5OP,B,3,0.05,1,3,488,ac,0.0,0.0,0,1.25,0,4.887637202849622,4.831553809926781,40.0,2370.0,1100.0,,0,,,,,,,,,,,-4.945149083732225,-5.0,-1.0970183253554922,1.1362816582001318,-0.11371834179986817,1.1587048453533377,4.776697107795377,4.930605895943761,True,True,,,,,,,,,,,,,,,,,,,,,,,,,,,,,0
s9_k5op_b_s03_pos1_tap3_mc489_cpl0_rp4p84766955943_rn4p875178525_f12370_f21100_a0_dac1p25,K5OP,B,3,0.05,1,3,489,ac,0.0,0.0,0,1.25,0,4.847669559428117,4.875178525002907,40.0,2370.0,1100.0,,0,,,,,,,,,,,-5.0186139969543575,-5.0,0.37227993908715007,1.341300369685685,0.09130036968568489,1.3238331579092426,5.55882401282283,4.824504828369441,True,True,,,,,,,,,,,,,,,,,,,,,,,,,,,,,0
s9_k5op_b_s03_pos1_tap3_mc48_cpl0_rp4p84579746796_rn4p94824174979_f12370_f21100_a0_dac1p25,K5OP,B,3,0.05,1,3,48,ac,0.0,0.0,0,1.25,0,4.845797467955072,4.948241749788483,40.0,2370.0,1100.0,,0,,,,,,,,,,,-4.980532223308076,-5.0,-0.38935553383847576,1.2581967635636477,0.008196763563647735,1.2566779933966157,5.187989361698664,4.906455302297339,True,True,,,,,,,,,,,,,,,,,,,,,,,,,,,,,0
s9_k5op_b_s03_pos1_tap3_mc490_cpl0_rp4p88142816359_rn4p98473046386_f12370_f21100_a0_dac1p25,K5OP,B,3,0.05,1,3,490,ac,0.0,0.0,0,1.25,0,4.881428163586611,4.984730463863299,40.0,2370.0,1100.0,,0,,,,,,,,,,,-4.959875156089977,-5.0,-0.8024968782004649,1.21447255328884,-0.03552744671115993,1.2212040692031523,5.039708340153352,4.918768775272522,True,True,,,,,,,,,,,,,,,,,,,,,,,,,,,,,0
s9_k5op_b_s03_pos1_tap3_mc491_cpl0_rp4p86846818018_rn4p85896451487_f12370_f21100_a0_dac1p25,K5OP,B,3,0.05,1,3,491,ac,0.0,0.0,0,1.25,0,4.86846818017839,4.858964514867365,40.0,2370.0,1100.0,,0,,,,,,,,,,,-4.948596934446492,-5.0,-1.0280613110701609,1.2038181223423312,-0.04618187765766879,1.212765202950306,5.024482731696015,4.921587862434994,True,True,,,,,,,,,,,,,,,,,,,,,,,,,,,,,0
s9_k5op_b_s03_pos1_tap3_mc492_cpl0_rp4p84718679302_rn4p96650176044_f12370_f21100_a0_dac1p25,K5OP,B,3,0.05,1,3,492,ac,0.0,0.0,0,1.25,0,4.847186793022051,4.966501760442533,40.0,2370.0,1100.0,,0,,,,,,,,,,,-4.968803373327502,-5.0,-0.6239325334499668,1.3777936031386653,0.12779360313866528,1.352372313060151,5.7541265071003735,4.731693381103213,True,True,,,,,,,,,,,,,,,,,,,,,,,,,,,,,0
s9_k5op_b_s03_pos1_tap3_mc493_cpl0_rp4p92914468276_rn4p81937382261_f12370_f21100_a0_dac1p25,K5OP,B,3,0.05,1,3,493,ac,0.0,0.0,0,1.25,0,4.929144682763958,4.819373822611605,40.0,2370.0,1100.0,,0,,,,,,,,,,,-4.982894107595781,-5.0,-0.34211784808437784,1.3733955548555032,0.12339555485550324,1.3489979657302866,5.728652723851313,4.741367815517339,True,True,,,,,,,,,,,,,,,,,,,,,,,,,,,,,0
s9_k5op_b_s03_pos1_tap3_mc494_cpl0_rp4p83246035377_rn4p87140084391_f12370_f21100_a0_dac1p25,K5OP,B,3,0.05,1,3,494,ac,0.0,0.0,0,1.25,0,4.832460353767677,4.871400843910421,40.0,2370.0,1100.0,,0,,,,,,,,,,,-5.038986368445464,-5.0,0.7797273689092776,1.4014745053332673,0.15147450533326734,1.3712894534501874,5.851143212094533,4.63934478654043,True,True,,,,,,,,,,,,,,,,,,,,,,,,,,,,,0
s9_k5op_b_s03_pos1_tap3_mc495_cpl0_rp4p89615372738_rn4p95659479426_f12370_f21100_a0_dac1p25,K5OP,B,3,0.05,1,3,495,ac,0.0,0.0,0,1.25,0,4.896153727381476,4.956594794260359,40.0,2370.0,1100.0,,0,,,,,,,,,,,-4.893263504755163,-5.0,-2.134729904896737,1.3477893615354501,0.09778936153545015,1.3298780810399453,5.532934928797506,4.750451907572533,True,True,,,,,,,,,,,,,,,,,,,,,,,,,,,,,0
s9_k5op_b_s03_pos1_tap3_mc496_cpl0_rp4p82124294855_rn4p89418312606_f12370_f21100_a0_dac1p25,K5OP,B,3,0.05,1,3,496,ac,0.0,0.0,0,1.25,0,4.821242948548383,4.894183126064418,40.0,2370.0,1100.0,,0,,,,,,,,,,,-5.010369522848279,-5.0,0.20739045696558378,1.3718083914988475,0.12180839149884748,1.3476648804567142,5.725505930664417,4.750866794966135,True,True,,,,,,,,,,,,,,,,,,,,,,,,,,,,,0
s9_k5op_b_s03_pos1_tap3_mc497_cpl0_rp4p94590527831_rn4p89269603778_f12370_f21100_a0_dac1p25,K5OP,B,3,0.05,1,3,497,ac,0.0,0.0,0,1.25,0,4.945905278313416,4.892696037778297,40.0,2370.0,1100.0,,0,,,,,,,,,,,-4.942576663149456,-5.0,-1.148466737010878,1.2578534194361268,0.00785341943612683,1.2563764073721604,5.204289202565661,4.908049718377762,True,True,,,,,,,,,,,,,,,,,,,,,,,,,,,,,0
s9_k5op_b_s03_pos1_tap3_mc498_cpl0_rp4p98483368934_rn4p86744459047_f12370_f21100_a0_dac1p25,K5OP,B,3,0.05,1,3,498,ac,0.0,0.0,0,1.25,0,4.984833689338516,4.867444590474708,40.0,2370.0,1100.0,,0,,,,,,,,,,,-4.911828848825017,-5.0,-1.763423023499655,1.3979455200450321,0.14794552004503214,1.3682743694091646,5.845423991720795,4.661853154432684,True,True,,,,,,,,,,,,,,,,,,,,,,,,,,,,,0
s9_k5op_b_s03_pos1_tap3_mc499_cpl0_rp4p83548282447_rn4p91934024335_f12370_f21100_a0_dac1p25,K5OP,B,3,0.05,1,3,499,ac,0.0,0.0,0,1.25,0,4.835482824471407,4.919340243345649,40.0,2370.0,1100.0,,0,,,,,,,,,,,-4.924131848275115,-5.0,-1.5173630344976985,1.3544659968131416,0.10446599681314162,1.334856667436263,5.588432192099905,4.752521349588185,True,True,,,,,,,,,,,,,,,,,,,,,,,,,,,,,0
s9_k5op_b_s03_pos1_tap3_mc49_cpl0_rp4p89650450288_rn4p92668320918_f12370_f21100_a0_dac1p25,K5OP,B,3,0.05,1,3,49,ac,0.0,0.0,0,1.25,0,4.896504502883394,4.926683209181735,40.0,2370.0,1100.0,,0,,,,,,,,,,,-4.960145396360804,-5.0,-0.7970920727839115,1.3050597770213321,0.055059777021332135,1.2940367873986967,5.4715545911142875,4.896950999739013,True,True,,,,,,,,,,,,,,,,,,,,,,,,,,,,,0
s9_k5op_b_s03_pos1_tap3_mc4_cpl0_rp4p9639242883_rn4p9501632796_f12370_f21100_a0_dac1p25,K5OP,B,3,0.05,1,3,4,ac,0.0,0.0,0,1.25,0,4.963924288299439,4.950163279600443,40.0,2370.0,1100.0,,0,,,,,,,,,,,-4.938204925390988,-5.0,-1.235901492180247,1.227025536016653,-0.022974463983346904,1.2315239157910236,5.130677860796219,4.918243124319788,True,True,,,,,,,,,,,,,,,,,,,,,,,,,,,,,0
s9_k5op_b_s03_pos1_tap3_mc50_cpl0_rp4p93838286104_rn4p81764389731_f12370_f21100_a0_dac1p25,K5OP,B,3,0.05,1,3,50,ac,0.0,0.0,0,1.25,0,4.938382861036046,4.817643897306691,40.0,2370.0,1100.0,,0,,,,,,,,,,,-4.919758101437299,-5.0,-1.604837971254014,1.3085814094964927,0.05858140949649271,1.2972911153945696,5.437034811420393,4.887111486064817,True,True,,,,,,,,,,,,,,,,,,,,,,,,,,,,,0
s9_k5op_b_s03_pos1_tap3_mc51_cpl0_rp4p94108494795_rn4p84597086392_f12370_f21100_a0_dac1p25,K5OP,B,3,0.05,1,3,51,ac,0.0,0.0,0,1.25,0,4.941084947954228,4.845970863919445,40.0,2370.0,1100.0,,0,,,,,,,,,,,-5.013848615289751,-5.0,0.2769723057950202,1.3780049330666424,0.1280049330666424,1.3522384624013755,5.770517427283938,4.746332062699851,True,True,,,,,,,,,,,,,,,,,,,,,,,,,,,,,0
s9_k5op_b_s03_pos1_tap3_mc52_cpl0_rp4p90067306704_rn4p92869417858_f12370_f21100_a0_dac1p25,K5OP,B,3,0.05,1,3,52,ac,0.0,0.0,0,1.25,0,4.900673067044964,4.928694178577813,40.0,2370.0,1100.0,,0,,,,,,,,,,,-4.8346722434216005,-5.0,-3.3065551315679897,1.3828593294550313,0.13285932945503132,1.3589796586580039,5.6517431673955745,4.588868531755348,True,True,,,,,,,,,,,,,,,,,,,,,,,,,,,,,0
s9_k5op_b_s03_pos1_tap3_mc53_cpl0_rp4p90671802168_rn4p84604051155_f12370_f21100_a0_dac1p25,K5OP,B,3,0.05,1,3,53,ac,0.0,0.0,0,1.25,0,4.906718021679604,4.846040511552379,40.0,2370.0,1100.0,,0,,,,,,,,,,,-5.002356567218147,-5.0,0.04713134436293842,1.359436711479921,0.10943671147992107,1.3392235889224873,5.5892341797796465,4.713696754083126,True,True,,,,,,,,,,,,,,,,,,,,,,,,,,,,,0
s9_k5op_b_s03_pos1_tap3_mc54_cpl0_rp4p98569420512_rn4p85186384419_f12370_f21100_a0_dac1p25,K5OP,B,3,0.05,1,3,54,ac,0.0,0.0,0,1.25,0,4.985694205117068,4.851863844192985,40.0,2370.0,1100.0,,0,,,,,,,,,,,-5.076018312358599,-5.0,1.520366247171978,1.1855808025008547,-0.06441919749914526,1.1974129836880472,4.887331397790961,4.92203820549667,True,True,,,,,,,,,,,,,,,,,,,,,,,,,,,,,0
s9_k5op_b_s03_pos1_tap3_mc55_cpl0_rp4p81692971849_rn4p86324679714_f12370_f21100_a0_dac1p25,K5OP,B,3,0.05,1,3,55,ac,0.0,0.0,0,1.25,0,4.816929718488971,4.86324679713733,40.0,2370.0,1100.0,,0,,,,,,,,,,,-5.035338528136535,-5.0,0.7067705627306964,1.1640846536657288,-0.08591534633427123,1.1807081489819793,4.863941663256041,4.927019244663366,True,True,,,,,,,,,,,,,,,,,,,,,,,,,,,,,0
s9_k5op_b_s03_pos1_tap3_mc56_cpl0_rp4p89383174788_rn4p94109310762_f12370_f21100_a0_dac1p25,K5OP,B,3,0.05,1,3,56,ac,0.0,0.0,0,1.25,0,4.893831747878307,4.9410931076228115,40.0,2370.0,1100.0,,0,,,,,,,,,,,-5.000322814979974,-5.0,0.006456299599477688,1.2168938414148014,-0.03310615858519861,1.2231095541250951,5.038403201860092,4.917775376218306,True,True,,,,,,,,,,,,,,,,,,,,,,,,,,,,,0
s9_k5op_b_s03_pos1_tap3_mc57_cpl0_rp4p85647483821_rn4p83451618039_f12370_f21100_a0_dac1p25,K5OP,B,3,0.05,1,3,57,ac,0.0,0.0,0,1.25,0,4.856474838211144,4.834516180392071,40.0,2370.0,1100.0,,0,,,,,,,,,,,-5.018694834703741,-5.0,0.3738966940748156,1.1712282424409213,-0.07877175755907873,1.185657319095102,4.826778013233838,4.924069376862085,True,True,,,,,,,,,,,,,,,,,,,,,,,,,,,,,0
s9_k5op_b_s03_pos1_tap3_mc58_cpl0_rp4p89346033217_rn4p83607483876_f12370_f21100_a0_dac1p25,K5OP,B,3,0.05,1,3,58,ac,0.0,0.0,0,1.25,0,4.893460332174911,4.836074838764913,40.0,2370.0,1100.0,,0,,,,,,,,,,,-4.913157582544958,-5.0,-1.736848349100839,1.2081512806692007,-0.041848719330799256,1.2159937980898534,5.001210004037553,4.919295978290558,True,True,,,,,,,,,,,,,,,,,,,,,,,,,,,,,0
s9_k5op_b_s03_pos1_tap3_mc59_cpl0_rp4p82373364137_rn4p91750785234_f12370_f21100_a0_dac1p25,K5OP,B,3,0.05,1,3,59,ac,0.0,0.0,0,1.25,0,4.823733641370459,4.917507852337766,40.0,2370.0,1100.0,,0,,,,,,,,,,,-4.95296508343035,-5.0,-0.9406983313930084,1.2545439082342922,0.004543908234292182,1.2536503293189136,5.246310663152679,4.9126752376787195,True,True,,,,,,,,,,,,,,,,,,,,,,,,,,,,,0
s9_k5op_b_s03_pos1_tap3_mc5_cpl0_rp4p82480901845_rn4p85891971041_f12370_f21100_a0_dac1p25,K5OP,B,3,0.05,1,3,5,ac,0.0,0.0,0,1.25,0,4.824809018452469,4.858919710414241,40.0,2370.0,1100.0,,0,,,,,,,,,,,-4.952462480500408,-5.0,-0.950750389991839,1.407072244789722,0.15707224478972193,1.3759462882681575,5.866263334642724,4.6096852055763,True,True,,,,,,,,,,,,,,,,,,,,,,,,,,,,,0
s9_k5op_b_s03_pos1_tap3_mc60_cpl0_rp4p84684747008_rn4p97109424672_f12370_f21100_a0_dac1p25,K5OP,B,3,0.05,1,3,60,ac,0.0,0.0,0,1.25,0,4.846847470081567,4.971094246724969,40.0,2370.0,1100.0,,0,,,,,,,,,,,-4.934278780165835,-5.0,-1.3144243966833002,1.225009411501532,-0.024990588498468025,1.2299216099598922,5.127571899692576,4.918802700363023,True,True,,,,,,,,,,,,,,,,,,,,,,,,,,,,,0
s9_k5op_b_s03_pos1_tap3_mc61_cpl0_rp4p94483197358_rn4p95053325516_f12370_f21100_a0_dac1p25,K5OP,B,3,0.05,1,3,61,ac,0.0,0.0,0,1.25,0,4.944831973580668,4.950533255157358,40.0,2370.0,1100.0,,0,,,,,,,,,,,-5.063736893817339,-5.0,1.2747378763467765,1.2895383581577702,0.03953835815777018,1.2817466237077366,5.388980678748496,4.901733258626453,True,True,,,,,,,,,,,,,,,,,,,,,,,,,,,,,0
s9_k5op_b_s03_pos1_tap3_mc62_cpl0_rp4p81530518808_rn4p84368973926_f12370_f21100_a0_dac1p25,K5OP,B,3,0.05,1,3,62,ac,0.0,0.0,0,1.25,0,4.815305188076907,4.843689739264638,40.0,2370.0,1100.0,,0,,,,,,,,,,,-4.951080079978132,-5.0,-0.9783984004373636,1.1254353350164419,-0.12456466498355812,1.1497418259232324,4.719985116680089,4.931357040935654,True,True,,,,,,,,,,,,,,,,,,,,,,,,,,,,,0
s9_k5op_b_s03_pos1_tap3_mc63_cpl0_rp4p92941797896_rn4p92106168524_f12370_f21100_a0_dac1p25,K5OP,B,3,0.05,1,3,63,ac,0.0,0.0,0,1.25,0,4.929417978963851,4.921061685235077,40.0,2370.0,1100.0,,0,,,,,,,,,,,-5.078641967406039,-5.0,1.5728393481207803,1.233243331395904,-0.01675666860409608,1.236513950864625,5.151551979029382,4.916797850088338,True,True,,,,,,,,,,,,,,,,,,,,,,,,,,,,,0
s9_k5op_b_s03_pos1_tap3_mc64_cpl0_rp4p81847647918_rn4p86125477416_f12370_f21100_a0_dac1p25,K5OP,B,3,0.05,1,3,64,ac,0.0,0.0,0,1.25,0,4.818476479179087,4.861254774161835,40.0,2370.0,1100.0,,0,,,,,,,,,,,-5.006367392700328,-5.0,0.12734785400656534,1.3718815416246968,0.12188154162469678,1.3492167823276313,5.646960516358609,4.671898392393292,True,True,,,,,,,,,,,,,,,,,,,,,,,,,,,,,0
s9_k5op_b_s03_pos1_tap3_mc65_cpl0_rp4p98548728336_rn4p8322453739_f12370_f21100_a0_dac1p25,K5OP,B,3,0.05,1,3,65,ac,0.0,0.0,0,1.25,0,4.985487283362776,4.832245373900748,40.0,2370.0,1100.0,,0,,,,,,,,,,,-5.094456260261726,-5.0,1.8891252052345209,1.2231394012664605,-0.02686059873353952,1.2283156901343566,5.0951448849873735,4.918031049581427,True,True,,,,,,,,,,,,,,,,,,,,,,,,,,,,,0
s9_k5op_b_s03_pos1_tap3_mc66_cpl0_rp4p86891949042_rn4p81968547826_f12370_f21100_a0_dac1p25,K5OP,B,3,0.05,1,3,66,ac,0.0,0.0,0,1.25,0,4.8689194904222814,4.81968547825727,40.0,2370.0,1100.0,,0,,,,,,,,,,,-4.851330634507267,-5.0,-2.973387309854658,1.1462100943615767,-0.10378990563842327,1.165974532185369,4.772762742163222,4.9285594819209875,True,True,,,,,,,,,,,,,,,,,,,,,,,,,,,,,0
s9_k5op_b_s03_pos1_tap3_mc67_cpl0_rp4p87381940208_rn4p84921330081_f12370_f21100_a0_dac1p25,K5OP,B,3,0.05,1,3,67,ac,0.0,0.0,0,1.25,0,4.873819402079665,4.8492133008067695,40.0,2370.0,1100.0,,0,,,,,,,,,,,-5.0711571456931726,-5.0,1.423142913863451,1.2249269910429474,-0.025073008957052556,1.2297479884405509,5.099519218006398,4.917541022848516,True,True,,,,,,,,,,,,,,,,,,,,,,,,,,,,,0
s9_k5op_b_s03_pos1_tap3_mc68_cpl0_rp4p93398577308_rn4p85144702565_f12370_f21100_a0_dac1p25,K5OP,B,3,0.05,1,3,68,ac,0.0,0.0,0,1.25,0,4.933985773077202,4.851447025649973,40.0,2370.0,1100.0,,0,,,,,,,,,,,-5.096137292754266,-5.0,1.9227458550853171,1.3497103460120197,0.09971034601201967,1.3292024157243283,5.686349971011037,4.863379763616875,True,True,,,,,,,,,,,,,,,,,,,,,,,,,,,,,0
s9_k5op_b_s03_pos1_tap3_mc69_cpl0_rp4p91143479711_rn4p82654788787_f12370_f21100_a0_dac1p25,K5OP,B,3,0.05,1,3,69,ac,0.0,0.0,0,1.25,0,4.911434797113318,4.8265478878736365,40.0,2370.0,1100.0,,0,,,,,,,,,,,-4.968642399302281,-5.0,-0.6271520139543796,1.164713093227947,-0.08528690677205297,1.1824556571821094,4.962109366740561,4.9294333527411105,True,True,,,,,,,,,,,,,,,,,,,,,,,,,,,,,0
s9_k5op_b_s03_pos1_tap3_mc6_cpl0_rp4p99017081879_rn4p92930515062_f12370_f21100_a0_dac1p25,K5OP,B,3,0.05,1,3,6,ac,0.0,0.0,0,1.25,0,4.990170818793452,4.929305150616864,40.0,2370.0,1100.0,,0,,,,,,,,,,,-4.937006802903987,-5.0,-1.2598639419202584,1.4247696253353044,0.17476962533530438,1.3889097701415591,5.983317512464641,4.585160509782193,True,True,,,,,,,,,,,,,,,,,,,,,,,,,,,,,0
s9_k5op_b_s03_pos1_tap3_mc70_cpl0_rp4p88881714958_rn4p81017969097_f12370_f21100_a0_dac1p25,K5OP,B,3,0.05,1,3,70,ac,0.0,0.0,0,1.25,0,4.8888171495826835,4.810179690974999,40.0,2370.0,1100.0,,0,,,,,,,,,,,-4.956157237187675,-5.0,-0.8768552562465004,1.180945993665204,-0.06905400633479597,1.1946240596054964,4.961199800737708,4.925740764477039,True,True,,,,,,,,,,,,,,,,,,,,,,,,,,,,,0
s9_k5op_b_s03_pos1_tap3_mc71_cpl0_rp4p80947156083_rn4p89461668416_f12370_f21100_a0_dac1p25,K5OP,B,3,0.05,1,3,71,ac,0.0,0.0,0,1.25,0,4.809471560826176,4.894616684158554,40.0,2370.0,1100.0,,0,,,,,,,,,,,-4.9638488919634405,-5.0,-0.7230221607311904,1.1748996426605418,-0.07510035733945819,1.1892895274272863,4.895102533290096,4.9253342954812025,True,True,,,,,,,,,,,,,,,,,,,,,,,,,,,,,0
s9_k5op_b_s03_pos1_tap3_mc72_cpl0_rp4p8591984229_rn4p98977652785_f12370_f21100_a0_dac1p25,K5OP,B,3,0.05,1,3,72,ac,0.0,0.0,0,1.25,0,4.859198422902416,4.9897765278485515,40.0,2370.0,1100.0,,0,,,,,,,,,,,-5.09534203664086,-5.0,1.9068407328171944,1.360901082534746,0.11090108253474606,1.3388865779632932,5.683816714491435,4.795531007741616,True,True,,,,,,,,,,,,,,,,,,,,,,,,,,,,,0
s9_k5op_b_s03_pos1_tap3_mc73_cpl0_rp4p97210393659_rn4p882087731_f12370_f21100_a0_dac1p25,K5OP,B,3,0.05,1,3,73,ac,0.0,0.0,0,1.25,0,4.972103936593898,4.882087730999263,40.0,2370.0,1100.0,,0,,,,,,,,,,,-4.872151627413723,-5.0,-2.5569674517255336,1.1409987102915313,-0.10900128970846867,1.1612418591420084,4.721892610881119,4.928347900686052,True,True,,,,,,,,,,,,,,,,,,,,,,,,,,,,,0
s9_k5op_b_s03_pos1_tap3_mc74_cpl0_rp4p81224899117_rn4p97047798808_f12370_f21100_a0_dac1p25,K5OP,B,3,0.05,1,3,74,ac,0.0,0.0,0,1.25,0,4.812248991171771,4.970477988080208,40.0,2370.0,1100.0,,0,,,,,,,,,,,-4.985736844141719,-5.0,-0.2852631171656128,1.3425147908531083,0.09251479085310832,1.3240685975755968,5.616035654143088,4.857281649470335,True,True,,,,,,,,,,,,,,,,,,,,,,,,,,,,,0
s9_k5op_b_s03_pos1_tap3_mc75_cpl0_rp4p87408261124_rn4p83842753066_f12370_f21100_a0_dac1p25,K5OP,B,3,0.05,1,3,75,ac,0.0,0.0,0,1.25,0,4.874082611238789,4.838427530657912,40.0,2370.0,1100.0,,0,,,,,,,,,,,-5.040203368575913,-5.0,0.8040673715182578,1.3724694734947747,0.12246947349477466,1.3501676569495653,5.624986414456174,4.645227435053283,True,True,,,,,,,,,,,,,,,,,,,,,,,,,,,,,0
s9_k5op_b_s03_pos1_tap3_mc76_cpl0_rp4p88235051161_rn4p88834123809_f12370_f21100_a0_dac1p25,K5OP,B,3,0.05,1,3,76,ac,0.0,0.0,0,1.25,0,4.8823505116112305,4.88834123809309,40.0,2370.0,1100.0,,0,,,,,,,,,,,-4.886984936968597,-5.0,-2.2603012606280615,1.2056703227634133,-0.04432967723658665,1.214033480993385,4.999291358863212,4.920021496168392,True,True,,,,,,,,,,,,,,,,,,,,,,,,,,,,,0
s9_k5op_b_s03_pos1_tap3_mc77_cpl0_rp4p94042145621_rn4p95409641466_f12370_f21100_a0_dac1p25,K5OP,B,3,0.05,1,3,77,ac,0.0,0.0,0,1.25,0,4.940421456214767,4.95409641465923,40.0,2370.0,1100.0,,0,,,,,,,,,,,-5.127688192246405,-5.0,2.553763844928092,1.1367452079236935,-0.11325479207630651,1.1600261759331196,4.833742083131687,4.931721012898512,True,True,,,,,,,,,,,,,,,,,,,,,,,,,,,,,0
s9_k5op_b_s03_pos1_tap3_mc78_cpl0_rp4p86823976616_rn4p87579310451_f12370_f21100_a0_dac1p25,K5OP,B,3,0.05,1,3,78,ac,0.0,0.0,0,1.25,0,4.8682397661630965,4.875793104508594,40.0,2370.0,1100.0,,0,,,,,,,,,,,-4.947486517454358,-5.0,-1.0502696509128384,1.2778608415946793,0.027860841594679275,1.2724225858052463,5.330089231488383,4.905160232449248,True,True,,,,,,,,,,,,,,,,,,,,,,,,,,,,,0
s9_k5op_b_s03_pos1_tap3_mc79_cpl0_rp4p89509926023_rn4p88681577062_f12370_f21100_a0_dac1p25,K5OP,B,3,0.05,1,3,79,ac,0.0,0.0,0,1.25,0,4.895099260228807,4.886815770623871,40.0,2370.0,1100.0,,0,,,,,,,,,,,-5.038666646301371,-5.0,0.7733329260274147,1.309089591959927,0.059089591959927024,1.2982586575043302,5.378985599222286,4.870631666153621,True,True,,,,,,,,,,,,,,,,,,,,,,,,,,,,,0
s9_k5op_b_s03_pos1_tap3_mc7_cpl0_rp4p9191824958_rn4p94462443839_f12370_f21100_a0_dac1p25,K5OP,B,3,0.05,1,3,7,ac,0.0,0.0,0,1.25,0,4.919182495796655,4.9446244383908775,40.0,2370.0,1100.0,,0,,,,,,,,,,,-5.003419494200578,-5.0,0.06838988401156598,1.4222872761756946,0.17228727617569461,1.3899226370934987,5.860625107218786,4.482326897813229,False,True,,,,,,,,,,,,,,,,,,,,,,,,,,,,,0
s9_k5op_b_s03_pos1_tap3_mc80_cpl0_rp4p90407268595_rn4p99116117843_f12370_f21100_a0_dac1p25,K5OP,B,3,0.05,1,3,80,ac,0.0,0.0,0,1.25,0,4.9040726859476464,4.991161178425712,40.0,2370.0,1100.0,,0,,,,,,,,,,,-4.992397135715754,-5.0,-0.1520572856849256,1.1409483113759953,-0.10905168862400472,1.1623009292306494,4.7863923928252206,4.929964916283317,True,True,,,,,,,,,,,,,,,,,,,,,,,,,,,,,0
s9_k5op_b_s03_pos1_tap3_mc81_cpl0_rp4p9204357772_rn4p91598929712_f12370_f21100_a0_dac1p25,K5OP,B,3,0.05,1,3,81,ac,0.0,0.0,0,1.25,0,4.920435777199089,4.915989297122961,40.0,2370.0,1100.0,,0,,,,,,,,,,,-5.125352121695403,-5.0,2.507042433908069,1.292497377387449,0.042497377387449076,1.2837227645334472,5.462823222820125,4.906273267723836,True,True,,,,,,,,,,,,,,,,,,,,,,,,,,,,,0
s9_k5op_b_s03_pos1_tap3_mc82_cpl0_rp4p83199788371_rn4p83944375677_f12370_f21100_a0_dac1p25,K5OP,B,3,0.05,1,3,82,ac,0.0,0.0,0,1.25,0,4.831997883708647,4.839443756766406,40.0,2370.0,1100.0,,0,,,,,,,,,,,-4.989924841903637,-5.0,-0.20150316192726336,1.2880652615436097,0.038065261543609674,1.2808481916353582,5.334869491198534,4.896916167882371,True,True,,,,,,,,,,,,,,,,,,,,,,,,,,,,,0
s9_k5op_b_s03_pos1_tap3_mc83_cpl0_rp4p98994570318_rn4p92885374731_f12370_f21100_a0_dac1p25,K5OP,B,3,0.05,1,3,83,ac,0.0,0.0,0,1.25,0,4.9899457031827525,4.928853747310462,40.0,2370.0,1100.0,,0,,,,,,,,,,,-4.9872194863549435,-5.0,-0.25561027290113003,1.1943850283849111,-0.05561497161508888,1.2050472972631003,4.97373225688105,4.922631982700567,True,True,,,,,,,,,,,,,,,,,,,,,,,,,,,,,0
s9_k5op_b_s03_pos1_tap3_mc84_cpl0_rp4p94962874674_rn4p95231937264_f12370_f21100_a0_dac1p25,K5OP,B,3,0.05,1,3,84,ac,0.0,0.0,0,1.25,0,4.949628746742632,4.9523193726378425,40.0,2370.0,1100.0,,0,,,,,,,,,,,-5.103293438117218,-5.0,2.0658687623443583,1.2239314438571816,-0.026068556142818444,1.2288999819998183,5.08472304542366,4.917223749714358,True,True,,,,,,,,,,,,,,,,,,,,,,,,,,,,,0
s9_k5op_b_s03_pos1_tap3_mc85_cpl0_rp4p99052628228_rn4p95771412663_f12370_f21100_a0_dac1p25,K5OP,B,3,0.05,1,3,85,ac,0.0,0.0,0,1.25,0,4.990526282278525,4.9577141266308535,40.0,2370.0,1100.0,,0,,,,,,,,,,,-5.077606275171842,-5.0,1.5521255034368409,1.2518078786573654,0.0018078786573654249,1.251457608660228,5.216510636053666,4.912116591744359,True,True,,,,,,,,,,,,,,,,,,,,,,,,,,,,,0
s9_k5op_b_s03_pos1_tap3_mc86_cpl0_rp4p81534552746_rn4p95489274822_f12370_f21100_a0_dac1p25,K5OP,B,3,0.05,1,3,86,ac,0.0,0.0,0,1.25,0,4.815345527458427,4.954892748219966,40.0,2370.0,1100.0,,0,,,,,,,,,,,-4.965584528029643,-5.0,-0.6883094394071421,1.3252351249211856,0.07523512492118556,1.3101245171182336,5.556492474390176,4.884185845717893,True,True,,,,,,,,,,,,,,,,,,,,,,,,,,,,,0
s9_k5op_b_s03_pos1_tap3_mc87_cpl0_rp4p80472956662_rn4p84793417503_f12370_f21100_a0_dac1p25,K5OP,B,3,0.05,1,3,87,ac,0.0,0.0,0,1.25,0,4.804729566620188,4.8479341750315745,40.0,2370.0,1100.0,,0,,,,,,,,,,,-5.035386395380925,-5.0,0.707727907618505,1.321207886456383,0.07120788645638298,1.3071677178978223,5.516335165601921,4.882361022524597,True,True,,,,,,,,,,,,,,,,,,,,,,,,,,,,,0
s9_k5op_b_s03_pos1_tap3_mc88_cpl0_rp4p89721161764_rn4p89687305656_f12370_f21100_a0_dac1p25,K5OP,B,3,0.05,1,3,88,ac,0.0,0.0,0,1.25,0,4.897211617639955,4.896873056557508,40.0,2370.0,1100.0,,0,,,,,,,,,,,-4.903544334334375,-5.0,-1.9291133133124916,1.376495122423377,0.12649512242337702,1.3518893147059414,5.720261454399678,4.7082642557459895,True,True,,,,,,,,,,,,,,,,,,,,,,,,,,,,,0
s9_k5op_b_s03_pos1_tap3_mc89_cpl0_rp4p96618907878_rn4p86040501269_f12370_f21100_a0_dac1p25,K5OP,B,3,0.05,1,3,89,ac,0.0,0.0,0,1.25,0,4.966189078779873,4.860405012692762,40.0,2370.0,1100.0,,0,,,,,,,,,,,-5.037454046834755,-5.0,0.7490809366951012,1.4574840379202176,0.20748403792021763,1.4174230735768556,6.03491143165591,4.3750391282941825,False,True,,,,,,,,,,,,,,,,,,,,,,,,,,,,,0
s9_k5op_b_s03_pos1_tap3_mc8_cpl0_rp4p96507607737_rn4p86843366932_f12370_f21100_a0_dac1p25,K5OP,B,3,0.05,1,3,8,ac,0.0,0.0,0,1.25,0,4.965076077369363,4.868433669320858,40.0,2370.0,1100.0,,0,,,,,,,,,,,-5.079459933728714,-5.0,1.589198674574277,1.147782256906891,-0.10221774309310905,1.1680499757213862,4.8298647665130385,4.929616153119691,True,True,,,,,,,,,,,,,,,,,,,,,,,,,,,,,0
s9_k5op_b_s03_pos1_tap3_mc90_cpl0_rp4p90843644284_rn4p80246070609_f12370_f21100_a0_dac1p25,K5OP,B,3,0.05,1,3,90,ac,0.0,0.0,0,1.25,0,4.908436442841985,4.802460706089642,40.0,2370.0,1100.0,,0,,,,,,,,,,,-4.875323304392332,-5.0,-2.4935339121533673,1.2424987646546553,-0.007501235345344748,1.243970978575285,5.195584127068649,4.91529303448293,True,True,,,,,,,,,,,,,,,,,,,,,,,,,,,,,0
s9_k5op_b_s03_pos1_tap3_mc91_cpl0_rp4p83038297979_rn4p98626428712_f12370_f21100_a0_dac1p25,K5OP,B,3,0.05,1,3,91,ac,0.0,0.0,0,1.25,0,4.830382979787494,4.986264287124217,40.0,2370.0,1100.0,,0,,,,,,,,,,,-4.998243334304098,-5.0,-0.03513331391804542,1.215500215066884,-0.034499784933115896,1.2219432208129555,5.026495892042229,4.917697913176688,True,True,,,,,,,,,,,,,,,,,,,,,,,,,,,,,0
s9_k5op_b_s03_pos1_tap3_mc92_cpl0_rp4p81562875086_rn4p85682619388_f12370_f21100_a0_dac1p25,K5OP,B,3,0.05,1,3,92,ac,0.0,0.0,0,1.25,0,4.815628750856108,4.856826193884682,40.0,2370.0,1100.0,,0,,,,,,,,,,,-4.956316797180893,-5.0,-0.8736640563821396,1.1454125440684386,-0.10458745593156138,1.1664488737180172,4.839117483537004,4.9303092361258605,True,True,,,,,,,,,,,,,,,,,,,,,,,,,,,,,0
s9_k5op_b_s03_pos1_tap3_mc93_cpl0_rp4p86363635694_rn4p88328915379_f12370_f21100_a0_dac1p25,K5OP,B,3,0.05,1,3,93,ac,0.0,0.0,0,1.25,0,4.863636356935841,4.883289153789947,40.0,2370.0,1100.0,,0,,,,,,,,,,,-5.010997781295101,-5.0,0.2199556259020241,1.3239879386665827,0.07398793866658271,1.3087270167946183,5.587372285806477,4.891752029497329,True,True,,,,,,,,,,,,,,,,,,,,,,,,,,,,,0
s9_k5op_b_s03_pos1_tap3_mc94_cpl0_rp4p92071985605_rn4p82299512814_f12370_f21100_a0_dac1p25,K5OP,B,3,0.05,1,3,94,ac,0.0,0.0,0,1.25,0,4.9207198560453085,4.822995128137165,40.0,2370.0,1100.0,,0,,,,,,,,,,,-4.902064534317407,-5.0,-1.9587093136518519,1.2741601729787002,0.024160172978700212,1.269477813247509,5.3062977114722845,4.905658683158324,True,True,,,,,,,,,,,,,,,,,,,,,,,,,,,,,0
s9_k5op_b_s03_pos1_tap3_mc95_cpl0_rp4p91235641176_rn4p95100309897_f12370_f21100_a0_dac1p25,K5OP,B,3,0.05,1,3,95,ac,0.0,0.0,0,1.25,0,4.912356411756327,4.951003098965599,40.0,2370.0,1100.0,,0,,,,,,,,,,,-4.888633792311969,-5.0,-2.2273241537606125,1.2839789776359547,0.0339789776359547,1.2774187913146402,5.340802750132086,4.9014248185302645,True,True,,,,,,,,,,,,,,,,,,,,,,,,,,,,,0
s9_k5op_b_s03_pos1_tap3_mc96_cpl0_rp4p98887721291_rn4p89671470465_f12370_f21100_a0_dac1p25,K5OP,B,3,0.05,1,3,96,ac,0.0,0.0,0,1.25,0,4.988877212910134,4.8967147046477155,40.0,2370.0,1100.0,,0,,,,,,,,,,,-5.054747943676441,-5.0,1.0949588735288174,1.344661000159814,0.09466100015981405,1.3266097444646918,5.568273641741991,4.809042756364956,True,True,,,,,,,,,,,,,,,,,,,,,,,,,,,,,0
s9_k5op_b_s03_pos1_tap3_mc97_cpl0_rp4p95689485016_rn4p90423819188_f12370_f21100_a0_dac1p25,K5OP,B,3,0.05,1,3,97,ac,0.0,0.0,0,1.25,0,4.956894850161169,4.904238191883401,40.0,2370.0,1100.0,,0,,,,,,,,,,,-4.996552520987185,-5.0,-0.0689495802562945,1.152421703605296,-0.09757829639470406,1.1715011515147162,4.830513014624509,4.928730771406419,True,True,,,,,,,,,,,,,,,,,,,,,,,,,,,,,0
s9_k5op_b_s03_pos1_tap3_mc98_cpl0_rp4p87507940839_rn4p96037974902_f12370_f21100_a0_dac1p25,K5OP,B,3,0.05,1,3,98,ac,0.0,0.0,0,1.25,0,4.87507940839033,4.9603797490179335,40.0,2370.0,1100.0,,0,,,,,,,,,,,-4.9752625283838725,-5.0,-0.49474943232254986,1.373250580405863,0.12325058040586301,1.3499758944538056,5.670774829011831,4.684754436394696,True,True,,,,,,,,,,,,,,,,,,,,,,,,,,,,,0
s9_k5op_b_s03_pos1_tap3_mc99_cpl0_rp4p93584667049_rn4p99418230324_f12370_f21100_a0_dac1p25,K5OP,B,3,0.05,1,3,99,ac,0.0,0.0,0,1.25,0,4.935846670489885,4.994182303244085,40.0,2370.0,1100.0,,0,,,,,,,,,,,-4.919948290561749,-5.0,-1.601034188765027,1.1039700874342708,-0.14602991256572917,1.1321461353537332,4.6200001689466195,4.932990451240103,True,True,,,,,,,,,,,,,,,,,,,,,,,,,,,,,0
s9_k5op_b_s03_pos1_tap3_mc9_cpl0_rp4p98797808192_rn4p9062057733_f12370_f21100_a0_dac1p25,K5OP,B,3,0.05,1,3,9,ac,0.0,0.0,0,1.25,0,4.987978081923813,4.906205773299968,40.0,2370.0,1100.0,,0,,,,,,,,,,,-5.024629991693619,-5.0,0.4925998338723758,1.3670195894040456,0.11701958940404555,1.343552452186984,5.721626116200303,4.784791551162718,True,True,,,,,,,,,,,,,,,,,,,,,,,,,,,,,0
s9_k5op_b_s06_pos100_tap0_mc0_cpl0_rp4p9844424025_rn4p84719952244_f12370_f21100_a0_dac1p25,K5OP,B,6,0.5,100,0,0,ac,0.0,0.0,0,1.25,0,4.984442402501529,4.847199522437094,40.0,2370.0,1100.0,,0,,,,,,,,,,,-0.48671637857073957,-0.5,-2.6567242858520856,1.1736380235020851,-0.07636197649791487,1.1873204925786827,4.81138077512129,4.922843747043768,True,True,,,,,,,,,,,,,,,,,,,,,,,,,,,,,0
s9_k5op_b_s06_pos100_tap0_mc100_cpl0_rp4p85918728673_rn4p85296983013_f12370_f21100_a0_dac1p25,K5OP,B,6,0.5,100,0,100,ac,0.0,0.0,0,1.25,0,4.859187286732117,4.852969830130256,40.0,2370.0,1100.0,,0,,,,,,,,,,,-0.5015831077074706,-0.5,0.316621541494122,1.166107534606215,-0.08389246539378492,1.1820740200543673,4.851670056583421,4.926192815683097,True,True,,,,,,,,,,,,,,,,,,,,,,,,,,,,,0
s9_k5op_b_s06_pos100_tap0_mc101_cpl0_rp4p92114416875_rn4p93251453173_f12370_f21100_a0_dac1p25,K5OP,B,6,0.5,100,0,101,ac,0.0,0.0,0,1.25,0,4.921144168752844,4.9325145317305,40.0,2370.0,1100.0,,0,,,,,,,,,,,-0.4934014091539263,-0.5,-1.3197181692147453,1.2885483168951826,0.038548316895182566,1.2813863186916643,5.312585130934957,4.893328608123704,True,True,,,,,,,,,,,,,,,,,,,,,,,,,,,,,0
s9_k5op_b_s06_pos100_tap0_mc102_cpl0_rp4p8407269707_rn4p90041833888_f12370_f21100_a0_dac1p25,K5OP,B,6,0.5,100,0,102,ac,0.0,0.0,0,1.25,0,4.840726970704301,4.900418338883661,40.0,2370.0,1100.0,,0,,,,,,,,,,,-0.4982125136241411,-0.5,-0.35749727517178087,1.2609993107956508,0.010999310795650752,1.2588971467672523,5.236347841665962,4.9084372864439825,True,True,,,,,,,,,,,,,,,,,,,,,,,,,,,,,0
s9_k5op_b_s06_pos100_tap0_mc103_cpl0_rp4p92039929382_rn4p93280884376_f12370_f21100_a0_dac1p25,K5OP,B,6,0.5,100,0,103,ac,0.0,0.0,0,1.25,0,4.920399293820216,4.932808843759211,40.0,2370.0,1100.0,,0,,,,,,,,,,,-0.5027269518408817,-0.5,0.545390368176335,1.3093245686484927,0.05932456864849267,1.298017666585486,5.426288203542054,4.883562430984579,True,True,,,,,,,,,,,,,,,,,,,,,,,,,,,,,0
s9_k5op_b_s06_pos100_tap0_mc104_cpl0_rp4p96672224013_rn4p89966174409_f12370_f21100_a0_dac1p25,K5OP,B,6,0.5,100,0,104,ac,0.0,0.0,0,1.25,0,4.966722240131348,4.899661744085006,40.0,2370.0,1100.0,,0,,,,,,,,,,,-0.49099095089155664,-0.5,-1.8018098216886713,1.150276724749764,-0.09972327525023594,1.168439015395402,4.736377863196232,4.926625497135432,True,True,,,,,,,,,,,,,,,,,,,,,,,,,,,,,0
s9_k5op_b_s06_pos100_tap0_mc105_cpl0_rp4p84375365941_rn4p9045927206_f12370_f21100_a0_dac1p25,K5OP,B,6,0.5,100,0,105,ac,0.0,0.0,0,1.25,0,4.8437536594097,4.904592720598521,40.0,2370.0,1100.0,,0,,,,,,,,,,,-0.4988445924721141,-0.5,-0.23108150557717977,1.3021716407326107,0.05217164073261071,1.2917936721519558,5.451606837565505,4.8973578434541905,True,True,,,,,,,,,,,,,,,,,,,,,,,,,,,,,0
s9_k5op_b_s06_pos100_tap0_mc106_cpl0_rp4p92012976805_rn4p93835919917_f12370_f21100_a0_dac1p25,K5OP,B,6,0.5,100,0,106,ac,0.0,0.0,0,1.25,0,4.92012976804918,4.938359199166201,40.0,2370.0,1100.0,,0,,,,,,,,,,,-0.49687859712779225,-0.5,-0.6242805744415492,1.0494559731775854,-0.20054402682241457,1.0885342088859875,4.414315304562125,4.937341384021694,False,True,,,,,,,,,,,,,,,,,,,,,,,,,,,,,0
s9_k5op_b_s06_pos100_tap0_mc107_cpl0_rp4p90582543511_rn4p83419667144_f12370_f21100_a0_dac1p25,K5OP,B,6,0.5,100,0,107,ac,0.0,0.0,0,1.25,0,4.905825435114754,4.834196671439539,40.0,2370.0,1100.0,,0,,,,,,,,,,,-0.4895124299749032,-0.5,-2.097514005019363,1.237787289855655,-0.012212710144344996,1.2401202116426115,5.142898289138369,4.914485205351955,True,True,,,,,,,,,,,,,,,,,,,,,,,,,,,,,0
s9_k5op_b_s06_pos100_tap0_mc108_cpl0_rp4p91359279791_rn4p87505767384_f12370_f21100_a0_dac1p25,K5OP,B,6,0.5,100,0,108,ac,0.0,0.0,0,1.25,0,4.913592797910243,4.875057673836121,40.0,2370.0,1100.0,,0,,,,,,,,,,,-0.5015290483779244,-0.5,0.30580967558488936,1.2856107851399905,0.0356107851399905,1.2786871761284366,5.356107145628721,4.901583082810367,True,True,,,,,,,,,,,,,,,,,,,,,,,,,,,,,0
s9_k5op_b_s06_pos100_tap0_mc109_cpl0_rp4p82924750101_rn4p86687646339_f12370_f21100_a0_dac1p25,K5OP,B,6,0.5,100,0,109,ac,0.0,0.0,0,1.25,0,4.8292475010116025,4.866876463390133,40.0,2370.0,1100.0,,0,,,,,,,,,,,-0.5022985554934412,-0.5,0.45971109868823135,1.3881341135161103,0.13813411351611027,1.360450738025301,5.805224549588839,4.700124290970018,True,True,,,,,,,,,,,,,,,,,,,,,,,,,,,,,0
s9_k5op_b_s06_pos100_tap0_mc10_cpl0_rp4p80977508378_rn4p87988575949_f12370_f21100_a0_dac1p25,K5OP,B,6,0.5,100,0,10,ac,0.0,0.0,0,1.25,0,4.809775083776429,4.879885759487983,40.0,2370.0,1100.0,,0,,,,,,,,,,,-0.501049656349073,-0.5,0.20993126981458943,1.284468263092473,0.034468263092473084,1.278095201401843,5.290593010407761,4.894876579628802,True,True,,,,,,,,,,,,,,,,,,,,,,,,,,,,,0
s9_k5op_b_s06_pos100_tap0_mc110_cpl0_rp4p99198766562_rn4p92434456387_f12370_f21100_a0_dac1p25,K5OP,B,6,0.5,100,0,110,ac,0.0,0.0,0,1.25,0,4.9919876656183435,4.924344563871135,40.0,2370.0,1100.0,,0,,,,,,,,,,,-0.4987882650594022,-0.5,-0.24234698811955724,1.2604519184630292,0.010451918463029175,1.2583460998715916,5.3015167859047025,4.913025898761055,True,True,,,,,,,,,,,,,,,,,,,,,,,,,,,,,0
s9_k5op_b_s06_pos100_tap0_mc111_cpl0_rp4p82611353312_rn4p86150940778_f12370_f21100_a0_dac1p25,K5OP,B,6,0.5,100,0,111,ac,0.0,0.0,0,1.25,0,4.826113533124238,4.861509407777478,40.0,2370.0,1100.0,,0,,,,,,,,,,,-0.5086517471415197,-0.5,1.7303494283039456,1.3129607343017276,0.06296073430172755,1.300290445120501,5.510000494444428,4.8934788095105,True,True,,,,,,,,,,,,,,,,,,,,,,,,,,,,,0
s9_k5op_b_s06_pos100_tap0_mc112_cpl0_rp4p88511874725_rn4p980220806_f12370_f21100_a0_dac1p25,K5OP,B,6,0.5,100,0,112,ac,0.0,0.0,0,1.25,0,4.885118747254004,4.980220805996054,40.0,2370.0,1100.0,,0,,,,,,,,,,,-0.4960398144147282,-0.5,-0.7920371170543561,1.3982834025081576,0.14828340250815764,1.3689062241937084,5.830792906315928,4.64452259282452,True,True,,,,,,,,,,,,,,,,,,,,,,,,,,,,,0
s9_k5op_b_s06_pos100_tap0_mc113_cpl0_rp4p90002746548_rn4p85282848452_f12370_f21100_a0_dac1p25,K5OP,B,6,0.5,100,0,113,ac,0.0,0.0,0,1.25,0,4.900027465477874,4.852828484519198,40.0,2370.0,1100.0,,0,,,,,,,,,,,-0.5028581837658752,-0.5,0.5716367531750421,1.244861899719864,-0.00513810028013606,1.2458574552526482,5.18881104398495,4.9138931604529335,True,True,,,,,,,,,,,,,,,,,,,,,,,,,,,,,0
s9_k5op_b_s06_pos100_tap0_mc114_cpl0_rp4p93365385003_rn4p86413831942_f12370_f21100_a0_dac1p25,K5OP,B,6,0.5,100,0,114,ac,0.0,0.0,0,1.25,0,4.93365385002722,4.864138319422693,40.0,2370.0,1100.0,,0,,,,,,,,,,,-0.4962076435959917,-0.5,-0.7584712808016647,1.1193340025753,-0.13066599742469998,1.1451432676684323,4.71111716083904,4.932317864351806,True,True,,,,,,,,,,,,,,,,,,,,,,,,,,,,,0
s9_k5op_b_s06_pos100_tap0_mc115_cpl0_rp4p81012700746_rn4p84166406041_f12370_f21100_a0_dac1p25,K5OP,B,6,0.5,100,0,115,ac,0.0,0.0,0,1.25,0,4.810127007461495,4.841664060408574,40.0,2370.0,1100.0,,0,,,,,,,,,,,-0.49037327716634493,-0.5,-1.9253445667310132,1.2019843136186135,-0.048015686381386535,1.210847788384542,4.95875439815096,4.9196304747282,True,True,,,,,,,,,,,,,,,,,,,,,,,,,,,,,0
s9_k5op_b_s06_pos100_tap0_mc116_cpl0_rp4p92258035934_rn4p98840519069_f12370_f21100_a0_dac1p25,K5OP,B,6,0.5,100,0,116,ac,0.0,0.0,0,1.25,0,4.922580359338926,4.988405190694473,40.0,2370.0,1100.0,,0,,,,,,,,,,,-0.4972135384043952,-0.5,-0.5572923191209611,1.1064483980762212,-0.1435516019237788,1.1345068772980287,4.646162684198227,4.933183559324813,True,True,,,,,,,,,,,,,,,,,,,,,,,,,,,,,0
s9_k5op_b_s06_pos100_tap0_mc117_cpl0_rp4p96130097874_rn4p9181603723_f12370_f21100_a0_dac1p25,K5OP,B,6,0.5,100,0,117,ac,0.0,0.0,0,1.25,0,4.961300978744207,4.918160372304763,40.0,2370.0,1100.0,,0,,,,,,,,,,,-0.50502198355864,-0.5,1.0043967117280062,1.2988575574733339,0.04885755747333387,1.2890462045891404,5.450787147351422,4.900363997759875,True,True,,,,,,,,,,,,,,,,,,,,,,,,,,,,,0
s9_k5op_b_s06_pos100_tap0_mc118_cpl0_rp4p86723481232_rn4p91570768746_f12370_f21100_a0_dac1p25,K5OP,B,6,0.5,100,0,118,ac,0.0,0.0,0,1.25,0,4.867234812322484,4.9157076874611025,40.0,2370.0,1100.0,,0,,,,,,,,,,,-0.49339147067102296,-0.5,-1.3217058657954084,1.2214134564861423,-0.0285865435138577,1.2268776087224957,5.078173981720218,4.9179849380798455,True,True,,,,,,,,,,,,,,,,,,,,,,,,,,,,,0
s9_k5op_b_s06_pos100_tap0_mc119_cpl0_rp4p90847958678_rn4p94708902258_f12370_f21100_a0_dac1p25,K5OP,B,6,0.5,100,0,119,ac,0.0,0.0,0,1.25,0,4.9084795867817945,4.947089022579152,40.0,2370.0,1100.0,,0,,,,,,,,,,,-0.4959273303871692,-0.5,-0.814533922566163,1.221222896747204,-0.02877710325279592,1.2269740135833342,5.133910303261624,4.9203638196603645,True,True,,,,,,,,,,,,,,,,,,,,,,,,,,,,,0
s9_k5op_b_s06_pos100_tap0_mc11_cpl0_rp4p81403429595_rn4p86073426048_f12370_f21100_a0_dac1p25,K5OP,B,6,0.5,100,0,11,ac,0.0,0.0,0,1.25,0,4.814034295954164,4.860734260482612,40.0,2370.0,1100.0,,0,,,,,,,,,,,-0.4912069152653631,-0.5,-1.7586169469273827,1.1392424103908185,-0.11075758960918147,1.1618558358888078,4.834481556836263,4.931399906333203,True,True,,,,,,,,,,,,,,,,,,,,,,,,,,,,,0
s9_k5op_b_s06_pos100_tap0_mc120_cpl0_rp4p93906018383_rn4p85236494221_f12370_f21100_a0_dac1p25,K5OP,B,6,0.5,100,0,120,ac,0.0,0.0,0,1.25,0,4.939060183833369,4.852364942205818,40.0,2370.0,1100.0,,0,,,,,,,,,,,-0.5025074181448819,-0.5,0.5014836289763736,1.4166783462853545,0.1666783462853545,1.3822049719963057,5.961892861582681,4.628464858003384,True,True,,,,,,,,,,,,,,,,,,,,,,,,,,,,,0
s9_k5op_b_s06_pos100_tap0_mc121_cpl0_rp4p82168351776_rn4p88631659153_f12370_f21100_a0_dac1p25,K5OP,B,6,0.5,100,0,121,ac,0.0,0.0,0,1.25,0,4.821683517762753,4.886316591525253,40.0,2370.0,1100.0,,0,,,,,,,,,,,-0.4980091168922618,-0.5,-0.3981766215476412,1.1922136318819263,-0.057786368118073694,1.2028439931603105,4.915658982811671,4.921092030128568,True,True,,,,,,,,,,,,,,,,,,,,,,,,,,,,,0
s9_k5op_b_s06_pos100_tap0_mc122_cpl0_rp4p87332779102_rn4p98320984985_f12370_f21100_a0_dac1p25,K5OP,B,6,0.5,100,0,122,ac,0.0,0.0,0,1.25,0,4.87332779101636,4.983209849847075,40.0,2370.0,1100.0,,0,,,,,,,,,,,-0.5044803192973735,-0.5,0.8960638594746939,1.2048622775759081,-0.045137722424091864,1.2140788194055168,5.097071700756828,4.923952049681847,True,True,,,,,,,,,,,,,,,,,,,,,,,,,,,,,0
s9_k5op_b_s06_pos100_tap0_mc123_cpl0_rp4p93802185779_rn4p87359583326_f12370_f21100_a0_dac1p25,K5OP,B,6,0.5,100,0,123,ac,0.0,0.0,0,1.25,0,4.938021857791068,4.873595833259847,40.0,2370.0,1100.0,,0,,,,,,,,,,,-0.508280498189273,-0.5,1.6560996378546022,1.357750790479565,0.10775079047956493,1.3363779313858675,5.670227032564684,4.806483369925478,True,True,,,,,,,,,,,,,,,,,,,,,,,,,,,,,0
s9_k5op_b_s06_pos100_tap0_mc124_cpl0_rp4p93182421472_rn4p96637895535_f12370_f21100_a0_dac1p25,K5OP,B,6,0.5,100,0,124,ac,0.0,0.0,0,1.25,0,4.931824214724982,4.966378955354066,40.0,2370.0,1100.0,,0,,,,,,,,,,,-0.5023236315348845,-0.5,0.46472630697689254,1.4419439079759209,0.19194390797592087,1.4055267256616162,5.951221821423115,4.415670557615801,False,True,,,,,,,,,,,,,,,,,,,,,,,,,,,,,0
s9_k5op_b_s06_pos100_tap0_mc125_cpl0_rp4p85982138726_rn4p95505701389_f12370_f21100_a0_dac1p25,K5OP,B,6,0.5,100,0,125,ac,0.0,0.0,0,1.25,0,4.859821387255269,4.955057013894097,40.0,2370.0,1100.0,,0,,,,,,,,,,,-0.49837513996584537,-0.5,-0.32497200683092586,1.2392757102463905,-0.010724289753609506,1.241419827872543,5.206649854271358,4.917125023652287,True,True,,,,,,,,,,,,,,,,,,,,,,,,,,,,,0
s9_k5op_b_s06_pos100_tap0_mc126_cpl0_rp4p86915861907_rn4p92980098716_f12370_f21100_a0_dac1p25,K5OP,B,6,0.5,100,0,126,ac,0.0,0.0,0,1.25,0,4.869158619071663,4.929800987164194,40.0,2370.0,1100.0,,0,,,,,,,,,,,-0.5020788382966046,-0.5,0.4157676593209203,1.3611755286877187,0.11117552868771874,1.33952508482303,5.66041591621118,4.770634463462155,True,True,,,,,,,,,,,,,,,,,,,,,,,,,,,,,0
s9_k5op_b_s06_pos100_tap0_mc127_cpl0_rp4p94799692892_rn4p89786034915_f12370_f21100_a0_dac1p25,K5OP,B,6,0.5,100,0,127,ac,0.0,0.0,0,1.25,0,4.947996928921808,4.897860349152504,40.0,2370.0,1100.0,,0,,,,,,,,,,,-0.49958080190617427,-0.5,-0.0838396187651469,1.3695323604054264,0.11953236040542636,1.3464015349553988,5.685887948112656,4.72955141259071,True,True,,,,,,,,,,,,,,,,,,,,,,,,,,,,,0
s9_k5op_b_s06_pos100_tap0_mc128_cpl0_rp4p896603987_rn4p82852263541_f12370_f21100_a0_dac1p25,K5OP,B,6,0.5,100,0,128,ac,0.0,0.0,0,1.25,0,4.896603987000213,4.828522635408777,40.0,2370.0,1100.0,,0,,,,,,,,,,,-0.50479971906916,-0.5,0.9599438138319982,1.3071399608331642,0.057139960833164194,1.2959679174012766,5.44932791521215,4.891292203369119,True,True,,,,,,,,,,,,,,,,,,,,,,,,,,,,,0
s9_k5op_b_s06_pos100_tap0_mc129_cpl0_rp4p81174207234_rn4p89100641234_f12370_f21100_a0_dac1p25,K5OP,B,6,0.5,100,0,129,ac,0.0,0.0,0,1.25,0,4.81174207233888,4.891006412336964,40.0,2370.0,1100.0,,0,,,,,,,,,,,-0.5004428707648501,-0.5,0.08857415297001126,1.1650491564770322,-0.08495084352296778,1.1813436644615005,4.8570009703,4.9265964642017686,True,True,,,,,,,,,,,,,,,,,,,,,,,,,,,,,0
s9_k5op_b_s06_pos100_tap0_mc12_cpl0_rp4p91919084993_rn4p83952044191_f12370_f21100_a0_dac1p25,K5OP,B,6,0.5,100,0,12,ac,0.0,0.0,0,1.25,0,4.9191908499269505,4.839520441911695,40.0,2370.0,1100.0,,0,,,,,,,,,,,-0.49859699427146076,-0.5,-0.28060114570784833,1.3002802200409653,0.05028022004096533,1.2901752749160853,5.457511150377535,4.899837421256005,True,True,,,,,,,,,,,,,,,,,,,,,,,,,,,,,0
s9_k5op_b_s06_pos100_tap0_mc130_cpl0_rp4p85501338975_rn4p96252654024_f12370_f21100_a0_dac1p25,K5OP,B,6,0.5,100,0,130,ac,0.0,0.0,0,1.25,0,4.85501338974774,4.962526540242999,40.0,2370.0,1100.0,,0,,,,,,,,,,,-0.5119783095848707,-0.5,2.3956619169741344,1.2035932951952508,-0.04640670480474918,1.2127269055259773,5.043564986033648,4.922377382471963,True,True,,,,,,,,,,,,,,,,,,,,,,,,,,,,,0
s9_k5op_b_s06_pos100_tap0_mc131_cpl0_rp4p8967242161_rn4p94469868095_f12370_f21100_a0_dac1p25,K5OP,B,6,0.5,100,0,131,ac,0.0,0.0,0,1.25,0,4.8967242160962146,4.944698680946013,40.0,2370.0,1100.0,,0,,,,,,,,,,,-0.5004470379752046,-0.5,0.08940759504092455,1.3007387088592413,0.050738708859241255,1.2903351656669253,5.48624978874256,4.902432706586158,True,True,,,,,,,,,,,,,,,,,,,,,,,,,,,,,0
s9_k5op_b_s06_pos100_tap0_mc132_cpl0_rp4p80935322722_rn4p97553544082_f12370_f21100_a0_dac1p25,K5OP,B,6,0.5,100,0,132,ac,0.0,0.0,0,1.25,0,4.8093532272229425,4.975535440822829,40.0,2370.0,1100.0,,0,,,,,,,,,,,-0.509325201847477,-0.5,1.8650403694953965,1.2653091404926802,0.015309140492680173,1.262151749156498,5.3525233751861325,4.9137474942743955,True,True,,,,,,,,,,,,,,,,,,,,,,,,,,,,,0
s9_k5op_b_s06_pos100_tap0_mc133_cpl0_rp4p91180058942_rn4p9663359003_f12370_f21100_a0_dac1p25,K5OP,B,6,0.5,100,0,133,ac,0.0,0.0,0,1.25,0,4.911800589417648,4.966335900304529,40.0,2370.0,1100.0,,0,,,,,,,,,,,-0.499722889007681,-0.5,-0.055422198463794814,1.3562031005855022,0.1062031005855022,1.3354946651057331,5.642132359181701,4.791602853555948,True,True,,,,,,,,,,,,,,,,,,,,,,,,,,,,,0
s9_k5op_b_s06_pos100_tap0_mc134_cpl0_rp4p84727441152_rn4p93179886146_f12370_f21100_a0_dac1p25,K5OP,B,6,0.5,100,0,134,ac,0.0,0.0,0,1.25,0,4.847274411519917,4.931798861456543,40.0,2370.0,1100.0,,0,,,,,,,,,,,-0.4966507548929133,-0.5,-0.6698490214173347,1.2588972138015548,0.008897213801554837,1.257185126194771,5.23637405417904,4.909735375633824,True,True,,,,,,,,,,,,,,,,,,,,,,,,,,,,,0
s9_k5op_b_s06_pos100_tap0_mc135_cpl0_rp4p96566735305_rn4p98672133428_f12370_f21100_a0_dac1p25,K5OP,B,6,0.5,100,0,135,ac,0.0,0.0,0,1.25,0,4.965667353051266,4.98672133428323,40.0,2370.0,1100.0,,0,,,,,,,,,,,-0.4987680194592725,-0.5,-0.24639610814549684,1.3608585754147644,0.1108585754147644,1.3394086283764788,5.6510526847690326,4.763896748441,True,True,,,,,,,,,,,,,,,,,,,,,,,,,,,,,0
s9_k5op_b_s06_pos100_tap0_mc136_cpl0_rp4p95839821386_rn4p99312383553_f12370_f21100_a0_dac1p25,K5OP,B,6,0.5,100,0,136,ac,0.0,0.0,0,1.25,0,4.95839821385987,4.993123835529475,40.0,2370.0,1100.0,,0,,,,,,,,,,,-0.5106405470897135,-0.5,2.128109417942703,1.1734317455145131,-0.07656825448548688,1.1881089152187796,4.889736552352929,4.925467737631377,True,True,,,,,,,,,,,,,,,,,,,,,,,,,,,,,0
s9_k5op_b_s06_pos100_tap0_mc137_cpl0_rp4p87926539564_rn4p96140284038_f12370_f21100_a0_dac1p25,K5OP,B,6,0.5,100,0,137,ac,0.0,0.0,0,1.25,0,4.879265395643575,4.961402840377342,40.0,2370.0,1100.0,,0,,,,,,,,,,,-0.5005086711672879,-0.5,0.10173423345758437,1.3709809813023495,0.12098098130234947,1.3481213615514227,5.662410173626757,4.694540053357925,True,True,,,,,,,,,,,,,,,,,,,,,,,,,,,,,0
s9_k5op_b_s06_pos100_tap0_mc138_cpl0_rp4p97932660215_rn4p9286091668_f12370_f21100_a0_dac1p25,K5OP,B,6,0.5,100,0,138,ac,0.0,0.0,0,1.25,0,4.979326602154579,4.9286091668046845,40.0,2370.0,1100.0,,0,,,,,,,,,,,-0.48723674914681325,-0.5,-2.5526501706373494,1.2144572606649686,-0.03554273933503138,1.2213838808532627,5.074452039009222,4.920217702005114,True,True,,,,,,,,,,,,,,,,,,,,,,,,,,,,,0
s9_k5op_b_s06_pos100_tap0_mc139_cpl0_rp4p90121338316_rn4p97484744683_f12370_f21100_a0_dac1p25,K5OP,B,6,0.5,100,0,139,ac,0.0,0.0,0,1.25,0,4.901213383164669,4.974847446832431,40.0,2370.0,1100.0,,0,,,,,,,,,,,-0.4959340586441652,-0.5,-0.8131882711669647,1.3542261869444474,0.10422618694444741,1.3345076917609724,5.596906426261892,4.762823241280467,True,True,,,,,,,,,,,,,,,,,,,,,,,,,,,,,0
s9_k5op_b_s06_pos100_tap0_mc13_cpl0_rp4p91427790823_rn4p93463710581_f12370_f21100_a0_dac1p25,K5OP,B,6,0.5,100,0,13,ac,0.0,0.0,0,1.25,0,4.914277908230624,4.934637105812456,40.0,2370.0,1100.0,,0,,,,,,,,,,,-0.5087834325578688,-0.5,1.7566865115737684,1.4440067426602539,0.19400674266025386,1.405530418163959,6.015055636493514,4.463001695211497,False,True,,,,,,,,,,,,,,,,,,,,,,,,,,,,,0
s9_k5op_b_s06_pos100_tap0_mc140_cpl0_rp4p85254918843_rn4p8502021529_f12370_f21100_a0_dac1p25,K5OP,B,6,0.5,100,0,140,ac,0.0,0.0,0,1.25,0,4.8525491884265115,4.8502021528972366,40.0,2370.0,1100.0,,0,,,,,,,,,,,-0.5040513837191618,-0.5,0.810276743832361,1.1685519581884218,-0.08144804181157816,1.1848133917024395,4.921938686414018,4.927520543329444,True,True,,,,,,,,,,,,,,,,,,,,,,,,,,,,,0
s9_k5op_b_s06_pos100_tap0_mc141_cpl0_rp4p89492282845_rn4p91685348832_f12370_f21100_a0_dac1p25,K5OP,B,6,0.5,100,0,141,ac,0.0,0.0,0,1.25,0,4.894922828448854,4.91685348831504,40.0,2370.0,1100.0,,0,,,,,,,,,,,-0.49694318335182786,-0.5,-0.611363329634429,1.3200052244110583,0.07000522441105828,1.3067243032411837,5.463371344034936,4.869515447590933,True,True,,,,,,,,,,,,,,,,,,,,,,,,,,,,,0
s9_k5op_b_s06_pos100_tap0_mc142_cpl0_rp4p90395176581_rn4p87504253596_f12370_f21100_a0_dac1p25,K5OP,B,6,0.5,100,0,142,ac,0.0,0.0,0,1.25,0,4.90395176580954,4.875042535962196,40.0,2370.0,1100.0,,0,,,,,,,,,,,-0.4956581890355638,-0.5,-0.8683621928872398,1.1157744246095904,-0.13422557539040958,1.1405654941004821,4.614557121643262,4.9307582676819175,True,True,,,,,,,,,,,,,,,,,,,,,,,,,,,,,0
s9_k5op_b_s06_pos100_tap0_mc143_cpl0_rp4p90228050802_rn4p95802414624_f12370_f21100_a0_dac1p25,K5OP,B,6,0.5,100,0,143,ac,0.0,0.0,0,1.25,0,4.902280508021619,4.958024146237914,40.0,2370.0,1100.0,,0,,,,,,,,,,,-0.5027702722301131,-0.5,0.5540544460226116,1.3419600591660819,0.09196005916608185,1.324412045347107,5.558293565770535,4.819501546445895,True,True,,,,,,,,,,,,,,,,,,,,,,,,,,,,,0
s9_k5op_b_s06_pos100_tap0_mc144_cpl0_rp4p83676342514_rn4p8647450437_f12370_f21100_a0_dac1p25,K5OP,B,6,0.5,100,0,144,ac,0.0,0.0,0,1.25,0,4.836763425135522,4.8647450436974164,40.0,2370.0,1100.0,,0,,,,,,,,,,,-0.49257623029608233,-0.5,-1.4847539407835342,1.1222727770010585,-0.12772722299894146,1.147058753810339,4.70035827692195,4.9315304039769945,True,True,,,,,,,,,,,,,,,,,,,,,,,,,,,,,0
s9_k5op_b_s06_pos100_tap0_mc145_cpl0_rp4p86558931643_rn4p98929888802_f12370_f21100_a0_dac1p25,K5OP,B,6,0.5,100,0,145,ac,0.0,0.0,0,1.25,0,4.865589316433562,4.989298888021306,40.0,2370.0,1100.0,,0,,,,,,,,,,,-0.49271824065899583,-0.5,-1.4563518682008336,1.2008484029000548,-0.04915159709994521,1.2105052913391143,5.030339570166866,4.922739986868822,True,True,,,,,,,,,,,,,,,,,,,,,,,,,,,,,0
s9_k5op_b_s06_pos100_tap0_mc146_cpl0_rp4p95031265862_rn4p85034969278_f12370_f21100_a0_dac1p25,K5OP,B,6,0.5,100,0,146,ac,0.0,0.0,0,1.25,0,4.950312658622311,4.850349692781062,40.0,2370.0,1100.0,,0,,,,,,,,,,,-0.4914025345813977,-0.5,-1.719493083720458,1.2385625989257554,-0.011437401074244624,1.2407956152815383,5.173185281756373,4.91584333179776,True,True,,,,,,,,,,,,,,,,,,,,,,,,,,,,,0
s9_k5op_b_s06_pos100_tap0_mc147_cpl0_rp4p83980621356_rn4p97330543168_f12370_f21100_a0_dac1p25,K5OP,B,6,0.5,100,0,147,ac,0.0,0.0,0,1.25,0,4.839806213564023,4.973305431679933,40.0,2370.0,1100.0,,0,,,,,,,,,,,-0.49501618191993835,-0.5,-0.9967636160123305,1.2485984349903867,-0.0014015650096133037,1.2488625149852803,5.169471182039272,4.910852543039504,True,True,,,,,,,,,,,,,,,,,,,,,,,,,,,,,0
s9_k5op_b_s06_pos100_tap0_mc148_cpl0_rp4p88631761595_rn4p9856822019_f12370_f21100_a0_dac1p25,K5OP,B,6,0.5,100,0,148,ac,0.0,0.0,0,1.25,0,4.886317615952683,4.985682201896054,40.0,2370.0,1100.0,,0,,,,,,,,,,,-0.4976879098706588,-0.5,-0.46241802586823866,1.437383826470882,0.18738382647088203,1.3998509728674073,6.001500349009476,4.502429737242446,True,True,,,,,,,,,,,,,,,,,,,,,,,,,,,,,0
s9_k5op_b_s06_pos100_tap0_mc149_cpl0_rp4p99245108005_rn4p94455573913_f12370_f21100_a0_dac1p25,K5OP,B,6,0.5,100,0,149,ac,0.0,0.0,0,1.25,0,4.992451080053054,4.9445557391309505,40.0,2370.0,1100.0,,0,,,,,,,,,,,-0.4895185785165568,-0.5,-2.096284296688644,1.2716623375929845,0.021662337592984526,1.2673987194656204,5.31587429823713,4.908056269517979,True,True,,,,,,,,,,,,,,,,,,,,,,,,,,,,,0
s9_k5op_b_s06_pos100_tap0_mc14_cpl0_rp4p82902472704_rn4p81684089148_f12370_f21100_a0_dac1p25,K5OP,B,6,0.5,100,0,14,ac,0.0,0.0,0,1.25,0,4.829024727041403,4.816840891477387,40.0,2370.0,1100.0,,0,,,,,,,,,,,-0.49366253761233825,-0.5,-1.2674924775323504,1.2534684383105676,0.0034684383105676453,1.2527946106173138,5.226564499542061,4.91193371062011,True,True,,,,,,,,,,,,,,,,,,,,,,,,,,,,,0
s9_k5op_b_s06_pos100_tap0_mc150_cpl0_rp4p89777934343_rn4p96419270372_f12370_f21100_a0_dac1p25,K5OP,B,6,0.5,100,0,150,ac,0.0,0.0,0,1.25,0,4.897779343429821,4.96419270371882,40.0,2370.0,1100.0,,0,,,,,,,,,,,-0.49367522572087985,-0.5,-1.2649548558240298,1.3838380447848866,0.1338380447848866,1.3591842916924362,5.683709872203879,4.613005233387126,True,True,,,,,,,,,,,,,,,,,,,,,,,,,,,,,0
s9_k5op_b_s06_pos100_tap0_mc151_cpl0_rp4p84213760085_rn4p9569401187_f12370_f21100_a0_dac1p25,K5OP,B,6,0.5,100,0,151,ac,0.0,0.0,0,1.25,0,4.842137600852539,4.95694011870484,40.0,2370.0,1100.0,,0,,,,,,,,,,,-0.5136349002736518,-0.5,2.7269800547303547,1.187910099111602,-0.06208990088839794,1.1999815489566956,4.965268133650891,4.924078103520746,True,True,,,,,,,,,,,,,,,,,,,,,,,,,,,,,0
s9_k5op_b_s06_pos100_tap0_mc152_cpl0_rp4p83377326818_rn4p84127069443_f12370_f21100_a0_dac1p25,K5OP,B,6,0.5,100,0,152,ac,0.0,0.0,0,1.25,0,4.833773268184968,4.841270694425295,40.0,2370.0,1100.0,,0,,,,,,,,,,,-0.49669469599169513,-0.5,-0.6610608016609731,1.1591839947277789,-0.09081600527222111,1.1766143920746794,4.834311265491431,4.927294649787863,True,True,,,,,,,,,,,,,,,,,,,,,,,,,,,,,0
s9_k5op_b_s06_pos100_tap0_mc153_cpl0_rp4p84761410021_rn4p99185717144_f12370_f21100_a0_dac1p25,K5OP,B,6,0.5,100,0,153,ac,0.0,0.0,0,1.25,0,4.847614100209813,4.991857171435159,40.0,2370.0,1100.0,,0,,,,,,,,,,,-0.49890467301980657,-0.5,-0.2190653960386868,1.2775499435669269,0.02754994356692686,1.2722743755603507,5.304947553732418,4.903051179762486,True,True,,,,,,,,,,,,,,,,,,,,,,,,,,,,,0
s9_k5op_b_s06_pos100_tap0_mc154_cpl0_rp4p80524095525_rn4p98943494655_f12370_f21100_a0_dac1p25,K5OP,B,6,0.5,100,0,154,ac,0.0,0.0,0,1.25,0,4.805240955247534,4.989434946553245,40.0,2370.0,1100.0,,0,,,,,,,,,,,-0.49670106888473065,-0.5,-0.6597862230538709,1.3701379998115018,0.12013799981150175,1.3470134989592593,5.6816797249870135,4.720519879064537,True,True,,,,,,,,,,,,,,,,,,,,,,,,,,,,,0
s9_k5op_b_s06_pos100_tap0_mc155_cpl0_rp4p9900527303_rn4p84754466055_f12370_f21100_a0_dac1p25,K5OP,B,6,0.5,100,0,155,ac,0.0,0.0,0,1.25,0,4.990052730299024,4.847544660549819,40.0,2370.0,1100.0,,0,,,,,,,,,,,-0.49564996449424914,-0.5,-0.870007101150172,1.235984698542969,-0.014015301457031004,1.2386103160544275,5.11214771031357,4.913647866083652,True,True,,,,,,,,,,,,,,,,,,,,,,,,,,,,,0
s9_k5op_b_s06_pos100_tap0_mc156_cpl0_rp4p92979378923_rn4p83412639373_f12370_f21100_a0_dac1p25,K5OP,B,6,0.5,100,0,156,ac,0.0,0.0,0,1.25,0,4.9297937892303265,4.834126393733247,40.0,2370.0,1100.0,,0,,,,,,,,,,,-0.5052235062256827,-0.5,1.0447012451365367,1.260542425902727,0.010542425902726915,1.2583928296453692,5.317886078466632,4.913942981717811,True,True,,,,,,,,,,,,,,,,,,,,,,,,,,,,,0
s9_k5op_b_s06_pos100_tap0_mc157_cpl0_rp4p85705755482_rn4p97314747879_f12370_f21100_a0_dac1p25,K5OP,B,6,0.5,100,0,157,ac,0.0,0.0,0,1.25,0,4.857057554822637,4.973147478791156,40.0,2370.0,1100.0,,0,,,,,,,,,,,-0.4917334173689225,-0.5,-1.653316526215498,1.3801567231299738,0.13015672312997384,1.3547092645326815,5.741351530265012,4.700070607549483,True,True,,,,,,,,,,,,,,,,,,,,,,,,,,,,,0
s9_k5op_b_s06_pos100_tap0_mc158_cpl0_rp4p85315207368_rn4p87249143015_f12370_f21100_a0_dac1p25,K5OP,B,6,0.5,100,0,158,ac,0.0,0.0,0,1.25,0,4.85315207367575,4.872491430145047,40.0,2370.0,1100.0,,0,,,,,,,,,,,-0.5006528993112713,-0.5,0.13057986225426532,1.4442466849337023,0.19424668493370234,1.405122796174633,6.0362787125460216,4.482305233076389,False,True,,,,,,,,,,,,,,,,,,,,,,,,,,,,,0
s9_k5op_b_s06_pos100_tap0_mc159_cpl0_rp4p82823981138_rn4p82199598699_f12370_f21100_a0_dac1p25,K5OP,B,6,0.5,100,0,159,ac,0.0,0.0,0,1.25,0,4.828239811383179,4.8219959869925875,40.0,2370.0,1100.0,,0,,,,,,,,,,,-0.5081547059009761,-0.5,1.6309411801952223,1.2346149189074114,-0.015385081092588626,1.23768687079539,5.1863003760014585,4.917935314604381,True,True,,,,,,,,,,,,,,,,,,,,,,,,,,,,,0
s9_k5op_b_s06_pos100_tap0_mc15_cpl0_rp4p93539662469_rn4p87853197466_f12370_f21100_a0_dac1p25,K5OP,B,6,0.5,100,0,15,ac,0.0,0.0,0,1.25,0,4.935396624694563,4.878531974660734,40.0,2370.0,1100.0,,0,,,,,,,,,,,-0.4961403455454372,-0.5,-0.7719308909125644,1.2119374487811674,-0.03806255121883262,1.219434248165433,5.0778751977100995,4.921176339818935,True,True,,,,,,,,,,,,,,,,,,,,,,,,,,,,,0
s9_k5op_b_s06_pos100_tap0_mc160_cpl0_rp4p91628999036_rn4p83085327092_f12370_f21100_a0_dac1p25,K5OP,B,6,0.5,100,0,160,ac,0.0,0.0,0,1.25,0,4.916289990358626,4.830853270917888,40.0,2370.0,1100.0,,0,,,,,,,,,,,-0.4955901905669968,-0.5,-0.8819618866006351,1.4267388832685703,0.17673888326857035,1.3934630937803776,5.881131623717778,4.467220557569177,False,True,,,,,,,,,,,,,,,,,,,,,,,,,,,,,0
s9_k5op_b_s06_pos100_tap0_mc161_cpl0_rp4p98717834767_rn4p90662045163_f12370_f21100_a0_dac1p25,K5OP,B,6,0.5,100,0,161,ac,0.0,0.0,0,1.25,0,4.987178347672382,4.9066204516289975,40.0,2370.0,1100.0,,0,,,,,,,,,,,-0.49462589013504754,-0.5,-1.0748219729904918,1.4119963442742947,0.16199634427429466,1.3819642658371707,5.803810263750579,4.507839509556259,True,True,,,,,,,,,,,,,,,,,,,,,,,,,,,,,0
s9_k5op_b_s06_pos100_tap0_mc162_cpl0_rp4p92572995358_rn4p92617839895_f12370_f21100_a0_dac1p25,K5OP,B,6,0.5,100,0,162,ac,0.0,0.0,0,1.25,0,4.925729953575903,4.926178398948278,40.0,2370.0,1100.0,,0,,,,,,,,,,,-0.4916568565908275,-0.5,-1.6686286818345053,1.1776146600746673,-0.07238533992533269,1.191739875225224,4.928752093355627,4.925632623264516,True,True,,,,,,,,,,,,,,,,,,,,,,,,,,,,,0
s9_k5op_b_s06_pos100_tap0_mc163_cpl0_rp4p84565866856_rn4p85953130541_f12370_f21100_a0_dac1p25,K5OP,B,6,0.5,100,0,163,ac,0.0,0.0,0,1.25,0,4.845658668562648,4.859531305409868,40.0,2370.0,1100.0,,0,,,,,,,,,,,-0.5105593474982628,-0.5,2.1118694996525633,1.185370940428552,-0.06462905957144804,1.197841812825227,4.945691670445056,4.924106826078327,True,True,,,,,,,,,,,,,,,,,,,,,,,,,,,,,0
s9_k5op_b_s06_pos100_tap0_mc164_cpl0_rp4p90468991922_rn4p86306893025_f12370_f21100_a0_dac1p25,K5OP,B,6,0.5,100,0,164,ac,0.0,0.0,0,1.25,0,4.904689919223663,4.8630689302496535,40.0,2370.0,1100.0,,0,,,,,,,,,,,-0.498727531584664,-0.5,-0.2544936830672029,1.2648842812921213,0.01488428129212127,1.2620934676211568,5.228772565760627,4.905401806043224,True,True,,,,,,,,,,,,,,,,,,,,,,,,,,,,,0
s9_k5op_b_s06_pos100_tap0_mc165_cpl0_rp4p89668701226_rn4p92646031675_f12370_f21100_a0_dac1p25,K5OP,B,6,0.5,100,0,165,ac,0.0,0.0,0,1.25,0,4.896687012261691,4.926460316752722,40.0,2370.0,1100.0,,0,,,,,,,,,,,-0.49156779075942847,-0.5,-1.6864418481143062,1.1405134897646976,-0.10948651023530243,1.1605474645809815,4.702694644471224,4.927955407450319,True,True,,,,,,,,,,,,,,,,,,,,,,,,,,,,,0
s9_k5op_b_s06_pos100_tap0_mc166_cpl0_rp4p96004529087_rn4p90829612998_f12370_f21100_a0_dac1p25,K5OP,B,6,0.5,100,0,166,ac,0.0,0.0,0,1.25,0,4.96004529086772,4.908296129984379,40.0,2370.0,1100.0,,0,,,,,,,,,,,-0.4941005980559021,-0.5,-1.1798803888195764,1.2142185072739078,-0.03578149272609221,1.2211376897621466,5.063743063871922,4.919924741565557,True,True,,,,,,,,,,,,,,,,,,,,,,,,,,,,,0
s9_k5op_b_s06_pos100_tap0_mc167_cpl0_rp4p98561720724_rn4p94842851895_f12370_f21100_a0_dac1p25,K5OP,B,6,0.5,100,0,167,ac,0.0,0.0,0,1.25,0,4.985617207244762,4.948428518954744,40.0,2370.0,1100.0,,0,,,,,,,,,,,-0.5082298836824206,-0.5,1.6459767364841227,1.2068750562386914,-0.0431249437613086,1.2153319099442725,5.052038510920623,4.921738829018436,True,True,,,,,,,,,,,,,,,,,,,,,,,,,,,,,0
s9_k5op_b_s06_pos100_tap0_mc168_cpl0_rp4p86230494424_rn4p88092825475_f12370_f21100_a0_dac1p25,K5OP,B,6,0.5,100,0,168,ac,0.0,0.0,0,1.25,0,4.862304944238102,4.880928254749572,40.0,2370.0,1100.0,,0,,,,,,,,,,,-0.4924301522757357,-0.5,-1.5139695448528556,1.1834328920312938,-0.06656710796870624,1.195981574709714,4.909407311469021,4.923509733817329,True,True,,,,,,,,,,,,,,,,,,,,,,,,,,,,,0
s9_k5op_b_s06_pos100_tap0_mc169_cpl0_rp4p92184606912_rn4p81788766396_f12370_f21100_a0_dac1p25,K5OP,B,6,0.5,100,0,169,ac,0.0,0.0,0,1.25,0,4.921846069117906,4.817887663955189,40.0,2370.0,1100.0,,0,,,,,,,,,,,-0.5097724319824026,-0.5,1.954486396480526,1.1865730703397253,-0.06342692966027474,1.199785696618277,5.051416252671974,4.927032370811236,True,True,,,,,,,,,,,,,,,,,,,,,,,,,,,,,0
s9_k5op_b_s06_pos100_tap0_mc16_cpl0_rp4p89606759492_rn4p92671988323_f12370_f21100_a0_dac1p25,K5OP,B,6,0.5,100,0,16,ac,0.0,0.0,0,1.25,0,4.896067594915554,4.926719883233981,40.0,2370.0,1100.0,,0,,,,,,,,,,,-0.5005197648952686,-0.5,0.10395297905372303,1.2223427614131035,-0.027657238586896504,1.2278848249912866,5.141891182582468,4.920317604577369,True,True,,,,,,,,,,,,,,,,,,,,,,,,,,,,,0
s9_k5op_b_s06_pos100_tap0_mc170_cpl0_rp4p87977769754_rn4p98540825275_f12370_f21100_a0_dac1p25,K5OP,B,6,0.5,100,0,170,ac,0.0,0.0,0,1.25,0,4.879777697541702,4.985408252745102,40.0,2370.0,1100.0,,0,,,,,,,,,,,-0.5083843067249072,-0.5,1.6768613449814396,1.3104415232042854,0.06044152320428542,1.2986324070759938,5.4616269370754065,4.888884204771181,True,True,,,,,,,,,,,,,,,,,,,,,,,,,,,,,0
s9_k5op_b_s06_pos100_tap0_mc171_cpl0_rp4p91969495616_rn4p97384398985_f12370_f21100_a0_dac1p25,K5OP,B,6,0.5,100,0,171,ac,0.0,0.0,0,1.25,0,4.919694956157783,4.973843989846043,40.0,2370.0,1100.0,,0,,,,,,,,,,,-0.49084276093396273,-0.5,-1.831447813207454,1.2808716791009986,0.03087167910099864,1.2750865632574448,5.292032558796304,4.898859054778547,True,True,,,,,,,,,,,,,,,,,,,,,,,,,,,,,0
s9_k5op_b_s06_pos100_tap0_mc172_cpl0_rp4p98141126174_rn4p9373977353_f12370_f21100_a0_dac1p25,K5OP,B,6,0.5,100,0,172,ac,0.0,0.0,0,1.25,0,4.981411261740097,4.937397735303051,40.0,2370.0,1100.0,,0,,,,,,,,,,,-0.49004452851404423,-0.5,-1.9910942971911538,1.288533031872386,0.03853303187238599,1.2809442700534106,5.384138638700454,4.902156014320698,True,True,,,,,,,,,,,,,,,,,,,,,,,,,,,,,0
s9_k5op_b_s06_pos100_tap0_mc173_cpl0_rp4p81635422291_rn4p8251161718_f12370_f21100_a0_dac1p25,K5OP,B,6,0.5,100,0,173,ac,0.0,0.0,0,1.25,0,4.816354222913955,4.825116171795079,40.0,2370.0,1100.0,,0,,,,,,,,,,,-0.5107482376055295,-0.5,2.1496475211058907,1.312135771641036,0.06213577164103601,1.300286515919858,5.43820946369442,4.881080903856602,True,True,,,,,,,,,,,,,,,,,,,,,,,,,,,,,0
s9_k5op_b_s06_pos100_tap0_mc174_cpl0_rp4p81675841155_rn4p92438442468_f12370_f21100_a0_dac1p25,K5OP,B,6,0.5,100,0,174,ac,0.0,0.0,0,1.25,0,4.816758411547818,4.924384424679093,40.0,2370.0,1100.0,,0,,,,,,,,,,,-0.4962203283429556,-0.5,-0.7559343314088807,1.088460649452114,-0.16153935054788593,1.118646454720788,4.519026916655212,4.933558127430549,True,True,,,,,,,,,,,,,,,,,,,,,,,,,,,,,0
s9_k5op_b_s06_pos100_tap0_mc175_cpl0_rp4p90832979475_rn4p97211588636_f12370_f21100_a0_dac1p25,K5OP,B,6,0.5,100,0,175,ac,0.0,0.0,0,1.25,0,4.90832979475302,4.972115886361461,40.0,2370.0,1100.0,,0,,,,,,,,,,,-0.5030571411512641,-0.5,0.6114282302528196,1.293721363123333,0.04372136312333308,1.2848269555821024,5.4475175861041425,4.904171272992906,True,True,,,,,,,,,,,,,,,,,,,,,,,,,,,,,0
s9_k5op_b_s06_pos100_tap0_mc176_cpl0_rp4p85359236684_rn4p93257617059_f12370_f21100_a0_dac1p25,K5OP,B,6,0.5,100,0,176,ac,0.0,0.0,0,1.25,0,4.853592366840775,4.932576170591163,40.0,2370.0,1100.0,,0,,,,,,,,,,,-0.5069172457593529,-0.5,1.383449151870586,1.1423765782018076,-0.1076234217981924,1.1646317107266349,4.864427593296101,4.931460870248022,True,True,,,,,,,,,,,,,,,,,,,,,,,,,,,,,0
s9_k5op_b_s06_pos100_tap0_mc177_cpl0_rp4p8775218094_rn4p8097902573_f12370_f21100_a0_dac1p25,K5OP,B,6,0.5,100,0,177,ac,0.0,0.0,0,1.25,0,4.87752180939829,4.809790257300452,40.0,2370.0,1100.0,,0,,,,,,,,,,,-0.49164382020130404,-0.5,-1.6712359597391924,1.2361767937932164,-0.013823206206783567,1.2387789222392143,5.118672395463252,4.913858796485222,True,True,,,,,,,,,,,,,,,,,,,,,,,,,,,,,0
s9_k5op_b_s06_pos100_tap0_mc178_cpl0_rp4p90960633162_rn4p9032157808_f12370_f21100_a0_dac1p25,K5OP,B,6,0.5,100,0,178,ac,0.0,0.0,0,1.25,0,4.909606331621514,4.903215780799557,40.0,2370.0,1100.0,,0,,,,,,,,,,,-0.49606686643997033,-0.5,-0.7866267120059334,1.3330028190245686,0.08300281902456863,1.317670622549076,5.483609218770484,4.816845748842281,True,True,,,,,,,,,,,,,,,,,,,,,,,,,,,,,0
s9_k5op_b_s06_pos100_tap0_mc179_cpl0_rp4p91383832735_rn4p86687449907_f12370_f21100_a0_dac1p25,K5OP,B,6,0.5,100,0,179,ac,0.0,0.0,0,1.25,0,4.9138383273465065,4.866874499066905,40.0,2370.0,1100.0,,0,,,,,,,,,,,-0.5032225030786153,-0.5,0.6445006157230537,1.37198692934689,0.12198692934689004,1.347255136509144,5.755999582276241,4.779557505166139,True,True,,,,,,,,,,,,,,,,,,,,,,,,,,,,,0
s9_k5op_b_s06_pos100_tap0_mc17_cpl0_rp4p88475723429_rn4p86389060167_f12370_f21100_a0_dac1p25,K5OP,B,6,0.5,100,0,17,ac,0.0,0.0,0,1.25,0,4.884757234291846,4.8638906016743055,40.0,2370.0,1100.0,,0,,,,,,,,,,,-0.510223961336731,-0.5,2.044792267346196,1.3417749869029247,0.09177498690292474,1.3245756191182454,5.5357455391583485,4.80023327787305,True,True,,,,,,,,,,,,,,,,,,,,,,,,,,,,,0
s9_k5op_b_s06_pos100_tap0_mc180_cpl0_rp4p85885219939_rn4p96182281801_f12370_f21100_a0_dac1p25,K5OP,B,6,0.5,100,0,180,ac,0.0,0.0,0,1.25,0,4.858852199389098,4.961822818012852,40.0,2370.0,1100.0,,0,,,,,,,,,,,-0.49858104249203006,-0.5,-0.28379150159398847,1.3846021223303402,0.1346021223303402,1.3577149295826683,5.7867887832865605,4.709933284727293,True,True,,,,,,,,,,,,,,,,,,,,,,,,,,,,,0
s9_k5op_b_s06_pos100_tap0_mc181_cpl0_rp4p96329998946_rn4p93146062468_f12370_f21100_a0_dac1p25,K5OP,B,6,0.5,100,0,181,ac,0.0,0.0,0,1.25,0,4.963299989455141,4.93146062467727,40.0,2370.0,1100.0,,0,,,,,,,,,,,-0.4934127158937818,-0.5,-1.3174568212436455,1.3475705323919813,0.09757053239198132,1.3280016249463802,5.643970579364163,4.850156899802136,True,True,,,,,,,,,,,,,,,,,,,,,,,,,,,,,0
s9_k5op_b_s06_pos100_tap0_mc182_cpl0_rp4p86771770553_rn4p84743468837_f12370_f21100_a0_dac1p25,K5OP,B,6,0.5,100,0,182,ac,0.0,0.0,0,1.25,0,4.867717705528115,4.847434688365604,40.0,2370.0,1100.0,,0,,,,,,,,,,,-0.512645434361847,-0.5,2.5290868723693904,1.2416217539254704,-0.008378246074529638,1.2432059729117195,5.145835442752809,4.912825624528313,True,True,,,,,,,,,,,,,,,,,,,,,,,,,,,,,0
s9_k5op_b_s06_pos100_tap0_mc183_cpl0_rp4p82243249354_rn4p83336115486_f12370_f21100_a0_dac1p25,K5OP,B,6,0.5,100,0,183,ac,0.0,0.0,0,1.25,0,4.82243249354455,4.8333611548629944,40.0,2370.0,1100.0,,0,,,,,,,,,,,-0.5004128891957338,-0.5,0.08257783914675798,1.1670254828033289,-0.08297451719667115,1.183708402682203,4.925072442200623,4.928052521864182,True,True,,,,,,,,,,,,,,,,,,,,,,,,,,,,,0
s9_k5op_b_s06_pos100_tap0_mc184_cpl0_rp4p89408313222_rn4p85654131884_f12370_f21100_a0_dac1p25,K5OP,B,6,0.5,100,0,184,ac,0.0,0.0,0,1.25,0,4.894083132218432,4.856541318838992,40.0,2370.0,1100.0,,0,,,,,,,,,,,-0.4984834271302807,-0.5,-0.3033145739438581,1.2673142578058918,0.017314257805891797,1.2639273244328788,5.2906391520472305,4.908745138346339,True,True,,,,,,,,,,,,,,,,,,,,,,,,,,,,,0
s9_k5op_b_s06_pos100_tap0_mc185_cpl0_rp4p85219833639_rn4p84607428991_f12370_f21100_a0_dac1p25,K5OP,B,6,0.5,100,0,185,ac,0.0,0.0,0,1.25,0,4.8521983363916785,4.846074289911345,40.0,2370.0,1100.0,,0,,,,,,,,,,,-0.5114802666819296,-0.5,2.296053336385917,1.2217375759166582,-0.028262424083341786,1.2274012857839909,5.139558041228307,4.920375717312315,True,True,,,,,,,,,,,,,,,,,,,,,,,,,,,,,0
s9_k5op_b_s06_pos100_tap0_mc186_cpl0_rp4p85131785258_rn4p8091446777_f12370_f21100_a0_dac1p25,K5OP,B,6,0.5,100,0,186,ac,0.0,0.0,0,1.25,0,4.851317852576308,4.8091446777017195,40.0,2370.0,1100.0,,0,,,,,,,,,,,-0.5081836744982748,-0.5,1.636734899654968,1.3199759723345619,0.06997597233456188,1.3060310563873299,5.525192890736644,4.886438457526869,True,True,,,,,,,,,,,,,,,,,,,,,,,,,,,,,0
s9_k5op_b_s06_pos100_tap0_mc187_cpl0_rp4p90225376233_rn4p84471689686_f12370_f21100_a0_dac1p25,K5OP,B,6,0.5,100,0,187,ac,0.0,0.0,0,1.25,0,4.9022537623313465,4.844716896862485,40.0,2370.0,1100.0,,0,,,,,,,,,,,-0.5141569151740022,-0.5,2.8313830348004387,1.154326144509438,-0.09567385549056207,1.1733900981845211,4.862451530819852,4.929046821437009,True,True,,,,,,,,,,,,,,,,,,,,,,,,,,,,,0
s9_k5op_b_s06_pos100_tap0_mc188_cpl0_rp4p88207619519_rn4p84145287485_f12370_f21100_a0_dac1p25,K5OP,B,6,0.5,100,0,188,ac,0.0,0.0,0,1.25,0,4.882076195192883,4.841452874846127,40.0,2370.0,1100.0,,0,,,,,,,,,,,-0.5008874626424742,-0.5,0.1774925284948381,1.2469258244509285,-0.003074175549071523,1.2475281909168388,5.211220516044966,4.914180361600307,True,True,,,,,,,,,,,,,,,,,,,,,,,,,,,,,0
s9_k5op_b_s06_pos100_tap0_mc189_cpl0_rp4p81624464285_rn4p98947815992_f12370_f21100_a0_dac1p25,K5OP,B,6,0.5,100,0,189,ac,0.0,0.0,0,1.25,0,4.816244642850169,4.989478159920619,40.0,2370.0,1100.0,,0,,,,,,,,,,,-0.49493335471617605,-0.5,-1.013329056764789,1.07301029499822,-0.1769897050017799,1.106910166604841,4.487076657843069,4.9353889626528336,False,True,,,,,,,,,,,,,,,,,,,,,,,,,,,,,0
s9_k5op_b_s06_pos100_tap0_mc18_cpl0_rp4p91672976817_rn4p80622671392_f12370_f21100_a0_dac1p25,K5OP,B,6,0.5,100,0,18,ac,0.0,0.0,0,1.25,0,4.916729768169673,4.806226713918411,40.0,2370.0,1100.0,,0,,,,,,,,,,,-0.49877330620871074,-0.5,-0.24533875825785145,1.3770681740739763,0.1270681740739763,1.3529258252339245,5.6934274414505595,4.6768702139095915,True,True,,,,,,,,,,,,,,,,,,,,,,,,,,,,,0
s9_k5op_b_s06_pos100_tap0_mc190_cpl0_rp4p94637445265_rn4p93657142038_f12370_f21100_a0_dac1p25,K5OP,B,6,0.5,100,0,190,ac,0.0,0.0,0,1.25,0,4.946374452649898,4.93657142038477,40.0,2370.0,1100.0,,0,,,,,,,,,,,-0.4942027316859221,-0.5,-1.1594536628155794,1.3407892032806785,0.09078920328067852,1.3235996122459355,5.544089730333136,4.815220052522438,True,True,,,,,,,,,,,,,,,,,,,,,,,,,,,,,0
s9_k5op_b_s06_pos100_tap0_mc191_cpl0_rp4p84191333333_rn4p86339037845_f12370_f21100_a0_dac1p25,K5OP,B,6,0.5,100,0,191,ac,0.0,0.0,0,1.25,0,4.841913333328711,4.8633903784516175,40.0,2370.0,1100.0,,0,,,,,,,,,,,-0.5058920901940711,-0.5,1.1784180388142218,1.0797128377308733,-0.17028716226912666,1.112181007696413,4.508310870079354,4.93465144968709,True,True,,,,,,,,,,,,,,,,,,,,,,,,,,,,,0
s9_k5op_b_s06_pos100_tap0_mc192_cpl0_rp4p82400982039_rn4p88129233143_f12370_f21100_a0_dac1p25,K5OP,B,6,0.5,100,0,192,ac,0.0,0.0,0,1.25,0,4.824009820385426,4.881292331429425,40.0,2370.0,1100.0,,0,,,,,,,,,,,-0.49485636335462324,-0.5,-1.0287273290753518,1.2615144898712851,0.011514489871285116,1.2592224570263915,5.289872847534253,4.911896601238144,True,True,,,,,,,,,,,,,,,,,,,,,,,,,,,,,0
s9_k5op_b_s06_pos100_tap0_mc193_cpl0_rp4p86673991029_rn4p97276401967_f12370_f21100_a0_dac1p25,K5OP,B,6,0.5,100,0,193,ac,0.0,0.0,0,1.25,0,4.866739910285656,4.972764019673274,40.0,2370.0,1100.0,,0,,,,,,,,,,,-0.49052576167596396,-0.5,-1.8948476648072088,1.1843883443487253,-0.06561165565127469,1.1971250957108592,4.949268792109374,4.924557565626755,True,True,,,,,,,,,,,,,,,,,,,,,,,,,,,,,0
s9_k5op_b_s06_pos100_tap0_mc194_cpl0_rp4p93841997562_rn4p86384276844_f12370_f21100_a0_dac1p25,K5OP,B,6,0.5,100,0,194,ac,0.0,0.0,0,1.25,0,4.938419975617892,4.863842768439841,40.0,2370.0,1100.0,,0,,,,,,,,,,,-0.506038794884911,-0.5,1.2077589769821984,1.1650658975488282,-0.08493410245117183,1.1817342285648937,4.885770059917244,4.927366309945891,True,True,,,,,,,,,,,,,,,,,,,,,,,,,,,,,0
s9_k5op_b_s06_pos100_tap0_mc195_cpl0_rp4p94423666829_rn4p98029972903_f12370_f21100_a0_dac1p25,K5OP,B,6,0.5,100,0,195,ac,0.0,0.0,0,1.25,0,4.944236668293492,4.980299729026487,40.0,2370.0,1100.0,,0,,,,,,,,,,,-0.5105844139987159,-0.5,2.1168827997431805,1.2583770396320957,0.008377039632095684,1.2568348514560768,5.181179132931751,4.905772674833292,True,True,,,,,,,,,,,,,,,,,,,,,,,,,,,,,0
s9_k5op_b_s06_pos100_tap0_mc196_cpl0_rp4p92679538891_rn4p83357704076_f12370_f21100_a0_dac1p25,K5OP,B,6,0.5,100,0,196,ac,0.0,0.0,0,1.25,0,4.926795388905471,4.833577040762126,40.0,2370.0,1100.0,,0,,,,,,,,,,,-0.4990153146579246,-0.5,-0.19693706841508174,1.1841695328998127,-0.06583046710018725,1.1968847324517624,4.942111043514677,4.924380218278356,True,True,,,,,,,,,,,,,,,,,,,,,,,,,,,,,0
s9_k5op_b_s06_pos100_tap0_mc197_cpl0_rp4p94246238901_rn4p88478689993_f12370_f21100_a0_dac1p25,K5OP,B,6,0.5,100,0,197,ac,0.0,0.0,0,1.25,0,4.942462389006465,4.884786899925654,40.0,2370.0,1100.0,,0,,,,,,,,,,,-0.4941871689538635,-0.5,-1.1625662092273004,1.207863287969421,-0.04213671203057889,1.2160215967354433,5.039884788603272,4.920984552927154,True,True,,,,,,,,,,,,,,,,,,,,,,,,,,,,,0
s9_k5op_b_s06_pos100_tap0_mc198_cpl0_rp4p91810594637_rn4p98941381651_f12370_f21100_a0_dac1p25,K5OP,B,6,0.5,100,0,198,ac,0.0,0.0,0,1.25,0,4.9181059463689305,4.989413816510473,40.0,2370.0,1100.0,,0,,,,,,,,,,,-0.5057579429038617,-0.5,1.1515885807723336,1.2147236645262096,-0.03527633547379039,1.2216680565770146,5.088349156792566,4.920583425183834,True,True,,,,,,,,,,,,,,,,,,,,,,,,,,,,,0
s9_k5op_b_s06_pos100_tap0_mc199_cpl0_rp4p83017342432_rn4p87618495362_f12370_f21100_a0_dac1p25,K5OP,B,6,0.5,100,0,199,ac,0.0,0.0,0,1.25,0,4.830173424324059,4.876184953622124,40.0,2370.0,1100.0,,0,,,,,,,,,,,-0.5028886496162066,-0.5,0.5777299232413213,1.4391964375881061,0.18919643758810611,1.4038363470346886,5.9221777606736214,4.408606259968786,False,True,,,,,,,,,,,,,,,,,,,,,,,,,,,,,0
s9_k5op_b_s06_pos100_tap0_mc19_cpl0_rp4p86375349404_rn4p94352011247_f12370_f21100_a0_dac1p25,K5OP,B,6,0.5,100,0,19,ac,0.0,0.0,0,1.25,0,4.8637534940378595,4.943520112468119,40.0,2370.0,1100.0,,0,,,,,,,,,,,-0.4968326393794298,-0.5,-0.6334721241140429,1.315159440180867,0.06515944018086706,1.3018908987876925,5.534580882800274,4.894535484919677,True,True,,,,,,,,,,,,,,,,,,,,,,,,,,,,,0
s9_k5op_b_s06_pos100_tap0_mc1_cpl0_rp4p87968282413_rn4p81765685527_f12370_f21100_a0_dac1p25,K5OP,B,6,0.5,100,0,1,ac,0.0,0.0,0,1.25,0,4.879682824126003,4.817656855272235,40.0,2370.0,1100.0,,0,,,,,,,,,,,-0.48995003427558803,-0.5,-2.009993144882394,1.3270010933846592,0.07700109338465921,1.3112227491386756,5.59042956295759,4.888198925990342,True,True,,,,,,,,,,,,,,,,,,,,,,,,,,,,,0
s9_k5op_b_s06_pos100_tap0_mc200_cpl0_rp4p87609300253_rn4p9245221704_f12370_f21100_a0_dac1p25,K5OP,B,6,0.5,100,0,200,ac,0.0,0.0,0,1.25,0,4.876093002533232,4.924522170397594,40.0,2370.0,1100.0,,0,,,,,,,,,,,-0.5088235635150706,-0.5,1.7647127030141263,1.2232219526771295,-0.02677804732287048,1.228390863390134,5.097528828374205,4.918080360451529,True,True,,,,,,,,,,,,,,,,,,,,,,,,,,,,,0
s9_k5op_b_s06_pos100_tap0_mc201_cpl0_rp4p90836585454_rn4p99134886186_f12370_f21100_a0_dac1p25,K5OP,B,6,0.5,100,0,201,ac,0.0,0.0,0,1.25,0,4.908365854541344,4.991348861856531,40.0,2370.0,1100.0,,0,,,,,,,,,,,-0.5086702914354868,-0.5,1.734058287097362,1.2728549043378459,0.02285490433784587,1.268369499001075,5.316962143761016,4.907347279605792,True,True,,,,,,,,,,,,,,,,,,,,,,,,,,,,,0
s9_k5op_b_s06_pos100_tap0_mc202_cpl0_rp4p87329785859_rn4p97684612666_f12370_f21100_a0_dac1p25,K5OP,B,6,0.5,100,0,202,ac,0.0,0.0,0,1.25,0,4.873297858592152,4.976846126657074,40.0,2370.0,1100.0,,0,,,,,,,,,,,-0.4896886622324237,-0.5,-2.0622675535152624,1.2978792288519834,0.04787922885198337,1.2887425847033929,5.382000790396852,4.892530553332876,True,True,,,,,,,,,,,,,,,,,,,,,,,,,,,,,0
s9_k5op_b_s06_pos100_tap0_mc203_cpl0_rp4p94803093471_rn4p82992067818_f12370_f21100_a0_dac1p25,K5OP,B,6,0.5,100,0,203,ac,0.0,0.0,0,1.25,0,4.9480309347144935,4.829920678184828,40.0,2370.0,1100.0,,0,,,,,,,,,,,-0.501059336811549,-0.5,0.2118673623098033,1.4271865377693533,0.17718653776935334,1.3940895606571235,5.873474638258116,4.45598233610329,False,True,,,,,,,,,,,,,,,,,,,,,,,,,,,,,0
s9_k5op_b_s06_pos100_tap0_mc204_cpl0_rp4p93387894829_rn4p82433507688_f12370_f21100_a0_dac1p25,K5OP,B,6,0.5,100,0,204,ac,0.0,0.0,0,1.25,0,4.933878948293206,4.824335076880513,40.0,2370.0,1100.0,,0,,,,,,,,,,,-0.4919369307369692,-0.5,-1.6126138526061595,1.2907868685195119,0.040786868519511854,1.2829661487980266,5.359533889472571,4.897362867703134,True,True,,,,,,,,,,,,,,,,,,,,,,,,,,,,,0
s9_k5op_b_s06_pos100_tap0_mc205_cpl0_rp4p99208266475_rn4p98908573222_f12370_f21100_a0_dac1p25,K5OP,B,6,0.5,100,0,205,ac,0.0,0.0,0,1.25,0,4.992082664746407,4.9890857322176,40.0,2370.0,1100.0,,0,,,,,,,,,,,-0.49791304383994817,-0.5,-0.41739123201036676,1.3148343682562222,0.06483436825622224,1.301958683380609,5.500123593056417,4.889484688129157,True,True,,,,,,,,,,,,,,,,,,,,,,,,,,,,,0
s9_k5op_b_s06_pos100_tap0_mc206_cpl0_rp4p87119070211_rn4p99012623424_f12370_f21100_a0_dac1p25,K5OP,B,6,0.5,100,0,206,ac,0.0,0.0,0,1.25,0,4.871190702106201,4.990126234243969,40.0,2370.0,1100.0,,0,,,,,,,,,,,-0.4945204761120259,-0.5,-1.095904777594825,1.3388567285228143,0.08885672852281434,1.321889122300664,5.5467305195933125,4.830667124314254,True,True,,,,,,,,,,,,,,,,,,,,,,,,,,,,,0
s9_k5op_b_s06_pos100_tap0_mc207_cpl0_rp4p99053952676_rn4p82050546785_f12370_f21100_a0_dac1p25,K5OP,B,6,0.5,100,0,207,ac,0.0,0.0,0,1.25,0,4.990539526757092,4.8205054678513175,40.0,2370.0,1100.0,,0,,,,,,,,,,,-0.5033971950160199,-0.5,0.6794390032039743,1.137514268675384,-0.11248573132461592,1.1600557814203947,4.8026467244222175,4.930898684526779,True,True,,,,,,,,,,,,,,,,,,,,,,,,,,,,,0
s9_k5op_b_s06_pos100_tap0_mc208_cpl0_rp4p82338440834_rn4p98424448028_f12370_f21100_a0_dac1p25,K5OP,B,6,0.5,100,0,208,ac,0.0,0.0,0,1.25,0,4.823384408343893,4.984244480282307,40.0,2370.0,1100.0,,0,,,,,,,,,,,-0.49853574451446114,-0.5,-0.29285109710777135,1.296944750398294,0.046944750398294044,1.2876897258437543,5.419123811320542,4.8985549617837885,True,True,,,,,,,,,,,,,,,,,,,,,,,,,,,,,0
s9_k5op_b_s06_pos100_tap0_mc209_cpl0_rp4p9975563268_rn4p88046750345_f12370_f21100_a0_dac1p25,K5OP,B,6,0.5,100,0,209,ac,0.0,0.0,0,1.25,0,4.9975563268025445,4.880467503451389,40.0,2370.0,1100.0,,0,,,,,,,,,,,-0.5054246221573244,-0.5,1.0849244314648843,1.4075873437412083,0.1575873437412083,1.3778869204349553,5.805756222373343,4.545057472443689,True,True,,,,,,,,,,,,,,,,,,,,,,,,,,,,,0
s9_k5op_b_s06_pos100_tap0_mc20_cpl0_rp4p96286065434_rn4p94707300674_f12370_f21100_a0_dac1p25,K5OP,B,6,0.5,100,0,20,ac,0.0,0.0,0,1.25,0,4.9628606543405684,4.94707300674488,40.0,2370.0,1100.0,,0,,,,,,,,,,,-0.5077756872748918,-0.5,1.5551374549783503,1.2394883669902328,-0.010511633009767207,1.2416056421383768,5.21730258897832,4.91754648093044,True,True,,,,,,,,,,,,,,,,,,,,,,,,,,,,,0
s9_k5op_b_s06_pos100_tap0_mc210_cpl0_rp4p9688588778_rn4p91437653172_f12370_f21100_a0_dac1p25,K5OP,B,6,0.5,100,0,210,ac,0.0,0.0,0,1.25,0,4.968858877800824,4.9143765317209285,40.0,2370.0,1100.0,,0,,,,,,,,,,,-0.5044381006506837,-0.5,0.8876201301367459,1.4042892264136713,0.15428922641367127,1.3749636323003787,5.802783627674751,4.568469816365329,True,True,,,,,,,,,,,,,,,,,,,,,,,,,,,,,0
s9_k5op_b_s06_pos100_tap0_mc211_cpl0_rp4p96709753257_rn4p91084455633_f12370_f21100_a0_dac1p25,K5OP,B,6,0.5,100,0,211,ac,0.0,0.0,0,1.25,0,4.967097532565387,4.910844556333429,40.0,2370.0,1100.0,,0,,,,,,,,,,,-0.5042244098620197,-0.5,0.8448819724039325,1.3512305041075545,0.10123050410755452,1.3331408320076685,5.518752453106773,4.7088716126645975,True,True,,,,,,,,,,,,,,,,,,,,,,,,,,,,,0
s9_k5op_b_s06_pos100_tap0_mc212_cpl0_rp4p8300395484_rn4p99760949024_f12370_f21100_a0_dac1p25,K5OP,B,6,0.5,100,0,212,ac,0.0,0.0,0,1.25,0,4.830039548397559,4.99760949023594,40.0,2370.0,1100.0,,0,,,,,,,,,,,-0.489645507395009,-0.5,-2.070898520998199,1.146045682869451,-0.10395431713054903,1.166199836693066,4.794293484474073,4.92916024645368,True,True,,,,,,,,,,,,,,,,,,,,,,,,,,,,,0
s9_k5op_b_s06_pos100_tap0_mc213_cpl0_rp4p99178545096_rn4p87438824931_f12370_f21100_a0_dac1p25,K5OP,B,6,0.5,100,0,213,ac,0.0,0.0,0,1.25,0,4.991785450964725,4.874388249309158,40.0,2370.0,1100.0,,0,,,,,,,,,,,-0.5022006202524798,-0.5,0.44012405049596026,1.202081479892364,-0.047918520107635976,1.2118389081414758,5.082225974582963,4.924146683245143,True,True,,,,,,,,,,,,,,,,,,,,,,,,,,,,,0
s9_k5op_b_s06_pos100_tap0_mc214_cpl0_rp4p94597574195_rn4p83648419083_f12370_f21100_a0_dac1p25,K5OP,B,6,0.5,100,0,214,ac,0.0,0.0,0,1.25,0,4.945975741946487,4.836484190833586,40.0,2370.0,1100.0,,0,,,,,,,,,,,-0.49746981853029393,-0.5,-0.5060362939412144,1.3108434708565206,0.06084347085652064,1.2990794254490814,5.450088820675916,4.886065263252968,True,True,,,,,,,,,,,,,,,,,,,,,,,,,,,,,0
s9_k5op_b_s06_pos100_tap0_mc215_cpl0_rp4p8838776552_rn4p8125330308_f12370_f21100_a0_dac1p25,K5OP,B,6,0.5,100,0,215,ac,0.0,0.0,0,1.25,0,4.883877655199192,4.812533030802979,40.0,2370.0,1100.0,,0,,,,,,,,,,,-0.49832783818366533,-0.5,-0.3344323632669344,1.3936388080139837,0.14363880801398365,1.364966089457082,5.822041656161421,4.672920906252513,True,True,,,,,,,,,,,,,,,,,,,,,,,,,,,,,0
s9_k5op_b_s06_pos100_tap0_mc216_cpl0_rp4p92934161604_rn4p86046879292_f12370_f21100_a0_dac1p25,K5OP,B,6,0.5,100,0,216,ac,0.0,0.0,0,1.25,0,4.92934161604249,4.8604687929204635,40.0,2370.0,1100.0,,0,,,,,,,,,,,-0.5083794360716709,-0.5,1.6758872143341819,1.1575967954744852,-0.09240320452551476,1.1756860965781788,4.852740485077687,4.928093897710332,True,True,,,,,,,,,,,,,,,,,,,,,,,,,,,,,0
s9_k5op_b_s06_pos100_tap0_mc217_cpl0_rp4p99303909397_rn4p9377031678_f12370_f21100_a0_dac1p25,K5OP,B,6,0.5,100,0,217,ac,0.0,0.0,0,1.25,0,4.993039093967263,4.937703167795284,40.0,2370.0,1100.0,,0,,,,,,,,,,,-0.4992798047041891,-0.5,-0.14403905916218207,1.3941176554771593,0.14411765547715927,1.3678516921363866,5.712537334499755,4.55959609068248,True,True,,,,,,,,,,,,,,,,,,,,,,,,,,,,,0
s9_k5op_b_s06_pos100_tap0_mc218_cpl0_rp4p89757233022_rn4p89017495296_f12370_f21100_a0_dac1p25,K5OP,B,6,0.5,100,0,218,ac,0.0,0.0,0,1.25,0,4.897572330219129,4.890174952963784,40.0,2370.0,1100.0,,0,,,,,,,,,,,-0.5072254476415461,-0.5,1.445089528309218,1.167340332286831,-0.08265966771316902,1.1833909879863553,4.881427893417168,4.926713770519119,True,True,,,,,,,,,,,,,,,,,,,,,,,,,,,,,0
s9_k5op_b_s06_pos100_tap0_mc219_cpl0_rp4p86955742959_rn4p98260407532_f12370_f21100_a0_dac1p25,K5OP,B,6,0.5,100,0,219,ac,0.0,0.0,0,1.25,0,4.8695574295933435,4.982604075316092,40.0,2370.0,1100.0,,0,,,,,,,,,,,-0.5043116118586433,-0.5,0.8623223717286521,1.4149616209836984,0.16496162098369838,1.3838709168295829,5.835270874382035,4.515577906512422,True,True,,,,,,,,,,,,,,,,,,,,,,,,,,,,,0
s9_k5op_b_s06_pos100_tap0_mc21_cpl0_rp4p88893683381_rn4p85239743988_f12370_f21100_a0_dac1p25,K5OP,B,6,0.5,100,0,21,ac,0.0,0.0,0,1.25,0,4.888936833814934,4.852397439877141,40.0,2370.0,1100.0,,0,,,,,,,,,,,-0.4967523022215481,-0.5,-0.6495395556903816,1.2983627937809636,0.04836279378096364,1.2891924237387236,5.376180756588985,4.890980625580531,True,True,,,,,,,,,,,,,,,,,,,,,,,,,,,,,0
s9_k5op_b_s06_pos100_tap0_mc220_cpl0_rp4p9747860182_rn4p84823286829_f12370_f21100_a0_dac1p25,K5OP,B,6,0.5,100,0,220,ac,0.0,0.0,0,1.25,0,4.974786018204106,4.848232868289286,40.0,2370.0,1100.0,,0,,,,,,,,,,,-0.4917584903358918,-0.5,-1.6483019328216386,1.3356959656717182,0.08569596567171822,1.319432100461546,5.526597306736852,4.834742133493655,True,True,,,,,,,,,,,,,,,,,,,,,,,,,,,,,0
s9_k5op_b_s06_pos100_tap0_mc221_cpl0_rp4p95709132515_rn4p9533377626_f12370_f21100_a0_dac1p25,K5OP,B,6,0.5,100,0,221,ac,0.0,0.0,0,1.25,0,4.957091325146115,4.953337762595706,40.0,2370.0,1100.0,,0,,,,,,,,,,,-0.49834206498111655,-0.5,-0.3315870037766899,1.4164504756085616,0.16645047560856163,1.3842299030156542,5.873970737023017,4.542366932154523,True,True,,,,,,,,,,,,,,,,,,,,,,,,,,,,,0
s9_k5op_b_s06_pos100_tap0_mc222_cpl0_rp4p95820886116_rn4p82531137377_f12370_f21100_a0_dac1p25,K5OP,B,6,0.5,100,0,222,ac,0.0,0.0,0,1.25,0,4.958208861157256,4.825311373766492,40.0,2370.0,1100.0,,0,,,,,,,,,,,-0.49453381695598875,-0.5,-1.0932366088022505,1.1855572810067114,-0.06444271899328857,1.1974939223837868,4.897049900207897,4.922480069386076,True,True,,,,,,,,,,,,,,,,,,,,,,,,,,,,,0
s9_k5op_b_s06_pos100_tap0_mc223_cpl0_rp4p97843931178_rn4p82159454777_f12370_f21100_a0_dac1p25,K5OP,B,6,0.5,100,0,223,ac,0.0,0.0,0,1.25,0,4.978439311778949,4.821594547770245,40.0,2370.0,1100.0,,0,,,,,,,,,,,-0.49240677365269825,-0.5,-1.5186452694603503,1.1149089630334856,-0.13509103696651437,1.1415697279721753,4.692329127252215,4.9326858196328836,True,True,,,,,,,,,,,,,,,,,,,,,,,,,,,,,0
s9_k5op_b_s06_pos100_tap0_mc224_cpl0_rp4p82657894055_rn4p93307495497_f12370_f21100_a0_dac1p25,K5OP,B,6,0.5,100,0,224,ac,0.0,0.0,0,1.25,0,4.82657894054647,4.933074954973275,40.0,2370.0,1100.0,,0,,,,,,,,,,,-0.49921806577499783,-0.5,-0.15638684500043354,1.260773972549322,0.010773972549322108,1.2586880088067796,5.251502754592998,4.909699169661108,True,True,,,,,,,,,,,,,,,,,,,,,,,,,,,,,0
s9_k5op_b_s06_pos100_tap0_mc225_cpl0_rp4p91033180571_rn4p92327324586_f12370_f21100_a0_dac1p25,K5OP,B,6,0.5,100,0,225,ac,0.0,0.0,0,1.25,0,4.910331805710256,4.923273245855662,40.0,2370.0,1100.0,,0,,,,,,,,,,,-0.489951738415928,-0.5,-2.009652316814403,1.394356658475853,0.1443566584758531,1.3675931134584718,5.733323503770519,4.578470235963693,True,True,,,,,,,,,,,,,,,,,,,,,,,,,,,,,0
s9_k5op_b_s06_pos100_tap0_mc226_cpl0_rp4p96173419505_rn4p95577109073_f12370_f21100_a0_dac1p25,K5OP,B,6,0.5,100,0,226,ac,0.0,0.0,0,1.25,0,4.961734195045354,4.955771090734503,40.0,2370.0,1100.0,,0,,,,,,,,,,,-0.5014336400953168,-0.5,0.28672801906335366,1.1862394444050548,-0.0637605555949452,1.1990608228514303,5.002096751769157,4.925736613579497,True,True,,,,,,,,,,,,,,,,,,,,,,,,,,,,,0
s9_k5op_b_s06_pos100_tap0_mc227_cpl0_rp4p86653885895_rn4p97235310029_f12370_f21100_a0_dac1p25,K5OP,B,6,0.5,100,0,227,ac,0.0,0.0,0,1.25,0,4.866538858950978,4.9723531002915,40.0,2370.0,1100.0,,0,,,,,,,,,,,-0.505143885798387,-0.5,1.0287771596773965,1.2632714648188943,0.013271464818894296,1.2606761531215396,5.274081812106237,4.9098323357298685,True,True,,,,,,,,,,,,,,,,,,,,,,,,,,,,,0
s9_k5op_b_s06_pos100_tap0_mc228_cpl0_rp4p96348419926_rn4p99125268425_f12370_f21100_a0_dac1p25,K5OP,B,6,0.5,100,0,228,ac,0.0,0.0,0,1.25,0,4.9634841992590335,4.991252684245683,40.0,2370.0,1100.0,,0,,,,,,,,,,,-0.5026286473254649,-0.5,0.5257294650929722,1.366594465123654,0.1165944651236539,1.345598705192248,5.5887982168645145,4.656037297119486,True,True,,,,,,,,,,,,,,,,,,,,,,,,,,,,,0
s9_k5op_b_s06_pos100_tap0_mc229_cpl0_rp4p91253212238_rn4p85189192822_f12370_f21100_a0_dac1p25,K5OP,B,6,0.5,100,0,229,ac,0.0,0.0,0,1.25,0,4.9125321223795915,4.851891928216548,40.0,2370.0,1100.0,,0,,,,,,,,,,,-0.5077021724482655,-0.5,1.5404344896531086,1.2067425170754076,-0.043257482924592416,1.215274122777183,5.058844474743102,4.921990751283817,True,True,,,,,,,,,,,,,,,,,,,,,,,,,,,,,0
s9_k5op_b_s06_pos100_tap0_mc22_cpl0_rp4p92425147698_rn4p80676320219_f12370_f21100_a0_dac1p25,K5OP,B,6,0.5,100,0,22,ac,0.0,0.0,0,1.25,0,4.924251476982826,4.80676320218761,40.0,2370.0,1100.0,,0,,,,,,,,,,,-0.4970298932131856,-0.5,-0.5940213573628839,1.2372869089296255,-0.01271309107037455,1.2397908605807406,5.179263544883959,4.916541316612095,True,True,,,,,,,,,,,,,,,,,,,,,,,,,,,,,0
s9_k5op_b_s06_pos100_tap0_mc230_cpl0_rp4p94158449776_rn4p93388173557_f12370_f21100_a0_dac1p25,K5OP,B,6,0.5,100,0,230,ac,0.0,0.0,0,1.25,0,4.941584497758334,4.933881735571261,40.0,2370.0,1100.0,,0,,,,,,,,,,,-0.5065730769229226,-0.5,1.3146153845845276,1.1144960605234524,-0.1355039394765476,1.1415955257979076,4.707920187915082,4.932993324632055,True,True,,,,,,,,,,,,,,,,,,,,,,,,,,,,,0
s9_k5op_b_s06_pos100_tap0_mc231_cpl0_rp4p84593088809_rn4p89252190322_f12370_f21100_a0_dac1p25,K5OP,B,6,0.5,100,0,231,ac,0.0,0.0,0,1.25,0,4.8459308880914875,4.892521903217098,40.0,2370.0,1100.0,,0,,,,,,,,,,,-0.500534473991876,-0.5,0.1068947983752011,1.1392234790212985,-0.1107765209787015,1.1612537869849724,4.799499457256275,4.930552644084215,True,True,,,,,,,,,,,,,,,,,,,,,,,,,,,,,0
s9_k5op_b_s06_pos100_tap0_mc232_cpl0_rp4p91884978598_rn4p84125086367_f12370_f21100_a0_dac1p25,K5OP,B,6,0.5,100,0,232,ac,0.0,0.0,0,1.25,0,4.918849785980269,4.841250863673151,40.0,2370.0,1100.0,,0,,,,,,,,,,,-0.4974368232135262,-0.5,-0.5126353572947551,1.1955629644458843,-0.05443703555411572,1.205965706243572,4.974467511154494,4.922307245526678,True,True,,,,,,,,,,,,,,,,,,,,,,,,,,,,,0
s9_k5op_b_s06_pos100_tap0_mc233_cpl0_rp4p90482749968_rn4p978777546_f12370_f21100_a0_dac1p25,K5OP,B,6,0.5,100,0,233,ac,0.0,0.0,0,1.25,0,4.904827499680167,4.978777546003827,40.0,2370.0,1100.0,,0,,,,,,,,,,,-0.49224577148889725,-0.5,-1.550845702220549,1.4466975468770342,0.19669754687703422,1.410206572654448,5.943443146217559,4.3698627712012845,False,True,,,,,,,,,,,,,,,,,,,,,,,,,,,,,0
s9_k5op_b_s06_pos100_tap0_mc234_cpl0_rp4p94911058996_rn4p81410277629_f12370_f21100_a0_dac1p25,K5OP,B,6,0.5,100,0,234,ac,0.0,0.0,0,1.25,0,4.949110589958199,4.814102776289683,40.0,2370.0,1100.0,,0,,,,,,,,,,,-0.49906760999101074,-0.5,-0.1864780017978518,1.2519882532598654,0.0019882532598654024,1.2516016766483729,5.221654355266274,4.912335845395386,True,True,,,,,,,,,,,,,,,,,,,,,,,,,,,,,0
s9_k5op_b_s06_pos100_tap0_mc235_cpl0_rp4p9153709398_rn4p90964172791_f12370_f21100_a0_dac1p25,K5OP,B,6,0.5,100,0,235,ac,0.0,0.0,0,1.25,0,4.915370939804115,4.909641727913646,40.0,2370.0,1100.0,,0,,,,,,,,,,,-0.5003441239375794,-0.5,0.0688247875158865,1.2107992631912126,-0.03920073680878744,1.2187049290700493,5.10418831127439,4.922508006601851,True,True,,,,,,,,,,,,,,,,,,,,,,,,,,,,,0
s9_k5op_b_s06_pos100_tap0_mc236_cpl0_rp4p94951352822_rn4p89532038323_f12370_f21100_a0_dac1p25,K5OP,B,6,0.5,100,0,236,ac,0.0,0.0,0,1.25,0,4.949513528216103,4.895320383234305,40.0,2370.0,1100.0,,0,,,,,,,,,,,-0.5087608529530607,-0.5,1.7521705906121454,1.298976111739398,0.04897611173939809,1.289384569102883,5.4187537504016525,4.896428629490351,True,True,,,,,,,,,,,,,,,,,,,,,,,,,,,,,0
s9_k5op_b_s06_pos100_tap0_mc237_cpl0_rp4p93173514821_rn4p92000156183_f12370_f21100_a0_dac1p25,K5OP,B,6,0.5,100,0,237,ac,0.0,0.0,0,1.25,0,4.931735148212523,4.920001561829357,40.0,2370.0,1100.0,,0,,,,,,,,,,,-0.5050821349751322,-0.5,1.0164269950264426,1.384764263544537,0.13476426354453697,1.3596506770179002,5.700994237608761,4.622879334920288,True,True,,,,,,,,,,,,,,,,,,,,,,,,,,,,,0
s9_k5op_b_s06_pos100_tap0_mc238_cpl0_rp4p88963276925_rn4p85821760049_f12370_f21100_a0_dac1p25,K5OP,B,6,0.5,100,0,238,ac,0.0,0.0,0,1.25,0,4.889632769247549,4.85821760048949,40.0,2370.0,1100.0,,0,,,,,,,,,,,-0.5121487069232877,-0.5,2.4297413846575466,1.135071476672878,-0.114928523327122,1.1591664988391768,4.854402304331964,4.932482319764317,True,True,,,,,,,,,,,,,,,,,,,,,,,,,,,,,0
s9_k5op_b_s06_pos100_tap0_mc239_cpl0_rp4p94176165779_rn4p9259712967_f12370_f21100_a0_dac1p25,K5OP,B,6,0.5,100,0,239,ac,0.0,0.0,0,1.25,0,4.94176165779403,4.925971296700741,40.0,2370.0,1100.0,,0,,,,,,,,,,,-0.4987363660899691,-0.5,-0.25272678200618515,1.2518243461218128,0.0018243461218128143,1.2514767504074942,5.19588827481423,4.910861706954151,True,True,,,,,,,,,,,,,,,,,,,,,,,,,,,,,0
s9_k5op_b_s06_pos100_tap0_mc23_cpl0_rp4p9897299409_rn4p99451175924_f12370_f21100_a0_dac1p25,K5OP,B,6,0.5,100,0,23,ac,0.0,0.0,0,1.25,0,4.989729940895217,4.994511759235949,40.0,2370.0,1100.0,,0,,,,,,,,,,,-0.4927103155966339,-0.5,-1.4579368806732163,1.1398659477092288,-0.11013405229077122,1.1599871439230267,4.69831883645125,4.927871462286724,True,True,,,,,,,,,,,,,,,,,,,,,,,,,,,,,0
s9_k5op_b_s06_pos100_tap0_mc240_cpl0_rp4p97652967904_rn4p85595368377_f12370_f21100_a0_dac1p25,K5OP,B,6,0.5,100,0,240,ac,0.0,0.0,0,1.25,0,4.976529679038606,4.855953683770988,40.0,2370.0,1100.0,,0,,,,,,,,,,,-0.4976001307167799,-0.5,-0.4799738566440226,1.400109201364872,0.15010920136487194,1.3719144686547022,5.771756113901672,4.570882502982697,True,True,,,,,,,,,,,,,,,,,,,,,,,,,,,,,0
s9_k5op_b_s06_pos100_tap0_mc241_cpl0_rp4p99714199044_rn4p97460890294_f12370_f21100_a0_dac1p25,K5OP,B,6,0.5,100,0,241,ac,0.0,0.0,0,1.25,0,4.997141990437619,4.974608902935586,40.0,2370.0,1100.0,,0,,,,,,,,,,,-0.49902504085905797,-0.5,-0.19499182818840666,1.1252716836213985,-0.12472831637860149,1.1499784342582429,4.738546525336888,4.931794235326845,True,True,,,,,,,,,,,,,,,,,,,,,,,,,,,,,0
s9_k5op_b_s06_pos100_tap0_mc242_cpl0_rp4p96365611923_rn4p81610003039_f12370_f21100_a0_dac1p25,K5OP,B,6,0.5,100,0,242,ac,0.0,0.0,0,1.25,0,4.963656119225819,4.816100030390195,40.0,2370.0,1100.0,,0,,,,,,,,,,,-0.4982672440211111,-0.5,-0.3465511957777778,1.3175657663694995,0.06756576636949951,1.304352979929873,5.4912503805794035,4.883366110792591,True,True,,,,,,,,,,,,,,,,,,,,,,,,,,,,,0
s9_k5op_b_s06_pos100_tap0_mc243_cpl0_rp4p93636149461_rn4p88398417069_f12370_f21100_a0_dac1p25,K5OP,B,6,0.5,100,0,243,ac,0.0,0.0,0,1.25,0,4.936361494608106,4.883984170689021,40.0,2370.0,1100.0,,0,,,,,,,,,,,-0.5004772646448163,-0.5,0.09545292896326885,1.1489079892324185,-0.10109201076758145,1.1689900188069016,4.836794082517812,4.929557629938729,True,True,,,,,,,,,,,,,,,,,,,,,,,,,,,,,0
s9_k5op_b_s06_pos100_tap0_mc244_cpl0_rp4p92283608296_rn4p91456992577_f12370_f21100_a0_dac1p25,K5OP,B,6,0.5,100,0,244,ac,0.0,0.0,0,1.25,0,4.922836082955919,4.91456992576517,40.0,2370.0,1100.0,,0,,,,,,,,,,,-0.501500817339906,-0.5,0.3001634679812071,1.0895289091550702,-0.16047109084492983,1.1210297098910758,4.583959363726102,4.934635129537942,True,True,,,,,,,,,,,,,,,,,,,,,,,,,,,,,0
s9_k5op_b_s06_pos100_tap0_mc245_cpl0_rp4p88532259635_rn4p84707416577_f12370_f21100_a0_dac1p25,K5OP,B,6,0.5,100,0,245,ac,0.0,0.0,0,1.25,0,4.885322596348982,4.847074165771614,40.0,2370.0,1100.0,,0,,,,,,,,,,,-0.5074530905704533,-0.5,1.4906181140906583,1.4006789457516418,0.15067894575164176,1.3697808765679067,5.886126543473521,4.680681235396814,True,True,,,,,,,,,,,,,,,,,,,,,,,,,,,,,0
s9_k5op_b_s06_pos100_tap0_mc246_cpl0_rp4p97229677993_rn4p90202300027_f12370_f21100_a0_dac1p25,K5OP,B,6,0.5,100,0,246,ac,0.0,0.0,0,1.25,0,4.972296779927454,4.90202300026721,40.0,2370.0,1100.0,,0,,,,,,,,,,,-0.4991319195170041,-0.5,-0.17361609659918287,1.1339906233832693,-0.11600937661673072,1.1548220637511828,4.655209674062197,4.928018403716439,True,True,,,,,,,,,,,,,,,,,,,,,,,,,,,,,0
s9_k5op_b_s06_pos100_tap0_mc247_cpl0_rp4p9067598612_rn4p83667745746_f12370_f21100_a0_dac1p25,K5OP,B,6,0.5,100,0,247,ac,0.0,0.0,0,1.25,0,4.906759861198976,4.836677457462542,40.0,2370.0,1100.0,,0,,,,,,,,,,,-0.5050328559865536,-0.5,1.0065711973107128,1.272491374428001,0.022491374428001087,1.2680226557495624,5.331355773942137,4.9085888893958405,True,True,,,,,,,,,,,,,,,,,,,,,,,,,,,,,0
s9_k5op_b_s06_pos100_tap0_mc248_cpl0_rp4p91276697059_rn4p88094372504_f12370_f21100_a0_dac1p25,K5OP,B,6,0.5,100,0,248,ac,0.0,0.0,0,1.25,0,4.912766970587882,4.880943725040297,40.0,2370.0,1100.0,,0,,,,,,,,,,,-0.5075805878265394,-0.5,1.516117565307873,1.316574464856777,0.06657446485677698,1.3035642976346382,5.486430760371512,4.883940209050134,True,True,,,,,,,,,,,,,,,,,,,,,,,,,,,,,0
s9_k5op_b_s06_pos100_tap0_mc249_cpl0_rp4p80321874913_rn4p90064253942_f12370_f21100_a0_dac1p25,K5OP,B,6,0.5,100,0,249,ac,0.0,0.0,0,1.25,0,4.803218749129418,4.900642539415244,40.0,2370.0,1100.0,,0,,,,,,,,,,,-0.4972801272661975,-0.5,-0.5439745467604951,1.2409816510984433,-0.009018348901556728,1.2426513343951937,5.118204594913891,4.911507450184135,True,True,,,,,,,,,,,,,,,,,,,,,,,,,,,,,0
s9_k5op_b_s06_pos100_tap0_mc24_cpl0_rp4p87095090022_rn4p94382442661_f12370_f21100_a0_dac1p25,K5OP,B,6,0.5,100,0,24,ac,0.0,0.0,0,1.25,0,4.8709509002161315,4.943824426609955,40.0,2370.0,1100.0,,0,,,,,,,,,,,-0.5040082115871369,-0.5,0.8016423174273868,1.3200027280294766,0.0700027280294766,1.3068681211660493,5.450068436355911,4.8641077759996465,True,True,,,,,,,,,,,,,,,,,,,,,,,,,,,,,0
s9_k5op_b_s06_pos100_tap0_mc250_cpl0_rp4p90639839029_rn4p94429674382_f12370_f21100_a0_dac1p25,K5OP,B,6,0.5,100,0,250,ac,0.0,0.0,0,1.25,0,4.906398390294764,4.944296743823049,40.0,2370.0,1100.0,,0,,,,,,,,,,,-0.497266065534796,-0.5,-0.546786893040796,1.2053091346190306,-0.04469086538096945,1.2141774297187125,5.060995526348039,4.922576522458122,True,True,,,,,,,,,,,,,,,,,,,,,,,,,,,,,0
s9_k5op_b_s06_pos100_tap0_mc251_cpl0_rp4p88829184932_rn4p83881567663_f12370_f21100_a0_dac1p25,K5OP,B,6,0.5,100,0,251,ac,0.0,0.0,0,1.25,0,4.888291849315955,4.838815676632653,40.0,2370.0,1100.0,,0,,,,,,,,,,,-0.5135877685465307,-0.5,2.717553709306131,1.3574540801467743,0.10745408014677427,1.336697075239818,5.635379892000097,4.775290374182124,True,True,,,,,,,,,,,,,,,,,,,,,,,,,,,,,0
s9_k5op_b_s06_pos100_tap0_mc252_cpl0_rp4p82748749781_rn4p95954260264_f12370_f21100_a0_dac1p25,K5OP,B,6,0.5,100,0,252,ac,0.0,0.0,0,1.25,0,4.827487497808149,4.959542602643575,40.0,2370.0,1100.0,,0,,,,,,,,,,,-0.5052588935437807,-0.5,1.0517787087561459,1.1447393826478276,-0.1052606173521724,1.1662332700641675,4.856644665063008,4.930808905347625,True,True,,,,,,,,,,,,,,,,,,,,,,,,,,,,,0
s9_k5op_b_s06_pos100_tap0_mc253_cpl0_rp4p88764588563_rn4p88894758767_f12370_f21100_a0_dac1p25,K5OP,B,6,0.5,100,0,253,ac,0.0,0.0,0,1.25,0,4.887645885627932,4.888947587665772,40.0,2370.0,1100.0,,0,,,,,,,,,,,-0.4943889536196622,-0.5,-1.122209276067565,1.234207057139556,-0.01579294286044397,1.2370492494685845,5.058566914895918,4.911201719187741,True,True,,,,,,,,,,,,,,,,,,,,,,,,,,,,,0
s9_k5op_b_s06_pos100_tap0_mc254_cpl0_rp4p96697839098_rn4p94604752154_f12370_f21100_a0_dac1p25,K5OP,B,6,0.5,100,0,254,ac,0.0,0.0,0,1.25,0,4.966978390981929,4.946047521542091,40.0,2370.0,1100.0,,0,,,,,,,,,,,-0.501521556753648,-0.5,0.30431135072959137,1.137257320112534,-0.112742679887466,1.1588603679640963,4.744565458837101,4.929668979514374,True,True,,,,,,,,,,,,,,,,,,,,,,,,,,,,,0
s9_k5op_b_s06_pos100_tap0_mc255_cpl0_rp4p95577092362_rn4p82720877893_f12370_f21100_a0_dac1p25,K5OP,B,6,0.5,100,0,255,ac,0.0,0.0,0,1.25,0,4.955770923615263,4.827208778925075,40.0,2370.0,1100.0,,0,,,,,,,,,,,-0.4932609516012709,-0.5,-1.347809679745815,1.1904474000703231,-0.059552599929676875,1.2017210294600704,4.942532207411308,4.922588738961794,True,True,,,,,,,,,,,,,,,,,,,,,,,,,,,,,0
s9_k5op_b_s06_pos100_tap0_mc256_cpl0_rp4p96150384685_rn4p82679675165_f12370_f21100_a0_dac1p25,K5OP,B,6,0.5,100,0,256,ac,0.0,0.0,0,1.25,0,4.9615038468530726,4.82679675165486,40.0,2370.0,1100.0,,0,,,,,,,,,,,-0.48873275363536806,-0.5,-2.253449272926389,1.204127128674274,-0.04587287132572593,1.2128315867226656,5.00010508446444,4.9206640311857575,True,True,,,,,,,,,,,,,,,,,,,,,,,,,,,,,0
s9_k5op_b_s06_pos100_tap0_mc257_cpl0_rp4p86717588036_rn4p88837970906_f12370_f21100_a0_dac1p25,K5OP,B,6,0.5,100,0,257,ac,0.0,0.0,0,1.25,0,4.867175880356308,4.888379709062037,40.0,2370.0,1100.0,,0,,,,,,,,,,,-0.4973642368693909,-0.5,-0.5271526261218185,1.3467505612334414,0.09675056123344139,1.3279727529630532,5.598468324281489,4.821101868360573,True,True,,,,,,,,,,,,,,,,,,,,,,,,,,,,,0
s9_k5op_b_s06_pos100_tap0_mc258_cpl0_rp4p88877692796_rn4p85246225886_f12370_f21100_a0_dac1p25,K5OP,B,6,0.5,100,0,258,ac,0.0,0.0,0,1.25,0,4.8887769279612066,4.852462258858391,40.0,2370.0,1100.0,,0,,,,,,,,,,,-0.49332282037131137,-0.5,-1.3354359257377268,1.367462559426388,0.11746255942638806,1.3450922502798228,5.6578939335815726,4.718142109101631,True,True,,,,,,,,,,,,,,,,,,,,,,,,,,,,,0
s9_k5op_b_s06_pos100_tap0_mc259_cpl0_rp4p9579517246_rn4p81782168776_f12370_f21100_a0_dac1p25,K5OP,B,6,0.5,100,0,259,ac,0.0,0.0,0,1.25,0,4.957951724600125,4.817821687756452,40.0,2370.0,1100.0,,0,,,,,,,,,,,-0.4882709954316722,-0.5,-2.3458009136655633,1.2431216096447022,-0.006878390355297803,1.2444931569376498,5.218548322884342,4.916178742468755,True,True,,,,,,,,,,,,,,,,,,,,,,,,,,,,,0
s9_k5op_b_s06_pos100_tap0_mc25_cpl0_rp4p94809069737_rn4p86893407988_f12370_f21100_a0_dac1p25,K5OP,B,6,0.5,100,0,25,ac,0.0,0.0,0,1.25,0,4.948090697367347,4.868934079880725,40.0,2370.0,1100.0,,0,,,,,,,,,,,-0.48985171444639874,-0.5,-2.029657110720251,1.2291617460957325,-0.020838253904267523,1.2333671106281787,5.178550941141843,4.919572868595077,True,True,,,,,,,,,,,,,,,,,,,,,,,,,,,,,0
s9_k5op_b_s06_pos100_tap0_mc260_cpl0_rp4p8152422395_rn4p80619927478_f12370_f21100_a0_dac1p25,K5OP,B,6,0.5,100,0,260,ac,0.0,0.0,0,1.25,0,4.81524223950122,4.806199274783992,40.0,2370.0,1100.0,,0,,,,,,,,,,,-0.5040567398167939,-0.5,0.8113479633587772,1.2199699719757549,-0.030030028024245148,1.225745964111577,5.08009144370615,4.918473800214416,True,True,,,,,,,,,,,,,,,,,,,,,,,,,,,,,0
s9_k5op_b_s06_pos100_tap0_mc261_cpl0_rp4p99674292571_rn4p92532545127_f12370_f21100_a0_dac1p25,K5OP,B,6,0.5,100,0,261,ac,0.0,0.0,0,1.25,0,4.996742925711324,4.925325451272178,40.0,2370.0,1100.0,,0,,,,,,,,,,,-0.5006659708937766,-0.5,0.1331941787553248,1.2763974491881551,0.02639744918815512,1.2715165550719856,5.258333171300944,4.8991464950558985,True,True,,,,,,,,,,,,,,,,,,,,,,,,,,,,,0
s9_k5op_b_s06_pos100_tap0_mc262_cpl0_rp4p91344335367_rn4p99383127602_f12370_f21100_a0_dac1p25,K5OP,B,6,0.5,100,0,262,ac,0.0,0.0,0,1.25,0,4.913443353669787,4.993831276024584,40.0,2370.0,1100.0,,0,,,,,,,,,,,-0.5025132071601934,-0.5,0.5026414320386863,1.1728577980315702,-0.0771422019684298,1.1882938184535616,4.942076105610978,4.927121838472294,True,True,,,,,,,,,,,,,,,,,,,,,,,,,,,,,0
s9_k5op_b_s06_pos100_tap0_mc263_cpl0_rp4p88067085141_rn4p88387044565_f12370_f21100_a0_dac1p25,K5OP,B,6,0.5,100,0,263,ac,0.0,0.0,0,1.25,0,4.880670851412191,4.883870445650321,40.0,2370.0,1100.0,,0,,,,,,,,,,,-0.5004389194047443,-0.5,0.08778388094885514,1.2925588244424284,0.04255882444242842,1.2846076908686486,5.335187311952021,4.891858496139512,True,True,,,,,,,,,,,,,,,,,,,,,,,,,,,,,0
s9_k5op_b_s06_pos100_tap0_mc264_cpl0_rp4p98667603636_rn4p86889694564_f12370_f21100_a0_dac1p25,K5OP,B,6,0.5,100,0,264,ac,0.0,0.0,0,1.25,0,4.9866760363581975,4.868896945639033,40.0,2370.0,1100.0,,0,,,,,,,,,,,-0.4913009636234422,-0.5,-1.7398072753115557,1.1734063606144332,-0.07659363938556685,1.188345281237057,4.9112842344182095,4.9262308192495246,True,True,,,,,,,,,,,,,,,,,,,,,,,,,,,,,0
s9_k5op_b_s06_pos100_tap0_mc265_cpl0_rp4p86689686023_rn4p86443380961_f12370_f21100_a0_dac1p25,K5OP,B,6,0.5,100,0,265,ac,0.0,0.0,0,1.25,0,4.866896860230826,4.864433809607853,40.0,2370.0,1100.0,,0,,,,,,,,,,,-0.5107108614881284,-0.5,2.1421722976256774,1.3280139990371378,0.0780139990371378,1.3119446934380323,5.601593772032338,4.888698732120705,True,True,,,,,,,,,,,,,,,,,,,,,,,,,,,,,0
s9_k5op_b_s06_pos100_tap0_mc266_cpl0_rp4p98984824733_rn4p98947853282_f12370_f21100_a0_dac1p25,K5OP,B,6,0.5,100,0,266,ac,0.0,0.0,0,1.25,0,4.98984824733454,4.989478532816551,40.0,2370.0,1100.0,,0,,,,,,,,,,,-0.5151733920589097,-0.5,3.0346784117819325,1.4250827741635956,0.17508277416359563,1.3906577045626378,5.928254115685842,4.52759192237704,True,True,,,,,,,,,,,,,,,,,,,,,,,,,,,,,0
s9_k5op_b_s06_pos100_tap0_mc267_cpl0_rp4p90256861613_rn4p8911348467_f12370_f21100_a0_dac1p25,K5OP,B,6,0.5,100,0,267,ac,0.0,0.0,0,1.25,0,4.902568616128807,4.891134846700927,40.0,2370.0,1100.0,,0,,,,,,,,,,,-0.48847526337119085,-0.5,-2.3049473257618303,1.300786392646602,0.0507863926466019,1.2911935785469864,5.381206245075219,4.88842726987502,True,True,,,,,,,,,,,,,,,,,,,,,,,,,,,,,0
s9_k5op_b_s06_pos100_tap0_mc268_cpl0_rp4p88868272998_rn4p83524608328_f12370_f21100_a0_dac1p25,K5OP,B,6,0.5,100,0,268,ac,0.0,0.0,0,1.25,0,4.888682729983905,4.835246083280259,40.0,2370.0,1100.0,,0,,,,,,,,,,,-0.5078600403561007,-0.5,1.5720080712201323,1.2461785529541012,-0.003821447045898818,1.246979485505567,5.298404188262317,4.918728218678419,True,True,,,,,,,,,,,,,,,,,,,,,,,,,,,,,0
s9_k5op_b_s06_pos100_tap0_mc269_cpl0_rp4p89013787621_rn4p82028690977_f12370_f21100_a0_dac1p25,K5OP,B,6,0.5,100,0,269,ac,0.0,0.0,0,1.25,0,4.890137876206749,4.820286909772111,40.0,2370.0,1100.0,,0,,,,,,,,,,,-0.503307660870167,-0.5,0.6615321740333968,1.2690791095082536,0.019079109508253644,1.2653655055861737,5.291391170538487,4.907653281803294,True,True,,,,,,,,,,,,,,,,,,,,,,,,,,,,,0
s9_k5op_b_s06_pos100_tap0_mc26_cpl0_rp4p96840511781_rn4p83667719361_f12370_f21100_a0_dac1p25,K5OP,B,6,0.5,100,0,26,ac,0.0,0.0,0,1.25,0,4.968405117807948,4.836677193612291,40.0,2370.0,1100.0,,0,,,,,,,,,,,-0.5114148058149359,-0.5,2.282961162987185,1.3388094464072386,0.08880944640723865,1.3211552512834988,5.597291860093737,4.862579445797635,True,True,,,,,,,,,,,,,,,,,,,,,,,,,,,,,0
s9_k5op_b_s06_pos100_tap0_mc270_cpl0_rp4p85602543953_rn4p83284111694_f12370_f21100_a0_dac1p25,K5OP,B,6,0.5,100,0,270,ac,0.0,0.0,0,1.25,0,4.856025439530272,4.832841116941261,40.0,2370.0,1100.0,,0,,,,,,,,,,,-0.49025854812962955,-0.5,-1.948290374074091,1.2757642191454426,0.02576421914544258,1.2707529307939638,5.317246693198868,4.905485628869511,True,True,,,,,,,,,,,,,,,,,,,,,,,,,,,,,0
s9_k5op_b_s06_pos100_tap0_mc271_cpl0_rp4p95544005807_rn4p91742540498_f12370_f21100_a0_dac1p25,K5OP,B,6,0.5,100,0,271,ac,0.0,0.0,0,1.25,0,4.955440058069738,4.917425404978769,40.0,2370.0,1100.0,,0,,,,,,,,,,,-0.5027858905109817,-0.5,0.5571781021963318,1.3819013401752225,0.13190134017522248,1.3563000797005413,5.73913135669723,4.683905319797196,True,True,,,,,,,,,,,,,,,,,,,,,,,,,,,,,0
s9_k5op_b_s06_pos100_tap0_mc272_cpl0_rp4p89203969634_rn4p88601287793_f12370_f21100_a0_dac1p25,K5OP,B,6,0.5,100,0,272,ac,0.0,0.0,0,1.25,0,4.892039696343678,4.8860128779308205,40.0,2370.0,1100.0,,0,,,,,,,,,,,-0.4987407825515655,-0.5,-0.2518434896868982,1.433661589370767,0.18366158937076693,1.399461112751024,5.8957124111148005,4.4264196961486775,False,True,,,,,,,,,,,,,,,,,,,,,,,,,,,,,0
s9_k5op_b_s06_pos100_tap0_mc273_cpl0_rp4p87314728285_rn4p84524904536_f12370_f21100_a0_dac1p25,K5OP,B,6,0.5,100,0,273,ac,0.0,0.0,0,1.25,0,4.87314728285174,4.845249045357976,40.0,2370.0,1100.0,,0,,,,,,,,,,,-0.4923052050549881,-0.5,-1.5389589890023814,1.3597822009575282,0.10978220095752822,1.3388894168438243,5.626306989865993,4.747896372465938,True,True,,,,,,,,,,,,,,,,,,,,,,,,,,,,,0
s9_k5op_b_s06_pos100_tap0_mc274_cpl0_rp4p91018433355_rn4p81113553494_f12370_f21100_a0_dac1p25,K5OP,B,6,0.5,100,0,274,ac,0.0,0.0,0,1.25,0,4.910184333553857,4.811135534942751,40.0,2370.0,1100.0,,0,,,,,,,,,,,-0.500620142712549,-0.5,0.1240285425097909,1.4239592513802715,0.17395925138027146,1.389806144522496,5.921850914226551,4.530176903184367,True,True,,,,,,,,,,,,,,,,,,,,,,,,,,,,,0
s9_k5op_b_s06_pos100_tap0_mc275_cpl0_rp4p91968061208_rn4p81334763513_f12370_f21100_a0_dac1p25,K5OP,B,6,0.5,100,0,275,ac,0.0,0.0,0,1.25,0,4.919680612079673,4.813347635132701,40.0,2370.0,1100.0,,0,,,,,,,,,,,-0.4937651182169933,-0.5,-1.246976356601337,1.2372824238402915,-0.012717576159708477,1.2397343954408508,5.152312767828315,4.9152265446469015,True,True,,,,,,,,,,,,,,,,,,,,,,,,,,,,,0
s9_k5op_b_s06_pos100_tap0_mc276_cpl0_rp4p97496122356_rn4p97857918554_f12370_f21100_a0_dac1p25,K5OP,B,6,0.5,100,0,276,ac,0.0,0.0,0,1.25,0,4.974961223561711,4.978579185542484,40.0,2370.0,1100.0,,0,,,,,,,,,,,-0.49356953034300766,-0.5,-1.2860939313984687,1.3752901681275513,0.12529016812755134,1.3504826890967925,5.738069744767666,4.735651247739254,True,True,,,,,,,,,,,,,,,,,,,,,,,,,,,,,0
s9_k5op_b_s06_pos100_tap0_mc277_cpl0_rp4p95207148224_rn4p82414989704_f12370_f21100_a0_dac1p25,K5OP,B,6,0.5,100,0,277,ac,0.0,0.0,0,1.25,0,4.952071482241088,4.824149897040279,40.0,2370.0,1100.0,,0,,,,,,,,,,,-0.5030147113166628,-0.5,0.602942263332551,1.3014994856968731,0.051499485696873126,1.2919490151066955,5.3622057673753805,4.883265715457469,True,True,,,,,,,,,,,,,,,,,,,,,,,,,,,,,0
s9_k5op_b_s06_pos100_tap0_mc278_cpl0_rp4p81673972575_rn4p91947154548_f12370_f21100_a0_dac1p25,K5OP,B,6,0.5,100,0,278,ac,0.0,0.0,0,1.25,0,4.816739725753125,4.919471545478923,40.0,2370.0,1100.0,,0,,,,,,,,,,,-0.5030398784876322,-0.5,0.6079756975264416,1.1836123157489014,-0.06638768425109864,1.1968546235401925,4.980969137878894,4.925773074347,True,True,,,,,,,,,,,,,,,,,,,,,,,,,,,,,0
s9_k5op_b_s06_pos100_tap0_mc279_cpl0_rp4p99656962876_rn4p93923706344_f12370_f21100_a0_dac1p25,K5OP,B,6,0.5,100,0,279,ac,0.0,0.0,0,1.25,0,4.996569628759205,4.939237063439288,40.0,2370.0,1100.0,,0,,,,,,,,,,,-0.504621601969224,-0.5,0.9243203938448019,1.1535006753557087,-0.09649932464429134,1.1720683720324434,4.814678910505085,4.92800581766536,True,True,,,,,,,,,,,,,,,,,,,,,,,,,,,,,0
s9_k5op_b_s06_pos100_tap0_mc27_cpl0_rp4p84221243785_rn4p99596913471_f12370_f21100_a0_dac1p25,K5OP,B,6,0.5,100,0,27,ac,0.0,0.0,0,1.25,0,4.842212437846862,4.995969134714784,40.0,2370.0,1100.0,,0,,,,,,,,,,,-0.5034651561433456,-0.5,0.6930312286691276,1.2851832595641837,0.035183259564183667,1.278236719012282,5.373978802585402,4.903704211916469,True,True,,,,,,,,,,,,,,,,,,,,,,,,,,,,,0
s9_k5op_b_s06_pos100_tap0_mc280_cpl0_rp4p88628711239_rn4p99181917924_f12370_f21100_a0_dac1p25,K5OP,B,6,0.5,100,0,280,ac,0.0,0.0,0,1.25,0,4.886287112390138,4.991819179244,40.0,2370.0,1100.0,,0,,,,,,,,,,,-0.49600995357172994,-0.5,-0.7980092856540111,1.2397434144603674,-0.010256585539632601,1.2416930367938779,5.144702569547455,4.913727273508906,True,True,,,,,,,,,,,,,,,,,,,,,,,,,,,,,0
s9_k5op_b_s06_pos100_tap0_mc281_cpl0_rp4p96582010468_rn4p85196234501_f12370_f21100_a0_dac1p25,K5OP,B,6,0.5,100,0,281,ac,0.0,0.0,0,1.25,0,4.965820104684439,4.851962345011119,40.0,2370.0,1100.0,,0,,,,,,,,,,,-0.5040073088443231,-0.5,0.8014617688646197,1.4468830244852657,0.19688302448526573,1.406677832852782,6.065296589457809,4.490232393575722,False,True,,,,,,,,,,,,,,,,,,,,,,,,,,,,,0
s9_k5op_b_s06_pos100_tap0_mc282_cpl0_rp4p91440963991_rn4p90249827447_f12370_f21100_a0_dac1p25,K5OP,B,6,0.5,100,0,282,ac,0.0,0.0,0,1.25,0,4.9144096399146555,4.902498274473063,40.0,2370.0,1100.0,,0,,,,,,,,,,,-0.5091223117444477,-0.5,1.8244623488895328,1.2536090904656878,0.003609090465687803,1.252861903387556,5.310974330894895,4.916532975839238,True,True,,,,,,,,,,,,,,,,,,,,,,,,,,,,,0
s9_k5op_b_s06_pos100_tap0_mc283_cpl0_rp4p86388330479_rn4p80711897752_f12370_f21100_a0_dac1p25,K5OP,B,6,0.5,100,0,283,ac,0.0,0.0,0,1.25,0,4.863883304787585,4.807118977521,40.0,2370.0,1100.0,,0,,,,,,,,,,,-0.5070036171899384,-0.5,1.400723437987672,1.39892897184528,0.14892897184527998,1.3698345208236444,5.815427848935254,4.623995196891307,True,True,,,,,,,,,,,,,,,,,,,,,,,,,,,,,0
s9_k5op_b_s06_pos100_tap0_mc284_cpl0_rp4p87305197018_rn4p87796273137_f12370_f21100_a0_dac1p25,K5OP,B,6,0.5,100,0,284,ac,0.0,0.0,0,1.25,0,4.873051970181386,4.8779627313650185,40.0,2370.0,1100.0,,0,,,,,,,,,,,-0.5057560880178613,-0.5,1.1512176035722632,1.328384455430708,0.07838445543070804,1.313389734421631,5.507039826624913,4.859382854271445,True,True,,,,,,,,,,,,,,,,,,,,,,,,,,,,,0
s9_k5op_b_s06_pos100_tap0_mc285_cpl0_rp4p94436651477_rn4p99774297282_f12370_f21100_a0_dac1p25,K5OP,B,6,0.5,100,0,285,ac,0.0,0.0,0,1.25,0,4.9443665147688325,4.997742972819162,40.0,2370.0,1100.0,,0,,,,,,,,,,,-0.5087988243031694,-0.5,1.7597648606338723,1.3872040920171138,0.1372040920171138,1.3587633552664549,5.847082360875341,4.749285794156658,True,True,,,,,,,,,,,,,,,,,,,,,,,,,,,,,0
s9_k5op_b_s06_pos100_tap0_mc286_cpl0_rp4p9239685101_rn4p89417343446_f12370_f21100_a0_dac1p25,K5OP,B,6,0.5,100,0,286,ac,0.0,0.0,0,1.25,0,4.9239685101041575,4.894173434460581,40.0,2370.0,1100.0,,0,,,,,,,,,,,-0.5138735644378611,-0.5,2.7747128875722282,1.3424643505193452,0.0924643505193452,1.323939484251772,5.622129258057358,4.860495833236887,True,True,,,,,,,,,,,,,,,,,,,,,,,,,,,,,0
s9_k5op_b_s06_pos100_tap0_mc287_cpl0_rp4p81787448104_rn4p97519879239_f12370_f21100_a0_dac1p25,K5OP,B,6,0.5,100,0,287,ac,0.0,0.0,0,1.25,0,4.817874481037555,4.975198792386667,40.0,2370.0,1100.0,,0,,,,,,,,,,,-0.4930867969095809,-0.5,-1.382640618083819,1.3507032159348604,0.10070321593486042,1.331448265338082,5.5957228068888885,4.789280729083738,True,True,,,,,,,,,,,,,,,,,,,,,,,,,,,,,0
s9_k5op_b_s06_pos100_tap0_mc288_cpl0_rp4p96893330957_rn4p92910243027_f12370_f21100_a0_dac1p25,K5OP,B,6,0.5,100,0,288,ac,0.0,0.0,0,1.25,0,4.9689333095693735,4.929102430269127,40.0,2370.0,1100.0,,0,,,,,,,,,,,-0.49664533789259835,-0.5,-0.6709324214803303,1.1348073714247844,-0.11519262857521562,1.1573039267330287,4.758534068566217,4.9304903778406155,True,True,,,,,,,,,,,,,,,,,,,,,,,,,,,,,0
s9_k5op_b_s06_pos100_tap0_mc289_cpl0_rp4p80903046599_rn4p88305635389_f12370_f21100_a0_dac1p25,K5OP,B,6,0.5,100,0,289,ac,0.0,0.0,0,1.25,0,4.809030465986894,4.883056353894581,40.0,2370.0,1100.0,,0,,,,,,,,,,,-0.5104311106796988,-0.5,2.0862221359397637,1.1733684608931738,-0.07663153910682619,1.1882363612467446,4.9045085355945,4.925928958818161,True,True,,,,,,,,,,,,,,,,,,,,,,,,,,,,,0
s9_k5op_b_s06_pos100_tap0_mc28_cpl0_rp4p96950778313_rn4p90427093524_f12370_f21100_a0_dac1p25,K5OP,B,6,0.5,100,0,28,ac,0.0,0.0,0,1.25,0,4.969507783131816,4.904270935236131,40.0,2370.0,1100.0,,0,,,,,,,,,,,-0.5009760437271193,-0.5,0.19520874542386935,1.22161913780001,-0.02838086219998992,1.2270064158341625,5.070514862941957,4.917465315671066,True,True,,,,,,,,,,,,,,,,,,,,,,,,,,,,,0
s9_k5op_b_s06_pos100_tap0_mc290_cpl0_rp4p85100514753_rn4p88882970306_f12370_f21100_a0_dac1p25,K5OP,B,6,0.5,100,0,290,ac,0.0,0.0,0,1.25,0,4.85100514752832,4.8888297030556735,40.0,2370.0,1100.0,,0,,,,,,,,,,,-0.5088957854016973,-0.5,1.7791570803394663,1.2381580841650484,-0.011841915834951644,1.2403582493589027,5.111036485257815,4.912452129337209,True,True,,,,,,,,,,,,,,,,,,,,,,,,,,,,,0
s9_k5op_b_s06_pos100_tap0_mc291_cpl0_rp4p87694019521_rn4p8306926344_f12370_f21100_a0_dac1p25,K5OP,B,6,0.5,100,0,291,ac,0.0,0.0,0,1.25,0,4.876940195209088,4.830692634401663,40.0,2370.0,1100.0,,0,,,,,,,,,,,-0.49990606401462134,-0.5,-0.0187871970757314,1.1699840707410605,-0.08001592925893952,1.1860419558786846,4.9344262772199965,4.927639775134831,True,True,,,,,,,,,,,,,,,,,,,,,,,,,,,,,0
s9_k5op_b_s06_pos100_tap0_mc292_cpl0_rp4p89265193245_rn4p83600217757_f12370_f21100_a0_dac1p25,K5OP,B,6,0.5,100,0,292,ac,0.0,0.0,0,1.25,0,4.8926519324505735,4.836002177568029,40.0,2370.0,1100.0,,0,,,,,,,,,,,-0.5071222751700688,-0.5,1.4244550340137607,1.22007509315315,-0.029924906846849897,1.2263433181629317,5.193159108356484,4.922880523837189,True,True,,,,,,,,,,,,,,,,,,,,,,,,,,,,,0
s9_k5op_b_s06_pos100_tap0_mc293_cpl0_rp4p92492418595_rn4p89121378688_f12370_f21100_a0_dac1p25,K5OP,B,6,0.5,100,0,293,ac,0.0,0.0,0,1.25,0,4.924924185946928,4.891213786876586,40.0,2370.0,1100.0,,0,,,,,,,,,,,-0.5054852751451122,-0.5,1.0970550290224423,1.2119833886675924,-0.038016611332407635,1.2193586944456072,5.058865814482372,4.9203692132322745,True,True,,,,,,,,,,,,,,,,,,,,,,,,,,,,,0
s9_k5op_b_s06_pos100_tap0_mc294_cpl0_rp4p88144653138_rn4p96123606146_f12370_f21100_a0_dac1p25,K5OP,B,6,0.5,100,0,294,ac,0.0,0.0,0,1.25,0,4.881446531383991,4.961236061463274,40.0,2370.0,1100.0,,0,,,,,,,,,,,-0.49795560541738837,-0.5,-0.4088789165223261,1.2827246460783135,0.03272464607831349,1.2766343411962227,5.2912857895486916,4.896913732809156,True,True,,,,,,,,,,,,,,,,,,,,,,,,,,,,,0
s9_k5op_b_s06_pos100_tap0_mc295_cpl0_rp4p9067341631_rn4p86006960624_f12370_f21100_a0_dac1p25,K5OP,B,6,0.5,100,0,295,ac,0.0,0.0,0,1.25,0,4.906734163100417,4.860069606237508,40.0,2370.0,1100.0,,0,,,,,,,,,,,-0.4959414986544397,-0.5,-0.811700269112059,1.2600935390428982,0.010093539042898225,1.2581418220870249,5.24717719449152,4.909855118608598,True,True,,,,,,,,,,,,,,,,,,,,,,,,,,,,,0
s9_k5op_b_s06_pos100_tap0_mc296_cpl0_rp4p92067480854_rn4p84523268671_f12370_f21100_a0_dac1p25,K5OP,B,6,0.5,100,0,296,ac,0.0,0.0,0,1.25,0,4.920674808541191,4.845232686707793,40.0,2370.0,1100.0,,0,,,,,,,,,,,-0.4945201433757207,-0.5,-1.09597132485586,1.1118393260936783,-0.1381606739063217,1.1400124225691253,4.723178846778167,4.933754579629538,True,True,,,,,,,,,,,,,,,,,,,,,,,,,,,,,0
s9_k5op_b_s06_pos100_tap0_mc297_cpl0_rp4p87105347092_rn4p98739239032_f12370_f21100_a0_dac1p25,K5OP,B,6,0.5,100,0,297,ac,0.0,0.0,0,1.25,0,4.8710534709176745,4.987392390316434,40.0,2370.0,1100.0,,0,,,,,,,,,,,-0.48827917343736704,-0.5,-2.3441653125265915,1.2702987453225811,0.020298745322581135,1.2663506565944216,5.295342184644976,4.90729750488279,True,True,,,,,,,,,,,,,,,,,,,,,,,,,,,,,0
s9_k5op_b_s06_pos100_tap0_mc298_cpl0_rp4p86118575176_rn4p86699901285_f12370_f21100_a0_dac1p25,K5OP,B,6,0.5,100,0,298,ac,0.0,0.0,0,1.25,0,4.861185751759431,4.866999012846953,40.0,2370.0,1100.0,,0,,,,,,,,,,,-0.4873321223999083,-0.5,-2.5335755200183385,1.1490439547569795,-0.10095604524302049,1.167289552032793,4.722679186400002,4.926509307460977,True,True,,,,,,,,,,,,,,,,,,,,,,,,,,,,,0
s9_k5op_b_s06_pos100_tap0_mc299_cpl0_rp4p90416621044_rn4p82388538802_f12370_f21100_a0_dac1p25,K5OP,B,6,0.5,100,0,299,ac,0.0,0.0,0,1.25,0,4.90416621044304,4.823885388018154,40.0,2370.0,1100.0,,0,,,,,,,,,,,-0.4879515554606195,-0.5,-2.4096889078760952,1.3924130581610223,0.14241305816102234,1.3644992445742092,5.79357180085192,4.654262484199012,True,True,,,,,,,,,,,,,,,,,,,,,,,,,,,,,0
s9_k5op_b_s06_pos100_tap0_mc29_cpl0_rp4p85078460467_rn4p80797514988_f12370_f21100_a0_dac1p25,K5OP,B,6,0.5,100,0,29,ac,0.0,0.0,0,1.25,0,4.850784604666872,4.8079751498766194,40.0,2370.0,1100.0,,0,,,,,,,,,,,-0.4944164904073123,-0.5,-1.1167019185375437,1.1695010498382277,-0.08049895016177233,1.1849095091221298,4.8722435747143304,4.925939566851483,True,True,,,,,,,,,,,,,,,,,,,,,,,,,,,,,0
s9_k5op_b_s06_pos100_tap0_mc2_cpl0_rp4p98200254129_rn4p81433455753_f12370_f21100_a0_dac1p25,K5OP,B,6,0.5,100,0,2,ac,0.0,0.0,0,1.25,0,4.982002541288809,4.814334557529274,40.0,2370.0,1100.0,,0,,,,,,,,,,,-0.49569478238511433,-0.5,-0.861043522977134,1.2863671585678327,0.03636715856783268,1.2794833532155165,5.3260891989811725,4.897591068494653,True,True,,,,,,,,,,,,,,,,,,,,,,,,,,,,,0
s9_k5op_b_s06_pos100_tap0_mc300_cpl0_rp4p81684727174_rn4p82551800787_f12370_f21100_a0_dac1p25,K5OP,B,6,0.5,100,0,300,ac,0.0,0.0,0,1.25,0,4.816847271740415,4.82551800787176,40.0,2370.0,1100.0,,0,,,,,,,,,,,-0.49923033906491554,-0.5,-0.15393218701689193,1.2048149669631836,-0.045185033036816424,1.2134366885896766,5.009630527252881,4.92080351666472,True,True,,,,,,,,,,,,,,,,,,,,,,,,,,,,,0
s9_k5op_b_s06_pos100_tap0_mc301_cpl0_rp4p85482141735_rn4p83460072682_f12370_f21100_a0_dac1p25,K5OP,B,6,0.5,100,0,301,ac,0.0,0.0,0,1.25,0,4.854821417348775,4.834600726821064,40.0,2370.0,1100.0,,0,,,,,,,,,,,-0.4992666320404737,-0.5,-0.1466735919052553,1.2462433427807158,-0.0037566572192841985,1.2469638120975808,5.181608371354201,4.912785427629462,True,True,,,,,,,,,,,,,,,,,,,,,,,,,,,,,0
s9_k5op_b_s06_pos100_tap0_mc302_cpl0_rp4p8218068001_rn4p96010867454_f12370_f21100_a0_dac1p25,K5OP,B,6,0.5,100,0,302,ac,0.0,0.0,0,1.25,0,4.821806800096206,4.960108674539765,40.0,2370.0,1100.0,,0,,,,,,,,,,,-0.5071219542406746,-0.5,1.4243908481349266,1.119185281294682,-0.1308147187053179,1.1458937025788432,4.754249135472659,4.933192309267478,True,True,,,,,,,,,,,,,,,,,,,,,,,,,,,,,0
s9_k5op_b_s06_pos100_tap0_mc303_cpl0_rp4p85285258319_rn4p96337075079_f12370_f21100_a0_dac1p25,K5OP,B,6,0.5,100,0,303,ac,0.0,0.0,0,1.25,0,4.852852583191121,4.963370750787262,40.0,2370.0,1100.0,,0,,,,,,,,,,,-0.5044847909261296,-0.5,0.8969581852259267,1.3300530531629797,0.08005305316297973,1.3143385377191956,5.546050958816517,4.870288846627975,True,True,,,,,,,,,,,,,,,,,,,,,,,,,,,,,0
s9_k5op_b_s06_pos100_tap0_mc304_cpl0_rp4p92094634383_rn4p86088210914_f12370_f21100_a0_dac1p25,K5OP,B,6,0.5,100,0,304,ac,0.0,0.0,0,1.25,0,4.9209463438299474,4.860882109135308,40.0,2370.0,1100.0,,0,,,,,,,,,,,-0.5008724714587798,-0.5,0.17449429175595554,1.335400089394365,0.08540008939436494,1.3185261603764078,5.575811255811848,4.86517276821275,True,True,,,,,,,,,,,,,,,,,,,,,,,,,,,,,0
s9_k5op_b_s06_pos100_tap0_mc305_cpl0_rp4p97839483225_rn4p8682588316_f12370_f21100_a0_dac1p25,K5OP,B,6,0.5,100,0,305,ac,0.0,0.0,0,1.25,0,4.978394832248415,4.868258831598659,40.0,2370.0,1100.0,,0,,,,,,,,,,,-0.5062571044269326,-0.5,1.2514208853865227,1.2422130365833013,-0.007786963416698711,1.243788491666486,5.234118583098352,4.917281075661869,True,True,,,,,,,,,,,,,,,,,,,,,,,,,,,,,0
s9_k5op_b_s06_pos100_tap0_mc306_cpl0_rp4p87490229678_rn4p91103944073_f12370_f21100_a0_dac1p25,K5OP,B,6,0.5,100,0,306,ac,0.0,0.0,0,1.25,0,4.874902296777043,4.911039440734405,40.0,2370.0,1100.0,,0,,,,,,,,,,,-0.500649217006055,-0.5,0.12984340121100502,1.2822370580569786,0.03223705805697863,1.2763139124830782,5.27434969718821,4.895135133037776,True,True,,,,,,,,,,,,,,,,,,,,,,,,,,,,,0
s9_k5op_b_s06_pos100_tap0_mc307_cpl0_rp4p87833686804_rn4p96320569423_f12370_f21100_a0_dac1p25,K5OP,B,6,0.5,100,0,307,ac,0.0,0.0,0,1.25,0,4.878336868035609,4.963205694230483,40.0,2370.0,1100.0,,0,,,,,,,,,,,-0.5021600427336903,-0.5,0.4320085467380608,1.3282820514409026,0.07828205144090261,1.312716330587408,5.555536570097782,4.877840311712584,True,True,,,,,,,,,,,,,,,,,,,,,,,,,,,,,0
s9_k5op_b_s06_pos100_tap0_mc308_cpl0_rp4p93235483041_rn4p88495127237_f12370_f21100_a0_dac1p25,K5OP,B,6,0.5,100,0,308,ac,0.0,0.0,0,1.25,0,4.932354830405883,4.884951272365861,40.0,2370.0,1100.0,,0,,,,,,,,,,,-0.4978000914902747,-0.5,-0.43998170194505803,1.3061872540610224,0.05618725406102243,1.2952102413615911,5.444505866662222,4.891827617774755,True,True,,,,,,,,,,,,,,,,,,,,,,,,,,,,,0
s9_k5op_b_s06_pos100_tap0_mc309_cpl0_rp4p97100834128_rn4p89161582944_f12370_f21100_a0_dac1p25,K5OP,B,6,0.5,100,0,309,ac,0.0,0.0,0,1.25,0,4.9710083412809585,4.891615829444031,40.0,2370.0,1100.0,,0,,,,,,,,,,,-0.5052773543379185,-0.5,1.0554708675837077,1.370150001171914,0.1201500011719141,1.3465870376096662,5.7052141704241155,4.743881705659669,True,True,,,,,,,,,,,,,,,,,,,,,,,,,,,,,0
s9_k5op_b_s06_pos100_tap0_mc30_cpl0_rp4p83594831187_rn4p89289841018_f12370_f21100_a0_dac1p25,K5OP,B,6,0.5,100,0,30,ac,0.0,0.0,0,1.25,0,4.835948311874664,4.892898410183164,40.0,2370.0,1100.0,,0,,,,,,,,,,,-0.49280267701024005,-0.5,-1.4394645979519893,1.4030143321880002,0.1530143321880002,1.3730232035799095,5.835951492524517,4.611836595068742,True,True,,,,,,,,,,,,,,,,,,,,,,,,,,,,,0
s9_k5op_b_s06_pos100_tap0_mc310_cpl0_rp4p91915065957_rn4p88698581371_f12370_f21100_a0_dac1p25,K5OP,B,6,0.5,100,0,310,ac,0.0,0.0,0,1.25,0,4.919150659565614,4.8869858137088515,40.0,2370.0,1100.0,,0,,,,,,,,,,,-0.49942813502705796,-0.5,-0.11437299458840755,1.276319743341944,0.02631974334194398,1.271446247243805,5.259696936542369,4.89933893879521,True,True,,,,,,,,,,,,,,,,,,,,,,,,,,,,,0
s9_k5op_b_s06_pos100_tap0_mc311_cpl0_rp4p97950094251_rn4p81502723685_f12370_f21100_a0_dac1p25,K5OP,B,6,0.5,100,0,311,ac,0.0,0.0,0,1.25,0,4.979500942505569,4.815027236851347,40.0,2370.0,1100.0,,0,,,,,,,,,,,-0.5009872647071978,-0.5,0.1974529414395576,1.375709112685714,0.12570911268571394,1.3511557064719977,5.722297534000548,4.716575776664372,True,True,,,,,,,,,,,,,,,,,,,,,,,,,,,,,0
s9_k5op_b_s06_pos100_tap0_mc312_cpl0_rp4p85421677397_rn4p93578066086_f12370_f21100_a0_dac1p25,K5OP,B,6,0.5,100,0,312,ac,0.0,0.0,0,1.25,0,4.854216773966086,4.93578066086069,40.0,2370.0,1100.0,,0,,,,,,,,,,,-0.4951704724626804,-0.5,-0.9659055074639156,1.2846153559454496,0.03461535594544962,1.2778777697306705,5.353530504824612,4.902167621062478,True,True,,,,,,,,,,,,,,,,,,,,,,,,,,,,,0
s9_k5op_b_s06_pos100_tap0_mc313_cpl0_rp4p98338584299_rn4p91619498451_f12370_f21100_a0_dac1p25,K5OP,B,6,0.5,100,0,313,ac,0.0,0.0,0,1.25,0,4.983385842985257,4.916194984507036,40.0,2370.0,1100.0,,0,,,,,,,,,,,-0.50375306967545,-0.5,0.7506139350899943,1.4271187386219,0.17711873862189997,1.3921783465685216,5.940626826877757,4.523676917902531,True,True,,,,,,,,,,,,,,,,,,,,,,,,,,,,,0
s9_k5op_b_s06_pos100_tap0_mc314_cpl0_rp4p89178270321_rn4p94014608917_f12370_f21100_a0_dac1p25,K5OP,B,6,0.5,100,0,314,ac,0.0,0.0,0,1.25,0,4.891782703214047,4.940146089174542,40.0,2370.0,1100.0,,0,,,,,,,,,,,-0.5096517384358457,-0.5,1.9303476871691316,1.1235594254487116,-0.12644057455128843,1.1489748820091366,4.750855300236381,4.932297211188361,True,True,,,,,,,,,,,,,,,,,,,,,,,,,,,,,0
s9_k5op_b_s06_pos100_tap0_mc315_cpl0_rp4p95978440736_rn4p8024986592_f12370_f21100_a0_dac1p25,K5OP,B,6,0.5,100,0,315,ac,0.0,0.0,0,1.25,0,4.959784407358611,4.802498659200176,40.0,2370.0,1100.0,,0,,,,,,,,,,,-0.5039999084460067,-0.5,0.7999816892013456,1.2455726688318243,-0.00442733116817573,1.24641144935572,5.163990127160345,4.912047654653763,True,True,,,,,,,,,,,,,,,,,,,,,,,,,,,,,0
s9_k5op_b_s06_pos100_tap0_mc316_cpl0_rp4p8583602032_rn4p98732433574_f12370_f21100_a0_dac1p25,K5OP,B,6,0.5,100,0,316,ac,0.0,0.0,0,1.25,0,4.858360203204931,4.987324335735985,40.0,2370.0,1100.0,,0,,,,,,,,,,,-0.5077751854136947,-0.5,1.5550370827389415,1.395961290677776,0.14596129067777608,1.3679576937813718,5.780940843330034,4.613250226466155,True,True,,,,,,,,,,,,,,,,,,,,,,,,,,,,,0
s9_k5op_b_s06_pos100_tap0_mc317_cpl0_rp4p82552376357_rn4p82055786459_f12370_f21100_a0_dac1p25,K5OP,B,6,0.5,100,0,317,ac,0.0,0.0,0,1.25,0,4.82552376357094,4.820557864589539,40.0,2370.0,1100.0,,0,,,,,,,,,,,-0.5045348985020182,-0.5,0.9069797004036317,1.3314728298799272,0.08147282987992721,1.3158772393356934,5.52018739121703,4.853173848210213,True,True,,,,,,,,,,,,,,,,,,,,,,,,,,,,,0
s9_k5op_b_s06_pos100_tap0_mc318_cpl0_rp4p84069031269_rn4p98513015361_f12370_f21100_a0_dac1p25,K5OP,B,6,0.5,100,0,318,ac,0.0,0.0,0,1.25,0,4.840690312693934,4.985130153606704,40.0,2370.0,1100.0,,0,,,,,,,,,,,-0.5096126237925214,-0.5,1.9225247585042737,1.282905764743062,0.03290576474306195,1.276296488932504,5.387237687814144,4.9063905453517025,True,True,,,,,,,,,,,,,,,,,,,,,,,,,,,,,0
s9_k5op_b_s06_pos100_tap0_mc319_cpl0_rp4p96200176157_rn4p84345370776_f12370_f21100_a0_dac1p25,K5OP,B,6,0.5,100,0,319,ac,0.0,0.0,0,1.25,0,4.962001761568163,4.843453707764987,40.0,2370.0,1100.0,,0,,,,,,,,,,,-0.5034570748960743,-0.5,0.691414979214855,1.0966017245193092,-0.15339827548069085,1.1266023545466286,4.607517516935989,4.934017297134384,True,True,,,,,,,,,,,,,,,,,,,,,,,,,,,,,0
s9_k5op_b_s06_pos100_tap0_mc31_cpl0_rp4p91238377778_rn4p90702706778_f12370_f21100_a0_dac1p25,K5OP,B,6,0.5,100,0,31,ac,0.0,0.0,0,1.25,0,4.91238377777619,4.907027067784478,40.0,2370.0,1100.0,,0,,,,,,,,,,,-0.5074631030829391,-0.5,1.4926206165878142,1.268387585813951,0.018387585813951057,1.2645839277243216,5.368959226131995,4.913164602652309,True,True,,,,,,,,,,,,,,,,,,,,,,,,,,,,,0
s9_k5op_b_s06_pos100_tap0_mc320_cpl0_rp4p94079104441_rn4p85031532654_f12370_f21100_a0_dac1p25,K5OP,B,6,0.5,100,0,320,ac,0.0,0.0,0,1.25,0,4.94079104441064,4.850315326540354,40.0,2370.0,1100.0,,0,,,,,,,,,,,-0.49728796840300404,-0.5,-0.5424063193991913,1.1390112569818154,-0.11098874301818462,1.15991785669803,4.730796688907365,4.928951631610479,True,True,,,,,,,,,,,,,,,,,,,,,,,,,,,,,0
s9_k5op_b_s06_pos100_tap0_mc321_cpl0_rp4p84593878108_rn4p95414659732_f12370_f21100_a0_dac1p25,K5OP,B,6,0.5,100,0,321,ac,0.0,0.0,0,1.25,0,4.84593878108377,4.954146597320956,40.0,2370.0,1100.0,,0,,,,,,,,,,,-0.5066700587411876,-0.5,1.334011748237529,1.2356416658893943,-0.01435833411060572,1.2382412828585074,5.071102586219309,4.911199905997039,True,True,,,,,,,,,,,,,,,,,,,,,,,,,,,,,0
s9_k5op_b_s06_pos100_tap0_mc322_cpl0_rp4p88794486298_rn4p92582512111_f12370_f21100_a0_dac1p25,K5OP,B,6,0.5,100,0,322,ac,0.0,0.0,0,1.25,0,4.887944862983555,4.925825121113205,40.0,2370.0,1100.0,,0,,,,,,,,,,,-0.509769582149544,-0.5,1.9539164299088085,1.4653525586545106,0.21535255865451064,1.423884011375911,6.063042858525042,4.340222389288893,False,True,,,,,,,,,,,,,,,,,,,,,,,,,,,,,0
s9_k5op_b_s06_pos100_tap0_mc323_cpl0_rp4p90553250384_rn4p94125211623_f12370_f21100_a0_dac1p25,K5OP,B,6,0.5,100,0,323,ac,0.0,0.0,0,1.25,0,4.905532503835353,4.941252116231823,40.0,2370.0,1100.0,,0,,,,,,,,,,,-0.5043404424258213,-0.5,0.8680884851642645,1.42984825831228,0.17984825831228002,1.3955210710179295,5.910137436294471,4.471351369796245,False,True,,,,,,,,,,,,,,,,,,,,,,,,,,,,,0
s9_k5op_b_s06_pos100_tap0_mc324_cpl0_rp4p92711695148_rn4p94017579379_f12370_f21100_a0_dac1p25,K5OP,B,6,0.5,100,0,324,ac,0.0,0.0,0,1.25,0,4.927116951481417,4.940175793790639,40.0,2370.0,1100.0,,0,,,,,,,,,,,-0.5041397366398526,-0.5,0.827947327970513,1.1740945793373063,-0.07590542066269368,1.1887470803648557,4.901073353641298,4.925650681905027,True,True,,,,,,,,,,,,,,,,,,,,,,,,,,,,,0
s9_k5op_b_s06_pos100_tap0_mc325_cpl0_rp4p97719083858_rn4p83856473353_f12370_f21100_a0_dac1p25,K5OP,B,6,0.5,100,0,325,ac,0.0,0.0,0,1.25,0,4.977190838577252,4.83856473352589,40.0,2370.0,1100.0,,0,,,,,,,,,,,-0.5104130191310174,-0.5,2.0826038262034885,1.1544881535299443,-0.09551184647005573,1.172354234164133,4.784361250261718,4.926933497711441,True,True,,,,,,,,,,,,,,,,,,,,,,,,,,,,,0
s9_k5op_b_s06_pos100_tap0_mc326_cpl0_rp4p80220230232_rn4p9260628808_f12370_f21100_a0_dac1p25,K5OP,B,6,0.5,100,0,326,ac,0.0,0.0,0,1.25,0,4.802202302320365,4.9260628807986935,40.0,2370.0,1100.0,,0,,,,,,,,,,,-0.508725623019024,-0.5,1.745124603804804,1.2470596972523182,-0.0029403027476817556,1.247626769318668,5.191808605210872,4.912935948631825,True,True,,,,,,,,,,,,,,,,,,,,,,,,,,,,,0
s9_k5op_b_s06_pos100_tap0_mc327_cpl0_rp4p98419978995_rn4p98528530742_f12370_f21100_a0_dac1p25,K5OP,B,6,0.5,100,0,327,ac,0.0,0.0,0,1.25,0,4.984199789948746,4.985285307417603,40.0,2370.0,1100.0,,0,,,,,,,,,,,-0.4933925401261252,-0.5,-1.3214919747749576,1.3466811991910548,0.09668119919105478,1.328532542958972,5.557333327988886,4.7832528743996,True,True,,,,,,,,,,,,,,,,,,,,,,,,,,,,,0
s9_k5op_b_s06_pos100_tap0_mc328_cpl0_rp4p90300382731_rn4p86494179242_f12370_f21100_a0_dac1p25,K5OP,B,6,0.5,100,0,328,ac,0.0,0.0,0,1.25,0,4.903003827305519,4.864941792415385,40.0,2370.0,1100.0,,0,,,,,,,,,,,-0.49623844436794684,-0.5,-0.7523111264106319,1.4072143152637,0.1572143152637,1.3760384002304709,5.8677378157138715,4.610023112794034,True,True,,,,,,,,,,,,,,,,,,,,,,,,,,,,,0
s9_k5op_b_s06_pos100_tap0_mc329_cpl0_rp4p99221349543_rn4p95927698213_f12370_f21100_a0_dac1p25,K5OP,B,6,0.5,100,0,329,ac,0.0,0.0,0,1.25,0,4.992213495431391,4.9592769821292695,40.0,2370.0,1100.0,,0,,,,,,,,,,,-0.5023188654835753,-0.5,0.46377309671505884,1.2942523805620798,0.04425238056207981,1.2859774106932211,5.343028832129987,4.890904133656286,True,True,,,,,,,,,,,,,,,,,,,,,,,,,,,,,0
s9_k5op_b_s06_pos100_tap0_mc32_cpl0_rp4p96050602795_rn4p96200633114_f12370_f21100_a0_dac1p25,K5OP,B,6,0.5,100,0,32,ac,0.0,0.0,0,1.25,0,4.9605060279521584,4.962006331137889,40.0,2370.0,1100.0,,0,,,,,,,,,,,-0.4905507559125777,-0.5,-1.889848817484463,1.3923273946500405,0.14232739465004052,1.3648165913871275,5.775656939275532,4.637035698478923,True,True,,,,,,,,,,,,,,,,,,,,,,,,,,,,,0
s9_k5op_b_s06_pos100_tap0_mc330_cpl0_rp4p91558154065_rn4p96510370256_f12370_f21100_a0_dac1p25,K5OP,B,6,0.5,100,0,330,ac,0.0,0.0,0,1.25,0,4.915581540647153,4.965103702564974,40.0,2370.0,1100.0,,0,,,,,,,,,,,-0.4908011356444586,-0.5,-1.8397728711082806,1.2903395815637544,0.04033958156375439,1.2824986386544854,5.374691855978718,4.899537810355952,True,True,,,,,,,,,,,,,,,,,,,,,,,,,,,,,0
s9_k5op_b_s06_pos100_tap0_mc331_cpl0_rp4p97558872925_rn4p83245917806_f12370_f21100_a0_dac1p25,K5OP,B,6,0.5,100,0,331,ac,0.0,0.0,0,1.25,0,4.975588729248402,4.832459178060731,40.0,2370.0,1100.0,,0,,,,,,,,,,,-0.5031147872596176,-0.5,0.6229574519235115,1.35303686136918,0.10303686136918011,1.3327395527745252,5.642473247817165,4.815565595093109,True,True,,,,,,,,,,,,,,,,,,,,,,,,,,,,,0
s9_k5op_b_s06_pos100_tap0_mc332_cpl0_rp4p90246655749_rn4p86125622139_f12370_f21100_a0_dac1p25,K5OP,B,6,0.5,100,0,332,ac,0.0,0.0,0,1.25,0,4.902466557485988,4.861256221385882,40.0,2370.0,1100.0,,0,,,,,,,,,,,-0.492622911851881,-0.5,-1.4754176296237986,1.2568582165491162,0.006858216549116225,1.255608879861856,5.162951938761758,4.905348128096183,True,True,,,,,,,,,,,,,,,,,,,,,,,,,,,,,0
s9_k5op_b_s06_pos100_tap0_mc333_cpl0_rp4p82998402142_rn4p83369798188_f12370_f21100_a0_dac1p25,K5OP,B,6,0.5,100,0,333,ac,0.0,0.0,0,1.25,0,4.829984021423327,4.83369798188037,40.0,2370.0,1100.0,,0,,,,,,,,,,,-0.4959902726589416,-0.5,-0.8019454682116844,1.0799118742272922,-0.17008812577270782,1.1127011309774635,4.522677451425523,4.934968703214448,True,True,,,,,,,,,,,,,,,,,,,,,,,,,,,,,0
s9_k5op_b_s06_pos100_tap0_mc334_cpl0_rp4p9407138088_rn4p89653783335_f12370_f21100_a0_dac1p25,K5OP,B,6,0.5,100,0,334,ac,0.0,0.0,0,1.25,0,4.940713808798093,4.896537833346362,40.0,2370.0,1100.0,,0,,,,,,,,,,,-0.4975980415485637,-0.5,-0.4803916902872629,1.3482182028457084,0.09821820284570837,1.3291656324539654,5.60367501386478,4.815359735300661,True,True,,,,,,,,,,,,,,,,,,,,,,,,,,,,,0
s9_k5op_b_s06_pos100_tap0_mc335_cpl0_rp4p90257119724_rn4p88311731641_f12370_f21100_a0_dac1p25,K5OP,B,6,0.5,100,0,335,ac,0.0,0.0,0,1.25,0,4.902571197242816,4.883117316405052,40.0,2370.0,1100.0,,0,,,,,,,,,,,-0.5053026552024997,-0.5,1.0605310404999457,1.271072916246027,0.02107291624602703,1.2671611804735952,5.241643653065655,4.9019034312537615,True,True,,,,,,,,,,,,,,,,,,,,,,,,,,,,,0
s9_k5op_b_s06_pos100_tap0_mc336_cpl0_rp4p81947198874_rn4p819389373_f12370_f21100_a0_dac1p25,K5OP,B,6,0.5,100,0,336,ac,0.0,0.0,0,1.25,0,4.819471988738018,4.819389372999971,40.0,2370.0,1100.0,,0,,,,,,,,,,,-0.5016933378810373,-0.5,0.33866757620746313,1.173831081604316,-0.07616891839568396,1.1886235388835498,4.9075742906983955,4.9259538141434165,True,True,,,,,,,,,,,,,,,,,,,,,,,,,,,,,0
s9_k5op_b_s06_pos100_tap0_mc337_cpl0_rp4p95491820271_rn4p96581853132_f12370_f21100_a0_dac1p25,K5OP,B,6,0.5,100,0,337,ac,0.0,0.0,0,1.25,0,4.954918202712485,4.96581853132089,40.0,2370.0,1100.0,,0,,,,,,,,,,,-0.49224983292184277,-0.5,-1.5500334156314466,1.3510560806554328,0.10105608065543281,1.332006205572313,5.579875796685268,4.77104656009272,True,True,,,,,,,,,,,,,,,,,,,,,,,,,,,,,0
s9_k5op_b_s06_pos100_tap0_mc338_cpl0_rp4p9956170884_rn4p81202203629_f12370_f21100_a0_dac1p25,K5OP,B,6,0.5,100,0,338,ac,0.0,0.0,0,1.25,0,4.99561708840307,4.81202203629184,40.0,2370.0,1100.0,,0,,,,,,,,,,,-0.5072793404941489,-0.5,1.4558680988297823,1.418398919018457,0.16839891901845694,1.3850991641520185,5.908827620823681,4.561636268676025,True,True,,,,,,,,,,,,,,,,,,,,,,,,,,,,,0
s9_k5op_b_s06_pos100_tap0_mc339_cpl0_rp4p95748339794_rn4p95452081035_f12370_f21100_a0_dac1p25,K5OP,B,6,0.5,100,0,339,ac,0.0,0.0,0,1.25,0,4.957483397936279,4.954520810347603,40.0,2370.0,1100.0,,0,,,,,,,,,,,-0.4979869224188693,-0.5,-0.4026155162261347,1.1466450091844453,-0.10335499081555466,1.1658609913495543,4.745791779161463,4.927637671151035,True,True,,,,,,,,,,,,,,,,,,,,,,,,,,,,,0
s9_k5op_b_s06_pos100_tap0_mc33_cpl0_rp4p95988642499_rn4p935069326_f12370_f21100_a0_dac1p25,K5OP,B,6,0.5,100,0,33,ac,0.0,0.0,0,1.25,0,4.95988642498907,4.935069325999115,40.0,2370.0,1100.0,,0,,,,,,,,,,,-0.48935886007024365,-0.5,-2.12822798595127,1.4356911786083983,0.18569117860839834,1.399048467957183,5.975310616075284,4.4897811872080835,False,True,,,,,,,,,,,,,,,,,,,,,,,,,,,,,0
s9_k5op_b_s06_pos100_tap0_mc340_cpl0_rp4p90220318843_rn4p92986892134_f12370_f21100_a0_dac1p25,K5OP,B,6,0.5,100,0,340,ac,0.0,0.0,0,1.25,0,4.902203188428109,4.929868921336512,40.0,2370.0,1100.0,,0,,,,,,,,,,,-0.49673699304721985,-0.5,-0.6526013905560291,1.1494320430477043,-0.1005679569522957,1.1692893688334922,4.831058813952545,4.9293325774921755,True,True,,,,,,,,,,,,,,,,,,,,,,,,,,,,,0
s9_k5op_b_s06_pos100_tap0_mc341_cpl0_rp4p90534040307_rn4p81497340489_f12370_f21100_a0_dac1p25,K5OP,B,6,0.5,100,0,341,ac,0.0,0.0,0,1.25,0,4.905340403071286,4.814973404890863,40.0,2370.0,1100.0,,0,,,,,,,,,,,-0.49688324334014045,-0.5,-0.6233513319719108,1.3164174584587343,0.06641745845873426,1.3033642983877638,5.493009721258064,4.885743652389062,True,True,,,,,,,,,,,,,,,,,,,,,,,,,,,,,0
s9_k5op_b_s06_pos100_tap0_mc342_cpl0_rp4p98656084792_rn4p90291156487_f12370_f21100_a0_dac1p25,K5OP,B,6,0.5,100,0,342,ac,0.0,0.0,0,1.25,0,4.986560847916738,4.902911564867305,40.0,2370.0,1100.0,,0,,,,,,,,,,,-0.5001530832758005,-0.5,0.030616655160109474,1.1864819614651703,-0.06351803853482973,1.1988485132570517,4.961333669487688,4.924337283859787,True,True,,,,,,,,,,,,,,,,,,,,,,,,,,,,,0
s9_k5op_b_s06_pos100_tap0_mc343_cpl0_rp4p99656131957_rn4p97065165292_f12370_f21100_a0_dac1p25,K5OP,B,6,0.5,100,0,343,ac,0.0,0.0,0,1.25,0,4.996561319573822,4.970651652916327,40.0,2370.0,1100.0,,0,,,,,,,,,,,-0.4968916432385395,-0.5,-0.6216713522920969,1.3637581288438865,0.11375812884388647,1.3412382938153689,5.691694898728473,4.781051574542367,True,True,,,,,,,,,,,,,,,,,,,,,,,,,,,,,0
s9_k5op_b_s06_pos100_tap0_mc344_cpl0_rp4p8299055002_rn4p9577330151_f12370_f21100_a0_dac1p25,K5OP,B,6,0.5,100,0,344,ac,0.0,0.0,0,1.25,0,4.829905500199244,4.9577330150973475,40.0,2370.0,1100.0,,0,,,,,,,,,,,-0.493256048153512,-0.5,-1.3487903692976033,1.175731367175494,-0.07426863282450591,1.190075155185329,4.908249885104327,4.9255098520697995,True,True,,,,,,,,,,,,,,,,,,,,,,,,,,,,,0
s9_k5op_b_s06_pos100_tap0_mc345_cpl0_rp4p91178804964_rn4p95803916_f12370_f21100_a0_dac1p25,K5OP,B,6,0.5,100,0,345,ac,0.0,0.0,0,1.25,0,4.911788049635343,4.958039159999634,40.0,2370.0,1100.0,,0,,,,,,,,,,,-0.4879246721555708,-0.5,-2.4150655688858436,1.2271158211654105,-0.022884178834589486,1.231531872961195,5.112756654708178,4.917432403060995,True,True,,,,,,,,,,,,,,,,,,,,,,,,,,,,,0
s9_k5op_b_s06_pos100_tap0_mc346_cpl0_rp4p95091706066_rn4p83074072944_f12370_f21100_a0_dac1p25,K5OP,B,6,0.5,100,0,346,ac,0.0,0.0,0,1.25,0,4.950917060659432,4.830740729440689,40.0,2370.0,1100.0,,0,,,,,,,,,,,-0.4936839579349428,-0.5,-1.2632084130114407,1.2907989039140757,0.0407989039140757,1.2833048830336469,5.308248858028531,4.889730378776165,True,True,,,,,,,,,,,,,,,,,,,,,,,,,,,,,0
s9_k5op_b_s06_pos100_tap0_mc347_cpl0_rp4p81050197929_rn4p99799788589_f12370_f21100_a0_dac1p25,K5OP,B,6,0.5,100,0,347,ac,0.0,0.0,0,1.25,0,4.810501979291309,4.997997885892762,40.0,2370.0,1100.0,,0,,,,,,,,,,,-0.5064515841331163,-0.5,1.2903168266232612,1.2830374242073583,0.033037424207358335,1.2767713590183822,5.31519556221251,4.899436382803024,True,True,,,,,,,,,,,,,,,,,,,,,,,,,,,,,0
s9_k5op_b_s06_pos100_tap0_mc348_cpl0_rp4p90435188009_rn4p95296849483_f12370_f21100_a0_dac1p25,K5OP,B,6,0.5,100,0,348,ac,0.0,0.0,0,1.25,0,4.904351880087993,4.952968494829702,40.0,2370.0,1100.0,,0,,,,,,,,,,,-0.4994573007693903,-0.5,-0.10853984612193557,1.2715565235501338,0.02155652355013382,1.2674098872935198,5.286569863468225,4.905728446897612,True,True,,,,,,,,,,,,,,,,,,,,,,,,,,,,,0
s9_k5op_b_s06_pos100_tap0_mc349_cpl0_rp4p80775995127_rn4p94290003584_f12370_f21100_a0_dac1p25,K5OP,B,6,0.5,100,0,349,ac,0.0,0.0,0,1.25,0,4.807759951268537,4.942900035838714,40.0,2370.0,1100.0,,0,,,,,,,,,,,-0.49332866087703486,-0.5,-1.3342678245930273,1.255923824127679,0.0059238241276788894,1.2548052099297629,5.201421493687425,4.9089732618693915,True,True,,,,,,,,,,,,,,,,,,,,,,,,,,,,,0
s9_k5op_b_s06_pos100_tap0_mc34_cpl0_rp4p94041079688_rn4p86686414758_f12370_f21100_a0_dac1p25,K5OP,B,6,0.5,100,0,34,ac,0.0,0.0,0,1.25,0,4.940410796875379,4.86686414757738,40.0,2370.0,1100.0,,0,,,,,,,,,,,-0.49530775824262463,-0.5,-0.9384483514750741,1.2606555097915928,0.010655509791592799,1.2585998525271525,5.246564895554775,4.909501400173984,True,True,,,,,,,,,,,,,,,,,,,,,,,,,,,,,0
s9_k5op_b_s06_pos100_tap0_mc350_cpl0_rp4p9821021453_rn4p83073120294_f12370_f21100_a0_dac1p25,K5OP,B,6,0.5,100,0,350,ac,0.0,0.0,0,1.25,0,4.9821021453014485,4.830731202937128,40.0,2370.0,1100.0,,0,,,,,,,,,,,-0.4993934913134934,-0.5,-0.12130173730131588,1.323606079491574,0.07360607949157405,1.3088018091000995,5.551839669564764,4.885957573747098,True,True,,,,,,,,,,,,,,,,,,,,,,,,,,,,,0
s9_k5op_b_s06_pos100_tap0_mc351_cpl0_rp4p95947545201_rn4p92850750481_f12370_f21100_a0_dac1p25,K5OP,B,6,0.5,100,0,351,ac,0.0,0.0,0,1.25,0,4.959475452006212,4.928507504812834,40.0,2370.0,1100.0,,0,,,,,,,,,,,-0.5092463600601116,-0.5,1.8492720120223183,1.4329586956353533,0.18295869563535327,1.396298475541715,5.984292259101146,4.520622694018359,True,True,,,,,,,,,,,,,,,,,,,,,,,,,,,,,0
s9_k5op_b_s06_pos100_tap0_mc352_cpl0_rp4p86151125407_rn4p80872221969_f12370_f21100_a0_dac1p25,K5OP,B,6,0.5,100,0,352,ac,0.0,0.0,0,1.25,0,4.861511254074463,4.808722219690718,40.0,2370.0,1100.0,,0,,,,,,,,,,,-0.4979142356246635,-0.5,-0.4171528750672948,1.1996340748731324,-0.05036592512686755,1.2095531880391166,5.028537757642082,4.923046724879283,True,True,,,,,,,,,,,,,,,,,,,,,,,,,,,,,0
s9_k5op_b_s06_pos100_tap0_mc353_cpl0_rp4p95643416182_rn4p82999746377_f12370_f21100_a0_dac1p25,K5OP,B,6,0.5,100,0,353,ac,0.0,0.0,0,1.25,0,4.956434161817279,4.8299974637653555,40.0,2370.0,1100.0,,0,,,,,,,,,,,-0.5035752636941337,-0.5,0.7150527388267491,1.152858567182232,-0.09714143281776799,1.1723548435998772,4.86603142263494,4.929454625173672,True,True,,,,,,,,,,,,,,,,,,,,,,,,,,,,,0
s9_k5op_b_s06_pos100_tap0_mc354_cpl0_rp4p84962509036_rn4p80721882217_f12370_f21100_a0_dac1p25,K5OP,B,6,0.5,100,0,354,ac,0.0,0.0,0,1.25,0,4.8496250903626885,4.807218822168093,40.0,2370.0,1100.0,,0,,,,,,,,,,,-0.48687294672398185,-0.5,-2.6254106552036305,1.1630601983874715,-0.08693980161252846,1.1799345006778412,4.863752454853843,4.9272445443041395,True,True,,,,,,,,,,,,,,,,,,,,,,,,,,,,,0
s9_k5op_b_s06_pos100_tap0_mc355_cpl0_rp4p94433603634_rn4p87460786106_f12370_f21100_a0_dac1p25,K5OP,B,6,0.5,100,0,355,ac,0.0,0.0,0,1.25,0,4.944336036342694,4.8746078610627555,40.0,2370.0,1100.0,,0,,,,,,,,,,,-0.5022074211878724,-0.5,0.4414842375744854,1.4218518651915188,0.17185186519151885,1.3867771902597954,5.964441097978737,4.589626176446599,True,True,,,,,,,,,,,,,,,,,,,,,,,,,,,,,0
s9_k5op_b_s06_pos100_tap0_mc356_cpl0_rp4p83543496854_rn4p92643634125_f12370_f21100_a0_dac1p25,K5OP,B,6,0.5,100,0,356,ac,0.0,0.0,0,1.25,0,4.835434968537871,4.926436341247537,40.0,2370.0,1100.0,,0,,,,,,,,,,,-0.4940316760334795,-0.5,-1.1936647933040945,1.2751557802587807,0.025155780258780736,1.2703953814748525,5.280927162769105,4.902616228009542,True,True,,,,,,,,,,,,,,,,,,,,,,,,,,,,,0
s9_k5op_b_s06_pos100_tap0_mc357_cpl0_rp4p85171281517_rn4p97429835531_f12370_f21100_a0_dac1p25,K5OP,B,6,0.5,100,0,357,ac,0.0,0.0,0,1.25,0,4.851712815170218,4.974298355305494,40.0,2370.0,1100.0,,0,,,,,,,,,,,-0.49765286637859507,-0.5,-0.46942672428098575,1.1629735969523416,-0.08702640304765841,1.1786907564494122,4.777609857512909,4.924655955467733,True,True,,,,,,,,,,,,,,,,,,,,,,,,,,,,,0
s9_k5op_b_s06_pos100_tap0_mc358_cpl0_rp4p95073484148_rn4p83316653686_f12370_f21100_a0_dac1p25,K5OP,B,6,0.5,100,0,358,ac,0.0,0.0,0,1.25,0,4.950734841476744,4.83316653685868,40.0,2370.0,1100.0,,0,,,,,,,,,,,-0.48812057578455637,-0.5,-2.375884843088727,1.3071521915626392,0.057152191562639176,1.2965016755523864,5.390556195276343,4.879132116009275,True,True,,,,,,,,,,,,,,,,,,,,,,,,,,,,,0
s9_k5op_b_s06_pos100_tap0_mc359_cpl0_rp4p93716222101_rn4p91789299485_f12370_f21100_a0_dac1p25,K5OP,B,6,0.5,100,0,359,ac,0.0,0.0,0,1.25,0,4.937162221005011,4.9178929948462615,40.0,2370.0,1100.0,,0,,,,,,,,,,,-0.4969439369528095,-0.5,-0.6112126094381054,1.2274991937315172,-0.02250080626848283,1.2318823910600845,5.1261037480388545,4.91784492019825,True,True,,,,,,,,,,,,,,,,,,,,,,,,,,,,,0
s9_k5op_b_s06_pos100_tap0_mc35_cpl0_rp4p95208791014_rn4p99208304511_f12370_f21100_a0_dac1p25,K5OP,B,6,0.5,100,0,35,ac,0.0,0.0,0,1.25,0,4.952087910136527,4.992083045111767,40.0,2370.0,1100.0,,0,,,,,,,,,,,-0.4919254479854196,-0.5,-1.614910402916081,1.393114610237706,0.1431146102377061,1.366818106808028,5.717905319199998,4.572988437298348,True,True,,,,,,,,,,,,,,,,,,,,,,,,,,,,,0
s9_k5op_b_s06_pos100_tap0_mc360_cpl0_rp4p82135856404_rn4p87489965256_f12370_f21100_a0_dac1p25,K5OP,B,6,0.5,100,0,360,ac,0.0,0.0,0,1.25,0,4.821358564040581,4.874899652559036,40.0,2370.0,1100.0,,0,,,,,,,,,,,-0.5075800780805384,-0.5,1.5160156161076799,1.2830410983601022,0.03304109836010216,1.2761676667679918,5.435373668567303,4.909939901355341,True,True,,,,,,,,,,,,,,,,,,,,,,,,,,,,,0
s9_k5op_b_s06_pos100_tap0_mc361_cpl0_rp4p86248091917_rn4p82293002995_f12370_f21100_a0_dac1p25,K5OP,B,6,0.5,100,0,361,ac,0.0,0.0,0,1.25,0,4.862480919167026,4.822930029950884,40.0,2370.0,1100.0,,0,,,,,,,,,,,-0.5117535252422645,-0.5,2.3507050484528946,1.176178678357452,-0.07382132164254807,1.1908630851673383,4.947625199646849,4.926498145241246,True,True,,,,,,,,,,,,,,,,,,,,,,,,,,,,,0
s9_k5op_b_s06_pos100_tap0_mc362_cpl0_rp4p9542069252_rn4p96607958157_f12370_f21100_a0_dac1p25,K5OP,B,6,0.5,100,0,362,ac,0.0,0.0,0,1.25,0,4.954206925200493,4.966079581566705,40.0,2370.0,1100.0,,0,,,,,,,,,,,-0.4961572098853839,-0.5,-0.7685580229232158,1.2265146197075052,-0.023485380292494806,1.2311809201006605,5.147472923964129,4.9191220581857635,True,True,,,,,,,,,,,,,,,,,,,,,,,,,,,,,0
s9_k5op_b_s06_pos100_tap0_mc363_cpl0_rp4p90238655191_rn4p98796905454_f12370_f21100_a0_dac1p25,K5OP,B,6,0.5,100,0,363,ac,0.0,0.0,0,1.25,0,4.902386551911495,4.987969054540464,40.0,2370.0,1100.0,,0,,,,,,,,,,,-0.5060180932563663,-0.5,1.2036186512732527,1.3901241063815892,0.14012410638158923,1.3614040659316808,5.843259149496818,4.722206448664394,True,True,,,,,,,,,,,,,,,,,,,,,,,,,,,,,0
s9_k5op_b_s06_pos100_tap0_mc364_cpl0_rp4p93064728425_rn4p90218938398_f12370_f21100_a0_dac1p25,K5OP,B,6,0.5,100,0,364,ac,0.0,0.0,0,1.25,0,4.930647284245638,4.902189383984671,40.0,2370.0,1100.0,,0,,,,,,,,,,,-0.4967742010505649,-0.5,-0.6451597898870176,1.3537162874426418,0.10371628744264183,1.3339930253148091,5.601110146023322,4.770997690129697,True,True,,,,,,,,,,,,,,,,,,,,,,,,,,,,,0
s9_k5op_b_s06_pos100_tap0_mc365_cpl0_rp4p89352669764_rn4p99713850694_f12370_f21100_a0_dac1p25,K5OP,B,6,0.5,100,0,365,ac,0.0,0.0,0,1.25,0,4.893526697639626,4.9971385069410745,40.0,2370.0,1100.0,,0,,,,,,,,,,,-0.49923692860931457,-0.5,-0.1526142781370865,1.2331372918799435,-0.016862708120056524,1.2364909628952163,5.175215506718539,4.918022128694828,True,True,,,,,,,,,,,,,,,,,,,,,,,,,,,,,0
s9_k5op_b_s06_pos100_tap0_mc366_cpl0_rp4p92708777645_rn4p95060794107_f12370_f21100_a0_dac1p25,K5OP,B,6,0.5,100,0,366,ac,0.0,0.0,0,1.25,0,4.927087776453835,4.950607941074332,40.0,2370.0,1100.0,,0,,,,,,,,,,,-0.4870749896995319,-0.5,-2.585002060093622,1.2596027744953864,0.00960277449538638,1.25778578032421,5.218579456344646,4.908074956461011,True,True,,,,,,,,,,,,,,,,,,,,,,,,,,,,,0
s9_k5op_b_s06_pos100_tap0_mc367_cpl0_rp4p9587155105_rn4p84268748339_f12370_f21100_a0_dac1p25,K5OP,B,6,0.5,100,0,367,ac,0.0,0.0,0,1.25,0,4.958715510498481,4.842687483386079,40.0,2370.0,1100.0,,0,,,,,,,,,,,-0.5094689470892311,-0.5,1.8937894178462145,1.2287760749768677,-0.021223925023132306,1.2328568673374314,5.114882359828583,4.916848036282439,True,True,,,,,,,,,,,,,,,,,,,,,,,,,,,,,0
s9_k5op_b_s06_pos100_tap0_mc368_cpl0_rp4p810449634_rn4p86473871651_f12370_f21100_a0_dac1p25,K5OP,B,6,0.5,100,0,368,ac,0.0,0.0,0,1.25,0,4.810449634000735,4.864738716514117,40.0,2370.0,1100.0,,0,,,,,,,,,,,-0.4980201437483567,-0.5,-0.39597125032866387,1.311730178845775,0.06173017884577492,1.3004407529935411,5.386946106863304,4.865482517026341,True,True,,,,,,,,,,,,,,,,,,,,,,,,,,,,,0
s9_k5op_b_s06_pos100_tap0_mc369_cpl0_rp4p83780655351_rn4p96173884227_f12370_f21100_a0_dac1p25,K5OP,B,6,0.5,100,0,369,ac,0.0,0.0,0,1.25,0,4.8378065535060415,4.961738842269194,40.0,2370.0,1100.0,,0,,,,,,,,,,,-0.49835168634317917,-0.5,-0.32966273136416646,1.2887752107977783,0.03877521079777835,1.2813396584526922,5.351580109119274,4.898303605383655,True,True,,,,,,,,,,,,,,,,,,,,,,,,,,,,,0
s9_k5op_b_s06_pos100_tap0_mc36_cpl0_rp4p89051213336_rn4p91102046899_f12370_f21100_a0_dac1p25,K5OP,B,6,0.5,100,0,36,ac,0.0,0.0,0,1.25,0,4.890512133363556,4.911020468986035,40.0,2370.0,1100.0,,0,,,,,,,,,,,-0.5144714497106406,-0.5,2.8942899421281254,1.4018717704319392,0.15187177043193922,1.3724476709075206,5.81674448194326,4.601770301583118,True,True,,,,,,,,,,,,,,,,,,,,,,,,,,,,,0
s9_k5op_b_s06_pos100_tap0_mc370_cpl0_rp4p87013601696_rn4p83252297655_f12370_f21100_a0_dac1p25,K5OP,B,6,0.5,100,0,370,ac,0.0,0.0,0,1.25,0,4.870136016964239,4.832522976546414,40.0,2370.0,1100.0,,0,,,,,,,,,,,-0.5139403411935195,-0.5,2.7880682387039,1.3389200033779327,0.08892000337793271,1.321397537549591,5.586448846791155,4.856797555044968,True,True,,,,,,,,,,,,,,,,,,,,,,,,,,,,,0
s9_k5op_b_s06_pos100_tap0_mc371_cpl0_rp4p86654325462_rn4p88635229818_f12370_f21100_a0_dac1p25,K5OP,B,6,0.5,100,0,371,ac,0.0,0.0,0,1.25,0,4.8665432546165865,4.886352298180757,40.0,2370.0,1100.0,,0,,,,,,,,,,,-0.49319875717293016,-0.5,-1.3602485654139684,1.2018674516142502,-0.04813254838574976,1.210828050976358,4.968221524431273,4.920048051599534,True,True,,,,,,,,,,,,,,,,,,,,,,,,,,,,,0
s9_k5op_b_s06_pos100_tap0_mc372_cpl0_rp4p86454746998_rn4p81397610298_f12370_f21100_a0_dac1p25,K5OP,B,6,0.5,100,0,372,ac,0.0,0.0,0,1.25,0,4.864547469978217,4.813976102978372,40.0,2370.0,1100.0,,0,,,,,,,,,,,-0.4868555848400069,-0.5,-2.628883031998619,1.1709016864256816,-0.0790983135743184,1.1860558598722555,4.87896814001329,4.9258692756907605,True,True,,,,,,,,,,,,,,,,,,,,,,,,,,,,,0
s9_k5op_b_s06_pos100_tap0_mc373_cpl0_rp4p82021042013_rn4p87152732858_f12370_f21100_a0_dac1p25,K5OP,B,6,0.5,100,0,373,ac,0.0,0.0,0,1.25,0,4.820210420133134,4.87152732857917,40.0,2370.0,1100.0,,0,,,,,,,,,,,-0.5104815969515952,-0.5,2.096319390319046,1.1748965524143327,-0.07510344758566734,1.1898752098466312,4.945916035593633,4.9267829567894985,True,True,,,,,,,,,,,,,,,,,,,,,,,,,,,,,0
s9_k5op_b_s06_pos100_tap0_mc374_cpl0_rp4p96597706609_rn4p9266079295_f12370_f21100_a0_dac1p25,K5OP,B,6,0.5,100,0,374,ac,0.0,0.0,0,1.25,0,4.9659770660885005,4.926607929503884,40.0,2370.0,1100.0,,0,,,,,,,,,,,-0.49689802821788476,-0.5,-0.6203943564230485,1.2453984798102877,-0.0046015201897122715,1.246295954912927,5.199236885907956,4.914191835642944,True,True,,,,,,,,,,,,,,,,,,,,,,,,,,,,,0
s9_k5op_b_s06_pos100_tap0_mc375_cpl0_rp4p96166779053_rn4p84369760712_f12370_f21100_a0_dac1p25,K5OP,B,6,0.5,100,0,375,ac,0.0,0.0,0,1.25,0,4.961667790527332,4.843697607124357,40.0,2370.0,1100.0,,0,,,,,,,,,,,-0.5122441020009916,-0.5,2.448820400198315,1.4118895556423958,0.16188955564239582,1.3798185002951762,5.885148644212206,4.590032199073052,True,True,,,,,,,,,,,,,,,,,,,,,,,,,,,,,0
s9_k5op_b_s06_pos100_tap0_mc376_cpl0_rp4p81682870265_rn4p98341790765_f12370_f21100_a0_dac1p25,K5OP,B,6,0.5,100,0,376,ac,0.0,0.0,0,1.25,0,4.816828702649654,4.983417907650963,40.0,2370.0,1100.0,,0,,,,,,,,,,,-0.49222417469234614,-0.5,-1.5551650615307722,1.3849961487258347,0.13499614872583465,1.3590226164574077,5.740591983279478,4.660616473895565,True,True,,,,,,,,,,,,,,,,,,,,,,,,,,,,,0
s9_k5op_b_s06_pos100_tap0_mc377_cpl0_rp4p97531267993_rn4p96638275321_f12370_f21100_a0_dac1p25,K5OP,B,6,0.5,100,0,377,ac,0.0,0.0,0,1.25,0,4.975312679925663,4.96638275321214,40.0,2370.0,1100.0,,0,,,,,,,,,,,-0.5091530898812424,-0.5,1.830617976248483,1.2289455977175452,-0.02105440228245481,1.2329292594015127,5.095902671892858,4.915723682226531,True,True,,,,,,,,,,,,,,,,,,,,,,,,,,,,,0
s9_k5op_b_s06_pos100_tap0_mc378_cpl0_rp4p98102116802_rn4p95759466643_f12370_f21100_a0_dac1p25,K5OP,B,6,0.5,100,0,378,ac,0.0,0.0,0,1.25,0,4.981021168023387,4.957594666434592,40.0,2370.0,1100.0,,0,,,,,,,,,,,-0.4965154945752337,-0.5,-0.6969010849532609,1.1668780762564468,-0.0831219237435532,1.1830476720973724,4.8818504865255115,4.926903150968326,True,True,,,,,,,,,,,,,,,,,,,,,,,,,,,,,0
s9_k5op_b_s06_pos100_tap0_mc379_cpl0_rp4p85025387931_rn4p81333884203_f12370_f21100_a0_dac1p25,K5OP,B,6,0.5,100,0,379,ac,0.0,0.0,0,1.25,0,4.8502538793082275,4.813338842027529,40.0,2370.0,1100.0,,0,,,,,,,,,,,-0.5043519644686079,-0.5,0.8703928937215721,1.2063190109944648,-0.04368098900553519,1.2145424310556692,4.999351968676752,4.919786876317062,True,True,,,,,,,,,,,,,,,,,,,,,,,,,,,,,0
s9_k5op_b_s06_pos100_tap0_mc37_cpl0_rp4p91353117255_rn4p90618399729_f12370_f21100_a0_dac1p25,K5OP,B,6,0.5,100,0,37,ac,0.0,0.0,0,1.25,0,4.913531172554432,4.9061839972879255,40.0,2370.0,1100.0,,0,,,,,,,,,,,-0.49595665168395975,-0.5,-0.8086696632080503,1.4015135968796943,0.15151359687969435,1.3713337817678186,5.850736434208798,4.638625370032643,True,True,,,,,,,,,,,,,,,,,,,,,,,,,,,,,0
s9_k5op_b_s06_pos100_tap0_mc380_cpl0_rp4p8342499485_rn4p80841874944_f12370_f21100_a0_dac1p25,K5OP,B,6,0.5,100,0,380,ac,0.0,0.0,0,1.25,0,4.834249948504327,4.808418749436675,40.0,2370.0,1100.0,,0,,,,,,,,,,,-0.5051000056678134,-0.5,1.0200011335626868,1.2511296533933927,0.00112965339339266,1.250896050125183,5.2994726779775,4.916911269902613,True,True,,,,,,,,,,,,,,,,,,,,,,,,,,,,,0
s9_k5op_b_s06_pos100_tap0_mc381_cpl0_rp4p93833998422_rn4p95849003087_f12370_f21100_a0_dac1p25,K5OP,B,6,0.5,100,0,381,ac,0.0,0.0,0,1.25,0,4.938339984218674,4.958490030869813,40.0,2370.0,1100.0,,0,,,,,,,,,,,-0.4925712671917992,-0.5,-1.4857465616401555,1.290952642718635,0.04095264271863508,1.2830420565861609,5.369330964855541,4.898371553623585,True,True,,,,,,,,,,,,,,,,,,,,,,,,,,,,,0
s9_k5op_b_s06_pos100_tap0_mc382_cpl0_rp4p85980346978_rn4p9255657309_f12370_f21100_a0_dac1p25,K5OP,B,6,0.5,100,0,382,ac,0.0,0.0,0,1.25,0,4.8598034697783765,4.925565730900889,40.0,2370.0,1100.0,,0,,,,,,,,,,,-0.509727820596173,-0.5,1.9455641192346107,1.2380274290307565,-0.011972570969243534,1.2402823474073745,5.126692527304371,4.913453150340647,True,True,,,,,,,,,,,,,,,,,,,,,,,,,,,,,0
s9_k5op_b_s06_pos100_tap0_mc383_cpl0_rp4p93533219708_rn4p99686233652_f12370_f21100_a0_dac1p25,K5OP,B,6,0.5,100,0,383,ac,0.0,0.0,0,1.25,0,4.93533219707689,4.9968623365198095,40.0,2370.0,1100.0,,0,,,,,,,,,,,-0.4956618920363587,-0.5,-0.8676215927282627,1.265084692508133,0.015084692508132935,1.262191716417642,5.256958045273041,4.907609128341193,True,True,,,,,,,,,,,,,,,,,,,,,,,,,,,,,0
s9_k5op_b_s06_pos100_tap0_mc384_cpl0_rp4p82681854755_rn4p89418104924_f12370_f21100_a0_dac1p25,K5OP,B,6,0.5,100,0,384,ac,0.0,0.0,0,1.25,0,4.826818547547624,4.894181049244806,40.0,2370.0,1100.0,,0,,,,,,,,,,,-0.5081874543986453,-0.5,1.6374908797290644,1.3871284014981242,0.13712840149812422,1.359083143034525,5.828332927937581,4.731222548963197,True,True,,,,,,,,,,,,,,,,,,,,,,,,,,,,,0
s9_k5op_b_s06_pos100_tap0_mc385_cpl0_rp4p82334653952_rn4p96920156457_f12370_f21100_a0_dac1p25,K5OP,B,6,0.5,100,0,385,ac,0.0,0.0,0,1.25,0,4.823346539518324,4.969201564568424,40.0,2370.0,1100.0,,0,,,,,,,,,,,-0.5126192403775987,-0.5,2.52384807551973,1.0998358971261093,-0.1501641028738907,1.1277227282437448,4.557205086490612,4.9323531410531904,True,True,,,,,,,,,,,,,,,,,,,,,,,,,,,,,0
s9_k5op_b_s06_pos100_tap0_mc386_cpl0_rp4p9492909582_rn4p92820090188_f12370_f21100_a0_dac1p25,K5OP,B,6,0.5,100,0,386,ac,0.0,0.0,0,1.25,0,4.949290958203621,4.928200901884112,40.0,2370.0,1100.0,,0,,,,,,,,,,,-0.491280220386181,-0.5,-1.7439559227637957,1.2376741191306138,-0.012325880869386241,1.239955908078387,5.104840828788639,4.912338765052507,True,True,,,,,,,,,,,,,,,,,,,,,,,,,,,,,0
s9_k5op_b_s06_pos100_tap0_mc387_cpl0_rp4p91077197555_rn4p87562027692_f12370_f21100_a0_dac1p25,K5OP,B,6,0.5,100,0,387,ac,0.0,0.0,0,1.25,0,4.91077197555383,4.875620276920817,40.0,2370.0,1100.0,,0,,,,,,,,,,,-0.501118663800848,-0.5,0.22373276016960375,1.3016593404062629,0.051659340406262855,1.2917819845567522,5.3995268810671355,4.890382340608357,True,True,,,,,,,,,,,,,,,,,,,,,,,,,,,,,0
s9_k5op_b_s06_pos100_tap0_mc388_cpl0_rp4p8967202948_rn4p96860524371_f12370_f21100_a0_dac1p25,K5OP,B,6,0.5,100,0,388,ac,0.0,0.0,0,1.25,0,4.896720294796431,4.9686052437063335,40.0,2370.0,1100.0,,0,,,,,,,,,,,-0.5075253981473127,-0.5,1.5050796294625357,1.3264171522327663,0.07641715223276635,1.3105361665419575,5.607491596930602,4.891871995225763,True,True,,,,,,,,,,,,,,,,,,,,,,,,,,,,,0
s9_k5op_b_s06_pos100_tap0_mc389_cpl0_rp4p80341691496_rn4p80398045639_f12370_f21100_a0_dac1p25,K5OP,B,6,0.5,100,0,389,ac,0.0,0.0,0,1.25,0,4.803416914963317,4.803980456388981,40.0,2370.0,1100.0,,0,,,,,,,,,,,-0.5013688209091205,-0.5,0.2737641818240988,1.4511747867088325,0.2011747867088325,1.4120099675202886,6.020020877402985,4.410622583732351,False,True,,,,,,,,,,,,,,,,,,,,,,,,,,,,,0
s9_k5op_b_s06_pos100_tap0_mc38_cpl0_rp4p95872617372_rn4p86957208005_f12370_f21100_a0_dac1p25,K5OP,B,6,0.5,100,0,38,ac,0.0,0.0,0,1.25,0,4.958726173715687,4.869572080054028,40.0,2370.0,1100.0,,0,,,,,,,,,,,-0.4985119962127138,-0.5,-0.29760075745723924,1.390846655726411,0.14084665572641097,1.3632794366107694,5.7854813980025686,4.6587022879310185,True,True,,,,,,,,,,,,,,,,,,,,,,,,,,,,,0
s9_k5op_b_s06_pos100_tap0_mc390_cpl0_rp4p8339069814_rn4p91507442577_f12370_f21100_a0_dac1p25,K5OP,B,6,0.5,100,0,390,ac,0.0,0.0,0,1.25,0,4.833906981402235,4.915074425769694,40.0,2370.0,1100.0,,0,,,,,,,,,,,-0.5066528056390629,-0.5,1.3305611278125795,1.3828856386531114,0.13288563865311143,1.3562807926324403,5.782911767423295,4.719771815258682,True,True,,,,,,,,,,,,,,,,,,,,,,,,,,,,,0
s9_k5op_b_s06_pos100_tap0_mc391_cpl0_rp4p88553270259_rn4p9329426081_f12370_f21100_a0_dac1p25,K5OP,B,6,0.5,100,0,391,ac,0.0,0.0,0,1.25,0,4.885532702587025,4.932942608102221,40.0,2370.0,1100.0,,0,,,,,,,,,,,-0.49302422929347056,-0.5,-1.3951541413058877,1.1851503594301318,-0.0648496405698682,1.1975953001185835,4.93800722402997,4.924046661229241,True,True,,,,,,,,,,,,,,,,,,,,,,,,,,,,,0
s9_k5op_b_s06_pos100_tap0_mc392_cpl0_rp4p83513013559_rn4p89780080987_f12370_f21100_a0_dac1p25,K5OP,B,6,0.5,100,0,392,ac,0.0,0.0,0,1.25,0,4.83513013559402,4.897800809870664,40.0,2370.0,1100.0,,0,,,,,,,,,,,-0.5095754385287199,-0.5,1.9150877057439786,1.3478397482243174,0.0978397482243174,1.3290692875595698,5.588407748806949,4.804125263592223,True,True,,,,,,,,,,,,,,,,,,,,,,,,,,,,,0
s9_k5op_b_s06_pos100_tap0_mc393_cpl0_rp4p80353684907_rn4p93527749599_f12370_f21100_a0_dac1p25,K5OP,B,6,0.5,100,0,393,ac,0.0,0.0,0,1.25,0,4.80353684906974,4.935277495986037,40.0,2370.0,1100.0,,0,,,,,,,,,,,-0.49146117044218673,-0.5,-1.7077659115626531,1.1544721738518169,-0.09552782614818311,1.173392592564399,4.855200376522191,4.9287940320513925,True,True,,,,,,,,,,,,,,,,,,,,,,,,,,,,,0
s9_k5op_b_s06_pos100_tap0_mc394_cpl0_rp4p82055042637_rn4p8023678576_f12370_f21100_a0_dac1p25,K5OP,B,6,0.5,100,0,394,ac,0.0,0.0,0,1.25,0,4.820550426374241,4.802367857598705,40.0,2370.0,1100.0,,0,,,,,,,,,,,-0.49235427433869106,-0.5,-1.5291451322617888,1.3817269862922756,0.13172698629227564,1.3566005995668824,5.716872585850718,4.663049735239214,True,True,,,,,,,,,,,,,,,,,,,,,,,,,,,,,0
s9_k5op_b_s06_pos100_tap0_mc395_cpl0_rp4p89495892087_rn4p93433731851_f12370_f21100_a0_dac1p25,K5OP,B,6,0.5,100,0,395,ac,0.0,0.0,0,1.25,0,4.894958920869686,4.93433731850674,40.0,2370.0,1100.0,,0,,,,,,,,,,,-0.5074866544484857,-0.5,1.497330889697146,1.2048875361966147,-0.045112463803385294,1.213669572108909,5.034802454564522,4.921690319796042,True,True,,,,,,,,,,,,,,,,,,,,,,,,,,,,,0
s9_k5op_b_s06_pos100_tap0_mc396_cpl0_rp4p98745526316_rn4p86824203872_f12370_f21100_a0_dac1p25,K5OP,B,6,0.5,100,0,396,ac,0.0,0.0,0,1.25,0,4.987455263162662,4.868242038715888,40.0,2370.0,1100.0,,0,,,,,,,,,,,-0.5116903469645662,-0.5,2.3380693929132335,1.3936454672334193,0.1436454672334193,1.3646877307316334,5.835048341952572,4.6858681075995925,True,True,,,,,,,,,,,,,,,,,,,,,,,,,,,,,0
s9_k5op_b_s06_pos100_tap0_mc397_cpl0_rp4p90265991512_rn4p90356505476_f12370_f21100_a0_dac1p25,K5OP,B,6,0.5,100,0,397,ac,0.0,0.0,0,1.25,0,4.902659915120735,4.90356505476135,40.0,2370.0,1100.0,,0,,,,,,,,,,,-0.49746481401349296,-0.5,-0.5070371973014076,1.1853808041720033,-0.06461919582799669,1.1974161878797946,4.902819279765923,4.922723001372744,True,True,,,,,,,,,,,,,,,,,,,,,,,,,,,,,0
s9_k5op_b_s06_pos100_tap0_mc398_cpl0_rp4p80471789267_rn4p89921458537_f12370_f21100_a0_dac1p25,K5OP,B,6,0.5,100,0,398,ac,0.0,0.0,0,1.25,0,4.804717892669463,4.899214585370171,40.0,2370.0,1100.0,,0,,,,,,,,,,,-0.4998843448017709,-0.5,-0.02313103964581842,1.2645676391538447,0.014567639153844736,1.261775455633841,5.25417009109243,4.9077107651284155,True,True,,,,,,,,,,,,,,,,,,,,,,,,,,,,,0
s9_k5op_b_s06_pos100_tap0_mc399_cpl0_rp4p94975224819_rn4p92047709746_f12370_f21100_a0_dac1p25,K5OP,B,6,0.5,100,0,399,ac,0.0,0.0,0,1.25,0,4.949752248185426,4.920477097461969,40.0,2370.0,1100.0,,0,,,,,,,,,,,-0.5085845162517755,-0.5,1.7169032503550952,1.1766853079118416,-0.07331469208815844,1.1909877771175241,4.924672225087416,4.925673550680382,True,True,,,,,,,,,,,,,,,,,,,,,,,,,,,,,0
s9_k5op_b_s06_pos100_tap0_mc39_cpl0_rp4p8405063552_rn4p81892231565_f12370_f21100_a0_dac1p25,K5OP,B,6,0.5,100,0,39,ac,0.0,0.0,0,1.25,0,4.84050635520103,4.818922315649883,40.0,2370.0,1100.0,,0,,,,,,,,,,,-0.5064728774952565,-0.5,1.294575499051298,1.3379045164997925,0.08790451649979247,1.321015506905372,5.550468083236792,4.839358474380563,True,True,,,,,,,,,,,,,,,,,,,,,,,,,,,,,0
s9_k5op_b_s06_pos100_tap0_mc3_cpl0_rp4p84546201527_rn4p84758850786_f12370_f21100_a0_dac1p25,K5OP,B,6,0.5,100,0,3,ac,0.0,0.0,0,1.25,0,4.845462015270863,4.847588507857414,40.0,2370.0,1100.0,,0,,,,,,,,,,,-0.5010504427646723,-0.5,0.21008855293445095,1.3530572247661992,0.10305722476619916,1.3334950459367014,5.596253162566393,4.771407709799851,True,True,,,,,,,,,,,,,,,,,,,,,,,,,,,,,0
s9_k5op_b_s06_pos100_tap0_mc400_cpl0_rp4p96530491431_rn4p91631368562_f12370_f21100_a0_dac1p25,K5OP,B,6,0.5,100,0,400,ac,0.0,0.0,0,1.25,0,4.965304914305209,4.916313685616408,40.0,2370.0,1100.0,,0,,,,,,,,,,,-0.4977791619781735,-0.5,-0.44416760436529756,1.3359136190916805,0.0859136190916805,1.3185995329034617,5.603707787411391,4.8739512910137375,True,True,,,,,,,,,,,,,,,,,,,,,,,,,,,,,0
s9_k5op_b_s06_pos100_tap0_mc401_cpl0_rp4p95092194907_rn4p84362522238_f12370_f21100_a0_dac1p25,K5OP,B,6,0.5,100,0,401,ac,0.0,0.0,0,1.25,0,4.950921949066017,4.84362522237532,40.0,2370.0,1100.0,,0,,,,,,,,,,,-0.4922590913045699,-0.5,-1.5481817390860186,1.3339498681453938,0.08394986814539385,1.3183644321520693,5.493297825328165,4.818705645613597,True,True,,,,,,,,,,,,,,,,,,,,,,,,,,,,,0
s9_k5op_b_s06_pos100_tap0_mc402_cpl0_rp4p98126867566_rn4p82711134242_f12370_f21100_a0_dac1p25,K5OP,B,6,0.5,100,0,402,ac,0.0,0.0,0,1.25,0,4.9812686756609805,4.827111342419783,40.0,2370.0,1100.0,,0,,,,,,,,,,,-0.48911313092543374,-0.5,-2.1773738149132527,1.2719144010328518,0.021914401032851805,1.26791674217811,5.224779265145976,4.899402429069353,True,True,,,,,,,,,,,,,,,,,,,,,,,,,,,,,0
s9_k5op_b_s06_pos100_tap0_mc403_cpl0_rp4p99032477697_rn4p97633558441_f12370_f21100_a0_dac1p25,K5OP,B,6,0.5,100,0,403,ac,0.0,0.0,0,1.25,0,4.9903247769715176,4.9763355844074555,40.0,2370.0,1100.0,,0,,,,,,,,,,,-0.5036637089884666,-0.5,0.7327417976933148,1.2112236013832471,-0.03877639861675286,1.2188962954075744,5.08095475025255,4.921486355186676,True,True,,,,,,,,,,,,,,,,,,,,,,,,,,,,,0
s9_k5op_b_s06_pos100_tap0_mc404_cpl0_rp4p86031491887_rn4p8693215276_f12370_f21100_a0_dac1p25,K5OP,B,6,0.5,100,0,404,ac,0.0,0.0,0,1.25,0,4.860314918872622,4.869321527601691,40.0,2370.0,1100.0,,0,,,,,,,,,,,-0.5067111191844553,-0.5,1.3422238368910655,1.1973601692392222,-0.05263983076077783,1.2082637417381363,5.086688163976605,4.925489699916375,True,True,,,,,,,,,,,,,,,,,,,,,,,,,,,,,0
s9_k5op_b_s06_pos100_tap0_mc405_cpl0_rp4p84107779984_rn4p84599880095_f12370_f21100_a0_dac1p25,K5OP,B,6,0.5,100,0,405,ac,0.0,0.0,0,1.25,0,4.8410777998379455,4.845998800947448,40.0,2370.0,1100.0,,0,,,,,,,,,,,-0.4997339261412659,-0.5,-0.05321477174682343,1.2281337159580048,-0.0218662840419952,1.2322212884437147,5.078173143391991,4.915280900162472,True,True,,,,,,,,,,,,,,,,,,,,,,,,,,,,,0
s9_k5op_b_s06_pos100_tap0_mc406_cpl0_rp4p89299198434_rn4p98436690755_f12370_f21100_a0_dac1p25,K5OP,B,6,0.5,100,0,406,ac,0.0,0.0,0,1.25,0,4.89299198433958,4.984366907551315,40.0,2370.0,1100.0,,0,,,,,,,,,,,-0.4932007421149631,-0.5,-1.359851577007376,1.2711277379876995,0.021127737987699513,1.26684546712637,5.352189128083841,4.910890329734227,True,True,,,,,,,,,,,,,,,,,,,,,,,,,,,,,0
s9_k5op_b_s06_pos100_tap0_mc407_cpl0_rp4p96593796823_rn4p9707304606_f12370_f21100_a0_dac1p25,K5OP,B,6,0.5,100,0,407,ac,0.0,0.0,0,1.25,0,4.965937968229974,4.970730460595229,40.0,2370.0,1100.0,,0,,,,,,,,,,,-0.4907362084056066,-0.5,-1.8527583188786778,1.3489676113914566,0.0989676113914566,1.3291364964361683,5.648364384054471,4.84586617844346,True,True,,,,,,,,,,,,,,,,,,,,,,,,,,,,,0
s9_k5op_b_s06_pos100_tap0_mc408_cpl0_rp4p82589970076_rn4p98712990102_f12370_f21100_a0_dac1p25,K5OP,B,6,0.5,100,0,408,ac,0.0,0.0,0,1.25,0,4.825899700761262,4.987129901023796,40.0,2370.0,1100.0,,0,,,,,,,,,,,-0.4894762209551651,-0.5,-2.104755808966985,1.1866483326374744,-0.06335166736252562,1.199019406341458,4.965775451195313,4.924507959555048,True,True,,,,,,,,,,,,,,,,,,,,,,,,,,,,,0
s9_k5op_b_s06_pos100_tap0_mc409_cpl0_rp4p93634229341_rn4p88383298296_f12370_f21100_a0_dac1p25,K5OP,B,6,0.5,100,0,409,ac,0.0,0.0,0,1.25,0,4.936342293409816,4.883832982963993,40.0,2370.0,1100.0,,0,,,,,,,,,,,-0.49792516813245147,-0.5,-0.41496637350970644,1.1577330953502,-0.09226690464979992,1.174999956662206,4.7978760561381915,4.926599954698606,True,True,,,,,,,,,,,,,,,,,,,,,,,,,,,,,0
s9_k5op_b_s06_pos100_tap0_mc40_cpl0_rp4p82617360232_rn4p86377609097_f12370_f21100_a0_dac1p25,K5OP,B,6,0.5,100,0,40,ac,0.0,0.0,0,1.25,0,4.826173602315599,4.863776090965167,40.0,2370.0,1100.0,,0,,,,,,,,,,,-0.49573655654004956,-0.5,-0.8526886919900889,1.3198072860531715,0.06980728605317155,1.3062738992650569,5.489292872732127,4.878351969363076,True,True,,,,,,,,,,,,,,,,,,,,,,,,,,,,,0
s9_k5op_b_s06_pos100_tap0_mc410_cpl0_rp4p88217981417_rn4p91530499969_f12370_f21100_a0_dac1p25,K5OP,B,6,0.5,100,0,410,ac,0.0,0.0,0,1.25,0,4.882179814174154,4.915304999687279,40.0,2370.0,1100.0,,0,,,,,,,,,,,-0.5054231488631489,-0.5,1.084629772629775,1.423213704998627,0.1732137049986271,1.3890979005530422,5.922966547791134,4.53725690780217,True,True,,,,,,,,,,,,,,,,,,,,,,,,,,,,,0
s9_k5op_b_s06_pos100_tap0_mc411_cpl0_rp4p90140702224_rn4p91673451838_f12370_f21100_a0_dac1p25,K5OP,B,6,0.5,100,0,411,ac,0.0,0.0,0,1.25,0,4.901407022235087,4.916734518378269,40.0,2370.0,1100.0,,0,,,,,,,,,,,-0.5021965896106817,-0.5,0.4393179221363397,1.217697705092987,-0.032302294907013085,1.2235084057614896,4.992024272311653,4.9150862175986925,True,True,,,,,,,,,,,,,,,,,,,,,,,,,,,,,0
s9_k5op_b_s06_pos100_tap0_mc412_cpl0_rp4p80263980605_rn4p9274688818_f12370_f21100_a0_dac1p25,K5OP,B,6,0.5,100,0,412,ac,0.0,0.0,0,1.25,0,4.802639806050018,4.927468881796134,40.0,2370.0,1100.0,,0,,,,,,,,,,,-0.5015278457808803,-0.5,0.3055691561760554,1.3491907448309541,0.09919074483095414,1.3302010578677979,5.591222246641395,4.796575420513619,True,True,,,,,,,,,,,,,,,,,,,,,,,,,,,,,0
s9_k5op_b_s06_pos100_tap0_mc413_cpl0_rp4p85968246261_rn4p80562276972_f12370_f21100_a0_dac1p25,K5OP,B,6,0.5,100,0,413,ac,0.0,0.0,0,1.25,0,4.859682462612504,4.805622769718563,40.0,2370.0,1100.0,,0,,,,,,,,,,,-0.4973046457722452,-0.5,-0.5390708455509596,1.2324608730102375,-0.017539126989762455,1.2359139717245884,5.159446323778136,4.917520955070271,True,True,,,,,,,,,,,,,,,,,,,,,,,,,,,,,0
s9_k5op_b_s06_pos100_tap0_mc414_cpl0_rp4p98184854148_rn4p8516092388_f12370_f21100_a0_dac1p25,K5OP,B,6,0.5,100,0,414,ac,0.0,0.0,0,1.25,0,4.981848541479969,4.851609238797026,40.0,2370.0,1100.0,,0,,,,,,,,,,,-0.493667198938863,-0.5,-1.2665602122273967,1.385870927946716,0.13587092794671607,1.3588044988769648,5.788284278550876,4.701288467258167,True,True,,,,,,,,,,,,,,,,,,,,,,,,,,,,,0
s9_k5op_b_s06_pos100_tap0_mc415_cpl0_rp4p98902381976_rn4p83479926401_f12370_f21100_a0_dac1p25,K5OP,B,6,0.5,100,0,415,ac,0.0,0.0,0,1.25,0,4.989023819761244,4.834799264007673,40.0,2370.0,1100.0,,0,,,,,,,,,,,-0.4958747620168902,-0.5,-0.8250475966219639,1.1505727439909053,-0.09942725600909474,1.1692200913367858,4.771824863147717,4.927576409117881,True,True,,,,,,,,,,,,,,,,,,,,,,,,,,,,,0
s9_k5op_b_s06_pos100_tap0_mc416_cpl0_rp4p81568951694_rn4p93831818861_f12370_f21100_a0_dac1p25,K5OP,B,6,0.5,100,0,416,ac,0.0,0.0,0,1.25,0,4.8156895169444285,4.938318188608376,40.0,2370.0,1100.0,,0,,,,,,,,,,,-0.5071444381070433,-0.5,1.4288876214086699,1.2355582748564962,-0.014441725143503836,1.2382915826387533,5.1227151177293155,4.914315553700431,True,True,,,,,,,,,,,,,,,,,,,,,,,,,,,,,0
s9_k5op_b_s06_pos100_tap0_mc417_cpl0_rp4p96149420523_rn4p81489206956_f12370_f21100_a0_dac1p25,K5OP,B,6,0.5,100,0,417,ac,0.0,0.0,0,1.25,0,4.961494205229407,4.814892069559012,40.0,2370.0,1100.0,,0,,,,,,,,,,,-0.4895560140232291,-0.5,-2.088797195354175,1.1392508656174483,-0.11074913438255174,1.1602420739827244,4.739235105356455,4.929176334078439,True,True,,,,,,,,,,,,,,,,,,,,,,,,,,,,,0
s9_k5op_b_s06_pos100_tap0_mc418_cpl0_rp4p8426734305_rn4p85663682175_f12370_f21100_a0_dac1p25,K5OP,B,6,0.5,100,0,418,ac,0.0,0.0,0,1.25,0,4.842673430497197,4.856636821747744,40.0,2370.0,1100.0,,0,,,,,,,,,,,-0.5030217076434251,-0.5,0.6043415286850262,1.2778229187031287,0.027822918703128696,1.2724035645662664,5.327258902148534,4.904891995007766,True,True,,,,,,,,,,,,,,,,,,,,,,,,,,,,,0
s9_k5op_b_s06_pos100_tap0_mc419_cpl0_rp4p90978219288_rn4p98810507864_f12370_f21100_a0_dac1p25,K5OP,B,6,0.5,100,0,419,ac,0.0,0.0,0,1.25,0,4.909782192875641,4.988105078638066,40.0,2370.0,1100.0,,0,,,,,,,,,,,-0.4941475875799961,-0.5,-1.1704824840007788,1.3276748633732876,0.07767486337328755,1.3131852475313994,5.473841783603824,4.8430728357332145,True,True,,,,,,,,,,,,,,,,,,,,,,,,,,,,,0
s9_k5op_b_s06_pos100_tap0_mc41_cpl0_rp4p89027141912_rn4p97801839902_f12370_f21100_a0_dac1p25,K5OP,B,6,0.5,100,0,41,ac,0.0,0.0,0,1.25,0,4.890271419118427,4.978018399020955,40.0,2370.0,1100.0,,0,,,,,,,,,,,-0.49568730108335846,-0.5,-0.8625397833283088,1.102768031796262,-0.14723196820373796,1.1311656415566032,4.614737755172047,4.933121638906641,True,True,,,,,,,,,,,,,,,,,,,,,,,,,,,,,0
s9_k5op_b_s06_pos100_tap0_mc420_cpl0_rp4p87611739853_rn4p9185599481_f12370_f21100_a0_dac1p25,K5OP,B,6,0.5,100,0,420,ac,0.0,0.0,0,1.25,0,4.876117398528499,4.918559948095463,40.0,2370.0,1100.0,,0,,,,,,,,,,,-0.5013882953772697,-0.5,0.27765907545393986,1.144084190617741,-0.10591580938225897,1.1651082047362198,4.816494518862397,4.9300692179773336,True,True,,,,,,,,,,,,,,,,,,,,,,,,,,,,,0
s9_k5op_b_s06_pos100_tap0_mc421_cpl0_rp4p87900528971_rn4p94147219615_f12370_f21100_a0_dac1p25,K5OP,B,6,0.5,100,0,421,ac,0.0,0.0,0,1.25,0,4.879005289711984,4.941472196154558,40.0,2370.0,1100.0,,0,,,,,,,,,,,-0.5065440720547487,-0.5,1.3088144109497435,1.348881221207587,0.09888122120758691,1.3289757050605593,5.654118382077586,4.849951732328605,True,True,,,,,,,,,,,,,,,,,,,,,,,,,,,,,0
s9_k5op_b_s06_pos100_tap0_mc422_cpl0_rp4p82462707523_rn4p90248850271_f12370_f21100_a0_dac1p25,K5OP,B,6,0.5,100,0,422,ac,0.0,0.0,0,1.25,0,4.8246270752332405,4.9024885027091925,40.0,2370.0,1100.0,,0,,,,,,,,,,,-0.5092780130570018,-0.5,1.8556026114003643,1.1930637380145417,-0.056936261985458314,1.204261367393589,5.000489525589762,4.923891581223684,True,True,,,,,,,,,,,,,,,,,,,,,,,,,,,,,0
s9_k5op_b_s06_pos100_tap0_mc423_cpl0_rp4p83341517313_rn4p9478789508_f12370_f21100_a0_dac1p25,K5OP,B,6,0.5,100,0,423,ac,0.0,0.0,0,1.25,0,4.833415173128162,4.947878950800543,40.0,2370.0,1100.0,,0,,,,,,,,,,,-0.5072404690374288,-0.5,1.4480938074857619,1.1343167351684185,-0.11568326483158153,1.1564748962268327,4.732339629082377,4.929932064464711,True,True,,,,,,,,,,,,,,,,,,,,,,,,,,,,,0
s9_k5op_b_s06_pos100_tap0_mc424_cpl0_rp4p98497470264_rn4p87863981118_f12370_f21100_a0_dac1p25,K5OP,B,6,0.5,100,0,424,ac,0.0,0.0,0,1.25,0,4.984974702641672,4.878639811180132,40.0,2370.0,1100.0,,0,,,,,,,,,,,-0.504058851959166,-0.5,0.8117703918331998,1.1708856005569286,-0.07911439944307141,1.186625247522888,4.926647340284365,4.927200225012152,True,True,,,,,,,,,,,,,,,,,,,,,,,,,,,,,0
s9_k5op_b_s06_pos100_tap0_mc425_cpl0_rp4p88982410079_rn4p89862494377_f12370_f21100_a0_dac1p25,K5OP,B,6,0.5,100,0,425,ac,0.0,0.0,0,1.25,0,4.889824100787956,4.898624943770372,40.0,2370.0,1100.0,,0,,,,,,,,,,,-0.4827167392625453,-0.5,-3.456652147490935,1.1027490912553002,-0.14725090874469982,1.1313389472471767,4.622932399469333,4.9333010559295065,True,True,,,,,,,,,,,,,,,,,,,,,,,,,,,,,0
s9_k5op_b_s06_pos100_tap0_mc426_cpl0_rp4p91339773929_rn4p87662957089_f12370_f21100_a0_dac1p25,K5OP,B,6,0.5,100,0,426,ac,0.0,0.0,0,1.25,0,4.913397739285786,4.8766295708922005,40.0,2370.0,1100.0,,0,,,,,,,,,,,-0.5014834538493496,-0.5,0.2966907698699117,1.2045005512466946,-0.04549944875330536,1.2139358274023544,5.116825690993428,4.924637777389533,True,True,,,,,,,,,,,,,,,,,,,,,,,,,,,,,0
s9_k5op_b_s06_pos100_tap0_mc427_cpl0_rp4p90178926913_rn4p81648021279_f12370_f21100_a0_dac1p25,K5OP,B,6,0.5,100,0,427,ac,0.0,0.0,0,1.25,0,4.901789269129636,4.816480212786739,40.0,2370.0,1100.0,,0,,,,,,,,,,,-0.5054526028704265,-0.5,1.0905205740852963,1.2906325263532152,0.04063252635321524,1.2824557464345827,5.420662468120106,4.90396774052315,True,True,,,,,,,,,,,,,,,,,,,,,,,,,,,,,0
s9_k5op_b_s06_pos100_tap0_mc428_cpl0_rp4p9627612632_rn4p95493428922_f12370_f21100_a0_dac1p25,K5OP,B,6,0.5,100,0,428,ac,0.0,0.0,0,1.25,0,4.962761263201627,4.954934289218422,40.0,2370.0,1100.0,,0,,,,,,,,,,,-0.5040018112213218,-0.5,0.8003622442643632,1.1149672570815807,-0.13503274291841927,1.1418282758577873,4.702805893341321,4.932805591272014,True,True,,,,,,,,,,,,,,,,,,,,,,,,,,,,,0
s9_k5op_b_s06_pos100_tap0_mc429_cpl0_rp4p86282359383_rn4p91195043688_f12370_f21100_a0_dac1p25,K5OP,B,6,0.5,100,0,429,ac,0.0,0.0,0,1.25,0,4.8628235938318385,4.9119504368805424,40.0,2370.0,1100.0,,0,,,,,,,,,,,-0.4914954803924232,-0.5,-1.700903921515362,1.1366867775868221,-0.11331322241317787,1.1595767225524294,4.809944238002611,4.931291349043785,True,True,,,,,,,,,,,,,,,,,,,,,,,,,,,,,0
s9_k5op_b_s06_pos100_tap0_mc42_cpl0_rp4p86668659914_rn4p82600599647_f12370_f21100_a0_dac1p25,K5OP,B,6,0.5,100,0,42,ac,0.0,0.0,0,1.25,0,4.866686599144292,4.826005996469422,40.0,2370.0,1100.0,,0,,,,,,,,,,,-0.508615503132015,-0.5,1.7231006264029958,1.3090271687249273,0.059027168724927304,1.297414864060925,5.464724501492132,4.891414104979572,True,True,,,,,,,,,,,,,,,,,,,,,,,,,,,,,0
s9_k5op_b_s06_pos100_tap0_mc430_cpl0_rp4p99434612323_rn4p82596910836_f12370_f21100_a0_dac1p25,K5OP,B,6,0.5,100,0,430,ac,0.0,0.0,0,1.25,0,4.994346123227494,4.825969108361858,40.0,2370.0,1100.0,,0,,,,,,,,,,,-0.5138543717856603,-0.5,2.770874357132058,1.3730611444348773,0.12306114443487726,1.3491860624178391,5.703226786601274,4.718685092576263,True,True,,,,,,,,,,,,,,,,,,,,,,,,,,,,,0
s9_k5op_b_s06_pos100_tap0_mc431_cpl0_rp4p91116573768_rn4p8298137622_f12370_f21100_a0_dac1p25,K5OP,B,6,0.5,100,0,431,ac,0.0,0.0,0,1.25,0,4.91116573767908,4.829813762201956,40.0,2370.0,1100.0,,0,,,,,,,,,,,-0.4955260172236464,-0.5,-0.894796555270716,1.1014650938915815,-0.14853490610841846,1.1294696317170991,4.5817062187579545,4.93264519481244,True,True,,,,,,,,,,,,,,,,,,,,,,,,,,,,,0
s9_k5op_b_s06_pos100_tap0_mc432_cpl0_rp4p89014342738_rn4p99554185829_f12370_f21100_a0_dac1p25,K5OP,B,6,0.5,100,0,432,ac,0.0,0.0,0,1.25,0,4.89014342737591,4.9955418582863675,40.0,2370.0,1100.0,,0,,,,,,,,,,,-0.4879649641970074,-0.5,-2.4070071605985177,1.127612983284002,-0.12238701671599794,1.1511494105240374,4.710476262097057,4.930811330261297,True,True,,,,,,,,,,,,,,,,,,,,,,,,,,,,,0
s9_k5op_b_s06_pos100_tap0_mc433_cpl0_rp4p93677229798_rn4p97592014524_f12370_f21100_a0_dac1p25,K5OP,B,6,0.5,100,0,433,ac,0.0,0.0,0,1.25,0,4.936772297977573,4.975920145237492,40.0,2370.0,1100.0,,0,,,,,,,,,,,-0.5024725762025284,-0.5,0.4945152405056774,1.2992341796240767,0.049234179624076724,1.289513649441893,5.4301550453771,4.897576623364031,True,True,,,,,,,,,,,,,,,,,,,,,,,,,,,,,0
s9_k5op_b_s06_pos100_tap0_mc434_cpl0_rp4p97491088108_rn4p86882693556_f12370_f21100_a0_dac1p25,K5OP,B,6,0.5,100,0,434,ac,0.0,0.0,0,1.25,0,4.974910881079785,4.868826935558604,40.0,2370.0,1100.0,,0,,,,,,,,,,,-0.5155815362837046,-0.5,3.1163072567409245,1.3001045714129489,0.050104571412948884,1.2903699654174794,5.4131847014304615,4.894385811260505,True,True,,,,,,,,,,,,,,,,,,,,,,,,,,,,,0
s9_k5op_b_s06_pos100_tap0_mc435_cpl0_rp4p9182471955_rn4p81836957152_f12370_f21100_a0_dac1p25,K5OP,B,6,0.5,100,0,435,ac,0.0,0.0,0,1.25,0,4.918247195501483,4.818369571516747,40.0,2370.0,1100.0,,0,,,,,,,,,,,-0.48604047082667634,-0.5,-2.791905834664732,1.3402014757474263,0.09020147574742632,1.323173303330305,5.538188649114586,4.814146812171004,True,True,,,,,,,,,,,,,,,,,,,,,,,,,,,,,0
s9_k5op_b_s06_pos100_tap0_mc436_cpl0_rp4p88771955369_rn4p91132094399_f12370_f21100_a0_dac1p25,K5OP,B,6,0.5,100,0,436,ac,0.0,0.0,0,1.25,0,4.8877195536887275,4.9113209439946255,40.0,2370.0,1100.0,,0,,,,,,,,,,,-0.5084586046357087,-0.5,1.6917209271417377,1.3067389348281402,0.056738934828140186,1.2956903987448385,5.442570678657075,4.890724761533312,True,True,,,,,,,,,,,,,,,,,,,,,,,,,,,,,0
s9_k5op_b_s06_pos100_tap0_mc437_cpl0_rp4p93445364917_rn4p80865497354_f12370_f21100_a0_dac1p25,K5OP,B,6,0.5,100,0,437,ac,0.0,0.0,0,1.25,0,4.934453649171059,4.808654973540427,40.0,2370.0,1100.0,,0,,,,,,,,,,,-0.49374468469243205,-0.5,-1.251063061513591,1.2891178763255684,0.0391178763255684,1.2819466515262812,5.299266531322555,4.890491949413118,True,True,,,,,,,,,,,,,,,,,,,,,,,,,,,,,0
s9_k5op_b_s06_pos100_tap0_mc438_cpl0_rp4p84421385802_rn4p82762531564_f12370_f21100_a0_dac1p25,K5OP,B,6,0.5,100,0,438,ac,0.0,0.0,0,1.25,0,4.844213858015451,4.827625315639734,40.0,2370.0,1100.0,,0,,,,,,,,,,,-0.5034379264455158,-0.5,0.6875852891031542,1.3777045310989258,0.12770453109892577,1.3533241909071463,5.701848665322153,4.680199010144307,True,True,,,,,,,,,,,,,,,,,,,,,,,,,,,,,0
s9_k5op_b_s06_pos100_tap0_mc439_cpl0_rp4p91373172506_rn4p930527309_f12370_f21100_a0_dac1p25,K5OP,B,6,0.5,100,0,439,ac,0.0,0.0,0,1.25,0,4.91373172505646,4.930527309003868,40.0,2370.0,1100.0,,0,,,,,,,,,,,-0.49347846687299857,-0.5,-1.3043066254002866,1.286341472445686,0.036341472445686085,1.2794420848716113,5.329583819235779,4.898049321535597,True,True,,,,,,,,,,,,,,,,,,,,,,,,,,,,,0
s9_k5op_b_s06_pos100_tap0_mc43_cpl0_rp4p91618072202_rn4p87284003786_f12370_f21100_a0_dac1p25,K5OP,B,6,0.5,100,0,43,ac,0.0,0.0,0,1.25,0,4.916180722023276,4.872840037858758,40.0,2370.0,1100.0,,0,,,,,,,,,,,-0.5020069833246321,-0.5,0.40139666492642334,1.3641940632589735,0.11419406325897352,1.3426246633576304,5.63482547126395,4.7212154664659325,True,True,,,,,,,,,,,,,,,,,,,,,,,,,,,,,0
s9_k5op_b_s06_pos100_tap0_mc440_cpl0_rp4p94731480802_rn4p81983101758_f12370_f21100_a0_dac1p25,K5OP,B,6,0.5,100,0,440,ac,0.0,0.0,0,1.25,0,4.9473148080236165,4.819831017576631,40.0,2370.0,1100.0,,0,,,,,,,,,,,-0.5003609619452121,-0.5,0.07219238904241365,1.3771002539841033,0.1271002539841033,1.3539227245082401,5.6451126375691665,4.628309400143332,True,True,,,,,,,,,,,,,,,,,,,,,,,,,,,,,0
s9_k5op_b_s06_pos100_tap0_mc441_cpl0_rp4p93868404524_rn4p94219884705_f12370_f21100_a0_dac1p25,K5OP,B,6,0.5,100,0,441,ac,0.0,0.0,0,1.25,0,4.938684045243629,4.942198847048544,40.0,2370.0,1100.0,,0,,,,,,,,,,,-0.5044165193834216,-0.5,0.883303876684316,1.3808423692106737,0.13084236921067371,1.354608868300263,5.776632987040912,4.729815155759044,True,True,,,,,,,,,,,,,,,,,,,,,,,,,,,,,0
s9_k5op_b_s06_pos100_tap0_mc442_cpl0_rp4p83993282853_rn4p82015738078_f12370_f21100_a0_dac1p25,K5OP,B,6,0.5,100,0,442,ac,0.0,0.0,0,1.25,0,4.839932828527066,4.820157380784122,40.0,2370.0,1100.0,,0,,,,,,,,,,,-0.5122754672770125,-0.5,2.4550934554024906,1.3924551106495369,0.14245511064953686,1.3646659271623642,5.787686634712932,4.648042069814249,True,True,,,,,,,,,,,,,,,,,,,,,,,,,,,,,0
s9_k5op_b_s06_pos100_tap0_mc443_cpl0_rp4p96483957111_rn4p9682278316_f12370_f21100_a0_dac1p25,K5OP,B,6,0.5,100,0,443,ac,0.0,0.0,0,1.25,0,4.964839571106617,4.968227831597427,40.0,2370.0,1100.0,,0,,,,,,,,,,,-0.500617073007148,-0.5,0.12341460142959448,1.1784496941125064,-0.07155030588749356,1.19209883309266,4.903871805694596,4.924660821157817,True,True,,,,,,,,,,,,,,,,,,,,,,,,,,,,,0
s9_k5op_b_s06_pos100_tap0_mc444_cpl0_rp4p84650185077_rn4p91420142673_f12370_f21100_a0_dac1p25,K5OP,B,6,0.5,100,0,444,ac,0.0,0.0,0,1.25,0,4.846501850768853,4.914201426727646,40.0,2370.0,1100.0,,0,,,,,,,,,,,-0.505132579447376,-0.5,1.0265158894751991,1.3285338935489897,0.07853389354898965,1.3132449630569476,5.529449758328356,4.868641958808132,True,True,,,,,,,,,,,,,,,,,,,,,,,,,,,,,0
s9_k5op_b_s06_pos100_tap0_mc445_cpl0_rp4p87222682255_rn4p92161223144_f12370_f21100_a0_dac1p25,K5OP,B,6,0.5,100,0,445,ac,0.0,0.0,0,1.25,0,4.872226822548897,4.921612231443327,40.0,2370.0,1100.0,,0,,,,,,,,,,,-0.49720433762152627,-0.5,-0.5591324756947458,1.3306695417177563,0.08066954171775631,1.3153579654691319,5.5066228135958095,4.848884086922976,True,True,,,,,,,,,,,,,,,,,,,,,,,,,,,,,0
s9_k5op_b_s06_pos100_tap0_mc446_cpl0_rp4p83587136549_rn4p89235603238_f12370_f21100_a0_dac1p25,K5OP,B,6,0.5,100,0,446,ac,0.0,0.0,0,1.25,0,4.8358713654866365,4.892356032379998,40.0,2370.0,1100.0,,0,,,,,,,,,,,-0.5004620372783153,-0.5,0.09240745566305719,1.275893341338343,0.02589334133834309,1.2706440165657593,5.371542090073882,4.909523342206672,True,True,,,,,,,,,,,,,,,,,,,,,,,,,,,,,0
s9_k5op_b_s06_pos100_tap0_mc447_cpl0_rp4p91808955789_rn4p84124517631_f12370_f21100_a0_dac1p25,K5OP,B,6,0.5,100,0,447,ac,0.0,0.0,0,1.25,0,4.91808955788955,4.841245176312512,40.0,2370.0,1100.0,,0,,,,,,,,,,,-0.4973043511799835,-0.5,-0.5391297640032988,1.1854114900540065,-0.06458850994599352,1.1971347426476364,4.873026291253174,4.921544776576812,True,True,,,,,,,,,,,,,,,,,,,,,,,,,,,,,0
s9_k5op_b_s06_pos100_tap0_mc448_cpl0_rp4p91326034605_rn4p80768961249_f12370_f21100_a0_dac1p25,K5OP,B,6,0.5,100,0,448,ac,0.0,0.0,0,1.25,0,4.913260346054073,4.807689612488507,40.0,2370.0,1100.0,,0,,,,,,,,,,,-0.49270614448744254,-0.5,-1.4587711025114913,1.1924520798539902,-0.057547920146009846,1.203057116872923,4.918645555488165,4.921191713166786,True,True,,,,,,,,,,,,,,,,,,,,,,,,,,,,,0
s9_k5op_b_s06_pos100_tap0_mc449_cpl0_rp4p89853833736_rn4p97944014372_f12370_f21100_a0_dac1p25,K5OP,B,6,0.5,100,0,449,ac,0.0,0.0,0,1.25,0,4.898538337363991,4.97944014371821,40.0,2370.0,1100.0,,0,,,,,,,,,,,-0.5018625824672496,-0.5,0.3725164934499148,1.3444176615276922,0.09441766152769215,1.3264045344043727,5.567862321351441,4.810456128032654,True,True,,,,,,,,,,,,,,,,,,,,,,,,,,,,,0
s9_k5op_b_s06_pos100_tap0_mc44_cpl0_rp4p99711894844_rn4p82368120501_f12370_f21100_a0_dac1p25,K5OP,B,6,0.5,100,0,44,ac,0.0,0.0,0,1.25,0,4.997118948444106,4.823681205007997,40.0,2370.0,1100.0,,0,,,,,,,,,,,-0.48819371749280194,-0.5,-2.3612565014396125,1.221942644034308,-0.028057355965692032,1.2273317153572936,5.0862625182165235,4.91811976741419,True,True,,,,,,,,,,,,,,,,,,,,,,,,,,,,,0
s9_k5op_b_s06_pos100_tap0_mc450_cpl0_rp4p89239110364_rn4p80615369179_f12370_f21100_a0_dac1p25,K5OP,B,6,0.5,100,0,450,ac,0.0,0.0,0,1.25,0,4.892391103642157,4.806153691794557,40.0,2370.0,1100.0,,0,,,,,,,,,,,-0.5066006316019278,-0.5,1.3201263203855618,1.3557129987497314,0.10571299874973139,1.3350981616119368,5.640292493579221,4.7936003229799,True,True,,,,,,,,,,,,,,,,,,,,,,,,,,,,,0
s9_k5op_b_s06_pos100_tap0_mc451_cpl0_rp4p92126212577_rn4p99481129844_f12370_f21100_a0_dac1p25,K5OP,B,6,0.5,100,0,451,ac,0.0,0.0,0,1.25,0,4.921262125773868,4.994811298436988,40.0,2370.0,1100.0,,0,,,,,,,,,,,-0.5051889915113295,-0.5,1.037798302265891,1.321981179205011,0.0719811792050109,1.3083990296582573,5.464739373334112,4.863570613171455,True,True,,,,,,,,,,,,,,,,,,,,,,,,,,,,,0
s9_k5op_b_s06_pos100_tap0_mc452_cpl0_rp4p96816879058_rn4p83494627596_f12370_f21100_a0_dac1p25,K5OP,B,6,0.5,100,0,452,ac,0.0,0.0,0,1.25,0,4.968168790584767,4.8349462759630715,40.0,2370.0,1100.0,,0,,,,,,,,,,,-0.49302451859758456,-0.5,-1.395096280483088,1.4175486443309435,0.16754864433094352,1.385784454358257,5.852704677731909,4.512315523084334,True,True,,,,,,,,,,,,,,,,,,,,,,,,,,,,,0
s9_k5op_b_s06_pos100_tap0_mc453_cpl0_rp4p81189616737_rn4p92513478479_f12370_f21100_a0_dac1p25,K5OP,B,6,0.5,100,0,453,ac,0.0,0.0,0,1.25,0,4.811896167372134,4.925134784791296,40.0,2370.0,1100.0,,0,,,,,,,,,,,-0.4946048843469386,-0.5,-1.0790231306122777,1.1782966966702255,-0.07170330332977448,1.1913557082808797,4.848450000829397,4.922817591829808,True,True,,,,,,,,,,,,,,,,,,,,,,,,,,,,,0
s9_k5op_b_s06_pos100_tap0_mc454_cpl0_rp4p84477285746_rn4p85156316116_f12370_f21100_a0_dac1p25,K5OP,B,6,0.5,100,0,454,ac,0.0,0.0,0,1.25,0,4.8447728574641715,4.851563161162482,40.0,2370.0,1100.0,,0,,,,,,,,,,,-0.5027879225015353,-0.5,0.5575845003070512,1.2473346592079866,-0.0026653407920134153,1.247881460023855,5.27336983402849,4.917177325927021,True,True,,,,,,,,,,,,,,,,,,,,,,,,,,,,,0
s9_k5op_b_s06_pos100_tap0_mc455_cpl0_rp4p9611795944_rn4p94607428095_f12370_f21100_a0_dac1p25,K5OP,B,6,0.5,100,0,455,ac,0.0,0.0,0,1.25,0,4.961179594399361,4.946074280945574,40.0,2370.0,1100.0,,0,,,,,,,,,,,-0.49343742787550937,-0.5,-1.3125144248981258,1.140861662054504,-0.10913833794549599,1.1626655044899739,4.812014429987784,4.9305598481962605,True,True,,,,,,,,,,,,,,,,,,,,,,,,,,,,,0
s9_k5op_b_s06_pos100_tap0_mc456_cpl0_rp4p8081696137_rn4p89844934998_f12370_f21100_a0_dac1p25,K5OP,B,6,0.5,100,0,456,ac,0.0,0.0,0,1.25,0,4.808169613704869,4.898449349976364,40.0,2370.0,1100.0,,0,,,,,,,,,,,-0.5046612902315672,-0.5,0.93225804631345,1.1948924296878713,-0.05510757031212865,1.2058560597280588,5.022685622884914,4.924094672524167,True,True,,,,,,,,,,,,,,,,,,,,,,,,,,,,,0
s9_k5op_b_s06_pos100_tap0_mc457_cpl0_rp4p80901387006_rn4p89893927897_f12370_f21100_a0_dac1p25,K5OP,B,6,0.5,100,0,457,ac,0.0,0.0,0,1.25,0,4.809013870061053,4.898939278974989,40.0,2370.0,1100.0,,0,,,,,,,,,,,-0.49603519464134216,-0.5,-0.7929610717315683,1.0621209954415343,-0.18787900455846573,1.0978930519958352,4.436227405058906,4.936063714436469,False,True,,,,,,,,,,,,,,,,,,,,,,,,,,,,,0
s9_k5op_b_s06_pos100_tap0_mc458_cpl0_rp4p97886635009_rn4p86955244537_f12370_f21100_a0_dac1p25,K5OP,B,6,0.5,100,0,458,ac,0.0,0.0,0,1.25,0,4.97886635008926,4.869552445369452,40.0,2370.0,1100.0,,0,,,,,,,,,,,-0.48836663435236627,-0.5,-2.326673129526746,1.317784389434444,0.06778438943444409,1.3038557402886066,5.557378803314595,4.894785234066987,True,True,,,,,,,,,,,,,,,,,,,,,,,,,,,,,0
s9_k5op_b_s06_pos100_tap0_mc459_cpl0_rp4p83963177594_rn4p8663180674_f12370_f21100_a0_dac1p25,K5OP,B,6,0.5,100,0,459,ac,0.0,0.0,0,1.25,0,4.839631775943394,4.866318067395099,40.0,2370.0,1100.0,,0,,,,,,,,,,,-0.503490343403068,-0.5,0.698068680613595,1.2759739567622848,0.025973956762284756,1.2707702041738898,5.356160922197093,4.908410024899566,True,True,,,,,,,,,,,,,,,,,,,,,,,,,,,,,0
s9_k5op_b_s06_pos100_tap0_mc45_cpl0_rp4p82760566967_rn4p99722862818_f12370_f21100_a0_dac1p25,K5OP,B,6,0.5,100,0,45,ac,0.0,0.0,0,1.25,0,4.827605669673552,4.997228628177117,40.0,2370.0,1100.0,,0,,,,,,,,,,,-0.49894604095055417,-0.5,-0.2107918098891659,1.1848365179091966,-0.06516348209080336,1.198368530345356,5.040117609072302,4.927155274506757,True,True,,,,,,,,,,,,,,,,,,,,,,,,,,,,,0
s9_k5op_b_s06_pos100_tap0_mc460_cpl0_rp4p92007457843_rn4p99419478961_f12370_f21100_a0_dac1p25,K5OP,B,6,0.5,100,0,460,ac,0.0,0.0,0,1.25,0,4.920074578427743,4.994194789613285,40.0,2370.0,1100.0,,0,,,,,,,,,,,-0.4966496358841832,-0.5,-0.670072823163359,1.1787789731546068,-0.07122102684539322,1.1921590778911044,4.8866847723033935,4.923961913085953,True,True,,,,,,,,,,,,,,,,,,,,,,,,,,,,,0
s9_k5op_b_s06_pos100_tap0_mc461_cpl0_rp4p91074305468_rn4p85079696789_f12370_f21100_a0_dac1p25,K5OP,B,6,0.5,100,0,461,ac,0.0,0.0,0,1.25,0,4.910743054677111,4.850796967891991,40.0,2370.0,1100.0,,0,,,,,,,,,,,-0.4977532083514369,-0.5,-0.44935832971262357,1.289627812115665,0.03962781211566502,1.281466854875923,5.447785042811372,4.906942267131543,True,True,,,,,,,,,,,,,,,,,,,,,,,,,,,,,0
s9_k5op_b_s06_pos100_tap0_mc462_cpl0_rp4p81682487932_rn4p80385501731_f12370_f21100_a0_dac1p25,K5OP,B,6,0.5,100,0,462,ac,0.0,0.0,0,1.25,0,4.816824879322612,4.8038550173147785,40.0,2370.0,1100.0,,0,,,,,,,,,,,-0.4919206225691086,-0.5,-1.6158754861782754,1.273725185919666,0.023725185919666103,1.269245997551725,5.2723814429669975,4.902880692622227,True,True,,,,,,,,,,,,,,,,,,,,,,,,,,,,,0
s9_k5op_b_s06_pos100_tap0_mc463_cpl0_rp4p81980051483_rn4p93994820809_f12370_f21100_a0_dac1p25,K5OP,B,6,0.5,100,0,463,ac,0.0,0.0,0,1.25,0,4.819800514826301,4.939948208085681,40.0,2370.0,1100.0,,0,,,,,,,,,,,-0.4955859722231004,-0.5,-0.8828055553799175,1.370242490361995,0.12024249036199497,1.3477060146884878,5.6497250389176,4.687767633187346,True,True,,,,,,,,,,,,,,,,,,,,,,,,,,,,,0
s9_k5op_b_s06_pos100_tap0_mc464_cpl0_rp4p93819973582_rn4p89022032526_f12370_f21100_a0_dac1p25,K5OP,B,6,0.5,100,0,464,ac,0.0,0.0,0,1.25,0,4.93819973581738,4.890220325258228,40.0,2370.0,1100.0,,0,,,,,,,,,,,-0.5123581632433982,-0.5,2.4716326486796447,1.3463026376281422,0.09630263762814217,1.327896595075695,5.577620791874089,4.805535263660192,True,True,,,,,,,,,,,,,,,,,,,,,,,,,,,,,0
s9_k5op_b_s06_pos100_tap0_mc465_cpl0_rp4p97378126426_rn4p99197721852_f12370_f21100_a0_dac1p25,K5OP,B,6,0.5,100,0,465,ac,0.0,0.0,0,1.25,0,4.973781264259639,4.991977218520064,40.0,2370.0,1100.0,,0,,,,,,,,,,,-0.4907108987461717,-0.5,-1.8578202507656627,1.301553270936704,0.05155327093670392,1.290995383743501,5.487874533458582,4.901985130662784,True,True,,,,,,,,,,,,,,,,,,,,,,,,,,,,,0
s9_k5op_b_s06_pos100_tap0_mc466_cpl0_rp4p87794000204_rn4p89205780317_f12370_f21100_a0_dac1p25,K5OP,B,6,0.5,100,0,466,ac,0.0,0.0,0,1.25,0,4.8779400020416315,4.892057803174942,40.0,2370.0,1100.0,,0,,,,,,,,,,,-0.4845518250161662,-0.5,-3.0896349967667547,1.1797556030976761,-0.07024439690232387,1.1933587845490796,4.927711255685066,4.925111479881703,True,True,,,,,,,,,,,,,,,,,,,,,,,,,,,,,0
s9_k5op_b_s06_pos100_tap0_mc467_cpl0_rp4p96689425009_rn4p99443766455_f12370_f21100_a0_dac1p25,K5OP,B,6,0.5,100,0,467,ac,0.0,0.0,0,1.25,0,4.96689425008728,4.994437664548066,40.0,2370.0,1100.0,,0,,,,,,,,,,,-0.506706714948213,-0.5,1.341342989642591,1.1460351248426253,-0.10396487515737474,1.164980862186956,4.720072089516268,4.927122525997519,True,True,,,,,,,,,,,,,,,,,,,,,,,,,,,,,0
s9_k5op_b_s06_pos100_tap0_mc468_cpl0_rp4p99627994237_rn4p80677673773_f12370_f21100_a0_dac1p25,K5OP,B,6,0.5,100,0,468,ac,0.0,0.0,0,1.25,0,4.996279942373079,4.806776737728935,40.0,2370.0,1100.0,,0,,,,,,,,,,,-0.4961475770455026,-0.5,-0.7704845908994784,1.1335161739890691,-0.11648382601093088,1.1550094861056759,4.684390230464903,4.928941311400154,True,True,,,,,,,,,,,,,,,,,,,,,,,,,,,,,0
s9_k5op_b_s06_pos100_tap0_mc469_cpl0_rp4p86746515181_rn4p82442949935_f12370_f21100_a0_dac1p25,K5OP,B,6,0.5,100,0,469,ac,0.0,0.0,0,1.25,0,4.867465151813388,4.824429499351856,40.0,2370.0,1100.0,,0,,,,,,,,,,,-0.5036167865271279,-0.5,0.7233573054255871,1.4135137888864353,0.1635137888864353,1.382671525441841,5.8304327620876055,4.52232245099611,True,True,,,,,,,,,,,,,,,,,,,,,,,,,,,,,0
s9_k5op_b_s06_pos100_tap0_mc46_cpl0_rp4p98614128366_rn4p95326093094_f12370_f21100_a0_dac1p25,K5OP,B,6,0.5,100,0,46,ac,0.0,0.0,0,1.25,0,4.9861412836618335,4.9532609309445235,40.0,2370.0,1100.0,,0,,,,,,,,,,,-0.5121158359523648,-0.5,2.4231671904729524,1.2787662568808156,0.028766256880815577,1.272851664499243,5.402131923827813,4.909999871978642,True,True,,,,,,,,,,,,,,,,,,,,,,,,,,,,,0
s9_k5op_b_s06_pos100_tap0_mc470_cpl0_rp4p91328404321_rn4p86674408431_f12370_f21100_a0_dac1p25,K5OP,B,6,0.5,100,0,470,ac,0.0,0.0,0,1.25,0,4.9132840432076454,4.866744084313133,40.0,2370.0,1100.0,,0,,,,,,,,,,,-0.5081316529611968,-0.5,1.6263305922393556,1.339220198431909,0.08922019843190898,1.3208880789353683,5.643028183274492,4.8777911661587074,True,True,,,,,,,,,,,,,,,,,,,,,,,,,,,,,0
s9_k5op_b_s06_pos100_tap0_mc471_cpl0_rp4p89736193895_rn4p8066346075_f12370_f21100_a0_dac1p25,K5OP,B,6,0.5,100,0,471,ac,0.0,0.0,0,1.25,0,4.897361938947755,4.806634607495522,40.0,2370.0,1100.0,,0,,,,,,,,,,,-0.4978452624758489,-0.5,-0.4309475048302147,1.1560979112065348,-0.09390208879346518,1.1751245500984466,4.891655794172586,4.92947815764139,True,True,,,,,,,,,,,,,,,,,,,,,,,,,,,,,0
s9_k5op_b_s06_pos100_tap0_mc472_cpl0_rp4p82442057089_rn4p90328400898_f12370_f21100_a0_dac1p25,K5OP,B,6,0.5,100,0,472,ac,0.0,0.0,0,1.25,0,4.824420570887314,4.9032840089774,40.0,2370.0,1100.0,,0,,,,,,,,,,,-0.504011910349389,-0.5,0.8023820698777939,1.2366055959297404,-0.013394404070259602,1.2393217984924092,5.214771838924618,4.918492152682604,True,True,,,,,,,,,,,,,,,,,,,,,,,,,,,,,0
s9_k5op_b_s06_pos100_tap0_mc473_cpl0_rp4p81133556306_rn4p83594098262_f12370_f21100_a0_dac1p25,K5OP,B,6,0.5,100,0,473,ac,0.0,0.0,0,1.25,0,4.811335563056074,4.835940982615407,40.0,2370.0,1100.0,,0,,,,,,,,,,,-0.5014317553259984,-0.5,0.2863510651996748,1.4080549936736448,0.15805499367364484,1.3789282682543784,5.781059576879864,4.516619627490666,True,True,,,,,,,,,,,,,,,,,,,,,,,,,,,,,0
s9_k5op_b_s06_pos100_tap0_mc474_cpl0_rp4p84073641539_rn4p87162305829_f12370_f21100_a0_dac1p25,K5OP,B,6,0.5,100,0,474,ac,0.0,0.0,0,1.25,0,4.840736415390106,4.871623058289732,40.0,2370.0,1100.0,,0,,,,,,,,,,,-0.5040176100369553,-0.5,0.8035220073910665,1.2625696368686752,0.012569636868675182,1.260168913600134,5.241833606782597,4.9079174726477985,True,True,,,,,,,,,,,,,,,,,,,,,,,,,,,,,0
s9_k5op_b_s06_pos100_tap0_mc475_cpl0_rp4p84031180256_rn4p85577913513_f12370_f21100_a0_dac1p25,K5OP,B,6,0.5,100,0,475,ac,0.0,0.0,0,1.25,0,4.840311802564188,4.855779135131709,40.0,2370.0,1100.0,,0,,,,,,,,,,,-0.5005294515026515,-0.5,0.10589030053029802,1.1204879587289878,-0.12951204127101223,1.1441382748358404,4.620263840456925,4.930002271627723,True,True,,,,,,,,,,,,,,,,,,,,,,,,,,,,,0
s9_k5op_b_s06_pos100_tap0_mc476_cpl0_rp4p80826104094_rn4p87299243737_f12370_f21100_a0_dac1p25,K5OP,B,6,0.5,100,0,476,ac,0.0,0.0,0,1.25,0,4.8082610409374436,4.872992437372049,40.0,2370.0,1100.0,,0,,,,,,,,,,,-0.49113192916827586,-0.5,-1.773614166344828,1.1995102180891992,-0.05048978191080078,1.2090609643737618,4.977866942549321,4.921237098205745,True,True,,,,,,,,,,,,,,,,,,,,,,,,,,,,,0
s9_k5op_b_s06_pos100_tap0_mc477_cpl0_rp4p9011025822_rn4p98272173248_f12370_f21100_a0_dac1p25,K5OP,B,6,0.5,100,0,477,ac,0.0,0.0,0,1.25,0,4.901102582197919,4.982721732480511,40.0,2370.0,1100.0,,0,,,,,,,,,,,-0.5077907108988144,-0.5,1.5581421797628892,1.2918774697015603,0.041877469701560255,1.2837047645360815,5.385922621557471,4.8993680555714265,True,True,,,,,,,,,,,,,,,,,,,,,,,,,,,,,0
s9_k5op_b_s06_pos100_tap0_mc478_cpl0_rp4p94375421175_rn4p94783314723_f12370_f21100_a0_dac1p25,K5OP,B,6,0.5,100,0,478,ac,0.0,0.0,0,1.25,0,4.943754211749966,4.947833147232941,40.0,2370.0,1100.0,,0,,,,,,,,,,,-0.499915001082063,-0.5,-0.016999783587401396,1.407092771667015,0.15709277166701496,1.3781970526620029,5.775054472137102,4.518312298801008,True,True,,,,,,,,,,,,,,,,,,,,,,,,,,,,,0
s9_k5op_b_s06_pos100_tap0_mc479_cpl0_rp4p94451228521_rn4p87916699196_f12370_f21100_a0_dac1p25,K5OP,B,6,0.5,100,0,479,ac,0.0,0.0,0,1.25,0,4.944512285207889,4.8791669919552785,40.0,2370.0,1100.0,,0,,,,,,,,,,,-0.5074727875056473,-0.5,1.4945575011294565,1.4047099588155536,0.1547099588155536,1.372930425427967,5.904608795740577,4.666920940812188,True,True,,,,,,,,,,,,,,,,,,,,,,,,,,,,,0
s9_k5op_b_s06_pos100_tap0_mc47_cpl0_rp4p8941099336_rn4p90077857548_f12370_f21100_a0_dac1p25,K5OP,B,6,0.5,100,0,47,ac,0.0,0.0,0,1.25,0,4.894109933598021,4.900778575478652,40.0,2370.0,1100.0,,0,,,,,,,,,,,-0.4912996064991182,-0.5,-1.7400787001763618,1.3468271179379077,0.09682711793790766,1.3281530957982048,5.590862997465292,4.813842695595007,True,True,,,,,,,,,,,,,,,,,,,,,,,,,,,,,0
s9_k5op_b_s06_pos100_tap0_mc480_cpl0_rp4p9165168846_rn4p81704233275_f12370_f21100_a0_dac1p25,K5OP,B,6,0.5,100,0,480,ac,0.0,0.0,0,1.25,0,4.916516884599978,4.817042332753258,40.0,2370.0,1100.0,,0,,,,,,,,,,,-0.49368529742319645,-0.5,-1.262940515360711,1.184404974200013,-0.0655950257999871,1.1972370517428603,4.9590701276950195,4.924922654324172,True,True,,,,,,,,,,,,,,,,,,,,,,,,,,,,,0
s9_k5op_b_s06_pos100_tap0_mc481_cpl0_rp4p90897657852_rn4p83863291458_f12370_f21100_a0_dac1p25,K5OP,B,6,0.5,100,0,481,ac,0.0,0.0,0,1.25,0,4.908976578521395,4.83863291458142,40.0,2370.0,1100.0,,0,,,,,,,,,,,-0.5074718734193961,-0.5,1.4943746838792293,1.2221845817671997,-0.027815418232800315,1.2276341752566924,5.112098427513368,4.919100037198752,True,True,,,,,,,,,,,,,,,,,,,,,,,,,,,,,0
s9_k5op_b_s06_pos100_tap0_mc482_cpl0_rp4p86288100731_rn4p91113469178_f12370_f21100_a0_dac1p25,K5OP,B,6,0.5,100,0,482,ac,0.0,0.0,0,1.25,0,4.862881007312245,4.911134691775557,40.0,2370.0,1100.0,,0,,,,,,,,,,,-0.49056220786942717,-0.5,-1.8875584261145661,1.4261245047631135,0.17612450476311348,1.3909940005578931,5.950983096985565,4.541987058880657,True,True,,,,,,,,,,,,,,,,,,,,,,,,,,,,,0
s9_k5op_b_s06_pos100_tap0_mc483_cpl0_rp4p83291461281_rn4p81672175434_f12370_f21100_a0_dac1p25,K5OP,B,6,0.5,100,0,483,ac,0.0,0.0,0,1.25,0,4.83291461281191,4.81672175434094,40.0,2370.0,1100.0,,0,,,,,,,,,,,-0.501944482807537,-0.5,0.3888965615074014,1.2141058865374037,-0.0358941134625963,1.2207750401189348,5.014866095136426,4.917771612268001,True,True,,,,,,,,,,,,,,,,,,,,,,,,,,,,,0
s9_k5op_b_s06_pos100_tap0_mc484_cpl0_rp4p80955583217_rn4p93161747833_f12370_f21100_a0_dac1p25,K5OP,B,6,0.5,100,0,484,ac,0.0,0.0,0,1.25,0,4.80955583216582,4.931617478327593,40.0,2370.0,1100.0,,0,,,,,,,,,,,-0.49470753166551695,-0.5,-1.0584936668966094,1.411645697405161,0.161645697405161,1.3796492637982363,5.883110242320276,4.589944663079015,True,True,,,,,,,,,,,,,,,,,,,,,,,,,,,,,0
s9_k5op_b_s06_pos100_tap0_mc485_cpl0_rp4p89514580487_rn4p91137783103_f12370_f21100_a0_dac1p25,K5OP,B,6,0.5,100,0,485,ac,0.0,0.0,0,1.25,0,4.895145804869464,4.9113778310291725,40.0,2370.0,1100.0,,0,,,,,,,,,,,-0.49255090738740126,-0.5,-1.489818522519748,1.3622291893618752,0.1122291893618752,1.3407130682562418,5.645109592513075,4.747127054806777,True,True,,,,,,,,,,,,,,,,,,,,,,,,,,,,,0
s9_k5op_b_s06_pos100_tap0_mc486_cpl0_rp4p95705388401_rn4p94764671172_f12370_f21100_a0_dac1p25,K5OP,B,6,0.5,100,0,486,ac,0.0,0.0,0,1.25,0,4.957053884006331,4.947646711724817,40.0,2370.0,1100.0,,0,,,,,,,,,,,-0.49016657291214294,-0.5,-1.9666854175714121,1.2334126592936159,-0.016587340706384124,1.2366036366593458,5.134079230759671,4.915917124926239,True,True,,,,,,,,,,,,,,,,,,,,,,,,,,,,,0
s9_k5op_b_s06_pos100_tap0_mc487_cpl0_rp4p84482012182_rn4p95383071947_f12370_f21100_a0_dac1p25,K5OP,B,6,0.5,100,0,487,ac,0.0,0.0,0,1.25,0,4.84482012181883,4.953830719470984,40.0,2370.0,1100.0,,0,,,,,,,,,,,-0.5000585145334524,-0.5,0.011702906690480575,1.2945723721768936,0.04457237217689358,1.2855317271369815,5.446931860671402,4.903432191978726,True,True,,,,,,,,,,,,,,,,,,,,,,,,,,,,,0
s9_k5op_b_s06_pos100_tap0_mc488_cpl0_rp4p88763720285_rn4p83155380993_f12370_f21100_a0_dac1p25,K5OP,B,6,0.5,100,0,488,ac,0.0,0.0,0,1.25,0,4.887637202849622,4.831553809926781,40.0,2370.0,1100.0,,0,,,,,,,,,,,-0.4945986405590297,-0.5,-1.080271888194062,1.1042690906720551,-0.14573090932794486,1.1330045734635787,4.648646837683069,4.933510295620057,True,True,,,,,,,,,,,,,,,,,,,,,,,,,,,,,0
s9_k5op_b_s06_pos100_tap0_mc489_cpl0_rp4p84766955943_rn4p875178525_f12370_f21100_a0_dac1p25,K5OP,B,6,0.5,100,0,489,ac,0.0,0.0,0,1.25,0,4.847669559428117,4.875178525002907,40.0,2370.0,1100.0,,0,,,,,,,,,,,-0.5059394269840478,-0.5,1.1878853968095626,1.335014406611965,0.08501440661196491,1.3187497994756303,5.533680160527963,4.843844719801654,True,True,,,,,,,,,,,,,,,,,,,,,,,,,,,,,0
s9_k5op_b_s06_pos100_tap0_mc48_cpl0_rp4p84579746796_rn4p94824174979_f12370_f21100_a0_dac1p25,K5OP,B,6,0.5,100,0,48,ac,0.0,0.0,0,1.25,0,4.845797467955072,4.948241749788483,40.0,2370.0,1100.0,,0,,,,,,,,,,,-0.5004136800321746,-0.5,0.08273600643491363,1.2581654014541683,0.00816540145416833,1.2566524423412044,5.187863913260745,4.906465740866426,True,True,,,,,,,,,,,,,,,,,,,,,,,,,,,,,0
s9_k5op_b_s06_pos100_tap0_mc490_cpl0_rp4p88142816359_rn4p98473046386_f12370_f21100_a0_dac1p25,K5OP,B,6,0.5,100,0,490,ac,0.0,0.0,0,1.25,0,4.881428163586611,4.984730463863299,40.0,2370.0,1100.0,,0,,,,,,,,,,,-0.4976763659287453,-0.5,-0.46472681425093754,1.2195405433380087,-0.030459456661991346,1.2253118085496202,5.059980300350027,4.91782207758684,True,True,,,,,,,,,,,,,,,,,,,,,,,,,,,,,0
s9_k5op_b_s06_pos100_tap0_mc491_cpl0_rp4p86846818018_rn4p85896451487_f12370_f21100_a0_dac1p25,K5OP,B,6,0.5,100,0,491,ac,0.0,0.0,0,1.25,0,4.86846818017839,4.858964514867365,40.0,2370.0,1100.0,,0,,,,,,,,,,,-0.4992076483847807,-0.5,-0.15847032304385777,1.2197283213908559,-0.030271678609144148,1.2255930276867346,5.088123527890101,4.91891717562436,True,True,,,,,,,,,,,,,,,,,,,,,,,,,,,,,0
s9_k5op_b_s06_pos100_tap0_mc492_cpl0_rp4p84718679302_rn4p96650176044_f12370_f21100_a0_dac1p25,K5OP,B,6,0.5,100,0,492,ac,0.0,0.0,0,1.25,0,4.847186793022051,4.966501760442533,40.0,2370.0,1100.0,,0,,,,,,,,,,,-0.5026660149798134,-0.5,0.5332029959626894,1.3515335808254598,0.10153358082545982,1.331336054912772,5.649086417847538,4.8313936981826995,True,True,,,,,,,,,,,,,,,,,,,,,,,,,,,,,0
s9_k5op_b_s06_pos100_tap0_mc493_cpl0_rp4p92914468276_rn4p81937382261_f12370_f21100_a0_dac1p25,K5OP,B,6,0.5,100,0,493,ac,0.0,0.0,0,1.25,0,4.929144682763958,4.819373822611605,40.0,2370.0,1100.0,,0,,,,,,,,,,,-0.49898500136500434,-0.5,-0.20299972699913127,1.3921845714198247,0.14218457141982466,1.3640720453445696,5.803808790108585,4.666324251466825,True,True,,,,,,,,,,,,,,,,,,,,,,,,,,,,,0
s9_k5op_b_s06_pos100_tap0_mc494_cpl0_rp4p83246035377_rn4p87140084391_f12370_f21100_a0_dac1p25,K5OP,B,6,0.5,100,0,494,ac,0.0,0.0,0,1.25,0,4.832460353767677,4.871400843910421,40.0,2370.0,1100.0,,0,,,,,,,,,,,-0.5049338370023193,-0.5,0.9867674004638616,1.3997666761163257,0.14976667611632566,1.3699219515603556,5.8443118952267525,4.646175114874795,True,True,,,,,,,,,,,,,,,,,,,,,,,,,,,,,0
s9_k5op_b_s06_pos100_tap0_mc495_cpl0_rp4p89615372738_rn4p95659479426_f12370_f21100_a0_dac1p25,K5OP,B,6,0.5,100,0,495,ac,0.0,0.0,0,1.25,0,4.896153727381476,4.956594794260359,40.0,2370.0,1100.0,,0,,,,,,,,,,,-0.4942211184431944,-0.5,-1.155776311361123,1.3290022103215713,0.07900221032157129,1.3145320192229049,5.45778632394199,4.8222616294413,True,True,,,,,,,,,,,,,,,,,,,,,,,,,,,,,0
s9_k5op_b_s06_pos100_tap0_mc496_cpl0_rp4p82124294855_rn4p89418312606_f12370_f21100_a0_dac1p25,K5OP,B,6,0.5,100,0,496,ac,0.0,0.0,0,1.25,0,4.821242948548383,4.894183126064418,40.0,2370.0,1100.0,,0,,,,,,,,,,,-0.5008522212273769,-0.5,0.1704442454753874,1.3701727614259125,0.12017276142591249,1.346353446871729,5.718963410372677,4.757360067428955,True,True,,,,,,,,,,,,,,,,,,,,,,,,,,,,,0
s9_k5op_b_s06_pos100_tap0_mc497_cpl0_rp4p94590527831_rn4p89269603778_f12370_f21100_a0_dac1p25,K5OP,B,6,0.5,100,0,497,ac,0.0,0.0,0,1.25,0,4.945905278313416,4.892696037778297,40.0,2370.0,1100.0,,0,,,,,,,,,,,-0.49479230832758514,-0.5,-1.041538334482972,1.2282770636857425,-0.02172293631425748,1.2323625501750208,5.0859837795641365,4.915623019373421,True,True,,,,,,,,,,,,,,,,,,,,,,,,,,,,,0
s9_k5op_b_s06_pos100_tap0_mc498_cpl0_rp4p98483368934_rn4p86744459047_f12370_f21100_a0_dac1p25,K5OP,B,6,0.5,100,0,498,ac,0.0,0.0,0,1.25,0,4.984833689338516,4.867444590474708,40.0,2370.0,1100.0,,0,,,,,,,,,,,-0.49502447317755216,-0.5,-0.995105364489568,1.3618553706834213,0.11185537068342133,1.3394222645510756,5.701063394274325,4.804621071871077,True,True,,,,,,,,,,,,,,,,,,,,,,,,,,,,,0
s9_k5op_b_s06_pos100_tap0_mc499_cpl0_rp4p83548282447_rn4p91934024335_f12370_f21100_a0_dac1p25,K5OP,B,6,0.5,100,0,499,ac,0.0,0.0,0,1.25,0,4.835482824471407,4.919340243345649,40.0,2370.0,1100.0,,0,,,,,,,,,,,-0.4984029746718299,-0.5,-0.3194050656340153,1.3199952036904665,0.06999520369046652,1.3068563925381338,5.4505490196092055,4.864376858714108,True,True,,,,,,,,,,,,,,,,,,,,,,,,,,,,,0
s9_k5op_b_s06_pos100_tap0_mc49_cpl0_rp4p89650450288_rn4p92668320918_f12370_f21100_a0_dac1p25,K5OP,B,6,0.5,100,0,49,ac,0.0,0.0,0,1.25,0,4.896504502883394,4.926683209181735,40.0,2370.0,1100.0,,0,,,,,,,,,,,-0.5008326200754531,-0.5,0.16652401509062997,1.2815381332528895,0.031538133252889455,1.2752241862234779,5.377468016040517,4.906566969270749,True,True,,,,,,,,,,,,,,,,,,,,,,,,,,,,,0
s9_k5op_b_s06_pos100_tap0_mc4_cpl0_rp4p9639242883_rn4p9501632796_f12370_f21100_a0_dac1p25,K5OP,B,6,0.5,100,0,4,ac,0.0,0.0,0,1.25,0,4.963924288299439,4.950163279600443,40.0,2370.0,1100.0,,0,,,,,,,,,,,-0.4975248913545949,-0.5,-0.4950217290810244,1.2252449989464855,-0.02475500105351447,1.230092006307979,5.123555712515561,4.918572361376893,True,True,,,,,,,,,,,,,,,,,,,,,,,,,,,,,0
s9_k5op_b_s06_pos100_tap0_mc50_cpl0_rp4p93838286104_rn4p81764389731_f12370_f21100_a0_dac1p25,K5OP,B,6,0.5,100,0,50,ac,0.0,0.0,0,1.25,0,4.938382861036046,4.817643897306691,40.0,2370.0,1100.0,,0,,,,,,,,,,,-0.496662504447154,-0.5,-0.667499110569203,1.3212988520101163,0.07129885201011632,1.3075575471278584,5.487904581474886,4.874403396013045,True,True,,,,,,,,,,,,,,,,,,,,,,,,,,,,,0
s9_k5op_b_s06_pos100_tap0_mc51_cpl0_rp4p94108494795_rn4p84597086392_f12370_f21100_a0_dac1p25,K5OP,B,6,0.5,100,0,51,ac,0.0,0.0,0,1.25,0,4.941084947954228,4.845970863919445,40.0,2370.0,1100.0,,0,,,,,,,,,,,-0.50470800903053,-0.5,0.9416018061060072,1.3795531212374958,0.12955312123749585,1.3534750114491936,5.776710179967338,4.740169530092103,True,True,,,,,,,,,,,,,,,,,,,,,,,,,,,,,0
s9_k5op_b_s06_pos100_tap0_mc52_cpl0_rp4p90067306704_rn4p92869417858_f12370_f21100_a0_dac1p25,K5OP,B,6,0.5,100,0,52,ac,0.0,0.0,0,1.25,0,4.900673067044964,4.928694178577813,40.0,2370.0,1100.0,,0,,,,,,,,,,,-0.4889092947379714,-0.5,-2.21814105240572,1.3750393696588272,0.12503936965882723,1.3525652310614997,5.62046332821077,4.620147749760877,True,True,,,,,,,,,,,,,,,,,,,,,,,,,,,,,0
s9_k5op_b_s06_pos100_tap0_mc53_cpl0_rp4p90671802168_rn4p84604051155_f12370_f21100_a0_dac1p25,K5OP,B,6,0.5,100,0,53,ac,0.0,0.0,0,1.25,0,4.906718021679604,4.846040511552379,40.0,2370.0,1100.0,,0,,,,,,,,,,,-0.499922397884478,-0.5,-0.015520423104398162,1.3718533856006172,0.1218533856006172,1.3493468849585961,5.638900876262419,4.6640665540194055,True,True,,,,,,,,,,,,,,,,,,,,,,,,,,,,,0
s9_k5op_b_s06_pos100_tap0_mc54_cpl0_rp4p98569420512_rn4p85186384419_f12370_f21100_a0_dac1p25,K5OP,B,6,0.5,100,0,54,ac,0.0,0.0,0,1.25,0,4.985694205117068,4.851863844192985,40.0,2370.0,1100.0,,0,,,,,,,,,,,-0.5109569906163625,-0.5,2.191398123272492,1.1961243767587832,-0.05387562324121675,1.2060199693850446,4.929505694822648,4.920340350939833,True,True,,,,,,,,,,,,,,,,,,,,,,,,,,,,,0
s9_k5op_b_s06_pos100_tap0_mc55_cpl0_rp4p81692971849_rn4p86324679714_f12370_f21100_a0_dac1p25,K5OP,B,6,0.5,100,0,55,ac,0.0,0.0,0,1.25,0,4.816929718488971,4.86324679713733,40.0,2370.0,1100.0,,0,,,,,,,,,,,-0.5043676322821211,-0.5,0.8735264564242229,1.1547928758618575,-0.09520712413814247,1.1732142086005761,4.826774552040543,4.928093927027274,True,True,,,,,,,,,,,,,,,,,,,,,,,,,,,,,0
s9_k5op_b_s06_pos100_tap0_mc56_cpl0_rp4p89383174788_rn4p94109310762_f12370_f21100_a0_dac1p25,K5OP,B,6,0.5,100,0,56,ac,0.0,0.0,0,1.25,0,4.893831747878307,4.9410931076228115,40.0,2370.0,1100.0,,0,,,,,,,,,,,-0.49785753461148996,-0.5,-0.42849307770200795,1.1927100711603709,-0.057289928839629134,1.2034663096996108,4.941668120842371,4.92193642489038,True,True,,,,,,,,,,,,,,,,,,,,,,,,,,,,,0
s9_k5op_b_s06_pos100_tap0_mc57_cpl0_rp4p85647483821_rn4p83451618039_f12370_f21100_a0_dac1p25,K5OP,B,6,0.5,100,0,57,ac,0.0,0.0,0,1.25,0,4.856474838211144,4.834516180392071,40.0,2370.0,1100.0,,0,,,,,,,,,,,-0.503996776849247,-0.5,0.7993553698494082,1.154154628015875,-0.09584537198412502,1.1717111769892636,4.75848355553364,4.926311685687827,True,True,,,,,,,,,,,,,,,,,,,,,,,,,,,,,0
s9_k5op_b_s06_pos100_tap0_mc58_cpl0_rp4p89346033217_rn4p83607483876_f12370_f21100_a0_dac1p25,K5OP,B,6,0.5,100,0,58,ac,0.0,0.0,0,1.25,0,4.893460332174911,4.836074838764913,40.0,2370.0,1100.0,,0,,,,,,,,,,,-0.49592636590296557,-0.5,-0.8147268194068857,1.1846958339880467,-0.06530416601195332,1.196933939903332,4.907388217312937,4.923071866672831,True,True,,,,,,,,,,,,,,,,,,,,,,,,,,,,,0
s9_k5op_b_s06_pos100_tap0_mc59_cpl0_rp4p82373364137_rn4p91750785234_f12370_f21100_a0_dac1p25,K5OP,B,6,0.5,100,0,59,ac,0.0,0.0,0,1.25,0,4.823733641370459,4.917507852337766,40.0,2370.0,1100.0,,0,,,,,,,,,,,-0.4967593112007451,-0.5,-0.6481377598509752,1.2680429059875593,0.01804290598755931,1.2644946916462172,5.300306654165773,4.909050199114532,True,True,,,,,,,,,,,,,,,,,,,,,,,,,,,,,0
s9_k5op_b_s06_pos100_tap0_mc5_cpl0_rp4p82480901845_rn4p85891971041_f12370_f21100_a0_dac1p25,K5OP,B,6,0.5,100,0,5,ac,0.0,0.0,0,1.25,0,4.824809018452469,4.858919710414241,40.0,2370.0,1100.0,,0,,,,,,,,,,,-0.4981187883546623,-0.5,-0.3762423290675443,1.3868437783496905,0.13684377834969053,1.359726361769431,5.785349468882599,4.6905797390215955,True,True,,,,,,,,,,,,,,,,,,,,,,,,,,,,,0
s9_k5op_b_s06_pos100_tap0_mc60_cpl0_rp4p84684747008_rn4p97109424672_f12370_f21100_a0_dac1p25,K5OP,B,6,0.5,100,0,60,ac,0.0,0.0,0,1.25,0,4.846847470081567,4.971094246724969,40.0,2370.0,1100.0,,0,,,,,,,,,,,-0.4926692999035698,-0.5,-1.466140019286044,1.2339926027189139,-0.016007397281086133,1.2371390477196458,5.163504664562117,4.917107170806896,True,True,,,,,,,,,,,,,,,,,,,,,,,,,,,,,0
s9_k5op_b_s06_pos100_tap0_mc61_cpl0_rp4p94483197358_rn4p95053325516_f12370_f21100_a0_dac1p25,K5OP,B,6,0.5,100,0,61,ac,0.0,0.0,0,1.25,0,4.944831973580668,4.950533255157358,40.0,2370.0,1100.0,,0,,,,,,,,,,,-0.5069870261379394,-0.5,1.397405227587889,1.251750822402768,0.0017508224027680264,1.2514057918079946,5.237830535728488,4.913417043181639,True,True,,,,,,,,,,,,,,,,,,,,,,,,,,,,,0
s9_k5op_b_s06_pos100_tap0_mc62_cpl0_rp4p81530518808_rn4p84368973926_f12370_f21100_a0_dac1p25,K5OP,B,6,0.5,100,0,62,ac,0.0,0.0,0,1.25,0,4.815305188076907,4.843689739264638,40.0,2370.0,1100.0,,0,,,,,,,,,,,-0.4950402631553219,-0.5,-0.9919473689356195,1.1309511535243941,-0.11904884647560587,1.1541813344485106,4.742048390711897,4.930828809548643,True,True,,,,,,,,,,,,,,,,,,,,,,,,,,,,,0
s9_k5op_b_s06_pos100_tap0_mc63_cpl0_rp4p92941797896_rn4p92106168524_f12370_f21100_a0_dac1p25,K5OP,B,6,0.5,100,0,63,ac,0.0,0.0,0,1.25,0,4.929417978963851,4.921061685235077,40.0,2370.0,1100.0,,0,,,,,,,,,,,-0.507430917933549,-0.5,1.4861835867097994,1.245109840611065,-0.004890159388935,1.2460643173558443,5.1990180158900134,4.914272677073049,True,True,,,,,,,,,,,,,,,,,,,,,,,,,,,,,0
s9_k5op_b_s06_pos100_tap0_mc64_cpl0_rp4p81847647918_rn4p86125477416_f12370_f21100_a0_dac1p25,K5OP,B,6,0.5,100,0,64,ac,0.0,0.0,0,1.25,0,4.818476479179087,4.861254774161835,40.0,2370.0,1100.0,,0,,,,,,,,,,,-0.49801775327789066,-0.5,-0.3964493444218675,1.3664619270722482,0.11646192707224823,1.3448049845264065,5.625282058148814,4.693565160229658,True,True,,,,,,,,,,,,,,,,,,,,,,,,,,,,,0
s9_k5op_b_s06_pos100_tap0_mc65_cpl0_rp4p98548728336_rn4p8322453739_f12370_f21100_a0_dac1p25,K5OP,B,6,0.5,100,0,65,ac,0.0,0.0,0,1.25,0,4.985487283362776,4.832245373900748,40.0,2370.0,1100.0,,0,,,,,,,,,,,-0.5105608071789502,-0.5,2.11216143579005,1.1818201427242732,-0.06817985727572684,1.194959039579555,4.929867850818663,4.924590721672358,True,True,,,,,,,,,,,,,,,,,,,,,,,,,,,,,0
s9_k5op_b_s06_pos100_tap0_mc66_cpl0_rp4p86891949042_rn4p81968547826_f12370_f21100_a0_dac1p25,K5OP,B,6,0.5,100,0,66,ac,0.0,0.0,0,1.25,0,4.8689194904222814,4.81968547825727,40.0,2370.0,1100.0,,0,,,,,,,,,,,-0.4858931203516992,-0.5,-2.8213759296601637,1.11930598442901,-0.13069401557098992,1.1441937009059757,4.665146302432968,4.931310259636352,True,True,,,,,,,,,,,,,,,,,,,,,,,,,,,,,0
s9_k5op_b_s06_pos100_tap0_mc67_cpl0_rp4p87381940208_rn4p84921330081_f12370_f21100_a0_dac1p25,K5OP,B,6,0.5,100,0,67,ac,0.0,0.0,0,1.25,0,4.873819402079665,4.8492133008067695,40.0,2370.0,1100.0,,0,,,,,,,,,,,-0.5026956709828001,-0.5,0.5391341965600205,1.193903828504018,-0.056096171495982006,1.2046899091559602,4.9754265678506915,4.922769522589681,True,True,,,,,,,,,,,,,,,,,,,,,,,,,,,,,0
s9_k5op_b_s06_pos100_tap0_mc68_cpl0_rp4p93398577308_rn4p85144702565_f12370_f21100_a0_dac1p25,K5OP,B,6,0.5,100,0,68,ac,0.0,0.0,0,1.25,0,4.933985773077202,4.851447025649973,40.0,2370.0,1100.0,,0,,,,,,,,,,,-0.5109926898746231,-0.5,2.198537974924619,1.3182056052474476,0.06820560524744756,1.3041774140558016,5.560331007952737,4.894657491335108,True,True,,,,,,,,,,,,,,,,,,,,,,,,,,,,,0
s9_k5op_b_s06_pos100_tap0_mc69_cpl0_rp4p91143479711_rn4p82654788787_f12370_f21100_a0_dac1p25,K5OP,B,6,0.5,100,0,69,ac,0.0,0.0,0,1.25,0,4.911434797113318,4.8265478878736365,40.0,2370.0,1100.0,,0,,,,,,,,,,,-0.49725504432243106,-0.5,-0.5489911355137878,1.1515290741198156,-0.09847092588018436,1.1720143603868236,4.909373290308036,4.930755089845728,True,True,,,,,,,,,,,,,,,,,,,,,,,,,,,,,0
s9_k5op_b_s06_pos100_tap0_mc6_cpl0_rp4p99017081879_rn4p92930515062_f12370_f21100_a0_dac1p25,K5OP,B,6,0.5,100,0,6,ac,0.0,0.0,0,1.25,0,4.990170818793452,4.929305150616864,40.0,2370.0,1100.0,,0,,,,,,,,,,,-0.4955816697728821,-0.5,-0.8836660454235812,1.4331647811394408,0.1831647811394408,1.3955823779291625,6.016898135681187,4.551579886565647,True,True,,,,,,,,,,,,,,,,,,,,,,,,,,,,,0
s9_k5op_b_s06_pos100_tap0_mc70_cpl0_rp4p88881714958_rn4p81017969097_f12370_f21100_a0_dac1p25,K5OP,B,6,0.5,100,0,70,ac,0.0,0.0,0,1.25,0,4.8888171495826835,4.810179690974999,40.0,2370.0,1100.0,,0,,,,,,,,,,,-0.49704862664539107,-0.5,-0.5902746709217865,1.1821411749343544,-0.06785882506564556,1.195582501993318,4.9659805258143095,4.9255891737118365,True,True,,,,,,,,,,,,,,,,,,,,,,,,,,,,,0
s9_k5op_b_s06_pos100_tap0_mc71_cpl0_rp4p80947156083_rn4p89461668416_f12370_f21100_a0_dac1p25,K5OP,B,6,0.5,100,0,71,ac,0.0,0.0,0,1.25,0,4.809471560826176,4.894616684158554,40.0,2370.0,1100.0,,0,,,,,,,,,,,-0.4975859701596752,-0.5,-0.4828059680649588,1.1800259194531364,-0.0699740805468636,1.1934335647880057,4.915607640460488,4.9246554355282575,True,True,,,,,,,,,,,,,,,,,,,,,,,,,,,,,0
s9_k5op_b_s06_pos100_tap0_mc72_cpl0_rp4p8591984229_rn4p98977652785_f12370_f21100_a0_dac1p25,K5OP,B,6,0.5,100,0,72,ac,0.0,0.0,0,1.25,0,4.859198422902416,4.9897765278485515,40.0,2370.0,1100.0,,0,,,,,,,,,,,-0.5107642233459497,-0.5,2.152844669189946,1.3555194416514256,0.10551944165142557,1.3345732238371224,5.662290150958153,4.81551904724066,True,True,,,,,,,,,,,,,,,,,,,,,,,,,,,,,0
s9_k5op_b_s06_pos100_tap0_mc73_cpl0_rp4p97210393659_rn4p882087731_f12370_f21100_a0_dac1p25,K5OP,B,6,0.5,100,0,73,ac,0.0,0.0,0,1.25,0,4.972103936593898,4.882087730999263,40.0,2370.0,1100.0,,0,,,,,,,,,,,-0.48857109964799417,-0.5,-2.2857800704011666,1.1230254394560653,-0.12697456054393474,1.1466064900673612,4.649999527539254,4.9302534623069185,True,True,,,,,,,,,,,,,,,,,,,,,,,,,,,,,0
s9_k5op_b_s06_pos100_tap0_mc74_cpl0_rp4p81224899117_rn4p97047798808_f12370_f21100_a0_dac1p25,K5OP,B,6,0.5,100,0,74,ac,0.0,0.0,0,1.25,0,4.812248991171771,4.970477988080208,40.0,2370.0,1100.0,,0,,,,,,,,,,,-0.49607109934564075,-0.5,-0.7857801308718493,1.320489996260861,0.07048999626086094,1.3064352480074348,5.5279364757741245,4.886193376565412,True,True,,,,,,,,,,,,,,,,,,,,,,,,,,,,,0
s9_k5op_b_s06_pos100_tap0_mc75_cpl0_rp4p87408261124_rn4p83842753066_f12370_f21100_a0_dac1p25,K5OP,B,6,0.5,100,0,75,ac,0.0,0.0,0,1.25,0,4.874082611238789,4.838427530657912,40.0,2370.0,1100.0,,0,,,,,,,,,,,-0.5034681143259556,-0.5,0.6936228651911236,1.3365717039811307,0.08657170398113068,1.3208069080275222,5.481395336401546,4.7880486060733976,True,True,,,,,,,,,,,,,,,,,,,,,,,,,,,,,0
s9_k5op_b_s06_pos100_tap0_mc76_cpl0_rp4p88235051161_rn4p88834123809_f12370_f21100_a0_dac1p25,K5OP,B,6,0.5,100,0,76,ac,0.0,0.0,0,1.25,0,4.8823505116112305,4.88834123809309,40.0,2370.0,1100.0,,0,,,,,,,,,,,-0.4875137777573979,-0.5,-2.4972444485204193,1.1676542919369055,-0.08234570806309449,1.1831894870707682,4.847227235557208,4.9256220229437755,True,True,,,,,,,,,,,,,,,,,,,,,,,,,,,,,0
s9_k5op_b_s06_pos100_tap0_mc77_cpl0_rp4p94042145621_rn4p95409641466_f12370_f21100_a0_dac1p25,K5OP,B,6,0.5,100,0,77,ac,0.0,0.0,0,1.25,0,4.940421456214767,4.95409641465923,40.0,2370.0,1100.0,,0,,,,,,,,,,,-0.5117156889939745,-0.5,2.343137798794892,1.109273987246223,-0.14072601275377705,1.138202015287668,4.723857200421804,4.934085287634001,True,True,,,,,,,,,,,,,,,,,,,,,,,,,,,,,0
s9_k5op_b_s06_pos100_tap0_mc78_cpl0_rp4p86823976616_rn4p87579310451_f12370_f21100_a0_dac1p25,K5OP,B,6,0.5,100,0,78,ac,0.0,0.0,0,1.25,0,4.8682397661630965,4.875793104508594,40.0,2370.0,1100.0,,0,,,,,,,,,,,-0.49634702313468004,-0.5,-0.7305953730639914,1.300094290461251,0.05009429046125091,1.2903162094871945,5.419023026954658,4.895362665442989,True,True,,,,,,,,,,,,,,,,,,,,,,,,,,,,,0
s9_k5op_b_s06_pos100_tap0_mc79_cpl0_rp4p89509926023_rn4p88681577062_f12370_f21100_a0_dac1p25,K5OP,B,6,0.5,100,0,79,ac,0.0,0.0,0,1.25,0,4.895099260228807,4.886815770623871,40.0,2370.0,1100.0,,0,,,,,,,,,,,-0.5056328332262217,-0.5,1.1265666452443313,1.3056177272941045,0.055617727294104524,1.2954231746002862,5.365098140558995,4.875284405283651,True,True,,,,,,,,,,,,,,,,,,,,,,,,,,,,,0
s9_k5op_b_s06_pos100_tap0_mc7_cpl0_rp4p9191824958_rn4p94462443839_f12370_f21100_a0_dac1p25,K5OP,B,6,0.5,100,0,7,ac,0.0,0.0,0,1.25,0,4.919182495796655,4.9446244383908775,40.0,2370.0,1100.0,,0,,,,,,,,,,,-0.5026215853006555,-0.5,0.5243170601310965,1.4177571957957382,0.16775719579573822,1.3862435447828036,5.84250478569896,4.500447219333042,True,True,,,,,,,,,,,,,,,,,,,,,,,,,,,,,0
s9_k5op_b_s06_pos100_tap0_mc80_cpl0_rp4p90407268595_rn4p99116117843_f12370_f21100_a0_dac1p25,K5OP,B,6,0.5,100,0,80,ac,0.0,0.0,0,1.25,0,4.9040726859476464,4.991161178425712,40.0,2370.0,1100.0,,0,,,,,,,,,,,-0.5007644125750721,-0.5,0.15288251501441863,1.1527055160500388,-0.09729448394996121,1.171756041185071,4.833421211521394,4.92872830094011,True,True,,,,,,,,,,,,,,,,,,,,,,,,,,,,,0
s9_k5op_b_s06_pos100_tap0_mc81_cpl0_rp4p9204357772_rn4p91598929712_f12370_f21100_a0_dac1p25,K5OP,B,6,0.5,100,0,81,ac,0.0,0.0,0,1.25,0,4.920435777199089,4.915989297122961,40.0,2370.0,1100.0,,0,,,,,,,,,,,-0.5086569353368819,-0.5,1.7313870673763887,1.2711097247674317,0.02110972476743167,1.2667511108087353,5.377272612340056,4.912383873065053,True,True,,,,,,,,,,,,,,,,,,,,,,,,,,,,,0
s9_k5op_b_s06_pos100_tap0_mc82_cpl0_rp4p83199788371_rn4p83944375677_f12370_f21100_a0_dac1p25,K5OP,B,6,0.5,100,0,82,ac,0.0,0.0,0,1.25,0,4.831997883708647,4.839443756766406,40.0,2370.0,1100.0,,0,,,,,,,,,,,-0.49645962024744694,-0.5,-0.7080759505106116,1.247567332040277,-0.0024326679597230783,1.248028559259449,5.172877773185164,4.911532631879521,True,True,,,,,,,,,,,,,,,,,,,,,,,,,,,,,0
s9_k5op_b_s06_pos100_tap0_mc83_cpl0_rp4p98994570318_rn4p92885374731_f12370_f21100_a0_dac1p25,K5OP,B,6,0.5,100,0,83,ac,0.0,0.0,0,1.25,0,4.9899457031827525,4.928853747310462,40.0,2370.0,1100.0,,0,,,,,,,,,,,-0.49523750210298534,-0.5,-0.9524995794029323,1.1837380867920038,-0.06626191320799624,1.1964415426149673,4.931144490509434,4.924162118699722,True,True,,,,,,,,,,,,,,,,,,,,,,,,,,,,,0
s9_k5op_b_s06_pos100_tap0_mc84_cpl0_rp4p94962874674_rn4p95231937264_f12370_f21100_a0_dac1p25,K5OP,B,6,0.5,100,0,84,ac,0.0,0.0,0,1.25,0,4.949628746742632,4.9523193726378425,40.0,2370.0,1100.0,,0,,,,,,,,,,,-0.5120510394675204,-0.5,2.4102078935040794,1.2222600319699612,-0.027739968030038753,1.2275471329692529,5.078037397874766,4.917549007483277,True,True,,,,,,,,,,,,,,,,,,,,,,,,,,,,,0
s9_k5op_b_s06_pos100_tap0_mc85_cpl0_rp4p99052628228_rn4p95771412663_f12370_f21100_a0_dac1p25,K5OP,B,6,0.5,100,0,85,ac,0.0,0.0,0,1.25,0,4.990526282278525,4.9577141266308535,40.0,2370.0,1100.0,,0,,,,,,,,,,,-0.5069227322715975,-0.5,1.3845464543194907,1.262368575989733,0.012368575989732955,1.259972208811623,5.258753425383137,4.909264718372978,True,True,,,,,,,,,,,,,,,,,,,,,,,,,,,,,0
s9_k5op_b_s06_pos100_tap0_mc86_cpl0_rp4p81534552746_rn4p95489274822_f12370_f21100_a0_dac1p25,K5OP,B,6,0.5,100,0,86,ac,0.0,0.0,0,1.25,0,4.815345527458427,4.954892748219966,40.0,2370.0,1100.0,,0,,,,,,,,,,,-0.4989983657717856,-0.5,-0.20032684564288417,1.3064054124364737,0.05640541243647368,1.2950766605245838,5.481173624451353,4.896835076148962,True,True,,,,,,,,,,,,,,,,,,,,,,,,,,,,,0
s9_k5op_b_s06_pos100_tap0_mc87_cpl0_rp4p80472956662_rn4p84793417503_f12370_f21100_a0_dac1p25,K5OP,B,6,0.5,100,0,87,ac,0.0,0.0,0,1.25,0,4.804729566620188,4.8479341750315745,40.0,2370.0,1100.0,,0,,,,,,,,,,,-0.506451015784859,-0.5,1.290203156971792,1.316540040952378,0.06654004095237798,1.3034202386754616,5.497663783585914,4.886444856884846,True,True,,,,,,,,,,,,,,,,,,,,,,,,,,,,,0
s9_k5op_b_s06_pos100_tap0_mc88_cpl0_rp4p89721161764_rn4p89687305656_f12370_f21100_a0_dac1p25,K5OP,B,6,0.5,100,0,88,ac,0.0,0.0,0,1.25,0,4.897211617639955,4.896873056557508,40.0,2370.0,1100.0,,0,,,,,,,,,,,-0.4914654428138876,-0.5,-1.7069114372224803,1.3991651095189728,0.14916510951897277,1.3701495401225703,5.810941402782072,4.617620038877433,True,True,,,,,,,,,,,,,,,,,,,,,,,,,,,,,0
s9_k5op_b_s06_pos100_tap0_mc89_cpl0_rp4p96618907878_rn4p86040501269_f12370_f21100_a0_dac1p25,K5OP,B,6,0.5,100,0,89,ac,0.0,0.0,0,1.25,0,4.966189078779873,4.860405012692762,40.0,2370.0,1100.0,,0,,,,,,,,,,,-0.49894922269950737,-0.5,-0.2101554600985267,1.4636331942329375,0.21363319423293747,1.422384952380202,6.059508056906804,4.350442503043277,False,True,,,,,,,,,,,,,,,,,,,,,,,,,,,,,0
s9_k5op_b_s06_pos100_tap0_mc8_cpl0_rp4p96507607737_rn4p86843366932_f12370_f21100_a0_dac1p25,K5OP,B,6,0.5,100,0,8,ac,0.0,0.0,0,1.25,0,4.965076077369363,4.868433669320858,40.0,2370.0,1100.0,,0,,,,,,,,,,,-0.5052659096467682,-0.5,1.0531819293536415,1.149311156890847,-0.10068884310915305,1.1692757256451392,4.835980366448862,4.929457432129753,True,True,,,,,,,,,,,,,,,,,,,,,,,,,,,,,0
s9_k5op_b_s06_pos100_tap0_mc90_cpl0_rp4p90843644284_rn4p80246070609_f12370_f21100_a0_dac1p25,K5OP,B,6,0.5,100,0,90,ac,0.0,0.0,0,1.25,0,4.908436442841985,4.802460706089642,40.0,2370.0,1100.0,,0,,,,,,,,,,,-0.49350679951503107,-0.5,-1.2986400969937861,1.214964993090576,-0.03503500690942407,1.2218410638318333,5.085449040812307,4.920501520584439,True,True,,,,,,,,,,,,,,,,,,,,,,,,,,,,,0
s9_k5op_b_s06_pos100_tap0_mc91_cpl0_rp4p83038297979_rn4p98626428712_f12370_f21100_a0_dac1p25,K5OP,B,6,0.5,100,0,91,ac,0.0,0.0,0,1.25,0,4.830382979787494,4.986264287124217,40.0,2370.0,1100.0,,0,,,,,,,,,,,-0.5010593691877174,-0.5,0.21187383754348588,1.205181376625544,-0.04481862337445608,1.2135514765694262,4.985220538276868,4.9195849356796915,True,True,,,,,,,,,,,,,,,,,,,,,,,,,,,,,0
s9_k5op_b_s06_pos100_tap0_mc92_cpl0_rp4p81562875086_rn4p85682619388_f12370_f21100_a0_dac1p25,K5OP,B,6,0.5,100,0,92,ac,0.0,0.0,0,1.25,0,4.815628750856108,4.856826193884682,40.0,2370.0,1100.0,,0,,,,,,,,,,,-0.4959195562851626,-0.5,-0.8160887429674801,1.1423342471094948,-0.10766575289050517,1.1639897338942273,4.826804295701216,4.930613167289841,True,True,,,,,,,,,,,,,,,,,,,,,,,,,,,,,0
s9_k5op_b_s06_pos100_tap0_mc93_cpl0_rp4p86363635694_rn4p88328915379_f12370_f21100_a0_dac1p25,K5OP,B,6,0.5,100,0,93,ac,0.0,0.0,0,1.25,0,4.863636356935841,4.883289153789947,40.0,2370.0,1100.0,,0,,,,,,,,,,,-0.5046433995009592,-0.5,0.9286799001918311,1.2933422013139177,0.04334220131391775,1.284402339494115,5.46478933639583,4.9058773302126975,True,True,,,,,,,,,,,,,,,,,,,,,,,,,,,,,0
s9_k5op_b_s06_pos100_tap0_mc94_cpl0_rp4p92071985605_rn4p82299512814_f12370_f21100_a0_dac1p25,K5OP,B,6,0.5,100,0,94,ac,0.0,0.0,0,1.25,0,4.9207198560453085,4.822995128137165,40.0,2370.0,1100.0,,0,,,,,,,,,,,-0.49557223978857756,-0.5,-0.8855520422844876,1.2853278678201232,0.035327867820123204,1.2784811541887493,5.350968490837976,4.901397859686475,True,True,,,,,,,,,,,,,,,,,,,,,,,,,,,,,0
s9_k5op_b_s06_pos100_tap0_mc95_cpl0_rp4p91235641176_rn4p95100309897_f12370_f21100_a0_dac1p25,K5OP,B,6,0.5,100,0,95,ac,0.0,0.0,0,1.25,0,4.912356411756327,4.951003098965599,40.0,2370.0,1100.0,,0,,,,,,,,,,,-0.49192644797053653,-0.5,-1.6147104058926942,1.274113697284961,0.024113697284960933,1.2694581614775047,5.30134162872811,4.905219199693333,True,True,,,,,,,,,,,,,,,,,,,,,,,,,,,,,0
s9_k5op_b_s06_pos100_tap0_mc96_cpl0_rp4p98887721291_rn4p89671470465_f12370_f21100_a0_dac1p25,K5OP,B,6,0.5,100,0,96,ac,0.0,0.0,0,1.25,0,4.988877212910134,4.8967147046477155,40.0,2370.0,1100.0,,0,,,,,,,,,,,-0.5034461875096596,-0.5,0.6892375019319275,1.3542685594387769,0.10426855943877689,1.334385202784888,5.606703878857841,4.772154840559767,True,True,,,,,,,,,,,,,,,,,,,,,,,,,,,,,0
s9_k5op_b_s06_pos100_tap0_mc97_cpl0_rp4p95689485016_rn4p90423819188_f12370_f21100_a0_dac1p25,K5OP,B,6,0.5,100,0,97,ac,0.0,0.0,0,1.25,0,4.956894850161169,4.904238191883401,40.0,2370.0,1100.0,,0,,,,,,,,,,,-0.4987652798170483,-0.5,-0.24694403659033526,1.1148283110426018,-0.13517168895739817,1.1412583809821468,4.6801394443737205,4.9324322300342835,True,True,,,,,,,,,,,,,,,,,,,,,,,,,,,,,0
s9_k5op_b_s06_pos100_tap0_mc98_cpl0_rp4p87507940839_rn4p96037974902_f12370_f21100_a0_dac1p25,K5OP,B,6,0.5,100,0,98,ac,0.0,0.0,0,1.25,0,4.87507940839033,4.9603797490179335,40.0,2370.0,1100.0,,0,,,,,,,,,,,-0.49737299748451314,-0.5,-0.525400503097373,1.390664051386156,0.1406640513861559,1.3641009990259274,5.740428712932989,4.615115932249722,True,True,,,,,,,,,,,,,,,,,,,,,,,,,,,,,0
s9_k5op_b_s06_pos100_tap0_mc99_cpl0_rp4p93584667049_rn4p99418230324_f12370_f21100_a0_dac1p25,K5OP,B,6,0.5,100,0,99,ac,0.0,0.0,0,1.25,0,4.935846670489885,4.994182303244085,40.0,2370.0,1100.0,,0,,,,,,,,,,,-0.4947353119994391,-0.5,-1.0529376001121804,1.1268309699080383,-0.12316903009196167,1.1505960768857115,4.711443698841675,4.9308981607374465,True,True,,,,,,,,,,,,,,,,,,,,,,,,,,,,,0
s9_k5op_b_s06_pos100_tap0_mc9_cpl0_rp4p98797808192_rn4p9062057733_f12370_f21100_a0_dac1p25,K5OP,B,6,0.5,100,0,9,ac,0.0,0.0,0,1.25,0,4.987978081923813,4.906205773299968,40.0,2370.0,1100.0,,0,,,,,,,,,,,-0.5035412392511818,-0.5,0.7082478502363543,1.3642807593970663,0.11428075939706628,1.3413628678226814,5.71067079617236,4.795359564720354,True,True,,,,,,,,,,,,,,,,,,,,,,,,,,,,,0
s9_k5op_b_s09_pos100_tap3_mc0_cpl0_rp4p9844424025_rn4p84719952244_f12370_f21100_a0_dac1p25,K5OP,B,9,5.0,100,3,0,ac,0.0,0.0,0,1.25,0,4.984442402501529,4.847199522437094,40.0,2370.0,1100.0,,0,,,,,,,,,,,-0.04854242142794396,-0.05,-2.9151571441120794,1.1894382663443024,-0.060561733655697614,1.2002896623659183,4.874581746490184,4.920344191050226,True,True,,,,,,,,,,,,,,,,,,,,,,,,,,,,,0
s9_k5op_b_s09_pos100_tap3_mc100_cpl0_rp4p85918728673_rn4p85296983013_f12370_f21100_a0_dac1p25,K5OP,B,9,5.0,100,3,100,ac,0.0,0.0,0,1.25,0,4.859187286732117,4.852969830130256,40.0,2370.0,1100.0,,0,,,,,,,,,,,-0.049930623330569635,-0.05,-0.13875333886073093,1.1462936487720665,-0.10370635122793348,1.1660311298437367,4.7724145132468525,4.928512393747114,True,True,,,,,,,,,,,,,,,,,,,,,,,,,,,,,0
s9_k5op_b_s09_pos100_tap3_mc101_cpl0_rp4p92114416875_rn4p93251453173_f12370_f21100_a0_dac1p25,K5OP,B,9,5.0,100,3,101,ac,0.0,0.0,0,1.25,0,4.921144168752844,4.9325145317305,40.0,2370.0,1100.0,,0,,,,,,,,,,,-0.049403721425591574,-0.05,-1.192557148816853,1.3145188868200743,0.06451888682007434,1.3025317447418796,5.416467410634549,4.868380516264891,True,True,,,,,,,,,,,,,,,,,,,,,,,,,,,,,0
s9_k5op_b_s09_pos100_tap3_mc102_cpl0_rp4p8407269707_rn4p90041833888_f12370_f21100_a0_dac1p25,K5OP,B,9,5.0,100,3,102,ac,0.0,0.0,0,1.25,0,4.840726970704301,4.900418338883661,40.0,2370.0,1100.0,,0,,,,,,,,,,,-0.04973751172535401,-0.05,-0.5249765492919778,1.2998750424938628,0.049875042493862765,1.2903430343350524,5.391850768458834,4.8914570493472205,True,True,,,,,,,,,,,,,,,,,,,,,,,,,,,,,0
s9_k5op_b_s09_pos100_tap3_mc103_cpl0_rp4p92039929382_rn4p93280884376_f12370_f21100_a0_dac1p25,K5OP,B,9,5.0,100,3,103,ac,0.0,0.0,0,1.25,0,4.920399293820216,4.932808843759211,40.0,2370.0,1100.0,,0,,,,,,,,,,,-0.050414864234633594,-0.05,0.829728469267188,1.2977886043343492,0.04778860433434917,1.2886803869255172,5.3801443462854674,4.892281973948118,True,True,,,,,,,,,,,,,,,,,,,,,,,,,,,,,0
s9_k5op_b_s09_pos100_tap3_mc104_cpl0_rp4p96672224013_rn4p89966174409_f12370_f21100_a0_dac1p25,K5OP,B,9,5.0,100,3,104,ac,0.0,0.0,0,1.25,0,4.966722240131348,4.899661744085006,40.0,2370.0,1100.0,,0,,,,,,,,,,,-0.04905786491494313,-0.05,-1.8842701701137443,1.1744496796727981,-0.07555032032720188,1.1882094250553623,4.833069682888393,4.923418234322048,True,True,,,,,,,,,,,,,,,,,,,,,,,,,,,,,0
s9_k5op_b_s09_pos100_tap3_mc105_cpl0_rp4p84375365941_rn4p9045927206_f12370_f21100_a0_dac1p25,K5OP,B,9,5.0,100,3,105,ac,0.0,0.0,0,1.25,0,4.8437536594097,4.904592720598521,40.0,2370.0,1100.0,,0,,,,,,,,,,,-0.04968612183156029,-0.05,-0.6277563368794148,1.3354005989203248,0.08540059892032481,1.318412735017312,5.584522670316389,4.868677570721112,True,True,,,,,,,,,,,,,,,,,,,,,,,,,,,,,0
s9_k5op_b_s09_pos100_tap3_mc106_cpl0_rp4p92012976805_rn4p93835919917_f12370_f21100_a0_dac1p25,K5OP,B,9,5.0,100,3,106,ac,0.0,0.0,0,1.25,0,4.92012976804918,4.938359199166201,40.0,2370.0,1100.0,,0,,,,,,,,,,,-0.04968509569115431,-0.05,-0.6298086176913742,1.0900340455177944,-0.15996595448220563,1.1212051921913233,4.576627593922973,4.934344599845289,True,True,,,,,,,,,,,,,,,,,,,,,,,,,,,,,0
s9_k5op_b_s09_pos100_tap3_mc107_cpl0_rp4p90582543511_rn4p83419667144_f12370_f21100_a0_dac1p25,K5OP,B,9,5.0,100,3,107,ac,0.0,0.0,0,1.25,0,4.905825435114754,4.834196671439539,40.0,2370.0,1100.0,,0,,,,,,,,,,,-0.049285209453113765,-0.05,-1.4295810937724696,1.2545145187419708,0.004514518741970841,1.2536521369277545,5.209807204683621,4.910319141471863,True,True,,,,,,,,,,,,,,,,,,,,,,,,,,,,,0
s9_k5op_b_s09_pos100_tap3_mc108_cpl0_rp4p91359279791_rn4p87505767384_f12370_f21100_a0_dac1p25,K5OP,B,9,5.0,100,3,108,ac,0.0,0.0,0,1.25,0,4.913592797910243,4.875057673836121,40.0,2370.0,1100.0,,0,,,,,,,,,,,-0.05027291623197261,-0.05,0.5458324639452172,1.2906026381854936,0.04060263818549359,1.2827084906532717,5.376074557810721,4.8994003767506635,True,True,,,,,,,,,,,,,,,,,,,,,,,,,,,,,0
s9_k5op_b_s09_pos100_tap3_mc109_cpl0_rp4p82924750101_rn4p86687646339_f12370_f21100_a0_dac1p25,K5OP,B,9,5.0,100,3,109,ac,0.0,0.0,0,1.25,0,4.8292475010116025,4.866876463390133,40.0,2370.0,1100.0,,0,,,,,,,,,,,-0.05021448518836458,-0.05,0.42897037672915417,1.3723444715069697,0.1223444715069697,1.3478254887753789,5.742065981552264,4.763031594125592,True,True,,,,,,,,,,,,,,,,,,,,,,,,,,,,,0
s9_k5op_b_s09_pos100_tap3_mc10_cpl0_rp4p80977508378_rn4p87988575949_f12370_f21100_a0_dac1p25,K5OP,B,9,5.0,100,3,10,ac,0.0,0.0,0,1.25,0,4.809775083776429,4.879885759487983,40.0,2370.0,1100.0,,0,,,,,,,,,,,-0.050200859066058534,-0.05,0.4017181321170682,1.3136869203309758,0.06368692033097578,1.301911430772184,5.407467639361773,4.867447688671009,True,True,,,,,,,,,,,,,,,,,,,,,,,,,,,,,0
s9_k5op_b_s09_pos100_tap3_mc110_cpl0_rp4p99198766562_rn4p92434456387_f12370_f21100_a0_dac1p25,K5OP,B,9,5.0,100,3,110,ac,0.0,0.0,0,1.25,0,4.9919876656183435,4.924344563871135,40.0,2370.0,1100.0,,0,,,,,,,,,,,-0.04991609947709419,-0.05,-0.16780104581162192,1.2887103716568116,0.03871037165681157,1.2809111316795168,5.414550598679806,4.904786649112942,True,True,,,,,,,,,,,,,,,,,,,,,,,,,,,,,0
s9_k5op_b_s09_pos100_tap3_mc111_cpl0_rp4p82611353312_rn4p86150940778_f12370_f21100_a0_dac1p25,K5OP,B,9,5.0,100,3,111,ac,0.0,0.0,0,1.25,0,4.826113533124238,4.861509407777478,40.0,2370.0,1100.0,,0,,,,,,,,,,,-0.05102613582122828,-0.05,2.05227164245656,1.3075165372492061,0.057516537249206134,1.2959418444231088,5.488223706234317,4.89652017002218,True,True,,,,,,,,,,,,,,,,,,,,,,,,,,,,,0
s9_k5op_b_s09_pos100_tap3_mc112_cpl0_rp4p88511874725_rn4p980220806_f12370_f21100_a0_dac1p25,K5OP,B,9,5.0,100,3,112,ac,0.0,0.0,0,1.25,0,4.885118747254004,4.980220805996054,40.0,2370.0,1100.0,,0,,,,,,,,,,,-0.049562458751903904,-0.05,-0.8750824961921921,1.3833418035111593,0.13334180351115932,1.3569247812937857,5.77102651032796,4.704260607508921,True,True,,,,,,,,,,,,,,,,,,,,,,,,,,,,,0
s9_k5op_b_s09_pos100_tap3_mc113_cpl0_rp4p90002746548_rn4p85282848452_f12370_f21100_a0_dac1p25,K5OP,B,9,5.0,100,3,113,ac,0.0,0.0,0,1.25,0,4.900027465477874,4.852828484519198,40.0,2370.0,1100.0,,0,,,,,,,,,,,-0.05022839646023014,-0.05,0.4567929204602805,1.2624320087744259,0.012432008774425851,1.2600231894746445,5.259091480203198,4.909343507356123,True,True,,,,,,,,,,,,,,,,,,,,,,,,,,,,,0
s9_k5op_b_s09_pos100_tap3_mc114_cpl0_rp4p93365385003_rn4p86413831942_f12370_f21100_a0_dac1p25,K5OP,B,9,5.0,100,3,114,ac,0.0,0.0,0,1.25,0,4.93365385002722,4.864138319422693,40.0,2370.0,1100.0,,0,,,,,,,,,,,-0.04963680123960312,-0.05,-0.7263975207937534,1.1149137715660673,-0.1350862284339327,1.1415961246556636,4.693436236802121,4.932711064481658,True,True,,,,,,,,,,,,,,,,,,,,,,,,,,,,,0
s9_k5op_b_s09_pos100_tap3_mc115_cpl0_rp4p81012700746_rn4p84166406041_f12370_f21100_a0_dac1p25,K5OP,B,9,5.0,100,3,115,ac,0.0,0.0,0,1.25,0,4.810127007461495,4.841664060408574,40.0,2370.0,1100.0,,0,,,,,,,,,,,-0.04892796546725586,-0.05,-2.1440690654882744,1.1990145767134028,-0.050985423286597165,1.2084262512470316,4.9468754505301185,4.920142798929396,True,True,,,,,,,,,,,,,,,,,,,,,,,,,,,,,0
s9_k5op_b_s09_pos100_tap3_mc116_cpl0_rp4p92258035934_rn4p98840519069_f12370_f21100_a0_dac1p25,K5OP,B,9,5.0,100,3,116,ac,0.0,0.0,0,1.25,0,4.922580359338926,4.988405190694473,40.0,2370.0,1100.0,,0,,,,,,,,,,,-0.049434364790565954,-0.05,-1.131270418868091,1.1275471455313748,-0.1224528544686252,1.1514816807557169,4.730557674018829,4.931276033712431,True,True,,,,,,,,,,,,,,,,,,,,,,,,,,,,,0
s9_k5op_b_s09_pos100_tap3_mc117_cpl0_rp4p96130097874_rn4p9181603723_f12370_f21100_a0_dac1p25,K5OP,B,9,5.0,100,3,117,ac,0.0,0.0,0,1.25,0,4.961300978744207,4.918160372304763,40.0,2370.0,1100.0,,0,,,,,,,,,,,-0.05049771518733204,-0.05,0.9954303746640747,1.3242412262956809,0.07424122629568086,1.3093324402775044,5.552321822640822,4.884967041298991,True,True,,,,,,,,,,,,,,,,,,,,,,,,,,,,,0
s9_k5op_b_s09_pos100_tap3_mc118_cpl0_rp4p86723481232_rn4p91570768746_f12370_f21100_a0_dac1p25,K5OP,B,9,5.0,100,3,118,ac,0.0,0.0,0,1.25,0,4.867234812322484,4.9157076874611025,40.0,2370.0,1100.0,,0,,,,,,,,,,,-0.049531700851950244,-0.05,-0.9365982960995112,1.2619163667736268,0.01191636677362684,1.2596386222773857,5.240185622870142,4.908301869238602,True,True,,,,,,,,,,,,,,,,,,,,,,,,,,,,,0
s9_k5op_b_s09_pos100_tap3_mc119_cpl0_rp4p90847958678_rn4p94708902258_f12370_f21100_a0_dac1p25,K5OP,B,9,5.0,100,3,119,ac,0.0,0.0,0,1.25,0,4.9084795867817945,4.947089022579152,40.0,2370.0,1100.0,,0,,,,,,,,,,,-0.04973653949588375,-0.05,-0.526921008232506,1.2153301221378057,-0.03466987786219433,1.2222589125906969,5.110339204824017,4.921323531924504,True,True,,,,,,,,,,,,,,,,,,,,,,,,,,,,,0
s9_k5op_b_s09_pos100_tap3_mc11_cpl0_rp4p81403429595_rn4p86073426048_f12370_f21100_a0_dac1p25,K5OP,B,9,5.0,100,3,11,ac,0.0,0.0,0,1.25,0,4.814034295954164,4.860734260482612,40.0,2370.0,1100.0,,0,,,,,,,,,,,-0.04885439483614862,-0.05,-2.291210327702764,1.1702227162512582,-0.07977728374874182,1.186510879155939,4.958402780278021,4.928237163883421,True,True,,,,,,,,,,,,,,,,,,,,,,,,,,,,,0
s9_k5op_b_s09_pos100_tap3_mc120_cpl0_rp4p93906018383_rn4p85236494221_f12370_f21100_a0_dac1p25,K5OP,B,9,5.0,100,3,120,ac,0.0,0.0,0,1.25,0,4.939060183833369,4.852364942205818,40.0,2370.0,1100.0,,0,,,,,,,,,,,-0.04992196332336718,-0.05,-0.15607335326563998,1.400045102249304,0.1500451022493039,1.3690119111638306,5.895359885438491,4.694976149595884,True,True,,,,,,,,,,,,,,,,,,,,,,,,,,,,,0
s9_k5op_b_s09_pos100_tap3_mc121_cpl0_rp4p82168351776_rn4p88631659153_f12370_f21100_a0_dac1p25,K5OP,B,9,5.0,100,3,121,ac,0.0,0.0,0,1.25,0,4.821683517762753,4.886316591525253,40.0,2370.0,1100.0,,0,,,,,,,,,,,-0.049853823986993895,-0.05,-0.29235202601221033,1.1977985099968014,-0.052201490003198625,1.2074014789335246,4.937998495271158,4.920164870114662,True,True,,,,,,,,,,,,,,,,,,,,,,,,,,,,,0
s9_k5op_b_s09_pos100_tap3_mc122_cpl0_rp4p87332779102_rn4p98320984985_f12370_f21100_a0_dac1p25,K5OP,B,9,5.0,100,3,122,ac,0.0,0.0,0,1.25,0,4.87332779101636,4.983209849847075,40.0,2370.0,1100.0,,0,,,,,,,,,,,-0.049994745537800256,-0.05,-0.01050892439948825,1.2051495518946589,-0.04485044810534111,1.2143074360066612,5.098220798031818,4.923912085053617,True,True,,,,,,,,,,,,,,,,,,,,,,,,,,,,,0
s9_k5op_b_s09_pos100_tap3_mc123_cpl0_rp4p93802185779_rn4p87359583326_f12370_f21100_a0_dac1p25,K5OP,B,9,5.0,100,3,123,ac,0.0,0.0,0,1.25,0,4.938021857791068,4.873595833259847,40.0,2370.0,1100.0,,0,,,,,,,,,,,-0.05076375532763633,-0.05,1.527510655272657,1.3511261009116597,0.10112610091165974,1.331067279107565,5.643728274293052,4.829708545514821,True,True,,,,,,,,,,,,,,,,,,,,,,,,,,,,,0
s9_k5op_b_s09_pos100_tap3_mc124_cpl0_rp4p93182421472_rn4p96637895535_f12370_f21100_a0_dac1p25,K5OP,B,9,5.0,100,3,124,ac,0.0,0.0,0,1.25,0,4.931824214724982,4.966378955354066,40.0,2370.0,1100.0,,0,,,,,,,,,,,-0.049919493011112426,-0.05,-0.16101397777514848,1.4310912073587494,0.1810912073587494,1.3967330889717415,5.90781101895443,4.459081360084499,False,True,,,,,,,,,,,,,,,,,,,,,,,,,,,,,0
s9_k5op_b_s09_pos100_tap3_mc125_cpl0_rp4p85982138726_rn4p95505701389_f12370_f21100_a0_dac1p25,K5OP,B,9,5.0,100,3,125,ac,0.0,0.0,0,1.25,0,4.859821387255269,4.955057013894097,40.0,2370.0,1100.0,,0,,,,,,,,,,,-0.05016245085269988,-0.05,0.3249017053997605,1.2652752913904732,0.015275291390473233,1.2622212876039842,5.31064817884765,4.911228884744952,True,True,,,,,,,,,,,,,,,,,,,,,,,,,,,,,0
s9_k5op_b_s09_pos100_tap3_mc126_cpl0_rp4p86915861907_rn4p92980098716_f12370_f21100_a0_dac1p25,K5OP,B,9,5.0,100,3,126,ac,0.0,0.0,0,1.25,0,4.869158619071663,4.929800987164194,40.0,2370.0,1100.0,,0,,,,,,,,,,,-0.050081900422813685,-0.05,0.16380084562737096,1.3450490506929493,0.09504905069294933,1.326539094763709,5.595910004232103,4.8303562749701126,True,True,,,,,,,,,,,,,,,,,,,,,,,,,,,,,0
s9_k5op_b_s09_pos100_tap3_mc127_cpl0_rp4p94799692892_rn4p89786034915_f12370_f21100_a0_dac1p25,K5OP,B,9,5.0,100,3,127,ac,0.0,0.0,0,1.25,0,4.947996928921808,4.897860349152504,40.0,2370.0,1100.0,,0,,,,,,,,,,,-0.0499648421871135,-0.05,-0.07031562577299866,1.3587423290769494,0.10874232907694936,1.3376994932760244,5.642727822798749,4.7723851646311815,True,True,,,,,,,,,,,,,,,,,,,,,,,,,,,,,0
s9_k5op_b_s09_pos100_tap3_mc128_cpl0_rp4p896603987_rn4p82852263541_f12370_f21100_a0_dac1p25,K5OP,B,9,5.0,100,3,128,ac,0.0,0.0,0,1.25,0,4.896603987000213,4.828522635408777,40.0,2370.0,1100.0,,0,,,,,,,,,,,-0.05013984538759564,-0.05,0.27969077519127694,1.3421278386676032,0.09212783866760321,1.3241149419159457,5.589279426549931,4.842901554438947,True,True,,,,,,,,,,,,,,,,,,,,,,,,,,,,,0
s9_k5op_b_s09_pos100_tap3_mc129_cpl0_rp4p81174207234_rn4p89100641234_f12370_f21100_a0_dac1p25,K5OP,B,9,5.0,100,3,129,ac,0.0,0.0,0,1.25,0,4.81174207233888,4.891006412336964,40.0,2370.0,1100.0,,0,,,,,,,,,,,-0.050303860998501815,-0.05,0.6077219970036296,1.1676268891566486,-0.08237311084335142,1.1834269596053852,4.867311901018478,4.926280042125888,True,True,,,,,,,,,,,,,,,,,,,,,,,,,,,,,0
s9_k5op_b_s09_pos100_tap3_mc12_cpl0_rp4p91919084993_rn4p83952044191_f12370_f21100_a0_dac1p25,K5OP,B,9,5.0,100,3,12,ac,0.0,0.0,0,1.25,0,4.9191908499269505,4.839520441911695,40.0,2370.0,1100.0,,0,,,,,,,,,,,-0.04987445275498548,-0.05,-0.2510944900290468,1.3053103726058937,0.055310372605893665,1.294194504784236,5.477631760637248,4.897446786550097,True,True,,,,,,,,,,,,,,,,,,,,,,,,,,,,,0
s9_k5op_b_s09_pos100_tap3_mc130_cpl0_rp4p85501338975_rn4p96252654024_f12370_f21100_a0_dac1p25,K5OP,B,9,5.0,100,3,130,ac,0.0,0.0,0,1.25,0,4.85501338974774,4.962526540242999,40.0,2370.0,1100.0,,0,,,,,,,,,,,-0.051247681701005465,-0.05,2.4953634020109305,1.234315207334767,-0.01568479266523304,1.2374022350590015,5.166452634591751,4.917100290074957,True,True,,,,,,,,,,,,,,,,,,,,,,,,,,,,,0
s9_k5op_b_s09_pos100_tap3_mc131_cpl0_rp4p8967242161_rn4p94469868095_f12370_f21100_a0_dac1p25,K5OP,B,9,5.0,100,3,131,ac,0.0,0.0,0,1.25,0,4.8967242160962146,4.944698680946013,40.0,2370.0,1100.0,,0,,,,,,,,,,,-0.05009295681472681,-0.05,0.18591362945361567,1.324381296822228,0.07438129682222794,1.3091300408957505,5.580820140594481,4.890152784152373,True,True,,,,,,,,,,,,,,,,,,,,,,,,,,,,,0
s9_k5op_b_s09_pos100_tap3_mc132_cpl0_rp4p80935322722_rn4p97553544082_f12370_f21100_a0_dac1p25,K5OP,B,9,5.0,100,3,132,ac,0.0,0.0,0,1.25,0,4.8093532272229425,4.975535440822829,40.0,2370.0,1100.0,,0,,,,,,,,,,,-0.05047196443803248,-0.05,0.9439288760649589,1.2491756221070451,-0.000824377892954864,1.2493456436453676,5.287989301643618,4.917180012880442,True,True,,,,,,,,,,,,,,,,,,,,,,,,,,,,,0
s9_k5op_b_s09_pos100_tap3_mc133_cpl0_rp4p91180058942_rn4p9663359003_f12370_f21100_a0_dac1p25,K5OP,B,9,5.0,100,3,133,ac,0.0,0.0,0,1.25,0,4.911800589417648,4.966335900304529,40.0,2370.0,1100.0,,0,,,,,,,,,,,-0.04997863826325499,-0.05,-0.04272347349001393,1.3832690267532424,0.13326902675324237,1.3572830336253088,5.750396063852701,4.684228350204035,True,True,,,,,,,,,,,,,,,,,,,,,,,,,,,,,0
s9_k5op_b_s09_pos100_tap3_mc134_cpl0_rp4p84727441152_rn4p93179886146_f12370_f21100_a0_dac1p25,K5OP,B,9,5.0,100,3,134,ac,0.0,0.0,0,1.25,0,4.847274411519917,4.931798861456543,40.0,2370.0,1100.0,,0,,,,,,,,,,,-0.0499449336960911,-0.05,-0.11013260781780332,1.2530802176781335,0.00308021767813349,1.2524874925137686,5.213106069685354,4.911326276036845,True,True,,,,,,,,,,,,,,,,,,,,,,,,,,,,,0
s9_k5op_b_s09_pos100_tap3_mc135_cpl0_rp4p96566735305_rn4p98672133428_f12370_f21100_a0_dac1p25,K5OP,B,9,5.0,100,3,135,ac,0.0,0.0,0,1.25,0,4.965667353051266,4.98672133428323,40.0,2370.0,1100.0,,0,,,,,,,,,,,-0.04999546544586453,-0.05,-0.00906910827094265,1.3859983874165873,0.13599838741658732,1.3596841560054627,5.751611932776285,4.663617679841774,True,True,,,,,,,,,,,,,,,,,,,,,,,,,,,,,0
s9_k5op_b_s09_pos100_tap3_mc136_cpl0_rp4p95839821386_rn4p99312383553_f12370_f21100_a0_dac1p25,K5OP,B,9,5.0,100,3,136,ac,0.0,0.0,0,1.25,0,4.95839821385987,4.993123835529475,40.0,2370.0,1100.0,,0,,,,,,,,,,,-0.051499609902914134,-0.05,2.999219805828268,1.1510037629740086,-0.09899623702599136,1.169980094361989,4.800024622190923,4.928157450284443,True,True,,,,,,,,,,,,,,,,,,,,,,,,,,,,,0
s9_k5op_b_s09_pos100_tap3_mc137_cpl0_rp4p87926539564_rn4p96140284038_f12370_f21100_a0_dac1p25,K5OP,B,9,5.0,100,3,137,ac,0.0,0.0,0,1.25,0,4.879265395643575,4.961402840377342,40.0,2370.0,1100.0,,0,,,,,,,,,,,-0.04993745170422503,-0.05,-0.12509659154993358,1.4057082954879119,0.15570829548791187,1.3762868741321779,5.801319430369032,4.555653066465698,True,True,,,,,,,,,,,,,,,,,,,,,,,,,,,,,0
s9_k5op_b_s09_pos100_tap3_mc138_cpl0_rp4p97932660215_rn4p9286091668_f12370_f21100_a0_dac1p25,K5OP,B,9,5.0,100,3,138,ac,0.0,0.0,0,1.25,0,4.979326602154579,4.9286091668046845,40.0,2370.0,1100.0,,0,,,,,,,,,,,-0.04887480875882977,-0.05,-2.250382482340463,1.224523054191147,-0.02547694580885307,1.2294880380522057,5.114715213113936,4.918440860556245,True,True,,,,,,,,,,,,,,,,,,,,,,,,,,,,,0
s9_k5op_b_s09_pos100_tap3_mc139_cpl0_rp4p90121338316_rn4p97484744683_f12370_f21100_a0_dac1p25,K5OP,B,9,5.0,100,3,139,ac,0.0,0.0,0,1.25,0,4.901213383164669,4.974847446832431,40.0,2370.0,1100.0,,0,,,,,,,,,,,-0.04972045808505188,-0.05,-0.5590838298962453,1.3430632166767906,0.09306321667679063,1.325456637720024,5.552254545191252,4.806057269359861,True,True,,,,,,,,,,,,,,,,,,,,,,,,,,,,,0
s9_k5op_b_s09_pos100_tap3_mc13_cpl0_rp4p91427790823_rn4p93463710581_f12370_f21100_a0_dac1p25,K5OP,B,9,5.0,100,3,13,ac,0.0,0.0,0,1.25,0,4.914277908230624,4.934637105812456,40.0,2370.0,1100.0,,0,,,,,,,,,,,-0.05094361901478717,-0.05,1.887238029574334,1.42592835798992,0.17592835798992001,1.39103742328678,5.942742097812191,4.535315233892819,True,True,,,,,,,,,,,,,,,,,,,,,,,,,,,,,0
s9_k5op_b_s09_pos100_tap3_mc140_cpl0_rp4p85254918843_rn4p8502021529_f12370_f21100_a0_dac1p25,K5OP,B,9,5.0,100,3,140,ac,0.0,0.0,0,1.25,0,4.8525491884265115,4.8502021528972366,40.0,2370.0,1100.0,,0,,,,,,,,,,,-0.050241429147546146,-0.05,0.48285829509229217,1.1603022216130399,-0.08969777838696014,1.1782107486586322,4.888939740112477,4.928446324224195,True,True,,,,,,,,,,,,,,,,,,,,,,,,,,,,,0
s9_k5op_b_s09_pos100_tap3_mc141_cpl0_rp4p89492282845_rn4p91685348832_f12370_f21100_a0_dac1p25,K5OP,B,9,5.0,100,3,141,ac,0.0,0.0,0,1.25,0,4.894922828448854,4.91685348831504,40.0,2370.0,1100.0,,0,,,,,,,,,,,-0.04956302761527365,-0.05,-0.8739447694527058,1.3348092524326034,0.0848092524326034,1.318719810458696,5.522587456121103,4.83707244575722,True,True,,,,,,,,,,,,,,,,,,,,,,,,,,,,,0
s9_k5op_b_s09_pos100_tap3_mc142_cpl0_rp4p90395176581_rn4p87504253596_f12370_f21100_a0_dac1p25,K5OP,B,9,5.0,100,3,142,ac,0.0,0.0,0,1.25,0,4.90395176580954,4.875042535962196,40.0,2370.0,1100.0,,0,,,,,,,,,,,-0.04951375423017046,-0.05,-0.9724915396590816,1.1229657490443987,-0.12703425095560128,1.1464286020365135,4.643322419382507,4.930040771302885,True,True,,,,,,,,,,,,,,,,,,,,,,,,,,,,,0
s9_k5op_b_s09_pos100_tap3_mc143_cpl0_rp4p90228050802_rn4p95802414624_f12370_f21100_a0_dac1p25,K5OP,B,9,5.0,100,3,143,ac,0.0,0.0,0,1.25,0,4.902280508021619,4.958024146237914,40.0,2370.0,1100.0,,0,,,,,,,,,,,-0.05038596796927086,-0.05,0.7719359385417235,1.359703845332519,0.10970384533251898,1.338769924548356,5.629268710436245,4.751461929313499,True,True,,,,,,,,,,,,,,,,,,,,,,,,,,,,,0
s9_k5op_b_s09_pos100_tap3_mc144_cpl0_rp4p83676342514_rn4p8647450437_f12370_f21100_a0_dac1p25,K5OP,B,9,5.0,100,3,144,ac,0.0,0.0,0,1.25,0,4.836763425135522,4.8647450436974164,40.0,2370.0,1100.0,,0,,,,,,,,,,,-0.04934892379961253,-0.05,-1.3021524007749363,1.1572487949419552,-0.0927512050580448,1.1752475360374668,4.840262348685524,4.9279272614401375,True,True,,,,,,,,,,,,,,,,,,,,,,,,,,,,,0
s9_k5op_b_s09_pos100_tap3_mc145_cpl0_rp4p86558931643_rn4p98929888802_f12370_f21100_a0_dac1p25,K5OP,B,9,5.0,100,3,145,ac,0.0,0.0,0,1.25,0,4.865589316433562,4.989298888021306,40.0,2370.0,1100.0,,0,,,,,,,,,,,-0.04913853496952614,-0.05,-1.722930060947725,1.2294103429214607,-0.020589657078539325,1.2334556239120589,5.144587330252465,4.917973780911432,True,True,,,,,,,,,,,,,,,,,,,,,,,,,,,,,0
s9_k5op_b_s09_pos100_tap3_mc146_cpl0_rp4p95031265862_rn4p85034969278_f12370_f21100_a0_dac1p25,K5OP,B,9,5.0,100,3,146,ac,0.0,0.0,0,1.25,0,4.950312658622311,4.850349692781062,40.0,2370.0,1100.0,,0,,,,,,,,,,,-0.04883765719892352,-0.05,-2.324685602152954,1.266432499270302,0.016432499270301992,1.2632242494765962,5.284664883134559,4.9088988855236915,True,True,,,,,,,,,,,,,,,,,,,,,,,,,,,,,0
s9_k5op_b_s09_pos100_tap3_mc147_cpl0_rp4p83980621356_rn4p97330543168_f12370_f21100_a0_dac1p25,K5OP,B,9,5.0,100,3,147,ac,0.0,0.0,0,1.25,0,4.839806213564023,4.973305431679933,40.0,2370.0,1100.0,,0,,,,,,,,,,,-0.0493715291472574,-0.05,-1.256941705485204,1.2367438405659845,-0.01325615943401548,1.239241538847286,5.122052804341651,4.913825483692692,True,True,,,,,,,,,,,,,,,,,,,,,,,,,,,,,0
s9_k5op_b_s09_pos100_tap3_mc148_cpl0_rp4p88631761595_rn4p9856822019_f12370_f21100_a0_dac1p25,K5OP,B,9,5.0,100,3,148,ac,0.0,0.0,0,1.25,0,4.886317615952683,4.985682201896054,40.0,2370.0,1100.0,,0,,,,,,,,,,,-0.05011431009436018,-0.05,0.22862018872036316,1.4204800425844482,0.17048004258444815,1.3863330054513172,5.933885213463766,4.5700448727881815,True,True,,,,,,,,,,,,,,,,,,,,,,,,,,,,,0
s9_k5op_b_s09_pos100_tap3_mc149_cpl0_rp4p99245108005_rn4p94455573913_f12370_f21100_a0_dac1p25,K5OP,B,9,5.0,100,3,149,ac,0.0,0.0,0,1.25,0,4.992451080053054,4.9445557391309505,40.0,2370.0,1100.0,,0,,,,,,,,,,,-0.048704105438086565,-0.05,-2.591789123826871,1.2907178873164222,0.04071788731642223,1.2827037234836676,5.392096497130893,4.9011731132614305,True,True,,,,,,,,,,,,,,,,,,,,,,,,,,,,,0
s9_k5op_b_s09_pos100_tap3_mc14_cpl0_rp4p82902472704_rn4p81684089148_f12370_f21100_a0_dac1p25,K5OP,B,9,5.0,100,3,14,ac,0.0,0.0,0,1.25,0,4.829024727041403,4.816840891477387,40.0,2370.0,1100.0,,0,,,,,,,,,,,-0.04936064328218803,-0.05,-1.278713435623935,1.2335553704586306,-0.016444629541369382,1.2367501358827517,5.1469122281343385,4.916459860233042,True,True,,,,,,,,,,,,,,,,,,,,,,,,,,,,,0
s9_k5op_b_s09_pos100_tap3_mc150_cpl0_rp4p89777934343_rn4p96419270372_f12370_f21100_a0_dac1p25,K5OP,B,9,5.0,100,3,150,ac,0.0,0.0,0,1.25,0,4.897779343429821,4.96419270371882,40.0,2370.0,1100.0,,0,,,,,,,,,,,-0.04935058738607889,-0.05,-1.2988252278422152,1.403875493366767,0.15387549336676698,1.375530724683506,5.763859666531388,4.532855719597252,True,True,,,,,,,,,,,,,,,,,,,,,,,,,,,,,0
s9_k5op_b_s09_pos100_tap3_mc151_cpl0_rp4p84213760085_rn4p9569401187_f12370_f21100_a0_dac1p25,K5OP,B,9,5.0,100,3,151,ac,0.0,0.0,0,1.25,0,4.842137600852539,4.95694011870484,40.0,2370.0,1100.0,,0,,,,,,,,,,,-0.05107083487496222,-0.05,2.1416697499244464,1.2222795755553035,-0.027720424444696468,1.2276689498107192,5.1027460394257105,4.91864316877897,True,True,,,,,,,,,,,,,,,,,,,,,,,,,,,,,0
s9_k5op_b_s09_pos100_tap3_mc152_cpl0_rp4p83377326818_rn4p84127069443_f12370_f21100_a0_dac1p25,K5OP,B,9,5.0,100,3,152,ac,0.0,0.0,0,1.25,0,4.833773268184968,4.841270694425295,40.0,2370.0,1100.0,,0,,,,,,,,,,,-0.049503898226817,-0.05,-0.9922035463659995,1.1549931806880136,-0.0950068193119864,1.1732279247324249,4.817548009332382,4.927779653054451,True,True,,,,,,,,,,,,,,,,,,,,,,,,,,,,,0
s9_k5op_b_s09_pos100_tap3_mc153_cpl0_rp4p84761410021_rn4p99185717144_f12370_f21100_a0_dac1p25,K5OP,B,9,5.0,100,3,153,ac,0.0,0.0,0,1.25,0,4.847614100209813,4.991857171435159,40.0,2370.0,1100.0,,0,,,,,,,,,,,-0.04993196221317886,-0.05,-0.1360755736422803,1.2990534203201367,0.04905342032013671,1.2896601286705411,5.390961460745258,4.892444446447174,True,True,,,,,,,,,,,,,,,,,,,,,,,,,,,,,0
s9_k5op_b_s09_pos100_tap3_mc154_cpl0_rp4p80524095525_rn4p98943494655_f12370_f21100_a0_dac1p25,K5OP,B,9,5.0,100,3,154,ac,0.0,0.0,0,1.25,0,4.805240955247534,4.989434946553245,40.0,2370.0,1100.0,,0,,,,,,,,,,,-0.04967595598144969,-0.05,-0.6480880371006137,1.3657390526018343,0.11573905260183426,1.3434612735084137,5.664083936148344,4.7380656446268885,True,True,,,,,,,,,,,,,,,,,,,,,,,,,,,,,0
s9_k5op_b_s09_pos100_tap3_mc155_cpl0_rp4p9900527303_rn4p84754466055_f12370_f21100_a0_dac1p25,K5OP,B,9,5.0,100,3,155,ac,0.0,0.0,0,1.25,0,4.990052730299024,4.847544660549819,40.0,2370.0,1100.0,,0,,,,,,,,,,,-0.04941673599855312,-0.05,-1.166528002893763,1.2484761365157337,-0.0015238634842662524,1.2487616161154151,5.162113462204642,4.910464358854276,True,True,,,,,,,,,,,,,,,,,,,,,,,,,,,,,0
s9_k5op_b_s09_pos100_tap3_mc156_cpl0_rp4p92979378923_rn4p83412639373_f12370_f21100_a0_dac1p25,K5OP,B,9,5.0,100,3,156,ac,0.0,0.0,0,1.25,0,4.9297937892303265,4.834126393733247,40.0,2370.0,1100.0,,0,,,,,,,,,,,-0.0505870377855655,-0.05,1.1740755711310058,1.2371645311717872,-0.012835468828212848,1.2397816779280564,5.224374499542861,4.918701121080095,True,True,,,,,,,,,,,,,,,,,,,,,,,,,,,,,0
s9_k5op_b_s09_pos100_tap3_mc157_cpl0_rp4p85705755482_rn4p97314747879_f12370_f21100_a0_dac1p25,K5OP,B,9,5.0,100,3,157,ac,0.0,0.0,0,1.25,0,4.857057554822637,4.973147478791156,40.0,2370.0,1100.0,,0,,,,,,,,,,,-0.04923174209217507,-0.05,-1.5365158156498637,1.36615050661716,0.11615050661715998,1.3434414591156865,5.685326664213743,4.7559133178203705,True,True,,,,,,,,,,,,,,,,,,,,,,,,,,,,,0
s9_k5op_b_s09_pos100_tap3_mc158_cpl0_rp4p85315207368_rn4p87249143015_f12370_f21100_a0_dac1p25,K5OP,B,9,5.0,100,3,158,ac,0.0,0.0,0,1.25,0,4.85315207367575,4.872491430145047,40.0,2370.0,1100.0,,0,,,,,,,,,,,-0.05024108758756807,-0.05,0.4821751751361347,1.4321528262395657,0.18215282623956575,1.3954648028976402,5.987903277769474,4.530680667852948,True,True,,,,,,,,,,,,,,,,,,,,,,,,,,,,,0
s9_k5op_b_s09_pos100_tap3_mc159_cpl0_rp4p82823981138_rn4p82199598699_f12370_f21100_a0_dac1p25,K5OP,B,9,5.0,100,3,159,ac,0.0,0.0,0,1.25,0,4.828239811383179,4.8219959869925875,40.0,2370.0,1100.0,,0,,,,,,,,,,,-0.05059129084286962,-0.05,1.1825816857392368,1.2381885627467986,-0.01181143725320144,1.2405469622086769,5.200594951359008,4.917249336548917,True,True,,,,,,,,,,,,,,,,,,,,,,,,,,,,,0
s9_k5op_b_s09_pos100_tap3_mc15_cpl0_rp4p93539662469_rn4p87853197466_f12370_f21100_a0_dac1p25,K5OP,B,9,5.0,100,3,15,ac,0.0,0.0,0,1.25,0,4.935396624694563,4.878531974660734,40.0,2370.0,1100.0,,0,,,,,,,,,,,-0.0495799171802247,-0.05,-0.8401656395506052,1.2180627021340757,-0.03193729786592425,1.2243530717312119,5.102376211121706,4.920166564103763,True,True,,,,,,,,,,,,,,,,,,,,,,,,,,,,,0
s9_k5op_b_s09_pos100_tap3_mc160_cpl0_rp4p91628999036_rn4p83085327092_f12370_f21100_a0_dac1p25,K5OP,B,9,5.0,100,3,160,ac,0.0,0.0,0,1.25,0,4.916289990358626,4.830853270917888,40.0,2370.0,1100.0,,0,,,,,,,,,,,-0.04974994505228425,-0.05,-0.5001098954314998,1.421802779267913,0.1718027792679131,1.3894563424755142,5.861387207715136,4.4869649735717925,False,True,,,,,,,,,,,,,,,,,,,,,,,,,,,,,0
s9_k5op_b_s09_pos100_tap3_mc161_cpl0_rp4p98717834767_rn4p90662045163_f12370_f21100_a0_dac1p25,K5OP,B,9,5.0,100,3,161,ac,0.0,0.0,0,1.25,0,4.987178347672382,4.9066204516289975,40.0,2370.0,1100.0,,0,,,,,,,,,,,-0.049814810949670996,-0.05,-0.3703781006580087,1.3949024880436036,0.14490248804360362,1.3680393948907337,5.735434838827841,4.576214934478985,True,True,,,,,,,,,,,,,,,,,,,,,,,,,,,,,0
s9_k5op_b_s09_pos100_tap3_mc162_cpl0_rp4p92572995358_rn4p92617839895_f12370_f21100_a0_dac1p25,K5OP,B,9,5.0,100,3,162,ac,0.0,0.0,0,1.25,0,4.925729953575903,4.926178398948278,40.0,2370.0,1100.0,,0,,,,,,,,,,,-0.04932273314764535,-0.05,-1.3545337047093042,1.176765284975299,-0.07323471502470102,1.191056246477735,4.925354592958154,4.925740660414611,True,True,,,,,,,,,,,,,,,,,,,,,,,,,,,,,0
s9_k5op_b_s09_pos100_tap3_mc163_cpl0_rp4p84565866856_rn4p85953130541_f12370_f21100_a0_dac1p25,K5OP,B,9,5.0,100,3,163,ac,0.0,0.0,0,1.25,0,4.845658668562648,4.859531305409868,40.0,2370.0,1100.0,,0,,,,,,,,,,,-0.05129264827345992,-0.05,2.5852965469198352,1.1897687304553803,-0.06023126954461966,1.2013910019499783,4.9632828305523695,4.923490953271887,True,True,,,,,,,,,,,,,,,,,,,,,,,,,,,,,0
s9_k5op_b_s09_pos100_tap3_mc164_cpl0_rp4p90468991922_rn4p86306893025_f12370_f21100_a0_dac1p25,K5OP,B,9,5.0,100,3,164,ac,0.0,0.0,0,1.25,0,4.904689919223663,4.8630689302496535,40.0,2370.0,1100.0,,0,,,,,,,,,,,-0.05012912479596343,-0.05,0.25824959192686237,1.2972811777869389,0.047281177786938855,1.2884159222359446,5.358360151739923,4.889367086859216,True,True,,,,,,,,,,,,,,,,,,,,,,,,,,,,,0
s9_k5op_b_s09_pos100_tap3_mc165_cpl0_rp4p89668701226_rn4p92646031675_f12370_f21100_a0_dac1p25,K5OP,B,9,5.0,100,3,165,ac,0.0,0.0,0,1.25,0,4.896687012261691,4.926460316752722,40.0,2370.0,1100.0,,0,,,,,,,,,,,-0.04879834743649836,-0.05,-2.4033051270032857,1.1760497193860437,-0.07395028061395625,1.1895812316818948,4.844839562956571,4.923399740731395,True,True,,,,,,,,,,,,,,,,,,,,,,,,,,,,,0
s9_k5op_b_s09_pos100_tap3_mc166_cpl0_rp4p96004529087_rn4p90829612998_f12370_f21100_a0_dac1p25,K5OP,B,9,5.0,100,3,166,ac,0.0,0.0,0,1.25,0,4.96004529086772,4.908296129984379,40.0,2370.0,1100.0,,0,,,,,,,,,,,-0.04896719028105956,-0.05,-2.0656194378808834,1.1928762347774586,-0.05712376522254137,1.203922441234391,4.9783739738861374,4.923290953103958,True,True,,,,,,,,,,,,,,,,,,,,,,,,,,,,,0
s9_k5op_b_s09_pos100_tap3_mc167_cpl0_rp4p98561720724_rn4p94842851895_f12370_f21100_a0_dac1p25,K5OP,B,9,5.0,100,3,167,ac,0.0,0.0,0,1.25,0,4.985617207244762,4.948428518954744,40.0,2370.0,1100.0,,0,,,,,,,,,,,-0.050703015605491064,-0.05,1.4060312109821282,1.2290082344954938,-0.02099176550450621,1.2331247451366636,5.140571223947806,4.917942167142647,True,True,,,,,,,,,,,,,,,,,,,,,,,,,,,,,0
s9_k5op_b_s09_pos100_tap3_mc168_cpl0_rp4p86230494424_rn4p88092825475_f12370_f21100_a0_dac1p25,K5OP,B,9,5.0,100,3,168,ac,0.0,0.0,0,1.25,0,4.862304944238102,4.880928254749572,40.0,2370.0,1100.0,,0,,,,,,,,,,,-0.049128058409648734,-0.05,-1.7438831807025323,1.1612029275076587,-0.08879707249234126,1.1779422199221903,4.820487453374456,4.926455157191467,True,True,,,,,,,,,,,,,,,,,,,,,,,,,,,,,0
s9_k5op_b_s09_pos100_tap3_mc169_cpl0_rp4p92184606912_rn4p81788766396_f12370_f21100_a0_dac1p25,K5OP,B,9,5.0,100,3,169,ac,0.0,0.0,0,1.25,0,4.921846069117906,4.817887663955189,40.0,2370.0,1100.0,,0,,,,,,,,,,,-0.05077792717726126,-0.05,1.5558543545225234,1.1947811166989397,-0.055218883301060284,1.2062839038034654,5.084248438108844,4.926041930870911,True,True,,,,,,,,,,,,,,,,,,,,,,,,,,,,,0
s9_k5op_b_s09_pos100_tap3_mc16_cpl0_rp4p89606759492_rn4p92671988323_f12370_f21100_a0_dac1p25,K5OP,B,9,5.0,100,3,16,ac,0.0,0.0,0,1.25,0,4.896067594915554,4.926719883233981,40.0,2370.0,1100.0,,0,,,,,,,,,,,-0.0498560286584393,-0.05,-0.2879426831214005,1.2440316688215032,-0.005968331178496822,1.2452276259212303,5.228646812216079,4.916310789066542,True,True,,,,,,,,,,,,,,,,,,,,,,,,,,,,,0
s9_k5op_b_s09_pos100_tap3_mc170_cpl0_rp4p87977769754_rn4p98540825275_f12370_f21100_a0_dac1p25,K5OP,B,9,5.0,100,3,170,ac,0.0,0.0,0,1.25,0,4.879777697541702,4.985408252745102,40.0,2370.0,1100.0,,0,,,,,,,,,,,-0.050748878579462975,-0.05,1.4977571589259497,1.3291395504220207,0.0791395504220207,1.3136771978582598,5.53641904594636,4.869438530704014,True,True,,,,,,,,,,,,,,,,,,,,,,,,,,,,,0
s9_k5op_b_s09_pos100_tap3_mc171_cpl0_rp4p91969495616_rn4p97384398985_f12370_f21100_a0_dac1p25,K5OP,B,9,5.0,100,3,171,ac,0.0,0.0,0,1.25,0,4.919694956157783,4.973843989846043,40.0,2370.0,1100.0,,0,,,,,,,,,,,-0.0491126609892123,-0.05,-1.7746780215754043,1.262051977674409,0.01205197767440902,1.2597935295102427,5.216753753089959,4.906352766621848,True,True,,,,,,,,,,,,,,,,,,,,,,,,,,,,,0
s9_k5op_b_s09_pos100_tap3_mc172_cpl0_rp4p98141126174_rn4p9373977353_f12370_f21100_a0_dac1p25,K5OP,B,9,5.0,100,3,172,ac,0.0,0.0,0,1.25,0,4.981411261740097,4.937397735303051,40.0,2370.0,1100.0,,0,,,,,,,,,,,-0.04919807993879699,-0.05,-1.6038401224060195,1.2674598678490183,0.017459867849018318,1.2640212913327542,5.299845982606984,4.909360714518592,True,True,,,,,,,,,,,,,,,,,,,,,,,,,,,,,0
s9_k5op_b_s09_pos100_tap3_mc173_cpl0_rp4p81635422291_rn4p8251161718_f12370_f21100_a0_dac1p25,K5OP,B,9,5.0,100,3,173,ac,0.0,0.0,0,1.25,0,4.816354222913955,4.825116171795079,40.0,2370.0,1100.0,,0,,,,,,,,,,,-0.05098558927652874,-0.05,1.9711785530574844,1.3142357637178501,0.06423576371785011,1.3019860407219828,5.446609432001678,4.8788912447949,True,True,,,,,,,,,,,,,,,,,,,,,,,,,,,,,0
s9_k5op_b_s09_pos100_tap3_mc174_cpl0_rp4p81675841155_rn4p92438442468_f12370_f21100_a0_dac1p25,K5OP,B,9,5.0,100,3,174,ac,0.0,0.0,0,1.25,0,4.816758411547818,4.924384424679093,40.0,2370.0,1100.0,,0,,,,,,,,,,,-0.04934501034684846,-0.05,-1.3099793063030774,1.1072478294522015,-0.14275217054779854,1.1339229968786912,4.594175636655548,4.931902909263092,True,True,,,,,,,,,,,,,,,,,,,,,,,,,,,,,0
s9_k5op_b_s09_pos100_tap3_mc175_cpl0_rp4p90832979475_rn4p97211588636_f12370_f21100_a0_dac1p25,K5OP,B,9,5.0,100,3,175,ac,0.0,0.0,0,1.25,0,4.90832979475302,4.972115886361461,40.0,2370.0,1100.0,,0,,,,,,,,,,,-0.05028226377394418,-0.05,0.5645275478883605,1.3276353739184263,0.07763537391842634,1.3118417067974257,5.583173629284529,4.8857491608533605,True,True,,,,,,,,,,,,,,,,,,,,,,,,,,,,,0
s9_k5op_b_s09_pos100_tap3_mc176_cpl0_rp4p85359236684_rn4p93257617059_f12370_f21100_a0_dac1p25,K5OP,B,9,5.0,100,3,176,ac,0.0,0.0,0,1.25,0,4.853592366840775,4.932576170591163,40.0,2370.0,1100.0,,0,,,,,,,,,,,-0.05045699805609205,-0.05,0.9139961121841012,1.1562296289211929,-0.09377037107880715,1.1756201296169837,4.91983979617363,4.930120126027888,True,True,,,,,,,,,,,,,,,,,,,,,,,,,,,,,0
s9_k5op_b_s09_pos100_tap3_mc177_cpl0_rp4p8775218094_rn4p8097902573_f12370_f21100_a0_dac1p25,K5OP,B,9,5.0,100,3,177,ac,0.0,0.0,0,1.25,0,4.87752180939829,4.809790257300452,40.0,2370.0,1100.0,,0,,,,,,,,,,,-0.049399966878442836,-0.05,-1.2000662431143283,1.2581429058853415,0.0081429058853415,1.2566100569413003,5.206536843831753,4.907981298588994,True,True,,,,,,,,,,,,,,,,,,,,,,,,,,,,,0
s9_k5op_b_s09_pos100_tap3_mc178_cpl0_rp4p90960633162_rn4p9032157808_f12370_f21100_a0_dac1p25,K5OP,B,9,5.0,100,3,178,ac,0.0,0.0,0,1.25,0,4.909606331621514,4.903215780799557,40.0,2370.0,1100.0,,0,,,,,,,,,,,-0.04982780486748606,-0.05,-0.34439026502788295,1.31709266553022,0.06709266553021997,1.3046993764580819,5.419968604793089,4.861036305879681,True,True,,,,,,,,,,,,,,,,,,,,,,,,,,,,,0
s9_k5op_b_s09_pos100_tap3_mc179_cpl0_rp4p91383832735_rn4p86687449907_f12370_f21100_a0_dac1p25,K5OP,B,9,5.0,100,3,179,ac,0.0,0.0,0,1.25,0,4.9138383273465065,4.866874499066905,40.0,2370.0,1100.0,,0,,,,,,,,,,,-0.0506405090541584,-0.05,1.2810181083168004,1.3844758371503052,0.1344758371503052,1.3572120264790304,5.8059552134899,4.730068838413021,True,True,,,,,,,,,,,,,,,,,,,,,,,,,,,,,0
s9_k5op_b_s09_pos100_tap3_mc17_cpl0_rp4p88475723429_rn4p86389060167_f12370_f21100_a0_dac1p25,K5OP,B,9,5.0,100,3,17,ac,0.0,0.0,0,1.25,0,4.884757234291846,4.8638906016743055,40.0,2370.0,1100.0,,0,,,,,,,,,,,-0.0509070619625418,-0.05,1.8141239250835994,1.3268174420012493,0.07681744200124929,1.3124212379608517,5.47591535955166,4.8489535253354905,True,True,,,,,,,,,,,,,,,,,,,,,,,,,,,,,0
s9_k5op_b_s09_pos100_tap3_mc180_cpl0_rp4p85885219939_rn4p96182281801_f12370_f21100_a0_dac1p25,K5OP,B,9,5.0,100,3,180,ac,0.0,0.0,0,1.25,0,4.858852199389098,4.961822818012852,40.0,2370.0,1100.0,,0,,,,,,,,,,,-0.04943700097582271,-0.05,-1.1259980483545817,1.3793777305063344,0.1293777305063344,1.353534126281113,5.765891215990525,4.730787999739338,True,True,,,,,,,,,,,,,,,,,,,,,,,,,,,,,0
s9_k5op_b_s09_pos100_tap3_mc181_cpl0_rp4p96329998946_rn4p93146062468_f12370_f21100_a0_dac1p25,K5OP,B,9,5.0,100,3,181,ac,0.0,0.0,0,1.25,0,4.963299989455141,4.93146062467727,40.0,2370.0,1100.0,,0,,,,,,,,,,,-0.04934443459862603,-0.05,-1.3111308027479396,1.3868956506908832,0.13689565069088316,1.3594396324403641,5.8012710525597715,4.706072109298021,True,True,,,,,,,,,,,,,,,,,,,,,,,,,,,,,0
s9_k5op_b_s09_pos100_tap3_mc182_cpl0_rp4p86771770553_rn4p84743468837_f12370_f21100_a0_dac1p25,K5OP,B,9,5.0,100,3,182,ac,0.0,0.0,0,1.25,0,4.867717705528115,4.847434688365604,40.0,2370.0,1100.0,,0,,,,,,,,,,,-0.05156115654581184,-0.05,3.122313091623674,1.2732115916488753,0.023211591648875318,1.2688225770670518,5.272194793646429,4.903180122884652,True,True,,,,,,,,,,,,,,,,,,,,,,,,,,,,,0
s9_k5op_b_s09_pos100_tap3_mc183_cpl0_rp4p82243249354_rn4p83336115486_f12370_f21100_a0_dac1p25,K5OP,B,9,5.0,100,3,183,ac,0.0,0.0,0,1.25,0,4.82243249354455,4.8333611548629944,40.0,2370.0,1100.0,,0,,,,,,,,,,,-0.05019693339932907,-0.05,0.3938667986581379,1.1778269396514975,-0.07217306034850246,1.1923381103564843,4.968278269593284,4.9267982052577235,True,True,,,,,,,,,,,,,,,,,,,,,,,,,,,,,0
s9_k5op_b_s09_pos100_tap3_mc184_cpl0_rp4p89408313222_rn4p85654131884_f12370_f21100_a0_dac1p25,K5OP,B,9,5.0,100,3,184,ac,0.0,0.0,0,1.25,0,4.894083132218432,4.856541318838992,40.0,2370.0,1100.0,,0,,,,,,,,,,,-0.04960426374914784,-0.05,-0.7914725017043267,1.2920551546043988,0.04205515460439879,1.2838285237990987,5.3896027392412975,4.899687237054513,True,True,,,,,,,,,,,,,,,,,,,,,,,,,,,,,0
s9_k5op_b_s09_pos100_tap3_mc185_cpl0_rp4p85219833639_rn4p84607428991_f12370_f21100_a0_dac1p25,K5OP,B,9,5.0,100,3,185,ac,0.0,0.0,0,1.25,0,4.8521983363916785,4.846074289911345,40.0,2370.0,1100.0,,0,,,,,,,,,,,-0.05082342769690218,-0.05,1.6468553938043584,1.2159294405803582,-0.034070559419641766,1.222757084345151,5.116325499883107,4.921318933171234,True,True,,,,,,,,,,,,,,,,,,,,,,,,,,,,,0
s9_k5op_b_s09_pos100_tap3_mc186_cpl0_rp4p85131785258_rn4p8091446777_f12370_f21100_a0_dac1p25,K5OP,B,9,5.0,100,3,186,ac,0.0,0.0,0,1.25,0,4.851317852576308,4.8091446777017195,40.0,2370.0,1100.0,,0,,,,,,,,,,,-0.05062179766633701,-0.05,1.243595332674019,1.303998976008092,0.05399897600809189,1.2932379796753797,5.461284905430764,4.896729217332386,True,True,,,,,,,,,,,,,,,,,,,,,,,,,,,,,0
s9_k5op_b_s09_pos100_tap3_mc187_cpl0_rp4p90225376233_rn4p84471689686_f12370_f21100_a0_dac1p25,K5OP,B,9,5.0,100,3,187,ac,0.0,0.0,0,1.25,0,4.9022537623313465,4.844716896862485,40.0,2370.0,1100.0,,0,,,,,,,,,,,-0.05117265862357501,-0.05,2.345317247150014,1.169761930451321,-0.08023806954867907,1.185750152447893,4.924194674587371,4.927331456610442,True,True,,,,,,,,,,,,,,,,,,,,,,,,,,,,,0
s9_k5op_b_s09_pos100_tap3_mc188_cpl0_rp4p88207619519_rn4p84145287485_f12370_f21100_a0_dac1p25,K5OP,B,9,5.0,100,3,188,ac,0.0,0.0,0,1.25,0,4.882076195192883,4.841452874846127,40.0,2370.0,1100.0,,0,,,,,,,,,,,-0.05011169520476422,-0.05,0.22339040952843447,1.2823993263060385,0.03239932630603848,1.2760508704767302,5.353114523465379,4.903888570454244,True,True,,,,,,,,,,,,,,,,,,,,,,,,,,,,,0
s9_k5op_b_s09_pos100_tap3_mc189_cpl0_rp4p81624464285_rn4p98947815992_f12370_f21100_a0_dac1p25,K5OP,B,9,5.0,100,3,189,ac,0.0,0.0,0,1.25,0,4.816244642850169,4.989478159920619,40.0,2370.0,1100.0,,0,,,,,,,,,,,-0.049329293864672774,-0.05,-1.3414122706544518,1.1084569392440295,-0.14154306075597045,1.135567508112354,4.628863234826319,4.932463904846324,True,True,,,,,,,,,,,,,,,,,,,,,,,,,,,,,0
s9_k5op_b_s09_pos100_tap3_mc18_cpl0_rp4p91672976817_rn4p80622671392_f12370_f21100_a0_dac1p25,K5OP,B,9,5.0,100,3,18,ac,0.0,0.0,0,1.25,0,4.916729768169673,4.806226713918411,40.0,2370.0,1100.0,,0,,,,,,,,,,,-0.050457245162083275,-0.05,0.9144903241665503,1.4007976081252507,0.15079760812525067,1.3721467796535844,5.7883451776556445,4.581964312653652,True,True,,,,,,,,,,,,,,,,,,,,,,,,,,,,,0
s9_k5op_b_s09_pos100_tap3_mc190_cpl0_rp4p94637445265_rn4p93657142038_f12370_f21100_a0_dac1p25,K5OP,B,9,5.0,100,3,190,ac,0.0,0.0,0,1.25,0,4.946374452649898,4.93657142038477,40.0,2370.0,1100.0,,0,,,,,,,,,,,-0.04910175094070768,-0.05,-1.796498118584644,1.3285669229638837,0.07856692296388368,1.3136914396926662,5.495200609065943,4.852180639353802,True,True,,,,,,,,,,,,,,,,,,,,,,,,,,,,,0
s9_k5op_b_s09_pos100_tap3_mc191_cpl0_rp4p84191333333_rn4p86339037845_f12370_f21100_a0_dac1p25,K5OP,B,9,5.0,100,3,191,ac,0.0,0.0,0,1.25,0,4.841913333328711,4.8633903784516175,40.0,2370.0,1100.0,,0,,,,,,,,,,,-0.05052598858239277,-0.05,1.0519771647855336,1.1213345346795478,-0.1286654653204522,1.1458668138076298,4.674797657874066,4.93103297646717,True,True,,,,,,,,,,,,,,,,,,,,,,,,,,,,,0
s9_k5op_b_s09_pos100_tap3_mc192_cpl0_rp4p82400982039_rn4p88129233143_f12370_f21100_a0_dac1p25,K5OP,B,9,5.0,100,3,192,ac,0.0,0.0,0,1.25,0,4.824009820385426,4.881292331429425,40.0,2370.0,1100.0,,0,,,,,,,,,,,-0.04990331405552606,-0.05,-0.1933718889478797,1.2634464956594287,0.013446495659428681,1.2607698847070878,5.2976008706868285,4.9113968949656455,True,True,,,,,,,,,,,,,,,,,,,,,,,,,,,,,0
s9_k5op_b_s09_pos100_tap3_mc193_cpl0_rp4p86673991029_rn4p97276401967_f12370_f21100_a0_dac1p25,K5OP,B,9,5.0,100,3,193,ac,0.0,0.0,0,1.25,0,4.866739910285656,4.972764019673274,40.0,2370.0,1100.0,,0,,,,,,,,,,,-0.04890206658892282,-0.05,-2.1958668221543576,1.1756886588855116,-0.07431134111448845,1.190114221931694,4.914470050256504,4.925698366949896,True,True,,,,,,,,,,,,,,,,,,,,,,,,,,,,,0
s9_k5op_b_s09_pos100_tap3_mc194_cpl0_rp4p93841997562_rn4p86384276844_f12370_f21100_a0_dac1p25,K5OP,B,9,5.0,100,3,194,ac,0.0,0.0,0,1.25,0,4.938419975617892,4.863842768439841,40.0,2370.0,1100.0,,0,,,,,,,,,,,-0.05060808494010027,-0.05,1.216169880200546,1.1787424118253278,-0.0712575881746722,1.1927267247552515,4.940476117023229,4.925703723618861,True,True,,,,,,,,,,,,,,,,,,,,,,,,,,,,,0
s9_k5op_b_s09_pos100_tap3_mc195_cpl0_rp4p94423666829_rn4p98029972903_f12370_f21100_a0_dac1p25,K5OP,B,9,5.0,100,3,195,ac,0.0,0.0,0,1.25,0,4.944236668293492,4.980299729026487,40.0,2370.0,1100.0,,0,,,,,,,,,,,-0.05098117339648045,-0.05,1.9623467929609006,1.299705808701082,0.04970580870108199,1.2905551165920741,5.3464942092076715,4.882963398151602,True,True,,,,,,,,,,,,,,,,,,,,,,,,,,,,,0
s9_k5op_b_s09_pos100_tap3_mc196_cpl0_rp4p92679538891_rn4p83357704076_f12370_f21100_a0_dac1p25,K5OP,B,9,5.0,100,3,196,ac,0.0,0.0,0,1.25,0,4.926795388905471,4.833577040762126,40.0,2370.0,1100.0,,0,,,,,,,,,,,-0.04955656586001833,-0.05,-0.8868682799633376,1.2027175894052173,-0.047282410594782665,1.2118502192116198,5.016303269536282,4.921669940053881,True,True,,,,,,,,,,,,,,,,,,,,,,,,,,,,,0
s9_k5op_b_s09_pos100_tap3_mc197_cpl0_rp4p94246238901_rn4p88478689993_f12370_f21100_a0_dac1p25,K5OP,B,9,5.0,100,3,197,ac,0.0,0.0,0,1.25,0,4.942462389006465,4.884786899925654,40.0,2370.0,1100.0,,0,,,,,,,,,,,-0.04936615286744939,-0.05,-1.2676942651012268,1.2431764466615547,-0.0068235533384453095,1.2444975904417381,5.1811374233718706,4.914210668642077,True,True,,,,,,,,,,,,,,,,,,,,,,,,,,,,,0
s9_k5op_b_s09_pos100_tap3_mc198_cpl0_rp4p91810594637_rn4p98941381651_f12370_f21100_a0_dac1p25,K5OP,B,9,5.0,100,3,198,ac,0.0,0.0,0,1.25,0,4.9181059463689305,4.989413816510473,40.0,2370.0,1100.0,,0,,,,,,,,,,,-0.050424624188678546,-0.05,0.8492483773570925,1.1993946689665314,-0.05060533103346865,1.2093566804350389,5.027033174553852,4.922957516141132,True,True,,,,,,,,,,,,,,,,,,,,,,,,,,,,,0
s9_k5op_b_s09_pos100_tap3_mc199_cpl0_rp4p83017342432_rn4p87618495362_f12370_f21100_a0_dac1p25,K5OP,B,9,5.0,100,3,199,ac,0.0,0.0,0,1.25,0,4.830173424324059,4.876184953622124,40.0,2370.0,1100.0,,0,,,,,,,,,,,-0.050055888705971,-0.05,0.11177741194199342,1.4226381033544426,0.17263810335444263,1.3903727021375696,5.855944423738929,4.474839596903452,False,True,,,,,,,,,,,,,,,,,,,,,,,,,,,,,0
s9_k5op_b_s09_pos100_tap3_mc19_cpl0_rp4p86375349404_rn4p94352011247_f12370_f21100_a0_dac1p25,K5OP,B,9,5.0,100,3,19,ac,0.0,0.0,0,1.25,0,4.8637534940378595,4.943520112468119,40.0,2370.0,1100.0,,0,,,,,,,,,,,-0.049451403833724594,-0.05,-1.0971923325508115,1.351756704106205,0.10175670410620508,1.331035791883513,5.680969938501589,4.85226247928081,True,True,,,,,,,,,,,,,,,,,,,,,,,,,,,,,0
s9_k5op_b_s09_pos100_tap3_mc1_cpl0_rp4p87968282413_rn4p81765685527_f12370_f21100_a0_dac1p25,K5OP,B,9,5.0,100,3,1,ac,0.0,0.0,0,1.25,0,4.879682824126003,4.817656855272235,40.0,2370.0,1100.0,,0,,,,,,,,,,,-0.04892586028456769,-0.05,-2.148279430864619,1.3640858565350649,0.11408585653506487,1.3407084492946792,5.738768615559199,4.8224944936294,True,True,,,,,,,,,,,,,,,,,,,,,,,,,,,,,0
s9_k5op_b_s09_pos100_tap3_mc200_cpl0_rp4p87609300253_rn4p9245221704_f12370_f21100_a0_dac1p25,K5OP,B,9,5.0,100,3,200,ac,0.0,0.0,0,1.25,0,4.876093002533232,4.924522170397594,40.0,2370.0,1100.0,,0,,,,,,,,,,,-0.051000736863615614,-0.05,2.001473727231229,1.234716634444342,-0.015283365555657902,1.2376667506719672,5.143507555443055,4.915797515243752,True,True,,,,,,,,,,,,,,,,,,,,,,,,,,,,,0
s9_k5op_b_s09_pos100_tap3_mc201_cpl0_rp4p90836585454_rn4p99134886186_f12370_f21100_a0_dac1p25,K5OP,B,9,5.0,100,3,201,ac,0.0,0.0,0,1.25,0,4.908365854541344,4.991348861856531,40.0,2370.0,1100.0,,0,,,,,,,,,,,-0.05138479424831921,-0.05,2.76958849663842,1.2976732885198674,0.04767328851986741,1.2883171337275432,5.416235680489116,4.897483340100028,True,True,,,,,,,,,,,,,,,,,,,,,,,,,,,,,0
s9_k5op_b_s09_pos100_tap3_mc202_cpl0_rp4p87329785859_rn4p97684612666_f12370_f21100_a0_dac1p25,K5OP,B,9,5.0,100,3,202,ac,0.0,0.0,0,1.25,0,4.873297858592152,4.976846126657074,40.0,2370.0,1100.0,,0,,,,,,,,,,,-0.048857553617085436,-0.05,-2.2848927658291274,1.3301578732284667,0.08015787322846668,1.314861595887384,5.511115367902796,4.854027893985384,True,True,,,,,,,,,,,,,,,,,,,,,,,,,,,,,0
s9_k5op_b_s09_pos100_tap3_mc203_cpl0_rp4p94803093471_rn4p82992067818_f12370_f21100_a0_dac1p25,K5OP,B,9,5.0,100,3,203,ac,0.0,0.0,0,1.25,0,4.9480309347144935,4.829920678184828,40.0,2370.0,1100.0,,0,,,,,,,,,,,-0.05002805973742808,-0.05,0.05611947485615332,1.459143047554203,0.2091430475542031,1.4200768592013726,6.001300677397529,4.328156296963878,False,True,,,,,,,,,,,,,,,,,,,,,,,,,,,,,0
s9_k5op_b_s09_pos100_tap3_mc204_cpl0_rp4p93387894829_rn4p82433507688_f12370_f21100_a0_dac1p25,K5OP,B,9,5.0,100,3,204,ac,0.0,0.0,0,1.25,0,4.933878948293206,4.824335076880513,40.0,2370.0,1100.0,,0,,,,,,,,,,,-0.049160536979129255,-0.05,-1.6789260417414908,1.3049887485303775,0.054988748530377496,1.2944448748352175,5.41634140951602,4.888690152193125,True,True,,,,,,,,,,,,,,,,,,,,,,,,,,,,,0
s9_k5op_b_s09_pos100_tap3_mc205_cpl0_rp4p99208266475_rn4p98908573222_f12370_f21100_a0_dac1p25,K5OP,B,9,5.0,100,3,205,ac,0.0,0.0,0,1.25,0,4.992082664746407,4.9890857322176,40.0,2370.0,1100.0,,0,,,,,,,,,,,-0.04989807561327053,-0.05,-0.2038487734589367,1.3013392427789099,0.05133924277890989,1.2911436022636487,5.44614309114718,4.897517335624366,True,True,,,,,,,,,,,,,,,,,,,,,,,,,,,,,0
s9_k5op_b_s09_pos100_tap3_mc206_cpl0_rp4p87119070211_rn4p99012623424_f12370_f21100_a0_dac1p25,K5OP,B,9,5.0,100,3,206,ac,0.0,0.0,0,1.25,0,4.871190702106201,4.990126234243969,40.0,2370.0,1100.0,,0,,,,,,,,,,,-0.04979826230264939,-0.05,-0.40347539470122484,1.322337663791061,0.0723376637910611,1.3085244499282314,5.480654260666313,4.8689983999774835,True,True,,,,,,,,,,,,,,,,,,,,,,,,,,,,,0
s9_k5op_b_s09_pos100_tap3_mc207_cpl0_rp4p99053952676_rn4p82050546785_f12370_f21100_a0_dac1p25,K5OP,B,9,5.0,100,3,207,ac,0.0,0.0,0,1.25,0,4.990539526757092,4.8205054678513175,40.0,2370.0,1100.0,,0,,,,,,,,,,,-0.04991384226274098,-0.05,-0.17231547451803664,1.1693242199709488,-0.08067578002905118,1.1854911960160301,4.929886529604476,4.927561959451024,True,True,,,,,,,,,,,,,,,,,,,,,,,,,,,,,0
s9_k5op_b_s09_pos100_tap3_mc208_cpl0_rp4p82338440834_rn4p98424448028_f12370_f21100_a0_dac1p25,K5OP,B,9,5.0,100,3,208,ac,0.0,0.0,0,1.25,0,4.823384408343893,4.984244480282307,40.0,2370.0,1100.0,,0,,,,,,,,,,,-0.049660445162653666,-0.05,-0.6791096746926684,1.3238045571674155,0.07380455716741552,1.3092541977976024,5.526563038397027,4.879755840781831,True,True,,,,,,,,,,,,,,,,,,,,,,,,,,,,,0
s9_k5op_b_s09_pos100_tap3_mc209_cpl0_rp4p9975563268_rn4p88046750345_f12370_f21100_a0_dac1p25,K5OP,B,9,5.0,100,3,209,ac,0.0,0.0,0,1.25,0,4.9975563268025445,4.880467503451389,40.0,2370.0,1100.0,,0,,,,,,,,,,,-0.05090381940546118,-0.05,1.807638810922363,1.4275658378004914,0.1775658378004914,1.3941000757525903,5.885670198610489,4.465143496206558,False,True,,,,,,,,,,,,,,,,,,,,,,,,,,,,,0
s9_k5op_b_s09_pos100_tap3_mc20_cpl0_rp4p96286065434_rn4p94707300674_f12370_f21100_a0_dac1p25,K5OP,B,9,5.0,100,3,20,ac,0.0,0.0,0,1.25,0,4.9628606543405684,4.94707300674488,40.0,2370.0,1100.0,,0,,,,,,,,,,,-0.05065959173736978,-0.05,1.3191834747395603,1.2452091355319694,-0.0047908644680305645,1.246174121492463,5.240185663145256,4.916414662318137,True,True,,,,,,,,,,,,,,,,,,,,,,,,,,,,,0
s9_k5op_b_s09_pos100_tap3_mc210_cpl0_rp4p9688588778_rn4p91437653172_f12370_f21100_a0_dac1p25,K5OP,B,9,5.0,100,3,210,ac,0.0,0.0,0,1.25,0,4.968858877800824,4.9143765317209285,40.0,2370.0,1100.0,,0,,,,,,,,,,,-0.05066843477155247,-0.05,1.336869543104946,1.4142378564498603,0.16423785644986033,1.3830213364877206,5.842578147819507,4.528675296220573,True,True,,,,,,,,,,,,,,,,,,,,,,,,,,,,,0
s9_k5op_b_s09_pos100_tap3_mc211_cpl0_rp4p96709753257_rn4p91084455633_f12370_f21100_a0_dac1p25,K5OP,B,9,5.0,100,3,211,ac,0.0,0.0,0,1.25,0,4.967097532565387,4.910844556333429,40.0,2370.0,1100.0,,0,,,,,,,,,,,-0.05042761280916297,-0.05,0.8552256183259388,1.3355410944942898,0.08554109449428982,1.3202550859526812,5.455994814653701,4.771282166669821,True,True,,,,,,,,,,,,,,,,,,,,,,,,,,,,,0
s9_k5op_b_s09_pos100_tap3_mc212_cpl0_rp4p8300395484_rn4p99760949024_f12370_f21100_a0_dac1p25,K5OP,B,9,5.0,100,3,212,ac,0.0,0.0,0,1.25,0,4.830039548397559,4.99760949023594,40.0,2370.0,1100.0,,0,,,,,,,,,,,-0.04896778902253818,-0.05,-2.0644219549236453,1.1791034586881315,-0.07089654131186851,1.192848532857257,4.9265245877487835,4.925266286943462,True,True,,,,,,,,,,,,,,,,,,,,,,,,,,,,,0
s9_k5op_b_s09_pos100_tap3_mc213_cpl0_rp4p99178545096_rn4p87438824931_f12370_f21100_a0_dac1p25,K5OP,B,9,5.0,100,3,213,ac,0.0,0.0,0,1.25,0,4.991785450964725,4.874388249309158,40.0,2370.0,1100.0,,0,,,,,,,,,,,-0.0503264437707962,-0.05,0.6528875415924063,1.241343081332135,-0.00865691866786511,1.2431058499353862,5.239272380342047,4.917846973352688,True,True,,,,,,,,,,,,,,,,,,,,,,,,,,,,,0
s9_k5op_b_s09_pos100_tap3_mc214_cpl0_rp4p94597574195_rn4p83648419083_f12370_f21100_a0_dac1p25,K5OP,B,9,5.0,100,3,214,ac,0.0,0.0,0,1.25,0,4.945975741946487,4.836484190833586,40.0,2370.0,1100.0,,0,,,,,,,,,,,-0.0500478417018102,-0.05,0.09568340362040573,1.288384010409728,0.03838401040972794,1.2809624870314096,5.360250978888796,4.899677382377902,True,True,,,,,,,,,,,,,,,,,,,,,,,,,,,,,0
s9_k5op_b_s09_pos100_tap3_mc215_cpl0_rp4p8838776552_rn4p8125330308_f12370_f21100_a0_dac1p25,K5OP,B,9,5.0,100,3,215,ac,0.0,0.0,0,1.25,0,4.883877655199192,4.812533030802979,40.0,2370.0,1100.0,,0,,,,,,,,,,,-0.04989100261703294,-0.05,-0.21799476593411526,1.4220498162894646,0.17204981628946459,1.3877057833053639,5.935685689263305,4.559287158947589,True,True,,,,,,,,,,,,,,,,,,,,,,,,,,,,,0
s9_k5op_b_s09_pos100_tap3_mc216_cpl0_rp4p92934161604_rn4p86046879292_f12370_f21100_a0_dac1p25,K5OP,B,9,5.0,100,3,216,ac,0.0,0.0,0,1.25,0,4.92934161604249,4.8604687929204635,40.0,2370.0,1100.0,,0,,,,,,,,,,,-0.05050048523845607,-0.05,1.0009704769121441,1.1966760526360556,-0.05332394736394441,1.2071150081339421,5.009057513723917,4.923131257936642,True,True,,,,,,,,,,,,,,,,,,,,,,,,,,,,,0
s9_k5op_b_s09_pos100_tap3_mc217_cpl0_rp4p99303909397_rn4p9377031678_f12370_f21100_a0_dac1p25,K5OP,B,9,5.0,100,3,217,ac,0.0,0.0,0,1.25,0,4.993039093967263,4.937703167795284,40.0,2370.0,1100.0,,0,,,,,,,,,,,-0.049897288414681995,-0.05,-0.2054231706360099,1.371434788844318,0.12143478884431791,1.3493028598900279,5.621805867968389,4.6503235113728945,True,True,,,,,,,,,,,,,,,,,,,,,,,,,,,,,0
s9_k5op_b_s09_pos100_tap3_mc218_cpl0_rp4p89757233022_rn4p89017495296_f12370_f21100_a0_dac1p25,K5OP,B,9,5.0,100,3,218,ac,0.0,0.0,0,1.25,0,4.897572330219129,4.890174952963784,40.0,2370.0,1100.0,,0,,,,,,,,,,,-0.05035748507145277,-0.05,0.7149701429055355,1.155835790725033,-0.09416420927496705,1.1741203706671726,4.8354097271699885,4.928052895280269,True,True,,,,,,,,,,,,,,,,,,,,,,,,,,,,,0
s9_k5op_b_s09_pos100_tap3_mc219_cpl0_rp4p86955742959_rn4p98260407532_f12370_f21100_a0_dac1p25,K5OP,B,9,5.0,100,3,219,ac,0.0,0.0,0,1.25,0,4.8695574295933435,4.982604075316092,40.0,2370.0,1100.0,,0,,,,,,,,,,,-0.05061522167260524,-0.05,1.2304433452104746,1.3986040028081226,0.14860400280812258,1.3705962573708879,5.769840401679732,4.581008379214738,True,True,,,,,,,,,,,,,,,,,,,,,,,,,,,,,0
s9_k5op_b_s09_pos100_tap3_mc21_cpl0_rp4p88893683381_rn4p85239743988_f12370_f21100_a0_dac1p25,K5OP,B,9,5.0,100,3,21,ac,0.0,0.0,0,1.25,0,4.888936833814934,4.852397439877141,40.0,2370.0,1100.0,,0,,,,,,,,,,,-0.0496758785543161,-0.05,-0.6482428913678007,1.2860277089698458,0.03602770896984575,1.2791962710565612,5.326840417344526,4.898063283533545,True,True,,,,,,,,,,,,,,,,,,,,,,,,,,,,,0
s9_k5op_b_s09_pos100_tap3_mc220_cpl0_rp4p9747860182_rn4p84823286829_f12370_f21100_a0_dac1p25,K5OP,B,9,5.0,100,3,220,ac,0.0,0.0,0,1.25,0,4.974786018204106,4.848232868289286,40.0,2370.0,1100.0,,0,,,,,,,,,,,-0.04946046706880258,-0.05,-1.0790658623948346,1.3282748500327868,0.07827485003278678,1.3134194061352373,5.496912844181139,4.854526577473459,True,True,,,,,,,,,,,,,,,,,,,,,,,,,,,,,0
s9_k5op_b_s09_pos100_tap3_mc221_cpl0_rp4p95709132515_rn4p9533377626_f12370_f21100_a0_dac1p25,K5OP,B,9,5.0,100,3,221,ac,0.0,0.0,0,1.25,0,4.957091325146115,4.953337762595706,40.0,2370.0,1100.0,,0,,,,,,,,,,,-0.04989552904695049,-0.05,-0.20894190609901386,1.393987338415164,0.14398733841516398,1.3661150570479996,5.784118188249426,4.632217913203185,True,True,,,,,,,,,,,,,,,,,,,,,,,,,,,,,0
s9_k5op_b_s09_pos100_tap3_mc222_cpl0_rp4p95820886116_rn4p82531137377_f12370_f21100_a0_dac1p25,K5OP,B,9,5.0,100,3,222,ac,0.0,0.0,0,1.25,0,4.958208861157256,4.825311373766492,40.0,2370.0,1100.0,,0,,,,,,,,,,,-0.049084088897612954,-0.05,-1.8318222047740917,1.1993920690017699,-0.05060793099823013,1.2087661105164453,4.952389052188144,4.9202662634445415,True,True,,,,,,,,,,,,,,,,,,,,,,,,,,,,,0
s9_k5op_b_s09_pos100_tap3_mc223_cpl0_rp4p97843931178_rn4p82159454777_f12370_f21100_a0_dac1p25,K5OP,B,9,5.0,100,3,223,ac,0.0,0.0,0,1.25,0,4.978439311778949,4.821594547770245,40.0,2370.0,1100.0,,0,,,,,,,,,,,-0.04937554457909332,-0.05,-1.2489108418133554,1.1409584435057014,-0.10904155649429859,1.162478237649859,4.796527049141078,4.930236369167922,True,True,,,,,,,,,,,,,,,,,,,,,,,,,,,,,0
s9_k5op_b_s09_pos100_tap3_mc224_cpl0_rp4p82657894055_rn4p93307495497_f12370_f21100_a0_dac1p25,K5OP,B,9,5.0,100,3,224,ac,0.0,0.0,0,1.25,0,4.82657894054647,4.933074954973275,40.0,2370.0,1100.0,,0,,,,,,,,,,,-0.05013092847484746,-0.05,0.26185694969491635,1.2488251325440787,-0.0011748674559213246,1.2490526002589002,5.2037073945720245,4.912841677207003,True,True,,,,,,,,,,,,,,,,,,,,,,,,,,,,,0
s9_k5op_b_s09_pos100_tap3_mc225_cpl0_rp4p91033180571_rn4p92327324586_f12370_f21100_a0_dac1p25,K5OP,B,9,5.0,100,3,225,ac,0.0,0.0,0,1.25,0,4.910331805710256,4.923273245855662,40.0,2370.0,1100.0,,0,,,,,,,,,,,-0.04903724968861711,-0.05,-1.9255006227657745,1.3864840834726697,0.13648408347266971,1.361180104073704,5.701833203757772,4.609960359069189,True,True,,,,,,,,,,,,,,,,,,,,,,,,,,,,,0
s9_k5op_b_s09_pos100_tap3_mc226_cpl0_rp4p96173419505_rn4p95577109073_f12370_f21100_a0_dac1p25,K5OP,B,9,5.0,100,3,226,ac,0.0,0.0,0,1.25,0,4.961734195045354,4.955771090734503,40.0,2370.0,1100.0,,0,,,,,,,,,,,-0.05022102471121892,-0.05,0.4420494224378402,1.171232438041356,-0.0787675619586441,1.1870715208684537,4.942068726314362,4.92754897827635,True,True,,,,,,,,,,,,,,,,,,,,,,,,,,,,,0
s9_k5op_b_s09_pos100_tap3_mc227_cpl0_rp4p86653885895_rn4p97235310029_f12370_f21100_a0_dac1p25,K5OP,B,9,5.0,100,3,227,ac,0.0,0.0,0,1.25,0,4.866538858950978,4.9723531002915,40.0,2370.0,1100.0,,0,,,,,,,,,,,-0.05056893746057556,-0.05,1.1378749211511163,1.2744899884323038,0.024489988432303766,1.2697008295629764,5.318955906559875,4.906405177563242,True,True,,,,,,,,,,,,,,,,,,,,,,,,,,,,,0
s9_k5op_b_s09_pos100_tap3_mc228_cpl0_rp4p96348419926_rn4p99125268425_f12370_f21100_a0_dac1p25,K5OP,B,9,5.0,100,3,228,ac,0.0,0.0,0,1.25,0,4.9634841992590335,4.991252684245683,40.0,2370.0,1100.0,,0,,,,,,,,,,,-0.05057001224151536,-0.05,1.1400244830307216,1.4009129957741224,0.15091299577412243,1.3737373230143384,5.726072339466413,4.518768373273408,True,True,,,,,,,,,,,,,,,,,,,,,,,,,,,,,0
s9_k5op_b_s09_pos100_tap3_mc229_cpl0_rp4p91253212238_rn4p85189192822_f12370_f21100_a0_dac1p25,K5OP,B,9,5.0,100,3,229,ac,0.0,0.0,0,1.25,0,4.9125321223795915,4.851891928216548,40.0,2370.0,1100.0,,0,,,,,,,,,,,-0.050990285984013894,-0.05,1.980571968027789,1.2245900865835453,-0.02540991341645471,1.2296016440651285,5.1302347527756655,4.919038286594698,True,True,,,,,,,,,,,,,,,,,,,,,,,,,,,,,0
s9_k5op_b_s09_pos100_tap3_mc22_cpl0_rp4p92425147698_rn4p80676320219_f12370_f21100_a0_dac1p25,K5OP,B,9,5.0,100,3,22,ac,0.0,0.0,0,1.25,0,4.924251476982826,4.80676320218761,40.0,2370.0,1100.0,,0,,,,,,,,,,,-0.04929806017605731,-0.05,-1.4038796478853754,1.2216095807747496,-0.02839041922525043,1.2272013158375543,5.116554232264441,4.91948404387969,True,True,,,,,,,,,,,,,,,,,,,,,,,,,,,,,0
s9_k5op_b_s09_pos100_tap3_mc230_cpl0_rp4p94158449776_rn4p93388173557_f12370_f21100_a0_dac1p25,K5OP,B,9,5.0,100,3,230,ac,0.0,0.0,0,1.25,0,4.941584497758334,4.933881735571261,40.0,2370.0,1100.0,,0,,,,,,,,,,,-0.05084876357815071,-0.05,1.697527156301426,1.152174734501984,-0.09782526549801607,1.1717388327530465,4.858634883829183,4.929424973226954,True,True,,,,,,,,,,,,,,,,,,,,,,,,,,,,,0
s9_k5op_b_s09_pos100_tap3_mc231_cpl0_rp4p84593088809_rn4p89252190322_f12370_f21100_a0_dac1p25,K5OP,B,9,5.0,100,3,231,ac,0.0,0.0,0,1.25,0,4.8459308880914875,4.892521903217098,40.0,2370.0,1100.0,,0,,,,,,,,,,,-0.04993171327760004,-0.05,-0.1365734447999145,1.1664247708193858,-0.08357522918061422,1.183045513380309,4.908304624448611,4.9276708094418815,True,True,,,,,,,,,,,,,,,,,,,,,,,,,,,,,0
s9_k5op_b_s09_pos100_tap3_mc232_cpl0_rp4p91884978598_rn4p84125086367_f12370_f21100_a0_dac1p25,K5OP,B,9,5.0,100,3,232,ac,0.0,0.0,0,1.25,0,4.918849785980269,4.841250863673151,40.0,2370.0,1100.0,,0,,,,,,,,,,,-0.05010065897802729,-0.05,0.2013179560545808,1.1789300582348927,-0.07106994176510728,1.1925112947264527,4.907935886310515,4.924684977478148,True,True,,,,,,,,,,,,,,,,,,,,,,,,,,,,,0
s9_k5op_b_s09_pos100_tap3_mc233_cpl0_rp4p90482749968_rn4p978777546_f12370_f21100_a0_dac1p25,K5OP,B,9,5.0,100,3,233,ac,0.0,0.0,0,1.25,0,4.904827499680167,4.978777546003827,40.0,2370.0,1100.0,,0,,,,,,,,,,,-0.04916601006260679,-0.05,-1.6679798747864183,1.4385775577790925,0.18857755777909246,1.403592989292448,5.910963189825804,4.4023427275930525,False,True,,,,,,,,,,,,,,,,,,,,,,,,,,,,,0
s9_k5op_b_s09_pos100_tap3_mc234_cpl0_rp4p94911058996_rn4p81410277629_f12370_f21100_a0_dac1p25,K5OP,B,9,5.0,100,3,234,ac,0.0,0.0,0,1.25,0,4.949110589958199,4.814102776289683,40.0,2370.0,1100.0,,0,,,,,,,,,,,-0.049841690509944137,-0.05,-0.31661898011172696,1.2473520881573155,-0.002647911842684536,1.247866922362967,5.203109694856062,4.913459791559425,True,True,,,,,,,,,,,,,,,,,,,,,,,,,,,,,0
s9_k5op_b_s09_pos100_tap3_mc235_cpl0_rp4p9153709398_rn4p90964172791_f12370_f21100_a0_dac1p25,K5OP,B,9,5.0,100,3,235,ac,0.0,0.0,0,1.25,0,4.915370939804115,4.909641727913646,40.0,2370.0,1100.0,,0,,,,,,,,,,,-0.05021439781828674,-0.05,0.42879563657347575,1.1969086591620457,-0.053091340837954304,1.2076156620373242,5.048625895157736,4.9244846776272135,True,True,,,,,,,,,,,,,,,,,,,,,,,,,,,,,0
s9_k5op_b_s09_pos100_tap3_mc236_cpl0_rp4p94951352822_rn4p89532038323_f12370_f21100_a0_dac1p25,K5OP,B,9,5.0,100,3,236,ac,0.0,0.0,0,1.25,0,4.949513528216103,4.895320383234305,40.0,2370.0,1100.0,,0,,,,,,,,,,,-0.05075210425296239,-0.05,1.5042085059247867,1.3159747835933373,0.0659747835933373,1.3030541999190455,5.486748437817409,4.885111442117288,True,True,,,,,,,,,,,,,,,,,,,,,,,,,,,,,0
s9_k5op_b_s09_pos100_tap3_mc237_cpl0_rp4p93173514821_rn4p92000156183_f12370_f21100_a0_dac1p25,K5OP,B,9,5.0,100,3,237,ac,0.0,0.0,0,1.25,0,4.931735148212523,4.920001561829357,40.0,2370.0,1100.0,,0,,,,,,,,,,,-0.050649328927367954,-0.05,1.2986578547359073,1.3811747420473306,0.1311747420473306,1.3567300699371596,5.686636151619936,4.637236114663702,True,True,,,,,,,,,,,,,,,,,,,,,,,,,,,,,0
s9_k5op_b_s09_pos100_tap3_mc238_cpl0_rp4p88963276925_rn4p85821760049_f12370_f21100_a0_dac1p25,K5OP,B,9,5.0,100,3,238,ac,0.0,0.0,0,1.25,0,4.889632769247549,4.85821760048949,40.0,2370.0,1100.0,,0,,,,,,,,,,,-0.05135619438211725,-0.05,2.712388764234497,1.135070899230595,-0.1149291007694051,1.159166042458937,4.854399994562819,4.932482370628227,True,True,,,,,,,,,,,,,,,,,,,,,,,,,,,,,0
s9_k5op_b_s09_pos100_tap3_mc239_cpl0_rp4p94176165779_rn4p9259712967_f12370_f21100_a0_dac1p25,K5OP,B,9,5.0,100,3,239,ac,0.0,0.0,0,1.25,0,4.94176165779403,4.925971296700741,40.0,2370.0,1100.0,,0,,,,,,,,,,,-0.04960230654467823,-0.05,-0.7953869106435363,1.293053017020693,0.043053017020693085,1.2848500537639236,5.360802958409737,4.895093336049284,True,True,,,,,,,,,,,,,,,,,,,,,,,,,,,,,0
s9_k5op_b_s09_pos100_tap3_mc23_cpl0_rp4p9897299409_rn4p99451175924_f12370_f21100_a0_dac1p25,K5OP,B,9,5.0,100,3,23,ac,0.0,0.0,0,1.25,0,4.989729940895217,4.994511759235949,40.0,2370.0,1100.0,,0,,,,,,,,,,,-0.04917609775353826,-0.05,-1.647804492923477,1.1663604749125032,-0.08363952508749684,1.1816411920068977,4.80429694526436,4.924585549549675,True,True,,,,,,,,,,,,,,,,,,,,,,,,,,,,,0
s9_k5op_b_s09_pos100_tap3_mc240_cpl0_rp4p97652967904_rn4p85595368377_f12370_f21100_a0_dac1p25,K5OP,B,9,5.0,100,3,240,ac,0.0,0.0,0,1.25,0,4.976529679038606,4.855953683770988,40.0,2370.0,1100.0,,0,,,,,,,,,,,-0.04968336497540804,-0.05,-0.6332700491839205,1.39347894478571,0.1434789447857101,1.366529560863953,5.745235087585025,4.597403529299345,True,True,,,,,,,,,,,,,,,,,,,,,,,,,,,,,0
s9_k5op_b_s09_pos100_tap3_mc241_cpl0_rp4p99714199044_rn4p97460890294_f12370_f21100_a0_dac1p25,K5OP,B,9,5.0,100,3,241,ac,0.0,0.0,0,1.25,0,4.997141990437619,4.974608902935586,40.0,2370.0,1100.0,,0,,,,,,,,,,,-0.04986518204534107,-0.05,-0.26963590931785575,1.1461129295887897,-0.10388707041121026,1.1666913516951154,4.82191150920648,4.929768576313516,True,True,,,,,,,,,,,,,,,,,,,,,,,,,,,,,0
s9_k5op_b_s09_pos100_tap3_mc242_cpl0_rp4p96365611923_rn4p81610003039_f12370_f21100_a0_dac1p25,K5OP,B,9,5.0,100,3,242,ac,0.0,0.0,0,1.25,0,4.963656119225819,4.816100030390195,40.0,2370.0,1100.0,,0,,,,,,,,,,,-0.049590750949342066,-0.05,-0.8184981013158676,1.3124990243509045,0.062499024350904486,1.3002770618719341,5.470983412504971,4.887622079898764,True,True,,,,,,,,,,,,,,,,,,,,,,,,,,,,,0
s9_k5op_b_s09_pos100_tap3_mc243_cpl0_rp4p93636149461_rn4p88398417069_f12370_f21100_a0_dac1p25,K5OP,B,9,5.0,100,3,243,ac,0.0,0.0,0,1.25,0,4.936361494608106,4.883984170689021,40.0,2370.0,1100.0,,0,,,,,,,,,,,-0.050041532133751065,-0.05,0.08306426750213092,1.1821115669998334,-0.06788843300016656,1.1955976724687176,4.969608393587432,4.925759713088642,True,True,,,,,,,,,,,,,,,,,,,,,,,,,,,,,0
s9_k5op_b_s09_pos100_tap3_mc244_cpl0_rp4p92283608296_rn4p91456992577_f12370_f21100_a0_dac1p25,K5OP,B,9,5.0,100,3,244,ac,0.0,0.0,0,1.25,0,4.922836082955919,4.91456992576517,40.0,2370.0,1100.0,,0,,,,,,,,,,,-0.049808005922171716,-0.05,-0.3839881556565672,1.101977798951633,-0.14802220104836694,1.1310348573612095,4.633754922912342,4.933621553588065,True,True,,,,,,,,,,,,,,,,,,,,,,,,,,,,,0
s9_k5op_b_s09_pos100_tap3_mc245_cpl0_rp4p88532259635_rn4p84707416577_f12370_f21100_a0_dac1p25,K5OP,B,9,5.0,100,3,245,ac,0.0,0.0,0,1.25,0,4.885322596348982,4.847074165771614,40.0,2370.0,1100.0,,0,,,,,,,,,,,-0.0512546507566114,-0.05,2.5093015132227947,1.4262791666860122,0.17627916668601218,1.3901315426052891,5.98852742721099,4.578294093722957,True,True,,,,,,,,,,,,,,,,,,,,,,,,,,,,,0
s9_k5op_b_s09_pos100_tap3_mc246_cpl0_rp4p97229677993_rn4p90202300027_f12370_f21100_a0_dac1p25,K5OP,B,9,5.0,100,3,246,ac,0.0,0.0,0,1.25,0,4.972296779927454,4.90202300026721,40.0,2370.0,1100.0,,0,,,,,,,,,,,-0.050315848193387414,-0.05,0.6316963867748271,1.1707468773433547,-0.0792531226566453,1.1849781123240346,4.802234689902539,4.923322911947049,True,True,,,,,,,,,,,,,,,,,,,,,,,,,,,,,0
s9_k5op_b_s09_pos100_tap3_mc247_cpl0_rp4p9067598612_rn4p83667745746_f12370_f21100_a0_dac1p25,K5OP,B,9,5.0,100,3,247,ac,0.0,0.0,0,1.25,0,4.906759861198976,4.836677457462542,40.0,2370.0,1100.0,,0,,,,,,,,,,,-0.05027496217287153,-0.05,0.549924345743058,1.3113732469284793,0.06137324692847934,1.2991792489234353,5.4868832639440495,4.891877686666898,True,True,,,,,,,,,,,,,,,,,,,,,,,,,,,,,0
s9_k5op_b_s09_pos100_tap3_mc248_cpl0_rp4p91276697059_rn4p88094372504_f12370_f21100_a0_dac1p25,K5OP,B,9,5.0,100,3,248,ac,0.0,0.0,0,1.25,0,4.912766970587882,4.880943725040297,40.0,2370.0,1100.0,,0,,,,,,,,,,,-0.0504681821504005,-0.05,0.9363643008009959,1.3559078455383518,0.10590784553835175,1.3352110395849552,5.6437642830977985,4.795428672404905,True,True,,,,,,,,,,,,,,,,,,,,,,,,,,,,,0
s9_k5op_b_s09_pos100_tap3_mc249_cpl0_rp4p80321874913_rn4p90064253942_f12370_f21100_a0_dac1p25,K5OP,B,9,5.0,100,3,249,ac,0.0,0.0,0,1.25,0,4.803218749129418,4.900642539415244,40.0,2370.0,1100.0,,0,,,,,,,,,,,-0.04964303611551646,-0.05,-0.713927768967082,1.2637373696787277,0.01373736967872774,1.2611939931755245,5.20922746923503,4.904489189776782,True,True,,,,,,,,,,,,,,,,,,,,,,,,,,,,,0
s9_k5op_b_s09_pos100_tap3_mc24_cpl0_rp4p87095090022_rn4p94382442661_f12370_f21100_a0_dac1p25,K5OP,B,9,5.0,100,3,24,ac,0.0,0.0,0,1.25,0,4.8709509002161315,4.943824426609955,40.0,2370.0,1100.0,,0,,,,,,,,,,,-0.050720847113820966,-0.05,1.441694227641932,1.3116021804034685,0.06160218040346854,1.3000437676914727,5.416466245851865,4.876296664389471,True,True,,,,,,,,,,,,,,,,,,,,,,,,,,,,,0
s9_k5op_b_s09_pos100_tap3_mc250_cpl0_rp4p90639839029_rn4p94429674382_f12370_f21100_a0_dac1p25,K5OP,B,9,5.0,100,3,250,ac,0.0,0.0,0,1.25,0,4.906398390294764,4.944296743823049,40.0,2370.0,1100.0,,0,,,,,,,,,,,-0.049485982168291365,-0.05,-1.0280356634172705,1.1898672291029,-0.06013277089710001,1.2017997605705975,4.999227904283519,4.924758962242238,True,True,,,,,,,,,,,,,,,,,,,,,,,,,,,,,0
s9_k5op_b_s09_pos100_tap3_mc251_cpl0_rp4p88829184932_rn4p83881567663_f12370_f21100_a0_dac1p25,K5OP,B,9,5.0,100,3,251,ac,0.0,0.0,0,1.25,0,4.888291849315955,4.838815676632653,40.0,2370.0,1100.0,,0,,,,,,,,,,,-0.050888065595489085,-0.05,1.7761311909781696,1.3380950731403165,0.0880950731403165,1.32107766567703,5.557943863974254,4.8435478348228935,True,True,,,,,,,,,,,,,,,,,,,,,,,,,,,,,0
s9_k5op_b_s09_pos100_tap3_mc252_cpl0_rp4p82748749781_rn4p95954260264_f12370_f21100_a0_dac1p25,K5OP,B,9,5.0,100,3,252,ac,0.0,0.0,0,1.25,0,4.827487497808149,4.959542602643575,40.0,2370.0,1100.0,,0,,,,,,,,,,,-0.05008607216260508,-0.05,0.1721443252101551,1.1832589870046164,-0.0667410129953836,1.196887292209932,5.0107230824901645,4.926664380594326,True,True,,,,,,,,,,,,,,,,,,,,,,,,,,,,,0
s9_k5op_b_s09_pos100_tap3_mc253_cpl0_rp4p88764588563_rn4p88894758767_f12370_f21100_a0_dac1p25,K5OP,B,9,5.0,100,3,253,ac,0.0,0.0,0,1.25,0,4.887645885627932,4.888947587665772,40.0,2370.0,1100.0,,0,,,,,,,,,,,-0.049369379880435105,-0.05,-1.2612402391297906,1.2592874633475624,0.009287463347562364,1.2576160359691546,5.158888539727943,4.903146597951751,True,True,,,,,,,,,,,,,,,,,,,,,,,,,,,,,0
s9_k5op_b_s09_pos100_tap3_mc254_cpl0_rp4p96697839098_rn4p94604752154_f12370_f21100_a0_dac1p25,K5OP,B,9,5.0,100,3,254,ac,0.0,0.0,0,1.25,0,4.966978390981929,4.946047521542091,40.0,2370.0,1100.0,,0,,,,,,,,,,,-0.049618167036180605,-0.05,-0.7636659276387903,1.1562960035134446,-0.09370399648655536,1.1742509778142745,4.820720192440756,4.927587756335443,True,True,,,,,,,,,,,,,,,,,,,,,,,,,,,,,0
s9_k5op_b_s09_pos100_tap3_mc255_cpl0_rp4p95577092362_rn4p82720877893_f12370_f21100_a0_dac1p25,K5OP,B,9,5.0,100,3,255,ac,0.0,0.0,0,1.25,0,4.955770923615263,4.827208778925075,40.0,2370.0,1100.0,,0,,,,,,,,,,,-0.04932888064937302,-0.05,-1.3422387012539616,1.1932409130348751,-0.05675908696512488,1.2039857153054883,4.9537062592695165,4.922166740302601,True,True,,,,,,,,,,,,,,,,,,,,,,,,,,,,,0
s9_k5op_b_s09_pos100_tap3_mc256_cpl0_rp4p96150384685_rn4p82679675165_f12370_f21100_a0_dac1p25,K5OP,B,9,5.0,100,3,256,ac,0.0,0.0,0,1.25,0,4.9615038468530726,4.82679675165486,40.0,2370.0,1100.0,,0,,,,,,,,,,,-0.0489824655710569,-0.05,-2.035068857886202,1.2287409820794613,-0.021259017920538748,1.2327749181355971,5.098560498085202,4.916091212754273,True,True,,,,,,,,,,,,,,,,,,,,,,,,,,,,,0
s9_k5op_b_s09_pos100_tap3_mc257_cpl0_rp4p86717588036_rn4p88837970906_f12370_f21100_a0_dac1p25,K5OP,B,9,5.0,100,3,257,ac,0.0,0.0,0,1.25,0,4.867175880356308,4.888379709062037,40.0,2370.0,1100.0,,0,,,,,,,,,,,-0.04970675794650159,-0.05,-0.5864841069968207,1.3656314527315803,0.11563145273158026,1.343189151397753,5.673991890274031,4.748780824998109,True,True,,,,,,,,,,,,,,,,,,,,,,,,,,,,,0
s9_k5op_b_s09_pos100_tap3_mc258_cpl0_rp4p88877692796_rn4p85246225886_f12370_f21100_a0_dac1p25,K5OP,B,9,5.0,100,3,258,ac,0.0,0.0,0,1.25,0,4.8887769279612066,4.852462258858391,40.0,2370.0,1100.0,,0,,,,,,,,,,,-0.049133796883162884,-0.05,-1.732406233674233,1.3809326052027013,0.13093260520270134,1.355996975755727,5.711774116686826,4.664305951492518,True,True,,,,,,,,,,,,,,,,,,,,,,,,,,,,,0
s9_k5op_b_s09_pos100_tap3_mc259_cpl0_rp4p9579517246_rn4p81782168776_f12370_f21100_a0_dac1p25,K5OP,B,9,5.0,100,3,259,ac,0.0,0.0,0,1.25,0,4.957951724600125,4.817821687756452,40.0,2370.0,1100.0,,0,,,,,,,,,,,-0.04883793149983218,-0.05,-2.3241370003356465,1.2371215517384413,-0.012878448261558706,1.2396895073120713,5.194548091259286,4.917378806636488,True,True,,,,,,,,,,,,,,,,,,,,,,,,,,,,,0
s9_k5op_b_s09_pos100_tap3_mc25_cpl0_rp4p94809069737_rn4p86893407988_f12370_f21100_a0_dac1p25,K5OP,B,9,5.0,100,3,25,ac,0.0,0.0,0,1.25,0,4.948090697367347,4.868934079880725,40.0,2370.0,1100.0,,0,,,,,,,,,,,-0.04902449360943306,-0.05,-1.9510127811338762,1.2538389390517966,0.0038389390517965527,1.2530642034043282,5.277259712966073,4.914740269781798,True,True,,,,,,,,,,,,,,,,,,,,,,,,,,,,,0
s9_k5op_b_s09_pos100_tap3_mc260_cpl0_rp4p8152422395_rn4p80619927478_f12370_f21100_a0_dac1p25,K5OP,B,9,5.0,100,3,260,ac,0.0,0.0,0,1.25,0,4.81524223950122,4.806199274783992,40.0,2370.0,1100.0,,0,,,,,,,,,,,-0.04994861466181888,-0.05,-0.10277067636224047,1.261772560585703,0.011772560585703085,1.259508219796321,5.247301798145994,4.908786295402858,True,True,,,,,,,,,,,,,,,,,,,,,,,,,,,,,0
s9_k5op_b_s09_pos100_tap3_mc261_cpl0_rp4p99674292571_rn4p92532545127_f12370_f21100_a0_dac1p25,K5OP,B,9,5.0,100,3,261,ac,0.0,0.0,0,1.25,0,4.996742925711324,4.925325451272178,40.0,2370.0,1100.0,,0,,,,,,,,,,,-0.05008530953532597,-0.05,0.17061907065194504,1.3080007509691083,0.05800075096910828,1.2972763994561642,5.384746378424781,4.875517968469366,True,True,,,,,,,,,,,,,,,,,,,,,,,,,,,,,0
s9_k5op_b_s09_pos100_tap3_mc262_cpl0_rp4p91344335367_rn4p99383127602_f12370_f21100_a0_dac1p25,K5OP,B,9,5.0,100,3,262,ac,0.0,0.0,0,1.25,0,4.913443353669787,4.993831276024584,40.0,2370.0,1100.0,,0,,,,,,,,,,,-0.05007728906725184,-0.05,0.15457813450368008,1.1826035868308846,-0.06739641316911538,1.1960894918673302,4.981059260808223,4.925940872299562,True,True,,,,,,,,,,,,,,,,,,,,,,,,,,,,,0
s9_k5op_b_s09_pos100_tap3_mc263_cpl0_rp4p88067085141_rn4p88387044565_f12370_f21100_a0_dac1p25,K5OP,B,9,5.0,100,3,263,ac,0.0,0.0,0,1.25,0,4.880670851412191,4.883870445650321,40.0,2370.0,1100.0,,0,,,,,,,,,,,-0.0494022945313799,-0.05,-1.1954109372402044,1.3306907531338408,0.08069075313384078,1.3156155492309718,5.487715026717694,4.835626575060915,True,True,,,,,,,,,,,,,,,,,,,,,,,,,,,,,0
s9_k5op_b_s09_pos100_tap3_mc264_cpl0_rp4p98667603636_rn4p86889694564_f12370_f21100_a0_dac1p25,K5OP,B,9,5.0,100,3,264,ac,0.0,0.0,0,1.25,0,4.9866760363581975,4.868896945639033,40.0,2370.0,1100.0,,0,,,,,,,,,,,-0.049331897075639564,-0.05,-1.3362058487208728,1.1957290526628932,-0.0542709473371068,1.2063141271010247,5.000575002612075,4.923236946457844,True,True,,,,,,,,,,,,,,,,,,,,,,,,,,,,,0
s9_k5op_b_s09_pos100_tap3_mc265_cpl0_rp4p86689686023_rn4p86443380961_f12370_f21100_a0_dac1p25,K5OP,B,9,5.0,100,3,265,ac,0.0,0.0,0,1.25,0,4.866896860230826,4.864433809607853,40.0,2370.0,1100.0,,0,,,,,,,,,,,-0.05114541561097585,-0.05,2.2908312219517057,1.3184803680593244,0.06848036805932445,1.3043747975788038,5.563459248121097,4.894812575444538,True,True,,,,,,,,,,,,,,,,,,,,,,,,,,,,,0
s9_k5op_b_s09_pos100_tap3_mc266_cpl0_rp4p98984824733_rn4p98947853282_f12370_f21100_a0_dac1p25,K5OP,B,9,5.0,100,3,266,ac,0.0,0.0,0,1.25,0,4.98984824733454,4.989478532816551,40.0,2370.0,1100.0,,0,,,,,,,,,,,-0.0514040283884909,-0.05,2.8080567769817932,1.4213470199317029,0.17134701993170287,1.3876564806125098,5.913311098758285,4.5425349393045975,True,True,,,,,,,,,,,,,,,,,,,,,,,,,,,,,0
s9_k5op_b_s09_pos100_tap3_mc267_cpl0_rp4p90256861613_rn4p8911348467_f12370_f21100_a0_dac1p25,K5OP,B,9,5.0,100,3,267,ac,0.0,0.0,0,1.25,0,4.902568616128807,4.891134846700927,40.0,2370.0,1100.0,,0,,,,,,,,,,,-0.04949543033527348,-0.05,-1.0091393294530349,1.2940917734818314,0.04409177348183135,1.2857634759932342,5.354427768416137,4.892972783546726,True,True,,,,,,,,,,,,,,,,,,,,,,,,,,,,,0
s9_k5op_b_s09_pos100_tap3_mc268_cpl0_rp4p88868272998_rn4p83524608328_f12370_f21100_a0_dac1p25,K5OP,B,9,5.0,100,3,268,ac,0.0,0.0,0,1.25,0,4.888682729983905,4.835246083280259,40.0,2370.0,1100.0,,0,,,,,,,,,,,-0.05061913606537516,-0.05,1.2382721307503175,1.2396033623000007,-0.010396637699999323,1.2417823812579272,5.272103425645916,4.919879416755354,True,True,,,,,,,,,,,,,,,,,,,,,,,,,,,,,0
s9_k5op_b_s09_pos100_tap3_mc269_cpl0_rp4p89013787621_rn4p82028690977_f12370_f21100_a0_dac1p25,K5OP,B,9,5.0,100,3,269,ac,0.0,0.0,0,1.25,0,4.890137876206749,4.820286909772111,40.0,2370.0,1100.0,,0,,,,,,,,,,,-0.050291627913179315,-0.05,0.5832558263586307,1.2946923291867158,0.04469232918671584,1.2859933063689553,5.393844049252335,4.89760932870822,True,True,,,,,,,,,,,,,,,,,,,,,,,,,,,,,0
s9_k5op_b_s09_pos100_tap3_mc26_cpl0_rp4p96840511781_rn4p83667719361_f12370_f21100_a0_dac1p25,K5OP,B,9,5.0,100,3,26,ac,0.0,0.0,0,1.25,0,4.968405117807948,4.836677193612291,40.0,2370.0,1100.0,,0,,,,,,,,,,,-0.05166793208603915,-0.05,3.3358641720782956,1.3623817442769484,0.11238174427694836,1.3400416743624302,5.69158105157255,4.7916179112490305,True,True,,,,,,,,,,,,,,,,,,,,,,,,,,,,,0
s9_k5op_b_s09_pos100_tap3_mc270_cpl0_rp4p85602543953_rn4p83284111694_f12370_f21100_a0_dac1p25,K5OP,B,9,5.0,100,3,270,ac,0.0,0.0,0,1.25,0,4.856025439530272,4.832841116941261,40.0,2370.0,1100.0,,0,,,,,,,,,,,-0.048994287972718986,-0.05,-2.0114240545620277,1.2766276777491048,0.026627677749104794,1.271448441748293,5.320700527613493,4.905182608788751,True,True,,,,,,,,,,,,,,,,,,,,,,,,,,,,,0
s9_k5op_b_s09_pos100_tap3_mc271_cpl0_rp4p95544005807_rn4p91742540498_f12370_f21100_a0_dac1p25,K5OP,B,9,5.0,100,3,271,ac,0.0,0.0,0,1.25,0,4.955440058069738,4.917425404978769,40.0,2370.0,1100.0,,0,,,,,,,,,,,-0.050281691822988694,-0.05,0.5633836459773889,1.380151486893062,0.130151486893062,1.3548898624646335,5.732131943568588,4.690900384985736,True,True,,,,,,,,,,,,,,,,,,,,,,,,,,,,,0
s9_k5op_b_s09_pos100_tap3_mc272_cpl0_rp4p89203969634_rn4p88601287793_f12370_f21100_a0_dac1p25,K5OP,B,9,5.0,100,3,272,ac,0.0,0.0,0,1.25,0,4.892039696343678,4.8860128779308205,40.0,2370.0,1100.0,,0,,,,,,,,,,,-0.04958745072807247,-0.05,-0.8250985438550629,1.4245285170273316,0.17452851702733163,1.3920287521798118,5.859180121741046,4.462951985522432,False,True,,,,,,,,,,,,,,,,,,,,,,,,,,,,,0
s9_k5op_b_s09_pos100_tap3_mc273_cpl0_rp4p87314728285_rn4p84524904536_f12370_f21100_a0_dac1p25,K5OP,B,9,5.0,100,3,273,ac,0.0,0.0,0,1.25,0,4.87314728285174,4.845249045357976,40.0,2370.0,1100.0,,0,,,,,,,,,,,-0.04897577952298393,-0.05,-2.048440954032138,1.3817790326143602,0.1317790326143602,1.356700004729048,5.714294316493321,4.66005589954175,True,True,,,,,,,,,,,,,,,,,,,,,,,,,,,,,0
s9_k5op_b_s09_pos100_tap3_mc274_cpl0_rp4p91018433355_rn4p81113553494_f12370_f21100_a0_dac1p25,K5OP,B,9,5.0,100,3,274,ac,0.0,0.0,0,1.25,0,4.910184333553857,4.811135534942751,40.0,2370.0,1100.0,,0,,,,,,,,,,,-0.049975414750078606,-0.05,-0.04917049984278776,1.4538300124685468,0.20383001246854682,1.413812432826089,6.04133395857964,4.410693858831266,False,True,,,,,,,,,,,,,,,,,,,,,,,,,,,,,0
s9_k5op_b_s09_pos100_tap3_mc275_cpl0_rp4p91968061208_rn4p81334763513_f12370_f21100_a0_dac1p25,K5OP,B,9,5.0,100,3,275,ac,0.0,0.0,0,1.25,0,4.919680612079673,4.813347635132701,40.0,2370.0,1100.0,,0,,,,,,,,,,,-0.04960634891338911,-0.05,-0.7873021732217822,1.2169539049725324,-0.03304609502746758,1.2233252516426398,5.07099869235733,4.919213416540404,True,True,,,,,,,,,,,,,,,,,,,,,,,,,,,,,0
s9_k5op_b_s09_pos100_tap3_mc276_cpl0_rp4p97496122356_rn4p97857918554_f12370_f21100_a0_dac1p25,K5OP,B,9,5.0,100,3,276,ac,0.0,0.0,0,1.25,0,4.974961223561711,4.978579185542484,40.0,2370.0,1100.0,,0,,,,,,,,,,,-0.049654130690972575,-0.05,-0.691738618054849,1.389263098381428,0.13926309838142803,1.3616889762895918,5.793961465783173,4.679843468674646,True,True,,,,,,,,,,,,,,,,,,,,,,,,,,,,,0
s9_k5op_b_s09_pos100_tap3_mc277_cpl0_rp4p95207148224_rn4p82414989704_f12370_f21100_a0_dac1p25,K5OP,B,9,5.0,100,3,277,ac,0.0,0.0,0,1.25,0,4.952071482241088,4.824149897040279,40.0,2370.0,1100.0,,0,,,,,,,,,,,-0.0500026618211713,-0.05,0.005323642342602852,1.3100643009540665,0.06006430095406645,1.2989255035074694,5.396465028404155,4.873918667585399,True,True,,,,,,,,,,,,,,,,,,,,,,,,,,,,,0
s9_k5op_b_s09_pos100_tap3_mc278_cpl0_rp4p81673972575_rn4p91947154548_f12370_f21100_a0_dac1p25,K5OP,B,9,5.0,100,3,278,ac,0.0,0.0,0,1.25,0,4.816739725753125,4.919471545478923,40.0,2370.0,1100.0,,0,,,,,,,,,,,-0.04979490229201744,-0.05,-0.41019541596512,1.183686849131097,-0.06631315086890299,1.1969142897975749,4.981267271407676,4.925763630334385,True,True,,,,,,,,,,,,,,,,,,,,,,,,,,,,,0
s9_k5op_b_s09_pos100_tap3_mc279_cpl0_rp4p99656962876_rn4p93923706344_f12370_f21100_a0_dac1p25,K5OP,B,9,5.0,100,3,279,ac,0.0,0.0,0,1.25,0,4.996569628759205,4.939237063439288,40.0,2370.0,1100.0,,0,,,,,,,,,,,-0.05040046101447038,-0.05,0.8009220289407537,1.17482693020176,-0.07517306979824001,1.1892911843653944,4.899983929889302,4.925435948628496,True,True,,,,,,,,,,,,,,,,,,,,,,,,,,,,,0
s9_k5op_b_s09_pos100_tap3_mc27_cpl0_rp4p84221243785_rn4p99596913471_f12370_f21100_a0_dac1p25,K5OP,B,9,5.0,100,3,27,ac,0.0,0.0,0,1.25,0,4.842212437846862,4.995969134714784,40.0,2370.0,1100.0,,0,,,,,,,,,,,-0.05008614655919619,-0.05,0.17229311839237482,1.2816701436732163,0.0316701436732163,1.2754172285074339,5.359926339021545,4.904989494087652,True,True,,,,,,,,,,,,,,,,,,,,,,,,,,,,,0
s9_k5op_b_s09_pos100_tap3_mc280_cpl0_rp4p88628711239_rn4p99181917924_f12370_f21100_a0_dac1p25,K5OP,B,9,5.0,100,3,280,ac,0.0,0.0,0,1.25,0,4.886287112390138,4.991819179244,40.0,2370.0,1100.0,,0,,,,,,,,,,,-0.049383431362994834,-0.05,-1.233137274010332,1.2663754449574791,0.016375444957479113,1.2632627196663084,5.2512306915359,4.906289423288265,True,True,,,,,,,,,,,,,,,,,,,,,,,,,,,,,0
s9_k5op_b_s09_pos100_tap3_mc281_cpl0_rp4p96582010468_rn4p85196234501_f12370_f21100_a0_dac1p25,K5OP,B,9,5.0,100,3,281,ac,0.0,0.0,0,1.25,0,4.965820104684439,4.851962345011119,40.0,2370.0,1100.0,,0,,,,,,,,,,,-0.05024909602216576,-0.05,0.49819204433152464,1.4570299012109895,0.20702990121098952,1.4147526308693124,6.105884096360731,4.4496448866728135,False,True,,,,,,,,,,,,,,,,,,,,,,,,,,,,,0
s9_k5op_b_s09_pos100_tap3_mc282_cpl0_rp4p91440963991_rn4p90249827447_f12370_f21100_a0_dac1p25,K5OP,B,9,5.0,100,3,282,ac,0.0,0.0,0,1.25,0,4.9144096399146555,4.902498274473063,40.0,2370.0,1100.0,,0,,,,,,,,,,,-0.0509353677049762,-0.05,1.8707354099523954,1.2937076439025492,0.04370764390254922,1.2846588857597385,5.47136854464234,4.906218031433431,True,True,,,,,,,,,,,,,,,,,,,,,,,,,,,,,0
s9_k5op_b_s09_pos100_tap3_mc283_cpl0_rp4p86388330479_rn4p80711897752_f12370_f21100_a0_dac1p25,K5OP,B,9,5.0,100,3,283,ac,0.0,0.0,0,1.25,0,4.863883304787585,4.807118977521,40.0,2370.0,1100.0,,0,,,,,,,,,,,-0.05061882909717541,-0.05,1.2376581943508214,1.4105935396405014,0.16059353964050138,1.3792203231630809,5.862086120116139,4.577337802992129,True,True,,,,,,,,,,,,,,,,,,,,,,,,,,,,,0
s9_k5op_b_s09_pos100_tap3_mc284_cpl0_rp4p87305197018_rn4p87796273137_f12370_f21100_a0_dac1p25,K5OP,B,9,5.0,100,3,284,ac,0.0,0.0,0,1.25,0,4.873051970181386,4.8779627313650185,40.0,2370.0,1100.0,,0,,,,,,,,,,,-0.050530979455474245,-0.05,1.0619589109484906,1.3433438860500297,0.09334388605002975,1.325487468964113,5.566877549102198,4.817311191214245,True,True,,,,,,,,,,,,,,,,,,,,,,,,,,,,,0
s9_k5op_b_s09_pos100_tap3_mc285_cpl0_rp4p94436651477_rn4p99774297282_f12370_f21100_a0_dac1p25,K5OP,B,9,5.0,100,3,285,ac,0.0,0.0,0,1.25,0,4.9443665147688325,4.997742972819162,40.0,2370.0,1100.0,,0,,,,,,,,,,,-0.05097532419956696,-0.05,1.9506483991339252,1.4091343746253155,0.15913437462531554,1.3761477574613403,5.934803491308173,4.661721805984796,True,True,,,,,,,,,,,,,,,,,,,,,,,,,,,,,0
s9_k5op_b_s09_pos100_tap3_mc286_cpl0_rp4p9239685101_rn4p89417343446_f12370_f21100_a0_dac1p25,K5OP,B,9,5.0,100,3,286,ac,0.0,0.0,0,1.25,0,4.9239685101041575,4.894173434460581,40.0,2370.0,1100.0,,0,,,,,,,,,,,-0.05156020985052301,-0.05,3.1204197010460177,1.381578343387414,0.13157834338741403,1.3552171436247997,5.778585229529607,4.7258900018285575,True,True,,,,,,,,,,,,,,,,,,,,,,,,,,,,,0
s9_k5op_b_s09_pos100_tap3_mc287_cpl0_rp4p81787448104_rn4p97519879239_f12370_f21100_a0_dac1p25,K5OP,B,9,5.0,100,3,287,ac,0.0,0.0,0,1.25,0,4.817874481037555,4.975198792386667,40.0,2370.0,1100.0,,0,,,,,,,,,,,-0.04937630577758645,-0.05,-1.2473884448271022,1.3602755989914181,0.11027559899141814,1.3391903616342933,5.63401233911512,4.751630462510785,True,True,,,,,,,,,,,,,,,,,,,,,,,,,,,,,0
s9_k5op_b_s09_pos100_tap3_mc288_cpl0_rp4p96893330957_rn4p92910243027_f12370_f21100_a0_dac1p25,K5OP,B,9,5.0,100,3,288,ac,0.0,0.0,0,1.25,0,4.9689333095693735,4.929102430269127,40.0,2370.0,1100.0,,0,,,,,,,,,,,-0.04943323722871984,-0.05,-1.1335255425603208,1.1453449859045244,-0.10465501409547562,1.1657835967949035,4.8006845264852025,4.929417414237587,True,True,,,,,,,,,,,,,,,,,,,,,,,,,,,,,0
s9_k5op_b_s09_pos100_tap3_mc289_cpl0_rp4p80903046599_rn4p88305635389_f12370_f21100_a0_dac1p25,K5OP,B,9,5.0,100,3,289,ac,0.0,0.0,0,1.25,0,4.809030465986894,4.883056353894581,40.0,2370.0,1100.0,,0,,,,,,,,,,,-0.05109991732794805,-0.05,2.1998346558961046,1.1726836054190646,-0.07731639458093542,1.1876843800834689,4.9017691136980766,4.926014740867401,True,True,,,,,,,,,,,,,,,,,,,,,,,,,,,,,0
s9_k5op_b_s09_pos100_tap3_mc28_cpl0_rp4p96950778313_rn4p90427093524_f12370_f21100_a0_dac1p25,K5OP,B,9,5.0,100,3,28,ac,0.0,0.0,0,1.25,0,4.969507783131816,4.904270935236131,40.0,2370.0,1100.0,,0,,,,,,,,,,,-0.04962755119576112,-0.05,-0.744897608477757,1.2465486845859524,-0.00345131541404764,1.2472038160470063,5.1702330500857645,4.911927708739634,True,True,,,,,,,,,,,,,,,,,,,,,,,,,,,,,0
s9_k5op_b_s09_pos100_tap3_mc290_cpl0_rp4p85100514753_rn4p88882970306_f12370_f21100_a0_dac1p25,K5OP,B,9,5.0,100,3,290,ac,0.0,0.0,0,1.25,0,4.85100514752832,4.8888297030556735,40.0,2370.0,1100.0,,0,,,,,,,,,,,-0.05073404605947962,-0.05,1.468092118959241,1.2512570154728861,0.0012570154728861471,1.251023468660857,5.163432210489129,4.908895416014474,True,True,,,,,,,,,,,,,,,,,,,,,,,,,,,,,0
s9_k5op_b_s09_pos100_tap3_mc291_cpl0_rp4p87694019521_rn4p8306926344_f12370_f21100_a0_dac1p25,K5OP,B,9,5.0,100,3,291,ac,0.0,0.0,0,1.25,0,4.876940195209088,4.830692634401663,40.0,2370.0,1100.0,,0,,,,,,,,,,,-0.050237107831077044,-0.05,0.47421566215408717,1.1938386940819368,-0.05616130591806323,1.2051093474126588,5.0298447705835,4.9246842374113795,True,True,,,,,,,,,,,,,,,,,,,,,,,,,,,,,0
s9_k5op_b_s09_pos100_tap3_mc292_cpl0_rp4p89265193245_rn4p83600217757_f12370_f21100_a0_dac1p25,K5OP,B,9,5.0,100,3,292,ac,0.0,0.0,0,1.25,0,4.8926519324505735,4.836002177568029,40.0,2370.0,1100.0,,0,,,,,,,,,,,-0.05027822950447458,-0.05,0.5564590089491617,1.210745911076832,-0.03925408892316806,1.218968274581041,5.155842380051224,4.924193755519592,True,True,,,,,,,,,,,,,,,,,,,,,,,,,,,,,0
s9_k5op_b_s09_pos100_tap3_mc293_cpl0_rp4p92492418595_rn4p89121378688_f12370_f21100_a0_dac1p25,K5OP,B,9,5.0,100,3,293,ac,0.0,0.0,0,1.25,0,4.924924185946928,4.891213786876586,40.0,2370.0,1100.0,,0,,,,,,,,,,,-0.05026185721166865,-0.05,0.5237144233372959,1.226474610893413,-0.02352538910658697,1.2310385878531414,5.116830703385656,4.917782395417884,True,True,,,,,,,,,,,,,,,,,,,,,,,,,,,,,0
s9_k5op_b_s09_pos100_tap3_mc294_cpl0_rp4p88144653138_rn4p96123606146_f12370_f21100_a0_dac1p25,K5OP,B,9,5.0,100,3,294,ac,0.0,0.0,0,1.25,0,4.881446531383991,4.961236061463274,40.0,2370.0,1100.0,,0,,,,,,,,,,,-0.04953462380643758,-0.05,-0.9307523871248335,1.3137453445297496,0.06374534452974956,1.3018818523449727,5.415368583354423,4.87032869553082,True,True,,,,,,,,,,,,,,,,,,,,,,,,,,,,,0
s9_k5op_b_s09_pos100_tap3_mc295_cpl0_rp4p9067341631_rn4p86006960624_f12370_f21100_a0_dac1p25,K5OP,B,9,5.0,100,3,295,ac,0.0,0.0,0,1.25,0,4.906734163100417,4.860069606237508,40.0,2370.0,1100.0,,0,,,,,,,,,,,-0.04902566079674431,-0.05,-1.9486784065113838,1.2861661948159562,0.036166194815956176,1.2791729910098737,5.351467817583714,4.900756055704747,True,True,,,,,,,,,,,,,,,,,,,,,,,,,,,,,0
s9_k5op_b_s09_pos100_tap3_mc296_cpl0_rp4p92067480854_rn4p84523268671_f12370_f21100_a0_dac1p25,K5OP,B,9,5.0,100,3,296,ac,0.0,0.0,0,1.25,0,4.920674808541191,4.845232686707793,40.0,2370.0,1100.0,,0,,,,,,,,,,,-0.04895252967547448,-0.05,-2.094940649051047,1.1290216850460595,-0.12097831495394051,1.1536910330035113,4.791908282587679,4.93227604377073,True,True,,,,,,,,,,,,,,,,,,,,,,,,,,,,,0
s9_k5op_b_s09_pos100_tap3_mc297_cpl0_rp4p87105347092_rn4p98739239032_f12370_f21100_a0_dac1p25,K5OP,B,9,5.0,100,3,297,ac,0.0,0.0,0,1.25,0,4.8710534709176745,4.987392390316434,40.0,2370.0,1100.0,,0,,,,,,,,,,,-0.04885059600727937,-0.05,-2.2988079854412646,1.2850813983460483,0.03508139834604829,1.2782580961578145,5.354472796738833,4.90195077989636,True,True,,,,,,,,,,,,,,,,,,,,,,,,,,,,,0
s9_k5op_b_s09_pos100_tap3_mc298_cpl0_rp4p86118575176_rn4p86699901285_f12370_f21100_a0_dac1p25,K5OP,B,9,5.0,100,3,298,ac,0.0,0.0,0,1.25,0,4.861185751759431,4.866999012846953,40.0,2370.0,1100.0,,0,,,,,,,,,,,-0.04849175525870608,-0.05,-3.0164894825878363,1.1893512369498151,-0.06064876305018485,1.2003121744868142,4.883908315171357,4.920782273258355,True,True,,,,,,,,,,,,,,,,,,,,,,,,,,,,,0
s9_k5op_b_s09_pos100_tap3_mc299_cpl0_rp4p90416621044_rn4p82388538802_f12370_f21100_a0_dac1p25,K5OP,B,9,5.0,100,3,299,ac,0.0,0.0,0,1.25,0,4.90416621044304,4.823885388018154,40.0,2370.0,1100.0,,0,,,,,,,,,,,-0.048382992768780664,-0.05,-3.2340144624386724,1.432653215612597,0.18265321561259706,1.3968520898065826,5.954532430658231,4.49330670575743,False,True,,,,,,,,,,,,,,,,,,,,,,,,,,,,,0
s9_k5op_b_s09_pos100_tap3_mc29_cpl0_rp4p85078460467_rn4p80797514988_f12370_f21100_a0_dac1p25,K5OP,B,9,5.0,100,3,29,ac,0.0,0.0,0,1.25,0,4.850784604666872,4.8079751498766194,40.0,2370.0,1100.0,,0,,,,,,,,,,,-0.04908751275160439,-0.05,-1.8249744967912207,1.1465302039613285,-0.10346979603867146,1.16633555715134,4.780360191206759,4.928630680644555,True,True,,,,,,,,,,,,,,,,,,,,,,,,,,,,,0
s9_k5op_b_s09_pos100_tap3_mc2_cpl0_rp4p98200254129_rn4p81433455753_f12370_f21100_a0_dac1p25,K5OP,B,9,5.0,100,3,2,ac,0.0,0.0,0,1.25,0,4.982002541288809,4.814334557529274,40.0,2370.0,1100.0,,0,,,,,,,,,,,-0.04959825083631797,-0.05,-0.8034983273640606,1.3058294827715449,0.05582948277154487,1.2952617258321792,5.403938495796021,4.88485629476513,True,True,,,,,,,,,,,,,,,,,,,,,,,,,,,,,0
s9_k5op_b_s09_pos100_tap3_mc300_cpl0_rp4p81684727174_rn4p82551800787_f12370_f21100_a0_dac1p25,K5OP,B,9,5.0,100,3,300,ac,0.0,0.0,0,1.25,0,4.816847271740415,4.82551800787176,40.0,2370.0,1100.0,,0,,,,,,,,,,,-0.050589296281193796,-0.05,1.1785925623875926,1.2436928435765169,-0.006307156423483118,1.244896307274191,5.1651420337062,4.913086068621014,True,True,,,,,,,,,,,,,,,,,,,,,,,,,,,,,0
s9_k5op_b_s09_pos100_tap3_mc301_cpl0_rp4p85482141735_rn4p83460072682_f12370_f21100_a0_dac1p25,K5OP,B,9,5.0,100,3,301,ac,0.0,0.0,0,1.25,0,4.854821417348775,4.834600726821064,40.0,2370.0,1100.0,,0,,,,,,,,,,,-0.050114771901541566,-0.05,0.22954380308313205,1.263989086196542,0.013989086196541933,1.2613061937239871,5.252591345017544,4.907902337634951,True,True,,,,,,,,,,,,,,,,,,,,,,,,,,,,,0
s9_k5op_b_s09_pos100_tap3_mc302_cpl0_rp4p8218068001_rn4p96010867454_f12370_f21100_a0_dac1p25,K5OP,B,9,5.0,100,3,302,ac,0.0,0.0,0,1.25,0,4.821806800096206,4.960108674539765,40.0,2370.0,1100.0,,0,,,,,,,,,,,-0.05067401414172945,-0.05,1.348028283458902,1.1462846237842867,-0.10371537621571325,1.1674601764211012,4.862646505431064,4.930722932698205,True,True,,,,,,,,,,,,,,,,,,,,,,,,,,,,,0
s9_k5op_b_s09_pos100_tap3_mc303_cpl0_rp4p85285258319_rn4p96337075079_f12370_f21100_a0_dac1p25,K5OP,B,9,5.0,100,3,303,ac,0.0,0.0,0,1.25,0,4.852852583191121,4.963370750787262,40.0,2370.0,1100.0,,0,,,,,,,,,,,-0.05040881643314288,-0.05,0.8176328662857557,1.3098041549964836,0.059804154996483616,1.298064523837352,5.465055366150532,4.890380702083826,True,True,,,,,,,,,,,,,,,,,,,,,,,,,,,,,0
s9_k5op_b_s09_pos100_tap3_mc304_cpl0_rp4p92094634383_rn4p86088210914_f12370_f21100_a0_dac1p25,K5OP,B,9,5.0,100,3,304,ac,0.0,0.0,0,1.25,0,4.9209463438299474,4.860882109135308,40.0,2370.0,1100.0,,0,,,,,,,,,,,-0.04999367267673138,-0.05,-0.012654646537235692,1.3754999719227012,0.12549997192270124,1.3507028360766231,5.736210785925179,4.732125497393199,True,True,,,,,,,,,,,,,,,,,,,,,,,,,,,,,0
s9_k5op_b_s09_pos100_tap3_mc305_cpl0_rp4p97839483225_rn4p8682588316_f12370_f21100_a0_dac1p25,K5OP,B,9,5.0,100,3,305,ac,0.0,0.0,0,1.25,0,4.978394832248415,4.868258831598659,40.0,2370.0,1100.0,,0,,,,,,,,,,,-0.05058270674266341,-0.05,1.165413485326816,1.282537019562623,0.03253701956262289,1.27595414378441,5.395414515015625,4.907346275755285,True,True,,,,,,,,,,,,,,,,,,,,,,,,,,,,,0
s9_k5op_b_s09_pos100_tap3_mc306_cpl0_rp4p87490229678_rn4p91103944073_f12370_f21100_a0_dac1p25,K5OP,B,9,5.0,100,3,306,ac,0.0,0.0,0,1.25,0,4.874902296777043,4.911039440734405,40.0,2370.0,1100.0,,0,,,,,,,,,,,-0.049763570475191976,-0.05,-0.47285904961604786,1.2808396830205453,0.030839683020545294,1.275173287170751,5.268760197042477,4.89590593373622,True,True,,,,,,,,,,,,,,,,,,,,,,,,,,,,,0
s9_k5op_b_s09_pos100_tap3_mc307_cpl0_rp4p87833686804_rn4p96320569423_f12370_f21100_a0_dac1p25,K5OP,B,9,5.0,100,3,307,ac,0.0,0.0,0,1.25,0,4.878336868035609,4.963205694230483,40.0,2370.0,1100.0,,0,,,,,,,,,,,-0.05065103754815947,-0.05,1.3020750963189442,1.3634159071876633,0.11341590718766326,1.3408641176122458,5.696071993084827,4.787967667665521,True,True,,,,,,,,,,,,,,,,,,,,,,,,,,,,,0
s9_k5op_b_s09_pos100_tap3_mc308_cpl0_rp4p93235483041_rn4p88495127237_f12370_f21100_a0_dac1p25,K5OP,B,9,5.0,100,3,308,ac,0.0,0.0,0,1.25,0,4.932354830405883,4.884951272365861,40.0,2370.0,1100.0,,0,,,,,,,,,,,-0.0496965590715126,-0.05,-0.6068818569747947,1.3031861974782915,0.05318619747829145,1.2927954856538808,5.432501640331285,4.893687681581411,True,True,,,,,,,,,,,,,,,,,,,,,,,,,,,,,0
s9_k5op_b_s09_pos100_tap3_mc309_cpl0_rp4p97100834128_rn4p89161582944_f12370_f21100_a0_dac1p25,K5OP,B,9,5.0,100,3,309,ac,0.0,0.0,0,1.25,0,4.9710083412809585,4.891615829444031,40.0,2370.0,1100.0,,0,,,,,,,,,,,-0.050096870014442185,-0.05,0.19374002888437047,1.3579169295235725,0.10791692952357246,1.3367530289549987,5.656281883830761,4.792023746344612,True,True,,,,,,,,,,,,,,,,,,,,,,,,,,,,,0
s9_k5op_b_s09_pos100_tap3_mc30_cpl0_rp4p83594831187_rn4p89289841018_f12370_f21100_a0_dac1p25,K5OP,B,9,5.0,100,3,30,ac,0.0,0.0,0,1.25,0,4.835948311874664,4.892898410183164,40.0,2370.0,1100.0,,0,,,,,,,,,,,-0.049298648621600716,-0.05,-1.4027027567985684,1.4410782324140619,0.19107823241406185,1.4036264998828756,5.988207093428764,4.459581234116282,False,True,,,,,,,,,,,,,,,,,,,,,,,,,,,,,0
s9_k5op_b_s09_pos100_tap3_mc310_cpl0_rp4p91915065957_rn4p88698581371_f12370_f21100_a0_dac1p25,K5OP,B,9,5.0,100,3,310,ac,0.0,0.0,0,1.25,0,4.919150659565614,4.8869858137088515,40.0,2370.0,1100.0,,0,,,,,,,,,,,-0.05025275900843784,-0.05,0.5055180168756834,1.294576029834,0.04457602983400011,1.2863221078772429,5.332722082510607,4.888672401980581,True,True,,,,,,,,,,,,,,,,,,,,,,,,,,,,,0
s9_k5op_b_s09_pos100_tap3_mc311_cpl0_rp4p97950094251_rn4p81502723685_f12370_f21100_a0_dac1p25,K5OP,B,9,5.0,100,3,311,ac,0.0,0.0,0,1.25,0,4.979500942505569,4.815027236851347,40.0,2370.0,1100.0,,0,,,,,,,,,,,-0.050099428277099456,-0.05,0.1988565541989118,1.398604142362417,0.14860414236241692,1.369578896741669,5.813877652707372,4.625043559932476,True,True,,,,,,,,,,,,,,,,,,,,,,,,,,,,,0
s9_k5op_b_s09_pos100_tap3_mc312_cpl0_rp4p85421677397_rn4p93578066086_f12370_f21100_a0_dac1p25,K5OP,B,9,5.0,100,3,312,ac,0.0,0.0,0,1.25,0,4.854216773966086,4.93578066086069,40.0,2370.0,1100.0,,0,,,,,,,,,,,-0.04922475479215427,-0.05,-1.5504904156914634,1.307126435658892,0.05712643565889208,1.2960072582048008,5.443574823678382,4.89039145199093,True,True,,,,,,,,,,,,,,,,,,,,,,,,,,,,,0
s9_k5op_b_s09_pos100_tap3_mc313_cpl0_rp4p98338584299_rn4p91619498451_f12370_f21100_a0_dac1p25,K5OP,B,9,5.0,100,3,313,ac,0.0,0.0,0,1.25,0,4.983385842985257,4.916194984507036,40.0,2370.0,1100.0,,0,,,,,,,,,,,-0.05019494335885666,-0.05,0.38988671771331695,1.4339324636786241,0.18393246367862415,1.3976479212170436,5.96788172710464,4.4964220176756475,False,True,,,,,,,,,,,,,,,,,,,,,,,,,,,,,0
s9_k5op_b_s09_pos100_tap3_mc314_cpl0_rp4p89178270321_rn4p94014608917_f12370_f21100_a0_dac1p25,K5OP,B,9,5.0,100,3,314,ac,0.0,0.0,0,1.25,0,4.891782703214047,4.940146089174542,40.0,2370.0,1100.0,,0,,,,,,,,,,,-0.050538455787279,-0.05,1.0769115745580038,1.1556824975198499,-0.09431750248015014,1.1746409876697004,4.879347588520947,4.929184469049158,True,True,,,,,,,,,,,,,,,,,,,,,,,,,,,,,0
s9_k5op_b_s09_pos100_tap3_mc315_cpl0_rp4p95978440736_rn4p8024986592_f12370_f21100_a0_dac1p25,K5OP,B,9,5.0,100,3,315,ac,0.0,0.0,0,1.25,0,4.959784407358611,4.802498659200176,40.0,2370.0,1100.0,,0,,,,,,,,,,,-0.05032857788889622,-0.05,0.6571557777924397,1.2702713153617062,0.020271315361706232,1.2664308110322757,5.262784713279885,4.9045636713412435,True,True,,,,,,,,,,,,,,,,,,,,,,,,,,,,,0
s9_k5op_b_s09_pos100_tap3_mc316_cpl0_rp4p8583602032_rn4p98732433574_f12370_f21100_a0_dac1p25,K5OP,B,9,5.0,100,3,316,ac,0.0,0.0,0,1.25,0,4.858360203204931,4.987324335735985,40.0,2370.0,1100.0,,0,,,,,,,,,,,-0.05107798277119491,-0.05,2.155965542389815,1.3993011429282816,0.14930114292828156,1.3706567742513105,5.79430025233207,4.599891105037156,True,True,,,,,,,,,,,,,,,,,,,,,,,,,,,,,0
s9_k5op_b_s09_pos100_tap3_mc317_cpl0_rp4p82552376357_rn4p82055786459_f12370_f21100_a0_dac1p25,K5OP,B,9,5.0,100,3,317,ac,0.0,0.0,0,1.25,0,4.82552376357094,4.820557864589539,40.0,2370.0,1100.0,,0,,,,,,,,,,,-0.05080978758127186,-0.05,1.6195751625437182,1.3715402687647962,0.12154026876479618,1.3482749388494684,5.680457146756533,4.708098988454179,True,True,,,,,,,,,,,,,,,,,,,,,,,,,,,,,0
s9_k5op_b_s09_pos100_tap3_mc318_cpl0_rp4p84069031269_rn4p98513015361_f12370_f21100_a0_dac1p25,K5OP,B,9,5.0,100,3,318,ac,0.0,0.0,0,1.25,0,4.840690312693934,4.985130153606704,40.0,2370.0,1100.0,,0,,,,,,,,,,,-0.05081907783691442,-0.05,1.6381556738288339,1.29217682737114,0.042176827371140035,1.2837054155353573,5.424321938326431,4.903078597786504,True,True,,,,,,,,,,,,,,,,,,,,,,,,,,,,,0
s9_k5op_b_s09_pos100_tap3_mc319_cpl0_rp4p96200176157_rn4p84345370776_f12370_f21100_a0_dac1p25,K5OP,B,9,5.0,100,3,319,ac,0.0,0.0,0,1.25,0,4.962001761568163,4.843453707764987,40.0,2370.0,1100.0,,0,,,,,,,,,,,-0.050169225643827975,-0.05,0.3384512876559498,1.0844431356137099,-0.16555686438629014,1.1168216628257777,4.558883161313606,4.9349896788919,True,True,,,,,,,,,,,,,,,,,,,,,,,,,,,,,0
s9_k5op_b_s09_pos100_tap3_mc31_cpl0_rp4p91238377778_rn4p90702706778_f12370_f21100_a0_dac1p25,K5OP,B,9,5.0,100,3,31,ac,0.0,0.0,0,1.25,0,4.91238377777619,4.907027067784478,40.0,2370.0,1100.0,,0,,,,,,,,,,,-0.050306948713449984,-0.05,0.6138974268999675,1.2493939525045474,-0.0006060474954525663,1.2495193195582817,5.292984692894381,4.9172351974083055,True,True,,,,,,,,,,,,,,,,,,,,,,,,,,,,,0
s9_k5op_b_s09_pos100_tap3_mc320_cpl0_rp4p94079104441_rn4p85031532654_f12370_f21100_a0_dac1p25,K5OP,B,9,5.0,100,3,320,ac,0.0,0.0,0,1.25,0,4.94079104441064,4.850315326540354,40.0,2370.0,1100.0,,0,,,,,,,,,,,-0.04985215725201497,-0.05,-0.295685495970055,1.1696108608663838,-0.08038913913361623,1.1847535096404496,4.853195104445639,4.925336132707905,True,True,,,,,,,,,,,,,,,,,,,,,,,,,,,,,0
s9_k5op_b_s09_pos100_tap3_mc321_cpl0_rp4p84593878108_rn4p95414659732_f12370_f21100_a0_dac1p25,K5OP,B,9,5.0,100,3,321,ac,0.0,0.0,0,1.25,0,4.84593878108377,4.954146597320956,40.0,2370.0,1100.0,,0,,,,,,,,,,,-0.05056849676936315,-0.05,1.1369935387262942,1.272617819380893,0.022617819380893023,1.2685227992612855,5.219007200185292,4.897972125182788,True,True,,,,,,,,,,,,,,,,,,,,,,,,,,,,,0
s9_k5op_b_s09_pos100_tap3_mc322_cpl0_rp4p88794486298_rn4p92582512111_f12370_f21100_a0_dac1p25,K5OP,B,9,5.0,100,3,322,ac,0.0,0.0,0,1.25,0,4.887944862983555,4.925825121113205,40.0,2370.0,1100.0,,0,,,,,,,,,,,-0.05108258490485795,-0.05,2.1651698097159056,1.4456536760628098,0.1956536760628098,1.4079783692694956,5.984247328158238,4.419017919655696,False,True,,,,,,,,,,,,,,,,,,,,,,,,,,,,,0
s9_k5op_b_s09_pos100_tap3_mc323_cpl0_rp4p90553250384_rn4p94125211623_f12370_f21100_a0_dac1p25,K5OP,B,9,5.0,100,3,323,ac,0.0,0.0,0,1.25,0,4.905532503835353,4.941252116231823,40.0,2370.0,1100.0,,0,,,,,,,,,,,-0.05018446625057571,-0.05,0.36893250115141996,1.4438000863420142,0.19380008634201418,1.406809948522723,5.9659447484134205,4.415544057677295,False,True,,,,,,,,,,,,,,,,,,,,,,,,,,,,,0
s9_k5op_b_s09_pos100_tap3_mc324_cpl0_rp4p92711695148_rn4p94017579379_f12370_f21100_a0_dac1p25,K5OP,B,9,5.0,100,3,324,ac,0.0,0.0,0,1.25,0,4.927116951481417,4.940175793790639,40.0,2370.0,1100.0,,0,,,,,,,,,,,-0.05056641468474954,-0.05,1.1328293694990776,1.1765067620602145,-0.07349323793978546,1.190693624276745,4.910722084532932,4.925340736507399,True,True,,,,,,,,,,,,,,,,,,,,,,,,,,,,,0
s9_k5op_b_s09_pos100_tap3_mc325_cpl0_rp4p97719083858_rn4p83856473353_f12370_f21100_a0_dac1p25,K5OP,B,9,5.0,100,3,325,ac,0.0,0.0,0,1.25,0,4.977190838577252,4.83856473352589,40.0,2370.0,1100.0,,0,,,,,,,,,,,-0.05121152669562923,-0.05,2.423053391258456,1.152341887961082,-0.09765811203891794,1.1706094408223795,4.775776187986281,4.92718825049398,True,True,,,,,,,,,,,,,,,,,,,,,,,,,,,,,0
s9_k5op_b_s09_pos100_tap3_mc326_cpl0_rp4p80220230232_rn4p9260628808_f12370_f21100_a0_dac1p25,K5OP,B,9,5.0,100,3,326,ac,0.0,0.0,0,1.25,0,4.802202302320365,4.9260628807986935,40.0,2370.0,1100.0,,0,,,,,,,,,,,-0.05098179505002021,-0.05,1.9635901000404132,1.2698078550575118,0.019807855057511814,1.2659876765720601,5.28280123643162,4.906522622741253,True,True,,,,,,,,,,,,,,,,,,,,,,,,,,,,,0
s9_k5op_b_s09_pos100_tap3_mc327_cpl0_rp4p98419978995_rn4p98528530742_f12370_f21100_a0_dac1p25,K5OP,B,9,5.0,100,3,327,ac,0.0,0.0,0,1.25,0,4.984199789948746,4.985285307417603,40.0,2370.0,1100.0,,0,,,,,,,,,,,-0.04935351849135072,-0.05,-1.292963017298554,1.3669459859213167,0.11694598592131666,1.3449932948710508,5.638392474909946,4.702794823490337,True,True,,,,,,,,,,,,,,,,,,,,,,,,,,,,,0
s9_k5op_b_s09_pos100_tap3_mc328_cpl0_rp4p90300382731_rn4p86494179242_f12370_f21100_a0_dac1p25,K5OP,B,9,5.0,100,3,328,ac,0.0,0.0,0,1.25,0,4.903003827305519,4.864941792415385,40.0,2370.0,1100.0,,0,,,,,,,,,,,-0.04955043306509532,-0.05,-0.8991338698093543,1.3912741914452411,0.14127419144524112,1.3632592350368384,5.803977320440035,4.673773195329262,True,True,,,,,,,,,,,,,,,,,,,,,,,,,,,,,0
s9_k5op_b_s09_pos100_tap3_mc329_cpl0_rp4p99221349543_rn4p95927698213_f12370_f21100_a0_dac1p25,K5OP,B,9,5.0,100,3,329,ac,0.0,0.0,0,1.25,0,4.992213495431391,4.9592769821292695,40.0,2370.0,1100.0,,0,,,,,,,,,,,-0.050132554532134055,-0.05,0.26510906426810976,1.3146356048435377,0.0646356048435377,1.3025490758084552,5.424561729255792,4.871049244649926,True,True,,,,,,,,,,,,,,,,,,,,,,,,,,,,,0
s9_k5op_b_s09_pos100_tap3_mc32_cpl0_rp4p96050602795_rn4p96200633114_f12370_f21100_a0_dac1p25,K5OP,B,9,5.0,100,3,32,ac,0.0,0.0,0,1.25,0,4.9605060279521584,4.962006331137889,40.0,2370.0,1100.0,,0,,,,,,,,,,,-0.04937819030416124,-0.05,-1.2436193916775196,1.3814038672110123,0.13140386721101227,1.3560044987499154,5.731962829519407,4.680718280621963,True,True,,,,,,,,,,,,,,,,,,,,,,,,,,,,,0
s9_k5op_b_s09_pos100_tap3_mc330_cpl0_rp4p91558154065_rn4p96510370256_f12370_f21100_a0_dac1p25,K5OP,B,9,5.0,100,3,330,ac,0.0,0.0,0,1.25,0,4.915581540647153,4.965103702564974,40.0,2370.0,1100.0,,0,,,,,,,,,,,-0.04888295252923003,-0.05,-2.2340949415399436,1.2827338845132732,0.03273388451327319,1.2763712870415687,5.344269067776791,4.902770570700526,True,True,,,,,,,,,,,,,,,,,,,,,,,,,,,,,0
s9_k5op_b_s09_pos100_tap3_mc331_cpl0_rp4p97558872925_rn4p83245917806_f12370_f21100_a0_dac1p25,K5OP,B,9,5.0,100,3,331,ac,0.0,0.0,0,1.25,0,4.975588729248402,4.832459178060731,40.0,2370.0,1100.0,,0,,,,,,,,,,,-0.05008154310240265,-0.05,0.16308620480529612,1.3376359182279378,0.08763591822793781,1.320372452972751,5.580869475252184,4.8592437293699255,True,True,,,,,,,,,,,,,,,,,,,,,,,,,,,,,0
s9_k5op_b_s09_pos100_tap3_mc332_cpl0_rp4p90246655749_rn4p86125622139_f12370_f21100_a0_dac1p25,K5OP,B,9,5.0,100,3,332,ac,0.0,0.0,0,1.25,0,4.902466557485988,4.861256221385882,40.0,2370.0,1100.0,,0,,,,,,,,,,,-0.04878000562253737,-0.05,-2.4399887549252597,1.2672519349503888,0.017251934950388792,1.2641092118961643,5.204526812366861,4.901321455750356,True,True,,,,,,,,,,,,,,,,,,,,,,,,,,,,,0
s9_k5op_b_s09_pos100_tap3_mc333_cpl0_rp4p82998402142_rn4p83369798188_f12370_f21100_a0_dac1p25,K5OP,B,9,5.0,100,3,333,ac,0.0,0.0,0,1.25,0,4.829984021423327,4.83369798188037,40.0,2370.0,1100.0,,0,,,,,,,,,,,-0.049432880431714565,-0.05,-1.1342391365708693,1.1106576455260235,-0.13934235447397647,1.1375197925234666,4.645660536620449,4.93240341618831,True,True,,,,,,,,,,,,,,,,,,,,,,,,,,,,,0
s9_k5op_b_s09_pos100_tap3_mc334_cpl0_rp4p9407138088_rn4p89653783335_f12370_f21100_a0_dac1p25,K5OP,B,9,5.0,100,3,334,ac,0.0,0.0,0,1.25,0,4.940713808798093,4.896537833346362,40.0,2370.0,1100.0,,0,,,,,,,,,,,-0.04985842437466914,-0.05,-0.2831512506617173,1.339831400406902,0.08983140040690207,1.3224057193207608,5.570127804109555,4.842419242837845,True,True,,,,,,,,,,,,,,,,,,,,,,,,,,,,,0
s9_k5op_b_s09_pos100_tap3_mc335_cpl0_rp4p90257119724_rn4p88311731641_f12370_f21100_a0_dac1p25,K5OP,B,9,5.0,100,3,335,ac,0.0,0.0,0,1.25,0,4.902571197242816,4.883117316405052,40.0,2370.0,1100.0,,0,,,,,,,,,,,-0.05049560627681915,-0.05,0.9912125536382987,1.2719011064890409,0.021901106489040867,1.2678356349278765,5.244956414037711,4.901559004763202,True,True,,,,,,,,,,,,,,,,,,,,,,,,,,,,,0
s9_k5op_b_s09_pos100_tap3_mc336_cpl0_rp4p81947198874_rn4p819389373_f12370_f21100_a0_dac1p25,K5OP,B,9,5.0,100,3,336,ac,0.0,0.0,0,1.25,0,4.819471988738018,4.819389372999971,40.0,2370.0,1100.0,,0,,,,,,,,,,,-0.05052782040838366,-0.05,1.0556408167673226,1.1636429742402639,-0.08635702575973614,1.1804140226051345,4.866821861242199,4.927193043914774,True,True,,,,,,,,,,,,,,,,,,,,,,,,,,,,,0
s9_k5op_b_s09_pos100_tap3_mc337_cpl0_rp4p95491820271_rn4p96581853132_f12370_f21100_a0_dac1p25,K5OP,B,9,5.0,100,3,337,ac,0.0,0.0,0,1.25,0,4.954918202712485,4.96581853132089,40.0,2370.0,1100.0,,0,,,,,,,,,,,-0.04919216183441932,-0.05,-1.6156763311613531,1.366632283325183,0.11663228332518294,1.3446461701334687,5.642180607364256,4.709085215656487,True,True,,,,,,,,,,,,,,,,,,,,,,,,,,,,,0
s9_k5op_b_s09_pos100_tap3_mc338_cpl0_rp4p9956170884_rn4p81202203629_f12370_f21100_a0_dac1p25,K5OP,B,9,5.0,100,3,338,ac,0.0,0.0,0,1.25,0,4.99561708840307,4.81202203629184,40.0,2370.0,1100.0,,0,,,,,,,,,,,-0.05091516958748876,-0.05,1.8303391749775244,1.4341939864639117,0.18419398646391172,1.397770863127546,5.9720078906055,4.498455998894194,False,True,,,,,,,,,,,,,,,,,,,,,,,,,,,,,0
s9_k5op_b_s09_pos100_tap3_mc339_cpl0_rp4p95748339794_rn4p95452081035_f12370_f21100_a0_dac1p25,K5OP,B,9,5.0,100,3,339,ac,0.0,0.0,0,1.25,0,4.957483397936279,4.954520810347603,40.0,2370.0,1100.0,,0,,,,,,,,,,,-0.0498437843156907,-0.05,-0.3124313686186042,1.1846789091048264,-0.06532109089517357,1.1968235468019615,4.897927378843001,4.922667850625717,True,True,,,,,,,,,,,,,,,,,,,,,,,,,,,,,0
s9_k5op_b_s09_pos100_tap3_mc33_cpl0_rp4p95988642499_rn4p935069326_f12370_f21100_a0_dac1p25,K5OP,B,9,5.0,100,3,33,ac,0.0,0.0,0,1.25,0,4.95988642498907,4.935069325999115,40.0,2370.0,1100.0,,0,,,,,,,,,,,-0.04871480031265918,-0.05,-2.5703993746816423,1.4191876109617976,0.16918761096179757,1.3858015733443412,5.909296345488894,4.5557954577945,True,True,,,,,,,,,,,,,,,,,,,,,,,,,,,,,0
s9_k5op_b_s09_pos100_tap3_mc340_cpl0_rp4p90220318843_rn4p92986892134_f12370_f21100_a0_dac1p25,K5OP,B,9,5.0,100,3,340,ac,0.0,0.0,0,1.25,0,4.902203188428109,4.929868921336512,40.0,2370.0,1100.0,,0,,,,,,,,,,,-0.04980200073309016,-0.05,-0.39599853381968586,1.1620222131460352,-0.08797778685396485,1.17939358697538,4.881419494345868,4.927960790759451,True,True,,,,,,,,,,,,,,,,,,,,,,,,,,,,,0
s9_k5op_b_s09_pos100_tap3_mc341_cpl0_rp4p90534040307_rn4p81497340489_f12370_f21100_a0_dac1p25,K5OP,B,9,5.0,100,3,341,ac,0.0,0.0,0,1.25,0,4.905340403071286,4.814973404890863,40.0,2370.0,1100.0,,0,,,,,,,,,,,-0.04964215408790551,-0.05,-0.7156918241889798,1.327096765236684,0.07709676523668407,1.3119447789827106,5.5357269483698754,4.874850520963131,True,True,,,,,,,,,,,,,,,,,,,,,,,,,,,,,0
s9_k5op_b_s09_pos100_tap3_mc342_cpl0_rp4p98656084792_rn4p90291156487_f12370_f21100_a0_dac1p25,K5OP,B,9,5.0,100,3,342,ac,0.0,0.0,0,1.25,0,4.986560847916738,4.902911564867305,40.0,2370.0,1100.0,,0,,,,,,,,,,,-0.04989968331389427,-0.05,-0.20063337221145616,1.2041383715763008,-0.04586162842369923,1.213067334375606,5.031959309932249,4.92177005541845,True,True,,,,,,,,,,,,,,,,,,,,,,,,,,,,,0
s9_k5op_b_s09_pos100_tap3_mc343_cpl0_rp4p99656131957_rn4p97065165292_f12370_f21100_a0_dac1p25,K5OP,B,9,5.0,100,3,343,ac,0.0,0.0,0,1.25,0,4.996561319573822,4.970651652916327,40.0,2370.0,1100.0,,0,,,,,,,,,,,-0.04978566295533726,-0.05,-0.4286740893254759,1.3837140310592422,0.13371403105924218,1.3572436772387977,5.771518507589896,4.701777393537497,True,True,,,,,,,,,,,,,,,,,,,,,,,,,,,,,0
s9_k5op_b_s09_pos100_tap3_mc344_cpl0_rp4p8299055002_rn4p9577330151_f12370_f21100_a0_dac1p25,K5OP,B,9,5.0,100,3,344,ac,0.0,0.0,0,1.25,0,4.829905500199244,4.9577330150973475,40.0,2370.0,1100.0,,0,,,,,,,,,,,-0.04969440994916585,-0.05,-0.6111801016682961,1.1995698394132326,-0.050430160586767414,1.2093096111748556,5.0036037740552946,4.922168555760007,True,True,,,,,,,,,,,,,,,,,,,,,,,,,,,,,0
s9_k5op_b_s09_pos100_tap3_mc345_cpl0_rp4p91178804964_rn4p95803916_f12370_f21100_a0_dac1p25,K5OP,B,9,5.0,100,3,345,ac,0.0,0.0,0,1.25,0,4.911788049635343,4.958039159999634,40.0,2370.0,1100.0,,0,,,,,,,,,,,-0.04888833067820286,-0.05,-2.223338643594275,1.2673833430436479,0.01738334304364786,1.2640288095985395,5.273826742221102,4.907494651122502,True,True,,,,,,,,,,,,,,,,,,,,,,,,,,,,,0
s9_k5op_b_s09_pos100_tap3_mc346_cpl0_rp4p95091706066_rn4p83074072944_f12370_f21100_a0_dac1p25,K5OP,B,9,5.0,100,3,346,ac,0.0,0.0,0,1.25,0,4.950917060659432,4.830740729440689,40.0,2370.0,1100.0,,0,,,,,,,,,,,-0.04963893268589148,-0.05,-0.7221346282170416,1.3257386414482677,0.0757386414482677,1.311826822599785,5.448007808165311,4.835572965341363,True,True,,,,,,,,,,,,,,,,,,,,,,,,,,,,,0
s9_k5op_b_s09_pos100_tap3_mc347_cpl0_rp4p81050197929_rn4p99799788589_f12370_f21100_a0_dac1p25,K5OP,B,9,5.0,100,3,347,ac,0.0,0.0,0,1.25,0,4.810501979291309,4.997997885892762,40.0,2370.0,1100.0,,0,,,,,,,,,,,-0.05059965126746002,-0.05,1.1993025349200437,1.3050760560161732,0.05507605601617316,1.2946300189648896,5.40335008944777,4.885960355218695,True,True,,,,,,,,,,,,,,,,,,,,,,,,,,,,,0
s9_k5op_b_s09_pos100_tap3_mc348_cpl0_rp4p90435188009_rn4p95296849483_f12370_f21100_a0_dac1p25,K5OP,B,9,5.0,100,3,348,ac,0.0,0.0,0,1.25,0,4.904351880087993,4.952968494829702,40.0,2370.0,1100.0,,0,,,,,,,,,,,-0.049852247452817355,-0.05,-0.29550509436528927,1.2648399111258242,0.014839911125824168,1.2619852897219557,5.2597034137709855,4.907921668034008,True,True,,,,,,,,,,,,,,,,,,,,,,,,,,,,,0
s9_k5op_b_s09_pos100_tap3_mc349_cpl0_rp4p80775995127_rn4p94290003584_f12370_f21100_a0_dac1p25,K5OP,B,9,5.0,100,3,349,ac,0.0,0.0,0,1.25,0,4.807759951268537,4.942900035838714,40.0,2370.0,1100.0,,0,,,,,,,,,,,-0.04930495034784155,-0.05,-1.3900993043169052,1.2376092897790913,-0.012390710220908652,1.2399490662607462,5.1281633562930615,4.913780839405529,True,True,,,,,,,,,,,,,,,,,,,,,,,,,,,,,0
s9_k5op_b_s09_pos100_tap3_mc34_cpl0_rp4p94041079688_rn4p86686414758_f12370_f21100_a0_dac1p25,K5OP,B,9,5.0,100,3,34,ac,0.0,0.0,0,1.25,0,4.940410796875379,4.86686414757738,40.0,2370.0,1100.0,,0,,,,,,,,,,,-0.04989986212708297,-0.05,-0.20027574583405539,1.2751929664804273,0.025192966480427348,1.2703327480984739,5.304714722310086,4.904824505846949,True,True,,,,,,,,,,,,,,,,,,,,,,,,,,,,,0
s9_k5op_b_s09_pos100_tap3_mc350_cpl0_rp4p9821021453_rn4p83073120294_f12370_f21100_a0_dac1p25,K5OP,B,9,5.0,100,3,350,ac,0.0,0.0,0,1.25,0,4.9821021453014485,4.830731202937128,40.0,2370.0,1100.0,,0,,,,,,,,,,,-0.05001109397719361,-0.05,0.022187954387220543,1.3478955710110079,0.09789557101100788,1.3282059949136487,5.648997635642537,4.851636170055767,True,True,,,,,,,,,,,,,,,,,,,,,,,,,,,,,0
s9_k5op_b_s09_pos100_tap3_mc351_cpl0_rp4p95947545201_rn4p92850750481_f12370_f21100_a0_dac1p25,K5OP,B,9,5.0,100,3,351,ac,0.0,0.0,0,1.25,0,4.959475452006212,4.928507504812834,40.0,2370.0,1100.0,,0,,,,,,,,,,,-0.05063737942309743,-0.05,1.2747588461948567,1.4160451785366235,0.16604517853662348,1.3827739925484357,5.916638190706253,4.588276762413252,True,True,,,,,,,,,,,,,,,,,,,,,,,,,,,,,0
s9_k5op_b_s09_pos100_tap3_mc352_cpl0_rp4p86151125407_rn4p80872221969_f12370_f21100_a0_dac1p25,K5OP,B,9,5.0,100,3,352,ac,0.0,0.0,0,1.25,0,4.861511254074463,4.808722219690718,40.0,2370.0,1100.0,,0,,,,,,,,,,,-0.049863901071092176,-0.05,-0.2721978578156481,1.1886585457666454,-0.061341454233354575,1.200739190066841,4.984635641216148,4.924585828179396,True,True,,,,,,,,,,,,,,,,,,,,,,,,,,,,,0
s9_k5op_b_s09_pos100_tap3_mc353_cpl0_rp4p95643416182_rn4p82999746377_f12370_f21100_a0_dac1p25,K5OP,B,9,5.0,100,3,353,ac,0.0,0.0,0,1.25,0,4.956434161817279,4.8299974637653555,40.0,2370.0,1100.0,,0,,,,,,,,,,,-0.050172885387818056,-0.05,0.3457707756361117,1.173817830806229,-0.07618216919377097,1.1891075849885033,4.94986847713089,4.92713874580267,True,True,,,,,,,,,,,,,,,,,,,,,,,,,,,,,0
s9_k5op_b_s09_pos100_tap3_mc354_cpl0_rp4p84962509036_rn4p80721882217_f12370_f21100_a0_dac1p25,K5OP,B,9,5.0,100,3,354,ac,0.0,0.0,0,1.25,0,4.8496250903626885,4.807218822168093,40.0,2370.0,1100.0,,0,,,,,,,,,,,-0.04910348043771995,-0.05,-1.793039124560103,1.1976150799828307,-0.05238492001716932,1.2077825632233052,5.0019719812352665,4.922683264059298,True,True,,,,,,,,,,,,,,,,,,,,,,,,,,,,,0
s9_k5op_b_s09_pos100_tap3_mc355_cpl0_rp4p94433603634_rn4p87460786106_f12370_f21100_a0_dac1p25,K5OP,B,9,5.0,100,3,355,ac,0.0,0.0,0,1.25,0,4.944336036342694,4.8746078610627555,40.0,2370.0,1100.0,,0,,,,,,,,,,,-0.0499509935543796,-0.05,-0.09801289124080625,1.4123078655401045,0.16230786554010446,1.3791811047899016,5.926265099373067,4.627800998884115,True,True,,,,,,,,,,,,,,,,,,,,,,,,,,,,,0
s9_k5op_b_s09_pos100_tap3_mc356_cpl0_rp4p83543496854_rn4p92643634125_f12370_f21100_a0_dac1p25,K5OP,B,9,5.0,100,3,356,ac,0.0,0.0,0,1.25,0,4.835434968537871,4.926436341247537,40.0,2370.0,1100.0,,0,,,,,,,,,,,-0.0492497266366021,-0.05,-1.500546726795804,1.2802005678974306,0.03020056789743064,1.274485509759139,5.301106313323704,4.900497859092198,True,True,,,,,,,,,,,,,,,,,,,,,,,,,,,,,0
s9_k5op_b_s09_pos100_tap3_mc357_cpl0_rp4p85171281517_rn4p97429835531_f12370_f21100_a0_dac1p25,K5OP,B,9,5.0,100,3,357,ac,0.0,0.0,0,1.25,0,4.851712815170218,4.974298355305494,40.0,2370.0,1100.0,,0,,,,,,,,,,,-0.05025809227653166,-0.05,0.5161845530633258,1.1516551685778968,-0.09834483142210315,1.1694164610942088,4.732336144015131,4.926128099058086,True,True,,,,,,,,,,,,,,,,,,,,,,,,,,,,,0
s9_k5op_b_s09_pos100_tap3_mc358_cpl0_rp4p95073484148_rn4p83316653686_f12370_f21100_a0_dac1p25,K5OP,B,9,5.0,100,3,358,ac,0.0,0.0,0,1.25,0,4.950734841476744,4.83316653685868,40.0,2370.0,1100.0,,0,,,,,,,,,,,-0.04897734411699162,-0.05,-2.0453117660167663,1.287851313550217,0.03785131355021698,1.2807975854261897,5.31335268322664,4.894335393307201,True,True,,,,,,,,,,,,,,,,,,,,,,,,,,,,,0
s9_k5op_b_s09_pos100_tap3_mc359_cpl0_rp4p93716222101_rn4p91789299485_f12370_f21100_a0_dac1p25,K5OP,B,9,5.0,100,3,359,ac,0.0,0.0,0,1.25,0,4.937162221005011,4.9178929948462615,40.0,2370.0,1100.0,,0,,,,,,,,,,,-0.04968993791033105,-0.05,-0.6201241793378998,1.211240201323577,-0.038759798676422985,1.2187906794703371,5.061067778407107,4.920718184420542,True,True,,,,,,,,,,,,,,,,,,,,,,,,,,,,,0
s9_k5op_b_s09_pos100_tap3_mc35_cpl0_rp4p95208791014_rn4p99208304511_f12370_f21100_a0_dac1p25,K5OP,B,9,5.0,100,3,35,ac,0.0,0.0,0,1.25,0,4.952087910136527,4.992083045111767,40.0,2370.0,1100.0,,0,,,,,,,,,,,-0.04936262811024772,-0.05,-1.2747437795045613,1.385449906930416,0.13544990693041603,1.3605617495562026,5.687246505970837,4.603647212019236,True,True,,,,,,,,,,,,,,,,,,,,,,,,,,,,,0
s9_k5op_b_s09_pos100_tap3_mc360_cpl0_rp4p82135856404_rn4p87489965256_f12370_f21100_a0_dac1p25,K5OP,B,9,5.0,100,3,360,ac,0.0,0.0,0,1.25,0,4.821358564040581,4.874899652559036,40.0,2370.0,1100.0,,0,,,,,,,,,,,-0.05049597926016336,-0.05,0.9919585203267189,1.271391770491284,0.021391770491284046,1.2669417104629068,5.388776357092043,4.91295266569192,True,True,,,,,,,,,,,,,,,,,,,,,,,,,,,,,0
s9_k5op_b_s09_pos100_tap3_mc361_cpl0_rp4p86248091917_rn4p82293002995_f12370_f21100_a0_dac1p25,K5OP,B,9,5.0,100,3,361,ac,0.0,0.0,0,1.25,0,4.862480919167026,4.822930029950884,40.0,2370.0,1100.0,,0,,,,,,,,,,,-0.05115777318119408,-0.05,2.3155463623881545,1.1570705446582081,-0.09292945534179187,1.1755559076467808,4.871192664849874,4.928688076718293,True,True,,,,,,,,,,,,,,,,,,,,,,,,,,,,,0
s9_k5op_b_s09_pos100_tap3_mc362_cpl0_rp4p9542069252_rn4p96607958157_f12370_f21100_a0_dac1p25,K5OP,B,9,5.0,100,3,362,ac,0.0,0.0,0,1.25,0,4.954206925200493,4.966079581566705,40.0,2370.0,1100.0,,0,,,,,,,,,,,-0.049722927096265135,-0.05,-0.5541458074697303,1.2324955857677404,-0.01750441423225957,1.235973530514508,5.171396788205097,4.918029615358402,True,True,,,,,,,,,,,,,,,,,,,,,,,,,,,,,0
s9_k5op_b_s09_pos100_tap3_mc363_cpl0_rp4p90238655191_rn4p98796905454_f12370_f21100_a0_dac1p25,K5OP,B,9,5.0,100,3,363,ac,0.0,0.0,0,1.25,0,4.902386551911495,4.987969054540464,40.0,2370.0,1100.0,,0,,,,,,,,,,,-0.05093974478949104,-0.05,1.8794895789820742,1.4090597801141822,0.1590597801141822,1.376458656461783,5.919001844427191,4.6465201757680505,True,True,,,,,,,,,,,,,,,,,,,,,,,,,,,,,0
s9_k5op_b_s09_pos100_tap3_mc364_cpl0_rp4p93064728425_rn4p90218938398_f12370_f21100_a0_dac1p25,K5OP,B,9,5.0,100,3,364,ac,0.0,0.0,0,1.25,0,4.930647284245638,4.902189383984671,40.0,2370.0,1100.0,,0,,,,,,,,,,,-0.04938434761905253,-0.05,-1.2313047618949469,1.3522444074702449,0.10224440747024488,1.3328010461683297,5.595222626133733,4.776782996758421,True,True,,,,,,,,,,,,,,,,,,,,,,,,,,,,,0
s9_k5op_b_s09_pos100_tap3_mc365_cpl0_rp4p89352669764_rn4p99713850694_f12370_f21100_a0_dac1p25,K5OP,B,9,5.0,100,3,365,ac,0.0,0.0,0,1.25,0,4.893526697639626,4.9971385069410745,40.0,2370.0,1100.0,,0,,,,,,,,,,,-0.0499565061057794,-0.05,-0.08698778844120625,1.2164187338698071,-0.033581266130192855,1.223097407192928,5.108341274677969,4.920944681149172,True,True,,,,,,,,,,,,,,,,,,,,,,,,,,,,,0
s9_k5op_b_s09_pos100_tap3_mc366_cpl0_rp4p92708777645_rn4p95060794107_f12370_f21100_a0_dac1p25,K5OP,B,9,5.0,100,3,366,ac,0.0,0.0,0,1.25,0,4.927087776453835,4.950607941074332,40.0,2370.0,1100.0,,0,,,,,,,,,,,-0.04854956606510141,-0.05,-2.9008678697971746,1.2726243035836429,0.02262430358364287,1.2683434337414736,5.270665572697686,4.903605097605291,True,True,,,,,,,,,,,,,,,,,,,,,,,,,,,,,0
s9_k5op_b_s09_pos100_tap3_mc367_cpl0_rp4p9587155105_rn4p84268748339_f12370_f21100_a0_dac1p25,K5OP,B,9,5.0,100,3,367,ac,0.0,0.0,0,1.25,0,4.958715510498481,4.842687483386079,40.0,2370.0,1100.0,,0,,,,,,,,,,,-0.05092986138204081,-0.05,1.8597227640816172,1.2090715565876928,-0.04092844341230717,1.2169410001059926,5.036064286271818,4.920450467664577,True,True,,,,,,,,,,,,,,,,,,,,,,,,,,,,,0
s9_k5op_b_s09_pos100_tap3_mc368_cpl0_rp4p810449634_rn4p86473871651_f12370_f21100_a0_dac1p25,K5OP,B,9,5.0,100,3,368,ac,0.0,0.0,0,1.25,0,4.810449634000735,4.864738716514117,40.0,2370.0,1100.0,,0,,,,,,,,,,,-0.04975984130792366,-0.05,-0.4803173841526842,1.2955845050598969,0.04558450505989686,1.2872478551504845,5.322363411719765,4.884983398579047,True,True,,,,,,,,,,,,,,,,,,,,,,,,,,,,,0
s9_k5op_b_s09_pos100_tap3_mc369_cpl0_rp4p83780655351_rn4p96173884227_f12370_f21100_a0_dac1p25,K5OP,B,9,5.0,100,3,369,ac,0.0,0.0,0,1.25,0,4.8378065535060415,4.961738842269194,40.0,2370.0,1100.0,,0,,,,,,,,,,,-0.04981942581926635,-0.05,-0.36114836146730056,1.3103036881632504,0.06030368816325038,1.2987398250477649,5.437694018581176,4.884361890079047,True,True,,,,,,,,,,,,,,,,,,,,,,,,,,,,,0
s9_k5op_b_s09_pos100_tap3_mc36_cpl0_rp4p89051213336_rn4p91102046899_f12370_f21100_a0_dac1p25,K5OP,B,9,5.0,100,3,36,ac,0.0,0.0,0,1.25,0,4.890512133363556,4.911020468986035,40.0,2370.0,1100.0,,0,,,,,,,,,,,-0.05181208494523082,-0.05,3.624169890461637,1.4151277024382267,0.16512770243822672,1.3831353582589088,5.869768209968436,4.548746590462572,True,True,,,,,,,,,,,,,,,,,,,,,,,,,,,,,0
s9_k5op_b_s09_pos100_tap3_mc370_cpl0_rp4p87013601696_rn4p83252297655_f12370_f21100_a0_dac1p25,K5OP,B,9,5.0,100,3,370,ac,0.0,0.0,0,1.25,0,4.870136016964239,4.832522976546414,40.0,2370.0,1100.0,,0,,,,,,,,,,,-0.051263915232586665,-0.05,2.5278304651733308,1.3159500104028823,0.06595001040288229,1.3029539829651453,5.4945688748909784,4.8867105561974,True,True,,,,,,,,,,,,,,,,,,,,,,,,,,,,,0
s9_k5op_b_s09_pos100_tap3_mc371_cpl0_rp4p86654325462_rn4p88635229818_f12370_f21100_a0_dac1p25,K5OP,B,9,5.0,100,3,371,ac,0.0,0.0,0,1.25,0,4.8665432546165865,4.886352298180757,40.0,2370.0,1100.0,,0,,,,,,,,,,,-0.049585823442168664,-0.05,-0.8283531156626722,1.1909753223696002,-0.05902467763039976,1.2019636557627293,4.924653007452687,4.921825909115948,True,True,,,,,,,,,,,,,,,,,,,,,,,,,,,,,0
s9_k5op_b_s09_pos100_tap3_mc372_cpl0_rp4p86454746998_rn4p81397610298_f12370_f21100_a0_dac1p25,K5OP,B,9,5.0,100,3,372,ac,0.0,0.0,0,1.25,0,4.864547469978217,4.813976102978372,40.0,2370.0,1100.0,,0,,,,,,,,,,,-0.04890080178700407,-0.05,-2.1983964259918665,1.2019759863753894,-0.04802401362461062,1.2111767417288322,5.003265339812108,4.921465731093604,True,True,,,,,,,,,,,,,,,,,,,,,,,,,,,,,0
s9_k5op_b_s09_pos100_tap3_mc373_cpl0_rp4p82021042013_rn4p87152732858_f12370_f21100_a0_dac1p25,K5OP,B,9,5.0,100,3,373,ac,0.0,0.0,0,1.25,0,4.820210420133134,4.87152732857917,40.0,2370.0,1100.0,,0,,,,,,,,,,,-0.050648860861362,-0.05,1.297721722723999,1.1889071472383566,-0.061092852761643446,1.2010915268173732,5.001958414889728,4.925026276034679,True,True,,,,,,,,,,,,,,,,,,,,,,,,,,,,,0
s9_k5op_b_s09_pos100_tap3_mc374_cpl0_rp4p96597706609_rn4p9266079295_f12370_f21100_a0_dac1p25,K5OP,B,9,5.0,100,3,374,ac,0.0,0.0,0,1.25,0,4.9659770660885005,4.926607929503884,40.0,2370.0,1100.0,,0,,,,,,,,,,,-0.049966689024401045,-0.05,-0.06662195119790937,1.2246675972796268,-0.02533240272037318,1.2296083994046234,5.1163133557853,4.918437665281734,True,True,,,,,,,,,,,,,,,,,,,,,,,,,,,,,0
s9_k5op_b_s09_pos100_tap3_mc375_cpl0_rp4p96166779053_rn4p84369760712_f12370_f21100_a0_dac1p25,K5OP,B,9,5.0,100,3,375,ac,0.0,0.0,0,1.25,0,4.961667790527332,4.843697607124357,40.0,2370.0,1100.0,,0,,,,,,,,,,,-0.05086723371052315,-0.05,1.734467421046304,1.439664292553004,0.1896642925530041,1.4020909358300555,5.996247591854665,4.478933251430593,False,True,,,,,,,,,,,,,,,,,,,,,,,,,,,,,0
s9_k5op_b_s09_pos100_tap3_mc376_cpl0_rp4p81682870265_rn4p98341790765_f12370_f21100_a0_dac1p25,K5OP,B,9,5.0,100,3,376,ac,0.0,0.0,0,1.25,0,4.816828702649654,4.983417907650963,40.0,2370.0,1100.0,,0,,,,,,,,,,,-0.04960149642005973,-0.05,-0.7970071598805362,1.3905322545030532,0.14053225450305318,1.3634935642771349,5.762736406388351,4.638476112550874,True,True,,,,,,,,,,,,,,,,,,,,,,,,,,,,,0
s9_k5op_b_s09_pos100_tap3_mc377_cpl0_rp4p97531267993_rn4p96638275321_f12370_f21100_a0_dac1p25,K5OP,B,9,5.0,100,3,377,ac,0.0,0.0,0,1.25,0,4.975312679925663,4.96638275321214,40.0,2370.0,1100.0,,0,,,,,,,,,,,-0.05126079920159787,-0.05,2.521598403195746,1.2709502830548645,0.02095028305486446,1.2669863215633812,5.263921413242111,4.9040903934250855,True,True,,,,,,,,,,,,,,,,,,,,,,,,,,,,,0
s9_k5op_b_s09_pos100_tap3_mc378_cpl0_rp4p98102116802_rn4p95759466643_f12370_f21100_a0_dac1p25,K5OP,B,9,5.0,100,3,378,ac,0.0,0.0,0,1.25,0,4.981021168023387,4.957594666434592,40.0,2370.0,1100.0,,0,,,,,,,,,,,-0.04930200624023273,-0.05,-1.3959875195345361,1.1851462654748126,-0.06485373452518739,1.197762175078678,4.954923243398948,4.924579614784758,True,True,,,,,,,,,,,,,,,,,,,,,,,,,,,,,0
s9_k5op_b_s09_pos100_tap3_mc379_cpl0_rp4p85025387931_rn4p81333884203_f12370_f21100_a0_dac1p25,K5OP,B,9,5.0,100,3,379,ac,0.0,0.0,0,1.25,0,4.8502538793082275,4.813338842027529,40.0,2370.0,1100.0,,0,,,,,,,,,,,-0.050429375255420794,-0.05,0.8587505108415883,1.2134367344755441,-0.03656326552445588,1.2203201658735487,5.027822862601058,4.918519243456634,True,True,,,,,,,,,,,,,,,,,,,,,,,,,,,,,0
s9_k5op_b_s09_pos100_tap3_mc37_cpl0_rp4p91353117255_rn4p90618399729_f12370_f21100_a0_dac1p25,K5OP,B,9,5.0,100,3,37,ac,0.0,0.0,0,1.25,0,4.913531172554432,4.9061839972879255,40.0,2370.0,1100.0,,0,,,,,,,,,,,-0.04925716016749737,-0.05,-1.4856796650052573,1.4187499414253544,0.16874994142535438,1.3851368391213654,5.919681812391438,4.569682280988629,True,True,,,,,,,,,,,,,,,,,,,,,,,,,,,,,0
s9_k5op_b_s09_pos100_tap3_mc380_cpl0_rp4p8342499485_rn4p80841874944_f12370_f21100_a0_dac1p25,K5OP,B,9,5.0,100,3,380,ac,0.0,0.0,0,1.25,0,4.834249948504327,4.808418749436675,40.0,2370.0,1100.0,,0,,,,,,,,,,,-0.050713712678991385,-0.05,1.42742535798277,1.282227090402675,0.03222709040267491,1.2755627863896266,5.4238624260146295,4.909586666186443,True,True,,,,,,,,,,,,,,,,,,,,,,,,,,,,,0
s9_k5op_b_s09_pos100_tap3_mc381_cpl0_rp4p93833998422_rn4p95849003087_f12370_f21100_a0_dac1p25,K5OP,B,9,5.0,100,3,381,ac,0.0,0.0,0,1.25,0,4.938339984218674,4.958490030869813,40.0,2370.0,1100.0,,0,,,,,,,,,,,-0.04919729900079384,-0.05,-1.6054019984123258,1.302254940473779,0.0522549404737791,1.2921611545780536,5.414540155876118,4.892097570131299,True,True,,,,,,,,,,,,,,,,,,,,,,,,,,,,,0
s9_k5op_b_s09_pos100_tap3_mc382_cpl0_rp4p85980346978_rn4p9255657309_f12370_f21100_a0_dac1p25,K5OP,B,9,5.0,100,3,382,ac,0.0,0.0,0,1.25,0,4.8598034697783765,4.925565730900889,40.0,2370.0,1100.0,,0,,,,,,,,,,,-0.050813262995255126,-0.05,1.6265259905102525,1.2482478882286678,-0.0017521117713321654,1.24857788159778,5.167574364096003,4.910872652212729,True,True,,,,,,,,,,,,,,,,,,,,,,,,,,,,,0
s9_k5op_b_s09_pos100_tap3_mc383_cpl0_rp4p93533219708_rn4p99686233652_f12370_f21100_a0_dac1p25,K5OP,B,9,5.0,100,3,383,ac,0.0,0.0,0,1.25,0,4.93533219707689,4.9968623365198095,40.0,2370.0,1100.0,,0,,,,,,,,,,,-0.04938633787518798,-0.05,-1.22732424962404,1.2983960292064696,0.04839602920646957,1.2891145304093492,5.390203392066388,4.893163542502998,True,True,,,,,,,,,,,,,,,,,,,,,,,,,,,,,0
s9_k5op_b_s09_pos100_tap3_mc384_cpl0_rp4p82681854755_rn4p89418104924_f12370_f21100_a0_dac1p25,K5OP,B,9,5.0,100,3,384,ac,0.0,0.0,0,1.25,0,4.826818547547624,4.894181049244806,40.0,2370.0,1100.0,,0,,,,,,,,,,,-0.05092977413363897,-0.05,1.859548267277944,1.3908477356118198,0.14084773561181985,1.3620418055047718,5.843210264392363,4.716379675072082,True,True,,,,,,,,,,,,,,,,,,,,,,,,,,,,,0
s9_k5op_b_s09_pos100_tap3_mc385_cpl0_rp4p82334653952_rn4p96920156457_f12370_f21100_a0_dac1p25,K5OP,B,9,5.0,100,3,385,ac,0.0,0.0,0,1.25,0,4.823346539518324,4.969201564568424,40.0,2370.0,1100.0,,0,,,,,,,,,,,-0.05146427022009625,-0.05,2.9285404401925064,1.1408849268340517,-0.10911507316594826,1.1611485821253744,4.721401205322369,4.9282557364332975,True,True,,,,,,,,,,,,,,,,,,,,,,,,,,,,,0
s9_k5op_b_s09_pos100_tap3_mc386_cpl0_rp4p9492909582_rn4p92820090188_f12370_f21100_a0_dac1p25,K5OP,B,9,5.0,100,3,386,ac,0.0,0.0,0,1.25,0,4.949290958203621,4.928200901884112,40.0,2370.0,1100.0,,0,,,,,,,,,,,-0.04892347252741569,-0.05,-2.15305494516862,1.2670110315572827,0.017011031557282674,1.2638619191969578,5.222188478495328,4.903234260157053,True,True,,,,,,,,,,,,,,,,,,,,,,,,,,,,,0
s9_k5op_b_s09_pos100_tap3_mc387_cpl0_rp4p91077197555_rn4p87562027692_f12370_f21100_a0_dac1p25,K5OP,B,9,5.0,100,3,387,ac,0.0,0.0,0,1.25,0,4.91077197555383,4.875620276920817,40.0,2370.0,1100.0,,0,,,,,,,,,,,-0.050229078745704925,-0.05,0.4581574914098496,1.2911793223899564,0.04117932238995636,1.2833057642359311,5.357606809001908,4.8966499920548685,True,True,,,,,,,,,,,,,,,,,,,,,,,,,,,,,0
s9_k5op_b_s09_pos100_tap3_mc388_cpl0_rp4p8967202948_rn4p96860524371_f12370_f21100_a0_dac1p25,K5OP,B,9,5.0,100,3,388,ac,0.0,0.0,0,1.25,0,4.896720294796431,4.9686052437063335,40.0,2370.0,1100.0,,0,,,,,,,,,,,-0.050524887290761544,-0.05,1.0497745815230886,1.3048550917546071,0.05485509175460712,1.29345512588611,5.521243355017965,4.902633500422134,True,True,,,,,,,,,,,,,,,,,,,,,,,,,,,,,0
s9_k5op_b_s09_pos100_tap3_mc389_cpl0_rp4p80341691496_rn4p80398045639_f12370_f21100_a0_dac1p25,K5OP,B,9,5.0,100,3,389,ac,0.0,0.0,0,1.25,0,4.803416914963317,4.803980456388981,40.0,2370.0,1100.0,,0,,,,,,,,,,,-0.04978163809133074,-0.05,-0.4367238173385246,1.4323200126327855,0.18232001263278552,1.3968258513313954,5.944601781098823,4.486041680036513,False,True,,,,,,,,,,,,,,,,,,,,,,,,,,,,,0
s9_k5op_b_s09_pos100_tap3_mc38_cpl0_rp4p95872617372_rn4p86957208005_f12370_f21100_a0_dac1p25,K5OP,B,9,5.0,100,3,38,ac,0.0,0.0,0,1.25,0,4.958726173715687,4.869572080054028,40.0,2370.0,1100.0,,0,,,,,,,,,,,-0.04953744065955501,-0.05,-0.9251186808899803,1.3732618946567086,0.12326189465670856,1.3491364538282462,5.71514235372376,4.728971009286308,True,True,,,,,,,,,,,,,,,,,,,,,,,,,,,,,0
s9_k5op_b_s09_pos100_tap3_mc390_cpl0_rp4p8339069814_rn4p91507442577_f12370_f21100_a0_dac1p25,K5OP,B,9,5.0,100,3,390,ac,0.0,0.0,0,1.25,0,4.833906981402235,4.915074425769694,40.0,2370.0,1100.0,,0,,,,,,,,,,,-0.05056258873263886,-0.05,1.1251774652777158,1.406345915204694,0.15634591520469399,1.3750441203520514,5.876752873629625,4.625984524598933,True,True,,,,,,,,,,,,,,,,,,,,,,,,,,,,,0
s9_k5op_b_s09_pos100_tap3_mc391_cpl0_rp4p88553270259_rn4p9329426081_f12370_f21100_a0_dac1p25,K5OP,B,9,5.0,100,3,391,ac,0.0,0.0,0,1.25,0,4.885532702587025,4.932942608102221,40.0,2370.0,1100.0,,0,,,,,,,,,,,-0.0494117200659705,-0.05,-1.1765598680590017,1.1718932891546825,-0.0781067108453175,1.1868823218663251,4.884978942928173,4.9258104243479535,True,True,,,,,,,,,,,,,,,,,,,,,,,,,,,,,0
s9_k5op_b_s09_pos100_tap3_mc392_cpl0_rp4p83513013559_rn4p89780080987_f12370_f21100_a0_dac1p25,K5OP,B,9,5.0,100,3,392,ac,0.0,0.0,0,1.25,0,4.83513013559402,4.897800809870664,40.0,2370.0,1100.0,,0,,,,,,,,,,,-0.05103306413430264,-0.05,2.066128268605283,1.3675015219347444,0.11750152193474439,1.344958969081199,5.6670548436486445,4.726971734981573,True,True,,,,,,,,,,,,,,,,,,,,,,,,,,,,,0
s9_k5op_b_s09_pos100_tap3_mc393_cpl0_rp4p80353684907_rn4p93527749599_f12370_f21100_a0_dac1p25,K5OP,B,9,5.0,100,3,393,ac,0.0,0.0,0,1.25,0,4.80353684906974,4.935277495986037,40.0,2370.0,1100.0,,0,,,,,,,,,,,-0.04935435924110276,-0.05,-1.2912815177944736,1.1479110890220767,-0.10208891097792328,1.168131008384814,4.828956037203218,4.929486659297143,True,True,,,,,,,,,,,,,,,,,,,,,,,,,,,,,0
s9_k5op_b_s09_pos100_tap3_mc394_cpl0_rp4p82055042637_rn4p8023678576_f12370_f21100_a0_dac1p25,K5OP,B,9,5.0,100,3,394,ac,0.0,0.0,0,1.25,0,4.820550426374241,4.802367857598705,40.0,2370.0,1100.0,,0,,,,,,,,,,,-0.04920151419790075,-0.05,-1.5969716041984938,1.3781179440802005,0.1281179440802005,1.3536799674739304,5.702436417002431,4.677480790393733,True,True,,,,,,,,,,,,,,,,,,,,,,,,,,,,,0
s9_k5op_b_s09_pos100_tap3_mc395_cpl0_rp4p89495892087_rn4p93433731851_f12370_f21100_a0_dac1p25,K5OP,B,9,5.0,100,3,395,ac,0.0,0.0,0,1.25,0,4.894958920869686,4.93433731850674,40.0,2370.0,1100.0,,0,,,,,,,,,,,-0.05070507957974035,-0.05,1.4101591594807061,1.231108460530066,-0.01889153946993405,1.2347860734129836,5.1396861518983155,4.917091795867706,True,True,,,,,,,,,,,,,,,,,,,,,,,,,,,,,0
s9_k5op_b_s09_pos100_tap3_mc396_cpl0_rp4p98745526316_rn4p86824203872_f12370_f21100_a0_dac1p25,K5OP,B,9,5.0,100,3,396,ac,0.0,0.0,0,1.25,0,4.987455263162662,4.868242038715888,40.0,2370.0,1100.0,,0,,,,,,,,,,,-0.05091853207567665,-0.05,1.837064151353296,1.375356515299761,0.1253565152997611,1.3500856800361152,5.761892534217914,4.758804760090989,True,True,,,,,,,,,,,,,,,,,,,,,,,,,,,,,0
s9_k5op_b_s09_pos100_tap3_mc397_cpl0_rp4p90265991512_rn4p90356505476_f12370_f21100_a0_dac1p25,K5OP,B,9,5.0,100,3,397,ac,0.0,0.0,0,1.25,0,4.902659915120735,4.90356505476135,40.0,2370.0,1100.0,,0,,,,,,,,,,,-0.04961551366791106,-0.05,-0.7689726641778805,1.2023183809328009,-0.047681619067199144,1.211199125639229,4.970569586809125,4.920016887926571,True,True,,,,,,,,,,,,,,,,,,,,,,,,,,,,,0
s9_k5op_b_s09_pos100_tap3_mc398_cpl0_rp4p80471789267_rn4p89921458537_f12370_f21100_a0_dac1p25,K5OP,B,9,5.0,100,3,398,ac,0.0,0.0,0,1.25,0,4.804717892669463,4.899214585370171,40.0,2370.0,1100.0,,0,,,,,,,,,,,-0.05011782478868687,-0.05,0.23564957737374215,1.257362462037052,0.007362462037052042,1.2559512968544588,5.225349382625273,4.909858281869793,True,True,,,,,,,,,,,,,,,,,,,,,,,,,,,,,0
s9_k5op_b_s09_pos100_tap3_mc399_cpl0_rp4p94975224819_rn4p92047709746_f12370_f21100_a0_dac1p25,K5OP,B,9,5.0,100,3,399,ac,0.0,0.0,0,1.25,0,4.949752248185426,4.920477097461969,40.0,2370.0,1100.0,,0,,,,,,,,,,,-0.050434231911242744,-0.05,0.8684638224854879,1.1779052792867917,-0.07209472071320833,1.1919697524984392,4.929552110587231,4.9255181503445336,True,True,,,,,,,,,,,,,,,,,,,,,,,,,,,,,0
s9_k5op_b_s09_pos100_tap3_mc39_cpl0_rp4p8405063552_rn4p81892231565_f12370_f21100_a0_dac1p25,K5OP,B,9,5.0,100,3,39,ac,0.0,0.0,0,1.25,0,4.84050635520103,4.818922315649883,40.0,2370.0,1100.0,,0,,,,,,,,,,,-0.05074425605982702,-0.05,1.4885121196540396,1.3693607574422606,0.1193607574422606,1.3464280907499626,5.676293047006652,4.721349192579296,True,True,,,,,,,,,,,,,,,,,,,,,,,,,,,,,0
s9_k5op_b_s09_pos100_tap3_mc3_cpl0_rp4p84546201527_rn4p84758850786_f12370_f21100_a0_dac1p25,K5OP,B,9,5.0,100,3,3,ac,0.0,0.0,0,1.25,0,4.845462015270863,4.847588507857414,40.0,2370.0,1100.0,,0,,,,,,,,,,,-0.04985224170714675,-0.05,-0.2955165857065012,1.3621859401094645,0.11218594010946448,1.3408909612512818,5.632768023939441,4.735185175510714,True,True,,,,,,,,,,,,,,,,,,,,,,,,,,,,,0
s9_k5op_b_s09_pos100_tap3_mc400_cpl0_rp4p96530491431_rn4p91631368562_f12370_f21100_a0_dac1p25,K5OP,B,9,5.0,100,3,400,ac,0.0,0.0,0,1.25,0,4.965304914305209,4.916313685616408,40.0,2370.0,1100.0,,0,,,,,,,,,,,-0.04979403848643926,-0.05,-0.41192302712147466,1.325570601701619,0.07557060170161889,1.3103409335187464,5.562335717851145,4.884818910052276,True,True,,,,,,,,,,,,,,,,,,,,,,,,,,,,,0
s9_k5op_b_s09_pos100_tap3_mc401_cpl0_rp4p95092194907_rn4p84362522238_f12370_f21100_a0_dac1p25,K5OP,B,9,5.0,100,3,401,ac,0.0,0.0,0,1.25,0,4.950921949066017,4.84362522237532,40.0,2370.0,1100.0,,0,,,,,,,,,,,-0.049224707129309486,-0.05,-1.5505857413810276,1.3291246304452633,0.0791246304452633,1.3144350080486469,5.4739968745276695,4.834710815554264,True,True,,,,,,,,,,,,,,,,,,,,,,,,,,,,,0
s9_k5op_b_s09_pos100_tap3_mc402_cpl0_rp4p98126867566_rn4p82711134242_f12370_f21100_a0_dac1p25,K5OP,B,9,5.0,100,3,402,ac,0.0,0.0,0,1.25,0,4.9812686756609805,4.827111342419783,40.0,2370.0,1100.0,,0,,,,,,,,,,,-0.048276752117624167,-0.05,-3.446495764751667,1.2795185093013124,0.02951850930131239,1.2741336972815698,5.2551956982198185,4.895552806200706,True,True,,,,,,,,,,,,,,,,,,,,,,,,,,,,,0
s9_k5op_b_s09_pos100_tap3_mc403_cpl0_rp4p99032477697_rn4p97633558441_f12370_f21100_a0_dac1p25,K5OP,B,9,5.0,100,3,403,ac,0.0,0.0,0,1.25,0,4.9903247769715176,4.9763355844074555,40.0,2370.0,1100.0,,0,,,,,,,,,,,-0.050363972064277895,-0.05,0.7279441285557908,1.232327711829876,-0.017672288170123895,1.235824531149766,5.16537119203908,4.917837154569433,True,True,,,,,,,,,,,,,,,,,,,,,,,,,,,,,0
s9_k5op_b_s09_pos100_tap3_mc404_cpl0_rp4p86031491887_rn4p8693215276_f12370_f21100_a0_dac1p25,K5OP,B,9,5.0,100,3,404,ac,0.0,0.0,0,1.25,0,4.860314918872622,4.869321527601691,40.0,2370.0,1100.0,,0,,,,,,,,,,,-0.050475417194513206,-0.05,0.9508343890264115,1.2332139766631502,-0.016786023336849754,1.2366909563527964,5.230103393672318,4.920272604876552,True,True,,,,,,,,,,,,,,,,,,,,,,,,,,,,,0
s9_k5op_b_s09_pos100_tap3_mc405_cpl0_rp4p84107779984_rn4p84599880095_f12370_f21100_a0_dac1p25,K5OP,B,9,5.0,100,3,405,ac,0.0,0.0,0,1.25,0,4.8410777998379455,4.845998800947448,40.0,2370.0,1100.0,,0,,,,,,,,,,,-0.049909535151155815,-0.05,-0.18092969768837008,1.2455270561147385,-0.004472943885261538,1.2463632056095681,5.147746504018913,4.91109073718201,True,True,,,,,,,,,,,,,,,,,,,,,,,,,,,,,0
s9_k5op_b_s09_pos100_tap3_mc406_cpl0_rp4p89299198434_rn4p98436690755_f12370_f21100_a0_dac1p25,K5OP,B,9,5.0,100,3,406,ac,0.0,0.0,0,1.25,0,4.89299198433958,4.984366907551315,40.0,2370.0,1100.0,,0,,,,,,,,,,,-0.04943844929971908,-0.05,-1.1231014005618434,1.2798997686044422,0.029899768604442212,1.2738395406742282,5.387277250550799,4.908397561784659,True,True,,,,,,,,,,,,,,,,,,,,,,,,,,,,,0
s9_k5op_b_s09_pos100_tap3_mc407_cpl0_rp4p96593796823_rn4p9707304606_f12370_f21100_a0_dac1p25,K5OP,B,9,5.0,100,3,407,ac,0.0,0.0,0,1.25,0,4.965937968229974,4.970730460595229,40.0,2370.0,1100.0,,0,,,,,,,,,,,-0.04883671650222077,-0.05,-2.3265669955584656,1.3820139232777149,0.13201392327771488,1.3555609933604067,5.780549631599516,4.724373665687972,True,True,,,,,,,,,,,,,,,,,,,,,,,,,,,,,0
s9_k5op_b_s09_pos100_tap3_mc408_cpl0_rp4p82589970076_rn4p98712990102_f12370_f21100_a0_dac1p25,K5OP,B,9,5.0,100,3,408,ac,0.0,0.0,0,1.25,0,4.825899700761262,4.987129901023796,40.0,2370.0,1100.0,,0,,,,,,,,,,,-0.04910840207080991,-0.05,-1.7831958583801821,1.174978103351161,-0.07502189664883896,1.1896280952376161,4.919094534050046,4.926027205361168,True,True,,,,,,,,,,,,,,,,,,,,,,,,,,,,,0
s9_k5op_b_s09_pos100_tap3_mc409_cpl0_rp4p93634229341_rn4p88383298296_f12370_f21100_a0_dac1p25,K5OP,B,9,5.0,100,3,409,ac,0.0,0.0,0,1.25,0,4.936342293409816,4.883832982963993,40.0,2370.0,1100.0,,0,,,,,,,,,,,-0.050066962049795105,-0.05,0.13392409959021023,1.1678643814553447,-0.08213561854465534,1.1832352702867281,4.838401200558781,4.9253240076878715,True,True,,,,,,,,,,,,,,,,,,,,,,,,,,,,,0
s9_k5op_b_s09_pos100_tap3_mc40_cpl0_rp4p82617360232_rn4p86377609097_f12370_f21100_a0_dac1p25,K5OP,B,9,5.0,100,3,40,ac,0.0,0.0,0,1.25,0,4.826173602315599,4.863776090965167,40.0,2370.0,1100.0,,0,,,,,,,,,,,-0.04949835629469268,-0.05,-1.0032874106146394,1.3257389765909497,0.07573897659094975,1.3110556258535981,5.513019634883227,4.870879705974031,True,True,,,,,,,,,,,,,,,,,,,,,,,,,,,,,0
s9_k5op_b_s09_pos100_tap3_mc410_cpl0_rp4p88217981417_rn4p91530499969_f12370_f21100_a0_dac1p25,K5OP,B,9,5.0,100,3,410,ac,0.0,0.0,0,1.25,0,4.882179814174154,4.915304999687279,40.0,2370.0,1100.0,,0,,,,,,,,,,,-0.05069458323091913,-0.05,1.3891664618382649,1.4392841891179593,0.1892841891179593,1.4020031761597316,5.987248484268463,4.47297497132484,False,True,,,,,,,,,,,,,,,,,,,,,,,,,,,,,0
s9_k5op_b_s09_pos100_tap3_mc411_cpl0_rp4p90140702224_rn4p91673451838_f12370_f21100_a0_dac1p25,K5OP,B,9,5.0,100,3,411,ac,0.0,0.0,0,1.25,0,4.901407022235087,4.916734518378269,40.0,2370.0,1100.0,,0,,,,,,,,,,,-0.050073327853616956,-0.05,0.14665570723391141,1.2057491271223109,-0.04425087287768914,1.2137091986080173,4.944229960428947,4.917547749343738,True,True,,,,,,,,,,,,,,,,,,,,,,,,,,,,,0
s9_k5op_b_s09_pos100_tap3_mc412_cpl0_rp4p80263980605_rn4p9274688818_f12370_f21100_a0_dac1p25,K5OP,B,9,5.0,100,3,412,ac,0.0,0.0,0,1.25,0,4.802639806050018,4.927468881796134,40.0,2370.0,1100.0,,0,,,,,,,,,,,-0.0504643899506485,-0.05,0.9287799012970055,1.3621615622951613,0.11216156229516128,1.340688662168125,5.643105516498238,4.745671608787141,True,True,,,,,,,,,,,,,,,,,,,,,,,,,,,,,0
s9_k5op_b_s09_pos100_tap3_mc413_cpl0_rp4p85968246261_rn4p80562276972_f12370_f21100_a0_dac1p25,K5OP,B,9,5.0,100,3,413,ac,0.0,0.0,0,1.25,0,4.859682462612504,4.805622769718563,40.0,2370.0,1100.0,,0,,,,,,,,,,,-0.04950919822275912,-0.05,-0.9816035544817581,1.2676735611296348,0.017673561129634807,1.2641939950571297,5.300297076255802,4.90922682363368,True,True,,,,,,,,,,,,,,,,,,,,,,,,,,,,,0
s9_k5op_b_s09_pos100_tap3_mc414_cpl0_rp4p98184854148_rn4p8516092388_f12370_f21100_a0_dac1p25,K5OP,B,9,5.0,100,3,414,ac,0.0,0.0,0,1.25,0,4.981848541479969,4.851609238797026,40.0,2370.0,1100.0,,0,,,,,,,,,,,-0.049417770679107687,-0.05,-1.164458641784627,1.3870986805508698,0.13709868055086982,1.3597876746663615,5.793195288967491,4.696381965277626,True,True,,,,,,,,,,,,,,,,,,,,,,,,,,,,,0
s9_k5op_b_s09_pos100_tap3_mc415_cpl0_rp4p98902381976_rn4p83479926401_f12370_f21100_a0_dac1p25,K5OP,B,9,5.0,100,3,415,ac,0.0,0.0,0,1.25,0,4.989023819761244,4.834799264007673,40.0,2370.0,1100.0,,0,,,,,,,,,,,-0.0491641190832981,-0.05,-1.6717618334038065,1.1527393759072526,-0.09726062409274738,1.1709803765476074,4.7804913908130935,4.927323248444069,True,True,,,,,,,,,,,,,,,,,,,,,,,,,,,,,0
s9_k5op_b_s09_pos100_tap3_mc416_cpl0_rp4p81568951694_rn4p93831818861_f12370_f21100_a0_dac1p25,K5OP,B,9,5.0,100,3,416,ac,0.0,0.0,0,1.25,0,4.8156895169444285,4.938318188608376,40.0,2370.0,1100.0,,0,,,,,,,,,,,-0.050847129918414335,-0.05,1.694259836828671,1.24545037855939,-0.004549621440609997,1.2463114609831578,5.16228353254089,4.9119395311039975,True,True,,,,,,,,,,,,,,,,,,,,,,,,,,,,,0
s9_k5op_b_s09_pos100_tap3_mc417_cpl0_rp4p96149420523_rn4p81489206956_f12370_f21100_a0_dac1p25,K5OP,B,9,5.0,100,3,417,ac,0.0,0.0,0,1.25,0,4.961494205229407,4.814892069559012,40.0,2370.0,1100.0,,0,,,,,,,,,,,-0.04915490756461249,-0.05,-1.6901848707750133,1.156907011919458,-0.093092988080542,1.174551703420095,4.8098596905644815,4.927193719627443,True,True,,,,,,,,,,,,,,,,,,,,,,,,,,,,,0
s9_k5op_b_s09_pos100_tap3_mc418_cpl0_rp4p8426734305_rn4p85663682175_f12370_f21100_a0_dac1p25,K5OP,B,9,5.0,100,3,418,ac,0.0,0.0,0,1.25,0,4.842673430497197,4.856636821747744,40.0,2370.0,1100.0,,0,,,,,,,,,,,-0.05023124765378029,-0.05,0.4624953075605731,1.315082872751002,0.065082872751002,1.3024060166869276,5.476298718340026,4.884454445319804,True,True,,,,,,,,,,,,,,,,,,,,,,,,,,,,,0
s9_k5op_b_s09_pos100_tap3_mc419_cpl0_rp4p90978219288_rn4p98810507864_f12370_f21100_a0_dac1p25,K5OP,B,9,5.0,100,3,419,ac,0.0,0.0,0,1.25,0,4.909782192875641,4.988105078638066,40.0,2370.0,1100.0,,0,,,,,,,,,,,-0.04936693398236658,-0.05,-1.2661320352668426,1.3342732119313556,0.08427321193135562,1.318552727676616,5.500235177836123,4.822481619879813,True,True,,,,,,,,,,,,,,,,,,,,,,,,,,,,,0
s9_k5op_b_s09_pos100_tap3_mc41_cpl0_rp4p89027141912_rn4p97801839902_f12370_f21100_a0_dac1p25,K5OP,B,9,5.0,100,3,41,ac,0.0,0.0,0,1.25,0,4.890271419118427,4.978018399020955,40.0,2370.0,1100.0,,0,,,,,,,,,,,-0.0492615063085422,-0.05,-1.4769873829155955,1.1204386357914211,-0.1295613642085789,1.1454279985344455,4.685420171152684,4.931533830470994,True,True,,,,,,,,,,,,,,,,,,,,,,,,,,,,,0
s9_k5op_b_s09_pos100_tap3_mc420_cpl0_rp4p87611739853_rn4p9185599481_f12370_f21100_a0_dac1p25,K5OP,B,9,5.0,100,3,420,ac,0.0,0.0,0,1.25,0,4.876117398528499,4.918559948095463,40.0,2370.0,1100.0,,0,,,,,,,,,,,-0.04997429652253915,-0.05,-0.05140695492169556,1.166126565095373,-0.08387343490462706,1.1827752249119268,4.904664016772925,4.927697227775957,True,True,,,,,,,,,,,,,,,,,,,,,,,,,,,,,0
s9_k5op_b_s09_pos100_tap3_mc421_cpl0_rp4p87900528971_rn4p94147219615_f12370_f21100_a0_dac1p25,K5OP,B,9,5.0,100,3,421,ac,0.0,0.0,0,1.25,0,4.879005289711984,4.941472196154558,40.0,2370.0,1100.0,,0,,,,,,,,,,,-0.050717694398549895,-0.05,1.4353887970997903,1.3420223019215323,0.09202230192153227,1.3234975366080213,5.6266827049333425,4.864233195821617,True,True,,,,,,,,,,,,,,,,,,,,,,,,,,,,,0
s9_k5op_b_s09_pos100_tap3_mc422_cpl0_rp4p82462707523_rn4p90248850271_f12370_f21100_a0_dac1p25,K5OP,B,9,5.0,100,3,422,ac,0.0,0.0,0,1.25,0,4.8246270752332405,4.9024885027091925,40.0,2370.0,1100.0,,0,,,,,,,,,,,-0.05105509225407312,-0.05,2.11018450814624,1.2016052866026539,-0.048394713397346134,1.2111230534112045,5.034655719942224,4.922661797740156,True,True,,,,,,,,,,,,,,,,,,,,,,,,,,,,,0
s9_k5op_b_s09_pos100_tap3_mc423_cpl0_rp4p83341517313_rn4p9478789508_f12370_f21100_a0_dac1p25,K5OP,B,9,5.0,100,3,423,ac,0.0,0.0,0,1.25,0,4.833415173128162,4.947878950800543,40.0,2370.0,1100.0,,0,,,,,,,,,,,-0.05039865123969145,-0.05,0.7973024793828998,1.1516427978725385,-0.09835720212746146,1.170482296646764,4.8016438798988315,4.928077666197727,True,True,,,,,,,,,,,,,,,,,,,,,,,,,,,,,0
s9_k5op_b_s09_pos100_tap3_mc424_cpl0_rp4p98497470264_rn4p87863981118_f12370_f21100_a0_dac1p25,K5OP,B,9,5.0,100,3,424,ac,0.0,0.0,0,1.25,0,4.984974702641672,4.878639811180132,40.0,2370.0,1100.0,,0,,,,,,,,,,,-0.05055213559611804,-0.05,1.1042711922360837,1.1494328818919202,-0.10056711810807983,1.1694405030904584,4.840836465624344,4.929566565939629,True,True,,,,,,,,,,,,,,,,,,,,,,,,,,,,,0
s9_k5op_b_s09_pos100_tap3_mc425_cpl0_rp4p88982410079_rn4p89862494377_f12370_f21100_a0_dac1p25,K5OP,B,9,5.0,100,3,425,ac,0.0,0.0,0,1.25,0,4.889824100787956,4.898624943770372,40.0,2370.0,1100.0,,0,,,,,,,,,,,-0.04820640831452616,-0.05,-3.5871833709476775,1.1328740983682928,-0.11712590163170722,1.1556149608126711,4.743432427921329,4.930535887167488,True,True,,,,,,,,,,,,,,,,,,,,,,,,,,,,,0
s9_k5op_b_s09_pos100_tap3_mc426_cpl0_rp4p91339773929_rn4p87662957089_f12370_f21100_a0_dac1p25,K5OP,B,9,5.0,100,3,426,ac,0.0,0.0,0,1.25,0,4.913397739285786,4.8766295708922005,40.0,2370.0,1100.0,,0,,,,,,,,,,,-0.04981555330004772,-0.05,-0.3688933999045574,1.2396843015159955,-0.010315698484004487,1.2418234804863326,5.257560692070619,4.919260734657964,True,True,,,,,,,,,,,,,,,,,,,,,,,,,,,,,0
s9_k5op_b_s09_pos100_tap3_mc427_cpl0_rp4p90178926913_rn4p81648021279_f12370_f21100_a0_dac1p25,K5OP,B,9,5.0,100,3,427,ac,0.0,0.0,0,1.25,0,4.901789269129636,4.816480212786739,40.0,2370.0,1100.0,,0,,,,,,,,,,,-0.050493341879738196,-0.05,0.9866837594763922,1.3133186269899395,0.06331862698993951,1.300576557418729,5.511406870667004,4.893289980589743,True,True,,,,,,,,,,,,,,,,,,,,,,,,,,,,,0
s9_k5op_b_s09_pos100_tap3_mc428_cpl0_rp4p9627612632_rn4p95493428922_f12370_f21100_a0_dac1p25,K5OP,B,9,5.0,100,3,428,ac,0.0,0.0,0,1.25,0,4.962761263201627,4.954934289218422,40.0,2370.0,1100.0,,0,,,,,,,,,,,-0.05042440769988277,-0.05,0.8488153997655346,1.126309647628507,-0.12369035237149295,1.1509144124113468,4.748175455529024,4.931790303391548,True,True,,,,,,,,,,,,,,,,,,,,,,,,,,,,,0
s9_k5op_b_s09_pos100_tap3_mc429_cpl0_rp4p86282359383_rn4p91195043688_f12370_f21100_a0_dac1p25,K5OP,B,9,5.0,100,3,429,ac,0.0,0.0,0,1.25,0,4.8628235938318385,4.9119504368805424,40.0,2370.0,1100.0,,0,,,,,,,,,,,-0.04912851301416499,-0.05,-1.7429739716700254,1.1512910682404358,-0.09870893175956419,1.1712308596210856,4.868361400617038,4.9298586579130985,True,True,,,,,,,,,,,,,,,,,,,,,,,,,,,,,0
s9_k5op_b_s09_pos100_tap3_mc42_cpl0_rp4p86668659914_rn4p82600599647_f12370_f21100_a0_dac1p25,K5OP,B,9,5.0,100,3,42,ac,0.0,0.0,0,1.25,0,4.866686599144292,4.826005996469422,40.0,2370.0,1100.0,,0,,,,,,,,,,,-0.0509640226338659,-0.05,1.9280452677318038,1.3164377513356509,0.06643775133565089,1.3033675765946868,5.494366831935013,4.885969014138493,True,True,,,,,,,,,,,,,,,,,,,,,,,,,,,,,0
s9_k5op_b_s09_pos100_tap3_mc430_cpl0_rp4p99434612323_rn4p82596910836_f12370_f21100_a0_dac1p25,K5OP,B,9,5.0,100,3,430,ac,0.0,0.0,0,1.25,0,4.994346123227494,4.825969108361858,40.0,2370.0,1100.0,,0,,,,,,,,,,,-0.05138960473531018,-0.05,2.7792094706203585,1.3774829403834015,0.12748294038340147,1.3527499861158245,5.720913970395344,4.70102232733257,True,True,,,,,,,,,,,,,,,,,,,,,,,,,,,,,0
s9_k5op_b_s09_pos100_tap3_mc431_cpl0_rp4p91116573768_rn4p8298137622_f12370_f21100_a0_dac1p25,K5OP,B,9,5.0,100,3,431,ac,0.0,0.0,0,1.25,0,4.91116573767908,4.829813762201956,40.0,2370.0,1100.0,,0,,,,,,,,,,,-0.04930628583889485,-0.05,-1.3874283222103045,1.1138180387650838,-0.13618196123491622,1.1394935717726091,4.631117998251977,4.9315191574768775,True,True,,,,,,,,,,,,,,,,,,,,,,,,,,,,,0
s9_k5op_b_s09_pos100_tap3_mc432_cpl0_rp4p89014342738_rn4p99554185829_f12370_f21100_a0_dac1p25,K5OP,B,9,5.0,100,3,432,ac,0.0,0.0,0,1.25,0,4.89014342737591,4.9955418582863675,40.0,2370.0,1100.0,,0,,,,,,,,,,,-0.049124961697066816,-0.05,-1.7500766058663686,1.1485579420179184,-0.10144205798208161,1.1680664134297216,4.794256097032735,4.928644330859329,True,True,,,,,,,,,,,,,,,,,,,,,,,,,,,,,0
s9_k5op_b_s09_pos100_tap3_mc433_cpl0_rp4p93677229798_rn4p97592014524_f12370_f21100_a0_dac1p25,K5OP,B,9,5.0,100,3,433,ac,0.0,0.0,0,1.25,0,4.936772297977573,4.975920145237492,40.0,2370.0,1100.0,,0,,,,,,,,,,,-0.050302709965324155,-0.05,0.6054199306483099,1.3137818141091981,0.06378181410919814,1.301189077643216,5.488345583317624,4.88883559329154,True,True,,,,,,,,,,,,,,,,,,,,,,,,,,,,,0
s9_k5op_b_s09_pos100_tap3_mc434_cpl0_rp4p97491088108_rn4p86882693556_f12370_f21100_a0_dac1p25,K5OP,B,9,5.0,100,3,434,ac,0.0,0.0,0,1.25,0,4.974910881079785,4.868826935558604,40.0,2370.0,1100.0,,0,,,,,,,,,,,-0.0519718165351124,-0.05,3.9436330702248057,1.3017328875633614,0.05173288756336136,1.2916819228861725,5.4196979660321105,4.893429591187081,True,True,,,,,,,,,,,,,,,,,,,,,,,,,,,,,0
s9_k5op_b_s09_pos100_tap3_mc435_cpl0_rp4p9182471955_rn4p81836957152_f12370_f21100_a0_dac1p25,K5OP,B,9,5.0,100,3,435,ac,0.0,0.0,0,1.25,0,4.918247195501483,4.818369571516747,40.0,2370.0,1100.0,,0,,,,,,,,,,,-0.0487289842626093,-0.05,-2.5420314747814032,1.3737397752289833,0.12373977522898327,1.350380265753138,5.672341847040816,4.682409225072172,True,True,,,,,,,,,,,,,,,,,,,,,,,,,,,,,0
s9_k5op_b_s09_pos100_tap3_mc436_cpl0_rp4p88771955369_rn4p91132094399_f12370_f21100_a0_dac1p25,K5OP,B,9,5.0,100,3,436,ac,0.0,0.0,0,1.25,0,4.8877195536887275,4.9113209439946255,40.0,2370.0,1100.0,,0,,,,,,,,,,,-0.05081318307589511,-0.05,1.626366151790215,1.3477663658085757,0.09776636580857567,1.328728729243076,5.6066804025788315,4.821172895496036,True,True,,,,,,,,,,,,,,,,,,,,,,,,,,,,,0
s9_k5op_b_s09_pos100_tap3_mc437_cpl0_rp4p93445364917_rn4p80865497354_f12370_f21100_a0_dac1p25,K5OP,B,9,5.0,100,3,437,ac,0.0,0.0,0,1.25,0,4.934453649171059,4.808654973540427,40.0,2370.0,1100.0,,0,,,,,,,,,,,-0.049790243210459106,-0.05,-0.4195135790817872,1.2861232038618016,0.03612320386180157,1.2795009728079694,5.287287841467474,4.892463989362357,True,True,,,,,,,,,,,,,,,,,,,,,,,,,,,,,0
s9_k5op_b_s09_pos100_tap3_mc438_cpl0_rp4p84421385802_rn4p82762531564_f12370_f21100_a0_dac1p25,K5OP,B,9,5.0,100,3,438,ac,0.0,0.0,0,1.25,0,4.844213858015451,4.827625315639734,40.0,2370.0,1100.0,,0,,,,,,,,,,,-0.0504368876894179,-0.05,0.8737753788357949,1.3831820971943878,0.13318209719438778,1.3577560233572874,5.723758929703999,4.658296387297606,True,True,,,,,,,,,,,,,,,,,,,,,,,,,,,,,0
s9_k5op_b_s09_pos100_tap3_mc439_cpl0_rp4p91373172506_rn4p930527309_f12370_f21100_a0_dac1p25,K5OP,B,9,5.0,100,3,439,ac,0.0,0.0,0,1.25,0,4.91373172505646,4.930527309003868,40.0,2370.0,1100.0,,0,,,,,,,,,,,-0.04939369253033288,-0.05,-1.2126149393342445,1.2981713571113824,0.04817135711138243,1.2890260792699937,5.376903357898552,4.891315750007491,True,True,,,,,,,,,,,,,,,,,,,,,,,,,,,,,0
s9_k5op_b_s09_pos100_tap3_mc43_cpl0_rp4p91618072202_rn4p87284003786_f12370_f21100_a0_dac1p25,K5OP,B,9,5.0,100,3,43,ac,0.0,0.0,0,1.25,0,4.916180722023276,4.872840037858758,40.0,2370.0,1100.0,,0,,,,,,,,,,,-0.050141547837516676,-0.05,0.2830956750333513,1.359772374759638,0.10977237475963797,1.3390381598474461,5.617138717266595,4.738850258885026,True,True,,,,,,,,,,,,,,,,,,,,,,,,,,,,,0
s9_k5op_b_s09_pos100_tap3_mc440_cpl0_rp4p94731480802_rn4p81983101758_f12370_f21100_a0_dac1p25,K5OP,B,9,5.0,100,3,440,ac,0.0,0.0,0,1.25,0,4.9473148080236165,4.819831017576631,40.0,2370.0,1100.0,,0,,,,,,,,,,,-0.049946732233565605,-0.05,-0.10653553286879003,1.3962878462805488,0.1462878462805488,1.369611338855536,5.72186300675496,4.551560236510518,True,True,,,,,,,,,,,,,,,,,,,,,,,,,,,,,0
s9_k5op_b_s09_pos100_tap3_mc441_cpl0_rp4p93868404524_rn4p94219884705_f12370_f21100_a0_dac1p25,K5OP,B,9,5.0,100,3,441,ac,0.0,0.0,0,1.25,0,4.938684045243629,4.942198847048544,40.0,2370.0,1100.0,,0,,,,,,,,,,,-0.0508345736316973,-0.05,1.6691472633945992,1.4164788872196674,0.16647888721966742,1.3831003717908539,5.919179059076887,4.587347961319549,True,True,,,,,,,,,,,,,,,,,,,,,,,,,,,,,0
s9_k5op_b_s09_pos100_tap3_mc442_cpl0_rp4p83993282853_rn4p82015738078_f12370_f21100_a0_dac1p25,K5OP,B,9,5.0,100,3,442,ac,0.0,0.0,0,1.25,0,4.839932828527066,4.820157380784122,40.0,2370.0,1100.0,,0,,,,,,,,,,,-0.05105734126803041,-0.05,2.114682536060819,1.385282526278061,0.13528252627806103,1.3588925222395396,5.7589962972270285,4.676724258373521,True,True,,,,,,,,,,,,,,,,,,,,,,,,,,,,,0
s9_k5op_b_s09_pos100_tap3_mc443_cpl0_rp4p96483957111_rn4p9682278316_f12370_f21100_a0_dac1p25,K5OP,B,9,5.0,100,3,443,ac,0.0,0.0,0,1.25,0,4.964839571106617,4.968227831597427,40.0,2370.0,1100.0,,0,,,,,,,,,,,-0.04989680598916246,-0.05,-0.20638802167507464,1.1899285100114618,-0.060071489988538174,1.2013879175630011,4.949787069290444,4.923050770045105,True,True,,,,,,,,,,,,,,,,,,,,,,,,,,,,,0
s9_k5op_b_s09_pos100_tap3_mc444_cpl0_rp4p84650185077_rn4p91420142673_f12370_f21100_a0_dac1p25,K5OP,B,9,5.0,100,3,444,ac,0.0,0.0,0,1.25,0,4.846501850768853,4.914201426727646,40.0,2370.0,1100.0,,0,,,,,,,,,,,-0.0505715160749598,-0.05,1.1430321499195983,1.315456437896817,0.06545643789681699,1.3027134184941573,5.477139935719652,4.883934705352724,True,True,,,,,,,,,,,,,,,,,,,,,,,,,,,,,0
s9_k5op_b_s09_pos100_tap3_mc445_cpl0_rp4p87222682255_rn4p92161223144_f12370_f21100_a0_dac1p25,K5OP,B,9,5.0,100,3,445,ac,0.0,0.0,0,1.25,0,4.872226822548897,4.921612231443327,40.0,2370.0,1100.0,,0,,,,,,,,,,,-0.04962229768625592,-0.05,-0.7554046274881543,1.3594050000631288,0.10940500006312881,1.3386392567010765,5.621564646977312,4.746180745058103,True,True,,,,,,,,,,,,,,,,,,,,,,,,,,,,,0
s9_k5op_b_s09_pos100_tap3_mc446_cpl0_rp4p83587136549_rn4p89235603238_f12370_f21100_a0_dac1p25,K5OP,B,9,5.0,100,3,446,ac,0.0,0.0,0,1.25,0,4.8358713654866365,4.892356032379998,40.0,2370.0,1100.0,,0,,,,,,,,,,,-0.04992199487998006,-0.05,-0.15601024003988329,1.2974595265576232,0.0474595265576232,1.2878381159718395,5.457806830951018,4.902246879821404,True,True,,,,,,,,,,,,,,,,,,,,,,,,,,,,,0
s9_k5op_b_s09_pos100_tap3_mc447_cpl0_rp4p91808955789_rn4p84124517631_f12370_f21100_a0_dac1p25,K5OP,B,9,5.0,100,3,447,ac,0.0,0.0,0,1.25,0,4.91808955788955,4.841245176312512,40.0,2370.0,1100.0,,0,,,,,,,,,,,-0.04966291134604672,-0.05,-0.6741773079065538,1.2167440115349795,-0.033255988465020536,1.2227801989830538,4.998356377177066,4.9158329585820235,True,True,,,,,,,,,,,,,,,,,,,,,,,,,,,,,0
s9_k5op_b_s09_pos100_tap3_mc448_cpl0_rp4p91326034605_rn4p80768961249_f12370_f21100_a0_dac1p25,K5OP,B,9,5.0,100,3,448,ac,0.0,0.0,0,1.25,0,4.913260346054073,4.807689612488507,40.0,2370.0,1100.0,,0,,,,,,,,,,,-0.04883575177655697,-0.05,-2.3284964468860636,1.2184302885079623,-0.03156971149203769,1.2242480132528475,5.022558390104093,4.916465418742403,True,True,,,,,,,,,,,,,,,,,,,,,,,,,,,,,0
s9_k5op_b_s09_pos100_tap3_mc449_cpl0_rp4p89853833736_rn4p97944014372_f12370_f21100_a0_dac1p25,K5OP,B,9,5.0,100,3,449,ac,0.0,0.0,0,1.25,0,4.898538337363991,4.97944014371821,40.0,2370.0,1100.0,,0,,,,,,,,,,,-0.05029487239070818,-0.05,0.589744781416357,1.3261019182073912,0.0761019182073912,1.3115830929705141,5.494599348070212,4.862181741389889,True,True,,,,,,,,,,,,,,,,,,,,,,,,,,,,,0
s9_k5op_b_s09_pos100_tap3_mc44_cpl0_rp4p99711894844_rn4p82368120501_f12370_f21100_a0_dac1p25,K5OP,B,9,5.0,100,3,44,ac,0.0,0.0,0,1.25,0,4.997118948444106,4.823681205007997,40.0,2370.0,1100.0,,0,,,,,,,,,,,-0.048926499511590116,-0.05,-2.1470009768197684,1.2254135911653394,-0.024586408834660567,1.2301359859251233,5.100146306740637,4.917455865946598,True,True,,,,,,,,,,,,,,,,,,,,,,,,,,,,,0
s9_k5op_b_s09_pos100_tap3_mc450_cpl0_rp4p89239110364_rn4p80615369179_f12370_f21100_a0_dac1p25,K5OP,B,9,5.0,100,3,450,ac,0.0,0.0,0,1.25,0,4.892391103642157,4.806153691794557,40.0,2370.0,1100.0,,0,,,,,,,,,,,-0.05106346767370651,-0.05,2.126935347413017,1.3887286831954446,0.13872868319544462,1.3616755369954945,5.772355231362074,4.662518903381632,True,True,,,,,,,,,,,,,,,,,,,,,,,,,,,,,0
s9_k5op_b_s09_pos100_tap3_mc451_cpl0_rp4p92126212577_rn4p99481129844_f12370_f21100_a0_dac1p25,K5OP,B,9,5.0,100,3,451,ac,0.0,0.0,0,1.25,0,4.921262125773868,4.994811298436988,40.0,2370.0,1100.0,,0,,,,,,,,,,,-0.05076293995713854,-0.05,1.525879914277084,1.3440514351843118,0.0940514351843118,1.3263048426462762,5.553020397251302,4.7993441510438295,True,True,,,,,,,,,,,,,,,,,,,,,,,,,,,,,0
s9_k5op_b_s09_pos100_tap3_mc452_cpl0_rp4p96816879058_rn4p83494627596_f12370_f21100_a0_dac1p25,K5OP,B,9,5.0,100,3,452,ac,0.0,0.0,0,1.25,0,4.968168790584767,4.8349462759630715,40.0,2370.0,1100.0,,0,,,,,,,,,,,-0.04953711550433004,-0.05,-0.9257689913399147,1.4106842280404694,0.16068422804046945,1.3802214071356909,5.825247012569999,4.539773188246231,True,True,,,,,,,,,,,,,,,,,,,,,,,,,,,,,0
s9_k5op_b_s09_pos100_tap3_mc453_cpl0_rp4p81189616737_rn4p92513478479_f12370_f21100_a0_dac1p25,K5OP,B,9,5.0,100,3,453,ac,0.0,0.0,0,1.25,0,4.811896167372134,4.925134784791296,40.0,2370.0,1100.0,,0,,,,,,,,,,,-0.04959469373296832,-0.05,-0.8106125340633596,1.2118698243880104,-0.038130175611989614,1.2188143078763447,4.9827425117004704,4.9170635764341375,True,True,,,,,,,,,,,,,,,,,,,,,,,,,,,,,0
s9_k5op_b_s09_pos100_tap3_mc454_cpl0_rp4p84477285746_rn4p85156316116_f12370_f21100_a0_dac1p25,K5OP,B,9,5.0,100,3,454,ac,0.0,0.0,0,1.25,0,4.8447728574641715,4.851563161162482,40.0,2370.0,1100.0,,0,,,,,,,,,,,-0.05026110063652389,-0.05,0.5222012730477843,1.243182764458068,-0.006817235541932032,1.2445813360656721,5.256762255028841,4.917972878335186,True,True,,,,,,,,,,,,,,,,,,,,,,,,,,,,,0
s9_k5op_b_s09_pos100_tap3_mc455_cpl0_rp4p9611795944_rn4p94607428095_f12370_f21100_a0_dac1p25,K5OP,B,9,5.0,100,3,455,ac,0.0,0.0,0,1.25,0,4.961179594399361,4.946074280945574,40.0,2370.0,1100.0,,0,,,,,,,,,,,-0.04916378257173948,-0.05,-1.6724348565210434,1.1298298315288091,-0.12017016847119089,1.1538376317950694,4.767887107885004,4.931614392515986,True,True,,,,,,,,,,,,,,,,,,,,,,,,,,,,,0
s9_k5op_b_s09_pos100_tap3_mc456_cpl0_rp4p8081696137_rn4p89844934998_f12370_f21100_a0_dac1p25,K5OP,B,9,5.0,100,3,456,ac,0.0,0.0,0,1.25,0,4.808169613704869,4.898449349976364,40.0,2370.0,1100.0,,0,,,,,,,,,,,-0.050614963187205486,-0.05,1.2299263744109723,1.199478527974964,-0.050521472025035985,1.209529755514682,5.041030016033286,4.923452920281176,True,True,,,,,,,,,,,,,,,,,,,,,,,,,,,,,0
s9_k5op_b_s09_pos100_tap3_mc457_cpl0_rp4p80901387006_rn4p89893927897_f12370_f21100_a0_dac1p25,K5OP,B,9,5.0,100,3,457,ac,0.0,0.0,0,1.25,0,4.809013870061053,4.898939278974989,40.0,2370.0,1100.0,,0,,,,,,,,,,,-0.04929263997230926,-0.05,-1.4147200553814798,1.0967246990588904,-0.15327530094110964,1.125908229951703,4.574642219528306,4.9333249248068745,True,True,,,,,,,,,,,,,,,,,,,,,,,,,,,,,0
s9_k5op_b_s09_pos100_tap3_mc458_cpl0_rp4p97886635009_rn4p86955244537_f12370_f21100_a0_dac1p25,K5OP,B,9,5.0,100,3,458,ac,0.0,0.0,0,1.25,0,4.97886635008926,4.869552445369452,40.0,2370.0,1100.0,,0,,,,,,,,,,,-0.04851337380343823,-0.05,-2.9732523931235377,1.3544278100043445,0.10442781000434453,1.3329695017012888,5.703952485594209,4.853194698003204,True,True,,,,,,,,,,,,,,,,,,,,,,,,,,,,,0
s9_k5op_b_s09_pos100_tap3_mc459_cpl0_rp4p83963177594_rn4p8663180674_f12370_f21100_a0_dac1p25,K5OP,B,9,5.0,100,3,459,ac,0.0,0.0,0,1.25,0,4.839631775943394,4.866318067395099,40.0,2370.0,1100.0,,0,,,,,,,,,,,-0.05016904571339964,-0.05,0.3380914267992807,1.3089116705169161,0.05891167051691615,1.2971090113862829,5.4879117772156185,4.895026713131677,True,True,,,,,,,,,,,,,,,,,,,,,,,,,,,,,0
s9_k5op_b_s09_pos100_tap3_mc45_cpl0_rp4p82760566967_rn4p99722862818_f12370_f21100_a0_dac1p25,K5OP,B,9,5.0,100,3,45,ac,0.0,0.0,0,1.25,0,4.827605669673552,4.997228628177117,40.0,2370.0,1100.0,,0,,,,,,,,,,,-0.04967841710143972,-0.05,-0.6431657971205595,1.2052267174115314,-0.04477328258846858,1.2145244497817873,5.121678407081616,4.924604644545517,True,True,,,,,,,,,,,,,,,,,,,,,,,,,,,,,0
s9_k5op_b_s09_pos100_tap3_mc460_cpl0_rp4p92007457843_rn4p99419478961_f12370_f21100_a0_dac1p25,K5OP,B,9,5.0,100,3,460,ac,0.0,0.0,0,1.25,0,4.920074578427743,4.994194789613285,40.0,2370.0,1100.0,,0,,,,,,,,,,,-0.0493215750644449,-0.05,-1.3568498711101995,1.198292416748076,-0.05170758325192404,1.208006582777788,4.964738546677257,4.9210318392257335,True,True,,,,,,,,,,,,,,,,,,,,,,,,,,,,,0
s9_k5op_b_s09_pos100_tap3_mc461_cpl0_rp4p91074305468_rn4p85079696789_f12370_f21100_a0_dac1p25,K5OP,B,9,5.0,100,3,461,ac,0.0,0.0,0,1.25,0,4.910743054677111,4.850796967891991,40.0,2370.0,1100.0,,0,,,,,,,,,,,-0.050150734252130125,-0.05,0.3014685042602494,1.269283754990904,0.019283754990903956,1.2653124557568434,5.366408814312315,4.912635725564102,True,True,,,,,,,,,,,,,,,,,,,,,,,,,,,,,0
s9_k5op_b_s09_pos100_tap3_mc462_cpl0_rp4p81682487932_rn4p80385501731_f12370_f21100_a0_dac1p25,K5OP,B,9,5.0,100,3,462,ac,0.0,0.0,0,1.25,0,4.816824879322612,4.8038550173147785,40.0,2370.0,1100.0,,0,,,,,,,,,,,-0.0494186014497533,-0.05,-1.1627971004934068,1.2821852837193546,0.032185283719354585,1.2761088740784452,5.306221834165765,4.899254466359187,True,True,,,,,,,,,,,,,,,,,,,,,,,,,,,,,0
s9_k5op_b_s09_pos100_tap3_mc463_cpl0_rp4p81980051483_rn4p93994820809_f12370_f21100_a0_dac1p25,K5OP,B,9,5.0,100,3,463,ac,0.0,0.0,0,1.25,0,4.819800514826301,4.939948208085681,40.0,2370.0,1100.0,,0,,,,,,,,,,,-0.04966303304234421,-0.05,-0.6739339153115864,1.3969014655480183,0.1469014655480183,1.3693684254824088,5.756360939661718,4.581149215277586,True,True,,,,,,,,,,,,,,,,,,,,,,,,,,,,,0
s9_k5op_b_s09_pos100_tap3_mc464_cpl0_rp4p93819973582_rn4p89022032526_f12370_f21100_a0_dac1p25,K5OP,B,9,5.0,100,3,464,ac,0.0,0.0,0,1.25,0,4.93819973581738,4.890220325258228,40.0,2370.0,1100.0,,0,,,,,,,,,,,-0.05073790924936761,-0.05,1.4758184987352152,1.3490739542085282,0.09907395420852816,1.3301382379922937,5.588706058195621,4.795062974269407,True,True,,,,,,,,,,,,,,,,,,,,,,,,,,,,,0
s9_k5op_b_s09_pos100_tap3_mc465_cpl0_rp4p97378126426_rn4p99197721852_f12370_f21100_a0_dac1p25,K5OP,B,9,5.0,100,3,465,ac,0.0,0.0,0,1.25,0,4.973781264259639,4.991977218520064,40.0,2370.0,1100.0,,0,,,,,,,,,,,-0.04946546989178957,-0.05,-1.0690602164208585,1.3114897395459584,0.06148973954595838,1.298896906504125,5.527620407895586,4.897503219510003,True,True,,,,,,,,,,,,,,,,,,,,,,,,,,,,,0
s9_k5op_b_s09_pos100_tap3_mc466_cpl0_rp4p87794000204_rn4p89205780317_f12370_f21100_a0_dac1p25,K5OP,B,9,5.0,100,3,466,ac,0.0,0.0,0,1.25,0,4.8779400020416315,4.892057803174942,40.0,2370.0,1100.0,,0,,,,,,,,,,,-0.04846896768236242,-0.05,-3.0620646352751635,1.2110780740089129,-0.038921925991087125,1.2186155011211655,5.0530011393300125,4.920481161168447,True,True,,,,,,,,,,,,,,,,,,,,,,,,,,,,,0
s9_k5op_b_s09_pos100_tap3_mc467_cpl0_rp4p96689425009_rn4p99443766455_f12370_f21100_a0_dac1p25,K5OP,B,9,5.0,100,3,467,ac,0.0,0.0,0,1.25,0,4.96689425008728,4.994437664548066,40.0,2370.0,1100.0,,0,,,,,,,,,,,-0.050380507128200414,-0.05,0.7610142564008271,1.1262435594719726,-0.12375644052802737,1.148795955301469,4.640905828033684,4.929340666449887,True,True,,,,,,,,,,,,,,,,,,,,,,,,,,,,,0
s9_k5op_b_s09_pos100_tap3_mc468_cpl0_rp4p99627994237_rn4p80677673773_f12370_f21100_a0_dac1p25,K5OP,B,9,5.0,100,3,468,ac,0.0,0.0,0,1.25,0,4.996279942373079,4.806776737728935,40.0,2370.0,1100.0,,0,,,,,,,,,,,-0.049480740327974004,-0.05,-1.0385193440519913,1.140559058594446,-0.10944094140555394,1.1607528347822587,4.712561768886424,4.928165074238845,True,True,,,,,,,,,,,,,,,,,,,,,,,,,,,,,0
s9_k5op_b_s09_pos100_tap3_mc469_cpl0_rp4p86746515181_rn4p82442949935_f12370_f21100_a0_dac1p25,K5OP,B,9,5.0,100,3,469,ac,0.0,0.0,0,1.25,0,4.867465151813388,4.824429499351856,40.0,2370.0,1100.0,,0,,,,,,,,,,,-0.05074408883280368,-0.05,1.4881776656073598,1.4440036429912075,0.19400364299120754,1.407410328708125,5.9523921785066936,4.400363034577022,False,True,,,,,,,,,,,,,,,,,,,,,,,,,,,,,0
s9_k5op_b_s09_pos100_tap3_mc46_cpl0_rp4p98614128366_rn4p95326093094_f12370_f21100_a0_dac1p25,K5OP,B,9,5.0,100,3,46,ac,0.0,0.0,0,1.25,0,4.9861412836618335,4.9532609309445235,40.0,2370.0,1100.0,,0,,,,,,,,,,,-0.050782113568734744,-0.05,1.5642271374694872,1.2772919483693093,0.02729194836930926,1.2716804866288338,5.396234689781787,4.910405215715,True,True,,,,,,,,,,,,,,,,,,,,,,,,,,,,,0
s9_k5op_b_s09_pos100_tap3_mc470_cpl0_rp4p91328404321_rn4p86674408431_f12370_f21100_a0_dac1p25,K5OP,B,9,5.0,100,3,470,ac,0.0,0.0,0,1.25,0,4.9132840432076454,4.866744084313133,40.0,2370.0,1100.0,,0,,,,,,,,,,,-0.05072122610319196,-0.05,1.4424522063839262,1.3332155865583606,0.08321558655836059,1.3161172377138786,5.619009735780287,4.883802998277982,True,True,,,,,,,,,,,,,,,,,,,,,,,,,,,,,0
s9_k5op_b_s09_pos100_tap3_mc471_cpl0_rp4p89736193895_rn4p8066346075_f12370_f21100_a0_dac1p25,K5OP,B,9,5.0,100,3,471,ac,0.0,0.0,0,1.25,0,4.897361938947755,4.806634607495522,40.0,2370.0,1100.0,,0,,,,,,,,,,,-0.050010841533110195,-0.05,0.0216830662203904,1.1653139075502426,-0.08468609244975744,1.1824731818636633,4.9285197795474165,4.928493999447144,True,True,,,,,,,,,,,,,,,,,,,,,,,,,,,,,0
s9_k5op_b_s09_pos100_tap3_mc472_cpl0_rp4p82442057089_rn4p90328400898_f12370_f21100_a0_dac1p25,K5OP,B,9,5.0,100,3,472,ac,0.0,0.0,0,1.25,0,4.824420570887314,4.9032840089774,40.0,2370.0,1100.0,,0,,,,,,,,,,,-0.05013789821484371,-0.05,0.2757964296874249,1.2435835808763323,-0.006416419123667749,1.244884743210652,5.242683778711012,4.917170537271714,True,True,,,,,,,,,,,,,,,,,,,,,,,,,,,,,0
s9_k5op_b_s09_pos100_tap3_mc473_cpl0_rp4p81133556306_rn4p83594098262_f12370_f21100_a0_dac1p25,K5OP,B,9,5.0,100,3,473,ac,0.0,0.0,0,1.25,0,4.811335563056074,4.835940982615407,40.0,2370.0,1100.0,,0,,,,,,,,,,,-0.05019962944522671,-0.05,0.39925889045342444,1.4435884701937842,0.19358847019378422,1.4079135567689058,5.923193482960407,4.3744857214101085,False,True,,,,,,,,,,,,,,,,,,,,,,,,,,,,,0
s9_k5op_b_s09_pos100_tap3_mc474_cpl0_rp4p84073641539_rn4p87162305829_f12370_f21100_a0_dac1p25,K5OP,B,9,5.0,100,3,474,ac,0.0,0.0,0,1.25,0,4.840736415390106,4.871623058289732,40.0,2370.0,1100.0,,0,,,,,,,,,,,-0.050247614092200354,-0.05,0.4952281844007089,1.2700769251187094,0.0200769251187094,1.2662423560061076,5.271862759782733,4.905453254351509,True,True,,,,,,,,,,,,,,,,,,,,,,,,,,,,,0
s9_k5op_b_s09_pos100_tap3_mc475_cpl0_rp4p84031180256_rn4p85577913513_f12370_f21100_a0_dac1p25,K5OP,B,9,5.0,100,3,475,ac,0.0,0.0,0,1.25,0,4.840311802564188,4.855779135131709,40.0,2370.0,1100.0,,0,,,,,,,,,,,-0.050250165643777045,-0.05,0.50033128755409,1.1175672952666347,-0.13243270473336533,1.1417509564852506,4.608581186607513,4.930298250589284,True,True,,,,,,,,,,,,,,,,,,,,,,,,,,,,,0
s9_k5op_b_s09_pos100_tap3_mc476_cpl0_rp4p80826104094_rn4p87299243737_f12370_f21100_a0_dac1p25,K5OP,B,9,5.0,100,3,476,ac,0.0,0.0,0,1.25,0,4.8082610409374436,4.872992437372049,40.0,2370.0,1100.0,,0,,,,,,,,,,,-0.04873238238159994,-0.05,-2.5352352368001263,1.2164970826241395,-0.03350291737586053,1.2228345602590163,5.045814400689084,4.918295066710406,True,True,,,,,,,,,,,,,,,,,,,,,,,,,,,,,0
s9_k5op_b_s09_pos100_tap3_mc477_cpl0_rp4p9011025822_rn4p98272173248_f12370_f21100_a0_dac1p25,K5OP,B,9,5.0,100,3,477,ac,0.0,0.0,0,1.25,0,4.901102582197919,4.982721732480511,40.0,2370.0,1100.0,,0,,,,,,,,,,,-0.05080235788202492,-0.05,1.6047157640498355,1.2924295240186185,0.04242952401861855,1.2841490812749046,5.388130838825692,4.899112221822887,True,True,,,,,,,,,,,,,,,,,,,,,,,,,,,,,0
s9_k5op_b_s09_pos100_tap3_mc478_cpl0_rp4p94375421175_rn4p94783314723_f12370_f21100_a0_dac1p25,K5OP,B,9,5.0,100,3,478,ac,0.0,0.0,0,1.25,0,4.943754211749966,4.947833147232941,40.0,2370.0,1100.0,,0,,,,,,,,,,,-0.05019475574137067,-0.05,0.38951148274133374,1.419655435252754,0.16965543525275395,1.388448933943236,5.825305126480057,4.468061644458052,False,True,,,,,,,,,,,,,,,,,,,,,,,,,,,,,0
s9_k5op_b_s09_pos100_tap3_mc479_cpl0_rp4p94451228521_rn4p87916699196_f12370_f21100_a0_dac1p25,K5OP,B,9,5.0,100,3,479,ac,0.0,0.0,0,1.25,0,4.944512285207889,4.8791669919552785,40.0,2370.0,1100.0,,0,,,,,,,,,,,-0.05074739219010249,-0.05,1.4947843802049832,1.4056580078601364,0.1556580078601364,1.3736837322820266,5.908400991918922,4.663129879478232,True,True,,,,,,,,,,,,,,,,,,,,,,,,,,,,,0
s9_k5op_b_s09_pos100_tap3_mc47_cpl0_rp4p8941099336_rn4p90077857548_f12370_f21100_a0_dac1p25,K5OP,B,9,5.0,100,3,47,ac,0.0,0.0,0,1.25,0,4.894109933598021,4.900778575478652,40.0,2370.0,1100.0,,0,,,,,,,,,,,-0.04905456414235898,-0.05,-1.8908717152820387,1.3719562338084816,0.12195623380848164,1.348435824870231,5.691379460947589,4.715682550243247,True,True,,,,,,,,,,,,,,,,,,,,,,,,,,,,,0
s9_k5op_b_s09_pos100_tap3_mc480_cpl0_rp4p9165168846_rn4p81704233275_f12370_f21100_a0_dac1p25,K5OP,B,9,5.0,100,3,480,ac,0.0,0.0,0,1.25,0,4.916516884599978,4.817042332753258,40.0,2370.0,1100.0,,0,,,,,,,,,,,-0.04939080618866942,-0.05,-1.2183876226611545,1.19081124410194,-0.05918875589805994,1.2023900901514026,4.984695207302716,4.92405236182461,True,True,,,,,,,,,,,,,,,,,,,,,,,,,,,,,0
s9_k5op_b_s09_pos100_tap3_mc481_cpl0_rp4p90897657852_rn4p83863291458_f12370_f21100_a0_dac1p25,K5OP,B,9,5.0,100,3,481,ac,0.0,0.0,0,1.25,0,4.908976578521395,4.83863291458142,40.0,2370.0,1100.0,,0,,,,,,,,,,,-0.05096371194411642,-0.05,1.9274238882328376,1.2036975445173586,-0.04630245548264145,1.2127691161843335,5.038150278514005,4.922143247281116,True,True,,,,,,,,,,,,,,,,,,,,,,,,,,,,,0
s9_k5op_b_s09_pos100_tap3_mc482_cpl0_rp4p86288100731_rn4p91113469178_f12370_f21100_a0_dac1p25,K5OP,B,9,5.0,100,3,482,ac,0.0,0.0,0,1.25,0,4.862881007312245,4.911134691775557,40.0,2370.0,1100.0,,0,,,,,,,,,,,-0.04920727398898039,-0.05,-1.5854520220392132,1.4256771492147673,0.1756771492147673,1.3906358763518496,5.949193674792166,4.543776481074042,True,True,,,,,,,,,,,,,,,,,,,,,,,,,,,,,0
s9_k5op_b_s09_pos100_tap3_mc483_cpl0_rp4p83291461281_rn4p81672175434_f12370_f21100_a0_dac1p25,K5OP,B,9,5.0,100,3,483,ac,0.0,0.0,0,1.25,0,4.83291461281191,4.81672175434094,40.0,2370.0,1100.0,,0,,,,,,,,,,,-0.050298399642738634,-0.05,0.5967992854772675,1.2040922651238313,-0.045907734876168727,1.2126219571801184,4.974811609482137,4.91960753079809,True,True,,,,,,,,,,,,,,,,,,,,,,,,,,,,,0
s9_k5op_b_s09_pos100_tap3_mc484_cpl0_rp4p80955583217_rn4p93161747833_f12370_f21100_a0_dac1p25,K5OP,B,9,5.0,100,3,484,ac,0.0,0.0,0,1.25,0,4.80955583216582,4.931617478327593,40.0,2370.0,1100.0,,0,,,,,,,,,,,-0.04955645100044981,-0.05,-0.8870979991003836,1.3904884714257708,0.1404884714257708,1.3626799363353106,5.798481338402716,4.674562686272656,True,True,,,,,,,,,,,,,,,,,,,,,,,,,,,,,0
s9_k5op_b_s09_pos100_tap3_mc485_cpl0_rp4p89514580487_rn4p91137783103_f12370_f21100_a0_dac1p25,K5OP,B,9,5.0,100,3,485,ac,0.0,0.0,0,1.25,0,4.895145804869464,4.9113778310291725,40.0,2370.0,1100.0,,0,,,,,,,,,,,-0.04876123612255201,-0.05,-2.4775277548959806,1.364653299815496,0.1146532998154961,1.3426724381695603,5.654806034327558,4.7374759405042335,True,True,,,,,,,,,,,,,,,,,,,,,,,,,,,,,0
s9_k5op_b_s09_pos100_tap3_mc486_cpl0_rp4p95705388401_rn4p94764671172_f12370_f21100_a0_dac1p25,K5OP,B,9,5.0,100,3,486,ac,0.0,0.0,0,1.25,0,4.957053884006331,4.947646711724817,40.0,2370.0,1100.0,,0,,,,,,,,,,,-0.049129502817537585,-0.05,-1.7409943649248305,1.2507724189174456,0.0007724189174456164,1.250623825401097,5.203518269255001,4.911900066066585,True,True,,,,,,,,,,,,,,,,,,,,,,,,,,,,,0
s9_k5op_b_s09_pos100_tap3_mc487_cpl0_rp4p84482012182_rn4p95383071947_f12370_f21100_a0_dac1p25,K5OP,B,9,5.0,100,3,487,ac,0.0,0.0,0,1.25,0,4.84482012181883,4.953830719470984,40.0,2370.0,1100.0,,0,,,,,,,,,,,-0.04998373720872973,-0.05,-0.032525582540543496,1.320733932165563,0.0707339321655629,1.3063869198403595,5.551578100626067,4.890164760035822,True,True,,,,,,,,,,,,,,,,,,,,,,,,,,,,,0
s9_k5op_b_s09_pos100_tap3_mc488_cpl0_rp4p88763720285_rn4p83155380993_f12370_f21100_a0_dac1p25,K5OP,B,9,5.0,100,3,488,ac,0.0,0.0,0,1.25,0,4.887637202849622,4.831553809926781,40.0,2370.0,1100.0,,0,,,,,,,,,,,-0.049514775657713006,-0.05,-0.9704486845739879,1.1362807887442061,-0.11371921125579387,1.1587041473382935,4.776693629971673,4.930605981277355,True,True,,,,,,,,,,,,,,,,,,,,,,,,,,,,,0
s9_k5op_b_s09_pos100_tap3_mc489_cpl0_rp4p84766955943_rn4p875178525_f12370_f21100_a0_dac1p25,K5OP,B,9,5.0,100,3,489,ac,0.0,0.0,0,1.25,0,4.847669559428117,4.875178525002907,40.0,2370.0,1100.0,,0,,,,,,,,,,,-0.0501921267331884,-0.05,0.3842534663768049,1.3412994747043951,0.09129947470439514,1.3238324341521361,5.558820432897658,4.824507859740423,True,True,,,,,,,,,,,,,,,,,,,,,,,,,,,,,0
s9_k5op_b_s09_pos100_tap3_mc48_cpl0_rp4p84579746796_rn4p94824174979_f12370_f21100_a0_dac1p25,K5OP,B,9,5.0,100,3,48,ac,0.0,0.0,0,1.25,0,4.845797467955072,4.948241749788483,40.0,2370.0,1100.0,,0,,,,,,,,,,,-0.049811115783870985,-0.05,-0.3777684322580299,1.2581958565805555,0.00819585658055555,1.2566772544675169,5.187985733766306,4.906455604250462,True,True,,,,,,,,,,,,,,,,,,,,,,,,,,,,,0
s9_k5op_b_s09_pos100_tap3_mc490_cpl0_rp4p88142816359_rn4p98473046386_f12370_f21100_a0_dac1p25,K5OP,B,9,5.0,100,3,490,ac,0.0,0.0,0,1.25,0,4.881428163586611,4.984730463863299,40.0,2370.0,1100.0,,0,,,,,,,,,,,-0.049595084792060096,-0.05,-0.8098304158798086,1.2144716503843547,-0.03552834961564533,1.2212033373752984,5.039704728535424,4.918768939974113,True,True,,,,,,,,,,,,,,,,,,,,,,,,,,,,,0
s9_k5op_b_s09_pos100_tap3_mc491_cpl0_rp4p86846818018_rn4p85896451487_f12370_f21100_a0_dac1p25,K5OP,B,9,5.0,100,3,491,ac,0.0,0.0,0,1.25,0,4.86846818017839,4.858964514867365,40.0,2370.0,1100.0,,0,,,,,,,,,,,-0.04943611265145531,-0.05,-1.1277746970893787,1.2038172454751144,-0.04618275452488563,1.2127644959636052,5.024479224227136,4.921588000059787,True,True,,,,,,,,,,,,,,,,,,,,,,,,,,,,,0
s9_k5op_b_s09_pos100_tap3_mc492_cpl0_rp4p84718679302_rn4p96650176044_f12370_f21100_a0_dac1p25,K5OP,B,9,5.0,100,3,492,ac,0.0,0.0,0,1.25,0,4.847186793022051,4.966501760442533,40.0,2370.0,1100.0,,0,,,,,,,,,,,-0.04967571040853658,-0.05,-0.648579182926845,1.377792690282468,0.12779269028246798,1.3523715817935238,5.754122855675572,4.731697021290426,True,True,,,,,,,,,,,,,,,,,,,,,,,,,,,,,0
s9_k5op_b_s09_pos100_tap3_mc493_cpl0_rp4p92914468276_rn4p81937382261_f12370_f21100_a0_dac1p25,K5OP,B,9,5.0,100,3,493,ac,0.0,0.0,0,1.25,0,4.929144682763958,4.819373822611605,40.0,2370.0,1100.0,,0,,,,,,,,,,,-0.049906910487513834,-0.05,-0.18617902497233274,1.3733946902946783,0.12339469029467831,1.3489972721091403,5.728649265608013,4.74137125821615,True,True,,,,,,,,,,,,,,,,,,,,,,,,,,,,,0
s9_k5op_b_s09_pos100_tap3_mc494_cpl0_rp4p83246035377_rn4p87140084391_f12370_f21100_a0_dac1p25,K5OP,B,9,5.0,100,3,494,ac,0.0,0.0,0,1.25,0,4.832460353767677,4.871400843910421,40.0,2370.0,1100.0,,0,,,,,,,,,,,-0.05039773898454447,-0.05,0.7954779690889424,1.4014736055428356,0.15147360554283562,1.3712887329653147,5.851139612932792,4.6393483852399005,True,True,,,,,,,,,,,,,,,,,,,,,,,,,,,,,0
s9_k5op_b_s09_pos100_tap3_mc495_cpl0_rp4p89615372738_rn4p95659479426_f12370_f21100_a0_dac1p25,K5OP,B,9,5.0,100,3,495,ac,0.0,0.0,0,1.25,0,4.896153727381476,4.956594794260359,40.0,2370.0,1100.0,,0,,,,,,,,,,,-0.04890014938189857,-0.05,-2.1997012362028556,1.3477884797848136,0.09778847978481364,1.329877360792366,5.53293140179496,4.750455411954171,True,True,,,,,,,,,,,,,,,,,,,,,,,,,,,,,0
s9_k5op_b_s09_pos100_tap3_mc496_cpl0_rp4p82124294855_rn4p89418312606_f12370_f21100_a0_dac1p25,K5OP,B,9,5.0,100,3,496,ac,0.0,0.0,0,1.25,0,4.821242948548383,4.894183126064418,40.0,2370.0,1100.0,,0,,,,,,,,,,,-0.050138764367537725,-0.05,0.2775287350754496,1.371807487127853,0.12180748712785294,1.3476641553401274,5.725502313180426,4.750870388692529,True,True,,,,,,,,,,,,,,,,,,,,,,,,,,,,,0
s9_k5op_b_s09_pos100_tap3_mc497_cpl0_rp4p94590527831_rn4p89269603778_f12370_f21100_a0_dac1p25,K5OP,B,9,5.0,100,3,497,ac,0.0,0.0,0,1.25,0,4.945905278313416,4.892696037778297,40.0,2370.0,1100.0,,0,,,,,,,,,,,-0.04943395801628281,-0.05,-1.132083967434383,1.2578525531303606,0.007852553130360596,1.2563757039946672,5.204285737342596,4.908049986536046,True,True,,,,,,,,,,,,,,,,,,,,,,,,,,,,,0
s9_k5op_b_s09_pos100_tap3_mc498_cpl0_rp4p98483368934_rn4p86744459047_f12370_f21100_a0_dac1p25,K5OP,B,9,5.0,100,3,498,ac,0.0,0.0,0,1.25,0,4.984833689338516,4.867444590474708,40.0,2370.0,1100.0,,0,,,,,,,,,,,-0.04919134654337798,-0.05,-1.6173069132440432,1.3979446697417703,0.14794466974177034,1.3682736896381422,5.845420590507734,4.661856554730046,True,True,,,,,,,,,,,,,,,,,,,,,,,,,,,,,0
s9_k5op_b_s09_pos100_tap3_mc499_cpl0_rp4p83548282447_rn4p91934024335_f12370_f21100_a0_dac1p25,K5OP,B,9,5.0,100,3,499,ac,0.0,0.0,0,1.25,0,4.835482824471407,4.919340243345649,40.0,2370.0,1100.0,,0,,,,,,,,,,,-0.04926631217567534,-0.05,-1.4673756486493161,1.3544651043922997,0.10446510439229972,1.334855942531862,5.588428622416549,4.752524894244008,True,True,,,,,,,,,,,,,,,,,,,,,,,,,,,,,0
s9_k5op_b_s09_pos100_tap3_mc49_cpl0_rp4p89650450288_rn4p92668320918_f12370_f21100_a0_dac1p25,K5OP,B,9,5.0,100,3,49,ac,0.0,0.0,0,1.25,0,4.896504502883394,4.926683209181735,40.0,2370.0,1100.0,,0,,,,,,,,,,,-0.04967470037629873,-0.05,-0.650599247402539,1.3050588868253001,0.055058886825300135,1.29403607542027,5.4715510303301595,4.896951457095563,True,True,,,,,,,,,,,,,,,,,,,,,,,,,,,,,0
s9_k5op_b_s09_pos100_tap3_mc4_cpl0_rp4p9639242883_rn4p9501632796_f12370_f21100_a0_dac1p25,K5OP,B,9,5.0,100,3,4,ac,0.0,0.0,0,1.25,0,4.963924288299439,4.950163279600443,40.0,2370.0,1100.0,,0,,,,,,,,,,,-0.04945207726039236,-0.05,-1.095845479215285,1.2270246621815344,-0.022975337818465613,1.231523213052045,5.1306743654557305,4.918243287246297,True,True,,,,,,,,,,,,,,,,,,,,,,,,,,,,,0
s9_k5op_b_s09_pos100_tap3_mc50_cpl0_rp4p93838286104_rn4p81764389731_f12370_f21100_a0_dac1p25,K5OP,B,9,5.0,100,3,50,ac,0.0,0.0,0,1.25,0,4.938382861036046,4.817643897306691,40.0,2370.0,1100.0,,0,,,,,,,,,,,-0.04927526268224236,-0.05,-1.4494746355152799,1.3085805617467008,0.05858056174670079,1.2972904310301343,5.437031420421224,4.887112153839326,True,True,,,,,,,,,,,,,,,,,,,,,,,,,,,,,0
s9_k5op_b_s09_pos100_tap3_mc51_cpl0_rp4p94108494795_rn4p84597086392_f12370_f21100_a0_dac1p25,K5OP,B,9,5.0,100,3,51,ac,0.0,0.0,0,1.25,0,4.941084947954228,4.845970863919445,40.0,2370.0,1100.0,,0,,,,,,,,,,,-0.05022998837014292,-0.05,0.459976740285839,1.3780040597416676,0.12800405974166762,1.3522377648704251,5.770513933984038,4.746335536754658,True,True,,,,,,,,,,,,,,,,,,,,,,,,,,,,,0
s9_k5op_b_s09_pos100_tap3_mc52_cpl0_rp4p90067306704_rn4p92869417858_f12370_f21100_a0_dac1p25,K5OP,B,9,5.0,100,3,52,ac,0.0,0.0,0,1.25,0,4.900673067044964,4.928694178577813,40.0,2370.0,1100.0,,0,,,,,,,,,,,-0.04841235893011664,-0.05,-3.175282139766722,1.3828584671363184,0.13285846713631844,1.35897895132944,5.651739718120721,4.5888719810302,True,True,,,,,,,,,,,,,,,,,,,,,,,,,,,,,0
s9_k5op_b_s09_pos100_tap3_mc53_cpl0_rp4p90671802168_rn4p84604051155_f12370_f21100_a0_dac1p25,K5OP,B,9,5.0,100,3,53,ac,0.0,0.0,0,1.25,0,4.906718021679604,4.846040511552379,40.0,2370.0,1100.0,,0,,,,,,,,,,,-0.05011696780059527,-0.05,0.23393560119053802,1.3594358420542108,0.10943584205421075,1.3392228800809938,5.589230702076792,4.713700226397492,True,True,,,,,,,,,,,,,,,,,,,,,,,,,,,,,0
s9_k5op_b_s09_pos100_tap3_mc54_cpl0_rp4p98569420512_rn4p85186384419_f12370_f21100_a0_dac1p25,K5OP,B,9,5.0,100,3,54,ac,0.0,0.0,0,1.25,0,4.985694205117068,4.851863844192985,40.0,2370.0,1100.0,,0,,,,,,,,,,,-0.050796470088978474,-0.05,1.5929401779569474,1.185579930251311,-0.06442006974868897,1.1974122716487356,4.887327908792784,4.922038340040329,True,True,,,,,,,,,,,,,,,,,,,,,,,,,,,,,0
s9_k5op_b_s09_pos100_tap3_mc55_cpl0_rp4p81692971849_rn4p86324679714_f12370_f21100_a0_dac1p25,K5OP,B,9,5.0,100,3,55,ac,0.0,0.0,0,1.25,0,4.816929718488971,4.86324679713733,40.0,2370.0,1100.0,,0,,,,,,,,,,,-0.050399007868136,-0.05,0.7980157362720064,1.16408374762392,-0.08591625237607992,1.180707418247405,4.863938039088806,4.927019352461314,True,True,,,,,,,,,,,,,,,,,,,,,,,,,,,,,0
s9_k5op_b_s09_pos100_tap3_mc56_cpl0_rp4p89383174788_rn4p94109310762_f12370_f21100_a0_dac1p25,K5OP,B,9,5.0,100,3,56,ac,0.0,0.0,0,1.25,0,4.893831747878307,4.9410931076228115,40.0,2370.0,1100.0,,0,,,,,,,,,,,-0.05005710524448981,-0.05,0.11421048897961583,1.216892945714265,-0.033107054285735016,1.2231088265931709,5.038399619057934,4.917775547740486,True,True,,,,,,,,,,,,,,,,,,,,,,,,,,,,,0
s9_k5op_b_s09_pos100_tap3_mc57_cpl0_rp4p85647483821_rn4p83451618039_f12370_f21100_a0_dac1p25,K5OP,B,9,5.0,100,3,57,ac,0.0,0.0,0,1.25,0,4.856474838211144,4.834516180392071,40.0,2370.0,1100.0,,0,,,,,,,,,,,-0.05025313453456359,-0.05,0.5062690691271854,1.1712273571497673,-0.07877264285023267,1.1856565959678294,4.826774472069223,4.9240695001508925,True,True,,,,,,,,,,,,,,,,,,,,,,,,,,,,,0
s9_k5op_b_s09_pos100_tap3_mc58_cpl0_rp4p89346033217_rn4p83607483876_f12370_f21100_a0_dac1p25,K5OP,B,9,5.0,100,3,58,ac,0.0,0.0,0,1.25,0,4.893460332174911,4.836074838764913,40.0,2370.0,1100.0,,0,,,,,,,,,,,-0.049241037138723076,-0.05,-1.5179257225538478,1.2081504212205874,-0.041849578779412644,1.2159930997032862,5.0012065662430985,4.919296130822158,True,True,,,,,,,,,,,,,,,,,,,,,,,,,,,,,0
s9_k5op_b_s09_pos100_tap3_mc59_cpl0_rp4p82373364137_rn4p91750785234_f12370_f21100_a0_dac1p25,K5OP,B,9,5.0,100,3,59,ac,0.0,0.0,0,1.25,0,4.823733641370459,4.917507852337766,40.0,2370.0,1100.0,,0,,,,,,,,,,,-0.04962111159906746,-0.05,-0.7577768018650843,1.2545430039945102,0.004543003994510242,1.2536496029017385,5.24630704619355,4.912675460228172,True,True,,,,,,,,,,,,,,,,,,,,,,,,,,,,,0
s9_k5op_b_s09_pos100_tap3_mc5_cpl0_rp4p82480901845_rn4p85891971041_f12370_f21100_a0_dac1p25,K5OP,B,9,5.0,100,3,5,ac,0.0,0.0,0,1.25,0,4.824809018452469,4.858919710414241,40.0,2370.0,1100.0,,0,,,,,,,,,,,-0.049531379934706354,-0.05,-0.9372401305872913,1.4070713631710932,0.15707136317109316,1.375945581353964,5.866259808168209,4.609688731946121,True,True,,,,,,,,,,,,,,,,,,,,,,,,,,,,,0
s9_k5op_b_s09_pos100_tap3_mc60_cpl0_rp4p84684747008_rn4p97109424672_f12370_f21100_a0_dac1p25,K5OP,B,9,5.0,100,3,60,ac,0.0,0.0,0,1.25,0,4.846847470081567,4.971094246724969,40.0,2370.0,1100.0,,0,,,,,,,,,,,-0.04936450433864925,-0.05,-1.270991322701498,1.2250085012220808,-0.024991498777919174,1.2299208786067273,5.127568258574772,4.918802865042889,True,True,,,,,,,,,,,,,,,,,,,,,,,,,,,,,0
s9_k5op_b_s09_pos100_tap3_mc61_cpl0_rp4p94483197358_rn4p95053325516_f12370_f21100_a0_dac1p25,K5OP,B,9,5.0,100,3,61,ac,0.0,0.0,0,1.25,0,4.944831973580668,4.950533255157358,40.0,2370.0,1100.0,,0,,,,,,,,,,,-0.05070249727888276,-0.05,1.4049945577655265,1.289537456150499,0.039537456150499084,1.281745899456982,5.388977070719424,4.901733631246004,True,True,,,,,,,,,,,,,,,,,,,,,,,,,,,,,0
s9_k5op_b_s09_pos100_tap3_mc62_cpl0_rp4p81530518808_rn4p84368973926_f12370_f21100_a0_dac1p25,K5OP,B,9,5.0,100,3,62,ac,0.0,0.0,0,1.25,0,4.815305188076907,4.843689739264638,40.0,2370.0,1100.0,,0,,,,,,,,,,,-0.049552726812029935,-0.05,-0.8945463759401306,1.125434451961392,-0.12456554803860809,1.149741115180019,4.719981584459875,4.931357124322479,True,True,,,,,,,,,,,,,,,,,,,,,,,,,,,,,0
s9_k5op_b_s09_pos100_tap3_mc63_cpl0_rp4p92941797896_rn4p92106168524_f12370_f21100_a0_dac1p25,K5OP,B,9,5.0,100,3,63,ac,0.0,0.0,0,1.25,0,4.929417978963851,4.921061685235077,40.0,2370.0,1100.0,,0,,,,,,,,,,,-0.05074522164586481,-0.05,1.4904432917296262,1.233242437030443,-0.016757562969557105,1.2365132310642375,5.151548401567538,4.916798028914801,True,True,,,,,,,,,,,,,,,,,,,,,,,,,,,,,0
s9_k5op_b_s09_pos100_tap3_mc64_cpl0_rp4p81847647918_rn4p86125477416_f12370_f21100_a0_dac1p25,K5OP,B,9,5.0,100,3,64,ac,0.0,0.0,0,1.25,0,4.818476479179087,4.861254774161835,40.0,2370.0,1100.0,,0,,,,,,,,,,,-0.050066251623788194,-0.05,0.13250324757638765,1.3718806388174942,0.12188063881749422,1.3492160474039974,5.646956905129798,4.671902002288613,True,True,,,,,,,,,,,,,,,,,,,,,,,,,,,,,0
s9_k5op_b_s09_pos100_tap3_mc65_cpl0_rp4p98548728336_rn4p8322453739_f12370_f21100_a0_dac1p25,K5OP,B,9,5.0,100,3,65,ac,0.0,0.0,0,1.25,0,4.985487283362776,4.832245373900748,40.0,2370.0,1100.0,,0,,,,,,,,,,,-0.050995735606955694,-0.05,1.9914712139113888,1.2231385271204933,-0.026861472879506687,1.2283149844445018,5.095141388403517,4.918031214277392,True,True,,,,,,,,,,,,,,,,,,,,,,,,,,,,,0
s9_k5op_b_s09_pos100_tap3_mc66_cpl0_rp4p86891949042_rn4p81968547826_f12370_f21100_a0_dac1p25,K5OP,B,9,5.0,100,3,66,ac,0.0,0.0,0,1.25,0,4.8689194904222814,4.81968547825727,40.0,2370.0,1100.0,,0,,,,,,,,,,,-0.048589256432172157,-0.05,-2.821487135655687,1.1462092382767488,-0.10379076172325119,1.165973839122493,4.7727593178239225,4.928559576139198,True,True,,,,,,,,,,,,,,,,,,,,,,,,,,,,,0
s9_k5op_b_s09_pos100_tap3_mc67_cpl0_rp4p87381940208_rn4p84921330081_f12370_f21100_a0_dac1p25,K5OP,B,9,5.0,100,3,67,ac,0.0,0.0,0,1.25,0,4.873819402079665,4.8492133008067695,40.0,2370.0,1100.0,,0,,,,,,,,,,,-0.050729246971246145,-0.05,1.4584939424922894,1.2249260963499207,-0.025073903650079332,1.2297472657776496,5.099515639234303,4.917541195462084,True,True,,,,,,,,,,,,,,,,,,,,,,,,,,,,,0
s9_k5op_b_s09_pos100_tap3_mc68_cpl0_rp4p93398577308_rn4p85144702565_f12370_f21100_a0_dac1p25,K5OP,B,9,5.0,100,3,68,ac,0.0,0.0,0,1.25,0,4.933985773077202,4.851447025649973,40.0,2370.0,1100.0,,0,,,,,,,,,,,-0.05102144347381099,-0.05,2.04288694762198,1.349709455490364,0.09970945549036392,1.3292017083607577,5.686346408924415,4.863381354243362,True,True,,,,,,,,,,,,,,,,,,,,,,,,,,,,,0
s9_k5op_b_s09_pos100_tap3_mc69_cpl0_rp4p91143479711_rn4p82654788787_f12370_f21100_a0_dac1p25,K5OP,B,9,5.0,100,3,69,ac,0.0,0.0,0,1.25,0,4.911434797113318,4.8265478878736365,40.0,2370.0,1100.0,,0,,,,,,,,,,,-0.049755202217736105,-0.05,-0.4895955645277894,1.164712228001759,-0.085287771998241,1.1824549719522426,4.962105905835809,4.929433442592689,True,True,,,,,,,,,,,,,,,,,,,,,,,,,,,,,0
s9_k5op_b_s09_pos100_tap3_mc6_cpl0_rp4p99017081879_rn4p92930515062_f12370_f21100_a0_dac1p25,K5OP,B,9,5.0,100,3,6,ac,0.0,0.0,0,1.25,0,4.990170818793452,4.929305150616864,40.0,2370.0,1100.0,,0,,,,,,,,,,,-0.049357805956224965,-0.05,-1.2843880875500702,1.4247687615345321,0.17476876153453214,1.3889090835785134,5.983314057261552,4.5851639649852824,True,True,,,,,,,,,,,,,,,,,,,,,,,,,,,,,0
s9_k5op_b_s09_pos100_tap3_mc70_cpl0_rp4p88881714958_rn4p81017969097_f12370_f21100_a0_dac1p25,K5OP,B,9,5.0,100,3,70,ac,0.0,0.0,0,1.25,0,4.8888171495826835,4.810179690974999,40.0,2370.0,1100.0,,0,,,,,,,,,,,-0.049607130676414535,-0.05,-0.7857386471709304,1.180945131593594,-0.06905486840640607,1.1946233682911387,4.961196352451267,4.925740873387494,True,True,,,,,,,,,,,,,,,,,,,,,,,,,,,,,0
s9_k5op_b_s09_pos100_tap3_mc71_cpl0_rp4p80947156083_rn4p89461668416_f12370_f21100_a0_dac1p25,K5OP,B,9,5.0,100,3,71,ac,0.0,0.0,0,1.25,0,4.809471560826176,4.894616684158554,40.0,2370.0,1100.0,,0,,,,,,,,,,,-0.049618214005549,-0.05,-0.763571988902001,1.1748987488611602,-0.07510125113883981,1.189288804887677,4.89509895809257,4.9253344117844735,True,True,,,,,,,,,,,,,,,,,,,,,,,,,,,,,0
s9_k5op_b_s09_pos100_tap3_mc72_cpl0_rp4p8591984229_rn4p98977652785_f12370_f21100_a0_dac1p25,K5OP,B,9,5.0,100,3,72,ac,0.0,0.0,0,1.25,0,4.859198422902416,4.9897765278485515,40.0,2370.0,1100.0,,0,,,,,,,,,,,-0.05099567110571579,-0.05,1.9913422114315793,1.3609001502692724,0.11090015026927236,1.3388858307578713,5.68381298542954,4.7955345704169225,True,True,,,,,,,,,,,,,,,,,,,,,,,,,,,,,0
s9_k5op_b_s09_pos100_tap3_mc73_cpl0_rp4p97210393659_rn4p882087731_f12370_f21100_a0_dac1p25,K5OP,B,9,5.0,100,3,73,ac,0.0,0.0,0,1.25,0,4.972103936593898,4.882087730999263,40.0,2370.0,1100.0,,0,,,,,,,,,,,-0.04876018468408905,-0.05,-2.4796306318219052,1.1409978633010578,-0.10900213669894221,1.1612411694501488,4.721889222919211,4.928347995156305,True,True,,,,,,,,,,,,,,,,,,,,,,,,,,,,,0
s9_k5op_b_s09_pos100_tap3_mc74_cpl0_rp4p81224899117_rn4p97047798808_f12370_f21100_a0_dac1p25,K5OP,B,9,5.0,100,3,74,ac,0.0,0.0,0,1.25,0,4.812248991171771,4.970477988080208,40.0,2370.0,1100.0,,0,,,,,,,,,,,-0.04985671657898649,-0.05,-0.286566842027014,1.3425138716303209,0.09251387163032088,1.3240678616333548,5.616031977251939,4.857283577866339,True,True,,,,,,,,,,,,,,,,,,,,,,,,,,,,,0
s9_k5op_b_s09_pos100_tap3_mc75_cpl0_rp4p87408261124_rn4p83842753066_f12370_f21100_a0_dac1p25,K5OP,B,9,5.0,100,3,75,ac,0.0,0.0,0,1.25,0,4.874082611238789,4.838427530657912,40.0,2370.0,1100.0,,0,,,,,,,,,,,-0.05042636796954936,-0.05,0.8527359390987144,1.372468592753402,0.12246859275340194,1.3501669365921258,5.624982891490683,4.645230957470656,True,True,,,,,,,,,,,,,,,,,,,,,,,,,,,,,0
s9_k5op_b_s09_pos100_tap3_mc76_cpl0_rp4p88235051161_rn4p88834123809_f12370_f21100_a0_dac1p25,K5OP,B,9,5.0,100,3,76,ac,0.0,0.0,0,1.25,0,4.8823505116112305,4.88834123809309,40.0,2370.0,1100.0,,0,,,,,,,,,,,-0.04889947947237516,-0.05,-2.201041055249675,1.2056694543887623,-0.044330545611237726,1.2140327764447454,4.999287885364595,4.9200216443082025,True,True,,,,,,,,,,,,,,,,,,,,,,,,,,,,,0
s9_k5op_b_s09_pos100_tap3_mc77_cpl0_rp4p94042145621_rn4p95409641466_f12370_f21100_a0_dac1p25,K5OP,B,9,5.0,100,3,77,ac,0.0,0.0,0,1.25,0,4.940421456214767,4.95409641465923,40.0,2370.0,1100.0,,0,,,,,,,,,,,-0.051281373342486614,-0.05,2.562746684973227,1.13674429791231,-0.11325570208769009,1.1600254529861669,4.833738443086153,4.931721096403717,True,True,,,,,,,,,,,,,,,,,,,,,,,,,,,,,0
s9_k5op_b_s09_pos100_tap3_mc78_cpl0_rp4p86823976616_rn4p87579310451_f12370_f21100_a0_dac1p25,K5OP,B,9,5.0,100,3,78,ac,0.0,0.0,0,1.25,0,4.8682397661630965,4.875793104508594,40.0,2370.0,1100.0,,0,,,,,,,,,,,-0.04946849843454171,-0.05,-1.0630031309165844,1.2778599600235714,0.027859960023571384,1.2724218763111081,5.3300857052039525,4.905160544701267,True,True,,,,,,,,,,,,,,,,,,,,,,,,,,,,,0
s9_k5op_b_s09_pos100_tap3_mc79_cpl0_rp4p89509926023_rn4p88681577062_f12370_f21100_a0_dac1p25,K5OP,B,9,5.0,100,3,79,ac,0.0,0.0,0,1.25,0,4.895099260228807,4.886815770623871,40.0,2370.0,1100.0,,0,,,,,,,,,,,-0.05048305578784662,-0.05,0.9661115756932404,1.309088702971721,0.059088702971721085,1.298257931464838,5.3789820432694615,4.870632954186577,True,True,,,,,,,,,,,,,,,,,,,,,,,,,,,,,0
s9_k5op_b_s09_pos100_tap3_mc7_cpl0_rp4p9191824958_rn4p94462443839_f12370_f21100_a0_dac1p25,K5OP,B,9,5.0,100,3,7,ac,0.0,0.0,0,1.25,0,4.919182495796655,4.9446244383908775,40.0,2370.0,1100.0,,0,,,,,,,,,,,-0.05007949646661958,-0.05,0.15899293323915487,1.4222863874546419,0.17228638745464186,1.3899219153211444,5.860621552334587,4.482330452697427,False,True,,,,,,,,,,,,,,,,,,,,,,,,,,,,,0
s9_k5op_b_s09_pos100_tap3_mc80_cpl0_rp4p90407268595_rn4p99116117843_f12370_f21100_a0_dac1p25,K5OP,B,9,5.0,100,3,80,ac,0.0,0.0,0,1.25,0,4.9040726859476464,4.991161178425712,40.0,2370.0,1100.0,,0,,,,,,,,,,,-0.04997260938272019,-0.05,-0.05478123455961992,1.140947408305938,-0.1090525916940619,1.162300202984171,4.7863887805449785,4.9299650082260325,True,True,,,,,,,,,,,,,,,,,,,,,,,,,,,,,0
s9_k5op_b_s09_pos100_tap3_mc81_cpl0_rp4p9204357772_rn4p91598929712_f12370_f21100_a0_dac1p25,K5OP,B,9,5.0,100,3,81,ac,0.0,0.0,0,1.25,0,4.920435777199089,4.915989297122961,40.0,2370.0,1100.0,,0,,,,,,,,,,,-0.05124757112631384,-0.05,2.49514225262768,1.2924964605213722,0.04249646052137224,1.2837220369765785,5.46281955535582,4.906273572238811,True,True,,,,,,,,,,,,,,,,,,,,,,,,,,,,,0
s9_k5op_b_s09_pos100_tap3_mc82_cpl0_rp4p83199788371_rn4p83944375677_f12370_f21100_a0_dac1p25,K5OP,B,9,5.0,100,3,82,ac,0.0,0.0,0,1.25,0,4.831997883708647,4.839443756766406,40.0,2370.0,1100.0,,0,,,,,,,,,,,-0.04992844330866886,-0.05,-0.14311338266228546,1.2880643773381888,0.03806437733818879,1.2808474750728769,5.334865954376838,4.896916624229278,True,True,,,,,,,,,,,,,,,,,,,,,,,,,,,,,0
s9_k5op_b_s09_pos100_tap3_mc83_cpl0_rp4p98994570318_rn4p92885374731_f12370_f21100_a0_dac1p25,K5OP,B,9,5.0,100,3,83,ac,0.0,0.0,0,1.25,0,4.9899457031827525,4.928853747310462,40.0,2370.0,1100.0,,0,,,,,,,,,,,-0.04993201125045976,-0.05,-0.13597749908047518,1.1943841575443128,-0.05561584245568718,1.2050465933764056,4.973728773518669,4.922632112910501,True,True,,,,,,,,,,,,,,,,,,,,,,,,,,,,,0
s9_k5op_b_s09_pos100_tap3_mc84_cpl0_rp4p94962874674_rn4p95231937264_f12370_f21100_a0_dac1p25,K5OP,B,9,5.0,100,3,84,ac,0.0,0.0,0,1.25,0,4.949628746742632,4.9523193726378425,40.0,2370.0,1100.0,,0,,,,,,,,,,,-0.05103768352072713,-0.05,2.075367041454257,1.2239305339224535,-0.026069466077546455,1.2288992454941647,5.08471940568475,4.917223928239392,True,True,,,,,,,,,,,,,,,,,,,,,,,,,,,,,0
s9_k5op_b_s09_pos100_tap3_mc85_cpl0_rp4p99052628228_rn4p95771412663_f12370_f21100_a0_dac1p25,K5OP,B,9,5.0,100,3,85,ac,0.0,0.0,0,1.25,0,4.990526282278525,4.9577141266308535,40.0,2370.0,1100.0,,0,,,,,,,,,,,-0.050832797713846745,-0.05,1.6655954276934892,1.2518069832643188,0.0018069832643188288,1.251456886746369,5.2165070544814665,4.912116817481402,True,True,,,,,,,,,,,,,,,,,,,,,,,,,,,,,0
s9_k5op_b_s09_pos100_tap3_mc86_cpl0_rp4p81534552746_rn4p95489274822_f12370_f21100_a0_dac1p25,K5OP,B,9,5.0,100,3,86,ac,0.0,0.0,0,1.25,0,4.815345527458427,4.954892748219966,40.0,2370.0,1100.0,,0,,,,,,,,,,,-0.04973782417396322,-0.05,-0.5243516520735625,1.32523420961908,0.0752342096190799,1.3101237856500894,5.556488813181765,4.884186654860413,True,True,,,,,,,,,,,,,,,,,,,,,,,,,,,,,0
s9_k5op_b_s09_pos100_tap3_mc87_cpl0_rp4p80472956662_rn4p84793417503_f12370_f21100_a0_dac1p25,K5OP,B,9,5.0,100,3,87,ac,0.0,0.0,0,1.25,0,4.804729566620188,4.8479341750315745,40.0,2370.0,1100.0,,0,,,,,,,,,,,-0.05039949979235292,-0.05,0.7989995847058395,1.3212069811476013,0.07120698114760127,1.3071669910901662,5.516331544366807,4.882361881942805,True,True,,,,,,,,,,,,,,,,,,,,,,,,,,,,,0
s9_k5op_b_s09_pos100_tap3_mc88_cpl0_rp4p89721161764_rn4p89687305656_f12370_f21100_a0_dac1p25,K5OP,B,9,5.0,100,3,88,ac,0.0,0.0,0,1.25,0,4.897211617639955,4.896873056557508,40.0,2370.0,1100.0,,0,,,,,,,,,,,-0.049059019376576085,-0.05,-1.8819612468478297,1.3764942609928477,0.12649426099284766,1.3518886208407168,5.720258008677547,4.708267697067435,True,True,,,,,,,,,,,,,,,,,,,,,,,,,,,,,0
s9_k5op_b_s09_pos100_tap3_mc89_cpl0_rp4p96618907878_rn4p86040501269_f12370_f21100_a0_dac1p25,K5OP,B,9,5.0,100,3,89,ac,0.0,0.0,0,1.25,0,4.966189078779873,4.860405012692762,40.0,2370.0,1100.0,,0,,,,,,,,,,,-0.050392532695084924,-0.05,0.7850653901698479,1.4574831687697938,0.20748316876979378,1.4174223722417256,6.034907955054228,4.3750426048958655,False,True,,,,,,,,,,,,,,,,,,,,,,,,,,,,,0
s9_k5op_b_s09_pos100_tap3_mc8_cpl0_rp4p96507607737_rn4p86843366932_f12370_f21100_a0_dac1p25,K5OP,B,9,5.0,100,3,8,ac,0.0,0.0,0,1.25,0,4.965076077369363,4.868433669320858,40.0,2370.0,1100.0,,0,,,,,,,,,,,-0.050784602646598564,-0.05,1.569205293197129,1.1477813760655908,-0.10221862393440917,1.168049269533166,4.829861243147837,4.929616244179939,True,True,,,,,,,,,,,,,,,,,,,,,,,,,,,,,0
s9_k5op_b_s09_pos100_tap3_mc90_cpl0_rp4p90843644284_rn4p80246070609_f12370_f21100_a0_dac1p25,K5OP,B,9,5.0,100,3,90,ac,0.0,0.0,0,1.25,0,4.908436442841985,4.802460706089642,40.0,2370.0,1100.0,,0,,,,,,,,,,,-0.04875053074686164,-0.05,-2.4989385062767155,1.2424979242659226,-0.007502075734077351,1.2439703031236489,5.195580765513705,4.915293216120568,True,True,,,,,,,,,,,,,,,,,,,,,,,,,,,,,0
s9_k5op_b_s09_pos100_tap3_mc91_cpl0_rp4p83038297979_rn4p98626428712_f12370_f21100_a0_dac1p25,K5OP,B,9,5.0,100,3,91,ac,0.0,0.0,0,1.25,0,4.830382979787494,4.986264287124217,40.0,2370.0,1100.0,,0,,,,,,,,,,,-0.05004274308075596,-0.05,0.08548616151191624,1.2154992840053014,-0.034500715994698616,1.2219424636317429,5.026492167795912,4.91769809179462,True,True,,,,,,,,,,,,,,,,,,,,,,,,,,,,,0
s9_k5op_b_s09_pos100_tap3_mc92_cpl0_rp4p81562875086_rn4p85682619388_f12370_f21100_a0_dac1p25,K5OP,B,9,5.0,100,3,92,ac,0.0,0.0,0,1.25,0,4.815628750856108,4.856826193884682,40.0,2370.0,1100.0,,0,,,,,,,,,,,-0.04964228078047972,-0.05,-0.715438439040561,1.1454116548891167,-0.10458834511088333,1.1664481633848771,4.839113926819703,4.930309324630104,True,True,,,,,,,,,,,,,,,,,,,,,,,,,,,,,0
s9_k5op_b_s09_pos100_tap3_mc93_cpl0_rp4p86363635694_rn4p88328915379_f12370_f21100_a0_dac1p25,K5OP,B,9,5.0,100,3,93,ac,0.0,0.0,0,1.25,0,4.863636356935841,4.883289153789947,40.0,2370.0,1100.0,,0,,,,,,,,,,,-0.05014043128856338,-0.05,0.28086257712676144,1.32398704114201,0.07398704114201005,1.3087263043955364,5.587368695708188,4.89175260624984,True,True,,,,,,,,,,,,,,,,,,,,,,,,,,,,,0
s9_k5op_b_s09_pos100_tap3_mc94_cpl0_rp4p92071985605_rn4p82299512814_f12370_f21100_a0_dac1p25,K5OP,B,9,5.0,100,3,94,ac,0.0,0.0,0,1.25,0,4.9207198560453085,4.822995128137165,40.0,2370.0,1100.0,,0,,,,,,,,,,,-0.04912310025703137,-0.05,-1.7537994859372574,1.2741593244749663,0.02415932447496627,1.2694771291879554,5.306294317457349,4.905658976536444,True,True,,,,,,,,,,,,,,,,,,,,,,,,,,,,,0
s9_k5op_b_s09_pos100_tap3_mc95_cpl0_rp4p91235641176_rn4p95100309897_f12370_f21100_a0_dac1p25,K5OP,B,9,5.0,100,3,95,ac,0.0,0.0,0,1.25,0,4.912356411756327,4.951003098965599,40.0,2370.0,1100.0,,0,,,,,,,,,,,-0.04891943860380277,-0.05,-2.1611227923944654,1.2839780969165075,0.03397809691650755,1.2774180806322146,5.3407992272542835,4.901425189038197,True,True,,,,,,,,,,,,,,,,,,,,,,,,,,,,,0
s9_k5op_b_s09_pos100_tap3_mc96_cpl0_rp4p98887721291_rn4p89671470465_f12370_f21100_a0_dac1p25,K5OP,B,9,5.0,100,3,96,ac,0.0,0.0,0,1.25,0,4.988877212910134,4.8967147046477155,40.0,2370.0,1100.0,,0,,,,,,,,,,,-0.05058774419657741,-0.05,1.1754883931548221,1.344660126372169,0.09466012637216892,1.3266090373028394,5.568270146591397,4.8090459718929575,True,True,,,,,,,,,,,,,,,,,,,,,,,,,,,,,0
s9_k5op_b_s09_pos100_tap3_mc97_cpl0_rp4p95689485016_rn4p90423819188_f12370_f21100_a0_dac1p25,K5OP,B,9,5.0,100,3,97,ac,0.0,0.0,0,1.25,0,4.956894850161169,4.904238191883401,40.0,2370.0,1100.0,,0,,,,,,,,,,,-0.049980738362875865,-0.05,-0.038523274248269956,1.152420827370007,-0.09757917262999305,1.1715004466094077,4.830509509683367,4.928730866729958,True,True,,,,,,,,,,,,,,,,,,,,,,,,,,,,,0
s9_k5op_b_s09_pos100_tap3_mc98_cpl0_rp4p87507940839_rn4p96037974902_f12370_f21100_a0_dac1p25,K5OP,B,9,5.0,100,3,98,ac,0.0,0.0,0,1.25,0,4.87507940839033,4.9603797490179335,40.0,2370.0,1100.0,,0,,,,,,,,,,,-0.04975244297350967,-0.05,-0.4951140529806608,1.3732496773435223,0.12324967734352232,1.349975161926124,5.670771216762455,4.684758046601346,True,True,,,,,,,,,,,,,,,,,,,,,,,,,,,,,0
s9_k5op_b_s09_pos100_tap3_mc99_cpl0_rp4p93584667049_rn4p99418230324_f12370_f21100_a0_dac1p25,K5OP,B,9,5.0,100,3,99,ac,0.0,0.0,0,1.25,0,4.935846670489885,4.994182303244085,40.0,2370.0,1100.0,,0,,,,,,,,,,,-0.04927895136031424,-0.05,-1.4420972793715237,1.1039691996892242,-0.14603080031077575,1.1321454188964881,4.61999661796642,4.9329905280970054,True,True,,,,,,,,,,,,,,,,,,,,,,,,,,,,,0
s9_k5op_b_s09_pos100_tap3_mc9_cpl0_rp4p98797808192_rn4p9062057733_f12370_f21100_a0_dac1p25,K5OP,B,9,5.0,100,3,9,ac,0.0,0.0,0,1.25,0,4.987978081923813,4.906205773299968,40.0,2370.0,1100.0,,0,,,,,,,,,,,-0.05034413977063501,-0.05,0.6882795412700204,1.3670187207013855,0.11701872070138553,1.343551757694169,5.721622641389663,4.784794929363774,True,True,,,,,,,,,,,,,,,,,,,,,,,,,,,,,0
