design,test,measure,value,unit,criterion,pass
P4,C1,resumen_criterio,"x1=0.9089 Mohm, d100=0.9991 Mohm",,C1,FAIL
P4,C2,resumen_criterio,"x1=21.832 pF, d100=13.878 pF; delta=7.954 pF",,C2,FAIL
P4,C3,resumen_criterio,peor error=-1.190%,,C3,FAIL
P4,C4,resumen_criterio,"peor planitud=9.419%, perdida1.5MHz=0.142 dB, pico=0.794 dB",,C4,FAIL
P4,C5,resumen_criterio,"5mV/div=0.366%, 500mV/div=15.826%",,C5,FAIL
P4,C6,resumen_criterio,"5mV/div=15.54uV (0.311%), 200mV/div=468.44uV (0.234%), 500mV/div=1533.04uV (0.307%)",,C6,PASS
P4,C7,resumen_criterio,"THD=0.0000%, Zin_ef=999.01 kohm",,C7,PASS
P4,C8,resumen_criterio,"low: Rt=16.50V/0.82mW c/u, Rs-base=44.02V/19.38mW, VinAmp=5.98V; safe: Rt=16.50V/0.83mW c/u, Rs-base=0.00V/0.00mW, VinAmp=0.50V",,C8,FAIL
P4,C9,resumen_criterio,"Iclamp_pk peor=3.48mA, VinAmp peor=6.09V",,C9,FAIL
P4,D100,p4_d100_cin1m,1.38780273504e-11,SI,,
P4,D100,p4_d100_zin100,999140.222696,SI,,
P4,LOW,p4_low_ac_dhpmax,0.00347560970113,SI,,
P4,LOW,p4_low_ac_dhpmin,-6.46865814247e-08,SI,,
P4,LOW,p4_low_ac_dlpmax,0.00347560807131,SI,,
P4,LOW,p4_low_ac_dlpmin,-8.22057515393e-08,SI,,
P4,LOW,p4_low_ac_premax,6.08832216263,SI,,
P4,LOW,p4_low_ac_premin,-6.08832216263,SI,,
P4,LOW,p4_low_ac_railnmax,0.00347560807131,SI,,
P4,LOW,p4_low_ac_railnmin,-8.22057444338e-08,SI,,
P4,LOW,p4_low_ac_railpmax,6.46865743192e-08,SI,,
P4,LOW,p4_low_ac_railpmin,-0.00347560970113,SI,,
P4,LOW,p4_low_ac_rele_d100max,5.86508070305,SI,,
P4,LOW,p4_low_ac_rele_d100min,-5.85829956457,SI,,
P4,LOW,p4_low_ac_rele_x1max,0.00034761428833,SI,,
P4,LOW,p4_low_ac_rele_x1min,-0.000348091125488,SI,,
P4,LOW,p4_low_ac_rs_p,0.598037445785,SI,,
P4,LOW,p4_low_ac_rs_vmax,347.464734077,SI,,
P4,LOW,p4_low_ac_rs_vmin,-347.464644432,SI,,
P4,LOW,p4_low_ac_rt_p,0.0618749597336,SI,,
P4,LOW,p4_low_ac_rt_vmax,350.017815828,SI,,
P4,LOW,p4_low_ac_rt_vmin,-350.017725468,SI,,
P4,LOW,p4_low_ac_tvsmax,1.74454129365e-07,SI,,
P4,LOW,p4_low_ac_tvsmin,-1.74417749577e-07,SI,,
P4,LOW,p4_low_dc_dhpmax,0.000439583847765,SI,,
P4,LOW,p4_low_dc_dhpmin,0.000439583847765,SI,,
P4,LOW,p4_low_dc_dlpmax,-1.19744214544e-11,SI,,
P4,LOW,p4_low_dc_dlpmin,-1.19844871874e-11,SI,,
P4,LOW,p4_low_dc_premax,5.97911882401,SI,,
P4,LOW,p4_low_dc_premin,5.97911882401,SI,,
P4,LOW,p4_low_dc_railnmax,-1.19744214544e-11,SI,,
P4,LOW,p4_low_dc_railnmin,-1.19833032386e-11,SI,,
P4,LOW,p4_low_dc_railpmax,-0.000439583847765,SI,,
P4,LOW,p4_low_dc_railpmin,-0.000439583847765,SI,,
P4,LOW,p4_low_dc_rele_d100max,-5.47906452417,SI,,
P4,LOW,p4_low_dc_rele_d100min,-5.47906452417,SI,,
P4,LOW,p4_low_dc_rele_x1max,4.38690185547e-05,SI,,
P4,LOW,p4_low_dc_rele_x1min,4.38690185547e-05,SI,,
P4,LOW,p4_low_dc_rs_p,0.0193783417793,SI,,
P4,LOW,p4_low_dc_rs_vmax,44.020837307,SI,,
P4,LOW,p4_low_dc_rs_vmin,44.020837307,SI,,
P4,LOW,p4_low_dc_rt_p,0.00247499452129,SI,,
P4,LOW,p4_low_dc_rt_vmax,49.4999457002,SI,,
P4,LOW,p4_low_dc_rt_vmin,49.4999457002,SI,,
P4,LOW,p4_low_dc_tvsmax,2.11229593816e-08,SI,,
P4,LOW,p4_low_dc_tvsmin,2.11228243785e-08,SI,,
P4,PROBE,p4_probe_11p2_bncpk,11.1852836478,SI,,
P4,PROBE,p4_probe_11p2_iinpk,-1.12011414179e-05,SI,,
P4,PROBE,p4_probe_11p2_salpk,0.559004128797,SI,,
P4,PROBE,p4_probe_20_bncpk,19.9737205244,SI,,
P4,PROBE,p4_probe_20_iinpk,-2.00020389564e-05,SI,,
P4,PROBE,p4_probe_20_salpk,0.998221158981,SI,,
P4,PROBE,p4_probe_40_bncpk,39.9474372864,SI,,
P4,PROBE,p4_probe_40_iinpk,-4.00040779127e-05,SI,,
P4,PROBE,p4_probe_40_salpk,1.99643695354,SI,,
P4,PROBE,p4_probe_5_bncpk,4.99343013109,SI,,
P4,PROBE,p4_probe_5_iinpk,-5.00050973909e-06,SI,,
P4,PROBE,p4_probe_5_salpk,0.249555453863,SI,,
P4,R10K,p4_r10k_11_bncpk,10.8909740448,SI,,
P4,R10K,p4_r10k_11_iinpk,-1.09026152434e-05,SI,,
P4,R10K,p4_r10k_11_salpk,0.544282854421,SI,,
P4,R10K,p4_r10k_20_bncpk,19.8017711639,SI,,
P4,R10K,p4_r10k_20_iinpk,-1.98229376217e-05,SI,,
P4,R10K,p4_r10k_20_salpk,0.989604712351,SI,,
P4,R10K,p4_r10k_40_bncpk,39.6035423279,SI,,
P4,R10K,p4_r10k_40_iinpk,-3.96458752434e-05,SI,,
P4,R10K,p4_r10k_40_salpk,1.97920417949,SI,,
P4,R10K,p4_r10k_5_bncpk,4.95044279099,SI,,
P4,R10K,p4_r10k_5_iinpk,-4.95573395692e-06,SI,,
P4,R10K,p4_r10k_5_salpk,0.247401342,SI,,
P4,R50,p4_r50_11_bncpk,10.9994497299,SI,,
P4,R50,p4_r50_11_iinpk,-1.10103830896e-05,SI,,
P4,R50,p4_r50_11_salpk,0.549701274259,SI,,
P4,R50,p4_r50_20_bncpk,19.998998642,SI,,
P4,R50,p4_r50_20_iinpk,-2.00188773662e-05,SI,,
P4,R50,p4_r50_20_salpk,0.999456288067,SI,,
P4,R50,p4_r50_40_bncpk,39.9979972839,SI,,
P4,R50,p4_r50_40_iinpk,-4.00377547325e-05,SI,,
P4,R50,p4_r50_40_salpk,1.99890721172,SI,,
P4,R50,p4_r50_5_bncpk,4.99974966049,SI,,
P4,R50,p4_r50_5_iinpk,-5.00471934156e-06,SI,,
P4,R50,p4_r50_5_salpk,0.249864235929,SI,,
P4,S200,p4_s200_f3,7946756.96317,SI,,
P4,S200,p4_s200_g100,1.23512430637,SI,,
P4,S200,p4_s200_g100k,1.23270653,SI,,
P4,S200,p4_s200_g1m5,1.21504899841,SI,,
P4,S200,p4_s200_gmax,1.23513347675,SI,,
P4,S200,p4_s200_gmin,1.23270653,SI,,
P4,S200,p4_s200_peak,1.23513347675,SI,,
P4,S500,p4_s500_f3,9538421.95979,SI,,
P4,S500,p4_s500_g100,0.499891401966,SI,,
P4,S500,p4_s500_g100k,0.546973086443,SI,,
P4,S500,p4_s500_g1m5,0.540387583738,SI,,
P4,S500,p4_s500_gmax,0.546973086443,SI,,
P4,S500,p4_s500_gmin,0.499889438449,SI,,
P4,S500,p4_s500_peak,0.547759754213,SI,,
P4,S500,p4_s500_v200us,0.749835908413,SI,,
P4,S500,p4_s500_v20us,0.769177037382,SI,,
P4,S500,p4_s500_v2us,0.868506053161,SI,,
P4,S500,p4_s500_vsettled,0.749834358692,SI,,
P4,S5,p4_s5_f3,8034859.48526,SI,,
P4,S5,p4_s5_g100,49.4888742661,SI,,
P4,S5,p4_s5_g100k,49.3918160241,SI,,
P4,S5,p4_s5_g1m5,48.6920999209,SI,,
P4,S5,p4_s5_gmax,49.4892425546,SI,,
P4,S5,p4_s5_gmin,49.3918160241,SI,,
P4,S5,p4_s5_peak,49.4892425546,SI,,
P4,S5,p4_s5_v200us,0.741954302413,SI,,
P4,S5,p4_s5_v20us,0.740021277667,SI,,
P4,S5,p4_s5_v2us,0.739566388288,SI,,
P4,S5,p4_s5_vsettled,0.742286503315,SI,,
P4,S5V,p4_s5v_f3,9257114.1702,SI,,
P4,S5V,p4_s5v_g100,0.0499541982119,SI,,
P4,S5V,p4_s5v_g100k,0.0546591686104,SI,,
P4,S5V,p4_s5v_g1m5,0.0539728347297,SI,,
P4,S5V,p4_s5v_gmax,0.0546591686104,SI,,
P4,S5V,p4_s5v_gmin,0.0499540019892,SI,,
P4,S5V,p4_s5v_peak,0.0547371916079,SI,,
P4,SAFE,p4_safe_ac_dhpmax,8.64562033076e-10,SI,,
P4,SAFE,p4_safe_ac_dhpmin,-8.7508694735e-10,SI,,
P4,SAFE,p4_safe_ac_dlpmax,8.64559979163e-10,SI,,
P4,SAFE,p4_safe_ac_dlpmin,-8.75084282814e-10,SI,,
P4,SAFE,p4_safe_ac_premax,3.5355052948,SI,,
P4,SAFE,p4_safe_ac_premin,-3.53550505638,SI,,
P4,SAFE,p4_safe_ac_railnmax,8.64559979163e-10,SI,,
P4,SAFE,p4_safe_ac_railnmin,-8.7508311708e-10,SI,,
P4,SAFE,p4_safe_ac_railpmax,8.75086669794e-10,SI,,
P4,SAFE,p4_safe_ac_railpmin,-8.64562643699e-10,SI,,
P4,SAFE,p4_safe_ac_rele_d100max,2.38418579102e-07,SI,,
P4,SAFE,p4_safe_ac_rele_d100min,-2.38418579102e-07,SI,,
P4,SAFE,p4_safe_ac_rele_x1max,349.982530594,SI,,
P4,SAFE,p4_safe_ac_rele_x1min,-349.982440948,SI,,
P4,SAFE,p4_safe_ac_rs_p,6.7344072557e-09,SI,,
P4,SAFE,p4_safe_ac_rs_vmax,0.0367126464844,SI,,
P4,SAFE,p4_safe_ac_rs_vmin,-0.0367126464844,SI,,
P4,SAFE,p4_safe_ac_rt_p,0.0618749845241,SI,,
P4,SAFE,p4_safe_ac_rt_vmax,350.017869949,SI,,
P4,SAFE,p4_safe_ac_rt_vmin,-350.017780304,SI,,
P4,SAFE,p4_safe_ac_tvsmax,1.0900285119e-09,SI,,
P4,SAFE,p4_safe_ac_tvsmin,-1.08994457904e-09,SI,,
P4,SAFE,p4_safe_dc_dhpmax,-5.49997070456e-12,SI,,
P4,SAFE,p4_safe_dc_dhpmin,-5.50008172687e-12,SI,,
P4,SAFE,p4_safe_dc_dlpmax,-6.49968967537e-12,SI,,
P4,SAFE,p4_safe_dc_dlpmin,-6.50087405782e-12,SI,,
P4,SAFE,p4_safe_dc_premax,0.499995470047,SI,,
P4,SAFE,p4_safe_dc_premin,0.499995470047,SI,,
P4,SAFE,p4_safe_dc_railnmax,-6.49968967537e-12,SI,,
P4,SAFE,p4_safe_dc_railnmin,-6.49968967537e-12,SI,,
P4,SAFE,p4_safe_dc_railpmax,5.5004889532e-12,SI,,
P4,SAFE,p4_safe_dc_railpmin,5.49871259636e-12,SI,,
P4,SAFE,p4_safe_dc_rele_d100max,0,SI,,
P4,SAFE,p4_safe_dc_rele_d100min,0,SI,,
P4,SAFE,p4_safe_dc_rele_x1max,49.4950492382,SI,,
P4,SAFE,p4_safe_dc_rele_x1min,49.4950492382,SI,,
P4,SAFE,p4_safe_dc_rs_p,2.45507681161e-10,SI,,
P4,SAFE,p4_safe_dc_rs_vmax,0.00495529174805,SI,,
P4,SAFE,p4_safe_dc_rs_vmin,0.00495529174805,SI,,
P4,SAFE,p4_safe_dc_rt_p,0.00247500052413,SI,,
P4,SAFE,p4_safe_dc_rt_vmax,49.50000453,SI,,
P4,SAFE,p4_safe_dc_rt_vmin,49.50000453,SI,,
P4,SAFE,p4_safe_dc_tvsmax,3.76143560743e-13,SI,,
P4,SAFE,p4_safe_dc_tvsmin,3.75588449231e-13,SI,,
P4,X1,p4_x1_cin1m,2.18323287956e-11,SI,,
P4,X1,p4_x1_zin100,908917.116238,SI,,
P4,STEP,p4_noise_integrated[1],0.000768963690221,SI,,
P4,STEP,p4_noise_integrated[2],0.000578580939566,SI,,
P4,STEP,p4_noise_integrated[3],0.000766353820581,SI,,
P4,STEP,p4_wc_g100k[1],0.546973324706,SI,,
P4,STEP,p4_wc_g100k[2],0.546972921011,SI,,
P4,STEP,p4_wc_g100k[3],0.546973176428,SI,,
P4,STEP,p4_wc_g100k[4],0.546973060805,SI,,
P4,STEP,p4_wc_g100k[5],0.546973034953,SI,,
P4,STEP,p4_wc_g100k[6],0.546973229412,SI,,
P4,STEP,p4_wc_g100k[7],0.546972865835,SI,,
P4,STEP,p4_wc_g100k[8],0.546973340368,SI,,
P4,STEP,p4_wc_g100k[9],0.546972825387,SI,,
P4,STEP,p4_wc_g100k[10],0.546973349263,SI,,
P4,STEP,p4_wc_g100k[11],0.546972834469,SI,,
P4,STEP,p4_wc_g100k[12],0.546973284982,SI,,
P4,STEP,p4_wc_g100k[13],0.546972973532,SI,,
P4,STEP,p4_wc_g100k[14],0.546973113597,SI,,
P4,STEP,p4_wc_g100k[15],0.546973126541,SI,,
P4,STEP,p4_wc_g100k[16],0.546972975228,SI,,
P4,STEP,p4_wc_g100k[17],0.546973278268,SI,,
P4,STEP,p4_wc_g100k[18],0.54697282956,SI,,
P4,STEP,p4_wc_g100k[19],0.546973360913,SI,,
P4,STEP,p4_wc_g100k[20],0.54697282518,SI,,
P4,STEP,p4_wc_g100k[21],0.546973327881,SI,,
P4,STEP,p4_wc_g100k[22],0.546972873083,SI,,
P4,STEP,p4_wc_g100k[23],0.546973234834,SI,,
P4,STEP,p4_wc_g100k[24],0.546973032431,SI,,
P4,STEP,p4_wc_g100k[25],0.546973048826,SI,,
P4,STEP,p4_wc_g100k[26],0.546973189919,SI,,
P4,STEP,p4_wc_g100k[27],0.546972921996,SI,,
P4,STEP,p4_wc_g100k[28],0.546973316692,SI,,
P4,STEP,p4_wc_g100k[29],0.546972806727,SI,,
P4,STEP,p4_wc_g100k[30],0.546973366704,SI,,
P4,STEP,p4_wc_g100k[31],0.546972839544,SI,,
P4,STEP,p4_wc_g100k[32],0.546973293081,SI,,
P4,STEP,p4_wc_g100k[33],0.546972922897,SI,,
P4,STEP,p4_wc_g100k[34],0.546973177024,SI,,
P4,STEP,p4_wc_g100k[35],0.546973094459,SI,,
P4,STEP,p4_wc_g100k[36],0.546972985611,SI,,
P4,STEP,p4_wc_g100k[37],0.546973247565,SI,,
P4,STEP,p4_wc_g100k[38],0.546972878149,SI,,
P4,STEP,p4_wc_g100k[39],0.546973342531,SI,,
P4,STEP,p4_wc_g100k[40],0.546972798588,SI,,
P4,STEP,p4_wc_g100k[41],0.546973357493,SI,,
P4,STEP,p4_wc_g100k[42],0.546972867669,SI,,
P4,STEP,p4_wc_g100k[43],0.546973246701,SI,,
P4,STEP,p4_wc_g100k[44],0.546972981253,SI,,
P4,STEP,p4_wc_g100k[45],0.546973114721,SI,,
P4,STEP,p4_wc_g100k[46],0.546973156192,SI,,
P4,STEP,p4_wc_g100k[47],0.546972927366,SI,,
P4,STEP,p4_wc_g100k[48],0.546973296423,SI,,
P4,STEP,p4_wc_g100k[49],0.546972846055,SI,,
P4,STEP,p4_wc_g100k[50],0.546973354318,SI,,
P4,STEP,p4_wc_g100k[51],0.546972805608,SI,,
P4,STEP,p4_wc_g100k[52],0.54697333384,SI,,
P4,STEP,p4_wc_g100k[53],0.546972907987,SI,,
P4,STEP,p4_wc_g100k[54],0.546973191215,SI,,
P4,STEP,p4_wc_g100k[55],0.546973045039,SI,,
P4,STEP,p4_wc_g100k[56],0.546973051327,SI,,
P4,STEP,p4_wc_g100k[57],0.546973214219,SI,,
P4,STEP,p4_wc_g100k[58],0.546972877249,SI,,
P4,STEP,p4_wc_g100k[59],0.54697333391,SI,,
P4,STEP,p4_wc_g100k[60],0.546972827441,SI,,
P4,STEP,p4_wc_g100k[61],0.546973351349,SI,,
P4,STEP,p4_wc_g100k[62],0.546972827433,SI,,
P4,STEP,p4_wc_g100k[63],0.546973297084,SI,,
P4,STEP,p4_wc_g100k[64],0.546972958266,SI,,
P4,STEP,p4_wc_g100k[65],0.546973129595,SI,,
P4,STEP,p4_wc_g100k[66],0.546973110849,SI,,
P4,STEP,p4_wc_g100k[67],0.546972990299,SI,,
P4,STEP,p4_wc_g100k[68],0.546973265328,SI,,
P4,STEP,p4_wc_g100k[69],0.546972837981,SI,,
P4,STEP,p4_wc_g100k[70],0.546973358066,SI,,
P4,STEP,p4_wc_g100k[71],0.546972823292,SI,,
P4,STEP,p4_wc_g100k[72],0.546973333726,SI,,
P4,STEP,p4_wc_g100k[73],0.546972862913,SI,,
P4,STEP,p4_wc_g100k[74],0.546973249266,SI,,
P4,STEP,p4_wc_g100k[75],0.546973015727,SI,,
P4,STEP,p4_wc_g100k[76],0.546973065161,SI,,
P4,STEP,p4_wc_g100k[77],0.546973175178,SI,,
P4,STEP,p4_wc_g100k[78],0.54697293495,SI,,
P4,STEP,p4_wc_g100k[79],0.546973306679,SI,,
P4,STEP,p4_wc_g100k[80],0.546972811704,SI,,
P4,STEP,p4_wc_g100k[81],0.546973367648,SI,,
P4,STEP,p4_wc_g100k[82],0.546972833804,SI,,
P4,STEP,p4_wc_g100k[83],0.546973302349,SI,,
P4,STEP,p4_wc_g100k[84],0.546972910164,SI,,
P4,STEP,p4_wc_g100k[85],0.546973193018,SI,,
P4,STEP,p4_wc_g100k[86],0.546973077198,SI,,
P4,STEP,p4_wc_g100k[87],0.546973001388,SI,,
P4,STEP,p4_wc_g100k[88],0.5469732346,SI,,
P4,STEP,p4_wc_g100k[89],0.54697288828,SI,,
P4,STEP,p4_wc_g100k[90],0.546973335964,SI,,
P4,STEP,p4_wc_g100k[91],0.546972799862,SI,,
P4,STEP,p4_wc_g100k[92],0.546973362199,SI,,
P4,STEP,p4_wc_g100k[93],0.546972858369,SI,,
P4,STEP,p4_wc_g100k[94],0.546973258873,SI,,
P4,STEP,p4_wc_g100k[95],0.54697296667,SI,,
P4,STEP,p4_wc_g100k[96],0.546973131422,SI,,
P4,STEP,p4_wc_g100k[97],0.546973139284,SI,,
P4,STEP,p4_wc_g100k[98],0.546972941729,SI,,
P4,STEP,p4_wc_g100k[99],0.546973285963,SI,,
P4,STEP,p4_wc_g100k[100],0.54697285281,SI,,
P4,STEP,p4_wc_g100k[101],0.546973351527,SI,,
P4,STEP,p4_wc_g100k[102],0.54697280312,SI,,
P4,STEP,p4_wc_g100k[103],0.546973342077,SI,,
P4,STEP,p4_wc_g100k[104],0.546972895612,SI,,
P4,STEP,p4_wc_g100k[105],0.546973205615,SI,,
P4,STEP,p4_wc_g100k[106],0.546973029418,SI,,
P4,STEP,p4_wc_g100k[107],0.546973067838,SI,,
P4,STEP,p4_wc_g100k[108],0.546973198554,SI,,
P4,STEP,p4_wc_g100k[109],0.546972889417,SI,,
P4,STEP,p4_wc_g100k[110],0.546973326551,SI,,
P4,STEP,p4_wc_g100k[111],0.546972830444,SI,,
P4,STEP,p4_wc_g100k[112],0.546973352464,SI,,
P4,STEP,p4_wc_g100k[113],0.546972821333,SI,,
P4,STEP,p4_wc_g100k[114],0.546973308424,SI,,
P4,STEP,p4_wc_g100k[115],0.546972943464,SI,,
P4,STEP,p4_wc_g100k[116],0.546973145432,SI,,
P4,STEP,p4_wc_g100k[117],0.546973095064,SI,,
P4,STEP,p4_wc_g100k[118],0.546973005728,SI,,
P4,STEP,p4_wc_g100k[119],0.546973251729,SI,,
P4,STEP,p4_wc_g100k[120],0.546972847301,SI,,
P4,STEP,p4_wc_g100k[121],0.54697335423,SI,,
P4,STEP,p4_wc_g100k[122],0.546972822369,SI,,
P4,STEP,p4_wc_g100k[123],0.546973338664,SI,,
P4,STEP,p4_wc_g100k[124],0.546972853551,SI,,
P4,STEP,p4_wc_g100k[125],0.546973263111,SI,,
P4,STEP,p4_wc_g100k[126],0.546972999277,SI,,
P4,STEP,p4_wc_g100k[127],0.546973081568,SI,,
P4,STEP,p4_wc_g100k[128],0.546973160109,SI,,
P4,STEP,p4_wc_g100k[129],0.546972948463,SI,,
P4,STEP,p4_wc_g100k[130],0.546973295858,SI,,
P4,STEP,p4_wc_g100k[131],0.546972817676,SI,,
P4,STEP,p4_wc_g100k[132],0.546973367569,SI,,
P4,STEP,p4_wc_g100k[133],0.546972828987,SI,,
P4,STEP,p4_wc_g100k[134],0.546973310824,SI,,
P4,STEP,p4_wc_g100k[135],0.546972898067,SI,,
P4,STEP,p4_wc_g100k[136],0.546973208631,SI,,
P4,STEP,p4_wc_g100k[137],0.546973059966,SI,,
P4,STEP,p4_wc_g100k[138],0.546973017471,SI,,
P4,STEP,p4_wc_g100k[139],0.546973221092,SI,,
P4,STEP,p4_wc_g100k[140],0.546972899142,SI,,
P4,STEP,p4_wc_g100k[141],0.54697332848,SI,,
P4,STEP,p4_wc_g100k[142],0.546972802172,SI,,
P4,STEP,p4_wc_g100k[143],0.546973365905,SI,,
P4,STEP,p4_wc_g100k[144],0.546972849901,SI,,
P4,STEP,p4_wc_g100k[145],0.54697327041,SI,,
P4,STEP,p4_wc_g100k[146],0.546972952517,SI,,
P4,STEP,p4_wc_g100k[147],0.546973147967,SI,,
P4,STEP,p4_wc_g100k[148],0.546973122178,SI,,
P4,STEP,p4_wc_g100k[149],0.546972956614,SI,,
P4,STEP,p4_wc_g100k[150],0.546973274775,SI,,
P4,STEP,p4_wc_g100k[151],0.546972860423,SI,,
P4,STEP,p4_wc_g100k[152],0.546973347764,SI,,
P4,STEP,p4_wc_g100k[153],0.546972801658,SI,,
P4,STEP,p4_wc_g100k[154],0.546973349388,SI,,
P4,STEP,p4_wc_g100k[155],0.546972883932,SI,,
P4,STEP,p4_wc_g100k[156],0.546973219575,SI,,
P4,STEP,p4_wc_g100k[157],0.546973014,SI,,
P4,STEP,p4_wc_g100k[158],0.546973084426,SI,,
P4,STEP,p4_wc_g100k[159],0.546973182475,SI,,
P4,STEP,p4_wc_g100k[160],0.546972902299,SI,,
P4,STEP,p4_wc_g100k[161],0.546973318315,SI,,
P4,STEP,p4_wc_g100k[162],0.546972834386,SI,,
P4,STEP,p4_wc_g100k[163],0.546973352603,SI,,
P4,STEP,p4_wc_g100k[164],0.546972816193,SI,,
P4,STEP,p4_wc_g100k[165],0.546973318962,SI,,
P4,STEP,p4_wc_g100k[166],0.546972929181,SI,,
P4,STEP,p4_wc_g100k[167],0.54697316105,SI,,
P4,STEP,p4_wc_g100k[168],0.546973079242,SI,,
P4,STEP,p4_wc_g100k[169],0.546973021461,SI,,
P4,STEP,p4_wc_g100k[170],0.546973237521,SI,,
P4,STEP,p4_wc_g100k[171],0.546972857485,SI,,
P4,STEP,p4_wc_g100k[172],0.54697334942,SI,,
P4,STEP,p4_wc_g100k[173],0.54697282241,SI,,
P4,STEP,p4_wc_g100k[174],0.546973342678,SI,,
P4,STEP,p4_wc_g100k[175],0.546972845031,SI,,
P4,STEP,p4_wc_g100k[176],0.54697327632,SI,,
P4,STEP,p4_wc_g100k[177],0.546972983141,SI,,
P4,STEP,p4_wc_g100k[178],0.546973097988,SI,,
P4,STEP,p4_wc_g100k[179],0.546973144768,SI,,
P4,STEP,p4_wc_g100k[180],0.546972962488,SI,,
P4,STEP,p4_wc_g100k[181],0.546973284266,SI,,
P4,STEP,p4_wc_g100k[182],0.54697282462,SI,,
P4,STEP,p4_wc_g100k[183],0.546973366469,SI,,
P4,STEP,p4_wc_g100k[184],0.54697282511,SI,,
P4,STEP,p4_wc_g100k[185],0.546973318477,SI,,
P4,STEP,p4_wc_g100k[186],0.54697288665,SI,,
P4,STEP,p4_wc_g100k[187],0.546973223808,SI,,
P4,STEP,p4_wc_g100k[188],0.546973042826,SI,,
P4,STEP,p4_wc_g100k[189],0.5469730338,SI,,
P4,STEP,p4_wc_g100k[190],0.546973207091,SI,,
P4,STEP,p4_wc_g100k[191],0.546972910693,SI,,
P4,STEP,p4_wc_g100k[192],0.546973320108,SI,,
P4,STEP,p4_wc_g100k[193],0.546972805511,SI,,
P4,STEP,p4_wc_g100k[194],0.546973368597,SI,,
P4,STEP,p4_wc_g100k[195],0.546972842296,SI,,
P4,STEP,p4_wc_g100k[196],0.546973281273,SI,,
P4,STEP,p4_wc_g100k[197],0.546972938845,SI,,
P4,STEP,p4_wc_g100k[198],0.546973164297,SI,,
P4,STEP,p4_wc_g100k[199],0.546973104935,SI,,
P4,STEP,p4_wc_g100k[200],0.546972971966,SI,,
P4,STEP,p4_wc_g1m5[1],0.540360023464,SI,,
P4,STEP,p4_wc_g1m5[2],0.540359428472,SI,,
P4,STEP,p4_wc_g1m5[3],0.540355147483,SI,,
P4,STEP,p4_wc_g1m5[4],0.540356354872,SI,,
P4,STEP,p4_wc_g1m5[5],0.540360463021,SI,,
P4,STEP,p4_wc_g1m5[6],0.540358320479,SI,,
P4,STEP,p4_wc_g1m5[7],0.540353940036,SI,,
P4,STEP,p4_wc_g1m5[8],0.540358786119,SI,,
P4,STEP,p4_wc_g1m5[9],0.5403600375,SI,,
P4,STEP,p4_wc_g1m5[10],0.540356664788,SI,,
P4,STEP,p4_wc_g1m5[11],0.540354619922,SI,,
P4,STEP,p4_wc_g1m5[12],0.540360233408,SI,,
P4,STEP,p4_wc_g1m5[13],0.540359209439,SI,,
P4,STEP,p4_wc_g1m5[14],0.54035479123,SI,,
P4,STEP,p4_wc_g1m5[15],0.540356894953,SI,,
P4,STEP,p4_wc_g1m5[16],0.540360437231,SI,,
P4,STEP,p4_wc_g1m5[17],0.5403579967,SI,,
P4,STEP,p4_wc_g1m5[18],0.540353917074,SI,,
P4,STEP,p4_wc_g1m5[19],0.540359209719,SI,,
P4,STEP,p4_wc_g1m5[20],0.540359880764,SI,,
P4,STEP,p4_wc_g1m5[21],0.540356252106,SI,,
P4,STEP,p4_wc_g1m5[22],0.540355011503,SI,,
P4,STEP,p4_wc_g1m5[23],0.540360386528,SI,,
P4,STEP,p4_wc_g1m5[24],0.54035896922,SI,,
P4,STEP,p4_wc_g1m5[25],0.540354484813,SI,,
P4,STEP,p4_wc_g1m5[26],0.540357436778,SI,,
P4,STEP,p4_wc_g1m5[27],0.54036037236,SI,,
P4,STEP,p4_wc_g1m5[28],0.540357650533,SI,,
P4,STEP,p4_wc_g1m5[29],0.540353986431,SI,,
P4,STEP,p4_wc_g1m5[30],0.540359582538,SI,,
P4,STEP,p4_wc_g1m5[31],0.540359701527,SI,,
P4,STEP,p4_wc_g1m5[32],0.540355842978,SI,,
P4,STEP,p4_wc_g1m5[33],0.540355463871,SI,,
P4,STEP,p4_wc_g1m5[34],0.540360484507,SI,,
P4,STEP,p4_wc_g1m5[35],0.540358707859,SI,,
P4,STEP,p4_wc_g1m5[36],0.540354240361,SI,,
P4,STEP,p4_wc_g1m5[37],0.540357965941,SI,,
P4,STEP,p4_wc_g1m5[38],0.540360272393,SI,,
P4,STEP,p4_wc_g1m5[39],0.540357284848,SI,,
P4,STEP,p4_wc_g1m5[40],0.540354147917,SI,,
P4,STEP,p4_wc_g1m5[41],0.540359899694,SI,,
P4,STEP,p4_wc_g1m5[42],0.540359501571,SI,,
P4,STEP,p4_wc_g1m5[43],0.540355447951,SI,,
P4,STEP,p4_wc_g1m5[44],0.54035596269,SI,,
P4,STEP,p4_wc_g1m5[45],0.540360530042,SI,,
P4,STEP,p4_wc_g1m5[46],0.540358425488,SI,,
P4,STEP,p4_wc_g1m5[47],0.540354068631,SI,,
P4,STEP,p4_wc_g1m5[48],0.540358469496,SI,,
P4,STEP,p4_wc_g1m5[49],0.540360141195,SI,,
P4,STEP,p4_wc_g1m5[50],0.540356903839,SI,,
P4,STEP,p4_wc_g1m5[51],0.540354397817,SI,,
P4,STEP,p4_wc_g1m5[52],0.540360158265,SI,,
P4,STEP,p4_wc_g1m5[53],0.540359282248,SI,,
P4,STEP,p4_wc_g1m5[54],0.540355078607,SI,,
P4,STEP,p4_wc_g1m5[55],0.540356492556,SI,,
P4,STEP,p4_wc_g1m5[56],0.540360526589,SI,,
P4,STEP,p4_wc_g1m5[57],0.540358122542,SI,,
P4,STEP,p4_wc_g1m5[58],0.540353978338,SI,,
P4,STEP,p4_wc_g1m5[59],0.540358936306,SI,,
P4,STEP,p4_wc_g1m5[60],0.54035998239,SI,,
P4,STEP,p4_wc_g1m5[61],0.54035651316,SI,,
P4,STEP,p4_wc_g1m5[62],0.540354729055,SI,,
P4,STEP,p4_wc_g1m5[63],0.540360357108,SI,,
P4,STEP,p4_wc_g1m5[64],0.540359044525,SI,,
P4,STEP,p4_wc_g1m5[65],0.540354747101,SI,,
P4,STEP,p4_wc_g1m5[66],0.540357037736,SI,,
P4,STEP,p4_wc_g1m5[67],0.540360478128,SI,,
P4,STEP,p4_wc_g1m5[68],0.540357799983,SI,,
P4,STEP,p4_wc_g1m5[69],0.540353975546,SI,,
P4,STEP,p4_wc_g1m5[70],0.540359357244,SI,,
P4,STEP,p4_wc_g1m5[71],0.54035979926,SI,,
P4,STEP,p4_wc_g1m5[72],0.540356119986,SI,,
P4,STEP,p4_wc_g1m5[73],0.540355131566,SI,,
P4,STEP,p4_wc_g1m5[74],0.540360496645,SI,,
P4,STEP,p4_wc_g1m5[75],0.540358789081,SI,,
P4,STEP,p4_wc_g1m5[76],0.540354465602,SI,,
P4,STEP,p4_wc_g1m5[77],0.540357582869,SI,,
P4,STEP,p4_wc_g1m5[78],0.540360388942,SI,,
P4,STEP,p4_wc_g1m5[79],0.540357459538,SI,,
P4,STEP,p4_wc_g1m5[80],0.540354063217,SI,,
P4,STEP,p4_wc_g1m5[81],0.540359725286,SI,,
P4,STEP,p4_wc_g1m5[82],0.540359594685,SI,,
P4,STEP,p4_wc_g1m5[83],0.540355732955,SI,,
P4,STEP,p4_wc_g1m5[84],0.540355592841,SI,,
P4,STEP,p4_wc_g1m5[85],0.540360578613,SI,,
P4,STEP,p4_wc_g1m5[86],0.540358516424,SI,,
P4,STEP,p4_wc_g1m5[87],0.540354245637,SI,,
P4,STEP,p4_wc_g1m5[88],0.54035811356,SI,,
P4,STEP,p4_wc_g1m5[89],0.540360263432,SI,,
P4,STEP,p4_wc_g1m5[90],0.54035710393,SI,,
P4,STEP,p4_wc_g1m5[91],0.540354240934,SI,,
P4,STEP,p4_wc_g1m5[92],0.540360035483,SI,,
P4,STEP,p4_wc_g1m5[93],0.540359371107,SI,,
P4,STEP,p4_wc_g1m5[94],0.540355362002,SI,,
P4,STEP,p4_wc_g1m5[95],0.540356098593,SI,,
P4,STEP,p4_wc_g1m5[96],0.540360605819,SI,,
P4,STEP,p4_wc_g1m5[97],0.540358227055,SI,,
P4,STEP,p4_wc_g1m5[98],0.540354097412,SI,,
P4,STEP,p4_wc_g1m5[99],0.54035861686,SI,,
P4,STEP,p4_wc_g1m5[100],0.540360105949,SI,,
P4,STEP,p4_wc_g1m5[101],0.540356737078,SI,,
P4,STEP,p4_wc_g1m5[102],0.54035450484,SI,,
P4,STEP,p4_wc_g1m5[103],0.540360284855,SI,,
P4,STEP,p4_wc_g1m5[104],0.540359130526,SI,,
P4,STEP,p4_wc_g1m5[105],0.540355018051,SI,,
P4,STEP,p4_wc_g1m5[106],0.540356633488,SI,,
P4,STEP,p4_wc_g1m5[107],0.54036058189,SI,,
P4,STEP,p4_wc_g1m5[108],0.540357921658,SI,,
P4,STEP,p4_wc_g1m5[109],0.540354029148,SI,,
P4,STEP,p4_wc_g1m5[110],0.540359081609,SI,,
P4,STEP,p4_wc_g1m5[111],0.540359920673,SI,,
P4,STEP,p4_wc_g1m5[112],0.540356364242,SI,,
P4,STEP,p4_wc_g1m5[113],0.540354847798,SI,,
P4,STEP,p4_wc_g1m5[114],0.540360472225,SI,,
P4,STEP,p4_wc_g1m5[115],0.540358874533,SI,,
P4,STEP,p4_wc_g1m5[116],0.540354712578,SI,,
P4,STEP,p4_wc_g1m5[117],0.540357181875,SI,,
P4,STEP,p4_wc_g1m5[118],0.540360511044,SI,,
P4,STEP,p4_wc_g1m5[119],0.54035760131,SI,,
P4,STEP,p4_wc_g1m5[120],0.540354046503,SI,,
P4,STEP,p4_wc_g1m5[121],0.540359498647,SI,,
P4,STEP,p4_wc_g1m5[122],0.540359711491,SI,,
P4,STEP,p4_wc_g1m5[123],0.540355992091,SI,,
P4,STEP,p4_wc_g1m5[124],0.54035525975,SI,,
P4,STEP,p4_wc_g1m5[125],0.540360598001,SI,,
P4,STEP,p4_wc_g1m5[126],0.540358604372,SI,,
P4,STEP,p4_wc_g1m5[127],0.540354457076,SI,,
P4,STEP,p4_wc_g1m5[128],0.54035772847,SI,,
P4,STEP,p4_wc_g1m5[129],0.540360397884,SI,,
P4,STEP,p4_wc_g1m5[130],0.54035726772,SI,,
P4,STEP,p4_wc_g1m5[131],0.540354152124,SI,,
P4,STEP,p4_wc_g1m5[132],0.540359860896,SI,,
P4,STEP,p4_wc_g1m5[133],0.540359481933,SI,,
P4,STEP,p4_wc_g1m5[134],0.54035562867,SI,,
P4,STEP,p4_wc_g1m5[135],0.540355728254,SI,,
P4,STEP,p4_wc_g1m5[136],0.540360663951,SI,,
P4,STEP,p4_wc_g1m5[137],0.540358321038,SI,,
P4,STEP,p4_wc_g1m5[138],0.540354262428,SI,,
P4,STEP,p4_wc_g1m5[139],0.540358258943,SI,,
P4,STEP,p4_wc_g1m5[140],0.540360247203,SI,,
P4,STEP,p4_wc_g1m5[141],0.540356923451,SI,,
P4,STEP,p4_wc_g1m5[142],0.540354345374,SI,,
P4,STEP,p4_wc_g1m5[143],0.54036016335,SI,,
P4,STEP,p4_wc_g1m5[144],0.540359235111,SI,,
P4,STEP,p4_wc_g1m5[145],0.540355283247,SI,,
P4,STEP,p4_wc_g1m5[146],0.540356239133,SI,,
P4,STEP,p4_wc_g1m5[147],0.540360672961,SI,,
P4,STEP,p4_wc_g1m5[148],0.540358025412,SI,,
P4,STEP,p4_wc_g1m5[149],0.540354138246,SI,,
P4,STEP,p4_wc_g1m5[150],0.540358760388,SI,,
P4,STEP,p4_wc_g1m5[151],0.540360063827,SI,,
P4,STEP,p4_wc_g1m5[152],0.540356572117,SI,,
P4,STEP,p4_wc_g1m5[153],0.540354622279,SI,,
P4,STEP,p4_wc_g1m5[154],0.540360402968,SI,,
P4,STEP,p4_wc_g1m5[155],0.540358973695,SI,,
P4,STEP,p4_wc_g1m5[156],0.540354966033,SI,,
P4,STEP,p4_wc_g1m5[157],0.540356777185,SI,,
P4,STEP,p4_wc_g1m5[158],0.5403606288,SI,,
P4,STEP,p4_wc_g1m5[159],0.540357718435,SI,,
P4,STEP,p4_wc_g1m5[160],0.540354092236,SI,,
P4,STEP,p4_wc_g1m5[161],0.540359221662,SI,,
P4,STEP,p4_wc_g1m5[162],0.540359852477,SI,,
P4,STEP,p4_wc_g1m5[163],0.540356218551,SI,,
P4,STEP,p4_wc_g1m5[164],0.540354975674,SI,,
P4,STEP,p4_wc_g1m5[165],0.540360578521,SI,,
P4,STEP,p4_wc_g1m5[166],0.540358699918,SI,,
P4,STEP,p4_wc_g1m5[167],0.540354687778,SI,,
P4,STEP,p4_wc_g1m5[168],0.540357326904,SI,,
P4,STEP,p4_wc_g1m5[169],0.540360535901,SI,,
P4,STEP,p4_wc_g1m5[170],0.540357401307,SI,,
P4,STEP,p4_wc_g1m5[171],0.540354129634,SI,,
P4,STEP,p4_wc_g1m5[172],0.540359633592,SI,,
P4,STEP,p4_wc_g1m5[173],0.540359617652,SI,,
P4,STEP,p4_wc_g1m5[174],0.540355868877,SI,,
P4,STEP,p4_wc_g1m5[175],0.540355395557,SI,,
P4,STEP,p4_wc_g1m5[176],0.540360690389,SI,,
P4,STEP,p4_wc_g1m5[177],0.540358415609,SI,,
P4,STEP,p4_wc_g1m5[178],0.540354459249,SI,,
P4,STEP,p4_wc_g1m5[179],0.540357873141,SI,,
P4,STEP,p4_wc_g1m5[180],0.540360399154,SI,,
P4,STEP,p4_wc_g1m5[181],0.540357075706,SI,,
P4,STEP,p4_wc_g1m5[182],0.540354252767,SI,,
P4,STEP,p4_wc_g1m5[183],0.540359989067,SI,,
P4,STEP,p4_wc_g1m5[184],0.540359363535,SI,,
P4,STEP,p4_wc_g1m5[185],0.540355530498,SI,,
P4,STEP,p4_wc_g1m5[186],0.540355869606,SI,,
P4,STEP,p4_wc_g1m5[187],0.540360740345,SI,,
P4,STEP,p4_wc_g1m5[188],0.540358122265,SI,,
P4,STEP,p4_wc_g1m5[189],0.540354290641,SI,,
P4,STEP,p4_wc_g1m5[190],0.540358401681,SI,,
P4,STEP,p4_wc_g1m5[191],0.540360223727,SI,,
P4,STEP,p4_wc_g1m5[192],0.540356744015,SI,,
P4,STEP,p4_wc_g1m5[193],0.540354460795,SI,,
P4,STEP,p4_wc_g1m5[194],0.540360283024,SI,,
P4,STEP,p4_wc_g1m5[195],0.540359093921,SI,,
P4,STEP,p4_wc_g1m5[196],0.540355211968,SI,,
P4,STEP,p4_wc_g1m5[197],0.540356383811,SI,,
P4,STEP,p4_wc_g1m5[198],0.540360731327,SI,,
P4,STEP,p4_wc_g1m5[199],0.540357821164,SI,,
P4,STEP,p4_wc_g1m5[200],0.540354190943,SI,,
P4,STEP,p4_wc_gdc[1],0.499891611561,SI,,
P4,STEP,p4_wc_gdc[2],0.499891243419,SI,,
P4,STEP,p4_wc_gdc[3],0.499891494659,SI,,
P4,STEP,p4_wc_gdc[4],0.499891383786,SI,,
P4,STEP,p4_wc_gdc[5],0.499891343937,SI,,
P4,STEP,p4_wc_gdc[6],0.499891530786,SI,,
P4,STEP,p4_wc_gdc[7],0.499891214389,SI,,
P4,STEP,p4_wc_gdc[8],0.499891630784,SI,,
P4,STEP,p4_wc_gdc[9],0.499891153283,SI,,
P4,STEP,p4_wc_gdc[10],0.499891647291,SI,,
P4,STEP,p4_wc_gdc[11],0.499891182916,SI,,
P4,STEP,p4_wc_gdc[12],0.499891574284,SI,,
P4,STEP,p4_wc_gdc[13],0.499891292475,SI,,
P4,STEP,p4_wc_gdc[14],0.499891438404,SI,,
P4,STEP,p4_wc_gdc[15],0.499891441986,SI,,
P4,STEP,p4_wc_gdc[16],0.499891289228,SI,,
P4,STEP,p4_wc_gdc[17],0.499891576894,SI,,
P4,STEP,p4_wc_gdc[18],0.499891181188,SI,,
P4,STEP,p4_wc_gdc[19],0.499891647976,SI,,
P4,STEP,p4_wc_gdc[20],0.499891153705,SI,,
P4,STEP,p4_wc_gdc[21],0.499891629294,SI,,
P4,STEP,p4_wc_gdc[22],0.499891216806,SI,,
P4,STEP,p4_wc_gdc[23],0.499891527665,SI,,
P4,STEP,p4_wc_gdc[24],0.499891347469,SI,,
P4,STEP,p4_wc_gdc[25],0.499891380172,SI,,
P4,STEP,p4_wc_gdc[26],0.499891498017,SI,,
P4,STEP,p4_wc_gdc[27],0.499891240632,SI,,
P4,STEP,p4_wc_gdc[28],0.499891613517,SI,,
P4,STEP,p4_wc_gdc[29],0.499891159958,SI,,
P4,STEP,p4_wc_gdc[30],0.499891651829,SI,,
P4,STEP,p4_wc_gdc[31],0.499891167589,SI,,
P4,STEP,p4_wc_gdc[32],0.49989159897,SI,,
P4,STEP,p4_wc_gdc[33],0.499891260737,SI,,
P4,STEP,p4_wc_gdc[34],0.49989147423,SI,,
P4,STEP,p4_wc_gdc[35],0.499891405417,SI,,
P4,STEP,p4_wc_gdc[36],0.499891323123,SI,,
P4,STEP,p4_wc_gdc[37],0.499891548838,SI,,
P4,STEP,p4_wc_gdc[38],0.499891200784,SI,,
P4,STEP,p4_wc_gdc[39],0.49989163867,SI,,
P4,STEP,p4_wc_gdc[40],0.499891151851,SI,,
P4,STEP,p4_wc_gdc[41],0.499891642133,SI,,
P4,STEP,p4_wc_gdc[42],0.49989119418,SI,,
P4,STEP,p4_wc_gdc[43],0.499891557966,SI,,
P4,STEP,p4_wc_gdc[44],0.499891312326,SI,,
P4,STEP,p4_wc_gdc[45],0.499891416877,SI,,
P4,STEP,p4_wc_gdc[46],0.499891463178,SI,,
P4,STEP,p4_wc_gdc[47],0.499891270348,SI,,
P4,STEP,p4_wc_gdc[48],0.499891591697,SI,,
P4,STEP,p4_wc_gdc[49],0.499891171844,SI,,
P4,STEP,p4_wc_gdc[50],0.499891650987,SI,,
P4,STEP,p4_wc_gdc[51],0.499891157306,SI,,
P4,STEP,p4_wc_gdc[52],0.499891619415,SI,,
P4,STEP,p4_wc_gdc[53],0.499891232039,SI,,
P4,STEP,p4_wc_gdc[54],0.499891508501,SI,,
P4,STEP,p4_wc_gdc[55],0.499891368775,SI,,
P4,STEP,p4_wc_gdc[56],0.499891358716,SI,,
P4,STEP,p4_wc_gdc[57],0.49989151762,SI,,
P4,STEP,p4_wc_gdc[58],0.499891224711,SI,,
P4,STEP,p4_wc_gdc[59],0.499891624268,SI,,
P4,STEP,p4_wc_gdc[60],0.499891155382,SI,,
P4,STEP,p4_wc_gdc[61],0.499891649802,SI,,
P4,STEP,p4_wc_gdc[62],0.499891176027,SI,,
P4,STEP,p4_wc_gdc[63],0.499891584907,SI,,
P4,STEP,p4_wc_gdc[64],0.499891279112,SI,,
P4,STEP,p4_wc_gdc[65],0.499891453261,SI,,
P4,STEP,p4_wc_gdc[66],0.499891427023,SI,,
P4,STEP,p4_wc_gdc[67],0.499891302899,SI,,
P4,STEP,p4_wc_gdc[68],0.499891565792,SI,,
P4,STEP,p4_wc_gdc[69],0.499891188685,SI,,
P4,STEP,p4_wc_gdc[70],0.499891644784,SI,,
P4,STEP,p4_wc_gdc[71],0.499891152292,SI,,
P4,STEP,p4_wc_gdc[72],0.499891635179,SI,,
P4,STEP,p4_wc_gdc[73],0.499891207,SI,,
P4,STEP,p4_wc_gdc[74],0.499891540478,SI,,
P4,STEP,p4_wc_gdc[75],0.499891332846,SI,,
P4,STEP,p4_wc_gdc[76],0.499891395239,SI,,
P4,STEP,p4_wc_gdc[77],0.499891483913,SI,,
P4,STEP,p4_wc_gdc[78],0.499891252454,SI,,
P4,STEP,p4_wc_gdc[79],0.49989160508,SI,,
P4,STEP,p4_wc_gdc[80],0.499891164223,SI,,
P4,STEP,p4_wc_gdc[81],0.499891652135,SI,,
P4,STEP,p4_wc_gdc[82],0.499891162739,SI,,
P4,STEP,p4_wc_gdc[83],0.49989160791,SI,,
P4,STEP,p4_wc_gdc[84],0.499891248543,SI,,
P4,STEP,p4_wc_gdc[85],0.49989148854,SI,,
P4,STEP,p4_wc_gdc[86],0.499891390328,SI,,
P4,STEP,p4_wc_gdc[87],0.499891337582,SI,,
P4,STEP,p4_wc_gdc[88],0.49989153636,SI,,
P4,STEP,p4_wc_gdc[89],0.499891210116,SI,,
P4,STEP,p4_wc_gdc[90],0.499891633355,SI,,
P4,STEP,p4_wc_gdc[91],0.499891152653,SI,,
P4,STEP,p4_wc_gdc[92],0.499891645921,SI,,
P4,STEP,p4_wc_gdc[93],0.499891186157,SI,,
P4,STEP,p4_wc_gdc[94],0.499891569474,SI,,
P4,STEP,p4_wc_gdc[95],0.499891298406,SI,,
P4,STEP,p4_wc_gdc[96],0.499891431908,SI,,
P4,STEP,p4_wc_gdc[97],0.499891448442,SI,,
P4,STEP,p4_wc_gdc[98],0.499891283416,SI,,
P4,STEP,p4_wc_gdc[99],0.499891581519,SI,,
P4,STEP,p4_wc_gdc[100],0.499891178181,SI,,
P4,STEP,p4_wc_gdc[101],0.499891649083,SI,,
P4,STEP,p4_wc_gdc[102],0.4998911546,SI,,
P4,STEP,p4_wc_gdc[103],0.499891626479,SI,,
P4,STEP,p4_wc_gdc[104],0.499891221277,SI,,
P4,STEP,p4_wc_gdc[105],0.499891521956,SI,,
P4,STEP,p4_wc_gdc[106],0.499891353884,SI,,
P4,STEP,p4_wc_gdc[107],0.499891373651,SI,,
P4,STEP,p4_wc_gdc[108],0.499891504035,SI,,
P4,STEP,p4_wc_gdc[109],0.499891235678,SI,,
P4,STEP,p4_wc_gdc[110],0.499891616943,SI,,
P4,STEP,p4_wc_gdc[111],0.49989115838,SI,,
P4,STEP,p4_wc_gdc[112],0.499891651411,SI,,
P4,STEP,p4_wc_gdc[113],0.499891169961,SI,,
P4,STEP,p4_wc_gdc[114],0.499891594864,SI,,
P4,STEP,p4_wc_gdc[115],0.499891266195,SI,,
P4,STEP,p4_wc_gdc[116],0.499891467931,SI,,
P4,STEP,p4_wc_gdc[117],0.499891411969,SI,,
P4,STEP,p4_wc_gdc[118],0.49989131693,SI,,
P4,STEP,p4_wc_gdc[119],0.499891554094,SI,,
P4,STEP,p4_wc_gdc[120],0.499891196957,SI,,
P4,STEP,p4_wc_gdc[121],0.49989164071,SI,,
P4,STEP,p4_wc_gdc[122],0.499891151787,SI,,
P4,STEP,p4_wc_gdc[123],0.499891640215,SI,,
P4,STEP,p4_wc_gdc[124],0.499891197902,SI,,
P4,STEP,p4_wc_gdc[125],0.499891552788,SI,,
P4,STEP,p4_wc_gdc[126],0.499891318475,SI,,
P4,STEP,p4_wc_gdc[127],0.49989141033,SI,,
P4,STEP,p4_wc_gdc[128],0.499891469512,SI,,
P4,STEP,p4_wc_gdc[129],0.49989126482,SI,,
P4,STEP,p4_wc_gdc[130],0.499891595904,SI,,
P4,STEP,p4_wc_gdc[131],0.499891169352,SI,,
P4,STEP,p4_wc_gdc[132],0.499891651532,SI,,
P4,STEP,p4_wc_gdc[133],0.499891158759,SI,,
P4,STEP,p4_wc_gdc[134],0.4998916161,SI,,
P4,STEP,p4_wc_gdc[135],0.499891236907,SI,,
P4,STEP,p4_wc_gdc[136],0.499891502535,SI,,
P4,STEP,p4_wc_gdc[137],0.499891375281,SI,,
P4,STEP,p4_wc_gdc[138],0.499891352275,SI,,
P4,STEP,p4_wc_gdc[139],0.499891523392,SI,,
P4,STEP,p4_wc_gdc[140],0.499891220147,SI,,
P4,STEP,p4_wc_gdc[141],0.499891627198,SI,,
P4,STEP,p4_wc_gdc[142],0.49989115436,SI,,
P4,STEP,p4_wc_gdc[143],0.499891648822,SI,,
P4,STEP,p4_wc_gdc[144],0.499891178919,SI,,
P4,STEP,p4_wc_gdc[145],0.499891580373,SI,,
P4,STEP,p4_wc_gdc[146],0.499891284863,SI,,
P4,STEP,p4_wc_gdc[147],0.499891446829,SI,,
P4,STEP,p4_wc_gdc[148],0.499891433535,SI,,
P4,STEP,p4_wc_gdc[149],0.499891296915,SI,,
P4,STEP,p4_wc_gdc[150],0.499891570689,SI,,
P4,STEP,p4_wc_gdc[151],0.499891185332,SI,,
P4,STEP,p4_wc_gdc[152],0.499891646279,SI,,
P4,STEP,p4_wc_gdc[153],0.499891152794,SI,,
P4,STEP,p4_wc_gdc[154],0.499891632726,SI,,
P4,STEP,p4_wc_gdc[155],0.499891211173,SI,,
P4,STEP,p4_wc_gdc[156],0.499891534974,SI,,
P4,STEP,p4_wc_gdc[157],0.499891339169,SI,,
P4,STEP,p4_wc_gdc[158],0.49989138869,SI,,
P4,STEP,p4_wc_gdc[159],0.499891490077,SI,,
P4,STEP,p4_wc_gdc[160],0.499891247251,SI,,
P4,STEP,p4_wc_gdc[161],0.499891608837,SI,,
P4,STEP,p4_wc_gdc[162],0.499891162264,SI,,
P4,STEP,p4_wc_gdc[163],0.499891652114,SI,,
P4,STEP,p4_wc_gdc[164],0.499891164739,SI,,
P4,STEP,p4_wc_gdc[165],0.499891604118,SI,,
P4,STEP,p4_wc_gdc[166],0.499891253772,SI,,
P4,STEP,p4_wc_gdc[167],0.499891482362,SI,,
P4,STEP,p4_wc_gdc[168],0.499891396879,SI,,
P4,STEP,p4_wc_gdc[169],0.499891331271,SI,,
P4,STEP,p4_wc_gdc[170],0.499891541841,SI,,
P4,STEP,p4_wc_gdc[171],0.499891205975,SI,,
P4,STEP,p4_wc_gdc[172],0.499891635767,SI,,
P4,STEP,p4_wc_gdc[173],0.499891152193,SI,,
P4,STEP,p4_wc_gdc[174],0.499891644385,SI,,
P4,STEP,p4_wc_gdc[175],0.499891189546,SI,,
P4,STEP,p4_wc_gdc[176],0.499891564549,SI,,
P4,STEP,p4_wc_gdc[177],0.499891304407,SI,,
P4,STEP,p4_wc_gdc[178],0.49989142539,SI,,
P4,STEP,p4_wc_gdc[179],0.499891454865,SI,,
P4,STEP,p4_wc_gdc[180],0.499891277686,SI,,
P4,STEP,p4_wc_gdc[181],0.499891586021,SI,,
P4,STEP,p4_wc_gdc[182],0.499891175328,SI,,
P4,STEP,p4_wc_gdc[183],0.499891650021,SI,,
P4,STEP,p4_wc_gdc[184],0.499891155665,SI,,
P4,STEP,p4_wc_gdc[185],0.499891623511,SI,,
P4,STEP,p4_wc_gdc[186],0.499891225872,SI,,
P4,STEP,p4_wc_gdc[187],0.499891516164,SI,,
P4,STEP,p4_wc_gdc[188],0.499891360332,SI,,
P4,STEP,p4_wc_gdc[189],0.499891367149,SI,,
P4,STEP,p4_wc_gdc[190],0.499891509983,SI,,
P4,STEP,p4_wc_gdc[191],0.499891230839,SI,,
P4,STEP,p4_wc_gdc[192],0.499891620222,SI,,
P4,STEP,p4_wc_gdc[193],0.499891156969,SI,,
P4,STEP,p4_wc_gdc[194],0.499891650824,SI,,
P4,STEP,p4_wc_gdc[195],0.499891172493,SI,,
P4,STEP,p4_wc_gdc[196],0.499891590624,SI,,
P4,STEP,p4_wc_gdc[197],0.499891271746,SI,,
P4,STEP,p4_wc_gdc[198],0.499891461587,SI,,
P4,STEP,p4_wc_gdc[199],0.499891418514,SI,,
P4,STEP,p4_wc_gdc[200],0.499891310796,SI,,
P4,STEP,p4_wc_peak[1],0.547759248149,SI,,
P4,STEP,p4_wc_peak[2],0.547758840161,SI,,
P4,STEP,p4_wc_peak[3],0.547759009734,SI,,
P4,STEP,p4_wc_peak[4],0.547758919149,SI,,
P4,STEP,p4_wc_peak[5],0.5477589717,SI,,
P4,STEP,p4_wc_peak[6],0.54775912222,SI,,
P4,STEP,p4_wc_peak[7],0.547758681492,SI,,
P4,STEP,p4_wc_peak[8],0.547759240094,SI,,
P4,STEP,p4_wc_peak[9],0.547758757706,SI,,
P4,STEP,p4_wc_peak[10],0.547759208498,SI,,
P4,STEP,p4_wc_peak[11],0.547758663661,SI,,
P4,STEP,p4_wc_peak[12],0.547759213082,SI,,
P4,STEP,p4_wc_peak[13],0.547758887627,SI,,
P4,STEP,p4_wc_peak[14],0.547758941195,SI,,
P4,STEP,p4_wc_peak[15],0.547758994029,SI,,
P4,STEP,p4_wc_peak[16],0.547758912516,SI,,
P4,STEP,p4_wc_peak[17],0.547759164079,SI,,
P4,STEP,p4_wc_peak[18],0.54775864541,SI,,
P4,STEP,p4_wc_peak[19],0.547759268318,SI,,
P4,STEP,p4_wc_peak[20],0.547758754539,SI,,
P4,STEP,p4_wc_peak[21],0.547759179623,SI,,
P4,STEP,p4_wc_peak[22],0.547758709077,SI,,
P4,STEP,p4_wc_peak[23],0.547759166693,SI,,
P4,STEP,p4_wc_peak[24],0.547758940956,SI,,
P4,STEP,p4_wc_peak[25],0.547758871701,SI,,
P4,STEP,p4_wc_peak[26],0.547759066617,SI,,
P4,STEP,p4_wc_peak[27],0.547758858976,SI,,
P4,STEP,p4_wc_peak[28],0.547759195255,SI,,
P4,STEP,p4_wc_peak[29],0.5477586243,SI,,
P4,STEP,p4_wc_peak[30],0.547759281075,SI,,
P4,STEP,p4_wc_peak[31],0.547758765266,SI,,
P4,STEP,p4_wc_peak[32],0.547759137627,SI,,
P4,STEP,p4_wc_peak[33],0.547758766655,SI,,
P4,STEP,p4_wc_peak[34],0.547759111731,SI,,
P4,STEP,p4_wc_peak[35],0.547758996955,SI,,
P4,STEP,p4_wc_peak[36],0.547758804917,SI,,
P4,STEP,p4_wc_peak[37],0.547759133323,SI,,
P4,STEP,p4_wc_peak[38],0.547758813996,SI,,
P4,STEP,p4_wc_peak[39],0.547759213689,SI,,
P4,STEP,p4_wc_peak[40],0.54775861939,SI,,
P4,STEP,p4_wc_peak[41],0.547759278028,SI,,
P4,STEP,p4_wc_peak[42],0.547758789123,SI,,
P4,STEP,p4_wc_peak[43],0.547759084518,SI,,
P4,STEP,p4_wc_peak[44],0.547758833508,SI,,
P4,STEP,p4_wc_peak[45],0.54775905136,SI,,
P4,STEP,p4_wc_peak[46],0.547759052261,SI,,
P4,STEP,p4_wc_peak[47],0.547758744406,SI,,
P4,STEP,p4_wc_peak[48],0.547759190899,SI,,
P4,STEP,p4_wc_peak[49],0.547758779977,SI,,
P4,STEP,p4_wc_peak[50],0.547759218018,SI,,
P4,STEP,p4_wc_peak[51],0.547758631061,SI,,
P4,STEP,p4_wc_peak[52],0.547759259677,SI,,
P4,STEP,p4_wc_peak[53],0.547758824593,SI,,
P4,STEP,p4_wc_peak[54],0.547759022948,SI,,
P4,STEP,p4_wc_peak[55],0.54775890628,SI,,
P4,STEP,p4_wc_peak[56],0.547758988993,SI,,
P4,STEP,p4_wc_peak[57],0.547759103531,SI,,
P4,STEP,p4_wc_peak[58],0.547758693437,SI,,
P4,STEP,p4_wc_peak[59],0.547759236597,SI,,
P4,STEP,p4_wc_peak[60],0.547758758683,SI,,
P4,STEP,p4_wc_peak[61],0.547759207659,SI,,
P4,STEP,p4_wc_peak[62],0.547758658831,SI,,
P4,STEP,p4_wc_peak[63],0.547759227315,SI,,
P4,STEP,p4_wc_peak[64],0.5477588695,SI,,
P4,STEP,p4_wc_peak[65],0.547758956073,SI,,
P4,STEP,p4_wc_peak[66],0.547758981327,SI,,
P4,STEP,p4_wc_peak[67],0.5477589281,SI,,
P4,STEP,p4_wc_peak[68],0.547759147624,SI,,
P4,STEP,p4_wc_peak[69],0.547758654801,SI,,
P4,STEP,p4_wc_peak[70],0.547759268317,SI,,
P4,STEP,p4_wc_peak[71],0.547758751144,SI,,
P4,STEP,p4_wc_peak[72],0.547759182848,SI,,
P4,STEP,p4_wc_peak[73],0.547758701375,SI,,
P4,STEP,p4_wc_peak[74],0.547759182957,SI,,
P4,STEP,p4_wc_peak[75],0.547758921126,SI,,
P4,STEP,p4_wc_peak[76],0.547758887384,SI,,
P4,STEP,p4_wc_peak[77],0.547759054909,SI,,
P4,STEP,p4_wc_peak[78],0.54775887202,SI,,
P4,STEP,p4_wc_peak[79],0.547759181784,SI,,
P4,STEP,p4_wc_peak[80],0.547758630658,SI,,
P4,STEP,p4_wc_peak[81],0.547759284706,SI,,
P4,STEP,p4_wc_peak[82],0.547758757604,SI,,
P4,STEP,p4_wc_peak[83],0.547759144635,SI,,
P4,STEP,p4_wc_peak[84],0.547758756604,SI,,
P4,STEP,p4_wc_peak[85],0.547759129227,SI,,
P4,STEP,p4_wc_peak[86],0.547758976361,SI,,
P4,STEP,p4_wc_peak[87],0.54775882052,SI,,
P4,STEP,p4_wc_peak[88],0.547759123388,SI,,
P4,STEP,p4_wc_peak[89],0.547758823783,SI,,
P4,STEP,p4_wc_peak[90],0.547759203793,SI,,
P4,STEP,p4_wc_peak[91],0.547758622417,SI,,
P4,STEP,p4_wc_peak[92],0.547759285224,SI,,
P4,STEP,p4_wc_peak[93],0.547758777515,SI,,
P4,STEP,p4_wc_peak[94],0.547759094837,SI,,
P4,STEP,p4_wc_peak[95],0.547758821768,SI,,
P4,STEP,p4_wc_peak[96],0.547759069205,SI,,
P4,STEP,p4_wc_peak[97],0.547759031879,SI,,
P4,STEP,p4_wc_peak[98],0.547758759069,SI,,
P4,STEP,p4_wc_peak[99],0.547759183418,SI,,
P4,STEP,p4_wc_peak[100],0.547758785949,SI,,
P4,STEP,p4_wc_peak[101],0.5477592121,SI,,
P4,STEP,p4_wc_peak[102],0.54775863066,SI,,
P4,STEP,p4_wc_peak[103],0.547759270165,SI,,
P4,STEP,p4_wc_peak[104],0.547758809559,SI,,
P4,STEP,p4_wc_peak[105],0.547759035941,SI,,
P4,STEP,p4_wc_peak[106],0.547758893615,SI,,
P4,STEP,p4_wc_peak[107],0.547759006265,SI,,
P4,STEP,p4_wc_peak[108],0.547759084321,SI,,
P4,STEP,p4_wc_peak[109],0.547758706366,SI,,
P4,STEP,p4_wc_peak[110],0.547759232121,SI,,
P4,STEP,p4_wc_peak[111],0.547758760467,SI,,
P4,STEP,p4_wc_peak[112],0.547759205916,SI,,
P4,STEP,p4_wc_peak[113],0.547758655105,SI,,
P4,STEP,p4_wc_peak[114],0.547759240635,SI,,
P4,STEP,p4_wc_peak[115],0.547758851733,SI,,
P4,STEP,p4_wc_peak[116],0.547758970974,SI,,
P4,STEP,p4_wc_peak[117],0.547758968558,SI,,
P4,STEP,p4_wc_peak[118],0.547758943886,SI,,
P4,STEP,p4_wc_peak[119],0.547759130484,SI,,
P4,STEP,p4_wc_peak[120],0.547758665314,SI,,
P4,STEP,p4_wc_peak[121],0.547759267227,SI,,
P4,STEP,p4_wc_peak[122],0.547758748576,SI,,
P4,STEP,p4_wc_peak[123],0.547759185261,SI,,
P4,STEP,p4_wc_peak[124],0.547758694622,SI,,
P4,STEP,p4_wc_peak[125],0.547759198479,SI,,
P4,STEP,p4_wc_peak[126],0.547758901457,SI,,
P4,STEP,p4_wc_peak[127],0.547758903342,SI,,
P4,STEP,p4_wc_peak[128],0.54775904287,SI,,
P4,STEP,p4_wc_peak[129],0.54775888547,SI,,
P4,STEP,p4_wc_peak[130],0.5477591675,SI,,
P4,STEP,p4_wc_peak[131],0.547758638225,SI,,
P4,STEP,p4_wc_peak[132],0.547759287196,SI,,
P4,STEP,p4_wc_peak[133],0.547758750737,SI,,
P4,STEP,p4_wc_peak[134],0.547759150974,SI,,
P4,STEP,p4_wc_peak[135],0.547758747299,SI,,
P4,STEP,p4_wc_peak[136],0.547759146183,SI,,
P4,STEP,p4_wc_peak[137],0.547758955719,SI,,
P4,STEP,p4_wc_peak[138],0.547758836643,SI,,
P4,STEP,p4_wc_peak[139],0.547759112876,SI,,
P4,STEP,p4_wc_peak[140],0.547758834151,SI,,
P4,STEP,p4_wc_peak[141],0.547759193003,SI,,
P4,STEP,p4_wc_peak[142],0.547758626683,SI,,
P4,STEP,p4_wc_peak[143],0.547759291285,SI,,
P4,STEP,p4_wc_peak[144],0.547758766619,SI,,
P4,STEP,p4_wc_peak[145],0.547759104671,SI,,
P4,STEP,p4_wc_peak[146],0.547758810538,SI,,
P4,STEP,p4_wc_peak[147],0.547759086733,SI,,
P4,STEP,p4_wc_peak[148],0.54775901124,SI,,
P4,STEP,p4_wc_peak[149],0.547758774474,SI,,
P4,STEP,p4_wc_peak[150],0.547759175148,SI,,
P4,STEP,p4_wc_peak[151],0.547758792635,SI,,
P4,STEP,p4_wc_peak[152],0.54775920526,SI,,
P4,STEP,p4_wc_peak[153],0.547758631466,SI,,
P4,STEP,p4_wc_peak[154],0.547759279583,SI,,
P4,STEP,p4_wc_peak[155],0.547758795109,SI,,
P4,STEP,p4_wc_peak[156],0.547759048665,SI,,
P4,STEP,p4_wc_peak[157],0.5477588812,SI,,
P4,STEP,p4_wc_peak[158],0.547759023452,SI,,
P4,STEP,p4_wc_peak[159],0.547759064658,SI,,
P4,STEP,p4_wc_peak[160],0.547758720228,SI,,
P4,STEP,p4_wc_peak[161],0.547759226683,SI,,
P4,STEP,p4_wc_peak[162],0.547758763052,SI,,
P4,STEP,p4_wc_peak[163],0.547759203276,SI,,
P4,STEP,p4_wc_peak[164],0.547758652495,SI,,
P4,STEP,p4_wc_peak[165],0.547759253,SI,,
P4,STEP,p4_wc_peak[166],0.547758834387,SI,,
P4,STEP,p4_wc_peak[167],0.547758985845,SI,,
P4,STEP,p4_wc_peak[168],0.547758955771,SI,,
P4,STEP,p4_wc_peak[169],0.547758959817,SI,,
P4,STEP,p4_wc_peak[170],0.547759112718,SI,,
P4,STEP,p4_wc_peak[171],0.54775867691,SI,,
P4,STEP,p4_wc_peak[172],0.547759265057,SI,,
P4,STEP,p4_wc_peak[173],0.547758746842,SI,,
P4,STEP,p4_wc_peak[174],0.547759186855,SI,,
P4,STEP,p4_wc_peak[175],0.547758688841,SI,,
P4,STEP,p4_wc_peak[176],0.547759213205,SI,,
P4,STEP,p4_wc_peak[177],0.54775888202,SI,,
P4,STEP,p4_wc_peak[178],0.547758919517,SI,,
P4,STEP,p4_wc_peak[179],0.547759030545,SI,,
P4,STEP,p4_wc_peak[180],0.547758899277,SI,,
P4,STEP,p4_wc_peak[181],0.547759152455,SI,,
P4,STEP,p4_wc_peak[182],0.547758646971,SI,,
P4,STEP,p4_wc_peak[183],0.547759288541,SI,,
P4,STEP,p4_wc_peak[184],0.547758744686,SI,,
P4,STEP,p4_wc_peak[185],0.54775915662,SI,,
P4,STEP,p4_wc_peak[186],0.547758738776,SI,,
P4,STEP,p4_wc_peak[187],0.547759162541,SI,,
P4,STEP,p4_wc_peak[188],0.547758935102,SI,,
P4,STEP,p4_wc_peak[189],0.547758853226,SI,,
P4,STEP,p4_wc_peak[190],0.547759101828,SI,,
P4,STEP,p4_wc_peak[191],0.54775884506,SI,,
P4,STEP,p4_wc_peak[192],0.547759181359,SI,,
P4,STEP,p4_wc_peak[193],0.547758632169,SI,,
P4,STEP,p4_wc_peak[194],0.547759296194,SI,,
P4,STEP,p4_wc_peak[195],0.54775875647,SI,,
P4,STEP,p4_wc_peak[196],0.547759113983,SI,,
P4,STEP,p4_wc_peak[197],0.54775879986,SI,,
P4,STEP,p4_wc_peak[198],0.547759103884,SI,,
P4,STEP,p4_wc_peak[199],0.547758990415,SI,,
P4,STEP,p4_wc_peak[200],0.547758790565,SI,,
P4,STEP,p4_wc_step2us_proxy[1],9.57560308717,SI,,
P4,STEP,p4_wc_step2us_proxy[2],9.57560216796,SI,,
P4,STEP,p4_wc_step2us_proxy[3],9.57558101827,SI,,
P4,STEP,p4_wc_step2us_proxy[4],9.57558720081,SI,,
P4,STEP,p4_wc_step2us_proxy[5],9.57560644804,SI,,
P4,STEP,p4_wc_step2us_proxy[6],9.57559560144,SI,,
P4,STEP,p4_wc_step2us_proxy[7],9.57557679056,SI,,
P4,STEP,p4_wc_step2us_proxy[8],9.57559726214,SI,,
P4,STEP,p4_wc_step2us_proxy[9],9.57560543105,SI,,
P4,STEP,p4_wc_step2us_proxy[10],9.57558732329,SI,,
P4,STEP,p4_wc_step2us_proxy[11],9.57558012244,SI,,
P4,STEP,p4_wc_step2us_proxy[12],9.57560424307,SI,,
P4,STEP,p4_wc_step2us_proxy[13],9.57560091009,SI,,
P4,STEP,p4_wc_step2us_proxy[14],9.57557963869,SI,,
P4,STEP,p4_wc_step2us_proxy[15],9.57558942253,SI,,
P4,STEP,p4_wc_step2us_proxy[16],9.57560660073,SI,,
P4,STEP,p4_wc_step2us_proxy[17],9.5755938682,SI,,
P4,STEP,p4_wc_step2us_proxy[18],9.5755768502,SI,,
P4,STEP,p4_wc_step2us_proxy[19],9.57559913958,SI,,
P4,STEP,p4_wc_step2us_proxy[20],9.5756047051,SI,,
P4,STEP,p4_wc_step2us_proxy[21],9.57558549193,SI,,
P4,STEP,p4_wc_step2us_proxy[22],9.57558177884,SI,,
P4,STEP,p4_wc_step2us_proxy[23],9.57560518212,SI,,
P4,STEP,p4_wc_step2us_proxy[24],9.57559952378,SI,,
P4,STEP,p4_wc_step2us_proxy[25],9.57557850109,SI,,
P4,STEP,p4_wc_step2us_proxy[26],9.57559166135,SI,,
P4,STEP,p4_wc_step2us_proxy[27],9.57560654274,SI,,
P4,STEP,p4_wc_step2us_proxy[28],9.57559207708,SI,,
P4,STEP,p4_wc_step2us_proxy[29],9.57557728081,SI,,
P4,STEP,p4_wc_step2us_proxy[30],9.57560084681,SI,,
P4,STEP,p4_wc_step2us_proxy[31],9.57560380783,SI,,
P4,STEP,p4_wc_step2us_proxy[32],9.57558373774,SI,,
P4,STEP,p4_wc_step2us_proxy[33],9.57558366741,SI,,
P4,STEP,p4_wc_step2us_proxy[34],9.57560590014,SI,,
P4,STEP,p4_wc_step2us_proxy[35],9.5755980237,SI,,
P4,STEP,p4_wc_step2us_proxy[36],9.57557764649,SI,,
P4,STEP,p4_wc_step2us_proxy[37],9.57559386555,SI,,
P4,STEP,p4_wc_step2us_proxy[38],9.57560627937,SI,,
P4,STEP,p4_wc_step2us_proxy[39],9.57559025134,SI,,
P4,STEP,p4_wc_step2us_proxy[40],9.57557807555,SI,,
P4,STEP,p4_wc_step2us_proxy[41],9.57560236265,SI,,
P4,STEP,p4_wc_step2us_proxy[42],9.57560275115,SI,,
P4,STEP,p4_wc_step2us_proxy[43],9.57558210185,SI,,
P4,STEP,p4_wc_step2us_proxy[44],9.5755857327,SI,,
P4,STEP,p4_wc_step2us_proxy[45],9.57560639513,SI,,
P4,STEP,p4_wc_step2us_proxy[46],9.57559642617,SI,,
P4,STEP,p4_wc_step2us_proxy[47],9.57557710983,SI,,
P4,STEP,p4_wc_step2us_proxy[48],9.57559598872,SI,,
P4,STEP,p4_wc_step2us_proxy[49],9.57560581756,SI,,
P4,STEP,p4_wc_step2us_proxy[50],9.57558841734,SI,,
P4,STEP,p4_wc_step2us_proxy[51],9.57557921458,SI,,
P4,STEP,p4_wc_step2us_proxy[52],9.57560367135,SI,,
P4,STEP,p4_wc_step2us_proxy[53],9.57560154806,SI,,
P4,STEP,p4_wc_step2us_proxy[54],9.57558062746,SI,,
P4,STEP,p4_wc_step2us_proxy[55],9.57558791683,SI,,
P4,STEP,p4_wc_step2us_proxy[56],9.57560666809,SI,,
P4,STEP,p4_wc_step2us_proxy[57],9.5755947486,SI,,
P4,STEP,p4_wc_step2us_proxy[58],9.57557691756,SI,,
P4,STEP,p4_wc_step2us_proxy[59],9.57559799085,SI,,
P4,STEP,p4_wc_step2us_proxy[60],9.57560516614,SI,,
P4,STEP,p4_wc_step2us_proxy[61],9.57558660483,SI,,
P4,STEP,p4_wc_step2us_proxy[62],9.57558066626,SI,,
P4,STEP,p4_wc_step2us_proxy[63],9.57560476165,SI,,
P4,STEP,p4_wc_step2us_proxy[64],9.57560021313,SI,,
P4,STEP,p4_wc_step2us_proxy[65],9.57557935823,SI,,
P4,STEP,p4_wc_step2us_proxy[66],9.57559016149,SI,,
P4,STEP,p4_wc_step2us_proxy[67],9.57560672167,SI,,
P4,STEP,p4_wc_step2us_proxy[68],9.57559301006,SI,,
P4,STEP,p4_wc_step2us_proxy[69],9.57557708557,SI,,
P4,STEP,p4_wc_step2us_proxy[70],9.57559983896,SI,,
P4,STEP,p4_wc_step2us_proxy[71],9.57560433556,SI,,
P4,STEP,p4_wc_step2us_proxy[72],9.5755848469,SI,,
P4,STEP,p4_wc_step2us_proxy[73],9.57558238793,SI,,
P4,STEP,p4_wc_step2us_proxy[74],9.57560562695,SI,,
P4,STEP,p4_wc_step2us_proxy[75],9.57559876211,SI,,
P4,STEP,p4_wc_step2us_proxy[76],9.57557833573,SI,,
P4,STEP,p4_wc_step2us_proxy[77],9.57559241089,SI,,
P4,STEP,p4_wc_step2us_proxy[78],9.5756065606,SI,,
P4,STEP,p4_wc_step2us_proxy[79],9.57559123162,SI,,
P4,STEP,p4_wc_step2us_proxy[80],9.57557761783,SI,,
P4,STEP,p4_wc_step2us_proxy[81],9.57560150606,SI,,
P4,STEP,p4_wc_step2us_proxy[82],9.57560333808,SI,,
P4,STEP,p4_wc_step2us_proxy[83],9.57558318002,SI,,
P4,STEP,p4_wc_step2us_proxy[84],9.57558432964,SI,,
P4,STEP,p4_wc_step2us_proxy[85],9.57560626339,SI,,
P4,STEP,p4_wc_step2us_proxy[86],9.57559721154,SI,,
P4,STEP,p4_wc_step2us_proxy[87],9.57557759842,SI,,
P4,STEP,p4_wc_step2us_proxy[88],9.57559461333,SI,,
P4,STEP,p4_wc_step2us_proxy[89],9.57560619173,SI,,
P4,STEP,p4_wc_step2us_proxy[90],9.57558943653,SI,,
P4,STEP,p4_wc_step2us_proxy[91],9.57557850572,SI,,
P4,STEP,p4_wc_step2us_proxy[92],9.57560297186,SI,,
P4,STEP,p4_wc_step2us_proxy[93],9.5756021877,SI,,
P4,STEP,p4_wc_step2us_proxy[94],9.57558164335,SI,,
P4,STEP,p4_wc_step2us_proxy[95],9.57558643539,SI,,
P4,STEP,p4_wc_step2us_proxy[96],9.57560667018,SI,,
P4,STEP,p4_wc_step2us_proxy[97],9.57559557917,SI,,
P4,STEP,p4_wc_step2us_proxy[98],9.57557717862,SI,,
P4,STEP,p4_wc_step2us_proxy[99],9.57559672316,SI,,
P4,STEP,p4_wc_step2us_proxy[100],9.57560562331,SI,,
P4,STEP,p4_wc_step2us_proxy[101],9.57558765082,SI,,
P4,STEP,p4_wc_step2us_proxy[102],9.57557972766,SI,,
P4,STEP,p4_wc_step2us_proxy[103],9.57560422124,SI,,
P4,STEP,p4_wc_step2us_proxy[104],9.5756008995,SI,,
P4,STEP,p4_wc_step2us_proxy[105],9.57558027755,SI,,
P4,STEP,p4_wc_step2us_proxy[106],9.57558864731,SI,,
P4,STEP,p4_wc_step2us_proxy[107],9.575606849,SI,,
P4,STEP,p4_wc_step2us_proxy[108],9.57559388385,SI,,
P4,STEP,p4_wc_step2us_proxy[109],9.57557709968,SI,,
P4,STEP,p4_wc_step2us_proxy[110],9.57559870081,SI,,
P4,STEP,p4_wc_step2us_proxy[111],9.57560486616,SI,,
P4,STEP,p4_wc_step2us_proxy[112],9.57558590325,SI,,
P4,STEP,p4_wc_step2us_proxy[113],9.57558125055,SI,,
P4,STEP,p4_wc_step2us_proxy[114],9.57560524386,SI,,
P4,STEP,p4_wc_step2us_proxy[115],9.57559949038,SI,,
P4,STEP,p4_wc_step2us_proxy[116],9.57557912341,SI,,
P4,STEP,p4_wc_step2us_proxy[117],9.57559090707,SI,,
P4,STEP,p4_wc_step2us_proxy[118],9.5756068038,SI,,
P4,STEP,p4_wc_step2us_proxy[119],9.57559214554,SI,,
P4,STEP,p4_wc_step2us_proxy[120],9.5755773754,SI,,
P4,STEP,p4_wc_step2us_proxy[121],9.57560051398,SI,,
P4,STEP,p4_wc_step2us_proxy[122],9.57560393251,SI,,
P4,STEP,p4_wc_step2us_proxy[123],9.57558422579,SI,,
P4,STEP,p4_wc_step2us_proxy[124],9.5755830312,SI,,
P4,STEP,p4_wc_step2us_proxy[125],9.57560603364,SI,,
P4,STEP,p4_wc_step2us_proxy[126],9.57559797784,SI,,
P4,STEP,p4_wc_step2us_proxy[127],9.57557822008,SI,,
P4,STEP,p4_wc_step2us_proxy[128],9.57559315922,SI,,
P4,STEP,p4_wc_step2us_proxy[129],9.57560654043,SI,,
P4,STEP,p4_wc_step2us_proxy[130],9.57559038573,SI,,
P4,STEP,p4_wc_step2us_proxy[131],9.57557800731,SI,,
P4,STEP,p4_wc_step2us_proxy[132],9.57560213643,SI,,
P4,STEP,p4_wc_step2us_proxy[133],9.57560283659,SI,,
P4,STEP,p4_wc_step2us_proxy[134],9.57558265273,SI,,
P4,STEP,p4_wc_step2us_proxy[135],9.57558501888,SI,,
P4,STEP,p4_wc_step2us_proxy[136],9.57560658761,SI,,
P4,STEP,p4_wc_step2us_proxy[137],9.57559638053,SI,,
P4,STEP,p4_wc_step2us_proxy[138],9.57557760305,SI,,
P4,STEP,p4_wc_step2us_proxy[139],9.57559535284,SI,,
P4,STEP,p4_wc_step2us_proxy[140],9.57560606693,SI,,
P4,STEP,p4_wc_step2us_proxy[141],9.57558862768,SI,,
P4,STEP,p4_wc_step2us_proxy[142],9.57557898462,SI,,
P4,STEP,p4_wc_step2us_proxy[143],9.57560354854,SI,,
P4,STEP,p4_wc_step2us_proxy[144],9.57560159459,SI,,
P4,STEP,p4_wc_step2us_proxy[145],9.57558122134,SI,,
P4,STEP,p4_wc_step2us_proxy[146],9.57558715759,SI,,
P4,STEP,p4_wc_step2us_proxy[147],9.57560690577,SI,,
P4,STEP,p4_wc_step2us_proxy[148],9.57559471784,SI,,
P4,STEP,p4_wc_step2us_proxy[149],9.57557730143,SI,,
P4,STEP,p4_wc_step2us_proxy[150],9.57559744261,SI,,
P4,STEP,p4_wc_step2us_proxy[151],9.57560539335,SI,,
P4,STEP,p4_wc_step2us_proxy[152],9.57558689698,SI,,
P4,STEP,p4_wc_step2us_proxy[153],9.57558028471,SI,,
P4,STEP,p4_wc_step2us_proxy[154],9.57560473586,SI,,
P4,STEP,p4_wc_step2us_proxy[155],9.57560022382,SI,,
P4,STEP,p4_wc_step2us_proxy[156],9.57557996931,SI,,
P4,STEP,p4_wc_step2us_proxy[157],9.57558938946,SI,,
P4,STEP,p4_wc_step2us_proxy[158],9.57560699077,SI,,
P4,STEP,p4_wc_step2us_proxy[159],9.57559300973,SI,,
P4,STEP,p4_wc_step2us_proxy[160],9.57557733616,SI,,
P4,STEP,p4_wc_step2us_proxy[161],9.57559939005,SI,,
P4,STEP,p4_wc_step2us_proxy[162],9.5756045318,SI,,
P4,STEP,p4_wc_step2us_proxy[163],9.57558522117,SI,,
P4,STEP,p4_wc_step2us_proxy[164],9.57558187309,SI,,
P4,STEP,p4_wc_step2us_proxy[165],9.57560568869,SI,,
P4,STEP,p4_wc_step2us_proxy[166],9.57559874337,SI,,
P4,STEP,p4_wc_step2us_proxy[167],9.57557893512,SI,,
P4,STEP,p4_wc_step2us_proxy[168],9.57559165661,SI,,
P4,STEP,p4_wc_step2us_proxy[169],9.57560684724,SI,,
P4,STEP,p4_wc_step2us_proxy[170],9.57559127737,SI,,
P4,STEP,p4_wc_step2us_proxy[171],9.57557771826,SI,,
P4,STEP,p4_wc_step2us_proxy[172],9.57560116321,SI,,
P4,STEP,p4_wc_step2us_proxy[173],9.57560349672,SI,,
P4,STEP,p4_wc_step2us_proxy[174],9.57558363048,SI,,
P4,STEP,p4_wc_step2us_proxy[175],9.5755837061,SI,,
P4,STEP,p4_wc_step2us_proxy[176],9.57560640163,SI,,
P4,STEP,p4_wc_step2us_proxy[177],9.57559717295,SI,,
P4,STEP,p4_wc_step2us_proxy[178],9.5755781546,SI,,
P4,STEP,p4_wc_step2us_proxy[179],9.57559390425,SI,,
P4,STEP,p4_wc_step2us_proxy[180],9.57560648244,SI,,
P4,STEP,p4_wc_step2us_proxy[181],9.57558954226,SI,,
P4,STEP,p4_wc_step2us_proxy[182],9.57557844707,SI,,
P4,STEP,p4_wc_step2us_proxy[183],9.57560273682,SI,,
P4,STEP,p4_wc_step2us_proxy[184],9.57560230444,SI,,
P4,STEP,p4_wc_step2us_proxy[185],9.57558215785,SI,,
P4,STEP,p4_wc_step2us_proxy[186],9.5755857327,SI,,
P4,STEP,p4_wc_step2us_proxy[187],9.57560687248,SI,,
P4,STEP,p4_wc_step2us_proxy[188],9.57559553298,SI,,
P4,STEP,p4_wc_step2us_proxy[189],9.57557766005,SI,,
P4,STEP,p4_wc_step2us_proxy[190],9.5755960821,SI,,
P4,STEP,p4_wc_step2us_proxy[191],9.57560590543,SI,,
P4,STEP,p4_wc_step2us_proxy[192],9.57558782776,SI,,
P4,STEP,p4_wc_step2us_proxy[193],9.57557951026,SI,,
P4,STEP,p4_wc_step2us_proxy[194],9.57560409171,SI,,
P4,STEP,p4_wc_step2us_proxy[195],9.57560097315,SI,,
P4,STEP,p4_wc_step2us_proxy[196],9.57558083736,SI,,
P4,STEP,p4_wc_step2us_proxy[197],9.57558789677,SI,,
P4,STEP,p4_wc_step2us_proxy[198],9.57560710179,SI,,
P4,STEP,p4_wc_step2us_proxy[199],9.5755938446,SI,,
P4,STEP,p4_wc_step2us_proxy[200],9.57557747771,SI,,
P7,C1,resumen_criterio,"fina=0.9998 Mohm, gruesa=0.9998 Mohm",,C1,PASS
P7,C2,resumen_criterio,"fina=18.609 pF, gruesa=18.609 pF; delta=0.000 pF",,C2,PASS
P7,C3,resumen_criterio,peor error=-0.199%,,C3,PASS
P7,C4,resumen_criterio,"peor planitud=14.881%, perdida1.5MHz=1.429 dB, pico=3.203 dB",,C4,FAIL
P7,C5,resumen_criterio,"5mV/div=22.276%, 500mV/div=0.091%",,C5,FAIL
P7,C6,resumen_criterio,"5mV/div=44.52uV (0.890%), 200mV/div=906.04uV (0.453%), 500mV/div=3573.66uV (0.715%)",,C6,PASS
P7,C7,resumen_criterio,"THD=0.0154%, Zin_ef=738.57 kohm",,C7,FAIL
P7,C8,resumen_criterio,"low: rtf=14.71V/0.65mW c/u, rtg=16.58V/0.41mW c/u, VinAmp=5.86V; safe: rtf=14.71V/0.65mW c/u, rtg=16.58V/0.41mW c/u, VinAmp=5.86V",,C8,FAIL
P7,C9,resumen_criterio,"Iclamp_pk peor=0.34mA, VinAmp peor=5.97V",,C9,FAIL
P7,FINA,p7_fina_cin1m,1.86088159917e-11,SI,,
P7,FINA,p7_fina_zin100,999806.927769,SI,,
P7,GRUESA,p7_gruesa_cin1m,1.86088158845e-11,SI,,
P7,GRUESA,p7_gruesa_zin100,999806.927769,SI,,
P7,LOW,p7_low_ac_dhfmax,0.000341607257724,SI,,
P7,LOW,p7_low_ac_dhfmin,-8.79933423903e-08,SI,,
P7,LOW,p7_low_ac_dlfmax,0.000341606762959,SI,,
P7,LOW,p7_low_ac_dlfmin,-8.53889829955e-08,SI,,
P7,LOW,p7_low_ac_finomax,5.96601295471,SI,,
P7,LOW,p7_low_ac_finomin,-5.96601295471,SI,,
P7,LOW,p7_low_ac_gruesomax,1.76776683331,SI,,
P7,LOW,p7_low_ac_gruesomin,-1.76776683331,SI,,
P7,LOW,p7_low_ac_railnmax,-0.000126810744405,SI,,
P7,LOW,p7_low_ac_railnmin,-0.000999937648885,SI,,
P7,LOW,p7_low_ac_railpmax,0.000999926938675,SI,,
P7,LOW,p7_low_ac_railpmin,0.000126815939439,SI,,
P7,LOW,p7_low_ac_rtf_p,0.0598568092827,SI,,
P7,LOW,p7_low_ac_rtf_vmax,347.587362766,SI,,
P7,LOW,p7_low_ac_rtf_vmin,-347.587362766,SI,,
P7,LOW,p7_low_ac_rtg_p,0.0310937372034,SI,,
P7,LOW,p7_low_ac_rtg_vmax,351.785608411,SI,,
P7,LOW,p7_low_ac_rtg_vmin,-351.785608411,SI,,
P7,LOW,p7_low_ac_tvsmax,4.89888840605e-08,SI,,
P7,LOW,p7_low_ac_tvsmin,-4.83423221453e-08,SI,,
P7,LOW,p7_low_dc_dhfmax,3.8282632886e-05,SI,,
P7,LOW,p7_low_dc_dhfmin,3.8282632886e-05,SI,,
P7,LOW,p7_low_dc_dlfmax,-1.18565894949e-11,SI,,
P7,LOW,p7_low_dc_dlfmin,-1.18577743111e-11,SI,,
P7,LOW,p7_low_dc_finomax,5.85766458511,SI,,
P7,LOW,p7_low_dc_finomin,5.85766458511,SI,,
P7,LOW,p7_low_dc_gruesomax,0.25,SI,,
P7,LOW,p7_low_dc_gruesomin,0.25,SI,,
P7,LOW,p7_low_dc_railnmax,-0.000500692171045,SI,,
P7,LOW,p7_low_dc_railnmin,-0.000500692171045,SI,,
P7,LOW,p7_low_dc_railpmax,0.000461798656033,SI,,
P7,LOW,p7_low_dc_railpmin,0.000461798656033,SI,,
P7,LOW,p7_low_dc_rtf_p,0.00194854581338,SI,,
P7,LOW,p7_low_dc_rtf_vmax,44.1423354149,SI,,
P7,LOW,p7_low_dc_rtf_vmin,44.1423354149,SI,,
P7,LOW,p7_low_dc_rtg_p,0.00124374996858,SI,,
P7,LOW,p7_low_dc_rtg_vmax,49.75,SI,,
P7,LOW,p7_low_dc_rtg_vmin,49.75,SI,,
P7,LOW,p7_low_dc_tvsmax,2.02145500339e-09,SI,,
P7,LOW,p7_low_dc_tvsmin,2.02144967432e-09,SI,,
P7,PROBE,p7_probe_11p2_bncpk,11.2010353794,SI,,
P7,PROBE,p7_probe_11p2_iinpk,-1.12052652293e-05,SI,,
P7,PROBE,p7_probe_11p2_salpk,0.559545094728,SI,,
P7,PROBE,p7_probe_20_bncpk,17.4318406963,SI,,
P7,PROBE,p7_probe_20_iinpk,-2.02953059742e-05,SI,,
P7,PROBE,p7_probe_20_salpk,0.870802033602,SI,,
P7,PROBE,p7_probe_40_bncpk,31.3229213123,SI,,
P7,PROBE,p7_probe_40_iinpk,-4.09839247512e-05,SI,,
P7,PROBE,p7_probe_40_salpk,1.56472394848,SI,,
P7,PROBE,p7_probe_5_bncpk,5.01435371208,SI,,
P7,PROBE,p7_probe_5_iinpk,-5.00036616129e-06,SI,,
P7,PROBE,p7_probe_5_salpk,0.250489560246,SI,,
P7,R10K,p7_r10k_11_bncpk,10.8910293579,SI,,
P7,R10K,p7_r10k_11_iinpk,-1.08970439369e-05,SI,,
P7,R10K,p7_r10k_11_salpk,0.544054687023,SI,,
P7,R10K,p7_r10k_20_bncpk,19.7613373203,SI,,
P7,R10K,p7_r10k_20_iinpk,-2.38661804814e-05,SI,,
P7,R10K,p7_r10k_20_salpk,0.987161339581,SI,,
P7,R10K,p7_r10k_40_bncpk,39.4663238525,SI,,
P7,R10K,p7_r10k_40_iinpk,-5.33676046869e-05,SI,,
P7,R10K,p7_r10k_40_salpk,1.97150266171,SI,,
P7,R10K,p7_r10k_5_bncpk,4.95048522949,SI,,
P7,R10K,p7_r10k_5_iinpk,-4.95146312413e-06,SI,,
P7,R10K,p7_r10k_5_salpk,0.247299417853,SI,,
P7,R50,p7_r50_11_bncpk,10.9994497299,SI,,
P7,R50,p7_r50_11_iinpk,-1.10104197083e-05,SI,,
P7,R50,p7_r50_11_salpk,0.549470841885,SI,,
P7,R50,p7_r50_20_bncpk,19.9987888336,SI,,
P7,R50,p7_r50_20_iinpk,-2.42169907396e-05,SI,,
P7,R50,p7_r50_20_salpk,0.999023318291,SI,,
P7,R50,p7_r50_40_bncpk,39.9972915649,SI,,
P7,R50,p7_r50_40_iinpk,-5.41551251589e-05,SI,,
P7,R50,p7_r50_40_salpk,1.99802732468,SI,,
P7,R50,p7_r50_5_bncpk,4.99975013733,SI,,
P7,R50,p7_r50_5_iinpk,-5.00006151877e-06,SI,,
P7,R50,p7_r50_5_salpk,0.249760389328,SI,,
P7,S200,p7_s200_f3,4650699.10136,SI,,
P7,S200,p7_s200_g100,1.24751873943,SI,,
P7,S200,p7_s200_g100k,1.08631003153,SI,,
P7,S200,p7_s200_g1m5,1.05844810056,SI,,
P7,S200,p7_s200_gmax,1.24752670224,SI,,
P7,S200,p7_s200_gmin,1.08631003153,SI,,
P7,S200,p7_s200_peak,1.24752670224,SI,,
P7,S500,p7_s500_f3,29517477.7586,SI,,
P7,S500,p7_s500_g100,0.499868838319,SI,,
P7,S500,p7_s500_g100k,0.500285127447,SI,,
P7,S500,p7_s500_g1m5,0.528373424711,SI,,
P7,S500,p7_s500_gmax,0.500285127447,SI,,
P7,S500,p7_s500_gmin,0.499868823347,SI,,
P7,S500,p7_s500_peak,0.722811063982,SI,,
P7,S500,p7_s500_v200us,0.749803245068,SI,,
P7,S500,p7_s500_v20us,0.749944984913,SI,,
P7,S500,p7_s500_v2us,0.750488620954,SI,,
P7,S500,p7_s500_vsettled,0.749803245068,SI,,
P7,S5,p7_s5_f3,4689770.37936,SI,,
P7,S5,p7_s5_g100,49.9854882187,SI,,
P7,S5,p7_s5_g100k,43.5109264142,SI,,
P7,S5,p7_s5_g1m5,42.4026403834,SI,,
P7,S5,p7_s5_gmax,49.9858082006,SI,,
P7,S5,p7_s5_gmin,43.5109264142,SI,,
P7,S5,p7_s5_peak,49.9858082006,SI,,
P7,S5,p7_s5_v200us,0.749787211418,SI,,
P7,S5,p7_s5_v20us,0.714768224191,SI,,
P7,S5,p7_s5_v2us,0.582766233399,SI,,
P7,S5,p7_s5_vsettled,0.749787211418,SI,,
P7,S5V,p7_s5v_f3,26191584.4216,SI,,
P7,S5V,p7_s5v_g100,0.0499519472556,SI,,
P7,S5V,p7_s5v_g100k,0.0499934296631,SI,,
P7,S5V,p7_s5v_g1m5,0.0527727052263,SI,,
P7,S5V,p7_s5v_gmax,0.0499934296631,SI,,
P7,S5V,p7_s5v_gmin,0.0499519457598,SI,,
P7,S5V,p7_s5v_peak,0.0711687236184,SI,,
P7,SAFE,p7_safe_ac_dhfmax,0.000341607286828,SI,,
P7,SAFE,p7_safe_ac_dhfmin,-9.14490883019e-08,SI,,
P7,SAFE,p7_safe_ac_dlfmax,0.000341606821166,SI,,
P7,SAFE,p7_safe_ac_dlfmin,-8.77139783029e-08,SI,,
P7,SAFE,p7_safe_ac_finomax,5.96601295471,SI,,
P7,SAFE,p7_safe_ac_finomin,-5.96601295471,SI,,
P7,SAFE,p7_safe_ac_gruesomax,1.76776683331,SI,,
P7,SAFE,p7_safe_ac_gruesomin,-1.76776683331,SI,,
P7,SAFE,p7_safe_ac_railnmax,-0.000126814193209,SI,,
P7,SAFE,p7_safe_ac_railnmin,-0.0009999104077,SI,,
P7,SAFE,p7_safe_ac_railpmax,0.000999855576083,SI,,
P7,SAFE,p7_safe_ac_railpmin,0.000126819315483,SI,,
P7,SAFE,p7_safe_ac_rtf_p,0.0598568092826,SI,,
P7,SAFE,p7_safe_ac_rtf_vmax,347.587362766,SI,,
P7,SAFE,p7_safe_ac_rtf_vmin,-347.587362766,SI,,
P7,SAFE,p7_safe_ac_rtg_p,0.0310937372034,SI,,
P7,SAFE,p7_safe_ac_rtg_vmax,351.785608411,SI,,
P7,SAFE,p7_safe_ac_rtg_vmin,-351.785608411,SI,,
P7,SAFE,p7_safe_ac_tvsmax,4.90038374323e-08,SI,,
P7,SAFE,p7_safe_ac_tvsmin,-4.83617093039e-08,SI,,
P7,SAFE,p7_safe_dc_dhfmax,3.8282632886e-05,SI,,
P7,SAFE,p7_safe_dc_dhfmin,3.8282632886e-05,SI,,
P7,SAFE,p7_safe_dc_dlfmax,-1.18565894949e-11,SI,,
P7,SAFE,p7_safe_dc_dlfmin,-1.18577743111e-11,SI,,
P7,SAFE,p7_safe_dc_finomax,5.85766458511,SI,,
P7,SAFE,p7_safe_dc_finomin,5.85766458511,SI,,
P7,SAFE,p7_safe_dc_gruesomax,0.25,SI,,
P7,SAFE,p7_safe_dc_gruesomin,0.25,SI,,
P7,SAFE,p7_safe_dc_railnmax,-0.000500692171045,SI,,
P7,SAFE,p7_safe_dc_railnmin,-0.000500692171045,SI,,
P7,SAFE,p7_safe_dc_railpmax,0.000461798656033,SI,,
P7,SAFE,p7_safe_dc_railpmin,0.000461798656033,SI,,
P7,SAFE,p7_safe_dc_rtf_p,0.00194854581338,SI,,
P7,SAFE,p7_safe_dc_rtf_vmax,44.1423354149,SI,,
P7,SAFE,p7_safe_dc_rtf_vmin,44.1423354149,SI,,
P7,SAFE,p7_safe_dc_rtg_p,0.00124374996858,SI,,
P7,SAFE,p7_safe_dc_rtg_vmax,49.75,SI,,
P7,SAFE,p7_safe_dc_rtg_vmin,49.75,SI,,
P7,SAFE,p7_safe_dc_tvsmax,2.02145500339e-09,SI,,
P7,SAFE,p7_safe_dc_tvsmin,2.02144967432e-09,SI,,
P7,STEP,p7_noise_integrated[1],0.0022254677289,SI,,
P7,STEP,p7_noise_integrated[2],0.00113029947031,SI,,
P7,STEP,p7_noise_integrated[3],0.00178636138899,SI,,
P7,STEP,p7_wc_g100k[1],0.500285350177,SI,,
P7,STEP,p7_wc_g100k[2],0.500284977319,SI,,
P7,STEP,p7_wc_g100k[3],0.50028520722,SI,,
P7,STEP,p7_wc_g100k[4],0.500285102085,SI,,
P7,STEP,p7_wc_g100k[5],0.500285083821,SI,,
P7,STEP,p7_wc_g100k[6],0.500285260021,SI,,
P7,STEP,p7_wc_g100k[7],0.50028491944,SI,,
P7,STEP,p7_wc_g100k[8],0.500285362906,SI,,
P7,STEP,p7_wc_g100k[9],0.500284890091,SI,,
P7,STEP,p7_wc_g100k[10],0.500285368387,SI,,
P7,STEP,p7_wc_g100k[11],0.500284891317,SI,,
P7,STEP,p7_wc_g100k[12],0.500285313872,SI,,
P7,STEP,p7_wc_g100k[13],0.500285025409,SI,,
P7,STEP,p7_wc_g100k[14],0.500285148872,SI,,
P7,STEP,p7_wc_g100k[15],0.500285163358,SI,,
P7,STEP,p7_wc_g100k[16],0.500285028751,SI,,
P7,STEP,p7_wc_g100k[17],0.500285304627,SI,,
P7,STEP,p7_wc_g100k[18],0.500284885966,SI,,
P7,STEP,p7_wc_g100k[19],0.500285382412,SI,,
P7,STEP,p7_wc_g100k[20],0.500284889668,SI,,
P7,STEP,p7_wc_g100k[21],0.500285348171,SI,,
P7,STEP,p7_wc_g100k[22],0.500284927384,SI,,
P7,STEP,p7_wc_g100k[23],0.500285267884,SI,,
P7,STEP,p7_wc_g100k[24],0.500285079353,SI,,
P7,STEP,p7_wc_g100k[25],0.500285088796,SI,,
P7,STEP,p7_wc_g100k[26],0.500285222467,SI,,
P7,STEP,p7_wc_g100k[27],0.500284979607,SI,,
P7,STEP,p7_wc_g100k[28],0.500285339597,SI,,
P7,STEP,p7_wc_g100k[29],0.500284864993,SI,,
P7,STEP,p7_wc_g100k[30],0.500285388261,SI,,
P7,STEP,p7_wc_g100k[31],0.500284902642,SI,,
P7,STEP,p7_wc_g100k[32],0.500285315596,SI,,
P7,STEP,p7_wc_g100k[33],0.500284973855,SI,,
P7,STEP,p7_wc_g100k[34],0.500285214759,SI,,
P7,STEP,p7_wc_g100k[35],0.50028513616,SI,,
P7,STEP,p7_wc_g100k[36],0.500285030225,SI,,
P7,STEP,p7_wc_g100k[37],0.500285276287,SI,,
P7,STEP,p7_wc_g100k[38],0.500284939056,SI,,
P7,STEP,p7_wc_g100k[39],0.500285362951,SI,,
P7,STEP,p7_wc_g100k[40],0.500284857678,SI,,
P7,STEP,p7_wc_g100k[41],0.500285380215,SI,,
P7,STEP,p7_wc_g100k[42],0.500284928269,SI,,
P7,STEP,p7_wc_g100k[43],0.500285272365,SI,,
P7,STEP,p7_wc_g100k[44],0.500285028264,SI,,
P7,STEP,p7_wc_g100k[45],0.500285157419,SI,,
P7,STEP,p7_wc_g100k[46],0.500285192675,SI,,
P7,STEP,p7_wc_g100k[47],0.500284976322,SI,,
P7,STEP,p7_wc_g100k[48],0.50028532198,SI,,
P7,STEP,p7_wc_g100k[49],0.500284909289,SI,,
P7,STEP,p7_wc_g100k[50],0.500285373341,SI,,
P7,STEP,p7_wc_g100k[51],0.500284864444,SI,,
P7,STEP,p7_wc_g100k[52],0.500285358786,SI,,
P7,STEP,p7_wc_g100k[53],0.500284965109,SI,,
P7,STEP,p7_wc_g100k[54],0.500285220772,SI,,
P7,STEP,p7_wc_g100k[55],0.500285087722,SI,,
P7,STEP,p7_wc_g100k[56],0.500285099003,SI,,
P7,STEP,p7_wc_g100k[57],0.500285245756,SI,,
P7,STEP,p7_wc_g100k[58],0.500284930007,SI,,
P7,STEP,p7_wc_g100k[59],0.500285357156,SI,,
P7,STEP,p7_wc_g100k[60],0.500284891902,SI,,
P7,STEP,p7_wc_g100k[61],0.500285370124,SI,,
P7,STEP,p7_wc_g100k[62],0.500284884959,SI,,
P7,STEP,p7_wc_g100k[63],0.500285325202,SI,,
P7,STEP,p7_wc_g100k[64],0.500285011109,SI,,
P7,STEP,p7_wc_g100k[65],0.500285163572,SI,,
P7,STEP,p7_wc_g100k[66],0.500285149074,SI,,
P7,STEP,p7_wc_g100k[67],0.500285042699,SI,,
P7,STEP,p7_wc_g100k[68],0.500285292444,SI,,
P7,STEP,p7_wc_g100k[69],0.500284893798,SI,,
P7,STEP,p7_wc_g100k[70],0.500285379991,SI,,
P7,STEP,p7_wc_g100k[71],0.50028488781,SI,,
P7,STEP,p7_wc_g100k[72],0.5002853534,SI,,
P7,STEP,p7_wc_g100k[73],0.500284918152,SI,,
P7,STEP,p7_wc_g100k[74],0.500285281343,SI,,
P7,STEP,p7_wc_g100k[75],0.50028506371,SI,,
P7,STEP,p7_wc_g100k[76],0.500285103834,SI,,
P7,STEP,p7_wc_g100k[77],0.500285209067,SI,,
P7,STEP,p7_wc_g100k[78],0.500284991567,SI,,
P7,STEP,p7_wc_g100k[79],0.500285330124,SI,,
P7,STEP,p7_wc_g100k[80],0.500284869672,SI,,
P7,STEP,p7_wc_g100k[81],0.50028538933,SI,,
P7,STEP,p7_wc_g100k[82],0.500284897197,SI,,
P7,STEP,p7_wc_g100k[83],0.500285324008,SI,,
P7,STEP,p7_wc_g100k[84],0.500284962274,SI,,
P7,STEP,p7_wc_g100k[85],0.500285229635,SI,,
P7,STEP,p7_wc_g100k[86],0.500285119992,SI,,
P7,STEP,p7_wc_g100k[87],0.500285044779,SI,,
P7,STEP,p7_wc_g100k[88],0.50028526453,SI,,
P7,STEP,p7_wc_g100k[89],0.500284948378,SI,,
P7,STEP,p7_wc_g100k[90],0.500285356671,SI,,
P7,STEP,p7_wc_g100k[91],0.500284858961,SI,,
P7,STEP,p7_wc_g100k[92],0.500285384745,SI,,
P7,STEP,p7_wc_g100k[93],0.500284919512,SI,,
P7,STEP,p7_wc_g100k[94],0.500285283485,SI,,
P7,STEP,p7_wc_g100k[95],0.500285014988,SI,,
P7,STEP,p7_wc_g100k[96],0.50028517292,SI,,
P7,STEP,p7_wc_g100k[97],0.500285176827,SI,,
P7,STEP,p7_wc_g100k[98],0.500284989599,SI,,
P7,STEP,p7_wc_g100k[99],0.500285312536,SI,,
P7,STEP,p7_wc_g100k[100],0.500284915461,SI,,
P7,STEP,p7_wc_g100k[101],0.500285370563,SI,,
P7,STEP,p7_wc_g100k[102],0.500284862277,SI,,
P7,STEP,p7_wc_g100k[103],0.500285366558,SI,,
P7,STEP,p7_wc_g100k[104],0.500284953491,SI,,
P7,STEP,p7_wc_g100k[105],0.500285233978,SI,,
P7,STEP,p7_wc_g100k[106],0.500285073499,SI,,
P7,STEP,p7_wc_g100k[107],0.500285114299,SI,,
P7,STEP,p7_wc_g100k[108],0.500285231055,SI,,
P7,STEP,p7_wc_g100k[109],0.500284941287,SI,,
P7,STEP,p7_wc_g100k[110],0.500285350569,SI,,
P7,STEP,p7_wc_g100k[111],0.500284894578,SI,,
P7,STEP,p7_wc_g100k[112],0.50028537097,SI,,
P7,STEP,p7_wc_g100k[113],0.500284879478,SI,,
P7,STEP,p7_wc_g100k[114],0.500285335818,SI,,
P7,STEP,p7_wc_g100k[115],0.500284997232,SI,,
P7,STEP,p7_wc_g100k[116],0.500285178133,SI,,
P7,STEP,p7_wc_g100k[117],0.500285134706,SI,,
P7,STEP,p7_wc_g100k[118],0.500285056965,SI,,
P7,STEP,p7_wc_g100k[119],0.500285279654,SI,,
P7,STEP,p7_wc_g100k[120],0.500284902473,SI,,
P7,STEP,p7_wc_g100k[121],0.50028537665,SI,,
P7,STEP,p7_wc_g100k[122],0.50028488683,SI,,
P7,STEP,p7_wc_g100k[123],0.500285357798,SI,,
P7,STEP,p7_wc_g100k[124],0.500284909676,SI,,
P7,STEP,p7_wc_g100k[125],0.500285294249,SI,,
P7,STEP,p7_wc_g100k[126],0.500285048297,SI,,
P7,STEP,p7_wc_g100k[127],0.500285118952,SI,,
P7,STEP,p7_wc_g100k[128],0.500285195367,SI,,
P7,STEP,p7_wc_g100k[129],0.500285004031,SI,,
P7,STEP,p7_wc_g100k[130],0.500285319906,SI,,
P7,STEP,p7_wc_g100k[131],0.500284875282,SI,,
P7,STEP,p7_wc_g100k[132],0.500285389447,SI,,
P7,STEP,p7_wc_g100k[133],0.500284892596,SI,,
P7,STEP,p7_wc_g100k[134],0.500285331699,SI,,
P7,STEP,p7_wc_g100k[135],0.500284951287,SI,,
P7,STEP,p7_wc_g100k[136],0.500285244148,SI,,
P7,STEP,p7_wc_g100k[137],0.500285103847,SI,,
P7,STEP,p7_wc_g100k[138],0.500285059627,SI,,
P7,STEP,p7_wc_g100k[139],0.500285252271,SI,,
P7,STEP,p7_wc_g100k[140],0.500284958361,SI,,
P7,STEP,p7_wc_g100k[141],0.500285349547,SI,,
P7,STEP,p7_wc_g100k[142],0.500284861214,SI,,
P7,STEP,p7_wc_g100k[143],0.500285388341,SI,,
P7,STEP,p7_wc_g100k[144],0.500284911515,SI,,
P7,STEP,p7_wc_g100k[145],0.500285294029,SI,,
P7,STEP,p7_wc_g100k[146],0.500285002115,SI,,
P7,STEP,p7_wc_g100k[147],0.500285188265,SI,,
P7,STEP,p7_wc_g100k[148],0.500285160793,SI,,
P7,STEP,p7_wc_g100k[149],0.50028500337,SI,,
P7,STEP,p7_wc_g100k[150],0.500285302417,SI,,
P7,STEP,p7_wc_g100k[151],0.500284922413,SI,,
P7,STEP,p7_wc_g100k[152],0.500285366891,SI,,
P7,STEP,p7_wc_g100k[153],0.500284861067,SI,,
P7,STEP,p7_wc_g100k[154],0.500285373464,SI,,
P7,STEP,p7_wc_g100k[155],0.500284942506,SI,,
P7,STEP,p7_wc_g100k[156],0.500285246789,SI,,
P7,STEP,p7_wc_g100k[157],0.500285059467,SI,,
P7,STEP,p7_wc_g100k[158],0.500285129652,SI,,
P7,STEP,p7_wc_g100k[159],0.500285215969,SI,,
P7,STEP,p7_wc_g100k[160],0.500284953237,SI,,
P7,STEP,p7_wc_g100k[161],0.50028534317,SI,,
P7,STEP,p7_wc_g100k[162],0.500284898109,SI,,
P7,STEP,p7_wc_g100k[163],0.500285370921,SI,,
P7,STEP,p7_wc_g100k[164],0.500284874892,SI,,
P7,STEP,p7_wc_g100k[165],0.500285345683,SI,,
P7,STEP,p7_wc_g100k[166],0.500284983827,SI,,
P7,STEP,p7_wc_g100k[167],0.500285192504,SI,,
P7,STEP,p7_wc_g100k[168],0.500285120309,SI,,
P7,STEP,p7_wc_g100k[169],0.500285071498,SI,,
P7,STEP,p7_wc_g100k[170],0.500285266301,SI,,
P7,STEP,p7_wc_g100k[171],0.500284911961,SI,,
P7,STEP,p7_wc_g100k[172],0.500285372405,SI,,
P7,STEP,p7_wc_g100k[173],0.500284886732,SI,,
P7,STEP,p7_wc_g100k[174],0.500285361351,SI,,
P7,STEP,p7_wc_g100k[175],0.500284901985,SI,,
P7,STEP,p7_wc_g100k[176],0.500285306556,SI,,
P7,STEP,p7_wc_g100k[177],0.500285033169,SI,,
P7,STEP,p7_wc_g100k[178],0.500285134094,SI,,
P7,STEP,p7_wc_g100k[179],0.500285181415,SI,,
P7,STEP,p7_wc_g100k[180],0.500285016956,SI,,
P7,STEP,p7_wc_g100k[181],0.500285308979,SI,,
P7,STEP,p7_wc_g100k[182],0.500284881803,SI,,
P7,STEP,p7_wc_g100k[183],0.500285388613,SI,,
P7,STEP,p7_wc_g100k[184],0.500284888853,SI,,
P7,STEP,p7_wc_g100k[185],0.500285338638,SI,,
P7,STEP,p7_wc_g100k[186],0.500284940936,SI,,
P7,STEP,p7_wc_g100k[187],0.500285258245,SI,,
P7,STEP,p7_wc_g100k[188],0.500285087783,SI,,
P7,STEP,p7_wc_g100k[189],0.500285074716,SI,,
P7,STEP,p7_wc_g100k[190],0.500285239556,SI,,
P7,STEP,p7_wc_g100k[191],0.50028496897,SI,,
P7,STEP,p7_wc_g100k[192],0.500285341607,SI,,
P7,STEP,p7_wc_g100k[193],0.50028486443,SI,,
P7,STEP,p7_wc_g100k[194],0.500285390993,SI,,
P7,STEP,p7_wc_g100k[195],0.500284904306,SI,,
P7,STEP,p7_wc_g100k[196],0.500285303961,SI,,
P7,STEP,p7_wc_g100k[197],0.500284989692,SI,,
P7,STEP,p7_wc_g100k[198],0.500285203398,SI,,
P7,STEP,p7_wc_g100k[199],0.500285144633,SI,,
P7,STEP,p7_wc_g100k[200],0.500285017587,SI,,
P7,STEP,p7_wc_g1m5[1],0.528396944684,SI,,
P7,STEP,p7_wc_g1m5[2],0.528396158079,SI,,
P7,STEP,p7_wc_g1m5[3],0.528390837309,SI,,
P7,STEP,p7_wc_g1m5[4],0.528392307717,SI,,
P7,STEP,p7_wc_g1m5[5],0.528397492951,SI,,
P7,STEP,p7_wc_g1m5[6],0.528394780968,SI,,
P7,STEP,p7_wc_g1m5[7],0.528389303887,SI,,
P7,STEP,p7_wc_g1m5[8],0.528395377873,SI,,
P7,STEP,p7_wc_g1m5[9],0.528396934555,SI,,
P7,STEP,p7_wc_g1m5[10],0.528392732829,SI,,
P7,STEP,p7_wc_g1m5[11],0.52839013153,SI,,
P7,STEP,p7_wc_g1m5[12],0.528397210505,SI,,
P7,STEP,p7_wc_g1m5[13],0.528395882329,SI,,
P7,STEP,p7_wc_g1m5[14],0.528390389866,SI,,
P7,STEP,p7_wc_g1m5[15],0.528392987241,SI,,
P7,STEP,p7_wc_g1m5[16],0.52839745715,SI,,
P7,STEP,p7_wc_g1m5[17],0.528394380312,SI,,
P7,STEP,p7_wc_g1m5[18],0.528389269146,SI,,
P7,STEP,p7_wc_g1m5[19],0.528395914182,SI,,
P7,STEP,p7_wc_g1m5[20],0.528396732569,SI,,
P7,STEP,p7_wc_g1m5[21],0.528392220086,SI,,
P7,STEP,p7_wc_g1m5[22],0.528390619566,SI,,
P7,STEP,p7_wc_g1m5[23],0.528397403995,SI,,
P7,STEP,p7_wc_g1m5[24],0.528395581555,SI,,
P7,STEP,p7_wc_g1m5[25],0.528390003337,SI,,
P7,STEP,p7_wc_g1m5[26],0.52839367018,SI,,
P7,STEP,p7_wc_g1m5[27],0.528397371144,SI,,
P7,STEP,p7_wc_g1m5[28],0.528393952406,SI,,
P7,STEP,p7_wc_g1m5[29],0.528389349835,SI,,
P7,STEP,p7_wc_g1m5[30],0.528396386764,SI,,
P7,STEP,p7_wc_g1m5[31],0.528396502869,SI,,
P7,STEP,p7_wc_g1m5[32],0.528391710774,SI,,
P7,STEP,p7_wc_g1m5[33],0.528391185134,SI,,
P7,STEP,p7_wc_g1m5[34],0.528397527036,SI,,
P7,STEP,p7_wc_g1m5[35],0.52839525591,SI,,
P7,STEP,p7_wc_g1m5[36],0.528389692962,SI,,
P7,STEP,p7_wc_g1m5[37],0.528394338316,SI,,
P7,STEP,p7_wc_g1m5[38],0.528397240141,SI,,
P7,STEP,p7_wc_g1m5[39],0.528393500484,SI,,
P7,STEP,p7_wc_g1m5[40],0.528389546136,SI,,
P7,STEP,p7_wc_g1m5[41],0.528396789161,SI,,
P7,STEP,p7_wc_g1m5[42],0.528396248121,SI,,
P7,STEP,p7_wc_g1m5[43],0.528391217786,SI,,
P7,STEP,p7_wc_g1m5[44],0.528391810442,SI,,
P7,STEP,p7_wc_g1m5[45],0.528397582848,SI,,
P7,STEP,p7_wc_g1m5[46],0.528394905542,SI,,
P7,STEP,p7_wc_g1m5[47],0.52838947239,SI,,
P7,STEP,p7_wc_g1m5[48],0.528394975185,SI,,
P7,STEP,p7_wc_g1m5[49],0.528397069307,SI,,
P7,STEP,p7_wc_g1m5[50],0.528393029387,SI,,
P7,STEP,p7_wc_g1m5[51],0.528389853831,SI,,
P7,STEP,p7_wc_g1m5[52],0.528397117366,SI,,
P7,STEP,p7_wc_g1m5[53],0.528395970406,SI,,
P7,STEP,p7_wc_g1m5[54],0.528390755381,SI,,
P7,STEP,p7_wc_g1m5[55],0.528392476254,SI,,
P7,STEP,p7_wc_g1m5[56],0.528397575696,SI,,
P7,STEP,p7_wc_g1m5[57],0.528394530853,SI,,
P7,STEP,p7_wc_g1m5[58],0.528389352812,SI,,
P7,STEP,p7_wc_g1m5[59],0.528395566525,SI,,
P7,STEP,p7_wc_g1m5[60],0.528396863594,SI,,
P7,STEP,p7_wc_g1m5[61],0.528392545761,SI,,
P7,STEP,p7_wc_g1m5[62],0.528390264466,SI,,
P7,STEP,p7_wc_g1m5[63],0.528397369619,SI,,
P7,STEP,p7_wc_g1m5[64],0.528395671247,SI,,
P7,STEP,p7_wc_g1m5[65],0.528390338638,SI,,
P7,STEP,p7_wc_g1m5[66],0.528393162826,SI,,
P7,STEP,p7_wc_g1m5[67],0.528397510604,SI,,
P7,STEP,p7_wc_g1m5[68],0.528394132789,SI,,
P7,STEP,p7_wc_g1m5[69],0.528389342208,SI,,
P7,STEP,p7_wc_g1m5[70],0.528396100549,SI,,
P7,STEP,p7_wc_g1m5[71],0.528396627587,SI,,
P7,STEP,p7_wc_g1m5[72],0.528392058152,SI,,
P7,STEP,p7_wc_g1m5[73],0.528390765788,SI,,
P7,STEP,p7_wc_g1m5[74],0.528397546155,SI,,
P7,STEP,p7_wc_g1m5[75],0.528395351697,SI,,
P7,STEP,p7_wc_g1m5[76],0.52838998276,SI,,
P7,STEP,p7_wc_g1m5[77],0.52839385077,SI,,
P7,STEP,p7_wc_g1m5[78],0.528397393105,SI,,
P7,STEP,p7_wc_g1m5[79],0.528393713159,SI,,
P7,STEP,p7_wc_g1m5[80],0.528389444739,SI,,
P7,STEP,p7_wc_g1m5[81],0.52839656807,SI,,
P7,STEP,p7_wc_g1m5[82],0.528396365391,SI,,
P7,STEP,p7_wc_g1m5[83],0.528391576978,SI,,
P7,STEP,p7_wc_g1m5[84],0.528391342398,SI,,
P7,STEP,p7_wc_g1m5[85],0.528397648923,SI,,
P7,STEP,p7_wc_g1m5[86],0.528395012466,SI,,
P7,STEP,p7_wc_g1m5[87],0.52838970228,SI,,
P7,STEP,p7_wc_g1m5[88],0.528394521819,SI,,
P7,STEP,p7_wc_g1m5[89],0.528397228995,SI,,
P7,STEP,p7_wc_g1m5[90],0.528393274941,SI,,
P7,STEP,p7_wc_g1m5[91],0.528389660378,SI,,
P7,STEP,p7_wc_g1m5[92],0.528396962491,SI,,
P7,STEP,p7_wc_g1m5[93],0.528396080545,SI,,
P7,STEP,p7_wc_g1m5[94],0.528391114339,SI,,
P7,STEP,p7_wc_g1m5[95],0.528391976566,SI,,
P7,STEP,p7_wc_g1m5[96],0.528397681295,SI,,
P7,STEP,p7_wc_g1m5[97],0.528394654118,SI,,
P7,STEP,p7_wc_g1m5[98],0.528389510201,SI,,
P7,STEP,p7_wc_g1m5[99],0.528395159433,SI,,
P7,STEP,p7_wc_g1m5[100],0.52839702413,SI,,
P7,STEP,p7_wc_g1m5[101],0.528392822563,SI,,
P7,STEP,p7_wc_g1m5[102],0.528389984795,SI,,
P7,STEP,p7_wc_g1m5[103],0.528397279691,SI,,
P7,STEP,p7_wc_g1m5[104],0.528395775975,SI,,
P7,STEP,p7_wc_g1m5[105],0.528390683661,SI,,
P7,STEP,p7_wc_g1m5[106],0.528392649127,SI,,
P7,STEP,p7_wc_g1m5[107],0.528397647781,SI,,
P7,STEP,p7_wc_g1m5[108],0.528394277305,SI,,
P7,STEP,p7_wc_g1m5[109],0.52838941717,SI,,
P7,STEP,p7_wc_g1m5[110],0.528395749253,SI,,
P7,STEP,p7_wc_g1m5[111],0.528396784225,SI,,
P7,STEP,p7_wc_g1m5[112],0.528392362114,SI,,
P7,STEP,p7_wc_g1m5[113],0.528390409513,SI,,
P7,STEP,p7_wc_g1m5[114],0.528397517832,SI,,
P7,STEP,p7_wc_g1m5[115],0.528395453995,SI,,
P7,STEP,p7_wc_g1m5[116],0.528390299181,SI,,
P7,STEP,p7_wc_g1m5[117],0.528393340399,SI,,
P7,STEP,p7_wc_g1m5[118],0.528397553758,SI,,
P7,STEP,p7_wc_g1m5[119],0.528393883057,SI,,
P7,STEP,p7_wc_g1m5[120],0.528389430723,SI,,
P7,STEP,p7_wc_g1m5[121],0.528396279376,SI,,
P7,STEP,p7_wc_g1m5[122],0.5283965147,SI,,
P7,STEP,p7_wc_g1m5[123],0.528391901462,SI,,
P7,STEP,p7_wc_g1m5[124],0.528390922329,SI,,
P7,STEP,p7_wc_g1m5[125],0.528397677123,SI,,
P7,STEP,p7_wc_g1m5[126],0.528395116355,SI,,
P7,STEP,p7_wc_g1m5[127],0.528389975282,SI,,
P7,STEP,p7_wc_g1m5[128],0.528394031039,SI,,
P7,STEP,p7_wc_g1m5[129],0.528397405214,SI,,
P7,STEP,p7_wc_g1m5[130],0.528393473083,SI,,
P7,STEP,p7_wc_g1m5[131],0.528389554703,SI,,
P7,STEP,p7_wc_g1m5[132],0.528396740491,SI,,
P7,STEP,p7_wc_g1m5[133],0.528396220531,SI,,
P7,STEP,p7_wc_g1m5[134],0.528391450244,SI,,
P7,STEP,p7_wc_g1m5[135],0.528391507946,SI,,
P7,STEP,p7_wc_g1m5[136],0.528397759555,SI,,
P7,STEP,p7_wc_g1m5[137],0.528394764342,SI,,
P7,STEP,p7_wc_g1m5[138],0.528389725728,SI,,
P7,STEP,p7_wc_g1m5[139],0.528394702795,SI,,
P7,STEP,p7_wc_g1m5[140],0.528397208509,SI,,
P7,STEP,p7_wc_g1m5[141],0.52839305009,SI,,
P7,STEP,p7_wc_g1m5[142],0.52838978888,SI,,
P7,STEP,p7_wc_g1m5[143],0.528397125874,SI,,
P7,STEP,p7_wc_g1m5[144],0.52839590614,SI,,
P7,STEP,p7_wc_g1m5[145],0.528391019707,SI,,
P7,STEP,p7_wc_g1m5[146],0.528392148764,SI,,
P7,STEP,p7_wc_g1m5[147],0.528397768618,SI,,
P7,STEP,p7_wc_g1m5[148],0.528394398951,SI,,
P7,STEP,p7_wc_g1m5[149],0.528389562839,SI,,
P7,STEP,p7_wc_g1m5[150],0.528395339113,SI,,
P7,STEP,p7_wc_g1m5[151],0.52839697016,SI,,
P7,STEP,p7_wc_g1m5[152],0.528392618065,SI,,
P7,STEP,p7_wc_g1m5[153],0.528390128837,SI,,
P7,STEP,p7_wc_g1m5[154],0.528397431288,SI,,
P7,STEP,p7_wc_g1m5[155],0.528395575316,SI,,
P7,STEP,p7_wc_g1m5[156],0.528390622385,SI,,
P7,STEP,p7_wc_g1m5[157],0.528392825764,SI,,
P7,STEP,p7_wc_g1m5[158],0.528397709038,SI,,
P7,STEP,p7_wc_g1m5[159],0.528394021098,SI,,
P7,STEP,p7_wc_g1m5[160],0.528389496675,SI,,
P7,STEP,p7_wc_g1m5[161],0.528395925581,SI,,
P7,STEP,p7_wc_g1m5[162],0.528396696639,SI,,
P7,STEP,p7_wc_g1m5[163],0.528392182503,SI,,
P7,STEP,p7_wc_g1m5[164],0.528390566115,SI,,
P7,STEP,p7_wc_g1m5[165],0.528397654811,SI,,
P7,STEP,p7_wc_g1m5[166],0.528395231181,SI,,
P7,STEP,p7_wc_g1m5[167],0.528390271612,SI,,
P7,STEP,p7_wc_g1m5[168],0.528393519402,SI,,
P7,STEP,p7_wc_g1m5[169],0.528397586507,SI,,
P7,STEP,p7_wc_g1m5[170],0.528393631894,SI,,
P7,STEP,p7_wc_g1m5[171],0.528389534313,SI,,
P7,STEP,p7_wc_g1m5[172],0.528396450221,SI,,
P7,STEP,p7_wc_g1m5[173],0.528396394191,SI,,
P7,STEP,p7_wc_g1m5[174],0.528391750547,SI,,
P7,STEP,p7_wc_g1m5[175],0.528391088608,SI,,
P7,STEP,p7_wc_g1m5[176],0.528397796608,SI,,
P7,STEP,p7_wc_g1m5[177],0.528394876204,SI,,
P7,STEP,p7_wc_g1m5[178],0.528389980895,SI,,
P7,STEP,p7_wc_g1m5[179],0.528394210448,SI,,
P7,STEP,p7_wc_g1m5[180],0.528397407435,SI,,
P7,STEP,p7_wc_g1m5[181],0.528393232946,SI,,
P7,STEP,p7_wc_g1m5[182],0.528389679269,SI,,
P7,STEP,p7_wc_g1m5[183],0.528396903616,SI,,
P7,STEP,p7_wc_g1m5[184],0.528396068663,SI,,
P7,STEP,p7_wc_g1m5[185],0.528391331002,SI,,
P7,STEP,p7_wc_g1m5[186],0.528391681183,SI,,
P7,STEP,p7_wc_g1m5[187],0.528397858683,SI,,
P7,STEP,p7_wc_g1m5[188],0.528394512269,SI,,
P7,STEP,p7_wc_g1m5[189],0.528389763182,SI,,
P7,STEP,p7_wc_g1m5[190],0.528394880733,SI,,
P7,STEP,p7_wc_g1m5[191],0.52839717872,SI,,
P7,STEP,p7_wc_g1m5[192],0.528392826667,SI,,
P7,STEP,p7_wc_g1m5[193],0.528389931121,SI,,
P7,STEP,p7_wc_g1m5[194],0.52839727893,SI,,
P7,STEP,p7_wc_g1m5[195],0.528395725371,SI,,
P7,STEP,p7_wc_g1m5[196],0.528390934209,SI,,
P7,STEP,p7_wc_g1m5[197],0.528392326443,SI,,
P7,STEP,p7_wc_g1m5[198],0.52839784462,SI,,
P7,STEP,p7_wc_g1m5[199],0.528394140815,SI,,
P7,STEP,p7_wc_g1m5[200],0.528389630062,SI,,
P7,STEP,p7_wc_gdc[1],0.499869047698,SI,,
P7,STEP,p7_wc_gdc[2],0.499868679936,SI,,
P7,STEP,p7_wc_gdc[3],0.499868930917,SI,,
P7,STEP,p7_wc_gdc[4],0.499868820157,SI,,
P7,STEP,p7_wc_gdc[5],0.49986878035,SI,,
P7,STEP,p7_wc_gdc[6],0.499868967007,SI,,
P7,STEP,p7_wc_gdc[7],0.499868650935,SI,,
P7,STEP,p7_wc_gdc[8],0.499869066901,SI,,
P7,STEP,p7_wc_gdc[9],0.499868589892,SI,,
P7,STEP,p7_wc_gdc[10],0.499869083391,SI,,
P7,STEP,p7_wc_gdc[11],0.499868619494,SI,,
P7,STEP,p7_wc_gdc[12],0.49986901046,SI,,
P7,STEP,p7_wc_gdc[13],0.499868728941,SI,,
P7,STEP,p7_wc_gdc[14],0.499868874719,SI,,
P7,STEP,p7_wc_gdc[15],0.499868878298,SI,,
P7,STEP,p7_wc_gdc[16],0.499868725697,SI,,
P7,STEP,p7_wc_gdc[17],0.499869013067,SI,,
P7,STEP,p7_wc_gdc[18],0.499868617768,SI,,
P7,STEP,p7_wc_gdc[19],0.499869084076,SI,,
P7,STEP,p7_wc_gdc[20],0.499868590313,SI,,
P7,STEP,p7_wc_gdc[21],0.499869065413,SI,,
P7,STEP,p7_wc_gdc[22],0.49986865335,SI,,
P7,STEP,p7_wc_gdc[23],0.499868963889,SI,,
P7,STEP,p7_wc_gdc[24],0.499868783878,SI,,
P7,STEP,p7_wc_gdc[25],0.499868816548,SI,,
P7,STEP,p7_wc_gdc[26],0.499868934271,SI,,
P7,STEP,p7_wc_gdc[27],0.499868677151,SI,,
P7,STEP,p7_wc_gdc[28],0.499869049653,SI,,
P7,STEP,p7_wc_gdc[29],0.499868596561,SI,,
P7,STEP,p7_wc_gdc[30],0.499869087924,SI,,
P7,STEP,p7_wc_gdc[31],0.499868604183,SI,,
P7,STEP,p7_wc_gdc[32],0.499869035121,SI,,
P7,STEP,p7_wc_gdc[33],0.499868697236,SI,,
P7,STEP,p7_wc_gdc[34],0.49986891051,SI,,
P7,STEP,p7_wc_gdc[35],0.499868841767,SI,,
P7,STEP,p7_wc_gdc[36],0.499868759557,SI,,
P7,STEP,p7_wc_gdc[37],0.499868985041,SI,,
P7,STEP,p7_wc_gdc[38],0.499868637344,SI,,
P7,STEP,p7_wc_gdc[39],0.499869074779,SI,,
P7,STEP,p7_wc_gdc[40],0.499868588462,SI,,
P7,STEP,p7_wc_gdc[41],0.499869078239,SI,,
P7,STEP,p7_wc_gdc[42],0.499868630748,SI,,
P7,STEP,p7_wc_gdc[43],0.499868994158,SI,,
P7,STEP,p7_wc_gdc[44],0.499868748771,SI,,
P7,STEP,p7_wc_gdc[45],0.499868853215,SI,,
P7,STEP,p7_wc_gdc[46],0.499868899469,SI,,
P7,STEP,p7_wc_gdc[47],0.499868706837,SI,,
P7,STEP,p7_wc_gdc[48],0.499869027855,SI,,
P7,STEP,p7_wc_gdc[49],0.499868608434,SI,,
P7,STEP,p7_wc_gdc[50],0.499869087084,SI,,
P7,STEP,p7_wc_gdc[51],0.499868593911,SI,,
P7,STEP,p7_wc_gdc[52],0.499869055545,SI,,
P7,STEP,p7_wc_gdc[53],0.499868668567,SI,,
P7,STEP,p7_wc_gdc[54],0.499868944745,SI,,
P7,STEP,p7_wc_gdc[55],0.499868805162,SI,,
P7,STEP,p7_wc_gdc[56],0.499868795113,SI,,
P7,STEP,p7_wc_gdc[57],0.499868953855,SI,,
P7,STEP,p7_wc_gdc[58],0.499868661246,SI,,
P7,STEP,p7_wc_gdc[59],0.499869060392,SI,,
P7,STEP,p7_wc_gdc[60],0.49986859199,SI,,
P7,STEP,p7_wc_gdc[61],0.4998690859,SI,,
P7,STEP,p7_wc_gdc[62],0.499868612613,SI,,
P7,STEP,p7_wc_gdc[63],0.499869021072,SI,,
P7,STEP,p7_wc_gdc[64],0.499868715592,SI,,
P7,STEP,p7_wc_gdc[65],0.499868889562,SI,,
P7,STEP,p7_wc_gdc[66],0.499868863351,SI,,
P7,STEP,p7_wc_gdc[67],0.499868739354,SI,,
P7,STEP,p7_wc_gdc[68],0.499869001976,SI,,
P7,STEP,p7_wc_gdc[69],0.499868625257,SI,,
P7,STEP,p7_wc_gdc[70],0.499869080888,SI,,
P7,STEP,p7_wc_gdc[71],0.499868588902,SI,,
P7,STEP,p7_wc_gdc[72],0.499869071292,SI,,
P7,STEP,p7_wc_gdc[73],0.499868643553,SI,,
P7,STEP,p7_wc_gdc[74],0.49986897669,SI,,
P7,STEP,p7_wc_gdc[75],0.49986876927,SI,,
P7,STEP,p7_wc_gdc[76],0.499868831599,SI,,
P7,STEP,p7_wc_gdc[77],0.499868920182,SI,,
P7,STEP,p7_wc_gdc[78],0.499868688961,SI,,
P7,STEP,p7_wc_gdc[79],0.499869041224,SI,,
P7,STEP,p7_wc_gdc[80],0.499868600821,SI,,
P7,STEP,p7_wc_gdc[81],0.499869088231,SI,,
P7,STEP,p7_wc_gdc[82],0.499868599338,SI,,
P7,STEP,p7_wc_gdc[83],0.499869044051,SI,,
P7,STEP,p7_wc_gdc[84],0.499868685054,SI,,
P7,STEP,p7_wc_gdc[85],0.499868924804,SI,,
P7,STEP,p7_wc_gdc[86],0.499868826693,SI,,
P7,STEP,p7_wc_gdc[87],0.499868774001,SI,,
P7,STEP,p7_wc_gdc[88],0.499868972575,SI,,
P7,STEP,p7_wc_gdc[89],0.499868646667,SI,,
P7,STEP,p7_wc_gdc[90],0.49986906947,SI,,
P7,STEP,p7_wc_gdc[91],0.499868589262,SI,,
P7,STEP,p7_wc_gdc[92],0.499869082023,SI,,
P7,STEP,p7_wc_gdc[93],0.499868622733,SI,,
P7,STEP,p7_wc_gdc[94],0.499869005655,SI,,
P7,STEP,p7_wc_gdc[95],0.499868734866,SI,,
P7,STEP,p7_wc_gdc[96],0.49986886823,SI,,
P7,STEP,p7_wc_gdc[97],0.499868884747,SI,,
P7,STEP,p7_wc_gdc[98],0.499868719891,SI,,
P7,STEP,p7_wc_gdc[99],0.499869017688,SI,,
P7,STEP,p7_wc_gdc[100],0.499868614764,SI,,
P7,STEP,p7_wc_gdc[101],0.499869085182,SI,,
P7,STEP,p7_wc_gdc[102],0.499868591208,SI,,
P7,STEP,p7_wc_gdc[103],0.499869062601,SI,,
P7,STEP,p7_wc_gdc[104],0.499868657817,SI,,
P7,STEP,p7_wc_gdc[105],0.499868958186,SI,,
P7,STEP,p7_wc_gdc[106],0.499868790286,SI,,
P7,STEP,p7_wc_gdc[107],0.499868810034,SI,,
P7,STEP,p7_wc_gdc[108],0.499868940283,SI,,
P7,STEP,p7_wc_gdc[109],0.499868672203,SI,,
P7,STEP,p7_wc_gdc[110],0.499869053075,SI,,
P7,STEP,p7_wc_gdc[111],0.499868594984,SI,,
P7,STEP,p7_wc_gdc[112],0.499869087508,SI,,
P7,STEP,p7_wc_gdc[113],0.499868606553,SI,,
P7,STEP,p7_wc_gdc[114],0.499869031018,SI,,
P7,STEP,p7_wc_gdc[115],0.499868702688,SI,,
P7,STEP,p7_wc_gdc[116],0.499868904217,SI,,
P7,STEP,p7_wc_gdc[117],0.499868848312,SI,,
P7,STEP,p7_wc_gdc[118],0.499868753371,SI,,
P7,STEP,p7_wc_gdc[119],0.49986899029,SI,,
P7,STEP,p7_wc_gdc[120],0.499868633521,SI,,
P7,STEP,p7_wc_gdc[121],0.499869076818,SI,,
P7,STEP,p7_wc_gdc[122],0.499868588397,SI,,
P7,STEP,p7_wc_gdc[123],0.499869076323,SI,,
P7,STEP,p7_wc_gdc[124],0.499868634465,SI,,
P7,STEP,p7_wc_gdc[125],0.499868988986,SI,,
P7,STEP,p7_wc_gdc[126],0.499868754914,SI,,
P7,STEP,p7_wc_gdc[127],0.499868846674,SI,,
P7,STEP,p7_wc_gdc[128],0.499868905796,SI,,
P7,STEP,p7_wc_gdc[129],0.499868701315,SI,,
P7,STEP,p7_wc_gdc[130],0.499869032058,SI,,
P7,STEP,p7_wc_gdc[131],0.499868605945,SI,,
P7,STEP,p7_wc_gdc[132],0.499869087629,SI,,
P7,STEP,p7_wc_gdc[133],0.499868595363,SI,,
P7,STEP,p7_wc_gdc[134],0.499869052233,SI,,
P7,STEP,p7_wc_gdc[135],0.49986867343,SI,,
P7,STEP,p7_wc_gdc[136],0.499868938785,SI,,
P7,STEP,p7_wc_gdc[137],0.499868811662,SI,,
P7,STEP,p7_wc_gdc[138],0.499868788679,SI,,
P7,STEP,p7_wc_gdc[139],0.499868959621,SI,,
P7,STEP,p7_wc_gdc[140],0.499868656687,SI,,
P7,STEP,p7_wc_gdc[141],0.49986906332,SI,,
P7,STEP,p7_wc_gdc[142],0.499868590968,SI,,
P7,STEP,p7_wc_gdc[143],0.499869084921,SI,,
P7,STEP,p7_wc_gdc[144],0.499868615502,SI,,
P7,STEP,p7_wc_gdc[145],0.499869016543,SI,,
P7,STEP,p7_wc_gdc[146],0.499868721337,SI,,
P7,STEP,p7_wc_gdc[147],0.499868883136,SI,,
P7,STEP,p7_wc_gdc[148],0.499868869856,SI,,
P7,STEP,p7_wc_gdc[149],0.499868733376,SI,,
P7,STEP,p7_wc_gdc[150],0.499869006868,SI,,
P7,STEP,p7_wc_gdc[151],0.499868621908,SI,,
P7,STEP,p7_wc_gdc[152],0.499869082381,SI,,
P7,STEP,p7_wc_gdc[153],0.499868589403,SI,,
P7,STEP,p7_wc_gdc[154],0.499869068842,SI,,
P7,STEP,p7_wc_gdc[155],0.499868647722,SI,,
P7,STEP,p7_wc_gdc[156],0.49986897119,SI,,
P7,STEP,p7_wc_gdc[157],0.499868775586,SI,,
P7,STEP,p7_wc_gdc[158],0.499868825057,SI,,
P7,STEP,p7_wc_gdc[159],0.49986892634,SI,,
P7,STEP,p7_wc_gdc[160],0.499868683763,SI,,
P7,STEP,p7_wc_gdc[161],0.499869044977,SI,,
P7,STEP,p7_wc_gdc[162],0.499868598863,SI,,
P7,STEP,p7_wc_gdc[163],0.49986908821,SI,,
P7,STEP,p7_wc_gdc[164],0.499868601336,SI,,
P7,STEP,p7_wc_gdc[165],0.499869040263,SI,,
P7,STEP,p7_wc_gdc[166],0.499868690278,SI,,
P7,STEP,p7_wc_gdc[167],0.499868918632,SI,,
P7,STEP,p7_wc_gdc[168],0.499868833237,SI,,
P7,STEP,p7_wc_gdc[169],0.499868767697,SI,,
P7,STEP,p7_wc_gdc[170],0.499868978051,SI,,
P7,STEP,p7_wc_gdc[171],0.499868642531,SI,,
P7,STEP,p7_wc_gdc[172],0.49986907188,SI,,
P7,STEP,p7_wc_gdc[173],0.499868588803,SI,,
P7,STEP,p7_wc_gdc[174],0.499869080488,SI,,
P7,STEP,p7_wc_gdc[175],0.499868626118,SI,,
P7,STEP,p7_wc_gdc[176],0.499869000735,SI,,
P7,STEP,p7_wc_gdc[177],0.49986874086,SI,,
P7,STEP,p7_wc_gdc[178],0.49986886172,SI,,
P7,STEP,p7_wc_gdc[179],0.499868891164,SI,,
P7,STEP,p7_wc_gdc[180],0.499868714167,SI,,
P7,STEP,p7_wc_gdc[181],0.499869022186,SI,,
P7,STEP,p7_wc_gdc[182],0.499868611914,SI,,
P7,STEP,p7_wc_gdc[183],0.499869086119,SI,,
P7,STEP,p7_wc_gdc[184],0.499868592272,SI,,
P7,STEP,p7_wc_gdc[185],0.499869059636,SI,,
P7,STEP,p7_wc_gdc[186],0.499868662407,SI,,
P7,STEP,p7_wc_gdc[187],0.4998689524,SI,,
P7,STEP,p7_wc_gdc[188],0.499868796728,SI,,
P7,STEP,p7_wc_gdc[189],0.499868803538,SI,,
P7,STEP,p7_wc_gdc[190],0.499868946225,SI,,
P7,STEP,p7_wc_gdc[191],0.499868667368,SI,,
P7,STEP,p7_wc_gdc[192],0.49986905635,SI,,
P7,STEP,p7_wc_gdc[193],0.499868593574,SI,,
P7,STEP,p7_wc_gdc[194],0.499869086921,SI,,
P7,STEP,p7_wc_gdc[195],0.499868609082,SI,,
P7,STEP,p7_wc_gdc[196],0.499869026783,SI,,
P7,STEP,p7_wc_gdc[197],0.499868708233,SI,,
P7,STEP,p7_wc_gdc[198],0.499868897879,SI,,
P7,STEP,p7_wc_gdc[199],0.499868854851,SI,,
P7,STEP,p7_wc_gdc[200],0.499868747243,SI,,
P7,STEP,p7_wc_peak[1],0.722622749186,SI,,
P7,STEP,p7_wc_peak[2],0.722607171297,SI,,
P7,STEP,p7_wc_peak[3],0.722394534807,SI,,
P7,STEP,p7_wc_peak[4],0.722454904428,SI,,
P7,STEP,p7_wc_peak[5],0.722654135335,SI,,
P7,STEP,p7_wc_peak[6],0.722543419125,SI,,
P7,STEP,p7_wc_peak[7],0.722347078305,SI,,
P7,STEP,p7_wc_peak[8],0.722562259532,SI,,
P7,STEP,p7_wc_peak[9],0.722640307955,SI,,
P7,STEP,p7_wc_peak[10],0.722460793167,SI,,
P7,STEP,p7_wc_peak[11],0.722379841065,SI,,
P7,STEP,p7_wc_peak[12],0.722634344744,SI,,
P7,STEP,p7_wc_peak[13],0.722594736907,SI,,
P7,STEP,p7_wc_peak[14],0.722379687865,SI,,
P7,STEP,p7_wc_peak[15],0.722478524116,SI,,
P7,STEP,p7_wc_peak[16],0.722654912529,SI,,
P7,STEP,p7_wc_peak[17],0.722526341368,SI,,
P7,STEP,p7_wc_peak[18],0.722347053584,SI,,
P7,STEP,p7_wc_peak[19],0.722582032751,SI,,
P7,STEP,p7_wc_peak[20],0.722632589361,SI,,
P7,STEP,p7_wc_peak[21],0.722441957276,SI,,
P7,STEP,p7_wc_peak[22],0.722397109789,SI,,
P7,STEP,p7_wc_peak[23],0.722643548435,SI,,
P7,STEP,p7_wc_peak[24],0.722581116457,SI,,
P7,STEP,p7_wc_peak[25],0.7223672396,SI,,
P7,STEP,p7_wc_peak[26],0.722502360714,SI,,
P7,STEP,p7_wc_peak[27],0.722653535842,SI,,
P7,STEP,p7_wc_peak[28],0.722508597149,SI,,
P7,STEP,p7_wc_peak[29],0.722350958013,SI,,
P7,STEP,p7_wc_peak[30],0.72259989972,SI,,
P7,STEP,p7_wc_peak[31],0.722623287102,SI,,
P7,STEP,p7_wc_peak[32],0.722423735628,SI,,
P7,STEP,p7_wc_peak[33],0.722416941036,SI,,
P7,STEP,p7_wc_peak[34],0.722650332821,SI,,
P7,STEP,p7_wc_peak[35],0.722566432766,SI,,
P7,STEP,p7_wc_peak[36],0.722357646916,SI,,
P7,STEP,p7_wc_peak[37],0.722525838748,SI,,
P7,STEP,p7_wc_peak[38],0.722650100681,SI,,
P7,STEP,p7_wc_peak[39],0.722490387598,SI,,
P7,STEP,p7_wc_peak[40],0.722358753653,SI,,
P7,STEP,p7_wc_peak[41],0.722615622045,SI,,
P7,STEP,p7_wc_peak[42],0.72261253244,SI,,
P7,STEP,p7_wc_peak[43],0.722406555037,SI,,
P7,STEP,p7_wc_peak[44],0.722438750436,SI,,
P7,STEP,p7_wc_peak[45],0.722654707093,SI,,
P7,STEP,p7_wc_peak[46],0.72255081464,SI,,
P7,STEP,p7_wc_peak[47],0.722351308408,SI,,
P7,STEP,p7_wc_peak[48],0.722548438394,SI,,
P7,STEP,p7_wc_peak[49],0.72264471954,SI,,
P7,STEP,p7_wc_peak[50],0.722471950648,SI,,
P7,STEP,p7_wc_peak[51],0.722370262824,SI,,
P7,STEP,p7_wc_peak[52],0.722629026034,SI,,
P7,STEP,p7_wc_peak[53],0.722600461293,SI,,
P7,STEP,p7_wc_peak[54],0.722390871646,SI,,
P7,STEP,p7_wc_peak[55],0.722461914862,SI,,
P7,STEP,p7_wc_peak[56],0.722656711959,SI,,
P7,STEP,p7_wc_peak[57],0.722534400083,SI,,
P7,STEP,p7_wc_peak[58],0.722348538343,SI,,
P7,STEP,p7_wc_peak[59],0.722569706656,SI,,
P7,STEP,p7_wc_peak[60],0.722637519844,SI,,
P7,STEP,p7_wc_peak[61],0.722453565726,SI,,
P7,STEP,p7_wc_peak[62],0.72238517547,SI,,
P7,STEP,p7_wc_peak[63],0.722639996078,SI,,
P7,STEP,p7_wc_peak[64],0.722587212332,SI,,
P7,STEP,p7_wc_peak[65],0.722377154774,SI,,
P7,STEP,p7_wc_peak[66],0.722485801818,SI,,
P7,STEP,p7_wc_peak[67],0.722656415567,SI,,
P7,STEP,p7_wc_peak[68],0.722517340887,SI,,
P7,STEP,p7_wc_peak[69],0.722349543712,SI,,
P7,STEP,p7_wc_peak[70],0.722589263037,SI,,
P7,STEP,p7_wc_peak[71],0.722628641635,SI,,
P7,STEP,p7_wc_peak[72],0.722435556057,SI,,
P7,STEP,p7_wc_peak[73],0.722403064959,SI,,
P7,STEP,p7_wc_peak[74],0.722648467616,SI,,
P7,STEP,p7_wc_peak[75],0.722572925698,SI,,
P7,STEP,p7_wc_peak[76],0.722365866229,SI,,
P7,STEP,p7_wc_peak[77],0.72250979612,SI,,
P7,STEP,p7_wc_peak[78],0.722653910306,SI,,
P7,STEP,p7_wc_peak[79],0.72249980832,SI,,
P7,STEP,p7_wc_peak[80],0.722354406723,SI,,
P7,STEP,p7_wc_peak[81],0.722606800494,SI,,
P7,STEP,p7_wc_peak[82],0.722618234985,SI,,
P7,STEP,p7_wc_peak[83],0.722418287498,SI,,
P7,STEP,p7_wc_peak[84],0.722423410762,SI,,
P7,STEP,p7_wc_peak[85],0.722654420416,SI,,
P7,STEP,p7_wc_peak[86],0.722557742728,SI,,
P7,STEP,p7_wc_peak[87],0.722357436226,SI,,
P7,STEP,p7_wc_peak[88],0.722533322148,SI,,
P7,STEP,p7_wc_peak[89],0.722649310214,SI,,
P7,STEP,p7_wc_peak[90],0.72248199938,SI,,
P7,STEP,p7_wc_peak[91],0.722363074657,SI,,
P7,STEP,p7_wc_peak[92],0.722622082742,SI,,
P7,STEP,p7_wc_peak[93],0.722606457146,SI,,
P7,STEP,p7_wc_peak[94],0.722402163072,SI,,
P7,STEP,p7_wc_peak[95],0.72244562581,SI,,
P7,STEP,p7_wc_peak[96],0.722657872646,SI,,
P7,STEP,p7_wc_peak[97],0.722541807005,SI,,
P7,STEP,p7_wc_peak[98],0.722352237676,SI,,
P7,STEP,p7_wc_peak[99],0.722555860646,SI,,
P7,STEP,p7_wc_peak[100],0.722642748666,SI,,
P7,STEP,p7_wc_peak[101],0.722464142846,SI,,
P7,STEP,p7_wc_peak[102],0.722375358301,SI,,
P7,STEP,p7_wc_peak[103],0.722634939088,SI,,
P7,STEP,p7_wc_peak[104],0.722593469583,SI,,
P7,STEP,p7_wc_peak[105],0.722387612619,SI,,
P7,STEP,p7_wc_peak[106],0.722469085962,SI,,
P7,STEP,p7_wc_peak[107],0.722658875986,SI,,
P7,STEP,p7_wc_peak[108],0.722525266919,SI,,
P7,STEP,p7_wc_peak[109],0.722350561047,SI,,
P7,STEP,p7_wc_peak[110],0.72257695976,SI,,
P7,STEP,p7_wc_peak[111],0.722634376019,SI,,
P7,STEP,p7_wc_peak[112],0.722446504153,SI,,
P7,STEP,p7_wc_peak[113],0.722390939297,SI,,
P7,STEP,p7_wc_peak[114],0.722645257922,SI,,
P7,STEP,p7_wc_peak[115],0.722579435212,SI,,
P7,STEP,p7_wc_peak[116],0.722375077514,SI,,
P7,STEP,p7_wc_peak[117],0.722493159032,SI,,
P7,STEP,p7_wc_peak[118],0.722657511741,SI,,
P7,STEP,p7_wc_peak[119],0.722508279756,SI,,
P7,STEP,p7_wc_peak[120],0.722352592175,SI,,
P7,STEP,p7_wc_peak[121],0.722596240625,SI,,
P7,STEP,p7_wc_peak[122],0.722624356952,SI,,
P7,STEP,p7_wc_peak[123],0.722429388032,SI,,
P7,STEP,p7_wc_peak[124],0.722409385725,SI,,
P7,STEP,p7_wc_peak[125],0.722652979855,SI,,
P7,STEP,p7_wc_peak[126],0.722564516202,SI,,
P7,STEP,p7_wc_peak[127],0.722364990921,SI,,
P7,STEP,p7_wc_peak[128],0.722517231122,SI,,
P7,STEP,p7_wc_peak[129],0.722653887813,SI,,
P7,STEP,p7_wc_peak[130],0.722491017056,SI,,
P7,STEP,p7_wc_peak[131],0.722358395344,SI,,
P7,STEP,p7_wc_peak[132],0.722613398276,SI,,
P7,STEP,p7_wc_peak[133],0.72261286736,SI,,
P7,STEP,p7_wc_peak[134],0.722413137865,SI,,
P7,STEP,p7_wc_peak[135],0.722430174456,SI,,
P7,STEP,p7_wc_peak[136],0.722658091206,SI,,
P7,STEP,p7_wc_peak[137],0.722548872805,SI,,
P7,STEP,p7_wc_peak[138],0.722357754737,SI,,
P7,STEP,p7_wc_peak[139],0.72254072857,SI,,
P7,STEP,p7_wc_peak[140],0.722648136197,SI,,
P7,STEP,p7_wc_peak[141],0.722473670715,SI,,
P7,STEP,p7_wc_peak[142],0.722367903524,SI,,
P7,STEP,p7_wc_peak[143],0.722628198974,SI,,
P7,STEP,p7_wc_peak[144],0.722600090815,SI,,
P7,STEP,p7_wc_peak[145],0.722398130879,SI,,
P7,STEP,p7_wc_peak[146],0.722452718071,SI,,
P7,STEP,p7_wc_peak[147],0.722660618344,SI,,
P7,STEP,p7_wc_peak[148],0.722532663569,SI,,
P7,STEP,p7_wc_peak[149],0.722353714896,SI,,
P7,STEP,p7_wc_peak[150],0.722563134505,SI,,
P7,STEP,p7_wc_peak[151],0.722640410653,SI,,
P7,STEP,p7_wc_peak[152],0.722456459077,SI,,
P7,STEP,p7_wc_peak[153],0.722380916961,SI,,
P7,STEP,p7_wc_peak[154],0.722640475123,SI,,
P7,STEP,p7_wc_peak[155],0.722586214778,SI,,
P7,STEP,p7_wc_peak[156],0.722384768616,SI,,
P7,STEP,p7_wc_peak[157],0.72247639385,SI,,
P7,STEP,p7_wc_peak[158],0.722660623061,SI,,
P7,STEP,p7_wc_peak[159],0.722516047198,SI,,
P7,STEP,p7_wc_peak[160],0.722353137173,SI,,
P7,STEP,p7_wc_peak[161],0.722583999693,SI,,
P7,STEP,p7_wc_peak[162],0.722630884179,SI,,
P7,STEP,p7_wc_peak[163],0.722439632042,SI,,
P7,STEP,p7_wc_peak[164],0.722397110438,SI,,
P7,STEP,p7_wc_peak[165],0.722650118916,SI,,
P7,STEP,p7_wc_peak[166],0.72257142688,SI,,
P7,STEP,p7_wc_peak[167],0.722373462588,SI,,
P7,STEP,p7_wc_peak[168],0.722500572322,SI,,
P7,STEP,p7_wc_peak[169],0.722658198974,SI,,
P7,STEP,p7_wc_peak[170],0.722499186091,SI,,
P7,STEP,p7_wc_peak[171],0.722356185813,SI,,
P7,STEP,p7_wc_peak[172],0.722602948009,SI,,
P7,STEP,p7_wc_peak[173],0.722619746012,SI,,
P7,STEP,p7_wc_peak[174],0.722423474107,SI,,
P7,STEP,p7_wc_peak[175],0.722416048597,SI,,
P7,STEP,p7_wc_peak[176],0.722657075683,SI,,
P7,STEP,p7_wc_peak[177],0.722555911747,SI,,
P7,STEP,p7_wc_peak[178],0.722364615593,SI,,
P7,STEP,p7_wc_peak[179],0.722524643135,SI,,
P7,STEP,p7_wc_peak[180],0.722653468715,SI,,
P7,STEP,p7_wc_peak[181],0.722482251354,SI,,
P7,STEP,p7_wc_peak[182],0.722362907241,SI,,
P7,STEP,p7_wc_peak[183],0.722619677311,SI,,
P7,STEP,p7_wc_peak[184],0.722607197981,SI,,
P7,STEP,p7_wc_peak[185],0.722408304308,SI,,
P7,STEP,p7_wc_peak[186],0.722437207844,SI,,
P7,STEP,p7_wc_peak[187],0.722661337665,SI,,
P7,STEP,p7_wc_peak[188],0.722539848838,SI,,
P7,STEP,p7_wc_peak[189],0.722358599733,SI,,
P7,STEP,p7_wc_peak[190],0.722548036625,SI,,
P7,STEP,p7_wc_peak[191],0.72264658158,SI,,
P7,STEP,p7_wc_peak[192],0.72246542876,SI,,
P7,STEP,p7_wc_peak[193],0.722373220683,SI,,
P7,STEP,p7_wc_peak[194],0.722633956793,SI,,
P7,STEP,p7_wc_peak[195],0.722593450245,SI,,
P7,STEP,p7_wc_peak[196],0.722394472153,SI,,
P7,STEP,p7_wc_peak[197],0.72246000273,SI,,
P7,STEP,p7_wc_peak[198],0.722662938664,SI,,
P7,STEP,p7_wc_peak[199],0.722523411762,SI,,
P7,STEP,p7_wc_peak[200],0.722355732829,SI,,
P7,STEP,p7_wc_step2us_proxy[1],44.5624113982,SI,,
P7,STEP,p7_wc_step2us_proxy[2],44.5594013595,SI,,
P7,STEP,p7_wc_step2us_proxy[3],44.5167903277,SI,,
P7,STEP,p7_wc_step2us_proxy[4],44.528899442,SI,,
P7,STEP,p7_wc_step2us_proxy[5],44.568767593,SI,,
P7,STEP,p7_wc_step2us_proxy[6],44.5465645629,SI,,
P7,STEP,p7_wc_step2us_proxy[7],44.5073774787,SI,,
P7,STEP,p7_wc_step2us_proxy[8],44.5503047449,SI,,
P7,STEP,p7_wc_step2us_proxy[9],44.566056473,SI,,
P7,STEP,p7_wc_step2us_proxy[10],44.5300013887,SI,,
P7,STEP,p7_wc_step2us_proxy[11],44.5139408422,SI,,
P7,STEP,p7_wc_step2us_proxy[12],44.5647418869,SI,,
P7,STEP,p7_wc_step2us_proxy[13],44.5568996558,SI,,
P7,STEP,p7_wc_step2us_proxy[14],44.5138364075,SI,,
P7,STEP,p7_wc_step2us_proxy[15],44.5336078088,SI,,
P7,STEP,p7_wc_step2us_proxy[16],44.568938879,SI,,
P7,STEP,p7_wc_step2us_proxy[17],44.5431347972,SI,,
P7,STEP,p7_wc_step2us_proxy[18],44.5073821217,SI,,
P7,STEP,p7_wc_step2us_proxy[19],44.554255458,SI,,
P7,STEP,p7_wc_step2us_proxy[20],44.5645122268,SI,,
P7,STEP,p7_wc_step2us_proxy[21],44.526238422,SI,,
P7,STEP,p7_wc_step2us_proxy[22],44.5173857065,SI,,
P7,STEP,p7_wc_step2us_proxy[23],44.566596576,SI,,
P7,STEP,p7_wc_step2us_proxy[24],44.5541589635,SI,,
P7,STEP,p7_wc_step2us_proxy[25],44.5113629186,SI,,
P7,STEP,p7_wc_step2us_proxy[26],44.538360194,SI,,
P7,STEP,p7_wc_step2us_proxy[27],44.5686775098,SI,,
P7,STEP,p7_wc_step2us_proxy[28],44.539574445,SI,,
P7,STEP,p7_wc_step2us_proxy[29],44.5081693433,SI,,
P7,STEP,p7_wc_step2us_proxy[30],44.5578286748,SI,,
P7,STEP,p7_wc_step2us_proxy[31],44.5626472748,SI,,
P7,STEP,p7_wc_step2us_proxy[32],44.5226018958,SI,,
P7,STEP,p7_wc_step2us_proxy[33],44.5213403104,SI,,
P7,STEP,p7_wc_step2us_proxy[34],44.5679692472,SI,,
P7,STEP,p7_wc_step2us_proxy[35],44.5512047144,SI,,
P7,STEP,p7_wc_step2us_proxy[36],44.5094603542,SI,,
P7,STEP,p7_wc_step2us_proxy[37],44.5430423514,SI,,
P7,STEP,p7_wc_step2us_proxy[38],44.5680018096,SI,,
P7,STEP,p7_wc_step2us_proxy[39],44.5359243152,SI,,
P7,STEP,p7_wc_step2us_proxy[40],44.5097312225,SI,,
P7,STEP,p7_wc_step2us_proxy[41],44.5609767643,SI,,
P7,STEP,p7_wc_step2us_proxy[42],44.5604880947,SI,,
P7,STEP,p7_wc_step2us_proxy[43],44.5191767203,SI,,
P7,STEP,p7_wc_step2us_proxy[44],44.5256884358,SI,,
P7,STEP,p7_wc_step2us_proxy[45],44.5688609014,SI,,
P7,STEP,p7_wc_step2us_proxy[46],44.5480635837,SI,,
P7,STEP,p7_wc_step2us_proxy[47],44.5082075606,SI,,
P7,STEP,p7_wc_step2us_proxy[48],44.5475510845,SI,,
P7,STEP,p7_wc_step2us_proxy[49],44.5669336596,SI,,
P7,STEP,p7_wc_step2us_proxy[50],44.5322324014,SI,,
P7,STEP,p7_wc_step2us_proxy[51],44.5120320867,SI,,
P7,STEP,p7_wc_step2us_proxy[52],44.5636648278,SI,,
P7,STEP,p7_wc_step2us_proxy[53],44.5580622936,SI,,
P7,STEP,p7_wc_step2us_proxy[54],44.5160535054,SI,,
P7,STEP,p7_wc_step2us_proxy[55],44.5303062329,SI,,
P7,STEP,p7_wc_step2us_proxy[56],44.5692787836,SI,,
P7,STEP,p7_wc_step2us_proxy[57],44.5447640849,SI,,
P7,STEP,p7_wc_step2us_proxy[58],44.507666582,SI,,
P7,STEP,p7_wc_step2us_proxy[59],44.5517964424,SI,,
P7,STEP,p7_wc_step2us_proxy[60],44.5654980977,SI,,
P7,STEP,p7_wc_step2us_proxy[61],44.5285547963,SI,,
P7,STEP,p7_wc_step2us_proxy[62],44.515009993,SI,,
P7,STEP,p7_wc_step2us_proxy[63],44.5658693808,SI,,
P7,STEP,p7_wc_step2us_proxy[64],44.5553982064,SI,,
P7,STEP,p7_wc_step2us_proxy[65],44.5133253661,SI,,
P7,STEP,p7_wc_step2us_proxy[66],44.5350680527,SI,,
P7,STEP,p7_wc_step2us_proxy[67],44.5692356161,SI,,
P7,STEP,p7_wc_step2us_proxy[68],44.5413374362,SI,,
P7,STEP,p7_wc_step2us_proxy[69],44.5078781129,SI,,
P7,STEP,p7_wc_step2us_proxy[70],44.5557028161,SI,,
P7,STEP,p7_wc_step2us_proxy[71],44.5637228824,SI,,
P7,STEP,p7_wc_step2us_proxy[72],44.5249561429,SI,,
P7,STEP,p7_wc_step2us_proxy[73],44.518579886,SI,,
P7,STEP,p7_wc_step2us_proxy[74],44.5675769684,SI,,
P7,STEP,p7_wc_step2us_proxy[75],44.552524606,SI,,
P7,STEP,p7_wc_step2us_proxy[76],44.5110838216,SI,,
P7,STEP,p7_wc_step2us_proxy[77],44.5398517392,SI,,
P7,STEP,p7_wc_step2us_proxy[78],44.5687490064,SI,,
P7,STEP,p7_wc_step2us_proxy[79],44.5378186556,SI,,
P7,STEP,p7_wc_step2us_proxy[80],44.5088580355,SI,,
P7,STEP,p7_wc_step2us_proxy[81],44.5592091026,SI,,
P7,STEP,p7_wc_step2us_proxy[82],44.5616379869,SI,,
P7,STEP,p7_wc_step2us_proxy[83],44.5215094022,SI,,
P7,STEP,p7_wc_step2us_proxy[84],44.5226381172,SI,,
P7,STEP,p7_wc_step2us_proxy[85],44.568782846,SI,,
P7,STEP,p7_wc_step2us_proxy[86],44.5494706097,SI,,
P7,STEP,p7_wc_step2us_proxy[87],44.5094140296,SI,,
P7,STEP,p7_wc_step2us_proxy[88],44.5445430281,SI,,
P7,STEP,p7_wc_step2us_proxy[89],44.5678409782,SI,,
P7,STEP,p7_wc_step2us_proxy[90],44.5342477673,SI,,
P7,STEP,p7_wc_step2us_proxy[91],44.5105954194,SI,,
P7,STEP,p7_wc_step2us_proxy[92],44.5622681479,SI,,
P7,STEP,p7_wc_step2us_proxy[93],44.5592750342,SI,,
P7,STEP,p7_wc_step2us_proxy[94],44.5182947732,SI,,
P7,STEP,p7_wc_step2us_proxy[95],44.5270678919,SI,,
P7,STEP,p7_wc_step2us_proxy[96],44.5694898356,SI,,
P7,STEP,p7_wc_step2us_proxy[97],44.5462658412,SI,,
P7,STEP,p7_wc_step2us_proxy[98],44.5083896893,SI,,
P7,STEP,p7_wc_step2us_proxy[99],44.5490388637,SI,,
P7,STEP,p7_wc_step2us_proxy[100],44.5665375504,SI,,
P7,STEP,p7_wc_step2us_proxy[101],44.530670982,SI,,
P7,STEP,p7_wc_step2us_proxy[102],44.5130522317,SI,,
P7,STEP,p7_wc_step2us_proxy[103],44.5648457073,SI,,
P7,STEP,p7_wc_step2us_proxy[104],44.5566666931,SI,,
P7,STEP,p7_wc_step2us_proxy[105],44.5153976435,SI,,
P7,STEP,p7_wc_step2us_proxy[106],44.5317451303,SI,,
P7,STEP,p7_wc_step2us_proxy[107],44.5697073873,SI,,
P7,STEP,p7_wc_step2us_proxy[108],44.5429408976,SI,,
P7,STEP,p7_wc_step2us_proxy[109],44.5080680623,SI,,
P7,STEP,p7_wc_step2us_proxy[110],44.5532495588,SI,,
P7,STEP,p7_wc_step2us_proxy[111],44.5648683015,SI,,
P7,STEP,p7_wc_step2us_proxy[112],44.5271416471,SI,,
P7,STEP,p7_wc_step2us_proxy[113],44.5161648135,SI,,
P7,STEP,p7_wc_step2us_proxy[114],44.5669191488,SI,,
P7,STEP,p7_wc_step2us_proxy[115],44.5538461054,SI,,
P7,STEP,p7_wc_step2us_proxy[116],44.5129055681,SI,,
P7,STEP,p7_wc_step2us_proxy[117],44.5365442299,SI,,
P7,STEP,p7_wc_step2us_proxy[118],44.5694508545,SI,,
P7,STEP,p7_wc_step2us_proxy[119],44.5395281147,SI,,
P7,STEP,p7_wc_step2us_proxy[120],44.5084855768,SI,,
P7,STEP,p7_wc_step2us_proxy[121],44.5570998761,SI,,
P7,STEP,p7_wc_step2us_proxy[122],44.5628658659,SI,,
P7,STEP,p7_wc_step2us_proxy[123],44.5237207603,SI,,
P7,STEP,p7_wc_step2us_proxy[124],44.5198469991,SI,,
P7,STEP,p7_wc_step2us_proxy[125],44.5684760964,SI,,
P7,STEP,p7_wc_step2us_proxy[126],44.5508464172,SI,,
P7,STEP,p7_wc_step2us_proxy[127],44.5109043554,SI,,
P7,STEP,p7_wc_step2us_proxy[128],44.5413432893,SI,,
P7,STEP,p7_wc_step2us_proxy[129],44.5687409341,SI,,
P7,STEP,p7_wc_step2us_proxy[130],44.5360625929,SI,,
P7,STEP,p7_wc_step2us_proxy[131],44.5096544877,SI,,
P7,STEP,p7_wc_step2us_proxy[132],44.5605291785,SI,,
P7,STEP,p7_wc_step2us_proxy[133],44.5605653291,SI,,
P7,STEP,p7_wc_step2us_proxy[134],44.5204768408,SI,,
P7,STEP,p7_wc_step2us_proxy[135],44.5239945722,SI,,
P7,STEP,p7_wc_step2us_proxy[136],44.5695131535,SI,,
P7,STEP,p7_wc_step2us_proxy[137],44.5477005061,SI,,
P7,STEP,p7_wc_step2us_proxy[138],44.5094735053,SI,,
P7,STEP,p7_wc_step2us_proxy[139],44.5460284466,SI,,
P7,STEP,p7_wc_step2us_proxy[140],44.5676032152,SI,,
P7,STEP,p7_wc_step2us_proxy[141],44.5325833762,SI,,
P7,STEP,p7_wc_step2us_proxy[142],44.5115609536,SI,,
P7,STEP,p7_wc_step2us_proxy[143],44.5634908763,SI,,
P7,STEP,p7_wc_step2us_proxy[144],44.5580035245,SI,,
P7,STEP,p7_wc_step2us_proxy[145],44.5174849751,SI,,
P7,STEP,p7_wc_step2us_proxy[146],44.5284906285,SI,,
P7,STEP,p7_wc_step2us_proxy[147],44.5700348081,SI,,
P7,STEP,p7_wc_step2us_proxy[148],44.5444409806,SI,,
P7,STEP,p7_wc_step2us_proxy[149],44.5086813126,SI,,
P7,STEP,p7_wc_step2us_proxy[150],44.5504971455,SI,,
P7,STEP,p7_wc_step2us_proxy[151],44.5660677589,SI,,
P7,STEP,p7_wc_step2us_proxy[152],44.5291346357,SI,,
P7,STEP,p7_wc_step2us_proxy[153],44.5141647775,SI,,
P7,STEP,p7_wc_step2us_proxy[154],44.5659513994,SI,,
P7,STEP,p7_wc_step2us_proxy[155],44.5552182701,SI,,
P7,STEP,p7_wc_step2us_proxy[156],44.5148249339,SI,,
P7,STEP,p7_wc_step2us_proxy[157],44.5332113421,SI,,
P7,STEP,p7_wc_step2us_proxy[158],44.5700525492,SI,,
P7,STEP,p7_wc_step2us_proxy[159],44.5411005017,SI,,
P7,STEP,p7_wc_step2us_proxy[160],44.5085800805,SI,,
P7,STEP,p7_wc_step2us_proxy[161],44.5546602562,SI,,
P7,STEP,p7_wc_step2us_proxy[162],44.5641686281,SI,,
P7,STEP,p7_wc_step2us_proxy[163],44.5257666624,SI,,
P7,STEP,p7_wc_step2us_proxy[164],44.5174008747,SI,,
P7,STEP,p7_wc_step2us_proxy[165],44.5678889285,SI,,
P7,STEP,p7_wc_step2us_proxy[166],44.5522476068,SI,,
P7,STEP,p7_wc_step2us_proxy[167],44.5125783307,SI,,
P7,STEP,p7_wc_step2us_proxy[168],44.5380316358,SI,,
P7,STEP,p7_wc_step2us_proxy[169],44.5695841937,SI,,
P7,STEP,p7_wc_step2us_proxy[170],44.537712444,SI,,
P7,STEP,p7_wc_step2us_proxy[171],44.5092018888,SI,,
P7,STEP,p7_wc_step2us_proxy[172],44.5584431325,SI,,
P7,STEP,p7_wc_step2us_proxy[173],44.5619433185,SI,,
P7,STEP,p7_wc_step2us_proxy[174],44.5225364613,SI,,
P7,STEP,p7_wc_step2us_proxy[175],44.5211823368,SI,,
P7,STEP,p7_wc_step2us_proxy[176],44.5692920786,SI,,
P7,STEP,p7_wc_step2us_proxy[177],44.549129138,SI,,
P7,STEP,p7_wc_step2us_proxy[178],44.5108249205,SI,,
P7,STEP,p7_wc_step2us_proxy[179],44.5428303118,SI,,
P7,STEP,p7_wc_step2us_proxy[180],44.5686533754,SI,,
P7,STEP,p7_wc_step2us_proxy[181],44.5343118471,SI,,
P7,STEP,p7_wc_step2us_proxy[182],44.5105553788,SI,,
P7,STEP,p7_wc_step2us_proxy[183],44.5617857509,SI,,
P7,STEP,p7_wc_step2us_proxy[184],44.5594320492,SI,,
P7,STEP,p7_wc_step2us_proxy[185],44.5195077355,SI,,
P7,STEP,p7_wc_step2us_proxy[186],44.5254048067,SI,,
P7,STEP,p7_wc_step2us_proxy[187],44.5701586777,SI,,
P7,STEP,p7_wc_step2us_proxy[188],44.5458995576,SI,,
P7,STEP,p7_wc_step2us_proxy[189],44.5096382532,SI,,
P7,STEP,p7_wc_step2us_proxy[190],44.5474943147,SI,,
P7,STEP,p7_wc_step2us_proxy[191],44.567289121,SI,,
P7,STEP,p7_wc_step2us_proxy[192],44.5309365686,SI,,
P7,STEP,p7_wc_step2us_proxy[193],44.5126239114,SI,,
P7,STEP,p7_wc_step2us_proxy[194],44.5646421635,SI,,
P7,STEP,p7_wc_step2us_proxy[195],44.5566769183,SI,,
P7,STEP,p7_wc_step2us_proxy[196],44.5167500781,SI,,
P7,STEP,p7_wc_step2us_proxy[197],44.5299517315,SI,,
P7,STEP,p7_wc_step2us_proxy[198],44.5704947298,SI,,
P7,STEP,p7_wc_step2us_proxy[199],44.542594473,SI,,
P7,STEP,p7_wc_step2us_proxy[200],44.5090809962,SI,,
